ISO-10303-21;
HEADER;
FILE_DESCRIPTION (( 'STEP AP203' ),
    '1' );
FILE_NAME ('FrontAntiTipLink_V11_124mm_17_4PH.STEP',
    '2026-08-29T08:54:03',
    ( '' ),
    ( '' ),
    'SwSTEP 2.0',
    'SolidWorks 2025',
    '' );
FILE_SCHEMA (( 'CONFIG_CONTROL_DESIGN' ));
ENDSEC;

DATA;
#1 = AXIS2_PLACEMENT_3D ( 'NONE', #399, #1274, #2192 ) ;
#2 = FACE_OUTER_BOUND ( 'NONE', #2256, .T. ) ;
#3 = EDGE_LOOP ( 'NONE', ( #205, #306, #1380, #989 ) ) ;
#4 = DIRECTION ( 'NONE',  ( 1.000000000000000000, 0.000000000000000000, -0.000000000000000000 ) ) ;
#5 = ADVANCED_FACE ( 'NONE', ( #1362 ), #824, .F. ) ;
#6 = VERTEX_POINT ( 'NONE', #1179 ) ;
#7 = FACE_OUTER_BOUND ( 'NONE', #693, .T. ) ;
#8 = CARTESIAN_POINT ( 'NONE',  ( -4.400000000000000355, 12.08026164392069468, -3.212052087749885487 ) ) ;
#9 = ORIENTED_EDGE ( 'NONE', *, *, #185, .F. ) ;
#10 = LINE ( 'NONE', #1064, #1111 ) ;
#11 = CIRCLE ( 'NONE', #1215, 4.099999999999999645 ) ;
#12 = DIRECTION ( 'NONE',  ( 0.000000000000000000, 0.000000000000000000, 1.000000000000000000 ) ) ;
#13 = PLANE ( 'NONE',  #2211 ) ;
#14 = ORIENTED_EDGE ( 'NONE', *, *, #1280, .T. ) ;
#15 = CARTESIAN_POINT ( 'NONE',  ( -4.000000000000000000, 22.00000000000000000, -14.00000000000000000 ) ) ;
#16 = ORIENTED_EDGE ( 'NONE', *, *, #955, .T. ) ;
#17 = EDGE_CURVE ( 'NONE', #1910, #772, #494, .T. ) ;
#18 = CARTESIAN_POINT ( 'NONE',  ( -4.400000000000000355, 11.78883304765482798, -4.156129855348763336 ) ) ;
#19 = CARTESIAN_POINT ( 'NONE',  ( -4.400000000000000355, 10.65800205442613091, -6.531232058949398400 ) ) ;
#20 = ORIENTED_EDGE ( 'NONE', *, *, #43, .F. ) ;
#21 = DIRECTION ( 'NONE',  ( 1.000000000000000000, 0.000000000000000000, 0.000000000000000000 ) ) ;
#22 = CARTESIAN_POINT ( 'NONE',  ( -4.000000000000000000, 15.25417730277455419, -6.536373482900079246 ) ) ;
#23 = CARTESIAN_POINT ( 'NONE',  ( 0.000000000000000000, 7.221300546475835525, -4.295369195254004069 ) ) ;
#24 = ORIENTED_EDGE ( 'NONE', *, *, #547, .T. ) ;
#25 = DIRECTION ( 'NONE',  ( 1.000000000000000000, 0.000000000000000000, 0.000000000000000000 ) ) ;
#26 = EDGE_LOOP ( 'NONE', ( #1851, #569, #389, #1369 ) ) ;
#27 = CIRCLE ( 'NONE', #1310, 4.099999999999999645 ) ;
#28 = CARTESIAN_POINT ( 'NONE',  ( 4.000000000000000000, 65.50000000000000000, 12.30000000000000249 ) ) ;
#29 = CARTESIAN_POINT ( 'NONE',  ( -4.400000000000000355, 22.56346466276765383, 5.038855268018256339 ) ) ;
#30 = VERTEX_POINT ( 'NONE', #512 ) ;
#31 = EDGE_CURVE ( 'NONE', #1910, #1731, #1212, .T. ) ;
#32 = CARTESIAN_POINT ( 'NONE',  ( -4.000000000000000000, 14.88862660561637341, -7.330955005384629963 ) ) ;
#33 = DIRECTION ( 'NONE',  ( 0.000000000000000000, 0.000000000000000000, 1.000000000000000000 ) ) ;
#34 = CARTESIAN_POINT ( 'NONE',  ( -4.000000000000000000, 54.25000000000000000, -10.00000000000000000 ) ) ;
#35 = ORIENTED_EDGE ( 'NONE', *, *, #418, .T. ) ;
#36 = CARTESIAN_POINT ( 'NONE',  ( -4.000000000000000000, 7.537994850521974932, -3.711605008560769026 ) ) ;
#37 = ORIENTED_EDGE ( 'NONE', *, *, #2165, .T. ) ;
#38 = LINE ( 'NONE', #1646, #356 ) ;
#39 = DIRECTION ( 'NONE',  ( 1.000000000000000000, 0.000000000000000000, 0.000000000000000000 ) ) ;
#40 = ORIENTED_EDGE ( 'NONE', *, *, #941, .T. ) ;
#41 = FACE_BOUND ( 'NONE', #820, .T. ) ;
#43 = EDGE_CURVE ( 'NONE', #2107, #2253, #1270, .T. ) ;
#42 = CARTESIAN_POINT ( 'NONE',  ( -4.000000000000000000, 12.23271010753587618, -2.571148269740501480 ) ) ;
#44 = AXIS2_PLACEMENT_3D ( 'NONE', #1414, #1554, #2069 ) ;
#45 = EDGE_CURVE ( 'NONE', #385, #752, #164, .T. ) ;
#46 = DIRECTION ( 'NONE',  ( 1.000000000000000000, 0.000000000000000000, -0.000000000000000000 ) ) ;
#47 = VECTOR ( 'NONE', #1772, 1000.000000000000000 ) ;
#48 = AXIS2_PLACEMENT_3D ( 'NONE', #1996, #451, #2191 ) ;
#49 = CARTESIAN_POINT ( 'NONE',  ( 3.000000000000000000, 118.0000000000000000, 7.000000000000000000 ) ) ;
#50 = ORIENTED_EDGE ( 'NONE', *, *, #1406, .F. ) ;
#51 = CARTESIAN_POINT ( 'NONE',  ( -4.400000000000000355, 12.35118113350237579, -1.923102859291454969 ) ) ;
#52 = EDGE_LOOP ( 'NONE', ( #984, #2041, #360, #1502 ) ) ;
#53 = DIRECTION ( 'NONE',  ( 0.000000000000000000, 0.000000000000000000, -1.000000000000000000 ) ) ;
#54 = CYLINDRICAL_SURFACE ( 'NONE', #1286, 4.099999999999999645 ) ;
#55 = EDGE_CURVE ( 'NONE', #2127, #469, #1885, .T. ) ;
#56 = ADVANCED_FACE ( 'NONE', ( #2067 ), #1711, .F. ) ;
#57 = PLANE ( 'NONE',  #1124 ) ;
#58 = ORIENTED_EDGE ( 'NONE', *, *, #491, .F. ) ;
#59 = DIRECTION ( 'NONE',  ( -1.000000000000000000, -0.000000000000000000, 0.000000000000000000 ) ) ;
#60 = PERSON_AND_ORGANIZATION_ROLE ( 'creator' ) ;
#61 = ORIENTED_EDGE ( 'NONE', *, *, #1692, .F. ) ;
#62 = FACE_OUTER_BOUND ( 'NONE', #26, .T. ) ;
#63 = CIRCLE ( 'NONE', #2195, 4.099999999999999645 ) ;
#64 = CARTESIAN_POINT ( 'NONE',  ( -4.400000000000000355, 11.14055131882347283, -5.669048977796935063 ) ) ;
#65 = AXIS2_PLACEMENT_3D ( 'NONE', #70, #1104, #1616 ) ;
#66 = DIRECTION ( 'NONE',  ( 0.000000000000000000, -1.000000000000000000, -0.000000000000000000 ) ) ;
#67 = EDGE_CURVE ( 'NONE', #6, #177, #1539, .T. ) ;
#68 = ORIENTED_EDGE ( 'NONE', *, *, #1085, .F. ) ;
#69 = CIRCLE ( 'NONE', #1907, 4.099999999999999645 ) ;
#70 = CARTESIAN_POINT ( 'NONE',  ( 0.000000000000000000, 65.50000000000000000, 12.30000000000000249 ) ) ;
#71 = PERSON_AND_ORGANIZATION_ROLE ( 'classification_officer' ) ;
#72 = ORIENTED_EDGE ( 'NONE', *, *, #1008, .F. ) ;
#73 = FACE_OUTER_BOUND ( 'NONE', #868, .T. ) ;
#74 = CYLINDRICAL_SURFACE ( 'NONE', #950, 4.099999999999999645 ) ;
#75 = ORIENTED_EDGE ( 'NONE', *, *, #1495, .F. ) ;
#76 = CIRCLE ( 'NONE', #1289, 4.099999999999999645 ) ;
#77 = CIRCLE ( 'NONE', #152, 4.099999999999999645 ) ;
#78 = VECTOR ( 'NONE', #165, 1000.000000000000000 ) ;
#79 = CIRCLE ( 'NONE', #483, 4.099999999999999645 ) ;
#80 = DIRECTION ( 'NONE',  ( 1.000000000000000000, 0.000000000000000000, 0.000000000000000000 ) ) ;
#81 = ORIENTED_EDGE ( 'NONE', *, *, #1113, .F. ) ;
#82 = ADVANCED_FACE ( 'NONE', ( #124 ), #1745, .F. ) ;
#83 = DIRECTION ( 'NONE',  ( -1.000000000000000000, -0.000000000000000000, -0.000000000000000000 ) ) ;
#84 = CALENDAR_DATE ( 2026, 29, 8 ) ;
#85 = ORIENTED_EDGE ( 'NONE', *, *, #1497, .F. ) ;
#86 = CYLINDRICAL_SURFACE ( 'NONE', #48, 3.199999999999999734 ) ;
#87 = ADVANCED_FACE ( 'NONE', ( #640 ), #1701, .F. ) ;
#88 = DIRECTION ( 'NONE',  ( 1.000000000000000000, 0.000000000000000000, 0.000000000000000000 ) ) ;
#89 = CYLINDRICAL_SURFACE ( 'NONE', #2171, 4.099999999999999645 ) ;
#90 = VERTEX_POINT ( 'NONE', #684 ) ;
#91 = CARTESIAN_POINT ( 'NONE',  ( 4.000000000000000888, 11.28607013731487463, -5.373511036148465259 ) ) ;
#92 = ORIENTED_EDGE ( 'NONE', *, *, #2193, .F. ) ;
#93 = DIRECTION ( 'NONE',  ( -1.000000000000000000, -0.000000000000000000, -0.000000000000000000 ) ) ;
#94 = ORIENTED_EDGE ( 'NONE', *, *, #1082, .T. ) ;
#95 = FACE_BOUND ( 'NONE', #457, .T. ) ;
#96 = LINE ( 'NONE', #121, #777 ) ;
#97 = DIRECTION ( 'NONE',  ( 0.000000000000000000, 0.000000000000000000, -1.000000000000000000 ) ) ;
#98 = ADVANCED_FACE ( 'NONE', ( #1016 ), #1192, .F. ) ;
#99 = VECTOR ( 'NONE', #1393, 1000.000000000000000 ) ;
#100 = VERTEX_POINT ( 'NONE', #1339 ) ;
#101 = CIRCLE ( 'NONE', #1053, 4.099999999999999645 ) ;
#102 = EDGE_CURVE ( 'NONE', #683, #1332, #1874, .T. ) ;
#103 = DIRECTION ( 'NONE',  ( 1.000000000000000000, 0.000000000000000000, 0.000000000000000000 ) ) ;
#104 = VERTEX_POINT ( 'NONE', #1375 ) ;
#105 = DIRECTION ( 'NONE',  ( 0.000000000000000000, 0.000000000000000000, 1.000000000000000000 ) ) ;
#106 = ORIENTED_EDGE ( 'NONE', *, *, #112, .T. ) ;
#107 = CARTESIAN_POINT ( 'NONE',  ( 0.000000000000000000, 15.98075519686571333, -4.475440406294244333 ) ) ;
#108 = CARTESIAN_POINT ( 'NONE',  ( 4.000000000000000888, 22.56346466276765383, 5.038855268018256339 ) ) ;
#109 = DIRECTION ( 'NONE',  ( 0.000000000000000000, 0.000000000000000000, 1.000000000000000000 ) ) ;
#110 = VERTEX_POINT ( 'NONE', #2077 ) ;
#111 = VERTEX_POINT ( 'NONE', #2042 ) ;
#112 = EDGE_CURVE ( 'NONE', #1395, #826, #500, .T. ) ;
#113 = EDGE_CURVE ( 'NONE', #1669, #620, #1170, .T. ) ;
#114 = DIRECTION ( 'NONE',  ( -1.000000000000000000, -0.000000000000000000, -0.000000000000000000 ) ) ;
#115 = ORIENTED_EDGE ( 'NONE', *, *, #691, .T. ) ;
#116 = AXIS2_PLACEMENT_3D ( 'NONE', #1251, #2006, #2017 ) ;
#117 = AXIS2_PLACEMENT_3D ( 'NONE', #313, #841, #202 ) ;
#118 = CARTESIAN_POINT ( 'NONE',  ( 4.000000000000000888, 11.67521935948580492, -4.465339058558464025 ) ) ;
#119 = ORIENTED_EDGE ( 'NONE', *, *, #1591, .T. ) ;
#120 = AXIS2_PLACEMENT_3D ( 'NONE', #408, #1110, #2015 ) ;
#121 = CARTESIAN_POINT ( 'NONE',  ( -4.000000000000000000, 96.49251865683187646, 12.30000000000000249 ) ) ;
#122 = DIRECTION ( 'NONE',  ( -1.000000000000000000, -0.000000000000000000, -0.000000000000000000 ) ) ;
#123 = ORIENTED_EDGE ( 'NONE', *, *, #169, .F. ) ;
#124 = FACE_OUTER_BOUND ( 'NONE', #890, .T. ) ;
#125 = ADVANCED_FACE ( 'NONE', ( #2089 ), #995, .F. ) ;
#126 = DIRECTION ( 'NONE',  ( 1.000000000000000000, 0.000000000000000000, 0.000000000000000000 ) ) ;
#127 = ADVANCED_FACE ( 'NONE', ( #744 ), #351, .T. ) ;
#128 = ORIENTED_EDGE ( 'NONE', *, *, #1365, .F. ) ;
#129 = DIRECTION ( 'NONE',  ( 0.000000000000000000, 0.000000000000000000, -1.000000000000000000 ) ) ;
#130 = ORIENTED_EDGE ( 'NONE', *, *, #2078, .F. ) ;
#131 = CARTESIAN_POINT ( 'NONE',  ( -4.000000000000000000, 7.960317501195900647, -2.689000443700868992 ) ) ;
#132 = CARTESIAN_POINT ( 'NONE',  ( 4.000000000000000888, 22.56346466276765383, 8.238855268018257405 ) ) ;
#133 = EDGE_LOOP ( 'NONE', ( #130, #1115, #238, #1256 ) ) ;
#134 = CARTESIAN_POINT ( 'NONE',  ( -4.400000000000000355, 11.67521935948580492, -4.465339058558464025 ) ) ;
#135 = CIRCLE ( 'NONE', #464, 4.099999999999999645 ) ;
#136 = DIRECTION ( 'NONE',  ( 1.000000000000000000, 0.000000000000000000, 0.000000000000000000 ) ) ;
#137 = ORIENTED_EDGE ( 'NONE', *, *, #705, .T. ) ;
#138 = EDGE_CURVE ( 'NONE', #382, #1246, #896, .T. ) ;
#139 = DIRECTION ( 'NONE',  ( 0.000000000000000000, 0.000000000000000000, -1.000000000000000000 ) ) ;
#140 = EDGE_LOOP ( 'NONE', ( #901, #1338, #759, #1415 ) ) ;
#141 = CARTESIAN_POINT ( 'NONE',  ( 3.799999999999999822, 118.0000000000000000, -8.000000000000000000 ) ) ;
#142 = CARTESIAN_POINT ( 'NONE',  ( 0.000000000000000000, 116.0000000000000000, 7.000000000000000000 ) ) ;
#143 = ORIENTED_EDGE ( 'NONE', *, *, #1334, .T. ) ;
#144 = CARTESIAN_POINT ( 'NONE',  ( -3.799999999999999822, 122.0000000000000000, -8.000000000000000000 ) ) ;
#145 = VECTOR ( 'NONE', #1834, 1000.000000000000000 ) ;
#146 = CARTESIAN_POINT ( 'NONE',  ( 4.000000000000000888, 7.633183266360083152, -3.511679274681790641 ) ) ;
#147 = VERTEX_POINT ( 'NONE', #178 ) ;
#148 = CARTESIAN_POINT ( 'NONE',  ( -4.000000000000000000, 30.25000000000000355, 10.00000000000000000 ) ) ;
#149 = ORIENTED_EDGE ( 'NONE', *, *, #491, .T. ) ;
#150 = CIRCLE ( 'NONE', #231, 4.099999999999999645 ) ;
#151 = ADVANCED_FACE ( 'NONE', ( #525 ), #882, .F. ) ;
#152 = AXIS2_PLACEMENT_3D ( 'NONE', #658, #1003, #637 ) ;
#153 = AXIS2_PLACEMENT_3D ( 'NONE', #220, #1665, #46 ) ;
#154 = DIRECTION ( 'NONE',  ( 0.000000000000000000, 0.000000000000000000, -1.000000000000000000 ) ) ;
#155 = CIRCLE ( 'NONE', #631, 4.099999999999999645 ) ;
#156 = DIRECTION ( 'NONE',  ( 0.000000000000000000, 0.000000000000000000, 1.000000000000000000 ) ) ;
#157 = ADVANCED_FACE ( 'NONE', ( #398, #41, #1608, #374, #2112 ), #1262, .T. ) ;
#158 = CARTESIAN_POINT ( 'NONE',  ( -4.400000000000000355, 22.64937619993136764, -4.637430080764832319 ) ) ;
#159 = DIRECTION ( 'NONE',  ( 1.000000000000000000, 0.000000000000000000, -0.000000000000000000 ) ) ;
#160 = VERTEX_POINT ( 'NONE', #1784 ) ;
#161 = CARTESIAN_POINT ( 'NONE',  ( 4.000000000000000888, 10.82640818838596886, -6.248110573481328700 ) ) ;
#162 = ORIENTED_EDGE ( 'NONE', *, *, #941, .F. ) ;
#163 = FACE_OUTER_BOUND ( 'NONE', #1914, .T. ) ;
#164 = CIRCLE ( 'NONE', #1340, 4.099999999999999645 ) ;
#165 = DIRECTION ( 'NONE',  ( -1.000000000000000000, -0.000000000000000000, -0.000000000000000000 ) ) ;
#166 = ORIENTED_EDGE ( 'NONE', *, *, #1713, .F. ) ;
#167 = VERTEX_POINT ( 'NONE', #907 ) ;
#169 = EDGE_CURVE ( 'NONE', #1661, #90, #79, .T. ) ;
#168 = CARTESIAN_POINT ( 'NONE',  ( 4.000000000000000000, 98.00000000000000000, 10.00000000000000000 ) ) ;
#170 = EDGE_CURVE ( 'NONE', #843, #1783, #10, .T. ) ;
#171 = LINE ( 'NONE', #2104, #2136 ) ;
#172 = ORIENTED_EDGE ( 'NONE', *, *, #790, .T. ) ;
#173 = LINE ( 'NONE', #1240, #354 ) ;
#174 = ORIENTED_EDGE ( 'NONE', *, *, #1778, .T. ) ;
#175 = CYLINDRICAL_SURFACE ( 'NONE', #798, 4.099999999999999645 ) ;
#176 = CARTESIAN_POINT ( 'NONE',  ( 4.000000000000000888, 7.807593525644010768, -3.104651581802849503 ) ) ;
#177 = VERTEX_POINT ( 'NONE', #32 ) ;
#178 = CARTESIAN_POINT ( 'NONE',  ( -4.000000000000000000, 108.5000000000000000, 10.00000000000000000 ) ) ;
#179 = MANIFOLD_SOLID_BREP ( '124 mm 17-4PH front anti-tip link with swept hardened-stop guide slot', #1821 ) ;
#180 = CARTESIAN_POINT ( 'NONE',  ( 0.000000000000000000, 16.09313993428852640, -4.052770724806615377 ) ) ;
#181 = AXIS2_PLACEMENT_3D ( 'NONE', #384, #1597, #1431 ) ;
#182 = AXIS2_PLACEMENT_3D ( 'NONE', #1484, #2005, #1978 ) ;
#183 = CARTESIAN_POINT ( 'NONE',  ( -3.000000000000000000, 118.0000000000000000, -7.000000000000000000 ) ) ;
#184 = ORIENTED_EDGE ( 'NONE', *, *, #1182, .F. ) ;
#185 = EDGE_CURVE ( 'NONE', #433, #1933, #815, .T. ) ;
#186 = CARTESIAN_POINT ( 'NONE',  ( -4.000000000000000000, 54.25000000000000000, 10.00000000000000000 ) ) ;
#187 = ORIENTED_EDGE ( 'NONE', *, *, #932, .F. ) ;
#188 = PLANE ( 'NONE',  #1476 ) ;
#189 = CARTESIAN_POINT ( 'NONE',  ( 3.799999999999999822, 126.0000000000000000, -8.000000000000000000 ) ) ;
#190 = CIRCLE ( 'NONE', #556, 4.100000000000000533 ) ;
#191 = VERTEX_POINT ( 'NONE', #1756 ) ;
#192 = CIRCLE ( 'NONE', #2137, 4.099999999999999645 ) ;
#193 = LINE ( 'NONE', #1939, #1774 ) ;
#194 = VECTOR ( 'NONE', #2066, 1000.000000000000000 ) ;
#195 = VECTOR ( 'NONE', #1928, 1000.000000000000000 ) ;
#196 = CARTESIAN_POINT ( 'NONE',  ( 0.000000000000000000, 7.723070300781667008, -3.309314617145575621 ) ) ;
#197 = DIRECTION ( 'NONE',  ( 1.000000000000000000, 0.000000000000000000, 0.000000000000000000 ) ) ;
#198 = ORIENTED_EDGE ( 'NONE', *, *, #1051, .F. ) ;
#199 = DIRECTION ( 'NONE',  ( 0.000000000000000000, 0.000000000000000000, -1.000000000000000000 ) ) ;
#200 = EDGE_CURVE ( 'NONE', #1318, #485, #1273, .T. ) ;
#201 = EDGE_LOOP ( 'NONE', ( #1557, #738, #1022, #1411 ) ) ;
#202 = DIRECTION ( 'NONE',  ( 0.000000000000000000, 0.000000000000000000, -1.000000000000000000 ) ) ;
#203 = CARTESIAN_POINT ( 'NONE',  ( 4.000000000000000000, 100.7500000000000000, 10.00000000000000000 ) ) ;
#204 = LINE ( 'NONE', #905, #1148 ) ;
#205 = ORIENTED_EDGE ( 'NONE', *, *, #1605, .T. ) ;
#206 = DIRECTION ( 'NONE',  ( 0.000000000000000000, 0.000000000000000000, -1.000000000000000000 ) ) ;
#207 = DIRECTION ( 'NONE',  ( -0.000000000000000000, 1.000000000000000000, 0.000000000000000000 ) ) ;
#208 = DIRECTION ( 'NONE',  ( 1.000000000000000000, 0.000000000000000000, 0.000000000000000000 ) ) ;
#209 = EDGE_LOOP ( 'NONE', ( #1095, #429, #1884, #1922 ) ) ;
#210 = DIRECTION ( 'NONE',  ( 0.000000000000000000, 0.000000000000000000, -1.000000000000000000 ) ) ;
#211 = AXIS2_PLACEMENT_3D ( 'NONE', #2033, #1838, #1680 ) ;
#212 = ORIENTED_EDGE ( 'NONE', *, *, #1268, .F. ) ;
#213 = EDGE_CURVE ( 'NONE', #382, #100, #193, .T. ) ;
#214 = DIRECTION ( 'NONE',  ( 1.000000000000000000, 0.000000000000000000, 0.000000000000000000 ) ) ;
#215 = CARTESIAN_POINT ( 'NONE',  ( -4.000000000000000000, 8.199071197377019615, -1.836466609119757010 ) ) ;
#216 = ORIENTED_EDGE ( 'NONE', *, *, #1250, .F. ) ;
#217 = DIRECTION ( 'NONE',  ( -1.000000000000000000, 0.000000000000000000, -0.000000000000000000 ) ) ;
#218 = ADVANCED_FACE ( 'NONE', ( #1412 ), #386, .F. ) ;
#219 = LINE ( 'NONE', #180, #1023 ) ;
#220 = CARTESIAN_POINT ( 'NONE',  ( 0.000000000000000000, 54.25000000000000000, 10.00000000000000000 ) ) ;
#221 = VECTOR ( 'NONE', #1260, 1000.000000000000000 ) ;
#222 = LINE ( 'NONE', #913, #2159 ) ;
#223 = ORIENTED_EDGE ( 'NONE', *, *, #1176, .T. ) ;
#224 = CARTESIAN_POINT ( 'NONE',  ( 3.000000000000000000, 116.0000000000000000, 7.000000000000000000 ) ) ;
#225 = PERSON_AND_ORGANIZATION ( #805, #949 ) ;
#226 = ADVANCED_FACE ( 'NONE', ( #731 ), #1434, .T. ) ;
#227 = ORIENTED_EDGE ( 'NONE', *, *, #2125, .T. ) ;
#228 = DIRECTION ( 'NONE',  ( 0.000000000000000000, 0.000000000000000000, -1.000000000000000000 ) ) ;
#229 = DIRECTION ( 'NONE',  ( 0.000000000000000000, 0.000000000000000000, -1.000000000000000000 ) ) ;
#230 = EDGE_CURVE ( 'NONE', #864, #295, #2134, .T. ) ;
#231 = AXIS2_PLACEMENT_3D ( 'NONE', #1426, #603, #366 ) ;
#232 = CIRCLE ( 'NONE', #1404, 7.500000000000000000 ) ;
#233 = AXIS2_PLACEMENT_3D ( 'NONE', #1815, #246, #764 ) ;
#234 = CARTESIAN_POINT ( 'NONE',  ( 4.000000000000000888, 12.08026164392069468, -3.212052087749885487 ) ) ;
#235 = VERTEX_POINT ( 'NONE', #1574 ) ;
#236 = DIRECTION ( 'NONE',  ( 0.000000000000000000, 0.000000000000000000, -1.000000000000000000 ) ) ;
#237 = APPROVAL_ROLE ( '' ) ;
#238 = ORIENTED_EDGE ( 'NONE', *, *, #1900, .T. ) ;
#239 = CARTESIAN_POINT ( 'NONE',  ( 4.000000000000000888, 12.39756856160090237, -1.596963919568903600 ) ) ;
#240 = LINE ( 'NONE', #940, #1433 ) ;
#241 = VECTOR ( 'NONE', #674, 1000.000000000000000 ) ;
#242 = CARTESIAN_POINT ( 'NONE',  ( -4.000000000000000000, 10.82640818838596886, -6.248110573481328700 ) ) ;
#243 = VERTEX_POINT ( 'NONE', #559 ) ;
#244 = CARTESIAN_POINT ( 'NONE',  ( -4.000000000000000000, 12.16070878990061388, -2.892604661413983536 ) ) ;
#245 = ORIENTED_EDGE ( 'NONE', *, *, #1451, .F. ) ;
#246 = DIRECTION ( 'NONE',  ( -1.000000000000000000, -0.000000000000000000, -0.000000000000000000 ) ) ;
#247 = CIRCLE ( 'NONE', #2119, 3.200000000000000178 ) ;
#248 = CARTESIAN_POINT ( 'NONE',  ( -4.000000000000000000, 0.000000000000000000, -12.00000000000000000 ) ) ;
#249 = ORIENTED_EDGE ( 'NONE', *, *, #213, .T. ) ;
#250 = CC_DESIGN_PERSON_AND_ORGANIZATION_ASSIGNMENT ( #225, #1313, ( #1566 ) ) ;
#251 = CARTESIAN_POINT ( 'NONE',  ( 0.000000000000000000, 0.000000000000000000, -14.00000000000000000 ) ) ;
#252 = EDGE_CURVE ( 'NONE', #1612, #382, #2275, .T. ) ;
#253 = ORIENTED_EDGE ( 'NONE', *, *, #1521, .T. ) ;
#254 = CYLINDRICAL_SURFACE ( 'NONE', #1092, 7.500000000000000000 ) ;
#255 = ORIENTED_EDGE ( 'NONE', *, *, #1594, .T. ) ;
#256 = LINE ( 'NONE', #1154, #2065 ) ;
#257 = ADVANCED_BREP_SHAPE_REPRESENTATION ( 'FrontAntiTipLink_V11_124mm_17_4PH', ( #179, #548 ), #619 ) ;
#258 = DIRECTION ( 'NONE',  ( 0.000000000000000000, 0.000000000000000000, -1.000000000000000000 ) ) ;
#259 = CARTESIAN_POINT ( 'NONE',  ( 4.000000000000000888, 11.55349702400846823, -4.771447004445025897 ) ) ;
#260 = ORIENTED_EDGE ( 'NONE', *, *, #785, .F. ) ;
#261 = VECTOR ( 'NONE', #2020, 1000.000000000000000 ) ;
#262 = AXIS2_PLACEMENT_3D ( 'NONE', #142, #1687, #1026 ) ;
#263 = AXIS2_PLACEMENT_3D ( 'NONE', #1077, #570, #1977 ) ;
#264 = CARTESIAN_POINT ( 'NONE',  ( -4.000000000000000000, 16.09313993428852640, -4.052770724806615377 ) ) ;
#265 = VERTEX_POINT ( 'NONE', #1399 ) ;
#266 = EDGE_CURVE ( 'NONE', #1547, #642, #930, .T. ) ;
#267 = CYLINDRICAL_SURFACE ( 'NONE', #467, 4.099999999999999645 ) ;
#268 = ORIENTED_EDGE ( 'NONE', *, *, #1437, .F. ) ;
#269 = CARTESIAN_POINT ( 'NONE',  ( -4.000000000000000000, 100.7500000000000000, 10.00000000000000000 ) ) ;
#270 = EDGE_CURVE ( 'NONE', #2225, #1981, #611, .T. ) ;
#271 = DIRECTION ( 'NONE',  ( 1.000000000000000000, 0.000000000000000000, 0.000000000000000000 ) ) ;
#272 = PLANE ( 'NONE',  #153 ) ;
#273 = ORIENTED_EDGE ( 'NONE', *, *, #1464, .T. ) ;
#274 = AXIS2_PLACEMENT_3D ( 'NONE', #1893, #859, #2229 ) ;
#275 = CARTESIAN_POINT ( 'NONE',  ( -4.000000000000000000, 22.64937619993136764, -1.437430080764831919 ) ) ;
#276 = ORIENTED_EDGE ( 'NONE', *, *, #1843, .F. ) ;
#277 = CARTESIAN_POINT ( 'NONE',  ( 0.000000000000000000, 54.25000000000000000, 10.00000000000000000 ) ) ;
#278 = ORIENTED_EDGE ( 'NONE', *, *, #449, .F. ) ;
#279 = EDGE_CURVE ( 'NONE', #752, #1935, #1847, .T. ) ;
#280 = DIRECTION ( 'NONE',  ( -1.000000000000000000, -0.000000000000000000, -0.000000000000000000 ) ) ;
#281 = CARTESIAN_POINT ( 'NONE',  ( 0.000000000000000000, 15.42112285785026238, -6.132134481200640863 ) ) ;
#282 = CIRCLE ( 'NONE', #1610, 4.100000000000000533 ) ;
#283 = ORIENTED_EDGE ( 'NONE', *, *, #932, .T. ) ;
#284 = ADVANCED_FACE ( 'NONE', ( #939 ), #624, .F. ) ;
#285 = ORIENTED_EDGE ( 'NONE', *, *, #646, .T. ) ;
#286 = VECTOR ( 'NONE', #795, 1000.000000000000000 ) ;
#287 = FACE_OUTER_BOUND ( 'NONE', #678, .T. ) ;
#288 = ORIENTED_EDGE ( 'NONE', *, *, #983, .F. ) ;
#289 = DIRECTION ( 'NONE',  ( 0.000000000000000000, 0.000000000000000000, 1.000000000000000000 ) ) ;
#290 = EDGE_LOOP ( 'NONE', ( #1861, #943, #1083, #285 ) ) ;
#291 = AXIS2_PLACEMENT_3D ( 'NONE', #700, #1235, #1249 ) ;
#293 = CARTESIAN_POINT ( 'NONE',  ( -4.400000000000000355, 11.42375057954775386, -5.074241095600630302 ) ) ;
#292 = APPROVAL ( #2012, '未' ) ;
#294 = CARTESIAN_POINT ( 'NONE',  ( 4.000000000000000000, 0.000000000000000000, -14.00000000000000000 ) ) ;
#295 = VERTEX_POINT ( 'NONE', #581 ) ;
#296 = CARTESIAN_POINT ( 'NONE',  ( 0.000000000000000000, 8.284437758432121157, -1.401951901005656254 ) ) ;
#297 = EDGE_CURVE ( 'NONE', #867, #557, #256, .T. ) ;
#298 = CARTESIAN_POINT ( 'NONE',  ( 0.000000000000000000, 8.090930988623492581, -2.265880368289832969 ) ) ;
#299 = VECTOR ( 'NONE', #1144, 1000.000000000000000 ) ;
#300 = EDGE_LOOP ( 'NONE', ( #1080, #345 ) ) ;
#301 = VECTOR ( 'NONE', #1007, 1000.000000000000000 ) ;
#302 = CARTESIAN_POINT ( 'NONE',  ( 4.000000000000000888, 22.64937619993136764, -4.637430080764832319 ) ) ;
#303 = VERTEX_POINT ( 'NONE', #1459 ) ;
#304 = CARTESIAN_POINT ( 'NONE',  ( -3.799999999999999822, 126.0000000000000000, -8.000000000000000000 ) ) ;
#305 = CARTESIAN_POINT ( 'NONE',  ( -4.000000000000000000, 22.00000000000000000, -12.10926456440823706 ) ) ;
#306 = ORIENTED_EDGE ( 'NONE', *, *, #1225, .T. ) ;
#307 = CARTESIAN_POINT ( 'NONE',  ( -4.000000000000000000, 65.50000000000000000, 12.30000000000000249 ) ) ;
#308 = DIRECTION ( 'NONE',  ( 0.000000000000000000, -0.000000000000000000, 1.000000000000000000 ) ) ;
#309 = VERTEX_POINT ( 'NONE', #1141 ) ;
#310 = ADVANCED_FACE ( 'NONE', ( #1503 ), #438, .F. ) ;
#311 = DIRECTION ( 'NONE',  ( 1.000000000000000000, 0.000000000000000000, 0.000000000000000000 ) ) ;
#312 = ORIENTED_EDGE ( 'NONE', *, *, #629, .T. ) ;
#313 = CARTESIAN_POINT ( 'NONE',  ( -4.400000000000000355, 11.67521935948580492, -4.465339058558464025 ) ) ;
#314 = DIRECTION ( 'NONE',  ( -1.000000000000000000, -0.000000000000000000, -0.000000000000000000 ) ) ;
#315 = ORIENTED_EDGE ( 'NONE', *, *, #1871, .F. ) ;
#316 = DIRECTION ( 'NONE',  ( 1.000000000000000000, 0.000000000000000000, 0.000000000000000000 ) ) ;
#317 = AXIS2_PLACEMENT_3D ( 'NONE', #390, #1960, #756 ) ;
#318 = DIRECTION ( 'NONE',  ( -1.000000000000000000, 0.000000000000000000, 0.000000000000000000 ) ) ;
#319 = CC_DESIGN_PERSON_AND_ORGANIZATION_ASSIGNMENT ( #1478, #1105, ( #1801 ) ) ;
#320 = VERTEX_POINT ( 'NONE', #957 ) ;
#321 = FACE_BOUND ( 'NONE', #528, .T. ) ;
#322 = EDGE_CURVE ( 'NONE', #2274, #2176, #668, .T. ) ;
#323 = ORIENTED_EDGE ( 'NONE', *, *, #2252, .F. ) ;
#324 = DIRECTION ( 'NONE',  ( -1.000000000000000000, 0.000000000000000000, 0.000000000000000000 ) ) ;
#325 = CARTESIAN_POINT ( 'NONE',  ( -4.000000000000000000, 34.50748134316813065, 12.30000000000000249 ) ) ;
#326 = ORIENTED_EDGE ( 'NONE', *, *, #1953, .T. ) ;
#327 = DIRECTION ( 'NONE',  ( 1.000000000000000000, 0.000000000000000000, 0.000000000000000000 ) ) ;
#328 = VECTOR ( 'NONE', #376, 1000.000000000000000 ) ;
#329 = DIRECTION ( 'NONE',  ( -1.000000000000000000, -0.000000000000000000, -0.000000000000000000 ) ) ;
#330 = ORIENTED_EDGE ( 'NONE', *, *, #1133, .F. ) ;
#331 = DIRECTION ( 'NONE',  ( 1.000000000000000000, 0.000000000000000000, 0.000000000000000000 ) ) ;
#332 = ORIENTED_EDGE ( 'NONE', *, *, #1008, .T. ) ;
#333 = CIRCLE ( 'NONE', #1734, 4.099999999999999645 ) ;
#334 = EDGE_CURVE ( 'NONE', #1631, #823, #1957, .T. ) ;
#335 = DIRECTION ( 'NONE',  ( 1.000000000000000000, 0.000000000000000000, 0.000000000000000000 ) ) ;
#336 = AXIS2_PLACEMENT_3D ( 'NONE', #2181, #1470, #929 ) ;
#337 = CARTESIAN_POINT ( 'NONE',  ( 4.000000000000000000, 54.25000000000000000, 10.00000000000000000 ) ) ;
#338 = ORIENTED_EDGE ( 'NONE', *, *, #461, .F. ) ;
#339 = CARTESIAN_POINT ( 'NONE',  ( -4.000000000000000000, 30.25000000000000355, 10.00000000000000000 ) ) ;
#340 = ADVANCED_FACE ( 'NONE', ( #62 ), #591, .T. ) ;
#341 = DIRECTION ( 'NONE',  ( 0.000000000000000000, 0.000000000000000000, 1.000000000000000000 ) ) ;
#342 = DIRECTION ( 'NONE',  ( -1.000000000000000000, -0.000000000000000000, -0.000000000000000000 ) ) ;
#343 = VERTEX_POINT ( 'NONE', #1674 ) ;
#344 = FACE_OUTER_BOUND ( 'NONE', #140, .T. ) ;
#345 = ORIENTED_EDGE ( 'NONE', *, *, #1165, .F. ) ;
#346 = CARTESIAN_POINT ( 'NONE',  ( 4.000000000000000000, 96.49251865683187646, 12.30000000000000249 ) ) ;
#347 = VECTOR ( 'NONE', #1905, 1000.000000000000000 ) ;
#348 = DIRECTION ( 'NONE',  ( 0.000000000000000000, 0.000000000000000000, -1.000000000000000000 ) ) ;
#349 = ADVANCED_FACE ( 'NONE', ( #95, #1492 ), #1848, .T. ) ;
#350 = EDGE_LOOP ( 'NONE', ( #1314, #447 ) ) ;
#351 = PLANE ( 'NONE',  #263 ) ;
#352 = CYLINDRICAL_SURFACE ( 'NONE', #1762, 4.099999999999999645 ) ;
#353 = DIRECTION ( 'NONE',  ( 0.000000000000000000, -1.000000000000000000, -0.000000000000000000 ) ) ;
#354 = VECTOR ( 'NONE', #1071, 1000.000000000000000 ) ;
#355 = ORIENTED_EDGE ( 'NONE', *, *, #818, .T. ) ;
#356 = VECTOR ( 'NONE', #1983, 1000.000000000000000 ) ;
#357 = CYLINDRICAL_SURFACE ( 'NONE', #2080, 4.099999999999999645 ) ;
#358 = ORIENTED_EDGE ( 'NONE', *, *, #1348, .T. ) ;
#359 = DIRECTION ( 'NONE',  ( 0.000000000000000000, 0.000000000000000000, 1.000000000000000000 ) ) ;
#360 = ORIENTED_EDGE ( 'NONE', *, *, #857, .T. ) ;
#361 = CARTESIAN_POINT ( 'NONE',  ( -4.000000000000000000, 12.08026164392069468, -3.212052087749885487 ) ) ;
#362 = ADVANCED_FACE ( 'NONE', ( #2158 ), #86, .F. ) ;
#363 = CARTESIAN_POINT ( 'NONE',  ( -4.000000000000000000, 22.00000000000000000, -12.10926456440823706 ) ) ;
#364 = CIRCLE ( 'NONE', #1724, 3.200000000000000622 ) ;
#365 = ADVANCED_FACE ( 'NONE', ( #1315 ), #1284, .F. ) ;
#366 = DIRECTION ( 'NONE',  ( 0.000000000000000000, 0.000000000000000000, -1.000000000000000000 ) ) ;
#367 = ORIENTED_EDGE ( 'NONE', *, *, #1789, .F. ) ;
#368 = CARTESIAN_POINT ( 'NONE',  ( 4.000000000000000888, 12.23271010753587618, -2.571148269740501480 ) ) ;
#369 = VERTEX_POINT ( 'NONE', #946 ) ;
#370 = DIRECTION ( 'NONE',  ( 0.000000000000000000, 0.000000000000000000, 1.000000000000000000 ) ) ;
#371 = CIRCLE ( 'NONE', #1363, 2.750000000000000888 ) ;
#372 = ORIENTED_EDGE ( 'NONE', *, *, #1818, .F. ) ;
#373 = AXIS2_PLACEMENT_3D ( 'NONE', #1741, #1583, #1765 ) ;
#374 = FACE_BOUND ( 'NONE', #350, .T. ) ;
#375 = AXIS2_PLACEMENT_3D ( 'NONE', #2100, #1088, #1951 ) ;
#376 = DIRECTION ( 'NONE',  ( 1.000000000000000000, 0.000000000000000000, 0.000000000000000000 ) ) ;
#377 = CARTESIAN_POINT ( 'NONE',  ( 0.000000000000000000, 16.36295896570220165, -2.769057128191393602 ) ) ;
#378 = EDGE_CURVE ( 'NONE', #807, #1803, #1811, .T. ) ;
#379 = VERTEX_POINT ( 'NONE', #1650 ) ;
#380 = DIRECTION ( 'NONE',  ( 1.000000000000000000, 0.000000000000000000, -0.000000000000000000 ) ) ;
#381 = ADVANCED_FACE ( 'NONE', ( #73 ), #773, .T. ) ;
#382 = VERTEX_POINT ( 'NONE', #2235 ) ;
#383 = DIRECTION ( 'NONE',  ( -1.000000000000000000, -0.000000000000000000, -0.000000000000000000 ) ) ;
#384 = CARTESIAN_POINT ( 'NONE',  ( 4.000000000000000888, 12.16070878990061388, -2.892604661413983536 ) ) ;
#385 = VERTEX_POINT ( 'NONE', #2073 ) ;
#386 = CYLINDRICAL_SURFACE ( 'NONE', #1367, 4.100000000000000533 ) ;
#387 = CARTESIAN_POINT ( 'NONE',  ( -4.400000000000000355, 11.89425918179023967, -3.844034146102051963 ) ) ;
#388 = CARTESIAN_POINT ( 'NONE',  ( -4.400000000000000355, 22.56346466276765383, 1.838855268018255940 ) ) ;
#389 = ORIENTED_EDGE ( 'NONE', *, *, #1644, .F. ) ;
#390 = CARTESIAN_POINT ( 'NONE',  ( -4.000000000000000000, 11.14055131882347283, -5.669048977796935063 ) ) ;
#391 = AXIS2_PLACEMENT_3D ( 'NONE', #2223, #1501, #2036 ) ;
#392 = ORIENTED_EDGE ( 'NONE', *, *, #1107, .T. ) ;
#393 = AXIS2_PLACEMENT_3D ( 'NONE', #244, #1489, #1281 ) ;
#394 = EDGE_CURVE ( 'NONE', #1933, #90, #2061, .T. ) ;
#395 = PLANE ( 'NONE',  #2083 ) ;
#396 = COORDINATED_UNIVERSAL_TIME_OFFSET ( 8, 0, .AHEAD. ) ;
#397 = VERTEX_POINT ( 'NONE', #1242 ) ;
#398 = FACE_BOUND ( 'NONE', #979, .T. ) ;
#399 = CARTESIAN_POINT ( 'NONE',  ( -4.000000000000000000, 12.39756856160090237, -1.596963919568903600 ) ) ;
#400 = CC_DESIGN_SECURITY_CLASSIFICATION ( #696, ( #1801 ) ) ;
#401 = CIRCLE ( 'NONE', #1247, 4.099999999999999645 ) ;
#402 = DIRECTION ( 'NONE',  ( 1.000000000000000000, 0.000000000000000000, -0.000000000000000000 ) ) ;
#403 = EDGE_LOOP ( 'NONE', ( #75, #283, #482, #2096 ) ) ;
#404 = DIRECTION ( 'NONE',  ( 0.000000000000000000, 0.000000000000000000, 1.000000000000000000 ) ) ;
#405 = APPROVAL_ROLE ( '' ) ;
#406 = ORIENTED_EDGE ( 'NONE', *, *, #1728, .T. ) ;
#407 = ADVANCED_FACE ( 'NONE', ( #1074 ), #1131, .F. ) ;
#408 = CARTESIAN_POINT ( 'NONE',  ( 4.000000000000000888, 11.42375057954775386, -5.074241095600630302 ) ) ;
#409 = CARTESIAN_POINT ( 'NONE',  ( -4.400000000000000355, 11.99142454156851123, -3.529268686834191815 ) ) ;
#410 = VECTOR ( 'NONE', #318, 1000.000000000000000 ) ;
#411 = CARTESIAN_POINT ( 'NONE',  ( 0.000000000000000000, 122.0000000000000000, 8.000000000000000000 ) ) ;
#412 = ORIENTED_EDGE ( 'NONE', *, *, #266, .F. ) ;
#413 = CARTESIAN_POINT ( 'NONE',  ( 0.000000000000000000, 15.85727154098818126, -4.895001814893236158 ) ) ;
#414 = ORIENTED_EDGE ( 'NONE', *, *, #322, .T. ) ;
#415 = DIRECTION ( 'NONE',  ( 0.000000000000000000, 0.000000000000000000, -1.000000000000000000 ) ) ;
#417 = EDGE_CURVE ( 'NONE', #1108, #397, #204, .T. ) ;
#416 = DIRECTION ( 'NONE',  ( 1.000000000000000000, 0.000000000000000000, 0.000000000000000000 ) ) ;
#418 = EDGE_CURVE ( 'NONE', #191, #654, #2174, .T. ) ;
#419 = AXIS2_PLACEMENT_3D ( 'NONE', #1386, #316, #2254 ) ;
#420 = DIRECTION ( 'NONE',  ( 1.000000000000000000, 0.000000000000000000, 0.000000000000000000 ) ) ;
#421 = ORIENTED_EDGE ( 'NONE', *, *, #270, .F. ) ;
#422 = DIRECTION ( 'NONE',  ( 1.000000000000000000, 0.000000000000000000, 0.000000000000000000 ) ) ;
#423 = APPROVAL_ROLE ( '' ) ;
#424 = ORIENTED_EDGE ( 'NONE', *, *, #1871, .T. ) ;
#425 = CARTESIAN_POINT ( 'NONE',  ( -3.799999999999999822, 122.0000000000000000, -8.000000000000000000 ) ) ;
#426 = VECTOR ( 'NONE', #66, 1000.000000000000000 ) ;
#427 = DIRECTION ( 'NONE',  ( 0.000000000000000000, 0.000000000000000000, -1.000000000000000000 ) ) ;
#428 = CARTESIAN_POINT ( 'NONE',  ( 0.000000000000000000, 14.69027534498876797, -7.720745675182990375 ) ) ;
#429 = ORIENTED_EDGE ( 'NONE', *, *, #67, .T. ) ;
#430 = EDGE_CURVE ( 'NONE', #1830, #1427, #155, .T. ) ;
#431 = CARTESIAN_POINT ( 'NONE',  ( -4.000000000000000000, 11.89425918179023967, -3.844034146102051963 ) ) ;
#432 = CC_DESIGN_APPROVAL ( #292, ( #696 ) ) ;
#433 = VERTEX_POINT ( 'NONE', #711 ) ;
#434 = VECTOR ( 'NONE', #1424, 1000.000000000000000 ) ;
#435 = DIRECTION ( 'NONE',  ( 0.000000000000000000, 0.000000000000000000, -1.000000000000000000 ) ) ;
#436 = SHAPE_DEFINITION_REPRESENTATION ( #1401, #257 ) ;
#437 = ORIENTED_EDGE ( 'NONE', *, *, #213, .F. ) ;
#438 = CYLINDRICAL_SURFACE ( 'NONE', #336, 4.099999999999999645 ) ;
#439 = DIRECTION ( 'NONE',  ( -1.000000000000000000, -0.000000000000000000, -0.000000000000000000 ) ) ;
#440 = CARTESIAN_POINT ( 'NONE',  ( -4.000000000000000000, 12.08026164392069468, -3.212052087749885487 ) ) ;
#441 = ORIENTED_EDGE ( 'NONE', *, *, #1858, .F. ) ;
#442 = CIRCLE ( 'NONE', #1181, 3.200000000000000178 ) ;
#443 = CIRCLE ( 'NONE', #1660, 4.099999999999999645 ) ;
#444 = AXIS2_PLACEMENT_3D ( 'NONE', #1586, #217, #1234 ) ;
#445 = CARTESIAN_POINT ( 'NONE',  ( -4.000000000000000000, 7.331981950770031453, -4.103586087759302892 ) ) ;
#446 = ADVANCED_FACE ( 'NONE', ( #1746 ), #352, .F. ) ;
#447 = ORIENTED_EDGE ( 'NONE', *, *, #952, .F. ) ;
#448 = CARTESIAN_POINT ( 'NONE',  ( -4.000000000000000000, 11.14055131882347283, -5.669048977796935063 ) ) ;
#449 = EDGE_CURVE ( 'NONE', #2007, #1661, #219, .T. ) ;
#450 = ORIENTED_EDGE ( 'NONE', *, *, #1054, .T. ) ;
#451 = DIRECTION ( 'NONE',  ( 1.000000000000000000, 0.000000000000000000, 0.000000000000000000 ) ) ;
#452 = DIRECTION ( 'NONE',  ( 1.000000000000000000, 0.000000000000000000, 0.000000000000000000 ) ) ;
#453 = LINE ( 'NONE', #281, #78 ) ;
#454 = ORIENTED_EDGE ( 'NONE', *, *, #702, .T. ) ;
#455 = VECTOR ( 'NONE', #844, 1000.000000000000000 ) ;
#456 = DIRECTION ( 'NONE',  ( 1.000000000000000000, 0.000000000000000000, 0.000000000000000000 ) ) ;
#457 = EDGE_LOOP ( 'NONE', ( #2052, #1985, #2261, #1506 ) ) ;
#458 = APPROVAL ( #1671, '未' ) ;
#459 = LINE ( 'NONE', #978, #794 ) ;
#460 = ORIENTED_EDGE ( 'NONE', *, *, #1096, .T. ) ;
#461 = EDGE_CURVE ( 'NONE', #796, #167, #401, .T. ) ;
#462 = CYLINDRICAL_SURFACE ( 'NONE', #117, 4.099999999999999645 ) ;
#463 = LINE ( 'NONE', #842, #779 ) ;
#464 = AXIS2_PLACEMENT_3D ( 'NONE', #1453, #572, #1287 ) ;
#465 = ORIENTED_EDGE ( 'NONE', *, *, #1702, .F. ) ;
#466 = DIRECTION ( 'NONE',  ( 1.000000000000000000, 0.000000000000000000, 0.000000000000000000 ) ) ;
#467 = AXIS2_PLACEMENT_3D ( 'NONE', #1533, #311, #139 ) ;
#468 = FACE_OUTER_BOUND ( 'NONE', #507, .T. ) ;
#469 = VERTEX_POINT ( 'NONE', #1226 ) ;
#470 = AXIS2_PLACEMENT_3D ( 'NONE', #19, #1794, #1925 ) ;
#471 = CARTESIAN_POINT ( 'NONE',  ( -4.000000000000000000, 0.000000000000000000, -12.00000000000000000 ) ) ;
#472 = EDGE_LOOP ( 'NONE', ( #1582, #187, #2271, #801, #810, #610, #924, #358, #1174, #1578, #2085, #917, #315, #1522, #2228 ) ) ;
#473 = AXIS2_PLACEMENT_3D ( 'NONE', #168, #1089, #685 ) ;
#474 = DIRECTION ( 'NONE',  ( 1.000000000000000000, 0.000000000000000000, 0.000000000000000000 ) ) ;
#475 = DIRECTION ( 'NONE',  ( 0.000000000000000000, 0.000000000000000000, -1.000000000000000000 ) ) ;
#476 = EDGE_CURVE ( 'NONE', #974, #2225, #1580, .T. ) ;
#477 = EDGE_LOOP ( 'NONE', ( #1645, #945, #424, #1595 ) ) ;
#478 = CARTESIAN_POINT ( 'NONE',  ( 0.000000000000000000, 14.26310969633626335, -8.483973437176722143 ) ) ;
#479 = CARTESIAN_POINT ( 'NONE',  ( 4.000000000000000888, 7.437571163313506872, -3.908952966807936136 ) ) ;
#480 = VECTOR ( 'NONE', #80, 1000.000000000000000 ) ;
#481 = VECTOR ( 'NONE', #1046, 1000.000000000000000 ) ;
#482 = ORIENTED_EDGE ( 'NONE', *, *, #1068, .T. ) ;
#483 = AXIS2_PLACEMENT_3D ( 'NONE', #361, #2148, #1423 ) ;
#484 = DIRECTION ( 'NONE',  ( 1.000000000000000000, 0.000000000000000000, 0.000000000000000000 ) ) ;
#485 = VERTEX_POINT ( 'NONE', #363 ) ;
#486 = CARTESIAN_POINT ( 'NONE',  ( 4.000000000000000888, 11.67521935948580492, -4.465339058558464025 ) ) ;
#487 = PLANE ( 'NONE',  #1590 ) ;
#488 = ORIENTED_EDGE ( 'NONE', *, *, #1998, .F. ) ;
#489 = DIRECTION ( 'NONE',  ( 1.000000000000000000, 0.000000000000000000, 0.000000000000000000 ) ) ;
#490 = EDGE_CURVE ( 'NONE', #1627, #1631, #766, .T. ) ;
#491 = EDGE_CURVE ( 'NONE', #645, #1783, #536, .T. ) ;
#492 = CARTESIAN_POINT ( 'NONE',  ( 3.000000000000000000, 108.5000000000000000, -7.000000000000000000 ) ) ;
#493 = ORIENTED_EDGE ( 'NONE', *, *, #279, .T. ) ;
#494 = CIRCLE ( 'NONE', #1159, 4.100000000000000533 ) ;
#495 = DIRECTION ( 'NONE',  ( 0.000000000000000000, -1.000000000000000000, -0.000000000000000000 ) ) ;
#496 = ORIENTED_EDGE ( 'NONE', *, *, #2095, .T. ) ;
#497 = DIRECTION ( 'NONE',  ( -0.000000000000000000, 1.000000000000000000, 0.000000000000000000 ) ) ;
#498 = DIRECTION ( 'NONE',  ( -0.000000000000000000, 1.000000000000000000, 0.000000000000000000 ) ) ;
#499 = ORIENTED_EDGE ( 'NONE', *, *, #2252, .T. ) ;
#500 = LINE ( 'NONE', #339, #1929 ) ;
#501 = VECTOR ( 'NONE', #1716, 1000.000000000000000 ) ;
#502 = AXIS2_PLACEMENT_3D ( 'NONE', #608, #383, #404 ) ;
#503 = CARTESIAN_POINT ( 'NONE',  ( -4.000000000000000000, 8.028412182370571415, -2.478301018043008064 ) ) ;
#504 = ORIENTED_EDGE ( 'NONE', *, *, #691, .F. ) ;
#505 = CARTESIAN_POINT ( 'NONE',  ( -4.400000000000000355, 11.99142454156851123, -3.529268686834191815 ) ) ;
#506 = EDGE_CURVE ( 'NONE', #2118, #1826, #1587, .T. ) ;
#507 = EDGE_LOOP ( 'NONE', ( #1776, #1220, #454, #1995 ) ) ;
#508 = DIRECTION ( 'NONE',  ( -1.000000000000000000, -0.000000000000000000, -0.000000000000000000 ) ) ;
#509 = DIRECTION ( 'NONE',  ( 0.000000000000000000, 0.000000000000000000, -1.000000000000000000 ) ) ;
#510 = APPROVAL_PERSON_ORGANIZATION ( #1984, #1757, #405 ) ;
#511 = ORIENTED_EDGE ( 'NONE', *, *, #675, .T. ) ;
#512 = CARTESIAN_POINT ( 'NONE',  ( 4.000000000000000888, 8.199071197377019615, -1.836466609119757010 ) ) ;
#513 = CARTESIAN_POINT ( 'NONE',  ( -4.000000000000000000, 15.07663745050254533, -6.936072857067305364 ) ) ;
#514 = CARTESIAN_POINT ( 'NONE',  ( 4.000000000000000888, 7.537994850521974932, -3.711605008560769026 ) ) ;
#515 = ORIENTED_EDGE ( 'NONE', *, *, #1207, .T. ) ;
#516 = EDGE_CURVE ( 'NONE', #1103, #807, #1041, .T. ) ;
#517 = CYLINDRICAL_SURFACE ( 'NONE', #1569, 4.099999999999999645 ) ;
#518 = ORIENTED_EDGE ( 'NONE', *, *, #2224, .T. ) ;
#519 = VECTOR ( 'NONE', #159, 1000.000000000000000 ) ;
#520 = AXIS2_PLACEMENT_3D ( 'NONE', #555, #335, #1780 ) ;
#521 = ADVANCED_FACE ( 'NONE', ( #2090 ), #2124, .T. ) ;
#522 = DIRECTION ( 'NONE',  ( 0.000000000000000000, 0.000000000000000000, -1.000000000000000000 ) ) ;
#523 = AXIS2_PLACEMENT_3D ( 'NONE', #1632, #1639, #1119 ) ;
#524 = ORIENTED_EDGE ( 'NONE', *, *, #1562, .F. ) ;
#525 = FACE_OUTER_BOUND ( 'NONE', #623, .T. ) ;
#526 = CARTESIAN_POINT ( 'NONE',  ( 3.799999999999999822, 126.0000000000000000, -8.000000000000000000 ) ) ;
#527 = FACE_OUTER_BOUND ( 'NONE', #1779, .T. ) ;
#528 = EDGE_LOOP ( 'NONE', ( #2093, #1718, #184, #128, #504, #1009, #9, #1072, #1846, #673, #1067, #1648, #2141, #2046, #1005, #1879, #1655, #1704, #50, #2099, #166, #1618, #1560, #488, #1346, #260, #690, #1486, #1684, #703, #1429, #1653, #948 ) ) ;
#529 = CARTESIAN_POINT ( 'NONE',  ( -4.000000000000000000, 8.090930988623492581, -2.265880368289832969 ) ) ;
#530 = VERTEX_POINT ( 'NONE', #513 ) ;
#531 = CARTESIAN_POINT ( 'NONE',  ( -4.000000000000000000, 12.23271010753587618, -2.571148269740501480 ) ) ;
#532 = DIRECTION ( 'NONE',  ( 0.000000000000000000, -1.000000000000000000, -0.000000000000000000 ) ) ;
#533 = ORIENTED_EDGE ( 'NONE', *, *, #2125, .F. ) ;
#534 = EDGE_CURVE ( 'NONE', #539, #1696, #1875, .T. ) ;
#535 = DIRECTION ( 'NONE',  ( 1.000000000000000000, 0.000000000000000000, 0.000000000000000000 ) ) ;
#536 = LINE ( 'NONE', #1413, #881 ) ;
#537 = CARTESIAN_POINT ( 'NONE',  ( -4.400000000000000355, 22.64937619993136764, -1.437430080764831919 ) ) ;
#538 = CIRCLE ( 'NONE', #1532, 4.099999999999999645 ) ;
#539 = VERTEX_POINT ( 'NONE', #2102 ) ;
#540 = FACE_OUTER_BOUND ( 'NONE', #1573, .T. ) ;
#541 = VERTEX_POINT ( 'NONE', #526 ) ;
#542 = DIRECTION ( 'NONE',  ( -0.000000000000000000, 0.000000000000000000, -1.000000000000000000 ) ) ;
#543 =( NAMED_UNIT ( * ) SI_UNIT ( $, .STERADIAN. ) SOLID_ANGLE_UNIT ( ) );
#544 = ORIENTED_EDGE ( 'NONE', *, *, #1987, .T. ) ;
#545 = DIRECTION ( 'NONE',  ( 1.000000000000000000, 0.000000000000000000, 0.000000000000000000 ) ) ;
#547 = EDGE_CURVE ( 'NONE', #167, #397, #2164, .T. ) ;
#546 = DIRECTION ( 'NONE',  ( 0.000000000000000000, 0.000000000000000000, -1.000000000000000000 ) ) ;
#548 = AXIS2_PLACEMENT_3D ( 'NONE', #751, #937, #609 ) ;
#549 = AXIS2_PLACEMENT_3D ( 'NONE', #571, #88, #602 ) ;
#550 = EDGE_CURVE ( 'NONE', #343, #2179, #1930, .T. ) ;
#551 = DIRECTION ( 'NONE',  ( 1.000000000000000000, 0.000000000000000000, 0.000000000000000000 ) ) ;
#552 = VERTEX_POINT ( 'NONE', #1050 ) ;
#553 = CYLINDRICAL_SURFACE ( 'NONE', #723, 4.099999999999999645 ) ;
#554 = ORIENTED_EDGE ( 'NONE', *, *, #1495, .T. ) ;
#555 = CARTESIAN_POINT ( 'NONE',  ( -4.400000000000000355, 12.29621559063195235, -2.247906169905594886 ) ) ;
#556 = AXIS2_PLACEMENT_3D ( 'NONE', #2220, #606, #803 ) ;
#557 = VERTEX_POINT ( 'NONE', #22 ) ;
#558 = AXIS2_PLACEMENT_3D ( 'NONE', #893, #1948, #1924 ) ;
#559 = CARTESIAN_POINT ( 'NONE',  ( 4.000000000000000888, 14.69027534498876797, -7.720745675182990375 ) ) ;
#560 = AXIS2_PLACEMENT_3D ( 'NONE', #1013, #809, #1359 ) ;
#561 = VECTOR ( 'NONE', #719, 1000.000000000000000 ) ;
#562 = DIRECTION ( 'NONE',  ( 0.000000000000000000, 0.000000000000000000, 1.000000000000000000 ) ) ;
#563 = CARTESIAN_POINT ( 'NONE',  ( 4.000000000000000888, 16.09313993428852640, -4.052770724806615377 ) ) ;
#564 = VERTEX_POINT ( 'NONE', #908 ) ;
#565 = EDGE_CURVE ( 'NONE', #343, #886, #364, .T. ) ;
#566 = DIRECTION ( 'NONE',  ( 0.000000000000000000, 0.000000000000000000, -1.000000000000000000 ) ) ;
#567 = ORIENTED_EDGE ( 'NONE', *, *, #1035, .T. ) ;
#568 = CARTESIAN_POINT ( 'NONE',  ( -4.000000000000000000, 11.42375057954775386, -5.074241095600630302 ) ) ;
#569 = ORIENTED_EDGE ( 'NONE', *, *, #1151, .T. ) ;
#570 = DIRECTION ( 'NONE',  ( 1.000000000000000000, 0.000000000000000000, -0.000000000000000000 ) ) ;
#571 = CARTESIAN_POINT ( 'NONE',  ( 4.000000000000000888, 12.16070878990061388, -2.892604661413983536 ) ) ;
#572 = DIRECTION ( 'NONE',  ( 1.000000000000000000, 0.000000000000000000, 0.000000000000000000 ) ) ;
#573 = EDGE_CURVE ( 'NONE', #1034, #1512, #1952, .T. ) ;
#574 = CIRCLE ( 'NONE', #1863, 4.099999999999999645 ) ;
#575 = ORIENTED_EDGE ( 'NONE', *, *, #1705, .T. ) ;
#576 = AXIS2_PLACEMENT_3D ( 'NONE', #118, #622, #827 ) ;
#577 = DIRECTION ( 'NONE',  ( -1.000000000000000000, -0.000000000000000000, 0.000000000000000000 ) ) ;
#578 = EDGE_CURVE ( 'NONE', #2118, #2034, #1078, .T. ) ;
#579 = DATE_TIME_ROLE ( 'creation_date' ) ;
#580 = VERTEX_POINT ( 'NONE', #1435 ) ;
#581 = CARTESIAN_POINT ( 'NONE',  ( -3.000000000000000000, 118.0000000000000000, -7.000000000000000000 ) ) ;
#582 = CARTESIAN_POINT ( 'NONE',  ( -4.000000000000000000, 0.000000000000000000, 0.000000000000000000 ) ) ;
#583 = CIRCLE ( 'NONE', #181, 4.099999999999999645 ) ;
#584 = AXIS2_PLACEMENT_3D ( 'NONE', #2135, #897, #562 ) ;
#585 = CARTESIAN_POINT ( 'NONE',  ( -4.000000000000000000, 22.64937619993136764, -4.637430080764832319 ) ) ;
#586 = ORIENTED_EDGE ( 'NONE', *, *, #873, .F. ) ;
#587 = PRODUCT_RELATED_PRODUCT_CATEGORY ( 'detail', '', ( #1566 ) ) ;
#588 = CARTESIAN_POINT ( 'NONE',  ( 4.000000000000000000, 6.633249580710799620, 10.00000000000000000 ) ) ;
#589 = CALENDAR_DATE ( 2026, 29, 8 ) ;
#590 = ORIENTED_EDGE ( 'NONE', *, *, #1039, .F. ) ;
#591 = PLANE ( 'NONE',  #964 ) ;
#592 = EDGE_CURVE ( 'NONE', #1926, #2274, #1134, .T. ) ;
#593 = VECTOR ( 'NONE', #1135, 1000.000000000000000 ) ;
#594 = CARTESIAN_POINT ( 'NONE',  ( -4.400000000000000355, 10.98729518947880202, -5.960649664193991448 ) ) ;
#595 = CIRCLE ( 'NONE', #1881, 3.200000000000000178 ) ;
#596 = CARTESIAN_POINT ( 'NONE',  ( 4.000000000000000888, 7.221300546475834636, -4.295369195254004069 ) ) ;
#597 = ORIENTED_EDGE ( 'NONE', *, *, #1165, .T. ) ;
#598 = LINE ( 'NONE', #1116, #1347 ) ;
#599 = DATE_AND_TIME ( #589, #1507 ) ;
#600 = ORIENTED_EDGE ( 'NONE', *, *, #1497, .T. ) ;
#601 = CARTESIAN_POINT ( 'NONE',  ( -4.000000000000000000, 11.78883304765482798, -4.156129855348763336 ) ) ;
#602 = DIRECTION ( 'NONE',  ( 0.000000000000000000, 0.000000000000000000, -1.000000000000000000 ) ) ;
#603 = DIRECTION ( 'NONE',  ( 1.000000000000000000, 0.000000000000000000, 0.000000000000000000 ) ) ;
#604 = ADVANCED_FACE ( 'NONE', ( #1849 ), #54, .F. ) ;
#605 = ORIENTED_EDGE ( 'NONE', *, *, #138, .F. ) ;
#606 = DIRECTION ( 'NONE',  ( 1.000000000000000000, 0.000000000000000000, 0.000000000000000000 ) ) ;
#607 = ORIENTED_EDGE ( 'NONE', *, *, #1544, .F. ) ;
#608 = CARTESIAN_POINT ( 'NONE',  ( 4.000000000000000000, 22.64937619993136764, -4.637430080764832319 ) ) ;
#609 = DIRECTION ( 'NONE',  ( 1.000000000000000000, 0.000000000000000000, 0.000000000000000000 ) ) ;
#610 = ORIENTED_EDGE ( 'NONE', *, *, #1644, .T. ) ;
#611 = LINE ( 'NONE', #269, #1662 ) ;
#612 = AXIS2_PLACEMENT_3D ( 'NONE', #1298, #420, #566 ) ;
#613 = DIRECTION ( 'NONE',  ( 1.000000000000000000, 0.000000000000000000, 0.000000000000000000 ) ) ;
#614 = LINE ( 'NONE', #377, #1292 ) ;
#615 = VERTEX_POINT ( 'NONE', #1316 ) ;
#616 = ADVANCED_FACE ( 'NONE', ( #1825 ), #931, .F. ) ;
#617 = EDGE_CURVE ( 'NONE', #243, #6, #69, .T. ) ;
#618 = DIRECTION ( 'NONE',  ( -1.000000000000000000, -0.000000000000000000, -0.000000000000000000 ) ) ;
#619 =( GEOMETRIC_REPRESENTATION_CONTEXT ( 3 ) GLOBAL_UNCERTAINTY_ASSIGNED_CONTEXT ( ( #1297 ) ) GLOBAL_UNIT_ASSIGNED_CONTEXT ( ( #1047, #879, #543 ) ) REPRESENTATION_CONTEXT ( 'NONE', 'WORKASPACE' ) );
#620 = VERTEX_POINT ( 'NONE', #1101 ) ;
#621 = VECTOR ( 'NONE', #207, 1000.000000000000000 ) ;
#622 = DIRECTION ( 'NONE',  ( 1.000000000000000000, 0.000000000000000000, 0.000000000000000000 ) ) ;
#623 = EDGE_LOOP ( 'NONE', ( #392, #718, #1714, #2246 ) ) ;
#624 = CYLINDRICAL_SURFACE ( 'NONE', #1218, 4.100000000000000533 ) ;
#625 = DIRECTION ( 'NONE',  ( 0.000000000000000000, 0.000000000000000000, 1.000000000000000000 ) ) ;
#626 = CARTESIAN_POINT ( 'NONE',  ( -4.000000000000000000, 33.00000000000000000, 10.00000000000000000 ) ) ;
#627 = EDGE_LOOP ( 'NONE', ( #607, #1011, #1868, #1000 ) ) ;
#628 = CIRCLE ( 'NONE', #1475, 4.099999999999999645 ) ;
#629 = EDGE_CURVE ( 'NONE', #1694, #1565, #988, .T. ) ;
#630 = AXIS2_PLACEMENT_3D ( 'NONE', #878, #865, #324 ) ;
#631 = AXIS2_PLACEMENT_3D ( 'NONE', #1967, #883, #33 ) ;
#632 = LINE ( 'NONE', #1487, #480 ) ;
#633 = EDGE_CURVE ( 'NONE', #2034, #1318, #1651, .T. ) ;
#634 = ORIENTED_EDGE ( 'NONE', *, *, #1376, .F. ) ;
#635 = LINE ( 'NONE', #819, #1462 ) ;
#636 = VERTEX_POINT ( 'NONE', #2016 ) ;
#637 = DIRECTION ( 'NONE',  ( 0.000000000000000000, 0.000000000000000000, -1.000000000000000000 ) ) ;
#638 = CARTESIAN_POINT ( 'NONE',  ( -4.000000000000000000, 22.56346466276765383, 5.038855268018256339 ) ) ;
#639 = ORIENTED_EDGE ( 'NONE', *, *, #643, .T. ) ;
#640 = FACE_OUTER_BOUND ( 'NONE', #1374, .T. ) ;
#641 = DIRECTION ( 'NONE',  ( 0.000000000000000000, 0.000000000000000000, -1.000000000000000000 ) ) ;
#642 = VERTEX_POINT ( 'NONE', #1621 ) ;
#643 = EDGE_CURVE ( 'NONE', #580, #1823, #1619, .T. ) ;
#644 = CARTESIAN_POINT ( 'NONE',  ( -4.000000000000000000, 28.18814624916254985, 10.00000000000000000 ) ) ;
#645 = VERTEX_POINT ( 'NONE', #1143 ) ;
#646 = EDGE_CURVE ( 'NONE', #2000, #2179, #2018, .T. ) ;
#647 = CARTESIAN_POINT ( 'NONE',  ( 4.000000000000000000, 30.25000000000000355, 10.00000000000000000 ) ) ;
#648 = DIRECTION ( 'NONE',  ( 1.000000000000000000, 0.000000000000000000, 0.000000000000000000 ) ) ;
#649 = AXIS2_PLACEMENT_3D ( 'NONE', #277, #289, #4 ) ;
#650 = ORIENTED_EDGE ( 'NONE', *, *, #2049, .T. ) ;
#651 = DIRECTION ( 'NONE',  ( 1.000000000000000000, 0.000000000000000000, 0.000000000000000000 ) ) ;
#652 = VECTOR ( 'NONE', #1173, 1000.000000000000000 ) ;
#653 = LINE ( 'NONE', #2208, #1550 ) ;
#654 = VERTEX_POINT ( 'NONE', #248 ) ;
#655 = APPROVAL_PERSON_ORGANIZATION ( #2178, #292, #423 ) ;
#656 = FACE_OUTER_BOUND ( 'NONE', #3, .T. ) ;
#657 = ORIENTED_EDGE ( 'NONE', *, *, #1250, .T. ) ;
#658 = CARTESIAN_POINT ( 'NONE',  ( 4.000000000000000888, 11.78883304765482798, -4.156129855348763336 ) ) ;
#659 = CARTESIAN_POINT ( 'NONE',  ( 4.000000000000000888, 16.28430820358678588, -3.199282704457020454 ) ) ;
#660 = ORIENTED_EDGE ( 'NONE', *, *, #1535, .T. ) ;
#661 = ADVANCED_FACE ( 'NONE', ( #1806 ), #74, .F. ) ;
#662 = DIRECTION ( 'NONE',  ( 0.000000000000000000, 0.000000000000000000, -1.000000000000000000 ) ) ;
#663 = CARTESIAN_POINT ( 'NONE',  ( -4.000000000000000000, 22.56346466276765383, 5.038855268018256339 ) ) ;
#664 = VECTOR ( 'NONE', #1932, 1000.000000000000000 ) ;
#665 = CIRCLE ( 'NONE', #2212, 4.099999999999999645 ) ;
#666 = ORIENTED_EDGE ( 'NONE', *, *, #1376, .T. ) ;
#667 = AXIS2_PLACEMENT_3D ( 'NONE', #259, #1066, #1850 ) ;
#668 = CIRCLE ( 'NONE', #523, 4.099999999999999645 ) ;
#669 = LINE ( 'NONE', #2106, #1936 ) ;
#670 = ORIENTED_EDGE ( 'NONE', *, *, #578, .T. ) ;
#671 = FACE_OUTER_BOUND ( 'NONE', #914, .T. ) ;
#672 = LINE ( 'NONE', #2227, #194 ) ;
#673 = ORIENTED_EDGE ( 'NONE', *, *, #814, .F. ) ;
#674 = DIRECTION ( 'NONE',  ( 0.000000000000000000, -1.000000000000000000, -0.000000000000000000 ) ) ;
#675 = EDGE_CURVE ( 'NONE', #485, #636, #1945, .T. ) ;
#676 = ADVANCED_FACE ( 'NONE', ( #2160 ), #775, .T. ) ;
#677 = CARTESIAN_POINT ( 'NONE',  ( 0.000000000000000000, 54.25000000000000000, -10.00000000000000000 ) ) ;
#678 = EDGE_LOOP ( 'NONE', ( #355, #1764, #1744, #137 ) ) ;
#679 = LINE ( 'NONE', #1044, #99 ) ;
#680 = ORIENTED_EDGE ( 'NONE', *, *, #643, .F. ) ;
#681 = CARTESIAN_POINT ( 'NONE',  ( -4.000000000000000000, 22.56346466276765383, 1.838855268018255940 ) ) ;
#682 = CARTESIAN_POINT ( 'NONE',  ( -4.000000000000000000, 10.65800205442613091, -6.531232058949398400 ) ) ;
#683 = VERTEX_POINT ( 'NONE', #1285 ) ;
#684 = CARTESIAN_POINT ( 'NONE',  ( -4.000000000000000000, 15.98075519686571333, -4.475440406294244333 ) ) ;
#685 = DIRECTION ( 'NONE',  ( 0.000000000000000000, 0.000000000000000000, 1.000000000000000000 ) ) ;
#686 = VECTOR ( 'NONE', #1312, 1000.000000000000000 ) ;
#687 = ADVANCED_FACE ( 'NONE', ( #1450 ), #1664, .F. ) ;
#688 = CIRCLE ( 'NONE', #502, 7.500000000000000000 ) ;
#689 = DIRECTION ( 'NONE',  ( -1.000000000000000000, 0.000000000000000000, 0.000000000000000000 ) ) ;
#690 = ORIENTED_EDGE ( 'NONE', *, *, #534, .F. ) ;
#691 = EDGE_CURVE ( 'NONE', #2007, #1904, #839, .T. ) ;
#692 = DIRECTION ( 'NONE',  ( 0.000000000000000000, 0.000000000000000000, 1.000000000000000000 ) ) ;
#693 = EDGE_LOOP ( 'NONE', ( #1127, #1357, #37, #749 ) ) ;
#694 = CARTESIAN_POINT ( 'NONE',  ( 0.000000000000000000, 116.0000000000000000, -7.000000000000000000 ) ) ;
#695 = CYLINDRICAL_SURFACE ( 'NONE', #1690, 3.200000000000000178 ) ;
#696 = SECURITY_CLASSIFICATION ( '', '', #762 ) ;
#697 = ORIENTED_EDGE ( 'NONE', *, *, #828, .F. ) ;
#698 = AXIS2_PLACEMENT_3D ( 'NONE', #1112, #1295, #1816 ) ;
#699 = DIRECTION ( 'NONE',  ( 0.000000000000000000, 0.000000000000000000, 1.000000000000000000 ) ) ;
#700 = CARTESIAN_POINT ( 'NONE',  ( 0.000000000000000000, 54.25000000000000000, 10.00000000000000000 ) ) ;
#701 = DIRECTION ( 'NONE',  ( 0.000000000000000000, 0.000000000000000000, 1.000000000000000000 ) ) ;
#702 = EDGE_CURVE ( 'NONE', #620, #1512, #2128, .T. ) ;
#703 = ORIENTED_EDGE ( 'NONE', *, *, #2224, .F. ) ;
#704 = CYLINDRICAL_SURFACE ( 'NONE', #1198, 4.099999999999999645 ) ;
#705 = EDGE_CURVE ( 'NONE', #541, #683, #240, .T. ) ;
#706 = ORIENTED_EDGE ( 'NONE', *, *, #758, .F. ) ;
#707 = CIRCLE ( 'NONE', #44, 4.099999999999999645 ) ;
#708 = LINE ( 'NONE', #28, #1516 ) ;
#709 = ORIENTED_EDGE ( 'NONE', *, *, #1686, .T. ) ;
#710 = DIRECTION ( 'NONE',  ( 1.000000000000000000, 0.000000000000000000, 0.000000000000000000 ) ) ;
#711 = CARTESIAN_POINT ( 'NONE',  ( 4.000000000000000888, 15.85727154098818126, -4.895001814893236158 ) ) ;
#712 = CARTESIAN_POINT ( 'NONE',  ( 3.799999999999999822, 122.0000000000000000, -8.000000000000000000 ) ) ;
#713 = ORIENTED_EDGE ( 'NONE', *, *, #983, .T. ) ;
#714 = DIRECTION ( 'NONE',  ( 0.000000000000000000, 0.000000000000000000, -1.000000000000000000 ) ) ;
#715 = EDGE_LOOP ( 'NONE', ( #1211, #1418, #1118, #1518 ) ) ;
#716 = DIRECTION ( 'NONE',  ( 1.000000000000000000, 0.000000000000000000, 0.000000000000000000 ) ) ;
#717 = LINE ( 'NONE', #2110, #2014 ) ;
#718 = ORIENTED_EDGE ( 'NONE', *, *, #2193, .T. ) ;
#719 = DIRECTION ( 'NONE',  ( -1.000000000000000000, 0.000000000000000000, 0.000000000000000000 ) ) ;
#720 = EDGE_CURVE ( 'NONE', #1172, #564, #787, .T. ) ;
#721 = DIRECTION ( 'NONE',  ( -1.000000000000000000, -0.000000000000000000, -0.000000000000000000 ) ) ;
#722 = FACE_OUTER_BOUND ( 'NONE', #1137, .T. ) ;
#723 = AXIS2_PLACEMENT_3D ( 'NONE', #1255, #1876, #641 ) ;
#724 = ORIENTED_EDGE ( 'NONE', *, *, #1677, .T. ) ;
#725 = CARTESIAN_POINT ( 'NONE',  ( 4.000000000000000888, 8.244617494581042649, -1.619771735189075468 ) ) ;
#726 = ORIENTED_EDGE ( 'NONE', *, *, #476, .F. ) ;
#727 = CARTESIAN_POINT ( 'NONE',  ( -4.000000000000000000, 10.82640818838596886, -6.248110573481328700 ) ) ;
#728 = DIRECTION ( 'NONE',  ( 1.000000000000000000, 0.000000000000000000, 0.000000000000000000 ) ) ;
#729 = EDGE_CURVE ( 'NONE', #1935, #620, #1145, .T. ) ;
#730 = ORIENTED_EDGE ( 'NONE', *, *, #1702, .T. ) ;
#731 = FACE_OUTER_BOUND ( 'NONE', #1371, .T. ) ;
#732 = DIRECTION ( 'NONE',  ( 1.000000000000000000, 0.000000000000000000, 0.000000000000000000 ) ) ;
#733 = EDGE_CURVE ( 'NONE', #1468, #1800, #1254, .T. ) ;
#734 = AXIS2_PLACEMENT_3D ( 'NONE', #42, #439, #1460 ) ;
#735 = DIRECTION ( 'NONE',  ( 0.000000000000000000, -1.000000000000000000, -0.000000000000000000 ) ) ;
#736 = ORIENTED_EDGE ( 'NONE', *, *, #170, .T. ) ;
#737 = DIRECTION ( 'NONE',  ( 0.000000000000000000, 0.000000000000000000, 1.000000000000000000 ) ) ;
#738 = ORIENTED_EDGE ( 'NONE', *, *, #2113, .T. ) ;
#739 = CYLINDRICAL_SURFACE ( 'NONE', #2045, 4.099999999999999645 ) ;
#740 = APPROVAL_DATE_TIME ( #599, #1757 ) ;
#741 = VECTOR ( 'NONE', #197, 1000.000000000000000 ) ;
#742 = VERTEX_POINT ( 'NONE', #2030 ) ;
#743 = VECTOR ( 'NONE', #2204, 1000.000000000000000 ) ;
#744 = FACE_OUTER_BOUND ( 'NONE', #1555, .T. ) ;
#745 = AXIS2_PLACEMENT_3D ( 'NONE', #2123, #535, #228 ) ;
#746 = DIRECTION ( 'NONE',  ( 0.000000000000000000, 0.000000000000000000, -1.000000000000000000 ) ) ;
#747 = ADVANCED_FACE ( 'NONE', ( #1525 ), #808, .F. ) ;
#748 = LINE ( 'NONE', #2152, #909 ) ;
#749 = ORIENTED_EDGE ( 'NONE', *, *, #297, .F. ) ;
#750 = CARTESIAN_POINT ( 'NONE',  ( -4.000000000000000000, 5.021051876504147385E-16, 4.099999999999999645 ) ) ;
#751 = CARTESIAN_POINT ( 'NONE',  ( 0.000000000000000000, 0.000000000000000000, 0.000000000000000000 ) ) ;
#752 = VERTEX_POINT ( 'NONE', #1698 ) ;
#753 = DIRECTION ( 'NONE',  ( 0.000000000000000000, 0.000000000000000000, -1.000000000000000000 ) ) ;
#754 = DIRECTION ( 'NONE',  ( 1.000000000000000000, 0.000000000000000000, 0.000000000000000000 ) ) ;
#755 = EDGE_CURVE ( 'NONE', #1826, #994, #2024, .T. ) ;
#756 = DIRECTION ( 'NONE',  ( 0.000000000000000000, 0.000000000000000000, 1.000000000000000000 ) ) ;
#757 = VECTOR ( 'NONE', #737, 1000.000000000000000 ) ;
#758 = EDGE_CURVE ( 'NONE', #2240, #2147, #192, .T. ) ;
#759 = ORIENTED_EDGE ( 'NONE', *, *, #1713, .T. ) ;
#760 = VECTOR ( 'NONE', #577, 1000.000000000000000 ) ;
#761 = FACE_OUTER_BOUND ( 'NONE', #1125, .T. ) ;
#762 = SECURITY_CLASSIFICATION_LEVEL ( 'unclassified' ) ;
#763 = ORIENTED_EDGE ( 'NONE', *, *, #1019, .T. ) ;
#764 = DIRECTION ( 'NONE',  ( 0.000000000000000000, 0.000000000000000000, 1.000000000000000000 ) ) ;
#765 = CARTESIAN_POINT ( 'NONE',  ( 4.000000000000000888, 22.56346466276765383, 5.038855268018256339 ) ) ;
#766 = CIRCLE ( 'NONE', #584, 4.099999999999999645 ) ;
#767 = CC_DESIGN_DATE_AND_TIME_ASSIGNMENT ( #1301, #579, ( #1343 ) ) ;
#768 = FACE_OUTER_BOUND ( 'NONE', #1385, .T. ) ;
#769 = ORIENTED_EDGE ( 'NONE', *, *, #646, .F. ) ;
#770 = EDGE_CURVE ( 'NONE', #469, #974, #96, .T. ) ;
#771 = CARTESIAN_POINT ( 'NONE',  ( 0.000000000000000000, 7.633183266360082264, -3.511679274681790197 ) ) ;
#772 = VERTEX_POINT ( 'NONE', #1504 ) ;
#773 = PLANE ( 'NONE',  #1445 ) ;
#774 = AXIS2_PLACEMENT_3D ( 'NONE', #1520, #2186, #1852 ) ;
#775 = CYLINDRICAL_SURFACE ( 'NONE', #1691, 12.00000000000000000 ) ;
#776 = CARTESIAN_POINT ( 'NONE',  ( 4.000000000000000888, 16.19434770005947399, -3.627286322034727117 ) ) ;
#777 = VECTOR ( 'NONE', #1012, 1000.000000000000000 ) ;
#778 = ORIENTED_EDGE ( 'NONE', *, *, #1280, .F. ) ;
#779 = VECTOR ( 'NONE', #1168, 1000.000000000000000 ) ;
#780 = CARTESIAN_POINT ( 'NONE',  ( -4.000000000000000000, 0.000000000000000000, -14.00000000000000000 ) ) ;
#781 = ORIENTED_EDGE ( 'NONE', *, *, #430, .T. ) ;
#782 = DIRECTION ( 'NONE',  ( 0.000000000000000000, -1.000000000000000000, -0.000000000000000000 ) ) ;
#783 = PERSON_AND_ORGANIZATION ( #805, #949 ) ;
#784 = ORIENTED_EDGE ( 'NONE', *, *, #1677, .F. ) ;
#785 = EDGE_CURVE ( 'NONE', #1696, #2048, #77, .T. ) ;
#786 = DIRECTION ( 'NONE',  ( -1.000000000000000000, -0.000000000000000000, -0.000000000000000000 ) ) ;
#787 = LINE ( 'NONE', #1493, #1982 ) ;
#788 = DIRECTION ( 'NONE',  ( 1.000000000000000000, 0.000000000000000000, 0.000000000000000000 ) ) ;
#789 = DIRECTION ( 'NONE',  ( 1.000000000000000000, 0.000000000000000000, 0.000000000000000000 ) ) ;
#790 = EDGE_CURVE ( 'NONE', #1635, #1465, #1364, .T. ) ;
#791 = ORIENTED_EDGE ( 'NONE', *, *, #755, .F. ) ;
#792 = DIRECTION ( 'NONE',  ( 1.000000000000000000, 0.000000000000000000, 0.000000000000000000 ) ) ;
#793 = ORIENTED_EDGE ( 'NONE', *, *, #2035, .T. ) ;
#794 = VECTOR ( 'NONE', #1163, 1000.000000000000000 ) ;
#795 = DIRECTION ( 'NONE',  ( -1.000000000000000000, -0.000000000000000000, 0.000000000000000000 ) ) ;
#796 = VERTEX_POINT ( 'NONE', #1882 ) ;
#797 = CARTESIAN_POINT ( 'NONE',  ( -4.400000000000000355, 10.65800205442613091, -6.531232058949398400 ) ) ;
#798 = AXIS2_PLACEMENT_3D ( 'NONE', #18, #716, #154 ) ;
#799 = DIRECTION ( 'NONE',  ( 0.000000000000000000, 0.000000000000000000, -1.000000000000000000 ) ) ;
#800 = DIRECTION ( 'NONE',  ( 1.000000000000000000, 0.000000000000000000, -0.000000000000000000 ) ) ;
#801 = ORIENTED_EDGE ( 'NONE', *, *, #200, .F. ) ;
#802 = ADVANCED_FACE ( 'NONE', ( #671 ), #2074, .F. ) ;
#803 = DIRECTION ( 'NONE',  ( 0.000000000000000000, 0.000000000000000000, -1.000000000000000000 ) ) ;
#804 = ORIENTED_EDGE ( 'NONE', *, *, #1974, .T. ) ;
#805 = PERSON ( '未', '未', '未', ('未'), ('未'), ('未') ) ;
#806 = DIRECTION ( 'NONE',  ( 0.000000000000000000, 0.000000000000000000, -1.000000000000000000 ) ) ;
#807 = VERTEX_POINT ( 'NONE', #1514 ) ;
#808 = CYLINDRICAL_SURFACE ( 'NONE', #928, 4.099999999999999645 ) ;
#809 = DIRECTION ( 'NONE',  ( 1.000000000000000000, 0.000000000000000000, 0.000000000000000000 ) ) ;
#810 = ORIENTED_EDGE ( 'NONE', *, *, #1843, .T. ) ;
#811 = ORIENTED_EDGE ( 'NONE', *, *, #873, .T. ) ;
#812 = AXIS2_PLACEMENT_3D ( 'NONE', #1499, #1309, #308 ) ;
#813 = AXIS2_PLACEMENT_3D ( 'NONE', #1570, #1430, #359 ) ;
#814 = EDGE_CURVE ( 'NONE', #1158, #1108, #665, .T. ) ;
#815 = CIRCLE ( 'NONE', #2028, 4.099999999999999645 ) ;
#816 = CARTESIAN_POINT ( 'NONE',  ( -4.000000000000000000, 8.284437758432122934, -1.401951901005656254 ) ) ;
#817 = ORIENTED_EDGE ( 'NONE', *, *, #170, .F. ) ;
#818 = EDGE_CURVE ( 'NONE', #683, #991, #1358, .T. ) ;
#819 = CARTESIAN_POINT ( 'NONE',  ( 3.000000000000000000, 116.0000000000000000, -7.000000000000000000 ) ) ;
#820 = EDGE_LOOP ( 'NONE', ( #1678, #836 ) ) ;
#821 = CARTESIAN_POINT ( 'NONE',  ( 4.000000000000000000, 0.000000000000000000, 0.000000000000000000 ) ) ;
#822 = DIRECTION ( 'NONE',  ( 0.000000000000000000, 0.000000000000000000, -1.000000000000000000 ) ) ;
#823 = VERTEX_POINT ( 'NONE', #131 ) ;
#824 = CYLINDRICAL_SURFACE ( 'NONE', #1416, 4.099999999999999645 ) ;
#825 = CYLINDRICAL_SURFACE ( 'NONE', #1440, 4.099999999999999645 ) ;
#826 = VERTEX_POINT ( 'NONE', #647 ) ;
#827 = DIRECTION ( 'NONE',  ( 0.000000000000000000, 0.000000000000000000, -1.000000000000000000 ) ) ;
#828 = EDGE_CURVE ( 'NONE', #1150, #2240, #1859, .T. ) ;
#829 = ORIENTED_EDGE ( 'NONE', *, *, #1839, .F. ) ;
#830 = DIRECTION ( 'NONE',  ( 0.000000000000000000, 0.000000000000000000, -1.000000000000000000 ) ) ;
#831 = LINE ( 'NONE', #1157, #850 ) ;
#832 = CIRCLE ( 'NONE', #317, 4.099999999999999645 ) ;
#833 = ORIENTED_EDGE ( 'NONE', *, *, #1747, .T. ) ;
#834 = DIRECTION ( 'NONE',  ( 1.000000000000000000, 0.000000000000000000, 0.000000000000000000 ) ) ;
#835 = PLANE ( 'NONE',  #847 ) ;
#836 = ORIENTED_EDGE ( 'NONE', *, *, #565, .F. ) ;
#837 = LINE ( 'NONE', #644, #1641 ) ;
#838 = ORIENTED_EDGE ( 'NONE', *, *, #31, .T. ) ;
#839 = CIRCLE ( 'NONE', #549, 4.099999999999999645 ) ;
#840 = ADVANCED_FACE ( 'NONE', ( #1327 ), #1349, .F. ) ;
#841 = DIRECTION ( 'NONE',  ( 1.000000000000000000, 0.000000000000000000, 0.000000000000000000 ) ) ;
#842 = CARTESIAN_POINT ( 'NONE',  ( 0.000000000000000000, 8.199071197377019615, -1.836466609119756788 ) ) ;
#843 = VERTEX_POINT ( 'NONE', #141 ) ;
#844 = DIRECTION ( 'NONE',  ( -1.000000000000000000, -0.000000000000000000, -0.000000000000000000 ) ) ;
#845 = EDGE_CURVE ( 'NONE', #2222, #991, #1189, .T. ) ;
#846 = LINE ( 'NONE', #2243, #301 ) ;
#847 = AXIS2_PLACEMENT_3D ( 'NONE', #677, #1017, #689 ) ;
#848 = AXIS2_PLACEMENT_3D ( 'NONE', #2217, #452, #992 ) ;
#849 = EDGE_LOOP ( 'NONE', ( #895, #332, #2133, #1421 ) ) ;
#850 = VECTOR ( 'NONE', #1699, 1000.000000000000000 ) ;
#851 = AXIS2_PLACEMENT_3D ( 'NONE', #1325, #2029, #1294 ) ;
#852 = DIRECTION ( 'NONE',  ( 0.000000000000000000, 0.000000000000000000, 1.000000000000000000 ) ) ;
#853 = ORIENTED_EDGE ( 'NONE', *, *, #1759, .F. ) ;
#854 = CARTESIAN_POINT ( 'NONE',  ( 0.000000000000000000, 16.28430820358678588, -3.199282704457020898 ) ) ;
#855 = CARTESIAN_POINT ( 'NONE',  ( -4.000000000000000000, 16.36295896570220165, -2.769057128191394046 ) ) ;
#856 = CARTESIAN_POINT ( 'NONE',  ( -4.000000000000000000, 0.000000000000000000, 0.000000000000000000 ) ) ;
#857 = EDGE_CURVE ( 'NONE', #2179, #2000, #442, .T. ) ;
#858 = ORIENTED_EDGE ( 'NONE', *, *, #921, .F. ) ;
#859 = DIRECTION ( 'NONE',  ( -1.000000000000000000, -0.000000000000000000, -0.000000000000000000 ) ) ;
#860 = ADVANCED_FACE ( 'NONE', ( #1156 ), #462, .F. ) ;
#861 = CARTESIAN_POINT ( 'NONE',  ( -4.000000000000000000, 10.65800205442613091, -6.531232058949398400 ) ) ;
#862 = ORIENTED_EDGE ( 'NONE', *, *, #1019, .F. ) ;
#863 = CARTESIAN_POINT ( 'NONE',  ( -4.000000000000000000, 108.5000000000000000, -10.00000000000000000 ) ) ;
#864 = VERTEX_POINT ( 'NONE', #1232 ) ;
#865 = DIRECTION ( 'NONE',  ( -0.000000000000000000, 0.000000000000000000, -1.000000000000000000 ) ) ;
#866 = LINE ( 'NONE', #1420, #1147 ) ;
#867 = VERTEX_POINT ( 'NONE', #1075 ) ;
#868 = EDGE_LOOP ( 'NONE', ( #1947, #1098, #1592, #2154 ) ) ;
#869 = EDGE_CURVE ( 'NONE', #974, #104, #708, .T. ) ;
#870 = DIRECTION ( 'NONE',  ( 1.000000000000000000, 0.000000000000000000, 0.000000000000000000 ) ) ;
#871 = CIRCLE ( 'NONE', #1381, 4.100000000000000533 ) ;
#872 = VECTOR ( 'NONE', #422, 1000.000000000000000 ) ;
#873 = EDGE_CURVE ( 'NONE', #530, #177, #1030, .T. ) ;
#874 = DIRECTION ( 'NONE',  ( 0.000000000000000000, 0.000000000000000000, -1.000000000000000000 ) ) ;
#875 = ORIENTED_EDGE ( 'NONE', *, *, #1942, .F. ) ;
#876 = CARTESIAN_POINT ( 'NONE',  ( 4.000000000000000888, 15.07663745050254533, -6.936072857067305364 ) ) ;
#877 = ORIENTED_EDGE ( 'NONE', *, *, #430, .F. ) ;
#878 = CARTESIAN_POINT ( 'NONE',  ( 0.000000000000000000, 11.00000000000000000, -14.00000000000000000 ) ) ;
#879 =( NAMED_UNIT ( * ) PLANE_ANGLE_UNIT ( ) SI_UNIT ( $, .RADIAN. ) );
#880 = ORIENTED_EDGE ( 'NONE', *, *, #845, .F. ) ;
#881 = VECTOR ( 'NONE', #2264, 1000.000000000000000 ) ;
#882 = CYLINDRICAL_SURFACE ( 'NONE', #745, 4.099999999999999645 ) ;
#883 = DIRECTION ( 'NONE',  ( -1.000000000000000000, -0.000000000000000000, -0.000000000000000000 ) ) ;
#884 = LINE ( 'NONE', #1894, #1841 ) ;
#885 = EDGE_CURVE ( 'NONE', #2253, #1034, #1216, .T. ) ;
#886 = VERTEX_POINT ( 'NONE', #681 ) ;
#887 = VECTOR ( 'NONE', #735, 1000.000000000000000 ) ;
#888 = LINE ( 'NONE', #863, #977 ) ;
#889 = ADVANCED_FACE ( 'NONE', ( #7 ), #1382, .F. ) ;
#890 = EDGE_LOOP ( 'NONE', ( #1528, #927, #1856, #323 ) ) ;
#891 = CIRCLE ( 'NONE', #1845, 4.099999999999999645 ) ;
#892 = VECTOR ( 'NONE', #2216, 1000.000000000000000 ) ;
#893 = CARTESIAN_POINT ( 'NONE',  ( 0.000000000000000000, 108.5000000000000000, -10.00000000000000000 ) ) ;
#894 = CARTESIAN_POINT ( 'NONE',  ( -4.400000000000000355, 22.56346466276765383, 5.038855268018256339 ) ) ;
#895 = ORIENTED_EDGE ( 'NONE', *, *, #2142, .T. ) ;
#896 = LINE ( 'NONE', #919, #1736 ) ;
#897 = DIRECTION ( 'NONE',  ( -1.000000000000000000, -0.000000000000000000, -0.000000000000000000 ) ) ;
#898 = DIRECTION ( 'NONE',  ( -1.000000000000000000, -0.000000000000000000, -0.000000000000000000 ) ) ;
#899 = EDGE_LOOP ( 'NONE', ( #781, #724, #1038, #1901 ) ) ;
#900 = FACE_OUTER_BOUND ( 'NONE', #2076, .T. ) ;
#901 = ORIENTED_EDGE ( 'NONE', *, *, #1237, .T. ) ;
#902 = ADVANCED_FACE ( 'NONE', ( #163 ), #1606, .F. ) ;
#903 = DIRECTION ( 'NONE',  ( 1.000000000000000000, 0.000000000000000000, 0.000000000000000000 ) ) ;
#904 = LINE ( 'NONE', #337, #1059 ) ;
#905 = CARTESIAN_POINT ( 'NONE',  ( 0.000000000000000000, 15.57735816907507420, -5.723636603138928969 ) ) ;
#906 = ORIENTED_EDGE ( 'NONE', *, *, #733, .T. ) ;
#907 = CARTESIAN_POINT ( 'NONE',  ( -4.000000000000000000, 15.72277472824916700, -5.311163557749946307 ) ) ;
#908 = CARTESIAN_POINT ( 'NONE',  ( 4.000000000000000000, 108.5000000000000000, -10.00000000000000000 ) ) ;
#909 = VECTOR ( 'NONE', #1114, 1000.000000000000000 ) ;
#910 = DIRECTION ( 'NONE',  ( -1.000000000000000000, -0.000000000000000000, -0.000000000000000000 ) ) ;
#911 = AXIS2_PLACEMENT_3D ( 'NONE', #242, #1970, #1081 ) ;
#912 = ORIENTED_EDGE ( 'NONE', *, *, #633, .F. ) ;
#913 = CARTESIAN_POINT ( 'NONE',  ( -4.000000000000000000, 22.64937619993136764, -12.13743008076483143 ) ) ;
#914 = EDGE_LOOP ( 'NONE', ( #1530, #1727, #1191, #81 ) ) ;
#915 = DIRECTION ( 'NONE',  ( 0.000000000000000000, 0.000000000000000000, -1.000000000000000000 ) ) ;
#916 = FACE_OUTER_BOUND ( 'NONE', #1602, .T. ) ;
#917 = ORIENTED_EDGE ( 'NONE', *, *, #55, .T. ) ;
#918 = ADVANCED_FACE ( 'NONE', ( #1419 ), #2120, .T. ) ;
#919 = CARTESIAN_POINT ( 'NONE',  ( -3.000000000000000000, 116.0000000000000000, 7.000000000000000000 ) ) ;
#920 = DIRECTION ( 'NONE',  ( -1.000000000000000000, -0.000000000000000000, -0.000000000000000000 ) ) ;
#921 = EDGE_CURVE ( 'NONE', #1034, #1669, #1917, .T. ) ;
#922 = CARTESIAN_POINT ( 'NONE',  ( 4.000000000000000888, 8.318504333049396848, -1.183158386315056987 ) ) ;
#923 = CYLINDRICAL_SURFACE ( 'NONE', #1461, 7.500000000000000000 ) ;
#924 = ORIENTED_EDGE ( 'NONE', *, *, #418, .F. ) ;
#925 = DIRECTION ( 'NONE',  ( 1.000000000000000000, 0.000000000000000000, 0.000000000000000000 ) ) ;
#926 = CIRCLE ( 'NONE', #997, 2.750000000000000000 ) ;
#927 = ORIENTED_EDGE ( 'NONE', *, *, #1155, .T. ) ;
#928 = AXIS2_PLACEMENT_3D ( 'NONE', #1675, #2050, #2064 ) ;
#929 = DIRECTION ( 'NONE',  ( 0.000000000000000000, 0.000000000000000000, -1.000000000000000000 ) ) ;
#930 = CIRCLE ( 'NONE', #233, 4.099999999999999645 ) ;
#931 = CYLINDRICAL_SURFACE ( 'NONE', #182, 4.099999999999999645 ) ;
#932 = EDGE_CURVE ( 'NONE', #636, #1443, #232, .T. ) ;
#933 = DIRECTION ( 'NONE',  ( 1.000000000000000000, 0.000000000000000000, 0.000000000000000000 ) ) ;
#934 = ORIENTED_EDGE ( 'NONE', *, *, #1096, .F. ) ;
#935 = CARTESIAN_POINT ( 'NONE',  ( 4.000000000000000888, 15.57735816907507420, -5.723636603138928969 ) ) ;
#936 = VECTOR ( 'NONE', #327, 1000.000000000000000 ) ;
#937 = DIRECTION ( 'NONE',  ( 0.000000000000000000, 0.000000000000000000, 1.000000000000000000 ) ) ;
#938 = ORIENTED_EDGE ( 'NONE', *, *, #1406, .T. ) ;
#939 = FACE_OUTER_BOUND ( 'NONE', #1015, .T. ) ;
#940 = CARTESIAN_POINT ( 'NONE',  ( 0.000000000000000000, 126.0000000000000000, -8.000000000000000000 ) ) ;
#941 = EDGE_CURVE ( 'NONE', #742, #1694, #961, .T. ) ;
#942 = CARTESIAN_POINT ( 'NONE',  ( -4.000000000000000000, 7.437571163313506872, -3.908952966807936136 ) ) ;
#943 = ORIENTED_EDGE ( 'NONE', *, *, #565, .T. ) ;
#944 = DIRECTION ( 'NONE',  ( 0.000000000000000000, 0.000000000000000000, 1.000000000000000000 ) ) ;
#945 = ORIENTED_EDGE ( 'NONE', *, *, #270, .T. ) ;
#946 = CARTESIAN_POINT ( 'NONE',  ( 4.000000000000000888, 8.090930988623492581, -2.265880368289832969 ) ) ;
#947 = DIRECTION ( 'NONE',  ( 0.000000000000000000, 0.000000000000000000, -1.000000000000000000 ) ) ;
#948 = ORIENTED_EDGE ( 'NONE', *, *, #729, .F. ) ;
#949 = ORGANIZATION ( '未', '未', '' ) ;
#950 = AXIS2_PLACEMENT_3D ( 'NONE', #64, #1633, #258 ) ;
#951 = FACE_OUTER_BOUND ( 'NONE', #1378, .T. ) ;
#952 = EDGE_CURVE ( 'NONE', #1043, #1150, #1551, .T. ) ;
#953 = EDGE_LOOP ( 'NONE', ( #511, #554, #460, #1890 ) ) ;
#954 = CARTESIAN_POINT ( 'NONE',  ( -4.000000000000000000, 22.64937619993136764, -4.637430080764832319 ) ) ;
#955 = EDGE_CURVE ( 'NONE', #2072, #580, #2272, .T. ) ;
#956 = ORIENTED_EDGE ( 'NONE', *, *, #1705, .F. ) ;
#957 = CARTESIAN_POINT ( 'NONE',  ( 4.000000000000000888, 10.65800205442613091, -10.63123205894939893 ) ) ;
#958 = AXIS2_PLACEMENT_3D ( 'NONE', #663, #1589, #2079 ) ;
#959 = DIRECTION ( 'NONE',  ( 1.000000000000000000, 0.000000000000000000, 0.000000000000000000 ) ) ;
#960 = CYLINDRICAL_SURFACE ( 'NONE', #116, 2.750000000000000000 ) ;
#961 = CIRCLE ( 'NONE', #2248, 4.099999999999999645 ) ;
#962 = ORIENTED_EDGE ( 'NONE', *, *, #633, .T. ) ;
#963 = CIRCLE ( 'NONE', #2173, 4.099999999999999645 ) ;
#964 = AXIS2_PLACEMENT_3D ( 'NONE', #1857, #1663, #753 ) ;
#965 = CARTESIAN_POINT ( 'NONE',  ( -4.000000000000000000, 7.886694238065557805, -2.897832310768298392 ) ) ;
#966 = ORIENTED_EDGE ( 'NONE', *, *, #1035, .F. ) ;
#967 = ADVANCED_FACE ( 'NONE', ( #1060 ), #188, .T. ) ;
#968 = CARTESIAN_POINT ( 'NONE',  ( 4.000000000000000888, 10.65800205442613091, -6.531232058949398400 ) ) ;
#969 = EDGE_LOOP ( 'NONE', ( #1202, #255, #600, #1598 ) ) ;
#970 = DIRECTION ( 'NONE',  ( -1.000000000000000000, -0.000000000000000000, -0.000000000000000000 ) ) ;
#971 = ADVANCED_FACE ( 'NONE', ( #1244, #1396 ), #1025, .T. ) ;
#972 = DIRECTION ( 'NONE',  ( 0.000000000000000000, 0.000000000000000000, -1.000000000000000000 ) ) ;
#973 = LINE ( 'NONE', #1438, #741 ) ;
#974 = VERTEX_POINT ( 'NONE', #346 ) ;
#975 = LINE ( 'NONE', #780, #1656 ) ;
#976 = ORIENTED_EDGE ( 'NONE', *, *, #45, .T. ) ;
#977 = VECTOR ( 'NONE', #692, 1000.000000000000000 ) ;
#978 = CARTESIAN_POINT ( 'NONE',  ( 3.799999999999999822, 122.0000000000000000, -8.000000000000000000 ) ) ;
#979 = EDGE_LOOP ( 'NONE', ( #778, #2059 ) ) ;
#980 = CIRCLE ( 'NONE', #1865, 4.099999999999999645 ) ;
#981 = DIRECTION ( 'NONE',  ( 1.000000000000000000, 0.000000000000000000, 0.000000000000000000 ) ) ;
#982 = CARTESIAN_POINT ( 'NONE',  ( 4.000000000000000888, 5.021051876504147385E-16, 4.099999999999999645 ) ) ;
#983 = EDGE_CURVE ( 'NONE', #2034, #615, #2131, .T. ) ;
#984 = ORIENTED_EDGE ( 'NONE', *, *, #2053, .T. ) ;
#985 = ORIENTED_EDGE ( 'NONE', *, *, #2108, .F. ) ;
#986 = ADVANCED_FACE ( 'NONE', ( #1596 ), #175, .F. ) ;
#987 = CARTESIAN_POINT ( 'NONE',  ( -4.000000000000000000, 7.807593525644010768, -3.104651581802849503 ) ) ;
#988 = CIRCLE ( 'NONE', #1354, 4.099999999999999645 ) ;
#989 = ORIENTED_EDGE ( 'NONE', *, *, #1155, .F. ) ;
#990 = LINE ( 'NONE', #1878, #286 ) ;
#991 = VERTEX_POINT ( 'NONE', #1558 ) ;
#992 = DIRECTION ( 'NONE',  ( 0.000000000000000000, 0.000000000000000000, -1.000000000000000000 ) ) ;
#993 = DIRECTION ( 'NONE',  ( 1.000000000000000000, 0.000000000000000000, 0.000000000000000000 ) ) ;
#994 = VERTEX_POINT ( 'NONE', #588 ) ;
#995 = CYLINDRICAL_SURFACE ( 'NONE', #375, 4.099999999999999645 ) ;
#996 = ADVANCED_FACE ( 'NONE', ( #1290 ), #739, .F. ) ;
#997 = AXIS2_PLACEMENT_3D ( 'NONE', #1748, #1055, #874 ) ;
#998 = ADVANCED_FACE ( 'NONE', ( #761 ), #395, .T. ) ;
#999 = LINE ( 'NONE', #1693, #261 ) ;
#1000 = ORIENTED_EDGE ( 'NONE', *, *, #758, .T. ) ;
#1001 = CARTESIAN_POINT ( 'NONE',  ( -4.000000000000000000, 0.000000000000000000, -4.099999999999999645 ) ) ;
#1002 = ORIENTED_EDGE ( 'NONE', *, *, #102, .F. ) ;
#1003 = DIRECTION ( 'NONE',  ( 1.000000000000000000, 0.000000000000000000, 0.000000000000000000 ) ) ;
#1004 = CARTESIAN_POINT ( 'NONE',  ( -4.000000000000000000, 11.55349702400846823, -4.771447004445025897 ) ) ;
#1005 = ORIENTED_EDGE ( 'NONE', *, *, #2082, .F. ) ;
#1006 = DIRECTION ( 'NONE',  ( 1.000000000000000000, 0.000000000000000000, 0.000000000000000000 ) ) ;
#1007 = DIRECTION ( 'NONE',  ( -0.000000000000000000, 1.000000000000000000, 0.000000000000000000 ) ) ;
#1008 = EDGE_CURVE ( 'NONE', #433, #796, #1126, .T. ) ;
#1009 = ORIENTED_EDGE ( 'NONE', *, *, #1591, .F. ) ;
#1010 = LINE ( 'NONE', #1683, #501 ) ;
#1011 = ORIENTED_EDGE ( 'NONE', *, *, #952, .T. ) ;
#1012 = DIRECTION ( 'NONE',  ( 1.000000000000000000, 0.000000000000000000, 0.000000000000000000 ) ) ;
#1013 = CARTESIAN_POINT ( 'NONE',  ( 4.000000000000000888, 10.98729518947880202, -5.960649664193991448 ) ) ;
#1014 = CIRCLE ( 'NONE', #1090, 4.099999999999999645 ) ;
#1015 = EDGE_LOOP ( 'NONE', ( #1688, #544, #515, #838 ) ) ;
#1016 = FACE_OUTER_BOUND ( 'NONE', #2234, .T. ) ;
#1017 = DIRECTION ( 'NONE',  ( -0.000000000000000000, 0.000000000000000000, -1.000000000000000000 ) ) ;
#1018 = ORIENTED_EDGE ( 'NONE', *, *, #1673, .T. ) ;
#1019 = EDGE_CURVE ( 'NONE', #303, #1877, #2197, .T. ) ;
#1020 = LOCAL_TIME ( 16, 54, 3.000000000000000000, #1457 ) ;
#1021 = LINE ( 'NONE', #2084, #1827 ) ;
#1022 = ORIENTED_EDGE ( 'NONE', *, *, #1911, .T. ) ;
#1023 = VECTOR ( 'NONE', #2276, 1000.000000000000000 ) ;
#1024 = EDGE_CURVE ( 'NONE', #564, #2013, #1629, .T. ) ;
#1025 = PLANE ( 'NONE',  #558 ) ;
#1026 = DIRECTION ( 'NONE',  ( 1.000000000000000000, 0.000000000000000000, -0.000000000000000000 ) ) ;
#1027 = ORIENTED_EDGE ( 'NONE', *, *, #1107, .F. ) ;
#1028 = DIRECTION ( 'NONE',  ( 0.000000000000000000, 0.000000000000000000, -1.000000000000000000 ) ) ;
#1029 = DIRECTION ( 'NONE',  ( 0.000000000000000000, 0.000000000000000000, 1.000000000000000000 ) ) ;
#1030 = CIRCLE ( 'NONE', #1070, 4.099999999999999645 ) ;
#1031 = ORIENTED_EDGE ( 'NONE', *, *, #394, .T. ) ;
#1032 = AXIS2_PLACEMENT_3D ( 'NONE', #1037, #39, #509 ) ;
#1033 = PLANE ( 'NONE',  #1498 ) ;
#1034 = VERTEX_POINT ( 'NONE', #1802 ) ;
#1035 = EDGE_CURVE ( 'NONE', #1510, #100, #1466, .T. ) ;
#1036 = CARTESIAN_POINT ( 'NONE',  ( -4.000000000000000000, 11.28607013731487463, -5.373511036148465259 ) ) ;
#1037 = CARTESIAN_POINT ( 'NONE',  ( -4.400000000000000355, 11.55349702400846823, -4.771447004445025897 ) ) ;
#1038 = ORIENTED_EDGE ( 'NONE', *, *, #1743, .T. ) ;
#1039 = EDGE_CURVE ( 'NONE', #557, #530, #101, .T. ) ;
#1040 = CARTESIAN_POINT ( 'NONE',  ( 4.000000000000000888, 12.35118113350237579, -1.923102859291454969 ) ) ;
#1041 = LINE ( 'NONE', #196, #434 ) ;
#1042 = LINE ( 'NONE', #1737, #519 ) ;
#1043 = VERTEX_POINT ( 'NONE', #750 ) ;
#1044 = CARTESIAN_POINT ( 'NONE',  ( 3.000000000000000000, 108.5000000000000000, -10.00000000000000000 ) ) ;
#1045 = ORIENTED_EDGE ( 'NONE', *, *, #1927, .T. ) ;
#1046 = DIRECTION ( 'NONE',  ( 0.000000000000000000, 0.000000000000000000, 1.000000000000000000 ) ) ;
#1047 =( LENGTH_UNIT ( ) NAMED_UNIT ( * ) SI_UNIT ( .MILLI., .METRE. ) );
#1048 = ORIENTED_EDGE ( 'NONE', *, *, #869, .F. ) ;
#1049 = DIRECTION ( 'NONE',  ( -0.000000000000000000, 1.000000000000000000, 0.000000000000000000 ) ) ;
#1051 = EDGE_CURVE ( 'NONE', #1904, #1823, #1992, .T. ) ;
#1050 = CARTESIAN_POINT ( 'NONE',  ( 4.000000000000000888, 15.72277472824916700, -5.311163557749946307 ) ) ;
#1052 = AXIS2_PLACEMENT_3D ( 'NONE', #1980, #1102, #1267 ) ;
#1053 = AXIS2_PLACEMENT_3D ( 'NONE', #568, #1456, #1962 ) ;
#1054 = EDGE_CURVE ( 'NONE', #1823, #1661, #1979, .T. ) ;
#1055 = DIRECTION ( 'NONE',  ( 1.000000000000000000, 0.000000000000000000, 0.000000000000000000 ) ) ;
#1056 = ORIENTED_EDGE ( 'NONE', *, *, #1804, .F. ) ;
#1057 = CARTESIAN_POINT ( 'NONE',  ( -4.400000000000000355, 11.14055131882347283, -5.669048977796935063 ) ) ;
#1058 = ORIENTED_EDGE ( 'NONE', *, *, #1900, .F. ) ;
#1059 = VECTOR ( 'NONE', #532, 1000.000000000000000 ) ;
#1060 = FACE_OUTER_BOUND ( 'NONE', #2003, .T. ) ;
#1061 = LINE ( 'NONE', #1949, #1735 ) ;
#1062 = EDGE_LOOP ( 'NONE', ( #660, #1707, #2019, #2037 ) ) ;
#1063 = VECTOR ( 'NONE', #732, 1000.000000000000000 ) ;
#1064 = CARTESIAN_POINT ( 'NONE',  ( 3.799999999999999822, 118.0000000000000000, -8.000000000000000000 ) ) ;
#1065 = DIRECTION ( 'NONE',  ( 0.000000000000000000, 0.000000000000000000, 1.000000000000000000 ) ) ;
#1066 = DIRECTION ( 'NONE',  ( 1.000000000000000000, 0.000000000000000000, 0.000000000000000000 ) ) ;
#1067 = ORIENTED_EDGE ( 'NONE', *, *, #1483, .F. ) ;
#1068 = EDGE_CURVE ( 'NONE', #1443, #1172, #38, .T. ) ;
#1069 = AXIS2_PLACEMENT_3D ( 'NONE', #431, #618, #1654 ) ;
#1070 = AXIS2_PLACEMENT_3D ( 'NONE', #1036, #1912, #2097 ) ;
#1071 = DIRECTION ( 'NONE',  ( -1.000000000000000000, -0.000000000000000000, -0.000000000000000000 ) ) ;
#1072 = ORIENTED_EDGE ( 'NONE', *, *, #2142, .F. ) ;
#1073 = CIRCLE ( 'NONE', #1257, 4.099999999999999645 ) ;
#1074 = FACE_OUTER_BOUND ( 'NONE', #1991, .T. ) ;
#1075 = CARTESIAN_POINT ( 'NONE',  ( 4.000000000000000888, 15.25417730277455419, -6.536373482900079246 ) ) ;
#1076 = ORIENTED_EDGE ( 'NONE', *, *, #1113, .T. ) ;
#1077 = CARTESIAN_POINT ( 'NONE',  ( 3.000000000000000000, 116.0000000000000000, -7.000000000000000000 ) ) ;
#1078 = LINE ( 'NONE', #1785, #621 ) ;
#1079 = LINE ( 'NONE', #428, #299 ) ;
#1080 = ORIENTED_EDGE ( 'NONE', *, *, #1673, .F. ) ;
#1081 = DIRECTION ( 'NONE',  ( 0.000000000000000000, 0.000000000000000000, 1.000000000000000000 ) ) ;
#1082 = EDGE_CURVE ( 'NONE', #1627, #2258, #598, .T. ) ;
#1083 = ORIENTED_EDGE ( 'NONE', *, *, #2008, .T. ) ;
#1084 = FACE_OUTER_BOUND ( 'NONE', #1751, .T. ) ;
#1085 = EDGE_CURVE ( 'NONE', #991, #645, #1658, .T. ) ;
#1086 = CYLINDRICAL_SURFACE ( 'NONE', #470, 4.100000000000000533 ) ;
#1087 = ORIENTED_EDGE ( 'NONE', *, *, #1911, .F. ) ;
#1088 = DIRECTION ( 'NONE',  ( 1.000000000000000000, 0.000000000000000000, 0.000000000000000000 ) ) ;
#1089 = DIRECTION ( 'NONE',  ( -1.000000000000000000, -0.000000000000000000, -0.000000000000000000 ) ) ;
#1090 = AXIS2_PLACEMENT_3D ( 'NONE', #1706, #1333, #129 ) ;
#1091 = CARTESIAN_POINT ( 'NONE',  ( -4.000000000000000000, 108.5000000000000000, -10.00000000000000000 ) ) ;
#1092 = AXIS2_PLACEMENT_3D ( 'NONE', #954, #214, #915 ) ;
#1093 = ORIENTED_EDGE ( 'NONE', *, *, #1576, .F. ) ;
#1094 = LINE ( 'NONE', #1278, #1425 ) ;
#1095 = ORIENTED_EDGE ( 'NONE', *, *, #617, .T. ) ;
#1096 = EDGE_CURVE ( 'NONE', #1439, #615, #688, .T. ) ;
#1097 = CARTESIAN_POINT ( 'NONE',  ( 0.000000000000000000, 108.5000000000000000, -10.00000000000000000 ) ) ;
#1098 = ORIENTED_EDGE ( 'NONE', *, *, #845, .T. ) ;
#1099 = DIRECTION ( 'NONE',  ( 1.000000000000000000, 0.000000000000000000, -0.000000000000000000 ) ) ;
#1100 = ADVANCED_FACE ( 'NONE', ( #1084 ), #1822, .T. ) ;
#1101 = CARTESIAN_POINT ( 'NONE',  ( 4.000000000000000888, 8.284437758432122934, -1.401951901005656254 ) ) ;
#1102 = DIRECTION ( 'NONE',  ( -1.000000000000000000, -0.000000000000000000, -0.000000000000000000 ) ) ;
#1103 = VERTEX_POINT ( 'NONE', #1812 ) ;
#1104 = DIRECTION ( 'NONE',  ( 0.000000000000000000, 0.000000000000000000, 1.000000000000000000 ) ) ;
#1105 = PERSON_AND_ORGANIZATION_ROLE ( 'creator' ) ;
#1106 = VECTOR ( 'NONE', #898, 1000.000000000000000 ) ;
#1107 = EDGE_CURVE ( 'NONE', #1669, #1926, #980, .T. ) ;
#1108 = VERTEX_POINT ( 'NONE', #935 ) ;
#1109 = AXIS2_PLACEMENT_3D ( 'NONE', #293, #1719, #1685 ) ;
#1110 = DIRECTION ( 'NONE',  ( 1.000000000000000000, 0.000000000000000000, 0.000000000000000000 ) ) ;
#1111 = VECTOR ( 'NONE', #1224, 1000.000000000000000 ) ;
#1112 = CARTESIAN_POINT ( 'NONE',  ( 4.000000000000000888, 12.29621559063195235, -2.247906169905594886 ) ) ;
#1113 = EDGE_CURVE ( 'NONE', #642, #1803, #2166, .T. ) ;
#1114 = DIRECTION ( 'NONE',  ( 1.000000000000000000, 0.000000000000000000, 0.000000000000000000 ) ) ;
#1115 = ORIENTED_EDGE ( 'NONE', *, *, #1348, .F. ) ;
#1116 = CARTESIAN_POINT ( 'NONE',  ( 0.000000000000000000, 7.807593525644010768, -3.104651581802849503 ) ) ;
#1117 = APPROVAL_STATUS ( 'not_yet_approved' ) ;
#1118 = ORIENTED_EDGE ( 'NONE', *, *, #1024, .F. ) ;
#1119 = DIRECTION ( 'NONE',  ( 0.000000000000000000, 0.000000000000000000, 1.000000000000000000 ) ) ;
#1120 = CARTESIAN_POINT ( 'NONE',  ( 0.000000000000000000, 22.00000000000000000, -14.00000000000000000 ) ) ;
#1121 = ADVANCED_FACE ( 'NONE', ( #1477 ), #254, .T. ) ;
#1122 = ADVANCED_FACE ( 'NONE', ( #1345 ), #1889, .T. ) ;
#1123 = CARTESIAN_POINT ( 'NONE',  ( 4.000000000000000888, 7.331981950770031453, -4.103586087759302892 ) ) ;
#1124 = AXIS2_PLACEMENT_3D ( 'NONE', #411, #1613, #380 ) ;
#1125 = EDGE_LOOP ( 'NONE', ( #372, #2202, #2010, #2157 ) ) ;
#1126 = LINE ( 'NONE', #413, #1681 ) ;
#1127 = ORIENTED_EDGE ( 'NONE', *, *, #1483, .T. ) ;
#1128 = DIRECTION ( 'NONE',  ( 0.000000000000000000, 0.000000000000000000, 1.000000000000000000 ) ) ;
#1129 = CARTESIAN_POINT ( 'NONE',  ( -4.000000000000000000, 10.98729518947880202, -5.960649664193991448 ) ) ;
#1130 = LINE ( 'NONE', #34, #887 ) ;
#1131 = CYLINDRICAL_SURFACE ( 'NONE', #1628, 4.099999999999999645 ) ;
#1132 = ORIENTED_EDGE ( 'NONE', *, *, #1563, .T. ) ;
#1133 = EDGE_CURVE ( 'NONE', #1783, #2222, #990, .T. ) ;
#1134 = CIRCLE ( 'NONE', #1, 4.099999999999999645 ) ;
#1135 = DIRECTION ( 'NONE',  ( -1.000000000000000000, -0.000000000000000000, -0.000000000000000000 ) ) ;
#1136 = EDGE_CURVE ( 'NONE', #2048, #2258, #1572, .T. ) ;
#1137 = EDGE_LOOP ( 'NONE', ( #2163, #16, #639, #198 ) ) ;
#1138 = CARTESIAN_POINT ( 'NONE',  ( -4.000000000000000000, 28.18814624916254985, 10.00000000000000178 ) ) ;
#1139 = COORDINATED_UNIVERSAL_TIME_OFFSET ( 8, 0, .AHEAD. ) ;
#1140 = ORIENTED_EDGE ( 'NONE', *, *, #43, .T. ) ;
#1141 = CARTESIAN_POINT ( 'NONE',  ( -4.000000000000000000, 10.65800205442613091, -10.63123205894939893 ) ) ;
#1142 = CIRCLE ( 'NONE', #1069, 4.099999999999999645 ) ;
#1143 = CARTESIAN_POINT ( 'NONE',  ( 3.799999999999999822, 126.0000000000000000, 8.000000000000000000 ) ) ;
#1144 = DIRECTION ( 'NONE',  ( -1.000000000000000000, -0.000000000000000000, -0.000000000000000000 ) ) ;
#1145 = CIRCLE ( 'NONE', #1441, 4.099999999999999645 ) ;
#1146 = ORIENTED_EDGE ( 'NONE', *, *, #1051, .T. ) ;
#1147 = VECTOR ( 'NONE', #1617, 1000.000000000000000 ) ;
#1148 = VECTOR ( 'NONE', #1964, 1000.000000000000000 ) ;
#1149 = DIRECTION ( 'NONE',  ( 0.000000000000000000, 0.000000000000000000, 1.000000000000000000 ) ) ;
#1150 = VERTEX_POINT ( 'NONE', #1001 ) ;
#1151 = EDGE_CURVE ( 'NONE', #1826, #654, #1323, .T. ) ;
#1152 = DIRECTION ( 'NONE',  ( -1.000000000000000000, -0.000000000000000000, -0.000000000000000000 ) ) ;
#1153 = EDGE_LOOP ( 'NONE', ( #1330, #2144, #496, #1534 ) ) ;
#1154 = CARTESIAN_POINT ( 'NONE',  ( 0.000000000000000000, 15.25417730277455419, -6.536373482900080134 ) ) ;
#1155 = EDGE_CURVE ( 'NONE', #823, #1696, #1356, .T. ) ;
#1156 = FACE_OUTER_BOUND ( 'NONE', #1153, .T. ) ;
#1157 = CARTESIAN_POINT ( 'NONE',  ( -4.000000000000000000, 54.25000000000000000, 10.00000000000000000 ) ) ;
#1158 = VERTEX_POINT ( 'NONE', #2025 ) ;
#1159 = AXIS2_PLACEMENT_3D ( 'NONE', #1561, #1549, #2054 ) ;
#1160 = DIRECTION ( 'NONE',  ( 1.000000000000000000, 0.000000000000000000, -0.000000000000000000 ) ) ;
#1161 = EDGE_LOOP ( 'NONE', ( #119, #1178, #2111, #1223 ) ) ;
#1162 = CIRCLE ( 'NONE', #911, 4.099999999999999645 ) ;
#1163 = DIRECTION ( 'NONE',  ( -0.000000000000000000, 1.000000000000000000, 0.000000000000000000 ) ) ;
#1164 = ORIENTED_EDGE ( 'NONE', *, *, #322, .F. ) ;
#1165 = EDGE_CURVE ( 'NONE', #160, #1266, #2161, .T. ) ;
#1166 = AXIS2_PLACEMENT_3D ( 'NONE', #302, #2047, #435 ) ;
#1167 = CARTESIAN_POINT ( 'NONE',  ( -4.400000000000000355, 0.000000000000000000, -4.099999999999999645 ) ) ;
#1168 = DIRECTION ( 'NONE',  ( 1.000000000000000000, 0.000000000000000000, 0.000000000000000000 ) ) ;
#1169 = ADVANCED_FACE ( 'NONE', ( #1670 ), #267, .F. ) ;
#1170 = LINE ( 'NONE', #296, #936 ) ;
#1171 = CARTESIAN_POINT ( 'NONE',  ( -4.400000000000000355, 12.29621559063195235, -2.247906169905594886 ) ) ;
#1172 = VERTEX_POINT ( 'NONE', #2213 ) ;
#1173 = DIRECTION ( 'NONE',  ( 1.000000000000000000, 0.000000000000000000, 0.000000000000000000 ) ) ;
#1174 = ORIENTED_EDGE ( 'NONE', *, *, #1521, .F. ) ;
#1176 = EDGE_CURVE ( 'NONE', #1755, #864, #635, .T. ) ;
#1175 = CARTESIAN_POINT ( 'NONE',  ( -4.000000000000000000, 10.98729518947880202, -5.960649664193991448 ) ) ;
#1177 = LINE ( 'NONE', #2051, #1773 ) ;
#1178 = ORIENTED_EDGE ( 'NONE', *, *, #449, .T. ) ;
#1179 = CARTESIAN_POINT ( 'NONE',  ( 4.000000000000000888, 14.88862660561637341, -7.330955005384629963 ) ) ;
#1180 = CIRCLE ( 'NONE', #667, 4.099999999999999645 ) ;
#1181 = AXIS2_PLACEMENT_3D ( 'NONE', #108, #1336, #2039 ) ;
#1182 = EDGE_CURVE ( 'NONE', #2072, #385, #1014, .T. ) ;
#1183 = AXIS2_PLACEMENT_3D ( 'NONE', #626, #1559, #822 ) ;
#1184 = AXIS2_PLACEMENT_3D ( 'NONE', #856, #870, #546 ) ;
#1185 = CARTESIAN_POINT ( 'NONE',  ( 4.000000000000000888, 7.960317501195900647, -2.689000443700868992 ) ) ;
#1186 = ORIENTED_EDGE ( 'NONE', *, *, #1237, .F. ) ;
#1187 = DIRECTION ( 'NONE',  ( -1.000000000000000000, -0.000000000000000000, -0.000000000000000000 ) ) ;
#1188 = ORIENTED_EDGE ( 'NONE', *, *, #266, .T. ) ;
#1189 = LINE ( 'NONE', #1891, #1954 ) ;
#1190 = DIRECTION ( 'NONE',  ( -1.000000000000000000, -0.000000000000000000, -0.000000000000000000 ) ) ;
#1191 = ORIENTED_EDGE ( 'NONE', *, *, #378, .T. ) ;
#1192 = CYLINDRICAL_SURFACE ( 'NONE', #419, 4.099999999999999645 ) ;
#1193 = LINE ( 'NONE', #1377, #410 ) ;
#1194 = ORIENTED_EDGE ( 'NONE', *, *, #1854, .F. ) ;
#1195 = ADVANCED_FACE ( 'NONE', ( #656 ), #2058, .F. ) ;
#1196 = LINE ( 'NONE', #2257, #1344 ) ;
#1197 = ORIENTED_EDGE ( 'NONE', *, *, #1605, .F. ) ;
#1198 = AXIS2_PLACEMENT_3D ( 'NONE', #505, #1206, #1739 ) ;
#1199 = DIRECTION ( 'NONE',  ( 0.000000000000000000, 0.000000000000000000, -1.000000000000000000 ) ) ;
#1200 = CARTESIAN_POINT ( 'NONE',  ( 4.000000000000000888, 0.000000000000000000, 0.000000000000000000 ) ) ;
#1201 = VECTOR ( 'NONE', #2001, 1000.000000000000000 ) ;
#1202 = ORIENTED_EDGE ( 'NONE', *, *, #17, .T. ) ;
#1203 = DIRECTION ( 'NONE',  ( -1.000000000000000000, -0.000000000000000000, -0.000000000000000000 ) ) ;
#1204 = DIRECTION ( 'NONE',  ( 1.000000000000000000, 0.000000000000000000, 0.000000000000000000 ) ) ;
#1205 = ORIENTED_EDGE ( 'NONE', *, *, #2210, .T. ) ;
#1206 = DIRECTION ( 'NONE',  ( 1.000000000000000000, 0.000000000000000000, 0.000000000000000000 ) ) ;
#1207 = EDGE_CURVE ( 'NONE', #320, #1910, #282, .T. ) ;
#1208 = ORIENTED_EDGE ( 'NONE', *, *, #955, .F. ) ;
#1209 = DIRECTION ( 'NONE',  ( 0.000000000000000000, -1.000000000000000000, -0.000000000000000000 ) ) ;
#1210 = CYLINDRICAL_SURFACE ( 'NONE', #1469, 4.099999999999999645 ) ;
#1211 = ORIENTED_EDGE ( 'NONE', *, *, #1068, .F. ) ;
#1212 = LINE ( 'NONE', #478, #1787 ) ;
#1213 = DIRECTION ( 'NONE',  ( 0.000000000000000000, 0.000000000000000000, -1.000000000000000000 ) ) ;
#1214 = CYLINDRICAL_SURFACE ( 'NONE', #958, 7.500000000000000000 ) ;
#1215 = AXIS2_PLACEMENT_3D ( 'NONE', #1306, #910, #1955 ) ;
#1216 = CIRCLE ( 'NONE', #1329, 4.099999999999999645 ) ;
#1217 = ORIENTED_EDGE ( 'NONE', *, *, #516, .F. ) ;
#1218 = AXIS2_PLACEMENT_3D ( 'NONE', #797, #1824, #53 ) ;
#1219 = DIRECTION ( 'NONE',  ( 1.000000000000000000, 0.000000000000000000, 0.000000000000000000 ) ) ;
#1220 = ORIENTED_EDGE ( 'NONE', *, *, #113, .T. ) ;
#1221 = DIRECTION ( 'NONE',  ( -1.000000000000000000, -0.000000000000000000, -0.000000000000000000 ) ) ;
#1222 = CYLINDRICAL_SURFACE ( 'NONE', #1032, 4.099999999999999645 ) ;
#1223 = ORIENTED_EDGE ( 'NONE', *, *, #394, .F. ) ;
#1224 = DIRECTION ( 'NONE',  ( 0.000000000000000000, 0.000000000000000000, 1.000000000000000000 ) ) ;
#1225 = EDGE_CURVE ( 'NONE', #1830, #539, #1010, .T. ) ;
#1226 = CARTESIAN_POINT ( 'NONE',  ( -4.000000000000000000, 96.49251865683187646, 12.30000000000000249 ) ) ;
#1227 = DIRECTION ( 'NONE',  ( 0.000000000000000000, 0.000000000000000000, 1.000000000000000000 ) ) ;
#1228 = EDGE_LOOP ( 'NONE', ( #115, #1146, #450, #278 ) ) ;
#1229 = AXIS2_PLACEMENT_3D ( 'NONE', #158, #489, #662 ) ;
#1230 = LINE ( 'NONE', #186, #1752 ) ;
#1231 = ORIENTED_EDGE ( 'NONE', *, *, #733, .F. ) ;
#1232 = CARTESIAN_POINT ( 'NONE',  ( 3.000000000000000000, 118.0000000000000000, -7.000000000000000000 ) ) ;
#1233 = VERTEX_POINT ( 'NONE', #1138 ) ;
#1234 = DIRECTION ( 'NONE',  ( -0.000000000000000000, 0.000000000000000000, 1.000000000000000000 ) ) ;
#1235 = DIRECTION ( 'NONE',  ( 0.000000000000000000, 0.000000000000000000, 1.000000000000000000 ) ) ;
#1236 = CIRCLE ( 'NONE', #612, 4.099999999999999645 ) ;
#1237 = EDGE_CURVE ( 'NONE', #1565, #1547, #63, .T. ) ;
#1238 = CARTESIAN_POINT ( 'NONE',  ( -4.000000000000000000, 14.48172142709473853, -8.105174149916017257 ) ) ;
#1239 = ORIENTED_EDGE ( 'NONE', *, *, #230, .F. ) ;
#1240 = CARTESIAN_POINT ( 'NONE',  ( 0.000000000000000000, 16.43024536205388131, -2.336908392545300917 ) ) ;
#1241 = ORIENTED_EDGE ( 'NONE', *, *, #2184, .F. ) ;
#1242 = CARTESIAN_POINT ( 'NONE',  ( -4.000000000000000000, 15.57735816907507420, -5.723636603138928969 ) ) ;
#1243 = LOCAL_TIME ( 16, 54, 3.000000000000000000, #396 ) ;
#1244 = FACE_BOUND ( 'NONE', #2130, .T. ) ;
#1245 = DIRECTION ( 'NONE',  ( 1.000000000000000000, 0.000000000000000000, 0.000000000000000000 ) ) ;
#1246 = VERTEX_POINT ( 'NONE', #1511 ) ;
#1247 = AXIS2_PLACEMENT_3D ( 'NONE', #1609, #920, #341 ) ;
#1248 = CARTESIAN_POINT ( 'NONE',  ( 4.000000000000000888, 11.99142454156851123, -3.529268686834191815 ) ) ;
#1249 = DIRECTION ( 'NONE',  ( 1.000000000000000000, 0.000000000000000000, -0.000000000000000000 ) ) ;
#1250 = EDGE_CURVE ( 'NONE', #843, #541, #459, .T. ) ;
#1251 = CARTESIAN_POINT ( 'NONE',  ( -4.000000000000000000, 98.00000000000000000, 10.00000000000000000 ) ) ;
#1252 = ORIENTED_EDGE ( 'NONE', *, *, #770, .F. ) ;
#1253 = AXIS2_PLACEMENT_3D ( 'NONE', #861, #2266, #1227 ) ;
#1254 = CIRCLE ( 'NONE', #2101, 4.099999999999999645 ) ;
#1255 = CARTESIAN_POINT ( 'NONE',  ( -4.400000000000000355, 11.28607013731487463, -5.373511036148465259 ) ) ;
#1256 = ORIENTED_EDGE ( 'NONE', *, *, #2265, .F. ) ;
#1257 = AXIS2_PLACEMENT_3D ( 'NONE', #2031, #1373, #2260 ) ;
#1258 = AXIS2_PLACEMENT_3D ( 'NONE', #1599, #21, #1805 ) ;
#1259 = DIRECTION ( 'NONE',  ( -1.000000000000000000, -0.000000000000000000, -0.000000000000000000 ) ) ;
#1260 = DIRECTION ( 'NONE',  ( 0.000000000000000000, 0.000000000000000000, 1.000000000000000000 ) ) ;
#1261 = ORIENTED_EDGE ( 'NONE', *, *, #185, .T. ) ;
#1262 = PLANE ( 'NONE',  #444 ) ;
#1263 = DIRECTION ( 'NONE',  ( -1.000000000000000000, -0.000000000000000000, -0.000000000000000000 ) ) ;
#1264 = CARTESIAN_POINT ( 'NONE',  ( -4.400000000000000355, 10.65800205442613091, -10.63123205894939893 ) ) ;
#1265 = EDGE_CURVE ( 'NONE', #1877, #1233, #837, .T. ) ;
#1266 = VERTEX_POINT ( 'NONE', #1867 ) ;
#1267 = DIRECTION ( 'NONE',  ( 0.000000000000000000, 0.000000000000000000, 1.000000000000000000 ) ) ;
#1268 = EDGE_CURVE ( 'NONE', #1332, #2222, #1542, .T. ) ;
#1269 = ORIENTED_EDGE ( 'NONE', *, *, #1136, .T. ) ;
#1270 = CIRCLE ( 'NONE', #274, 4.099999999999999645 ) ;
#1271 = DIRECTION ( 'NONE',  ( 1.000000000000000000, 0.000000000000000000, 0.000000000000000000 ) ) ;
#1272 = ORIENTED_EDGE ( 'NONE', *, *, #1998, .T. ) ;
#1273 = LINE ( 'NONE', #1620, #195 ) ;
#1274 = DIRECTION ( 'NONE',  ( -1.000000000000000000, -0.000000000000000000, -0.000000000000000000 ) ) ;
#1275 = AXIS2_PLACEMENT_3D ( 'NONE', #1809, #1990, #1999 ) ;
#1276 = AXIS2_PLACEMENT_3D ( 'NONE', #1973, #2155, #1831 ) ;
#1277 = ADVANCED_FACE ( 'NONE', ( #2011 ), #1842, .T. ) ;
#1278 = CARTESIAN_POINT ( 'NONE',  ( 0.000000000000000000, 15.72277472824916700, -5.311163557749946307 ) ) ;
#1279 = ORIENTED_EDGE ( 'NONE', *, *, #490, .F. ) ;
#1280 = EDGE_CURVE ( 'NONE', #265, #1672, #247, .T. ) ;
#1281 = DIRECTION ( 'NONE',  ( 0.000000000000000000, 0.000000000000000000, 1.000000000000000000 ) ) ;
#1282 = CALENDAR_DATE ( 2026, 29, 8 ) ;
#1283 = EDGE_LOOP ( 'NONE', ( #14, #1749, #597, #1517 ) ) ;
#1284 = CYLINDRICAL_SURFACE ( 'NONE', #1553, 4.099999999999999645 ) ;
#1285 = CARTESIAN_POINT ( 'NONE',  ( -3.799999999999999822, 126.0000000000000000, -8.000000000000000000 ) ) ;
#1286 = AXIS2_PLACEMENT_3D ( 'NONE', #409, #613, #1471 ) ;
#1287 = DIRECTION ( 'NONE',  ( 0.000000000000000000, 0.000000000000000000, -1.000000000000000000 ) ) ;
#1288 = ORIENTED_EDGE ( 'NONE', *, *, #1054, .F. ) ;
#1289 = AXIS2_PLACEMENT_3D ( 'NONE', #91, #792, #1321 ) ;
#1290 = FACE_OUTER_BOUND ( 'NONE', #1638, .T. ) ;
#1291 = CALENDAR_DATE ( 2026, 29, 8 ) ;
#1292 = VECTOR ( 'NONE', #1623, 1000.000000000000000 ) ;
#1293 = ORIENTED_EDGE ( 'NONE', *, *, #1971, .T. ) ;
#1294 = DIRECTION ( 'NONE',  ( 0.000000000000000000, 0.000000000000000000, -1.000000000000000000 ) ) ;
#1295 = DIRECTION ( 'NONE',  ( 1.000000000000000000, 0.000000000000000000, 0.000000000000000000 ) ) ;
#1296 = EDGE_CURVE ( 'NONE', #752, #2274, #173, .T. ) ;
#1297 = UNCERTAINTY_MEASURE_WITH_UNIT (LENGTH_MEASURE( 1.000000000000000082E-05 ), #1047, 'distance_accuracy_value', 'NONE');
#1298 = CARTESIAN_POINT ( 'NONE',  ( 4.000000000000000888, 11.55349702400846823, -4.771447004445025897 ) ) ;
#1299 = ORIENTED_EDGE ( 'NONE', *, *, #592, .T. ) ;
#1300 = DIRECTION ( 'NONE',  ( -1.000000000000000000, -0.000000000000000000, -0.000000000000000000 ) ) ;
#1301 = DATE_AND_TIME ( #1282, #2239 ) ;
#1302 = ORIENTED_EDGE ( 'NONE', *, *, #1394, .T. ) ;
#1303 = CARTESIAN_POINT ( 'NONE',  ( -4.400000000000000355, 0.000000000000000000, 0.000000000000000000 ) ) ;
#1305 = DIRECTION ( 'NONE',  ( -1.000000000000000000, -0.000000000000000000, 0.000000000000000000 ) ) ;
#1304 = CC_DESIGN_PERSON_AND_ORGANIZATION_ASSIGNMENT ( #1467, #71, ( #696 ) ) ;
#1306 = CARTESIAN_POINT ( 'NONE',  ( -4.000000000000000000, 0.000000000000000000, 0.000000000000000000 ) ) ;
#1307 = ORIENTED_EDGE ( 'NONE', *, *, #1576, .T. ) ;
#1308 = EDGE_CURVE ( 'NONE', #1512, #30, #538, .T. ) ;
#1309 = DIRECTION ( 'NONE',  ( -0.000000000000000000, 1.000000000000000000, 0.000000000000000000 ) ) ;
#1310 = AXIS2_PLACEMENT_3D ( 'NONE', #1581, #1567, #1934 ) ;
#1311 = ORIENTED_EDGE ( 'NONE', *, *, #2184, .T. ) ;
#1312 = DIRECTION ( 'NONE',  ( 0.000000000000000000, 0.000000000000000000, 1.000000000000000000 ) ) ;
#1313 = PERSON_AND_ORGANIZATION_ROLE ( 'design_owner' ) ;
#1314 = ORIENTED_EDGE ( 'NONE', *, *, #1895, .F. ) ;
#1315 = FACE_OUTER_BOUND ( 'NONE', #2214, .T. ) ;
#1316 = CARTESIAN_POINT ( 'NONE',  ( 4.000000000000000000, 22.00000000000000000, -12.10926456440823706 ) ) ;
#1317 = DIRECTION ( 'NONE',  ( 0.000000000000000000, 0.000000000000000000, 1.000000000000000000 ) ) ;
#1318 = VERTEX_POINT ( 'NONE', #15 ) ;
#1319 = AXIS2_PLACEMENT_3D ( 'NONE', #1918, #1263, #1065 ) ;
#1320 = EDGE_CURVE ( 'NONE', #295, #1612, #1196, .T. ) ;
#1321 = DIRECTION ( 'NONE',  ( 0.000000000000000000, 0.000000000000000000, -1.000000000000000000 ) ) ;
#1322 = ORIENTED_EDGE ( 'NONE', *, *, #2113, .F. ) ;
#1323 = LINE ( 'NONE', #471, #1642 ) ;
#1324 = ORIENTED_EDGE ( 'NONE', *, *, #857, .F. ) ;
#1325 = CARTESIAN_POINT ( 'NONE',  ( 0.000000000000000000, 118.0000000000000000, -8.000000000000000000 ) ) ;
#1326 = VECTOR ( 'NONE', #456, 1000.000000000000000 ) ;
#1327 = FACE_OUTER_BOUND ( 'NONE', #1832, .T. ) ;
#1328 = CARTESIAN_POINT ( 'NONE',  ( 0.000000000000000000, 15.07663745050254533, -6.936072857067304476 ) ) ;
#1329 = AXIS2_PLACEMENT_3D ( 'NONE', #531, #508, #2086 ) ;
#1330 = ORIENTED_EDGE ( 'NONE', *, *, #814, .T. ) ;
#1331 = CARTESIAN_POINT ( 'NONE',  ( 0.000000000000000000, 7.437571163313506872, -3.908952966807936136 ) ) ;
#1332 = VERTEX_POINT ( 'NONE', #1603 ) ;
#1333 = DIRECTION ( 'NONE',  ( 1.000000000000000000, 0.000000000000000000, 0.000000000000000000 ) ) ;
#1334 = EDGE_CURVE ( 'NONE', #100, #1755, #679, .T. ) ;
#1335 = ORIENTED_EDGE ( 'NONE', *, *, #1747, .F. ) ;
#1336 = DIRECTION ( 'NONE',  ( 1.000000000000000000, 0.000000000000000000, 0.000000000000000000 ) ) ;
#1337 = CARTESIAN_POINT ( 'NONE',  ( 0.000000000000000000, 22.00000000000000000, -14.00000000000000000 ) ) ;
#1338 = ORIENTED_EDGE ( 'NONE', *, *, #1804, .T. ) ;
#1339 = CARTESIAN_POINT ( 'NONE',  ( 3.000000000000000000, 108.5000000000000000, 6.999999999999997335 ) ) ;
#1340 = AXIS2_PLACEMENT_3D ( 'NONE', #1040, #1006, #1915 ) ;
#1341 = CARTESIAN_POINT ( 'NONE',  ( 0.000000000000000000, 14.48172142709473853, -8.105174149916017257 ) ) ;
#1342 = VERTEX_POINT ( 'NONE', #1556 ) ;
#1343 = PRODUCT_DEFINITION ( '�', '', #1801, #2151 ) ;
#1344 = VECTOR ( 'NONE', #495, 1000.000000000000000 ) ;
#1345 = FACE_OUTER_BOUND ( 'NONE', #1866, .T. ) ;
#1346 = ORIENTED_EDGE ( 'NONE', *, *, #1136, .F. ) ;
#1347 = VECTOR ( 'NONE', #1271, 1000.000000000000000 ) ;
#1348 = EDGE_CURVE ( 'NONE', #191, #235, #1230, .T. ) ;
#1349 = CYLINDRICAL_SURFACE ( 'NONE', #848, 4.100000000000000533 ) ;
#1350 = CARTESIAN_POINT ( 'NONE',  ( -4.000000000000000000, 22.64937619993136764, -4.637430080764832319 ) ) ;
#1351 = ORIENTED_EDGE ( 'NONE', *, *, #2078, .T. ) ;
#1352 = CARTESIAN_POINT ( 'NONE',  ( -4.400000000000000355, 11.28607013731487463, -5.373511036148465259 ) ) ;
#1353 = LINE ( 'NONE', #298, #1770 ) ;
#1354 = AXIS2_PLACEMENT_3D ( 'NONE', #1129, #1997, #1640 ) ;
#1355 = ORIENTED_EDGE ( 'NONE', *, *, #1895, .T. ) ;
#1356 = LINE ( 'NONE', #1855, #652 ) ;
#1357 = ORIENTED_EDGE ( 'NONE', *, *, #2180, .T. ) ;
#1358 = LINE ( 'NONE', #304, #1625 ) ;
#1359 = DIRECTION ( 'NONE',  ( 0.000000000000000000, 0.000000000000000000, -1.000000000000000000 ) ) ;
#1360 = ADVANCED_FACE ( 'NONE', ( #1379, #1726, #321, #1946, #540 ), #1033, .T. ) ;
#1361 = VERTEX_POINT ( 'NONE', #876 ) ;
#1362 = FACE_OUTER_BOUND ( 'NONE', #2196, .T. ) ;
#1363 = AXIS2_PLACEMENT_3D ( 'NONE', #1887, #114, #1149 ) ;
#1364 = CIRCLE ( 'NONE', #1771, 4.099999999999999645 ) ;
#1365 = EDGE_CURVE ( 'NONE', #1904, #2072, #27, .T. ) ;
#1366 = CIRCLE ( 'NONE', #2140, 4.099999999999999645 ) ;
#1367 = AXIS2_PLACEMENT_3D ( 'NONE', #1768, #545, #206 ) ;
#1368 = CARTESIAN_POINT ( 'NONE',  ( -4.000000000000000000, 11.99142454156851123, -3.529268686834191815 ) ) ;
#1369 = ORIENTED_EDGE ( 'NONE', *, *, #1451, .T. ) ;
#1370 = DIRECTION ( 'NONE',  ( 0.000000000000000000, -1.000000000000000000, -0.000000000000000000 ) ) ;
#1371 = EDGE_LOOP ( 'NONE', ( #793, #106, #730, #666 ) ) ;
#1372 = CARTESIAN_POINT ( 'NONE',  ( 4.000000000000000888, 12.35118113350237579, -1.923102859291454969 ) ) ;
#1373 = DIRECTION ( 'NONE',  ( -1.000000000000000000, -0.000000000000000000, -0.000000000000000000 ) ) ;
#1374 = EDGE_LOOP ( 'NONE', ( #1725, #650, #174, #1018 ) ) ;
#1375 = CARTESIAN_POINT ( 'NONE',  ( 4.000000000000000000, 34.50748134316813065, 12.30000000000000249 ) ) ;
#1376 = EDGE_CURVE ( 'NONE', #104, #2127, #1021, .T. ) ;
#1377 = CARTESIAN_POINT ( 'NONE',  ( 0.000000000000000000, 108.5000000000000000, -7.000000000000000000 ) ) ;
#1378 = EDGE_LOOP ( 'NONE', ( #330, #58, #68, #880 ) ) ;
#1379 = FACE_BOUND ( 'NONE', #300, .T. ) ;
#1380 = ORIENTED_EDGE ( 'NONE', *, *, #534, .T. ) ;
#1381 = AXIS2_PLACEMENT_3D ( 'NONE', #161, #331, #2270 ) ;
#1382 = CYLINDRICAL_SURFACE ( 'NONE', #1808, 4.099999999999999645 ) ;
#1383 = FACE_OUTER_BOUND ( 'NONE', #52, .T. ) ;
#1384 = VECTOR ( 'NONE', #2177, 1000.000000000000000 ) ;
#1385 = EDGE_LOOP ( 'NONE', ( #1188, #1076, #709, #1056 ) ) ;
#1386 = CARTESIAN_POINT ( 'NONE',  ( -4.400000000000000355, 10.98729518947880202, -5.960649664193991448 ) ) ;
#1387 = CARTESIAN_POINT ( 'NONE',  ( 4.000000000000000000, 0.000000000000000000, -14.00000000000000000 ) ) ;
#1388 = APPLICATION_CONTEXT ( 'configuration controlled 3d designs of mechanical parts and assemblies' ) ;
#1389 = CARTESIAN_POINT ( 'NONE',  ( -4.000000000000000000, 16.19434770005947399, -3.627286322034726673 ) ) ;
#1390 = ADVANCED_FACE ( 'NONE', ( #900 ), #704, .F. ) ;
#1391 = ORIENTED_EDGE ( 'NONE', *, *, #1622, .T. ) ;
#1392 = LOCAL_TIME ( 16, 54, 3.000000000000000000, #2146 ) ;
#1393 = DIRECTION ( 'NONE',  ( 0.000000000000000000, 0.000000000000000000, -1.000000000000000000 ) ) ;
#1394 = EDGE_CURVE ( 'NONE', #110, #2225, #669, .T. ) ;
#1395 = VERTEX_POINT ( 'NONE', #148 ) ;
#1396 = FACE_OUTER_BOUND ( 'NONE', #1820, .T. ) ;
#1397 = CARTESIAN_POINT ( 'NONE',  ( -3.799999999999999822, 118.0000000000000000, 8.000000000000000000 ) ) ;
#1398 = ORIENTED_EDGE ( 'NONE', *, *, #1622, .F. ) ;
#1399 = CARTESIAN_POINT ( 'NONE',  ( -4.000000000000000000, 22.64937619993136764, -7.837430080764831608 ) ) ;
#1400 = CARTESIAN_POINT ( 'NONE',  ( 4.000000000000000888, 11.89425918179023967, -3.844034146102051963 ) ) ;
#1401 = PRODUCT_DEFINITION_SHAPE ( 'NONE', 'NONE',  #1343 ) ;
#1402 = DIRECTION ( 'NONE',  ( 1.000000000000000000, 0.000000000000000000, 0.000000000000000000 ) ) ;
#1403 = CIRCLE ( 'NONE', #774, 4.099999999999999645 ) ;
#1404 = AXIS2_PLACEMENT_3D ( 'NONE', #1937, #2109, #522 ) ;
#1405 = ORIENTED_EDGE ( 'NONE', *, *, #1792, .T. ) ;
#1406 = EDGE_CURVE ( 'NONE', #1465, #1527, #871, .T. ) ;
#1407 = CARTESIAN_POINT ( 'NONE',  ( -4.000000000000000000, 22.64937619993136764, -4.637430080764832319 ) ) ;
#1408 = ORIENTED_EDGE ( 'NONE', *, *, #578, .F. ) ;
#1409 = EDGE_CURVE ( 'NONE', #2013, #147, #888, .T. ) ;
#1410 = DIRECTION ( 'NONE',  ( 0.000000000000000000, 0.000000000000000000, -1.000000000000000000 ) ) ;
#1411 = ORIENTED_EDGE ( 'NONE', *, *, #1717, .T. ) ;
#1412 = FACE_OUTER_BOUND ( 'NONE', #969, .T. ) ;
#1413 = CARTESIAN_POINT ( 'NONE',  ( 3.799999999999999822, 122.0000000000000000, 8.000000000000000000 ) ) ;
#1414 = CARTESIAN_POINT ( 'NONE',  ( 4.000000000000000888, 11.78883304765482798, -4.156129855348763336 ) ) ;
#1415 = ORIENTED_EDGE ( 'NONE', *, *, #1728, .F. ) ;
#1416 = AXIS2_PLACEMENT_3D ( 'NONE', #1352, #651, #1028 ) ;
#1417 = DIRECTION ( 'NONE',  ( 0.000000000000000000, 0.000000000000000000, -1.000000000000000000 ) ) ;
#1418 = ORIENTED_EDGE ( 'NONE', *, *, #1994, .F. ) ;
#1419 = FACE_OUTER_BOUND ( 'NONE', #2244, .T. ) ;
#1420 = CARTESIAN_POINT ( 'NONE',  ( 0.000000000000000000, 7.331981950770031453, -4.103586087759302892 ) ) ;
#1421 = ORIENTED_EDGE ( 'NONE', *, *, #1563, .F. ) ;
#1422 = ADVANCED_FACE ( 'NONE', ( #2094 ), #517, .F. ) ;
#1423 = DIRECTION ( 'NONE',  ( 0.000000000000000000, 0.000000000000000000, 1.000000000000000000 ) ) ;
#1424 = DIRECTION ( 'NONE',  ( 1.000000000000000000, 0.000000000000000000, 0.000000000000000000 ) ) ;
#1425 = VECTOR ( 'NONE', #1819, 1000.000000000000000 ) ;
#1426 = CARTESIAN_POINT ( 'NONE',  ( 4.000000000000000888, 11.28607013731487463, -5.373511036148465259 ) ) ;
#1427 = VERTEX_POINT ( 'NONE', #529 ) ;
#1428 = DIRECTION ( 'NONE',  ( 0.000000000000000000, 0.000000000000000000, -1.000000000000000000 ) ) ;
#1429 = ORIENTED_EDGE ( 'NONE', *, *, #1308, .F. ) ;
#1430 = DIRECTION ( 'NONE',  ( -1.000000000000000000, -0.000000000000000000, -0.000000000000000000 ) ) ;
#1431 = DIRECTION ( 'NONE',  ( 0.000000000000000000, 0.000000000000000000, -1.000000000000000000 ) ) ;
#1432 = ORIENTED_EDGE ( 'NONE', *, *, #112, .F. ) ;
#1433 = VECTOR ( 'NONE', #1305, 1000.000000000000000 ) ;
#1434 = CYLINDRICAL_SURFACE ( 'NONE', #1258, 2.750000000000000000 ) ;
#1436 = ADVANCED_FACE ( 'NONE', ( #344 ), #357, .F. ) ;
#1435 = CARTESIAN_POINT ( 'NONE',  ( -4.000000000000000000, 16.28430820358678588, -3.199282704457020454 ) ) ;
#1437 = EDGE_CURVE ( 'NONE', #177, #1468, #832, .T. ) ;
#1438 = CARTESIAN_POINT ( 'NONE',  ( -4.000000000000000000, 6.633249580710799620, 10.00000000000000000 ) ) ;
#1439 = VERTEX_POINT ( 'NONE', #1463 ) ;
#1440 = AXIS2_PLACEMENT_3D ( 'NONE', #1171, #126, #1529 ) ;
#1441 = AXIS2_PLACEMENT_3D ( 'NONE', #1372, #474, #799 ) ;
#1442 = CARTESIAN_POINT ( 'NONE',  ( -4.000000000000000000, 22.56346466276765383, 5.038855268018256339 ) ) ;
#1443 = VERTEX_POINT ( 'NONE', #1799 ) ;
#1444 = AXIS2_PLACEMENT_3D ( 'NONE', #1200, #993, #475 ) ;
#1445 = AXIS2_PLACEMENT_3D ( 'NONE', #425, #1833, #1128 ) ;
#1446 = DIRECTION ( 'NONE',  ( 0.000000000000000000, 0.000000000000000000, 1.000000000000000000 ) ) ;
#1447 = DATE_TIME_ROLE ( 'classification_date' ) ;
#1448 = ORIENTED_EDGE ( 'NONE', *, *, #1265, .F. ) ;
#1449 = CARTESIAN_POINT ( 'NONE',  ( 0.000000000000000000, 118.0000000000000000, -7.000000000000000000 ) ) ;
#1450 = FACE_OUTER_BOUND ( 'NONE', #1700, .T. ) ;
#1451 = EDGE_CURVE ( 'NONE', #1342, #2118, #2175, .T. ) ;
#1452 = EDGE_CURVE ( 'NONE', #1103, #1627, #2267, .T. ) ;
#1453 = CARTESIAN_POINT ( 'NONE',  ( 4.000000000000000888, 11.42375057954775386, -5.074241095600630302 ) ) ;
#1454 = ORIENTED_EDGE ( 'NONE', *, *, #506, .F. ) ;
#1455 = AXIS2_PLACEMENT_3D ( 'NONE', #134, #834, #1732 ) ;
#1456 = DIRECTION ( 'NONE',  ( -1.000000000000000000, -0.000000000000000000, -0.000000000000000000 ) ) ;
#1457 = COORDINATED_UNIVERSAL_TIME_OFFSET ( 8, 0, .AHEAD. ) ;
#1458 = EDGE_LOOP ( 'NONE', ( #1710, #605, #249, #966 ) ) ;
#1459 = CARTESIAN_POINT ( 'NONE',  ( 4.000000000000000000, 16.93878307637276137, 10.00000000000000000 ) ) ;
#1460 = DIRECTION ( 'NONE',  ( 0.000000000000000000, 0.000000000000000000, 1.000000000000000000 ) ) ;
#1461 = AXIS2_PLACEMENT_3D ( 'NONE', #585, #2162, #1428 ) ;
#1462 = VECTOR ( 'NONE', #1523, 1000.000000000000000 ) ;
#1463 = CARTESIAN_POINT ( 'NONE',  ( 4.000000000000000000, 22.64937619993136764, -12.13743008076483143 ) ) ;
#1464 = EDGE_CURVE ( 'NONE', #111, #369, #574, .T. ) ;
#1465 = VERTEX_POINT ( 'NONE', #1123 ) ;
#1466 = LINE ( 'NONE', #224, #1754 ) ;
#1467 = PERSON_AND_ORGANIZATION ( #805, #949 ) ;
#1468 = VERTEX_POINT ( 'NONE', #1790 ) ;
#1469 = AXIS2_PLACEMENT_3D ( 'NONE', #8, #1913, #348 ) ;
#1470 = DIRECTION ( 'NONE',  ( 1.000000000000000000, 0.000000000000000000, 0.000000000000000000 ) ) ;
#1471 = DIRECTION ( 'NONE',  ( 0.000000000000000000, 0.000000000000000000, -1.000000000000000000 ) ) ;
#1472 = VECTOR ( 'NONE', #1769, 1000.000000000000000 ) ;
#1473 = DIRECTION ( 'NONE',  ( 0.000000000000000000, 0.000000000000000000, -1.000000000000000000 ) ) ;
#1474 = ORIENTED_EDGE ( 'NONE', *, *, #2108, .T. ) ;
#1475 = AXIS2_PLACEMENT_3D ( 'NONE', #1906, #329, #1029 ) ;
#1476 = AXIS2_PLACEMENT_3D ( 'NONE', #694, #542, #1753 ) ;
#1477 = FACE_OUTER_BOUND ( 'NONE', #403, .T. ) ;
#1478 = PERSON_AND_ORGANIZATION ( #805, #949 ) ;
#1479 = CIRCLE ( 'NONE', #560, 4.099999999999999645 ) ;
#1480 = ORIENTED_EDGE ( 'NONE', *, *, #1548, .F. ) ;
#1481 = VECTOR ( 'NONE', #699, 1000.000000000000000 ) ;
#1482 = DIRECTION ( 'NONE',  ( 1.000000000000000000, 0.000000000000000000, 0.000000000000000000 ) ) ;
#1483 = EDGE_CURVE ( 'NONE', #867, #1158, #1236, .T. ) ;
#1484 = CARTESIAN_POINT ( 'NONE',  ( -4.400000000000000355, 11.42375057954775386, -5.074241095600630302 ) ) ;
#1485 = LINE ( 'NONE', #1328, #1106 ) ;
#1486 = ORIENTED_EDGE ( 'NONE', *, *, #1743, .F. ) ;
#1487 = CARTESIAN_POINT ( 'NONE',  ( 0.000000000000000000, 8.147830499532782156, -2.051886024357253202 ) ) ;
#1488 = ORIENTED_EDGE ( 'NONE', *, *, #547, .F. ) ;
#1489 = DIRECTION ( 'NONE',  ( -1.000000000000000000, -0.000000000000000000, -0.000000000000000000 ) ) ;
#1490 = DATE_AND_TIME ( #2189, #1243 ) ;
#1491 = ORIENTED_EDGE ( 'NONE', *, *, #1394, .F. ) ;
#1492 = FACE_OUTER_BOUND ( 'NONE', #1500, .T. ) ;
#1493 = CARTESIAN_POINT ( 'NONE',  ( 4.000000000000000000, 54.25000000000000000, -10.00000000000000000 ) ) ;
#1494 = CARTESIAN_POINT ( 'NONE',  ( -4.000000000000000000, 8.318504333049396848, -1.183158386315056987 ) ) ;
#1495 = EDGE_CURVE ( 'NONE', #636, #1439, #222, .T. ) ;
#1496 = ORIENTED_EDGE ( 'NONE', *, *, #67, .F. ) ;
#1497 = EDGE_CURVE ( 'NONE', #1800, #1731, #1162, .T. ) ;
#1498 = AXIS2_PLACEMENT_3D ( 'NONE', #1909, #1219, #199 ) ;
#1499 = CARTESIAN_POINT ( 'NONE',  ( 0.000000000000000000, 126.0000000000000000, -8.000000000000000000 ) ) ;
#1500 = EDGE_LOOP ( 'NONE', ( #736, #1761, #212, #1391 ) ) ;
#1501 = DIRECTION ( 'NONE',  ( 1.000000000000000000, 0.000000000000000000, 0.000000000000000000 ) ) ;
#1502 = ORIENTED_EDGE ( 'NONE', *, *, #2008, .F. ) ;
#1503 = FACE_OUTER_BOUND ( 'NONE', #1689, .T. ) ;
#1504 = CARTESIAN_POINT ( 'NONE',  ( 4.000000000000000888, 14.48172142709473853, -8.105174149916017257 ) ) ;
#1505 = LINE ( 'NONE', #1264, #1588 ) ;
#1506 = ORIENTED_EDGE ( 'NONE', *, *, #230, .T. ) ;
#1507 = LOCAL_TIME ( 16, 54, 3.000000000000000000, #2002 ) ;
#1508 = ADVANCED_FACE ( 'NONE', ( #1634 ), #923, .T. ) ;
#1509 = LINE ( 'NONE', #1331, #1326 ) ;
#1510 = VERTEX_POINT ( 'NONE', #49 ) ;
#1511 = CARTESIAN_POINT ( 'NONE',  ( -3.000000000000000000, 118.0000000000000000, 7.000000000000000000 ) ) ;
#1512 = VERTEX_POINT ( 'NONE', #725 ) ;
#1513 = CIRCLE ( 'NONE', #1807, 4.099999999999999645 ) ;
#1514 = CARTESIAN_POINT ( 'NONE',  ( 4.000000000000000888, 7.723070300781667008, -3.309314617145575621 ) ) ;
#1515 = CARTESIAN_POINT ( 'NONE',  ( -4.000000000000000000, 11.67521935948580492, -4.465339058558464025 ) ) ;
#1516 = VECTOR ( 'NONE', #1209, 1000.000000000000000 ) ;
#1517 = ORIENTED_EDGE ( 'NONE', *, *, #1778, .F. ) ;
#1518 = ORIENTED_EDGE ( 'NONE', *, *, #720, .F. ) ;
#1519 = CC_DESIGN_DATE_AND_TIME_ASSIGNMENT ( #1490, #1447, ( #696 ) ) ;
#1520 = CARTESIAN_POINT ( 'NONE',  ( 4.000000000000000888, 11.14055131882347283, -5.669048977796935063 ) ) ;
#1521 = EDGE_CURVE ( 'NONE', #1233, #235, #1898, .T. ) ;
#1522 = ORIENTED_EDGE ( 'NONE', *, *, #2150, .T. ) ;
#1523 = DIRECTION ( 'NONE',  ( -0.000000000000000000, 1.000000000000000000, 0.000000000000000000 ) ) ;
#1524 = ORIENTED_EDGE ( 'NONE', *, *, #573, .T. ) ;
#1525 = FACE_OUTER_BOUND ( 'NONE', #2088, .T. ) ;
#1526 = DIRECTION ( 'NONE',  ( 0.000000000000000000, 0.000000000000000000, 1.000000000000000000 ) ) ;
#1527 = VERTEX_POINT ( 'NONE', #596 ) ;
#1528 = ORIENTED_EDGE ( 'NONE', *, *, #334, .T. ) ;
#1529 = DIRECTION ( 'NONE',  ( 0.000000000000000000, 0.000000000000000000, -1.000000000000000000 ) ) ;
#1530 = ORIENTED_EDGE ( 'NONE', *, *, #2068, .T. ) ;
#1531 = ADVANCED_FACE ( 'NONE', ( #951 ), #57, .T. ) ;
#1532 = AXIS2_PLACEMENT_3D ( 'NONE', #368, #1777, #2117 ) ;
#1533 = CARTESIAN_POINT ( 'NONE',  ( -4.400000000000000355, 12.16070878990061388, -2.892604661413983536 ) ) ;
#1534 = ORIENTED_EDGE ( 'NONE', *, *, #2180, .F. ) ;
#1535 = EDGE_CURVE ( 'NONE', #1361, #867, #135, .T. ) ;
#1536 = DIRECTION ( 'NONE',  ( 0.000000000000000000, 0.000000000000000000, 1.000000000000000000 ) ) ;
#1537 = DIRECTION ( 'NONE',  ( 0.000000000000000000, 0.000000000000000000, 1.000000000000000000 ) ) ;
#1538 = ORIENTED_EDGE ( 'NONE', *, *, #2082, .T. ) ;
#1539 = LINE ( 'NONE', #1722, #455 ) ;
#1540 = CARTESIAN_POINT ( 'NONE',  ( 3.799999999999999822, 118.0000000000000000, 8.000000000000000000 ) ) ;
#1541 = ORIENTED_EDGE ( 'NONE', *, *, #869, .T. ) ;
#1542 = LINE ( 'NONE', #2245, #686 ) ;
#1543 = ORIENTED_EDGE ( 'NONE', *, *, #1452, .F. ) ;
#1544 = EDGE_CURVE ( 'NONE', #1043, #2147, #748, .T. ) ;
#1545 = DIRECTION ( 'NONE',  ( -0.000000000000000000, 1.000000000000000000, 0.000000000000000000 ) ) ;
#1546 = CARTESIAN_POINT ( 'NONE',  ( 4.000000000000000888, 7.886694238065557805, -2.897832310768298392 ) ) ;
#1547 = VERTEX_POINT ( 'NONE', #36 ) ;
#1548 = EDGE_CURVE ( 'NONE', #564, #110, #1829, .T. ) ;
#1549 = DIRECTION ( 'NONE',  ( 1.000000000000000000, 0.000000000000000000, 0.000000000000000000 ) ) ;
#1550 = VECTOR ( 'NONE', #1160, 1000.000000000000000 ) ;
#1551 = CIRCLE ( 'NONE', #813, 4.099999999999999645 ) ;
#1552 = CIRCLE ( 'NONE', #1444, 4.099999999999999645 ) ;
#1553 = AXIS2_PLACEMENT_3D ( 'NONE', #1303, #1986, #415 ) ;
#1554 = DIRECTION ( 'NONE',  ( 1.000000000000000000, 0.000000000000000000, 0.000000000000000000 ) ) ;
#1555 = EDGE_LOOP ( 'NONE', ( #61, #567, #143, #223 ) ) ;
#1556 = CARTESIAN_POINT ( 'NONE',  ( -4.000000000000000000, 0.000000000000000000, -14.00000000000000000 ) ) ;
#1557 = ORIENTED_EDGE ( 'NONE', *, *, #1987, .F. ) ;
#1558 = CARTESIAN_POINT ( 'NONE',  ( -3.799999999999999822, 126.0000000000000000, 8.000000000000000000 ) ) ;
#1559 = DIRECTION ( 'NONE',  ( 1.000000000000000000, 0.000000000000000000, 0.000000000000000000 ) ) ;
#1560 = ORIENTED_EDGE ( 'NONE', *, *, #378, .F. ) ;
#1561 = CARTESIAN_POINT ( 'NONE',  ( 4.000000000000000888, 10.82640818838596886, -6.248110573481328700 ) ) ;
#1562 = EDGE_CURVE ( 'NONE', #1172, #1439, #2043, .T. ) ;
#1563 = EDGE_CURVE ( 'NONE', #552, #167, #1094, .T. ) ;
#1564 = CARTESIAN_POINT ( 'NONE',  ( -4.400000000000000355, 22.64937619993136764, -7.837430080764831608 ) ) ;
#1565 = VERTEX_POINT ( 'NONE', #942 ) ;
#1566 = PRODUCT ( 'FrontAntiTipLink_V11_124mm_17_4PH', 'FrontAntiTipLink_V11_124mm_17_4PH', '', ( #2156 ) ) ;
#1567 = DIRECTION ( 'NONE',  ( 1.000000000000000000, 0.000000000000000000, 0.000000000000000000 ) ) ;
#1568 = ORIENTED_EDGE ( 'NONE', *, *, #55, .F. ) ;
#1569 = AXIS2_PLACEMENT_3D ( 'NONE', #1921, #1763, #714 ) ;
#1570 = CARTESIAN_POINT ( 'NONE',  ( -4.000000000000000000, 0.000000000000000000, 0.000000000000000000 ) ) ;
#1571 = DIRECTION ( 'NONE',  ( 1.000000000000000000, 0.000000000000000000, 0.000000000000000000 ) ) ;
#1572 = CIRCLE ( 'NONE', #576, 4.099999999999999645 ) ;
#1573 = EDGE_LOOP ( 'NONE', ( #713, #934, #524, #1607, #1682, #1302, #726, #1541, #465, #1307, #862, #1585, #791, #1454, #670 ) ) ;
#1574 = CARTESIAN_POINT ( 'NONE',  ( -4.000000000000000000, 16.93878307637276137, 10.00000000000000000 ) ) ;
#1575 = DIRECTION ( 'NONE',  ( 0.000000000000000000, 0.000000000000000000, -1.000000000000000000 ) ) ;
#1576 = EDGE_CURVE ( 'NONE', #826, #1877, #1643, .T. ) ;
#1577 = CARTESIAN_POINT ( 'NONE',  ( 4.000000000000000000, 28.18814624916254985, 10.00000000000000000 ) ) ;
#1578 = ORIENTED_EDGE ( 'NONE', *, *, #1789, .T. ) ;
#1579 = ADVANCED_FACE ( 'NONE', ( #768 ), #553, .F. ) ;
#1580 = CIRCLE ( 'NONE', #473, 2.750000000000000888 ) ;
#1581 = CARTESIAN_POINT ( 'NONE',  ( 4.000000000000000888, 12.23271010753587618, -2.571148269740501480 ) ) ;
#1582 = ORIENTED_EDGE ( 'NONE', *, *, #1994, .T. ) ;
#1583 = DIRECTION ( 'NONE',  ( -1.000000000000000000, -0.000000000000000000, -0.000000000000000000 ) ) ;
#1584 = CARTESIAN_POINT ( 'NONE',  ( 4.000000000000000888, 0.000000000000000000, -4.099999999999999645 ) ) ;
#1585 = ORIENTED_EDGE ( 'NONE', *, *, #2265, .T. ) ;
#1586 = CARTESIAN_POINT ( 'NONE',  ( -4.000000000000000000, 0.000000000000000000, 0.000000000000000000 ) ) ;
#1587 = LINE ( 'NONE', #1387, #1472 ) ;
#1588 = VECTOR ( 'NONE', #208, 1000.000000000000000 ) ;
#1589 = DIRECTION ( 'NONE',  ( 1.000000000000000000, 0.000000000000000000, 0.000000000000000000 ) ) ;
#1590 = AXIS2_PLACEMENT_3D ( 'NONE', #1337, #498, #2040 ) ;
#1591 = EDGE_CURVE ( 'NONE', #1933, #2007, #1715, .T. ) ;
#1592 = ORIENTED_EDGE ( 'NONE', *, *, #818, .F. ) ;
#1593 = DIRECTION ( 'NONE',  ( 1.000000000000000000, 0.000000000000000000, 0.000000000000000000 ) ) ;
#1594 = EDGE_CURVE ( 'NONE', #772, #1800, #2009, .T. ) ;
#1595 = ORIENTED_EDGE ( 'NONE', *, *, #770, .T. ) ;
#1596 = FACE_OUTER_BOUND ( 'NONE', #1788, .T. ) ;
#1597 = DIRECTION ( 'NONE',  ( 1.000000000000000000, 0.000000000000000000, 0.000000000000000000 ) ) ;
#1598 = ORIENTED_EDGE ( 'NONE', *, *, #31, .F. ) ;
#1599 = CARTESIAN_POINT ( 'NONE',  ( -4.000000000000000000, 33.00000000000000000, 10.00000000000000000 ) ) ;
#1600 = CARTESIAN_POINT ( 'NONE',  ( -4.400000000000000355, 22.56346466276765383, 8.238855268018257405 ) ) ;
#1601 = DIRECTION ( 'NONE',  ( -1.000000000000000000, -0.000000000000000000, -0.000000000000000000 ) ) ;
#1602 = EDGE_LOOP ( 'NONE', ( #1873, #94, #1272, #1217 ) ) ;
#1603 = CARTESIAN_POINT ( 'NONE',  ( -3.799999999999999822, 118.0000000000000000, -8.000000000000000000 ) ) ;
#1604 = ORIENTED_EDGE ( 'NONE', *, *, #1296, .F. ) ;
#1605 = EDGE_CURVE ( 'NONE', #823, #1830, #1142, .T. ) ;
#1606 = CYLINDRICAL_SURFACE ( 'NONE', #520, 4.099999999999999645 ) ;
#1607 = ORIENTED_EDGE ( 'NONE', *, *, #720, .T. ) ;
#1608 = FACE_BOUND ( 'NONE', #2268, .T. ) ;
#1609 = CARTESIAN_POINT ( 'NONE',  ( -4.000000000000000000, 11.89425918179023967, -3.844034146102051963 ) ) ;
#1610 = AXIS2_PLACEMENT_3D ( 'NONE', #968, #484, #806 ) ;
#1611 = CARTESIAN_POINT ( 'NONE',  ( 4.000000000000000888, 14.26310969633626335, -8.483973437176722143 ) ) ;
#1612 = VERTEX_POINT ( 'NONE', #2044 ) ;
#1613 = DIRECTION ( 'NONE',  ( 0.000000000000000000, 0.000000000000000000, 1.000000000000000000 ) ) ;
#1614 = ORIENTED_EDGE ( 'NONE', *, *, #1594, .F. ) ;
#1615 = AXIS2_PLACEMENT_3D ( 'NONE', #29, #1245, #1742 ) ;
#1616 = DIRECTION ( 'NONE',  ( 1.000000000000000000, 0.000000000000000000, -0.000000000000000000 ) ) ;
#1617 = DIRECTION ( 'NONE',  ( 1.000000000000000000, 0.000000000000000000, 0.000000000000000000 ) ) ;
#1618 = ORIENTED_EDGE ( 'NONE', *, *, #1686, .F. ) ;
#1619 = CIRCLE ( 'NONE', #734, 4.099999999999999645 ) ;
#1620 = CARTESIAN_POINT ( 'NONE',  ( -4.000000000000000000, 22.00000000000000000, -14.00000000000000000 ) ) ;
#1621 = CARTESIAN_POINT ( 'NONE',  ( -4.000000000000000000, 7.633183266360083152, -3.511679274681790641 ) ) ;
#1622 = EDGE_CURVE ( 'NONE', #1332, #843, #653, .T. ) ;
#1623 = DIRECTION ( 'NONE',  ( -1.000000000000000000, -0.000000000000000000, -0.000000000000000000 ) ) ;
#1624 = VECTOR ( 'NONE', #2115, 1000.000000000000000 ) ;
#1625 = VECTOR ( 'NONE', #625, 1000.000000000000000 ) ;
#1626 = DIRECTION ( 'NONE',  ( 1.000000000000000000, 0.000000000000000000, 0.000000000000000000 ) ) ;
#1627 = VERTEX_POINT ( 'NONE', #987 ) ;
#1628 = AXIS2_PLACEMENT_3D ( 'NONE', #1666, #789, #1782 ) ;
#1629 = LINE ( 'NONE', #1097, #760 ) ;
#1630 = PERSON_AND_ORGANIZATION ( #805, #949 ) ;
#1631 = VERTEX_POINT ( 'NONE', #965 ) ;
#1632 = CARTESIAN_POINT ( 'NONE',  ( -4.000000000000000000, 12.35118113350237579, -1.923102859291454969 ) ) ;
#1633 = DIRECTION ( 'NONE',  ( 1.000000000000000000, 0.000000000000000000, 0.000000000000000000 ) ) ;
#1634 = FACE_OUTER_BOUND ( 'NONE', #953, .T. ) ;
#1635 = VERTEX_POINT ( 'NONE', #479 ) ;
#1636 = CARTESIAN_POINT ( 'NONE',  ( -3.000000000000000000, 116.0000000000000000, -7.000000000000000000 ) ) ;
#1637 = PERSON_AND_ORGANIZATION_ROLE ( 'design_supplier' ) ;
#1638 = EDGE_LOOP ( 'NONE', ( #976, #1840, #414, #875 ) ) ;
#1639 = DIRECTION ( 'NONE',  ( -1.000000000000000000, -0.000000000000000000, -0.000000000000000000 ) ) ;
#1640 = DIRECTION ( 'NONE',  ( 0.000000000000000000, 0.000000000000000000, 1.000000000000000000 ) ) ;
#1641 = VECTOR ( 'NONE', #93, 1000.000000000000000 ) ;
#1642 = VECTOR ( 'NONE', #1187, 1000.000000000000000 ) ;
#1643 = LINE ( 'NONE', #2129, #426 ) ;
#1644 = EDGE_CURVE ( 'NONE', #1342, #654, #975, .T. ) ;
#1645 = ORIENTED_EDGE ( 'NONE', *, *, #476, .T. ) ;
#1646 = CARTESIAN_POINT ( 'NONE',  ( -4.000000000000000000, 27.89273808533600985, -10.00000000000000000 ) ) ;
#1647 = APPROVAL_DATE_TIME ( #1659, #458 ) ;
#1648 = ORIENTED_EDGE ( 'NONE', *, *, #1535, .F. ) ;
#1649 = CC_DESIGN_APPROVAL ( #458, ( #1343 ) ) ;
#1650 = CARTESIAN_POINT ( 'NONE',  ( -4.000000000000000000, 15.42112285785026238, -6.132134481200640863 ) ) ;
#1651 = LINE ( 'NONE', #1120, #145 ) ;
#1652 = AXIS2_PLACEMENT_3D ( 'NONE', #765, #754, #947 ) ;
#1653 = ORIENTED_EDGE ( 'NONE', *, *, #702, .F. ) ;
#1654 = DIRECTION ( 'NONE',  ( 0.000000000000000000, 0.000000000000000000, 1.000000000000000000 ) ) ;
#1655 = ORIENTED_EDGE ( 'NONE', *, *, #1207, .F. ) ;
#1656 = VECTOR ( 'NONE', #1864, 1000.000000000000000 ) ;
#1657 = ADVANCED_FACE ( 'NONE', ( #287 ), #2230, .T. ) ;
#1658 = LINE ( 'NONE', #2188, #1201 ) ;
#1659 = DATE_AND_TIME ( #84, #1020 ) ;
#1660 = AXIS2_PLACEMENT_3D ( 'NONE', #1515, #1190, #1870 ) ;
#1661 = VERTEX_POINT ( 'NONE', #264 ) ;
#1662 = VECTOR ( 'NONE', #786, 1000.000000000000000 ) ;
#1663 = DIRECTION ( 'NONE',  ( 0.000000000000000000, -1.000000000000000000, 0.000000000000000000 ) ) ;
#1664 = CYLINDRICAL_SURFACE ( 'NONE', #1836, 4.099999999999999645 ) ;
#1665 = DIRECTION ( 'NONE',  ( 0.000000000000000000, 0.000000000000000000, 1.000000000000000000 ) ) ;
#1666 = CARTESIAN_POINT ( 'NONE',  ( -4.400000000000000355, 12.08026164392069468, -3.212052087749885487 ) ) ;
#1667 = EDGE_LOOP ( 'NONE', ( #706, #533 ) ) ;
#1668 = DIRECTION ( 'NONE',  ( 0.000000000000000000, 0.000000000000000000, -1.000000000000000000 ) ) ;
#1669 = VERTEX_POINT ( 'NONE', #816 ) ;
#1670 = FACE_OUTER_BOUND ( 'NONE', #1888, .T. ) ;
#1671 = APPROVAL_STATUS ( 'not_yet_approved' ) ;
#1672 = VERTEX_POINT ( 'NONE', #275 ) ;
#1673 = EDGE_CURVE ( 'NONE', #1266, #160, #1697, .T. ) ;
#1674 = CARTESIAN_POINT ( 'NONE',  ( -4.000000000000000000, 22.56346466276765383, 8.238855268018257405 ) ) ;
#1675 = CARTESIAN_POINT ( 'NONE',  ( -4.400000000000000355, 12.23271010753587618, -2.571148269740501480 ) ) ;
#1676 = LINE ( 'NONE', #23, #1989 ) ;
#1677 = EDGE_CURVE ( 'NONE', #1427, #369, #1353, .T. ) ;
#1678 = ORIENTED_EDGE ( 'NONE', *, *, #2053, .F. ) ;
#1679 = VECTOR ( 'NONE', #402, 1000.000000000000000 ) ;
#1680 = DIRECTION ( 'NONE',  ( 0.000000000000000000, 0.000000000000000000, -1.000000000000000000 ) ) ;
#1681 = VECTOR ( 'NONE', #83, 1000.000000000000000 ) ;
#1682 = ORIENTED_EDGE ( 'NONE', *, *, #1548, .T. ) ;
#1683 = CARTESIAN_POINT ( 'NONE',  ( 0.000000000000000000, 8.028412182370571415, -2.478301018043007620 ) ) ;
#1684 = ORIENTED_EDGE ( 'NONE', *, *, #1464, .F. ) ;
#1686 = EDGE_CURVE ( 'NONE', #1803, #1740, #76, .T. ) ;
#1685 = DIRECTION ( 'NONE',  ( 0.000000000000000000, 0.000000000000000000, -1.000000000000000000 ) ) ;
#1687 = DIRECTION ( 'NONE',  ( 0.000000000000000000, 0.000000000000000000, 1.000000000000000000 ) ) ;
#1688 = ORIENTED_EDGE ( 'NONE', *, *, #1858, .T. ) ;
#1689 = EDGE_LOOP ( 'NONE', ( #1299, #1604, #493, #92 ) ) ;
#1690 = AXIS2_PLACEMENT_3D ( 'NONE', #894, #728, #1963 ) ;
#1691 = AXIS2_PLACEMENT_3D ( 'NONE', #582, #271, #746 ) ;
#1692 = EDGE_CURVE ( 'NONE', #1510, #864, #999, .T. ) ;
#1693 = CARTESIAN_POINT ( 'NONE',  ( 3.000000000000000000, 118.0000000000000000, -7.000000000000000000 ) ) ;
#1694 = VERTEX_POINT ( 'NONE', #445 ) ;
#1695 = CARTESIAN_POINT ( 'NONE',  ( 0.000000000000000000, 122.0000000000000000, -8.000000000000000000 ) ) ;
#1696 = VERTEX_POINT ( 'NONE', #1185 ) ;
#1697 = CIRCLE ( 'NONE', #2023, 3.199999999999999734 ) ;
#1698 = CARTESIAN_POINT ( 'NONE',  ( 4.000000000000000888, 16.43024536205388131, -2.336908392545301361 ) ) ;
#1699 = DIRECTION ( 'NONE',  ( -0.000000000000000000, 1.000000000000000000, 0.000000000000000000 ) ) ;
#1700 = EDGE_LOOP ( 'NONE', ( #312, #406, #172, #1241 ) ) ;
#1701 = CYLINDRICAL_SURFACE ( 'NONE', #1229, 3.199999999999999734 ) ;
#1702 = EDGE_CURVE ( 'NONE', #826, #104, #371, .T. ) ;
#1703 = CARTESIAN_POINT ( 'NONE',  ( -4.000000000000000000, 14.26310969633626158, -8.483973437176722143 ) ) ;
#1704 = ORIENTED_EDGE ( 'NONE', *, *, #1717, .F. ) ;
#1705 = EDGE_CURVE ( 'NONE', #2107, #111, #632, .T. ) ;
#1706 = CARTESIAN_POINT ( 'NONE',  ( 4.000000000000000888, 12.29621559063195235, -2.247906169905594886 ) ) ;
#1707 = ORIENTED_EDGE ( 'NONE', *, *, #297, .T. ) ;
#1708 = DIRECTION ( 'NONE',  ( 1.000000000000000000, 0.000000000000000000, 0.000000000000000000 ) ) ;
#1709 = DIRECTION ( 'NONE',  ( -1.000000000000000000, -0.000000000000000000, -0.000000000000000000 ) ) ;
#1710 = ORIENTED_EDGE ( 'NONE', *, *, #2138, .F. ) ;
#1711 = CYLINDRICAL_SURFACE ( 'NONE', #1455, 4.099999999999999645 ) ;
#1712 = LINE ( 'NONE', #1564, #1624 ) ;
#1713 = EDGE_CURVE ( 'NONE', #1740, #1635, #1403, .T. ) ;
#1714 = ORIENTED_EDGE ( 'NONE', *, *, #729, .T. ) ;
#1715 = CIRCLE ( 'NONE', #211, 4.099999999999999645 ) ;
#1716 = DIRECTION ( 'NONE',  ( 1.000000000000000000, 0.000000000000000000, 0.000000000000000000 ) ) ;
#1717 = EDGE_CURVE ( 'NONE', #1527, #320, #190, .T. ) ;
#1718 = ORIENTED_EDGE ( 'NONE', *, *, #45, .F. ) ;
#1719 = DIRECTION ( 'NONE',  ( 1.000000000000000000, 0.000000000000000000, 0.000000000000000000 ) ) ;
#1720 = FACE_OUTER_BOUND ( 'NONE', #2168, .T. ) ;
#1721 = ORIENTED_EDGE ( 'NONE', *, *, #705, .F. ) ;
#1722 = CARTESIAN_POINT ( 'NONE',  ( 0.000000000000000000, 14.88862660561637341, -7.330955005384629963 ) ) ;
#1723 = CARTESIAN_POINT ( 'NONE',  ( 4.000000000000000000, 0.000000000000000000, -12.00000000000000000 ) ) ;
#1724 = AXIS2_PLACEMENT_3D ( 'NONE', #1758, #721, #12 ) ;
#1725 = ORIENTED_EDGE ( 'NONE', *, *, #1775, .F. ) ;
#1726 = FACE_BOUND ( 'NONE', #1795, .T. ) ;
#1727 = ORIENTED_EDGE ( 'NONE', *, *, #516, .T. ) ;
#1728 = EDGE_CURVE ( 'NONE', #1565, #1635, #1509, .T. ) ;
#1729 = CARTESIAN_POINT ( 'NONE',  ( 4.000000000000000000, 22.00000000000000000, -14.00000000000000000 ) ) ;
#1730 = LINE ( 'NONE', #305, #2249 ) ;
#1731 = VERTEX_POINT ( 'NONE', #1703 ) ;
#1732 = DIRECTION ( 'NONE',  ( 0.000000000000000000, 0.000000000000000000, -1.000000000000000000 ) ) ;
#1733 = ADVANCED_FACE ( 'NONE', ( #468 ), #825, .F. ) ;
#1734 = AXIS2_PLACEMENT_3D ( 'NONE', #1943, #1402, #2091 ) ;
#1735 = VECTOR ( 'NONE', #1571, 1000.000000000000000 ) ;
#1736 = VECTOR ( 'NONE', #1049, 1000.000000000000000 ) ;
#1737 = CARTESIAN_POINT ( 'NONE',  ( 0.000000000000000000, 108.5000000000000000, 10.00000000000000000 ) ) ;
#1738 = ORIENTED_EDGE ( 'NONE', *, *, #2068, .F. ) ;
#1739 = DIRECTION ( 'NONE',  ( 0.000000000000000000, 0.000000000000000000, -1.000000000000000000 ) ) ;
#1740 = VERTEX_POINT ( 'NONE', #514 ) ;
#1741 = CARTESIAN_POINT ( 'NONE',  ( -4.000000000000000000, 12.29621559063195235, -2.247906169905594886 ) ) ;
#1742 = DIRECTION ( 'NONE',  ( 0.000000000000000000, 0.000000000000000000, -1.000000000000000000 ) ) ;
#1743 = EDGE_CURVE ( 'NONE', #369, #539, #333, .T. ) ;
#1744 = ORIENTED_EDGE ( 'NONE', *, *, #2210, .F. ) ;
#1745 = CYLINDRICAL_SURFACE ( 'NONE', #1931, 4.099999999999999645 ) ;
#1746 = FACE_OUTER_BOUND ( 'NONE', #849, .T. ) ;
#1747 = EDGE_CURVE ( 'NONE', #1755, #1612, #1193, .T. ) ;
#1748 = CARTESIAN_POINT ( 'NONE',  ( -4.000000000000000000, 98.00000000000000000, 10.00000000000000000 ) ) ;
#1749 = ORIENTED_EDGE ( 'NONE', *, *, #1775, .T. ) ;
#1750 = DIRECTION ( 'NONE',  ( -1.000000000000000000, -0.000000000000000000, -0.000000000000000000 ) ) ;
#1751 = EDGE_LOOP ( 'NONE', ( #1252, #1568, #634, #1048 ) ) ;
#1752 = VECTOR ( 'NONE', #1899, 1000.000000000000000 ) ;
#1753 = DIRECTION ( 'NONE',  ( -1.000000000000000000, 0.000000000000000000, 0.000000000000000000 ) ) ;
#1754 = VECTOR ( 'NONE', #782, 1000.000000000000000 ) ;
#1755 = VERTEX_POINT ( 'NONE', #492 ) ;
#1756 = CARTESIAN_POINT ( 'NONE',  ( -4.000000000000000000, 6.633249580710799620, 10.00000000000000000 ) ) ;
#1757 = APPROVAL ( #1117, '未' ) ;
#1758 = CARTESIAN_POINT ( 'NONE',  ( -4.000000000000000000, 22.56346466276765383, 5.038855268018256339 ) ) ;
#1759 = EDGE_CURVE ( 'NONE', #90, #796, #1916, .T. ) ;
#1760 = LINE ( 'NONE', #183, #664 ) ;
#1761 = ORIENTED_EDGE ( 'NONE', *, *, #1133, .T. ) ;
#1762 = AXIS2_PLACEMENT_3D ( 'NONE', #387, #1940, #1575 ) ;
#1763 = DIRECTION ( 'NONE',  ( 1.000000000000000000, 0.000000000000000000, 0.000000000000000000 ) ) ;
#1764 = ORIENTED_EDGE ( 'NONE', *, *, #1085, .T. ) ;
#1765 = DIRECTION ( 'NONE',  ( 0.000000000000000000, 0.000000000000000000, 1.000000000000000000 ) ) ;
#1766 = FACE_OUTER_BOUND ( 'NONE', #290, .T. ) ;
#1767 = EDGE_LOOP ( 'NONE', ( #1965, #1908, #1058, #35 ) ) ;
#1768 = CARTESIAN_POINT ( 'NONE',  ( -4.400000000000000355, 10.82640818838596886, -6.248110573481328700 ) ) ;
#1769 = DIRECTION ( 'NONE',  ( 0.000000000000000000, 0.000000000000000000, 1.000000000000000000 ) ) ;
#1770 = VECTOR ( 'NONE', #103, 1000.000000000000000 ) ;
#1771 = AXIS2_PLACEMENT_3D ( 'NONE', #1902, #1708, #972 ) ;
#1772 = DIRECTION ( 'NONE',  ( 1.000000000000000000, 0.000000000000000000, 0.000000000000000000 ) ) ;
#1773 = VECTOR ( 'NONE', #1883, 1000.000000000000000 ) ;
#1774 = VECTOR ( 'NONE', #1099, 1000.000000000000000 ) ;
#1775 = EDGE_CURVE ( 'NONE', #1672, #160, #1919, .T. ) ;
#1776 = ORIENTED_EDGE ( 'NONE', *, *, #921, .T. ) ;
#1777 = DIRECTION ( 'NONE',  ( 1.000000000000000000, 0.000000000000000000, 0.000000000000000000 ) ) ;
#1778 = EDGE_CURVE ( 'NONE', #265, #1266, #1712, .T. ) ;
#1779 = EDGE_LOOP ( 'NONE', ( #253, #1351, #763, #1814 ) ) ;
#1780 = DIRECTION ( 'NONE',  ( 0.000000000000000000, 0.000000000000000000, -1.000000000000000000 ) ) ;
#1781 = LINE ( 'NONE', #189, #221 ) ;
#1782 = DIRECTION ( 'NONE',  ( 0.000000000000000000, 0.000000000000000000, -1.000000000000000000 ) ) ;
#1783 = VERTEX_POINT ( 'NONE', #1540 ) ;
#1784 = CARTESIAN_POINT ( 'NONE',  ( 4.000000000000000888, 22.64937619993136764, -1.437430080764831919 ) ) ;
#1785 = CARTESIAN_POINT ( 'NONE',  ( 4.000000000000000000, 11.00000000000000000, -14.00000000000000000 ) ) ;
#1786 = CARTESIAN_POINT ( 'NONE',  ( -4.000000000000000000, 100.7500000000000000, 10.00000000000000000 ) ) ;
#1787 = VECTOR ( 'NONE', #1203, 1000.000000000000000 ) ;
#1788 = EDGE_LOOP ( 'NONE', ( #1405, #1132, #24, #1938 ) ) ;
#1789 = EDGE_CURVE ( 'NONE', #1233, #1395, #846, .T. ) ;
#1790 = CARTESIAN_POINT ( 'NONE',  ( -4.000000000000000000, 14.69027534498876797, -7.720745675182990375 ) ) ;
#1791 = ORIENTED_EDGE ( 'NONE', *, *, #1953, .F. ) ;
#1792 = EDGE_CURVE ( 'NONE', #1108, #552, #707, .T. ) ;
#1793 = CARTESIAN_POINT ( 'NONE',  ( -4.000000000000000000, 12.35118113350237579, -1.923102859291454969 ) ) ;
#1794 = DIRECTION ( 'NONE',  ( 1.000000000000000000, 0.000000000000000000, 0.000000000000000000 ) ) ;
#1795 = EDGE_LOOP ( 'NONE', ( #769, #1324 ) ) ;
#1796 = DIRECTION ( 'NONE',  ( 0.000000000000000000, 0.000000000000000000, -1.000000000000000000 ) ) ;
#1797 = DIRECTION ( 'NONE',  ( 1.000000000000000000, 0.000000000000000000, 0.000000000000000000 ) ) ;
#1798 = FACE_OUTER_BOUND ( 'NONE', #133, .T. ) ;
#1799 = CARTESIAN_POINT ( 'NONE',  ( -4.000000000000000000, 27.89273808533600985, -10.00000000000000000 ) ) ;
#1800 = VERTEX_POINT ( 'NONE', #1238 ) ;
#1801 = PRODUCT_DEFINITION_FORMATION_WITH_SPECIFIED_SOURCE ( '�', '', #1566, .NOT_KNOWN. ) ;
#1802 = CARTESIAN_POINT ( 'NONE',  ( -4.000000000000000000, 8.244617494581042649, -1.619771735189075468 ) ) ;
#1803 = VERTEX_POINT ( 'NONE', #146 ) ;
#1804 = EDGE_CURVE ( 'NONE', #1547, #1740, #884, .T. ) ;
#1805 = DIRECTION ( 'NONE',  ( 0.000000000000000000, 0.000000000000000000, -1.000000000000000000 ) ) ;
#1806 = FACE_OUTER_BOUND ( 'NONE', #209, .T. ) ;
#1807 = AXIS2_PLACEMENT_3D ( 'NONE', #440, #1601, #1317 ) ;
#1808 = AXIS2_PLACEMENT_3D ( 'NONE', #2259, #903, #1410 ) ;
#1809 = CARTESIAN_POINT ( 'NONE',  ( -4.000000000000000000, 11.55349702400846823, -4.771447004445025897 ) ) ;
#1810 = ORIENTED_EDGE ( 'NONE', *, *, #2150, .F. ) ;
#1811 = CIRCLE ( 'NONE', #120, 4.099999999999999645 ) ;
#1812 = CARTESIAN_POINT ( 'NONE',  ( -4.000000000000000000, 7.723070300781667008, -3.309314617145575621 ) ) ;
#1813 = PERSON_AND_ORGANIZATION ( #805, #949 ) ;
#1814 = ORIENTED_EDGE ( 'NONE', *, *, #1265, .T. ) ;
#1815 = CARTESIAN_POINT ( 'NONE',  ( -4.000000000000000000, 11.28607013731487463, -5.373511036148465259 ) ) ;
#1817 = ADVANCED_FACE ( 'NONE', ( #2255 ), #835, .T. ) ;
#1816 = DIRECTION ( 'NONE',  ( 0.000000000000000000, 0.000000000000000000, -1.000000000000000000 ) ) ;
#1818 = EDGE_CURVE ( 'NONE', #295, #1246, #1760, .T. ) ;
#1819 = DIRECTION ( 'NONE',  ( -1.000000000000000000, -0.000000000000000000, -0.000000000000000000 ) ) ;
#1820 = EDGE_LOOP ( 'NONE', ( #2057, #1958, #1480, #2105 ) ) ;
#1821 = CLOSED_SHELL ( 'NONE', ( #362, #2221, #284, #365, #1508, #151, #1733, #747, #1169, #407, #604, #1195, #82, #56, #2198, #802, #1579, #1436, #687, #840, #2021, #1277, #1360, #157, #676, #521, #971, #1817, #340, #2092, #918, #1100, #226, #1959, #1828, #1121, #2038, #998, #967, #127, #1531, #349, #381, #1657, #1122, #1886, #125, #2236, #218, #98, #661, #5, #616, #889, #860, #986, #446, #1390, #2263, #1422, #1941, #902, #996, #310, #2207, #87 ) ) ;
#1822 = PLANE ( 'NONE',  #65 ) ;
#1823 = VERTEX_POINT ( 'NONE', #1389 ) ;
#1824 = DIRECTION ( 'NONE',  ( 1.000000000000000000, 0.000000000000000000, 0.000000000000000000 ) ) ;
#1825 = FACE_OUTER_BOUND ( 'NONE', #1062, .T. ) ;
#1826 = VERTEX_POINT ( 'NONE', #1723 ) ;
#1827 = VECTOR ( 'NONE', #1750, 1000.000000000000000 ) ;
#1828 = ADVANCED_FACE ( 'NONE', ( #527 ), #1214, .T. ) ;
#1829 = LINE ( 'NONE', #2143, #757 ) ;
#1830 = VERTEX_POINT ( 'NONE', #503 ) ;
#1831 = DIRECTION ( 'NONE',  ( 0.000000000000000000, 0.000000000000000000, 1.000000000000000000 ) ) ;
#1832 = EDGE_LOOP ( 'NONE', ( #40, #1311, #938, #1087 ) ) ;
#1833 = DIRECTION ( 'NONE',  ( -1.000000000000000000, -0.000000000000000000, 0.000000000000000000 ) ) ;
#1834 = DIRECTION ( 'NONE',  ( -1.000000000000000000, -0.000000000000000000, 0.000000000000000000 ) ) ;
#1835 = FACE_OUTER_BOUND ( 'NONE', #477, .T. ) ;
#1836 = AXIS2_PLACEMENT_3D ( 'NONE', #594, #1988, #2149 ) ;
#1837 = ORIENTED_EDGE ( 'NONE', *, *, #1544, .T. ) ;
#1838 = DIRECTION ( 'NONE',  ( 1.000000000000000000, 0.000000000000000000, 0.000000000000000000 ) ) ;
#1839 = EDGE_CURVE ( 'NONE', #2176, #580, #628, .T. ) ;
#1840 = ORIENTED_EDGE ( 'NONE', *, *, #1296, .T. ) ;
#1841 = VECTOR ( 'NONE', #136, 1000.000000000000000 ) ;
#1842 = PLANE ( 'NONE',  #649 ) ;
#1843 = EDGE_CURVE ( 'NONE', #1318, #1342, #171, .T. ) ;
#1844 = APPLICATION_PROTOCOL_DEFINITION ( 'international standard', 'config_control_design', 1994, #1388 ) ;
#1845 = AXIS2_PLACEMENT_3D ( 'NONE', #682, #1860, #1526 ) ;
#1846 = ORIENTED_EDGE ( 'NONE', *, *, #1792, .F. ) ;
#1847 = CIRCLE ( 'NONE', #2215, 4.099999999999999645 ) ;
#1848 = PLANE ( 'NONE',  #851 ) ;
#1849 = FACE_OUTER_BOUND ( 'NONE', #899, .T. ) ;
#1850 = DIRECTION ( 'NONE',  ( 0.000000000000000000, 0.000000000000000000, -1.000000000000000000 ) ) ;
#1851 = ORIENTED_EDGE ( 'NONE', *, *, #506, .T. ) ;
#1852 = DIRECTION ( 'NONE',  ( 0.000000000000000000, 0.000000000000000000, -1.000000000000000000 ) ) ;
#1853 = EDGE_LOOP ( 'NONE', ( #421, #1491, #1194, #1810 ) ) ;
#1854 = EDGE_CURVE ( 'NONE', #147, #110, #1042, .T. ) ;
#1855 = CARTESIAN_POINT ( 'NONE',  ( 0.000000000000000000, 7.960317501195902423, -2.689000443700868992 ) ) ;
#1856 = ORIENTED_EDGE ( 'NONE', *, *, #785, .T. ) ;
#1857 = CARTESIAN_POINT ( 'NONE',  ( 0.000000000000000000, 0.000000000000000000, -14.00000000000000000 ) ) ;
#1858 = EDGE_CURVE ( 'NONE', #1731, #309, #2247, .T. ) ;
#1859 = LINE ( 'NONE', #1167, #743 ) ;
#1860 = DIRECTION ( 'NONE',  ( -1.000000000000000000, -0.000000000000000000, -0.000000000000000000 ) ) ;
#1861 = ORIENTED_EDGE ( 'NONE', *, *, #550, .F. ) ;
#1862 = APPLICATION_CONTEXT ( 'configuration controlled 3d designs of mechanical parts and assemblies' ) ;
#1863 = AXIS2_PLACEMENT_3D ( 'NONE', #234, #25, #1473 ) ;
#1864 = DIRECTION ( 'NONE',  ( 0.000000000000000000, 0.000000000000000000, 1.000000000000000000 ) ) ;
#1865 = AXIS2_PLACEMENT_3D ( 'NONE', #1793, #1300, #944 ) ;
#1866 = EDGE_LOOP ( 'NONE', ( #216, #1398, #1002, #1721 ) ) ;
#1867 = CARTESIAN_POINT ( 'NONE',  ( 4.000000000000000888, 22.64937619993136764, -7.837430080764831608 ) ) ;
#1868 = ORIENTED_EDGE ( 'NONE', *, *, #828, .T. ) ;
#1869 = DIRECTION ( 'NONE',  ( -1.000000000000000000, -0.000000000000000000, -0.000000000000000000 ) ) ;
#1870 = DIRECTION ( 'NONE',  ( 0.000000000000000000, 0.000000000000000000, 1.000000000000000000 ) ) ;
#1871 = EDGE_CURVE ( 'NONE', #1981, #469, #926, .T. ) ;
#1872 = CC_DESIGN_APPROVAL ( #1757, ( #1801 ) ) ;
#1873 = ORIENTED_EDGE ( 'NONE', *, *, #1452, .T. ) ;
#1874 = LINE ( 'NONE', #144, #241 ) ;
#1875 = CIRCLE ( 'NONE', #2055, 4.099999999999999645 ) ;
#1876 = DIRECTION ( 'NONE',  ( 1.000000000000000000, 0.000000000000000000, 0.000000000000000000 ) ) ;
#1877 = VERTEX_POINT ( 'NONE', #1577 ) ;
#1878 = CARTESIAN_POINT ( 'NONE',  ( 0.000000000000000000, 118.0000000000000000, 8.000000000000000000 ) ) ;
#1879 = ORIENTED_EDGE ( 'NONE', *, *, #17, .F. ) ;
#1880 = VECTOR ( 'NONE', #1204, 1000.000000000000000 ) ;
#1881 = AXIS2_PLACEMENT_3D ( 'NONE', #1350, #2075, #1537 ) ;
#1882 = CARTESIAN_POINT ( 'NONE',  ( -4.000000000000000000, 15.85727154098818126, -4.895001814893236158 ) ) ;
#1883 = DIRECTION ( 'NONE',  ( 1.000000000000000000, 0.000000000000000000, 0.000000000000000000 ) ) ;
#1884 = ORIENTED_EDGE ( 'NONE', *, *, #1437, .T. ) ;
#1885 = LINE ( 'NONE', #307, #347 ) ;
#1886 = ADVANCED_FACE ( 'NONE', ( #2 ), #13, .T. ) ;
#1887 = CARTESIAN_POINT ( 'NONE',  ( 4.000000000000000000, 33.00000000000000000, 10.00000000000000000 ) ) ;
#1888 = EDGE_LOOP ( 'NONE', ( #1140, #1474, #518, #956 ) ) ;
#1889 = PLANE ( 'NONE',  #2269 ) ;
#1890 = ORIENTED_EDGE ( 'NONE', *, *, #2153, .T. ) ;
#1891 = CARTESIAN_POINT ( 'NONE',  ( -3.799999999999999822, 122.0000000000000000, 8.000000000000000000 ) ) ;
#1892 = PLANE ( 'NONE',  #262 ) ;
#1893 = CARTESIAN_POINT ( 'NONE',  ( -4.000000000000000000, 12.16070878990061388, -2.892604661413983536 ) ) ;
#1894 = CARTESIAN_POINT ( 'NONE',  ( 0.000000000000000000, 7.537994850521974932, -3.711605008560769026 ) ) ;
#1895 = EDGE_CURVE ( 'NONE', #1150, #1043, #11, .T. ) ;
#1896 = AXIS2_PLACEMENT_3D ( 'NONE', #1442, #1626, #210 ) ;
#1897 = ORIENTED_EDGE ( 'NONE', *, *, #490, .T. ) ;
#1898 = CIRCLE ( 'NONE', #1896, 7.500000000000000000 ) ;
#1899 = DIRECTION ( 'NONE',  ( -0.000000000000000000, 1.000000000000000000, 0.000000000000000000 ) ) ;
#1900 = EDGE_CURVE ( 'NONE', #191, #994, #973, .T. ) ;
#1901 = ORIENTED_EDGE ( 'NONE', *, *, #1225, .F. ) ;
#1902 = CARTESIAN_POINT ( 'NONE',  ( 4.000000000000000888, 10.98729518947880202, -5.960649664193991448 ) ) ;
#1903 = FACE_OUTER_BOUND ( 'NONE', #1458, .T. ) ;
#1904 = VERTEX_POINT ( 'NONE', #776 ) ;
#1905 = DIRECTION ( 'NONE',  ( -0.000000000000000000, 1.000000000000000000, 0.000000000000000000 ) ) ;
#1906 = CARTESIAN_POINT ( 'NONE',  ( -4.000000000000000000, 12.29621559063195235, -2.247906169905594886 ) ) ;
#1907 = AXIS2_PLACEMENT_3D ( 'NONE', #2170, #416, #427 ) ;
#1908 = ORIENTED_EDGE ( 'NONE', *, *, #755, .T. ) ;
#1909 = CARTESIAN_POINT ( 'NONE',  ( 4.000000000000000000, 0.000000000000000000, 0.000000000000000000 ) ) ;
#1910 = VERTEX_POINT ( 'NONE', #1611 ) ;
#1911 = EDGE_CURVE ( 'NONE', #742, #1527, #1676, .T. ) ;
#1912 = DIRECTION ( 'NONE',  ( -1.000000000000000000, -0.000000000000000000, -0.000000000000000000 ) ) ;
#1913 = DIRECTION ( 'NONE',  ( 1.000000000000000000, 0.000000000000000000, 0.000000000000000000 ) ) ;
#1914 = EDGE_LOOP ( 'NONE', ( #2081, #1950, #2022, #1208 ) ) ;
#1915 = DIRECTION ( 'NONE',  ( 0.000000000000000000, 0.000000000000000000, -1.000000000000000000 ) ) ;
#1916 = CIRCLE ( 'NONE', #2060, 4.099999999999999645 ) ;
#1917 = CIRCLE ( 'NONE', #373, 4.099999999999999645 ) ;
#1918 = CARTESIAN_POINT ( 'NONE',  ( -4.000000000000000000, 11.78883304765482798, -4.156129855348763336 ) ) ;
#1919 = LINE ( 'NONE', #537, #1880 ) ;
#1920 = ORIENTED_EDGE ( 'NONE', *, *, #1320, .F. ) ;
#1921 = CARTESIAN_POINT ( 'NONE',  ( -4.400000000000000355, 12.16070878990061388, -2.892604661413983536 ) ) ;
#1922 = ORIENTED_EDGE ( 'NONE', *, *, #1974, .F. ) ;
#1923 = CC_DESIGN_PERSON_AND_ORGANIZATION_ASSIGNMENT ( #1630, #60, ( #1343 ) ) ;
#1924 = DIRECTION ( 'NONE',  ( 0.000000000000000000, -0.000000000000000000, 1.000000000000000000 ) ) ;
#1925 = DIRECTION ( 'NONE',  ( 0.000000000000000000, 0.000000000000000000, -1.000000000000000000 ) ) ;
#1926 = VERTEX_POINT ( 'NONE', #1494 ) ;
#1927 = EDGE_CURVE ( 'NONE', #6, #1361, #150, .T. ) ;
#1928 = DIRECTION ( 'NONE',  ( 0.000000000000000000, 0.000000000000000000, 1.000000000000000000 ) ) ;
#1929 = VECTOR ( 'NONE', #466, 1000.000000000000000 ) ;
#1930 = LINE ( 'NONE', #1600, #1063 ) ;
#1931 = AXIS2_PLACEMENT_3D ( 'NONE', #2241, #2262, #2219 ) ;
#1932 = DIRECTION ( 'NONE',  ( 0.000000000000000000, 0.000000000000000000, 1.000000000000000000 ) ) ;
#1933 = VERTEX_POINT ( 'NONE', #2194 ) ;
#1934 = DIRECTION ( 'NONE',  ( 0.000000000000000000, 0.000000000000000000, -1.000000000000000000 ) ) ;
#1935 = VERTEX_POINT ( 'NONE', #922 ) ;
#1936 = VECTOR ( 'NONE', #1370, 1000.000000000000000 ) ;
#1937 = CARTESIAN_POINT ( 'NONE',  ( -4.000000000000000000, 22.64937619993136764, -4.637430080764832319 ) ) ;
#1938 = ORIENTED_EDGE ( 'NONE', *, *, #417, .F. ) ;
#1939 = CARTESIAN_POINT ( 'NONE',  ( 0.000000000000000000, 108.5000000000000000, 7.000000000000000888 ) ) ;
#1941 = ADVANCED_FACE ( 'NONE', ( #722 ), #89, .F. ) ;
#1940 = DIRECTION ( 'NONE',  ( 1.000000000000000000, 0.000000000000000000, 0.000000000000000000 ) ) ;
#1942 = EDGE_CURVE ( 'NONE', #385, #2176, #614, .T. ) ;
#1943 = CARTESIAN_POINT ( 'NONE',  ( 4.000000000000000888, 11.99142454156851123, -3.529268686834191815 ) ) ;
#1944 = ORIENTED_EDGE ( 'NONE', *, *, #2153, .F. ) ;
#1945 = CIRCLE ( 'NONE', #2242, 7.500000000000000000 ) ;
#1946 = FACE_BOUND ( 'NONE', #1667, .T. ) ;
#1947 = ORIENTED_EDGE ( 'NONE', *, *, #1268, .T. ) ;
#1948 = DIRECTION ( 'NONE',  ( -0.000000000000000000, 1.000000000000000000, 0.000000000000000000 ) ) ;
#1949 = CARTESIAN_POINT ( 'NONE',  ( 0.000000000000000000, 8.318504333049396848, -1.183158386315056987 ) ) ;
#1950 = ORIENTED_EDGE ( 'NONE', *, *, #1942, .T. ) ;
#1951 = DIRECTION ( 'NONE',  ( 0.000000000000000000, 0.000000000000000000, -1.000000000000000000 ) ) ;
#1952 = LINE ( 'NONE', #2114, #328 ) ;
#1953 = EDGE_CURVE ( 'NONE', #1427, #2107, #1513, .T. ) ;
#1954 = VECTOR ( 'NONE', #497, 1000.000000000000000 ) ;
#1955 = DIRECTION ( 'NONE',  ( 0.000000000000000000, 0.000000000000000000, 1.000000000000000000 ) ) ;
#1956 = AXIS2_PLACEMENT_3D ( 'NONE', #638, #314, #109 ) ;
#1957 = CIRCLE ( 'NONE', #2103, 4.099999999999999645 ) ;
#1958 = ORIENTED_EDGE ( 'NONE', *, *, #1854, .T. ) ;
#1959 = ADVANCED_FACE ( 'NONE', ( #1835 ), #960, .T. ) ;
#1960 = DIRECTION ( 'NONE',  ( -1.000000000000000000, -0.000000000000000000, -0.000000000000000000 ) ) ;
#1961 = EDGE_LOOP ( 'NONE', ( #1448, #1093, #1432, #367 ) ) ;
#1962 = DIRECTION ( 'NONE',  ( 0.000000000000000000, 0.000000000000000000, 1.000000000000000000 ) ) ;
#1963 = DIRECTION ( 'NONE',  ( 0.000000000000000000, 0.000000000000000000, -1.000000000000000000 ) ) ;
#1964 = DIRECTION ( 'NONE',  ( -1.000000000000000000, -0.000000000000000000, -0.000000000000000000 ) ) ;
#1965 = ORIENTED_EDGE ( 'NONE', *, *, #1151, .F. ) ;
#1966 = CARTESIAN_POINT ( 'NONE',  ( -3.000000000000000000, 108.5000000000000000, -10.00000000000000000 ) ) ;
#1967 = CARTESIAN_POINT ( 'NONE',  ( -4.000000000000000000, 11.99142454156851123, -3.529268686834191815 ) ) ;
#1968 = LINE ( 'NONE', #388, #47 ) ;
#1969 = ORIENTED_EDGE ( 'NONE', *, *, #1334, .F. ) ;
#1970 = DIRECTION ( 'NONE',  ( -1.000000000000000000, -0.000000000000000000, -0.000000000000000000 ) ) ;
#1971 = EDGE_CURVE ( 'NONE', #1361, #530, #1485, .T. ) ;
#1972 = ORIENTED_EDGE ( 'NONE', *, *, #1082, .F. ) ;
#1973 = CARTESIAN_POINT ( 'NONE',  ( 4.000000000000000000, 22.56346466276765383, 5.038855268018256339 ) ) ;
#1974 = EDGE_CURVE ( 'NONE', #243, #1468, #1079, .T. ) ;
#1975 = APPLICATION_PROTOCOL_DEFINITION ( 'international standard', 'config_control_design', 1994, #1862 ) ;
#1976 = ORIENTED_EDGE ( 'NONE', *, *, #629, .F. ) ;
#1977 = DIRECTION ( 'NONE',  ( -0.000000000000000000, 0.000000000000000000, -1.000000000000000000 ) ) ;
#1978 = DIRECTION ( 'NONE',  ( 0.000000000000000000, 0.000000000000000000, -1.000000000000000000 ) ) ;
#1979 = CIRCLE ( 'NONE', #393, 4.099999999999999645 ) ;
#1980 = CARTESIAN_POINT ( 'NONE',  ( 4.000000000000000000, 22.64937619993136764, -4.637430080764832319 ) ) ;
#1981 = VERTEX_POINT ( 'NONE', #1786 ) ;
#1982 = VECTOR ( 'NONE', #1545, 1000.000000000000000 ) ;
#1983 = DIRECTION ( 'NONE',  ( 1.000000000000000000, 0.000000000000000000, 0.000000000000000000 ) ) ;
#1984 = PERSON_AND_ORGANIZATION ( #805, #949 ) ;
#1985 = ORIENTED_EDGE ( 'NONE', *, *, #2138, .T. ) ;
#1986 = DIRECTION ( 'NONE',  ( 1.000000000000000000, 0.000000000000000000, 0.000000000000000000 ) ) ;
#1987 = EDGE_CURVE ( 'NONE', #309, #320, #1505, .T. ) ;
#1988 = DIRECTION ( 'NONE',  ( 1.000000000000000000, 0.000000000000000000, 0.000000000000000000 ) ) ;
#1989 = VECTOR ( 'NONE', #788, 1000.000000000000000 ) ;
#1990 = DIRECTION ( 'NONE',  ( -1.000000000000000000, -0.000000000000000000, -0.000000000000000000 ) ) ;
#1991 = EDGE_LOOP ( 'NONE', ( #326, #575, #273, #784 ) ) ;
#1992 = LINE ( 'NONE', #2145, #1384 ) ;
#1993 = APPROVAL_DATE_TIME ( #2167, #292 ) ;
#1994 = EDGE_CURVE ( 'NONE', #2013, #1443, #1130, .T. ) ;
#1995 = ORIENTED_EDGE ( 'NONE', *, *, #573, .F. ) ;
#1996 = CARTESIAN_POINT ( 'NONE',  ( -4.400000000000000355, 22.64937619993136764, -4.637430080764832319 ) ) ;
#1997 = DIRECTION ( 'NONE',  ( -1.000000000000000000, -0.000000000000000000, -0.000000000000000000 ) ) ;
#1998 = EDGE_CURVE ( 'NONE', #2258, #807, #1180, .T. ) ;
#1999 = DIRECTION ( 'NONE',  ( 0.000000000000000000, 0.000000000000000000, 1.000000000000000000 ) ) ;
#2000 = VERTEX_POINT ( 'NONE', #2139 ) ;
#2001 = DIRECTION ( 'NONE',  ( 1.000000000000000000, 0.000000000000000000, -0.000000000000000000 ) ) ;
#2002 = COORDINATED_UNIVERSAL_TIME_OFFSET ( 8, 0, .AHEAD. ) ;
#2003 = EDGE_LOOP ( 'NONE', ( #1239, #2231, #833, #1920 ) ) ;
#2004 = DIRECTION ( 'NONE',  ( -1.000000000000000000, -0.000000000000000000, -0.000000000000000000 ) ) ;
#2005 = DIRECTION ( 'NONE',  ( 1.000000000000000000, 0.000000000000000000, 0.000000000000000000 ) ) ;
#2006 = DIRECTION ( 'NONE',  ( 1.000000000000000000, 0.000000000000000000, 0.000000000000000000 ) ) ;
#2007 = VERTEX_POINT ( 'NONE', #563 ) ;
#2008 = EDGE_CURVE ( 'NONE', #886, #2000, #1968, .T. ) ;
#2009 = LINE ( 'NONE', #1341, #593 ) ;
#2010 = ORIENTED_EDGE ( 'NONE', *, *, #252, .T. ) ;
#2011 = FACE_OUTER_BOUND ( 'NONE', #1961, .T. ) ;
#2012 = APPROVAL_STATUS ( 'not_yet_approved' ) ;
#2013 = VERTEX_POINT ( 'NONE', #1091 ) ;
#2014 = VECTOR ( 'NONE', #2121, 1000.000000000000000 ) ;
#2015 = DIRECTION ( 'NONE',  ( 0.000000000000000000, 0.000000000000000000, -1.000000000000000000 ) ) ;
#2016 = CARTESIAN_POINT ( 'NONE',  ( -4.000000000000000000, 22.64937619993136764, -12.13743008076483143 ) ) ;
#2017 = DIRECTION ( 'NONE',  ( 0.000000000000000000, 0.000000000000000000, -1.000000000000000000 ) ) ;
#2018 = CIRCLE ( 'NONE', #1652, 3.200000000000000178 ) ;
#2019 = ORIENTED_EDGE ( 'NONE', *, *, #1039, .T. ) ;
#2020 = DIRECTION ( 'NONE',  ( -0.000000000000000000, 0.000000000000000000, -1.000000000000000000 ) ) ;
#2021 = ADVANCED_FACE ( 'NONE', ( #1798 ), #272, .T. ) ;
#2022 = ORIENTED_EDGE ( 'NONE', *, *, #1839, .T. ) ;
#2023 = AXIS2_PLACEMENT_3D ( 'NONE', #2056, #2199, #1668 ) ;
#2024 = CIRCLE ( 'NONE', #2062, 12.00000000000000000 ) ;
#2025 = CARTESIAN_POINT ( 'NONE',  ( 4.000000000000000888, 15.42112285785026238, -6.132134481200640863 ) ) ;
#2026 = CIRCLE ( 'NONE', #1956, 3.200000000000000622 ) ;
#2027 = ORIENTED_EDGE ( 'NONE', *, *, #1308, .T. ) ;
#2028 = AXIS2_PLACEMENT_3D ( 'NONE', #1248, #710, #1796 ) ;
#2029 = DIRECTION ( 'NONE',  ( 0.000000000000000000, -1.000000000000000000, 0.000000000000000000 ) ) ;
#2030 = CARTESIAN_POINT ( 'NONE',  ( -4.000000000000000000, 7.221300546475834636, -4.295369195254004069 ) ) ;
#2031 = CARTESIAN_POINT ( 'NONE',  ( -4.000000000000000000, 11.42375057954775386, -5.074241095600630302 ) ) ;
#2032 = ORIENTED_EDGE ( 'NONE', *, *, #885, .T. ) ;
#2033 = CARTESIAN_POINT ( 'NONE',  ( 4.000000000000000888, 12.08026164392069468, -3.212052087749885487 ) ) ;
#2034 = VERTEX_POINT ( 'NONE', #2205 ) ;
#2035 = EDGE_CURVE ( 'NONE', #2127, #1395, #2063, .T. ) ;
#2036 = DIRECTION ( 'NONE',  ( 0.000000000000000000, 0.000000000000000000, -1.000000000000000000 ) ) ;
#2037 = ORIENTED_EDGE ( 'NONE', *, *, #1971, .F. ) ;
#2038 = ADVANCED_FACE ( 'NONE', ( #1903 ), #1892, .T. ) ;
#2039 = DIRECTION ( 'NONE',  ( 0.000000000000000000, 0.000000000000000000, -1.000000000000000000 ) ) ;
#2040 = DIRECTION ( 'NONE',  ( 0.000000000000000000, -0.000000000000000000, 1.000000000000000000 ) ) ;
#2041 = ORIENTED_EDGE ( 'NONE', *, *, #550, .T. ) ;
#2042 = CARTESIAN_POINT ( 'NONE',  ( 4.000000000000000888, 8.147830499532782156, -2.051886024357253202 ) ) ;
#2043 = CIRCLE ( 'NONE', #1052, 7.500000000000000000 ) ;
#2044 = CARTESIAN_POINT ( 'NONE',  ( -3.000000000000000000, 108.5000000000000000, -7.000000000000000000 ) ) ;
#2045 = AXIS2_PLACEMENT_3D ( 'NONE', #51, #925, #236 ) ;
#2046 = ORIENTED_EDGE ( 'NONE', *, *, #617, .F. ) ;
#2047 = DIRECTION ( 'NONE',  ( 1.000000000000000000, 0.000000000000000000, 0.000000000000000000 ) ) ;
#2048 = VERTEX_POINT ( 'NONE', #1546 ) ;
#2049 = EDGE_CURVE ( 'NONE', #1672, #265, #595, .T. ) ;
#2050 = DIRECTION ( 'NONE',  ( 1.000000000000000000, 0.000000000000000000, 0.000000000000000000 ) ) ;
#2051 = CARTESIAN_POINT ( 'NONE',  ( 0.000000000000000000, 118.0000000000000000, 7.000000000000000000 ) ) ;
#2052 = ORIENTED_EDGE ( 'NONE', *, *, #1818, .T. ) ;
#2053 = EDGE_CURVE ( 'NONE', #886, #343, #2026, .T. ) ;
#2054 = DIRECTION ( 'NONE',  ( 0.000000000000000000, 0.000000000000000000, -1.000000000000000000 ) ) ;
#2055 = AXIS2_PLACEMENT_3D ( 'NONE', #1400, #1797, #1213 ) ;
#2056 = CARTESIAN_POINT ( 'NONE',  ( 4.000000000000000888, 22.64937619993136764, -4.637430080764832319 ) ) ;
#2057 = ORIENTED_EDGE ( 'NONE', *, *, #1409, .T. ) ;
#2058 = CYLINDRICAL_SURFACE ( 'NONE', #391, 4.099999999999999645 ) ;
#2059 = ORIENTED_EDGE ( 'NONE', *, *, #2049, .F. ) ;
#2060 = AXIS2_PLACEMENT_3D ( 'NONE', #1368, #342, #701 ) ;
#2061 = LINE ( 'NONE', #107, #892 ) ;
#2062 = AXIS2_PLACEMENT_3D ( 'NONE', #821, #280, #2237 ) ;
#2063 = CIRCLE ( 'NONE', #1183, 2.750000000000000000 ) ;
#2064 = DIRECTION ( 'NONE',  ( 0.000000000000000000, 0.000000000000000000, -1.000000000000000000 ) ) ;
#2065 = VECTOR ( 'NONE', #2004, 1000.000000000000000 ) ;
#2066 = DIRECTION ( 'NONE',  ( 1.000000000000000000, 0.000000000000000000, 0.000000000000000000 ) ) ;
#2067 = FACE_OUTER_BOUND ( 'NONE', #2206, .T. ) ;
#2068 = EDGE_CURVE ( 'NONE', #642, #1103, #1073, .T. ) ;
#2069 = DIRECTION ( 'NONE',  ( 0.000000000000000000, 0.000000000000000000, -1.000000000000000000 ) ) ;
#2070 = ORIENTED_EDGE ( 'NONE', *, *, #592, .F. ) ;
#2071 = DIRECTION ( 'NONE',  ( -1.000000000000000000, -0.000000000000000000, -0.000000000000000000 ) ) ;
#2072 = VERTEX_POINT ( 'NONE', #659 ) ;
#2073 = CARTESIAN_POINT ( 'NONE',  ( 4.000000000000000888, 16.36295896570220521, -2.769057128191394046 ) ) ;
#2074 = CYLINDRICAL_SURFACE ( 'NONE', #1109, 4.099999999999999645 ) ;
#2075 = DIRECTION ( 'NONE',  ( -1.000000000000000000, -0.000000000000000000, -0.000000000000000000 ) ) ;
#2076 = EDGE_LOOP ( 'NONE', ( #1261, #1031, #2185, #72 ) ) ;
#2077 = CARTESIAN_POINT ( 'NONE',  ( 4.000000000000000000, 108.5000000000000000, 10.00000000000000000 ) ) ;
#2078 = EDGE_CURVE ( 'NONE', #235, #303, #672, .T. ) ;
#2079 = DIRECTION ( 'NONE',  ( 0.000000000000000000, 0.000000000000000000, -1.000000000000000000 ) ) ;
#2080 = AXIS2_PLACEMENT_3D ( 'NONE', #1057, #1593, #1417 ) ;
#2081 = ORIENTED_EDGE ( 'NONE', *, *, #1182, .T. ) ;
#2082 = EDGE_CURVE ( 'NONE', #772, #243, #1479, .T. ) ;
#2083 = AXIS2_PLACEMENT_3D ( 'NONE', #1636, #59, #1446 ) ;
#2084 = CARTESIAN_POINT ( 'NONE',  ( -4.000000000000000000, 34.50748134316813065, 12.30000000000000249 ) ) ;
#2085 = ORIENTED_EDGE ( 'NONE', *, *, #2035, .F. ) ;
#2086 = DIRECTION ( 'NONE',  ( 0.000000000000000000, 0.000000000000000000, 1.000000000000000000 ) ) ;
#2087 = FACE_OUTER_BOUND ( 'NONE', #201, .T. ) ;
#2088 = EDGE_LOOP ( 'NONE', ( #2032, #1524, #2027, #985 ) ) ;
#2089 = FACE_OUTER_BOUND ( 'NONE', #627, .T. ) ;
#2090 = FACE_OUTER_BOUND ( 'NONE', #1853, .T. ) ;
#2091 = DIRECTION ( 'NONE',  ( 0.000000000000000000, 0.000000000000000000, -1.000000000000000000 ) ) ;
#2092 = ADVANCED_FACE ( 'NONE', ( #1720 ), #487, .T. ) ;
#2093 = ORIENTED_EDGE ( 'NONE', *, *, #279, .F. ) ;
#2094 = FACE_OUTER_BOUND ( 'NONE', #1228, .T. ) ;
#2095 = EDGE_CURVE ( 'NONE', #397, #379, #443, .T. ) ;
#2096 = ORIENTED_EDGE ( 'NONE', *, *, #1562, .T. ) ;
#2097 = DIRECTION ( 'NONE',  ( 0.000000000000000000, 0.000000000000000000, 1.000000000000000000 ) ) ;
#2098 = CARTESIAN_POINT ( 'NONE',  ( -4.000000000000000000, 16.43024536205388131, -2.336908392545301361 ) ) ;
#2099 = ORIENTED_EDGE ( 'NONE', *, *, #790, .F. ) ;
#2100 = CARTESIAN_POINT ( 'NONE',  ( -4.400000000000000355, 0.000000000000000000, 0.000000000000000000 ) ) ;
#2101 = AXIS2_PLACEMENT_3D ( 'NONE', #1175, #1869, #1536 ) ;
#2102 = CARTESIAN_POINT ( 'NONE',  ( 4.000000000000000888, 8.028412182370571415, -2.478301018043008064 ) ) ;
#2103 = AXIS2_PLACEMENT_3D ( 'NONE', #601, #970, #2203 ) ;
#2104 = CARTESIAN_POINT ( 'NONE',  ( -4.000000000000000000, 11.00000000000000000, -14.00000000000000000 ) ) ;
#2105 = ORIENTED_EDGE ( 'NONE', *, *, #1024, .T. ) ;
#2106 = CARTESIAN_POINT ( 'NONE',  ( 4.000000000000000000, 54.25000000000000000, 10.00000000000000000 ) ) ;
#2107 = VERTEX_POINT ( 'NONE', #2218 ) ;
#2108 = EDGE_CURVE ( 'NONE', #2253, #30, #463, .T. ) ;
#2109 = DIRECTION ( 'NONE',  ( 1.000000000000000000, 0.000000000000000000, 0.000000000000000000 ) ) ;
#2110 = CARTESIAN_POINT ( 'NONE',  ( 0.000000000000000000, 7.886694238065557805, -2.897832310768298392 ) ) ;
#2111 = ORIENTED_EDGE ( 'NONE', *, *, #169, .T. ) ;
#2112 = FACE_OUTER_BOUND ( 'NONE', #472, .T. ) ;
#2113 = EDGE_CURVE ( 'NONE', #309, #742, #891, .T. ) ;
#2114 = CARTESIAN_POINT ( 'NONE',  ( 0.000000000000000000, 8.244617494581042649, -1.619771735189075690 ) ) ;
#2115 = DIRECTION ( 'NONE',  ( 1.000000000000000000, 0.000000000000000000, 0.000000000000000000 ) ) ;
#2116 = ORIENTED_EDGE ( 'NONE', *, *, #334, .F. ) ;
#2117 = DIRECTION ( 'NONE',  ( 0.000000000000000000, 0.000000000000000000, -1.000000000000000000 ) ) ;
#2118 = VERTEX_POINT ( 'NONE', #294 ) ;
#2119 = AXIS2_PLACEMENT_3D ( 'NONE', #1407, #2071, #852 ) ;
#2120 = PLANE ( 'NONE',  #630 ) ;
#2121 = DIRECTION ( 'NONE',  ( 1.000000000000000000, 0.000000000000000000, 0.000000000000000000 ) ) ;
#2122 = ORIENTED_EDGE ( 'NONE', *, *, #2095, .F. ) ;
#2123 = CARTESIAN_POINT ( 'NONE',  ( -4.400000000000000355, 12.35118113350237579, -1.923102859291454969 ) ) ;
#2124 = PLANE ( 'NONE',  #291 ) ;
#2125 = EDGE_CURVE ( 'NONE', #2147, #2240, #1552, .T. ) ;
#2126 = CARTESIAN_POINT ( 'NONE',  ( -4.400000000000000355, 12.23271010753587618, -2.571148269740501480 ) ) ;
#2127 = VERTEX_POINT ( 'NONE', #325 ) ;
#2128 = CIRCLE ( 'NONE', #698, 4.099999999999999645 ) ;
#2129 = CARTESIAN_POINT ( 'NONE',  ( 4.000000000000000000, 54.25000000000000000, 10.00000000000000000 ) ) ;
#2130 = EDGE_LOOP ( 'NONE', ( #437, #2200, #1335, #1969 ) ) ;
#2131 = LINE ( 'NONE', #1729, #481 ) ;
#2132 = FACE_OUTER_BOUND ( 'NONE', #1161, .T. ) ;
#2133 = ORIENTED_EDGE ( 'NONE', *, *, #461, .T. ) ;
#2134 = LINE ( 'NONE', #1449, #561 ) ;
#2135 = CARTESIAN_POINT ( 'NONE',  ( -4.000000000000000000, 11.67521935948580492, -4.465339058558464025 ) ) ;
#2136 = VECTOR ( 'NONE', #353, 1000.000000000000000 ) ;
#2137 = AXIS2_PLACEMENT_3D ( 'NONE', #2250, #981, #1199 ) ;
#2138 = EDGE_CURVE ( 'NONE', #1246, #1510, #1177, .T. ) ;
#2139 = CARTESIAN_POINT ( 'NONE',  ( 4.000000000000000888, 22.56346466276765383, 1.838855268018255940 ) ) ;
#2140 = AXIS2_PLACEMENT_3D ( 'NONE', #1004, #1709, #156 ) ;
#2141 = ORIENTED_EDGE ( 'NONE', *, *, #1927, .F. ) ;
#2142 = EDGE_CURVE ( 'NONE', #552, #433, #963, .T. ) ;
#2143 = CARTESIAN_POINT ( 'NONE',  ( 4.000000000000000000, 108.5000000000000000, -10.00000000000000000 ) ) ;
#2144 = ORIENTED_EDGE ( 'NONE', *, *, #417, .T. ) ;
#2145 = CARTESIAN_POINT ( 'NONE',  ( 0.000000000000000000, 16.19434770005947399, -3.627286322034727561 ) ) ;
#2146 = COORDINATED_UNIVERSAL_TIME_OFFSET ( 8, 0, .AHEAD. ) ;
#2147 = VERTEX_POINT ( 'NONE', #982 ) ;
#2148 = DIRECTION ( 'NONE',  ( -1.000000000000000000, -0.000000000000000000, -0.000000000000000000 ) ) ;
#2149 = DIRECTION ( 'NONE',  ( 0.000000000000000000, 0.000000000000000000, -1.000000000000000000 ) ) ;
#2150 = EDGE_CURVE ( 'NONE', #1981, #147, #831, .T. ) ;
#2151 = DESIGN_CONTEXT ( 'detailed design', #1862, 'design' ) ;
#2152 = CARTESIAN_POINT ( 'NONE',  ( -4.400000000000000355, 5.021051876504147385E-16, 4.099999999999999645 ) ) ;
#2153 = EDGE_CURVE ( 'NONE', #615, #485, #1730, .T. ) ;
#2154 = ORIENTED_EDGE ( 'NONE', *, *, #102, .T. ) ;
#2155 = DIRECTION ( 'NONE',  ( -1.000000000000000000, -0.000000000000000000, -0.000000000000000000 ) ) ;
#2156 = MECHANICAL_CONTEXT ( 'NONE', #1388, 'mechanical' ) ;
#2157 = ORIENTED_EDGE ( 'NONE', *, *, #138, .T. ) ;
#2158 = FACE_OUTER_BOUND ( 'NONE', #1283, .T. ) ;
#2159 = VECTOR ( 'NONE', #933, 1000.000000000000000 ) ;
#2160 = FACE_OUTER_BOUND ( 'NONE', #1767, .T. ) ;
#2161 = CIRCLE ( 'NONE', #1166, 3.199999999999999734 ) ;
#2162 = DIRECTION ( 'NONE',  ( 1.000000000000000000, 0.000000000000000000, 0.000000000000000000 ) ) ;
#2163 = ORIENTED_EDGE ( 'NONE', *, *, #1365, .T. ) ;
#2164 = CIRCLE ( 'NONE', #1319, 4.099999999999999645 ) ;
#2165 = EDGE_CURVE ( 'NONE', #379, #557, #1366, .T. ) ;
#2166 = LINE ( 'NONE', #771, #872 ) ;
#2167 = DATE_AND_TIME ( #1291, #1392 ) ;
#2168 = EDGE_LOOP ( 'NONE', ( #1944, #288, #962, #2190 ) ) ;
#2169 = DIRECTION ( 'NONE',  ( 0.000000000000000000, 0.000000000000000000, -1.000000000000000000 ) ) ;
#2170 = CARTESIAN_POINT ( 'NONE',  ( 4.000000000000000888, 11.14055131882347283, -5.669048977796935063 ) ) ;
#2171 = AXIS2_PLACEMENT_3D ( 'NONE', #2126, #551, #97 ) ;
#2172 = VECTOR ( 'NONE', #1259, 1000.000000000000000 ) ;
#2173 = AXIS2_PLACEMENT_3D ( 'NONE', #2238, #648, #2251 ) ;
#2174 = CIRCLE ( 'NONE', #1184, 12.00000000000000000 ) ;
#2175 = LINE ( 'NONE', #251, #1679 ) ;
#2176 = VERTEX_POINT ( 'NONE', #855 ) ;
#2177 = DIRECTION ( 'NONE',  ( -1.000000000000000000, -0.000000000000000000, -0.000000000000000000 ) ) ;
#2178 = PERSON_AND_ORGANIZATION ( #805, #949 ) ;
#2179 = VERTEX_POINT ( 'NONE', #132 ) ;
#2180 = EDGE_CURVE ( 'NONE', #1158, #379, #453, .T. ) ;
#2181 = CARTESIAN_POINT ( 'NONE',  ( -4.400000000000000355, 12.39756856160090237, -1.596963919568903600 ) ) ;
#2182 = CARTESIAN_POINT ( 'NONE',  ( -4.000000000000000000, 22.64937619993136764, -4.637430080764832319 ) ) ;
#2183 = DIRECTION ( 'NONE',  ( -0.000000000000000000, 0.000000000000000000, -1.000000000000000000 ) ) ;
#2184 = EDGE_CURVE ( 'NONE', #1694, #1465, #866, .T. ) ;
#2185 = ORIENTED_EDGE ( 'NONE', *, *, #1759, .T. ) ;
#2186 = DIRECTION ( 'NONE',  ( 1.000000000000000000, 0.000000000000000000, 0.000000000000000000 ) ) ;
#2187 = ORIENTED_EDGE ( 'NONE', *, *, #2165, .F. ) ;
#2188 = CARTESIAN_POINT ( 'NONE',  ( 0.000000000000000000, 126.0000000000000000, 8.000000000000000000 ) ) ;
#2189 = CALENDAR_DATE ( 2026, 29, 8 ) ;
#2190 = ORIENTED_EDGE ( 'NONE', *, *, #200, .T. ) ;
#2191 = DIRECTION ( 'NONE',  ( 0.000000000000000000, 0.000000000000000000, -1.000000000000000000 ) ) ;
#2193 = EDGE_CURVE ( 'NONE', #1926, #1935, #1061, .T. ) ;
#2192 = DIRECTION ( 'NONE',  ( 0.000000000000000000, 0.000000000000000000, 1.000000000000000000 ) ) ;
#2194 = CARTESIAN_POINT ( 'NONE',  ( 4.000000000000000888, 15.98075519686571333, -4.475440406294244333 ) ) ;
#2195 = AXIS2_PLACEMENT_3D ( 'NONE', #448, #1152, #105 ) ;
#2196 = EDGE_LOOP ( 'NONE', ( #1045, #1293, #811, #1496 ) ) ;
#2197 = CIRCLE ( 'NONE', #1276, 7.499999999999999112 ) ;
#2198 = ADVANCED_FACE ( 'NONE', ( #916 ), #1222, .F. ) ;
#2199 = DIRECTION ( 'NONE',  ( 1.000000000000000000, 0.000000000000000000, 0.000000000000000000 ) ) ;
#2200 = ORIENTED_EDGE ( 'NONE', *, *, #252, .F. ) ;
#2201 = DIRECTION ( 'NONE',  ( -1.000000000000000000, 0.000000000000000000, 0.000000000000000000 ) ) ;
#2202 = ORIENTED_EDGE ( 'NONE', *, *, #1320, .T. ) ;
#2203 = DIRECTION ( 'NONE',  ( 0.000000000000000000, 0.000000000000000000, 1.000000000000000000 ) ) ;
#2204 = DIRECTION ( 'NONE',  ( 1.000000000000000000, 0.000000000000000000, 0.000000000000000000 ) ) ;
#2205 = CARTESIAN_POINT ( 'NONE',  ( 4.000000000000000000, 22.00000000000000000, -14.00000000000000000 ) ) ;
#2206 = EDGE_LOOP ( 'NONE', ( #1897, #499, #1269, #1972 ) ) ;
#2207 = ADVANCED_FACE ( 'NONE', ( #1766 ), #2273, .F. ) ;
#2208 = CARTESIAN_POINT ( 'NONE',  ( 0.000000000000000000, 118.0000000000000000, -8.000000000000000000 ) ) ;
#2209 = ORIENTED_EDGE ( 'NONE', *, *, #885, .F. ) ;
#2210 = EDGE_CURVE ( 'NONE', #541, #645, #1781, .T. ) ;
#2211 = AXIS2_PLACEMENT_3D ( 'NONE', #712, #800, #2183 ) ;
#2212 = AXIS2_PLACEMENT_3D ( 'NONE', #486, #2226, #830 ) ;
#2213 = CARTESIAN_POINT ( 'NONE',  ( 4.000000000000000000, 27.89273808533600985, -10.00000000000000000 ) ) ;
#2214 = EDGE_LOOP ( 'NONE', ( #1355, #1837, #227, #697 ) ) ;
#2215 = AXIS2_PLACEMENT_3D ( 'NONE', #239, #1482, #2169 ) ;
#2216 = DIRECTION ( 'NONE',  ( -1.000000000000000000, -0.000000000000000000, -0.000000000000000000 ) ) ;
#2217 = CARTESIAN_POINT ( 'NONE',  ( -4.400000000000000355, 10.82640818838596886, -6.248110573481328700 ) ) ;
#2218 = CARTESIAN_POINT ( 'NONE',  ( -4.000000000000000000, 8.147830499532782156, -2.051886024357253202 ) ) ;
#2219 = DIRECTION ( 'NONE',  ( 0.000000000000000000, 0.000000000000000000, -1.000000000000000000 ) ) ;
#2220 = CARTESIAN_POINT ( 'NONE',  ( 4.000000000000000888, 10.65800205442613091, -6.531232058949398400 ) ) ;
#2221 = ADVANCED_FACE ( 'NONE', ( #1383 ), #695, .F. ) ;
#2222 = VERTEX_POINT ( 'NONE', #1397 ) ;
#2223 = CARTESIAN_POINT ( 'NONE',  ( -4.400000000000000355, 11.89425918179023967, -3.844034146102051963 ) ) ;
#2224 = EDGE_CURVE ( 'NONE', #30, #111, #583, .T. ) ;
#2225 = VERTEX_POINT ( 'NONE', #203 ) ;
#2226 = DIRECTION ( 'NONE',  ( 1.000000000000000000, 0.000000000000000000, 0.000000000000000000 ) ) ;
#2227 = CARTESIAN_POINT ( 'NONE',  ( -4.000000000000000000, 16.93878307637276137, 10.00000000000000000 ) ) ;
#2228 = ORIENTED_EDGE ( 'NONE', *, *, #1409, .F. ) ;
#2229 = DIRECTION ( 'NONE',  ( 0.000000000000000000, 0.000000000000000000, 1.000000000000000000 ) ) ;
#2230 = PLANE ( 'NONE',  #812 ) ;
#2231 = ORIENTED_EDGE ( 'NONE', *, *, #1176, .F. ) ;
#2232 = CC_DESIGN_PERSON_AND_ORGANIZATION_ASSIGNMENT ( #1813, #1637, ( #1801 ) ) ;
#2233 = DIRECTION ( 'NONE',  ( -0.000000000000000000, 0.000000000000000000, -1.000000000000000000 ) ) ;
#2234 = EDGE_LOOP ( 'NONE', ( #1538, #804, #906, #1614 ) ) ;
#2235 = CARTESIAN_POINT ( 'NONE',  ( -3.000000000000000000, 108.5000000000000000, 6.999999999999997335 ) ) ;
#2236 = ADVANCED_FACE ( 'NONE', ( #2087 ), #1086, .F. ) ;
#2237 = DIRECTION ( 'NONE',  ( 0.000000000000000000, 0.000000000000000000, 1.000000000000000000 ) ) ;
#2238 = CARTESIAN_POINT ( 'NONE',  ( 4.000000000000000888, 11.89425918179023967, -3.844034146102051963 ) ) ;
#2239 = LOCAL_TIME ( 16, 54, 3.000000000000000000, #1139 ) ;
#2240 = VERTEX_POINT ( 'NONE', #1584 ) ;
#2241 = CARTESIAN_POINT ( 'NONE',  ( -4.400000000000000355, 11.78883304765482798, -4.156129855348763336 ) ) ;
#2242 = AXIS2_PLACEMENT_3D ( 'NONE', #2182, #959, #229 ) ;
#2243 = CARTESIAN_POINT ( 'NONE',  ( -4.000000000000000000, 54.25000000000000000, 10.00000000000000000 ) ) ;
#2244 = EDGE_LOOP ( 'NONE', ( #1408, #245, #276, #912 ) ) ;
#2245 = CARTESIAN_POINT ( 'NONE',  ( -3.799999999999999822, 118.0000000000000000, -8.000000000000000000 ) ) ;
#2246 = ORIENTED_EDGE ( 'NONE', *, *, #113, .F. ) ;
#2247 = CIRCLE ( 'NONE', #1253, 4.099999999999999645 ) ;
#2248 = AXIS2_PLACEMENT_3D ( 'NONE', #727, #1221, #370 ) ;
#2249 = VECTOR ( 'NONE', #122, 1000.000000000000000 ) ;
#2250 = CARTESIAN_POINT ( 'NONE',  ( 4.000000000000000888, 0.000000000000000000, 0.000000000000000000 ) ) ;
#2251 = DIRECTION ( 'NONE',  ( 0.000000000000000000, 0.000000000000000000, -1.000000000000000000 ) ) ;
#2252 = EDGE_CURVE ( 'NONE', #1631, #2048, #717, .T. ) ;
#2253 = VERTEX_POINT ( 'NONE', #215 ) ;
#2254 = DIRECTION ( 'NONE',  ( 0.000000000000000000, 0.000000000000000000, -1.000000000000000000 ) ) ;
#2255 = FACE_OUTER_BOUND ( 'NONE', #715, .T. ) ;
#2256 = EDGE_LOOP ( 'NONE', ( #657, #1205, #149, #817 ) ) ;
#2257 = CARTESIAN_POINT ( 'NONE',  ( -3.000000000000000000, 116.0000000000000000, -7.000000000000000000 ) ) ;
#2258 = VERTEX_POINT ( 'NONE', #176 ) ;
#2259 = CARTESIAN_POINT ( 'NONE',  ( -4.400000000000000355, 11.55349702400846823, -4.771447004445025897 ) ) ;
#2260 = DIRECTION ( 'NONE',  ( 0.000000000000000000, 0.000000000000000000, 1.000000000000000000 ) ) ;
#2261 = ORIENTED_EDGE ( 'NONE', *, *, #1692, .T. ) ;
#2262 = DIRECTION ( 'NONE',  ( 1.000000000000000000, 0.000000000000000000, 0.000000000000000000 ) ) ;
#2263 = ADVANCED_FACE ( 'NONE', ( #2132 ), #1210, .F. ) ;
#2264 = DIRECTION ( 'NONE',  ( 0.000000000000000000, -1.000000000000000000, -0.000000000000000000 ) ) ;
#2265 = EDGE_CURVE ( 'NONE', #303, #994, #904, .T. ) ;
#2266 = DIRECTION ( 'NONE',  ( -1.000000000000000000, -0.000000000000000000, -0.000000000000000000 ) ) ;
#2267 = CIRCLE ( 'NONE', #1275, 4.099999999999999645 ) ;
#2268 = EDGE_LOOP ( 'NONE', ( #2070, #1027, #858, #2209, #20, #1791, #877, #1197, #2116, #1279, #1543, #1738, #412, #1186, #1976, #162, #1322, #441, #85, #1231, #268, #586, #590, #2187, #2122, #1488, #338, #853, #123, #1288, #680, #829, #1164 ) ) ;
#2269 = AXIS2_PLACEMENT_3D ( 'NONE', #1695, #2233, #2201 ) ;
#2270 = DIRECTION ( 'NONE',  ( 0.000000000000000000, 0.000000000000000000, -1.000000000000000000 ) ) ;
#2271 = ORIENTED_EDGE ( 'NONE', *, *, #675, .F. ) ;
#2272 = LINE ( 'NONE', #854, #2172 ) ;
#2273 = CYLINDRICAL_SURFACE ( 'NONE', #1615, 3.200000000000000178 ) ;
#2274 = VERTEX_POINT ( 'NONE', #2098 ) ;
#2275 = LINE ( 'NONE', #1966, #1481 ) ;
#2276 = DIRECTION ( 'NONE',  ( -1.000000000000000000, -0.000000000000000000, -0.000000000000000000 ) ) ;
#2277 = APPROVAL_PERSON_ORGANIZATION ( #783, #458, #237 ) ;
ENDSEC;
END-ISO-10303-21;
