ISO-10303-21;
HEADER;
FILE_DESCRIPTION (( 'STEP AP203' ),
    '1' );
FILE_NAME ('FrontAntiTipBracketFastenerPack_V11_8xM4.STEP',
    '2026-08-29T08:02:36',
    ( '' ),
    ( '' ),
    'SwSTEP 2.0',
    'SolidWorks 2025',
    '' );
FILE_SCHEMA (( 'CONFIG_CONTROL_DESIGN' ));
ENDSEC;

DATA;
#1 = DIRECTION ( 'NONE',  ( 0.000000000000000000, 0.000000000000000000, 1.000000000000000000 ) ) ;
#2 = VERTEX_POINT ( 'NONE', #142 ) ;
#3 = ADVANCED_FACE ( 'NONE', ( #1117 ), #35, .T. ) ;
#4 = ORIENTED_EDGE ( 'NONE', *, *, #296, .T. ) ;
#5 = CIRCLE ( 'NONE', #163, 3.600000000000005862 ) ;
#6 = ORIENTED_EDGE ( 'NONE', *, *, #1236, .F. ) ;
#7 = DIRECTION ( 'NONE',  ( 0.000000000000000000, 1.000000000000000000, 0.000000000000000000 ) ) ;
#8 = FACE_OUTER_BOUND ( 'NONE', #822, .T. ) ;
#9 = ORIENTED_EDGE ( 'NONE', *, *, #133, .T. ) ;
#10 = ADVANCED_FACE ( 'NONE', ( #1347, #19 ), #25, .T. ) ;
#11 = ORIENTED_EDGE ( 'NONE', *, *, #361, .F. ) ;
#12 = DIRECTION ( 'NONE',  ( 0.000000000000000000, -0.000000000000000000, 1.000000000000000000 ) ) ;
#13 = CIRCLE ( 'NONE', #870, 1.899999999999999023 ) ;
#14 = AXIS2_PLACEMENT_3D ( 'NONE', #1224, #792, #681 ) ;
#15 = FACE_OUTER_BOUND ( 'NONE', #534, .T. ) ;
#16 = ADVANCED_FACE ( 'NONE', ( #484 ), #481, .T. ) ;
#17 = EDGE_LOOP ( 'NONE', ( #670, #1211, #587, #230 ) ) ;
#18 = CARTESIAN_POINT ( 'NONE',  ( 187.0000000000000000, -203.5999999999999943, 102.1000000000000085 ) ) ;
#19 = FACE_OUTER_BOUND ( 'NONE', #721, .T. ) ;
#20 = PLANE ( 'NONE',  #31 ) ;
#21 = ORIENTED_EDGE ( 'NONE', *, *, #913, .T. ) ;
#22 = CARTESIAN_POINT ( 'NONE',  ( -187.0000000000000000, -211.0000000000000000, 104.0000000000000142 ) ) ;
#23 = AXIS2_PLACEMENT_3D ( 'NONE', #253, #692, #1125 ) ;
#24 = DIRECTION ( 'NONE',  ( 0.000000000000000000, -0.000000000000000000, 1.000000000000000000 ) ) ;
#25 = PLANE ( 'NONE',  #585 ) ;
#26 = VERTEX_POINT ( 'NONE', #695 ) ;
#27 = CIRCLE ( 'NONE', #456, 3.599999999999999201 ) ;
#28 = CIRCLE ( 'NONE', #842, 1.899999999999999023 ) ;
#29 = DIRECTION ( 'NONE',  ( 0.000000000000000000, 0.000000000000000000, -1.000000000000000000 ) ) ;
#30 = DIRECTION ( 'NONE',  ( 0.000000000000000000, 0.000000000000000000, 1.000000000000000000 ) ) ;
#31 = AXIS2_PLACEMENT_3D ( 'NONE', #470, #908, #277 ) ;
#32 = ADVANCED_FACE ( 'NONE', ( #136 ), #378, .T. ) ;
#33 = ORIENTED_EDGE ( 'NONE', *, *, #957, .T. ) ;
#34 = DIRECTION ( 'NONE',  ( -0.000000000000000000, -1.000000000000000000, -0.000000000000000000 ) ) ;
#35 = CYLINDRICAL_SURFACE ( 'NONE', #315, 1.899999999999999023 ) ;
#36 = VERTEX_POINT ( 'NONE', #919 ) ;
#37 = EDGE_CURVE ( 'NONE', #1265, #302, #1020, .T. ) ;
#38 = CARTESIAN_POINT ( 'NONE',  ( 223.0000000000000000, -203.5999999999999943, 48.00000000000000000 ) ) ;
#39 = PLANE ( 'NONE',  #14 ) ;
#40 = FACE_BOUND ( 'NONE', #1337, .T. ) ;
#41 = CIRCLE ( 'NONE', #93, 1.899999999999999023 ) ;
#42 = CARTESIAN_POINT ( 'NONE',  ( 223.0000000000000000, -210.0000000000000000, 48.00000000000000000 ) ) ;
#43 = EDGE_LOOP ( 'NONE', ( #997, #1208 ) ) ;
#44 = ADVANCED_FACE ( 'NONE', ( #374 ), #815, .T. ) ;
#45 = EDGE_CURVE ( 'NONE', #1247, #375, #283, .T. ) ;
#46 = CLOSED_SHELL ( 'NONE', ( #401, #1377, #712, #51, #211, #372, #44 ) ) ;
#47 = DIRECTION ( 'NONE',  ( -0.000000000000000000, -1.000000000000000000, -0.000000000000000000 ) ) ;
#48 = LINE ( 'NONE', #1103, #291 ) ;
#49 = CIRCLE ( 'NONE', #478, 1.899999999999999023 ) ;
#50 = PLANE ( 'NONE',  #228 ) ;
#51 = ADVANCED_FACE ( 'NONE', ( #162 ), #631, .T. ) ;
#52 = AXIS2_PLACEMENT_3D ( 'NONE', #841, #331, #973 ) ;
#53 = AXIS2_PLACEMENT_3D ( 'NONE', #398, #837, #1279 ) ;
#54 = CIRCLE ( 'NONE', #231, 1.899999999999999023 ) ;
#55 = DIRECTION ( 'NONE',  ( 0.000000000000000000, 1.000000000000000000, 0.000000000000000000 ) ) ;
#56 = ORIENTED_EDGE ( 'NONE', *, *, #571, .T. ) ;
#57 = DIRECTION ( 'NONE',  ( 0.000000000000000000, 0.000000000000000000, -1.000000000000000000 ) ) ;
#58 = DIRECTION ( 'NONE',  ( 0.000000000000000000, 0.000000000000000000, 1.000000000000000000 ) ) ;
#59 = CARTESIAN_POINT ( 'NONE',  ( 223.0000000000000000, -203.5999999999999943, 104.0000000000000142 ) ) ;
#60 = LINE ( 'NONE', #179, #691 ) ;
#61 = VERTEX_POINT ( 'NONE', #612 ) ;
#62 = DIRECTION ( 'NONE',  ( -0.000000000000000000, -1.000000000000000000, -0.000000000000000000 ) ) ;
#63 = PERSON_AND_ORGANIZATION ( #310, #798 ) ;
#64 = CARTESIAN_POINT ( 'NONE',  ( 223.0000000000000000, -210.0000000000000000, 46.10000000000000142 ) ) ;
#65 = CARTESIAN_POINT ( 'NONE',  ( 187.0000000000000000, -210.0000000000000000, 48.00000000000000000 ) ) ;
#66 = DIRECTION ( 'NONE',  ( 0.000000000000000000, -1.000000000000000000, -0.000000000000000000 ) ) ;
#67 = AXIS2_PLACEMENT_3D ( 'NONE', #1393, #944, #1040 ) ;
#68 = VECTOR ( 'NONE', #1400, 1000.000000000000000 ) ;
#69 = DIRECTION ( 'NONE',  ( 0.000000000000000000, -0.000000000000000000, 1.000000000000000000 ) ) ;
#70 = ORIENTED_EDGE ( 'NONE', *, *, #1288, .T. ) ;
#71 = PLANE ( 'NONE',  #52 ) ;
#72 = LINE ( 'NONE', #1376, #539 ) ;
#73 = CARTESIAN_POINT ( 'NONE',  ( -187.0000000000000000, -210.0000000000000000, 102.1000000000000085 ) ) ;
#74 = DIRECTION ( 'NONE',  ( 0.000000000000000000, -0.000000000000000000, 1.000000000000000000 ) ) ;
#75 = CARTESIAN_POINT ( 'NONE',  ( 223.0000000000000000, -211.0000000000000000, 104.0000000000000142 ) ) ;
#76 = ORIENTED_EDGE ( 'NONE', *, *, #1263, .T. ) ;
#77 = DIRECTION ( 'NONE',  ( 0.000000000000000000, 0.000000000000000000, 1.000000000000000000 ) ) ;
#78 = AXIS2_PLACEMENT_3D ( 'NONE', #839, #597, #157 ) ;
#79 = COORDINATED_UNIVERSAL_TIME_OFFSET ( 8, 0, .AHEAD. ) ;
#80 = CARTESIAN_POINT ( 'NONE',  ( -223.0000000000000000, -210.0000000000000000, 104.0000000000000142 ) ) ;
#81 = DIRECTION ( 'NONE',  ( 0.000000000000000000, 1.000000000000000000, 0.000000000000000000 ) ) ;
#82 = FACE_BOUND ( 'NONE', #120, .T. ) ;
#83 = EDGE_LOOP ( 'NONE', ( #565, #566, #598, #1066 ) ) ;
#84 = DIRECTION ( 'NONE',  ( 0.000000000000000000, 1.000000000000000000, 0.000000000000000000 ) ) ;
#85 = ADVANCED_FACE ( 'NONE', ( #711 ), #833, .T. ) ;
#86 = APPROVAL_DATE_TIME ( #1077, #1102 ) ;
#87 = DIRECTION ( 'NONE',  ( -0.000000000000000000, -1.000000000000000000, -0.000000000000000000 ) ) ;
#88 = DIRECTION ( 'NONE',  ( 0.000000000000000000, 0.000000000000000000, 1.000000000000000000 ) ) ;
#89 = ADVANCED_BREP_SHAPE_REPRESENTATION ( 'FrontAntiTipBracketFastenerPack_V11_8xM4', ( #622, #138, #144, #626, #1078, #1091, #614, #617, #657 ), #1328 ) ;
#90 = DIRECTION ( 'NONE',  ( -0.000000000000000000, -1.000000000000000000, -0.000000000000000000 ) ) ;
#91 = ORIENTED_EDGE ( 'NONE', *, *, #897, .F. ) ;
#92 = CARTESIAN_POINT ( 'NONE',  ( 223.0000000000000000, -210.0500000000000114, 49.89999999999999858 ) ) ;
#93 = AXIS2_PLACEMENT_3D ( 'NONE', #80, #830, #194 ) ;
#94 = PERSON_AND_ORGANIZATION ( #310, #798 ) ;
#95 = EDGE_CURVE ( 'NONE', #272, #1284, #964, .T. ) ;
#96 = ORIENTED_EDGE ( 'NONE', *, *, #819, .F. ) ;
#97 = EDGE_CURVE ( 'NONE', #558, #1284, #1114, .T. ) ;
#98 = FACE_OUTER_BOUND ( 'NONE', #1410, .T. ) ;
#99 = CYLINDRICAL_SURFACE ( 'NONE', #1094, 3.599999999999999201 ) ;
#100 = CIRCLE ( 'NONE', #929, 1.899999999999999023 ) ;
#101 = ADVANCED_FACE ( 'NONE', ( #1142 ), #50, .T. ) ;
#102 = CARTESIAN_POINT ( 'NONE',  ( 187.0000000000000000, -211.0000000000000000, 100.4000000000000057 ) ) ;
#103 = ORIENTED_EDGE ( 'NONE', *, *, #1182, .T. ) ;
#104 = VERTEX_POINT ( 'NONE', #507 ) ;
#105 = AXIS2_PLACEMENT_3D ( 'NONE', #864, #1306, #319 ) ;
#106 = ORIENTED_EDGE ( 'NONE', *, *, #186, .T. ) ;
#107 = CIRCLE ( 'NONE', #53, 3.600000000000005862 ) ;
#108 = ORIENTED_EDGE ( 'NONE', *, *, #366, .T. ) ;
#109 = LINE ( 'NONE', #561, #1387 ) ;
#110 = EDGE_LOOP ( 'NONE', ( #690, #765 ) ) ;
#111 = EDGE_CURVE ( 'NONE', #272, #351, #1026, .T. ) ;
#112 = FACE_OUTER_BOUND ( 'NONE', #1105, .T. ) ;
#113 = VERTEX_POINT ( 'NONE', #391 ) ;
#114 = EDGE_LOOP ( 'NONE', ( #673, #1093, #1354, #697 ) ) ;
#115 = VERTEX_POINT ( 'NONE', #1147 ) ;
#116 = DIRECTION ( 'NONE',  ( 0.000000000000000000, 0.000000000000000000, -1.000000000000000000 ) ) ;
#117 = DIRECTION ( 'NONE',  ( 0.000000000000000000, 1.000000000000000000, 0.000000000000000000 ) ) ;
#118 = VECTOR ( 'NONE', #1135, 1000.000000000000000 ) ;
#119 = VERTEX_POINT ( 'NONE', #1380 ) ;
#120 = EDGE_LOOP ( 'NONE', ( #442, #152 ) ) ;
#121 = DIRECTION ( 'NONE',  ( 0.000000000000000000, 1.000000000000000000, 0.000000000000000000 ) ) ;
#122 = VECTOR ( 'NONE', #910, 1000.000000000000000 ) ;
#123 = CIRCLE ( 'NONE', #863, 3.600000000000005862 ) ;
#124 = DIRECTION ( 'NONE',  ( 0.000000000000000000, 0.000000000000000000, 1.000000000000000000 ) ) ;
#125 = ORIENTED_EDGE ( 'NONE', *, *, #556, .F. ) ;
#126 = AXIS2_PLACEMENT_3D ( 'NONE', #171, #847, #74 ) ;
#127 = DIRECTION ( 'NONE',  ( 0.000000000000000000, 1.000000000000000000, 0.000000000000000000 ) ) ;
#128 = AXIS2_PLACEMENT_3D ( 'NONE', #42, #491, #411 ) ;
#129 = CYLINDRICAL_SURFACE ( 'NONE', #1324, 3.600000000000005862 ) ;
#130 = VERTEX_POINT ( 'NONE', #178 ) ;
#131 = DIRECTION ( 'NONE',  ( 0.000000000000000000, 0.000000000000000000, 1.000000000000000000 ) ) ;
#132 = ORIENTED_EDGE ( 'NONE', *, *, #316, .T. ) ;
#133 = EDGE_CURVE ( 'NONE', #1429, #527, #494, .T. ) ;
#134 = CYLINDRICAL_SURFACE ( 'NONE', #265, 1.899999999999999023 ) ;
#135 = CARTESIAN_POINT ( 'NONE',  ( 223.0000000000000000, -210.0000000000000000, 105.9000000000000057 ) ) ;
#136 = FACE_OUTER_BOUND ( 'NONE', #214, .T. ) ;
#137 = EDGE_LOOP ( 'NONE', ( #592, #817 ) ) ;
#138 = MANIFOLD_SOLID_BREP ( '\X2\8f935165\X0\2', #493 ) ;
#139 = EDGE_CURVE ( 'NONE', #36, #130, #726, .T. ) ;
#140 = LOCAL_TIME ( 16, 2, 36.00000000000000000, #627 ) ;
#141 = CARTESIAN_POINT ( 'NONE',  ( -223.0000000000000000, -203.5999999999999943, 48.00000000000000000 ) ) ;
#142 = CARTESIAN_POINT ( 'NONE',  ( 223.0000000000000000, -203.5999999999999943, 46.10000000000000142 ) ) ;
#143 = ORIENTED_EDGE ( 'NONE', *, *, #249, .T. ) ;
#144 = MANIFOLD_SOLID_BREP ( '\X2\8f935165\X0\3', #46 ) ;
#145 = AXIS2_PLACEMENT_3D ( 'NONE', #646, #1191, #538 ) ;
#146 = AXIS2_PLACEMENT_3D ( 'NONE', #649, #436, #877 ) ;
#147 = DIRECTION ( 'NONE',  ( 0.000000000000000000, 1.000000000000000000, 0.000000000000000000 ) ) ;
#148 = EDGE_LOOP ( 'NONE', ( #701, #783, #1082, #1421 ) ) ;
#149 = AXIS2_PLACEMENT_3D ( 'NONE', #256, #696, #154 ) ;
#150 = AXIS2_PLACEMENT_3D ( 'NONE', #38, #34, #29 ) ;
#151 = EDGE_CURVE ( 'NONE', #1166, #1403, #914, .T. ) ;
#152 = ORIENTED_EDGE ( 'NONE', *, *, #1075, .T. ) ;
#153 = DIRECTION ( 'NONE',  ( 0.000000000000000000, 1.000000000000000000, 0.000000000000000000 ) ) ;
#154 = DIRECTION ( 'NONE',  ( 0.000000000000000000, 0.000000000000000000, 1.000000000000000000 ) ) ;
#155 = CARTESIAN_POINT ( 'NONE',  ( 223.0000000000000000, -211.0000000000000000, 104.0000000000000142 ) ) ;
#156 = ADVANCED_FACE ( 'NONE', ( #40, #1154 ), #853, .T. ) ;
#157 = DIRECTION ( 'NONE',  ( 0.000000000000000000, 0.000000000000000000, 1.000000000000000000 ) ) ;
#158 = EDGE_LOOP ( 'NONE', ( #180, #244 ) ) ;
#159 = DIRECTION ( 'NONE',  ( 0.000000000000000000, 0.000000000000000000, 1.000000000000000000 ) ) ;
#160 = CIRCLE ( 'NONE', #356, 1.899999999999999023 ) ;
#161 = CARTESIAN_POINT ( 'NONE',  ( -187.0000000000000000, -210.0000000000000000, 104.0000000000000142 ) ) ;
#162 = FACE_OUTER_BOUND ( 'NONE', #17, .T. ) ;
#163 = AXIS2_PLACEMENT_3D ( 'NONE', #679, #1106, #454 ) ;
#164 = CC_DESIGN_APPROVAL ( #240, ( #778 ) ) ;
#165 = DIRECTION ( 'NONE',  ( 0.000000000000000000, 0.000000000000000000, 1.000000000000000000 ) ) ;
#166 = ORIENTED_EDGE ( 'NONE', *, *, #904, .T. ) ;
#167 = AXIS2_PLACEMENT_3D ( 'NONE', #685, #147, #488 ) ;
#168 = CARTESIAN_POINT ( 'NONE',  ( 223.0000000000000000, -211.0000000000000000, 51.60000000000000142 ) ) ;
#169 = FACE_OUTER_BOUND ( 'NONE', #518, .T. ) ;
#170 = VECTOR ( 'NONE', #850, 1000.000000000000000 ) ;
#171 = CARTESIAN_POINT ( 'NONE',  ( 187.0000000000000000, -210.0000000000000000, 104.0000000000000142 ) ) ;
#172 = AXIS2_PLACEMENT_3D ( 'NONE', #1374, #55, #165 ) ;
#173 = FACE_OUTER_BOUND ( 'NONE', #553, .T. ) ;
#174 = VERTEX_POINT ( 'NONE', #1050 ) ;
#175 = PERSON_AND_ORGANIZATION ( #310, #798 ) ;
#176 = DIRECTION ( 'NONE',  ( 0.000000000000000000, 1.000000000000000000, 0.000000000000000000 ) ) ;
#177 = FACE_OUTER_BOUND ( 'NONE', #652, .T. ) ;
#178 = CARTESIAN_POINT ( 'NONE',  ( -223.0000000000000000, -210.0000000000000000, 107.6000000000000085 ) ) ;
#179 = CARTESIAN_POINT ( 'NONE',  ( -187.0000000000000000, -211.0000000000000000, 107.6000000000000085 ) ) ;
#180 = ORIENTED_EDGE ( 'NONE', *, *, #151, .F. ) ;
#181 = DIRECTION ( 'NONE',  ( 0.000000000000000000, 0.000000000000000000, 1.000000000000000000 ) ) ;
#182 = ADVANCED_FACE ( 'NONE', ( #946 ), #290, .T. ) ;
#183 = SECURITY_CLASSIFICATION_LEVEL ( 'unclassified' ) ;
#184 = DIRECTION ( 'NONE',  ( 0.000000000000000000, 0.000000000000000000, 1.000000000000000000 ) ) ;
#185 = CARTESIAN_POINT ( 'NONE',  ( 223.0000000000000000, -211.0000000000000000, 104.0000000000000142 ) ) ;
#186 = EDGE_CURVE ( 'NONE', #36, #924, #1115, .T. ) ;
#187 = CARTESIAN_POINT ( 'NONE',  ( -187.0000000000000000, -203.5999999999999943, 48.00000000000000000 ) ) ;
#188 = AXIS2_PLACEMENT_3D ( 'NONE', #653, #121, #674 ) ;
#189 = CC_DESIGN_APPROVAL ( #1102, ( #1275 ) ) ;
#190 = DIRECTION ( 'NONE',  ( 0.000000000000000000, 1.000000000000000000, 0.000000000000000000 ) ) ;
#191 = EDGE_LOOP ( 'NONE', ( #1074, #6 ) ) ;
#192 = DIRECTION ( 'NONE',  ( -0.000000000000000000, -1.000000000000000000, -0.000000000000000000 ) ) ;
#193 = PERSON_AND_ORGANIZATION_ROLE ( 'creator' ) ;
#194 = DIRECTION ( 'NONE',  ( 0.000000000000000000, 0.000000000000000000, 1.000000000000000000 ) ) ;
#195 = DIRECTION ( 'NONE',  ( 0.000000000000000000, 0.000000000000000000, 1.000000000000000000 ) ) ;
#196 = CLOSED_SHELL ( 'NONE', ( #1022, #825, #1367, #3, #564, #392, #664 ) ) ;
#197 = ADVANCED_FACE ( 'NONE', ( #409 ), #1291, .T. ) ;
#198 = CIRCLE ( 'NONE', #381, 1.899999999999999023 ) ;
#199 = CIRCLE ( 'NONE', #1006, 3.599999999999999201 ) ;
#200 = DIRECTION ( 'NONE',  ( -0.000000000000000000, -1.000000000000000000, -0.000000000000000000 ) ) ;
#201 = ORIENTED_EDGE ( 'NONE', *, *, #904, .F. ) ;
#202 = CYLINDRICAL_SURFACE ( 'NONE', #1372, 3.599999999999999201 ) ;
#203 = CIRCLE ( 'NONE', #386, 1.899999999999999023 ) ;
#204 = PERSON_AND_ORGANIZATION ( #310, #798 ) ;
#205 = DIRECTION ( 'NONE',  ( 0.000000000000000000, 1.000000000000000000, 0.000000000000000000 ) ) ;
#206 = DIRECTION ( 'NONE',  ( -0.000000000000000000, -1.000000000000000000, -0.000000000000000000 ) ) ;
#207 = EDGE_CURVE ( 'NONE', #115, #61, #198, .T. ) ;
#208 = DIRECTION ( 'NONE',  ( 0.000000000000000000, 1.000000000000000000, 0.000000000000000000 ) ) ;
#209 = EDGE_CURVE ( 'NONE', #1123, #1194, #586, .T. ) ;
#210 = ORIENTED_EDGE ( 'NONE', *, *, #139, .F. ) ;
#211 = ADVANCED_FACE ( 'NONE', ( #1080, #871 ), #424, .T. ) ;
#212 = CARTESIAN_POINT ( 'NONE',  ( 187.0000000000000000, -210.0000000000000000, 48.00000000000000000 ) ) ;
#213 = APPLICATION_PROTOCOL_DEFINITION ( 'international standard', 'config_control_design', 1994, #921 ) ;
#214 = EDGE_LOOP ( 'NONE', ( #714, #909 ) ) ;
#215 = EDGE_CURVE ( 'NONE', #1194, #1332, #1407, .T. ) ;
#216 = DIRECTION ( 'NONE',  ( 0.000000000000000000, -1.000000000000000000, -0.000000000000000000 ) ) ;
#217 = CARTESIAN_POINT ( 'NONE',  ( -187.0000000000000000, -210.0000000000000000, 48.00000000000000000 ) ) ;
#218 = CARTESIAN_POINT ( 'NONE',  ( 223.0000000000000000, -210.0000000000000000, 100.4000000000000057 ) ) ;
#219 = EDGE_LOOP ( 'NONE', ( #1136, #560, #166, #1430 ) ) ;
#220 = CARTESIAN_POINT ( 'NONE',  ( -187.0000000000000000, -210.0000000000000000, 104.0000000000000142 ) ) ;
#221 = LOCAL_TIME ( 16, 2, 36.00000000000000000, #1188 ) ;
#222 = ORIENTED_EDGE ( 'NONE', *, *, #361, .T. ) ;
#223 = VERTEX_POINT ( 'NONE', #980 ) ;
#224 = CARTESIAN_POINT ( 'NONE',  ( -223.0000000000000000, -203.5999999999999943, 48.00000000000000000 ) ) ;
#225 = ORIENTED_EDGE ( 'NONE', *, *, #1017, .F. ) ;
#226 = DIRECTION ( 'NONE',  ( 0.000000000000000000, 1.000000000000000000, 0.000000000000000000 ) ) ;
#227 = EDGE_LOOP ( 'NONE', ( #1032, #125 ) ) ;
#228 = AXIS2_PLACEMENT_3D ( 'NONE', #155, #66, #838 ) ;
#229 = ORIENTED_EDGE ( 'NONE', *, *, #1270, .T. ) ;
#230 = ORIENTED_EDGE ( 'NONE', *, *, #400, .T. ) ;
#231 = AXIS2_PLACEMENT_3D ( 'NONE', #1349, #363, #804 ) ;
#232 = ORIENTED_EDGE ( 'NONE', *, *, #207, .F. ) ;
#233 = LINE ( 'NONE', #349, #629 ) ;
#234 = PRODUCT_DEFINITION_SHAPE ( 'NONE', 'NONE',  #1252 ) ;
#235 = CARTESIAN_POINT ( 'NONE',  ( 223.0000000000000000, -211.0000000000000000, 48.00000000000000000 ) ) ;
#236 = ORIENTED_EDGE ( 'NONE', *, *, #723, .F. ) ;
#237 = VERTEX_POINT ( 'NONE', #1414 ) ;
#238 = DESIGN_CONTEXT ( 'detailed design', #921, 'design' ) ;
#239 = CARTESIAN_POINT ( 'NONE',  ( -223.0000000000000000, -210.0000000000000000, 105.9000000000000057 ) ) ;
#240 = APPROVAL ( #747, '未' ) ;
#241 = CARTESIAN_POINT ( 'NONE',  ( -223.0000000000000000, -211.0000000000000000, 48.00000000000000000 ) ) ;
#242 = CIRCLE ( 'NONE', #1036, 3.600000000000005862 ) ;
#243 = ORIENTED_EDGE ( 'NONE', *, *, #1423, .F. ) ;
#244 = ORIENTED_EDGE ( 'NONE', *, *, #608, .F. ) ;
#245 = CARTESIAN_POINT ( 'NONE',  ( -187.0000000000000000, -210.0500000000000114, 48.00000000000000000 ) ) ;
#246 = CC_DESIGN_APPROVAL ( #1302, ( #1252 ) ) ;
#247 = DIRECTION ( 'NONE',  ( 0.000000000000000000, 1.000000000000000000, 0.000000000000000000 ) ) ;
#248 = CYLINDRICAL_SURFACE ( 'NONE', #668, 3.599999999999999201 ) ;
#249 = EDGE_CURVE ( 'NONE', #924, #237, #638, .T. ) ;
#250 = AXIS2_PLACEMENT_3D ( 'NONE', #1163, #385, #1268 ) ;
#251 = VERTEX_POINT ( 'NONE', #1313 ) ;
#252 = CIRCLE ( 'NONE', #759, 1.899999999999999023 ) ;
#253 = CARTESIAN_POINT ( 'NONE',  ( -223.0000000000000000, -211.0000000000000000, 48.00000000000000000 ) ) ;
#254 = DIRECTION ( 'NONE',  ( 0.000000000000000000, 0.000000000000000000, 1.000000000000000000 ) ) ;
#255 = DIRECTION ( 'NONE',  ( 0.000000000000000000, 0.000000000000000000, 1.000000000000000000 ) ) ;
#256 = CARTESIAN_POINT ( 'NONE',  ( 223.0000000000000000, -211.0000000000000000, 104.0000000000000142 ) ) ;
#257 = EDGE_CURVE ( 'NONE', #1213, #1002, #706, .T. ) ;
#258 = ORIENTED_EDGE ( 'NONE', *, *, #519, .F. ) ;
#259 = EDGE_CURVE ( 'NONE', #119, #920, #49, .T. ) ;
#260 = LINE ( 'NONE', #1113, #1388 ) ;
#261 = ADVANCED_FACE ( 'NONE', ( #1087 ), #99, .T. ) ;
#262 = CYLINDRICAL_SURFACE ( 'NONE', #167, 3.599999999999999201 ) ;
#263 = DIRECTION ( 'NONE',  ( 0.000000000000000000, -0.000000000000000000, 1.000000000000000000 ) ) ;
#264 = ORIENTED_EDGE ( 'NONE', *, *, #322, .T. ) ;
#265 = AXIS2_PLACEMENT_3D ( 'NONE', #245, #358, #1011 ) ;
#266 = DIRECTION ( 'NONE',  ( -0.000000000000000000, -1.000000000000000000, -0.000000000000000000 ) ) ;
#267 = ADVANCED_FACE ( 'NONE', ( #531 ), #314, .T. ) ;
#268 = CARTESIAN_POINT ( 'NONE',  ( -187.0000000000000000, -211.0000000000000000, 48.00000000000000000 ) ) ;
#269 = EDGE_LOOP ( 'NONE', ( #103, #132, #472, #201 ) ) ;
#270 = VECTOR ( 'NONE', #321, 1000.000000000000000 ) ;
#271 = FACE_OUTER_BOUND ( 'NONE', #903, .T. ) ;
#272 = VERTEX_POINT ( 'NONE', #1285 ) ;
#273 = CIRCLE ( 'NONE', #640, 3.600000000000005862 ) ;
#274 = DIRECTION ( 'NONE',  ( 0.000000000000000000, 1.000000000000000000, 0.000000000000000000 ) ) ;
#275 = EDGE_LOOP ( 'NONE', ( #1307, #232 ) ) ;
#276 = CARTESIAN_POINT ( 'NONE',  ( 187.0000000000000000, -211.0000000000000000, 51.60000000000000142 ) ) ;
#277 = DIRECTION ( 'NONE',  ( 0.000000000000000000, -0.000000000000000000, 1.000000000000000000 ) ) ;
#278 = DIRECTION ( 'NONE',  ( 0.000000000000000000, 0.000000000000000000, 1.000000000000000000 ) ) ;
#279 = DIRECTION ( 'NONE',  ( -0.000000000000000000, -1.000000000000000000, -0.000000000000000000 ) ) ;
#280 = EDGE_LOOP ( 'NONE', ( #1299, #435 ) ) ;
#281 = DIRECTION ( 'NONE',  ( 0.000000000000000000, 0.000000000000000000, 1.000000000000000000 ) ) ;
#282 = CARTESIAN_POINT ( 'NONE',  ( -187.0000000000000000, -210.0000000000000000, 48.00000000000000000 ) ) ;
#283 = LINE ( 'NONE', #1297, #523 ) ;
#284 = VECTOR ( 'NONE', #901, 1000.000000000000000 ) ;
#285 = CYLINDRICAL_SURFACE ( 'NONE', #368, 1.899999999999999023 ) ;
#286 = ORIENTED_EDGE ( 'NONE', *, *, #922, .F. ) ;
#287 = CARTESIAN_POINT ( 'NONE',  ( -223.0000000000000000, -203.5999999999999943, 49.89999999999999858 ) ) ;
#288 = CARTESIAN_POINT ( 'NONE',  ( 187.0000000000000000, -210.0000000000000000, 100.4000000000000057 ) ) ;
#289 = VECTOR ( 'NONE', #655, 1000.000000000000000 ) ;
#290 = PLANE ( 'NONE',  #1215 ) ;
#291 = VECTOR ( 'NONE', #117, 1000.000000000000000 ) ;
#292 = VECTOR ( 'NONE', #926, 1000.000000000000000 ) ;
#293 = CARTESIAN_POINT ( 'NONE',  ( -187.0000000000000000, -211.0000000000000000, 104.0000000000000142 ) ) ;
#294 = EDGE_LOOP ( 'NONE', ( #774, #807, #70, #1221 ) ) ;
#295 = DIRECTION ( 'NONE',  ( 0.000000000000000000, 1.000000000000000000, 0.000000000000000000 ) ) ;
#296 = EDGE_CURVE ( 'NONE', #1157, #995, #1167, .T. ) ;
#297 = APPROVAL_STATUS ( 'not_yet_approved' ) ;
#298 = FACE_OUTER_BOUND ( 'NONE', #677, .T. ) ;
#299 = DIRECTION ( 'NONE',  ( 0.000000000000000000, 0.000000000000000000, 1.000000000000000000 ) ) ;
#300 = CARTESIAN_POINT ( 'NONE',  ( 187.0000000000000000, -210.0500000000000114, 104.0000000000000142 ) ) ;
#301 = CARTESIAN_POINT ( 'NONE',  ( 187.0000000000000000, -211.0000000000000000, 100.4000000000000057 ) ) ;
#302 = VERTEX_POINT ( 'NONE', #967 ) ;
#303 = DIRECTION ( 'NONE',  ( 0.000000000000000000, 0.000000000000000000, 1.000000000000000000 ) ) ;
#304 = DIRECTION ( 'NONE',  ( 0.000000000000000000, 1.000000000000000000, 0.000000000000000000 ) ) ;
#305 = DIRECTION ( 'NONE',  ( -0.000000000000000000, -1.000000000000000000, -0.000000000000000000 ) ) ;
#306 = ADVANCED_FACE ( 'NONE', ( #413 ), #1068, .T. ) ;
#307 = CIRCLE ( 'NONE', #1108, 1.899999999999999023 ) ;
#308 = CARTESIAN_POINT ( 'NONE',  ( -223.0000000000000000, -210.0000000000000000, 48.00000000000000000 ) ) ;
#309 = VERTEX_POINT ( 'NONE', #960 ) ;
#310 = PERSON ( '未', '未', '未', ('未'), ('未'), ('未') ) ;
#311 = DIRECTION ( 'NONE',  ( 0.000000000000000000, 0.000000000000000000, 1.000000000000000000 ) ) ;
#312 = APPROVAL_ROLE ( '' ) ;
#313 = DIRECTION ( 'NONE',  ( 0.000000000000000000, 1.000000000000000000, 0.000000000000000000 ) ) ;
#314 = CYLINDRICAL_SURFACE ( 'NONE', #1043, 3.600000000000005862 ) ;
#315 = AXIS2_PLACEMENT_3D ( 'NONE', #820, #1013, #30 ) ;
#316 = EDGE_CURVE ( 'NONE', #174, #113, #535, .T. ) ;
#317 = AXIS2_PLACEMENT_3D ( 'NONE', #524, #399, #595 ) ;
#318 = CIRCLE ( 'NONE', #1118, 3.599999999999999201 ) ;
#319 = DIRECTION ( 'NONE',  ( 0.000000000000000000, -0.000000000000000000, 1.000000000000000000 ) ) ;
#320 = ORIENTED_EDGE ( 'NONE', *, *, #95, .F. ) ;
#321 = DIRECTION ( 'NONE',  ( 0.000000000000000000, 1.000000000000000000, 0.000000000000000000 ) ) ;
#322 = EDGE_CURVE ( 'NONE', #459, #457, #1281, .T. ) ;
#323 = CIRCLE ( 'NONE', #500, 3.600000000000005862 ) ;
#324 = CALENDAR_DATE ( 2026, 29, 8 ) ;
#325 = ORIENTED_EDGE ( 'NONE', *, *, #1124, .T. ) ;
#326 = FACE_OUTER_BOUND ( 'NONE', #83, .T. ) ;
#327 = DIRECTION ( 'NONE',  ( 0.000000000000000000, 0.000000000000000000, 1.000000000000000000 ) ) ;
#328 = EDGE_CURVE ( 'NONE', #1194, #1123, #27, .T. ) ;
#329 = CARTESIAN_POINT ( 'NONE',  ( 187.0000000000000000, -210.0000000000000000, 104.0000000000000142 ) ) ;
#330 = ORIENTED_EDGE ( 'NONE', *, *, #608, .T. ) ;
#331 = DIRECTION ( 'NONE',  ( 0.000000000000000000, -1.000000000000000000, -0.000000000000000000 ) ) ;
#332 = EDGE_LOOP ( 'NONE', ( #780, #419 ) ) ;
#333 = DIRECTION ( 'NONE',  ( 0.000000000000000000, 0.000000000000000000, -1.000000000000000000 ) ) ;
#334 = AXIS2_PLACEMENT_3D ( 'NONE', #836, #740, #715 ) ;
#335 = CYLINDRICAL_SURFACE ( 'NONE', #1187, 1.899999999999999023 ) ;
#336 = EDGE_LOOP ( 'NONE', ( #96, #91 ) ) ;
#337 = ORIENTED_EDGE ( 'NONE', *, *, #621, .F. ) ;
#338 = CC_DESIGN_SECURITY_CLASSIFICATION ( #1275, ( #778 ) ) ;
#339 = ORIENTED_EDGE ( 'NONE', *, *, #215, .F. ) ;
#340 = VERTEX_POINT ( 'NONE', #745 ) ;
#341 = CARTESIAN_POINT ( 'NONE',  ( 223.0000000000000000, -210.0500000000000114, 105.9000000000000057 ) ) ;
#342 = DIRECTION ( 'NONE',  ( 0.000000000000000000, 0.000000000000000000, -1.000000000000000000 ) ) ;
#343 = EDGE_LOOP ( 'NONE', ( #1397, #799 ) ) ;
#344 = AXIS2_PLACEMENT_3D ( 'NONE', #591, #360, #581 ) ;
#345 = AXIS2_PLACEMENT_3D ( 'NONE', #220, #660, #983 ) ;
#346 = VERTEX_POINT ( 'NONE', #1060 ) ;
#347 = AXIS2_PLACEMENT_3D ( 'NONE', #1261, #1041, #716 ) ;
#348 = EDGE_LOOP ( 'NONE', ( #1343, #1184, #624, #482 ) ) ;
#349 = CARTESIAN_POINT ( 'NONE',  ( 187.0000000000000000, -210.0500000000000114, 49.89999999999999858 ) ) ;
#350 = DIRECTION ( 'NONE',  ( 0.000000000000000000, 0.000000000000000000, -1.000000000000000000 ) ) ;
#351 = VERTEX_POINT ( 'NONE', #950 ) ;
#352 = ORIENTED_EDGE ( 'NONE', *, *, #1340, .T. ) ;
#353 = CARTESIAN_POINT ( 'NONE',  ( -187.0000000000000000, -210.0000000000000000, 48.00000000000000000 ) ) ;
#354 = EDGE_CURVE ( 'NONE', #1128, #2, #528, .T. ) ;
#355 = CARTESIAN_POINT ( 'NONE',  ( -223.0000000000000000, -210.0000000000000000, 104.0000000000000142 ) ) ;
#356 = AXIS2_PLACEMENT_3D ( 'NONE', #939, #416, #600 ) ;
#357 = ORIENTED_EDGE ( 'NONE', *, *, #874, .F. ) ;
#358 = DIRECTION ( 'NONE',  ( 0.000000000000000000, 1.000000000000000000, 0.000000000000000000 ) ) ;
#359 = CARTESIAN_POINT ( 'NONE',  ( -223.0000000000000000, -211.0000000000000000, 48.00000000000000000 ) ) ;
#360 = DIRECTION ( 'NONE',  ( 0.000000000000000000, -1.000000000000000000, -0.000000000000000000 ) ) ;
#361 = EDGE_CURVE ( 'NONE', #986, #995, #1255, .T. ) ;
#362 = EDGE_CURVE ( 'NONE', #251, #1100, #1076, .T. ) ;
#363 = DIRECTION ( 'NONE',  ( -0.000000000000000000, -1.000000000000000000, -0.000000000000000000 ) ) ;
#364 = VECTOR ( 'NONE', #1064, 1000.000000000000000 ) ;
#365 = EDGE_LOOP ( 'NONE', ( #76, #886, #222, #453 ) ) ;
#366 = EDGE_CURVE ( 'NONE', #457, #459, #786, .T. ) ;
#367 = DIRECTION ( 'NONE',  ( 0.000000000000000000, 0.000000000000000000, 1.000000000000000000 ) ) ;
#368 = AXIS2_PLACEMENT_3D ( 'NONE', #828, #942, #727 ) ;
#369 = CARTESIAN_POINT ( 'NONE',  ( -187.0000000000000000, -211.0000000000000000, 104.0000000000000142 ) ) ;
#370 = ORIENTED_EDGE ( 'NONE', *, *, #1314, .T. ) ;
#371 = ORIENTED_EDGE ( 'NONE', *, *, #1164, .F. ) ;
#372 = ADVANCED_FACE ( 'NONE', ( #753 ), #1391, .T. ) ;
#373 = LINE ( 'NONE', #704, #118 ) ;
#374 = FACE_OUTER_BOUND ( 'NONE', #1090, .T. ) ;
#375 = VERTEX_POINT ( 'NONE', #866 ) ;
#376 = CIRCLE ( 'NONE', #981, 1.899999999999999023 ) ;
#377 = DIRECTION ( 'NONE',  ( 0.000000000000000000, 0.000000000000000000, -1.000000000000000000 ) ) ;
#378 = PLANE ( 'NONE',  #344 ) ;
#379 = DIRECTION ( 'NONE',  ( 0.000000000000000000, 1.000000000000000000, 0.000000000000000000 ) ) ;
#380 = ORIENTED_EDGE ( 'NONE', *, *, #451, .T. ) ;
#381 = AXIS2_PLACEMENT_3D ( 'NONE', #187, #305, #767 ) ;
#382 = AXIS2_PLACEMENT_3D ( 'NONE', #308, #971, #1081 ) ;
#383 = FACE_OUTER_BOUND ( 'NONE', #744, .T. ) ;
#384 = DIRECTION ( 'NONE',  ( 0.000000000000000000, 1.000000000000000000, 0.000000000000000000 ) ) ;
#385 = DIRECTION ( 'NONE',  ( 0.000000000000000000, 1.000000000000000000, 0.000000000000000000 ) ) ;
#386 = AXIS2_PLACEMENT_3D ( 'NONE', #947, #1165, #623 ) ;
#387 = FACE_OUTER_BOUND ( 'NONE', #227, .T. ) ;
#388 = ORIENTED_EDGE ( 'NONE', *, *, #1216, .T. ) ;
#389 = CARTESIAN_POINT ( 'NONE',  ( -187.0000000000000000, -211.0000000000000000, 104.0000000000000142 ) ) ;
#390 = DIRECTION ( 'NONE',  ( -0.000000000000000000, -1.000000000000000000, -0.000000000000000000 ) ) ;
#391 = CARTESIAN_POINT ( 'NONE',  ( -187.0000000000000000, -210.0000000000000000, 100.4000000000000057 ) ) ;
#392 = ADVANCED_FACE ( 'NONE', ( #634 ), #71, .T. ) ;
#393 = CYLINDRICAL_SURFACE ( 'NONE', #1257, 3.600000000000005862 ) ;
#394 = EDGE_LOOP ( 'NONE', ( #1098, #1390, #1210, #1241 ) ) ;
#395 = AXIS2_PLACEMENT_3D ( 'NONE', #1260, #47, #57 ) ;
#396 = DIRECTION ( 'NONE',  ( 0.000000000000000000, 1.000000000000000000, 0.000000000000000000 ) ) ;
#397 = CIRCLE ( 'NONE', #425, 1.899999999999999023 ) ;
#398 = CARTESIAN_POINT ( 'NONE',  ( -223.0000000000000000, -210.0000000000000000, 104.0000000000000142 ) ) ;
#399 = DIRECTION ( 'NONE',  ( 0.000000000000000000, 1.000000000000000000, 0.000000000000000000 ) ) ;
#400 = EDGE_CURVE ( 'NONE', #61, #115, #961, .T. ) ;
#401 = ADVANCED_FACE ( 'NONE', ( #1186 ), #202, .T. ) ;
#402 = DIRECTION ( 'NONE',  ( 0.000000000000000000, 1.000000000000000000, 0.000000000000000000 ) ) ;
#403 = EDGE_LOOP ( 'NONE', ( #106, #143, #1214, #210 ) ) ;
#404 = CARTESIAN_POINT ( 'NONE',  ( -187.0000000000000000, -211.0000000000000000, 51.60000000000000142 ) ) ;
#405 = DIRECTION ( 'NONE',  ( 0.000000000000000000, 0.000000000000000000, 1.000000000000000000 ) ) ;
#406 = DIRECTION ( 'NONE',  ( 0.000000000000000000, 0.000000000000000000, 1.000000000000000000 ) ) ;
#407 = DIRECTION ( 'NONE',  ( 0.000000000000000000, 1.000000000000000000, 0.000000000000000000 ) ) ;
#408 = AXIS2_PLACEMENT_3D ( 'NONE', #826, #1371, #278 ) ;
#409 = FACE_OUTER_BOUND ( 'NONE', #1205, .T. ) ;
#410 = AXIS2_PLACEMENT_3D ( 'NONE', #1385, #1055, #734 ) ;
#411 = DIRECTION ( 'NONE',  ( 0.000000000000000000, 0.000000000000000000, -1.000000000000000000 ) ) ;
#412 = ORIENTED_EDGE ( 'NONE', *, *, #1160, .T. ) ;
#413 = FACE_OUTER_BOUND ( 'NONE', #148, .T. ) ;
#414 = COORDINATED_UNIVERSAL_TIME_OFFSET ( 8, 0, .AHEAD. ) ;
#415 = EDGE_CURVE ( 'NONE', #1321, #986, #1308, .T. ) ;
#416 = DIRECTION ( 'NONE',  ( -0.000000000000000000, -1.000000000000000000, -0.000000000000000000 ) ) ;
#417 = DIRECTION ( 'NONE',  ( 0.000000000000000000, -0.000000000000000000, 1.000000000000000000 ) ) ;
#418 = CARTESIAN_POINT ( 'NONE',  ( -223.0000000000000000, -210.0500000000000114, 104.0000000000000142 ) ) ;
#419 = ORIENTED_EDGE ( 'NONE', *, *, #1111, .T. ) ;
#420 = CARTESIAN_POINT ( 'NONE',  ( -187.0000000000000000, -210.0000000000000000, 48.00000000000000000 ) ) ;
#421 = DATE_AND_TIME ( #1295, #1301 ) ;
#422 = ADVANCED_FACE ( 'NONE', ( #764, #1195 ), #1202, .T. ) ;
#423 = CARTESIAN_POINT ( 'NONE',  ( -187.0000000000000000, -210.0000000000000000, 107.6000000000000085 ) ) ;
#424 = PLANE ( 'NONE',  #547 ) ;
#425 = AXIS2_PLACEMENT_3D ( 'NONE', #537, #555, #784 ) ;
#426 = CARTESIAN_POINT ( 'NONE',  ( -223.0000000000000000, -211.0000000000000000, 44.39999999999999858 ) ) ;
#427 = ORIENTED_EDGE ( 'NONE', *, *, #207, .T. ) ;
#428 = CARTESIAN_POINT ( 'NONE',  ( -187.0000000000000000, -211.0000000000000000, 44.39999999999999858 ) ) ;
#429 = PRODUCT_RELATED_PRODUCT_CATEGORY ( 'detail', '', ( #1181 ) ) ;
#430 = DIRECTION ( 'NONE',  ( -0.000000000000000000, -1.000000000000000000, -0.000000000000000000 ) ) ;
#431 = CARTESIAN_POINT ( 'NONE',  ( -223.0000000000000000, -211.0000000000000000, 100.4000000000000057 ) ) ;
#432 = VECTOR ( 'NONE', #1404, 1000.000000000000000 ) ;
#433 = AXIS2_PLACEMENT_3D ( 'NONE', #1415, #526, #440 ) ;
#434 = DIRECTION ( 'NONE',  ( 0.000000000000000000, 0.000000000000000000, -1.000000000000000000 ) ) ;
#435 = ORIENTED_EDGE ( 'NONE', *, *, #913, .F. ) ;
#436 = DIRECTION ( 'NONE',  ( 0.000000000000000000, -1.000000000000000000, -0.000000000000000000 ) ) ;
#437 = DATE_AND_TIME ( #1084, #1207 ) ;
#438 = ORIENTED_EDGE ( 'NONE', *, *, #1276, .T. ) ;
#439 = CARTESIAN_POINT ( 'NONE',  ( 187.0000000000000000, -210.0500000000000114, 48.00000000000000000 ) ) ;
#440 = DIRECTION ( 'NONE',  ( 0.000000000000000000, 0.000000000000000000, -1.000000000000000000 ) ) ;
#441 = ORIENTED_EDGE ( 'NONE', *, *, #1381, .T. ) ;
#442 = ORIENTED_EDGE ( 'NONE', *, *, #1359, .T. ) ;
#443 = ORIENTED_EDGE ( 'NONE', *, *, #504, .T. ) ;
#444 = ORIENTED_EDGE ( 'NONE', *, *, #718, .T. ) ;
#445 = DIRECTION ( 'NONE',  ( 0.000000000000000000, 0.000000000000000000, 1.000000000000000000 ) ) ;
#446 = EDGE_CURVE ( 'NONE', #463, #865, #1155, .T. ) ;
#447 = AXIS2_PLACEMENT_3D ( 'NONE', #1278, #1169, #184 ) ;
#448 = DIRECTION ( 'NONE',  ( 0.000000000000000000, 0.000000000000000000, 1.000000000000000000 ) ) ;
#449 = AXIS2_PLACEMENT_3D ( 'NONE', #1190, #205, #1004 ) ;
#450 = ORIENTED_EDGE ( 'NONE', *, *, #937, .T. ) ;
#451 = EDGE_CURVE ( 'NONE', #351, #272, #1310, .T. ) ;
#452 = ORIENTED_EDGE ( 'NONE', *, *, #982, .T. ) ;
#453 = ORIENTED_EDGE ( 'NONE', *, *, #296, .F. ) ;
#454 = DIRECTION ( 'NONE',  ( 0.000000000000000000, 0.000000000000000000, -1.000000000000000000 ) ) ;
#455 = CARTESIAN_POINT ( 'NONE',  ( -223.0000000000000000, -203.5999999999999943, 46.10000000000000142 ) ) ;
#456 = AXIS2_PLACEMENT_3D ( 'NONE', #1083, #1294, #77 ) ;
#457 = VERTEX_POINT ( 'NONE', #1298 ) ;
#458 = AXIS2_PLACEMENT_3D ( 'NONE', #501, #279, #1382 ) ;
#459 = VERTEX_POINT ( 'NONE', #658 ) ;
#460 = EDGE_CURVE ( 'NONE', #1226, #1316, #318, .T. ) ;
#461 = CARTESIAN_POINT ( 'NONE',  ( -223.0000000000000000, -211.0000000000000000, 51.60000000000000142 ) ) ;
#462 = PLANE ( 'NONE',  #667 ) ;
#463 = VERTEX_POINT ( 'NONE', #1408 ) ;
#464 =( LENGTH_UNIT ( ) NAMED_UNIT ( * ) SI_UNIT ( .MILLI., .METRE. ) );
#465 = EDGE_CURVE ( 'NONE', #375, #642, #1282, .T. ) ;
#466 = EDGE_CURVE ( 'NONE', #223, #1247, #13, .T. ) ;
#467 = CYLINDRICAL_SURFACE ( 'NONE', #700, 3.599999999999999201 ) ;
#468 = ORIENTED_EDGE ( 'NONE', *, *, #1172, .F. ) ;
#469 = EDGE_CURVE ( 'NONE', #26, #770, #1138, .T. ) ;
#470 = CARTESIAN_POINT ( 'NONE',  ( -187.0000000000000000, -203.5999999999999943, 48.00000000000000000 ) ) ;
#471 = CIRCLE ( 'NONE', #925, 3.599999999999999201 ) ;
#472 = ORIENTED_EDGE ( 'NONE', *, *, #897, .T. ) ;
#473 = CIRCLE ( 'NONE', #1345, 3.600000000000005862 ) ;
#474 = LINE ( 'NONE', #461, #122 ) ;
#475 = CIRCLE ( 'NONE', #23, 3.599999999999999201 ) ;
#476 = FACE_OUTER_BOUND ( 'NONE', #1104, .T. ) ;
#477 = ORIENTED_EDGE ( 'NONE', *, *, #466, .T. ) ;
#478 = AXIS2_PLACEMENT_3D ( 'NONE', #1199, #1305, #327 ) ;
#479 = ORIENTED_EDGE ( 'NONE', *, *, #1122, .T. ) ;
#480 = CARTESIAN_POINT ( 'NONE',  ( -223.0000000000000000, -211.0000000000000000, 104.0000000000000142 ) ) ;
#481 = CYLINDRICAL_SURFACE ( 'NONE', #730, 3.600000000000005862 ) ;
#482 = ORIENTED_EDGE ( 'NONE', *, *, #469, .T. ) ;
#483 = CARTESIAN_POINT ( 'NONE',  ( -223.0000000000000000, -211.0000000000000000, 100.4000000000000057 ) ) ;
#484 = FACE_OUTER_BOUND ( 'NONE', #403, .T. ) ;
#485 = CARTESIAN_POINT ( 'NONE',  ( -223.0000000000000000, -210.0000000000000000, 46.10000000000000142 ) ) ;
#486 = ORIENTED_EDGE ( 'NONE', *, *, #1423, .T. ) ;
#487 = AXIS2_PLACEMENT_3D ( 'NONE', #1048, #176, #953 ) ;
#488 = DIRECTION ( 'NONE',  ( 0.000000000000000000, 0.000000000000000000, 1.000000000000000000 ) ) ;
#489 = DIRECTION ( 'NONE',  ( 0.000000000000000000, -1.000000000000000000, -0.000000000000000000 ) ) ;
#490 = DIRECTION ( 'NONE',  ( 0.000000000000000000, 0.000000000000000000, -1.000000000000000000 ) ) ;
#491 = DIRECTION ( 'NONE',  ( -0.000000000000000000, -1.000000000000000000, -0.000000000000000000 ) ) ;
#492 = ORIENTED_EDGE ( 'NONE', *, *, #1182, .F. ) ;
#493 = CLOSED_SHELL ( 'NONE', ( #16, #508, #1322, #1269, #680, #32, #1016 ) ) ;
#494 = CIRCLE ( 'NONE', #250, 3.599999999999999201 ) ;
#495 = EDGE_CURVE ( 'NONE', #223, #642, #1402, .T. ) ;
#496 = VECTOR ( 'NONE', #1317, 1000.000000000000000 ) ;
#497 = DIRECTION ( 'NONE',  ( 0.000000000000000000, 1.000000000000000000, 0.000000000000000000 ) ) ;
#498 = DIRECTION ( 'NONE',  ( -0.000000000000000000, -1.000000000000000000, -0.000000000000000000 ) ) ;
#499 = CARTESIAN_POINT ( 'NONE',  ( 223.0000000000000000, -211.0000000000000000, 104.0000000000000142 ) ) ;
#500 = AXIS2_PLACEMENT_3D ( 'NONE', #1369, #390, #832 ) ;
#501 = CARTESIAN_POINT ( 'NONE',  ( 223.0000000000000000, -210.0000000000000000, 48.00000000000000000 ) ) ;
#502 = VERTEX_POINT ( 'NONE', #1320 ) ;
#503 = DIRECTION ( 'NONE',  ( 0.000000000000000000, 0.000000000000000000, 1.000000000000000000 ) ) ;
#504 = EDGE_CURVE ( 'NONE', #1144, #604, #252, .T. ) ;
#505 = DIRECTION ( 'NONE',  ( 0.000000000000000000, 1.000000000000000000, 0.000000000000000000 ) ) ;
#506 = ADVANCED_FACE ( 'NONE', ( #112 ), #787, .T. ) ;
#507 = CARTESIAN_POINT ( 'NONE',  ( 187.0000000000000000, -210.0000000000000000, 44.39999999999999858 ) ) ;
#508 = ADVANCED_FACE ( 'NONE', ( #1425 ), #335, .T. ) ;
#509 = DIRECTION ( 'NONE',  ( 0.000000000000000000, -0.000000000000000000, 1.000000000000000000 ) ) ;
#510 = ORIENTED_EDGE ( 'NONE', *, *, #328, .F. ) ;
#511 = DIRECTION ( 'NONE',  ( 0.000000000000000000, 1.000000000000000000, 0.000000000000000000 ) ) ;
#512 = DIRECTION ( 'NONE',  ( 1.000000000000000000, 0.000000000000000000, 0.000000000000000000 ) ) ;
#513 = CYLINDRICAL_SURFACE ( 'NONE', #906, 1.899999999999999023 ) ;
#514 = AXIS2_PLACEMENT_3D ( 'NONE', #1062, #610, #1071 ) ;
#515 = CYLINDRICAL_SURFACE ( 'NONE', #1373, 1.899999999999999023 ) ;
#516 = DIRECTION ( 'NONE',  ( 0.000000000000000000, 0.000000000000000000, 1.000000000000000000 ) ) ;
#517 = DIRECTION ( 'NONE',  ( 0.000000000000000000, -0.000000000000000000, 1.000000000000000000 ) ) ;
#518 = EDGE_LOOP ( 'NONE', ( #1201, #357, #1293, #777 ) ) ;
#519 = EDGE_CURVE ( 'NONE', #119, #340, #875, .T. ) ;
#520 = CARTESIAN_POINT ( 'NONE',  ( -187.0000000000000000, -203.5999999999999943, 48.00000000000000000 ) ) ;
#521 = CARTESIAN_POINT ( 'NONE',  ( 223.0000000000000000, -203.5999999999999943, 105.9000000000000057 ) ) ;
#522 = FACE_OUTER_BOUND ( 'NONE', #1383, .T. ) ;
#523 = VECTOR ( 'NONE', #1262, 1000.000000000000000 ) ;
#524 = CARTESIAN_POINT ( 'NONE',  ( -187.0000000000000000, -210.0500000000000114, 48.00000000000000000 ) ) ;
#525 = CIRCLE ( 'NONE', #1007, 3.600000000000005862 ) ;
#526 = DIRECTION ( 'NONE',  ( -0.000000000000000000, -1.000000000000000000, -0.000000000000000000 ) ) ;
#527 = VERTEX_POINT ( 'NONE', #426 ) ;
#528 = LINE ( 'NONE', #625, #432 ) ;
#529 = APPROVAL_ROLE ( '' ) ;
#530 = FACE_OUTER_BOUND ( 'NONE', #348, .T. ) ;
#531 = FACE_OUTER_BOUND ( 'NONE', #1039, .T. ) ;
#532 = CC_DESIGN_DATE_AND_TIME_ASSIGNMENT ( #1303, #1311, ( #1275 ) ) ;
#533 = FACE_OUTER_BOUND ( 'NONE', #876, .T. ) ;
#534 = EDGE_LOOP ( 'NONE', ( #663, #1243 ) ) ;
#535 = LINE ( 'NONE', #738, #170 ) ;
#536 = SHAPE_DEFINITION_REPRESENTATION ( #234, #89 ) ;
#537 = CARTESIAN_POINT ( 'NONE',  ( 187.0000000000000000, -203.5999999999999943, 48.00000000000000000 ) ) ;
#538 = DIRECTION ( 'NONE',  ( 0.000000000000000000, 0.000000000000000000, 1.000000000000000000 ) ) ;
#539 = VECTOR ( 'NONE', #1054, 1000.000000000000000 ) ;
#540 = CIRCLE ( 'NONE', #750, 1.899999999999999023 ) ;
#541 = CARTESIAN_POINT ( 'NONE',  ( -187.0000000000000000, -203.5999999999999943, 105.9000000000000057 ) ) ;
#542 = ORIENTED_EDGE ( 'NONE', *, *, #1270, .F. ) ;
#543 = DIRECTION ( 'NONE',  ( 0.000000000000000000, 1.000000000000000000, 0.000000000000000000 ) ) ;
#544 = ORIENTED_EDGE ( 'NONE', *, *, #723, .T. ) ;
#545 = CYLINDRICAL_SURFACE ( 'NONE', #599, 1.899999999999999023 ) ;
#546 = CARTESIAN_POINT ( 'NONE',  ( 187.0000000000000000, -211.0000000000000000, 48.00000000000000000 ) ) ;
#547 = AXIS2_PLACEMENT_3D ( 'NONE', #217, #81, #1180 ) ;
#548 = AXIS2_PLACEMENT_3D ( 'NONE', #520, #1398, #772 ) ;
#549 = VECTOR ( 'NONE', #407, 1000.000000000000000 ) ;
#550 = DIRECTION ( 'NONE',  ( 0.000000000000000000, 0.000000000000000000, -1.000000000000000000 ) ) ;
#551 = EDGE_LOOP ( 'NONE', ( #510, #1140 ) ) ;
#552 = ORIENTED_EDGE ( 'NONE', *, *, #1335, .T. ) ;
#553 = EDGE_LOOP ( 'NONE', ( #1326, #917 ) ) ;
#554 = ORIENTED_EDGE ( 'NONE', *, *, #1122, .F. ) ;
#555 = DIRECTION ( 'NONE',  ( -0.000000000000000000, -1.000000000000000000, -0.000000000000000000 ) ) ;
#556 = EDGE_CURVE ( 'NONE', #996, #340, #1256, .T. ) ;
#557 = CARTESIAN_POINT ( 'NONE',  ( -223.0000000000000000, -203.5999999999999943, 104.0000000000000142 ) ) ;
#558 = VERTEX_POINT ( 'NONE', #218 ) ;
#559 = VERTEX_POINT ( 'NONE', #1073 ) ;
#560 = ORIENTED_EDGE ( 'NONE', *, *, #974, .T. ) ;
#561 = CARTESIAN_POINT ( 'NONE',  ( -187.0000000000000000, -210.0500000000000114, 105.9000000000000057 ) ) ;
#562 = CIRCLE ( 'NONE', #858, 1.899999999999999023 ) ;
#563 = FACE_OUTER_BOUND ( 'NONE', #191, .T. ) ;
#564 = ADVANCED_FACE ( 'NONE', ( #82, #533 ), #1193, .T. ) ;
#565 = ORIENTED_EDGE ( 'NONE', *, *, #495, .F. ) ;
#566 = ORIENTED_EDGE ( 'NONE', *, *, #1216, .F. ) ;
#567 = CARTESIAN_POINT ( 'NONE',  ( 223.0000000000000000, -211.0000000000000000, 44.39999999999999858 ) ) ;
#568 = CARTESIAN_POINT ( 'NONE',  ( -223.0000000000000000, -203.5999999999999943, 102.1000000000000085 ) ) ;
#569 = AXIS2_PLACEMENT_3D ( 'NONE', #235, #965, #669 ) ;
#570 = ORIENTED_EDGE ( 'NONE', *, *, #639, .F. ) ;
#571 = EDGE_CURVE ( 'NONE', #879, #773, #762, .T. ) ;
#572 = CIRCLE ( 'NONE', #844, 3.599999999999999201 ) ;
#573 = CARTESIAN_POINT ( 'NONE',  ( -223.0000000000000000, -211.0000000000000000, 51.60000000000000142 ) ) ;
#574 = EDGE_CURVE ( 'NONE', #865, #463, #199, .T. ) ;
#575 = DIRECTION ( 'NONE',  ( 0.000000000000000000, 1.000000000000000000, 0.000000000000000000 ) ) ;
#576 = ORIENTED_EDGE ( 'NONE', *, *, #982, .F. ) ;
#577 = FACE_OUTER_BOUND ( 'NONE', #899, .T. ) ;
#578 = ORIENTED_EDGE ( 'NONE', *, *, #662, .T. ) ;
#579 = DIRECTION ( 'NONE',  ( 0.000000000000000000, 1.000000000000000000, 0.000000000000000000 ) ) ;
#580 = PLANE ( 'NONE',  #1228 ) ;
#581 = DIRECTION ( 'NONE',  ( 0.000000000000000000, 0.000000000000000000, -1.000000000000000000 ) ) ;
#582 = VERTEX_POINT ( 'NONE', #541 ) ;
#583 = PLANE ( 'NONE',  #938 ) ;
#584 = ORIENTED_EDGE ( 'NONE', *, *, #37, .F. ) ;
#585 = AXIS2_PLACEMENT_3D ( 'NONE', #1249, #1246, #263 ) ;
#586 = CIRCLE ( 'NONE', #145, 3.599999999999999201 ) ;
#587 = ORIENTED_EDGE ( 'NONE', *, *, #596, .T. ) ;
#588 = AXIS2_PLACEMENT_3D ( 'NONE', #355, #384, #797 ) ;
#589 = CARTESIAN_POINT ( 'NONE',  ( 223.0000000000000000, -203.5999999999999943, 104.0000000000000142 ) ) ;
#590 = EDGE_CURVE ( 'NONE', #302, #773, #805, .T. ) ;
#591 = CARTESIAN_POINT ( 'NONE',  ( -223.0000000000000000, -211.0000000000000000, 104.0000000000000142 ) ) ;
#592 = ORIENTED_EDGE ( 'NONE', *, *, #922, .T. ) ;
#593 = FACE_OUTER_BOUND ( 'NONE', #1025, .T. ) ;
#594 = CARTESIAN_POINT ( 'NONE',  ( -187.0000000000000000, -210.0000000000000000, 104.0000000000000142 ) ) ;
#595 = DIRECTION ( 'NONE',  ( 0.000000000000000000, 0.000000000000000000, 1.000000000000000000 ) ) ;
#596 = EDGE_CURVE ( 'NONE', #1254, #61, #48, .T. ) ;
#597 = DIRECTION ( 'NONE',  ( 0.000000000000000000, 1.000000000000000000, 0.000000000000000000 ) ) ;
#598 = ORIENTED_EDGE ( 'NONE', *, *, #45, .T. ) ;
#599 = AXIS2_PLACEMENT_3D ( 'NONE', #439, #880, #1319 ) ;
#600 = DIRECTION ( 'NONE',  ( 0.000000000000000000, 0.000000000000000000, 1.000000000000000000 ) ) ;
#601 = DIRECTION ( 'NONE',  ( -0.000000000000000000, -1.000000000000000000, -0.000000000000000000 ) ) ;
#602 = CARTESIAN_POINT ( 'NONE',  ( 223.0000000000000000, -211.0000000000000000, 107.6000000000000085 ) ) ;
#603 = CARTESIAN_POINT ( 'NONE',  ( -187.0000000000000000, -210.0000000000000000, 104.0000000000000142 ) ) ;
#604 = VERTEX_POINT ( 'NONE', #455 ) ;
#605 = CLOSED_SHELL ( 'NONE', ( #719, #613, #928, #775, #10, #101, #785 ) ) ;
#606 = ADVANCED_FACE ( 'NONE', ( #563 ), #462, .T. ) ;
#607 = AXIS2_PLACEMENT_3D ( 'NONE', #861, #206, #88 ) ;
#608 = EDGE_CURVE ( 'NONE', #1403, #1166, #28, .T. ) ;
#609 = CIRCLE ( 'NONE', #709, 3.600000000000005862 ) ;
#610 = DIRECTION ( 'NONE',  ( -0.000000000000000000, -1.000000000000000000, -0.000000000000000000 ) ) ;
#611 = CARTESIAN_POINT ( 'NONE',  ( 187.0000000000000000, -210.0000000000000000, 104.0000000000000142 ) ) ;
#612 = CARTESIAN_POINT ( 'NONE',  ( -187.0000000000000000, -203.5999999999999943, 49.89999999999999858 ) ) ;
#613 = ADVANCED_FACE ( 'NONE', ( #8 ), #896, .T. ) ;
#614 = MANIFOLD_SOLID_BREP ( '\X2\8f935165\X0\7', #1185 ) ;
#615 = CARTESIAN_POINT ( 'NONE',  ( -187.0000000000000000, -210.0000000000000000, 104.0000000000000142 ) ) ;
#616 = ORIENTED_EDGE ( 'NONE', *, *, #415, .F. ) ;
#617 = MANIFOLD_SOLID_BREP ( '\X2\8f935165\X0\8', #605 ) ;
#618 = CARTESIAN_POINT ( 'NONE',  ( -223.0000000000000000, -210.0000000000000000, 48.00000000000000000 ) ) ;
#619 = FACE_OUTER_BOUND ( 'NONE', #835, .T. ) ;
#620 = DIRECTION ( 'NONE',  ( 0.000000000000000000, 1.000000000000000000, 0.000000000000000000 ) ) ;
#621 = EDGE_CURVE ( 'NONE', #990, #789, #1027, .T. ) ;
#622 = MANIFOLD_SOLID_BREP ( 'M4 front bracket screw', #196 ) ;
#623 = DIRECTION ( 'NONE',  ( 0.000000000000000000, 0.000000000000000000, -1.000000000000000000 ) ) ;
#624 = ORIENTED_EDGE ( 'NONE', *, *, #1172, .T. ) ;
#625 = CARTESIAN_POINT ( 'NONE',  ( 223.0000000000000000, -210.0500000000000114, 46.10000000000000142 ) ) ;
#626 = MANIFOLD_SOLID_BREP ( '\X2\8f935165\X0\4', #1370 ) ;
#627 = COORDINATED_UNIVERSAL_TIME_OFFSET ( 8, 0, .AHEAD. ) ;
#628 = FACE_OUTER_BOUND ( 'NONE', #672, .T. ) ;
#629 = VECTOR ( 'NONE', #1217, 1000.000000000000000 ) ;
#630 = DIRECTION ( 'NONE',  ( 0.000000000000000000, 1.000000000000000000, 0.000000000000000000 ) ) ;
#631 = CYLINDRICAL_SURFACE ( 'NONE', #317, 1.899999999999999023 ) ;
#632 = PLANE ( 'NONE',  #1158 ) ;
#633 = ORIENTED_EDGE ( 'NONE', *, *, #362, .F. ) ;
#634 = FACE_OUTER_BOUND ( 'NONE', #935, .T. ) ;
#635 = PERSON_AND_ORGANIZATION_ROLE ( 'design_owner' ) ;
#636 = CARTESIAN_POINT ( 'NONE',  ( 223.0000000000000000, -211.0000000000000000, 44.39999999999999858 ) ) ;
#637 = AXIS2_PLACEMENT_3D ( 'NONE', #1175, #543, #985 ) ;
#638 = LINE ( 'NONE', #431, #1137 ) ;
#639 = EDGE_CURVE ( 'NONE', #995, #986, #572, .T. ) ;
#640 = AXIS2_PLACEMENT_3D ( 'NONE', #615, #1051, #736 ) ;
#641 = CARTESIAN_POINT ( 'NONE',  ( -223.0000000000000000, -203.5999999999999943, 48.00000000000000000 ) ) ;
#642 = VERTEX_POINT ( 'NONE', #568 ) ;
#643 = CARTESIAN_POINT ( 'NONE',  ( -187.0000000000000000, -211.0000000000000000, 48.00000000000000000 ) ) ;
#644 = CALENDAR_DATE ( 2026, 29, 8 ) ;
#645 = PLANE ( 'NONE',  #188 ) ;
#646 = CARTESIAN_POINT ( 'NONE',  ( 187.0000000000000000, -211.0000000000000000, 48.00000000000000000 ) ) ;
#647 = CARTESIAN_POINT ( 'NONE',  ( -223.0000000000000000, -210.0000000000000000, 48.00000000000000000 ) ) ;
#648 = ORIENTED_EDGE ( 'NONE', *, *, #151, .T. ) ;
#649 = CARTESIAN_POINT ( 'NONE',  ( -187.0000000000000000, -211.0000000000000000, 48.00000000000000000 ) ) ;
#650 = ADVANCED_FACE ( 'NONE', ( #577 ), #39, .T. ) ;
#651 =( NAMED_UNIT ( * ) SI_UNIT ( $, .STERADIAN. ) SOLID_ANGLE_UNIT ( ) );
#652 = EDGE_LOOP ( 'NONE', ( #890, #371 ) ) ;
#653 = CARTESIAN_POINT ( 'NONE',  ( -223.0000000000000000, -203.5999999999999943, 104.0000000000000142 ) ) ;
#654 = AXIS2_PLACEMENT_3D ( 'NONE', #1384, #1179, #406 ) ;
#655 = DIRECTION ( 'NONE',  ( 0.000000000000000000, 1.000000000000000000, 0.000000000000000000 ) ) ;
#656 = AXIS2_PLACEMENT_3D ( 'NONE', #987, #791, #445 ) ;
#657 = AXIS2_PLACEMENT_3D ( 'NONE', #1399, #405, #512 ) ;
#658 = CARTESIAN_POINT ( 'NONE',  ( 187.0000000000000000, -210.0000000000000000, 46.10000000000000142 ) ) ;
#659 = ORIENTED_EDGE ( 'NONE', *, *, #111, .F. ) ;
#660 = DIRECTION ( 'NONE',  ( 0.000000000000000000, 1.000000000000000000, 0.000000000000000000 ) ) ;
#661 = EDGE_LOOP ( 'NONE', ( #243, #33, #427, #898 ) ) ;
#662 = EDGE_CURVE ( 'NONE', #1284, #558, #323, .T. ) ;
#663 = ORIENTED_EDGE ( 'NONE', *, *, #1010, .F. ) ;
#664 = ADVANCED_FACE ( 'NONE', ( #1120 ), #1336, .T. ) ;
#665 = DIRECTION ( 'NONE',  ( -0.000000000000000000, -1.000000000000000000, -0.000000000000000000 ) ) ;
#666 = VECTOR ( 'NONE', #1358, 1000.000000000000000 ) ;
#667 = AXIS2_PLACEMENT_3D ( 'NONE', #1001, #489, #1242 ) ;
#668 = AXIS2_PLACEMENT_3D ( 'NONE', #688, #824, #131 ) ;
#669 = DIRECTION ( 'NONE',  ( 0.000000000000000000, 0.000000000000000000, -1.000000000000000000 ) ) ;
#670 = ORIENTED_EDGE ( 'NONE', *, *, #957, .F. ) ;
#671 = ORIENTED_EDGE ( 'NONE', *, *, #978, .T. ) ;
#672 = EDGE_LOOP ( 'NONE', ( #1220, #337, #438, #452 ) ) ;
#673 = ORIENTED_EDGE ( 'NONE', *, *, #1381, .F. ) ;
#674 = DIRECTION ( 'NONE',  ( 0.000000000000000000, -0.000000000000000000, 1.000000000000000000 ) ) ;
#675 = EDGE_CURVE ( 'NONE', #789, #990, #1286, .T. ) ;
#676 = DIRECTION ( 'NONE',  ( 0.000000000000000000, 0.000000000000000000, -1.000000000000000000 ) ) ;
#677 = EDGE_LOOP ( 'NONE', ( #1009, #794, #450, #633 ) ) ;
#678 = ORIENTED_EDGE ( 'NONE', *, *, #97, .F. ) ;
#679 = CARTESIAN_POINT ( 'NONE',  ( 187.0000000000000000, -210.0000000000000000, 104.0000000000000142 ) ) ;
#680 = ADVANCED_FACE ( 'NONE', ( #1267, #15 ), #1342, .T. ) ;
#681 = DIRECTION ( 'NONE',  ( 0.000000000000000000, -0.000000000000000000, 1.000000000000000000 ) ) ;
#682 = LOCAL_TIME ( 16, 2, 36.00000000000000000, #1405 ) ;
#683 = ORIENTED_EDGE ( 'NONE', *, *, #1124, .F. ) ;
#684 = DIRECTION ( 'NONE',  ( 0.000000000000000000, 0.000000000000000000, 1.000000000000000000 ) ) ;
#685 = CARTESIAN_POINT ( 'NONE',  ( 223.0000000000000000, -211.0000000000000000, 48.00000000000000000 ) ) ;
#686 = CC_DESIGN_PERSON_AND_ORGANIZATION_ASSIGNMENT ( #63, #952, ( #778 ) ) ;
#687 = AXIS2_PLACEMENT_3D ( 'NONE', #300, #742, #1171 ) ;
#688 = CARTESIAN_POINT ( 'NONE',  ( 187.0000000000000000, -211.0000000000000000, 48.00000000000000000 ) ) ;
#689 = AXIS2_PLACEMENT_3D ( 'NONE', #420, #192, #1417 ) ;
#690 = ORIENTED_EDGE ( 'NONE', *, *, #465, .F. ) ;
#691 = VECTOR ( 'NONE', #379, 1000.000000000000000 ) ;
#692 = DIRECTION ( 'NONE',  ( 0.000000000000000000, 1.000000000000000000, 0.000000000000000000 ) ) ;
#693 = ORIENTED_EDGE ( 'NONE', *, *, #937, .F. ) ;
#694 = DIRECTION ( 'NONE',  ( -0.000000000000000000, -1.000000000000000000, -0.000000000000000000 ) ) ;
#695 = CARTESIAN_POINT ( 'NONE',  ( 223.0000000000000000, -210.0000000000000000, 51.60000000000000142 ) ) ;
#696 = DIRECTION ( 'NONE',  ( 0.000000000000000000, 1.000000000000000000, 0.000000000000000000 ) ) ;
#697 = ORIENTED_EDGE ( 'NONE', *, *, #574, .T. ) ;
#698 = DIRECTION ( 'NONE',  ( 0.000000000000000000, 1.000000000000000000, 0.000000000000000000 ) ) ;
#699 = DIRECTION ( 'NONE',  ( 0.000000000000000000, 1.000000000000000000, 0.000000000000000000 ) ) ;
#700 = AXIS2_PLACEMENT_3D ( 'NONE', #359, #698, #801 ) ;
#701 = ORIENTED_EDGE ( 'NONE', *, *, #571, .F. ) ;
#702 = CC_DESIGN_PERSON_AND_ORGANIZATION_ASSIGNMENT ( #175, #193, ( #778 ) ) ;
#703 = ADVANCED_FACE ( 'NONE', ( #1234 ), #248, .T. ) ;
#704 = CARTESIAN_POINT ( 'NONE',  ( 187.0000000000000000, -210.0500000000000114, 46.10000000000000142 ) ) ;
#705 = DIRECTION ( 'NONE',  ( 0.000000000000000000, 1.000000000000000000, 0.000000000000000000 ) ) ;
#706 = CIRCLE ( 'NONE', #607, 1.899999999999999023 ) ;
#707 = ORIENTED_EDGE ( 'NONE', *, *, #1428, .F. ) ;
#708 = AXIS2_PLACEMENT_3D ( 'NONE', #751, #1315, #434 ) ;
#709 = AXIS2_PLACEMENT_3D ( 'NONE', #1143, #1038, #821 ) ;
#710 = DIRECTION ( 'NONE',  ( -0.000000000000000000, -1.000000000000000000, -0.000000000000000000 ) ) ;
#711 = FACE_OUTER_BOUND ( 'NONE', #294, .T. ) ;
#712 = ADVANCED_FACE ( 'NONE', ( #1014 ), #20, .T. ) ;
#713 = CYLINDRICAL_SURFACE ( 'NONE', #172, 1.899999999999999023 ) ;
#714 = ORIENTED_EDGE ( 'NONE', *, *, #186, .F. ) ;
#715 = DIRECTION ( 'NONE',  ( 0.000000000000000000, 0.000000000000000000, 1.000000000000000000 ) ) ;
#716 = DIRECTION ( 'NONE',  ( 0.000000000000000000, 0.000000000000000000, 1.000000000000000000 ) ) ;
#717 = DIRECTION ( 'NONE',  ( 0.000000000000000000, 0.000000000000000000, 1.000000000000000000 ) ) ;
#718 = EDGE_CURVE ( 'NONE', #642, #375, #54, .T. ) ;
#719 = ADVANCED_FACE ( 'NONE', ( #1129 ), #1146, .T. ) ;
#720 = CYLINDRICAL_SURFACE ( 'NONE', #78, 1.899999999999999023 ) ;
#721 = EDGE_LOOP ( 'NONE', ( #1325, #678 ) ) ;
#722 = CIRCLE ( 'NONE', #67, 3.600000000000005862 ) ;
#723 = EDGE_CURVE ( 'NONE', #920, #119, #806, .T. ) ;
#724 = CARTESIAN_POINT ( 'NONE',  ( -223.0000000000000000, -210.0500000000000114, 46.10000000000000142 ) ) ;
#725 = PLANE ( 'NONE',  #1139 ) ;
#726 = LINE ( 'NONE', #1386, #364 ) ;
#727 = DIRECTION ( 'NONE',  ( 0.000000000000000000, 0.000000000000000000, 1.000000000000000000 ) ) ;
#728 = ORIENTED_EDGE ( 'NONE', *, *, #328, .T. ) ;
#729 = CLOSED_SHELL ( 'NONE', ( #261, #868, #915, #1361, #761, #1271, #703 ) ) ;
#730 = AXIS2_PLACEMENT_3D ( 'NONE', #907, #699, #255 ) ;
#731 = VECTOR ( 'NONE', #854, 1000.000000000000000 ) ;
#732 = PERSON_AND_ORGANIZATION ( #310, #798 ) ;
#733 = CARTESIAN_POINT ( 'NONE',  ( -187.0000000000000000, -211.0000000000000000, 51.60000000000000142 ) ) ;
#734 = DIRECTION ( 'NONE',  ( 0.000000000000000000, 0.000000000000000000, 1.000000000000000000 ) ) ;
#735 = CARTESIAN_POINT ( 'NONE',  ( -187.0000000000000000, -203.5999999999999943, 104.0000000000000142 ) ) ;
#736 = DIRECTION ( 'NONE',  ( 0.000000000000000000, 0.000000000000000000, -1.000000000000000000 ) ) ;
#737 = ORIENTED_EDGE ( 'NONE', *, *, #451, .F. ) ;
#738 = CARTESIAN_POINT ( 'NONE',  ( -187.0000000000000000, -211.0000000000000000, 100.4000000000000057 ) ) ;
#739 = APPROVAL_ROLE ( '' ) ;
#740 = DIRECTION ( 'NONE',  ( 0.000000000000000000, 1.000000000000000000, 0.000000000000000000 ) ) ;
#741 = CYLINDRICAL_SURFACE ( 'NONE', #410, 1.899999999999999023 ) ;
#742 = DIRECTION ( 'NONE',  ( 0.000000000000000000, 1.000000000000000000, 0.000000000000000000 ) ) ;
#743 = FACE_BOUND ( 'NONE', #332, .T. ) ;
#744 = EDGE_LOOP ( 'NONE', ( #959, #891, #1225, #991 ) ) ;
#745 = CARTESIAN_POINT ( 'NONE',  ( 187.0000000000000000, -203.5999999999999943, 105.9000000000000057 ) ) ;
#746 = ADVANCED_FACE ( 'NONE', ( #846 ), #741, .T. ) ;
#747 = APPROVAL_STATUS ( 'not_yet_approved' ) ;
#748 = CARTESIAN_POINT ( 'NONE',  ( 223.0000000000000000, -210.0000000000000000, 102.1000000000000085 ) ) ;
#749 = DIRECTION ( 'NONE',  ( 0.000000000000000000, 1.000000000000000000, 0.000000000000000000 ) ) ;
#750 = AXIS2_PLACEMENT_3D ( 'NONE', #756, #87, #869 ) ;
#751 = CARTESIAN_POINT ( 'NONE',  ( 187.0000000000000000, -203.5999999999999943, 104.0000000000000142 ) ) ;
#752 = EDGE_LOOP ( 'NONE', ( #989, #1052, #1427, #943 ) ) ;
#753 = FACE_OUTER_BOUND ( 'NONE', #840, .T. ) ;
#754 = APPROVAL_DATE_TIME ( #437, #1302 ) ;
#755 = CLOSED_SHELL ( 'NONE', ( #267, #746, #860, #197, #156, #606, #306 ) ) ;
#756 = CARTESIAN_POINT ( 'NONE',  ( -223.0000000000000000, -210.0000000000000000, 48.00000000000000000 ) ) ;
#757 = AXIS2_PLACEMENT_3D ( 'NONE', #268, #705, #717 ) ;
#758 = CARTESIAN_POINT ( 'NONE',  ( 187.0000000000000000, -211.0000000000000000, 104.0000000000000142 ) ) ;
#759 = AXIS2_PLACEMENT_3D ( 'NONE', #641, #200, #342 ) ;
#760 = CIRCLE ( 'NONE', #1189, 1.899999999999999023 ) ;
#761 = ADVANCED_FACE ( 'NONE', ( #1162, #177 ), #725, .T. ) ;
#762 = LINE ( 'NONE', #102, #1418 ) ;
#763 = ORIENTED_EDGE ( 'NONE', *, *, #45, .F. ) ;
#764 = FACE_BOUND ( 'NONE', #855, .T. ) ;
#765 = ORIENTED_EDGE ( 'NONE', *, *, #718, .F. ) ;
#766 = DIRECTION ( 'NONE',  ( 0.000000000000000000, 0.000000000000000000, -1.000000000000000000 ) ) ;
#767 = DIRECTION ( 'NONE',  ( 0.000000000000000000, 0.000000000000000000, -1.000000000000000000 ) ) ;
#768 = DIRECTION ( 'NONE',  ( -0.000000000000000000, -1.000000000000000000, -0.000000000000000000 ) ) ;
#769 = EDGE_CURVE ( 'NONE', #237, #130, #107, .T. ) ;
#770 = VERTEX_POINT ( 'NONE', #1394 ) ;
#771 = EDGE_CURVE ( 'NONE', #1123, #104, #1153, .T. ) ;
#772 = DIRECTION ( 'NONE',  ( 0.000000000000000000, 0.000000000000000000, -1.000000000000000000 ) ) ;
#773 = VERTEX_POINT ( 'NONE', #288 ) ;
#774 = ORIENTED_EDGE ( 'NONE', *, *, #675, .F. ) ;
#775 = ADVANCED_FACE ( 'NONE', ( #619 ), #515, .T. ) ;
#776 = FACE_OUTER_BOUND ( 'NONE', #343, .T. ) ;
#777 = ORIENTED_EDGE ( 'NONE', *, *, #1132, .T. ) ;
#778 = PRODUCT_DEFINITION_FORMATION_WITH_SPECIFIED_SOURCE ( '�', '', #1181, .NOT_KNOWN. ) ;
#779 = DIRECTION ( 'NONE',  ( 0.000000000000000000, 0.000000000000000000, 1.000000000000000000 ) ) ;
#780 = ORIENTED_EDGE ( 'NONE', *, *, #874, .T. ) ;
#781 = EDGE_LOOP ( 'NONE', ( #388, #477 ) ) ;
#782 = ORIENTED_EDGE ( 'NONE', *, *, #259, .T. ) ;
#783 = ORIENTED_EDGE ( 'NONE', *, *, #1236, .T. ) ;
#784 = DIRECTION ( 'NONE',  ( 0.000000000000000000, 0.000000000000000000, -1.000000000000000000 ) ) ;
#785 = ADVANCED_FACE ( 'NONE', ( #522 ), #1170, .T. ) ;
#786 = CIRCLE ( 'NONE', #1309, 1.899999999999999023 ) ;
#787 = PLANE ( 'NONE',  #569 ) ;
#788 = ORIENTED_EDGE ( 'NONE', *, *, #446, .F. ) ;
#789 = VERTEX_POINT ( 'NONE', #73 ) ;
#790 = ORIENTED_EDGE ( 'NONE', *, *, #460, .F. ) ;
#791 = DIRECTION ( 'NONE',  ( 0.000000000000000000, 1.000000000000000000, 0.000000000000000000 ) ) ;
#792 = DIRECTION ( 'NONE',  ( 0.000000000000000000, 1.000000000000000000, 0.000000000000000000 ) ) ;
#793 = ORIENTED_EDGE ( 'NONE', *, *, #831, .T. ) ;
#794 = ORIENTED_EDGE ( 'NONE', *, *, #354, .T. ) ;
#795 = DIRECTION ( 'NONE',  ( -0.000000000000000000, -1.000000000000000000, -0.000000000000000000 ) ) ;
#796 = AXIS2_PLACEMENT_3D ( 'NONE', #618, #823, #281 ) ;
#797 = DIRECTION ( 'NONE',  ( 0.000000000000000000, -0.000000000000000000, 1.000000000000000000 ) ) ;
#798 = ORGANIZATION ( '未', '未', '' ) ;
#799 = ORIENTED_EDGE ( 'NONE', *, *, #1053, .F. ) ;
#800 = CARTESIAN_POINT ( 'NONE',  ( 223.0000000000000000, -203.5999999999999943, 102.1000000000000085 ) ) ;
#801 = DIRECTION ( 'NONE',  ( 0.000000000000000000, 0.000000000000000000, 1.000000000000000000 ) ) ;
#802 = EDGE_LOOP ( 'NONE', ( #659, #737 ) ) ;
#803 = AXIS2_PLACEMENT_3D ( 'NONE', #59, #1280, #1035 ) ;
#804 = DIRECTION ( 'NONE',  ( 0.000000000000000000, 0.000000000000000000, -1.000000000000000000 ) ) ;
#805 = CIRCLE ( 'NONE', #916, 3.600000000000005862 ) ;
#806 = CIRCLE ( 'NONE', #1046, 1.899999999999999023 ) ;
#807 = ORIENTED_EDGE ( 'NONE', *, *, #1424, .T. ) ;
#808 = FACE_OUTER_BOUND ( 'NONE', #661, .T. ) ;
#809 = DIRECTION ( 'NONE',  ( -0.000000000000000000, -1.000000000000000000, -0.000000000000000000 ) ) ;
#810 = ORIENTED_EDGE ( 'NONE', *, *, #1056, .T. ) ;
#811 = CC_DESIGN_PERSON_AND_ORGANIZATION_ASSIGNMENT ( #94, #1196, ( #1275 ) ) ;
#812 = ORIENTED_EDGE ( 'NONE', *, *, #1067, .F. ) ;
#813 = ADVANCED_FACE ( 'NONE', ( #169 ), #713, .T. ) ;
#814 = CARTESIAN_POINT ( 'NONE',  ( 223.0000000000000000, -210.0000000000000000, 104.0000000000000142 ) ) ;
#815 = CYLINDRICAL_SURFACE ( 'NONE', #757, 3.599999999999999201 ) ;
#816 = CIRCLE ( 'NONE', #514, 3.599999999999999201 ) ;
#817 = ORIENTED_EDGE ( 'NONE', *, *, #257, .T. ) ;
#818 = CARTESIAN_POINT ( 'NONE',  ( -187.0000000000000000, -210.0000000000000000, 44.39999999999999858 ) ) ;
#819 = EDGE_CURVE ( 'NONE', #1251, #113, #525, .T. ) ;
#820 = CARTESIAN_POINT ( 'NONE',  ( -223.0000000000000000, -210.0500000000000114, 48.00000000000000000 ) ) ;
#821 = DIRECTION ( 'NONE',  ( 0.000000000000000000, 0.000000000000000000, 1.000000000000000000 ) ) ;
#822 = EDGE_LOOP ( 'NONE', ( #1015, #912, #330, #1350 ) ) ;
#823 = DIRECTION ( 'NONE',  ( -0.000000000000000000, -1.000000000000000000, -0.000000000000000000 ) ) ;
#824 = DIRECTION ( 'NONE',  ( 0.000000000000000000, 1.000000000000000000, 0.000000000000000000 ) ) ;
#825 = ADVANCED_FACE ( 'NONE', ( #848 ), #720, .T. ) ;
#826 = CARTESIAN_POINT ( 'NONE',  ( -187.0000000000000000, -210.0500000000000114, 104.0000000000000142 ) ) ;
#827 = EDGE_CURVE ( 'NONE', #924, #36, #609, .T. ) ;
#828 = CARTESIAN_POINT ( 'NONE',  ( 187.0000000000000000, -210.0500000000000114, 48.00000000000000000 ) ) ;
#829 = VERTEX_POINT ( 'NONE', #1389 ) ;
#830 = DIRECTION ( 'NONE',  ( -0.000000000000000000, -1.000000000000000000, -0.000000000000000000 ) ) ;
#831 = EDGE_CURVE ( 'NONE', #770, #26, #872, .T. ) ;
#832 = DIRECTION ( 'NONE',  ( 0.000000000000000000, 0.000000000000000000, -1.000000000000000000 ) ) ;
#833 = CYLINDRICAL_SURFACE ( 'NONE', #408, 1.899999999999999023 ) ;
#834 = CARTESIAN_POINT ( 'NONE',  ( 223.0000000000000000, -210.0500000000000114, 102.1000000000000085 ) ) ;
#835 = EDGE_LOOP ( 'NONE', ( #885, #286, #552, #648 ) ) ;
#836 = CARTESIAN_POINT ( 'NONE',  ( -187.0000000000000000, -210.0500000000000114, 104.0000000000000142 ) ) ;
#837 = DIRECTION ( 'NONE',  ( -0.000000000000000000, -1.000000000000000000, -0.000000000000000000 ) ) ;
#838 = DIRECTION ( 'NONE',  ( 0.000000000000000000, 0.000000000000000000, -1.000000000000000000 ) ) ;
#839 = CARTESIAN_POINT ( 'NONE',  ( -223.0000000000000000, -210.0500000000000114, 48.00000000000000000 ) ) ;
#840 = EDGE_LOOP ( 'NONE', ( #1364, #683 ) ) ;
#841 = CARTESIAN_POINT ( 'NONE',  ( -223.0000000000000000, -211.0000000000000000, 48.00000000000000000 ) ) ;
#842 = AXIS2_PLACEMENT_3D ( 'NONE', #902, #1378, #931 ) ;
#843 = PERSON_AND_ORGANIZATION ( #310, #798 ) ;
#844 = AXIS2_PLACEMENT_3D ( 'NONE', #282, #1034, #350 ) ;
#845 = CARTESIAN_POINT ( 'NONE',  ( 223.0000000000000000, -210.0500000000000114, 48.00000000000000000 ) ) ;
#846 = FACE_OUTER_BOUND ( 'NONE', #966, .T. ) ;
#847 = DIRECTION ( 'NONE',  ( 0.000000000000000000, 1.000000000000000000, 0.000000000000000000 ) ) ;
#848 = FACE_OUTER_BOUND ( 'NONE', #752, .T. ) ;
#849 = ORIENTED_EDGE ( 'NONE', *, *, #1056, .F. ) ;
#850 = DIRECTION ( 'NONE',  ( 0.000000000000000000, 1.000000000000000000, 0.000000000000000000 ) ) ;
#851 = PERSON_AND_ORGANIZATION_ROLE ( 'creator' ) ;
#852 = LINE ( 'NONE', #724, #1061 ) ;
#853 = PLANE ( 'NONE',  #126 ) ;
#854 = DIRECTION ( 'NONE',  ( 0.000000000000000000, 1.000000000000000000, 0.000000000000000000 ) ) ;
#855 = EDGE_LOOP ( 'NONE', ( #1112, #1259 ) ) ;
#856 = DIRECTION ( 'NONE',  ( -0.000000000000000000, -1.000000000000000000, -0.000000000000000000 ) ) ;
#857 = DATE_TIME_ROLE ( 'creation_date' ) ;
#858 = AXIS2_PLACEMENT_3D ( 'NONE', #1362, #710, #377 ) ;
#859 = DIRECTION ( 'NONE',  ( 0.000000000000000000, 1.000000000000000000, 0.000000000000000000 ) ) ;
#860 = ADVANCED_FACE ( 'NONE', ( #387 ), #934, .T. ) ;
#861 = CARTESIAN_POINT ( 'NONE',  ( 223.0000000000000000, -210.0000000000000000, 104.0000000000000142 ) ) ;
#862 = AXIS2_PLACEMENT_3D ( 'NONE', #22, #579, #367 ) ;
#863 = AXIS2_PLACEMENT_3D ( 'NONE', #1253, #1368, #1229 ) ;
#864 = CARTESIAN_POINT ( 'NONE',  ( -223.0000000000000000, -210.0000000000000000, 48.00000000000000000 ) ) ;
#865 = VERTEX_POINT ( 'NONE', #1044 ) ;
#866 = CARTESIAN_POINT ( 'NONE',  ( -223.0000000000000000, -203.5999999999999943, 105.9000000000000057 ) ) ;
#867 = PERSON_AND_ORGANIZATION ( #310, #798 ) ;
#868 = ADVANCED_FACE ( 'NONE', ( #1292 ), #285, .T. ) ;
#869 = DIRECTION ( 'NONE',  ( 0.000000000000000000, 0.000000000000000000, 1.000000000000000000 ) ) ;
#870 = AXIS2_PLACEMENT_3D ( 'NONE', #1329, #1097, #1200 ) ;
#871 = FACE_OUTER_BOUND ( 'NONE', #1366, .T. ) ;
#872 = CIRCLE ( 'NONE', #128, 3.599999999999999201 ) ;
#873 = EDGE_CURVE ( 'NONE', #1213, #1403, #1264, .T. ) ;
#874 = EDGE_CURVE ( 'NONE', #251, #1128, #1419, .T. ) ;
#875 = LINE ( 'NONE', #1219, #731 ) ;
#876 = EDGE_LOOP ( 'NONE', ( #1089, #788 ) ) ;
#877 = DIRECTION ( 'NONE',  ( 0.000000000000000000, 0.000000000000000000, -1.000000000000000000 ) ) ;
#878 = ADVANCED_FACE ( 'NONE', ( #1283 ), #393, .T. ) ;
#879 = VERTEX_POINT ( 'NONE', #301 ) ;
#880 = DIRECTION ( 'NONE',  ( 0.000000000000000000, 1.000000000000000000, 0.000000000000000000 ) ) ;
#881 = DIRECTION ( 'NONE',  ( 0.000000000000000000, 1.000000000000000000, 0.000000000000000000 ) ) ;
#882 = ORIENTED_EDGE ( 'NONE', *, *, #519, .T. ) ;
#883 = ORIENTED_EDGE ( 'NONE', *, *, #111, .T. ) ;
#884 = ADVANCED_FACE ( 'NONE', ( #743, #173 ), #1365, .T. ) ;
#885 = ORIENTED_EDGE ( 'NONE', *, *, #873, .F. ) ;
#886 = ORIENTED_EDGE ( 'NONE', *, *, #415, .T. ) ;
#887 = CARTESIAN_POINT ( 'NONE',  ( -187.0000000000000000, -203.5999999999999943, 104.0000000000000142 ) ) ;
#888 = CIRCLE ( 'NONE', #796, 1.899999999999999023 ) ;
#889 = DIRECTION ( 'NONE',  ( 0.000000000000000000, 1.000000000000000000, 0.000000000000000000 ) ) ;
#890 = ORIENTED_EDGE ( 'NONE', *, *, #1232, .F. ) ;
#891 = ORIENTED_EDGE ( 'NONE', *, *, #827, .T. ) ;
#892 = VERTEX_POINT ( 'NONE', #485 ) ;
#893 = CARTESIAN_POINT ( 'NONE',  ( 187.0000000000000000, -210.0000000000000000, 51.60000000000000142 ) ) ;
#894 = VECTOR ( 'NONE', #295, 1000.000000000000000 ) ;
#895 = AXIS2_PLACEMENT_3D ( 'NONE', #1173, #190, #517 ) ;
#896 = CYLINDRICAL_SURFACE ( 'NONE', #347, 1.899999999999999023 ) ;
#897 = EDGE_CURVE ( 'NONE', #113, #1251, #273, .T. ) ;
#898 = ORIENTED_EDGE ( 'NONE', *, *, #596, .F. ) ;
#899 = EDGE_LOOP ( 'NONE', ( #1130, #693 ) ) ;
#900 = UNCERTAINTY_MEASURE_WITH_UNIT (LENGTH_MEASURE( 1.000000000000000082E-05 ), #464, 'distance_accuracy_value', 'NONE');
#901 = DIRECTION ( 'NONE',  ( 0.000000000000000000, 1.000000000000000000, 0.000000000000000000 ) ) ;
#902 = CARTESIAN_POINT ( 'NONE',  ( 223.0000000000000000, -203.5999999999999943, 104.0000000000000142 ) ) ;
#903 = EDGE_LOOP ( 'NONE', ( #9, #441, #1029, #1235 ) ) ;
#904 = EDGE_CURVE ( 'NONE', #1318, #1251, #60, .T. ) ;
#905 = CARTESIAN_POINT ( 'NONE',  ( -187.0000000000000000, -210.0000000000000000, 105.9000000000000057 ) ) ;
#906 = AXIS2_PLACEMENT_3D ( 'NONE', #845, #396, #503 ) ;
#907 = CARTESIAN_POINT ( 'NONE',  ( -223.0000000000000000, -211.0000000000000000, 104.0000000000000142 ) ) ;
#908 = DIRECTION ( 'NONE',  ( 0.000000000000000000, 1.000000000000000000, 0.000000000000000000 ) ) ;
#909 = ORIENTED_EDGE ( 'NONE', *, *, #827, .F. ) ;
#910 = DIRECTION ( 'NONE',  ( 0.000000000000000000, 1.000000000000000000, 0.000000000000000000 ) ) ;
#911 = DIRECTION ( 'NONE',  ( 0.000000000000000000, 0.000000000000000000, 1.000000000000000000 ) ) ;
#912 = ORIENTED_EDGE ( 'NONE', *, *, #873, .T. ) ;
#913 = EDGE_CURVE ( 'NONE', #309, #829, #203, .T. ) ;
#914 = CIRCLE ( 'NONE', #803, 1.899999999999999023 ) ;
#915 = ADVANCED_FACE ( 'NONE', ( #1058 ), #632, .T. ) ;
#916 = AXIS2_PLACEMENT_3D ( 'NONE', #329, #768, #550 ) ;
#917 = ORIENTED_EDGE ( 'NONE', *, *, #831, .F. ) ;
#918 = DIRECTION ( 'NONE',  ( -0.000000000000000000, -1.000000000000000000, -0.000000000000000000 ) ) ;
#919 = CARTESIAN_POINT ( 'NONE',  ( -223.0000000000000000, -211.0000000000000000, 107.6000000000000085 ) ) ;
#920 = VERTEX_POINT ( 'NONE', #1065 ) ;
#921 = APPLICATION_CONTEXT ( 'configuration controlled 3d designs of mechanical parts and assemblies' ) ;
#922 = EDGE_CURVE ( 'NONE', #1002, #1213, #760, .T. ) ;
#923 = LINE ( 'NONE', #1346, #1348 ) ;
#924 = VERTEX_POINT ( 'NONE', #483 ) ;
#925 = AXIS2_PLACEMENT_3D ( 'NONE', #1152, #665, #333 ) ;
#926 = DIRECTION ( 'NONE',  ( 0.000000000000000000, 1.000000000000000000, 0.000000000000000000 ) ) ;
#927 = ORIENTED_EDGE ( 'NONE', *, *, #366, .F. ) ;
#928 = ADVANCED_FACE ( 'NONE', ( #930 ), #583, .T. ) ;
#929 = AXIS2_PLACEMENT_3D ( 'NONE', #1353, #694, #1127 ) ;
#930 = FACE_OUTER_BOUND ( 'NONE', #158, .T. ) ;
#931 = DIRECTION ( 'NONE',  ( 0.000000000000000000, 0.000000000000000000, -1.000000000000000000 ) ) ;
#932 = DIRECTION ( 'NONE',  ( -0.000000000000000000, -1.000000000000000000, -0.000000000000000000 ) ) ;
#933 = AXIS2_PLACEMENT_3D ( 'NONE', #1042, #932, #490 ) ;
#934 = PLANE ( 'NONE',  #1096 ) ;
#935 = EDGE_LOOP ( 'NONE', ( #992, #707 ) ) ;
#936 = AXIS2_PLACEMENT_3D ( 'NONE', #75, #226, #1 ) ;
#937 = EDGE_CURVE ( 'NONE', #2, #1100, #1121, .T. ) ;
#938 = AXIS2_PLACEMENT_3D ( 'NONE', #589, #247, #24 ) ;
#939 = CARTESIAN_POINT ( 'NONE',  ( 223.0000000000000000, -210.0000000000000000, 48.00000000000000000 ) ) ;
#940 = DIRECTION ( 'NONE',  ( 0.000000000000000000, 0.000000000000000000, 1.000000000000000000 ) ) ;
#941 = DIRECTION ( 'NONE',  ( 0.000000000000000000, 1.000000000000000000, 0.000000000000000000 ) ) ;
#942 = DIRECTION ( 'NONE',  ( 0.000000000000000000, 1.000000000000000000, 0.000000000000000000 ) ) ;
#943 = ORIENTED_EDGE ( 'NONE', *, *, #1028, .F. ) ;
#944 = DIRECTION ( 'NONE',  ( 0.000000000000000000, 1.000000000000000000, 0.000000000000000000 ) ) ;
#945 = DIRECTION ( 'NONE',  ( 0.000000000000000000, -0.000000000000000000, 1.000000000000000000 ) ) ;
#946 = FACE_OUTER_BOUND ( 'NONE', #1375, .T. ) ;
#947 = CARTESIAN_POINT ( 'NONE',  ( 187.0000000000000000, -203.5999999999999943, 48.00000000000000000 ) ) ;
#948 = CIRCLE ( 'NONE', #395, 1.899999999999999023 ) ;
#949 = ORIENTED_EDGE ( 'NONE', *, *, #495, .T. ) ;
#950 = CARTESIAN_POINT ( 'NONE',  ( 223.0000000000000000, -211.0000000000000000, 100.4000000000000057 ) ) ;
#951 = AXIS2_PLACEMENT_3D ( 'NONE', #224, #1237, #12 ) ;
#952 = PERSON_AND_ORGANIZATION_ROLE ( 'design_supplier' ) ;
#953 = DIRECTION ( 'NONE',  ( 0.000000000000000000, 0.000000000000000000, 1.000000000000000000 ) ) ;
#954 = CARTESIAN_POINT ( 'NONE',  ( 223.0000000000000000, -210.0500000000000114, 104.0000000000000142 ) ) ;
#955 = DIRECTION ( 'NONE',  ( 0.000000000000000000, 1.000000000000000000, 0.000000000000000000 ) ) ;
#956 = CC_DESIGN_PERSON_AND_ORGANIZATION_ASSIGNMENT ( #843, #635, ( #1181 ) ) ;
#957 = EDGE_CURVE ( 'NONE', #346, #115, #923, .T. ) ;
#958 = DIRECTION ( 'NONE',  ( -0.000000000000000000, -1.000000000000000000, -0.000000000000000000 ) ) ;
#959 = ORIENTED_EDGE ( 'NONE', *, *, #249, .F. ) ;
#960 = CARTESIAN_POINT ( 'NONE',  ( 187.0000000000000000, -203.5999999999999943, 46.10000000000000142 ) ) ;
#961 = CIRCLE ( 'NONE', #548, 1.899999999999999023 ) ;
#962 = LINE ( 'NONE', #168, #68 ) ;
#963 = DIRECTION ( 'NONE',  ( 0.000000000000000000, 1.000000000000000000, 0.000000000000000000 ) ) ;
#964 = LINE ( 'NONE', #602, #1333 ) ;
#965 = DIRECTION ( 'NONE',  ( 0.000000000000000000, -1.000000000000000000, -0.000000000000000000 ) ) ;
#966 = EDGE_LOOP ( 'NONE', ( #236, #479, #1045, #258 ) ) ;
#967 = CARTESIAN_POINT ( 'NONE',  ( 187.0000000000000000, -210.0000000000000000, 107.6000000000000085 ) ) ;
#968 = MECHANICAL_CONTEXT ( 'NONE', #1341, 'mechanical' ) ;
#969 = CYLINDRICAL_SURFACE ( 'NONE', #1021, 3.599999999999999201 ) ;
#970 = CARTESIAN_POINT ( 'NONE',  ( 187.0000000000000000, -211.0000000000000000, 51.60000000000000142 ) ) ;
#971 = DIRECTION ( 'NONE',  ( -0.000000000000000000, -1.000000000000000000, -0.000000000000000000 ) ) ;
#972 = ORIENTED_EDGE ( 'NONE', *, *, #1126, .T. ) ;
#973 = DIRECTION ( 'NONE',  ( 0.000000000000000000, 0.000000000000000000, -1.000000000000000000 ) ) ;
#974 = EDGE_CURVE ( 'NONE', #174, #1318, #123, .T. ) ;
#975 = APPROVAL_DATE_TIME ( #1178, #240 ) ;
#976 = VECTOR ( 'NONE', #575, 1000.000000000000000 ) ;
#977 = ADVANCED_FACE ( 'NONE', ( #476 ), #262, .T. ) ;
#978 = EDGE_CURVE ( 'NONE', #340, #996, #100, .T. ) ;
#979 = CARTESIAN_POINT ( 'NONE',  ( -187.0000000000000000, -211.0000000000000000, 107.6000000000000085 ) ) ;
#980 = CARTESIAN_POINT ( 'NONE',  ( -223.0000000000000000, -210.0000000000000000, 102.1000000000000085 ) ) ;
#981 = AXIS2_PLACEMENT_3D ( 'NONE', #353, #795, #684 ) ;
#982 = EDGE_CURVE ( 'NONE', #582, #502, #562, .T. ) ;
#983 = DIRECTION ( 'NONE',  ( 0.000000000000000000, -0.000000000000000000, 1.000000000000000000 ) ) ;
#984 = EDGE_LOOP ( 'NONE', ( #728, #1360, #1204, #339 ) ) ;
#985 = DIRECTION ( 'NONE',  ( 0.000000000000000000, 0.000000000000000000, 1.000000000000000000 ) ) ;
#986 = VERTEX_POINT ( 'NONE', #818 ) ;
#987 = CARTESIAN_POINT ( 'NONE',  ( -223.0000000000000000, -210.0500000000000114, 104.0000000000000142 ) ) ;
#988 = CARTESIAN_POINT ( 'NONE',  ( 223.0000000000000000, -211.0000000000000000, 48.00000000000000000 ) ) ;
#989 = ORIENTED_EDGE ( 'NONE', *, *, #1075, .F. ) ;
#990 = VERTEX_POINT ( 'NONE', #905 ) ;
#991 = ORIENTED_EDGE ( 'NONE', *, *, #1010, .T. ) ;
#992 = ORIENTED_EDGE ( 'NONE', *, *, #133, .F. ) ;
#993 = CARTESIAN_POINT ( 'NONE',  ( -187.0000000000000000, -210.0000000000000000, 49.89999999999999858 ) ) ;
#994 = DIRECTION ( 'NONE',  ( -0.000000000000000000, -1.000000000000000000, -0.000000000000000000 ) ) ;
#995 = VERTEX_POINT ( 'NONE', #1012 ) ;
#996 = VERTEX_POINT ( 'NONE', #18 ) ;
#997 = ORIENTED_EDGE ( 'NONE', *, *, #590, .F. ) ;
#998 = CARTESIAN_POINT ( 'NONE',  ( 187.0000000000000000, -211.0000000000000000, 107.6000000000000085 ) ) ;
#999 = AXIS2_PLACEMENT_3D ( 'NONE', #1334, #859, #1312 ) ;
#1000 = CC_DESIGN_DATE_AND_TIME_ASSIGNMENT ( #421, #857, ( #1252 ) ) ;
#1001 = CARTESIAN_POINT ( 'NONE',  ( 187.0000000000000000, -211.0000000000000000, 104.0000000000000142 ) ) ;
#1002 = VERTEX_POINT ( 'NONE', #135 ) ;
#1003 = ORIENTED_EDGE ( 'NONE', *, *, #1359, .F. ) ;
#1004 = DIRECTION ( 'NONE',  ( 0.000000000000000000, 0.000000000000000000, 1.000000000000000000 ) ) ;
#1005 = AXIS2_PLACEMENT_3D ( 'NONE', #499, #1401, #516 ) ;
#1006 = AXIS2_PLACEMENT_3D ( 'NONE', #647, #90, #1209 ) ;
#1007 = AXIS2_PLACEMENT_3D ( 'NONE', #603, #958, #1396 ) ;
#1008 = DIRECTION ( 'NONE',  ( 0.000000000000000000, 0.000000000000000000, 1.000000000000000000 ) ) ;
#1009 = ORIENTED_EDGE ( 'NONE', *, *, #1111, .F. ) ;
#1010 = EDGE_CURVE ( 'NONE', #130, #237, #242, .T. ) ;
#1011 = DIRECTION ( 'NONE',  ( 0.000000000000000000, 0.000000000000000000, 1.000000000000000000 ) ) ;
#1012 = CARTESIAN_POINT ( 'NONE',  ( -187.0000000000000000, -210.0000000000000000, 51.60000000000000142 ) ) ;
#1013 = DIRECTION ( 'NONE',  ( 0.000000000000000000, 1.000000000000000000, 0.000000000000000000 ) ) ;
#1014 = FACE_OUTER_BOUND ( 'NONE', #275, .T. ) ;
#1015 = ORIENTED_EDGE ( 'NONE', *, *, #257, .F. ) ;
#1016 = ADVANCED_FACE ( 'NONE', ( #383 ), #129, .T. ) ;
#1017 = EDGE_CURVE ( 'NONE', #351, #558, #1033, .T. ) ;
#1018 = DIRECTION ( 'NONE',  ( 0.000000000000000000, -1.000000000000000000, -0.000000000000000000 ) ) ;
#1019 = CIRCLE ( 'NONE', #447, 1.899999999999999023 ) ;
#1020 = LINE ( 'NONE', #1133, #666 ) ;
#1021 = AXIS2_PLACEMENT_3D ( 'NONE', #1406, #1145, #159 ) ;
#1022 = ADVANCED_FACE ( 'NONE', ( #271 ), #467, .T. ) ;
#1023 = ORIENTED_EDGE ( 'NONE', *, *, #1288, .F. ) ;
#1024 = DIRECTION ( 'NONE',  ( 0.000000000000000000, 1.000000000000000000, 0.000000000000000000 ) ) ;
#1025 = EDGE_LOOP ( 'NONE', ( #492, #1150 ) ) ;
#1026 = CIRCLE ( 'NONE', #1005, 3.600000000000005862 ) ;
#1027 = CIRCLE ( 'NONE', #1119, 1.899999999999999023 ) ;
#1028 = EDGE_CURVE ( 'NONE', #559, #1144, #1141, .T. ) ;
#1029 = ORIENTED_EDGE ( 'NONE', *, *, #446, .T. ) ;
#1030 = DIRECTION ( 'NONE',  ( 0.000000000000000000, 1.000000000000000000, 0.000000000000000000 ) ) ;
#1031 = ORIENTED_EDGE ( 'NONE', *, *, #1192, .F. ) ;
#1032 = ORIENTED_EDGE ( 'NONE', *, *, #978, .F. ) ;
#1033 = LINE ( 'NONE', #1248, #976 ) ;
#1034 = DIRECTION ( 'NONE',  ( -0.000000000000000000, -1.000000000000000000, -0.000000000000000000 ) ) ;
#1035 = DIRECTION ( 'NONE',  ( 0.000000000000000000, 0.000000000000000000, -1.000000000000000000 ) ) ;
#1036 = AXIS2_PLACEMENT_3D ( 'NONE', #1245, #266, #1116 ) ;
#1037 = CIRCLE ( 'NONE', #449, 3.600000000000005862 ) ;
#1038 = DIRECTION ( 'NONE',  ( 0.000000000000000000, 1.000000000000000000, 0.000000000000000000 ) ) ;
#1039 = EDGE_LOOP ( 'NONE', ( #972, #56, #370, #584 ) ) ;
#1040 = DIRECTION ( 'NONE',  ( 0.000000000000000000, 0.000000000000000000, 1.000000000000000000 ) ) ;
#1041 = DIRECTION ( 'NONE',  ( 0.000000000000000000, 1.000000000000000000, 0.000000000000000000 ) ) ;
#1042 = CARTESIAN_POINT ( 'NONE',  ( 223.0000000000000000, -210.0000000000000000, 104.0000000000000142 ) ) ;
#1043 = AXIS2_PLACEMENT_3D ( 'NONE', #758, #511, #303 ) ;
#1044 = CARTESIAN_POINT ( 'NONE',  ( -223.0000000000000000, -210.0000000000000000, 51.60000000000000142 ) ) ;
#1045 = ORIENTED_EDGE ( 'NONE', *, *, #556, .T. ) ;
#1046 = AXIS2_PLACEMENT_3D ( 'NONE', #611, #1049, #58 ) ;
#1047 = ADVANCED_FACE ( 'NONE', ( #593 ), #580, .T. ) ;
#1048 = CARTESIAN_POINT ( 'NONE',  ( 223.0000000000000000, -211.0000000000000000, 48.00000000000000000 ) ) ;
#1049 = DIRECTION ( 'NONE',  ( -0.000000000000000000, -1.000000000000000000, -0.000000000000000000 ) ) ;
#1050 = CARTESIAN_POINT ( 'NONE',  ( -187.0000000000000000, -211.0000000000000000, 100.4000000000000057 ) ) ;
#1051 = DIRECTION ( 'NONE',  ( -0.000000000000000000, -1.000000000000000000, -0.000000000000000000 ) ) ;
#1052 = ORIENTED_EDGE ( 'NONE', *, *, #1192, .T. ) ;
#1053 = EDGE_CURVE ( 'NONE', #604, #1144, #1107, .T. ) ;
#1054 = DIRECTION ( 'NONE',  ( 0.000000000000000000, 1.000000000000000000, 0.000000000000000000 ) ) ;
#1055 = DIRECTION ( 'NONE',  ( 0.000000000000000000, 1.000000000000000000, 0.000000000000000000 ) ) ;
#1056 = EDGE_CURVE ( 'NONE', #459, #309, #373, .T. ) ;
#1057 = CARTESIAN_POINT ( 'NONE',  ( -223.0000000000000000, -211.0000000000000000, 104.0000000000000142 ) ) ;
#1058 = FACE_OUTER_BOUND ( 'NONE', #280, .T. ) ;
#1059 = ORIENTED_EDGE ( 'NONE', *, *, #97, .T. ) ;
#1060 = CARTESIAN_POINT ( 'NONE',  ( -187.0000000000000000, -210.0000000000000000, 46.10000000000000142 ) ) ;
#1061 = VECTOR ( 'NONE', #304, 1000.000000000000000 ) ;
#1062 = CARTESIAN_POINT ( 'NONE',  ( 187.0000000000000000, -210.0000000000000000, 48.00000000000000000 ) ) ;
#1063 = DIRECTION ( 'NONE',  ( 0.000000000000000000, 0.000000000000000000, 1.000000000000000000 ) ) ;
#1064 = DIRECTION ( 'NONE',  ( 0.000000000000000000, 1.000000000000000000, 0.000000000000000000 ) ) ;
#1065 = CARTESIAN_POINT ( 'NONE',  ( 187.0000000000000000, -210.0000000000000000, 102.1000000000000085 ) ) ;
#1066 = ORIENTED_EDGE ( 'NONE', *, *, #465, .T. ) ;
#1067 = EDGE_CURVE ( 'NONE', #1316, #1226, #1409, .T. ) ;
#1068 = CYLINDRICAL_SURFACE ( 'NONE', #637, 3.600000000000005862 ) ;
#1069 = AXIS2_PLACEMENT_3D ( 'NONE', #1300, #62, #181 ) ;
#1070 = AXIS2_PLACEMENT_3D ( 'NONE', #185, #630, #1063 ) ;
#1071 = DIRECTION ( 'NONE',  ( 0.000000000000000000, 0.000000000000000000, -1.000000000000000000 ) ) ;
#1072 = DIRECTION ( 'NONE',  ( 0.000000000000000000, 1.000000000000000000, 0.000000000000000000 ) ) ;
#1073 = CARTESIAN_POINT ( 'NONE',  ( -223.0000000000000000, -210.0000000000000000, 49.89999999999999858 ) ) ;
#1074 = ORIENTED_EDGE ( 'NONE', *, *, #1126, .F. ) ;
#1075 = EDGE_CURVE ( 'NONE', #892, #559, #888, .T. ) ;
#1076 = LINE ( 'NONE', #92, #496 ) ;
#1077 = DATE_AND_TIME ( #644, #221 ) ;
#1078 = MANIFOLD_SOLID_BREP ( '\X2\8f935165\X0\5', #729 ) ;
#1079 = LINE ( 'NONE', #567, #1151 ) ;
#1080 = FACE_BOUND ( 'NONE', #1356, .T. ) ;
#1081 = DIRECTION ( 'NONE',  ( 0.000000000000000000, 0.000000000000000000, -1.000000000000000000 ) ) ;
#1082 = ORIENTED_EDGE ( 'NONE', *, *, #37, .T. ) ;
#1083 = CARTESIAN_POINT ( 'NONE',  ( 187.0000000000000000, -211.0000000000000000, 48.00000000000000000 ) ) ;
#1084 = CALENDAR_DATE ( 2026, 29, 8 ) ;
#1085 = ORIENTED_EDGE ( 'NONE', *, *, #259, .F. ) ;
#1086 = CARTESIAN_POINT ( 'NONE',  ( 223.0000000000000000, -211.0000000000000000, 51.60000000000000142 ) ) ;
#1087 = FACE_OUTER_BOUND ( 'NONE', #984, .T. ) ;
#1088 = DIRECTION ( 'NONE',  ( 0.000000000000000000, 1.000000000000000000, 0.000000000000000000 ) ) ;
#1089 = ORIENTED_EDGE ( 'NONE', *, *, #574, .F. ) ;
#1090 = EDGE_LOOP ( 'NONE', ( #616, #325, #4, #1426 ) ) ;
#1091 = MANIFOLD_SOLID_BREP ( '\X2\8f935165\X0\6', #755 ) ;
#1092 = EDGE_LOOP ( 'NONE', ( #1330, #810, #21, #542 ) ) ;
#1093 = ORIENTED_EDGE ( 'NONE', *, *, #1428, .T. ) ;
#1094 = AXIS2_PLACEMENT_3D ( 'NONE', #546, #749, #195 ) ;
#1095 = CARTESIAN_POINT ( 'NONE',  ( -187.0000000000000000, -211.0000000000000000, 44.39999999999999858 ) ) ;
#1096 = AXIS2_PLACEMENT_3D ( 'NONE', #1149, #402, #509 ) ;
#1097 = DIRECTION ( 'NONE',  ( -0.000000000000000000, -1.000000000000000000, -0.000000000000000000 ) ) ;
#1098 = ORIENTED_EDGE ( 'NONE', *, *, #771, .F. ) ;
#1099 = ORIENTED_EDGE ( 'NONE', *, *, #1233, .T. ) ;
#1100 = VERTEX_POINT ( 'NONE', #1161 ) ;
#1101 = DIRECTION ( 'NONE',  ( 0.000000000000000000, 1.000000000000000000, 0.000000000000000000 ) ) ;
#1102 = APPROVAL ( #1420, '未' ) ;
#1103 = CARTESIAN_POINT ( 'NONE',  ( -187.0000000000000000, -210.0500000000000114, 49.89999999999999858 ) ) ;
#1104 = EDGE_LOOP ( 'NONE', ( #1134, #352, #793, #468 ) ) ;
#1105 = EDGE_LOOP ( 'NONE', ( #812, #790 ) ) ;
#1106 = DIRECTION ( 'NONE',  ( -0.000000000000000000, -1.000000000000000000, -0.000000000000000000 ) ) ;
#1107 = CIRCLE ( 'NONE', #1363, 1.899999999999999023 ) ;
#1108 = AXIS2_PLACEMENT_3D ( 'NONE', #887, #430, #116 ) ;
#1109 = VECTOR ( 'NONE', #313, 1000.000000000000000 ) ;
#1110 = DIRECTION ( 'NONE',  ( 0.000000000000000000, 1.000000000000000000, 0.000000000000000000 ) ) ;
#1111 = EDGE_CURVE ( 'NONE', #1128, #251, #160, .T. ) ;
#1112 = ORIENTED_EDGE ( 'NONE', *, *, #621, .T. ) ;
#1113 = CARTESIAN_POINT ( 'NONE',  ( -187.0000000000000000, -210.0500000000000114, 102.1000000000000085 ) ) ;
#1114 = CIRCLE ( 'NONE', #933, 3.600000000000005862 ) ;
#1115 = CIRCLE ( 'NONE', #1238, 3.600000000000005862 ) ;
#1116 = DIRECTION ( 'NONE',  ( 0.000000000000000000, 0.000000000000000000, -1.000000000000000000 ) ) ;
#1117 = FACE_OUTER_BOUND ( 'NONE', #1338, .T. ) ;
#1118 = AXIS2_PLACEMENT_3D ( 'NONE', #988, #889, #448 ) ;
#1119 = AXIS2_PLACEMENT_3D ( 'NONE', #594, #498, #940 ) ;
#1120 = FACE_OUTER_BOUND ( 'NONE', #114, .T. ) ;
#1121 = CIRCLE ( 'NONE', #150, 1.899999999999999023 ) ;
#1122 = EDGE_CURVE ( 'NONE', #920, #996, #72, .T. ) ;
#1123 = VERTEX_POINT ( 'NONE', #1266 ) ;
#1124 = EDGE_CURVE ( 'NONE', #1321, #1157, #1344, .T. ) ;
#1125 = DIRECTION ( 'NONE',  ( 0.000000000000000000, 0.000000000000000000, 1.000000000000000000 ) ) ;
#1126 = EDGE_CURVE ( 'NONE', #1265, #879, #722, .T. ) ;
#1127 = DIRECTION ( 'NONE',  ( 0.000000000000000000, 0.000000000000000000, -1.000000000000000000 ) ) ;
#1128 = VERTEX_POINT ( 'NONE', #64 ) ;
#1129 = FACE_OUTER_BOUND ( 'NONE', #1323, .T. ) ;
#1130 = ORIENTED_EDGE ( 'NONE', *, *, #1132, .F. ) ;
#1131 = DIRECTION ( 'NONE',  ( 0.000000000000000000, 0.000000000000000000, -1.000000000000000000 ) ) ;
#1132 = EDGE_CURVE ( 'NONE', #1100, #2, #948, .T. ) ;
#1133 = CARTESIAN_POINT ( 'NONE',  ( 187.0000000000000000, -211.0000000000000000, 107.6000000000000085 ) ) ;
#1134 = ORIENTED_EDGE ( 'NONE', *, *, #1067, .T. ) ;
#1135 = DIRECTION ( 'NONE',  ( 0.000000000000000000, 1.000000000000000000, 0.000000000000000000 ) ) ;
#1136 = ORIENTED_EDGE ( 'NONE', *, *, #316, .F. ) ;
#1137 = VECTOR ( 'NONE', #1072, 1000.000000000000000 ) ;
#1138 = CIRCLE ( 'NONE', #433, 3.599999999999999201 ) ;
#1139 = AXIS2_PLACEMENT_3D ( 'NONE', #65, #505, #945 ) ;
#1140 = ORIENTED_EDGE ( 'NONE', *, *, #209, .F. ) ;
#1141 = LINE ( 'NONE', #1240, #1203 ) ;
#1142 = FACE_OUTER_BOUND ( 'NONE', #802, .T. ) ;
#1143 = CARTESIAN_POINT ( 'NONE',  ( -223.0000000000000000, -211.0000000000000000, 104.0000000000000142 ) ) ;
#1144 = VERTEX_POINT ( 'NONE', #287 ) ;
#1145 = DIRECTION ( 'NONE',  ( 0.000000000000000000, 1.000000000000000000, 0.000000000000000000 ) ) ;
#1146 = CYLINDRICAL_SURFACE ( 'NONE', #149, 3.600000000000005862 ) ;
#1147 = CARTESIAN_POINT ( 'NONE',  ( -187.0000000000000000, -203.5999999999999943, 46.10000000000000142 ) ) ;
#1148 = ADVANCED_FACE ( 'NONE', ( #298 ), #513, .T. ) ;
#1149 = CARTESIAN_POINT ( 'NONE',  ( 187.0000000000000000, -203.5999999999999943, 104.0000000000000142 ) ) ;
#1150 = ORIENTED_EDGE ( 'NONE', *, *, #974, .F. ) ;
#1151 = VECTOR ( 'NONE', #1101, 1000.000000000000000 ) ;
#1152 = CARTESIAN_POINT ( 'NONE',  ( 187.0000000000000000, -210.0000000000000000, 48.00000000000000000 ) ) ;
#1153 = LINE ( 'NONE', #1290, #549 ) ;
#1154 = FACE_OUTER_BOUND ( 'NONE', #43, .T. ) ;
#1155 = CIRCLE ( 'NONE', #382, 3.599999999999999201 ) ;
#1156 = DIRECTION ( 'NONE',  ( 0.000000000000000000, 0.000000000000000000, 1.000000000000000000 ) ) ;
#1157 = VERTEX_POINT ( 'NONE', #733 ) ;
#1158 = AXIS2_PLACEMENT_3D ( 'NONE', #1258, #274, #69 ) ;
#1159 = ADVANCED_FACE ( 'NONE', ( #628 ), #1289, .T. ) ;
#1160 = EDGE_CURVE ( 'NONE', #1254, #346, #1019, .T. ) ;
#1161 = CARTESIAN_POINT ( 'NONE',  ( 223.0000000000000000, -203.5999999999999943, 49.89999999999999858 ) ) ;
#1162 = FACE_BOUND ( 'NONE', #1222, .T. ) ;
#1163 = CARTESIAN_POINT ( 'NONE',  ( -223.0000000000000000, -211.0000000000000000, 48.00000000000000000 ) ) ;
#1164 = EDGE_CURVE ( 'NONE', #104, #1332, #816, .T. ) ;
#1165 = DIRECTION ( 'NONE',  ( -0.000000000000000000, -1.000000000000000000, -0.000000000000000000 ) ) ;
#1166 = VERTEX_POINT ( 'NONE', #521 ) ;
#1167 = LINE ( 'NONE', #404, #894 ) ;
#1168 = CALENDAR_DATE ( 2026, 29, 8 ) ;
#1169 = DIRECTION ( 'NONE',  ( -0.000000000000000000, -1.000000000000000000, -0.000000000000000000 ) ) ;
#1170 = CYLINDRICAL_SURFACE ( 'NONE', #1070, 3.600000000000005862 ) ;
#1171 = DIRECTION ( 'NONE',  ( 0.000000000000000000, 0.000000000000000000, 1.000000000000000000 ) ) ;
#1172 = EDGE_CURVE ( 'NONE', #1316, #26, #962, .T. ) ;
#1173 = CARTESIAN_POINT ( 'NONE',  ( 223.0000000000000000, -210.0000000000000000, 48.00000000000000000 ) ) ;
#1174 = ORIENTED_EDGE ( 'NONE', *, *, #95, .T. ) ;
#1175 = CARTESIAN_POINT ( 'NONE',  ( 187.0000000000000000, -211.0000000000000000, 104.0000000000000142 ) ) ;
#1176 = AXIS2_PLACEMENT_3D ( 'NONE', #1422, #216, #766 ) ;
#1177 = APPROVAL_PERSON_ORGANIZATION ( #732, #240, #529 ) ;
#1178 = DATE_AND_TIME ( #1168, #682 ) ;
#1179 = DIRECTION ( 'NONE',  ( 0.000000000000000000, 1.000000000000000000, 0.000000000000000000 ) ) ;
#1180 = DIRECTION ( 'NONE',  ( 0.000000000000000000, -0.000000000000000000, 1.000000000000000000 ) ) ;
#1181 = PRODUCT ( 'FrontAntiTipBracketFastenerPack_V11_8xM4', 'FrontAntiTipBracketFastenerPack_V11_8xM4', '', ( #968 ) ) ;
#1182 = EDGE_CURVE ( 'NONE', #1318, #174, #473, .T. ) ;
#1183 = CARTESIAN_POINT ( 'NONE',  ( -223.0000000000000000, -210.0500000000000114, 102.1000000000000085 ) ) ;
#1184 = ORIENTED_EDGE ( 'NONE', *, *, #460, .T. ) ;
#1185 = CLOSED_SHELL ( 'NONE', ( #977, #1148, #650, #813, #884, #506, #1230 ) ) ;
#1186 = FACE_OUTER_BOUND ( 'NONE', #365, .T. ) ;
#1187 = AXIS2_PLACEMENT_3D ( 'NONE', #418, #881, #779 ) ;
#1188 = COORDINATED_UNIVERSAL_TIME_OFFSET ( 8, 0, .AHEAD. ) ;
#1189 = AXIS2_PLACEMENT_3D ( 'NONE', #814, #809, #911 ) ;
#1190 = CARTESIAN_POINT ( 'NONE',  ( 187.0000000000000000, -211.0000000000000000, 104.0000000000000142 ) ) ;
#1191 = DIRECTION ( 'NONE',  ( 0.000000000000000000, 1.000000000000000000, 0.000000000000000000 ) ) ;
#1192 = EDGE_CURVE ( 'NONE', #892, #604, #852, .T. ) ;
#1193 = PLANE ( 'NONE',  #105 ) ;
#1194 = VERTEX_POINT ( 'NONE', #276 ) ;
#1195 = FACE_OUTER_BOUND ( 'NONE', #336, .T. ) ;
#1196 = PERSON_AND_ORGANIZATION_ROLE ( 'classification_officer' ) ;
#1197 = ORIENTED_EDGE ( 'NONE', *, *, #466, .F. ) ;
#1198 = PLANE ( 'NONE',  #1176 ) ;
#1199 = CARTESIAN_POINT ( 'NONE',  ( 187.0000000000000000, -210.0000000000000000, 104.0000000000000142 ) ) ;
#1200 = DIRECTION ( 'NONE',  ( 0.000000000000000000, 0.000000000000000000, 1.000000000000000000 ) ) ;
#1201 = ORIENTED_EDGE ( 'NONE', *, *, #354, .F. ) ;
#1202 = PLANE ( 'NONE',  #345 ) ;
#1203 = VECTOR ( 'NONE', #153, 1000.000000000000000 ) ;
#1204 = ORIENTED_EDGE ( 'NONE', *, *, #1164, .T. ) ;
#1205 = EDGE_LOOP ( 'NONE', ( #554, #1085, #882, #671 ) ) ;
#1206 = PLANE ( 'NONE',  #951 ) ;
#1207 = LOCAL_TIME ( 16, 2, 36.00000000000000000, #414 ) ;
#1208 = ORIENTED_EDGE ( 'NONE', *, *, #1314, .F. ) ;
#1209 = DIRECTION ( 'NONE',  ( 0.000000000000000000, 0.000000000000000000, -1.000000000000000000 ) ) ;
#1210 = ORIENTED_EDGE ( 'NONE', *, *, #215, .T. ) ;
#1211 = ORIENTED_EDGE ( 'NONE', *, *, #1160, .F. ) ;
#1212 = CC_DESIGN_PERSON_AND_ORGANIZATION_ASSIGNMENT ( #204, #851, ( #1252 ) ) ;
#1213 = VERTEX_POINT ( 'NONE', #748 ) ;
#1214 = ORIENTED_EDGE ( 'NONE', *, *, #769, .T. ) ;
#1215 = AXIS2_PLACEMENT_3D ( 'NONE', #735, #620, #417 ) ;
#1216 = EDGE_CURVE ( 'NONE', #1247, #223, #41, .T. ) ;
#1217 = DIRECTION ( 'NONE',  ( 0.000000000000000000, 1.000000000000000000, 0.000000000000000000 ) ) ;
#1218 = AXIS2_PLACEMENT_3D ( 'NONE', #241, #1110, #124 ) ;
#1219 = CARTESIAN_POINT ( 'NONE',  ( 187.0000000000000000, -210.0500000000000114, 105.9000000000000057 ) ) ;
#1220 = ORIENTED_EDGE ( 'NONE', *, *, #1424, .F. ) ;
#1221 = ORIENTED_EDGE ( 'NONE', *, *, #1276, .F. ) ;
#1222 = EDGE_LOOP ( 'NONE', ( #108, #264 ) ) ;
#1223 = LINE ( 'NONE', #341, #1109 ) ;
#1224 = CARTESIAN_POINT ( 'NONE',  ( 223.0000000000000000, -203.5999999999999943, 48.00000000000000000 ) ) ;
#1225 = ORIENTED_EDGE ( 'NONE', *, *, #139, .T. ) ;
#1226 = VERTEX_POINT ( 'NONE', #636 ) ;
#1227 = FACE_OUTER_BOUND ( 'NONE', #269, .T. ) ;
#1228 = AXIS2_PLACEMENT_3D ( 'NONE', #369, #1018, #1131 ) ;
#1229 = DIRECTION ( 'NONE',  ( 0.000000000000000000, 0.000000000000000000, 1.000000000000000000 ) ) ;
#1230 = ADVANCED_FACE ( 'NONE', ( #530 ), #969, .T. ) ;
#1231 = APPROVAL_PERSON_ORGANIZATION ( #1287, #1302, #739 ) ;
#1232 = EDGE_CURVE ( 'NONE', #1332, #104, #471, .T. ) ;
#1233 = EDGE_CURVE ( 'NONE', #829, #309, #397, .T. ) ;
#1234 = FACE_OUTER_BOUND ( 'NONE', #394, .T. ) ;
#1235 = ORIENTED_EDGE ( 'NONE', *, *, #1379, .F. ) ;
#1236 = EDGE_CURVE ( 'NONE', #879, #1265, #1037, .T. ) ;
#1237 = DIRECTION ( 'NONE',  ( 0.000000000000000000, 1.000000000000000000, 0.000000000000000000 ) ) ;
#1238 = AXIS2_PLACEMENT_3D ( 'NONE', #1057, #955, #1395 ) ;
#1239 = VECTOR ( 'NONE', #1088, 1000.000000000000000 ) ;
#1240 = CARTESIAN_POINT ( 'NONE',  ( -223.0000000000000000, -210.0500000000000114, 49.89999999999999858 ) ) ;
#1241 = ORIENTED_EDGE ( 'NONE', *, *, #1232, .T. ) ;
#1242 = DIRECTION ( 'NONE',  ( 0.000000000000000000, 0.000000000000000000, -1.000000000000000000 ) ) ;
#1243 = ORIENTED_EDGE ( 'NONE', *, *, #769, .F. ) ;
#1244 = CARTESIAN_POINT ( 'NONE',  ( -223.0000000000000000, -211.0000000000000000, 44.39999999999999858 ) ) ;
#1245 = CARTESIAN_POINT ( 'NONE',  ( -223.0000000000000000, -210.0000000000000000, 104.0000000000000142 ) ) ;
#1246 = DIRECTION ( 'NONE',  ( 0.000000000000000000, 1.000000000000000000, 0.000000000000000000 ) ) ;
#1247 = VERTEX_POINT ( 'NONE', #239 ) ;
#1248 = CARTESIAN_POINT ( 'NONE',  ( 223.0000000000000000, -211.0000000000000000, 100.4000000000000057 ) ) ;
#1249 = CARTESIAN_POINT ( 'NONE',  ( 223.0000000000000000, -210.0000000000000000, 104.0000000000000142 ) ) ;
#1250 = CIRCLE ( 'NONE', #999, 3.599999999999999201 ) ;
#1251 = VERTEX_POINT ( 'NONE', #423 ) ;
#1252 = PRODUCT_DEFINITION ( '�', '', #778, #238 ) ;
#1253 = CARTESIAN_POINT ( 'NONE',  ( -187.0000000000000000, -211.0000000000000000, 104.0000000000000142 ) ) ;
#1254 = VERTEX_POINT ( 'NONE', #993 ) ;
#1255 = CIRCLE ( 'NONE', #689, 3.599999999999999201 ) ;
#1256 = CIRCLE ( 'NONE', #708, 1.899999999999999023 ) ;
#1257 = AXIS2_PLACEMENT_3D ( 'NONE', #293, #1273, #1156 ) ;
#1258 = CARTESIAN_POINT ( 'NONE',  ( 187.0000000000000000, -203.5999999999999943, 48.00000000000000000 ) ) ;
#1259 = ORIENTED_EDGE ( 'NONE', *, *, #675, .T. ) ;
#1260 = CARTESIAN_POINT ( 'NONE',  ( 223.0000000000000000, -203.5999999999999943, 48.00000000000000000 ) ) ;
#1261 = CARTESIAN_POINT ( 'NONE',  ( 223.0000000000000000, -210.0500000000000114, 104.0000000000000142 ) ) ;
#1262 = DIRECTION ( 'NONE',  ( 0.000000000000000000, 1.000000000000000000, 0.000000000000000000 ) ) ;
#1263 = EDGE_CURVE ( 'NONE', #1157, #1321, #1250, .T. ) ;
#1264 = LINE ( 'NONE', #834, #292 ) ;
#1265 = VERTEX_POINT ( 'NONE', #998 ) ;
#1266 = CARTESIAN_POINT ( 'NONE',  ( 187.0000000000000000, -211.0000000000000000, 44.39999999999999858 ) ) ;
#1267 = FACE_BOUND ( 'NONE', #781, .T. ) ;
#1268 = DIRECTION ( 'NONE',  ( 0.000000000000000000, 0.000000000000000000, 1.000000000000000000 ) ) ;
#1269 = ADVANCED_FACE ( 'NONE', ( #326 ), #1431, .T. ) ;
#1270 = EDGE_CURVE ( 'NONE', #457, #829, #233, .T. ) ;
#1271 = ADVANCED_FACE ( 'NONE', ( #1304 ), #1198, .T. ) ;
#1272 = APPROVAL_PERSON_ORGANIZATION ( #867, #1102, #312 ) ;
#1273 = DIRECTION ( 'NONE',  ( 0.000000000000000000, 1.000000000000000000, 0.000000000000000000 ) ) ;
#1274 = ORIENTED_EDGE ( 'NONE', *, *, #1028, .T. ) ;
#1275 = SECURITY_CLASSIFICATION ( '', '', #183 ) ;
#1276 = EDGE_CURVE ( 'NONE', #990, #582, #109, .T. ) ;
#1277 = APPLICATION_PROTOCOL_DEFINITION ( 'international standard', 'config_control_design', 1994, #1341 ) ;
#1278 = CARTESIAN_POINT ( 'NONE',  ( -187.0000000000000000, -210.0000000000000000, 48.00000000000000000 ) ) ;
#1279 = DIRECTION ( 'NONE',  ( 0.000000000000000000, 0.000000000000000000, -1.000000000000000000 ) ) ;
#1280 = DIRECTION ( 'NONE',  ( -0.000000000000000000, -1.000000000000000000, -0.000000000000000000 ) ) ;
#1281 = CIRCLE ( 'NONE', #1069, 1.899999999999999023 ) ;
#1282 = CIRCLE ( 'NONE', #1352, 1.899999999999999023 ) ;
#1283 = FACE_OUTER_BOUND ( 'NONE', #219, .T. ) ;
#1284 = VERTEX_POINT ( 'NONE', #1412 ) ;
#1285 = CARTESIAN_POINT ( 'NONE',  ( 223.0000000000000000, -211.0000000000000000, 107.6000000000000085 ) ) ;
#1286 = CIRCLE ( 'NONE', #1355, 1.899999999999999023 ) ;
#1287 = PERSON_AND_ORGANIZATION ( #310, #798 ) ;
#1288 = EDGE_CURVE ( 'NONE', #502, #582, #307, .T. ) ;
#1289 = CYLINDRICAL_SURFACE ( 'NONE', #334, 1.899999999999999023 ) ;
#1290 = CARTESIAN_POINT ( 'NONE',  ( 187.0000000000000000, -211.0000000000000000, 44.39999999999999858 ) ) ;
#1291 = CYLINDRICAL_SURFACE ( 'NONE', #687, 1.899999999999999023 ) ;
#1292 = FACE_OUTER_BOUND ( 'NONE', #1092, .T. ) ;
#1293 = ORIENTED_EDGE ( 'NONE', *, *, #362, .T. ) ;
#1294 = DIRECTION ( 'NONE',  ( 0.000000000000000000, 1.000000000000000000, 0.000000000000000000 ) ) ;
#1295 = CALENDAR_DATE ( 2026, 29, 8 ) ;
#1296 = DIRECTION ( 'NONE',  ( 0.000000000000000000, 0.000000000000000000, 1.000000000000000000 ) ) ;
#1297 = CARTESIAN_POINT ( 'NONE',  ( -223.0000000000000000, -210.0500000000000114, 105.9000000000000057 ) ) ;
#1298 = CARTESIAN_POINT ( 'NONE',  ( 187.0000000000000000, -210.0000000000000000, 49.89999999999999858 ) ) ;
#1299 = ORIENTED_EDGE ( 'NONE', *, *, #1233, .F. ) ;
#1300 = CARTESIAN_POINT ( 'NONE',  ( 187.0000000000000000, -210.0000000000000000, 48.00000000000000000 ) ) ;
#1301 = LOCAL_TIME ( 16, 2, 36.00000000000000000, #79 ) ;
#1302 = APPROVAL ( #297, '未' ) ;
#1303 = DATE_AND_TIME ( #324, #140 ) ;
#1304 = FACE_OUTER_BOUND ( 'NONE', #551, .T. ) ;
#1305 = DIRECTION ( 'NONE',  ( -0.000000000000000000, -1.000000000000000000, -0.000000000000000000 ) ) ;
#1306 = DIRECTION ( 'NONE',  ( 0.000000000000000000, 1.000000000000000000, 0.000000000000000000 ) ) ;
#1307 = ORIENTED_EDGE ( 'NONE', *, *, #400, .F. ) ;
#1308 = LINE ( 'NONE', #428, #270 ) ;
#1309 = AXIS2_PLACEMENT_3D ( 'NONE', #212, #856, #311 ) ;
#1310 = CIRCLE ( 'NONE', #936, 3.600000000000005862 ) ;
#1311 = DATE_TIME_ROLE ( 'classification_date' ) ;
#1312 = DIRECTION ( 'NONE',  ( 0.000000000000000000, 0.000000000000000000, 1.000000000000000000 ) ) ;
#1313 = CARTESIAN_POINT ( 'NONE',  ( 223.0000000000000000, -210.0000000000000000, 49.89999999999999858 ) ) ;
#1314 = EDGE_CURVE ( 'NONE', #773, #302, #5, .T. ) ;
#1315 = DIRECTION ( 'NONE',  ( -0.000000000000000000, -1.000000000000000000, -0.000000000000000000 ) ) ;
#1316 = VERTEX_POINT ( 'NONE', #1086 ) ;
#1317 = DIRECTION ( 'NONE',  ( 0.000000000000000000, 1.000000000000000000, 0.000000000000000000 ) ) ;
#1318 = VERTEX_POINT ( 'NONE', #979 ) ;
#1319 = DIRECTION ( 'NONE',  ( 0.000000000000000000, 0.000000000000000000, 1.000000000000000000 ) ) ;
#1320 = CARTESIAN_POINT ( 'NONE',  ( -187.0000000000000000, -203.5999999999999943, 102.1000000000000085 ) ) ;
#1321 = VERTEX_POINT ( 'NONE', #1095 ) ;
#1322 = ADVANCED_FACE ( 'NONE', ( #1327 ), #645, .T. ) ;
#1323 = EDGE_LOOP ( 'NONE', ( #883, #1416, #1059, #320 ) ) ;
#1324 = AXIS2_PLACEMENT_3D ( 'NONE', #480, #1030, #254 ) ;
#1325 = ORIENTED_EDGE ( 'NONE', *, *, #662, .F. ) ;
#1326 = ORIENTED_EDGE ( 'NONE', *, *, #469, .F. ) ;
#1327 = FACE_OUTER_BOUND ( 'NONE', #110, .T. ) ;
#1328 =( GEOMETRIC_REPRESENTATION_CONTEXT ( 3 ) GLOBAL_UNCERTAINTY_ASSIGNED_CONTEXT ( ( #900 ) ) GLOBAL_UNIT_ASSIGNED_CONTEXT ( ( #464, #1392, #651 ) ) REPRESENTATION_CONTEXT ( 'NONE', 'WORKASPACE' ) );
#1329 = CARTESIAN_POINT ( 'NONE',  ( -223.0000000000000000, -210.0000000000000000, 104.0000000000000142 ) ) ;
#1330 = ORIENTED_EDGE ( 'NONE', *, *, #322, .F. ) ;
#1331 = EDGE_LOOP ( 'NONE', ( #1197, #949, #444, #763 ) ) ;
#1332 = VERTEX_POINT ( 'NONE', #893 ) ;
#1333 = VECTOR ( 'NONE', #941, 1000.000000000000000 ) ;
#1334 = CARTESIAN_POINT ( 'NONE',  ( -187.0000000000000000, -211.0000000000000000, 48.00000000000000000 ) ) ;
#1335 = EDGE_CURVE ( 'NONE', #1002, #1166, #1223, .T. ) ;
#1336 = CYLINDRICAL_SURFACE ( 'NONE', #1218, 3.599999999999999201 ) ;
#1337 = EDGE_LOOP ( 'NONE', ( #782, #544 ) ) ;
#1338 = EDGE_LOOP ( 'NONE', ( #1031, #1003, #1274, #443 ) ) ;
#1339 = CYLINDRICAL_SURFACE ( 'NONE', #862, 3.600000000000005862 ) ;
#1340 = EDGE_CURVE ( 'NONE', #1226, #770, #1079, .T. ) ;
#1341 = APPLICATION_CONTEXT ( 'configuration controlled 3d designs of mechanical parts and assemblies' ) ;
#1342 = PLANE ( 'NONE',  #588 ) ;
#1343 = ORIENTED_EDGE ( 'NONE', *, *, #1340, .F. ) ;
#1344 = CIRCLE ( 'NONE', #654, 3.599999999999999201 ) ;
#1345 = AXIS2_PLACEMENT_3D ( 'NONE', #389, #497, #1296 ) ;
#1346 = CARTESIAN_POINT ( 'NONE',  ( -187.0000000000000000, -210.0500000000000114, 46.10000000000000142 ) ) ;
#1347 = FACE_BOUND ( 'NONE', #137, .T. ) ;
#1348 = VECTOR ( 'NONE', #1024, 1000.000000000000000 ) ;
#1349 = CARTESIAN_POINT ( 'NONE',  ( -223.0000000000000000, -203.5999999999999943, 104.0000000000000142 ) ) ;
#1350 = ORIENTED_EDGE ( 'NONE', *, *, #1335, .F. ) ;
#1351 = LINE ( 'NONE', #1244, #284 ) ;
#1352 = AXIS2_PLACEMENT_3D ( 'NONE', #557, #994, #676 ) ;
#1353 = CARTESIAN_POINT ( 'NONE',  ( 187.0000000000000000, -203.5999999999999943, 104.0000000000000142 ) ) ;
#1354 = ORIENTED_EDGE ( 'NONE', *, *, #1379, .T. ) ;
#1355 = AXIS2_PLACEMENT_3D ( 'NONE', #161, #601, #1008 ) ;
#1356 = EDGE_LOOP ( 'NONE', ( #412, #486 ) ) ;
#1357 = DIRECTION ( 'NONE',  ( 0.000000000000000000, 0.000000000000000000, -1.000000000000000000 ) ) ;
#1358 = DIRECTION ( 'NONE',  ( 0.000000000000000000, 1.000000000000000000, 0.000000000000000000 ) ) ;
#1359 = EDGE_CURVE ( 'NONE', #559, #892, #540, .T. ) ;
#1360 = ORIENTED_EDGE ( 'NONE', *, *, #771, .T. ) ;
#1361 = ADVANCED_FACE ( 'NONE', ( #98 ), #545, .T. ) ;
#1362 = CARTESIAN_POINT ( 'NONE',  ( -187.0000000000000000, -203.5999999999999943, 104.0000000000000142 ) ) ;
#1363 = AXIS2_PLACEMENT_3D ( 'NONE', #141, #918, #1357 ) ;
#1364 = ORIENTED_EDGE ( 'NONE', *, *, #1263, .F. ) ;
#1365 = PLANE ( 'NONE',  #895 ) ;
#1366 = EDGE_LOOP ( 'NONE', ( #570, #11 ) ) ;
#1367 = ADVANCED_FACE ( 'NONE', ( #776 ), #1206, .T. ) ;
#1368 = DIRECTION ( 'NONE',  ( 0.000000000000000000, 1.000000000000000000, 0.000000000000000000 ) ) ;
#1369 = CARTESIAN_POINT ( 'NONE',  ( 223.0000000000000000, -210.0000000000000000, 104.0000000000000142 ) ) ;
#1370 = CLOSED_SHELL ( 'NONE', ( #1413, #85, #182, #1159, #422, #1047, #878 ) ) ;
#1371 = DIRECTION ( 'NONE',  ( 0.000000000000000000, 1.000000000000000000, 0.000000000000000000 ) ) ;
#1372 = AXIS2_PLACEMENT_3D ( 'NONE', #643, #84, #1411 ) ;
#1373 = AXIS2_PLACEMENT_3D ( 'NONE', #954, #963, #299 ) ;
#1374 = CARTESIAN_POINT ( 'NONE',  ( 223.0000000000000000, -210.0500000000000114, 48.00000000000000000 ) ) ;
#1375 = EDGE_LOOP ( 'NONE', ( #576, #1023 ) ) ;
#1376 = CARTESIAN_POINT ( 'NONE',  ( 187.0000000000000000, -210.0500000000000114, 102.1000000000000085 ) ) ;
#1377 = ADVANCED_FACE ( 'NONE', ( #808 ), #134, .T. ) ;
#1378 = DIRECTION ( 'NONE',  ( -0.000000000000000000, -1.000000000000000000, -0.000000000000000000 ) ) ;
#1379 = EDGE_CURVE ( 'NONE', #1429, #865, #474, .T. ) ;
#1380 = CARTESIAN_POINT ( 'NONE',  ( 187.0000000000000000, -210.0000000000000000, 105.9000000000000057 ) ) ;
#1381 = EDGE_CURVE ( 'NONE', #527, #463, #1351, .T. ) ;
#1382 = DIRECTION ( 'NONE',  ( 0.000000000000000000, 0.000000000000000000, 1.000000000000000000 ) ) ;
#1383 = EDGE_LOOP ( 'NONE', ( #225, #380, #1174, #578 ) ) ;
#1384 = CARTESIAN_POINT ( 'NONE',  ( -187.0000000000000000, -211.0000000000000000, 48.00000000000000000 ) ) ;
#1385 = CARTESIAN_POINT ( 'NONE',  ( 187.0000000000000000, -210.0500000000000114, 104.0000000000000142 ) ) ;
#1386 = CARTESIAN_POINT ( 'NONE',  ( -223.0000000000000000, -211.0000000000000000, 107.6000000000000085 ) ) ;
#1387 = VECTOR ( 'NONE', #7, 1000.000000000000000 ) ;
#1388 = VECTOR ( 'NONE', #127, 1000.000000000000000 ) ;
#1389 = CARTESIAN_POINT ( 'NONE',  ( 187.0000000000000000, -203.5999999999999943, 49.89999999999999858 ) ) ;
#1390 = ORIENTED_EDGE ( 'NONE', *, *, #209, .T. ) ;
#1391 = PLANE ( 'NONE',  #146 ) ;
#1392 =( NAMED_UNIT ( * ) PLANE_ANGLE_UNIT ( ) SI_UNIT ( $, .RADIAN. ) );
#1393 = CARTESIAN_POINT ( 'NONE',  ( 187.0000000000000000, -211.0000000000000000, 104.0000000000000142 ) ) ;
#1394 = CARTESIAN_POINT ( 'NONE',  ( 223.0000000000000000, -210.0000000000000000, 44.39999999999999858 ) ) ;
#1395 = DIRECTION ( 'NONE',  ( 0.000000000000000000, 0.000000000000000000, 1.000000000000000000 ) ) ;
#1396 = DIRECTION ( 'NONE',  ( 0.000000000000000000, 0.000000000000000000, -1.000000000000000000 ) ) ;
#1397 = ORIENTED_EDGE ( 'NONE', *, *, #504, .F. ) ;
#1398 = DIRECTION ( 'NONE',  ( -0.000000000000000000, -1.000000000000000000, -0.000000000000000000 ) ) ;
#1399 = CARTESIAN_POINT ( 'NONE',  ( 0.000000000000000000, 0.000000000000000000, 0.000000000000000000 ) ) ;
#1400 = DIRECTION ( 'NONE',  ( 0.000000000000000000, 1.000000000000000000, 0.000000000000000000 ) ) ;
#1401 = DIRECTION ( 'NONE',  ( 0.000000000000000000, 1.000000000000000000, 0.000000000000000000 ) ) ;
#1402 = LINE ( 'NONE', #1183, #1239 ) ;
#1403 = VERTEX_POINT ( 'NONE', #800 ) ;
#1404 = DIRECTION ( 'NONE',  ( 0.000000000000000000, 1.000000000000000000, 0.000000000000000000 ) ) ;
#1405 = COORDINATED_UNIVERSAL_TIME_OFFSET ( 8, 0, .AHEAD. ) ;
#1406 = CARTESIAN_POINT ( 'NONE',  ( 223.0000000000000000, -211.0000000000000000, 48.00000000000000000 ) ) ;
#1407 = LINE ( 'NONE', #970, #289 ) ;
#1408 = CARTESIAN_POINT ( 'NONE',  ( -223.0000000000000000, -210.0000000000000000, 44.39999999999999858 ) ) ;
#1409 = CIRCLE ( 'NONE', #487, 3.599999999999999201 ) ;
#1410 = EDGE_LOOP ( 'NONE', ( #849, #927, #229, #1099 ) ) ;
#1411 = DIRECTION ( 'NONE',  ( 0.000000000000000000, 0.000000000000000000, 1.000000000000000000 ) ) ;
#1412 = CARTESIAN_POINT ( 'NONE',  ( 223.0000000000000000, -210.0000000000000000, 107.6000000000000085 ) ) ;
#1413 = ADVANCED_FACE ( 'NONE', ( #1227 ), #1339, .T. ) ;
#1414 = CARTESIAN_POINT ( 'NONE',  ( -223.0000000000000000, -210.0000000000000000, 100.4000000000000057 ) ) ;
#1415 = CARTESIAN_POINT ( 'NONE',  ( 223.0000000000000000, -210.0000000000000000, 48.00000000000000000 ) ) ;
#1416 = ORIENTED_EDGE ( 'NONE', *, *, #1017, .T. ) ;
#1417 = DIRECTION ( 'NONE',  ( 0.000000000000000000, 0.000000000000000000, -1.000000000000000000 ) ) ;
#1418 = VECTOR ( 'NONE', #208, 1000.000000000000000 ) ;
#1419 = CIRCLE ( 'NONE', #458, 1.899999999999999023 ) ;
#1420 = APPROVAL_STATUS ( 'not_yet_approved' ) ;
#1421 = ORIENTED_EDGE ( 'NONE', *, *, #590, .T. ) ;
#1422 = CARTESIAN_POINT ( 'NONE',  ( 187.0000000000000000, -211.0000000000000000, 48.00000000000000000 ) ) ;
#1423 = EDGE_CURVE ( 'NONE', #346, #1254, #376, .T. ) ;
#1424 = EDGE_CURVE ( 'NONE', #789, #502, #260, .T. ) ;
#1425 = FACE_OUTER_BOUND ( 'NONE', #1331, .T. ) ;
#1426 = ORIENTED_EDGE ( 'NONE', *, *, #639, .T. ) ;
#1427 = ORIENTED_EDGE ( 'NONE', *, *, #1053, .T. ) ;
#1428 = EDGE_CURVE ( 'NONE', #527, #1429, #475, .T. ) ;
#1429 = VERTEX_POINT ( 'NONE', #573 ) ;
#1430 = ORIENTED_EDGE ( 'NONE', *, *, #819, .T. ) ;
#1431 = CYLINDRICAL_SURFACE ( 'NONE', #656, 1.899999999999999023 ) ;
ENDSEC;
END-ISO-10303-21;
