ISO-10303-21;
HEADER;
FILE_DESCRIPTION (( 'STEP AP203' ),
    '1' );
FILE_NAME ('FrontAntiTipBracketPack_V11_DoubleShear.STEP',
    '2026-08-29T08:54:00',
    ( '' ),
    ( '' ),
    'SwSTEP 2.0',
    'SolidWorks 2025',
    '' );
FILE_SCHEMA (( 'CONFIG_CONTROL_DESIGN' ));
ENDSEC;

DATA;
#1 = ORIENTED_EDGE ( 'NONE', *, *, #696, .F. ) ;
#2 = CYLINDRICAL_SURFACE ( 'NONE', #4953, 11.99999999999999645 ) ;
#3 = EDGE_CURVE ( 'NONE', #954, #2990, #4305, .T. ) ;
#4 = ORIENTED_EDGE ( 'NONE', *, *, #3419, .F. ) ;
#5 = CARTESIAN_POINT ( 'NONE',  ( -196.5999999999999943, -191.0000000000000000, 106.0000000000000142 ) ) ;
#6 = VERTEX_POINT ( 'NONE', #2801 ) ;
#7 = DIRECTION ( 'NONE',  ( 0.000000000000000000, -1.000000000000000000, 0.000000000000000000 ) ) ;
#8 = EDGE_CURVE ( 'NONE', #4981, #3094, #4770, .T. ) ;
#9 = CARTESIAN_POINT ( 'NONE',  ( 191.8000000000000398, -203.9000000000000057, 100.0000000000000000 ) ) ;
#10 = CARTESIAN_POINT ( 'NONE',  ( -218.2000000000000171, -208.0000000000000000, 100.0000000000000000 ) ) ;
#11 = AXIS2_PLACEMENT_3D ( 'NONE', #3414, #704, #4211 ) ;
#12 = ORIENTED_EDGE ( 'NONE', *, *, #3996, .T. ) ;
#13 = ADVANCED_FACE ( 'NONE', ( #3944, #415 ), #823, .T. ) ;
#14 = DIRECTION ( 'NONE',  ( -0.000000000000000000, 1.000000000000000000, 0.000000000000000000 ) ) ;
#15 = EDGE_CURVE ( 'NONE', #3893, #3495, #878, .T. ) ;
#16 = AXIS2_PLACEMENT_3D ( 'NONE', #2343, #2754, #2288 ) ;
#17 = ORIENTED_EDGE ( 'NONE', *, *, #2779, .T. ) ;
#18 = VERTEX_POINT ( 'NONE', #4798 ) ;
#19 = ORIENTED_EDGE ( 'NONE', *, *, #1355, .T. ) ;
#20 = CIRCLE ( 'NONE', #2886, 4.100000000000006750 ) ;
#21 = DIRECTION ( 'NONE',  ( 1.000000000000000000, 0.000000000000000000, 0.000000000000000000 ) ) ;
#22 = CIRCLE ( 'NONE', #2887, 2.250000000000001776 ) ;
#23 = DIRECTION ( 'NONE',  ( 1.000000000000000000, 0.000000000000000000, 0.000000000000000000 ) ) ;
#24 = DIRECTION ( 'NONE',  ( 0.000000000000000000, -0.000000000000000000, 1.000000000000000000 ) ) ;
#25 = CARTESIAN_POINT ( 'NONE',  ( -209.4000000000000057, -207.5000000000000284, 95.90871211463571910 ) ) ;
#26 = VECTOR ( 'NONE', #926, 1000.000000000000000 ) ;
#27 = DIRECTION ( 'NONE',  ( 0.000000000000000000, 0.000000000000000000, 1.000000000000000000 ) ) ;
#28 = EDGE_LOOP ( 'NONE', ( #635, #4291, #4492, #2012, #5057, #2941, #3012, #2289 ) ) ;
#29 = CARTESIAN_POINT ( 'NONE',  ( 183.0000000000000284, -203.9000000000000057, 44.00000000000000000 ) ) ;
#30 = FACE_OUTER_BOUND ( 'NONE', #3719, .T. ) ;
#31 = EDGE_CURVE ( 'NONE', #2309, #2588, #3233, .T. ) ;
#32 = ORIENTED_EDGE ( 'NONE', *, *, #3607, .T. ) ;
#33 = CARTESIAN_POINT ( 'NONE',  ( 196.5999999999999943, -210.7827506026967228, 75.63805349013748014 ) ) ;
#34 = VERTEX_POINT ( 'NONE', #1672 ) ;
#35 = CARTESIAN_POINT ( 'NONE',  ( -196.5999999999999943, -199.2500000000000000, 44.00000000000000000 ) ) ;
#36 = LINE ( 'NONE', #1598, #1121 ) ;
#37 = EDGE_CURVE ( 'NONE', #1276, #3912, #4434, .T. ) ;
#38 = FACE_OUTER_BOUND ( 'NONE', #1805, .T. ) ;
#39 = ORIENTED_EDGE ( 'NONE', *, *, #730, .F. ) ;
#40 = AXIS2_PLACEMENT_3D ( 'NONE', #4880, #2556, #4500 ) ;
#41 = CARTESIAN_POINT ( 'NONE',  ( -198.5999999999999943, -199.2500000000000000, 106.5000000000000000 ) ) ;
#42 = VECTOR ( 'NONE', #3615, 1000.000000000000000 ) ;
#43 = EDGE_LOOP ( 'NONE', ( #948, #4659, #4549, #2378 ) ) ;
#44 = AXIS2_PLACEMENT_3D ( 'NONE', #1835, #2244, #2197 ) ;
#45 = EDGE_CURVE ( 'NONE', #3446, #3530, #2465, .T. ) ;
#46 = ORIENTED_EDGE ( 'NONE', *, *, #2496, .F. ) ;
#47 = ORIENTED_EDGE ( 'NONE', *, *, #3365, .F. ) ;
#48 = AXIS2_PLACEMENT_3D ( 'NONE', #462, #4376, #2771 ) ;
#49 = DIRECTION ( 'NONE',  ( 0.000000000000000000, 0.000000000000000000, 1.000000000000000000 ) ) ;
#50 = EDGE_CURVE ( 'NONE', #3811, #1483, #2877, .T. ) ;
#51 = CARTESIAN_POINT ( 'NONE',  ( -196.5999999999999943, -215.0000000000000000, 44.00000000000000000 ) ) ;
#52 = DIRECTION ( 'NONE',  ( -0.000000000000000000, 0.000000000000000000, -1.000000000000000000 ) ) ;
#53 = VECTOR ( 'NONE', #2467, 1000.000000000000000 ) ;
#54 = CARTESIAN_POINT ( 'NONE',  ( -198.5999999999999943, -215.0000000000000000, 44.00000000000000000 ) ) ;
#55 = DIRECTION ( 'NONE',  ( -0.000000000000000000, 1.000000000000000000, 0.000000000000000000 ) ) ;
#56 = ADVANCED_FACE ( 'NONE', ( #518 ), #1795, .T. ) ;
#57 = VERTEX_POINT ( 'NONE', #2957 ) ;
#58 = CARTESIAN_POINT ( 'NONE',  ( -213.4000000000000057, -210.7827506026967228, 75.63805349013748014 ) ) ;
#59 = VECTOR ( 'NONE', #3976, 1000.000000000000000 ) ;
#60 = VECTOR ( 'NONE', #4252, 1000.000000000000000 ) ;
#61 = CARTESIAN_POINT ( 'NONE',  ( -196.5999999999999943, -203.9000000000000057, 44.00000000000000000 ) ) ;
#62 = ORIENTED_EDGE ( 'NONE', *, *, #883, .F. ) ;
#63 = LINE ( 'NONE', #2035, #3137 ) ;
#64 = ORIENTED_EDGE ( 'NONE', *, *, #4329, .T. ) ;
#65 = CARTESIAN_POINT ( 'NONE',  ( 223.0000000000000000, -203.9000000000000057, 106.2500000000000142 ) ) ;
#66 = CARTESIAN_POINT ( 'NONE',  ( -200.5999999999999943, -211.0000000000000000, 60.29999999999999716 ) ) ;
#67 = CARTESIAN_POINT ( 'NONE',  ( -211.4000000000000057, -191.0000000000000000, 106.5000000000000000 ) ) ;
#68 = ORIENTED_EDGE ( 'NONE', *, *, #2648, .F. ) ;
#69 = DIRECTION ( 'NONE',  ( 1.000000000000000000, 0.000000000000000000, 0.000000000000000000 ) ) ;
#70 = EDGE_CURVE ( 'NONE', #18, #4440, #3374, .T. ) ;
#71 = ORIENTED_EDGE ( 'NONE', *, *, #848, .F. ) ;
#72 = ORIENTED_EDGE ( 'NONE', *, *, #4225, .F. ) ;
#73 = EDGE_LOOP ( 'NONE', ( #1579, #4755, #2978, #1778 ) ) ;
#74 = CARTESIAN_POINT ( 'NONE',  ( -213.4000000000000057, -199.2500000000000000, 44.00000000000000000 ) ) ;
#75 = CARTESIAN_POINT ( 'NONE',  ( 209.4000000000000057, -210.7827506026967228, 75.63805349013748014 ) ) ;
#76 = DIRECTION ( 'NONE',  ( -1.000000000000000000, -0.000000000000000000, -0.000000000000000000 ) ) ;
#77 = FACE_OUTER_BOUND ( 'NONE', #3797, .T. ) ;
#78 = DIRECTION ( 'NONE',  ( -1.000000000000000000, -0.000000000000000000, 0.000000000000000000 ) ) ;
#79 = VERTEX_POINT ( 'NONE', #2492 ) ;
#80 = CARTESIAN_POINT ( 'NONE',  ( -209.4000000000000057, -215.0000000000000000, 44.00000000000000000 ) ) ;
#81 = LINE ( 'NONE', #3220, #1093 ) ;
#82 = ADVANCED_FACE ( 'NONE', ( #2132 ), #3662, .T. ) ;
#83 = ADVANCED_FACE ( 'NONE', ( #930 ), #3763, .F. ) ;
#84 = DIRECTION ( 'NONE',  ( 0.000000000000000000, -1.000000000000000000, 0.000000000000000000 ) ) ;
#85 = DIRECTION ( 'NONE',  ( 0.000000000000000000, 0.000000000000000000, -1.000000000000000000 ) ) ;
#86 = ORIENTED_EDGE ( 'NONE', *, *, #456, .T. ) ;
#87 = CARTESIAN_POINT ( 'NONE',  ( -211.5000000000000000, -211.0000000000000000, 63.50000000000000000 ) ) ;
#88 = LINE ( 'NONE', #204, #1278 ) ;
#89 = DIRECTION ( 'NONE',  ( 0.000000000000000000, 0.000000000000000000, -1.000000000000000000 ) ) ;
#90 = ORIENTED_EDGE ( 'NONE', *, *, #2333, .F. ) ;
#91 = VECTOR ( 'NONE', #4245, 1000.000000000000000 ) ;
#92 = CARTESIAN_POINT ( 'NONE',  ( 196.5999999999999943, -199.2500000000000000, 44.00000000000000000 ) ) ;
#93 = ORIENTED_EDGE ( 'NONE', *, *, #2516, .T. ) ;
#94 = VERTEX_POINT ( 'NONE', #3733 ) ;
#95 = ORIENTED_EDGE ( 'NONE', *, *, #3706, .F. ) ;
#96 = EDGE_CURVE ( 'NONE', #2935, #570, #1369, .T. ) ;
#97 = CARTESIAN_POINT ( 'NONE',  ( 209.4000000000000057, -215.0000000000000000, 44.00000000000000000 ) ) ;
#98 = CARTESIAN_POINT ( 'NONE',  ( -215.0000000000000000, -210.7827506026967228, 79.73805349013748867 ) ) ;
#99 = PLANE ( 'NONE',  #1444 ) ;
#100 = VECTOR ( 'NONE', #3474, 1000.000000000000000 ) ;
#101 = CARTESIAN_POINT ( 'NONE',  ( 196.5999999999999943, -211.0000000000000000, 63.50000000000000000 ) ) ;
#102 = AXIS2_PLACEMENT_3D ( 'NONE', #1072, #2270, #2606 ) ;
#103 = CARTESIAN_POINT ( 'NONE',  ( -209.4000000000000057, -199.2500000000000000, 106.0000000000000142 ) ) ;
#104 = VECTOR ( 'NONE', #3214, 1000.000000000000000 ) ;
#105 = ORIENTED_EDGE ( 'NONE', *, *, #3092, .F. ) ;
#106 = EDGE_CURVE ( 'NONE', #256, #1293, #4922, .T. ) ;
#107 = CYLINDRICAL_SURFACE ( 'NONE', #4461, 4.100000000000006750 ) ;
#108 = DIRECTION ( 'NONE',  ( 0.000000000000000000, 0.000000000000000000, -1.000000000000000000 ) ) ;
#109 = AXIS2_PLACEMENT_3D ( 'NONE', #4317, #2323, #784 ) ;
#110 = AXIS2_PLACEMENT_3D ( 'NONE', #1493, #4663, #1447 ) ;
#111 = VERTEX_POINT ( 'NONE', #4072 ) ;
#112 = DIRECTION ( 'NONE',  ( 0.000000000000000000, 0.000000000000000000, -1.000000000000000000 ) ) ;
#113 = CARTESIAN_POINT ( 'NONE',  ( 200.6000000000000227, -205.9499999999999886, 100.0000000000000000 ) ) ;
#114 = EDGE_CURVE ( 'NONE', #1610, #1978, #904, .T. ) ;
#115 = ORIENTED_EDGE ( 'NONE', *, *, #3781, .T. ) ;
#116 = DIRECTION ( 'NONE',  ( 0.000000000000000000, 0.000000000000000000, 1.000000000000000000 ) ) ;
#117 = LINE ( 'NONE', #2858, #1294 ) ;
#118 = VERTEX_POINT ( 'NONE', #541 ) ;
#119 = CARTESIAN_POINT ( 'NONE',  ( -209.4000000000000057, -207.5000000000000284, 44.00000000000000000 ) ) ;
#120 = ORIENTED_EDGE ( 'NONE', *, *, #1043, .F. ) ;
#121 = ORIENTED_EDGE ( 'NONE', *, *, #2796, .F. ) ;
#122 = ORIENTED_EDGE ( 'NONE', *, *, #2628, .T. ) ;
#123 = VECTOR ( 'NONE', #1891, 1000.000000000000000 ) ;
#124 = CARTESIAN_POINT ( 'NONE',  ( -187.0000000000000000, -208.0000000000000000, 104.0000000000000142 ) ) ;
#125 = CARTESIAN_POINT ( 'NONE',  ( -196.5999999999999943, -191.0000000000000000, 44.00000000000000000 ) ) ;
#126 = CARTESIAN_POINT ( 'NONE',  ( 211.4000000000000057, -215.0000000000000000, 44.00000000000000000 ) ) ;
#127 = DIRECTION ( 'NONE',  ( 1.000000000000000000, 0.000000000000000000, 0.000000000000000000 ) ) ;
#128 = CARTESIAN_POINT ( 'NONE',  ( 213.4000000000000057, -203.9000000000000057, 44.00000000000000000 ) ) ;
#129 = EDGE_CURVE ( 'NONE', #863, #797, #542, .T. ) ;
#130 = CIRCLE ( 'NONE', #1680, 11.99999999999999645 ) ;
#131 = ORIENTED_EDGE ( 'NONE', *, *, #2238, .T. ) ;
#132 = CYLINDRICAL_SURFACE ( 'NONE', #510, 2.250000000000001776 ) ;
#133 = VECTOR ( 'NONE', #4708, 1000.000000000000000 ) ;
#134 = DIRECTION ( 'NONE',  ( 1.000000000000000000, 0.000000000000000000, -0.000000000000000000 ) ) ;
#135 = ADVANCED_FACE ( 'NONE', ( #4869 ), #1343, .T. ) ;
#136 = DIRECTION ( 'NONE',  ( -1.000000000000000000, 0.000000000000000000, 0.000000000000000000 ) ) ;
#137 = VERTEX_POINT ( 'NONE', #2904 ) ;
#138 = DIRECTION ( 'NONE',  ( 1.000000000000000000, 0.000000000000000000, -0.000000000000000000 ) ) ;
#139 = EDGE_CURVE ( 'NONE', #776, #997, #955, .T. ) ;
#140 = CARTESIAN_POINT ( 'NONE',  ( 196.5999999999999943, -199.2500000000000000, 52.00000000000000000 ) ) ;
#141 = VERTEX_POINT ( 'NONE', #981 ) ;
#142 = AXIS2_PLACEMENT_3D ( 'NONE', #3816, #4514, #1424 ) ;
#143 = DIRECTION ( 'NONE',  ( 0.000000000000000000, -1.000000000000000000, -0.000000000000000000 ) ) ;
#144 = EDGE_CURVE ( 'NONE', #4243, #1528, #181, .T. ) ;
#145 = ORIENTED_EDGE ( 'NONE', *, *, #4153, .T. ) ;
#146 = ADVANCED_FACE ( 'NONE', ( #2542 ), #4122, .T. ) ;
#147 = VERTEX_POINT ( 'NONE', #3349 ) ;
#148 = ORIENTED_EDGE ( 'NONE', *, *, #1533, .T. ) ;
#149 = LINE ( 'NONE', #169, #176 ) ;
#150 = CARTESIAN_POINT ( 'NONE',  ( -223.0000000000000000, -208.4000000000000057, 104.0000000000000142 ) ) ;
#151 = DIRECTION ( 'NONE',  ( 0.000000000000000000, 0.000000000000000000, 1.000000000000000000 ) ) ;
#152 = DIRECTION ( 'NONE',  ( 1.000000000000000000, 0.000000000000000000, 0.000000000000000000 ) ) ;
#153 = CARTESIAN_POINT ( 'NONE',  ( 196.5999999999999943, -191.0000000000000000, 106.5000000000000000 ) ) ;
#154 = ORIENTED_EDGE ( 'NONE', *, *, #737, .T. ) ;
#155 = CARTESIAN_POINT ( 'NONE',  ( 195.0000000000000000, -210.7827506026967228, 79.73805349013748867 ) ) ;
#156 = DIRECTION ( 'NONE',  ( -0.000000000000000000, 0.000000000000000000, -1.000000000000000000 ) ) ;
#157 = ORIENTED_EDGE ( 'NONE', *, *, #3160, .T. ) ;
#158 = LOCAL_TIME ( 16, 54, 0.000000000000000000, #732 ) ;
#159 = CARTESIAN_POINT ( 'NONE',  ( -196.5999999999999943, -199.2500000000000000, 100.0000000000000000 ) ) ;
#160 = EDGE_CURVE ( 'NONE', #3153, #2351, #4150, .T. ) ;
#161 = VERTEX_POINT ( 'NONE', #1875 ) ;
#162 = CARTESIAN_POINT ( 'NONE',  ( -200.5999999999999943, -215.0000000000000000, 44.00000000000000000 ) ) ;
#163 = DIRECTION ( 'NONE',  ( 0.000000000000000000, 0.000000000000000000, -1.000000000000000000 ) ) ;
#164 = AXIS2_PLACEMENT_3D ( 'NONE', #4227, #1132, #2234 ) ;
#165 = ORIENTED_EDGE ( 'NONE', *, *, #4915, .F. ) ;
#166 = CARTESIAN_POINT ( 'NONE',  ( -191.8000000000000398, -205.9499999999999886, 100.0000000000000000 ) ) ;
#167 = ORIENTED_EDGE ( 'NONE', *, *, #3286, .F. ) ;
#168 = ORIENTED_EDGE ( 'NONE', *, *, #1281, .T. ) ;
#169 = CARTESIAN_POINT ( 'NONE',  ( 183.0000000000000284, -205.9499999999999886, 100.0000000000000000 ) ) ;
#170 = DIRECTION ( 'NONE',  ( -1.000000000000000000, -0.000000000000000000, 0.000000000000000000 ) ) ;
#171 = ADVANCED_FACE ( 'NONE', ( #3787 ), #1823, .T. ) ;
#172 = CARTESIAN_POINT ( 'NONE',  ( 227.0000000000000000, -208.0000000000000000, 44.00000000000000000 ) ) ;
#173 = CARTESIAN_POINT ( 'NONE',  ( 227.0000000000000000, -205.9499999999999886, 100.0000000000000000 ) ) ;
#174 = VERTEX_POINT ( 'NONE', #2283 ) ;
#175 = FACE_OUTER_BOUND ( 'NONE', #376, .T. ) ;
#176 = VECTOR ( 'NONE', #4446, 1000.000000000000000 ) ;
#177 = CARTESIAN_POINT ( 'NONE',  ( -200.6000000000000227, -203.9000000000000057, 108.0000000000000142 ) ) ;
#178 = CARTESIAN_POINT ( 'NONE',  ( -183.0000000000000284, -208.0000000000000000, 108.0000000000000142 ) ) ;
#179 = EDGE_LOOP ( 'NONE', ( #1054, #719, #1033, #475 ) ) ;
#180 = VECTOR ( 'NONE', #4745, 1000.000000000000000 ) ;
#181 = LINE ( 'NONE', #4485, #3593 ) ;
#182 = VECTOR ( 'NONE', #4263, 1000.000000000000000 ) ;
#183 = ORIENTED_EDGE ( 'NONE', *, *, #2512, .T. ) ;
#184 = DIRECTION ( 'NONE',  ( -1.000000000000000000, -0.000000000000000000, 0.000000000000000000 ) ) ;
#185 = VECTOR ( 'NONE', #559, 1000.000000000000000 ) ;
#186 = EDGE_CURVE ( 'NONE', #4064, #570, #310, .T. ) ;
#187 = CARTESIAN_POINT ( 'NONE',  ( -223.0000000000000000, -208.4000000000000057, 45.75000000000000000 ) ) ;
#188 = EDGE_LOOP ( 'NONE', ( #4107, #2087 ) ) ;
#189 = CARTESIAN_POINT ( 'NONE',  ( 213.4000000000000057, -211.0000000000000000, 63.50000000000000000 ) ) ;
#190 = EDGE_CURVE ( 'NONE', #4193, #1177, #332, .T. ) ;
#191 = ORIENTED_EDGE ( 'NONE', *, *, #767, .T. ) ;
#192 = ORIENTED_EDGE ( 'NONE', *, *, #3014, .T. ) ;
#193 = LINE ( 'NONE', #97, #4619 ) ;
#194 = LINE ( 'NONE', #3263, #3583 ) ;
#195 = LINE ( 'NONE', #3338, #1843 ) ;
#196 = CYLINDRICAL_SURFACE ( 'NONE', #3801, 11.99999999999999645 ) ;
#197 = LINE ( 'NONE', #3340, #2371 ) ;
#198 = EDGE_CURVE ( 'NONE', #2068, #368, #297, .T. ) ;
#199 = ORIENTED_EDGE ( 'NONE', *, *, #1348, .T. ) ;
#200 = DIRECTION ( 'NONE',  ( 0.000000000000000000, 1.000000000000000000, 0.000000000000000000 ) ) ;
#201 = LINE ( 'NONE', #2011, #2638 ) ;
#202 = PLANE ( 'NONE',  #1168 ) ;
#203 = CIRCLE ( 'NONE', #3165, 5.099999999999993427 ) ;
#204 = CARTESIAN_POINT ( 'NONE',  ( -198.5999999999999943, -191.0000000000000000, 106.5000000000000000 ) ) ;
#205 = VECTOR ( 'NONE', #1399, 1000.000000000000000 ) ;
#206 = EDGE_CURVE ( 'NONE', #4800, #3999, #3011, .T. ) ;
#207 = ORIENTED_EDGE ( 'NONE', *, *, #2340, .F. ) ;
#208 = DIRECTION ( 'NONE',  ( -0.000000000000000000, 1.000000000000000000, 0.000000000000000000 ) ) ;
#209 = ORIENTED_EDGE ( 'NONE', *, *, #4704, .T. ) ;
#210 = DIRECTION ( 'NONE',  ( 0.000000000000000000, 0.000000000000000000, 1.000000000000000000 ) ) ;
#211 = CIRCLE ( 'NONE', #3085, 3.199999999999994404 ) ;
#212 = LINE ( 'NONE', #2547, #796 ) ;
#213 = ORIENTED_EDGE ( 'NONE', *, *, #1281, .F. ) ;
#214 = AXIS2_PLACEMENT_3D ( 'NONE', #3228, #4001, #4148 ) ;
#215 = DIRECTION ( 'NONE',  ( 0.000000000000000000, 0.000000000000000000, 1.000000000000000000 ) ) ;
#216 = ORIENTED_EDGE ( 'NONE', *, *, #129, .F. ) ;
#217 = ORIENTED_EDGE ( 'NONE', *, *, #3125, .F. ) ;
#218 = AXIS2_PLACEMENT_3D ( 'NONE', #10, #2699, #4724 ) ;
#219 = CARTESIAN_POINT ( 'NONE',  ( 209.4000000000000057, -202.5000000000000000, 85.00000000000000000 ) ) ;
#220 = FACE_BOUND ( 'NONE', #2784, .T. ) ;
#221 = EDGE_CURVE ( 'NONE', #1562, #3705, #3812, .T. ) ;
#222 = CARTESIAN_POINT ( 'NONE',  ( 200.5999999999999943, -202.5000000000000000, 89.10000000000000853 ) ) ;
#223 = CARTESIAN_POINT ( 'NONE',  ( 211.4000000000000057, -191.0000000000000000, 44.00000000000000000 ) ) ;
#224 = DIRECTION ( 'NONE',  ( 1.000000000000000000, 0.000000000000000000, 0.000000000000000000 ) ) ;
#225 = ORIENTED_EDGE ( 'NONE', *, *, #3821, .T. ) ;
#226 = VERTEX_POINT ( 'NONE', #1445 ) ;
#227 = CARTESIAN_POINT ( 'NONE',  ( 209.4000000000000057, -207.5000000000000284, 95.90871211463571910 ) ) ;
#228 = FACE_OUTER_BOUND ( 'NONE', #2772, .T. ) ;
#229 = LINE ( 'NONE', #4888, #185 ) ;
#230 = AXIS2_PLACEMENT_3D ( 'NONE', #3880, #357, #4703 ) ;
#231 = CARTESIAN_POINT ( 'NONE',  ( 195.0000000000000000, -202.5000000000000000, 89.10000000000000853 ) ) ;
#232 = ORIENTED_EDGE ( 'NONE', *, *, #1448, .T. ) ;
#233 = DIRECTION ( 'NONE',  ( 0.000000000000000000, -1.000000000000000000, 0.000000000000000000 ) ) ;
#234 = EDGE_CURVE ( 'NONE', #693, #454, #2621, .T. ) ;
#235 = ORIENTED_EDGE ( 'NONE', *, *, #4503, .T. ) ;
#236 = DIRECTION ( 'NONE',  ( -1.000000000000000000, 0.000000000000000000, 0.000000000000000000 ) ) ;
#237 = ADVANCED_FACE ( 'NONE', ( #4634 ), #4590, .T. ) ;
#238 = LINE ( 'NONE', #3435, #4341 ) ;
#239 = ORIENTED_EDGE ( 'NONE', *, *, #5031, .T. ) ;
#240 = CARTESIAN_POINT ( 'NONE',  ( -200.5999999999999943, -191.0000000000000000, 88.42782730020049087 ) ) ;
#241 = ORIENTED_EDGE ( 'NONE', *, *, #190, .T. ) ;
#242 = EDGE_LOOP ( 'NONE', ( #2275, #4092, #4685, #1727 ) ) ;
#243 = DIRECTION ( 'NONE',  ( 1.000000000000000000, 0.000000000000000000, -0.000000000000000000 ) ) ;
#244 = CARTESIAN_POINT ( 'NONE',  ( -213.4000000000000057, -211.0000000000000000, 63.50000000000000000 ) ) ;
#245 = FACE_OUTER_BOUND ( 'NONE', #760, .T. ) ;
#246 = FACE_OUTER_BOUND ( 'NONE', #3100, .T. ) ;
#247 = APPROVAL_STATUS ( 'not_yet_approved' ) ;
#248 = EDGE_CURVE ( 'NONE', #2667, #4097, #257, .T. ) ;
#249 = ORIENTED_EDGE ( 'NONE', *, *, #828, .T. ) ;
#250 = ORIENTED_EDGE ( 'NONE', *, *, #2366, .F. ) ;
#251 = LINE ( 'NONE', #637, #3629 ) ;
#252 = DIRECTION ( 'NONE',  ( 1.000000000000000000, 0.000000000000000000, -0.000000000000000000 ) ) ;
#253 = CARTESIAN_POINT ( 'NONE',  ( -200.5999999999999943, -211.0000000000000000, 66.69999999999998863 ) ) ;
#254 = PLANE ( 'NONE',  #450 ) ;
#255 = EDGE_CURVE ( 'NONE', #3943, #2656, #2924, .T. ) ;
#256 = VERTEX_POINT ( 'NONE', #1898 ) ;
#257 = LINE ( 'NONE', #1849, #60 ) ;
#258 = CIRCLE ( 'NONE', #2389, 4.100000000000006750 ) ;
#259 = ORIENTED_EDGE ( 'NONE', *, *, #198, .T. ) ;
#260 = DIRECTION ( 'NONE',  ( 1.000000000000000000, 0.000000000000000000, 0.000000000000000000 ) ) ;
#261 = EDGE_CURVE ( 'NONE', #5087, #2410, #3863, .T. ) ;
#262 = VECTOR ( 'NONE', #127, 1000.000000000000000 ) ;
#263 = EDGE_CURVE ( 'NONE', #3545, #4532, #2376, .T. ) ;
#264 = VECTOR ( 'NONE', #1265, 1000.000000000000000 ) ;
#265 = CARTESIAN_POINT ( 'NONE',  ( -187.0000000000000000, -203.9000000000000057, 45.75000000000000000 ) ) ;
#266 = EDGE_LOOP ( 'NONE', ( #1256, #4989, #4361, #565 ) ) ;
#267 = VECTOR ( 'NONE', #1531, 1000.000000000000000 ) ;
#268 = DIRECTION ( 'NONE',  ( 0.000000000000000000, -1.000000000000000000, -0.000000000000000000 ) ) ;
#269 = VECTOR ( 'NONE', #2138, 1000.000000000000000 ) ;
#270 = ORIENTED_EDGE ( 'NONE', *, *, #1263, .F. ) ;
#271 = CARTESIAN_POINT ( 'NONE',  ( 196.5999999999999943, -202.5000000000000000, 85.00000000000000000 ) ) ;
#272 = CARTESIAN_POINT ( 'NONE',  ( -209.4000000000000057, -191.0000000000000000, 44.00000000000000000 ) ) ;
#273 = LINE ( 'NONE', #1884, #3472 ) ;
#274 = APPROVAL_STATUS ( 'not_yet_approved' ) ;
#275 = VERTEX_POINT ( 'NONE', #665 ) ;
#276 = ORIENTED_EDGE ( 'NONE', *, *, #1106, .T. ) ;
#277 = CARTESIAN_POINT ( 'NONE',  ( -213.4000000000000057, -192.5000000000000000, 106.0000000000000142 ) ) ;
#278 = PLANE ( 'NONE',  #2305 ) ;
#279 = CARTESIAN_POINT ( 'NONE',  ( 200.5999999999999943, -192.5000000000000000, 106.0000000000000142 ) ) ;
#280 = EDGE_CURVE ( 'NONE', #1202, #2377, #4200, .T. ) ;
#281 = DIRECTION ( 'NONE',  ( 0.000000000000000000, -1.000000000000000000, -0.000000000000000000 ) ) ;
#282 = ORIENTED_EDGE ( 'NONE', *, *, #1279, .F. ) ;
#283 = DIRECTION ( 'NONE',  ( 0.000000000000000000, 1.000000000000000000, 0.000000000000000000 ) ) ;
#284 = VECTOR ( 'NONE', #763, 1000.000000000000000 ) ;
#285 = EDGE_LOOP ( 'NONE', ( #4852, #3486, #380, #3258 ) ) ;
#286 = DIRECTION ( 'NONE',  ( 1.000000000000000000, 0.000000000000000000, -0.000000000000000000 ) ) ;
#287 = EDGE_CURVE ( 'NONE', #1610, #4243, #4565, .T. ) ;
#288 = CIRCLE ( 'NONE', #3252, 2.250000000000001776 ) ;
#289 = VECTOR ( 'NONE', #5093, 1000.000000000000000 ) ;
#290 = DIRECTION ( 'NONE',  ( 1.000000000000000000, 0.000000000000000000, 0.000000000000000000 ) ) ;
#291 = VECTOR ( 'NONE', #4721, 1000.000000000000000 ) ;
#292 = EDGE_LOOP ( 'NONE', ( #3026, #386 ) ) ;
#293 = DIRECTION ( 'NONE',  ( -0.000000000000000000, 1.000000000000000000, 0.000000000000000000 ) ) ;
#294 = ORIENTED_EDGE ( 'NONE', *, *, #4058, .F. ) ;
#295 = CARTESIAN_POINT ( 'NONE',  ( -196.5999999999999943, -208.0000000000000000, 52.00000000000000000 ) ) ;
#296 = CIRCLE ( 'NONE', #2908, 4.100000000000006750 ) ;
#297 = CIRCLE ( 'NONE', #1854, 2.250000000000001776 ) ;
#298 = CARTESIAN_POINT ( 'NONE',  ( -209.4000000000000057, -202.5000000000000000, 85.00000000000000000 ) ) ;
#299 = ADVANCED_FACE ( 'NONE', ( #1467 ), #363, .F. ) ;
#300 = CARTESIAN_POINT ( 'NONE',  ( -211.5000000000000000, -211.0000000000000000, 66.69999999999998863 ) ) ;
#301 = EDGE_CURVE ( 'NONE', #2322, #1516, #2540, .T. ) ;
#302 = VERTEX_POINT ( 'NONE', #2595 ) ;
#303 = VERTEX_POINT ( 'NONE', #4178 ) ;
#304 = VERTEX_POINT ( 'NONE', #2208 ) ;
#305 = DIRECTION ( 'NONE',  ( 0.000000000000000000, 0.000000000000000000, -1.000000000000000000 ) ) ;
#306 = DIRECTION ( 'NONE',  ( 0.000000000000000000, 0.000000000000000000, 1.000000000000000000 ) ) ;
#307 = CARTESIAN_POINT ( 'NONE',  ( -200.5999999999999943, -191.0000000000000000, 44.00000000000000000 ) ) ;
#308 = DIRECTION ( 'NONE',  ( 0.000000000000000000, -1.000000000000000000, -0.000000000000000000 ) ) ;
#309 = VERTEX_POINT ( 'NONE', #2335 ) ;
#310 = LINE ( 'NONE', #3403, #3342 ) ;
#311 = ORIENTED_EDGE ( 'NONE', *, *, #768, .F. ) ;
#312 = DIRECTION ( 'NONE',  ( 0.000000000000000000, 1.000000000000000000, 0.000000000000000000 ) ) ;
#313 = EDGE_CURVE ( 'NONE', #3155, #1163, #387, .T. ) ;
#314 = FACE_OUTER_BOUND ( 'NONE', #1803, .T. ) ;
#315 = ORIENTED_EDGE ( 'NONE', *, *, #3928, .F. ) ;
#316 = FACE_OUTER_BOUND ( 'NONE', #1176, .T. ) ;
#317 = EDGE_CURVE ( 'NONE', #5087, #3422, #3207, .T. ) ;
#318 = AXIS2_PLACEMENT_3D ( 'NONE', #844, #4402, #1975 ) ;
#319 = CARTESIAN_POINT ( 'NONE',  ( 200.5999999999999943, -191.0000000000000000, 44.00000000000000000 ) ) ;
#320 = DIRECTION ( 'NONE',  ( -1.000000000000000000, -0.000000000000000000, 0.000000000000000000 ) ) ;
#321 = CARTESIAN_POINT ( 'NONE',  ( 209.4000000000000057, -202.5000000000000000, 85.00000000000000000 ) ) ;
#322 = PERSON_AND_ORGANIZATION ( #3883, #4766 ) ;
#323 = EDGE_CURVE ( 'NONE', #3705, #4548, #328, .T. ) ;
#324 = ORIENTED_EDGE ( 'NONE', *, *, #2901, .T. ) ;
#325 = ORIENTED_EDGE ( 'NONE', *, *, #3690, .T. ) ;
#326 = DIRECTION ( 'NONE',  ( -0.000000000000000000, 1.000000000000000000, 0.000000000000000000 ) ) ;
#327 = CARTESIAN_POINT ( 'NONE',  ( 227.0000000000000000, -203.9000000000000057, 44.00000000000000000 ) ) ;
#328 = CIRCLE ( 'NONE', #5015, 2.250000000000001776 ) ;
#329 = CARTESIAN_POINT ( 'NONE',  ( 218.2000000000000171, -203.9000000000000057, 100.0000000000000000 ) ) ;
#330 = CARTESIAN_POINT ( 'NONE',  ( 223.0000000000000000, -208.0000000000000000, 104.0000000000000142 ) ) ;
#331 = ORIENTED_EDGE ( 'NONE', *, *, #4767, .F. ) ;
#332 = LINE ( 'NONE', #5044, #4081 ) ;
#333 = CIRCLE ( 'NONE', #2298, 8.000000000000000000 ) ;
#334 = ORIENTED_EDGE ( 'NONE', *, *, #3575, .T. ) ;
#335 = CARTESIAN_POINT ( 'NONE',  ( 198.5999999999999943, -215.0000000000000000, 44.00000000000000000 ) ) ;
#336 = ORIENTED_EDGE ( 'NONE', *, *, #1675, .T. ) ;
#337 = DIRECTION ( 'NONE',  ( 1.000000000000000000, 0.000000000000000000, 0.000000000000000000 ) ) ;
#338 = AXIS2_PLACEMENT_3D ( 'NONE', #1115, #1567, #5049 ) ;
#339 = ORIENTED_EDGE ( 'NONE', *, *, #4926, .F. ) ;
#340 = LINE ( 'NONE', #1936, #4899 ) ;
#341 = AXIS2_PLACEMENT_3D ( 'NONE', #4856, #575, #1685 ) ;
#342 = CARTESIAN_POINT ( 'NONE',  ( 227.0000000000000000, -203.9000000000000057, 52.00000000000000000 ) ) ;
#343 = EDGE_CURVE ( 'NONE', #4931, #6, #1952, .T. ) ;
#344 = AXIS2_PLACEMENT_3D ( 'NONE', #3627, #384, #3935 ) ;
#345 = VECTOR ( 'NONE', #772, 1000.000000000000000 ) ;
#346 = PLANE ( 'NONE',  #2847 ) ;
#347 = ORIENTED_EDGE ( 'NONE', *, *, #4893, .F. ) ;
#348 = AXIS2_PLACEMENT_3D ( 'NONE', #2785, #2019, #3101 ) ;
#349 = LINE ( 'NONE', #3418, #2642 ) ;
#350 = ADVANCED_FACE ( 'NONE', ( #1212 ), #1237, .T. ) ;
#351 = COORDINATED_UNIVERSAL_TIME_OFFSET ( 8, 0, .AHEAD. ) ;
#352 = ORIENTED_EDGE ( 'NONE', *, *, #2384, .T. ) ;
#353 = VECTOR ( 'NONE', #1372, 1000.000000000000000 ) ;
#354 = AXIS2_PLACEMENT_3D ( 'NONE', #3560, #84, #4358 ) ;
#355 = VERTEX_POINT ( 'NONE', #1641 ) ;
#356 = VERTEX_POINT ( 'NONE', #1560 ) ;
#357 = DIRECTION ( 'NONE',  ( -0.000000000000000000, 1.000000000000000000, 0.000000000000000000 ) ) ;
#358 = DIRECTION ( 'NONE',  ( 0.000000000000000000, 0.000000000000000000, 1.000000000000000000 ) ) ;
#359 = CARTESIAN_POINT ( 'NONE',  ( 198.5999999999999943, -191.0000000000000000, 44.00000000000000000 ) ) ;
#360 = DIRECTION ( 'NONE',  ( 0.000000000000000000, 0.000000000000000000, 1.000000000000000000 ) ) ;
#361 = DIRECTION ( 'NONE',  ( 0.000000000000000000, 0.000000000000000000, 1.000000000000000000 ) ) ;
#362 = ORIENTED_EDGE ( 'NONE', *, *, #3210, .F. ) ;
#363 = CYLINDRICAL_SURFACE ( 'NONE', #164, 3.200000000000001510 ) ;
#364 = ORIENTED_EDGE ( 'NONE', *, *, #234, .T. ) ;
#365 = CARTESIAN_POINT ( 'NONE',  ( -213.4000000000000057, -192.5000000000000000, 44.00000000000000000 ) ) ;
#366 = EDGE_CURVE ( 'NONE', #2656, #2575, #411, .T. ) ;
#367 = EDGE_CURVE ( 'NONE', #2962, #3957, #1475, .T. ) ;
#368 = VERTEX_POINT ( 'NONE', #4715 ) ;
#369 = CARTESIAN_POINT ( 'NONE',  ( -211.4000000000000057, -207.5000000000000284, 100.0000000000000000 ) ) ;
#370 = ORIENTED_EDGE ( 'NONE', *, *, #2760, .F. ) ;
#371 = DIRECTION ( 'NONE',  ( -1.000000000000000000, -0.000000000000000000, 0.000000000000000000 ) ) ;
#372 = DIRECTION ( 'NONE',  ( 0.000000000000000000, -1.000000000000000000, -0.000000000000000000 ) ) ;
#373 = CIRCLE ( 'NONE', #3170, 5.099999999999993427 ) ;
#374 = VECTOR ( 'NONE', #3189, 1000.000000000000000 ) ;
#375 = PLANE ( 'NONE',  #218 ) ;
#376 = EDGE_LOOP ( 'NONE', ( #1847, #3492, #64, #3855 ) ) ;
#377 = CARTESIAN_POINT ( 'NONE',  ( 209.4000000000000057, -191.0000000000000000, 106.5000000000000000 ) ) ;
#378 = ORIENTED_EDGE ( 'NONE', *, *, #4042, .T. ) ;
#379 = EDGE_LOOP ( 'NONE', ( #4286, #5011, #3771, #786 ) ) ;
#380 = ORIENTED_EDGE ( 'NONE', *, *, #1296, .F. ) ;
#381 = FACE_BOUND ( 'NONE', #4509, .T. ) ;
#382 = LINE ( 'NONE', #814, #4235 ) ;
#383 = CARTESIAN_POINT ( 'NONE',  ( -200.5999999999999943, -215.0000000000000000, 44.00000000000000000 ) ) ;
#384 = DIRECTION ( 'NONE',  ( -1.000000000000000000, -0.000000000000000000, -0.000000000000000000 ) ) ;
#385 = CARTESIAN_POINT ( 'NONE',  ( -213.4000000000000057, -199.2500000000000000, 98.00000000000000000 ) ) ;
#386 = ORIENTED_EDGE ( 'NONE', *, *, #653, .F. ) ;
#387 = LINE ( 'NONE', #80, #1070 ) ;
#388 = CIRCLE ( 'NONE', #3526, 2.250000000000001776 ) ;
#389 = ORIENTED_EDGE ( 'NONE', *, *, #4153, .F. ) ;
#390 = CYLINDRICAL_SURFACE ( 'NONE', #4464, 2.250000000000001776 ) ;
#392 = ADVANCED_FACE ( 'NONE', ( #3193 ), #820, .T. ) ;
#391 = VERTEX_POINT ( 'NONE', #3167 ) ;
#393 = DIRECTION ( 'NONE',  ( 1.000000000000000000, 0.000000000000000000, 0.000000000000000000 ) ) ;
#394 = VERTEX_POINT ( 'NONE', #2386 ) ;
#395 = CARTESIAN_POINT ( 'NONE',  ( -213.4000000000000057, -191.0000000000000000, 88.42782730020049087 ) ) ;
#396 = FACE_OUTER_BOUND ( 'NONE', #1452, .T. ) ;
#397 = AXIS2_PLACEMENT_3D ( 'NONE', #1999, #3572, #49 ) ;
#398 = VECTOR ( 'NONE', #3407, 1000.000000000000000 ) ;
#399 = LINE ( 'NONE', #829, #3759 ) ;
#400 = ORIENTED_EDGE ( 'NONE', *, *, #4003, .T. ) ;
#401 = LINE ( 'NONE', #1995, #3229 ) ;
#402 = ORIENTED_EDGE ( 'NONE', *, *, #767, .F. ) ;
#403 = EDGE_LOOP ( 'NONE', ( #4990, #352, #1671, #2748 ) ) ;
#404 = DIRECTION ( 'NONE',  ( 0.000000000000000000, 0.000000000000000000, 1.000000000000000000 ) ) ;
#405 = DIRECTION ( 'NONE',  ( 0.000000000000000000, 0.000000000000000000, 1.000000000000000000 ) ) ;
#406 = DIRECTION ( 'NONE',  ( 0.000000000000000000, 0.000000000000000000, 1.000000000000000000 ) ) ;
#407 = LINE ( 'NONE', #1664, #1335 ) ;
#408 = LINE ( 'NONE', #1234, #4073 ) ;
#409 = EDGE_CURVE ( 'NONE', #849, #1706, #1977, .T. ) ;
#410 = ORIENTED_EDGE ( 'NONE', *, *, #818, .T. ) ;
#411 = LINE ( 'NONE', #2005, #3457 ) ;
#412 = ORIENTED_EDGE ( 'NONE', *, *, #671, .T. ) ;
#413 = DIRECTION ( 'NONE',  ( 1.000000000000000000, 0.000000000000000000, 0.000000000000000000 ) ) ;
#414 = EDGE_CURVE ( 'NONE', #34, #801, #3966, .T. ) ;
#415 = FACE_OUTER_BOUND ( 'NONE', #3248, .T. ) ;
#416 = CARTESIAN_POINT ( 'NONE',  ( 191.8000000000000398, -203.9000000000000057, 44.00000000000000000 ) ) ;
#417 = VERTEX_POINT ( 'NONE', #4742 ) ;
#418 = LINE ( 'NONE', #1220, #1519 ) ;
#419 = CARTESIAN_POINT ( 'NONE',  ( 188.0000000000000000, -190.5000000000000000, 98.00000000000000000 ) ) ;
#420 = CC_DESIGN_DATE_AND_TIME_ASSIGNMENT ( #1147, #2611, ( #728 ) ) ;
#421 = EDGE_CURVE ( 'NONE', #2706, #5043, #1716, .T. ) ;
#422 = FACE_OUTER_BOUND ( 'NONE', #998, .T. ) ;
#423 = VECTOR ( 'NONE', #3309, 1000.000000000000000 ) ;
#424 = ORIENTED_EDGE ( 'NONE', *, *, #2522, .T. ) ;
#425 = DIRECTION ( 'NONE',  ( -0.000000000000000000, 1.000000000000000000, 0.000000000000000000 ) ) ;
#426 = CIRCLE ( 'NONE', #1162, 4.100000000000006750 ) ;
#427 = ORIENTED_EDGE ( 'NONE', *, *, #2589, .F. ) ;
#428 = ORIENTED_EDGE ( 'NONE', *, *, #4638, .T. ) ;
#429 = ORIENTED_EDGE ( 'NONE', *, *, #4830, .F. ) ;
#430 = CIRCLE ( 'NONE', #3052, 11.99999999999999645 ) ;
#431 = DIRECTION ( 'NONE',  ( -0.000000000000000000, 1.000000000000000000, 0.000000000000000000 ) ) ;
#432 = DIRECTION ( 'NONE',  ( -0.000000000000000000, 1.000000000000000000, 0.000000000000000000 ) ) ;
#433 = FACE_OUTER_BOUND ( 'NONE', #3746, .T. ) ;
#434 = CARTESIAN_POINT ( 'NONE',  ( -218.2000000000000171, -208.0000000000000000, 100.0000000000000000 ) ) ;
#435 = VECTOR ( 'NONE', #2592, 1000.000000000000000 ) ;
#436 = CARTESIAN_POINT ( 'NONE',  ( -200.5999999999999943, -202.5000000000000000, 89.10000000000000853 ) ) ;
#437 = ORIENTED_EDGE ( 'NONE', *, *, #4390, .F. ) ;
#438 = CARTESIAN_POINT ( 'NONE',  ( -218.2000000000000171, -203.9000000000000057, 52.00000000000000000 ) ) ;
#439 = EDGE_CURVE ( 'NONE', #4931, #2824, #4331, .T. ) ;
#440 = CARTESIAN_POINT ( 'NONE',  ( -191.8000000000000398, -205.9499999999999886, 108.0000000000000142 ) ) ;
#441 = VERTEX_POINT ( 'NONE', #2411 ) ;
#442 = DIRECTION ( 'NONE',  ( 0.000000000000000000, 0.000000000000000000, 1.000000000000000000 ) ) ;
#443 = ORIENTED_EDGE ( 'NONE', *, *, #1370, .F. ) ;
#444 = LINE ( 'NONE', #2013, #3829 ) ;
#445 = CYLINDRICAL_SURFACE ( 'NONE', #1930, 2.250000000000001776 ) ;
#446 = DIRECTION ( 'NONE',  ( 0.000000000000000000, 1.000000000000000000, 0.000000000000000000 ) ) ;
#447 = ORIENTED_EDGE ( 'NONE', *, *, #1487, .F. ) ;
#448 = VECTOR ( 'NONE', #306, 1000.000000000000000 ) ;
#449 = DIRECTION ( 'NONE',  ( -0.000000000000000000, 0.000000000000000000, -1.000000000000000000 ) ) ;
#450 = AXIS2_PLACEMENT_3D ( 'NONE', #4942, #1818, #4531 ) ;
#451 = ORIENTED_EDGE ( 'NONE', *, *, #4354, .T. ) ;
#452 = VECTOR ( 'NONE', #320, 1000.000000000000000 ) ;
#453 = ORIENTED_EDGE ( 'NONE', *, *, #421, .F. ) ;
#454 = VERTEX_POINT ( 'NONE', #3992 ) ;
#455 = CARTESIAN_POINT ( 'NONE',  ( 213.4000000000000057, -199.2500000000000000, 100.0000000000000000 ) ) ;
#456 = EDGE_CURVE ( 'NONE', #1549, #1071, #464, .T. ) ;
#457 = CARTESIAN_POINT ( 'NONE',  ( 209.4000000000000057, -199.2500000000000000, 106.5000000000000000 ) ) ;
#458 = EDGE_CURVE ( 'NONE', #4157, #2216, #795, .T. ) ;
#459 = DIRECTION ( 'NONE',  ( 0.000000000000000000, 0.000000000000000000, 1.000000000000000000 ) ) ;
#460 = AXIS2_PLACEMENT_3D ( 'NONE', #4501, #2146, #1432 ) ;
#461 = DIRECTION ( 'NONE',  ( -1.000000000000000000, -0.000000000000000000, -0.000000000000000000 ) ) ;
#462 = CARTESIAN_POINT ( 'NONE',  ( -188.0000000000000000, -191.5000000000000000, 98.00000000000000000 ) ) ;
#463 = ORIENTED_EDGE ( 'NONE', *, *, #2055, .F. ) ;
#464 = LINE ( 'NONE', #29, #264 ) ;
#465 = AXIS2_PLACEMENT_3D ( 'NONE', #3922, #2394, #3591 ) ;
#466 = AXIS2_PLACEMENT_3D ( 'NONE', #691, #1108, #2307 ) ;
#467 = DIRECTION ( 'NONE',  ( 0.000000000000000000, 1.000000000000000000, 0.000000000000000000 ) ) ;
#468 = CARTESIAN_POINT ( 'NONE',  ( -209.4000000000000057, -208.0000000000000000, 100.0000000000000000 ) ) ;
#469 = DIRECTION ( 'NONE',  ( 1.000000000000000000, 0.000000000000000000, 0.000000000000000000 ) ) ;
#470 = EDGE_LOOP ( 'NONE', ( #690, #520, #1347, #4604 ) ) ;
#471 = DIRECTION ( 'NONE',  ( 0.000000000000000000, 0.000000000000000000, 1.000000000000000000 ) ) ;
#472 = CARTESIAN_POINT ( 'NONE',  ( -183.0000000000000284, -205.9499999999999886, 52.00000000000000000 ) ) ;
#473 = ADVANCED_FACE ( 'NONE', ( #1589 ), #2825, .F. ) ;
#474 = FACE_OUTER_BOUND ( 'NONE', #4453, .T. ) ;
#475 = ORIENTED_EDGE ( 'NONE', *, *, #1617, .T. ) ;
#476 = LINE ( 'NONE', #4831, #4050 ) ;
#477 = ORIENTED_EDGE ( 'NONE', *, *, #1086, .F. ) ;
#478 = EDGE_CURVE ( 'NONE', #4983, #644, #3113, .T. ) ;
#479 = ORIENTED_EDGE ( 'NONE', *, *, #626, .T. ) ;
#480 = ORIENTED_EDGE ( 'NONE', *, *, #3870, .F. ) ;
#481 = CARTESIAN_POINT ( 'NONE',  ( 209.4000000000000057, -191.0000000000000000, 106.0000000000000142 ) ) ;
#482 = DIRECTION ( 'NONE',  ( 0.000000000000000000, 0.000000000000000000, 1.000000000000000000 ) ) ;
#483 = LINE ( 'NONE', #4448, #1034 ) ;
#484 = FACE_OUTER_BOUND ( 'NONE', #5026, .T. ) ;
#485 = FACE_OUTER_BOUND ( 'NONE', #4267, .T. ) ;
#486 = EDGE_CURVE ( 'NONE', #2588, #2309, #3390, .T. ) ;
#487 = ORIENTED_EDGE ( 'NONE', *, *, #3160, .F. ) ;
#488 = CARTESIAN_POINT ( 'NONE',  ( 213.4000000000000057, -199.2500000000000000, 44.00000000000000000 ) ) ;
#489 = CARTESIAN_POINT ( 'NONE',  ( 198.5999999999999943, -199.2500000000000000, 106.5000000000000000 ) ) ;
#490 = ORIENTED_EDGE ( 'NONE', *, *, #2272, .T. ) ;
#491 = FACE_OUTER_BOUND ( 'NONE', #1026, .T. ) ;
#492 = ORIENTED_EDGE ( 'NONE', *, *, #1584, .T. ) ;
#493 = LINE ( 'NONE', #35, #2665 ) ;
#494 = CARTESIAN_POINT ( 'NONE',  ( 227.0000000000000000, -205.9499999999999886, 52.00000000000000000 ) ) ;
#495 = VERTEX_POINT ( 'NONE', #4843 ) ;
#496 = EDGE_CURVE ( 'NONE', #1045, #2056, #1314, .T. ) ;
#497 = LINE ( 'NONE', #701, #2479 ) ;
#498 = EDGE_LOOP ( 'NONE', ( #487, #4855 ) ) ;
#499 = ORIENTED_EDGE ( 'NONE', *, *, #939, .T. ) ;
#500 = EDGE_LOOP ( 'NONE', ( #1041, #4652, #2424, #608 ) ) ;
#501 = LINE ( 'NONE', #2505, #3927 ) ;
#502 = DIRECTION ( 'NONE',  ( 0.000000000000000000, -0.000000000000000000, 1.000000000000000000 ) ) ;
#503 = ADVANCED_FACE ( 'NONE', ( #175 ), #107, .F. ) ;
#504 = FACE_OUTER_BOUND ( 'NONE', #4057, .T. ) ;
#505 = AXIS2_PLACEMENT_3D ( 'NONE', #1128, #1056, #2302 ) ;
#506 = DIRECTION ( 'NONE',  ( 1.000000000000000000, 0.000000000000000000, -0.000000000000000000 ) ) ;
#507 = PLANE ( 'NONE',  #1600 ) ;
#508 = AXIS2_PLACEMENT_3D ( 'NONE', #101, #580, #4088 ) ;
#509 = EDGE_LOOP ( 'NONE', ( #2187, #490, #2543, #864 ) ) ;
#510 = AXIS2_PLACEMENT_3D ( 'NONE', #2899, #200, #2849 ) ;
#511 = CARTESIAN_POINT ( 'NONE',  ( 213.4000000000000057, -202.5000000000000000, 85.00000000000000000 ) ) ;
#512 = DIRECTION ( 'NONE',  ( 0.000000000000000000, 0.000000000000000000, -1.000000000000000000 ) ) ;
#513 = AXIS2_PLACEMENT_3D ( 'NONE', #859, #3182, #3544 ) ;
#514 = ADVANCED_FACE ( 'NONE', ( #4093 ), #132, .F. ) ;
#515 = AXIS2_PLACEMENT_3D ( 'NONE', #335, #1538, #1469 ) ;
#516 = ORIENTED_EDGE ( 'NONE', *, *, #2106, .T. ) ;
#517 = AXIS2_PLACEMENT_3D ( 'NONE', #3636, #4022, #112 ) ;
#518 = FACE_OUTER_BOUND ( 'NONE', #1889, .T. ) ;
#519 = EDGE_CURVE ( 'NONE', #1064, #2950, #537, .T. ) ;
#520 = ORIENTED_EDGE ( 'NONE', *, *, #3870, .T. ) ;
#521 = CARTESIAN_POINT ( 'NONE',  ( 209.4000000000000057, -211.0000000000000000, 63.50000000000000000 ) ) ;
#522 = EDGE_CURVE ( 'NONE', #1506, #1290, #22, .T. ) ;
#523 = DIRECTION ( 'NONE',  ( 0.000000000000000000, -1.000000000000000000, 0.000000000000000000 ) ) ;
#524 = ORIENTED_EDGE ( 'NONE', *, *, #4096, .F. ) ;
#525 = CARTESIAN_POINT ( 'NONE',  ( 196.5999999999999943, -210.7827506026967228, 75.63805349013748014 ) ) ;
#526 = ORIENTED_EDGE ( 'NONE', *, *, #313, .F. ) ;
#527 = EDGE_LOOP ( 'NONE', ( #1787, #3035 ) ) ;
#528 = ORIENTED_EDGE ( 'NONE', *, *, #3945, .F. ) ;
#529 = CIRCLE ( 'NONE', #1751, 4.100000000000006750 ) ;
#530 = CARTESIAN_POINT ( 'NONE',  ( 183.0000000000000284, -208.0000000000000000, 52.00000000000000000 ) ) ;
#531 = PLANE ( 'NONE',  #4403 ) ;
#532 = DIRECTION ( 'NONE',  ( 1.000000000000000000, 0.000000000000000000, -0.000000000000000000 ) ) ;
#533 = DIRECTION ( 'NONE',  ( -0.000000000000000000, 1.000000000000000000, 0.000000000000000000 ) ) ;
#534 = CARTESIAN_POINT ( 'NONE',  ( -209.4000000000000057, -191.0000000000000000, 81.57217269979952334 ) ) ;
#535 = AXIS2_PLACEMENT_3D ( 'NONE', #1615, #1639, #1666 ) ;
#536 = VERTEX_POINT ( 'NONE', #2514 ) ;
#537 = LINE ( 'NONE', #3659, #2231 ) ;
#538 = VECTOR ( 'NONE', #1181, 1000.000000000000000 ) ;
#539 = CARTESIAN_POINT ( 'NONE',  ( 188.0000000000000000, -191.5000000000000000, 98.00000000000000000 ) ) ;
#540 = ORIENTED_EDGE ( 'NONE', *, *, #2573, .F. ) ;
#541 = CARTESIAN_POINT ( 'NONE',  ( 213.4000000000000057, -191.0000000000000000, 106.5000000000000000 ) ) ;
#542 = CIRCLE ( 'NONE', #3836, 2.250000000000001776 ) ;
#543 = ORIENTED_EDGE ( 'NONE', *, *, #323, .T. ) ;
#544 = CARTESIAN_POINT ( 'NONE',  ( -209.4000000000000057, -191.0000000000000000, 98.00000000000000000 ) ) ;
#545 = EDGE_CURVE ( 'NONE', #1528, #2837, #2874, .T. ) ;
#546 = CARTESIAN_POINT ( 'NONE',  ( 209.4000000000000057, -208.0000000000000000, 100.0000000000000000 ) ) ;
#547 = ORIENTED_EDGE ( 'NONE', *, *, #892, .T. ) ;
#548 = VECTOR ( 'NONE', #1677, 1000.000000000000000 ) ;
#549 = DIRECTION ( 'NONE',  ( -0.000000000000000000, 0.000000000000000000, -1.000000000000000000 ) ) ;
#550 = VERTEX_POINT ( 'NONE', #558 ) ;
#551 = ORIENTED_EDGE ( 'NONE', *, *, #2030, .F. ) ;
#552 = CARTESIAN_POINT ( 'NONE',  ( 196.5999999999999943, -199.2500000000000000, 106.5000000000000000 ) ) ;
#553 = CARTESIAN_POINT ( 'NONE',  ( -183.0000000000000284, -203.9000000000000057, 44.00000000000000000 ) ) ;
#554 = DIRECTION ( 'NONE',  ( 0.000000000000000000, 0.000000000000000000, -1.000000000000000000 ) ) ;
#555 = DIRECTION ( 'NONE',  ( 0.000000000000000000, 0.000000000000000000, -1.000000000000000000 ) ) ;
#556 = CARTESIAN_POINT ( 'NONE',  ( -213.4000000000000057, -203.9000000000000057, 100.0000000000000000 ) ) ;
#557 = EDGE_LOOP ( 'NONE', ( #2925, #2687, #1874, #2578, #115, #5012, #1588, #4664, #3373, #526, #4027, #3794, #453, #2956, #1798, #1700, #2453, #1833 ) ) ;
#558 = CARTESIAN_POINT ( 'NONE',  ( 213.4000000000000057, -214.4997437941094347, 84.92158523269061732 ) ) ;
#559 = DIRECTION ( 'NONE',  ( 0.000000000000000000, 0.000000000000000000, 1.000000000000000000 ) ) ;
#560 = EDGE_CURVE ( 'NONE', #1225, #1425, #672, .T. ) ;
#561 = DIRECTION ( 'NONE',  ( 1.000000000000000000, 0.000000000000000000, 0.000000000000000000 ) ) ;
#562 = EDGE_LOOP ( 'NONE', ( #463, #90, #3166, #3206 ) ) ;
#563 = CC_DESIGN_SECURITY_CLASSIFICATION ( #2948, ( #4103 ) ) ;
#564 = CARTESIAN_POINT ( 'NONE',  ( 222.0000000000000284, -191.5000000000000000, 98.00000000000000000 ) ) ;
#565 = ORIENTED_EDGE ( 'NONE', *, *, #730, .T. ) ;
#566 = CARTESIAN_POINT ( 'NONE',  ( 200.5999999999999943, -199.2500000000000000, 44.00000000000000000 ) ) ;
#567 = ADVANCED_FACE ( 'NONE', ( #4916 ), #4454, .T. ) ;
#568 = CARTESIAN_POINT ( 'NONE',  ( -183.0000000000000284, -205.9499999999999886, 100.0000000000000000 ) ) ;
#569 = AXIS2_PLACEMENT_3D ( 'NONE', #1926, #1418, #1035 ) ;
#570 = VERTEX_POINT ( 'NONE', #924 ) ;
#571 = CARTESIAN_POINT ( 'NONE',  ( -213.4000000000000057, -191.0000000000000000, 88.42782730020049087 ) ) ;
#572 = EDGE_CURVE ( 'NONE', #2004, #4157, #2488, .T. ) ;
#573 = ORIENTED_EDGE ( 'NONE', *, *, #1864, .F. ) ;
#574 = ORIENTED_EDGE ( 'NONE', *, *, #4864, .F. ) ;
#575 = DIRECTION ( 'NONE',  ( 1.000000000000000000, 0.000000000000000000, 0.000000000000000000 ) ) ;
#576 = VECTOR ( 'NONE', #2590, 1000.000000000000000 ) ;
#577 = LINE ( 'NONE', #3675, #692 ) ;
#578 = PLANE ( 'NONE',  #4645 ) ;
#579 = EDGE_CURVE ( 'NONE', #2777, #746, #3680, .T. ) ;
#580 = DIRECTION ( 'NONE',  ( 1.000000000000000000, 0.000000000000000000, 0.000000000000000000 ) ) ;
#581 = EDGE_LOOP ( 'NONE', ( #3613, #4102, #4115, #2701 ) ) ;
#582 = DIRECTION ( 'NONE',  ( -1.000000000000000000, -0.000000000000000000, 0.000000000000000000 ) ) ;
#583 = VECTOR ( 'NONE', #2566, 1000.000000000000000 ) ;
#584 = DIRECTION ( 'NONE',  ( 0.000000000000000000, 0.000000000000000000, -1.000000000000000000 ) ) ;
#585 = VECTOR ( 'NONE', #3440, 1000.000000000000000 ) ;
#586 = PLANE ( 'NONE',  #2889 ) ;
#587 = DIRECTION ( 'NONE',  ( 0.000000000000000000, 0.000000000000000000, -1.000000000000000000 ) ) ;
#588 = VECTOR ( 'NONE', #2457, 1000.000000000000000 ) ;
#589 = VERTEX_POINT ( 'NONE', #4865 ) ;
#590 = AXIS2_PLACEMENT_3D ( 'NONE', #3703, #134, #2900 ) ;
#591 = CARTESIAN_POINT ( 'NONE',  ( -183.0000000000000284, -205.9499999999999886, 44.00000000000000000 ) ) ;
#592 = CIRCLE ( 'NONE', #3478, 8.000000000000007105 ) ;
#593 = ORIENTED_EDGE ( 'NONE', *, *, #4474, .F. ) ;
#594 = DIRECTION ( 'NONE',  ( -0.000000000000000000, 0.000000000000000000, -1.000000000000000000 ) ) ;
#595 = CIRCLE ( 'NONE', #4384, 4.100000000000006750 ) ;
#596 = EDGE_CURVE ( 'NONE', #2428, #2034, #4526, .T. ) ;
#597 = LINE ( 'NONE', #187, #4417 ) ;
#598 = ORIENTED_EDGE ( 'NONE', *, *, #3253, .T. ) ;
#599 = CARTESIAN_POINT ( 'NONE',  ( 195.0000000000000000, -210.7827506026967228, 71.53805349013747161 ) ) ;
#600 = ORIENTED_EDGE ( 'NONE', *, *, #3485, .F. ) ;
#601 = ORIENTED_EDGE ( 'NONE', *, *, #458, .F. ) ;
#602 = DIRECTION ( 'NONE',  ( 1.000000000000000000, 0.000000000000000000, -0.000000000000000000 ) ) ;
#603 = CYLINDRICAL_SURFACE ( 'NONE', #862, 9.999999999999994671 ) ;
#604 = DIRECTION ( 'NONE',  ( 1.000000000000000000, 0.000000000000000000, 0.000000000000000000 ) ) ;
#605 = LINE ( 'NONE', #895, #838 ) ;
#606 = FACE_OUTER_BOUND ( 'NONE', #3439, .T. ) ;
#607 = EDGE_CURVE ( 'NONE', #746, #4597, #3702, .T. ) ;
#608 = ORIENTED_EDGE ( 'NONE', *, *, #519, .F. ) ;
#609 = ORIENTED_EDGE ( 'NONE', *, *, #2493, .F. ) ;
#610 = EDGE_CURVE ( 'NONE', #3237, #1996, #4818, .T. ) ;
#611 = PLANE ( 'NONE',  #743 ) ;
#612 = DIRECTION ( 'NONE',  ( -0.000000000000000000, 1.000000000000000000, 0.000000000000000000 ) ) ;
#613 = DIRECTION ( 'NONE',  ( 1.000000000000000000, 0.000000000000000000, 0.000000000000000000 ) ) ;
#614 = CARTESIAN_POINT ( 'NONE',  ( -196.5999999999999943, -211.0000000000000000, 66.69999999999998863 ) ) ;
#615 = AXIS2_PLACEMENT_3D ( 'NONE', #3357, #293, #2192 ) ;
#616 = EDGE_LOOP ( 'NONE', ( #4808, #1928 ) ) ;
#617 = VECTOR ( 'NONE', #52, 1000.000000000000000 ) ;
#618 = DIRECTION ( 'NONE',  ( 0.000000000000000000, 0.000000000000000000, 1.000000000000000000 ) ) ;
#619 = ORIENTED_EDGE ( 'NONE', *, *, #4857, .F. ) ;
#620 = CARTESIAN_POINT ( 'NONE',  ( 211.5000000000000000, -211.0000000000000000, 63.50000000000000000 ) ) ;
#621 = VECTOR ( 'NONE', #852, 1000.000000000000000 ) ;
#622 = VERTEX_POINT ( 'NONE', #950 ) ;
#623 = CARTESIAN_POINT ( 'NONE',  ( -196.5999999999999943, -191.0000000000000000, 44.00000000000000000 ) ) ;
#624 = EDGE_LOOP ( 'NONE', ( #755, #339 ) ) ;
#625 = CARTESIAN_POINT ( 'NONE',  ( 223.0000000000000000, -203.9000000000000057, 101.7500000000000000 ) ) ;
#626 = EDGE_CURVE ( 'NONE', #4487, #990, #333, .T. ) ;
#627 = VERTEX_POINT ( 'NONE', #2927 ) ;
#628 = ORIENTED_EDGE ( 'NONE', *, *, #579, .T. ) ;
#629 = DIRECTION ( 'NONE',  ( 0.000000000000000000, 0.000000000000000000, 1.000000000000000000 ) ) ;
#630 = FACE_OUTER_BOUND ( 'NONE', #3958, .T. ) ;
#631 = PLANE ( 'NONE',  #2180 ) ;
#632 = DIRECTION ( 'NONE',  ( 1.000000000000000000, 0.000000000000000000, -0.000000000000000000 ) ) ;
#633 = EDGE_CURVE ( 'NONE', #2177, #4397, #4366, .T. ) ;
#634 = DATE_TIME_ROLE ( 'classification_date' ) ;
#635 = ORIENTED_EDGE ( 'NONE', *, *, #703, .F. ) ;
#636 = ORIENTED_EDGE ( 'NONE', *, *, #486, .T. ) ;
#637 = CARTESIAN_POINT ( 'NONE',  ( 218.2000000000000171, -203.9000000000000057, 108.0000000000000142 ) ) ;
#638 = CARTESIAN_POINT ( 'NONE',  ( 205.0000000000000284, -190.5000000000000000, 98.00000000000000000 ) ) ;
#639 = CARTESIAN_POINT ( 'NONE',  ( 209.4000000000000057, -203.9000000000000057, 106.5000000000000000 ) ) ;
#640 = VECTOR ( 'NONE', #3959, 1000.000000000000000 ) ;
#641 = APPROVAL ( #274, '未' ) ;
#642 = LINE ( 'NONE', #472, #4892 ) ;
#643 = ADVANCED_FACE ( 'NONE', ( #4145 ), #611, .T. ) ;
#644 = VERTEX_POINT ( 'NONE', #4967 ) ;
#645 = DIRECTION ( 'NONE',  ( -1.000000000000000000, -0.000000000000000000, 0.000000000000000000 ) ) ;
#646 = EDGE_LOOP ( 'NONE', ( #2471, #1125, #2733, #3745 ) ) ;
#647 = CYLINDRICAL_SURFACE ( 'NONE', #1499, 11.99999999999999645 ) ;
#648 = CARTESIAN_POINT ( 'NONE',  ( -213.4000000000000057, -214.4997437941094347, 84.92158523269061732 ) ) ;
#649 = ORIENTED_EDGE ( 'NONE', *, *, #3889, .T. ) ;
#650 = CARTESIAN_POINT ( 'NONE',  ( -211.4000000000000057, -191.0000000000000000, 106.0000000000000142 ) ) ;
#651 = ORIENTED_EDGE ( 'NONE', *, *, #4556, .T. ) ;
#652 = ORIENTED_EDGE ( 'NONE', *, *, #3534, .T. ) ;
#653 = EDGE_CURVE ( 'NONE', #368, #2068, #4530, .T. ) ;
#654 = FACE_OUTER_BOUND ( 'NONE', #2634, .T. ) ;
#655 = CYLINDRICAL_SURFACE ( 'NONE', #4484, 3.200000000000001510 ) ;
#656 = DIRECTION ( 'NONE',  ( 0.000000000000000000, 0.000000000000000000, 1.000000000000000000 ) ) ;
#657 = ORIENTED_EDGE ( 'NONE', *, *, #1060, .T. ) ;
#658 = EDGE_LOOP ( 'NONE', ( #1595, #4 ) ) ;
#659 = EDGE_CURVE ( 'NONE', #3841, #94, #5013, .T. ) ;
#660 = LINE ( 'NONE', #1890, #5081 ) ;
#661 = DIRECTION ( 'NONE',  ( -1.000000000000000000, -0.000000000000000000, 0.000000000000000000 ) ) ;
#662 = CARTESIAN_POINT ( 'NONE',  ( -215.0000000000000000, -210.7827506026967228, 71.53805349013747161 ) ) ;
#663 = DIRECTION ( 'NONE',  ( -0.000000000000000000, 0.000000000000000000, -1.000000000000000000 ) ) ;
#664 = EDGE_LOOP ( 'NONE', ( #3423, #991 ) ) ;
#665 = CARTESIAN_POINT ( 'NONE',  ( -209.4000000000000057, -191.0000000000000000, 106.0000000000000142 ) ) ;
#666 = AXIS2_PLACEMENT_3D ( 'NONE', #3123, #446, #3491 ) ;
#667 = ORIENTED_EDGE ( 'NONE', *, *, #2779, .F. ) ;
#668 = DIRECTION ( 'NONE',  ( -1.000000000000000000, -0.000000000000000000, 0.000000000000000000 ) ) ;
#669 = AXIS2_PLACEMENT_3D ( 'NONE', #3225, #2391, #3588 ) ;
#670 = AXIS2_PLACEMENT_3D ( 'NONE', #1182, #3190, #3134 ) ;
#671 = EDGE_CURVE ( 'NONE', #495, #4597, #3053, .T. ) ;
#672 = CIRCLE ( 'NONE', #3558, 4.100000000000006750 ) ;
#673 = EDGE_CURVE ( 'NONE', #4828, #4498, #2960, .T. ) ;
#674 = LINE ( 'NONE', #3767, #3097 ) ;
#675 = ORIENTED_EDGE ( 'NONE', *, *, #1422, .F. ) ;
#676 = CIRCLE ( 'NONE', #4793, 11.99999999999999645 ) ;
#677 = CARTESIAN_POINT ( 'NONE',  ( 200.5999999999999943, -202.5000000000000000, 85.00000000000000000 ) ) ;
#678 = ORIENTED_EDGE ( 'NONE', *, *, #114, .T. ) ;
#679 = CARTESIAN_POINT ( 'NONE',  ( -209.4000000000000057, -215.0000000000000000, 56.57179676972449300 ) ) ;
#680 = DIRECTION ( 'NONE',  ( 0.000000000000000000, 0.000000000000000000, -1.000000000000000000 ) ) ;
#681 = DIRECTION ( 'NONE',  ( 0.000000000000000000, 0.000000000000000000, -1.000000000000000000 ) ) ;
#682 = APPROVAL_DATE_TIME ( #1885, #3632 ) ;
#683 = ORIENTED_EDGE ( 'NONE', *, *, #522, .T. ) ;
#684 = EDGE_LOOP ( 'NONE', ( #1010, #3854, #3004, #131 ) ) ;
#685 = DIRECTION ( 'NONE',  ( 1.000000000000000000, 0.000000000000000000, -0.000000000000000000 ) ) ;
#686 = DIRECTION ( 'NONE',  ( 0.000000000000000000, 0.000000000000000000, 1.000000000000000000 ) ) ;
#687 = LINE ( 'NONE', #4223, #4380 ) ;
#688 = DIRECTION ( 'NONE',  ( 1.000000000000000000, 0.000000000000000000, 0.000000000000000000 ) ) ;
#689 = ADVANCED_FACE ( 'NONE', ( #4221 ), #2251, .T. ) ;
#690 = ORIENTED_EDGE ( 'NONE', *, *, #3, .T. ) ;
#691 = CARTESIAN_POINT ( 'NONE',  ( 227.0000000000000000, -205.9499999999999886, 44.00000000000000000 ) ) ;
#692 = VECTOR ( 'NONE', #2170, 1000.000000000000000 ) ;
#693 = VERTEX_POINT ( 'NONE', #4584 ) ;
#694 = CARTESIAN_POINT ( 'NONE',  ( -200.5999999999999943, -207.5000000000000284, 95.90871211463571910 ) ) ;
#695 = AXIS2_PLACEMENT_3D ( 'NONE', #4891, #561, #2183 ) ;
#696 = EDGE_CURVE ( 'NONE', #4097, #391, #251, .T. ) ;
#697 = CIRCLE ( 'NONE', #2751, 4.100000000000006750 ) ;
#698 = DIRECTION ( 'NONE',  ( 0.000000000000000000, 1.000000000000000000, 0.000000000000000000 ) ) ;
#699 = VECTOR ( 'NONE', #1783, 1000.000000000000000 ) ;
#700 = EDGE_LOOP ( 'NONE', ( #2096, #1450, #3669, #451 ) ) ;
#701 = CARTESIAN_POINT ( 'NONE',  ( -183.0000000000000284, -208.0000000000000000, 44.00000000000000000 ) ) ;
#702 = EDGE_CURVE ( 'NONE', #1316, #831, #4269, .T. ) ;
#703 = EDGE_CURVE ( 'NONE', #2377, #256, #3396, .T. ) ;
#704 = DIRECTION ( 'NONE',  ( 0.000000000000000000, -1.000000000000000000, 0.000000000000000000 ) ) ;
#705 = AXIS2_PLACEMENT_3D ( 'NONE', #9, #2757, #2370 ) ;
#706 = AXIS2_PLACEMENT_3D ( 'NONE', #4945, #2854, #1317 ) ;
#707 = CARTESIAN_POINT ( 'NONE',  ( 200.5999999999999943, -191.0000000000000000, 44.00000000000000000 ) ) ;
#708 = DIRECTION ( 'NONE',  ( 1.000000000000000000, 0.000000000000000000, 0.000000000000000000 ) ) ;
#709 = VERTEX_POINT ( 'NONE', #2179 ) ;
#710 = ORIENTED_EDGE ( 'NONE', *, *, #858, .T. ) ;
#711 = ORIENTED_EDGE ( 'NONE', *, *, #2885, .T. ) ;
#712 = DIRECTION ( 'NONE',  ( 0.000000000000000000, 0.000000000000000000, 1.000000000000000000 ) ) ;
#713 = CARTESIAN_POINT ( 'NONE',  ( -218.2000000000000171, -205.9499999999999886, 108.0000000000000142 ) ) ;
#714 = DIRECTION ( 'NONE',  ( -1.000000000000000000, -0.000000000000000000, 0.000000000000000000 ) ) ;
#715 = CARTESIAN_POINT ( 'NONE',  ( -200.5999999999999943, -192.5000000000000000, 106.0000000000000142 ) ) ;
#716 = VERTEX_POINT ( 'NONE', #3028 ) ;
#717 = CARTESIAN_POINT ( 'NONE',  ( 195.0000000000000000, -210.7827506026967228, 79.73805349013748867 ) ) ;
#718 = ADVANCED_FACE ( 'NONE', ( #1462 ), #1814, .T. ) ;
#719 = ORIENTED_EDGE ( 'NONE', *, *, #4237, .T. ) ;
#720 = CARTESIAN_POINT ( 'NONE',  ( -213.4000000000000057, -191.0000000000000000, 44.00000000000000000 ) ) ;
#721 = EDGE_CURVE ( 'NONE', #441, #709, #3078, .T. ) ;
#722 = CARTESIAN_POINT ( 'NONE',  ( 209.4000000000000057, -192.5000000000000000, 98.00000000000000000 ) ) ;
#723 = ORIENTED_EDGE ( 'NONE', *, *, #858, .F. ) ;
#724 = DIRECTION ( 'NONE',  ( -1.000000000000000000, 0.000000000000000000, 0.000000000000000000 ) ) ;
#725 = CARTESIAN_POINT ( 'NONE',  ( -218.2000000000000171, -205.9499999999999886, 52.00000000000000000 ) ) ;
#726 = APPROVAL_PERSON_ORGANIZATION ( #2246, #641, #1915 ) ;
#727 = CARTESIAN_POINT ( 'NONE',  ( 222.0000000000000284, -190.5000000000000000, 98.00000000000000000 ) ) ;
#728 = PRODUCT_DEFINITION ( '�', '', #4103, #3179 ) ;
#729 = FACE_BOUND ( 'NONE', #3235, .T. ) ;
#730 = EDGE_CURVE ( 'NONE', #2575, #2553, #2546, .T. ) ;
#731 = DIRECTION ( 'NONE',  ( 0.000000000000000000, 0.000000000000000000, -1.000000000000000000 ) ) ;
#732 = COORDINATED_UNIVERSAL_TIME_OFFSET ( 8, 0, .AHEAD. ) ;
#733 = ORIENTED_EDGE ( 'NONE', *, *, #1722, .F. ) ;
#734 = VERTEX_POINT ( 'NONE', #1410 ) ;
#735 = ORIENTED_EDGE ( 'NONE', *, *, #4621, .F. ) ;
#736 = DIRECTION ( 'NONE',  ( 1.000000000000000000, 0.000000000000000000, 0.000000000000000000 ) ) ;
#737 = EDGE_CURVE ( 'NONE', #2863, #1425, #1438, .T. ) ;
#738 = LINE ( 'NONE', #638, #1896 ) ;
#739 = CARTESIAN_POINT ( 'NONE',  ( -209.4000000000000057, -199.2500000000000000, 98.00000000000000000 ) ) ;
#740 = CARTESIAN_POINT ( 'NONE',  ( 200.5999999999999943, -202.5000000000000000, 85.00000000000000000 ) ) ;
#741 = ORIENTED_EDGE ( 'NONE', *, *, #4335, .F. ) ;
#742 = DIRECTION ( 'NONE',  ( 0.000000000000000000, 0.000000000000000000, 1.000000000000000000 ) ) ;
#743 = AXIS2_PLACEMENT_3D ( 'NONE', #1669, #3245, #2659 ) ;
#744 = ORIENTED_EDGE ( 'NONE', *, *, #4612, .F. ) ;
#745 = DIRECTION ( 'NONE',  ( 0.000000000000000000, 0.000000000000000000, 1.000000000000000000 ) ) ;
#746 = VERTEX_POINT ( 'NONE', #1055 ) ;
#747 = LINE ( 'NONE', #2695, #2881 ) ;
#748 = VECTOR ( 'NONE', #337, 1000.000000000000000 ) ;
#749 = ORIENTED_EDGE ( 'NONE', *, *, #4926, .T. ) ;
#750 = DIRECTION ( 'NONE',  ( -1.000000000000000000, -0.000000000000000000, -0.000000000000000000 ) ) ;
#751 = LINE ( 'NONE', #1522, #4644 ) ;
#752 = ADVANCED_FACE ( 'NONE', ( #3368 ), #1102, .F. ) ;
#753 = VECTOR ( 'NONE', #2182, 1000.000000000000000 ) ;
#754 = CARTESIAN_POINT ( 'NONE',  ( 200.5999999999999943, -217.4709960404728406, 68.20385057630288372 ) ) ;
#755 = ORIENTED_EDGE ( 'NONE', *, *, #1479, .F. ) ;
#756 = AXIS2_PLACEMENT_3D ( 'NONE', #41, #1550, #1914 ) ;
#757 = FACE_OUTER_BOUND ( 'NONE', #3247, .T. ) ;
#758 = VECTOR ( 'NONE', #184, 1000.000000000000000 ) ;
#759 = VECTOR ( 'NONE', #3223, 1000.000000000000000 ) ;
#760 = EDGE_LOOP ( 'NONE', ( #4699, #3978, #4946, #4524 ) ) ;
#761 = VERTEX_POINT ( 'NONE', #1869 ) ;
#762 = DIRECTION ( 'NONE',  ( 0.000000000000000000, 0.000000000000000000, -1.000000000000000000 ) ) ;
#763 = DIRECTION ( 'NONE',  ( -1.000000000000000000, -0.000000000000000000, 0.000000000000000000 ) ) ;
#764 = DIRECTION ( 'NONE',  ( -0.000000000000000000, 1.000000000000000000, 0.000000000000000000 ) ) ;
#765 = DIRECTION ( 'NONE',  ( 1.000000000000000000, 0.000000000000000000, 0.000000000000000000 ) ) ;
#766 = CARTESIAN_POINT ( 'NONE',  ( -211.5000000000000000, -211.0000000000000000, 63.50000000000000000 ) ) ;
#767 = EDGE_CURVE ( 'NONE', #4483, #4731, #1242, .T. ) ;
#768 = EDGE_CURVE ( 'NONE', #5088, #3446, #660, .T. ) ;
#769 = ORIENTED_EDGE ( 'NONE', *, *, #3127, .F. ) ;
#770 = CARTESIAN_POINT ( 'NONE',  ( -209.4000000000000057, -210.7827506026967228, 75.63805349013748014 ) ) ;
#771 = EDGE_LOOP ( 'NONE', ( #1657, #3929, #2336, #479 ) ) ;
#772 = DIRECTION ( 'NONE',  ( 0.000000000000000000, 0.000000000000000000, -1.000000000000000000 ) ) ;
#773 = AXIS2_PLACEMENT_3D ( 'NONE', #1485, #2227, #3425 ) ;
#774 = VERTEX_POINT ( 'NONE', #3473 ) ;
#775 = DIRECTION ( 'NONE',  ( -0.000000000000000000, 1.000000000000000000, 0.000000000000000000 ) ) ;
#776 = VERTEX_POINT ( 'NONE', #277 ) ;
#777 = CARTESIAN_POINT ( 'NONE',  ( -196.5999999999999943, -210.7827506026967228, 75.63805349013748014 ) ) ;
#778 = FACE_OUTER_BOUND ( 'NONE', #3208, .T. ) ;
#779 = AXIS2_PLACEMENT_3D ( 'NONE', #4328, #2846, #3964 ) ;
#780 = VECTOR ( 'NONE', #1663, 1000.000000000000000 ) ;
#781 = DIRECTION ( 'NONE',  ( -1.000000000000000000, -0.000000000000000000, -0.000000000000000000 ) ) ;
#782 = ORIENTED_EDGE ( 'NONE', *, *, #560, .F. ) ;
#783 = EDGE_CURVE ( 'NONE', #79, #4674, #1779, .T. ) ;
#784 = DIRECTION ( 'NONE',  ( 0.000000000000000000, 0.000000000000000000, -1.000000000000000000 ) ) ;
#785 = VERTEX_POINT ( 'NONE', #1206 ) ;
#786 = ORIENTED_EDGE ( 'NONE', *, *, #160, .T. ) ;
#787 = VERTEX_POINT ( 'NONE', #2379 ) ;
#788 = CARTESIAN_POINT ( 'NONE',  ( 213.4000000000000057, -191.0000000000000000, 98.00000000000000000 ) ) ;
#789 = PLANE ( 'NONE',  #1838 ) ;
#790 = EDGE_CURVE ( 'NONE', #1204, #2216, #4669, .T. ) ;
#791 = CARTESIAN_POINT ( 'NONE',  ( 200.5999999999999943, -192.5000000000000000, 44.00000000000000000 ) ) ;
#792 = CARTESIAN_POINT ( 'NONE',  ( -223.0000000000000000, -203.9000000000000057, 48.00000000000000000 ) ) ;
#793 = CARTESIAN_POINT ( 'NONE',  ( -200.5999999999999943, -202.5000000000000000, 85.00000000000000000 ) ) ;
#794 = ORIENTED_EDGE ( 'NONE', *, *, #1384, .F. ) ;
#795 = LINE ( 'NONE', #2032, #4705 ) ;
#796 = VECTOR ( 'NONE', #2239, 1000.000000000000000 ) ;
#797 = VERTEX_POINT ( 'NONE', #2405 ) ;
#798 = FACE_BOUND ( 'NONE', #1905, .T. ) ;
#799 = EDGE_CURVE ( 'NONE', #1648, #1177, #1634, .T. ) ;
#800 = ORIENTED_EDGE ( 'NONE', *, *, #1616, .F. ) ;
#801 = VERTEX_POINT ( 'NONE', #2790 ) ;
#802 = CARTESIAN_POINT ( 'NONE',  ( 187.0000000000000000, -208.0000000000000000, 48.00000000000000000 ) ) ;
#803 = ORIENTED_EDGE ( 'NONE', *, *, #2161, .T. ) ;
#804 = DIRECTION ( 'NONE',  ( -0.000000000000000000, 1.000000000000000000, 0.000000000000000000 ) ) ;
#805 = CARTESIAN_POINT ( 'NONE',  ( 198.5999999999999943, -203.9000000000000057, 106.5000000000000000 ) ) ;
#806 = CYLINDRICAL_SURFACE ( 'NONE', #3551, 2.250000000000001776 ) ;
#807 = ORIENTED_EDGE ( 'NONE', *, *, #45, .F. ) ;
#808 = CARTESIAN_POINT ( 'NONE',  ( 211.5000000000000000, -211.0000000000000000, 58.39999999999999858 ) ) ;
#809 = ADVANCED_FACE ( 'NONE', ( #2766 ), #4371, .T. ) ;
#810 = AXIS2_PLACEMENT_3D ( 'NONE', #2532, #3678, #2870 ) ;
#811 = ORIENTED_EDGE ( 'NONE', *, *, #2809, .T. ) ;
#812 = ORIENTED_EDGE ( 'NONE', *, *, #633, .F. ) ;
#813 = LINE ( 'NONE', #4294, #886 ) ;
#814 = CARTESIAN_POINT ( 'NONE',  ( 209.4000000000000057, -203.9000000000000057, 100.0000000000000000 ) ) ;
#815 = LINE ( 'NONE', #2381, #374 ) ;
#816 = DIRECTION ( 'NONE',  ( -0.000000000000000000, 1.000000000000000000, 0.000000000000000000 ) ) ;
#817 = DIRECTION ( 'NONE',  ( 0.000000000000000000, 0.000000000000000000, 1.000000000000000000 ) ) ;
#818 = EDGE_CURVE ( 'NONE', #2604, #1202, #3211, .T. ) ;
#819 = EDGE_LOOP ( 'NONE', ( #2178, #4594, #4405, #3354 ) ) ;
#820 = CYLINDRICAL_SURFACE ( 'NONE', #2130, 11.99999999999999645 ) ;
#821 = VECTOR ( 'NONE', #4997, 1000.000000000000000 ) ;
#822 = DIRECTION ( 'NONE',  ( 0.000000000000000000, -1.000000000000000000, -0.000000000000000000 ) ) ;
#823 = PLANE ( 'NONE',  #354 ) ;
#824 = DIRECTION ( 'NONE',  ( -0.000000000000000000, 1.000000000000000000, 0.000000000000000000 ) ) ;
#825 = ORIENTED_EDGE ( 'NONE', *, *, #4423, .T. ) ;
#826 = DIRECTION ( 'NONE',  ( -1.000000000000000000, 0.000000000000000000, -0.000000000000000000 ) ) ;
#827 = DIRECTION ( 'NONE',  ( 0.000000000000000000, -1.000000000000000000, 0.000000000000000000 ) ) ;
#828 = EDGE_CURVE ( 'NONE', #94, #774, #1953, .T. ) ;
#829 = CARTESIAN_POINT ( 'NONE',  ( -223.0000000000000000, -208.4000000000000057, 50.25000000000000000 ) ) ;
#830 = VECTOR ( 'NONE', #4908, 1000.000000000000000 ) ;
#831 = VERTEX_POINT ( 'NONE', #788 ) ;
#832 = CARTESIAN_POINT ( 'NONE',  ( 200.6000000000000227, -203.9000000000000057, 100.0000000000000000 ) ) ;
#833 = VECTOR ( 'NONE', #3677, 1000.000000000000000 ) ;
#834 = EDGE_LOOP ( 'NONE', ( #2622, #4466, #861, #2519 ) ) ;
#835 = VECTOR ( 'NONE', #4229, 1000.000000000000000 ) ;
#836 = ORIENTED_EDGE ( 'NONE', *, *, #673, .F. ) ;
#837 = ORIENTED_EDGE ( 'NONE', *, *, #4390, .T. ) ;
#838 = VECTOR ( 'NONE', #3750, 1000.000000000000000 ) ;
#839 = CARTESIAN_POINT ( 'NONE',  ( -196.5999999999999943, -202.5000000000000000, 85.00000000000000000 ) ) ;
#840 = DIRECTION ( 'NONE',  ( 0.000000000000000000, 0.000000000000000000, 1.000000000000000000 ) ) ;
#841 = LINE ( 'NONE', #1947, #4238 ) ;
#842 = CARTESIAN_POINT ( 'NONE',  ( 211.5000000000000000, -211.0000000000000000, 68.59999999999999432 ) ) ;
#843 = AXIS2_PLACEMENT_3D ( 'NONE', #2134, #3275, #932 ) ;
#844 = CARTESIAN_POINT ( 'NONE',  ( 196.5999999999999943, -202.5000000000000000, 85.00000000000000000 ) ) ;
#845 = ORIENTED_EDGE ( 'NONE', *, *, #2999, .T. ) ;
#846 = CARTESIAN_POINT ( 'NONE',  ( 196.5999999999999943, -202.5000000000000000, 85.00000000000000000 ) ) ;
#847 = DIRECTION ( 'NONE',  ( 0.000000000000000000, 0.000000000000000000, 1.000000000000000000 ) ) ;
#848 = EDGE_CURVE ( 'NONE', #1428, #3037, #1581, .T. ) ;
#849 = VERTEX_POINT ( 'NONE', #4677 ) ;
#850 = DIRECTION ( 'NONE',  ( 1.000000000000000000, 0.000000000000000000, 0.000000000000000000 ) ) ;
#851 = ORIENTED_EDGE ( 'NONE', *, *, #3485, .T. ) ;
#852 = DIRECTION ( 'NONE',  ( 1.000000000000000000, 0.000000000000000000, -0.000000000000000000 ) ) ;
#853 = EDGE_CURVE ( 'NONE', #4897, #774, #3499, .T. ) ;
#854 = FACE_BOUND ( 'NONE', #4650, .T. ) ;
#855 = DIRECTION ( 'NONE',  ( -0.000000000000000000, 0.000000000000000000, -1.000000000000000000 ) ) ;
#856 = ORIENTED_EDGE ( 'NONE', *, *, #4452, .F. ) ;
#857 = AXIS2_PLACEMENT_3D ( 'NONE', #2867, #4424, #4909 ) ;
#858 = EDGE_CURVE ( 'NONE', #3930, #982, #4348, .T. ) ;
#859 = CARTESIAN_POINT ( 'NONE',  ( 209.4000000000000057, -211.0000000000000000, 63.50000000000000000 ) ) ;
#860 = AXIS2_PLACEMENT_3D ( 'NONE', #2729, #1544, #4312 ) ;
#861 = ORIENTED_EDGE ( 'NONE', *, *, #1355, .F. ) ;
#862 = AXIS2_PLACEMENT_3D ( 'NONE', #1329, #2893, #4473 ) ;
#863 = VERTEX_POINT ( 'NONE', #2328 ) ;
#864 = ORIENTED_EDGE ( 'NONE', *, *, #234, .F. ) ;
#865 = CARTESIAN_POINT ( 'NONE',  ( -213.4000000000000057, -207.5000000000000284, 95.90871211463571910 ) ) ;
#866 = CARTESIAN_POINT ( 'NONE',  ( -191.8000000000000398, -203.9000000000000057, 44.00000000000000000 ) ) ;
#867 = CARTESIAN_POINT ( 'NONE',  ( -213.4000000000000057, -203.9000000000000057, 106.5000000000000000 ) ) ;
#868 = AXIS2_PLACEMENT_3D ( 'NONE', #2781, #826, #2369 ) ;
#869 = CYLINDRICAL_SURFACE ( 'NONE', #508, 8.000000000000000000 ) ;
#870 = CARTESIAN_POINT ( 'NONE',  ( 183.0000000000000284, -208.0000000000000000, 108.0000000000000142 ) ) ;
#871 = ORIENTED_EDGE ( 'NONE', *, *, #3599, .F. ) ;
#872 = CARTESIAN_POINT ( 'NONE',  ( -223.0000000000000000, -208.4000000000000057, 104.0000000000000142 ) ) ;
#873 = ADVANCED_BREP_SHAPE_REPRESENTATION ( 'FrontAntiTipBracketPack_V11_DoubleShear', ( #4511, #4496, #3117 ), #980 ) ;
#874 = VECTOR ( 'NONE', #3042, 1000.000000000000000 ) ;
#875 = DIRECTION ( 'NONE',  ( 1.000000000000000000, 0.000000000000000000, -0.000000000000000000 ) ) ;
#876 = EDGE_CURVE ( 'NONE', #2837, #4641, #813, .T. ) ;
#877 = AXIS2_PLACEMENT_3D ( 'NONE', #907, #523, #4439 ) ;
#878 = LINE ( 'NONE', #1644, #759 ) ;
#879 = DIRECTION ( 'NONE',  ( 0.000000000000000000, 0.000000000000000000, 1.000000000000000000 ) ) ;
#880 = ORIENTED_EDGE ( 'NONE', *, *, #1279, .T. ) ;
#881 = LINE ( 'NONE', #4774, #3744 ) ;
#882 = DIRECTION ( 'NONE',  ( -0.000000000000000000, 1.000000000000000000, 0.000000000000000000 ) ) ;
#883 = EDGE_CURVE ( 'NONE', #2020, #1204, #1536, .T. ) ;
#884 = DIRECTION ( 'NONE',  ( 0.000000000000000000, 0.000000000000000000, -1.000000000000000000 ) ) ;
#885 = ORIENTED_EDGE ( 'NONE', *, *, #4956, .F. ) ;
#886 = VECTOR ( 'NONE', #431, 1000.000000000000000 ) ;
#887 = FACE_OUTER_BOUND ( 'NONE', #2141, .T. ) ;
#888 = EDGE_LOOP ( 'NONE', ( #1886, #4627, #1985, #2414 ) ) ;
#889 = VERTEX_POINT ( 'NONE', #3602 ) ;
#890 = ORIENTED_EDGE ( 'NONE', *, *, #3092, .T. ) ;
#891 = DIRECTION ( 'NONE',  ( 0.000000000000000000, 0.000000000000000000, -1.000000000000000000 ) ) ;
#892 = EDGE_CURVE ( 'NONE', #3971, #4806, #1529, .T. ) ;
#893 = CARTESIAN_POINT ( 'NONE',  ( -200.5999999999999943, -215.0000000000000000, 56.57179676972449300 ) ) ;
#894 = FACE_OUTER_BOUND ( 'NONE', #3890, .T. ) ;
#895 = CARTESIAN_POINT ( 'NONE',  ( -196.5999999999999943, -191.0000000000000000, 44.00000000000000000 ) ) ;
#896 = FACE_OUTER_BOUND ( 'NONE', #4863, .T. ) ;
#897 = EDGE_CURVE ( 'NONE', #1939, #304, #3107, .T. ) ;
#898 = EDGE_LOOP ( 'NONE', ( #4833, #547, #2240, #2258 ) ) ;
#899 = ADVANCED_FACE ( 'NONE', ( #1150, #3907, #381, #3131 ), #4734, .T. ) ;
#900 = CARTESIAN_POINT ( 'NONE',  ( -196.5999999999999943, -215.0000000000000000, 44.00000000000000000 ) ) ;
#901 = CIRCLE ( 'NONE', #3031, 2.250000000000001776 ) ;
#902 = CYLINDRICAL_SURFACE ( 'NONE', #4542, 4.100000000000006750 ) ;
#903 = ORIENTED_EDGE ( 'NONE', *, *, #4696, .T. ) ;
#904 = LINE ( 'NONE', #1719, #4903 ) ;
#905 = ORIENTED_EDGE ( 'NONE', *, *, #2055, .T. ) ;
#906 = CARTESIAN_POINT ( 'NONE',  ( 198.5999999999999943, -191.0000000000000000, 106.5000000000000000 ) ) ;
#907 = CARTESIAN_POINT ( 'NONE',  ( -198.5999999999999943, -215.0000000000000000, 44.00000000000000000 ) ) ;
#908 = ORIENTED_EDGE ( 'NONE', *, *, #2760, .T. ) ;
#909 = DIRECTION ( 'NONE',  ( -1.000000000000000000, 0.000000000000000000, 0.000000000000000000 ) ) ;
#910 = ADVANCED_FACE ( 'NONE', ( #1971 ), #3547, .T. ) ;
#911 = ORIENTED_EDGE ( 'NONE', *, *, #3625, .T. ) ;
#912 = VECTOR ( 'NONE', #2218, 1000.000000000000000 ) ;
#913 = ORIENTED_EDGE ( 'NONE', *, *, #2320, .F. ) ;
#914 = ORIENTED_EDGE ( 'NONE', *, *, #1850, .F. ) ;
#915 = CARTESIAN_POINT ( 'NONE',  ( 195.0000000000000000, -210.7827506026967228, 71.53805349013747161 ) ) ;
#916 = LINE ( 'NONE', #1354, #4481 ) ;
#917 = DIRECTION ( 'NONE',  ( 0.000000000000000000, 0.000000000000000000, 1.000000000000000000 ) ) ;
#918 = AXIS2_PLACEMENT_3D ( 'NONE', #3093, #393, #3065 ) ;
#919 = LINE ( 'NONE', #3698, #4127 ) ;
#920 = LINE ( 'NONE', #128, #1712 ) ;
#921 = CIRCLE ( 'NONE', #2064, 2.250000000000001776 ) ;
#922 = EDGE_LOOP ( 'NONE', ( #2903, #2210, #4226, #2625 ) ) ;
#923 = AXIS2_PLACEMENT_3D ( 'NONE', #770, #3292, #2152 ) ;
#924 = CARTESIAN_POINT ( 'NONE',  ( 213.4000000000000057, -211.0000000000000000, 58.39999999999999858 ) ) ;
#925 = AXIS2_PLACEMENT_3D ( 'NONE', #4609, #3055, #3884 ) ;
#926 = DIRECTION ( 'NONE',  ( 0.000000000000000000, -1.000000000000000000, -0.000000000000000000 ) ) ;
#927 = EDGE_CURVE ( 'NONE', #1968, #2780, #2605, .T. ) ;
#928 = ADVANCED_FACE ( 'NONE', ( #4758 ), #1230, .T. ) ;
#929 = ORIENTED_EDGE ( 'NONE', *, *, #4610, .F. ) ;
#930 = FACE_OUTER_BOUND ( 'NONE', #509, .T. ) ;
#931 = ORIENTED_EDGE ( 'NONE', *, *, #206, .T. ) ;
#932 = DIRECTION ( 'NONE',  ( -1.000000000000000000, 0.000000000000000000, 0.000000000000000000 ) ) ;
#933 = LINE ( 'NONE', #140, #2598 ) ;
#934 = ORIENTED_EDGE ( 'NONE', *, *, #367, .T. ) ;
#935 = FACE_OUTER_BOUND ( 'NONE', #4773, .T. ) ;
#936 = ORIENTED_EDGE ( 'NONE', *, *, #496, .T. ) ;
#937 = VERTEX_POINT ( 'NONE', #4033 ) ;
#938 = EDGE_LOOP ( 'NONE', ( #3199, #1840 ) ) ;
#939 = EDGE_CURVE ( 'NONE', #4764, #2402, #501, .T. ) ;
#940 = AXIS2_PLACEMENT_3D ( 'NONE', #2639, #2279, #686 ) ;
#941 = LINE ( 'NONE', #2918, #830 ) ;
#942 = DIRECTION ( 'NONE',  ( 0.000000000000000000, -1.000000000000000000, -0.000000000000000000 ) ) ;
#943 = CARTESIAN_POINT ( 'NONE',  ( 200.6000000000000227, -208.0000000000000000, 100.0000000000000000 ) ) ;
#944 = DIRECTION ( 'NONE',  ( 1.000000000000000000, 0.000000000000000000, 0.000000000000000000 ) ) ;
#945 = DIRECTION ( 'NONE',  ( 0.000000000000000000, 0.000000000000000000, 1.000000000000000000 ) ) ;
#946 = AXIS2_PLACEMENT_3D ( 'NONE', #359, #764, #24 ) ;
#947 = AXIS2_PLACEMENT_3D ( 'NONE', #793, #78, #2358 ) ;
#948 = ORIENTED_EDGE ( 'NONE', *, *, #3951, .T. ) ;
#949 = EDGE_CURVE ( 'NONE', #2780, #1968, #3049, .T. ) ;
#950 = CARTESIAN_POINT ( 'NONE',  ( -200.5999999999999943, -210.7827506026967228, 79.73805349013748867 ) ) ;
#951 = VECTOR ( 'NONE', #2199, 1000.000000000000000 ) ;
#952 = DIRECTION ( 'NONE',  ( 0.000000000000000000, 0.000000000000000000, 1.000000000000000000 ) ) ;
#953 = VECTOR ( 'NONE', #4510, 1000.000000000000000 ) ;
#954 = VERTEX_POINT ( 'NONE', #2480 ) ;
#956 = EDGE_CURVE ( 'NONE', #3158, #990, #193, .T. ) ;
#955 = LINE ( 'NONE', #3272, #1608 ) ;
#957 = CIRCLE ( 'NONE', #214, 2.250000000000001776 ) ;
#958 = AXIS2_PLACEMENT_3D ( 'NONE', #4459, #136, #618 ) ;
#959 = EDGE_CURVE ( 'NONE', #2402, #4412, #4011, .T. ) ;
#960 = ORIENTED_EDGE ( 'NONE', *, *, #768, .T. ) ;
#961 = LINE ( 'NONE', #4488, #4547 ) ;
#962 = ADVANCED_FACE ( 'NONE', ( #4059 ), #1306, .T. ) ;
#963 = FACE_OUTER_BOUND ( 'NONE', #4870, .T. ) ;
#964 = ORIENTED_EDGE ( 'NONE', *, *, #4973, .T. ) ;
#965 = DIRECTION ( 'NONE',  ( 1.000000000000000000, 0.000000000000000000, -0.000000000000000000 ) ) ;
#966 = ORIENTED_EDGE ( 'NONE', *, *, #1561, .T. ) ;
#967 = VERTEX_POINT ( 'NONE', #530 ) ;
#968 = CARTESIAN_POINT ( 'NONE',  ( 187.0000000000000000, -208.0000000000000000, 50.25000000000000000 ) ) ;
#969 = DIRECTION ( 'NONE',  ( 0.000000000000000000, 0.000000000000000000, -1.000000000000000000 ) ) ;
#970 = CARTESIAN_POINT ( 'NONE',  ( 211.4000000000000057, -199.2500000000000000, 106.5000000000000000 ) ) ;
#971 = LINE ( 'NONE', #4112, #833 ) ;
#972 = FACE_BOUND ( 'NONE', #4302, .T. ) ;
#973 = EDGE_LOOP ( 'NONE', ( #2069, #3294, #2564, #908, #1825, #3250 ) ) ;
#974 = DIRECTION ( 'NONE',  ( 1.000000000000000000, 0.000000000000000000, 0.000000000000000000 ) ) ;
#975 = FACE_OUTER_BOUND ( 'NONE', #973, .T. ) ;
#976 = LINE ( 'NONE', #4918, #2233 ) ;
#977 = LINE ( 'NONE', #2038, #42 ) ;
#978 = EDGE_CURVE ( 'NONE', #394, #309, #149, .T. ) ;
#979 = ORIENTED_EDGE ( 'NONE', *, *, #3419, .T. ) ;
#980 =( GEOMETRIC_REPRESENTATION_CONTEXT ( 3 ) GLOBAL_UNCERTAINTY_ASSIGNED_CONTEXT ( ( #4777 ) ) GLOBAL_UNIT_ASSIGNED_CONTEXT ( ( #3752, #4912, #2560 ) ) REPRESENTATION_CONTEXT ( 'NONE', 'WORKASPACE' ) );
#981 = CARTESIAN_POINT ( 'NONE',  ( -196.5999999999999943, -203.9000000000000057, 44.00000000000000000 ) ) ;
#982 = VERTEX_POINT ( 'NONE', #2097 ) ;
#983 = FACE_BOUND ( 'NONE', #3395, .T. ) ;
#984 = CARTESIAN_POINT ( 'NONE',  ( -223.0000000000000000, -203.9000000000000057, 101.7500000000000000 ) ) ;
#985 = VECTOR ( 'NONE', #3505, 1000.000000000000000 ) ;
#986 = EDGE_LOOP ( 'NONE', ( #1534, #4566 ) ) ;
#987 = LINE ( 'NONE', #2092, #1660 ) ;
#988 = EDGE_CURVE ( 'NONE', #4024, #394, #941, .T. ) ;
#989 = EDGE_CURVE ( 'NONE', #4894, #2797, #4085, .T. ) ;
#990 = VERTEX_POINT ( 'NONE', #1379 ) ;
#991 = ORIENTED_EDGE ( 'NONE', *, *, #522, .F. ) ;
#992 = DIRECTION ( 'NONE',  ( -1.000000000000000000, -0.000000000000000000, 0.000000000000000000 ) ) ;
#993 = VECTOR ( 'NONE', #1484, 1000.000000000000000 ) ;
#994 = LINE ( 'NONE', #553, #3737 ) ;
#995 = DIRECTION ( 'NONE',  ( -0.000000000000000000, 1.000000000000000000, 0.000000000000000000 ) ) ;
#996 = FACE_OUTER_BOUND ( 'NONE', #3522, .T. ) ;
#997 = VERTEX_POINT ( 'NONE', #1353 ) ;
#998 = EDGE_LOOP ( 'NONE', ( #4253, #5089, #4675, #4975 ) ) ;
#999 = DIRECTION ( 'NONE',  ( 0.000000000000000000, 0.000000000000000000, -1.000000000000000000 ) ) ;
#1000 = VECTOR ( 'NONE', #1983, 1000.000000000000000 ) ;
#1001 = CARTESIAN_POINT ( 'NONE',  ( 209.4000000000000057, -191.0000000000000000, 44.00000000000000000 ) ) ;
#1002 = LINE ( 'NONE', #539, #26 ) ;
#1003 = LINE ( 'NONE', #1792, #3090 ) ;
#1004 = AXIS2_PLACEMENT_3D ( 'NONE', #1209, #4787, #3962 ) ;
#1005 = VERTEX_POINT ( 'NONE', #481 ) ;
#1006 = VECTOR ( 'NONE', #847, 1000.000000000000000 ) ;
#1007 = DIRECTION ( 'NONE',  ( 0.000000000000000000, 0.000000000000000000, 1.000000000000000000 ) ) ;
#1008 = EDGE_CURVE ( 'NONE', #4779, #1900, #258, .T. ) ;
#1009 = AXIS2_PLACEMENT_3D ( 'NONE', #1525, #3205, #3518 ) ;
#1010 = ORIENTED_EDGE ( 'NONE', *, *, #1676, .T. ) ;
#1011 = CYLINDRICAL_SURFACE ( 'NONE', #2076, 5.100000000000000533 ) ;
#1012 = AXIS2_PLACEMENT_3D ( 'NONE', #1515, #2719, #286 ) ;
#1013 = ORIENTED_EDGE ( 'NONE', *, *, #2558, .F. ) ;
#1014 = VECTOR ( 'NONE', #233, 1000.000000000000000 ) ;
#1015 = DIRECTION ( 'NONE',  ( 0.000000000000000000, -0.000000000000000000, 1.000000000000000000 ) ) ;
#1016 = VERTEX_POINT ( 'NONE', #2892 ) ;
#1017 = DIRECTION ( 'NONE',  ( 0.000000000000000000, 0.000000000000000000, -1.000000000000000000 ) ) ;
#1018 = ORIENTED_EDGE ( 'NONE', *, *, #1950, .F. ) ;
#1019 = ORIENTED_EDGE ( 'NONE', *, *, #4704, .F. ) ;
#1020 = DIRECTION ( 'NONE',  ( 0.000000000000000000, 0.000000000000000000, 1.000000000000000000 ) ) ;
#1021 = CARTESIAN_POINT ( 'NONE',  ( -211.4000000000000057, -191.0000000000000000, 44.00000000000000000 ) ) ;
#1022 = DIRECTION ( 'NONE',  ( 0.000000000000000000, 0.000000000000000000, -1.000000000000000000 ) ) ;
#1023 = EDGE_CURVE ( 'NONE', #3701, #2322, #3720, .T. ) ;
#1024 = DIRECTION ( 'NONE',  ( 0.000000000000000000, 0.000000000000000000, -1.000000000000000000 ) ) ;
#1025 = DIRECTION ( 'NONE',  ( 0.000000000000000000, 0.000000000000000000, 1.000000000000000000 ) ) ;
#1026 = EDGE_LOOP ( 'NONE', ( #601, #3091, #2646, #1126 ) ) ;
#1027 = ORIENTED_EDGE ( 'NONE', *, *, #1734, .T. ) ;
#1028 = DIRECTION ( 'NONE',  ( -1.000000000000000000, -0.000000000000000000, -0.000000000000000000 ) ) ;
#1029 = FACE_OUTER_BOUND ( 'NONE', #1505, .T. ) ;
#1030 = DIRECTION ( 'NONE',  ( 1.000000000000000000, 0.000000000000000000, -0.000000000000000000 ) ) ;
#1031 = DIRECTION ( 'NONE',  ( 1.000000000000000000, 0.000000000000000000, -0.000000000000000000 ) ) ;
#1032 = VECTOR ( 'NONE', #4682, 1000.000000000000000 ) ;
#1033 = ORIENTED_EDGE ( 'NONE', *, *, #2796, .T. ) ;
#1034 = VECTOR ( 'NONE', #3240, 1000.000000000000000 ) ;
#1035 = DIRECTION ( 'NONE',  ( 0.000000000000000000, 0.000000000000000000, -1.000000000000000000 ) ) ;
#1036 = ORIENTED_EDGE ( 'NONE', *, *, #2287, .T. ) ;
#1037 = CARTESIAN_POINT ( 'NONE',  ( 213.4000000000000057, -191.0000000000000000, 44.00000000000000000 ) ) ;
#1038 = PRODUCT_DEFINITION_SHAPE ( 'NONE', 'NONE',  #728 ) ;
#1039 = EDGE_CURVE ( 'NONE', #1562, #2890, #3710, .T. ) ;
#1040 = CARTESIAN_POINT ( 'NONE',  ( 187.0000000000000000, -203.9000000000000057, 45.75000000000000000 ) ) ;
#1041 = ORIENTED_EDGE ( 'NONE', *, *, #4610, .T. ) ;
#1042 = LINE ( 'NONE', #4158, #874 ) ;
#1043 = EDGE_CURVE ( 'NONE', #3447, #495, #3262, .T. ) ;
#1044 = ORIENTED_EDGE ( 'NONE', *, *, #1494, .T. ) ;
#1045 = VERTEX_POINT ( 'NONE', #2454 ) ;
#1046 = VECTOR ( 'NONE', #3016, 1000.000000000000000 ) ;
#1047 = CARTESIAN_POINT ( 'NONE',  ( 227.0000000000000000, -203.9000000000000057, 44.00000000000000000 ) ) ;
#1048 = CYLINDRICAL_SURFACE ( 'NONE', #2175, 8.000000000000000000 ) ;
#1049 = CARTESIAN_POINT ( 'NONE',  ( -227.0000000000000000, -208.0000000000000000, 108.0000000000000142 ) ) ;
#1050 = DIRECTION ( 'NONE',  ( 1.000000000000000000, 0.000000000000000000, -0.000000000000000000 ) ) ;
#1051 = CALENDAR_DATE ( 2026, 29, 8 ) ;
#1052 = EDGE_CURVE ( 'NONE', #2091, #5046, #4836, .T. ) ;
#1053 = ORIENTED_EDGE ( 'NONE', *, *, #4803, .T. ) ;
#1054 = ORIENTED_EDGE ( 'NONE', *, *, #2776, .F. ) ;
#1055 = CARTESIAN_POINT ( 'NONE',  ( -183.0000000000000284, -208.0000000000000000, 100.0000000000000000 ) ) ;
#1056 = DIRECTION ( 'NONE',  ( -1.000000000000000000, -0.000000000000000000, -0.000000000000000000 ) ) ;
#1057 = LINE ( 'NONE', #662, #3056 ) ;
#1058 = AXIS2_PLACEMENT_3D ( 'NONE', #4422, #1752, #891 ) ;
#1059 = DIRECTION ( 'NONE',  ( 0.000000000000000000, 0.000000000000000000, 1.000000000000000000 ) ) ;
#1060 = EDGE_CURVE ( 'NONE', #1696, #889, #1729, .T. ) ;
#1061 = VECTOR ( 'NONE', #3646, 1000.000000000000000 ) ;
#1062 = VERTEX_POINT ( 'NONE', #4499 ) ;
#1063 = DIRECTION ( 'NONE',  ( -1.000000000000000000, 0.000000000000000000, 0.000000000000000000 ) ) ;
#1064 = VERTEX_POINT ( 'NONE', #968 ) ;
#1065 = CARTESIAN_POINT ( 'NONE',  ( 196.5999999999999943, -191.0000000000000000, 44.00000000000000000 ) ) ;
#1066 = AXIS2_PLACEMENT_3D ( 'NONE', #2947, #2974, #945 ) ;
#1067 = DIRECTION ( 'NONE',  ( 0.000000000000000000, 0.000000000000000000, -1.000000000000000000 ) ) ;
#1068 = ORIENTED_EDGE ( 'NONE', *, *, #4175, .T. ) ;
#1069 = DIRECTION ( 'NONE',  ( 0.000000000000000000, 0.000000000000000000, 1.000000000000000000 ) ) ;
#1070 = VECTOR ( 'NONE', #4765, 1000.000000000000000 ) ;
#1071 = VERTEX_POINT ( 'NONE', #2528 ) ;
#1072 = CARTESIAN_POINT ( 'NONE',  ( -200.5999999999999943, -211.0000000000000000, 63.50000000000000000 ) ) ;
#1073 = DIRECTION ( 'NONE',  ( 0.000000000000000000, 0.000000000000000000, -1.000000000000000000 ) ) ;
#1074 = ADVANCED_FACE ( 'NONE', ( #4109, #2842 ), #3238, .T. ) ;
#1075 = CARTESIAN_POINT ( 'NONE',  ( -213.4000000000000057, -210.7827506026967228, 71.53805349013747161 ) ) ;
#1076 = PERSON_AND_ORGANIZATION ( #3883, #4766 ) ;
#1077 = ORIENTED_EDGE ( 'NONE', *, *, #3377, .F. ) ;
#1078 = ORIENTED_EDGE ( 'NONE', *, *, #1396, .F. ) ;
#1079 = CARTESIAN_POINT ( 'NONE',  ( -215.0000000000000000, -210.7827506026967228, 75.63805349013748014 ) ) ;
#1080 = DIRECTION ( 'NONE',  ( 1.000000000000000000, 0.000000000000000000, -0.000000000000000000 ) ) ;
#1081 = EDGE_CURVE ( 'NONE', #2797, #2034, #2468, .T. ) ;
#1082 = LINE ( 'NONE', #1104, #2149 ) ;
#1083 = CARTESIAN_POINT ( 'NONE',  ( -218.2000000000000171, -203.9000000000000057, 44.00000000000000000 ) ) ;
#1084 = ORIENTED_EDGE ( 'NONE', *, *, #70, .F. ) ;
#1085 = CARTESIAN_POINT ( 'NONE',  ( -222.0000000000000284, -191.5000000000000000, 98.00000000000000000 ) ) ;
#1086 = EDGE_CURVE ( 'NONE', #2915, #4292, #3469, .T. ) ;
#1087 = ORIENTED_EDGE ( 'NONE', *, *, #2731, .T. ) ;
#1088 = DIRECTION ( 'NONE',  ( -0.000000000000000000, 0.000000000000000000, -1.000000000000000000 ) ) ;
#1089 = VECTOR ( 'NONE', #612, 1000.000000000000000 ) ;
#1090 = AXIS2_PLACEMENT_3D ( 'NONE', #3723, #944, #2508 ) ;
#1091 = LINE ( 'NONE', #623, #1046 ) ;
#1092 = ORIENTED_EDGE ( 'NONE', *, *, #3979, .F. ) ;
#1093 = VECTOR ( 'NONE', #1030, 1000.000000000000000 ) ;
#1094 = FACE_BOUND ( 'NONE', #2217, .T. ) ;
#1095 = DIRECTION ( 'NONE',  ( 0.000000000000000000, 0.000000000000000000, -1.000000000000000000 ) ) ;
#1096 = DIRECTION ( 'NONE',  ( -0.000000000000000000, 1.000000000000000000, 0.000000000000000000 ) ) ;
#1097 = DIRECTION ( 'NONE',  ( -1.000000000000000000, -0.000000000000000000, 0.000000000000000000 ) ) ;
#1098 = ORIENTED_EDGE ( 'NONE', *, *, #2934, .F. ) ;
#1099 = ADVANCED_FACE ( 'NONE', ( #4599, #1402 ), #4984, .T. ) ;
#1100 = ORIENTED_EDGE ( 'NONE', *, *, #1167, .T. ) ;
#1101 = ORIENTED_EDGE ( 'NONE', *, *, #2917, .T. ) ;
#1102 = CYLINDRICAL_SURFACE ( 'NONE', #3216, 4.100000000000006750 ) ;
#1103 = CARTESIAN_POINT ( 'NONE',  ( -198.5999999999999943, -191.0000000000000000, 44.00000000000000000 ) ) ;
#1104 = CARTESIAN_POINT ( 'NONE',  ( -211.4000000000000057, -203.9000000000000057, 106.5000000000000000 ) ) ;
#1105 = LINE ( 'NONE', #3886, #3663 ) ;
#1106 = EDGE_CURVE ( 'NONE', #716, #1633, #2196, .T. ) ;
#1107 = ORIENTED_EDGE ( 'NONE', *, *, #3687, .T. ) ;
#1108 = DIRECTION ( 'NONE',  ( 1.000000000000000000, 0.000000000000000000, -0.000000000000000000 ) ) ;
#1109 = VECTOR ( 'NONE', #1635, 1000.000000000000000 ) ;
#1110 = ORIENTED_EDGE ( 'NONE', *, *, #2999, .F. ) ;
#1111 = CARTESIAN_POINT ( 'NONE',  ( 209.4000000000000057, -215.0000000000000000, 44.00000000000000000 ) ) ;
#1112 = VECTOR ( 'NONE', #4632, 1000.000000000000000 ) ;
#1113 = EDGE_CURVE ( 'NONE', #831, #1542, #2169, .T. ) ;
#1114 = ADVANCED_FACE ( 'NONE', ( #1781 ), #4188, .T. ) ;
#1115 = CARTESIAN_POINT ( 'NONE',  ( 187.0000000000000000, -203.9000000000000057, 48.00000000000000000 ) ) ;
#1116 = VECTOR ( 'NONE', #3388, 1000.000000000000000 ) ;
#1117 = ORIENTED_EDGE ( 'NONE', *, *, #2070, .F. ) ;
#1118 = CARTESIAN_POINT ( 'NONE',  ( -213.4000000000000057, -215.0000000000000000, 56.57179676972449300 ) ) ;
#1119 = EDGE_CURVE ( 'NONE', #1520, #1821, #1564, .T. ) ;
#1120 = CARTESIAN_POINT ( 'NONE',  ( 209.4000000000000057, -191.0000000000000000, 44.00000000000000000 ) ) ;
#1121 = VECTOR ( 'NONE', #5052, 1000.000000000000000 ) ;
#1122 = DIRECTION ( 'NONE',  ( -1.000000000000000000, -0.000000000000000000, -0.000000000000000000 ) ) ;
#1123 = FACE_OUTER_BOUND ( 'NONE', #1857, .T. ) ;
#1124 = SECURITY_CLASSIFICATION_LEVEL ( 'unclassified' ) ;
#1125 = ORIENTED_EDGE ( 'NONE', *, *, #4987, .T. ) ;
#1126 = ORIENTED_EDGE ( 'NONE', *, *, #790, .T. ) ;
#1127 = DIRECTION ( 'NONE',  ( 1.000000000000000000, 0.000000000000000000, 0.000000000000000000 ) ) ;
#1128 = CARTESIAN_POINT ( 'NONE',  ( 213.4000000000000057, -202.5000000000000000, 85.00000000000000000 ) ) ;
#1129 = CARTESIAN_POINT ( 'NONE',  ( 188.0000000000000000, -190.5000000000000000, 98.00000000000000000 ) ) ;
#1130 = CARTESIAN_POINT ( 'NONE',  ( -218.2000000000000171, -203.9000000000000057, 108.0000000000000142 ) ) ;
#1131 = ORIENTED_EDGE ( 'NONE', *, *, #4857, .T. ) ;
#1132 = DIRECTION ( 'NONE',  ( 1.000000000000000000, 0.000000000000000000, 0.000000000000000000 ) ) ;
#1133 = VECTOR ( 'NONE', #2738, 1000.000000000000000 ) ;
#1134 = ORIENTED_EDGE ( 'NONE', *, *, #1106, .F. ) ;
#1135 = CARTESIAN_POINT ( 'NONE',  ( -209.4000000000000057, -208.0000000000000000, 108.0000000000000142 ) ) ;
#1136 = EDGE_CURVE ( 'NONE', #4532, #3545, #2139, .T. ) ;
#1137 = EDGE_LOOP ( 'NONE', ( #250, #3291, #4055, #3157, #4605, #1019, #1459, #2716 ) ) ;
#1138 = CARTESIAN_POINT ( 'NONE',  ( 183.0000000000000284, -205.9499999999999886, 44.00000000000000000 ) ) ;
#1139 = ORIENTED_EDGE ( 'NONE', *, *, #37, .T. ) ;
#1140 = LINE ( 'NONE', #2697, #4737 ) ;
#1141 = DIRECTION ( 'NONE',  ( -1.000000000000000000, -0.000000000000000000, 0.000000000000000000 ) ) ;
#1142 = CARTESIAN_POINT ( 'NONE',  ( -205.0000000000000284, -192.5000000000000000, 98.00000000000000000 ) ) ;
#1143 = ORIENTED_EDGE ( 'NONE', *, *, #139, .F. ) ;
#1144 = ADVANCED_FACE ( 'NONE', ( #654 ), #1807, .T. ) ;
#1145 = CARTESIAN_POINT ( 'NONE',  ( -215.0000000000000000, -210.7827506026967228, 79.73805349013748867 ) ) ;
#1146 = EDGE_CURVE ( 'NONE', #3446, #1813, #3847, .T. ) ;
#1147 = DATE_AND_TIME ( #3102, #1547 ) ;
#1148 = ORIENTED_EDGE ( 'NONE', *, *, #828, .F. ) ;
#1149 = ORIENTED_EDGE ( 'NONE', *, *, #1576, .F. ) ;
#1150 = FACE_BOUND ( 'NONE', #3789, .T. ) ;
#1151 = LINE ( 'NONE', #4297, #284 ) ;
#1152 = PLANE ( 'NONE',  #1282 ) ;
#1153 = DIRECTION ( 'NONE',  ( 1.000000000000000000, 0.000000000000000000, -0.000000000000000000 ) ) ;
#1154 = CARTESIAN_POINT ( 'NONE',  ( 223.0000000000000000, -208.0000000000000000, 101.7500000000000000 ) ) ;
#1155 = ORIENTED_EDGE ( 'NONE', *, *, #1433, .T. ) ;
#1156 = DIRECTION ( 'NONE',  ( 0.000000000000000000, 0.000000000000000000, 1.000000000000000000 ) ) ;
#1157 = ORIENTED_EDGE ( 'NONE', *, *, #2902, .F. ) ;
#1158 = LINE ( 'NONE', #720, #2981 ) ;
#1159 = EDGE_CURVE ( 'NONE', #3155, #1409, #4960, .T. ) ;
#1160 = ORIENTED_EDGE ( 'NONE', *, *, #2617, .F. ) ;
#1161 = CARTESIAN_POINT ( 'NONE',  ( 213.4000000000000057, -203.9000000000000057, 44.00000000000000000 ) ) ;
#1162 = AXIS2_PLACEMENT_3D ( 'NONE', #1622, #2952, #3198 ) ;
#1163 = VERTEX_POINT ( 'NONE', #679 ) ;
#1164 = CARTESIAN_POINT ( 'NONE',  ( 198.5999999999999943, -217.4709960404728406, 68.20385057630286951 ) ) ;
#1165 = CARTESIAN_POINT ( 'NONE',  ( -213.4000000000000057, -191.0000000000000000, 81.57217269979952334 ) ) ;
#1166 = VECTOR ( 'NONE', #5086, 1000.000000000000000 ) ;
#1167 = EDGE_CURVE ( 'NONE', #801, #2036, #3824, .T. ) ;
#1168 = AXIS2_PLACEMENT_3D ( 'NONE', #2929, #3346, #4528 ) ;
#1169 = DIRECTION ( 'NONE',  ( 0.000000000000000000, -1.000000000000000000, 0.000000000000000000 ) ) ;
#1170 = ORIENTED_EDGE ( 'NONE', *, *, #3378, .T. ) ;
#1171 = CIRCLE ( 'NONE', #3717, 4.100000000000006750 ) ;
#1172 = DIRECTION ( 'NONE',  ( 1.000000000000000000, 0.000000000000000000, -0.000000000000000000 ) ) ;
#1173 = ORIENTED_EDGE ( 'NONE', *, *, #3917, .T. ) ;
#1174 = AXIS2_PLACEMENT_3D ( 'NONE', #2160, #1319, #1721 ) ;
#1175 = ADVANCED_FACE ( 'NONE', ( #4520 ), #1476, .F. ) ;
#1176 = EDGE_LOOP ( 'NONE', ( #2554, #733, #1623, #1068 ) ) ;
#1177 = VERTEX_POINT ( 'NONE', #295 ) ;
#1178 = DIRECTION ( 'NONE',  ( -0.000000000000000000, 1.000000000000000000, 0.000000000000000000 ) ) ;
#1179 = EDGE_CURVE ( 'NONE', #1446, #831, #1882, .T. ) ;
#1180 = CARTESIAN_POINT ( 'NONE',  ( 196.5999999999999943, -203.9000000000000057, 106.5000000000000000 ) ) ;
#1181 = DIRECTION ( 'NONE',  ( 0.000000000000000000, -1.000000000000000000, -0.000000000000000000 ) ) ;
#1182 = CARTESIAN_POINT ( 'NONE',  ( 211.5000000000000000, -211.0000000000000000, 63.50000000000000000 ) ) ;
#1183 = DIRECTION ( 'NONE',  ( 0.000000000000000000, -1.000000000000000000, 0.000000000000000000 ) ) ;
#1184 = VERTEX_POINT ( 'NONE', #1861 ) ;
#1185 = DIRECTION ( 'NONE',  ( 0.000000000000000000, 0.000000000000000000, -1.000000000000000000 ) ) ;
#1186 = ORIENTED_EDGE ( 'NONE', *, *, #1855, .T. ) ;
#1187 = FACE_OUTER_BOUND ( 'NONE', #1742, .T. ) ;
#1188 = AXIS2_PLACEMENT_3D ( 'NONE', #866, #2355, #4759 ) ;
#1189 = ORIENTED_EDGE ( 'NONE', *, *, #1296, .T. ) ;
#1190 = CYLINDRICAL_SURFACE ( 'NONE', #918, 4.100000000000006750 ) ;
#1191 = ORIENTED_EDGE ( 'NONE', *, *, #2964, .T. ) ;
#1192 = LINE ( 'NONE', #1298, #291 ) ;
#1193 = VECTOR ( 'NONE', #4838, 1000.000000000000000 ) ;
#1194 = CARTESIAN_POINT ( 'NONE',  ( 209.4000000000000057, -217.4709960404728406, 68.20385057630286951 ) ) ;
#1195 = EDGE_CURVE ( 'NONE', #4791, #2563, #1250, .T. ) ;
#1196 = VECTOR ( 'NONE', #4763, 1000.000000000000000 ) ;
#1197 = VECTOR ( 'NONE', #1455, 1000.000000000000000 ) ;
#1198 = CARTESIAN_POINT ( 'NONE',  ( 223.0000000000000000, -208.4000000000000057, 48.00000000000000000 ) ) ;
#1199 = EDGE_LOOP ( 'NONE', ( #4280, #2737, #1155, #2426 ) ) ;
#1200 = FACE_OUTER_BOUND ( 'NONE', #2491, .T. ) ;
#1201 = ADVANCED_FACE ( 'NONE', ( #3463 ), #4576, .T. ) ;
#1202 = VERTEX_POINT ( 'NONE', #1047 ) ;
#1203 = AXIS2_PLACEMENT_3D ( 'NONE', #4533, #3707, #1007 ) ;
#1204 = VERTEX_POINT ( 'NONE', #3977 ) ;
#1205 = ORIENTED_EDGE ( 'NONE', *, *, #2080, .T. ) ;
#1206 = CARTESIAN_POINT ( 'NONE',  ( -223.0000000000000000, -208.0000000000000000, 50.25000000000000000 ) ) ;
#1207 = LINE ( 'NONE', #1583, #4889 ) ;
#1208 = DIRECTION ( 'NONE',  ( -0.000000000000000000, 0.000000000000000000, -1.000000000000000000 ) ) ;
#1209 = CARTESIAN_POINT ( 'NONE',  ( 218.2000000000000171, -203.9000000000000057, 100.0000000000000000 ) ) ;
#1210 = PLANE ( 'NONE',  #48 ) ;
#1211 = ORIENTED_EDGE ( 'NONE', *, *, #671, .F. ) ;
#1212 = FACE_OUTER_BOUND ( 'NONE', #285, .T. ) ;
#1213 = VECTOR ( 'NONE', #3953, 1000.000000000000000 ) ;
#1214 = DIRECTION ( 'NONE',  ( 0.000000000000000000, -1.000000000000000000, -0.000000000000000000 ) ) ;
#1215 = ADVANCED_FACE ( 'NONE', ( #38 ), #4671, .F. ) ;
#1216 = ADVANCED_FACE ( 'NONE', ( #5056 ), #2017, .T. ) ;
#1217 = ORIENTED_EDGE ( 'NONE', *, *, #3210, .T. ) ;
#1218 = DIRECTION ( 'NONE',  ( 1.000000000000000000, 0.000000000000000000, 0.000000000000000000 ) ) ;
#1219 = VERTEX_POINT ( 'NONE', #754 ) ;
#1220 = CARTESIAN_POINT ( 'NONE',  ( -200.5999999999999943, -191.0000000000000000, 44.00000000000000000 ) ) ;
#1221 = DIRECTION ( 'NONE',  ( 1.000000000000000000, 0.000000000000000000, 0.000000000000000000 ) ) ;
#1222 = CARTESIAN_POINT ( 'NONE',  ( 223.0000000000000000, -208.0000000000000000, 106.2500000000000142 ) ) ;
#1223 = ORIENTED_EDGE ( 'NONE', *, *, #1736, .T. ) ;
#1224 = FACE_OUTER_BOUND ( 'NONE', #3367, .T. ) ;
#1225 = VERTEX_POINT ( 'NONE', #1574 ) ;
#1226 = AXIS2_PLACEMENT_3D ( 'NONE', #1689, #224, #3290 ) ;
#1227 = ORIENTED_EDGE ( 'NONE', *, *, #2007, .T. ) ;
#1228 = ORIENTED_EDGE ( 'NONE', *, *, #2366, .T. ) ;
#1229 = ADVANCED_FACE ( 'NONE', ( #3566 ), #806, .F. ) ;
#1230 = PLANE ( 'NONE',  #1058 ) ;
#1231 = LINE ( 'NONE', #457, #4068 ) ;
#1232 = LINE ( 'NONE', #3604, #3002 ) ;
#1233 = LINE ( 'NONE', #2357, #2145 ) ;
#1234 = CARTESIAN_POINT ( 'NONE',  ( 213.4000000000000057, -199.2500000000000000, 52.00000000000000000 ) ) ;
#1235 = ORIENTED_EDGE ( 'NONE', *, *, #3257, .F. ) ;
#1236 = ADVANCED_FACE ( 'NONE', ( #1523, #1548 ), #3068, .T. ) ;
#1237 = PLANE ( 'NONE',  #4775 ) ;
#1238 = VECTOR ( 'NONE', #1156, 1000.000000000000000 ) ;
#1239 = LINE ( 'NONE', #1563, #1573 ) ;
#1241 = EDGE_CURVE ( 'NONE', #1163, #2664, #1653, .T. ) ;
#1240 = ORIENTED_EDGE ( 'NONE', *, *, #4262, .F. ) ;
#1242 = CIRCLE ( 'NONE', #4017, 3.200000000000001510 ) ;
#1243 = EDGE_CURVE ( 'NONE', #889, #1219, #1811, .T. ) ;
#1244 = CARTESIAN_POINT ( 'NONE',  ( -215.0000000000000000, -210.7827506026967228, 75.63805349013748014 ) ) ;
#1245 = ORIENTED_EDGE ( 'NONE', *, *, #2901, .F. ) ;
#1246 = CARTESIAN_POINT ( 'NONE',  ( -205.0000000000000284, -192.5000000000000000, 98.00000000000000000 ) ) ;
#1247 = FACE_OUTER_BOUND ( 'NONE', #3517, .T. ) ;
#1248 = AXIS2_PLACEMENT_3D ( 'NONE', #33, #2267, #1594 ) ;
#1249 = DIRECTION ( 'NONE',  ( 0.000000000000000000, 0.000000000000000000, 1.000000000000000000 ) ) ;
#1250 = CIRCLE ( 'NONE', #2880, 4.100000000000006750 ) ;
#1251 = ORIENTED_EDGE ( 'NONE', *, *, #3019, .T. ) ;
#1252 = FACE_BOUND ( 'NONE', #2107, .T. ) ;
#1253 = EDGE_LOOP ( 'NONE', ( #1148, #3308 ) ) ;
#1254 = AXIS2_PLACEMENT_3D ( 'NONE', #3633, #4717, #108 ) ;
#1255 = EDGE_LOOP ( 'NONE', ( #217, #3726 ) ) ;
#1256 = ORIENTED_EDGE ( 'NONE', *, *, #1494, .F. ) ;
#1257 = AXIS2_PLACEMENT_3D ( 'NONE', #3716, #3256, #1376 ) ;
#1258 = CARTESIAN_POINT ( 'NONE',  ( 196.5999999999999943, -192.5000000000000000, 44.00000000000000000 ) ) ;
#1259 = CARTESIAN_POINT ( 'NONE',  ( 227.0000000000000000, -208.0000000000000000, 44.00000000000000000 ) ) ;
#1260 = DIRECTION ( 'NONE',  ( -0.000000000000000000, 1.000000000000000000, 0.000000000000000000 ) ) ;
#1261 = VECTOR ( 'NONE', #4636, 1000.000000000000000 ) ;
#1262 = FACE_OUTER_BOUND ( 'NONE', #3805, .T. ) ;
#1263 = EDGE_CURVE ( 'NONE', #4532, #79, #2732, .T. ) ;
#1264 = ORIENTED_EDGE ( 'NONE', *, *, #939, .F. ) ;
#1265 = DIRECTION ( 'NONE',  ( 0.000000000000000000, 0.000000000000000000, 1.000000000000000000 ) ) ;
#1266 = DIRECTION ( 'NONE',  ( 0.000000000000000000, 0.000000000000000000, -1.000000000000000000 ) ) ;
#1267 = EDGE_CURVE ( 'NONE', #785, #797, #399, .T. ) ;
#1268 = ORIENTED_EDGE ( 'NONE', *, *, #3253, .F. ) ;
#1269 = LINE ( 'NONE', #113, #1089 ) ;
#1270 = VERTEX_POINT ( 'NONE', #1222 ) ;
#1271 = LINE ( 'NONE', #2805, #1762 ) ;
#1272 = FACE_OUTER_BOUND ( 'NONE', #4338, .T. ) ;
#1273 = ADVANCED_FACE ( 'NONE', ( #2783, #2677 ), #375, .T. ) ;
#1274 = ADVANCED_FACE ( 'NONE', ( #422 ), #4364, .F. ) ;
#1275 = DIRECTION ( 'NONE',  ( 0.000000000000000000, 1.000000000000000000, 0.000000000000000000 ) ) ;
#1276 = VERTEX_POINT ( 'NONE', #4646 ) ;
#1277 = DIRECTION ( 'NONE',  ( -1.000000000000000000, -0.000000000000000000, -0.000000000000000000 ) ) ;
#1278 = VECTOR ( 'NONE', #4389, 1000.000000000000000 ) ;
#1279 = EDGE_CURVE ( 'NONE', #4024, #1184, #2758, .T. ) ;
#1280 = ORIENTED_EDGE ( 'NONE', *, *, #4201, .F. ) ;
#1281 = EDGE_CURVE ( 'NONE', #716, #801, #2372, .T. ) ;
#1282 = AXIS2_PLACEMENT_3D ( 'NONE', #1556, #2821, #459 ) ;
#1283 = ORIENTED_EDGE ( 'NONE', *, *, #1894, .F. ) ;
#1284 = ORIENTED_EDGE ( 'NONE', *, *, #3509, .F. ) ;
#1285 = DIRECTION ( 'NONE',  ( 0.000000000000000000, -1.000000000000000000, -0.000000000000000000 ) ) ;
#1286 = DIRECTION ( 'NONE',  ( 0.000000000000000000, 0.000000000000000000, 1.000000000000000000 ) ) ;
#1287 = DIRECTION ( 'NONE',  ( 0.000000000000000000, 0.000000000000000000, 1.000000000000000000 ) ) ;
#1288 = DIRECTION ( 'NONE',  ( 0.000000000000000000, 0.000000000000000000, -1.000000000000000000 ) ) ;
#1289 = LINE ( 'NONE', #3988, #289 ) ;
#1290 = VERTEX_POINT ( 'NONE', #2398 ) ;
#1291 = CARTESIAN_POINT ( 'NONE',  ( -191.8000000000000398, -208.0000000000000000, 100.0000000000000000 ) ) ;
#1292 = CARTESIAN_POINT ( 'NONE',  ( -222.0000000000000284, -192.5000000000000000, 98.00000000000000000 ) ) ;
#1293 = VERTEX_POINT ( 'NONE', #1120 ) ;
#1294 = VECTOR ( 'NONE', #2812, 1000.000000000000000 ) ;
#1295 = ORIENTED_EDGE ( 'NONE', *, *, #2086, .F. ) ;
#1296 = EDGE_CURVE ( 'NONE', #761, #589, #4260, .T. ) ;
#1297 = ORIENTED_EDGE ( 'NONE', *, *, #3594, .T. ) ;
#1298 = CARTESIAN_POINT ( 'NONE',  ( -198.5999999999999943, -207.5000000000000284, 100.0000000000000000 ) ) ;
#1299 = PLANE ( 'NONE',  #1956 ) ;
#1300 = EDGE_LOOP ( 'NONE', ( #3496, #2600, #769, #1143, #3650, #2696, #1786, #3027, #2093, #4179, #3017, #2911, #2363, #2079, #1223, #812, #2789, #3204, #3174, #4906 ) ) ;
#1301 = VECTOR ( 'NONE', #1554, 1000.000000000000000 ) ;
#1302 = CARTESIAN_POINT ( 'NONE',  ( 198.5999999999999943, -199.2500000000000000, 44.00000000000000000 ) ) ;
#1303 = AXIS2_PLACEMENT_3D ( 'NONE', #3713, #290, #3793 ) ;
#1304 = ORIENTED_EDGE ( 'NONE', *, *, #2388, .F. ) ;
#1305 = ORIENTED_EDGE ( 'NONE', *, *, #1796, .F. ) ;
#1306 = CYLINDRICAL_SURFACE ( 'NONE', #341, 8.000000000000000000 ) ;
#1307 = ADVANCED_FACE ( 'NONE', ( #3871 ), #346, .T. ) ;
#1308 = LINE ( 'NONE', #1753, #3080 ) ;
#1309 = EDGE_CURVE ( 'NONE', #2777, #1559, #2448, .T. ) ;
#1310 = LINE ( 'NONE', #943, #3666 ) ;
#1311 = DIRECTION ( 'NONE',  ( 0.000000000000000000, 0.000000000000000000, -1.000000000000000000 ) ) ;
#1312 = DIRECTION ( 'NONE',  ( 0.000000000000000000, 0.000000000000000000, -1.000000000000000000 ) ) ;
#1313 = VERTEX_POINT ( 'NONE', #546 ) ;
#1314 = LINE ( 'NONE', #4431, #1820 ) ;
#1315 = FACE_OUTER_BOUND ( 'NONE', #2166, .T. ) ;
#1316 = VERTEX_POINT ( 'NONE', #2836 ) ;
#1317 = DIRECTION ( 'NONE',  ( 0.000000000000000000, 0.000000000000000000, -1.000000000000000000 ) ) ;
#1318 = ORIENTED_EDGE ( 'NONE', *, *, #1801, .F. ) ;
#1319 = DIRECTION ( 'NONE',  ( 1.000000000000000000, 0.000000000000000000, 0.000000000000000000 ) ) ;
#1320 = EDGE_CURVE ( 'NONE', #2477, #3155, #4391, .T. ) ;
#1321 = DIRECTION ( 'NONE',  ( 1.000000000000000000, 0.000000000000000000, -0.000000000000000000 ) ) ;
#1322 = ORIENTED_EDGE ( 'NONE', *, *, #2917, .F. ) ;
#1323 = CARTESIAN_POINT ( 'NONE',  ( -196.5999999999999943, -217.4709960404728406, 68.20385057630288372 ) ) ;
#1324 = ORIENTED_EDGE ( 'NONE', *, *, #3365, .T. ) ;
#1325 = VECTOR ( 'NONE', #3335, 1000.000000000000000 ) ;
#1326 = ORIENTED_EDGE ( 'NONE', *, *, #2538, .F. ) ;
#1327 = ORIENTED_EDGE ( 'NONE', *, *, #2102, .T. ) ;
#1328 = CARTESIAN_POINT ( 'NONE',  ( -209.4000000000000057, -192.5000000000000000, 44.00000000000000000 ) ) ;
#1329 = CARTESIAN_POINT ( 'NONE',  ( 196.5999999999999943, -210.7827506026967228, 75.63805349013748014 ) ) ;
#1330 = LINE ( 'NONE', #4475, #1193 ) ;
#1331 = VECTOR ( 'NONE', #4771, 1000.000000000000000 ) ;
#1332 = CARTESIAN_POINT ( 'NONE',  ( -196.5999999999999943, -191.0000000000000000, 81.57217269979952334 ) ) ;
#1333 = PLANE ( 'NONE',  #2125 ) ;
#1334 = CC_DESIGN_PERSON_AND_ORGANIZATION_ASSIGNMENT ( #3803, #3443, ( #3006 ) ) ;
#1335 = VECTOR ( 'NONE', #4374, 1000.000000000000000 ) ;
#1336 = ADVANCED_FACE ( 'NONE', ( #1346 ), #1299, .T. ) ;
#1337 = EDGE_LOOP ( 'NONE', ( #2464, #12, #154, #4690 ) ) ;
#1338 = AXIS2_PLACEMENT_3D ( 'NONE', #1737, #2462, #2565 ) ;
#1339 = DIRECTION ( 'NONE',  ( 1.000000000000000000, 0.000000000000000000, -0.000000000000000000 ) ) ;
#1340 = CIRCLE ( 'NONE', #3643, 3.200000000000001510 ) ;
#1341 = DIRECTION ( 'NONE',  ( 1.000000000000000000, 0.000000000000000000, 0.000000000000000000 ) ) ;
#1342 = ORIENTED_EDGE ( 'NONE', *, *, #2460, .T. ) ;
#1343 = PLANE ( 'NONE',  #4249 ) ;
#1344 = ORIENTED_EDGE ( 'NONE', *, *, #2550, .F. ) ;
#1345 = FACE_OUTER_BOUND ( 'NONE', #700, .T. ) ;
#1346 = FACE_OUTER_BOUND ( 'NONE', #3673, .T. ) ;
#1347 = ORIENTED_EDGE ( 'NONE', *, *, #1119, .T. ) ;
#1348 = EDGE_CURVE ( 'NONE', #787, #1446, #117, .T. ) ;
#1349 = PLANE ( 'NONE',  #2150 ) ;
#1350 = ORIENTED_EDGE ( 'NONE', *, *, #2042, .F. ) ;
#1351 = ORIENTED_EDGE ( 'NONE', *, *, #3062, .T. ) ;
#1352 = CIRCLE ( 'NONE', #3819, 11.99999999999999645 ) ;
#1353 = CARTESIAN_POINT ( 'NONE',  ( -213.4000000000000057, -191.0000000000000000, 106.0000000000000142 ) ) ;
#1354 = CARTESIAN_POINT ( 'NONE',  ( -213.4000000000000057, -203.9000000000000057, 44.00000000000000000 ) ) ;
#1355 = EDGE_CURVE ( 'NONE', #394, #3375, #2039, .T. ) ;
#1356 = DIRECTION ( 'NONE',  ( 0.000000000000000000, 0.000000000000000000, -1.000000000000000000 ) ) ;
#1357 = FACE_OUTER_BOUND ( 'NONE', #2429, .T. ) ;
#1358 = DIRECTION ( 'NONE',  ( 0.000000000000000000, 0.000000000000000000, -1.000000000000000000 ) ) ;
#1359 = VECTOR ( 'NONE', #4224, 1000.000000000000000 ) ;
#1360 = ORIENTED_EDGE ( 'NONE', *, *, #1701, .T. ) ;
#1361 = DIRECTION ( 'NONE',  ( 0.000000000000000000, 0.000000000000000000, -1.000000000000000000 ) ) ;
#1362 = VECTOR ( 'NONE', #2673, 1000.000000000000000 ) ;
#1363 = FACE_BOUND ( 'NONE', #664, .T. ) ;
#1364 = CARTESIAN_POINT ( 'NONE',  ( 198.5999999999999943, -207.5000000000000284, 100.0000000000000000 ) ) ;
#1365 = CARTESIAN_POINT ( 'NONE',  ( 213.4000000000000057, -191.0000000000000000, 44.00000000000000000 ) ) ;
#1366 = VERTEX_POINT ( 'NONE', #4851 ) ;
#1367 = CARTESIAN_POINT ( 'NONE',  ( 200.5999999999999943, -199.2500000000000000, 106.0000000000000142 ) ) ;
#1368 = CIRCLE ( 'NONE', #3498, 11.99999999999999645 ) ;
#1369 = CIRCLE ( 'NONE', #706, 5.100000000000000533 ) ;
#1370 = EDGE_CURVE ( 'NONE', #4469, #3831, #2423, .T. ) ;
#1371 = ORIENTED_EDGE ( 'NONE', *, *, #4543, .F. ) ;
#1372 = DIRECTION ( 'NONE',  ( 1.000000000000000000, 0.000000000000000000, -0.000000000000000000 ) ) ;
#1373 = ADVANCED_FACE ( 'NONE', ( #474 ), #4491, .T. ) ;
#1374 = CARTESIAN_POINT ( 'NONE',  ( -215.0000000000000000, -202.5000000000000000, 89.10000000000000853 ) ) ;
#1375 = ORIENTED_EDGE ( 'NONE', *, *, #144, .F. ) ;
#1376 = DIRECTION ( 'NONE',  ( 0.000000000000000000, 0.000000000000000000, 1.000000000000000000 ) ) ;
#1377 = VERTEX_POINT ( 'NONE', #4101 ) ;
#1378 = ORIENTED_EDGE ( 'NONE', *, *, #2054, .T. ) ;
#1379 = CARTESIAN_POINT ( 'NONE',  ( 209.4000000000000057, -215.0000000000000000, 56.57179676972449300 ) ) ;
#1380 = DIRECTION ( 'NONE',  ( 0.000000000000000000, 0.000000000000000000, -1.000000000000000000 ) ) ;
#1381 = CARTESIAN_POINT ( 'NONE',  ( -209.4000000000000057, -210.7827506026967228, 71.53805349013747161 ) ) ;
#1382 = PLANE ( 'NONE',  #1819 ) ;
#1383 = FACE_OUTER_BOUND ( 'NONE', #5078, .T. ) ;
#1384 = EDGE_CURVE ( 'NONE', #536, #2410, #4844, .T. ) ;
#1385 = ORIENTED_EDGE ( 'NONE', *, *, #2619, .F. ) ;
#1386 = EDGE_LOOP ( 'NONE', ( #3786, #2627, #2418, #628 ) ) ;
#1387 = DIRECTION ( 'NONE',  ( 1.000000000000000000, 0.000000000000000000, -0.000000000000000000 ) ) ;
#1388 = CARTESIAN_POINT ( 'NONE',  ( 223.0000000000000000, -208.0000000000000000, 45.75000000000000000 ) ) ;
#1389 = LINE ( 'NONE', #4067, #2476 ) ;
#1390 = CARTESIAN_POINT ( 'NONE',  ( -200.5999999999999943, -191.0000000000000000, 88.42782730020049087 ) ) ;
#1391 = ORIENTED_EDGE ( 'NONE', *, *, #737, .F. ) ;
#1392 = DIRECTION ( 'NONE',  ( 1.000000000000000000, 0.000000000000000000, -0.000000000000000000 ) ) ;
#1393 = ORIENTED_EDGE ( 'NONE', *, *, #4167, .T. ) ;
#1394 = CARTESIAN_POINT ( 'NONE',  ( -213.4000000000000057, -210.7827506026967228, 79.73805349013748867 ) ) ;
#1395 = ADVANCED_FACE ( 'NONE', ( #963 ), #4778, .T. ) ;
#1396 = EDGE_CURVE ( 'NONE', #3798, #2612, #3668, .T. ) ;
#1397 = CARTESIAN_POINT ( 'NONE',  ( 200.6000000000000227, -203.9000000000000057, 108.0000000000000142 ) ) ;
#1398 = ORIENTED_EDGE ( 'NONE', *, *, #343, .T. ) ;
#1399 = DIRECTION ( 'NONE',  ( 1.000000000000000000, 0.000000000000000000, 0.000000000000000000 ) ) ;
#1400 = ORIENTED_EDGE ( 'NONE', *, *, #70, .T. ) ;
#1401 = EDGE_LOOP ( 'NONE', ( #1186, #2348, #4683, #4756 ) ) ;
#1402 = FACE_OUTER_BOUND ( 'NONE', #2681, .T. ) ;
#1403 = VECTOR ( 'NONE', #712, 1000.000000000000000 ) ;
#1404 = DIRECTION ( 'NONE',  ( 0.000000000000000000, -1.000000000000000000, -0.000000000000000000 ) ) ;
#1405 = DIRECTION ( 'NONE',  ( -0.000000000000000000, 1.000000000000000000, 0.000000000000000000 ) ) ;
#1406 = CARTESIAN_POINT ( 'NONE',  ( -196.5999999999999943, -203.9000000000000057, 100.0000000000000000 ) ) ;
#1407 = CARTESIAN_POINT ( 'NONE',  ( -223.0000000000000000, -208.0000000000000000, 104.0000000000000142 ) ) ;
#1408 = ORIENTED_EDGE ( 'NONE', *, *, #3781, .F. ) ;
#1409 = VERTEX_POINT ( 'NONE', #2909 ) ;
#1410 = CARTESIAN_POINT ( 'NONE',  ( 213.4000000000000057, -217.4709960404728406, 68.20385057630288372 ) ) ;
#1411 = AXIS2_PLACEMENT_3D ( 'NONE', #3757, #824, #2181 ) ;
#1412 = CARTESIAN_POINT ( 'NONE',  ( -187.0000000000000000, -203.9000000000000057, 50.25000000000000000 ) ) ;
#1413 = LINE ( 'NONE', #4040, #2067 ) ;
#1414 = DIRECTION ( 'NONE',  ( 0.000000000000000000, -1.000000000000000000, 0.000000000000000000 ) ) ;
#1415 = AXIS2_PLACEMENT_3D ( 'NONE', #4427, #4523, #1311 ) ;
#1416 = ORIENTED_EDGE ( 'NONE', *, *, #1081, .F. ) ;
#1417 = VECTOR ( 'NONE', #4820, 1000.000000000000000 ) ;
#1418 = DIRECTION ( 'NONE',  ( 1.000000000000000000, 0.000000000000000000, 0.000000000000000000 ) ) ;
#1419 = VECTOR ( 'NONE', #1679, 1000.000000000000000 ) ;
#1420 = ORIENTED_EDGE ( 'NONE', *, *, #989, .F. ) ;
#1421 = FACE_OUTER_BOUND ( 'NONE', #4409, .T. ) ;
#1422 = EDGE_CURVE ( 'NONE', #889, #1997, #1652, .T. ) ;
#1423 = VECTOR ( 'NONE', #4100, 1000.000000000000000 ) ;
#1424 = DIRECTION ( 'NONE',  ( 0.000000000000000000, 0.000000000000000000, 1.000000000000000000 ) ) ;
#1425 = VERTEX_POINT ( 'NONE', #4805 ) ;
#1426 = CARTESIAN_POINT ( 'NONE',  ( 209.4000000000000057, -215.0000000000000000, 56.57179676972449300 ) ) ;
#1427 = EDGE_CURVE ( 'NONE', #4728, #3798, #933, .T. ) ;
#1428 = VERTEX_POINT ( 'NONE', #1699 ) ;
#1429 = ORIENTED_EDGE ( 'NONE', *, *, #4832, .T. ) ;
#1430 = DIRECTION ( 'NONE',  ( -1.000000000000000000, 0.000000000000000000, 0.000000000000000000 ) ) ;
#1431 = LINE ( 'NONE', #272, #2341 ) ;
#1432 = DIRECTION ( 'NONE',  ( 0.000000000000000000, 0.000000000000000000, -1.000000000000000000 ) ) ;
#1433 = EDGE_CURVE ( 'NONE', #2759, #1492, #1694, .T. ) ;
#1434 = DIRECTION ( 'NONE',  ( 1.000000000000000000, 0.000000000000000000, -0.000000000000000000 ) ) ;
#1435 = VECTOR ( 'NONE', #840, 1000.000000000000000 ) ;
#1436 = VERTEX_POINT ( 'NONE', #4465 ) ;
#1437 = EDGE_LOOP ( 'NONE', ( #1728, #749, #2442, #249 ) ) ;
#1438 = LINE ( 'NONE', #3424, #576 ) ;
#1439 = LINE ( 'NONE', #3007, #4126 ) ;
#1440 = DIRECTION ( 'NONE',  ( -0.000000000000000000, 1.000000000000000000, 0.000000000000000000 ) ) ;
#1441 = LINE ( 'NONE', #2686, #1112 ) ;
#1442 = AXIS2_PLACEMENT_3D ( 'NONE', #740, #5068, #1059 ) ;
#1443 = EDGE_LOOP ( 'NONE', ( #3904, #2494, #315, #3348, #4559, #2746, #294, #1371, #3598, #2194, #4885, #1264 ) ) ;
#1444 = AXIS2_PLACEMENT_3D ( 'NONE', #1687, #3676, #4813 ) ;
#1445 = CARTESIAN_POINT ( 'NONE',  ( 222.0000000000000284, -192.5000000000000000, 98.00000000000000000 ) ) ;
#1446 = VERTEX_POINT ( 'NONE', #2498 ) ;
#1447 = DIRECTION ( 'NONE',  ( 0.000000000000000000, 0.000000000000000000, 1.000000000000000000 ) ) ;
#1448 = EDGE_CURVE ( 'NONE', #2890, #1562, #388, .T. ) ;
#1449 = CARTESIAN_POINT ( 'NONE',  ( -200.6000000000000227, -208.0000000000000000, 108.0000000000000142 ) ) ;
#1450 = ORIENTED_EDGE ( 'NONE', *, *, #1895, .T. ) ;
#1451 = LINE ( 'NONE', #3018, #3077 ) ;
#1452 = EDGE_LOOP ( 'NONE', ( #389, #2452, #1131, #1916, #19, #3302 ) ) ;
#1453 = VECTOR ( 'NONE', #4540, 1000.000000000000000 ) ;
#1454 = CARTESIAN_POINT ( 'NONE',  ( 205.0000000000000284, -192.5000000000000000, 98.00000000000000000 ) ) ;
#1455 = DIRECTION ( 'NONE',  ( 0.000000000000000000, 1.000000000000000000, 0.000000000000000000 ) ) ;
#1456 = CARTESIAN_POINT ( 'NONE',  ( 196.5999999999999943, -202.5000000000000000, 85.00000000000000000 ) ) ;
#1457 = PERSON_AND_ORGANIZATION ( #3883, #4766 ) ;
#1458 = EDGE_CURVE ( 'NONE', #3714, #3359, #4873, .T. ) ;
#1459 = ORIENTED_EDGE ( 'NONE', *, *, #4804, .F. ) ;
#1460 = ORIENTED_EDGE ( 'NONE', *, *, #3378, .F. ) ;
#1461 = EDGE_CURVE ( 'NONE', #4251, #2752, #3301, .T. ) ;
#1462 = FACE_OUTER_BOUND ( 'NONE', #4525, .T. ) ;
#1463 = LINE ( 'NONE', #3029, #448 ) ;
#1464 = DIRECTION ( 'NONE',  ( 1.000000000000000000, 0.000000000000000000, 0.000000000000000000 ) ) ;
#1465 = CARTESIAN_POINT ( 'NONE',  ( 209.4000000000000057, -207.5000000000000284, 100.0000000000000000 ) ) ;
#1466 = ORIENTED_EDGE ( 'NONE', *, *, #949, .F. ) ;
#1467 = FACE_OUTER_BOUND ( 'NONE', #3087, .T. ) ;
#1468 = ORIENTED_EDGE ( 'NONE', *, *, #2545, .T. ) ;
#1469 = DIRECTION ( 'NONE',  ( 0.000000000000000000, 0.000000000000000000, -1.000000000000000000 ) ) ;
#1470 = LOCAL_TIME ( 16, 54, 0.000000000000000000, #3828 ) ;
#1471 = LINE ( 'NONE', #4900, #1453 ) ;
#1472 = VERTEX_POINT ( 'NONE', #1040 ) ;
#1473 = DIRECTION ( 'NONE',  ( -1.000000000000000000, -0.000000000000000000, 0.000000000000000000 ) ) ;
#1474 = ADVANCED_FACE ( 'NONE', ( #2989 ), #4182, .T. ) ;
#1475 = CIRCLE ( 'NONE', #4608, 4.100000000000006750 ) ;
#1476 = CYLINDRICAL_SURFACE ( 'NONE', #3222, 4.100000000000006750 ) ;
#1477 = DIRECTION ( 'NONE',  ( 1.000000000000000000, 0.000000000000000000, 0.000000000000000000 ) ) ;
#1478 = DIRECTION ( 'NONE',  ( -1.000000000000000000, -0.000000000000000000, -0.000000000000000000 ) ) ;
#1479 = EDGE_CURVE ( 'NONE', #3841, #4897, #4587, .T. ) ;
#1480 = APPROVAL_ROLE ( '' ) ;
#1481 = AXIS2_PLACEMENT_3D ( 'NONE', #4505, #974, #999 ) ;
#1482 = EDGE_LOOP ( 'NONE', ( #2524, #2690, #4615, #4834 ) ) ;
#1483 = VERTEX_POINT ( 'NONE', #3379 ) ;
#1484 = DIRECTION ( 'NONE',  ( 1.000000000000000000, 0.000000000000000000, 0.000000000000000000 ) ) ;
#1485 = CARTESIAN_POINT ( 'NONE',  ( -196.5999999999999943, -202.5000000000000000, 85.00000000000000000 ) ) ;
#1486 = DIRECTION ( 'NONE',  ( -0.000000000000000000, 0.000000000000000000, -1.000000000000000000 ) ) ;
#1487 = EDGE_CURVE ( 'NONE', #4278, #3148, #212, .T. ) ;
#1488 = DIRECTION ( 'NONE',  ( -1.000000000000000000, 0.000000000000000000, 0.000000000000000000 ) ) ;
#1489 = ORIENTED_EDGE ( 'NONE', *, *, #1243, .F. ) ;
#1490 = CARTESIAN_POINT ( 'NONE',  ( -211.5000000000000000, -211.0000000000000000, 68.59999999999999432 ) ) ;
#1491 = VECTOR ( 'NONE', #3695, 1000.000000000000000 ) ;
#1492 = VERTEX_POINT ( 'NONE', #2624 ) ;
#1493 = CARTESIAN_POINT ( 'NONE',  ( -187.0000000000000000, -203.9000000000000057, 48.00000000000000000 ) ) ;
#1494 = EDGE_CURVE ( 'NONE', #3943, #2553, #674, .T. ) ;
#1495 = VECTOR ( 'NONE', #312, 1000.000000000000000 ) ;
#1496 = CIRCLE ( 'NONE', #1824, 9.999999999999994671 ) ;
#1497 = LINE ( 'NONE', #369, #3382 ) ;
#1498 = ORIENTED_EDGE ( 'NONE', *, *, #1606, .T. ) ;
#1499 = AXIS2_PLACEMENT_3D ( 'NONE', #4076, #2597, #3709 ) ;
#1500 = DIRECTION ( 'NONE',  ( 0.000000000000000000, 0.000000000000000000, -1.000000000000000000 ) ) ;
#1501 = CARTESIAN_POINT ( 'NONE',  ( -215.0000000000000000, -211.0000000000000000, 60.29999999999999716 ) ) ;
#1502 = CARTESIAN_POINT ( 'NONE',  ( 209.4000000000000057, -207.5000000000000284, 44.00000000000000000 ) ) ;
#1503 = DIRECTION ( 'NONE',  ( 1.000000000000000000, 0.000000000000000000, -0.000000000000000000 ) ) ;
#1504 = VERTEX_POINT ( 'NONE', #3739 ) ;
#1505 = EDGE_LOOP ( 'NONE', ( #2045, #528, #4019, #1084, #600, #5023, #71, #2504 ) ) ;
#1506 = VERTEX_POINT ( 'NONE', #984 ) ;
#1507 = EDGE_CURVE ( 'NONE', #2664, #2157, #2610, .T. ) ;
#1508 = DIRECTION ( 'NONE',  ( -1.000000000000000000, -0.000000000000000000, 0.000000000000000000 ) ) ;
#1509 = FACE_OUTER_BOUND ( 'NONE', #2613, .T. ) ;
#1510 = LINE ( 'NONE', #1129, #267 ) ;
#1511 = DIRECTION ( 'NONE',  ( 1.000000000000000000, 0.000000000000000000, -0.000000000000000000 ) ) ;
#1512 = VERTEX_POINT ( 'NONE', #2162 ) ;
#1513 = DIRECTION ( 'NONE',  ( -1.000000000000000000, -0.000000000000000000, 0.000000000000000000 ) ) ;
#1514 = ORIENTED_EDGE ( 'NONE', *, *, #2885, .F. ) ;
#1515 = CARTESIAN_POINT ( 'NONE',  ( 205.0000000000000284, -191.5000000000000000, 106.0000000000000142 ) ) ;
#1517 = ADVANCED_FACE ( 'NONE', ( #4617 ), #1774, .F. ) ;
#1516 = VERTEX_POINT ( 'NONE', #648 ) ;
#1518 = CARTESIAN_POINT ( 'NONE',  ( 200.5999999999999943, -215.0000000000000000, 44.00000000000000000 ) ) ;
#1519 = VECTOR ( 'NONE', #3974, 1000.000000000000000 ) ;
#1520 = VERTEX_POINT ( 'NONE', #265 ) ;
#1521 = CARTESIAN_POINT ( 'NONE',  ( -218.2000000000000171, -203.9000000000000057, 100.0000000000000000 ) ) ;
#1522 = CARTESIAN_POINT ( 'NONE',  ( 196.5999999999999943, -191.0000000000000000, 88.42782730020049087 ) ) ;
#1523 = FACE_BOUND ( 'NONE', #4053, .T. ) ;
#1524 = ORIENTED_EDGE ( 'NONE', *, *, #1734, .F. ) ;
#1525 = CARTESIAN_POINT ( 'NONE',  ( 195.0000000000000000, -211.0000000000000000, 63.50000000000000000 ) ) ;
#1526 = AXIS2_PLACEMENT_3D ( 'NONE', #2470, #4415, #884 ) ;
#1527 = ORIENTED_EDGE ( 'NONE', *, *, #2263, .F. ) ;
#1528 = VERTEX_POINT ( 'NONE', #4570 ) ;
#1529 = LINE ( 'NONE', #1258, #3271 ) ;
#1530 = DIRECTION ( 'NONE',  ( -1.000000000000000000, -0.000000000000000000, 0.000000000000000000 ) ) ;
#1531 = DIRECTION ( 'NONE',  ( 0.000000000000000000, 0.000000000000000000, 1.000000000000000000 ) ) ;
#1532 = DIRECTION ( 'NONE',  ( -1.000000000000000000, -0.000000000000000000, -0.000000000000000000 ) ) ;
#1533 = EDGE_CURVE ( 'NONE', #147, #863, #597, .T. ) ;
#1534 = ORIENTED_EDGE ( 'NONE', *, *, #486, .F. ) ;
#1535 = DIRECTION ( 'NONE',  ( 1.000000000000000000, 0.000000000000000000, 0.000000000000000000 ) ) ;
#1536 = CIRCLE ( 'NONE', #3520, 9.999999999999994671 ) ;
#1537 = VERTEX_POINT ( 'NONE', #1397 ) ;
#1538 = DIRECTION ( 'NONE',  ( 0.000000000000000000, -1.000000000000000000, 0.000000000000000000 ) ) ;
#1539 = EDGE_CURVE ( 'NONE', #355, #1504, #1828, .T. ) ;
#1540 = EDGE_LOOP ( 'NONE', ( #3436, #4144 ) ) ;
#1541 = LINE ( 'NONE', #1138, #1815 ) ;
#1542 = VERTEX_POINT ( 'NONE', #2961 ) ;
#1543 = CARTESIAN_POINT ( 'NONE',  ( 187.0000000000000000, -208.4000000000000057, 101.7500000000000000 ) ) ;
#1544 = DIRECTION ( 'NONE',  ( 0.000000000000000000, 1.000000000000000000, 0.000000000000000000 ) ) ;
#1545 = EDGE_CURVE ( 'NONE', #1062, #2824, #4979, .T. ) ;
#1546 = EDGE_CURVE ( 'NONE', #1559, #3447, #1471, .T. ) ;
#1547 = LOCAL_TIME ( 16, 54, 0.000000000000000000, #5009 ) ;
#1548 = FACE_OUTER_BOUND ( 'NONE', #1386, .T. ) ;
#1549 = VERTEX_POINT ( 'NONE', #4155 ) ;
#1550 = DIRECTION ( 'NONE',  ( 0.000000000000000000, 0.000000000000000000, 1.000000000000000000 ) ) ;
#1551 = EDGE_LOOP ( 'NONE', ( #39, #744 ) ) ;
#1552 = ORIENTED_EDGE ( 'NONE', *, *, #323, .F. ) ;
#1553 = ORIENTED_EDGE ( 'NONE', *, *, #4658, .T. ) ;
#1554 = DIRECTION ( 'NONE',  ( 0.000000000000000000, 1.000000000000000000, 0.000000000000000000 ) ) ;
#1555 = CARTESIAN_POINT ( 'NONE',  ( 227.0000000000000000, -208.0000000000000000, 100.0000000000000000 ) ) ;
#1556 = CARTESIAN_POINT ( 'NONE',  ( 196.5999999999999943, -199.2500000000000000, 44.00000000000000000 ) ) ;
#1557 = DIRECTION ( 'NONE',  ( 1.000000000000000000, 0.000000000000000000, 0.000000000000000000 ) ) ;
#1558 = CARTESIAN_POINT ( 'NONE',  ( 196.5999999999999943, -203.9000000000000057, 44.00000000000000000 ) ) ;
#1559 = VERTEX_POINT ( 'NONE', #1449 ) ;
#1560 = CARTESIAN_POINT ( 'NONE',  ( 196.5999999999999943, -211.0000000000000000, 66.69999999999998863 ) ) ;
#1561 = EDGE_CURVE ( 'NONE', #937, #3148, #1091, .T. ) ;
#1562 = VERTEX_POINT ( 'NONE', #2190 ) ;
#1563 = CARTESIAN_POINT ( 'NONE',  ( -209.4000000000000057, -199.2500000000000000, 106.5000000000000000 ) ) ;
#1564 = CIRCLE ( 'NONE', #3963, 2.250000000000001776 ) ;
#1565 = ORIENTED_EDGE ( 'NONE', *, *, #3791, .F. ) ;
#1566 = EDGE_CURVE ( 'NONE', #4470, #1633, #2649, .T. ) ;
#1567 = DIRECTION ( 'NONE',  ( -0.000000000000000000, 1.000000000000000000, 0.000000000000000000 ) ) ;
#1568 = VECTOR ( 'NONE', #4337, 1000.000000000000000 ) ;
#1569 = ORIENTED_EDGE ( 'NONE', *, *, #853, .T. ) ;
#1570 = PLANE ( 'NONE',  #5060 ) ;
#1571 = DIRECTION ( 'NONE',  ( 0.000000000000000000, 0.000000000000000000, 1.000000000000000000 ) ) ;
#1572 = AXIS2_PLACEMENT_3D ( 'NONE', #4241, #708, #1024 ) ;
#1573 = VECTOR ( 'NONE', #1214, 1000.000000000000000 ) ;
#1574 = CARTESIAN_POINT ( 'NONE',  ( 213.4000000000000057, -202.5000000000000000, 89.10000000000000853 ) ) ;
#1575 = EDGE_LOOP ( 'NONE', ( #540, #3255, #1173, #2043 ) ) ;
#1576 = EDGE_CURVE ( 'NONE', #2837, #3447, #238, .T. ) ;
#1577 = FACE_BOUND ( 'NONE', #1253, .T. ) ;
#1578 = ORIENTED_EDGE ( 'NONE', *, *, #2934, .T. ) ;
#1579 = ORIENTED_EDGE ( 'NONE', *, *, #2255, .T. ) ;
#1580 = VERTEX_POINT ( 'NONE', #4205 ) ;
#1581 = LINE ( 'NONE', #1611, #2852 ) ;
#1582 = EDGE_CURVE ( 'NONE', #954, #1821, #3040, .T. ) ;
#1583 = CARTESIAN_POINT ( 'NONE',  ( 211.4000000000000057, -207.5000000000000284, 100.0000000000000000 ) ) ;
#1584 = EDGE_CURVE ( 'NONE', #4828, #4779, #3328, .T. ) ;
#1585 = DIRECTION ( 'NONE',  ( -0.000000000000000000, 1.000000000000000000, 0.000000000000000000 ) ) ;
#1586 = DIRECTION ( 'NONE',  ( 0.000000000000000000, 0.000000000000000000, -1.000000000000000000 ) ) ;
#1587 = CYLINDRICAL_SURFACE ( 'NONE', #2533, 4.100000000000006750 ) ;
#1588 = ORIENTED_EDGE ( 'NONE', *, *, #3687, .F. ) ;
#1589 = FACE_OUTER_BOUND ( 'NONE', #3813, .T. ) ;
#1590 = FACE_BOUND ( 'NONE', #3608, .T. ) ;
#1591 = CIRCLE ( 'NONE', #940, 8.000000000000007105 ) ;
#1592 = ORIENTED_EDGE ( 'NONE', *, *, #3692, .T. ) ;
#1593 = AXIS2_PLACEMENT_3D ( 'NONE', #1766, #2446, #4802 ) ;
#1594 = DIRECTION ( 'NONE',  ( 0.000000000000000000, 0.000000000000000000, -1.000000000000000000 ) ) ;
#1595 = ORIENTED_EDGE ( 'NONE', *, *, #783, .F. ) ;
#1596 = CARTESIAN_POINT ( 'NONE',  ( -227.0000000000000000, -205.9499999999999886, 100.0000000000000000 ) ) ;
#1597 = VECTOR ( 'NONE', #151, 1000.000000000000000 ) ;
#1598 = CARTESIAN_POINT ( 'NONE',  ( -205.0000000000000284, -192.5000000000000000, 106.0000000000000142 ) ) ;
#1599 = EDGE_CURVE ( 'NONE', #2541, #2780, #3147, .T. ) ;
#1600 = AXIS2_PLACEMENT_3D ( 'NONE', #3191, #55, #2794 ) ;
#1601 = CIRCLE ( 'NONE', #2259, 3.199999999999994404 ) ;
#1602 = CARTESIAN_POINT ( 'NONE',  ( -191.8000000000000398, -208.0000000000000000, 100.0000000000000000 ) ) ;
#1603 = EDGE_LOOP ( 'NONE', ( #1344, #1668, #334, #3554 ) ) ;
#1604 = DIRECTION ( 'NONE',  ( 0.000000000000000000, 0.000000000000000000, 1.000000000000000000 ) ) ;
#1605 = VERTEX_POINT ( 'NONE', #4719 ) ;
#1606 = EDGE_CURVE ( 'NONE', #2066, #1064, #2437, .T. ) ;
#1607 = VECTOR ( 'NONE', #4508, 1000.000000000000000 ) ;
#1608 = VECTOR ( 'NONE', #2570, 1000.000000000000000 ) ;
#1609 = ORIENTED_EDGE ( 'NONE', *, *, #190, .F. ) ;
#1610 = VERTEX_POINT ( 'NONE', #5 ) ;
#1611 = CARTESIAN_POINT ( 'NONE',  ( -200.5999999999999943, -199.2500000000000000, 44.00000000000000000 ) ) ;
#1612 = CARTESIAN_POINT ( 'NONE',  ( 187.0000000000000000, -203.9000000000000057, 106.2500000000000142 ) ) ;
#1613 = LINE ( 'NONE', #791, #2585 ) ;
#1614 = DIRECTION ( 'NONE',  ( 0.000000000000000000, 0.000000000000000000, 1.000000000000000000 ) ) ;
#1615 = CARTESIAN_POINT ( 'NONE',  ( -187.0000000000000000, -208.4000000000000057, 104.0000000000000142 ) ) ;
#1616 = EDGE_CURVE ( 'NONE', #2478, #3714, #1934, .T. ) ;
#1617 = EDGE_CURVE ( 'NONE', #2191, #2167, #1984, .T. ) ;
#1618 = ORIENTED_EDGE ( 'NONE', *, *, #1801, .T. ) ;
#1619 = DIRECTION ( 'NONE',  ( 0.000000000000000000, 0.000000000000000000, 1.000000000000000000 ) ) ;
#1620 = CARTESIAN_POINT ( 'NONE',  ( 213.4000000000000057, -199.2500000000000000, 44.00000000000000000 ) ) ;
#1621 = ORIENTED_EDGE ( 'NONE', *, *, #1980, .T. ) ;
#1622 = CARTESIAN_POINT ( 'NONE',  ( 213.4000000000000057, -210.7827506026967228, 75.63805349013748014 ) ) ;
#1623 = ORIENTED_EDGE ( 'NONE', *, *, #1023, .F. ) ;
#1624 = DIRECTION ( 'NONE',  ( 0.000000000000000000, 0.000000000000000000, 1.000000000000000000 ) ) ;
#1625 = CARTESIAN_POINT ( 'NONE',  ( -187.0000000000000000, -203.9000000000000057, 101.7500000000000000 ) ) ;
#1626 = CARTESIAN_POINT ( 'NONE',  ( -213.4000000000000057, -191.0000000000000000, 44.00000000000000000 ) ) ;
#1627 = ORIENTED_EDGE ( 'NONE', *, *, #1023, .T. ) ;
#1628 = ADVANCED_FACE ( 'NONE', ( #4747 ), #1190, .F. ) ;
#1629 = LINE ( 'NONE', #4727, #1166 ) ;
#1630 = ORIENTED_EDGE ( 'NONE', *, *, #4638, .F. ) ;
#1631 = CC_DESIGN_APPROVAL ( #641, ( #728 ) ) ;
#1632 = EDGE_LOOP ( 'NONE', ( #794, #2126 ) ) ;
#1633 = VERTEX_POINT ( 'NONE', #722 ) ;
#1634 = LINE ( 'NONE', #2708, #3766 ) ;
#1635 = DIRECTION ( 'NONE',  ( 1.000000000000000000, 0.000000000000000000, 0.000000000000000000 ) ) ;
#1636 = EDGE_CURVE ( 'NONE', #2167, #1997, #2966, .T. ) ;
#1637 = CARTESIAN_POINT ( 'NONE',  ( -213.4000000000000057, -215.0000000000000000, 44.00000000000000000 ) ) ;
#1638 = CYLINDRICAL_SURFACE ( 'NONE', #2802, 3.200000000000001510 ) ;
#1639 = DIRECTION ( 'NONE',  ( 0.000000000000000000, 1.000000000000000000, 0.000000000000000000 ) ) ;
#1640 = ORIENTED_EDGE ( 'NONE', *, *, #4383, .F. ) ;
#1641 = CARTESIAN_POINT ( 'NONE',  ( -188.0000000000000000, -190.5000000000000000, 98.00000000000000000 ) ) ;
#1642 = LINE ( 'NONE', #1292, #3392 ) ;
#1643 = EDGE_CURVE ( 'NONE', #2950, #1472, #3796, .T. ) ;
#1644 = CARTESIAN_POINT ( 'NONE',  ( 211.4000000000000057, -203.9000000000000057, 106.5000000000000000 ) ) ;
#1645 = AXIS2_PLACEMENT_3D ( 'NONE', #1841, #1127, #4653 ) ;
#1646 = LINE ( 'NONE', #4411, #4948 ) ;
#1647 = EDGE_CURVE ( 'NONE', #644, #4007, #1497, .T. ) ;
#1648 = VERTEX_POINT ( 'NONE', #3511 ) ;
#1649 = DIRECTION ( 'NONE',  ( 1.000000000000000000, 0.000000000000000000, -0.000000000000000000 ) ) ;
#1650 = DIRECTION ( 'NONE',  ( 0.000000000000000000, -1.000000000000000000, -0.000000000000000000 ) ) ;
#1651 = AXIS2_PLACEMENT_3D ( 'NONE', #3369, #4117, #584 ) ;
#1652 = LINE ( 'NONE', #3688, #548 ) ;
#1653 = CIRCLE ( 'NONE', #4207, 8.000000000000007105 ) ;
#1654 = ORIENTED_EDGE ( 'NONE', *, *, #4621, .T. ) ;
#1655 = CARTESIAN_POINT ( 'NONE',  ( 191.8000000000000398, -205.9499999999999886, 100.0000000000000000 ) ) ;
#1656 = VECTOR ( 'NONE', #1557, 1000.000000000000000 ) ;
#1657 = ORIENTED_EDGE ( 'NONE', *, *, #4410, .F. ) ;
#1658 = ORIENTED_EDGE ( 'NONE', *, *, #4956, .T. ) ;
#1659 = ORIENTED_EDGE ( 'NONE', *, *, #1427, .T. ) ;
#1660 = VECTOR ( 'NONE', #143, 1000.000000000000000 ) ;
#1661 = CARTESIAN_POINT ( 'NONE',  ( -191.8000000000000398, -203.9000000000000057, 108.0000000000000142 ) ) ;
#1662 = CARTESIAN_POINT ( 'NONE',  ( -205.0000000000000284, -190.5000000000000000, 98.00000000000000000 ) ) ;
#1663 = DIRECTION ( 'NONE',  ( 1.000000000000000000, 0.000000000000000000, -0.000000000000000000 ) ) ;
#1664 = CARTESIAN_POINT ( 'NONE',  ( 196.5999999999999943, -191.0000000000000000, 81.57217269979952334 ) ) ;
#1665 = CIRCLE ( 'NONE', #4303, 5.099999999999993427 ) ;
#1666 = DIRECTION ( 'NONE',  ( 0.000000000000000000, 0.000000000000000000, 1.000000000000000000 ) ) ;
#1667 = VECTOR ( 'NONE', #4847, 1000.000000000000000 ) ;
#1668 = ORIENTED_EDGE ( 'NONE', *, *, #3815, .F. ) ;
#1669 = CARTESIAN_POINT ( 'NONE',  ( 205.0000000000000284, -192.5000000000000000, 98.00000000000000000 ) ) ;
#1670 = FACE_OUTER_BOUND ( 'NONE', #3651, .T. ) ;
#1671 = ORIENTED_EDGE ( 'NONE', *, *, #2711, .T. ) ;
#1672 = CARTESIAN_POINT ( 'NONE',  ( 200.5999999999999943, -191.0000000000000000, 88.42782730020049087 ) ) ;
#1673 = ORIENTED_EDGE ( 'NONE', *, *, #1987, .T. ) ;
#1674 = CARTESIAN_POINT ( 'NONE',  ( -200.5999999999999943, -191.5000000000000000, 98.00000000000000000 ) ) ;
#1675 = EDGE_CURVE ( 'NONE', #787, #1316, #5077, .T. ) ;
#1676 = EDGE_CURVE ( 'NONE', #3153, #2513, #747, .T. ) ;
#1677 = DIRECTION ( 'NONE',  ( -1.000000000000000000, -0.000000000000000000, -0.000000000000000000 ) ) ;
#1678 = ORIENTED_EDGE ( 'NONE', *, *, #579, .F. ) ;
#1679 = DIRECTION ( 'NONE',  ( 1.000000000000000000, 0.000000000000000000, -0.000000000000000000 ) ) ;
#1680 = AXIS2_PLACEMENT_3D ( 'NONE', #4250, #1532, #2663 ) ;
#1681 = ORIENTED_EDGE ( 'NONE', *, *, #3751, .F. ) ;
#1682 = CIRCLE ( 'NONE', #3168, 5.099999999999993427 ) ;
#1683 = ORIENTED_EDGE ( 'NONE', *, *, #956, .T. ) ;
#1684 = ORIENTED_EDGE ( 'NONE', *, *, #4546, .F. ) ;
#1685 = DIRECTION ( 'NONE',  ( 0.000000000000000000, 0.000000000000000000, -1.000000000000000000 ) ) ;
#1686 = FACE_OUTER_BOUND ( 'NONE', #3471, .T. ) ;
#1687 = CARTESIAN_POINT ( 'NONE',  ( 211.4000000000000057, -207.5000000000000284, 44.00000000000000000 ) ) ;
#1688 = PLANE ( 'NONE',  #1902 ) ;
#1689 = CARTESIAN_POINT ( 'NONE',  ( -200.5999999999999943, -202.5000000000000000, 85.00000000000000000 ) ) ;
#1690 = ORIENTED_EDGE ( 'NONE', *, *, #4740, .F. ) ;
#1691 = CARTESIAN_POINT ( 'NONE',  ( -223.0000000000000000, -203.9000000000000057, 104.0000000000000142 ) ) ;
#1692 = FACE_BOUND ( 'NONE', #986, .T. ) ;
#1693 = ADVANCED_FACE ( 'NONE', ( #2315, #3919, #4640, #314 ), #1906, .T. ) ;
#1694 = CIRCLE ( 'NONE', #3015, 4.100000000000006750 ) ;
#1695 = DIRECTION ( 'NONE',  ( 1.000000000000000000, 0.000000000000000000, -0.000000000000000000 ) ) ;
#1696 = VERTEX_POINT ( 'NONE', #1518 ) ;
#1697 = CARTESIAN_POINT ( 'NONE',  ( 209.4000000000000057, -202.5000000000000000, 80.90000000000000568 ) ) ;
#1698 = EDGE_CURVE ( 'NONE', #3545, #4674, #4665, .T. ) ;
#1699 = CARTESIAN_POINT ( 'NONE',  ( -200.5999999999999943, -191.0000000000000000, 44.00000000000000000 ) ) ;
#1700 = ORIENTED_EDGE ( 'NONE', *, *, #959, .F. ) ;
#1701 = EDGE_CURVE ( 'NONE', #1549, #302, #1541, .T. ) ;
#1702 = LINE ( 'NONE', #92, #2976 ) ;
#1703 = EDGE_CURVE ( 'NONE', #4124, #118, #1959, .T. ) ;
#1704 = ORIENTED_EDGE ( 'NONE', *, *, #3434, .T. ) ;
#1705 = EDGE_LOOP ( 'NONE', ( #1933, #199, #4274, #4558 ) ) ;
#1706 = VERTEX_POINT ( 'NONE', #4689 ) ;
#1707 = DIRECTION ( 'NONE',  ( 0.000000000000000000, 0.000000000000000000, -1.000000000000000000 ) ) ;
#1708 = LINE ( 'NONE', #4521, #4316 ) ;
#1709 = CARTESIAN_POINT ( 'NONE',  ( -209.4000000000000057, -217.4709960404728406, 68.20385057630288372 ) ) ;
#1710 = CARTESIAN_POINT ( 'NONE',  ( 227.0000000000000000, -208.0000000000000000, 52.00000000000000000 ) ) ;
#1711 = DIRECTION ( 'NONE',  ( 0.000000000000000000, 0.000000000000000000, 1.000000000000000000 ) ) ;
#1712 = VECTOR ( 'NONE', #1711, 1000.000000000000000 ) ;
#1713 = ORIENTED_EDGE ( 'NONE', *, *, #2586, .T. ) ;
#1714 = DIRECTION ( 'NONE',  ( 0.000000000000000000, 0.000000000000000000, 1.000000000000000000 ) ) ;
#1715 = CARTESIAN_POINT ( 'NONE',  ( 200.5999999999999943, -211.0000000000000000, 63.50000000000000000 ) ) ;
#1716 = CIRCLE ( 'NONE', #1990, 11.99999999999999645 ) ;
#1717 = ORIENTED_EDGE ( 'NONE', *, *, #3243, .F. ) ;
#1718 = EDGE_CURVE ( 'NONE', #2377, #3274, #3458, .T. ) ;
#1719 = CARTESIAN_POINT ( 'NONE',  ( -205.0000000000000284, -191.0000000000000000, 106.0000000000000142 ) ) ;
#1720 = ORIENTED_EDGE ( 'NONE', *, *, #4218, .T. ) ;
#1721 = DIRECTION ( 'NONE',  ( 0.000000000000000000, 0.000000000000000000, -1.000000000000000000 ) ) ;
#1722 = EDGE_CURVE ( 'NONE', #2322, #644, #3536, .T. ) ;
#1723 = DIRECTION ( 'NONE',  ( 1.000000000000000000, 0.000000000000000000, -0.000000000000000000 ) ) ;
#1724 = ORIENTED_EDGE ( 'NONE', *, *, #2384, .F. ) ;
#1725 = DIRECTION ( 'NONE',  ( -0.000000000000000000, 0.000000000000000000, -1.000000000000000000 ) ) ;
#1726 = VECTOR ( 'NONE', #3652, 1000.000000000000000 ) ;
#1727 = ORIENTED_EDGE ( 'NONE', *, *, #4830, .T. ) ;
#1728 = ORIENTED_EDGE ( 'NONE', *, *, #853, .F. ) ;
#1729 = LINE ( 'NONE', #2430, #423 ) ;
#1730 = CARTESIAN_POINT ( 'NONE',  ( 213.4000000000000057, -191.0000000000000000, 81.57217269979952334 ) ) ;
#1731 = CARTESIAN_POINT ( 'NONE',  ( 209.4000000000000057, -208.0000000000000000, 108.0000000000000142 ) ) ;
#1732 = DIRECTION ( 'NONE',  ( -0.000000000000000000, 1.000000000000000000, 0.000000000000000000 ) ) ;
#1733 = VECTOR ( 'NONE', #4738, 1000.000000000000000 ) ;
#1734 = EDGE_CURVE ( 'NONE', #2612, #1549, #2671, .T. ) ;
#1735 = ORIENTED_EDGE ( 'NONE', *, *, #978, .F. ) ;
#1736 = EDGE_CURVE ( 'NONE', #2477, #4397, #4146, .T. ) ;
#1737 = CARTESIAN_POINT ( 'NONE',  ( 211.4000000000000057, -191.0000000000000000, 44.00000000000000000 ) ) ;
#1738 = CARTESIAN_POINT ( 'NONE',  ( -196.5999999999999943, -191.5000000000000000, 98.00000000000000000 ) ) ;
#1739 = VECTOR ( 'NONE', #1341, 1000.000000000000000 ) ;
#1740 = CARTESIAN_POINT ( 'NONE',  ( 223.0000000000000000, -203.9000000000000057, 48.00000000000000000 ) ) ;
#1741 = CARTESIAN_POINT ( 'NONE',  ( -223.0000000000000000, -208.0000000000000000, 104.0000000000000142 ) ) ;
#1742 = EDGE_LOOP ( 'NONE', ( #856, #3140, #1098, #4151 ) ) ;
#1743 = DIRECTION ( 'NONE',  ( 0.000000000000000000, -1.000000000000000000, -0.000000000000000000 ) ) ;
#1744 = ORIENTED_EDGE ( 'NONE', *, *, #1458, .T. ) ;
#1745 = LINE ( 'NONE', #3352, #353 ) ;
#1746 = DIRECTION ( 'NONE',  ( -0.000000000000000000, 0.000000000000000000, -1.000000000000000000 ) ) ;
#1747 = ORIENTED_EDGE ( 'NONE', *, *, #1008, .F. ) ;
#1748 = DIRECTION ( 'NONE',  ( -0.000000000000000000, 0.000000000000000000, -1.000000000000000000 ) ) ;
#1749 = ORIENTED_EDGE ( 'NONE', *, *, #1566, .F. ) ;
#1750 = ORIENTED_EDGE ( 'NONE', *, *, #4907, .F. ) ;
#1751 = AXIS2_PLACEMENT_3D ( 'NONE', #4607, #1530, #5065 ) ;
#1752 = DIRECTION ( 'NONE',  ( 0.000000000000000000, -1.000000000000000000, 0.000000000000000000 ) ) ;
#1753 = CARTESIAN_POINT ( 'NONE',  ( -211.5000000000000000, -211.0000000000000000, 58.39999999999999858 ) ) ;
#1754 = AXIS2_PLACEMENT_3D ( 'NONE', #3320, #1414, #3347 ) ;
#1755 = CARTESIAN_POINT ( 'NONE',  ( -209.4000000000000057, -191.0000000000000000, 44.00000000000000000 ) ) ;
#1756 = CARTESIAN_POINT ( 'NONE',  ( 196.5999999999999943, -203.9000000000000057, 52.00000000000000000 ) ) ;
#1757 = ADVANCED_FACE ( 'NONE', ( #1363, #975 ), #4023, .T. ) ;
#1758 = CARTESIAN_POINT ( 'NONE',  ( 196.5999999999999943, -210.7827506026967228, 79.73805349013748867 ) ) ;
#1759 = VECTOR ( 'NONE', #2099, 1000.000000000000000 ) ;
#1760 = EDGE_LOOP ( 'NONE', ( #4720, #3282 ) ) ;
#1761 = DIRECTION ( 'NONE',  ( 0.000000000000000000, 0.000000000000000000, -1.000000000000000000 ) ) ;
#1762 = VECTOR ( 'NONE', #1624, 1000.000000000000000 ) ;
#1763 = CYLINDRICAL_SURFACE ( 'NONE', #2469, 3.200000000000001510 ) ;
#1764 = FACE_OUTER_BOUND ( 'NONE', #4233, .T. ) ;
#1765 = ADVANCED_FACE ( 'NONE', ( #491 ), #2057, .T. ) ;
#1766 = CARTESIAN_POINT ( 'NONE',  ( -218.2000000000000171, -205.9499999999999886, 100.0000000000000000 ) ) ;
#1767 = EDGE_CURVE ( 'NONE', #4168, #3429, #4698, .T. ) ;
#1768 = ORIENTED_EDGE ( 'NONE', *, *, #4503, .F. ) ;
#1769 = DIRECTION ( 'NONE',  ( -0.000000000000000000, 0.000000000000000000, -1.000000000000000000 ) ) ;
#1770 = AXIS2_PLACEMENT_3D ( 'NONE', #3760, #882, #2983 ) ;
#1771 = EDGE_LOOP ( 'NONE', ( #4416, #492, #2635, #347 ) ) ;
#1772 = FACE_OUTER_BOUND ( 'NONE', #2404, .T. ) ;
#1773 = VECTOR ( 'NONE', #2347, 1000.000000000000000 ) ;
#1774 = CYLINDRICAL_SURFACE ( 'NONE', #1303, 4.100000000000006750 ) ;
#1775 = EDGE_LOOP ( 'NONE', ( #1749, #2942, #424, #276 ) ) ;
#1776 = DIRECTION ( 'NONE',  ( 1.000000000000000000, 0.000000000000000000, 0.000000000000000000 ) ) ;
#1777 = EDGE_LOOP ( 'NONE', ( #362, #499, #4228, #1101 ) ) ;
#1778 = ORIENTED_EDGE ( 'NONE', *, *, #4290, .F. ) ;
#1779 = CIRCLE ( 'NONE', #4429, 3.200000000000001510 ) ;
#1780 = EDGE_CURVE ( 'NONE', #3754, #2403, #1269, .T. ) ;
#1781 = FACE_OUTER_BOUND ( 'NONE', #4913, .T. ) ;
#1782 = CARTESIAN_POINT ( 'NONE',  ( -222.0000000000000284, -192.5000000000000000, 98.00000000000000000 ) ) ;
#1783 = DIRECTION ( 'NONE',  ( 0.000000000000000000, 1.000000000000000000, 0.000000000000000000 ) ) ;
#1784 = LINE ( 'NONE', #4860, #4213 ) ;
#1785 = LINE ( 'NONE', #4166, #3940 ) ;
#1786 = ORIENTED_EDGE ( 'NONE', *, *, #1461, .F. ) ;
#1787 = ORIENTED_EDGE ( 'NONE', *, *, #4688, .T. ) ;
#1788 = ADVANCED_FACE ( 'NONE', ( #2928, #3612 ), #4506, .T. ) ;
#1789 = CARTESIAN_POINT ( 'NONE',  ( -209.4000000000000057, -211.0000000000000000, 63.50000000000000000 ) ) ;
#1790 = DIRECTION ( 'NONE',  ( 0.000000000000000000, 0.000000000000000000, 1.000000000000000000 ) ) ;
#1791 = FACE_OUTER_BOUND ( 'NONE', #2344, .T. ) ;
#1792 = CARTESIAN_POINT ( 'NONE',  ( 191.8000000000000398, -203.9000000000000057, 52.00000000000000000 ) ) ;
#1793 = EDGE_LOOP ( 'NONE', ( #410, #1621, #4343, #3830 ) ) ;
#1794 = VECTOR ( 'NONE', #3700, 1000.000000000000000 ) ;
#1796 = EDGE_CURVE ( 'NONE', #3148, #4800, #2980, .T. ) ;
#1795 = PLANE ( 'NONE',  #4550 ) ;
#1797 = ADVANCED_FACE ( 'NONE', ( #228 ), #1763, .F. ) ;
#1798 = ORIENTED_EDGE ( 'NONE', *, *, #3594, .F. ) ;
#1799 = CARTESIAN_POINT ( 'NONE',  ( -223.0000000000000000, -208.0000000000000000, 48.00000000000000000 ) ) ;
#1800 = ADVANCED_FACE ( 'NONE', ( #4799 ), #2536, .F. ) ;
#1801 = EDGE_CURVE ( 'NONE', #5094, #4487, #3874, .T. ) ;
#1802 = DIRECTION ( 'NONE',  ( 0.000000000000000000, 0.000000000000000000, 1.000000000000000000 ) ) ;
#1803 = EDGE_LOOP ( 'NONE', ( #3640, #4032, #1912, #4701, #2916, #2214, #4572, #2103, #573, #1087, #1683, #3483, #1318, #2804, #4419, #4575, #3106, #4504 ) ) ;
#1804 = DIRECTION ( 'NONE',  ( 1.000000000000000000, 0.000000000000000000, 0.000000000000000000 ) ) ;
#1805 = EDGE_LOOP ( 'NONE', ( #480, #2466, #4626, #4047 ) ) ;
#1806 = ORIENTED_EDGE ( 'NONE', *, *, #2165, .T. ) ;
#1807 = CYLINDRICAL_SURFACE ( 'NONE', #2222, 11.99999999999999645 ) ;
#1808 = DIRECTION ( 'NONE',  ( 0.000000000000000000, 0.000000000000000000, 1.000000000000000000 ) ) ;
#1809 = LINE ( 'NONE', #3489, #1116 ) ;
#1810 = CARTESIAN_POINT ( 'NONE',  ( -211.4000000000000057, -199.2500000000000000, 106.5000000000000000 ) ) ;
#1811 = CIRCLE ( 'NONE', #4183, 8.000000000000007105 ) ;
#1812 = ORIENTED_EDGE ( 'NONE', *, *, #1136, .F. ) ;
#1813 = VERTEX_POINT ( 'NONE', #3729 ) ;
#1814 = PLANE ( 'NONE',  #3462 ) ;
#1815 = VECTOR ( 'NONE', #4279, 1000.000000000000000 ) ;
#1816 = PLANE ( 'NONE',  #3326 ) ;
#1817 = DIRECTION ( 'NONE',  ( -1.000000000000000000, -0.000000000000000000, 0.000000000000000000 ) ) ;
#1818 = DIRECTION ( 'NONE',  ( 0.000000000000000000, 0.000000000000000000, 1.000000000000000000 ) ) ;
#1819 = AXIS2_PLACEMENT_3D ( 'NONE', #223, #1732, #3312 ) ;
#1820 = VECTOR ( 'NONE', #4116, 1000.000000000000000 ) ;
#1821 = VERTEX_POINT ( 'NONE', #1412 ) ;
#1822 = VECTOR ( 'NONE', #360, 1000.000000000000000 ) ;
#1823 = PLANE ( 'NONE',  #466 ) ;
#1824 = AXIS2_PLACEMENT_3D ( 'NONE', #4104, #1277, #2041 ) ;
#1825 = ORIENTED_EDGE ( 'NONE', *, *, #1958, .T. ) ;
#1826 = DIRECTION ( 'NONE',  ( -1.000000000000000000, 0.000000000000000000, 0.000000000000000000 ) ) ;
#1827 = VECTOR ( 'NONE', #4180, 1000.000000000000000 ) ;
#1828 = LINE ( 'NONE', #4951, #398 ) ;
#1829 = ORIENTED_EDGE ( 'NONE', *, *, #2937, .F. ) ;
#1830 = LINE ( 'NONE', #3409, #4902 ) ;
#1831 = EDGE_CURVE ( 'NONE', #4635, #2036, #201, .T. ) ;
#1832 = EDGE_CURVE ( 'NONE', #303, #2477, #63, .T. ) ;
#1833 = ORIENTED_EDGE ( 'NONE', *, *, #2589, .T. ) ;
#1834 = CARTESIAN_POINT ( 'NONE',  ( 205.0000000000000284, -191.0000000000000000, 98.00000000000000000 ) ) ;
#1835 = CARTESIAN_POINT ( 'NONE',  ( 223.0000000000000000, -208.4000000000000057, 48.00000000000000000 ) ) ;
#1836 = DIRECTION ( 'NONE',  ( 0.000000000000000000, 0.000000000000000000, 1.000000000000000000 ) ) ;
#1837 = DATE_AND_TIME ( #4192, #158 ) ;
#1838 = AXIS2_PLACEMENT_3D ( 'NONE', #1946, #2820, #482 ) ;
#1839 = VERTEX_POINT ( 'NONE', #1388 ) ;
#1840 = ORIENTED_EDGE ( 'NONE', *, *, #4105, .F. ) ;
#1841 = CARTESIAN_POINT ( 'NONE',  ( -200.5999999999999943, -210.7827506026967228, 75.63805349013748014 ) ) ;
#1842 = CYLINDRICAL_SURFACE ( 'NONE', #2743, 3.200000000000001510 ) ;
#1843 = VECTOR ( 'NONE', #2507, 1000.000000000000000 ) ;
#1844 = CARTESIAN_POINT ( 'NONE',  ( 213.4000000000000057, -199.2500000000000000, 106.5000000000000000 ) ) ;
#1845 = CARTESIAN_POINT ( 'NONE',  ( 196.5999999999999943, -202.5000000000000000, 80.90000000000000568 ) ) ;
#1846 = CIRCLE ( 'NONE', #947, 4.100000000000006750 ) ;
#1847 = ORIENTED_EDGE ( 'NONE', *, *, #261, .F. ) ;
#1848 = VECTOR ( 'NONE', #1649, 1000.000000000000000 ) ;
#1849 = CARTESIAN_POINT ( 'NONE',  ( 209.4000000000000057, -205.9499999999999886, 108.0000000000000142 ) ) ;
#1850 = EDGE_CURVE ( 'NONE', #2034, #2797, #426, .T. ) ;
#1851 = ORIENTED_EDGE ( 'NONE', *, *, #3540, .F. ) ;
#1852 = LINE ( 'NONE', #4254, #3891 ) ;
#1853 = CIRCLE ( 'NONE', #3580, 11.99999999999999645 ) ;
#1854 = AXIS2_PLACEMENT_3D ( 'NONE', #3036, #3892, #4972 ) ;
#1855 = EDGE_CURVE ( 'NONE', #2949, #4635, #2800, .T. ) ;
#1856 = CARTESIAN_POINT ( 'NONE',  ( 213.4000000000000057, -208.0000000000000000, 44.00000000000000000 ) ) ;
#1857 = EDGE_LOOP ( 'NONE', ( #157, #1044, #2461, #4075 ) ) ;
#1858 = CYLINDRICAL_SURFACE ( 'NONE', #3990, 2.250000000000001776 ) ;
#1859 = ORIENTED_EDGE ( 'NONE', *, *, #2116, .F. ) ;
#1860 = VECTOR ( 'NONE', #89, 1000.000000000000000 ) ;
#1861 = CARTESIAN_POINT ( 'NONE',  ( 196.5999999999999943, -207.5000000000000284, 100.0000000000000000 ) ) ;
#1862 = EDGE_CURVE ( 'NONE', #303, #137, #1646, .T. ) ;
#1863 = LINE ( 'NONE', #707, #3421 ) ;
#1864 = EDGE_CURVE ( 'NONE', #1293, #3041, #4527, .T. ) ;
#1865 = CARTESIAN_POINT ( 'NONE',  ( -191.8000000000000398, -203.9000000000000057, 52.00000000000000000 ) ) ;
#1866 = MECHANICAL_CONTEXT ( 'NONE', #2264, 'mechanical' ) ;
#1867 = ORIENTED_EDGE ( 'NONE', *, *, #848, .T. ) ;
#1868 = VERTEX_POINT ( 'NONE', #2443 ) ;
#1869 = CARTESIAN_POINT ( 'NONE',  ( 222.0000000000000284, -190.5000000000000000, 98.00000000000000000 ) ) ;
#1870 = ADVANCED_FACE ( 'NONE', ( #4654 ), #4246, .T. ) ;
#1871 = DIRECTION ( 'NONE',  ( 0.000000000000000000, -0.000000000000000000, 1.000000000000000000 ) ) ;
#1872 = CARTESIAN_POINT ( 'NONE',  ( -198.5999999999999943, -191.0000000000000000, 44.00000000000000000 ) ) ;
#1873 = DIRECTION ( 'NONE',  ( 0.000000000000000000, 0.000000000000000000, -1.000000000000000000 ) ) ;
#1874 = ORIENTED_EDGE ( 'NONE', *, *, #2490, .T. ) ;
#1875 = CARTESIAN_POINT ( 'NONE',  ( 187.0000000000000000, -208.0000000000000000, 101.7500000000000000 ) ) ;
#1876 = ORIENTED_EDGE ( 'NONE', *, *, #2609, .T. ) ;
#1877 = CARTESIAN_POINT ( 'NONE',  ( -196.5999999999999943, -207.5000000000000284, 95.90871211463571910 ) ) ;
#1878 = CARTESIAN_POINT ( 'NONE',  ( 209.4000000000000057, -191.0000000000000000, 88.42782730020049087 ) ) ;
#1879 = ORIENTED_EDGE ( 'NONE', *, *, #3690, .F. ) ;
#1880 = CARTESIAN_POINT ( 'NONE',  ( -200.5999999999999943, -210.7827506026967228, 75.63805349013748014 ) ) ;
#1881 = EDGE_CURVE ( 'NONE', #2824, #2604, #1439, .T. ) ;
#1882 = LINE ( 'NONE', #1834, #585 ) ;
#1883 = CARTESIAN_POINT ( 'NONE',  ( 200.5999999999999943, -207.5000000000000284, 100.0000000000000000 ) ) ;
#1884 = CARTESIAN_POINT ( 'NONE',  ( -209.4000000000000057, -191.0000000000000000, 44.00000000000000000 ) ) ;
#1885 = DATE_AND_TIME ( #4964, #3860 ) ;
#1886 = ORIENTED_EDGE ( 'NONE', *, *, #1698, .F. ) ;
#1887 = AXIS2_PLACEMENT_3D ( 'NONE', #2637, #1508, #4629 ) ;
#1888 = ORIENTED_EDGE ( 'NONE', *, *, #1458, .F. ) ;
#1889 = EDGE_LOOP ( 'NONE', ( #3543, #1189, #3076, #4757 ) ) ;
#1890 = CARTESIAN_POINT ( 'NONE',  ( 198.5999999999999943, -191.0000000000000000, 106.0000000000000142 ) ) ;
#1891 = DIRECTION ( 'NONE',  ( 0.000000000000000000, 0.000000000000000000, 1.000000000000000000 ) ) ;
#1892 = CARTESIAN_POINT ( 'NONE',  ( 195.0000000000000000, -202.5000000000000000, 85.00000000000000000 ) ) ;
#1893 = LINE ( 'NONE', #1083, #1032 ) ;
#1894 = EDGE_CURVE ( 'NONE', #761, #4518, #738, .T. ) ;
#1895 = EDGE_CURVE ( 'NONE', #550, #441, #4288, .T. ) ;
#1896 = VECTOR ( 'NONE', #661, 1000.000000000000000 ) ;
#1897 = ORIENTED_EDGE ( 'NONE', *, *, #2112, .F. ) ;
#1898 = CARTESIAN_POINT ( 'NONE',  ( 213.4000000000000057, -191.0000000000000000, 44.00000000000000000 ) ) ;
#1899 = VECTOR ( 'NONE', #2994, 1000.000000000000000 ) ;
#1900 = VERTEX_POINT ( 'NONE', #3808 ) ;
#1901 = CARTESIAN_POINT ( 'NONE',  ( -223.0000000000000000, -208.4000000000000057, 101.7500000000000000 ) ) ;
#1902 = AXIS2_PLACEMENT_3D ( 'NONE', #3339, #4141, #555 ) ;
#1903 = AXIS2_PLACEMENT_3D ( 'NONE', #1620, #875, #4357 ) ;
#1904 = CIRCLE ( 'NONE', #5032, 4.100000000000006750 ) ;
#1905 = EDGE_LOOP ( 'NONE', ( #4966, #782 ) ) ;
#1906 = PLANE ( 'NONE',  #2551 ) ;
#1907 = ORIENTED_EDGE ( 'NONE', *, *, #409, .T. ) ;
#1908 = LINE ( 'NONE', #1543, #699 ) ;
#1909 = AXIS2_PLACEMENT_3D ( 'NONE', #1799, #2906, #4947 ) ;
#1910 = DIRECTION ( 'NONE',  ( 0.000000000000000000, 0.000000000000000000, 1.000000000000000000 ) ) ;
#1911 = DIRECTION ( 'NONE',  ( 0.000000000000000000, -1.000000000000000000, 0.000000000000000000 ) ) ;
#1912 = ORIENTED_EDGE ( 'NONE', *, *, #2433, .F. ) ;
#1913 = ADVANCED_FACE ( 'NONE', ( #5040 ), #3833, .T. ) ;
#1914 = DIRECTION ( 'NONE',  ( 1.000000000000000000, 0.000000000000000000, -0.000000000000000000 ) ) ;
#1915 = APPROVAL_ROLE ( '' ) ;
#1916 = ORIENTED_EDGE ( 'NONE', *, *, #988, .T. ) ;
#1917 = ORIENTED_EDGE ( 'NONE', *, *, #2516, .F. ) ;
#1918 = EDGE_LOOP ( 'NONE', ( #3103, #4581, #3672, #4748 ) ) ;
#1919 = DIRECTION ( 'NONE',  ( 1.000000000000000000, 0.000000000000000000, -0.000000000000000000 ) ) ;
#1920 = DIRECTION ( 'NONE',  ( -0.000000000000000000, 0.000000000000000000, -1.000000000000000000 ) ) ;
#1921 = ADVANCED_FACE ( 'NONE', ( #1029 ), #278, .T. ) ;
#1922 = LINE ( 'NONE', #3576, #5055 ) ;
#1923 = DIRECTION ( 'NONE',  ( 0.000000000000000000, 0.000000000000000000, 1.000000000000000000 ) ) ;
#1924 = CARTESIAN_POINT ( 'NONE',  ( -227.0000000000000000, -205.9499999999999886, 44.00000000000000000 ) ) ;
#1925 = ORIENTED_EDGE ( 'NONE', *, *, #3243, .T. ) ;
#1926 = CARTESIAN_POINT ( 'NONE',  ( -213.4000000000000057, -202.5000000000000000, 85.00000000000000000 ) ) ;
#1927 = EDGE_CURVE ( 'NONE', #1436, #849, #2660, .T. ) ;
#1928 = ORIENTED_EDGE ( 'NONE', *, *, #96, .F. ) ;
#1929 = FACE_OUTER_BOUND ( 'NONE', #3066, .T. ) ;
#1930 = AXIS2_PLACEMENT_3D ( 'NONE', #1937, #4340, #1571 ) ;
#1931 = ADVANCED_FACE ( 'NONE', ( #2252 ), #1842, .F. ) ;
#1932 = AXIS2_PLACEMENT_3D ( 'NONE', #2271, #1404, #2294 ) ;
#1933 = ORIENTED_EDGE ( 'NONE', *, *, #1675, .F. ) ;
#1934 = LINE ( 'NONE', #3562, #4043 ) ;
#1935 = VERTEX_POINT ( 'NONE', #4561 ) ;
#1936 = CARTESIAN_POINT ( 'NONE',  ( 209.4000000000000057, -199.2500000000000000, 44.00000000000000000 ) ) ;
#1937 = CARTESIAN_POINT ( 'NONE',  ( 223.0000000000000000, -208.4000000000000057, 104.0000000000000142 ) ) ;
#1938 = DIRECTION ( 'NONE',  ( 0.000000000000000000, 1.000000000000000000, 0.000000000000000000 ) ) ;
#1939 = VERTEX_POINT ( 'NONE', #3450 ) ;
#1940 = PLANE ( 'NONE',  #3393 ) ;
#1941 = EDGE_CURVE ( 'NONE', #937, #3845, #2655, .T. ) ;
#1942 = VECTOR ( 'NONE', #2523, 1000.000000000000000 ) ;
#1943 = ORIENTED_EDGE ( 'NONE', *, *, #3116, .T. ) ;
#1944 = ORIENTED_EDGE ( 'NONE', *, *, #1599, .F. ) ;
#1945 = CARTESIAN_POINT ( 'NONE',  ( -205.0000000000000284, -192.5000000000000000, 98.00000000000000000 ) ) ;
#1946 = CARTESIAN_POINT ( 'NONE',  ( 183.0000000000000284, -205.9499999999999886, 44.00000000000000000 ) ) ;
#1947 = CARTESIAN_POINT ( 'NONE',  ( 209.4000000000000057, -191.0000000000000000, 44.00000000000000000 ) ) ;
#1948 = CARTESIAN_POINT ( 'NONE',  ( 183.0000000000000284, -205.9499999999999886, 108.0000000000000142 ) ) ;
#1949 = DIRECTION ( 'NONE',  ( 0.000000000000000000, -1.000000000000000000, 0.000000000000000000 ) ) ;
#1950 = EDGE_CURVE ( 'NONE', #4157, #4266, #1591, .T. ) ;
#1951 = ORIENTED_EDGE ( 'NONE', *, *, #3711, .F. ) ;
#1952 = LINE ( 'NONE', #3913, #1238 ) ;
#1953 = CIRCLE ( 'NONE', #3104, 4.100000000000006750 ) ;
#1954 = ORIENTED_EDGE ( 'NONE', *, *, #2866, .F. ) ;
#1955 = DIRECTION ( 'NONE',  ( 0.000000000000000000, 0.000000000000000000, 1.000000000000000000 ) ) ;
#1956 = AXIS2_PLACEMENT_3D ( 'NONE', #568, #3231, #855 ) ;
#1957 = ORIENTED_EDGE ( 'NONE', *, *, #4696, .F. ) ;
#1958 = EDGE_CURVE ( 'NONE', #4519, #3925, #1463, .T. ) ;
#1959 = LINE ( 'NONE', #3119, #4457 ) ;
#1960 = ORIENTED_EDGE ( 'NONE', *, *, #4740, .T. ) ;
#1961 = FACE_BOUND ( 'NONE', #4920, .T. ) ;
#1962 = CARTESIAN_POINT ( 'NONE',  ( 200.5999999999999943, -211.0000000000000000, 66.69999999999998863 ) ) ;
#1963 = EDGE_CURVE ( 'NONE', #2863, #3455, #529, .T. ) ;
#1964 = ADVANCED_FACE ( 'NONE', ( #1509 ), #1816, .T. ) ;
#1965 = DIRECTION ( 'NONE',  ( 0.000000000000000000, 1.000000000000000000, 0.000000000000000000 ) ) ;
#1966 = ORIENTED_EDGE ( 'NONE', *, *, #248, .F. ) ;
#1967 = DIRECTION ( 'NONE',  ( 0.000000000000000000, 0.000000000000000000, 1.000000000000000000 ) ) ;
#1968 = VERTEX_POINT ( 'NONE', #3881 ) ;
#1969 = ORIENTED_EDGE ( 'NONE', *, *, #414, .T. ) ;
#1970 = VERTEX_POINT ( 'NONE', #3858 ) ;
#1971 = FACE_OUTER_BOUND ( 'NONE', #2569, .T. ) ;
#1972 = FACE_OUTER_BOUND ( 'NONE', #2137, .T. ) ;
#1973 = CARTESIAN_POINT ( 'NONE',  ( 209.4000000000000057, -211.0000000000000000, 60.29999999999999716 ) ) ;
#1974 = DIRECTION ( 'NONE',  ( 0.000000000000000000, 0.000000000000000000, -1.000000000000000000 ) ) ;
#1975 = DIRECTION ( 'NONE',  ( 0.000000000000000000, 0.000000000000000000, 1.000000000000000000 ) ) ;
#1976 = EDGE_LOOP ( 'NONE', ( #1951, #2786, #2159, #3589 ) ) ;
#1977 = LINE ( 'NONE', #438, #3289 ) ;
#1978 = VERTEX_POINT ( 'NONE', #3054 ) ;
#1979 = CARTESIAN_POINT ( 'NONE',  ( 227.0000000000000000, -203.9000000000000057, 100.0000000000000000 ) ) ;
#1980 = EDGE_CURVE ( 'NONE', #1202, #4469, #4630, .T. ) ;
#1981 = VECTOR ( 'NONE', #4472, 1000.000000000000000 ) ;
#1982 = ORIENTED_EDGE ( 'NONE', *, *, #673, .T. ) ;
#1983 = DIRECTION ( 'NONE',  ( -1.000000000000000000, -0.000000000000000000, 0.000000000000000000 ) ) ;
#1984 = CIRCLE ( 'NONE', #1248, 9.999999999999994671 ) ;
#1985 = ORIENTED_EDGE ( 'NONE', *, *, #1263, .T. ) ;
#1986 = DIRECTION ( 'NONE',  ( -1.000000000000000000, -0.000000000000000000, 0.000000000000000000 ) ) ;
#1987 = EDGE_CURVE ( 'NONE', #1970, #849, #3500, .T. ) ;
#1988 = CARTESIAN_POINT ( 'NONE',  ( -227.0000000000000000, -203.9000000000000057, 100.0000000000000000 ) ) ;
#1989 = VECTOR ( 'NONE', #3527, 1000.000000000000000 ) ;
#1990 = AXIS2_PLACEMENT_3D ( 'NONE', #2798, #4406, #1619 ) ;
#1991 = AXIS2_PLACEMENT_3D ( 'NONE', #3399, #4197, #5041 ) ;
#1992 = CARTESIAN_POINT ( 'NONE',  ( 205.0000000000000284, -192.5000000000000000, 98.00000000000000000 ) ) ;
#1993 = VERTEX_POINT ( 'NONE', #2591 ) ;
#1994 = ADVANCED_FACE ( 'NONE', ( #3397, #4968 ), #3985, .T. ) ;
#1995 = CARTESIAN_POINT ( 'NONE',  ( -222.0000000000000284, -191.5000000000000000, 106.0000000000000142 ) ) ;
#1996 = VERTEX_POINT ( 'NONE', #3212 ) ;
#1997 = VERTEX_POINT ( 'NONE', #3908 ) ;
#1998 = ORIENTED_EDGE ( 'NONE', *, *, #3183, .T. ) ;
#1999 = CARTESIAN_POINT ( 'NONE',  ( 211.5000000000000000, -211.0000000000000000, 63.50000000000000000 ) ) ;
#2000 = CARTESIAN_POINT ( 'NONE',  ( -200.5999999999999943, -214.4997437941094347, 84.92158523269061732 ) ) ;
#2001 = CARTESIAN_POINT ( 'NONE',  ( -188.0000000000000000, -191.5000000000000000, 98.00000000000000000 ) ) ;
#2002 = CARTESIAN_POINT ( 'NONE',  ( -183.0000000000000284, -203.9000000000000057, 100.0000000000000000 ) ) ;
#2003 = DIRECTION ( 'NONE',  ( -1.000000000000000000, -0.000000000000000000, -0.000000000000000000 ) ) ;
#2004 = VERTEX_POINT ( 'NONE', #51 ) ;
#2005 = CARTESIAN_POINT ( 'NONE',  ( -215.0000000000000000, -211.0000000000000000, 60.29999999999999716 ) ) ;
#2006 = DIRECTION ( 'NONE',  ( 1.000000000000000000, 0.000000000000000000, -0.000000000000000000 ) ) ;
#2007 = EDGE_CURVE ( 'NONE', #3041, #787, #1352, .T. ) ;
#2008 = CIRCLE ( 'NONE', #3989, 9.999999999999994671 ) ;
#2009 = ORIENTED_EDGE ( 'NONE', *, *, #659, .F. ) ;
#2010 = VECTOR ( 'NONE', #5003, 1000.000000000000000 ) ;
#2011 = CARTESIAN_POINT ( 'NONE',  ( 196.5999999999999943, -191.0000000000000000, 44.00000000000000000 ) ) ;
#2012 = ORIENTED_EDGE ( 'NONE', *, *, #1881, .F. ) ;
#2013 = CARTESIAN_POINT ( 'NONE',  ( -188.0000000000000000, -192.5000000000000000, 98.00000000000000000 ) ) ;
#2014 = AXIS2_PLACEMENT_3D ( 'NONE', #4736, #2769, #3549 ) ;
#2015 = CARTESIAN_POINT ( 'NONE',  ( -227.0000000000000000, -205.9499999999999886, 100.0000000000000000 ) ) ;
#2016 = VECTOR ( 'NONE', #604, 1000.000000000000000 ) ;
#2017 = PLANE ( 'NONE',  #2552 ) ;
#2018 = EDGE_LOOP ( 'NONE', ( #4320, #3343, #1609, #4160 ) ) ;
#2019 = DIRECTION ( 'NONE',  ( 0.000000000000000000, -1.000000000000000000, -0.000000000000000000 ) ) ;
#2020 = VERTEX_POINT ( 'NONE', #2000 ) ;
#2021 = VECTOR ( 'NONE', #4275, 1000.000000000000000 ) ;
#2022 = ORIENTED_EDGE ( 'NONE', *, *, #1958, .F. ) ;
#2023 = ORIENTED_EDGE ( 'NONE', *, *, #610, .T. ) ;
#2024 = DIRECTION ( 'NONE',  ( 0.000000000000000000, -1.000000000000000000, 0.000000000000000000 ) ) ;
#2025 = ADVANCED_FACE ( 'NONE', ( #2710 ), #789, .T. ) ;
#2026 = DIRECTION ( 'NONE',  ( -0.000000000000000000, 1.000000000000000000, 0.000000000000000000 ) ) ;
#2027 = CARTESIAN_POINT ( 'NONE',  ( 222.0000000000000284, -191.5000000000000000, 106.0000000000000142 ) ) ;
#2028 = LINE ( 'NONE', #2435, #104 ) ;
#2029 = DIRECTION ( 'NONE',  ( 1.000000000000000000, 0.000000000000000000, -0.000000000000000000 ) ) ;
#2030 = EDGE_CURVE ( 'NONE', #3495, #4124, #1231, .T. ) ;
#2031 = ORIENTED_EDGE ( 'NONE', *, *, #3019, .F. ) ;
#2032 = CARTESIAN_POINT ( 'NONE',  ( -200.5999999999999943, -215.0000000000000000, 56.57179676972449300 ) ) ;
#2033 = CARTESIAN_POINT ( 'NONE',  ( -209.4000000000000057, -191.0000000000000000, 106.5000000000000000 ) ) ;
#2034 = VERTEX_POINT ( 'NONE', #3188 ) ;
#2035 = CARTESIAN_POINT ( 'NONE',  ( -213.4000000000000057, -199.2500000000000000, 44.00000000000000000 ) ) ;
#2036 = VERTEX_POINT ( 'NONE', #2329 ) ;
#2037 = FACE_OUTER_BOUND ( 'NONE', #3895, .T. ) ;
#2038 = CARTESIAN_POINT ( 'NONE',  ( 200.5999999999999943, -199.2500000000000000, 106.5000000000000000 ) ) ;
#2039 = LINE ( 'NONE', #4004, #2350 ) ;
#2040 = ORIENTED_EDGE ( 'NONE', *, *, #456, .F. ) ;
#2041 = DIRECTION ( 'NONE',  ( 0.000000000000000000, 0.000000000000000000, 1.000000000000000000 ) ) ;
#2042 = EDGE_CURVE ( 'NONE', #622, #3429, #3603, .T. ) ;
#2043 = ORIENTED_EDGE ( 'NONE', *, *, #883, .T. ) ;
#2044 = CC_DESIGN_APPROVAL ( #4921, ( #4103 ) ) ;
#2045 = ORIENTED_EDGE ( 'NONE', *, *, #2833, .F. ) ;
#2046 = CARTESIAN_POINT ( 'NONE',  ( 191.8000000000000398, -203.9000000000000057, 44.00000000000000000 ) ) ;
#2047 = DIRECTION ( 'NONE',  ( 0.000000000000000000, 0.000000000000000000, 1.000000000000000000 ) ) ;
#2048 = DIRECTION ( 'NONE',  ( 0.000000000000000000, 0.000000000000000000, 1.000000000000000000 ) ) ;
#2049 = CARTESIAN_POINT ( 'NONE',  ( -183.0000000000000284, -205.9499999999999886, 100.0000000000000000 ) ) ;
#2050 = CARTESIAN_POINT ( 'NONE',  ( 222.0000000000000284, -192.5000000000000000, 98.00000000000000000 ) ) ;
#2051 = ORIENTED_EDGE ( 'NONE', *, *, #2964, .F. ) ;
#2052 = DIRECTION ( 'NONE',  ( 0.000000000000000000, 1.000000000000000000, 0.000000000000000000 ) ) ;
#2053 = FACE_OUTER_BOUND ( 'NONE', #403, .T. ) ;
#2054 = EDGE_CURVE ( 'NONE', #2428, #4894, #3579, .T. ) ;
#2055 = EDGE_CURVE ( 'NONE', #4835, #3930, #1207, .T. ) ;
#2056 = VERTEX_POINT ( 'NONE', #3161 ) ;
#2057 = CYLINDRICAL_SURFACE ( 'NONE', #2715, 8.000000000000000000 ) ;
#2058 = ORIENTED_EDGE ( 'NONE', *, *, #3711, .T. ) ;
#2059 = LINE ( 'NONE', #1674, #53 ) ;
#2060 = AXIS2_PLACEMENT_3D ( 'NONE', #2830, #2803, #85 ) ;
#2061 = CARTESIAN_POINT ( 'NONE',  ( 218.2000000000000171, -205.9499999999999886, 100.0000000000000000 ) ) ;
#2062 = ORIENTED_EDGE ( 'NONE', *, *, #1113, .T. ) ;
#2063 = LINE ( 'NONE', #3331, #4301 ) ;
#2064 = AXIS2_PLACEMENT_3D ( 'NONE', #792, #3163, #1614 ) ;
#2065 = VECTOR ( 'NONE', #2081, 1000.000000000000000 ) ;
#2066 = VERTEX_POINT ( 'NONE', #3548 ) ;
#2067 = VECTOR ( 'NONE', #2082, 1000.000000000000000 ) ;
#2068 = VERTEX_POINT ( 'NONE', #1612 ) ;
#2069 = ORIENTED_EDGE ( 'NONE', *, *, #50, .F. ) ;
#2070 = EDGE_CURVE ( 'NONE', #2066, #1472, #2791, .T. ) ;
#2071 = VECTOR ( 'NONE', #3980, 1000.000000000000000 ) ;
#2072 = CARTESIAN_POINT ( 'NONE',  ( 211.5000000000000000, -211.0000000000000000, 63.50000000000000000 ) ) ;
#2073 = DIRECTION ( 'NONE',  ( 1.000000000000000000, 0.000000000000000000, 0.000000000000000000 ) ) ;
#2074 = CARTESIAN_POINT ( 'NONE',  ( -209.4000000000000057, -211.0000000000000000, 60.29999999999999716 ) ) ;
#2075 = CARTESIAN_POINT ( 'NONE',  ( 195.0000000000000000, -211.0000000000000000, 66.69999999999998863 ) ) ;
#2076 = AXIS2_PLACEMENT_3D ( 'NONE', #620, #2572, #4513 ) ;
#2077 = PLANE ( 'NONE',  #4272 ) ;
#2078 = VECTOR ( 'NONE', #3611, 1000.000000000000000 ) ;
#2079 = ORIENTED_EDGE ( 'NONE', *, *, #1832, .T. ) ;
#2080 = EDGE_CURVE ( 'NONE', #1516, #2177, #2008, .T. ) ;
#2081 = DIRECTION ( 'NONE',  ( 1.000000000000000000, 0.000000000000000000, 0.000000000000000000 ) ) ;
#2082 = DIRECTION ( 'NONE',  ( -1.000000000000000000, -0.000000000000000000, 0.000000000000000000 ) ) ;
#2083 = ORIENTED_EDGE ( 'NONE', *, *, #1599, .T. ) ;
#2085 = ADVANCED_FACE ( 'NONE', ( #3574 ), #3932, .F. ) ;
#2084 = DIRECTION ( 'NONE',  ( -0.000000000000000000, 0.000000000000000000, -1.000000000000000000 ) ) ;
#2086 = EDGE_CURVE ( 'NONE', #1016, #2872, #5091, .T. ) ;
#2087 = ORIENTED_EDGE ( 'NONE', *, *, #5076, .F. ) ;
#2088 = CARTESIAN_POINT ( 'NONE',  ( 187.0000000000000000, -203.9000000000000057, 50.25000000000000000 ) ) ;
#2089 = CIRCLE ( 'NONE', #40, 2.250000000000001776 ) ;
#2090 = DIRECTION ( 'NONE',  ( -1.000000000000000000, 0.000000000000000000, 0.000000000000000000 ) ) ;
#2091 = VERTEX_POINT ( 'NONE', #1180 ) ;
#2092 = CARTESIAN_POINT ( 'NONE',  ( -213.4000000000000057, -199.2500000000000000, 44.00000000000000000 ) ) ;
#2093 = ORIENTED_EDGE ( 'NONE', *, *, #2774, .F. ) ;
#2094 = VECTOR ( 'NONE', #4350, 1000.000000000000000 ) ;
#2095 = ORIENTED_EDGE ( 'NONE', *, *, #478, .T. ) ;
#2096 = ORIENTED_EDGE ( 'NONE', *, *, #3417, .F. ) ;
#2097 = CARTESIAN_POINT ( 'NONE',  ( 213.4000000000000057, -203.9000000000000057, 100.0000000000000000 ) ) ;
#2098 = CARTESIAN_POINT ( 'NONE',  ( 213.4000000000000057, -211.0000000000000000, 63.50000000000000000 ) ) ;
#2099 = DIRECTION ( 'NONE',  ( 0.000000000000000000, 0.000000000000000000, 1.000000000000000000 ) ) ;
#2100 = CARTESIAN_POINT ( 'NONE',  ( -209.4000000000000057, -203.9000000000000057, 106.5000000000000000 ) ) ;
#2101 = CYLINDRICAL_SURFACE ( 'NONE', #810, 2.250000000000001776 ) ;
#2102 = EDGE_CURVE ( 'NONE', #2604, #3831, #4372, .T. ) ;
#2103 = ORIENTED_EDGE ( 'NONE', *, *, #2007, .F. ) ;
#2104 = DIRECTION ( 'NONE',  ( 0.000000000000000000, 0.000000000000000000, -1.000000000000000000 ) ) ;
#2105 = CARTESIAN_POINT ( 'NONE',  ( 200.5999999999999943, -191.0000000000000000, 106.0000000000000142 ) ) ;
#2106 = EDGE_CURVE ( 'NONE', #3495, #4097, #382, .T. ) ;
#2107 = EDGE_LOOP ( 'NONE', ( #5063, #1013 ) ) ;
#2108 = VECTOR ( 'NONE', #2938, 1000.000000000000000 ) ;
#2109 = CARTESIAN_POINT ( 'NONE',  ( -191.8000000000000398, -208.0000000000000000, 44.00000000000000000 ) ) ;
#2110 = ORIENTED_EDGE ( 'NONE', *, *, #2460, .F. ) ;
#2111 = LINE ( 'NONE', #4898, #1827 ) ;
#2112 = EDGE_CURVE ( 'NONE', #1016, #2587, #2406, .T. ) ;
#2113 = DIRECTION ( 'NONE',  ( -0.000000000000000000, 0.000000000000000000, -1.000000000000000000 ) ) ;
#2114 = ORIENTED_EDGE ( 'NONE', *, *, #2272, .F. ) ;
#2115 = FACE_OUTER_BOUND ( 'NONE', #2992, .T. ) ;
#2116 = EDGE_CURVE ( 'NONE', #4445, #4957, #1151, .T. ) ;
#2117 = EDGE_CURVE ( 'NONE', #454, #3217, #203, .T. ) ;
#2118 = ORIENTED_EDGE ( 'NONE', *, *, #4029, .F. ) ;
#2119 = ORIENTED_EDGE ( 'NONE', *, *, #8, .T. ) ;
#2120 = DIRECTION ( 'NONE',  ( 0.000000000000000000, 0.000000000000000000, 1.000000000000000000 ) ) ;
#2121 = DIRECTION ( 'NONE',  ( 0.000000000000000000, 0.000000000000000000, 1.000000000000000000 ) ) ;
#2122 = CARTESIAN_POINT ( 'NONE',  ( -213.4000000000000057, -203.9000000000000057, 44.00000000000000000 ) ) ;
#2123 = FACE_OUTER_BOUND ( 'NONE', #888, .T. ) ;
#2124 = CARTESIAN_POINT ( 'NONE',  ( 209.4000000000000057, -214.4997437941094347, 84.92158523269061732 ) ) ;
#2125 = AXIS2_PLACEMENT_3D ( 'NONE', #4114, #2922, #2897 ) ;
#2126 = ORIENTED_EDGE ( 'NONE', *, *, #4176, .F. ) ;
#2127 = DIRECTION ( 'NONE',  ( 1.000000000000000000, 0.000000000000000000, 0.000000000000000000 ) ) ;
#2128 = CARTESIAN_POINT ( 'NONE',  ( -211.4000000000000057, -199.2500000000000000, 44.00000000000000000 ) ) ;
#2129 = LINE ( 'NONE', #1365, #1607 ) ;
#2130 = AXIS2_PLACEMENT_3D ( 'NONE', #846, #3139, #1185 ) ;
#2131 = ORIENTED_EDGE ( 'NONE', *, *, #3667, .T. ) ;
#2132 = FACE_OUTER_BOUND ( 'NONE', #379, .T. ) ;
#2133 = ORIENTED_EDGE ( 'NONE', *, *, #5082, .F. ) ;
#2134 = CARTESIAN_POINT ( 'NONE',  ( 205.0000000000000284, -191.5000000000000000, 98.00000000000000000 ) ) ;
#2135 = VECTOR ( 'NONE', #1714, 1000.000000000000000 ) ;
#2136 = DIRECTION ( 'NONE',  ( 0.000000000000000000, -1.000000000000000000, -0.000000000000000000 ) ) ;
#2137 = EDGE_LOOP ( 'NONE', ( #3172, #1925, #683, #1304 ) ) ;
#2138 = DIRECTION ( 'NONE',  ( 0.000000000000000000, 0.000000000000000000, 1.000000000000000000 ) ) ;
#2139 = CIRCLE ( 'NONE', #102, 3.199999999999994404 ) ;
#2140 = ORIENTED_EDGE ( 'NONE', *, *, #2926, .T. ) ;
#2141 = EDGE_LOOP ( 'NONE', ( #1385, #593, #4458, #3822, #1750, #4700, #1524, #4169 ) ) ;
#2142 = DIRECTION ( 'NONE',  ( 0.000000000000000000, 0.000000000000000000, -1.000000000000000000 ) ) ;
#2143 = ADVANCED_FACE ( 'NONE', ( #1972 ), #2944, .F. ) ;
#2144 = FACE_OUTER_BOUND ( 'NONE', #3120, .T. ) ;
#2145 = VECTOR ( 'NONE', #1260, 1000.000000000000000 ) ;
#2146 = DIRECTION ( 'NONE',  ( 1.000000000000000000, 0.000000000000000000, 0.000000000000000000 ) ) ;
#2147 = FACE_OUTER_BOUND ( 'NONE', #4462, .T. ) ;
#2148 = DIRECTION ( 'NONE',  ( -1.000000000000000000, -0.000000000000000000, 0.000000000000000000 ) ) ;
#2149 = VECTOR ( 'NONE', #714, 1000.000000000000000 ) ;
#2150 = AXIS2_PLACEMENT_3D ( 'NONE', #2884, #4517, #4028 ) ;
#2151 = ORIENTED_EDGE ( 'NONE', *, *, #5019, .F. ) ;
#2152 = DIRECTION ( 'NONE',  ( 0.000000000000000000, 0.000000000000000000, -1.000000000000000000 ) ) ;
#2153 = DIRECTION ( 'NONE',  ( 0.000000000000000000, 0.000000000000000000, -1.000000000000000000 ) ) ;
#2154 = CIRCLE ( 'NONE', #4714, 3.200000000000001510 ) ;
#2155 = DIRECTION ( 'NONE',  ( -1.000000000000000000, -0.000000000000000000, -0.000000000000000000 ) ) ;
#2156 = PLANE ( 'NONE',  #1754 ) ;
#2157 = VERTEX_POINT ( 'NONE', #4060 ) ;
#2158 = DIRECTION ( 'NONE',  ( 1.000000000000000000, 0.000000000000000000, -0.000000000000000000 ) ) ;
#2159 = ORIENTED_EDGE ( 'NONE', *, *, #186, .T. ) ;
#2160 = CARTESIAN_POINT ( 'NONE',  ( -215.0000000000000000, -202.5000000000000000, 85.00000000000000000 ) ) ;
#2161 = EDGE_CURVE ( 'NONE', #3831, #1062, #1708, .T. ) ;
#2162 = CARTESIAN_POINT ( 'NONE',  ( 213.4000000000000057, -191.0000000000000000, 106.0000000000000142 ) ) ;
#2163 = VERTEX_POINT ( 'NONE', #1730 ) ;
#2164 = LINE ( 'NONE', #599, #205 ) ;
#2165 = EDGE_CURVE ( 'NONE', #1706, #2643, #916, .T. ) ;
#2166 = EDGE_LOOP ( 'NONE', ( #1713, #4392, #3112, #209 ) ) ;
#2167 = VERTEX_POINT ( 'NONE', #3239 ) ;
#2168 = CIRCLE ( 'NONE', #5053, 5.100000000000000533 ) ;
#2169 = LINE ( 'NONE', #3747, #912 ) ;
#2170 = DIRECTION ( 'NONE',  ( -0.000000000000000000, 1.000000000000000000, 0.000000000000000000 ) ) ;
#2171 = AXIS2_PLACEMENT_3D ( 'NONE', #4120, #1031, #2835 ) ;
#2172 = DIRECTION ( 'NONE',  ( 0.000000000000000000, -0.000000000000000000, 1.000000000000000000 ) ) ;
#2173 = DIRECTION ( 'NONE',  ( -1.000000000000000000, -0.000000000000000000, 0.000000000000000000 ) ) ;
#2174 = DIRECTION ( 'NONE',  ( 1.000000000000000000, 0.000000000000000000, -0.000000000000000000 ) ) ;
#2175 = AXIS2_PLACEMENT_3D ( 'NONE', #3825, #3386, #680 ) ;
#2176 = ADVANCED_FACE ( 'NONE', ( #2144 ), #4812, .F. ) ;
#2177 = VERTEX_POINT ( 'NONE', #2455 ) ;
#2178 = ORIENTED_EDGE ( 'NONE', *, *, #3089, .F. ) ;
#2179 = CARTESIAN_POINT ( 'NONE',  ( 209.4000000000000057, -207.5000000000000284, 95.90871211463571910 ) ) ;
#2180 = AXIS2_PLACEMENT_3D ( 'NONE', #2290, #7, #1022 ) ;
#2181 = DIRECTION ( 'NONE',  ( 0.000000000000000000, -0.000000000000000000, 1.000000000000000000 ) ) ;
#2182 = DIRECTION ( 'NONE',  ( -1.000000000000000000, -0.000000000000000000, -0.000000000000000000 ) ) ;
#2183 = DIRECTION ( 'NONE',  ( 0.000000000000000000, 0.000000000000000000, -1.000000000000000000 ) ) ;
#2184 = ADVANCED_FACE ( 'NONE', ( #1686 ), #531, .T. ) ;
#2185 = ORIENTED_EDGE ( 'NONE', *, *, #4850, .F. ) ;
#2186 = DIRECTION ( 'NONE',  ( -1.000000000000000000, -0.000000000000000000, 0.000000000000000000 ) ) ;
#2187 = ORIENTED_EDGE ( 'NONE', *, *, #4803, .F. ) ;
#2188 = FACE_BOUND ( 'NONE', #1632, .T. ) ;
#2189 = VECTOR ( 'NONE', #1746, 1000.000000000000000 ) ;
#2190 = CARTESIAN_POINT ( 'NONE',  ( -187.0000000000000000, -208.0000000000000000, 106.2500000000000142 ) ) ;
#2191 = VERTEX_POINT ( 'NONE', #4086 ) ;
#2192 = DIRECTION ( 'NONE',  ( 0.000000000000000000, -0.000000000000000000, 1.000000000000000000 ) ) ;
#2193 = ORIENTED_EDGE ( 'NONE', *, *, #1636, .F. ) ;
#2194 = ORIENTED_EDGE ( 'NONE', *, *, #4394, .T. ) ;
#2195 = VECTOR ( 'NONE', #1178, 1000.000000000000000 ) ;
#2196 = LINE ( 'NONE', #1454, #3135 ) ;
#2197 = DIRECTION ( 'NONE',  ( 0.000000000000000000, 0.000000000000000000, 1.000000000000000000 ) ) ;
#2198 = EDGE_CURVE ( 'NONE', #1868, #2672, #994, .T. ) ;
#2199 = DIRECTION ( 'NONE',  ( -1.000000000000000000, -0.000000000000000000, -0.000000000000000000 ) ) ;
#2200 = LINE ( 'NONE', #4988, #182 ) ;
#2201 = ORIENTED_EDGE ( 'NONE', *, *, #4486, .T. ) ;
#2202 = ORIENTED_EDGE ( 'NONE', *, *, #2768, .F. ) ;
#2203 = CARTESIAN_POINT ( 'NONE',  ( 213.4000000000000057, -191.0000000000000000, 44.00000000000000000 ) ) ;
#2204 = CARTESIAN_POINT ( 'NONE',  ( 191.8000000000000398, -205.9499999999999886, 52.00000000000000000 ) ) ;
#2205 = CARTESIAN_POINT ( 'NONE',  ( 188.0000000000000000, -191.5000000000000000, 106.0000000000000142 ) ) ;
#2206 = FACE_OUTER_BOUND ( 'NONE', #43, .T. ) ;
#2207 = ORIENTED_EDGE ( 'NONE', *, *, #4804, .T. ) ;
#2208 = CARTESIAN_POINT ( 'NONE',  ( 223.0000000000000000, -203.9000000000000057, 50.25000000000000000 ) ) ;
#2209 = EDGE_CURVE ( 'NONE', #1993, #4251, #2247, .T. ) ;
#2210 = ORIENTED_EDGE ( 'NONE', *, *, #2490, .F. ) ;
#2211 = DIRECTION ( 'NONE',  ( 0.000000000000000000, 0.000000000000000000, -1.000000000000000000 ) ) ;
#2212 = EDGE_CURVE ( 'NONE', #570, #2935, #2168, .T. ) ;
#2213 = DIRECTION ( 'NONE',  ( -0.000000000000000000, 1.000000000000000000, 0.000000000000000000 ) ) ;
#2214 = ORIENTED_EDGE ( 'NONE', *, *, #3902, .T. ) ;
#2215 = LINE ( 'NONE', #3795, #2923 ) ;
#2216 = VERTEX_POINT ( 'NONE', #893 ) ;
#2217 = EDGE_LOOP ( 'NONE', ( #3973, #216 ) ) ;
#2218 = DIRECTION ( 'NONE',  ( 0.000000000000000000, -1.000000000000000000, 0.000000000000000000 ) ) ;
#2219 = CARTESIAN_POINT ( 'NONE',  ( -196.5999999999999943, -202.5000000000000000, 85.00000000000000000 ) ) ;
#2220 = DIRECTION ( 'NONE',  ( 1.000000000000000000, 0.000000000000000000, -0.000000000000000000 ) ) ;
#2221 = CARTESIAN_POINT ( 'NONE',  ( 0.000000000000000000, 0.000000000000000000, 0.000000000000000000 ) ) ;
#2222 = AXIS2_PLACEMENT_3D ( 'NONE', #219, #3385, #5029 ) ;
#2223 = EDGE_CURVE ( 'NONE', #2563, #2759, #3721, .T. ) ;
#2224 = ORIENTED_EDGE ( 'NONE', *, *, #3788, .F. ) ;
#2225 = EDGE_LOOP ( 'NONE', ( #2736, #2817, #979, #270 ) ) ;
#2226 = CARTESIAN_POINT ( 'NONE',  ( 213.4000000000000057, -199.2500000000000000, 44.00000000000000000 ) ) ;
#2227 = DIRECTION ( 'NONE',  ( -1.000000000000000000, -0.000000000000000000, -0.000000000000000000 ) ) ;
#2228 = CYLINDRICAL_SURFACE ( 'NONE', #925, 4.100000000000006750 ) ;
#2229 = CARTESIAN_POINT ( 'NONE',  ( 205.0000000000000284, -190.5000000000000000, 106.0000000000000142 ) ) ;
#2230 = VECTOR ( 'NONE', #1153, 1000.000000000000000 ) ;
#2231 = VECTOR ( 'NONE', #2535, 1000.000000000000000 ) ;
#2232 = EDGE_LOOP ( 'NONE', ( #4121, #678, #32, #428 ) ) ;
#2233 = VECTOR ( 'NONE', #2537, 1000.000000000000000 ) ;
#2234 = DIRECTION ( 'NONE',  ( 0.000000000000000000, 0.000000000000000000, -1.000000000000000000 ) ) ;
#2235 = EDGE_LOOP ( 'NONE', ( #2334, #4877 ) ) ;
#2236 = CARTESIAN_POINT ( 'NONE',  ( -211.5000000000000000, -211.0000000000000000, 63.50000000000000000 ) ) ;
#2237 = EDGE_CURVE ( 'NONE', #1839, #1939, #2089, .T. ) ;
#2238 = EDGE_CURVE ( 'NONE', #355, #3153, #2529, .T. ) ;
#2239 = DIRECTION ( 'NONE',  ( 1.000000000000000000, 0.000000000000000000, 0.000000000000000000 ) ) ;
#2240 = ORIENTED_EDGE ( 'NONE', *, *, #3788, .T. ) ;
#2241 = CARTESIAN_POINT ( 'NONE',  ( -211.4000000000000057, -207.5000000000000284, 44.00000000000000000 ) ) ;
#2242 = ORIENTED_EDGE ( 'NONE', *, *, #1427, .F. ) ;
#2243 = CARTESIAN_POINT ( 'NONE',  ( -187.0000000000000000, -203.9000000000000057, 48.00000000000000000 ) ) ;
#2244 = DIRECTION ( 'NONE',  ( 0.000000000000000000, 1.000000000000000000, 0.000000000000000000 ) ) ;
#2245 = CARTESIAN_POINT ( 'NONE',  ( 200.5999999999999943, -207.5000000000000284, 44.00000000000000000 ) ) ;
#2246 = PERSON_AND_ORGANIZATION ( #3883, #4766 ) ;
#2247 = CIRCLE ( 'NONE', #4974, 11.99999999999999645 ) ;
#2248 = ORIENTED_EDGE ( 'NONE', *, *, #3540, .T. ) ;
#2249 = ORIENTED_EDGE ( 'NONE', *, *, #3937, .F. ) ;
#2250 = VECTOR ( 'NONE', #4919, 1000.000000000000000 ) ;
#2251 = CYLINDRICAL_SURFACE ( 'NONE', #1645, 9.999999999999994671 ) ;
#2252 = FACE_OUTER_BOUND ( 'NONE', #266, .T. ) ;
#2253 = VECTOR ( 'NONE', #2530, 1000.000000000000000 ) ;
#2254 = DIRECTION ( 'NONE',  ( -0.000000000000000000, 1.000000000000000000, 0.000000000000000000 ) ) ;
#2255 = EDGE_CURVE ( 'NONE', #4440, #1868, #577, .T. ) ;
#2256 = LINE ( 'NONE', #1924, #3327 ) ;
#2257 = VECTOR ( 'NONE', #281, 1000.000000000000000 ) ;
#2258 = ORIENTED_EDGE ( 'NONE', *, *, #3438, .F. ) ;
#2259 = AXIS2_PLACEMENT_3D ( 'NONE', #4000, #4436, #471 ) ;
#2260 = DIRECTION ( 'NONE',  ( -1.000000000000000000, -0.000000000000000000, 0.000000000000000000 ) ) ;
#2261 = VERTEX_POINT ( 'NONE', #125 ) ;
#2262 = CARTESIAN_POINT ( 'NONE',  ( -209.4000000000000057, -215.0000000000000000, 44.00000000000000000 ) ) ;
#2263 = EDGE_CURVE ( 'NONE', #4470, #3530, #194, .T. ) ;
#2264 = APPLICATION_CONTEXT ( 'configuration controlled 3d designs of mechanical parts and assemblies' ) ;
#2265 = VECTOR ( 'NONE', #5042, 1000.000000000000000 ) ;
#2266 = AXIS2_PLACEMENT_3D ( 'NONE', #2688, #4614, #2666 ) ;
#2267 = DIRECTION ( 'NONE',  ( 1.000000000000000000, 0.000000000000000000, 0.000000000000000000 ) ) ;
#2268 = VERTEX_POINT ( 'NONE', #4858 ) ;
#2269 = DIRECTION ( 'NONE',  ( 0.000000000000000000, 0.000000000000000000, 1.000000000000000000 ) ) ;
#2270 = DIRECTION ( 'NONE',  ( -1.000000000000000000, -0.000000000000000000, 0.000000000000000000 ) ) ;
#2271 = CARTESIAN_POINT ( 'NONE',  ( 223.0000000000000000, -208.0000000000000000, 48.00000000000000000 ) ) ;
#2272 = EDGE_CURVE ( 'NONE', #2753, #3217, #1308, .T. ) ;
#2273 = DIRECTION ( 'NONE',  ( 1.000000000000000000, 0.000000000000000000, 0.000000000000000000 ) ) ;
#2274 = ADVANCED_FACE ( 'NONE', ( #4447 ), #603, .T. ) ;
#2275 = ORIENTED_EDGE ( 'NONE', *, *, #2871, .F. ) ;
#2276 = EDGE_LOOP ( 'NONE', ( #2051, #2375, #4079, #443 ) ) ;
#2277 = ORIENTED_EDGE ( 'NONE', *, *, #3561, .F. ) ;
#2278 = DIRECTION ( 'NONE',  ( 0.000000000000000000, 0.000000000000000000, -1.000000000000000000 ) ) ;
#2279 = DIRECTION ( 'NONE',  ( -1.000000000000000000, -0.000000000000000000, -0.000000000000000000 ) ) ;
#2280 = CYLINDRICAL_SURFACE ( 'NONE', #2474, 4.100000000000006750 ) ;
#2281 = CARTESIAN_POINT ( 'NONE',  ( -209.4000000000000057, -202.5000000000000000, 89.10000000000000853 ) ) ;
#2282 = ORIENTED_EDGE ( 'NONE', *, *, #4230, .F. ) ;
#2283 = CARTESIAN_POINT ( 'NONE',  ( 187.0000000000000000, -208.0000000000000000, 106.2500000000000142 ) ) ;
#2284 = ORIENTED_EDGE ( 'NONE', *, *, #3445, .T. ) ;
#2285 = DIRECTION ( 'NONE',  ( -1.000000000000000000, -0.000000000000000000, 0.000000000000000000 ) ) ;
#2286 = VECTOR ( 'NONE', #3242, 1000.000000000000000 ) ;
#2287 = EDGE_CURVE ( 'NONE', #1270, #4810, #3501, .T. ) ;
#2288 = DIRECTION ( 'NONE',  ( 0.000000000000000000, 0.000000000000000000, -1.000000000000000000 ) ) ;
#2289 = ORIENTED_EDGE ( 'NONE', *, *, #106, .F. ) ;
#2290 = CARTESIAN_POINT ( 'NONE',  ( -205.0000000000000284, -192.5000000000000000, 98.00000000000000000 ) ) ;
#2291 = LINE ( 'NONE', #805, #3835 ) ;
#2292 = ADVANCED_FACE ( 'NONE', ( #2506 ), #4933, .F. ) ;
#2293 = DIRECTION ( 'NONE',  ( 0.000000000000000000, 0.000000000000000000, 1.000000000000000000 ) ) ;
#2294 = DIRECTION ( 'NONE',  ( 0.000000000000000000, 0.000000000000000000, -1.000000000000000000 ) ) ;
#2295 = PLANE ( 'NONE',  #4949 ) ;
#2296 = APPROVAL_DATE_TIME ( #1837, #4921 ) ;
#2297 = ORIENTED_EDGE ( 'NONE', *, *, #1545, .F. ) ;
#2298 = AXIS2_PLACEMENT_3D ( 'NONE', #2951, #2127, #1361 ) ;
#2299 = ORIENTED_EDGE ( 'NONE', *, *, #596, .T. ) ;
#2300 = VERTEX_POINT ( 'NONE', #3800 ) ;
#2301 = DIRECTION ( 'NONE',  ( 0.000000000000000000, 0.000000000000000000, -1.000000000000000000 ) ) ;
#2302 = DIRECTION ( 'NONE',  ( 0.000000000000000000, 0.000000000000000000, 1.000000000000000000 ) ) ;
#2303 = LINE ( 'NONE', #307, #3306 ) ;
#2304 = CARTESIAN_POINT ( 'NONE',  ( -211.5000000000000000, -211.0000000000000000, 63.50000000000000000 ) ) ;
#2305 = AXIS2_PLACEMENT_3D ( 'NONE', #4585, #1920, #2615 ) ;
#2306 = ORIENTED_EDGE ( 'NONE', *, *, #263, .F. ) ;
#2307 = DIRECTION ( 'NONE',  ( -0.000000000000000000, 0.000000000000000000, -1.000000000000000000 ) ) ;
#2308 = AXIS2_PLACEMENT_3D ( 'NONE', #2072, #4811, #2865 ) ;
#2309 = VERTEX_POINT ( 'NONE', #2653 ) ;
#2310 = PLANE ( 'NONE',  #3230 ) ;
#2311 = VECTOR ( 'NONE', #816, 1000.000000000000000 ) ;
#2312 = CIRCLE ( 'NONE', #590, 3.200000000000001510 ) ;
#2313 = CIRCLE ( 'NONE', #513, 3.199999999999994404 ) ;
#2314 = ORIENTED_EDGE ( 'NONE', *, *, #4923, .F. ) ;
#2315 = FACE_BOUND ( 'NONE', #3232, .T. ) ;
#2316 = ORIENTED_EDGE ( 'NONE', *, *, #1146, .F. ) ;
#2317 = CARTESIAN_POINT ( 'NONE',  ( -211.4000000000000057, -191.0000000000000000, 98.00000000000000000 ) ) ;
#2318 = VECTOR ( 'NONE', #260, 1000.000000000000000 ) ;
#2319 = LINE ( 'NONE', #2015, #3178 ) ;
#2320 = EDGE_CURVE ( 'NONE', #1939, #1839, #4730, .T. ) ;
#2321 = CARTESIAN_POINT ( 'NONE',  ( 200.5999999999999943, -199.2500000000000000, 98.00000000000000000 ) ) ;
#2322 = VERTEX_POINT ( 'NONE', #2970 ) ;
#2323 = DIRECTION ( 'NONE',  ( 0.000000000000000000, -1.000000000000000000, 0.000000000000000000 ) ) ;
#2324 = EDGE_CURVE ( 'NONE', #1900, #4779, #697, .T. ) ;
#2325 = ORIENTED_EDGE ( 'NONE', *, *, #2237, .F. ) ;
#2326 = ORIENTED_EDGE ( 'NONE', *, *, #2287, .F. ) ;
#2327 = ORIENTED_EDGE ( 'NONE', *, *, #2675, .T. ) ;
#2328 = CARTESIAN_POINT ( 'NONE',  ( -223.0000000000000000, -203.9000000000000057, 45.75000000000000000 ) ) ;
#2329 = CARTESIAN_POINT ( 'NONE',  ( 196.5999999999999943, -191.0000000000000000, 98.00000000000000000 ) ) ;
#2330 = CARTESIAN_POINT ( 'NONE',  ( -222.0000000000000284, -190.5000000000000000, 106.0000000000000142 ) ) ;
#2331 = FACE_BOUND ( 'NONE', #2788, .T. ) ;
#2332 = CARTESIAN_POINT ( 'NONE',  ( 200.6000000000000227, -205.9499999999999886, 108.0000000000000142 ) ) ;
#2333 = EDGE_CURVE ( 'NONE', #709, #4835, #2630, .T. ) ;
#2334 = ORIENTED_EDGE ( 'NONE', *, *, #3573, .F. ) ;
#2335 = CARTESIAN_POINT ( 'NONE',  ( 183.0000000000000284, -208.0000000000000000, 100.0000000000000000 ) ) ;
#2336 = ORIENTED_EDGE ( 'NONE', *, *, #4923, .T. ) ;
#2337 = CARTESIAN_POINT ( 'NONE',  ( -213.4000000000000057, -211.0000000000000000, 58.39999999999999858 ) ) ;
#2338 = CIRCLE ( 'NONE', #3906, 2.250000000000001776 ) ;
#2339 = EDGE_CURVE ( 'NONE', #2706, #3010, #1431, .T. ) ;
#2340 = EDGE_CURVE ( 'NONE', #3330, #4257, #1863, .T. ) ;
#2341 = VECTOR ( 'NONE', #3464, 1000.000000000000000 ) ;
#2342 = ORIENTED_EDGE ( 'NONE', *, *, #696, .T. ) ;
#2343 = CARTESIAN_POINT ( 'NONE',  ( 196.5999999999999943, -211.0000000000000000, 63.50000000000000000 ) ) ;
#2344 = EDGE_LOOP ( 'NONE', ( #3316, #3324, #4633, #2993 ) ) ;
#2345 = CARTESIAN_POINT ( 'NONE',  ( -227.0000000000000000, -208.0000000000000000, 44.00000000000000000 ) ) ;
#2346 = CYLINDRICAL_SURFACE ( 'NONE', #465, 11.99999999999999645 ) ;
#2347 = DIRECTION ( 'NONE',  ( 1.000000000000000000, 0.000000000000000000, 0.000000000000000000 ) ) ;
#2348 = ORIENTED_EDGE ( 'NONE', *, *, #4451, .T. ) ;
#2349 = DIRECTION ( 'NONE',  ( 1.000000000000000000, 0.000000000000000000, 0.000000000000000000 ) ) ;
#2350 = VECTOR ( 'NONE', #1249, 1000.000000000000000 ) ;
#2351 = VERTEX_POINT ( 'NONE', #1782 ) ;
#2352 = ORIENTED_EDGE ( 'NONE', *, *, #1086, .T. ) ;
#2353 = ADVANCED_FACE ( 'NONE', ( #2607 ), #4261, .F. ) ;
#2354 = DIRECTION ( 'NONE',  ( -1.000000000000000000, -0.000000000000000000, 0.000000000000000000 ) ) ;
#2355 = DIRECTION ( 'NONE',  ( -0.000000000000000000, 1.000000000000000000, 0.000000000000000000 ) ) ;
#2356 = LINE ( 'NONE', #4325, #133 ) ;
#2357 = CARTESIAN_POINT ( 'NONE',  ( 183.0000000000000284, -205.9499999999999886, 52.00000000000000000 ) ) ;
#2358 = DIRECTION ( 'NONE',  ( 0.000000000000000000, 0.000000000000000000, 1.000000000000000000 ) ) ;
#2359 = ORIENTED_EDGE ( 'NONE', *, *, #1606, .F. ) ;
#2360 = CARTESIAN_POINT ( 'NONE',  ( -187.0000000000000000, -203.9000000000000057, 104.0000000000000142 ) ) ;
#2361 = ORIENTED_EDGE ( 'NONE', *, *, #4826, .T. ) ;
#2362 = CARTESIAN_POINT ( 'NONE',  ( -211.4000000000000057, -214.4997437941094347, 84.92158523269061732 ) ) ;
#2363 = ORIENTED_EDGE ( 'NONE', *, *, #1862, .F. ) ;
#2365 = EDGE_CURVE ( 'NONE', #3217, #454, #1682, .T. ) ;
#2364 = ORIENTED_EDGE ( 'NONE', *, *, #2482, .F. ) ;
#2366 = EDGE_CURVE ( 'NONE', #1409, #4781, #4577, .T. ) ;
#2367 = DIRECTION ( 'NONE',  ( 1.000000000000000000, 0.000000000000000000, -0.000000000000000000 ) ) ;
#2368 = ORIENTED_EDGE ( 'NONE', *, *, #2545, .F. ) ;
#2369 = DIRECTION ( 'NONE',  ( -0.000000000000000000, 0.000000000000000000, 1.000000000000000000 ) ) ;
#2370 = DIRECTION ( 'NONE',  ( 0.000000000000000000, -0.000000000000000000, 1.000000000000000000 ) ) ;
#2371 = VECTOR ( 'NONE', #1358, 1000.000000000000000 ) ;
#2372 = LINE ( 'NONE', #2321, #1213 ) ;
#2373 = ORIENTED_EDGE ( 'NONE', *, *, #317, .F. ) ;
#2374 = DIRECTION ( 'NONE',  ( 0.000000000000000000, 0.000000000000000000, -1.000000000000000000 ) ) ;
#2375 = ORIENTED_EDGE ( 'NONE', *, *, #4915, .T. ) ;
#2376 = CIRCLE ( 'NONE', #4113, 3.199999999999994404 ) ;
#2377 = VERTEX_POINT ( 'NONE', #4961 ) ;
#2378 = ORIENTED_EDGE ( 'NONE', *, *, #2586, .F. ) ;
#2379 = CARTESIAN_POINT ( 'NONE',  ( 209.4000000000000057, -191.0000000000000000, 88.42782730020049087 ) ) ;
#2380 = CARTESIAN_POINT ( 'NONE',  ( 209.4000000000000057, -202.5000000000000000, 85.00000000000000000 ) ) ;
#2381 = CARTESIAN_POINT ( 'NONE',  ( 187.0000000000000000, -208.4000000000000057, 106.2500000000000142 ) ) ;
#2382 = CARTESIAN_POINT ( 'NONE',  ( 196.5999999999999943, -207.5000000000000284, 95.90871211463571910 ) ) ;
#2383 = DIRECTION ( 'NONE',  ( 0.000000000000000000, 0.000000000000000000, -1.000000000000000000 ) ) ;
#2384 = EDGE_CURVE ( 'NONE', #57, #3114, #3740, .T. ) ;
#2385 = EDGE_LOOP ( 'NONE', ( #1466, #2534 ) ) ;
#2386 = CARTESIAN_POINT ( 'NONE',  ( 183.0000000000000284, -203.9000000000000057, 100.0000000000000000 ) ) ;
#2387 = PLANE ( 'NONE',  #1903 ) ;
#2388 = EDGE_CURVE ( 'NONE', #1377, #1290, #3361, .T. ) ;
#2389 = AXIS2_PLACEMENT_3D ( 'NONE', #4398, #3674, #1707 ) ;
#2390 = ORIENTED_EDGE ( 'NONE', *, *, #3417, .T. ) ;
#2391 = DIRECTION ( 'NONE',  ( 0.000000000000000000, -1.000000000000000000, 0.000000000000000000 ) ) ;
#2392 = ORIENTED_EDGE ( 'NONE', *, *, #1718, .F. ) ;
#2393 = DIRECTION ( 'NONE',  ( -1.000000000000000000, 0.000000000000000000, 0.000000000000000000 ) ) ;
#2394 = DIRECTION ( 'NONE',  ( 1.000000000000000000, 0.000000000000000000, 0.000000000000000000 ) ) ;
#2395 = CC_DESIGN_PERSON_AND_ORGANIZATION_ASSIGNMENT ( #1076, #3420, ( #4103 ) ) ;
#2396 = VECTOR ( 'NONE', #152, 1000.000000000000000 ) ;
#2397 = ADVANCED_FACE ( 'NONE', ( #4600 ), #1048, .T. ) ;
#2398 = CARTESIAN_POINT ( 'NONE',  ( -223.0000000000000000, -203.9000000000000057, 106.2500000000000142 ) ) ;
#2399 = ORIENTED_EDGE ( 'NONE', *, *, #37, .F. ) ;
#2400 = PLANE ( 'NONE',  #756 ) ;
#2401 = ADVANCED_FACE ( 'NONE', ( #4647 ), #655, .F. ) ;
#2402 = VERTEX_POINT ( 'NONE', #5007 ) ;
#2403 = VERTEX_POINT ( 'NONE', #1883 ) ;
#2404 = EDGE_LOOP ( 'NONE', ( #3244, #1134, #168, #1100, #4219, #3941, #2603, #1283, #2855, #2967, #3587, #3453 ) ) ;
#2405 = CARTESIAN_POINT ( 'NONE',  ( -223.0000000000000000, -203.9000000000000057, 50.25000000000000000 ) ) ;
#2406 = LINE ( 'NONE', #3960, #2413 ) ;
#2407 = PLANE ( 'NONE',  #946 ) ;
#2408 = CARTESIAN_POINT ( 'NONE',  ( -213.4000000000000057, -191.0000000000000000, 106.5000000000000000 ) ) ;
#2409 = LINE ( 'NONE', #2458, #1196 ) ;
#2410 = VERTEX_POINT ( 'NONE', #5030 ) ;
#2411 = CARTESIAN_POINT ( 'NONE',  ( 213.4000000000000057, -207.5000000000000284, 95.90871211463571910 ) ) ;
#2412 = LINE ( 'NONE', #2362, #180 ) ;
#2413 = VECTOR ( 'NONE', #432, 1000.000000000000000 ) ;
#2414 = ORIENTED_EDGE ( 'NONE', *, *, #783, .T. ) ;
#2415 = ADVANCED_FACE ( 'NONE', ( #3044 ), #4212, .T. ) ;
#2416 = AXIS2_PLACEMENT_3D ( 'NONE', #4208, #1473, #3437 ) ;
#2417 = CARTESIAN_POINT ( 'NONE',  ( 195.0000000000000000, -211.0000000000000000, 63.50000000000000000 ) ) ;
#2418 = ORIENTED_EDGE ( 'NONE', *, *, #1309, .F. ) ;
#2419 = PLANE ( 'NONE',  #868 ) ;
#2420 = VECTOR ( 'NONE', #2712, 1000.000000000000000 ) ;
#2421 = FACE_OUTER_BOUND ( 'NONE', #4924, .T. ) ;
#2422 = CIRCLE ( 'NONE', #3586, 9.999999999999994671 ) ;
#2423 = LINE ( 'NONE', #494, #1061 ) ;
#2424 = ORIENTED_EDGE ( 'NONE', *, *, #4105, .T. ) ;
#2425 = FACE_OUTER_BOUND ( 'NONE', #3693, .T. ) ;
#2426 = ORIENTED_EDGE ( 'NONE', *, *, #3014, .F. ) ;
#2427 = CIRCLE ( 'NONE', #4002, 9.999999999999994671 ) ;
#2428 = VERTEX_POINT ( 'NONE', #3069 ) ;
#2429 = EDGE_LOOP ( 'NONE', ( #3105, #3736, #4817, #1295 ) ) ;
#2430 = CARTESIAN_POINT ( 'NONE',  ( 200.5999999999999943, -215.0000000000000000, 44.00000000000000000 ) ) ;
#2431 = ADVANCED_FACE ( 'NONE', ( #729, #220, #2580, #630 ), #1152, .T. ) ;
#2432 = DIRECTION ( 'NONE',  ( 0.000000000000000000, 0.000000000000000000, 1.000000000000000000 ) ) ;
#2433 = EDGE_CURVE ( 'NONE', #1005, #4124, #841, .T. ) ;
#2434 = CARTESIAN_POINT ( 'NONE',  ( -227.0000000000000000, -208.0000000000000000, 44.00000000000000000 ) ) ;
#2435 = CARTESIAN_POINT ( 'NONE',  ( 196.5999999999999943, -199.2500000000000000, 98.00000000000000000 ) ) ;
#2436 = DIRECTION ( 'NONE',  ( 1.000000000000000000, 0.000000000000000000, 0.000000000000000000 ) ) ;
#2437 = CIRCLE ( 'NONE', #2763, 2.250000000000001776 ) ;
#2438 = ORIENTED_EDGE ( 'NONE', *, *, #4486, .F. ) ;
#2439 = DIRECTION ( 'NONE',  ( 0.000000000000000000, -0.000000000000000000, 1.000000000000000000 ) ) ;
#2440 = DIRECTION ( 'NONE',  ( 1.000000000000000000, 0.000000000000000000, -0.000000000000000000 ) ) ;
#2441 = AXIS2_PLACEMENT_3D ( 'NONE', #3931, #21, #762 ) ;
#2442 = ORIENTED_EDGE ( 'NONE', *, *, #659, .T. ) ;
#2443 = CARTESIAN_POINT ( 'NONE',  ( -183.0000000000000284, -203.9000000000000057, 44.00000000000000000 ) ) ;
#2444 = EDGE_LOOP ( 'NONE', ( #3664, #145, #3755, #2898, #2451, #2249, #437, #3402, #1489, #4161, #2650, #4038, #5075, #1969, #213, #4732, #807, #2726 ) ) ;
#2445 = CARTESIAN_POINT ( 'NONE',  ( 196.5999999999999943, -191.0000000000000000, 44.00000000000000000 ) ) ;
#2446 = DIRECTION ( 'NONE',  ( -0.000000000000000000, 0.000000000000000000, -1.000000000000000000 ) ) ;
#2447 = ADVANCED_FACE ( 'NONE', ( #433 ), #3213, .F. ) ;
#2448 = LINE ( 'NONE', #4827, #4091 ) ;
#2449 = ORIENTED_EDGE ( 'NONE', *, *, #1433, .F. ) ;
#2450 = PLANE ( 'NONE',  #3644 ) ;
#2451 = ORIENTED_EDGE ( 'NONE', *, *, #1780, .T. ) ;
#2452 = ORIENTED_EDGE ( 'NONE', *, *, #4452, .T. ) ;
#2453 = ORIENTED_EDGE ( 'NONE', *, *, #4978, .F. ) ;
#2454 = CARTESIAN_POINT ( 'NONE',  ( -188.0000000000000000, -192.5000000000000000, 106.0000000000000142 ) ) ;
#2455 = CARTESIAN_POINT ( 'NONE',  ( -213.4000000000000057, -217.4709960404728406, 68.20385057630286951 ) ) ;
#2456 = FACE_OUTER_BOUND ( 'NONE', #562, .T. ) ;
#2457 = DIRECTION ( 'NONE',  ( 0.000000000000000000, 1.000000000000000000, 0.000000000000000000 ) ) ;
#2458 = CARTESIAN_POINT ( 'NONE',  ( 191.8000000000000398, -208.0000000000000000, 44.00000000000000000 ) ) ;
#2459 = ADVANCED_FACE ( 'NONE', ( #4400 ), #2407, .T. ) ;
#2460 = EDGE_CURVE ( 'NONE', #1492, #2759, #2910, .T. ) ;
#2461 = ORIENTED_EDGE ( 'NONE', *, *, #4612, .T. ) ;
#2462 = DIRECTION ( 'NONE',  ( -0.000000000000000000, 1.000000000000000000, 0.000000000000000000 ) ) ;
#2463 = FACE_OUTER_BOUND ( 'NONE', #4353, .T. ) ;
#2464 = ORIENTED_EDGE ( 'NONE', *, *, #4658, .F. ) ;
#2465 = LINE ( 'NONE', #1367, #1014 ) ;
#2466 = ORIENTED_EDGE ( 'NONE', *, *, #4821, .T. ) ;
#2467 = DIRECTION ( 'NONE',  ( 0.000000000000000000, 1.000000000000000000, 0.000000000000000000 ) ) ;
#2468 = CIRCLE ( 'NONE', #4375, 4.100000000000006750 ) ;
#2469 = AXIS2_PLACEMENT_3D ( 'NONE', #2417, #469, #3972 ) ;
#2470 = CARTESIAN_POINT ( 'NONE',  ( 200.5999999999999943, -210.7827506026967228, 75.63805349013748014 ) ) ;
#2471 = ORIENTED_EDGE ( 'NONE', *, *, #2320, .T. ) ;
#2472 = EDGE_CURVE ( 'NONE', #2513, #1504, #4786, .T. ) ;
#2473 = DIRECTION ( 'NONE',  ( 0.000000000000000000, 0.000000000000000000, 1.000000000000000000 ) ) ;
#2474 = AXIS2_PLACEMENT_3D ( 'NONE', #1892, #765, #1974 ) ;
#2475 = VECTOR ( 'NONE', #582, 1000.000000000000000 ) ;
#2476 = VECTOR ( 'NONE', #2155, 1000.000000000000000 ) ;
#2477 = VERTEX_POINT ( 'NONE', #1637 ) ;
#2478 = VERTEX_POINT ( 'NONE', #867 ) ;
#2479 = VECTOR ( 'NONE', #1069, 1000.000000000000000 ) ;
#2480 = CARTESIAN_POINT ( 'NONE',  ( -187.0000000000000000, -208.0000000000000000, 50.25000000000000000 ) ) ;
#2481 = DIRECTION ( 'NONE',  ( -1.000000000000000000, 0.000000000000000000, 0.000000000000000000 ) ) ;
#2482 = EDGE_CURVE ( 'NONE', #1512, #1005, #2356, .T. ) ;
#2483 = PLANE ( 'NONE',  #4070 ) ;
#2484 = CARTESIAN_POINT ( 'NONE',  ( 195.0000000000000000, -211.0000000000000000, 60.29999999999999716 ) ) ;
#2485 = AXIS2_PLACEMENT_3D ( 'NONE', #3665, #138, #2211 ) ;
#2486 = DIRECTION ( 'NONE',  ( 0.000000000000000000, 0.000000000000000000, -1.000000000000000000 ) ) ;
#2487 = ORIENTED_EDGE ( 'NONE', *, *, #3751, .T. ) ;
#2488 = LINE ( 'NONE', #900, #4215 ) ;
#2489 = PLANE ( 'NONE',  #4872 ) ;
#2490 = EDGE_CURVE ( 'NONE', #1483, #3094, #3961, .T. ) ;
#2491 = EDGE_LOOP ( 'NONE', ( #2905, #1654, #68, #4783 ) ) ;
#2492 = CARTESIAN_POINT ( 'NONE',  ( -196.5999999999999943, -211.0000000000000000, 60.29999999999999716 ) ) ;
#2493 = EDGE_CURVE ( 'NONE', #3999, #355, #3882, .T. ) ;
#2494 = ORIENTED_EDGE ( 'NONE', *, *, #114, .F. ) ;
#2495 = DIRECTION ( 'NONE',  ( 1.000000000000000000, 0.000000000000000000, -0.000000000000000000 ) ) ;
#2496 = EDGE_CURVE ( 'NONE', #3375, #1537, #1922, .T. ) ;
#2497 = AXIS2_PLACEMENT_3D ( 'NONE', #3524, #4399, #2047 ) ;
#2498 = CARTESIAN_POINT ( 'NONE',  ( 209.4000000000000057, -191.0000000000000000, 98.00000000000000000 ) ) ;
#2499 = ORIENTED_EDGE ( 'NONE', *, *, #15, .F. ) ;
#2500 = PLANE ( 'NONE',  #4382 ) ;
#2501 = CIRCLE ( 'NONE', #3249, 4.100000000000006750 ) ;
#2502 = VECTOR ( 'NONE', #750, 1000.000000000000000 ) ;
#2503 = ORIENTED_EDGE ( 'NONE', *, *, #3083, .F. ) ;
#2504 = ORIENTED_EDGE ( 'NONE', *, *, #3575, .F. ) ;
#2505 = CARTESIAN_POINT ( 'NONE',  ( -205.0000000000000284, -192.5000000000000000, 106.0000000000000142 ) ) ;
#2506 = FACE_OUTER_BOUND ( 'NONE', #4746, .T. ) ;
#2507 = DIRECTION ( 'NONE',  ( 1.000000000000000000, 0.000000000000000000, 0.000000000000000000 ) ) ;
#2508 = DIRECTION ( 'NONE',  ( 0.000000000000000000, 0.000000000000000000, -1.000000000000000000 ) ) ;
#2509 = CYLINDRICAL_SURFACE ( 'NONE', #1226, 11.99999999999999645 ) ;
#2510 = CIRCLE ( 'NONE', #4154, 5.100000000000000533 ) ;
#2511 = VECTOR ( 'NONE', #5021, 1000.000000000000000 ) ;
#2512 = EDGE_CURVE ( 'NONE', #2163, #3041, #4679, .T. ) ;
#2513 = VERTEX_POINT ( 'NONE', #2330 ) ;
#2514 = CARTESIAN_POINT ( 'NONE',  ( 200.5999999999999943, -210.7827506026967228, 71.53805349013747161 ) ) ;
#2515 = PLANE ( 'NONE',  #3060 ) ;
#2516 = EDGE_CURVE ( 'NONE', #1177, #18, #2740, .T. ) ;
#2517 = ORIENTED_EDGE ( 'NONE', *, *, #3034, .T. ) ;
#2518 = CARTESIAN_POINT ( 'NONE',  ( 211.4000000000000057, -191.0000000000000000, 44.00000000000000000 ) ) ;
#2519 = ORIENTED_EDGE ( 'NONE', *, *, #978, .T. ) ;
#2520 = CARTESIAN_POINT ( 'NONE',  ( 191.8000000000000398, -208.0000000000000000, 52.00000000000000000 ) ) ;
#2521 = EDGE_CURVE ( 'NONE', #589, #1605, #3909, .T. ) ;
#2522 = EDGE_CURVE ( 'NONE', #3530, #716, #1613, .T. ) ;
#2523 = DIRECTION ( 'NONE',  ( 1.000000000000000000, 0.000000000000000000, -0.000000000000000000 ) ) ;
#2524 = ORIENTED_EDGE ( 'NONE', *, *, #2744, .F. ) ;
#2525 = CARTESIAN_POINT ( 'NONE',  ( 205.0000000000000284, -192.5000000000000000, 98.00000000000000000 ) ) ;
#2526 = EDGE_LOOP ( 'NONE', ( #2571, #911, #2022, #2201 ) ) ;
#2527 = ORIENTED_EDGE ( 'NONE', *, *, #2809, .F. ) ;
#2528 = CARTESIAN_POINT ( 'NONE',  ( 183.0000000000000284, -203.9000000000000057, 52.00000000000000000 ) ) ;
#2529 = LINE ( 'NONE', #1662, #3410 ) ;
#2530 = DIRECTION ( 'NONE',  ( 0.000000000000000000, 0.000000000000000000, 1.000000000000000000 ) ) ;
#2531 = DIRECTION ( 'NONE',  ( -0.000000000000000000, 0.000000000000000000, -1.000000000000000000 ) ) ;
#2532 = CARTESIAN_POINT ( 'NONE',  ( 187.0000000000000000, -208.4000000000000057, 48.00000000000000000 ) ) ;
#2533 = AXIS2_PLACEMENT_3D ( 'NONE', #3936, #2436, #2383 ) ;
#2534 = ORIENTED_EDGE ( 'NONE', *, *, #927, .F. ) ;
#2535 = DIRECTION ( 'NONE',  ( 0.000000000000000000, 1.000000000000000000, 0.000000000000000000 ) ) ;
#2536 = CYLINDRICAL_SURFACE ( 'NONE', #3221, 4.100000000000006750 ) ;
#2537 = DIRECTION ( 'NONE',  ( 0.000000000000000000, 0.000000000000000000, 1.000000000000000000 ) ) ;
#2538 = EDGE_CURVE ( 'NONE', #3037, #2216, #4761, .T. ) ;
#2539 = CARTESIAN_POINT ( 'NONE',  ( 196.5999999999999943, -191.0000000000000000, 88.42782730020049087 ) ) ;
#2540 = CIRCLE ( 'NONE', #569, 11.99999999999999645 ) ;
#2541 = VERTEX_POINT ( 'NONE', #1973 ) ;
#2542 = FACE_OUTER_BOUND ( 'NONE', #73, .T. ) ;
#2543 = ORIENTED_EDGE ( 'NONE', *, *, #2365, .T. ) ;
#2544 = CARTESIAN_POINT ( 'NONE',  ( 209.4000000000000057, -191.0000000000000000, 81.57217269979952334 ) ) ;
#2545 = EDGE_CURVE ( 'NONE', #174, #2068, #815, .T. ) ;
#2546 = CIRCLE ( 'NONE', #2795, 3.200000000000001510 ) ;
#2547 = CARTESIAN_POINT ( 'NONE',  ( -205.0000000000000284, -191.0000000000000000, 98.00000000000000000 ) ) ;
#2548 = ORIENTED_EDGE ( 'NONE', *, *, #2709, .T. ) ;
#2549 = DIRECTION ( 'NONE',  ( 0.000000000000000000, 0.000000000000000000, 1.000000000000000000 ) ) ;
#2550 = EDGE_CURVE ( 'NONE', #3845, #1366, #1232, .T. ) ;
#2551 = AXIS2_PLACEMENT_3D ( 'NONE', #3896, #4360, #3487 ) ;
#2552 = AXIS2_PLACEMENT_3D ( 'NONE', #1992, #3595, #3900 ) ;
#2553 = VERTEX_POINT ( 'NONE', #2894 ) ;
#2554 = ORIENTED_EDGE ( 'NONE', *, *, #1647, .F. ) ;
#2555 = DIRECTION ( 'NONE',  ( 0.000000000000000000, -0.000000000000000000, 1.000000000000000000 ) ) ;
#2556 = DIRECTION ( 'NONE',  ( 0.000000000000000000, -1.000000000000000000, -0.000000000000000000 ) ) ;
#2557 = LINE ( 'NONE', #2317, #3171 ) ;
#2558 = EDGE_CURVE ( 'NONE', #3429, #4168, #4895, .T. ) ;
#2559 = LINE ( 'NONE', #2845, #588 ) ;
#2560 =( NAMED_UNIT ( * ) SI_UNIT ( $, .STERADIAN. ) SOLID_ANGLE_UNIT ( ) );
#2561 = AXIS2_PLACEMENT_3D ( 'NONE', #440, #3610, #2006 ) ;
#2562 = VECTOR ( 'NONE', #2860, 1000.000000000000000 ) ;
#2563 = VERTEX_POINT ( 'NONE', #3697 ) ;
#2564 = ORIENTED_EDGE ( 'NONE', *, *, #5045, .T. ) ;
#2565 = DIRECTION ( 'NONE',  ( 0.000000000000000000, -0.000000000000000000, 1.000000000000000000 ) ) ;
#2566 = DIRECTION ( 'NONE',  ( 0.000000000000000000, 0.000000000000000000, 1.000000000000000000 ) ) ;
#2567 = CARTESIAN_POINT ( 'NONE',  ( -211.4000000000000057, -215.0000000000000000, 44.00000000000000000 ) ) ;
#2568 = LINE ( 'NONE', #231, #2250 ) ;
#2569 = EDGE_LOOP ( 'NONE', ( #2527, #931, #4220, #936 ) ) ;
#2570 = DIRECTION ( 'NONE',  ( 0.000000000000000000, 1.000000000000000000, 0.000000000000000000 ) ) ;
#2571 = ORIENTED_EDGE ( 'NONE', *, *, #4425, .T. ) ;
#2572 = DIRECTION ( 'NONE',  ( 1.000000000000000000, 0.000000000000000000, 0.000000000000000000 ) ) ;
#2573 = EDGE_CURVE ( 'NONE', #4266, #1204, #2844, .T. ) ;
#2574 = DIRECTION ( 'NONE',  ( -1.000000000000000000, -0.000000000000000000, 0.000000000000000000 ) ) ;
#2575 = VERTEX_POINT ( 'NONE', #2074 ) ;
#2576 = DIRECTION ( 'NONE',  ( -1.000000000000000000, -0.000000000000000000, -0.000000000000000000 ) ) ;
#2577 = EDGE_LOOP ( 'NONE', ( #803, #3048, #2707, #1327 ) ) ;
#2578 = ORIENTED_EDGE ( 'NONE', *, *, #8, .F. ) ;
#2579 = CARTESIAN_POINT ( 'NONE',  ( 198.5999999999999943, -191.0000000000000000, 44.00000000000000000 ) ) ;
#2580 = FACE_BOUND ( 'NONE', #3268, .T. ) ;
#2581 = VECTOR ( 'NONE', #1949, 1000.000000000000000 ) ;
#2582 = DIRECTION ( 'NONE',  ( 0.000000000000000000, -0.000000000000000000, 1.000000000000000000 ) ) ;
#2583 = LINE ( 'NONE', #1865, #2971 ) ;
#2584 = LINE ( 'NONE', #4557, #1794 ) ;
#2585 = VECTOR ( 'NONE', #1208, 1000.000000000000000 ) ;
#2586 = EDGE_CURVE ( 'NONE', #2724, #1436, #3287, .T. ) ;
#2587 = VERTEX_POINT ( 'NONE', #4910 ) ;
#2588 = VERTEX_POINT ( 'NONE', #1381 ) ;
#2589 = EDGE_CURVE ( 'NONE', #275, #3359, #4859, .T. ) ;
#2590 = DIRECTION ( 'NONE',  ( 1.000000000000000000, 0.000000000000000000, 0.000000000000000000 ) ) ;
#2591 = CARTESIAN_POINT ( 'NONE',  ( -213.4000000000000057, -191.0000000000000000, 81.57217269979952334 ) ) ;
#2592 = DIRECTION ( 'NONE',  ( 0.000000000000000000, 1.000000000000000000, 0.000000000000000000 ) ) ;
#2593 = LINE ( 'NONE', #3731, #2658 ) ;
#2594 = ORIENTED_EDGE ( 'NONE', *, *, #4225, .T. ) ;
#2595 = CARTESIAN_POINT ( 'NONE',  ( 183.0000000000000284, -208.0000000000000000, 44.00000000000000000 ) ) ;
#2596 = ORIENTED_EDGE ( 'NONE', *, *, #1195, .F. ) ;
#2597 = DIRECTION ( 'NONE',  ( 1.000000000000000000, 0.000000000000000000, 0.000000000000000000 ) ) ;
#2598 = VECTOR ( 'NONE', #1275, 1000.000000000000000 ) ;
#2599 = DIRECTION ( 'NONE',  ( 0.000000000000000000, 0.000000000000000000, 1.000000000000000000 ) ) ;
#2600 = ORIENTED_EDGE ( 'NONE', *, *, #1616, .T. ) ;
#2601 = CARTESIAN_POINT ( 'NONE',  ( 211.5000000000000000, -211.0000000000000000, 63.50000000000000000 ) ) ;
#2602 = EDGE_CURVE ( 'NONE', #3158, #4931, #3654, .T. ) ;
#2603 = ORIENTED_EDGE ( 'NONE', *, *, #3434, .F. ) ;
#2604 = VERTEX_POINT ( 'NONE', #172 ) ;
#2605 = CIRCLE ( 'NONE', #397, 3.199999999999994404 ) ;
#2606 = DIRECTION ( 'NONE',  ( 0.000000000000000000, 0.000000000000000000, 1.000000000000000000 ) ) ;
#2607 = FACE_OUTER_BOUND ( 'NONE', #646, .T. ) ;
#2608 = CARTESIAN_POINT ( 'NONE',  ( 196.5999999999999943, -203.9000000000000057, 100.0000000000000000 ) ) ;
#2609 = EDGE_CURVE ( 'NONE', #4292, #2915, #288, .T. ) ;
#2610 = CIRCLE ( 'NONE', #142, 9.999999999999994671 ) ;
#2611 = DATE_TIME_ROLE ( 'creation_date' ) ;
#2612 = VERTEX_POINT ( 'NONE', #4014 ) ;
#2613 = EDGE_LOOP ( 'NONE', ( #105, #1659, #4330, #3020 ) ) ;
#2614 = DIRECTION ( 'NONE',  ( 0.000000000000000000, 0.000000000000000000, -1.000000000000000000 ) ) ;
#2615 = DIRECTION ( 'NONE',  ( -1.000000000000000000, 0.000000000000000000, 0.000000000000000000 ) ) ;
#2616 = FACE_OUTER_BOUND ( 'NONE', #581, .T. ) ;
#2617 = EDGE_CURVE ( 'NONE', #1270, #2915, #1330, .T. ) ;
#2618 = CARTESIAN_POINT ( 'NONE',  ( -187.0000000000000000, -208.0000000000000000, 48.00000000000000000 ) ) ;
#2619 = EDGE_CURVE ( 'NONE', #3330, #3130, #483, .T. ) ;
#2620 = EDGE_LOOP ( 'NONE', ( #4938, #2299, #3185, #1420 ) ) ;
#2621 = LINE ( 'NONE', #1490, #2021 ) ;
#2622 = ORIENTED_EDGE ( 'NONE', *, *, #3541, .T. ) ;
#2623 = CARTESIAN_POINT ( 'NONE',  ( -196.5999999999999943, -191.0000000000000000, 98.00000000000000000 ) ) ;
#2624 = CARTESIAN_POINT ( 'NONE',  ( 200.5999999999999943, -202.5000000000000000, 80.90000000000000568 ) ) ;
#2625 = ORIENTED_EDGE ( 'NONE', *, *, #3625, .F. ) ;
#2626 = PLANE ( 'NONE',  #615 ) ;
#2627 = ORIENTED_EDGE ( 'NONE', *, *, #3466, .T. ) ;
#2628 = EDGE_CURVE ( 'NONE', #3754, #4445, #1310, .T. ) ;
#2629 = CARTESIAN_POINT ( 'NONE',  ( -209.4000000000000057, -199.2500000000000000, 44.00000000000000000 ) ) ;
#2630 = LINE ( 'NONE', #1502, #2661 ) ;
#2631 = CARTESIAN_POINT ( 'NONE',  ( 196.5999999999999943, -192.5000000000000000, 98.00000000000000000 ) ) ;
#2632 = DATE_AND_TIME ( #3852, #1470 ) ;
#2633 = VECTOR ( 'NONE', #4879, 1000.000000000000000 ) ;
#2634 = EDGE_LOOP ( 'NONE', ( #1227, #336, #4914, #183 ) ) ;
#2635 = ORIENTED_EDGE ( 'NONE', *, *, #1008, .T. ) ;
#2636 = ADVANCED_FACE ( 'NONE', ( #2456 ), #99, .T. ) ;
#2637 = CARTESIAN_POINT ( 'NONE',  ( -213.4000000000000057, -202.5000000000000000, 85.00000000000000000 ) ) ;
#2638 = VECTOR ( 'NONE', #442, 1000.000000000000000 ) ;
#2639 = CARTESIAN_POINT ( 'NONE',  ( -196.5999999999999943, -211.0000000000000000, 63.50000000000000000 ) ) ;
#2640 = DIRECTION ( 'NONE',  ( 0.000000000000000000, -1.000000000000000000, 0.000000000000000000 ) ) ;
#2641 = DIRECTION ( 'NONE',  ( 0.000000000000000000, -1.000000000000000000, -0.000000000000000000 ) ) ;
#2642 = VECTOR ( 'NONE', #1503, 1000.000000000000000 ) ;
#2643 = VERTEX_POINT ( 'NONE', #2122 ) ;
#2644 = VECTOR ( 'NONE', #3451, 1000.000000000000000 ) ;
#2645 = CARTESIAN_POINT ( 'NONE',  ( -187.0000000000000000, -208.4000000000000057, 106.2500000000000142 ) ) ;
#2646 = ORIENTED_EDGE ( 'NONE', *, *, #2573, .T. ) ;
#2647 = CARTESIAN_POINT ( 'NONE',  ( -218.2000000000000171, -208.0000000000000000, 108.0000000000000142 ) ) ;
#2648 = EDGE_CURVE ( 'NONE', #1313, #2667, #4035, .T. ) ;
#2649 = LINE ( 'NONE', #4593, #5072 ) ;
#2650 = ORIENTED_EDGE ( 'NONE', *, *, #4474, .T. ) ;
#2651 = CARTESIAN_POINT ( 'NONE',  ( -223.0000000000000000, -208.0000000000000000, 48.00000000000000000 ) ) ;
#2652 = DIRECTION ( 'NONE',  ( -1.000000000000000000, -0.000000000000000000, 0.000000000000000000 ) ) ;
#2653 = CARTESIAN_POINT ( 'NONE',  ( -209.4000000000000057, -210.7827506026967228, 79.73805349013748867 ) ) ;
#2654 = CARTESIAN_POINT ( 'NONE',  ( -191.8000000000000398, -203.9000000000000057, 44.00000000000000000 ) ) ;
#2655 = CIRCLE ( 'NONE', #773, 11.99999999999999645 ) ;
#2656 = VERTEX_POINT ( 'NONE', #3264 ) ;
#2657 = ORIENTED_EDGE ( 'NONE', *, *, #572, .F. ) ;
#2658 = VECTOR ( 'NONE', #4174, 1000.000000000000000 ) ;
#2659 = DIRECTION ( 'NONE',  ( 0.000000000000000000, 0.000000000000000000, -1.000000000000000000 ) ) ;
#2660 = LINE ( 'NONE', #4196, #100 ) ;
#2661 = VECTOR ( 'NONE', #3849, 1000.000000000000000 ) ;
#2662 = FACE_OUTER_BOUND ( 'NONE', #1337, .T. ) ;
#2663 = DIRECTION ( 'NONE',  ( 0.000000000000000000, 0.000000000000000000, 1.000000000000000000 ) ) ;
#2664 = VERTEX_POINT ( 'NONE', #1709 ) ;
#2665 = VECTOR ( 'NONE', #804, 1000.000000000000000 ) ;
#2666 = DIRECTION ( 'NONE',  ( 1.000000000000000000, 0.000000000000000000, -0.000000000000000000 ) ) ;
#2667 = VERTEX_POINT ( 'NONE', #1731 ) ;
#2668 = PLANE ( 'NONE',  #1012 ) ;
#2669 = ADVANCED_FACE ( 'NONE', ( #504 ), #2483, .T. ) ;
#2670 = VECTOR ( 'NONE', #2186, 1000.000000000000000 ) ;
#2671 = LINE ( 'NONE', #416, #1000 ) ;
#2672 = VERTEX_POINT ( 'NONE', #4061 ) ;
#2673 = DIRECTION ( 'NONE',  ( -1.000000000000000000, -0.000000000000000000, -0.000000000000000000 ) ) ;
#2674 = CARTESIAN_POINT ( 'NONE',  ( -183.0000000000000284, -208.0000000000000000, 44.00000000000000000 ) ) ;
#2675 = EDGE_CURVE ( 'NONE', #3957, #2588, #195, .T. ) ;
#2676 = ADVANCED_FACE ( 'NONE', ( #4087 ), #578, .T. ) ;
#2677 = FACE_OUTER_BOUND ( 'NONE', #3333, .T. ) ;
#2678 = DIRECTION ( 'NONE',  ( 0.000000000000000000, 1.000000000000000000, 0.000000000000000000 ) ) ;
#2679 = FACE_OUTER_BOUND ( 'NONE', #2620, .T. ) ;
#2680 = PERSON_AND_ORGANIZATION_ROLE ( 'creator' ) ;
#2681 = EDGE_LOOP ( 'NONE', ( #241, #93, #1400, #5038 ) ) ;
#2682 = ORIENTED_EDGE ( 'NONE', *, *, #1584, .F. ) ;
#2683 = DIRECTION ( 'NONE',  ( -0.000000000000000000, 1.000000000000000000, 0.000000000000000000 ) ) ;
#2684 = CARTESIAN_POINT ( 'NONE',  ( -227.0000000000000000, -203.9000000000000057, 44.00000000000000000 ) ) ;
#2685 = DIRECTION ( 'NONE',  ( 0.000000000000000000, 0.000000000000000000, -1.000000000000000000 ) ) ;
#2686 = CARTESIAN_POINT ( 'NONE',  ( -213.4000000000000057, -199.2500000000000000, 52.00000000000000000 ) ) ;
#2687 = ORIENTED_EDGE ( 'NONE', *, *, #50, .T. ) ;
#2688 = CARTESIAN_POINT ( 'NONE',  ( -205.0000000000000284, -191.5000000000000000, 106.0000000000000142 ) ) ;
#2689 = ADVANCED_FACE ( 'NONE', ( #894 ), #2920, .T. ) ;
#2690 = ORIENTED_EDGE ( 'NONE', *, *, #1461, .T. ) ;
#2691 = FACE_OUTER_BOUND ( 'NONE', #834, .T. ) ;
#2692 = LOCAL_TIME ( 16, 54, 0.000000000000000000, #351 ) ;
#2693 = EDGE_LOOP ( 'NONE', ( #1812, #2306 ) ) ;
#2694 = EDGE_CURVE ( 'NONE', #4548, #3705, #2914, .T. ) ;
#2695 = CARTESIAN_POINT ( 'NONE',  ( -222.0000000000000284, -190.5000000000000000, 98.00000000000000000 ) ) ;
#2696 = ORIENTED_EDGE ( 'NONE', *, *, #4826, .F. ) ;
#2697 = CARTESIAN_POINT ( 'NONE',  ( -196.5999999999999943, -192.5000000000000000, 98.00000000000000000 ) ) ;
#2698 = FACE_OUTER_BOUND ( 'NONE', #500, .T. ) ;
#2699 = DIRECTION ( 'NONE',  ( 0.000000000000000000, -1.000000000000000000, 0.000000000000000000 ) ) ;
#2700 = ADVANCED_FACE ( 'NONE', ( #3538 ), #631, .T. ) ;
#2701 = ORIENTED_EDGE ( 'NONE', *, *, #4329, .F. ) ;
#2702 = ADVANCED_FACE ( 'NONE', ( #1961, #3095 ), #1570, .T. ) ;
#2703 = LINE ( 'NONE', #1145, #3887 ) ;
#2704 = PERSON_AND_ORGANIZATION ( #3883, #4766 ) ;
#2705 = ORIENTED_EDGE ( 'NONE', *, *, #4347, .T. ) ;
#2706 = VERTEX_POINT ( 'NONE', #3149 ) ;
#2707 = ORIENTED_EDGE ( 'NONE', *, *, #1881, .T. ) ;
#2708 = CARTESIAN_POINT ( 'NONE',  ( -196.5999999999999943, -199.2500000000000000, 52.00000000000000000 ) ) ;
#2709 = EDGE_CURVE ( 'NONE', #3010, #2752, #2557, .T. ) ;
#2710 = FACE_OUTER_BOUND ( 'NONE', #3051, .T. ) ;
#2711 = EDGE_CURVE ( 'NONE', #3114, #3237, #4140, .T. ) ;
#2712 = DIRECTION ( 'NONE',  ( 0.000000000000000000, -1.000000000000000000, -0.000000000000000000 ) ) ;
#2713 = DIRECTION ( 'NONE',  ( 1.000000000000000000, 0.000000000000000000, 0.000000000000000000 ) ) ;
#2714 = CARTESIAN_POINT ( 'NONE',  ( -196.5999999999999943, -207.5000000000000284, 44.00000000000000000 ) ) ;
#2715 = AXIS2_PLACEMENT_3D ( 'NONE', #4940, #850, #3638 ) ;
#2716 = ORIENTED_EDGE ( 'NONE', *, *, #4159, .F. ) ;
#2717 = CARTESIAN_POINT ( 'NONE',  ( -213.4000000000000057, -199.2500000000000000, 100.0000000000000000 ) ) ;
#2718 = ORIENTED_EDGE ( 'NONE', *, *, #4832, .F. ) ;
#2719 = DIRECTION ( 'NONE',  ( 0.000000000000000000, 0.000000000000000000, 1.000000000000000000 ) ) ;
#2720 = CIRCLE ( 'NONE', #3387, 11.99999999999999645 ) ;
#2721 = VECTOR ( 'NONE', #4379, 1000.000000000000000 ) ;
#2722 = VECTOR ( 'NONE', #2254, 1000.000000000000000 ) ;
#2723 = AXIS2_PLACEMENT_3D ( 'NONE', #3597, #425, #1967 ) ;
#2724 = VERTEX_POINT ( 'NONE', #2345 ) ;
#2725 = DIRECTION ( 'NONE',  ( 0.000000000000000000, 0.000000000000000000, 1.000000000000000000 ) ) ;
#2726 = ORIENTED_EDGE ( 'NONE', *, *, #1146, .T. ) ;
#2727 = DIRECTION ( 'NONE',  ( 0.000000000000000000, 1.000000000000000000, 0.000000000000000000 ) ) ;
#2728 = VECTOR ( 'NONE', #3297, 1000.000000000000000 ) ;
#2729 = CARTESIAN_POINT ( 'NONE',  ( 187.0000000000000000, -208.4000000000000057, 48.00000000000000000 ) ) ;
#2730 = CLOSED_SHELL ( 'NONE', ( #83, #4008, #2401, #1800, #1628, #3305, #3073, #2292, #4295, #2143, #1229, #2184, #4284, #2700, #4568, #4012, #4313, #899, #718, #3461, #3479, #1307, #237, #910, #82, #2415, #4074, #4890, #1870, #4065, #2676, #5000, #1474, #1921, #4106, #3843, #3743, #2689, #2397, #3448, #5083, #3299, #689, #1765, #1373, #4554, #4602, #3406, #4334, #1913, #1273, #2839, #1757, #4580, #135, #1099, #1994, #146, #3350, #1236, #2702, #4264, #1336, #514, #473, #1215, #4876, #4443, #1175, #3400, #752, #3850, #1931, #4846, #2896 ) ) ;
#2731 = EDGE_CURVE ( 'NONE', #1293, #3158, #340, .T. ) ;
#2732 = LINE ( 'NONE', #1501, #1773 ) ;
#2733 = ORIENTED_EDGE ( 'NONE', *, *, #5076, .T. ) ;
#2734 = CARTESIAN_POINT ( 'NONE',  ( 200.5999999999999943, -207.5000000000000284, 95.90871211463571910 ) ) ;
#2735 = ORIENTED_EDGE ( 'NONE', *, *, #4231, .T. ) ;
#2736 = ORIENTED_EDGE ( 'NONE', *, *, #1136, .T. ) ;
#2737 = ORIENTED_EDGE ( 'NONE', *, *, #2223, .T. ) ;
#2738 = DIRECTION ( 'NONE',  ( 1.000000000000000000, 0.000000000000000000, 0.000000000000000000 ) ) ;
#2739 = CARTESIAN_POINT ( 'NONE',  ( -213.4000000000000057, -211.0000000000000000, 63.50000000000000000 ) ) ;
#2740 = LINE ( 'NONE', #4373, #617 ) ;
#2741 = CARTESIAN_POINT ( 'NONE',  ( 195.0000000000000000, -211.0000000000000000, 63.50000000000000000 ) ) ;
#2742 = CARTESIAN_POINT ( 'NONE',  ( -213.4000000000000057, -210.7827506026967228, 75.63805349013748014 ) ) ;
#2743 = AXIS2_PLACEMENT_3D ( 'NONE', #4992, #4222, #4171 ) ;
#2744 = EDGE_CURVE ( 'NONE', #4251, #2706, #3775, .T. ) ;
#2745 = ADVANCED_FACE ( 'NONE', ( #245 ), #3898, .T. ) ;
#2746 = ORIENTED_EDGE ( 'NONE', *, *, #2472, .F. ) ;
#2747 = DIRECTION ( 'NONE',  ( -0.000000000000000000, 1.000000000000000000, 0.000000000000000000 ) ) ;
#2748 = ORIENTED_EDGE ( 'NONE', *, *, #4029, .T. ) ;
#2749 = FACE_BOUND ( 'NONE', #616, .T. ) ;
#2750 = CIRCLE ( 'NONE', #4977, 2.250000000000001776 ) ;
#2751 = AXIS2_PLACEMENT_3D ( 'NONE', #298, #4163, #4240 ) ;
#2752 = VERTEX_POINT ( 'NONE', #5079 ) ;
#2753 = VERTEX_POINT ( 'NONE', #3749 ) ;
#2754 = DIRECTION ( 'NONE',  ( 1.000000000000000000, 0.000000000000000000, 0.000000000000000000 ) ) ;
#2755 = ORIENTED_EDGE ( 'NONE', *, *, #1039, .T. ) ;
#2756 = DIRECTION ( 'NONE',  ( 0.000000000000000000, 0.000000000000000000, 1.000000000000000000 ) ) ;
#2757 = DIRECTION ( 'NONE',  ( -0.000000000000000000, 1.000000000000000000, 0.000000000000000000 ) ) ;
#2758 = LINE ( 'NONE', #4342, #3923 ) ;
#2759 = VERTEX_POINT ( 'NONE', #222 ) ;
#2760 = EDGE_CURVE ( 'NONE', #4983, #4519, #3868, .T. ) ;
#2761 = CARTESIAN_POINT ( 'NONE',  ( -196.5999999999999943, -199.2500000000000000, 44.00000000000000000 ) ) ;
#2762 = ORIENTED_EDGE ( 'NONE', *, *, #1479, .T. ) ;
#2763 = AXIS2_PLACEMENT_3D ( 'NONE', #802, #3844, #4256 ) ;
#2764 = VERTEX_POINT ( 'NONE', #1049 ) ;
#2765 = ORIENTED_EDGE ( 'NONE', *, *, #2744, .T. ) ;
#2766 = FACE_OUTER_BOUND ( 'NONE', #2958, .T. ) ;
#2767 = CARTESIAN_POINT ( 'NONE',  ( 187.0000000000000000, -208.4000000000000057, 45.75000000000000000 ) ) ;
#2768 = EDGE_CURVE ( 'NONE', #161, #368, #1908, .T. ) ;
#2769 = DIRECTION ( 'NONE',  ( 0.000000000000000000, 1.000000000000000000, 0.000000000000000000 ) ) ;
#2770 = DIRECTION ( 'NONE',  ( 1.000000000000000000, 0.000000000000000000, 0.000000000000000000 ) ) ;
#2771 = DIRECTION ( 'NONE',  ( -0.000000000000000000, 0.000000000000000000, -1.000000000000000000 ) ) ;
#2772 = EDGE_LOOP ( 'NONE', ( #1690, #2140, #3563, #1170 ) ) ;
#2773 = CARTESIAN_POINT ( 'NONE',  ( 196.5999999999999943, -210.7827506026967228, 75.63805349013748014 ) ) ;
#2774 = EDGE_CURVE ( 'NONE', #4781, #1993, #1809, .T. ) ;
#2775 = CARTESIAN_POINT ( 'NONE',  ( -200.5999999999999943, -202.5000000000000000, 85.00000000000000000 ) ) ;
#2776 = EDGE_CURVE ( 'NONE', #1219, #2167, #4553, .T. ) ;
#2777 = VERTEX_POINT ( 'NONE', #5051 ) ;
#2778 = DIRECTION ( 'NONE',  ( 0.000000000000000000, 0.000000000000000000, 1.000000000000000000 ) ) ;
#2779 = EDGE_CURVE ( 'NONE', #4806, #5088, #4691, .T. ) ;
#2780 = VERTEX_POINT ( 'NONE', #4934 ) ;
#2781 = CARTESIAN_POINT ( 'NONE',  ( 211.5000000000000000, -211.0000000000000000, 63.50000000000000000 ) ) ;
#2782 = DIRECTION ( 'NONE',  ( -1.000000000000000000, -0.000000000000000000, -0.000000000000000000 ) ) ;
#2783 = FACE_BOUND ( 'NONE', #3878, .T. ) ;
#2784 = EDGE_LOOP ( 'NONE', ( #1280, #2373 ) ) ;
#2785 = CARTESIAN_POINT ( 'NONE',  ( 187.0000000000000000, -208.0000000000000000, 104.0000000000000142 ) ) ;
#2786 = ORIENTED_EDGE ( 'NONE', *, *, #4688, .F. ) ;
#2787 = VECTOR ( 'NONE', #2260, 1000.000000000000000 ) ;
#2788 = EDGE_LOOP ( 'NONE', ( #477, #4687 ) ) ;
#2789 = ORIENTED_EDGE ( 'NONE', *, *, #2080, .F. ) ;
#2790 = CARTESIAN_POINT ( 'NONE',  ( 200.5999999999999943, -191.0000000000000000, 98.00000000000000000 ) ) ;
#2791 = LINE ( 'NONE', #2767, #3661 ) ;
#2792 = DIRECTION ( 'NONE',  ( -1.000000000000000000, -0.000000000000000000, -0.000000000000000000 ) ) ;
#2793 = CARTESIAN_POINT ( 'NONE',  ( -187.0000000000000000, -203.9000000000000057, 106.2500000000000142 ) ) ;
#2794 = DIRECTION ( 'NONE',  ( 0.000000000000000000, -0.000000000000000000, 1.000000000000000000 ) ) ;
#2795 = AXIS2_PLACEMENT_3D ( 'NONE', #1789, #4606, #2278 ) ;
#2796 = EDGE_CURVE ( 'NONE', #627, #2191, #4164, .T. ) ;
#2797 = VERTEX_POINT ( 'NONE', #4258 ) ;
#2798 = CARTESIAN_POINT ( 'NONE',  ( -209.4000000000000057, -202.5000000000000000, 85.00000000000000000 ) ) ;
#2799 = CARTESIAN_POINT ( 'NONE',  ( 187.0000000000000000, -208.0000000000000000, 104.0000000000000142 ) ) ;
#2800 = CIRCLE ( 'NONE', #2060, 11.99999999999999645 ) ;
#2801 = CARTESIAN_POINT ( 'NONE',  ( 213.4000000000000057, -215.0000000000000000, 56.57179676972449300 ) ) ;
#2802 = AXIS2_PLACEMENT_3D ( 'NONE', #2741, #2770, #4327 ) ;
#2803 = DIRECTION ( 'NONE',  ( 1.000000000000000000, 0.000000000000000000, 0.000000000000000000 ) ) ;
#2804 = ORIENTED_EDGE ( 'NONE', *, *, #4354, .F. ) ;
#2805 = CARTESIAN_POINT ( 'NONE',  ( -196.5999999999999943, -203.9000000000000057, 44.00000000000000000 ) ) ;
#2806 = CARTESIAN_POINT ( 'NONE',  ( -200.5999999999999943, -191.0000000000000000, 106.5000000000000000 ) ) ;
#2807 = AXIS2_PLACEMENT_3D ( 'NONE', #1740, #3319, #952 ) ;
#2808 = CIRCLE ( 'NONE', #1257, 2.250000000000001776 ) ;
#2809 = EDGE_CURVE ( 'NONE', #4800, #2056, #1140, .T. ) ;
#2810 = EDGE_CURVE ( 'NONE', #4266, #57, #2422, .T. ) ;
#2811 = VECTOR ( 'NONE', #2285, 1000.000000000000000 ) ;
#2812 = DIRECTION ( 'NONE',  ( 0.000000000000000000, 0.000000000000000000, 1.000000000000000000 ) ) ;
#2813 = ORIENTED_EDGE ( 'NONE', *, *, #633, .T. ) ;
#2814 = VECTOR ( 'NONE', #4896, 1000.000000000000000 ) ;
#2815 = PLANE ( 'NONE',  #4795 ) ;
#2816 = ORIENTED_EDGE ( 'NONE', *, *, #4772, .F. ) ;
#2817 = ORIENTED_EDGE ( 'NONE', *, *, #1698, .T. ) ;
#2818 = ORIENTED_EDGE ( 'NONE', *, *, #1718, .T. ) ;
#2819 = CARTESIAN_POINT ( 'NONE',  ( -215.0000000000000000, -202.5000000000000000, 89.10000000000000853 ) ) ;
#2820 = DIRECTION ( 'NONE',  ( -1.000000000000000000, -0.000000000000000000, 0.000000000000000000 ) ) ;
#2821 = DIRECTION ( 'NONE',  ( -1.000000000000000000, -0.000000000000000000, 0.000000000000000000 ) ) ;
#2822 = FACE_OUTER_BOUND ( 'NONE', #3947, .T. ) ;
#2823 = CARTESIAN_POINT ( 'NONE',  ( 209.4000000000000057, -210.7827506026967228, 71.53805349013747161 ) ) ;
#2824 = VERTEX_POINT ( 'NONE', #3251 ) ;
#2825 = CYLINDRICAL_SURFACE ( 'NONE', #3143, 2.250000000000001776 ) ;
#2826 = PLANE ( 'NONE',  #3476 ) ;
#2827 = VECTOR ( 'NONE', #3285, 1000.000000000000000 ) ;
#2828 = ORIENTED_EDGE ( 'NONE', *, *, #1043, .T. ) ;
#2829 = AXIS2_PLACEMENT_3D ( 'NONE', #725, #1910, #2954 ) ;
#2830 = CARTESIAN_POINT ( 'NONE',  ( 196.5999999999999943, -202.5000000000000000, 85.00000000000000000 ) ) ;
#2831 = ORIENTED_EDGE ( 'NONE', *, *, #144, .T. ) ;
#2832 = DIRECTION ( 'NONE',  ( -1.000000000000000000, -0.000000000000000000, 0.000000000000000000 ) ) ;
#2833 = EDGE_CURVE ( 'NONE', #141, #2261, #493, .T. ) ;
#2834 = AXIS2_PLACEMENT_3D ( 'NONE', #4986, #2678, #3774 ) ;
#2835 = DIRECTION ( 'NONE',  ( 0.000000000000000000, 0.000000000000000000, -1.000000000000000000 ) ) ;
#2836 = CARTESIAN_POINT ( 'NONE',  ( 213.4000000000000057, -191.0000000000000000, 88.42782730020049087 ) ) ;
#2837 = VERTEX_POINT ( 'NONE', #3564 ) ;
#2838 = CARTESIAN_POINT ( 'NONE',  ( 200.5999999999999943, -210.7827506026967228, 75.63805349013748014 ) ) ;
#2839 = ADVANCED_FACE ( 'NONE', ( #4025 ), #4801, .T. ) ;
#2840 = ORIENTED_EDGE ( 'NONE', *, *, #4347, .F. ) ;
#2841 = ORIENTED_EDGE ( 'NONE', *, *, #31, .T. ) ;
#2842 = FACE_OUTER_BOUND ( 'NONE', #4336, .T. ) ;
#2843 = DIRECTION ( 'NONE',  ( 0.000000000000000000, 0.000000000000000000, -1.000000000000000000 ) ) ;
#2844 = LINE ( 'NONE', #3311, #4326 ) ;
#2845 = CARTESIAN_POINT ( 'NONE',  ( -187.0000000000000000, -208.4000000000000057, 45.75000000000000000 ) ) ;
#2846 = DIRECTION ( 'NONE',  ( 0.000000000000000000, 0.000000000000000000, 1.000000000000000000 ) ) ;
#2847 = AXIS2_PLACEMENT_3D ( 'NONE', #1142, #1911, #4052 ) ;
#2848 = ORIENTED_EDGE ( 'NONE', *, *, #2538, .T. ) ;
#2849 = DIRECTION ( 'NONE',  ( 0.000000000000000000, 0.000000000000000000, 1.000000000000000000 ) ) ;
#2850 = DIRECTION ( 'NONE',  ( 0.000000000000000000, 0.000000000000000000, 1.000000000000000000 ) ) ;
#2851 = ORIENTED_EDGE ( 'NONE', *, *, #2768, .T. ) ;
#2852 = VECTOR ( 'NONE', #4323, 1000.000000000000000 ) ;
#2853 = EDGE_CURVE ( 'NONE', #141, #1648, #1271, .T. ) ;
#2854 = DIRECTION ( 'NONE',  ( 1.000000000000000000, 0.000000000000000000, -0.000000000000000000 ) ) ;
#2855 = ORIENTED_EDGE ( 'NONE', *, *, #3820, .F. ) ;
#2856 = CYLINDRICAL_SURFACE ( 'NONE', #4408, 5.099999999999993427 ) ;
#2857 = EDGE_CURVE ( 'NONE', #5088, #5046, #4362, .T. ) ;
#2858 = CARTESIAN_POINT ( 'NONE',  ( 209.4000000000000057, -191.0000000000000000, 44.00000000000000000 ) ) ;
#2859 = ORIENTED_EDGE ( 'NONE', *, *, #596, .F. ) ;
#2860 = DIRECTION ( 'NONE',  ( 0.000000000000000000, 0.000000000000000000, 1.000000000000000000 ) ) ;
#2861 = ORIENTED_EDGE ( 'NONE', *, *, #3727, .T. ) ;
#2862 = VECTOR ( 'NONE', #3724, 1000.000000000000000 ) ;
#2863 = VERTEX_POINT ( 'NONE', #1697 ) ;
#2864 = ORIENTED_EDGE ( 'NONE', *, *, #4359, .T. ) ;
#2865 = DIRECTION ( 'NONE',  ( 0.000000000000000000, 0.000000000000000000, 1.000000000000000000 ) ) ;
#2866 = EDGE_CURVE ( 'NONE', #2541, #4005, #211, .T. ) ;
#2867 = CARTESIAN_POINT ( 'NONE',  ( 195.0000000000000000, -202.5000000000000000, 85.00000000000000000 ) ) ;
#2868 = CARTESIAN_POINT ( 'NONE',  ( 209.4000000000000057, -208.0000000000000000, 100.0000000000000000 ) ) ;
#2869 = LINE ( 'NONE', #3655, #3304 ) ;
#2870 = DIRECTION ( 'NONE',  ( 0.000000000000000000, 0.000000000000000000, 1.000000000000000000 ) ) ;
#2871 = EDGE_CURVE ( 'NONE', #1996, #1276, #1192, .T. ) ;
#2872 = VERTEX_POINT ( 'NONE', #4388 ) ;
#2873 = ADVANCED_FACE ( 'NONE', ( #4413, #4339 ), #2419, .F. ) ;
#2874 = LINE ( 'NONE', #4039, #2475 ) ;
#2875 = DIRECTION ( 'NONE',  ( 1.000000000000000000, 0.000000000000000000, -0.000000000000000000 ) ) ;
#2876 = ORIENTED_EDGE ( 'NONE', *, *, #2365, .F. ) ;
#2877 = LINE ( 'NONE', #4098, #1667 ) ;
#2878 = ORIENTED_EDGE ( 'NONE', *, *, #1546, .F. ) ;
#2879 = CARTESIAN_POINT ( 'NONE',  ( -187.0000000000000000, -208.0000000000000000, 45.75000000000000000 ) ) ;
#2880 = AXIS2_PLACEMENT_3D ( 'NONE', #271, #2652, #1020 ) ;
#2881 = VECTOR ( 'NONE', #2778, 1000.000000000000000 ) ;
#2882 = DIRECTION ( 'NONE',  ( 0.000000000000000000, 0.000000000000000000, -1.000000000000000000 ) ) ;
#2883 = ORIENTED_EDGE ( 'NONE', *, *, #1941, .F. ) ;
#2884 = CARTESIAN_POINT ( 'NONE',  ( -211.4000000000000057, -191.0000000000000000, 44.00000000000000000 ) ) ;
#2885 = EDGE_CURVE ( 'NONE', #1605, #3197, #881, .T. ) ;
#2886 = AXIS2_PLACEMENT_3D ( 'NONE', #321, #1097, #1836 ) ;
#2887 = AXIS2_PLACEMENT_3D ( 'NONE', #1691, #3269, #3631 ) ;
#2888 = EDGE_LOOP ( 'NONE', ( #95, #207, #3366, #2517 ) ) ;
#2889 = AXIS2_PLACEMENT_3D ( 'NONE', #2567, #3730, #4147 ) ;
#2890 = VERTEX_POINT ( 'NONE', #3948 ) ;
#2891 = ORIENTED_EDGE ( 'NONE', *, *, #4042, .F. ) ;
#2892 = CARTESIAN_POINT ( 'NONE',  ( 227.0000000000000000, -208.0000000000000000, 100.0000000000000000 ) ) ;
#2893 = DIRECTION ( 'NONE',  ( 1.000000000000000000, 0.000000000000000000, 0.000000000000000000 ) ) ;
#2894 = CARTESIAN_POINT ( 'NONE',  ( -209.4000000000000057, -211.0000000000000000, 66.69999999999998863 ) ) ;
#2895 = PLANE ( 'NONE',  #3969 ) ;
#2896 = ADVANCED_FACE ( 'NONE', ( #2037 ), #2856, .F. ) ;
#2897 = DIRECTION ( 'NONE',  ( 0.000000000000000000, 0.000000000000000000, -1.000000000000000000 ) ) ;
#2898 = ORIENTED_EDGE ( 'NONE', *, *, #2628, .F. ) ;
#2899 = CARTESIAN_POINT ( 'NONE',  ( -223.0000000000000000, -208.4000000000000057, 48.00000000000000000 ) ) ;
#2900 = DIRECTION ( 'NONE',  ( 0.000000000000000000, 0.000000000000000000, -1.000000000000000000 ) ) ;
#2901 = EDGE_CURVE ( 'NONE', #4672, #4278, #418, .T. ) ;
#2902 = EDGE_CURVE ( 'NONE', #3999, #1045, #444, .T. ) ;
#2903 = ORIENTED_EDGE ( 'NONE', *, *, #3218, .F. ) ;
#2904 = CARTESIAN_POINT ( 'NONE',  ( -213.4000000000000057, -208.0000000000000000, 52.00000000000000000 ) ) ;
#2905 = ORIENTED_EDGE ( 'NONE', *, *, #2086, .T. ) ;
#2906 = DIRECTION ( 'NONE',  ( 0.000000000000000000, -1.000000000000000000, -0.000000000000000000 ) ) ;
#2907 = VECTOR ( 'NONE', #4270, 1000.000000000000000 ) ;
#2908 = AXIS2_PLACEMENT_3D ( 'NONE', #1880, #3460, #215 ) ;
#2909 = CARTESIAN_POINT ( 'NONE',  ( -209.4000000000000057, -191.0000000000000000, 44.00000000000000000 ) ) ;
#2910 = CIRCLE ( 'NONE', #3823, 4.100000000000006750 ) ;
#2911 = ORIENTED_EDGE ( 'NONE', *, *, #4723, .F. ) ;
#2912 = LINE ( 'NONE', #119, #269 ) ;
#2913 = CIRCLE ( 'NONE', #3585, 4.100000000000006750 ) ;
#2914 = CIRCLE ( 'NONE', #3332, 2.250000000000001776 ) ;
#2915 = VERTEX_POINT ( 'NONE', #65 ) ;
#2916 = ORIENTED_EDGE ( 'NONE', *, *, #1566, .T. ) ;
#2917 = EDGE_CURVE ( 'NONE', #4412, #3431, #3200, .T. ) ;
#2918 = CARTESIAN_POINT ( 'NONE',  ( 191.8000000000000398, -203.9000000000000057, 100.0000000000000000 ) ) ;
#2919 = CARTESIAN_POINT ( 'NONE',  ( -213.4000000000000057, -202.5000000000000000, 85.00000000000000000 ) ) ;
#2920 = CYLINDRICAL_SURFACE ( 'NONE', #460, 9.999999999999994671 ) ;
#2921 = CARTESIAN_POINT ( 'NONE',  ( -213.4000000000000057, -202.5000000000000000, 85.00000000000000000 ) ) ;
#2922 = DIRECTION ( 'NONE',  ( 0.000000000000000000, -1.000000000000000000, 0.000000000000000000 ) ) ;
#2923 = VECTOR ( 'NONE', #268, 1000.000000000000000 ) ;
#2924 = CIRCLE ( 'NONE', #3039, 3.200000000000001510 ) ;
#2925 = ORIENTED_EDGE ( 'NONE', *, *, #3273, .T. ) ;
#2926 = EDGE_CURVE ( 'NONE', #356, #4591, #1601, .T. ) ;
#2927 = CARTESIAN_POINT ( 'NONE',  ( 200.5999999999999943, -214.4997437941094347, 84.92158523269061732 ) ) ;
#2928 = FACE_BOUND ( 'NONE', #3918, .T. ) ;
#2929 = CARTESIAN_POINT ( 'NONE',  ( -227.0000000000000000, -205.9499999999999886, 44.00000000000000000 ) ) ;
#2930 = DIRECTION ( 'NONE',  ( -1.000000000000000000, -0.000000000000000000, -0.000000000000000000 ) ) ;
#2931 = ORIENTED_EDGE ( 'NONE', *, *, #1647, .T. ) ;
#2933 = CARTESIAN_POINT ( 'NONE',  ( -191.8000000000000398, -205.9499999999999886, 52.00000000000000000 ) ) ;
#2932 = CC_DESIGN_DATE_AND_TIME_ASSIGNMENT ( #3777, #634, ( #2948 ) ) ;
#2934 = EDGE_CURVE ( 'NONE', #5046, #1813, #3614, .T. ) ;
#2935 = VERTEX_POINT ( 'NONE', #3227 ) ;
#2936 = CARTESIAN_POINT ( 'NONE',  ( -191.8000000000000398, -203.9000000000000057, 100.0000000000000000 ) ) ;
#2937 = EDGE_CURVE ( 'NONE', #3431, #4278, #2059, .T. ) ;
#2938 = DIRECTION ( 'NONE',  ( 1.000000000000000000, 0.000000000000000000, 0.000000000000000000 ) ) ;
#2939 = EDGE_LOOP ( 'NONE', ( #675, #3806, #4824, #5085 ) ) ;
#2940 = CARTESIAN_POINT ( 'NONE',  ( -200.5999999999999943, -191.0000000000000000, 98.00000000000000000 ) ) ;
#2941 = ORIENTED_EDGE ( 'NONE', *, *, #2602, .F. ) ;
#2942 = ORIENTED_EDGE ( 'NONE', *, *, #2263, .T. ) ;
#2943 = DIRECTION ( 'NONE',  ( -0.000000000000000000, 1.000000000000000000, 0.000000000000000000 ) ) ;
#2944 = CYLINDRICAL_SURFACE ( 'NONE', #3074, 2.250000000000001776 ) ;
#2945 = DIRECTION ( 'NONE',  ( -0.000000000000000000, 1.000000000000000000, 0.000000000000000000 ) ) ;
#2946 = DIRECTION ( 'NONE',  ( 0.000000000000000000, -1.000000000000000000, -0.000000000000000000 ) ) ;
#2947 = CARTESIAN_POINT ( 'NONE',  ( 223.0000000000000000, -203.9000000000000057, 48.00000000000000000 ) ) ;
#2948 = SECURITY_CLASSIFICATION ( '', '', #1124 ) ;
#2949 = VERTEX_POINT ( 'NONE', #4048 ) ;
#2950 = VERTEX_POINT ( 'NONE', #2088 ) ;
#2951 = CARTESIAN_POINT ( 'NONE',  ( 209.4000000000000057, -211.0000000000000000, 63.50000000000000000 ) ) ;
#2952 = DIRECTION ( 'NONE',  ( 1.000000000000000000, 0.000000000000000000, -0.000000000000000000 ) ) ;
#2953 = CYLINDRICAL_SURFACE ( 'NONE', #2975, 4.100000000000006750 ) ;
#2954 = DIRECTION ( 'NONE',  ( 1.000000000000000000, 0.000000000000000000, -0.000000000000000000 ) ) ;
#2955 = EDGE_CURVE ( 'NONE', #1425, #1225, #3481, .T. ) ;
#2956 = ORIENTED_EDGE ( 'NONE', *, *, #2339, .T. ) ;
#2957 = CARTESIAN_POINT ( 'NONE',  ( -196.5999999999999943, -214.4997437941094347, 84.92158523269061732 ) ) ;
#2958 = EDGE_LOOP ( 'NONE', ( #4589, #1957, #3504, #2977 ) ) ;
#2959 = CARTESIAN_POINT ( 'NONE',  ( 195.0000000000000000, -202.5000000000000000, 80.90000000000000568 ) ) ;
#2960 = CIRCLE ( 'NONE', #1887, 4.100000000000006750 ) ;
#2961 = CARTESIAN_POINT ( 'NONE',  ( 213.4000000000000057, -192.5000000000000000, 98.00000000000000000 ) ) ;
#2962 = VERTEX_POINT ( 'NONE', #1394 ) ;
#2963 = CARTESIAN_POINT ( 'NONE',  ( 196.5999999999999943, -208.0000000000000000, 44.00000000000000000 ) ) ;
#2964 = EDGE_CURVE ( 'NONE', #3274, #4469, #2111, .T. ) ;
#2965 = ADVANCED_FACE ( 'NONE', ( #1345 ), #647, .T. ) ;
#2966 = CIRCLE ( 'NONE', #16, 8.000000000000000000 ) ;
#2967 = ORIENTED_EDGE ( 'NONE', *, *, #4218, .F. ) ;
#2968 = ORIENTED_EDGE ( 'NONE', *, *, #3888, .T. ) ;
#2969 = DIRECTION ( 'NONE',  ( 0.000000000000000000, 0.000000000000000000, -1.000000000000000000 ) ) ;
#2970 = CARTESIAN_POINT ( 'NONE',  ( -213.4000000000000057, -207.5000000000000284, 95.90871211463571910 ) ) ;
#2971 = VECTOR ( 'NONE', #632, 1000.000000000000000 ) ;
#2972 = CARTESIAN_POINT ( 'NONE',  ( -187.0000000000000000, -203.9000000000000057, 104.0000000000000142 ) ) ;
#2973 = CARTESIAN_POINT ( 'NONE',  ( 188.0000000000000000, -190.5000000000000000, 106.0000000000000142 ) ) ;
#2974 = DIRECTION ( 'NONE',  ( -0.000000000000000000, 1.000000000000000000, 0.000000000000000000 ) ) ;
#2975 = AXIS2_PLACEMENT_3D ( 'NONE', #3681, #613, #512 ) ;
#2976 = VECTOR ( 'NONE', #3648, 1000.000000000000000 ) ;
#2977 = ORIENTED_EDGE ( 'NONE', *, *, #1864, .T. ) ;
#2978 = ORIENTED_EDGE ( 'NONE', *, *, #4628, .T. ) ;
#2979 = DIRECTION ( 'NONE',  ( 1.000000000000000000, 0.000000000000000000, -0.000000000000000000 ) ) ;
#2980 = LINE ( 'NONE', #1738, #1331 ) ;
#2981 = VECTOR ( 'NONE', #3013, 1000.000000000000000 ) ;
#2982 = CARTESIAN_POINT ( 'NONE',  ( 211.4000000000000057, -214.4997437941094347, 84.92158523269061732 ) ) ;
#2983 = DIRECTION ( 'NONE',  ( 0.000000000000000000, -0.000000000000000000, 1.000000000000000000 ) ) ;
#2984 = EDGE_LOOP ( 'NONE', ( #2682, #1982, #3184, #4009 ) ) ;
#2985 = DIRECTION ( 'NONE',  ( 0.000000000000000000, 0.000000000000000000, -1.000000000000000000 ) ) ;
#2986 = EDGE_CURVE ( 'NONE', #2351, #1935, #1745, .T. ) ;
#2987 = ORIENTED_EDGE ( 'NONE', *, *, #2617, .T. ) ;
#2988 = DIRECTION ( 'NONE',  ( 0.000000000000000000, 1.000000000000000000, 0.000000000000000000 ) ) ;
#2989 = FACE_OUTER_BOUND ( 'NONE', #1603, .T. ) ;
#2990 = VERTEX_POINT ( 'NONE', #2879 ) ;
#2991 = CARTESIAN_POINT ( 'NONE',  ( -187.0000000000000000, -208.4000000000000057, 48.00000000000000000 ) ) ;
#2992 = EDGE_LOOP ( 'NONE', ( #3521, #4695, #1139, #1110, #3938, #1678 ) ) ;
#2993 = ORIENTED_EDGE ( 'NONE', *, *, #1320, .T. ) ;
#2994 = DIRECTION ( 'NONE',  ( 0.000000000000000000, 0.000000000000000000, 1.000000000000000000 ) ) ;
#2995 = PRODUCT_RELATED_PRODUCT_CATEGORY ( 'detail', '', ( #3006 ) ) ;
#2996 = DIRECTION ( 'NONE',  ( 0.000000000000000000, 0.000000000000000000, 1.000000000000000000 ) ) ;
#2997 = AXIS2_PLACEMENT_3D ( 'NONE', #766, #1511, #663 ) ;
#2998 = CARTESIAN_POINT ( 'NONE',  ( -191.8000000000000398, -203.9000000000000057, 100.0000000000000000 ) ) ;
#2999 = EDGE_CURVE ( 'NONE', #3694, #3912, #4925, .T. ) ;
#3000 = LINE ( 'NONE', #4579, #3058 ) ;
#3001 = APPLICATION_PROTOCOL_DEFINITION ( 'international standard', 'config_control_design', 1994, #4637 ) ;
#3002 = VECTOR ( 'NONE', #76, 1000.000000000000000 ) ;
#3003 = ORIENTED_EDGE ( 'NONE', *, *, #1963, .T. ) ;
#3004 = ORIENTED_EDGE ( 'NONE', *, *, #1539, .F. ) ;
#3005 = CARTESIAN_POINT ( 'NONE',  ( -183.0000000000000284, -205.9499999999999886, 108.0000000000000142 ) ) ;
#3006 = PRODUCT ( 'FrontAntiTipBracketPack_V11_DoubleShear', 'FrontAntiTipBracketPack_V11_DoubleShear', '', ( #1866 ) ) ;
#3007 = CARTESIAN_POINT ( 'NONE',  ( 218.2000000000000171, -208.0000000000000000, 44.00000000000000000 ) ) ;
#3008 = CARTESIAN_POINT ( 'NONE',  ( 183.0000000000000284, -208.0000000000000000, 100.0000000000000000 ) ) ;
#3009 = CARTESIAN_POINT ( 'NONE',  ( 196.5999999999999943, -192.5000000000000000, 106.0000000000000142 ) ) ;
#3010 = VERTEX_POINT ( 'NONE', #544 ) ;
#3011 = LINE ( 'NONE', #3061, #2511 ) ;
#3012 = ORIENTED_EDGE ( 'NONE', *, *, #2731, .F. ) ;
#3013 = DIRECTION ( 'NONE',  ( 0.000000000000000000, 0.000000000000000000, 1.000000000000000000 ) ) ;
#3014 = EDGE_CURVE ( 'NONE', #4791, #1492, #3790, .T. ) ;
#3015 = AXIS2_PLACEMENT_3D ( 'NONE', #3277, #1321, #2882 ) ;
#3016 = DIRECTION ( 'NONE',  ( 0.000000000000000000, 0.000000000000000000, 1.000000000000000000 ) ) ;
#3017 = ORIENTED_EDGE ( 'NONE', *, *, #2165, .F. ) ;
#3018 = CARTESIAN_POINT ( 'NONE',  ( -200.5999999999999943, -191.5000000000000000, 106.0000000000000142 ) ) ;
#3019 = EDGE_CURVE ( 'NONE', #693, #2753, #1665, .T. ) ;
#3020 = ORIENTED_EDGE ( 'NONE', *, *, #3667, .F. ) ;
#3021 = DIRECTION ( 'NONE',  ( 0.000000000000000000, 0.000000000000000000, 1.000000000000000000 ) ) ;
#3022 = CARTESIAN_POINT ( 'NONE',  ( -215.0000000000000000, -211.0000000000000000, 63.50000000000000000 ) ) ;
#3023 = CARTESIAN_POINT ( 'NONE',  ( 218.2000000000000171, -208.0000000000000000, 100.0000000000000000 ) ) ;
#3024 = DIRECTION ( 'NONE',  ( 0.000000000000000000, 0.000000000000000000, 1.000000000000000000 ) ) ;
#3025 = ADVANCED_FACE ( 'NONE', ( #1772 ), #4463, .T. ) ;
#3026 = ORIENTED_EDGE ( 'NONE', *, *, #198, .F. ) ;
#3027 = ORIENTED_EDGE ( 'NONE', *, *, #2209, .F. ) ;
#3028 = CARTESIAN_POINT ( 'NONE',  ( 200.5999999999999943, -192.5000000000000000, 98.00000000000000000 ) ) ;
#3029 = CARTESIAN_POINT ( 'NONE',  ( -227.0000000000000000, -203.9000000000000057, 100.0000000000000000 ) ) ;
#3030 = CARTESIAN_POINT ( 'NONE',  ( -211.4000000000000057, -217.4709960404728406, 68.20385057630286951 ) ) ;
#3031 = AXIS2_PLACEMENT_3D ( 'NONE', #1407, #3266, #2486 ) ;
#3032 = DIRECTION ( 'NONE',  ( 0.000000000000000000, -1.000000000000000000, -0.000000000000000000 ) ) ;
#3033 = ADVANCED_FACE ( 'NONE', ( #4535 ), #1011, .F. ) ;
#3034 = EDGE_CURVE ( 'NONE', #3130, #2949, #3686, .T. ) ;
#3035 = ORIENTED_EDGE ( 'NONE', *, *, #4377, .T. ) ;
#3036 = CARTESIAN_POINT ( 'NONE',  ( 187.0000000000000000, -203.9000000000000057, 104.0000000000000142 ) ) ;
#3037 = VERTEX_POINT ( 'NONE', #162 ) ;
#3038 = CARTESIAN_POINT ( 'NONE',  ( 213.4000000000000057, -192.5000000000000000, 106.0000000000000142 ) ) ;
#3039 = AXIS2_PLACEMENT_3D ( 'NONE', #3430, #1063, #2985 ) ;
#3040 = LINE ( 'NONE', #4232, #3276 ) ;
#3041 = VERTEX_POINT ( 'NONE', #2544 ) ;
#3042 = DIRECTION ( 'NONE',  ( 0.000000000000000000, 0.000000000000000000, 1.000000000000000000 ) ) ;
#3043 = CARTESIAN_POINT ( 'NONE',  ( 223.0000000000000000, -203.9000000000000057, 104.0000000000000142 ) ) ;
#3044 = FACE_OUTER_BOUND ( 'NONE', #684, .T. ) ;
#3045 = ADVANCED_FACE ( 'NONE', ( #983, #2188, #3765, #4125 ), #4849, .T. ) ;
#3046 = CARTESIAN_POINT ( 'NONE',  ( -227.0000000000000000, -203.9000000000000057, 108.0000000000000142 ) ) ;
#3047 = SHAPE_DEFINITION_REPRESENTATION ( #1038, #873 ) ;
#3048 = ORIENTED_EDGE ( 'NONE', *, *, #1545, .T. ) ;
#3049 = CIRCLE ( 'NONE', #2308, 3.199999999999994404 ) ;
#3050 = ORIENTED_EDGE ( 'NONE', *, *, #3337, .T. ) ;
#3051 = EDGE_LOOP ( 'NONE', ( #2248, #2131, #2040, #1360 ) ) ;
#3052 = AXIS2_PLACEMENT_3D ( 'NONE', #1456, #2273, #681 ) ;
#3053 = LINE ( 'NONE', #3005, #91 ) ;
#3054 = CARTESIAN_POINT ( 'NONE',  ( -200.5999999999999943, -191.0000000000000000, 106.0000000000000142 ) ) ;
#3055 = DIRECTION ( 'NONE',  ( 1.000000000000000000, 0.000000000000000000, 0.000000000000000000 ) ) ;
#3056 = VECTOR ( 'NONE', #1464, 1000.000000000000000 ) ;
#3057 = CARTESIAN_POINT ( 'NONE',  ( -213.4000000000000057, -202.5000000000000000, 89.10000000000000853 ) ) ;
#3058 = VECTOR ( 'NONE', #1050, 1000.000000000000000 ) ;
#3059 = ORIENTED_EDGE ( 'NONE', *, *, #1267, .T. ) ;
#3060 = AXIS2_PLACEMENT_3D ( 'NONE', #4094, #4247, #1486 ) ;
#3061 = CARTESIAN_POINT ( 'NONE',  ( -205.0000000000000284, -192.5000000000000000, 98.00000000000000000 ) ) ;
#3062 = EDGE_CURVE ( 'NONE', #785, #147, #3398, .T. ) ;
#3063 = EDGE_LOOP ( 'NONE', ( #929, #2359 ) ) ;
#3064 = DIRECTION ( 'NONE',  ( 0.000000000000000000, -1.000000000000000000, -0.000000000000000000 ) ) ;
#3065 = DIRECTION ( 'NONE',  ( 0.000000000000000000, 0.000000000000000000, -1.000000000000000000 ) ) ;
#3066 = EDGE_LOOP ( 'NONE', ( #3600, #2364, #4435, #1514, #4421, #2185, #1284, #2224, #17, #960, #4069, #1527 ) ) ;
#3067 = CARTESIAN_POINT ( 'NONE',  ( 223.0000000000000000, -203.9000000000000057, 45.75000000000000000 ) ) ;
#3068 = PLANE ( 'NONE',  #3876 ) ;
#3069 = CARTESIAN_POINT ( 'NONE',  ( 209.4000000000000057, -210.7827506026967228, 79.73805349013748867 ) ) ;
#3070 = CARTESIAN_POINT ( 'NONE',  ( -209.4000000000000057, -207.5000000000000284, 100.0000000000000000 ) ) ;
#3071 = PERSON_AND_ORGANIZATION_ROLE ( 'classification_officer' ) ;
#3072 = ORIENTED_EDGE ( 'NONE', *, *, #1241, .T. ) ;
#3073 = ADVANCED_FACE ( 'NONE', ( #1421 ), #3735, .F. ) ;
#3074 = AXIS2_PLACEMENT_3D ( 'NONE', #150, #3696, #2121 ) ;
#3075 = ORIENTED_EDGE ( 'NONE', *, *, #458, .T. ) ;
#3076 = ORIENTED_EDGE ( 'NONE', *, *, #2521, .T. ) ;
#3077 = VECTOR ( 'NONE', #827, 1000.000000000000000 ) ;
#3078 = LINE ( 'NONE', #227, #5022 ) ;
#3079 = DIRECTION ( 'NONE',  ( 1.000000000000000000, 0.000000000000000000, -0.000000000000000000 ) ) ;
#3080 = VECTOR ( 'NONE', #2481, 1000.000000000000000 ) ;
#3081 = DIRECTION ( 'NONE',  ( 0.000000000000000000, -1.000000000000000000, -0.000000000000000000 ) ) ;
#3082 = LINE ( 'NONE', #2229, #4733 ) ;
#3083 = EDGE_CURVE ( 'NONE', #2890, #4548, #961, .T. ) ;
#3084 = ORIENTED_EDGE ( 'NONE', *, *, #1895, .F. ) ;
#3085 = AXIS2_PLACEMENT_3D ( 'NONE', #521, #2832, #116 ) ;
#3086 = CARTESIAN_POINT ( 'NONE',  ( 218.2000000000000171, -203.9000000000000057, 44.00000000000000000 ) ) ;
#3087 = EDGE_LOOP ( 'NONE', ( #4268, #3817, #2083, #4135 ) ) ;
#3088 = CARTESIAN_POINT ( 'NONE',  ( 196.5999999999999943, -199.2500000000000000, 44.00000000000000000 ) ) ;
#3089 = EDGE_CURVE ( 'NONE', #1512, #118, #4567, .T. ) ;
#3090 = VECTOR ( 'NONE', #3401, 1000.000000000000000 ) ;
#3091 = ORIENTED_EDGE ( 'NONE', *, *, #1950, .T. ) ;
#3092 = EDGE_CURVE ( 'NONE', #4728, #967, #4871, .T. ) ;
#3093 = CARTESIAN_POINT ( 'NONE',  ( -215.0000000000000000, -210.7827506026967228, 75.63805349013748014 ) ) ;
#3094 = VERTEX_POINT ( 'NONE', #1135 ) ;
#3095 = FACE_OUTER_BOUND ( 'NONE', #3649, .T. ) ;
#3096 = LINE ( 'NONE', #1165, #3753 ) ;
#3097 = VECTOR ( 'NONE', #4129, 1000.000000000000000 ) ;
#3098 = ADVANCED_FACE ( 'NONE', ( #2691 ), #3405, .T. ) ;
#3099 = DIRECTION ( 'NONE',  ( 0.000000000000000000, 0.000000000000000000, 1.000000000000000000 ) ) ;
#3100 = EDGE_LOOP ( 'NONE', ( #4478, #3124, #1888, #800 ) ) ;
#3101 = DIRECTION ( 'NONE',  ( 0.000000000000000000, 0.000000000000000000, -1.000000000000000000 ) ) ;
#3102 = CALENDAR_DATE ( 2026, 29, 8 ) ;
#3103 = ORIENTED_EDGE ( 'NONE', *, *, #3195, .F. ) ;
#3104 = AXIS2_PLACEMENT_3D ( 'NONE', #839, #1919, #3984 ) ;
#3105 = ORIENTED_EDGE ( 'NONE', *, *, #2112, .T. ) ;
#3106 = ORIENTED_EDGE ( 'NONE', *, *, #2648, .T. ) ;
#3107 = LINE ( 'NONE', #5090, #1301 ) ;
#3108 = DIRECTION ( 'NONE',  ( 1.000000000000000000, 0.000000000000000000, 0.000000000000000000 ) ) ;
#3109 = DIRECTION ( 'NONE',  ( 0.000000000000000000, 0.000000000000000000, -1.000000000000000000 ) ) ;
#3110 = FACE_OUTER_BOUND ( 'NONE', #4564, .T. ) ;
#3111 = CARTESIAN_POINT ( 'NONE',  ( -213.4000000000000057, -191.0000000000000000, 44.00000000000000000 ) ) ;
#3112 = ORIENTED_EDGE ( 'NONE', *, *, #1987, .F. ) ;
#3113 = LINE ( 'NONE', #2717, #4046 ) ;
#3114 = VERTEX_POINT ( 'NONE', #1877 ) ;
#3115 = LINE ( 'NONE', #4307, #345 ) ;
#3116 = EDGE_CURVE ( 'NONE', #3130, #2612, #3484, .T. ) ;
#3117 = AXIS2_PLACEMENT_3D ( 'NONE', #2221, #3024, #5034 ) ;
#3118 = ORIENTED_EDGE ( 'NONE', *, *, #3034, .F. ) ;
#3119 = CARTESIAN_POINT ( 'NONE',  ( 211.4000000000000057, -191.0000000000000000, 106.5000000000000000 ) ) ;
#3120 = EDGE_LOOP ( 'NONE', ( #3003, #1553, #4996, #1391 ) ) ;
#3121 = DIRECTION ( 'NONE',  ( 0.000000000000000000, -1.000000000000000000, -0.000000000000000000 ) ) ;
#3122 = FACE_OUTER_BOUND ( 'NONE', #1437, .T. ) ;
#3123 = CARTESIAN_POINT ( 'NONE',  ( -187.0000000000000000, -208.4000000000000057, 48.00000000000000000 ) ) ;
#3124 = ORIENTED_EDGE ( 'NONE', *, *, #3273, .F. ) ;
#3125 = EDGE_CURVE ( 'NONE', #1821, #1520, #4134, .T. ) ;
#3126 = CARTESIAN_POINT ( 'NONE',  ( 218.2000000000000171, -205.9499999999999886, 52.00000000000000000 ) ) ;
#3127 = EDGE_CURVE ( 'NONE', #997, #3714, #1158, .T. ) ;
#3128 = ORIENTED_EDGE ( 'NONE', *, *, #2937, .T. ) ;
#3129 = ORIENTED_EDGE ( 'NONE', *, *, #2986, .F. ) ;
#3130 = VERTEX_POINT ( 'NONE', #1065 ) ;
#3131 = FACE_OUTER_BOUND ( 'NONE', #1300, .T. ) ;
#3132 = DIRECTION ( 'NONE',  ( -1.000000000000000000, -0.000000000000000000, 0.000000000000000000 ) ) ;
#3133 = CARTESIAN_POINT ( 'NONE',  ( -205.0000000000000284, -190.5000000000000000, 106.0000000000000142 ) ) ;
#3134 = DIRECTION ( 'NONE',  ( 0.000000000000000000, 0.000000000000000000, -1.000000000000000000 ) ) ;
#3135 = VECTOR ( 'NONE', #243, 1000.000000000000000 ) ;
#3136 = FACE_BOUND ( 'NONE', #188, .T. ) ;
#3137 = VECTOR ( 'NONE', #3345, 1000.000000000000000 ) ;
#3138 = EDGE_LOOP ( 'NONE', ( #4809, #2891 ) ) ;
#3139 = DIRECTION ( 'NONE',  ( 1.000000000000000000, 0.000000000000000000, 0.000000000000000000 ) ) ;
#3140 = ORIENTED_EDGE ( 'NONE', *, *, #4670, .F. ) ;
#3141 = DIRECTION ( 'NONE',  ( 0.000000000000000000, 0.000000000000000000, 1.000000000000000000 ) ) ;
#3142 = VECTOR ( 'NONE', #461, 1000.000000000000000 ) ;
#3143 = AXIS2_PLACEMENT_3D ( 'NONE', #872, #2052, #5071 ) ;
#3144 = VECTOR ( 'NONE', #3081, 1000.000000000000000 ) ;
#3145 = EDGE_CURVE ( 'NONE', #4498, #4828, #595, .T. ) ;
#3146 = ORIENTED_EDGE ( 'NONE', *, *, #3411, .T. ) ;
#3147 = LINE ( 'NONE', #4309, #4994 ) ;
#3148 = VERTEX_POINT ( 'NONE', #2623 ) ;
#3149 = CARTESIAN_POINT ( 'NONE',  ( -209.4000000000000057, -191.0000000000000000, 88.42782730020049087 ) ) ;
#3150 = CARTESIAN_POINT ( 'NONE',  ( -215.0000000000000000, -202.5000000000000000, 85.00000000000000000 ) ) ;
#3151 = ADVANCED_FACE ( 'NONE', ( #5074 ), #2310, .T. ) ;
#3152 = DIRECTION ( 'NONE',  ( 0.000000000000000000, 0.000000000000000000, 1.000000000000000000 ) ) ;
#3153 = VERTEX_POINT ( 'NONE', #3894 ) ;
#3154 = DIRECTION ( 'NONE',  ( -0.000000000000000000, 0.000000000000000000, -1.000000000000000000 ) ) ;
#3155 = VERTEX_POINT ( 'NONE', #2262 ) ;
#3156 = EDGE_CURVE ( 'NONE', #1935, #776, #4203, .T. ) ;
#3157 = ORIENTED_EDGE ( 'NONE', *, *, #1832, .F. ) ;
#3158 = VERTEX_POINT ( 'NONE', #1111 ) ;
#3159 = DIRECTION ( 'NONE',  ( 0.000000000000000000, -1.000000000000000000, 0.000000000000000000 ) ) ;
#3160 = EDGE_CURVE ( 'NONE', #2656, #3943, #2154, .T. ) ;
#3161 = CARTESIAN_POINT ( 'NONE',  ( -196.5999999999999943, -192.5000000000000000, 106.0000000000000142 ) ) ;
#3162 = CARTESIAN_POINT ( 'NONE',  ( 200.5999999999999943, -202.5000000000000000, 85.00000000000000000 ) ) ;
#3163 = DIRECTION ( 'NONE',  ( -0.000000000000000000, 1.000000000000000000, 0.000000000000000000 ) ) ;
#3164 = FACE_OUTER_BOUND ( 'NONE', #3982, .T. ) ;
#3165 = AXIS2_PLACEMENT_3D ( 'NONE', #2739, #4324, #405 ) ;
#3166 = ORIENTED_EDGE ( 'NONE', *, *, #721, .F. ) ;
#3167 = CARTESIAN_POINT ( 'NONE',  ( 227.0000000000000000, -203.9000000000000057, 108.0000000000000142 ) ) ;
#3168 = AXIS2_PLACEMENT_3D ( 'NONE', #244, #3415, #1808 ) ;
#3169 = DIRECTION ( 'NONE',  ( 1.000000000000000000, 0.000000000000000000, 0.000000000000000000 ) ) ;
#3170 = AXIS2_PLACEMENT_3D ( 'NONE', #2304, #1488, #361 ) ;
#3171 = VECTOR ( 'NONE', #724, 1000.000000000000000 ) ;
#3172 = ORIENTED_EDGE ( 'NONE', *, *, #4583, .T. ) ;
#3173 = CARTESIAN_POINT ( 'NONE',  ( -215.0000000000000000, -211.0000000000000000, 66.69999999999998863 ) ) ;
#3174 = ORIENTED_EDGE ( 'NONE', *, *, #1722, .T. ) ;
#3175 = DIRECTION ( 'NONE',  ( 0.000000000000000000, 0.000000000000000000, 1.000000000000000000 ) ) ;
#3176 = CARTESIAN_POINT ( 'NONE',  ( -200.5999999999999943, -191.0000000000000000, 44.00000000000000000 ) ) ;
#3177 = ADVANCED_FACE ( 'NONE', ( #1929 ), #2668, .T. ) ;
#3178 = VECTOR ( 'NONE', #372, 1000.000000000000000 ) ;
#3179 = DESIGN_CONTEXT ( 'detailed design', #4637, 'design' ) ;
#3180 = DIRECTION ( 'NONE',  ( 0.000000000000000000, 0.000000000000000000, -1.000000000000000000 ) ) ;
#3181 = EDGE_LOOP ( 'NONE', ( #4396, #1720, #964, #711 ) ) ;
#3182 = DIRECTION ( 'NONE',  ( -1.000000000000000000, -0.000000000000000000, 0.000000000000000000 ) ) ;
#3183 = EDGE_CURVE ( 'NONE', #3197, #1512, #1852, .T. ) ;
#3184 = ORIENTED_EDGE ( 'NONE', *, *, #4893, .T. ) ;
#3185 = ORIENTED_EDGE ( 'NONE', *, *, #1850, .T. ) ;
#3186 = ORIENTED_EDGE ( 'NONE', *, *, #129, .T. ) ;
#3187 = DIRECTION ( 'NONE',  ( 0.000000000000000000, 0.000000000000000000, -1.000000000000000000 ) ) ;
#3188 = CARTESIAN_POINT ( 'NONE',  ( 213.4000000000000057, -210.7827506026967228, 79.73805349013748867 ) ) ;
#3189 = DIRECTION ( 'NONE',  ( 0.000000000000000000, 1.000000000000000000, 0.000000000000000000 ) ) ;
#3190 = DIRECTION ( 'NONE',  ( 1.000000000000000000, 0.000000000000000000, 0.000000000000000000 ) ) ;
#3191 = CARTESIAN_POINT ( 'NONE',  ( 218.2000000000000171, -203.9000000000000057, 44.00000000000000000 ) ) ;
#3192 = ORIENTED_EDGE ( 'NONE', *, *, #3509, .T. ) ;
#3193 = FACE_OUTER_BOUND ( 'NONE', #1401, .T. ) ;
#3194 = DIRECTION ( 'NONE',  ( 0.000000000000000000, 0.000000000000000000, -1.000000000000000000 ) ) ;
#3195 = EDGE_CURVE ( 'NONE', #137, #1436, #3456, .T. ) ;
#3196 = ADVANCED_FACE ( 'NONE', ( #3865 ), #3507, .T. ) ;
#3197 = VERTEX_POINT ( 'NONE', #3038 ) ;
#3198 = DIRECTION ( 'NONE',  ( 0.000000000000000000, 0.000000000000000000, -1.000000000000000000 ) ) ;
#3199 = ORIENTED_EDGE ( 'NONE', *, *, #1643, .F. ) ;
#3200 = LINE ( 'NONE', #1246, #621 ) ;
#3201 = LINE ( 'NONE', #3176, #59 ) ;
#3202 = AXIS2_PLACEMENT_3D ( 'NONE', #4840, #2174, #1312 ) ;
#3203 = DIRECTION ( 'NONE',  ( 0.000000000000000000, 0.000000000000000000, 1.000000000000000000 ) ) ;
#3204 = ORIENTED_EDGE ( 'NONE', *, *, #301, .F. ) ;
#3205 = DIRECTION ( 'NONE',  ( 1.000000000000000000, 0.000000000000000000, 0.000000000000000000 ) ) ;
#3206 = ORIENTED_EDGE ( 'NONE', *, *, #4318, .T. ) ;
#3207 = CIRCLE ( 'NONE', #3699, 4.100000000000006750 ) ;
#3208 = EDGE_LOOP ( 'NONE', ( #121, #837, #2487, #4725 ) ) ;
#3209 = ORIENTED_EDGE ( 'NONE', *, *, #5019, .T. ) ;
#3210 = EDGE_CURVE ( 'NONE', #4764, #3431, #3115, .T. ) ;
#3211 = LINE ( 'NONE', #4784, #2195 ) ;
#3212 = CARTESIAN_POINT ( 'NONE',  ( -200.5999999999999943, -207.5000000000000284, 100.0000000000000000 ) ) ;
#3213 = CYLINDRICAL_SURFACE ( 'NONE', #2014, 2.250000000000001776 ) ;
#3214 = DIRECTION ( 'NONE',  ( 0.000000000000000000, -1.000000000000000000, 0.000000000000000000 ) ) ;
#3215 = CARTESIAN_POINT ( 'NONE',  ( 213.4000000000000057, -215.0000000000000000, 44.00000000000000000 ) ) ;
#3216 = AXIS2_PLACEMENT_3D ( 'NONE', #1079, #4195, #3856 ) ;
#3217 = VERTEX_POINT ( 'NONE', #2337 ) ;
#3218 = EDGE_CURVE ( 'NONE', #3094, #2764, #4616, .T. ) ;
#3219 = DIRECTION ( 'NONE',  ( -1.000000000000000000, -0.000000000000000000, -0.000000000000000000 ) ) ;
#3220 = CARTESIAN_POINT ( 'NONE',  ( 191.8000000000000398, -208.0000000000000000, 100.0000000000000000 ) ) ;
#3221 = AXIS2_PLACEMENT_3D ( 'NONE', #1244, #4917, #3318 ) ;
#3222 = AXIS2_PLACEMENT_3D ( 'NONE', #3799, #4622, #2969 ) ;
#3223 = DIRECTION ( 'NONE',  ( -1.000000000000000000, -0.000000000000000000, 0.000000000000000000 ) ) ;
#3224 = VECTOR ( 'NONE', #3465, 1000.000000000000000 ) ;
#3225 = CARTESIAN_POINT ( 'NONE',  ( 218.2000000000000171, -208.0000000000000000, 44.00000000000000000 ) ) ;
#3226 = ORIENTED_EDGE ( 'NONE', *, *, #1546, .T. ) ;
#3227 = CARTESIAN_POINT ( 'NONE',  ( 213.4000000000000057, -211.0000000000000000, 68.59999999999999432 ) ) ;
#3228 = CARTESIAN_POINT ( 'NONE',  ( 187.0000000000000000, -208.0000000000000000, 48.00000000000000000 ) ) ;
#3229 = VECTOR ( 'NONE', #14, 1000.000000000000000 ) ;
#3230 = AXIS2_PLACEMENT_3D ( 'NONE', #4686, #1088, #5047 ) ;
#3231 = DIRECTION ( 'NONE',  ( 1.000000000000000000, 0.000000000000000000, -0.000000000000000000 ) ) ;
#3232 = EDGE_LOOP ( 'NONE', ( #1954, #3506 ) ) ;
#3233 = CIRCLE ( 'NONE', #517, 4.100000000000006750 ) ;
#3234 = DIRECTION ( 'NONE',  ( 0.000000000000000000, -1.000000000000000000, -0.000000000000000000 ) ) ;
#3235 = EDGE_LOOP ( 'NONE', ( #2840, #3296 ) ) ;
#3236 = ORIENTED_EDGE ( 'NONE', *, *, #2675, .F. ) ;
#3237 = VERTEX_POINT ( 'NONE', #694 ) ;
#3238 = PLANE ( 'NONE',  #4694 ) ;
#3239 = CARTESIAN_POINT ( 'NONE',  ( 196.5999999999999943, -217.4709960404728406, 68.20385057630286951 ) ) ;
#3240 = DIRECTION ( 'NONE',  ( -1.000000000000000000, -0.000000000000000000, 0.000000000000000000 ) ) ;
#3241 = CARTESIAN_POINT ( 'NONE',  ( 200.6000000000000227, -208.0000000000000000, 100.0000000000000000 ) ) ;
#3242 = DIRECTION ( 'NONE',  ( 0.000000000000000000, -1.000000000000000000, 0.000000000000000000 ) ) ;
#3243 = EDGE_CURVE ( 'NONE', #1580, #1506, #3842, .T. ) ;
#3244 = ORIENTED_EDGE ( 'NONE', *, *, #3902, .F. ) ;
#3245 = DIRECTION ( 'NONE',  ( 0.000000000000000000, -1.000000000000000000, 0.000000000000000000 ) ) ;
#3246 = CARTESIAN_POINT ( 'NONE',  ( 187.0000000000000000, -208.4000000000000057, 104.0000000000000142 ) ) ;
#3247 = EDGE_LOOP ( 'NONE', ( #3689, #2399, #429, #1724, #3488, #1018, #2657, #851, #1917, #3535, #4782, #4928, #3278, #2883, #966, #3679, #811, #4276, #3459, #2831 ) ) ;
#3248 = EDGE_LOOP ( 'NONE', ( #122, #4099, #3470, #1324 ) ) ;
#3249 = AXIS2_PLACEMENT_3D ( 'NONE', #2742, #4789, #27 ) ;
#3250 = ORIENTED_EDGE ( 'NONE', *, *, #4707, .T. ) ;
#3251 = CARTESIAN_POINT ( 'NONE',  ( 213.4000000000000057, -208.0000000000000000, 44.00000000000000000 ) ) ;
#3252 = AXIS2_PLACEMENT_3D ( 'NONE', #3626, #2945, #917 ) ;
#3253 = EDGE_CURVE ( 'NONE', #1366, #4672, #676, .T. ) ;
#3254 = CARTESIAN_POINT ( 'NONE',  ( -211.4000000000000057, -215.0000000000000000, 44.00000000000000000 ) ) ;
#3255 = ORIENTED_EDGE ( 'NONE', *, *, #2810, .T. ) ;
#3256 = DIRECTION ( 'NONE',  ( -0.000000000000000000, 1.000000000000000000, 0.000000000000000000 ) ) ;
#3257 = EDGE_CURVE ( 'NONE', #2587, #391, #4768, .T. ) ;
#3258 = ORIENTED_EDGE ( 'NONE', *, *, #1894, .T. ) ;
#3259 = EDGE_CURVE ( 'NONE', #2351, #3281, #1642, .T. ) ;
#3260 = ORIENTED_EDGE ( 'NONE', *, *, #1703, .F. ) ;
#3261 = EDGE_LOOP ( 'NONE', ( #2859, #1378, #4854, #3683 ) ) ;
#3262 = LINE ( 'NONE', #1661, #2633 ) ;
#3263 = CARTESIAN_POINT ( 'NONE',  ( 205.0000000000000284, -192.5000000000000000, 106.0000000000000142 ) ) ;
#3264 = CARTESIAN_POINT ( 'NONE',  ( -211.5000000000000000, -211.0000000000000000, 60.29999999999999716 ) ) ;
#3265 = CARTESIAN_POINT ( 'NONE',  ( 223.0000000000000000, -208.4000000000000057, 101.7500000000000000 ) ) ;
#3266 = DIRECTION ( 'NONE',  ( 0.000000000000000000, -1.000000000000000000, -0.000000000000000000 ) ) ;
#3267 = AXIS2_PLACEMENT_3D ( 'NONE', #5001, #2213, #1015 ) ;
#3268 = EDGE_LOOP ( 'NONE', ( #2596, #885 ) ) ;
#3269 = DIRECTION ( 'NONE',  ( -0.000000000000000000, 1.000000000000000000, 0.000000000000000000 ) ) ;
#3270 = FACE_BOUND ( 'NONE', #4901, .T. ) ;
#3271 = VECTOR ( 'NONE', #3523, 1000.000000000000000 ) ;
#3272 = CARTESIAN_POINT ( 'NONE',  ( -213.4000000000000057, -199.2500000000000000, 106.0000000000000142 ) ) ;
#3273 = EDGE_CURVE ( 'NONE', #3359, #3811, #1239, .T. ) ;
#3274 = VERTEX_POINT ( 'NONE', #3533 ) ;
#3275 = DIRECTION ( 'NONE',  ( -0.000000000000000000, 0.000000000000000000, -1.000000000000000000 ) ) ;
#3276 = VECTOR ( 'NONE', #698, 1000.000000000000000 ) ;
#3277 = CARTESIAN_POINT ( 'NONE',  ( 200.5999999999999943, -202.5000000000000000, 85.00000000000000000 ) ) ;
#3278 = ORIENTED_EDGE ( 'NONE', *, *, #3815, .T. ) ;
#3279 = LINE ( 'NONE', #4875, #2562 ) ;
#3280 = ORIENTED_EDGE ( 'NONE', *, *, #1561, .F. ) ;
#3281 = VERTEX_POINT ( 'NONE', #4381 ) ;
#3282 = ORIENTED_EDGE ( 'NONE', *, *, #3996, .F. ) ;
#3283 = DIRECTION ( 'NONE',  ( -1.000000000000000000, -0.000000000000000000, 0.000000000000000000 ) ) ;
#3284 = ADVANCED_FACE ( 'NONE', ( #1187 ), #2826, .T. ) ;
#3285 = DIRECTION ( 'NONE',  ( 1.000000000000000000, 0.000000000000000000, 0.000000000000000000 ) ) ;
#3286 = EDGE_CURVE ( 'NONE', #2157, #1516, #2412, .T. ) ;
#3287 = LINE ( 'NONE', #2434, #1597 ) ;
#3288 = DIRECTION ( 'NONE',  ( 1.000000000000000000, 0.000000000000000000, 0.000000000000000000 ) ) ;
#3289 = VECTOR ( 'NONE', #4355, 1000.000000000000000 ) ;
#3290 = DIRECTION ( 'NONE',  ( 0.000000000000000000, 0.000000000000000000, -1.000000000000000000 ) ) ;
#3291 = ORIENTED_EDGE ( 'NONE', *, *, #1159, .F. ) ;
#3292 = DIRECTION ( 'NONE',  ( 1.000000000000000000, 0.000000000000000000, -0.000000000000000000 ) ) ;
#3293 = LINE ( 'NONE', #2982, #753 ) ;
#3294 = ORIENTED_EDGE ( 'NONE', *, *, #3556, .T. ) ;
#3295 = CARTESIAN_POINT ( 'NONE',  ( -223.0000000000000000, -203.9000000000000057, 48.00000000000000000 ) ) ;
#3296 = ORIENTED_EDGE ( 'NONE', *, *, #2926, .F. ) ;
#3297 = DIRECTION ( 'NONE',  ( 0.000000000000000000, 0.000000000000000000, 1.000000000000000000 ) ) ;
#3298 = AXIS2_PLACEMENT_3D ( 'NONE', #4239, #992, #629 ) ;
#3299 = ADVANCED_FACE ( 'NONE', ( #2053 ), #2, .T. ) ;
#3300 = VECTOR ( 'NONE', #2725, 1000.000000000000000 ) ;
#3301 = LINE ( 'NONE', #1626, #4661 ) ;
#3302 = ORIENTED_EDGE ( 'NONE', *, *, #2496, .T. ) ;
#3303 = CARTESIAN_POINT ( 'NONE',  ( -183.0000000000000284, -208.0000000000000000, 52.00000000000000000 ) ) ;
#3304 = VECTOR ( 'NONE', #2173, 1000.000000000000000 ) ;
#3305 = ADVANCED_FACE ( 'NONE', ( #3994 ), #902, .F. ) ;
#3306 = VECTOR ( 'NONE', #3809, 1000.000000000000000 ) ;
#3307 = ORIENTED_EDGE ( 'NONE', *, *, #1767, .T. ) ;
#3308 = ORIENTED_EDGE ( 'NONE', *, *, #5061, .F. ) ;
#3309 = DIRECTION ( 'NONE',  ( 0.000000000000000000, 0.000000000000000000, 1.000000000000000000 ) ) ;
#3310 = DIRECTION ( 'NONE',  ( -0.000000000000000000, 1.000000000000000000, 0.000000000000000000 ) ) ;
#3311 = CARTESIAN_POINT ( 'NONE',  ( -198.5999999999999943, -217.4709960404728406, 68.20385057630286951 ) ) ;
#3312 = DIRECTION ( 'NONE',  ( 0.000000000000000000, -0.000000000000000000, 1.000000000000000000 ) ) ;
#3313 = CARTESIAN_POINT ( 'NONE',  ( -209.4000000000000057, -208.0000000000000000, 100.0000000000000000 ) ) ;
#3314 = ADVANCED_FACE ( 'NONE', ( #2463 ), #4407, .F. ) ;
#3315 = ADVANCED_FACE ( 'NONE', ( #2749, #1590, #798, #3942 ), #2387, .T. ) ;
#3316 = ORIENTED_EDGE ( 'NONE', *, *, #313, .T. ) ;
#3317 = CARTESIAN_POINT ( 'NONE',  ( -200.5999999999999943, -207.5000000000000284, 44.00000000000000000 ) ) ;
#3318 = DIRECTION ( 'NONE',  ( 0.000000000000000000, 0.000000000000000000, -1.000000000000000000 ) ) ;
#3319 = DIRECTION ( 'NONE',  ( -0.000000000000000000, 1.000000000000000000, 0.000000000000000000 ) ) ;
#3320 = CARTESIAN_POINT ( 'NONE',  ( -218.2000000000000171, -208.0000000000000000, 44.00000000000000000 ) ) ;
#3321 = ADVANCED_FACE ( 'NONE', ( #1670 ), #390, .F. ) ;
#3322 = ORIENTED_EDGE ( 'NONE', *, *, #702, .T. ) ;
#3323 = DIRECTION ( 'NONE',  ( 0.000000000000000000, 0.000000000000000000, 1.000000000000000000 ) ) ;
#3324 = ORIENTED_EDGE ( 'NONE', *, *, #3377, .T. ) ;
#3325 = CARTESIAN_POINT ( 'NONE',  ( -211.5000000000000000, -211.0000000000000000, 63.50000000000000000 ) ) ;
#3326 = AXIS2_PLACEMENT_3D ( 'NONE', #2204, #5014, #1080 ) ;
#3327 = VECTOR ( 'NONE', #3032, 1000.000000000000000 ) ;
#3328 = LINE ( 'NONE', #1374, #2108 ) ;
#3329 = AXIS2_PLACEMENT_3D ( 'NONE', #3722, #532, #554 ) ;
#3330 = VERTEX_POINT ( 'NONE', #3557 ) ;
#3331 = CARTESIAN_POINT ( 'NONE',  ( 196.5999999999999943, -208.0000000000000000, 44.00000000000000000 ) ) ;
#3332 = AXIS2_PLACEMENT_3D ( 'NONE', #2972, #995, #3362 ) ;
#3333 = EDGE_LOOP ( 'NONE', ( #2119, #4430, #3351, #325 ) ) ;
#3334 = ORIENTED_EDGE ( 'NONE', *, *, #3968, .F. ) ;
#3335 = DIRECTION ( 'NONE',  ( -0.000000000000000000, 0.000000000000000000, -1.000000000000000000 ) ) ;
#3336 = CARTESIAN_POINT ( 'NONE',  ( 223.0000000000000000, -208.0000000000000000, 104.0000000000000142 ) ) ;
#3337 = EDGE_CURVE ( 'NONE', #174, #161, #4710, .T. ) ;
#3338 = CARTESIAN_POINT ( 'NONE',  ( -215.0000000000000000, -210.7827506026967228, 71.53805349013747161 ) ) ;
#3339 = CARTESIAN_POINT ( 'NONE',  ( 211.4000000000000057, -215.0000000000000000, 44.00000000000000000 ) ) ;
#3340 = CARTESIAN_POINT ( 'NONE',  ( -213.4000000000000057, -203.9000000000000057, 44.00000000000000000 ) ) ;
#3341 = CIRCLE ( 'NONE', #2416, 3.199999999999994404 ) ;
#3342 = VECTOR ( 'NONE', #3454, 1000.000000000000000 ) ;
#3343 = ORIENTED_EDGE ( 'NONE', *, *, #799, .T. ) ;
#3344 = DIRECTION ( 'NONE',  ( 0.000000000000000000, 0.000000000000000000, 1.000000000000000000 ) ) ;
#3345 = DIRECTION ( 'NONE',  ( 0.000000000000000000, -1.000000000000000000, -0.000000000000000000 ) ) ;
#3346 = DIRECTION ( 'NONE',  ( -1.000000000000000000, -0.000000000000000000, 0.000000000000000000 ) ) ;
#3347 = DIRECTION ( 'NONE',  ( 0.000000000000000000, 0.000000000000000000, -1.000000000000000000 ) ) ;
#3348 = ORIENTED_EDGE ( 'NONE', *, *, #496, .F. ) ;
#3349 = CARTESIAN_POINT ( 'NONE',  ( -223.0000000000000000, -208.0000000000000000, 45.75000000000000000 ) ) ;
#3350 = ADVANCED_FACE ( 'NONE', ( #30 ), #3967, .T. ) ;
#3351 = ORIENTED_EDGE ( 'NONE', *, *, #4425, .F. ) ;
#3352 = CARTESIAN_POINT ( 'NONE',  ( -205.0000000000000284, -192.5000000000000000, 98.00000000000000000 ) ) ;
#3353 = EDGE_CURVE ( 'NONE', #3912, #1528, #3584, .T. ) ;
#3354 = ORIENTED_EDGE ( 'NONE', *, *, #1703, .T. ) ;
#3355 = CARTESIAN_POINT ( 'NONE',  ( -200.5999999999999943, -202.5000000000000000, 85.00000000000000000 ) ) ;
#3356 = ORIENTED_EDGE ( 'NONE', *, *, #607, .F. ) ;
#3357 = CARTESIAN_POINT ( 'NONE',  ( -218.2000000000000171, -203.9000000000000057, 44.00000000000000000 ) ) ;
#3358 = ORIENTED_EDGE ( 'NONE', *, *, #2774, .T. ) ;
#3359 = VERTEX_POINT ( 'NONE', #2033 ) ;
#3360 = DIRECTION ( 'NONE',  ( -0.000000000000000000, 1.000000000000000000, 0.000000000000000000 ) ) ;
#3361 = LINE ( 'NONE', #4189, #1197 ) ;
#3362 = DIRECTION ( 'NONE',  ( 0.000000000000000000, 0.000000000000000000, 1.000000000000000000 ) ) ;
#3363 = CARTESIAN_POINT ( 'NONE',  ( 213.4000000000000057, -207.5000000000000284, 100.0000000000000000 ) ) ;
#3364 = FACE_BOUND ( 'NONE', #2693, .T. ) ;
#3365 = EDGE_CURVE ( 'NONE', #309, #3754, #81, .T. ) ;
#3366 = ORIENTED_EDGE ( 'NONE', *, *, #2619, .T. ) ;
#3367 = EDGE_LOOP ( 'NONE', ( #2705, #1960, #191, #1565 ) ) ;
#3368 = FACE_OUTER_BOUND ( 'NONE', #3384, .T. ) ;
#3369 = CARTESIAN_POINT ( 'NONE',  ( 209.4000000000000057, -210.7827506026967228, 75.63805349013748014 ) ) ;
#3370 = CARTESIAN_POINT ( 'NONE',  ( 209.4000000000000057, -202.5000000000000000, 89.10000000000000853 ) ) ;
#3371 = PLANE ( 'NONE',  #1770 ) ;
#3372 = EDGE_CURVE ( 'NONE', #304, #4368, #3885, .T. ) ;
#3373 = ORIENTED_EDGE ( 'NONE', *, *, #1241, .F. ) ;
#3374 = LINE ( 'NONE', #2109, #953 ) ;
#3375 = VERTEX_POINT ( 'NONE', #4118 ) ;
#3376 = CARTESIAN_POINT ( 'NONE',  ( 196.5999999999999943, -191.0000000000000000, 44.00000000000000000 ) ) ;
#3377 = EDGE_CURVE ( 'NONE', #1163, #4397, #1389, .T. ) ;
#3378 = EDGE_CURVE ( 'NONE', #4731, #4483, #1340, .T. ) ;
#3379 = CARTESIAN_POINT ( 'NONE',  ( -209.4000000000000057, -203.9000000000000057, 108.0000000000000142 ) ) ;
#3380 = ORIENTED_EDGE ( 'NONE', *, *, #2694, .F. ) ;
#3381 = DIRECTION ( 'NONE',  ( 1.000000000000000000, 0.000000000000000000, 0.000000000000000000 ) ) ;
#3382 = VECTOR ( 'NONE', #1218, 1000.000000000000000 ) ;
#3383 = EDGE_LOOP ( 'NONE', ( #4541, #4842, #2841, #3236 ) ) ;
#3384 = EDGE_LOOP ( 'NONE', ( #524, #934, #2327, #636 ) ) ;
#3385 = DIRECTION ( 'NONE',  ( 1.000000000000000000, 0.000000000000000000, 0.000000000000000000 ) ) ;
#3386 = DIRECTION ( 'NONE',  ( 1.000000000000000000, 0.000000000000000000, 0.000000000000000000 ) ) ;
#3387 = AXIS2_PLACEMENT_3D ( 'NONE', #4673, #69, #2374 ) ;
#3388 = DIRECTION ( 'NONE',  ( 0.000000000000000000, 0.000000000000000000, 1.000000000000000000 ) ) ;
#3389 = DIRECTION ( 'NONE',  ( 0.000000000000000000, 0.000000000000000000, 1.000000000000000000 ) ) ;
#3390 = CIRCLE ( 'NONE', #923, 4.100000000000006750 ) ;
#3391 = PERSON_AND_ORGANIZATION ( #3883, #4766 ) ;
#3392 = VECTOR ( 'NONE', #2850, 1000.000000000000000 ) ;
#3393 = AXIS2_PLACEMENT_3D ( 'NONE', #3126, #1604, #1172 ) ;
#3394 = ORIENTED_EDGE ( 'NONE', *, *, #3607, .F. ) ;
#3395 = EDGE_LOOP ( 'NONE', ( #1460, #402 ) ) ;
#3396 = LINE ( 'NONE', #2226, #4283 ) ;
#3397 = FACE_BOUND ( 'NONE', #1255, .T. ) ;
#3398 = CIRCLE ( 'NONE', #1909, 2.250000000000001776 ) ;
#3399 = CARTESIAN_POINT ( 'NONE',  ( 209.4000000000000057, -210.7827506026967228, 75.63805349013748014 ) ) ;
#3400 = ADVANCED_FACE ( 'NONE', ( #1764 ), #2953, .F. ) ;
#3401 = DIRECTION ( 'NONE',  ( 1.000000000000000000, 0.000000000000000000, -0.000000000000000000 ) ) ;
#3402 = ORIENTED_EDGE ( 'NONE', *, *, #4237, .F. ) ;
#3403 = CARTESIAN_POINT ( 'NONE',  ( 211.5000000000000000, -211.0000000000000000, 58.39999999999999858 ) ) ;
#3404 = ORIENTED_EDGE ( 'NONE', *, *, #3083, .T. ) ;
#3405 = PLANE ( 'NONE',  #4051 ) ;
#3406 = ADVANCED_FACE ( 'NONE', ( #1315 ), #202, .T. ) ;
#3407 = DIRECTION ( 'NONE',  ( 0.000000000000000000, 0.000000000000000000, 1.000000000000000000 ) ) ;
#3408 = ORIENTED_EDGE ( 'NONE', *, *, #956, .F. ) ;
#3409 = CARTESIAN_POINT ( 'NONE',  ( -227.0000000000000000, -208.0000000000000000, 100.0000000000000000 ) ) ;
#3410 = VECTOR ( 'NONE', #4110, 1000.000000000000000 ) ;
#3411 = EDGE_CURVE ( 'NONE', #1184, #2403, #4507, .T. ) ;
#3412 = ORIENTED_EDGE ( 'NONE', *, *, #1052, .T. ) ;
#3413 = VECTOR ( 'NONE', #406, 1000.000000000000000 ) ;
#3414 = CARTESIAN_POINT ( 'NONE',  ( -191.8000000000000398, -208.0000000000000000, 44.00000000000000000 ) ) ;
#3415 = DIRECTION ( 'NONE',  ( -1.000000000000000000, -0.000000000000000000, 0.000000000000000000 ) ) ;
#3416 = VECTOR ( 'NONE', #4739, 1000.000000000000000 ) ;
#3417 = EDGE_CURVE ( 'NONE', #550, #5094, #3293, .T. ) ;
#3418 = CARTESIAN_POINT ( 'NONE',  ( -218.2000000000000171, -208.0000000000000000, 44.00000000000000000 ) ) ;
#3419 = EDGE_CURVE ( 'NONE', #4674, #79, #2312, .T. ) ;
#3420 = PERSON_AND_ORGANIZATION_ROLE ( 'design_supplier' ) ;
#3421 = VECTOR ( 'NONE', #2996, 1000.000000000000000 ) ;
#3422 = VERTEX_POINT ( 'NONE', #4845 ) ;
#3423 = ORIENTED_EDGE ( 'NONE', *, *, #4231, .F. ) ;
#3424 = CARTESIAN_POINT ( 'NONE',  ( 195.0000000000000000, -202.5000000000000000, 80.90000000000000568 ) ) ;
#3425 = DIRECTION ( 'NONE',  ( 0.000000000000000000, 0.000000000000000000, 1.000000000000000000 ) ) ;
#3426 = LINE ( 'NONE', #329, #3559 ) ;
#3427 = VECTOR ( 'NONE', #283, 1000.000000000000000 ) ;
#3428 = CARTESIAN_POINT ( 'NONE',  ( -196.5999999999999943, -192.5000000000000000, 98.00000000000000000 ) ) ;
#3429 = VERTEX_POINT ( 'NONE', #4456 ) ;
#3430 = CARTESIAN_POINT ( 'NONE',  ( -211.5000000000000000, -211.0000000000000000, 63.50000000000000000 ) ) ;
#3431 = VERTEX_POINT ( 'NONE', #4867 ) ;
#3432 = DIRECTION ( 'NONE',  ( -0.000000000000000000, 1.000000000000000000, 0.000000000000000000 ) ) ;
#3433 = AXIS2_PLACEMENT_3D ( 'NONE', #1198, #1938, #3099 ) ;
#3434 = EDGE_CURVE ( 'NONE', #4518, #3596, #1002, .T. ) ;
#3435 = CARTESIAN_POINT ( 'NONE',  ( -200.6000000000000227, -203.9000000000000057, 100.0000000000000000 ) ) ;
#3436 = ORIENTED_EDGE ( 'NONE', *, *, #3, .F. ) ;
#3437 = DIRECTION ( 'NONE',  ( 0.000000000000000000, 0.000000000000000000, 1.000000000000000000 ) ) ;
#3438 = EDGE_CURVE ( 'NONE', #3596, #4444, #976, .T. ) ;
#3439 = EDGE_LOOP ( 'NONE', ( #4206, #2594, #890, #1851 ) ) ;
#3440 = DIRECTION ( 'NONE',  ( 1.000000000000000000, 0.000000000000000000, 0.000000000000000000 ) ) ;
#3441 = DIRECTION ( 'NONE',  ( 0.000000000000000000, 0.000000000000000000, 1.000000000000000000 ) ) ;
#3442 = DIRECTION ( 'NONE',  ( 0.000000000000000000, 1.000000000000000000, 0.000000000000000000 ) ) ;
#3443 = PERSON_AND_ORGANIZATION_ROLE ( 'design_owner' ) ;
#3444 = ORIENTED_EDGE ( 'NONE', *, *, #4556, .F. ) ;
#3445 = EDGE_CURVE ( 'NONE', #3694, #495, #229, .T. ) ;
#3446 = VERTEX_POINT ( 'NONE', #2105 ) ;
#3447 = VERTEX_POINT ( 'NONE', #177 ) ;
#3448 = ADVANCED_FACE ( 'NONE', ( #1791 ), #586, .T. ) ;
#3449 = DIRECTION ( 'NONE',  ( -0.000000000000000000, 1.000000000000000000, 0.000000000000000000 ) ) ;
#3450 = CARTESIAN_POINT ( 'NONE',  ( 223.0000000000000000, -208.0000000000000000, 50.25000000000000000 ) ) ;
#3451 = DIRECTION ( 'NONE',  ( -1.000000000000000000, -0.000000000000000000, 0.000000000000000000 ) ) ;
#3452 = FACE_OUTER_BOUND ( 'NONE', #5020, .T. ) ;
#3453 = ORIENTED_EDGE ( 'NONE', *, *, #1179, .F. ) ;
#3454 = DIRECTION ( 'NONE',  ( 1.000000000000000000, 0.000000000000000000, 0.000000000000000000 ) ) ;
#3455 = VERTEX_POINT ( 'NONE', #3370 ) ;
#3456 = LINE ( 'NONE', #4999, #2811 ) ;
#3457 = VECTOR ( 'NONE', #1535, 1000.000000000000000 ) ;
#3458 = LINE ( 'NONE', #1161, #3300 ) ;
#3459 = ORIENTED_EDGE ( 'NONE', *, *, #287, .T. ) ;
#3460 = DIRECTION ( 'NONE',  ( -1.000000000000000000, -0.000000000000000000, 0.000000000000000000 ) ) ;
#3461 = ADVANCED_FACE ( 'NONE', ( #4562 ), #2489, .T. ) ;
#3462 = AXIS2_PLACEMENT_3D ( 'NONE', #3807, #2683, #3782 ) ;
#3463 = FACE_OUTER_BOUND ( 'NONE', #4930, .T. ) ;
#3464 = DIRECTION ( 'NONE',  ( 0.000000000000000000, 0.000000000000000000, 1.000000000000000000 ) ) ;
#3465 = DIRECTION ( 'NONE',  ( 0.000000000000000000, 1.000000000000000000, 0.000000000000000000 ) ) ;
#3466 = EDGE_CURVE ( 'NONE', #4597, #1559, #1413, .T. ) ;
#3467 = AXIS2_PLACEMENT_3D ( 'NONE', #1103, #3783, #1871 ) ;
#3468 = ORIENTED_EDGE ( 'NONE', *, *, #343, .F. ) ;
#3469 = CIRCLE ( 'NONE', #4455, 2.250000000000001776 ) ;
#3470 = ORIENTED_EDGE ( 'NONE', *, *, #3541, .F. ) ;
#3471 = EDGE_LOOP ( 'NONE', ( #1640, #324, #4244, #3280 ) ) ;
#3472 = VECTOR ( 'NONE', #4555, 1000.000000000000000 ) ;
#3473 = CARTESIAN_POINT ( 'NONE',  ( -196.5999999999999943, -202.5000000000000000, 89.10000000000000853 ) ) ;
#3474 = DIRECTION ( 'NONE',  ( -0.000000000000000000, 1.000000000000000000, 0.000000000000000000 ) ) ;
#3475 = LINE ( 'NONE', #2205, #4049 ) ;
#3476 = AXIS2_PLACEMENT_3D ( 'NONE', #489, #3141, #2440 ) ;
#3477 = PLANE ( 'NONE',  #2997 ) ;
#3478 = AXIS2_PLACEMENT_3D ( 'NONE', #189, #4418, #2473 ) ;
#3479 = ADVANCED_FACE ( 'NONE', ( #3660, #1692, #3270, #4480 ), #2515, .T. ) ;
#3480 = ORIENTED_EDGE ( 'NONE', *, *, #2117, .T. ) ;
#3481 = CIRCLE ( 'NONE', #2485, 4.100000000000006750 ) ;
#3482 = CARTESIAN_POINT ( 'NONE',  ( -200.5999999999999943, -211.0000000000000000, 63.50000000000000000 ) ) ;
#3483 = ORIENTED_EDGE ( 'NONE', *, *, #626, .F. ) ;
#3484 = LINE ( 'NONE', #3088, #4796 ) ;
#3485 = EDGE_CURVE ( 'NONE', #2004, #18, #4172, .T. ) ;
#3486 = ORIENTED_EDGE ( 'NONE', *, *, #4850, .T. ) ;
#3487 = DIRECTION ( 'NONE',  ( 0.000000000000000000, 0.000000000000000000, 1.000000000000000000 ) ) ;
#3488 = ORIENTED_EDGE ( 'NONE', *, *, #2810, .F. ) ;
#3489 = CARTESIAN_POINT ( 'NONE',  ( -213.4000000000000057, -191.0000000000000000, 44.00000000000000000 ) ) ;
#3490 = DIRECTION ( 'NONE',  ( 1.000000000000000000, 0.000000000000000000, 0.000000000000000000 ) ) ;
#3491 = DIRECTION ( 'NONE',  ( 0.000000000000000000, 0.000000000000000000, 1.000000000000000000 ) ) ;
#3492 = ORIENTED_EDGE ( 'NONE', *, *, #317, .T. ) ;
#3493 = PLANE ( 'NONE',  #4133 ) ;
#3494 = COORDINATED_UNIVERSAL_TIME_OFFSET ( 8, 0, .AHEAD. ) ;
#3495 = VERTEX_POINT ( 'NONE', #639 ) ;
#3496 = ORIENTED_EDGE ( 'NONE', *, *, #5045, .F. ) ;
#3497 = ADVANCED_FACE ( 'NONE', ( #2616 ), #2228, .F. ) ;
#3498 = AXIS2_PLACEMENT_3D ( 'NONE', #677, #2576, #3846 ) ;
#3499 = LINE ( 'NONE', #2819, #1133 ) ;
#3500 = LINE ( 'NONE', #2684, #2907 ) ;
#3501 = CIRCLE ( 'NONE', #4156, 2.250000000000001776 ) ;
#3502 = LINE ( 'NONE', #4586, #1822 ) ;
#3503 = CARTESIAN_POINT ( 'NONE',  ( 196.5999999999999943, -208.0000000000000000, 52.00000000000000000 ) ) ;
#3504 = ORIENTED_EDGE ( 'NONE', *, *, #106, .T. ) ;
#3505 = DIRECTION ( 'NONE',  ( 1.000000000000000000, 0.000000000000000000, 0.000000000000000000 ) ) ;
#3506 = ORIENTED_EDGE ( 'NONE', *, *, #4138, .F. ) ;
#3507 = PLANE ( 'NONE',  #515 ) ;
#3509 = EDGE_CURVE ( 'NONE', #4444, #3954, #3475, .T. ) ;
#3508 = ORIENTED_EDGE ( 'NONE', *, *, #1855, .F. ) ;
#3510 = EDGE_CURVE ( 'NONE', #4518, #3954, #1510, .T. ) ;
#3511 = CARTESIAN_POINT ( 'NONE',  ( -196.5999999999999943, -203.9000000000000057, 52.00000000000000000 ) ) ;
#3512 = EDGE_LOOP ( 'NONE', ( #3768, #4613, #400, #4752 ) ) ;
#3513 = DIRECTION ( 'NONE',  ( -0.000000000000000000, 1.000000000000000000, 0.000000000000000000 ) ) ;
#3514 = DIRECTION ( 'NONE',  ( -0.000000000000000000, 1.000000000000000000, 0.000000000000000000 ) ) ;
#3515 = AXIS2_PLACEMENT_3D ( 'NONE', #3355, #2574, #2599 ) ;
#3516 = DIRECTION ( 'NONE',  ( 0.000000000000000000, 0.000000000000000000, 1.000000000000000000 ) ) ;
#3517 = EDGE_LOOP ( 'NONE', ( #4031, #4177, #1744, #427 ) ) ;
#3518 = DIRECTION ( 'NONE',  ( 0.000000000000000000, 0.000000000000000000, -1.000000000000000000 ) ) ;
#3519 = EDGE_LOOP ( 'NONE', ( #1351, #148, #3186, #3546 ) ) ;
#3520 = AXIS2_PLACEMENT_3D ( 'NONE', #5064, #736, #2301 ) ;
#3521 = ORIENTED_EDGE ( 'NONE', *, *, #4423, .F. ) ;
#3522 = EDGE_LOOP ( 'NONE', ( #4971, #2765, #4433, #235 ) ) ;
#3523 = DIRECTION ( 'NONE',  ( 0.000000000000000000, 0.000000000000000000, 1.000000000000000000 ) ) ;
#3524 = CARTESIAN_POINT ( 'NONE',  ( 223.0000000000000000, -208.4000000000000057, 104.0000000000000142 ) ) ;
#3525 = DIRECTION ( 'NONE',  ( 0.000000000000000000, 0.000000000000000000, 1.000000000000000000 ) ) ;
#3526 = AXIS2_PLACEMENT_3D ( 'NONE', #4078, #2136, #163 ) ;
#3527 = DIRECTION ( 'NONE',  ( 1.000000000000000000, 0.000000000000000000, -0.000000000000000000 ) ) ;
#3528 = FACE_OUTER_BOUND ( 'NONE', #3261, .T. ) ;
#3529 = ADVANCED_FACE ( 'NONE', ( #3110 ), #3784, .T. ) ;
#3530 = VERTEX_POINT ( 'NONE', #279 ) ;
#3531 = CARTESIAN_POINT ( 'NONE',  ( 205.0000000000000284, -190.5000000000000000, 98.00000000000000000 ) ) ;
#3532 = ORIENTED_EDGE ( 'NONE', *, *, #5082, .T. ) ;
#3533 = CARTESIAN_POINT ( 'NONE',  ( 213.4000000000000057, -203.9000000000000057, 52.00000000000000000 ) ) ;
#3534 = EDGE_CURVE ( 'NONE', #118, #3893, #4680, .T. ) ;
#3535 = ORIENTED_EDGE ( 'NONE', *, *, #799, .F. ) ;
#3536 = LINE ( 'NONE', #5025, #3635 ) ;
#3537 = ORIENTED_EDGE ( 'NONE', *, *, #3438, .T. ) ;
#3538 = FACE_OUTER_BOUND ( 'NONE', #1777, .T. ) ;
#3539 = FACE_BOUND ( 'NONE', #292, .T. ) ;
#3540 = EDGE_CURVE ( 'NONE', #302, #967, #3502, .T. ) ;
#3541 = EDGE_CURVE ( 'NONE', #309, #4957, #4271, .T. ) ;
#3542 = DIRECTION ( 'NONE',  ( 0.000000000000000000, 1.000000000000000000, 0.000000000000000000 ) ) ;
#3543 = ORIENTED_EDGE ( 'NONE', *, *, #3820, .T. ) ;
#3544 = DIRECTION ( 'NONE',  ( 0.000000000000000000, 0.000000000000000000, 1.000000000000000000 ) ) ;
#3545 = VERTEX_POINT ( 'NONE', #253 ) ;
#3546 = ORIENTED_EDGE ( 'NONE', *, *, #1267, .F. ) ;
#3547 = PLANE ( 'NONE',  #4841 ) ;
#3548 = CARTESIAN_POINT ( 'NONE',  ( 187.0000000000000000, -208.0000000000000000, 45.75000000000000000 ) ) ;
#3549 = DIRECTION ( 'NONE',  ( 0.000000000000000000, 0.000000000000000000, 1.000000000000000000 ) ) ;
#3550 = FACE_OUTER_BOUND ( 'NONE', #1976, .T. ) ;
#3551 = AXIS2_PLACEMENT_3D ( 'NONE', #4285, #3542, #3152 ) ;
#3552 = LINE ( 'NONE', #2050, #3778 ) ;
#3553 = AXIS2_PLACEMENT_3D ( 'NONE', #3998, #4386, #2153 ) ;
#3554 = ORIENTED_EDGE ( 'NONE', *, *, #4546, .T. ) ;
#3555 = DIRECTION ( 'NONE',  ( -1.000000000000000000, -0.000000000000000000, 0.000000000000000000 ) ) ;
#3556 = EDGE_CURVE ( 'NONE', #3811, #2478, #1082, .T. ) ;
#3557 = CARTESIAN_POINT ( 'NONE',  ( 200.5999999999999943, -191.0000000000000000, 44.00000000000000000 ) ) ;
#3558 = AXIS2_PLACEMENT_3D ( 'NONE', #511, #1387, #1761 ) ;
#3559 = VECTOR ( 'NONE', #1817, 1000.000000000000000 ) ;
#3560 = CARTESIAN_POINT ( 'NONE',  ( 191.8000000000000398, -208.0000000000000000, 100.0000000000000000 ) ) ;
#3561 = EDGE_CURVE ( 'NONE', #2587, #982, #3426, .T. ) ;
#3562 = CARTESIAN_POINT ( 'NONE',  ( -213.4000000000000057, -199.2500000000000000, 106.5000000000000000 ) ) ;
#3563 = ORIENTED_EDGE ( 'NONE', *, *, #3791, .T. ) ;
#3564 = CARTESIAN_POINT ( 'NONE',  ( -200.5999999999999943, -203.9000000000000057, 106.5000000000000000 ) ) ;
#3565 = CARTESIAN_POINT ( 'NONE',  ( -213.4000000000000057, -202.5000000000000000, 80.90000000000000568 ) ) ;
#3566 = FACE_OUTER_BOUND ( 'NONE', #3519, .T. ) ;
#3567 = ORIENTED_EDGE ( 'NONE', *, *, #3286, .T. ) ;
#3568 = FACE_BOUND ( 'NONE', #4387, .T. ) ;
#3569 = ORIENTED_EDGE ( 'NONE', *, *, #2238, .F. ) ;
#3570 = ORIENTED_EDGE ( 'NONE', *, *, #1941, .T. ) ;
#3571 = ORIENTED_EDGE ( 'NONE', *, *, #790, .F. ) ;
#3572 = DIRECTION ( 'NONE',  ( 1.000000000000000000, 0.000000000000000000, 0.000000000000000000 ) ) ;
#3573 = EDGE_CURVE ( 'NONE', #4894, #2428, #4217, .T. ) ;
#3574 = FACE_OUTER_BOUND ( 'NONE', #4369, .T. ) ;
#3575 = EDGE_CURVE ( 'NONE', #2261, #1428, #4969, .T. ) ;
#3576 = CARTESIAN_POINT ( 'NONE',  ( 191.8000000000000398, -203.9000000000000057, 108.0000000000000142 ) ) ;
#3577 = LINE ( 'NONE', #54, #2230 ) ;
#3578 = DIRECTION ( 'NONE',  ( 0.000000000000000000, 0.000000000000000000, -1.000000000000000000 ) ) ;
#3579 = CIRCLE ( 'NONE', #4726, 4.100000000000006750 ) ;
#3580 = AXIS2_PLACEMENT_3D ( 'NONE', #4544, #1776, #4954 ) ;
#3581 = EDGE_LOOP ( 'NONE', ( #3877, #1429, #2987, #2352 ) ) ;
#3582 = DIRECTION ( 'NONE',  ( 0.000000000000000000, 0.000000000000000000, 1.000000000000000000 ) ) ;
#3583 = VECTOR ( 'NONE', #4837, 1000.000000000000000 ) ;
#3584 = LINE ( 'NONE', #61, #1006 ) ;
#3585 = AXIS2_PLACEMENT_3D ( 'NONE', #3837, #5017, #4611 ) ;
#3586 = AXIS2_PLACEMENT_3D ( 'NONE', #777, #3921, #3175 ) ;
#3587 = ORIENTED_EDGE ( 'NONE', *, *, #1113, .F. ) ;
#3588 = DIRECTION ( 'NONE',  ( 0.000000000000000000, 0.000000000000000000, -1.000000000000000000 ) ) ;
#3589 = ORIENTED_EDGE ( 'NONE', *, *, #2212, .T. ) ;
#3590 = DIRECTION ( 'NONE',  ( 0.000000000000000000, 0.000000000000000000, 1.000000000000000000 ) ) ;
#3591 = DIRECTION ( 'NONE',  ( 0.000000000000000000, 0.000000000000000000, -1.000000000000000000 ) ) ;
#3592 = VECTOR ( 'NONE', #4642, 1000.000000000000000 ) ;
#3593 = VECTOR ( 'NONE', #1743, 1000.000000000000000 ) ;
#3594 = EDGE_CURVE ( 'NONE', #4412, #3010, #4655, .T. ) ;
#3595 = DIRECTION ( 'NONE',  ( 0.000000000000000000, -1.000000000000000000, 0.000000000000000000 ) ) ;
#3596 = VERTEX_POINT ( 'NONE', #4993 ) ;
#3597 = CARTESIAN_POINT ( 'NONE',  ( 187.0000000000000000, -203.9000000000000057, 48.00000000000000000 ) ) ;
#3598 = ORIENTED_EDGE ( 'NONE', *, *, #139, .T. ) ;
#3599 = EDGE_CURVE ( 'NONE', #4136, #4168, #1057, .T. ) ;
#3600 = ORIENTED_EDGE ( 'NONE', *, *, #4883, .F. ) ;
#3601 = ORIENTED_EDGE ( 'NONE', *, *, #5018, .F. ) ;
#3602 = CARTESIAN_POINT ( 'NONE',  ( 200.5999999999999943, -215.0000000000000000, 56.57179676972449300 ) ) ;
#3603 = LINE ( 'NONE', #98, #1109 ) ;
#3604 = CARTESIAN_POINT ( 'NONE',  ( -200.5999999999999943, -191.0000000000000000, 81.57217269979952334 ) ) ;
#3605 = FACE_OUTER_BOUND ( 'NONE', #2939, .T. ) ;
#3606 = CARTESIAN_POINT ( 'NONE',  ( 209.4000000000000057, -191.5000000000000000, 106.0000000000000142 ) ) ;
#3607 = EDGE_CURVE ( 'NONE', #1978, #4641, #2303, .T. ) ;
#3608 = EDGE_LOOP ( 'NONE', ( #1416, #914 ) ) ;
#3609 = DIRECTION ( 'NONE',  ( 0.000000000000000000, 0.000000000000000000, 1.000000000000000000 ) ) ;
#3610 = DIRECTION ( 'NONE',  ( 0.000000000000000000, 0.000000000000000000, 1.000000000000000000 ) ) ;
#3611 = DIRECTION ( 'NONE',  ( 0.000000000000000000, 0.000000000000000000, 1.000000000000000000 ) ) ;
#3612 = FACE_OUTER_BOUND ( 'NONE', #2577, .T. ) ;
#3613 = ORIENTED_EDGE ( 'NONE', *, *, #4201, .T. ) ;
#3614 = LINE ( 'NONE', #906, #1848 ) ;
#3615 = DIRECTION ( 'NONE',  ( 0.000000000000000000, -1.000000000000000000, -0.000000000000000000 ) ) ;
#3616 = CARTESIAN_POINT ( 'NONE',  ( 196.5999999999999943, -203.9000000000000057, 44.00000000000000000 ) ) ;
#3617 = ORIENTED_EDGE ( 'NONE', *, *, #3466, .F. ) ;
#3618 = EDGE_CURVE ( 'NONE', #2664, #2177, #5016, .T. ) ;
#3619 = CARTESIAN_POINT ( 'NONE',  ( 200.5999999999999943, -191.0000000000000000, 81.57217269979952334 ) ) ;
#3620 = ORIENTED_EDGE ( 'NONE', *, *, #1039, .F. ) ;
#3621 = ORIENTED_EDGE ( 'NONE', *, *, #2324, .F. ) ;
#3622 = ORIENTED_EDGE ( 'NONE', *, *, #206, .F. ) ;
#3623 = DIRECTION ( 'NONE',  ( -0.000000000000000000, 1.000000000000000000, 0.000000000000000000 ) ) ;
#3624 = DIRECTION ( 'NONE',  ( 0.000000000000000000, 0.000000000000000000, 1.000000000000000000 ) ) ;
#3625 = EDGE_CURVE ( 'NONE', #2764, #3925, #687, .T. ) ;
#3626 = CARTESIAN_POINT ( 'NONE',  ( 223.0000000000000000, -203.9000000000000057, 104.0000000000000142 ) ) ;
#3627 = CARTESIAN_POINT ( 'NONE',  ( -209.4000000000000057, -202.5000000000000000, 85.00000000000000000 ) ) ;
#3628 = LINE ( 'NONE', #103, #2286 ) ;
#3629 = VECTOR ( 'NONE', #3756, 1000.000000000000000 ) ;
#3630 = ORIENTED_EDGE ( 'NONE', *, *, #5061, .T. ) ;
#3631 = DIRECTION ( 'NONE',  ( 0.000000000000000000, 0.000000000000000000, 1.000000000000000000 ) ) ;
#3632 = APPROVAL ( #247, '未' ) ;
#3633 = CARTESIAN_POINT ( 'NONE',  ( 195.0000000000000000, -202.5000000000000000, 85.00000000000000000 ) ) ;
#3634 = ADVANCED_FACE ( 'NONE', ( #2662 ), #2280, .F. ) ;
#3635 = VECTOR ( 'NONE', #3946, 1000.000000000000000 ) ;
#3636 = CARTESIAN_POINT ( 'NONE',  ( -209.4000000000000057, -210.7827506026967228, 75.63805349013748014 ) ) ;
#3637 = VECTOR ( 'NONE', #3442, 1000.000000000000000 ) ;
#3638 = DIRECTION ( 'NONE',  ( 0.000000000000000000, 0.000000000000000000, -1.000000000000000000 ) ) ;
#3639 = ADVANCED_FACE ( 'NONE', ( #3550 ), #4299, .F. ) ;
#3640 = ORIENTED_EDGE ( 'NONE', *, *, #2106, .F. ) ;
#3641 = DIRECTION ( 'NONE',  ( -1.000000000000000000, -0.000000000000000000, 0.000000000000000000 ) ) ;
#3642 = ADVANCED_FACE ( 'NONE', ( #2331, #484 ), #4762, .T. ) ;
#3643 = AXIS2_PLACEMENT_3D ( 'NONE', #1715, #2875, #3758 ) ;
#3644 = AXIS2_PLACEMENT_3D ( 'NONE', #1655, #1748, #4904 ) ;
#3645 = AXIS2_PLACEMENT_3D ( 'NONE', #566, #2495, #594 ) ;
#3646 = DIRECTION ( 'NONE',  ( 0.000000000000000000, -1.000000000000000000, -0.000000000000000000 ) ) ;
#3647 = ORIENTED_EDGE ( 'NONE', *, *, #4753, .F. ) ;
#3648 = DIRECTION ( 'NONE',  ( 0.000000000000000000, -1.000000000000000000, -0.000000000000000000 ) ) ;
#3649 = EDGE_LOOP ( 'NONE', ( #4108, #5048, #4662, #2828, #4395, #845 ) ) ;
#3650 = ORIENTED_EDGE ( 'NONE', *, *, #3156, .F. ) ;
#3651 = EDGE_LOOP ( 'NONE', ( #2202, #378, #1468, #259 ) ) ;
#3652 = DIRECTION ( 'NONE',  ( 1.000000000000000000, 0.000000000000000000, 0.000000000000000000 ) ) ;
#3653 = CARTESIAN_POINT ( 'NONE',  ( 195.0000000000000000, -202.5000000000000000, 89.10000000000000853 ) ) ;
#3654 = LINE ( 'NONE', #126, #780 ) ;
#3655 = CARTESIAN_POINT ( 'NONE',  ( 205.0000000000000284, -192.5000000000000000, 106.0000000000000142 ) ) ;
#3656 = CARTESIAN_POINT ( 'NONE',  ( 196.5999999999999943, -215.0000000000000000, 44.00000000000000000 ) ) ;
#3657 = EDGE_CURVE ( 'NONE', #3037, #2004, #3577, .T. ) ;
#3658 = ORIENTED_EDGE ( 'NONE', *, *, #3089, .T. ) ;
#3659 = CARTESIAN_POINT ( 'NONE',  ( 187.0000000000000000, -208.4000000000000057, 50.25000000000000000 ) ) ;
#3660 = FACE_BOUND ( 'NONE', #1551, .T. ) ;
#3661 = VECTOR ( 'NONE', #4785, 1000.000000000000000 ) ;
#3662 = PLANE ( 'NONE',  #1203 ) ;
#3663 = VECTOR ( 'NONE', #4588, 1000.000000000000000 ) ;
#3664 = ORIENTED_EDGE ( 'NONE', *, *, #4670, .T. ) ;
#3665 = CARTESIAN_POINT ( 'NONE',  ( 213.4000000000000057, -202.5000000000000000, 85.00000000000000000 ) ) ;
#3666 = VECTOR ( 'NONE', #2048, 1000.000000000000000 ) ;
#3667 = EDGE_CURVE ( 'NONE', #967, #1071, #1233, .T. ) ;
#3668 = LINE ( 'NONE', #3616, #1860 ) ;
#3669 = ORIENTED_EDGE ( 'NONE', *, *, #721, .T. ) ;
#3670 = FACE_OUTER_BOUND ( 'NONE', #1482, .T. ) ;
#3671 = ORIENTED_EDGE ( 'NONE', *, *, #3761, .F. ) ;
#3672 = ORIENTED_EDGE ( 'NONE', *, *, #409, .F. ) ;
#3673 = EDGE_LOOP ( 'NONE', ( #2861, #2284, #412, #3356 ) ) ;
#3674 = DIRECTION ( 'NONE',  ( 1.000000000000000000, 0.000000000000000000, -0.000000000000000000 ) ) ;
#3675 = CARTESIAN_POINT ( 'NONE',  ( -183.0000000000000284, -205.9499999999999886, 44.00000000000000000 ) ) ;
#3676 = DIRECTION ( 'NONE',  ( 0.000000000000000000, -1.000000000000000000, 0.000000000000000000 ) ) ;
#3677 = DIRECTION ( 'NONE',  ( -0.000000000000000000, 1.000000000000000000, 0.000000000000000000 ) ) ;
#3678 = DIRECTION ( 'NONE',  ( 0.000000000000000000, 1.000000000000000000, 0.000000000000000000 ) ) ;
#3679 = ORIENTED_EDGE ( 'NONE', *, *, #1796, .T. ) ;
#3680 = LINE ( 'NONE', #1291, #4296 ) ;
#3681 = CARTESIAN_POINT ( 'NONE',  ( -215.0000000000000000, -210.7827506026967228, 75.63805349013748014 ) ) ;
#3682 = EDGE_CURVE ( 'NONE', #4957, #3375, #3910, .T. ) ;
#3683 = ORIENTED_EDGE ( 'NONE', *, *, #1081, .T. ) ;
#3684 = DIRECTION ( 'NONE',  ( -1.000000000000000000, -0.000000000000000000, 0.000000000000000000 ) ) ;
#3685 = ORIENTED_EDGE ( 'NONE', *, *, #545, .F. ) ;
#3686 = LINE ( 'NONE', #3376, #5036 ) ;
#3687 = EDGE_CURVE ( 'NONE', #2157, #3701, #4790, .T. ) ;
#3688 = CARTESIAN_POINT ( 'NONE',  ( 196.5999999999999943, -215.0000000000000000, 56.57179676972449300 ) ) ;
#3689 = ORIENTED_EDGE ( 'NONE', *, *, #3353, .F. ) ;
#3690 = EDGE_CURVE ( 'NONE', #111, #4981, #5092, .T. ) ;
#3691 = DIRECTION ( 'NONE',  ( 0.000000000000000000, 0.000000000000000000, -1.000000000000000000 ) ) ;
#3692 = EDGE_CURVE ( 'NONE', #797, #863, #921, .T. ) ;
#3693 = EDGE_LOOP ( 'NONE', ( #1829, #1322, #1297, #2548, #2361, #3129, #3741, #3569, #609, #3622, #1305, #447 ) ) ;
#3694 = VERTEX_POINT ( 'NONE', #2002 ) ;
#3695 = DIRECTION ( 'NONE',  ( -0.000000000000000000, 1.000000000000000000, 0.000000000000000000 ) ) ;
#3696 = DIRECTION ( 'NONE',  ( 0.000000000000000000, 1.000000000000000000, 0.000000000000000000 ) ) ;
#3697 = CARTESIAN_POINT ( 'NONE',  ( 196.5999999999999943, -202.5000000000000000, 89.10000000000000853 ) ) ;
#3698 = CARTESIAN_POINT ( 'NONE',  ( -209.4000000000000057, -205.9499999999999886, 100.0000000000000000 ) ) ;
#3699 = AXIS2_PLACEMENT_3D ( 'NONE', #2773, #5095, #3582 ) ;
#3700 = DIRECTION ( 'NONE',  ( 0.000000000000000000, 1.000000000000000000, 0.000000000000000000 ) ) ;
#3701 = VERTEX_POINT ( 'NONE', #25 ) ;
#3702 = LINE ( 'NONE', #4066, #4950 ) ;
#3703 = CARTESIAN_POINT ( 'NONE',  ( -196.5999999999999943, -211.0000000000000000, 63.50000000000000000 ) ) ;
#3704 = CARTESIAN_POINT ( 'NONE',  ( 196.5999999999999943, -211.0000000000000000, 60.29999999999999716 ) ) ;
#3705 = VERTEX_POINT ( 'NONE', #2793 ) ;
#3706 = EDGE_CURVE ( 'NONE', #4257, #2949, #407, .T. ) ;
#3707 = DIRECTION ( 'NONE',  ( -1.000000000000000000, -0.000000000000000000, 0.000000000000000000 ) ) ;
#3708 = EDGE_LOOP ( 'NONE', ( #2133, #723, #4056, #3084, #3444, #1240, #3468, #3734, #2297, #165, #2392, #4651, #903, #4958, #3322, #2062, #5037, #1998, #3658, #652 ) ) ;
#3709 = DIRECTION ( 'NONE',  ( 0.000000000000000000, 0.000000000000000000, -1.000000000000000000 ) ) ;
#3710 = CIRCLE ( 'NONE', #4866, 2.250000000000001776 ) ;
#3711 = EDGE_CURVE ( 'NONE', #417, #2935, #4709, .T. ) ;
#3712 = VECTOR ( 'NONE', #4191, 1000.000000000000000 ) ;
#3713 = CARTESIAN_POINT ( 'NONE',  ( 195.0000000000000000, -202.5000000000000000, 85.00000000000000000 ) ) ;
#3714 = VERTEX_POINT ( 'NONE', #2408 ) ;
#3715 = AXIS2_PLACEMENT_3D ( 'NONE', #4631, #2640, #2685 ) ;
#3716 = CARTESIAN_POINT ( 'NONE',  ( -223.0000000000000000, -203.9000000000000057, 104.0000000000000142 ) ) ;
#3717 = AXIS2_PLACEMENT_3D ( 'NONE', #525, #4495, #4853 ) ;
#3718 = ORIENTED_EDGE ( 'NONE', *, *, #3952, .F. ) ;
#3719 = EDGE_LOOP ( 'NONE', ( #3617, #1211, #120, #2878 ) ) ;
#3720 = LINE ( 'NONE', #865, #1981 ) ;
#3721 = LINE ( 'NONE', #3653, #2827 ) ;
#3722 = CARTESIAN_POINT ( 'NONE',  ( -196.5999999999999943, -210.7827506026967228, 75.63805349013748014 ) ) ;
#3723 = CARTESIAN_POINT ( 'NONE',  ( -215.0000000000000000, -211.0000000000000000, 63.50000000000000000 ) ) ;
#3724 = DIRECTION ( 'NONE',  ( 0.000000000000000000, 0.000000000000000000, 1.000000000000000000 ) ) ;
#3725 = ADVANCED_FACE ( 'NONE', ( #77 ), #1638, .F. ) ;
#3726 = ORIENTED_EDGE ( 'NONE', *, *, #1119, .F. ) ;
#3727 = EDGE_CURVE ( 'NONE', #746, #3694, #3987, .T. ) ;
#3728 = DIRECTION ( 'NONE',  ( 1.000000000000000000, 0.000000000000000000, 0.000000000000000000 ) ) ;
#3729 = CARTESIAN_POINT ( 'NONE',  ( 200.5999999999999943, -191.0000000000000000, 106.5000000000000000 ) ) ;
#3730 = DIRECTION ( 'NONE',  ( 0.000000000000000000, -1.000000000000000000, 0.000000000000000000 ) ) ;
#3731 = CARTESIAN_POINT ( 'NONE',  ( 218.2000000000000171, -208.0000000000000000, 108.0000000000000142 ) ) ;
#3732 = ORIENTED_EDGE ( 'NONE', *, *, #892, .F. ) ;
#3733 = CARTESIAN_POINT ( 'NONE',  ( -196.5999999999999943, -202.5000000000000000, 80.90000000000000568 ) ) ;
#3734 = ORIENTED_EDGE ( 'NONE', *, *, #439, .T. ) ;
#3735 = CYLINDRICAL_SURFACE ( 'NONE', #1174, 4.100000000000006750 ) ;
#3736 = ORIENTED_EDGE ( 'NONE', *, *, #3257, .T. ) ;
#3737 = VECTOR ( 'NONE', #1286, 1000.000000000000000 ) ;
#3738 = CIRCLE ( 'NONE', #4656, 2.250000000000001776 ) ;
#3739 = CARTESIAN_POINT ( 'NONE',  ( -188.0000000000000000, -190.5000000000000000, 106.0000000000000142 ) ) ;
#3740 = CIRCLE ( 'NONE', #4571, 11.99999999999999645 ) ;
#3741 = ORIENTED_EDGE ( 'NONE', *, *, #160, .F. ) ;
#3742 = DIRECTION ( 'NONE',  ( 0.000000000000000000, 1.000000000000000000, 0.000000000000000000 ) ) ;
#3743 = ADVANCED_FACE ( 'NONE', ( #2822 ), #4015, .T. ) ;
#3744 = VECTOR ( 'NONE', #1986, 1000.000000000000000 ) ;
#3745 = ORIENTED_EDGE ( 'NONE', *, *, #897, .F. ) ;
#3746 = EDGE_LOOP ( 'NONE', ( #3050, #2851, #3838, #2368 ) ) ;
#3747 = CARTESIAN_POINT ( 'NONE',  ( 213.4000000000000057, -191.5000000000000000, 98.00000000000000000 ) ) ;
#3748 = CARTESIAN_POINT ( 'NONE',  ( -198.5999999999999943, -191.0000000000000000, 44.00000000000000000 ) ) ;
#3749 = CARTESIAN_POINT ( 'NONE',  ( -211.5000000000000000, -211.0000000000000000, 58.39999999999999858 ) ) ;
#3750 = DIRECTION ( 'NONE',  ( 0.000000000000000000, 0.000000000000000000, 1.000000000000000000 ) ) ;
#3751 = EDGE_CURVE ( 'NONE', #4030, #2268, #4351, .T. ) ;
#3752 =( LENGTH_UNIT ( ) NAMED_UNIT ( * ) SI_UNIT ( .MILLI., .METRE. ) );
#3753 = VECTOR ( 'NONE', #2782, 1000.000000000000000 ) ;
#3754 = VERTEX_POINT ( 'NONE', #3241 ) ;
#3755 = ORIENTED_EDGE ( 'NONE', *, *, #4772, .T. ) ;
#3756 = DIRECTION ( 'NONE',  ( 1.000000000000000000, 0.000000000000000000, -0.000000000000000000 ) ) ;
#3757 = CARTESIAN_POINT ( 'NONE',  ( -218.2000000000000171, -203.9000000000000057, 100.0000000000000000 ) ) ;
#3758 = DIRECTION ( 'NONE',  ( 0.000000000000000000, 0.000000000000000000, -1.000000000000000000 ) ) ;
#3759 = VECTOR ( 'NONE', #1965, 1000.000000000000000 ) ;
#3760 = CARTESIAN_POINT ( 'NONE',  ( -211.4000000000000057, -191.0000000000000000, 44.00000000000000000 ) ) ;
#3761 = EDGE_CURVE ( 'NONE', #2036, #3971, #2028, .T. ) ;
#3762 = ORIENTED_EDGE ( 'NONE', *, *, #572, .T. ) ;
#3763 = CYLINDRICAL_SURFACE ( 'NONE', #958, 5.099999999999993427 ) ;
#3764 = EDGE_LOOP ( 'NONE', ( #4868, #4084, #4574, #4848 ) ) ;
#3765 = FACE_BOUND ( 'NONE', #4202, .T. ) ;
#3766 = VECTOR ( 'NONE', #2024, 1000.000000000000000 ) ;
#3767 = CARTESIAN_POINT ( 'NONE',  ( -215.0000000000000000, -211.0000000000000000, 66.69999999999998863 ) ) ;
#3768 = ORIENTED_EDGE ( 'NONE', *, *, #3945, .T. ) ;
#3769 = DIRECTION ( 'NONE',  ( 0.000000000000000000, -1.000000000000000000, 0.000000000000000000 ) ) ;
#3770 = ORIENTED_EDGE ( 'NONE', *, *, #2602, .T. ) ;
#3771 = ORIENTED_EDGE ( 'NONE', *, *, #1676, .F. ) ;
#3772 = ADVANCED_FACE ( 'NONE', ( #3605 ), #869, .T. ) ;
#3773 = DIRECTION ( 'NONE',  ( -0.000000000000000000, 1.000000000000000000, 0.000000000000000000 ) ) ;
#3774 = DIRECTION ( 'NONE',  ( 0.000000000000000000, 0.000000000000000000, 1.000000000000000000 ) ) ;
#3775 = LINE ( 'NONE', #395, #2016 ) ;
#3776 = CARTESIAN_POINT ( 'NONE',  ( -215.0000000000000000, -211.0000000000000000, 63.50000000000000000 ) ) ;
#3777 = DATE_AND_TIME ( #1051, #2692 ) ;
#3778 = VECTOR ( 'NONE', #817, 1000.000000000000000 ) ;
#3779 = ORIENTED_EDGE ( 'NONE', *, *, #3510, .F. ) ;
#3780 = VERTEX_POINT ( 'NONE', #4062 ) ;
#3781 = EDGE_CURVE ( 'NONE', #4981, #4007, #919, .T. ) ;
#3782 = DIRECTION ( 'NONE',  ( 0.000000000000000000, -0.000000000000000000, 1.000000000000000000 ) ) ;
#3783 = DIRECTION ( 'NONE',  ( -0.000000000000000000, 1.000000000000000000, 0.000000000000000000 ) ) ;
#3784 = PLANE ( 'NONE',  #3715 ) ;
#3785 = DIRECTION ( 'NONE',  ( 0.000000000000000000, 0.000000000000000000, 1.000000000000000000 ) ) ;
#3786 = ORIENTED_EDGE ( 'NONE', *, *, #607, .T. ) ;
#3787 = FACE_OUTER_BOUND ( 'NONE', #1793, .T. ) ;
#3788 = EDGE_CURVE ( 'NONE', #4806, #4444, #2869, .T. ) ;
#3789 = EDGE_LOOP ( 'NONE', ( #3897, #2876 ) ) ;
#3790 = LINE ( 'NONE', #2959, #2318 ) ;
#3791 = EDGE_CURVE ( 'NONE', #4591, #4731, #4882, .T. ) ;
#3792 = ADVANCED_FACE ( 'NONE', ( #4502 ), #1688, .T. ) ;
#3793 = DIRECTION ( 'NONE',  ( 0.000000000000000000, 0.000000000000000000, -1.000000000000000000 ) ) ;
#3794 = ORIENTED_EDGE ( 'NONE', *, *, #3968, .T. ) ;
#3795 = CARTESIAN_POINT ( 'NONE',  ( -200.6000000000000227, -205.9499999999999886, 100.0000000000000000 ) ) ;
#3796 = CIRCLE ( 'NONE', #338, 2.250000000000001776 ) ;
#3797 = EDGE_LOOP ( 'NONE', ( #4370, #2968, #4905, #1944 ) ) ;
#3798 = VERTEX_POINT ( 'NONE', #1756 ) ;
#3799 = CARTESIAN_POINT ( 'NONE',  ( -215.0000000000000000, -202.5000000000000000, 85.00000000000000000 ) ) ;
#3800 = CARTESIAN_POINT ( 'NONE',  ( 200.5999999999999943, -203.9000000000000057, 106.5000000000000000 ) ) ;
#3801 = AXIS2_PLACEMENT_3D ( 'NONE', #2921, #3288, #1288 ) ;
#3802 = CARTESIAN_POINT ( 'NONE',  ( -188.0000000000000000, -192.5000000000000000, 98.00000000000000000 ) ) ;
#3803 = PERSON_AND_ORGANIZATION ( #3883, #4766 ) ;
#3804 = VECTOR ( 'NONE', #1923, 1000.000000000000000 ) ;
#3805 = EDGE_LOOP ( 'NONE', ( #5062, #2818, #1191, #4878 ) ) ;
#3806 = ORIENTED_EDGE ( 'NONE', *, *, #1243, .T. ) ;
#3807 = CARTESIAN_POINT ( 'NONE',  ( -211.4000000000000057, -191.0000000000000000, 44.00000000000000000 ) ) ;
#3808 = CARTESIAN_POINT ( 'NONE',  ( -209.4000000000000057, -202.5000000000000000, 80.90000000000000568 ) ) ;
#3809 = DIRECTION ( 'NONE',  ( 0.000000000000000000, 0.000000000000000000, 1.000000000000000000 ) ) ;
#3810 = CARTESIAN_POINT ( 'NONE',  ( 200.5999999999999943, -211.0000000000000000, 60.29999999999999716 ) ) ;
#3811 = VERTEX_POINT ( 'NONE', #2100 ) ;
#3812 = LINE ( 'NONE', #2645, #3427 ) ;
#3813 = EDGE_LOOP ( 'NONE', ( #1717, #3965, #4186, #2735 ) ) ;
#3814 = DIRECTION ( 'NONE',  ( 0.000000000000000000, 0.000000000000000000, -1.000000000000000000 ) ) ;
#3815 = EDGE_CURVE ( 'NONE', #2261, #3845, #605, .T. ) ;
#3816 = CARTESIAN_POINT ( 'NONE',  ( -209.4000000000000057, -210.7827506026967228, 75.63805349013748014 ) ) ;
#3817 = ORIENTED_EDGE ( 'NONE', *, *, #4138, .T. ) ;
#3818 = LINE ( 'NONE', #1426, #2010 ) ;
#3819 = AXIS2_PLACEMENT_3D ( 'NONE', #2380, #23, #4013 ) ;
#3820 = EDGE_CURVE ( 'NONE', #226, #761, #971, .T. ) ;
#3821 = EDGE_CURVE ( 'NONE', #1504, #1045, #1784, .T. ) ;
#3822 = ORIENTED_EDGE ( 'NONE', *, *, #4167, .F. ) ;
#3823 = AXIS2_PLACEMENT_3D ( 'NONE', #3162, #3986, #3109 ) ;
#3824 = LINE ( 'NONE', #4932, #5027 ) ;
#3825 = CARTESIAN_POINT ( 'NONE',  ( -213.4000000000000057, -211.0000000000000000, 63.50000000000000000 ) ) ;
#3826 = VECTOR ( 'NONE', #2003, 1000.000000000000000 ) ;
#3827 = LINE ( 'NONE', #4935, #3637 ) ;
#3828 = COORDINATED_UNIVERSAL_TIME_OFFSET ( 8, 0, .AHEAD. ) ;
#3829 = VECTOR ( 'NONE', #3590, 1000.000000000000000 ) ;
#3830 = ORIENTED_EDGE ( 'NONE', *, *, #2102, .F. ) ;
#3831 = VERTEX_POINT ( 'NONE', #1710 ) ;
#3832 = DIRECTION ( 'NONE',  ( 1.000000000000000000, 0.000000000000000000, -0.000000000000000000 ) ) ;
#3833 = PLANE ( 'NONE',  #4537 ) ;
#3834 = DIRECTION ( 'NONE',  ( -0.000000000000000000, 1.000000000000000000, 0.000000000000000000 ) ) ;
#3835 = VECTOR ( 'NONE', #1141, 1000.000000000000000 ) ;
#3836 = AXIS2_PLACEMENT_3D ( 'NONE', #3295, #208, #4044 ) ;
#3837 = CARTESIAN_POINT ( 'NONE',  ( -200.5999999999999943, -210.7827506026967228, 75.63805349013748014 ) ) ;
#3838 = ORIENTED_EDGE ( 'NONE', *, *, #653, .T. ) ;
#3839 = DIRECTION ( 'NONE',  ( 0.000000000000000000, -1.000000000000000000, -0.000000000000000000 ) ) ;
#3840 = ADVANCED_FACE ( 'NONE', ( #2147 ), #4814, .T. ) ;
#3841 = VERTEX_POINT ( 'NONE', #4449 ) ;
#3842 = LINE ( 'NONE', #1901, #1495 ) ;
#3843 = ADVANCED_FACE ( 'NONE', ( #996 ), #196, .T. ) ;
#3844 = DIRECTION ( 'NONE',  ( 0.000000000000000000, -1.000000000000000000, -0.000000000000000000 ) ) ;
#3845 = VERTEX_POINT ( 'NONE', #1332 ) ;
#3846 = DIRECTION ( 'NONE',  ( 0.000000000000000000, 0.000000000000000000, 1.000000000000000000 ) ) ;
#3847 = LINE ( 'NONE', #319, #1899 ) ;
#3848 = ADVANCED_FACE ( 'NONE', ( #1357 ), #2895, .T. ) ;
#3849 = DIRECTION ( 'NONE',  ( 0.000000000000000000, 0.000000000000000000, 1.000000000000000000 ) ) ;
#3850 = ADVANCED_FACE ( 'NONE', ( #2123 ), #4476, .F. ) ;
#3851 = LINE ( 'NONE', #2245, #4539 ) ;
#3852 = CALENDAR_DATE ( 2026, 29, 8 ) ;
#3853 = ORIENTED_EDGE ( 'NONE', *, *, #221, .T. ) ;
#3854 = ORIENTED_EDGE ( 'NONE', *, *, #2472, .T. ) ;
#3855 = ORIENTED_EDGE ( 'NONE', *, *, #1384, .T. ) ;
#3856 = DIRECTION ( 'NONE',  ( 0.000000000000000000, 0.000000000000000000, -1.000000000000000000 ) ) ;
#3857 = ADVANCED_FACE ( 'NONE', ( #4911 ), #1382, .T. ) ;
#3858 = CARTESIAN_POINT ( 'NONE',  ( -227.0000000000000000, -203.9000000000000057, 44.00000000000000000 ) ) ;
#3859 = CARTESIAN_POINT ( 'NONE',  ( -196.5999999999999943, -199.2500000000000000, 44.00000000000000000 ) ) ;
#3860 = LOCAL_TIME ( 16, 54, 0.000000000000000000, #3494 ) ;
#3861 = LINE ( 'NONE', #385, #2581 ) ;
#3862 = ORIENTED_EDGE ( 'NONE', *, *, #1533, .F. ) ;
#3863 = LINE ( 'NONE', #717, #985 ) ;
#3864 = ORIENTED_EDGE ( 'NONE', *, *, #876, .F. ) ;
#3865 = FACE_OUTER_BOUND ( 'NONE', #3956, .T. ) ;
#3866 = DIRECTION ( 'NONE',  ( 1.000000000000000000, 0.000000000000000000, 0.000000000000000000 ) ) ;
#3867 = ORIENTED_EDGE ( 'NONE', *, *, #3618, .T. ) ;
#3868 = LINE ( 'NONE', #1521, #4649 ) ;
#3869 = FACE_OUTER_BOUND ( 'NONE', #3581, .T. ) ;
#3870 = EDGE_CURVE ( 'NONE', #2990, #1520, #2559, .T. ) ;
#3871 = FACE_OUTER_BOUND ( 'NONE', #3764, .T. ) ;
#3872 = ORIENTED_EDGE ( 'NONE', *, *, #1507, .T. ) ;
#3873 = DIRECTION ( 'NONE',  ( 1.000000000000000000, 0.000000000000000000, 0.000000000000000000 ) ) ;
#3874 = CIRCLE ( 'NONE', #1651, 9.999999999999994671 ) ;
#3875 = APPROVAL_DATE_TIME ( #2632, #641 ) ;
#3876 = AXIS2_PLACEMENT_3D ( 'NONE', #1602, #1169, #3180 ) ;
#3877 = ORIENTED_EDGE ( 'NONE', *, *, #3889, .F. ) ;
#3878 = EDGE_LOOP ( 'NONE', ( #4965, #3601 ) ) ;
#3879 = VECTOR ( 'NONE', #1478, 1000.000000000000000 ) ;
#3880 = CARTESIAN_POINT ( 'NONE',  ( 211.4000000000000057, -191.0000000000000000, 44.00000000000000000 ) ) ;
#3881 = CARTESIAN_POINT ( 'NONE',  ( 211.5000000000000000, -211.0000000000000000, 66.69999999999998863 ) ) ;
#3882 = LINE ( 'NONE', #2001, #4980 ) ;
#3883 = PERSON ( '未', '未', '未', ('未'), ('未'), ('未') ) ;
#3884 = DIRECTION ( 'NONE',  ( 0.000000000000000000, 0.000000000000000000, -1.000000000000000000 ) ) ;
#3885 = CIRCLE ( 'NONE', #2807, 2.250000000000001776 ) ;
#3886 = CARTESIAN_POINT ( 'NONE',  ( 227.0000000000000000, -205.9499999999999886, 108.0000000000000142 ) ) ;
#3887 = VECTOR ( 'NONE', #2349, 1000.000000000000000 ) ;
#3888 = EDGE_CURVE ( 'NONE', #4005, #1968, #4036, .T. ) ;
#3889 = EDGE_CURVE ( 'NONE', #4810, #4292, #4839, .T. ) ;
#3890 = EDGE_LOOP ( 'NONE', ( #4143, #3872, #3567, #1205 ) ) ;
#3891 = VECTOR ( 'NONE', #3432, 1000.000000000000000 ) ;
#3892 = DIRECTION ( 'NONE',  ( -0.000000000000000000, 1.000000000000000000, 0.000000000000000000 ) ) ;
#3893 = VERTEX_POINT ( 'NONE', #4165 ) ;
#3894 = CARTESIAN_POINT ( 'NONE',  ( -222.0000000000000284, -190.5000000000000000, 98.00000000000000000 ) ) ;
#3895 = EDGE_LOOP ( 'NONE', ( #2114, #2031, #364, #3480 ) ) ;
#3896 = CARTESIAN_POINT ( 'NONE',  ( 209.4000000000000057, -199.2500000000000000, 44.00000000000000000 ) ) ;
#3897 = ORIENTED_EDGE ( 'NONE', *, *, #2117, .F. ) ;
#3898 = PLANE ( 'NONE',  #4077 ) ;
#3899 = CYLINDRICAL_SURFACE ( 'NONE', #5054, 4.100000000000006750 ) ;
#3900 = DIRECTION ( 'NONE',  ( 0.000000000000000000, 0.000000000000000000, -1.000000000000000000 ) ) ;
#3901 = ORIENTED_EDGE ( 'NONE', *, *, #4767, .T. ) ;
#3902 = EDGE_CURVE ( 'NONE', #1633, #1446, #3827, .T. ) ;
#3903 = CARTESIAN_POINT ( 'NONE',  ( 209.4000000000000057, -203.9000000000000057, 108.0000000000000142 ) ) ;
#3904 = ORIENTED_EDGE ( 'NONE', *, *, #4438, .F. ) ;
#3905 = ORIENTED_EDGE ( 'NONE', *, *, #3599, .T. ) ;
#3906 = AXIS2_PLACEMENT_3D ( 'NONE', #2618, #308, #4198 ) ;
#3907 = FACE_BOUND ( 'NONE', #4534, .T. ) ;
#3908 = CARTESIAN_POINT ( 'NONE',  ( 196.5999999999999943, -215.0000000000000000, 56.57179676972449300 ) ) ;
#3909 = LINE ( 'NONE', #2027, #538 ) ;
#3910 = LINE ( 'NONE', #1948, #1733 ) ;
#3911 = LINE ( 'NONE', #2332, #2257 ) ;
#3912 = VERTEX_POINT ( 'NONE', #1406 ) ;
#3913 = CARTESIAN_POINT ( 'NONE',  ( 213.4000000000000057, -215.0000000000000000, 44.00000000000000000 ) ) ;
#3914 = CC_DESIGN_PERSON_AND_ORGANIZATION_ASSIGNMENT ( #322, #3071, ( #2948 ) ) ;
#3915 = ORIENTED_EDGE ( 'NONE', *, *, #4438, .T. ) ;
#3916 = DIRECTION ( 'NONE',  ( -1.000000000000000000, -0.000000000000000000, 0.000000000000000000 ) ) ;
#3917 = EDGE_CURVE ( 'NONE', #57, #2020, #4648, .T. ) ;
#3918 = EDGE_LOOP ( 'NONE', ( #913, #2325 ) ) ;
#3919 = FACE_BOUND ( 'NONE', #2235, .T. ) ;
#3920 = ORIENTED_EDGE ( 'NONE', *, *, #186, .F. ) ;
#3921 = DIRECTION ( 'NONE',  ( -1.000000000000000000, -0.000000000000000000, -0.000000000000000000 ) ) ;
#3922 = CARTESIAN_POINT ( 'NONE',  ( 196.5999999999999943, -202.5000000000000000, 85.00000000000000000 ) ) ;
#3923 = VECTOR ( 'NONE', #5084, 1000.000000000000000 ) ;
#3924 = CARTESIAN_POINT ( 'NONE',  ( 200.5999999999999943, -211.0000000000000000, 63.50000000000000000 ) ) ;
#3925 = VERTEX_POINT ( 'NONE', #3046 ) ;
#3926 = CARTESIAN_POINT ( 'NONE',  ( -200.5999999999999943, -210.7827506026967228, 71.53805349013747161 ) ) ;
#3927 = VECTOR ( 'NONE', #3283, 1000.000000000000000 ) ;
#3928 = EDGE_CURVE ( 'NONE', #2056, #1610, #2200, .T. ) ;
#3929 = ORIENTED_EDGE ( 'NONE', *, *, #4262, .T. ) ;
#3930 = VERTEX_POINT ( 'NONE', #3363 ) ;
#3931 = CARTESIAN_POINT ( 'NONE',  ( -200.5999999999999943, -211.0000000000000000, 63.50000000000000000 ) ) ;
#3932 = CYLINDRICAL_SURFACE ( 'NONE', #2497, 2.250000000000001776 ) ;
#3933 = CARTESIAN_POINT ( 'NONE',  ( -209.4000000000000057, -205.9499999999999886, 108.0000000000000142 ) ) ;
#3934 = VECTOR ( 'NONE', #1723, 1000.000000000000000 ) ;
#3935 = DIRECTION ( 'NONE',  ( 0.000000000000000000, 0.000000000000000000, 1.000000000000000000 ) ) ;
#3936 = CARTESIAN_POINT ( 'NONE',  ( 195.0000000000000000, -210.7827506026967228, 75.63805349013748014 ) ) ;
#3937 = EDGE_CURVE ( 'NONE', #4030, #2403, #3851, .T. ) ;
#3938 = ORIENTED_EDGE ( 'NONE', *, *, #3727, .F. ) ;
#3939 = DIRECTION ( 'NONE',  ( 0.000000000000000000, 0.000000000000000000, 1.000000000000000000 ) ) ;
#3940 = VECTOR ( 'NONE', #4884, 1000.000000000000000 ) ;
#3941 = ORIENTED_EDGE ( 'NONE', *, *, #4018, .F. ) ;
#3942 = FACE_OUTER_BOUND ( 'NONE', #3708, .T. ) ;
#3943 = VERTEX_POINT ( 'NONE', #300 ) ;
#3944 = FACE_BOUND ( 'NONE', #3138, .T. ) ;
#3945 = EDGE_CURVE ( 'NONE', #1868, #141, #4624, .T. ) ;
#3946 = DIRECTION ( 'NONE',  ( 0.000000000000000000, 0.000000000000000000, 1.000000000000000000 ) ) ;
#3947 = EDGE_LOOP ( 'NONE', ( #167, #1107, #1627, #4666 ) ) ;
#3948 = CARTESIAN_POINT ( 'NONE',  ( -187.0000000000000000, -208.0000000000000000, 101.7500000000000000 ) ) ;
#3949 = VECTOR ( 'NONE', #4792, 1000.000000000000000 ) ;
#3950 = DIRECTION ( 'NONE',  ( 0.000000000000000000, 0.000000000000000000, -1.000000000000000000 ) ) ;
#3951 = EDGE_CURVE ( 'NONE', #2724, #303, #349, .T. ) ;
#3952 = EDGE_CURVE ( 'NONE', #1313, #1016, #4601, .T. ) ;
#3953 = DIRECTION ( 'NONE',  ( 0.000000000000000000, 1.000000000000000000, 0.000000000000000000 ) ) ;
#3954 = VERTEX_POINT ( 'NONE', #2973 ) ;
#3955 = DIRECTION ( 'NONE',  ( 1.000000000000000000, 0.000000000000000000, -0.000000000000000000 ) ) ;
#3956 = EDGE_LOOP ( 'NONE', ( #657, #4998, #4937, #4187 ) ) ;
#3957 = VERTEX_POINT ( 'NONE', #1075 ) ;
#3958 = EDGE_LOOP ( 'NONE', ( #619, #3412, #5050, #667, #3732, #3671, #3983, #3508, #3118, #1943, #1078, #2242, #72, #1393, #239, #2193, #4952, #1092, #3209, #282 ) ) ;
#3959 = DIRECTION ( 'NONE',  ( 0.000000000000000000, 1.000000000000000000, 0.000000000000000000 ) ) ;
#3960 = CARTESIAN_POINT ( 'NONE',  ( 227.0000000000000000, -205.9499999999999886, 100.0000000000000000 ) ) ;
#3961 = LINE ( 'NONE', #3933, #2420 ) ;
#3962 = DIRECTION ( 'NONE',  ( 0.000000000000000000, -0.000000000000000000, 1.000000000000000000 ) ) ;
#3963 = AXIS2_PLACEMENT_3D ( 'NONE', #2243, #3773, #3021 ) ;
#3964 = DIRECTION ( 'NONE',  ( 1.000000000000000000, 0.000000000000000000, -0.000000000000000000 ) ) ;
#3965 = ORIENTED_EDGE ( 'NONE', *, *, #5018, .T. ) ;
#3966 = LINE ( 'NONE', #4020, #3949 ) ;
#3967 = PLANE ( 'NONE',  #2561 ) ;
#3968 = EDGE_CURVE ( 'NONE', #1409, #5043, #273, .T. ) ;
#3969 = AXIS2_PLACEMENT_3D ( 'NONE', #173, #506, #2531 ) ;
#3970 = VECTOR ( 'NONE', #5067, 1000.000000000000000 ) ;
#3971 = VERTEX_POINT ( 'NONE', #2631 ) ;
#3972 = DIRECTION ( 'NONE',  ( 0.000000000000000000, 0.000000000000000000, -1.000000000000000000 ) ) ;
#3973 = ORIENTED_EDGE ( 'NONE', *, *, #3692, .F. ) ;
#3974 = DIRECTION ( 'NONE',  ( 0.000000000000000000, 0.000000000000000000, 1.000000000000000000 ) ) ;
#3975 = ADVANCED_FACE ( 'NONE', ( #2679 ), #4214, .F. ) ;
#3976 = DIRECTION ( 'NONE',  ( 0.000000000000000000, 0.000000000000000000, 1.000000000000000000 ) ) ;
#3977 = CARTESIAN_POINT ( 'NONE',  ( -200.5999999999999943, -217.4709960404728406, 68.20385057630286951 ) ) ;
#3978 = ORIENTED_EDGE ( 'NONE', *, *, #1831, .T. ) ;
#3979 = EDGE_CURVE ( 'NONE', #2268, #2191, #430, .T. ) ;
#3980 = DIRECTION ( 'NONE',  ( 0.000000000000000000, 0.000000000000000000, 1.000000000000000000 ) ) ;
#3981 = ORIENTED_EDGE ( 'NONE', *, *, #1539, .T. ) ;
#3982 = EDGE_LOOP ( 'NONE', ( #1859, #2816, #46, #4385 ) ) ;
#3983 = ORIENTED_EDGE ( 'NONE', *, *, #1831, .F. ) ;
#3984 = DIRECTION ( 'NONE',  ( 0.000000000000000000, 0.000000000000000000, -1.000000000000000000 ) ) ;
#3985 = PLANE ( 'NONE',  #1188 ) ;
#3986 = DIRECTION ( 'NONE',  ( 1.000000000000000000, 0.000000000000000000, -0.000000000000000000 ) ) ;
#3987 = LINE ( 'NONE', #2049, #2311 ) ;
#3988 = CARTESIAN_POINT ( 'NONE',  ( -215.0000000000000000, -202.5000000000000000, 80.90000000000000568 ) ) ;
#3989 = AXIS2_PLACEMENT_3D ( 'NONE', #4678, #4735, #4349 ) ;
#3990 = AXIS2_PLACEMENT_3D ( 'NONE', #2991, #3742, #2269 ) ;
#3991 = ORIENTED_EDGE ( 'NONE', *, *, #4639, .T. ) ;
#3992 = CARTESIAN_POINT ( 'NONE',  ( -213.4000000000000057, -211.0000000000000000, 68.59999999999999432 ) ) ;
#3993 = AXIS2_PLACEMENT_3D ( 'NONE', #4623, #1096, #4552 ) ;
#3994 = FACE_OUTER_BOUND ( 'NONE', #1771, .T. ) ;
#3995 = VECTOR ( 'NONE', #2727, 1000.000000000000000 ) ;
#3996 = EDGE_CURVE ( 'NONE', #3455, #2863, #20, .T. ) ;
#3997 = CARTESIAN_POINT ( 'NONE',  ( -187.0000000000000000, -208.0000000000000000, 48.00000000000000000 ) ) ;
#3998 = CARTESIAN_POINT ( 'NONE',  ( -196.5999999999999943, -210.7827506026967228, 75.63805349013748014 ) ) ;
#3999 = VERTEX_POINT ( 'NONE', #3802 ) ;
#4000 = CARTESIAN_POINT ( 'NONE',  ( 196.5999999999999943, -211.0000000000000000, 63.50000000000000000 ) ) ;
#4001 = DIRECTION ( 'NONE',  ( 0.000000000000000000, -1.000000000000000000, -0.000000000000000000 ) ) ;
#4002 = AXIS2_PLACEMENT_3D ( 'NONE', #4414, #2930, #3785 ) ;
#4003 = EDGE_CURVE ( 'NONE', #1648, #2672, #2583, .T. ) ;
#4004 = CARTESIAN_POINT ( 'NONE',  ( 183.0000000000000284, -203.9000000000000057, 100.0000000000000000 ) ) ;
#4005 = VERTEX_POINT ( 'NONE', #5033 ) ;
#4006 = CYLINDRICAL_SURFACE ( 'NONE', #1009, 3.200000000000001510 ) ;
#4007 = VERTEX_POINT ( 'NONE', #3070 ) ;
#4008 = ADVANCED_FACE ( 'NONE', ( #1123 ), #4963, .F. ) ;
#4009 = ORIENTED_EDGE ( 'NONE', *, *, #2324, .T. ) ;
#4010 = EDGE_LOOP ( 'NONE', ( #1117, #1498, #4346, #4420 ) ) ;
#4011 = LINE ( 'NONE', #1328, #1325 ) ;
#4012 = ADVANCED_FACE ( 'NONE', ( #246 ), #2295, .T. ) ;
#4013 = DIRECTION ( 'NONE',  ( 0.000000000000000000, 0.000000000000000000, -1.000000000000000000 ) ) ;
#4014 = CARTESIAN_POINT ( 'NONE',  ( 196.5999999999999943, -203.9000000000000057, 44.00000000000000000 ) ) ;
#4015 = CYLINDRICAL_SURFACE ( 'NONE', #4702, 11.99999999999999645 ) ;
#4016 = LINE ( 'NONE', #3606, #3416 ) ;
#4017 = AXIS2_PLACEMENT_3D ( 'NONE', #4939, #2979, #2614 ) ;
#4018 = EDGE_CURVE ( 'NONE', #3596, #3971, #3000, .T. ) ;
#4019 = ORIENTED_EDGE ( 'NONE', *, *, #2255, .F. ) ;
#4020 = CARTESIAN_POINT ( 'NONE',  ( 200.5999999999999943, -191.0000000000000000, 44.00000000000000000 ) ) ;
#4021 = CARTESIAN_POINT ( 'NONE',  ( -215.0000000000000000, -202.5000000000000000, 85.00000000000000000 ) ) ;
#4022 = DIRECTION ( 'NONE',  ( 1.000000000000000000, 0.000000000000000000, -0.000000000000000000 ) ) ;
#4023 = PLANE ( 'NONE',  #1411 ) ;
#4024 = VERTEX_POINT ( 'NONE', #2608 ) ;
#4025 = FACE_OUTER_BOUND ( 'NONE', #2526, .T. ) ;
#4026 = DIRECTION ( 'NONE',  ( 0.000000000000000000, 0.000000000000000000, 1.000000000000000000 ) ) ;
#4027 = ORIENTED_EDGE ( 'NONE', *, *, #1159, .T. ) ;
#4028 = DIRECTION ( 'NONE',  ( 0.000000000000000000, -0.000000000000000000, 1.000000000000000000 ) ) ;
#4029 = EDGE_CURVE ( 'NONE', #3237, #2020, #2720, .T. ) ;
#4030 = VERTEX_POINT ( 'NONE', #2734 ) ;
#4031 = ORIENTED_EDGE ( 'NONE', *, *, #4394, .F. ) ;
#4032 = ORIENTED_EDGE ( 'NONE', *, *, #2030, .T. ) ;
#4033 = CARTESIAN_POINT ( 'NONE',  ( -196.5999999999999943, -191.0000000000000000, 88.42782730020049087 ) ) ;
#4034 = DIRECTION ( 'NONE',  ( 1.000000000000000000, 0.000000000000000000, -0.000000000000000000 ) ) ;
#4035 = LINE ( 'NONE', #2868, #2253 ) ;
#4036 = LINE ( 'NONE', #2075, #262 ) ;
#4037 = LINE ( 'NONE', #4352, #3826 ) ;
#4038 = ORIENTED_EDGE ( 'NONE', *, *, #2340, .T. ) ;
#4039 = CARTESIAN_POINT ( 'NONE',  ( -198.5999999999999943, -203.9000000000000057, 106.5000000000000000 ) ) ;
#4040 = CARTESIAN_POINT ( 'NONE',  ( -191.8000000000000398, -208.0000000000000000, 108.0000000000000142 ) ) ;
#4041 = EDGE_CURVE ( 'NONE', #3780, #1696, #1629, .T. ) ;
#4042 = EDGE_CURVE ( 'NONE', #161, #174, #4045, .T. ) ;
#4043 = VECTOR ( 'NONE', #775, 1000.000000000000000 ) ;
#4044 = DIRECTION ( 'NONE',  ( 0.000000000000000000, 0.000000000000000000, 1.000000000000000000 ) ) ;
#4045 = CIRCLE ( 'NONE', #348, 2.250000000000001776 ) ;
#4046 = VECTOR ( 'NONE', #4304, 1000.000000000000000 ) ;
#4047 = ORIENTED_EDGE ( 'NONE', *, *, #3125, .T. ) ;
#4048 = CARTESIAN_POINT ( 'NONE',  ( 196.5999999999999943, -191.0000000000000000, 81.57217269979952334 ) ) ;
#4049 = VECTOR ( 'NONE', #1440, 1000.000000000000000 ) ;
#4050 = VECTOR ( 'NONE', #3234, 1000.000000000000000 ) ;
#4051 = AXIS2_PLACEMENT_3D ( 'NONE', #4592, #3916, #4976 ) ;
#4052 = DIRECTION ( 'NONE',  ( 0.000000000000000000, 0.000000000000000000, -1.000000000000000000 ) ) ;
#4053 = EDGE_LOOP ( 'NONE', ( #3620, #4512 ) ) ;
#4054 = DIRECTION ( 'NONE',  ( -1.000000000000000000, 0.000000000000000000, 0.000000000000000000 ) ) ;
#4055 = ORIENTED_EDGE ( 'NONE', *, *, #1320, .F. ) ;
#4056 = ORIENTED_EDGE ( 'NONE', *, *, #4318, .F. ) ;
#4057 = EDGE_LOOP ( 'NONE', ( #2499, #4308, #3260, #551 ) ) ;
#4058 = EDGE_CURVE ( 'NONE', #3281, #2513, #401, .T. ) ;
#4059 = FACE_OUTER_BOUND ( 'NONE', #771, .T. ) ;
#4060 = CARTESIAN_POINT ( 'NONE',  ( -209.4000000000000057, -214.4997437941094347, 84.92158523269061732 ) ) ;
#4061 = CARTESIAN_POINT ( 'NONE',  ( -183.0000000000000284, -203.9000000000000057, 52.00000000000000000 ) ) ;
#4062 = CARTESIAN_POINT ( 'NONE',  ( 196.5999999999999943, -215.0000000000000000, 44.00000000000000000 ) ) ;
#4063 = FACE_OUTER_BOUND ( 'NONE', #5010, .T. ) ;
#4064 = VERTEX_POINT ( 'NONE', #808 ) ;
#4065 = ADVANCED_FACE ( 'NONE', ( #4754 ), #2400, .T. ) ;
#4066 = CARTESIAN_POINT ( 'NONE',  ( -183.0000000000000284, -208.0000000000000000, 100.0000000000000000 ) ) ;
#4067 = CARTESIAN_POINT ( 'NONE',  ( -213.4000000000000057, -215.0000000000000000, 56.57179676972449300 ) ) ;
#4068 = VECTOR ( 'NONE', #2026, 1000.000000000000000 ) ;
#4069 = ORIENTED_EDGE ( 'NONE', *, *, #45, .T. ) ;
#4070 = AXIS2_PLACEMENT_3D ( 'NONE', #970, #1287, #4111 ) ;
#4072 = CARTESIAN_POINT ( 'NONE',  ( -227.0000000000000000, -208.0000000000000000, 100.0000000000000000 ) ) ;
#4071 = CC_DESIGN_PERSON_AND_ORGANIZATION_ASSIGNMENT ( #2704, #4625, ( #4103 ) ) ;
#4073 = VECTOR ( 'NONE', #1183, 1000.000000000000000 ) ;
#4074 = ADVANCED_FACE ( 'NONE', ( #2425 ), #3493, .T. ) ;
#4075 = ORIENTED_EDGE ( 'NONE', *, *, #366, .F. ) ;
#4076 = CARTESIAN_POINT ( 'NONE',  ( 209.4000000000000057, -202.5000000000000000, 85.00000000000000000 ) ) ;
#4077 = AXIS2_PLACEMENT_3D ( 'NONE', #4578, #3513, #2172 ) ;
#4078 = CARTESIAN_POINT ( 'NONE',  ( -187.0000000000000000, -208.0000000000000000, 104.0000000000000142 ) ) ;
#4079 = ORIENTED_EDGE ( 'NONE', *, *, #2161, .F. ) ;
#4080 = VECTOR ( 'NONE', #3514, 1000.000000000000000 ) ;
#4081 = VECTOR ( 'NONE', #645, 1000.000000000000000 ) ;
#4082 = PLANE ( 'NONE',  #4712 ) ;
#4083 = EDGE_LOOP ( 'NONE', ( #3901, #4194, #4130, #871 ) ) ;
#4084 = ORIENTED_EDGE ( 'NONE', *, *, #3156, .T. ) ;
#4085 = LINE ( 'NONE', #915, #1726 ) ;
#4086 = CARTESIAN_POINT ( 'NONE',  ( 196.5999999999999943, -214.4997437941094347, 84.92158523269061732 ) ) ;
#4087 = FACE_OUTER_BOUND ( 'NONE', #242, .T. ) ;
#4088 = DIRECTION ( 'NONE',  ( 0.000000000000000000, 0.000000000000000000, -1.000000000000000000 ) ) ;
#4089 = CARTESIAN_POINT ( 'NONE',  ( 196.5999999999999943, -191.0000000000000000, 106.0000000000000142 ) ) ;
#4090 = ADVANCED_FACE ( 'NONE', ( #1224 ), #4006, .F. ) ;
#4091 = VECTOR ( 'NONE', #4026, 1000.000000000000000 ) ;
#4092 = ORIENTED_EDGE ( 'NONE', *, *, #610, .F. ) ;
#4093 = FACE_OUTER_BOUND ( 'NONE', #4618, .T. ) ;
#4094 = CARTESIAN_POINT ( 'NONE',  ( -209.4000000000000057, -199.2500000000000000, 44.00000000000000000 ) ) ;
#4095 = DIRECTION ( 'NONE',  ( 0.000000000000000000, -1.000000000000000000, -0.000000000000000000 ) ) ;
#4096 = EDGE_CURVE ( 'NONE', #2962, #2309, #2703, .T. ) ;
#4097 = VERTEX_POINT ( 'NONE', #3903 ) ;
#4098 = CARTESIAN_POINT ( 'NONE',  ( -209.4000000000000057, -203.9000000000000057, 100.0000000000000000 ) ) ;
#4099 = ORIENTED_EDGE ( 'NONE', *, *, #2116, .T. ) ;
#4100 = DIRECTION ( 'NONE',  ( -1.000000000000000000, -0.000000000000000000, 0.000000000000000000 ) ) ;
#4101 = CARTESIAN_POINT ( 'NONE',  ( -223.0000000000000000, -208.0000000000000000, 106.2500000000000142 ) ) ;
#4102 = ORIENTED_EDGE ( 'NONE', *, *, #261, .T. ) ;
#4103 = PRODUCT_DEFINITION_FORMATION_WITH_SPECIFIED_SOURCE ( '�', '', #3006, .NOT_KNOWN. ) ;
#4104 = CARTESIAN_POINT ( 'NONE',  ( 200.5999999999999943, -210.7827506026967228, 75.63805349013748014 ) ) ;
#4105 = EDGE_CURVE ( 'NONE', #1472, #2950, #4545, .T. ) ;
#4106 = ADVANCED_FACE ( 'NONE', ( #4287, #1252, #1577, #757 ), #2815, .T. ) ;
#4107 = ORIENTED_EDGE ( 'NONE', *, *, #3372, .F. ) ;
#4108 = ORIENTED_EDGE ( 'NONE', *, *, #3353, .T. ) ;
#4109 = FACE_BOUND ( 'NONE', #938, .T. ) ;
#4110 = DIRECTION ( 'NONE',  ( -1.000000000000000000, -0.000000000000000000, 0.000000000000000000 ) ) ;
#4111 = DIRECTION ( 'NONE',  ( 1.000000000000000000, 0.000000000000000000, -0.000000000000000000 ) ) ;
#4112 = CARTESIAN_POINT ( 'NONE',  ( 222.0000000000000284, -191.5000000000000000, 98.00000000000000000 ) ) ;
#4113 = AXIS2_PLACEMENT_3D ( 'NONE', #3482, #1513, #742 ) ;
#4114 = CARTESIAN_POINT ( 'NONE',  ( 191.8000000000000398, -208.0000000000000000, 44.00000000000000000 ) ) ;
#4115 = ORIENTED_EDGE ( 'NONE', *, *, #4176, .T. ) ;
#4116 = DIRECTION ( 'NONE',  ( -1.000000000000000000, -0.000000000000000000, 0.000000000000000000 ) ) ;
#4117 = DIRECTION ( 'NONE',  ( 1.000000000000000000, 0.000000000000000000, 0.000000000000000000 ) ) ;
#4118 = CARTESIAN_POINT ( 'NONE',  ( 183.0000000000000284, -203.9000000000000057, 108.0000000000000142 ) ) ;
#4119 = AXIS2_PLACEMENT_3D ( 'NONE', #5039, #3449, #4560 ) ;
#4120 = CARTESIAN_POINT ( 'NONE',  ( -209.4000000000000057, -211.0000000000000000, 63.50000000000000000 ) ) ;
#4121 = ORIENTED_EDGE ( 'NONE', *, *, #287, .F. ) ;
#4122 = PLANE ( 'NONE',  #4494 ) ;
#4123 = ADVANCED_FACE ( 'NONE', ( #3568, #1200 ), #4393, .T. ) ;
#4124 = VERTEX_POINT ( 'NONE', #377 ) ;
#4125 = FACE_OUTER_BOUND ( 'NONE', #2444, .T. ) ;
#4126 = VECTOR ( 'NONE', #3079, 1000.000000000000000 ) ;
#4127 = VECTOR ( 'NONE', #533, 1000.000000000000000 ) ;
#4128 = ADVANCED_FACE ( 'NONE', ( #4697 ), #1940, .T. ) ;
#4129 = DIRECTION ( 'NONE',  ( 1.000000000000000000, 0.000000000000000000, 0.000000000000000000 ) ) ;
#4130 = ORIENTED_EDGE ( 'NONE', *, *, #2558, .T. ) ;
#4131 = AXIS2_PLACEMENT_3D ( 'NONE', #2799, #822, #3194 ) ;
#4132 = DIRECTION ( 'NONE',  ( 0.000000000000000000, 0.000000000000000000, -1.000000000000000000 ) ) ;
#4133 = AXIS2_PLACEMENT_3D ( 'NONE', #4780, #449, #5058 ) ;
#4134 = CIRCLE ( 'NONE', #110, 2.250000000000001776 ) ;
#4135 = ORIENTED_EDGE ( 'NONE', *, *, #949, .T. ) ;
#4136 = VERTEX_POINT ( 'NONE', #3926 ) ;
#4137 = DIRECTION ( 'NONE',  ( -0.000000000000000000, 1.000000000000000000, 0.000000000000000000 ) ) ;
#4138 = EDGE_CURVE ( 'NONE', #4005, #2541, #2313, .T. ) ;
#4139 = DIRECTION ( 'NONE',  ( 0.000000000000000000, 0.000000000000000000, -1.000000000000000000 ) ) ;
#4140 = LINE ( 'NONE', #4667, #951 ) ;
#4141 = DIRECTION ( 'NONE',  ( 0.000000000000000000, -1.000000000000000000, 0.000000000000000000 ) ) ;
#4142 = CARTESIAN_POINT ( 'NONE',  ( -200.5999999999999943, -199.2500000000000000, 44.00000000000000000 ) ) ;
#4143 = ORIENTED_EDGE ( 'NONE', *, *, #3618, .F. ) ;
#4144 = ORIENTED_EDGE ( 'NONE', *, *, #4821, .F. ) ;
#4145 = FACE_OUTER_BOUND ( 'NONE', #898, .T. ) ;
#4146 = LINE ( 'NONE', #4887, #4209 ) ;
#4147 = DIRECTION ( 'NONE',  ( 0.000000000000000000, 0.000000000000000000, -1.000000000000000000 ) ) ;
#4148 = DIRECTION ( 'NONE',  ( 0.000000000000000000, 0.000000000000000000, -1.000000000000000000 ) ) ;
#4149 = ORIENTED_EDGE ( 'NONE', *, *, #4410, .T. ) ;
#4150 = LINE ( 'NONE', #1085, #4744 ) ;
#4151 = ORIENTED_EDGE ( 'NONE', *, *, #1052, .F. ) ;
#4152 = DIRECTION ( 'NONE',  ( 0.000000000000000000, 0.000000000000000000, 1.000000000000000000 ) ) ;
#4153 = EDGE_CURVE ( 'NONE', #2300, #1537, #4367, .T. ) ;
#4154 = AXIS2_PLACEMENT_3D ( 'NONE', #2601, #1804, #1017 ) ;
#4155 = CARTESIAN_POINT ( 'NONE',  ( 183.0000000000000284, -203.9000000000000057, 44.00000000000000000 ) ) ;
#4156 = AXIS2_PLACEMENT_3D ( 'NONE', #3336, #942, #1380 ) ;
#4157 = VERTEX_POINT ( 'NONE', #4344 ) ;
#4158 = CARTESIAN_POINT ( 'NONE',  ( 213.4000000000000057, -207.5000000000000284, 44.00000000000000000 ) ) ;
#4159 = EDGE_CURVE ( 'NONE', #4781, #2643, #987, .T. ) ;
#4160 = ORIENTED_EDGE ( 'NONE', *, *, #4628, .F. ) ;
#4161 = ORIENTED_EDGE ( 'NONE', *, *, #1060, .F. ) ;
#4162 = CARTESIAN_POINT ( 'NONE',  ( 213.4000000000000057, -210.7827506026967228, 75.63805349013748014 ) ) ;
#4163 = DIRECTION ( 'NONE',  ( 1.000000000000000000, 0.000000000000000000, -0.000000000000000000 ) ) ;
#4164 = LINE ( 'NONE', #4962, #1362 ) ;
#4165 = CARTESIAN_POINT ( 'NONE',  ( 213.4000000000000057, -203.9000000000000057, 106.5000000000000000 ) ) ;
#4166 = CARTESIAN_POINT ( 'NONE',  ( 196.5999999999999943, -207.5000000000000284, 44.00000000000000000 ) ) ;
#4167 = EDGE_CURVE ( 'NONE', #4345, #3780, #1702, .T. ) ;
#4168 = VERTEX_POINT ( 'NONE', #4468 ) ;
#4169 = ORIENTED_EDGE ( 'NONE', *, *, #3116, .F. ) ;
#4170 = CARTESIAN_POINT ( 'NONE',  ( -215.0000000000000000, -202.5000000000000000, 80.90000000000000568 ) ) ;
#4171 = DIRECTION ( 'NONE',  ( 0.000000000000000000, 0.000000000000000000, -1.000000000000000000 ) ) ;
#4172 = LINE ( 'NONE', #3859, #2722 ) ;
#4173 = VECTOR ( 'NONE', #2293, 1000.000000000000000 ) ;
#4174 = DIRECTION ( 'NONE',  ( -1.000000000000000000, -0.000000000000000000, 0.000000000000000000 ) ) ;
#4175 = EDGE_CURVE ( 'NONE', #3701, #4007, #2912, .T. ) ;
#4176 = EDGE_CURVE ( 'NONE', #2410, #536, #1904, .T. ) ;
#4177 = ORIENTED_EDGE ( 'NONE', *, *, #3127, .T. ) ;
#4178 = CARTESIAN_POINT ( 'NONE',  ( -213.4000000000000057, -208.0000000000000000, 44.00000000000000000 ) ) ;
#4179 = ORIENTED_EDGE ( 'NONE', *, *, #4159, .T. ) ;
#4180 = DIRECTION ( 'NONE',  ( 1.000000000000000000, 0.000000000000000000, -0.000000000000000000 ) ) ;
#4181 = AXIS2_PLACEMENT_3D ( 'NONE', #74, #2354, #404 ) ;
#4182 = PLANE ( 'NONE',  #3267 ) ;
#4183 = AXIS2_PLACEMENT_3D ( 'NONE', #3924, #781, #3516 ) ;
#4184 = ORIENTED_EDGE ( 'NONE', *, *, #4383, .T. ) ;
#4185 = CARTESIAN_POINT ( 'NONE',  ( -209.4000000000000057, -192.5000000000000000, 98.00000000000000000 ) ) ;
#4186 = ORIENTED_EDGE ( 'NONE', *, *, #2388, .T. ) ;
#4187 = ORIENTED_EDGE ( 'NONE', *, *, #4041, .T. ) ;
#4188 = PLANE ( 'NONE',  #3298 ) ;
#4189 = CARTESIAN_POINT ( 'NONE',  ( -223.0000000000000000, -208.4000000000000057, 106.2500000000000142 ) ) ;
#4190 = EDGE_CURVE ( 'NONE', #1542, #3197, #3279, .T. ) ;
#4191 = DIRECTION ( 'NONE',  ( -1.000000000000000000, -0.000000000000000000, 0.000000000000000000 ) ) ;
#4192 = CALENDAR_DATE ( 2026, 29, 8 ) ;
#4193 = VERTEX_POINT ( 'NONE', #3303 ) ;
#4194 = ORIENTED_EDGE ( 'NONE', *, *, #2042, .T. ) ;
#4195 = DIRECTION ( 'NONE',  ( 1.000000000000000000, 0.000000000000000000, 0.000000000000000000 ) ) ;
#4196 = CARTESIAN_POINT ( 'NONE',  ( -227.0000000000000000, -205.9499999999999886, 52.00000000000000000 ) ) ;
#4197 = DIRECTION ( 'NONE',  ( -1.000000000000000000, -0.000000000000000000, 0.000000000000000000 ) ) ;
#4198 = DIRECTION ( 'NONE',  ( 0.000000000000000000, 0.000000000000000000, -1.000000000000000000 ) ) ;
#4199 = ORIENTED_EDGE ( 'NONE', *, *, #2857, .T. ) ;
#4200 = LINE ( 'NONE', #3086, #2787 ) ;
#4201 = EDGE_CURVE ( 'NONE', #3422, #5087, #1171, .T. ) ;
#4202 = EDGE_LOOP ( 'NONE', ( #2110, #2449 ) ) ;
#4203 = LINE ( 'NONE', #365, #1261 ) ;
#4204 = ADVANCED_FACE ( 'NONE', ( #935 ), #2450, .T. ) ;
#4205 = CARTESIAN_POINT ( 'NONE',  ( -223.0000000000000000, -208.0000000000000000, 101.7500000000000000 ) ) ;
#4206 = ORIENTED_EDGE ( 'NONE', *, *, #4907, .T. ) ;
#4207 = AXIS2_PLACEMENT_3D ( 'NONE', #4693, #4751, #4314 ) ;
#4208 = CARTESIAN_POINT ( 'NONE',  ( 196.5999999999999943, -211.0000000000000000, 63.50000000000000000 ) ) ;
#4209 = VECTOR ( 'NONE', #1790, 1000.000000000000000 ) ;
#4210 = ORIENTED_EDGE ( 'NONE', *, *, #1396, .T. ) ;
#4211 = DIRECTION ( 'NONE',  ( 0.000000000000000000, 0.000000000000000000, -1.000000000000000000 ) ) ;
#4212 = PLANE ( 'NONE',  #3993 ) ;
#4213 = VECTOR ( 'NONE', #2946, 1000.000000000000000 ) ;
#4214 = CYLINDRICAL_SURFACE ( 'NONE', #1572, 4.100000000000006750 ) ;
#4215 = VECTOR ( 'NONE', #4886, 1000.000000000000000 ) ;
#4216 = APPROVAL_ROLE ( '' ) ;
#4217 = CIRCLE ( 'NONE', #1991, 4.100000000000006750 ) ;
#4218 = EDGE_CURVE ( 'NONE', #1542, #226, #4441, .T. ) ;
#4219 = ORIENTED_EDGE ( 'NONE', *, *, #3761, .T. ) ;
#4220 = ORIENTED_EDGE ( 'NONE', *, *, #2902, .T. ) ;
#4221 = FACE_OUTER_BOUND ( 'NONE', #1575, .T. ) ;
#4222 = DIRECTION ( 'NONE',  ( 1.000000000000000000, 0.000000000000000000, 0.000000000000000000 ) ) ;
#4223 = CARTESIAN_POINT ( 'NONE',  ( -227.0000000000000000, -205.9499999999999886, 108.0000000000000142 ) ) ;
#4224 = DIRECTION ( 'NONE',  ( 0.000000000000000000, 0.000000000000000000, 1.000000000000000000 ) ) ;
#4225 = EDGE_CURVE ( 'NONE', #4345, #4728, #2063, .T. ) ;
#4226 = ORIENTED_EDGE ( 'NONE', *, *, #4707, .F. ) ;
#4227 = CARTESIAN_POINT ( 'NONE',  ( 195.0000000000000000, -211.0000000000000000, 63.50000000000000000 ) ) ;
#4228 = ORIENTED_EDGE ( 'NONE', *, *, #959, .T. ) ;
#4229 = DIRECTION ( 'NONE',  ( -1.000000000000000000, -0.000000000000000000, 0.000000000000000000 ) ) ;
#4230 = EDGE_CURVE ( 'NONE', #4835, #1313, #476, .T. ) ;
#4231 = EDGE_CURVE ( 'NONE', #1290, #1506, #2808, .T. ) ;
#4232 = CARTESIAN_POINT ( 'NONE',  ( -187.0000000000000000, -208.4000000000000057, 50.25000000000000000 ) ) ;
#4233 = EDGE_LOOP ( 'NONE', ( #1350, #4874, #3905, #3307 ) ) ;
#4234 = LINE ( 'NONE', #240, #4248 ) ;
#4235 = VECTOR ( 'NONE', #3624, 1000.000000000000000 ) ;
#4236 = AXIS2_PLACEMENT_3D ( 'NONE', #2241, #3769, #4132 ) ;
#4237 = EDGE_CURVE ( 'NONE', #1219, #627, #1496, .T. ) ;
#4238 = VECTOR ( 'NONE', #3525, 1000.000000000000000 ) ;
#4239 = CARTESIAN_POINT ( 'NONE',  ( 188.0000000000000000, -191.5000000000000000, 98.00000000000000000 ) ) ;
#4240 = DIRECTION ( 'NONE',  ( 0.000000000000000000, 0.000000000000000000, -1.000000000000000000 ) ) ;
#4241 = CARTESIAN_POINT ( 'NONE',  ( 195.0000000000000000, -210.7827506026967228, 75.63805349013748014 ) ) ;
#4242 = VECTOR ( 'NONE', #4825, 1000.000000000000000 ) ;
#4243 = VERTEX_POINT ( 'NONE', #4807 ) ;
#4244 = ORIENTED_EDGE ( 'NONE', *, *, #1487, .T. ) ;
#4245 = DIRECTION ( 'NONE',  ( 0.000000000000000000, -1.000000000000000000, -0.000000000000000000 ) ) ;
#4246 = PLANE ( 'NONE',  #3467 ) ;
#4247 = DIRECTION ( 'NONE',  ( 1.000000000000000000, 0.000000000000000000, -0.000000000000000000 ) ) ;
#4248 = VECTOR ( 'NONE', #3381, 1000.000000000000000 ) ;
#4249 = AXIS2_PLACEMENT_3D ( 'NONE', #2933, #3323, #1695 ) ;
#4250 = CARTESIAN_POINT ( 'NONE',  ( 213.4000000000000057, -202.5000000000000000, 85.00000000000000000 ) ) ;
#4251 = VERTEX_POINT ( 'NONE', #571 ) ;
#4252 = DIRECTION ( 'NONE',  ( -0.000000000000000000, 1.000000000000000000, 0.000000000000000000 ) ) ;
#4253 = ORIENTED_EDGE ( 'NONE', *, *, #4987, .F. ) ;
#4254 = CARTESIAN_POINT ( 'NONE',  ( 213.4000000000000057, -191.5000000000000000, 106.0000000000000142 ) ) ;
#4255 = ADVANCED_FACE ( 'NONE', ( #887 ), #2500, .T. ) ;
#4256 = DIRECTION ( 'NONE',  ( 0.000000000000000000, 0.000000000000000000, -1.000000000000000000 ) ) ;
#4257 = VERTEX_POINT ( 'NONE', #3619 ) ;
#4258 = CARTESIAN_POINT ( 'NONE',  ( 213.4000000000000057, -210.7827506026967228, 71.53805349013747161 ) ) ;
#4259 = PLANE ( 'NONE',  #2829 ) ;
#4260 = LINE ( 'NONE', #727, #4173 ) ;
#4261 = CYLINDRICAL_SURFACE ( 'NONE', #44, 2.250000000000001776 ) ;
#4262 = EDGE_CURVE ( 'NONE', #6, #734, #592, .T. ) ;
#4263 = DIRECTION ( 'NONE',  ( -0.000000000000000000, 1.000000000000000000, 0.000000000000000000 ) ) ;
#4264 = ADVANCED_FACE ( 'NONE', ( #2115 ), #4082, .T. ) ;
#4265 = APPROVAL_STATUS ( 'not_yet_approved' ) ;
#4266 = VERTEX_POINT ( 'NONE', #1323 ) ;
#4267 = EDGE_LOOP ( 'NONE', ( #4713, #3981, #225, #1157 ) ) ;
#4268 = ORIENTED_EDGE ( 'NONE', *, *, #3888, .F. ) ;
#4269 = LINE ( 'NONE', #2203, #1403 ) ;
#4270 = DIRECTION ( 'NONE',  ( 0.000000000000000000, 0.000000000000000000, 1.000000000000000000 ) ) ;
#4271 = LINE ( 'NONE', #3008, #3804 ) ;
#4272 = AXIS2_PLACEMENT_3D ( 'NONE', #4142, #2148, #1025 ) ;
#4273 = CARTESIAN_POINT ( 'NONE',  ( 195.0000000000000000, -211.0000000000000000, 66.69999999999998863 ) ) ;
#4274 = ORIENTED_EDGE ( 'NONE', *, *, #1179, .T. ) ;
#4275 = DIRECTION ( 'NONE',  ( -1.000000000000000000, 0.000000000000000000, 0.000000000000000000 ) ) ;
#4276 = ORIENTED_EDGE ( 'NONE', *, *, #3928, .T. ) ;
#4277 = CARTESIAN_POINT ( 'NONE',  ( -213.4000000000000057, -202.5000000000000000, 85.00000000000000000 ) ) ;
#4278 = VERTEX_POINT ( 'NONE', #2940 ) ;
#4279 = DIRECTION ( 'NONE',  ( 0.000000000000000000, -1.000000000000000000, -0.000000000000000000 ) ) ;
#4280 = ORIENTED_EDGE ( 'NONE', *, *, #1195, .T. ) ;
#4281 = DIRECTION ( 'NONE',  ( 0.000000000000000000, 0.000000000000000000, 1.000000000000000000 ) ) ;
#4282 = CARTESIAN_POINT ( 'NONE',  ( 200.6000000000000227, -208.0000000000000000, 108.0000000000000142 ) ) ;
#4283 = VECTOR ( 'NONE', #326, 1000.000000000000000 ) ;
#4284 = ADVANCED_FACE ( 'NONE', ( #3670 ), #1349, .T. ) ;
#4285 = CARTESIAN_POINT ( 'NONE',  ( -223.0000000000000000, -208.4000000000000057, 48.00000000000000000 ) ) ;
#4286 = ORIENTED_EDGE ( 'NONE', *, *, #3259, .T. ) ;
#4287 = FACE_BOUND ( 'NONE', #658, .T. ) ;
#4288 = CIRCLE ( 'NONE', #505, 11.99999999999999645 ) ;
#4289 = ORIENTED_EDGE ( 'NONE', *, *, #367, .F. ) ;
#4290 = EDGE_CURVE ( 'NONE', #4440, #4193, #497, .T. ) ;
#4291 = ORIENTED_EDGE ( 'NONE', *, *, #280, .F. ) ;
#4292 = VERTEX_POINT ( 'NONE', #625 ) ;
#4293 = AXIS2_PLACEMENT_3D ( 'NONE', #3776, #3873, #731 ) ;
#4294 = CARTESIAN_POINT ( 'NONE',  ( -200.5999999999999943, -199.2500000000000000, 106.5000000000000000 ) ) ;
#4295 = ADVANCED_FACE ( 'NONE', ( #4595 ), #1858, .F. ) ;
#4296 = VECTOR ( 'NONE', #1339, 1000.000000000000000 ) ;
#4297 = CARTESIAN_POINT ( 'NONE',  ( 191.8000000000000398, -208.0000000000000000, 108.0000000000000142 ) ) ;
#4298 = CARTESIAN_POINT ( 'NONE',  ( 209.4000000000000057, -191.0000000000000000, 81.57217269979952334 ) ) ;
#4299 = CYLINDRICAL_SURFACE ( 'NONE', #670, 5.100000000000000533 ) ;
#4300 = FACE_BOUND ( 'NONE', #498, .T. ) ;
#4301 = VECTOR ( 'NONE', #2549, 1000.000000000000000 ) ;
#4302 = EDGE_LOOP ( 'NONE', ( #331, #741 ) ) ;
#4303 = AXIS2_PLACEMENT_3D ( 'NONE', #3325, #236, #210 ) ;
#4304 = DIRECTION ( 'NONE',  ( 0.000000000000000000, -1.000000000000000000, 0.000000000000000000 ) ) ;
#4305 = CIRCLE ( 'NONE', #4797, 2.250000000000001776 ) ;
#4306 = ORIENTED_EDGE ( 'NONE', *, *, #221, .F. ) ;
#4307 = CARTESIAN_POINT ( 'NONE',  ( -200.5999999999999943, -192.5000000000000000, 98.00000000000000000 ) ) ;
#4308 = ORIENTED_EDGE ( 'NONE', *, *, #3534, .F. ) ;
#4309 = CARTESIAN_POINT ( 'NONE',  ( 195.0000000000000000, -211.0000000000000000, 60.29999999999999716 ) ) ;
#4310 = ORIENTED_EDGE ( 'NONE', *, *, #988, .F. ) ;
#4311 = CARTESIAN_POINT ( 'NONE',  ( 196.5999999999999943, -199.2500000000000000, 106.0000000000000142 ) ) ;
#4312 = DIRECTION ( 'NONE',  ( 0.000000000000000000, 0.000000000000000000, 1.000000000000000000 ) ) ;
#4313 = ADVANCED_FACE ( 'NONE', ( #316 ), #4620, .T. ) ;
#4314 = DIRECTION ( 'NONE',  ( 0.000000000000000000, 0.000000000000000000, 1.000000000000000000 ) ) ;
#4315 = ORIENTED_EDGE ( 'NONE', *, *, #876, .T. ) ;
#4316 = VECTOR ( 'NONE', #170, 1000.000000000000000 ) ;
#4317 = CARTESIAN_POINT ( 'NONE',  ( 218.2000000000000171, -208.0000000000000000, 100.0000000000000000 ) ) ;
#4318 = EDGE_CURVE ( 'NONE', #441, #3930, #1042, .T. ) ;
#4319 = ORIENTED_EDGE ( 'NONE', *, *, #2223, .F. ) ;
#4320 = ORIENTED_EDGE ( 'NONE', *, *, #4003, .F. ) ;
#4321 = ORIENTED_EDGE ( 'NONE', *, *, #4359, .F. ) ;
#4322 = VECTOR ( 'NONE', #3578, 1000.000000000000000 ) ;
#4323 = DIRECTION ( 'NONE',  ( 0.000000000000000000, -1.000000000000000000, -0.000000000000000000 ) ) ;
#4324 = DIRECTION ( 'NONE',  ( -1.000000000000000000, -0.000000000000000000, 0.000000000000000000 ) ) ;
#4325 = CARTESIAN_POINT ( 'NONE',  ( 205.0000000000000284, -191.0000000000000000, 106.0000000000000142 ) ) ;
#4326 = VECTOR ( 'NONE', #4522, 1000.000000000000000 ) ;
#4327 = DIRECTION ( 'NONE',  ( 0.000000000000000000, 0.000000000000000000, -1.000000000000000000 ) ) ;
#4328 = CARTESIAN_POINT ( 'NONE',  ( 191.8000000000000398, -205.9499999999999886, 108.0000000000000142 ) ) ;
#4329 = EDGE_CURVE ( 'NONE', #3422, #536, #2164, .T. ) ;
#4330 = ORIENTED_EDGE ( 'NONE', *, *, #4639, .F. ) ;
#4331 = LINE ( 'NONE', #488, #2721 ) ;
#4332 = EDGE_LOOP ( 'NONE', ( #1077, #3072, #3867, #2813 ) ) ;
#4333 = DIRECTION ( 'NONE',  ( 0.000000000000000000, 0.000000000000000000, -1.000000000000000000 ) ) ;
#4334 = ADVANCED_FACE ( 'NONE', ( #1094, #4573 ), #2626, .T. ) ;
#4335 = EDGE_CURVE ( 'NONE', #622, #4136, #296, .T. ) ;
#4336 = EDGE_LOOP ( 'NONE', ( #3991, #4210, #1027, #86 ) ) ;
#4337 = DIRECTION ( 'NONE',  ( 1.000000000000000000, 0.000000000000000000, 0.000000000000000000 ) ) ;
#4338 = EDGE_LOOP ( 'NONE', ( #2095, #2931, #1408, #1879, #2438, #370 ) ) ;
#4339 = FACE_BOUND ( 'NONE', #2385, .T. ) ;
#4340 = DIRECTION ( 'NONE',  ( 0.000000000000000000, 1.000000000000000000, 0.000000000000000000 ) ) ;
#4341 = VECTOR ( 'NONE', #1802, 1000.000000000000000 ) ;
#4342 = CARTESIAN_POINT ( 'NONE',  ( 196.5999999999999943, -199.2500000000000000, 100.0000000000000000 ) ) ;
#4343 = ORIENTED_EDGE ( 'NONE', *, *, #1370, .T. ) ;
#4344 = CARTESIAN_POINT ( 'NONE',  ( -196.5999999999999943, -215.0000000000000000, 56.57179676972449300 ) ) ;
#4345 = VERTEX_POINT ( 'NONE', #2963 ) ;
#4346 = ORIENTED_EDGE ( 'NONE', *, *, #519, .T. ) ;
#4347 = EDGE_CURVE ( 'NONE', #4591, #356, #3341, .T. ) ;
#4348 = LINE ( 'NONE', #455, #640 ) ;
#4349 = DIRECTION ( 'NONE',  ( 0.000000000000000000, 0.000000000000000000, -1.000000000000000000 ) ) ;
#4350 = DIRECTION ( 'NONE',  ( 1.000000000000000000, 0.000000000000000000, -0.000000000000000000 ) ) ;
#4351 = LINE ( 'NONE', #2382, #3142 ) ;
#4352 = CARTESIAN_POINT ( 'NONE',  ( 211.4000000000000057, -217.4709960404728406, 68.20385057630286951 ) ) ;
#4353 = EDGE_LOOP ( 'NONE', ( #4319, #1658, #192, #1342 ) ) ;
#4354 = EDGE_CURVE ( 'NONE', #709, #5094, #1853, .T. ) ;
#4355 = DIRECTION ( 'NONE',  ( 1.000000000000000000, 0.000000000000000000, -0.000000000000000000 ) ) ;
#4356 = APPROVAL_PERSON_ORGANIZATION ( #1457, #3632, #4216 ) ;
#4357 = DIRECTION ( 'NONE',  ( -0.000000000000000000, 0.000000000000000000, -1.000000000000000000 ) ) ;
#4359 = EDGE_CURVE ( 'NONE', #147, #785, #4493, .T. ) ;
#4358 = DIRECTION ( 'NONE',  ( 0.000000000000000000, 0.000000000000000000, -1.000000000000000000 ) ) ;
#4360 = DIRECTION ( 'NONE',  ( -1.000000000000000000, -0.000000000000000000, 0.000000000000000000 ) ) ;
#4361 = ORIENTED_EDGE ( 'NONE', *, *, #366, .T. ) ;
#4362 = LINE ( 'NONE', #2445, #4242 ) ;
#4363 = PLANE ( 'NONE',  #705 ) ;
#4364 = CYLINDRICAL_SURFACE ( 'NONE', #3433, 2.250000000000001776 ) ;
#4365 = EDGE_LOOP ( 'NONE', ( #4497, #2058, #4944, #3920 ) ) ;
#4366 = CIRCLE ( 'NONE', #1481, 8.000000000000000000 ) ;
#4367 = LINE ( 'NONE', #832, #2071 ) ;
#4368 = VERTEX_POINT ( 'NONE', #3067 ) ;
#4369 = EDGE_LOOP ( 'NONE', ( #1036, #649, #1876, #1160 ) ) ;
#4370 = ORIENTED_EDGE ( 'NONE', *, *, #2866, .T. ) ;
#4371 = PLANE ( 'NONE',  #230 ) ;
#4372 = LINE ( 'NONE', #1259, #1435 ) ;
#4373 = CARTESIAN_POINT ( 'NONE',  ( -196.5999999999999943, -208.0000000000000000, 44.00000000000000000 ) ) ;
#4374 = DIRECTION ( 'NONE',  ( -1.000000000000000000, -0.000000000000000000, -0.000000000000000000 ) ) ;
#4375 = AXIS2_PLACEMENT_3D ( 'NONE', #4162, #602, #1095 ) ;
#4376 = DIRECTION ( 'NONE',  ( 1.000000000000000000, 0.000000000000000000, -0.000000000000000000 ) ) ;
#4377 = EDGE_CURVE ( 'NONE', #417, #4064, #2510, .T. ) ;
#4378 = EDGE_LOOP ( 'NONE', ( #1398, #4149, #3408, #3770 ) ) ;
#4379 = DIRECTION ( 'NONE',  ( -0.000000000000000000, 1.000000000000000000, 0.000000000000000000 ) ) ;
#4380 = VECTOR ( 'NONE', #3834, 1000.000000000000000 ) ;
#4381 = CARTESIAN_POINT ( 'NONE',  ( -222.0000000000000284, -192.5000000000000000, 106.0000000000000142 ) ) ;
#4382 = AXIS2_PLACEMENT_3D ( 'NONE', #1302, #549, #909 ) ;
#4383 = EDGE_CURVE ( 'NONE', #4672, #937, #4234, .T. ) ;
#4384 = AXIS2_PLACEMENT_3D ( 'NONE', #4277, #668, #745 ) ;
#4385 = ORIENTED_EDGE ( 'NONE', *, *, #3682, .F. ) ;
#4386 = DIRECTION ( 'NONE',  ( 1.000000000000000000, 0.000000000000000000, -0.000000000000000000 ) ) ;
#4387 = EDGE_LOOP ( 'NONE', ( #2326, #2718 ) ) ;
#4388 = CARTESIAN_POINT ( 'NONE',  ( 227.0000000000000000, -208.0000000000000000, 108.0000000000000142 ) ) ;
#4389 = DIRECTION ( 'NONE',  ( 1.000000000000000000, 0.000000000000000000, -0.000000000000000000 ) ) ;
#4390 = EDGE_CURVE ( 'NONE', #627, #4030, #1368, .T. ) ;
#4391 = LINE ( 'NONE', #3254, #1942 ) ;
#4392 = ORIENTED_EDGE ( 'NONE', *, *, #1927, .T. ) ;
#4393 = PLANE ( 'NONE',  #109 ) ;
#4394 = EDGE_CURVE ( 'NONE', #997, #275, #5028, .T. ) ;
#4395 = ORIENTED_EDGE ( 'NONE', *, *, #3445, .F. ) ;
#4396 = ORIENTED_EDGE ( 'NONE', *, *, #4190, .F. ) ;
#4397 = VERTEX_POINT ( 'NONE', #1118 ) ;
#4398 = CARTESIAN_POINT ( 'NONE',  ( -209.4000000000000057, -202.5000000000000000, 85.00000000000000000 ) ) ;
#4399 = DIRECTION ( 'NONE',  ( 0.000000000000000000, 1.000000000000000000, 0.000000000000000000 ) ) ;
#4400 = FACE_OUTER_BOUND ( 'NONE', #2888, .T. ) ;
#4401 = CARTESIAN_POINT ( 'NONE',  ( -213.4000000000000057, -202.5000000000000000, 85.00000000000000000 ) ) ;
#4402 = DIRECTION ( 'NONE',  ( -1.000000000000000000, -0.000000000000000000, 0.000000000000000000 ) ) ;
#4403 = AXIS2_PLACEMENT_3D ( 'NONE', #3748, #3310, #502 ) ;
#4404 = CIRCLE ( 'NONE', #2171, 3.200000000000001510 ) ;
#4405 = ORIENTED_EDGE ( 'NONE', *, *, #2433, .T. ) ;
#4406 = DIRECTION ( 'NONE',  ( -1.000000000000000000, -0.000000000000000000, -0.000000000000000000 ) ) ;
#4407 = CYLINDRICAL_SURFACE ( 'NONE', #1254, 4.100000000000006750 ) ;
#4408 = AXIS2_PLACEMENT_3D ( 'NONE', #87, #2393, #4749 ) ;
#4409 = EDGE_LOOP ( 'NONE', ( #2762, #1569, #3630, #2009 ) ) ;
#4410 = EDGE_CURVE ( 'NONE', #6, #990, #3818, .T. ) ;
#4411 = CARTESIAN_POINT ( 'NONE',  ( -213.4000000000000057, -208.0000000000000000, 44.00000000000000000 ) ) ;
#4412 = VERTEX_POINT ( 'NONE', #4185 ) ;
#4413 = FACE_OUTER_BOUND ( 'NONE', #527, .T. ) ;
#4414 = CARTESIAN_POINT ( 'NONE',  ( 213.4000000000000057, -210.7827506026967228, 75.63805349013748014 ) ) ;
#4415 = DIRECTION ( 'NONE',  ( 1.000000000000000000, 0.000000000000000000, -0.000000000000000000 ) ) ;
#4416 = ORIENTED_EDGE ( 'NONE', *, *, #3145, .T. ) ;
#4417 = VECTOR ( 'NONE', #4927, 1000.000000000000000 ) ;
#4418 = DIRECTION ( 'NONE',  ( -1.000000000000000000, -0.000000000000000000, -0.000000000000000000 ) ) ;
#4419 = ORIENTED_EDGE ( 'NONE', *, *, #2333, .T. ) ;
#4420 = ORIENTED_EDGE ( 'NONE', *, *, #1643, .T. ) ;
#4421 = ORIENTED_EDGE ( 'NONE', *, *, #2521, .F. ) ;
#4422 = CARTESIAN_POINT ( 'NONE',  ( 205.0000000000000284, -192.5000000000000000, 98.00000000000000000 ) ) ;
#4423 = EDGE_CURVE ( 'NONE', #1996, #2777, #2215, .T. ) ;
#4424 = DIRECTION ( 'NONE',  ( 1.000000000000000000, 0.000000000000000000, 0.000000000000000000 ) ) ;
#4425 = EDGE_CURVE ( 'NONE', #111, #2764, #1830, .T. ) ;
#4426 = DIRECTION ( 'NONE',  ( 0.000000000000000000, -1.000000000000000000, 0.000000000000000000 ) ) ;
#4427 = CARTESIAN_POINT ( 'NONE',  ( 209.4000000000000057, -210.7827506026967228, 75.63805349013748014 ) ) ;
#4428 = PLANE ( 'NONE',  #779 ) ;
#4429 = AXIS2_PLACEMENT_3D ( 'NONE', #4991, #3832, #305 ) ;
#4430 = ORIENTED_EDGE ( 'NONE', *, *, #3218, .T. ) ;
#4431 = CARTESIAN_POINT ( 'NONE',  ( -205.0000000000000284, -192.5000000000000000, 106.0000000000000142 ) ) ;
#4432 = DIRECTION ( 'NONE',  ( 0.000000000000000000, 0.000000000000000000, -1.000000000000000000 ) ) ;
#4433 = ORIENTED_EDGE ( 'NONE', *, *, #421, .T. ) ;
#4434 = LINE ( 'NONE', #159, #2814 ) ;
#4435 = ORIENTED_EDGE ( 'NONE', *, *, #3183, .F. ) ;
#4436 = DIRECTION ( 'NONE',  ( -1.000000000000000000, -0.000000000000000000, 0.000000000000000000 ) ) ;
#4437 = CC_DESIGN_APPROVAL ( #3632, ( #2948 ) ) ;
#4438 = EDGE_CURVE ( 'NONE', #1978, #4764, #1451, .T. ) ;
#4439 = DIRECTION ( 'NONE',  ( 0.000000000000000000, 0.000000000000000000, -1.000000000000000000 ) ) ;
#4440 = VERTEX_POINT ( 'NONE', #2674 ) ;
#4441 = LINE ( 'NONE', #2525, #1419 ) ;
#4442 = ORIENTED_EDGE ( 'NONE', *, *, #1780, .F. ) ;
#4443 = ADVANCED_FACE ( 'NONE', ( #3122 ), #3899, .F. ) ;
#4444 = VERTEX_POINT ( 'NONE', #4692 ) ;
#4445 = VERTEX_POINT ( 'NONE', #4282 ) ;
#4446 = DIRECTION ( 'NONE',  ( 0.000000000000000000, -1.000000000000000000, -0.000000000000000000 ) ) ;
#4447 = FACE_OUTER_BOUND ( 'NONE', #179, .T. ) ;
#4448 = CARTESIAN_POINT ( 'NONE',  ( 198.5999999999999943, -191.0000000000000000, 44.00000000000000000 ) ) ;
#4449 = CARTESIAN_POINT ( 'NONE',  ( -200.5999999999999943, -202.5000000000000000, 80.90000000000000568 ) ) ;
#4450 = FACE_OUTER_BOUND ( 'NONE', #4010, .T. ) ;
#4451 = EDGE_CURVE ( 'NONE', #4635, #34, #751, .T. ) ;
#4452 = EDGE_CURVE ( 'NONE', #2300, #2091, #2291, .T. ) ;
#4453 = EDGE_LOOP ( 'NONE', ( #3762, #3075, #1326, #4582 ) ) ;
#4454 = PLANE ( 'NONE',  #1338 ) ;
#4455 = AXIS2_PLACEMENT_3D ( 'NONE', #3043, #4137, #5006 ) ;
#4456 = CARTESIAN_POINT ( 'NONE',  ( -196.5999999999999943, -210.7827506026967228, 79.73805349013748867 ) ) ;
#4457 = VECTOR ( 'NONE', #2367, 1000.000000000000000 ) ;
#4458 = ORIENTED_EDGE ( 'NONE', *, *, #4041, .F. ) ;
#4459 = CARTESIAN_POINT ( 'NONE',  ( -211.5000000000000000, -211.0000000000000000, 63.50000000000000000 ) ) ;
#4460 = VECTOR ( 'NONE', #2220, 1000.000000000000000 ) ;
#4461 = AXIS2_PLACEMENT_3D ( 'NONE', #4479, #3728, #2104 ) ;
#4462 = EDGE_LOOP ( 'NONE', ( #2314, #651, #2390, #1618 ) ) ;
#4463 = PLANE ( 'NONE',  #843 ) ;
#4464 = AXIS2_PLACEMENT_3D ( 'NONE', #3246, #467, #1955 ) ;
#4465 = CARTESIAN_POINT ( 'NONE',  ( -227.0000000000000000, -208.0000000000000000, 52.00000000000000000 ) ) ;
#4466 = ORIENTED_EDGE ( 'NONE', *, *, #3682, .T. ) ;
#4467 = ADVANCED_FACE ( 'NONE', ( #3869 ), #445, .F. ) ;
#4468 = CARTESIAN_POINT ( 'NONE',  ( -196.5999999999999943, -210.7827506026967228, 71.53805349013747161 ) ) ;
#4469 = VERTEX_POINT ( 'NONE', #342 ) ;
#4470 = VERTEX_POINT ( 'NONE', #4750 ) ;
#4471 = ORIENTED_EDGE ( 'NONE', *, *, #3937, .T. ) ;
#4472 = DIRECTION ( 'NONE',  ( -1.000000000000000000, -0.000000000000000000, -0.000000000000000000 ) ) ;
#4473 = DIRECTION ( 'NONE',  ( 0.000000000000000000, 0.000000000000000000, -1.000000000000000000 ) ) ;
#4474 = EDGE_CURVE ( 'NONE', #1696, #3330, #4722, .T. ) ;
#4475 = CARTESIAN_POINT ( 'NONE',  ( 223.0000000000000000, -208.4000000000000057, 106.2500000000000142 ) ) ;
#4476 = CYLINDRICAL_SURFACE ( 'NONE', #1090, 3.200000000000001510 ) ;
#4477 = FACE_BOUND ( 'NONE', #3063, .T. ) ;
#4478 = ORIENTED_EDGE ( 'NONE', *, *, #3556, .F. ) ;
#4479 = CARTESIAN_POINT ( 'NONE',  ( 195.0000000000000000, -210.7827506026967228, 75.63805349013748014 ) ) ;
#4480 = FACE_OUTER_BOUND ( 'NONE', #557, .T. ) ;
#4481 = VECTOR ( 'NONE', #4139, 1000.000000000000000 ) ;
#4482 = AXIS2_PLACEMENT_3D ( 'NONE', #2651, #4929, #1500 ) ;
#4483 = VERTEX_POINT ( 'NONE', #1962 ) ;
#4484 = AXIS2_PLACEMENT_3D ( 'NONE', #3022, #1477, #1073 ) ;
#4485 = CARTESIAN_POINT ( 'NONE',  ( -196.5999999999999943, -199.2500000000000000, 106.5000000000000000 ) ) ;
#4486 = EDGE_CURVE ( 'NONE', #4519, #111, #2319, .T. ) ;
#4487 = VERTEX_POINT ( 'NONE', #1194 ) ;
#4488 = CARTESIAN_POINT ( 'NONE',  ( -187.0000000000000000, -208.4000000000000057, 101.7500000000000000 ) ) ;
#4489 = ADVANCED_FACE ( 'NONE', ( #2698 ), #5080, .F. ) ;
#4490 = AXIS2_PLACEMENT_3D ( 'NONE', #1596, #3641, #2756 ) ;
#4491 = PLANE ( 'NONE',  #877 ) ;
#4492 = ORIENTED_EDGE ( 'NONE', *, *, #818, .F. ) ;
#4493 = CIRCLE ( 'NONE', #4482, 2.250000000000001776 ) ;
#4494 = AXIS2_PLACEMENT_3D ( 'NONE', #591, #2158, #1769 ) ;
#4495 = DIRECTION ( 'NONE',  ( -1.000000000000000000, -0.000000000000000000, 0.000000000000000000 ) ) ;
#4496 = MANIFOLD_SOLID_BREP ( 'Right internal double-shear anti-tip U bracket', #4959 ) ;
#4497 = ORIENTED_EDGE ( 'NONE', *, *, #4377, .F. ) ;
#4498 = VERTEX_POINT ( 'NONE', #3565 ) ;
#4499 = CARTESIAN_POINT ( 'NONE',  ( 213.4000000000000057, -208.0000000000000000, 52.00000000000000000 ) ) ;
#4500 = DIRECTION ( 'NONE',  ( 0.000000000000000000, 0.000000000000000000, -1.000000000000000000 ) ) ;
#4501 = CARTESIAN_POINT ( 'NONE',  ( -213.4000000000000057, -210.7827506026967228, 75.63805349013748014 ) ) ;
#4502 = FACE_OUTER_BOUND ( 'NONE', #4378, .T. ) ;
#4503 = EDGE_CURVE ( 'NONE', #5043, #1993, #3096, .T. ) ;
#4504 = ORIENTED_EDGE ( 'NONE', *, *, #248, .T. ) ;
#4505 = CARTESIAN_POINT ( 'NONE',  ( -213.4000000000000057, -211.0000000000000000, 63.50000000000000000 ) ) ;
#4506 = PLANE ( 'NONE',  #669 ) ;
#4507 = LINE ( 'NONE', #1364, #1739 ) ;
#4508 = DIRECTION ( 'NONE',  ( 0.000000000000000000, 0.000000000000000000, 1.000000000000000000 ) ) ;
#4509 = EDGE_LOOP ( 'NONE', ( #4676, #836 ) ) ;
#4510 = DIRECTION ( 'NONE',  ( 1.000000000000000000, 0.000000000000000000, -0.000000000000000000 ) ) ;
#4511 = MANIFOLD_SOLID_BREP ( 'Left internal double-shear anti-tip U bracket', #2730 ) ;
#4512 = ORIENTED_EDGE ( 'NONE', *, *, #1448, .F. ) ;
#4513 = DIRECTION ( 'NONE',  ( 0.000000000000000000, 0.000000000000000000, -1.000000000000000000 ) ) ;
#4514 = DIRECTION ( 'NONE',  ( -1.000000000000000000, -0.000000000000000000, -0.000000000000000000 ) ) ;
#4515 = ORIENTED_EDGE ( 'NONE', *, *, #3062, .F. ) ;
#4516 = APPROVAL_PERSON_ORGANIZATION ( #3391, #4921, #1480 ) ;
#4517 = DIRECTION ( 'NONE',  ( -0.000000000000000000, 1.000000000000000000, 0.000000000000000000 ) ) ;
#4518 = VERTEX_POINT ( 'NONE', #419 ) ;
#4519 = VERTEX_POINT ( 'NONE', #1988 ) ;
#4520 = FACE_OUTER_BOUND ( 'NONE', #2984, .T. ) ;
#4521 = CARTESIAN_POINT ( 'NONE',  ( 218.2000000000000171, -208.0000000000000000, 52.00000000000000000 ) ) ;
#4522 = DIRECTION ( 'NONE',  ( -1.000000000000000000, -0.000000000000000000, -0.000000000000000000 ) ) ;
#4523 = DIRECTION ( 'NONE',  ( 1.000000000000000000, 0.000000000000000000, 0.000000000000000000 ) ) ;
#4524 = ORIENTED_EDGE ( 'NONE', *, *, #414, .F. ) ;
#4525 = EDGE_LOOP ( 'NONE', ( #1768, #3334, #1228, #3358 ) ) ;
#4526 = LINE ( 'NONE', #155, #2065 ) ;
#4527 = LINE ( 'NONE', #1001, #583 ) ;
#4528 = DIRECTION ( 'NONE',  ( 0.000000000000000000, 0.000000000000000000, 1.000000000000000000 ) ) ;
#4529 = ADVANCED_FACE ( 'NONE', ( #778 ), #2346, .T. ) ;
#4530 = CIRCLE ( 'NONE', #4119, 2.250000000000001776 ) ;
#4531 = DIRECTION ( 'NONE',  ( 1.000000000000000000, 0.000000000000000000, -0.000000000000000000 ) ) ;
#4532 = VERTEX_POINT ( 'NONE', #66 ) ;
#4533 = CARTESIAN_POINT ( 'NONE',  ( -222.0000000000000284, -191.5000000000000000, 98.00000000000000000 ) ) ;
#4534 = EDGE_LOOP ( 'NONE', ( #574, #4289 ) ) ;
#4535 = FACE_OUTER_BOUND ( 'NONE', #4365, .T. ) ;
#4536 = ADVANCED_FACE ( 'NONE', ( #3539, #396 ), #4363, .T. ) ;
#4537 = AXIS2_PLACEMENT_3D ( 'NONE', #713, #358, #252 ) ;
#4538 = AXIS2_PLACEMENT_3D ( 'NONE', #2579, #2943, #4551 ) ;
#4539 = VECTOR ( 'NONE', #656, 1000.000000000000000 ) ;
#4540 = DIRECTION ( 'NONE',  ( -0.000000000000000000, 1.000000000000000000, 0.000000000000000000 ) ) ;
#4541 = ORIENTED_EDGE ( 'NONE', *, *, #4864, .T. ) ;
#4542 = AXIS2_PLACEMENT_3D ( 'NONE', #4021, #3169, #4333 ) ;
#4543 = EDGE_CURVE ( 'NONE', #776, #3281, #36, .T. ) ;
#4544 = CARTESIAN_POINT ( 'NONE',  ( 209.4000000000000057, -202.5000000000000000, 85.00000000000000000 ) ) ;
#4545 = CIRCLE ( 'NONE', #2723, 2.250000000000001776 ) ;
#4546 = EDGE_CURVE ( 'NONE', #1428, #1366, #3201, .T. ) ;
#4547 = VECTOR ( 'NONE', #2988, 1000.000000000000000 ) ;
#4548 = VERTEX_POINT ( 'NONE', #1625 ) ;
#4549 = ORIENTED_EDGE ( 'NONE', *, *, #3195, .T. ) ;
#4550 = AXIS2_PLACEMENT_3D ( 'NONE', #564, #1392, #2084 ) ;
#4551 = DIRECTION ( 'NONE',  ( 0.000000000000000000, -0.000000000000000000, 1.000000000000000000 ) ) ;
#4552 = DIRECTION ( 'NONE',  ( 0.000000000000000000, -0.000000000000000000, 1.000000000000000000 ) ) ;
#4553 = LINE ( 'NONE', #1164, #2502 ) ;
#4554 = ADVANCED_FACE ( 'NONE', ( #4776 ), #4259, .T. ) ;
#4555 = DIRECTION ( 'NONE',  ( 0.000000000000000000, 0.000000000000000000, 1.000000000000000000 ) ) ;
#4556 = EDGE_CURVE ( 'NONE', #734, #550, #2427, .T. ) ;
#4557 = CARTESIAN_POINT ( 'NONE',  ( 223.0000000000000000, -208.4000000000000057, 45.75000000000000000 ) ) ;
#4558 = ORIENTED_EDGE ( 'NONE', *, *, #702, .F. ) ;
#4559 = ORIENTED_EDGE ( 'NONE', *, *, #3821, .F. ) ;
#4560 = DIRECTION ( 'NONE',  ( 0.000000000000000000, 0.000000000000000000, 1.000000000000000000 ) ) ;
#4561 = CARTESIAN_POINT ( 'NONE',  ( -213.4000000000000057, -192.5000000000000000, 98.00000000000000000 ) ) ;
#4562 = FACE_OUTER_BOUND ( 'NONE', #1137, .T. ) ;
#4563 = PLANE ( 'NONE',  #1593 ) ;
#4564 = EDGE_LOOP ( 'NONE', ( #4822, #2151, #1681, #4471 ) ) ;
#4565 = LINE ( 'NONE', #4660, #821 ) ;
#4566 = ORIENTED_EDGE ( 'NONE', *, *, #31, .F. ) ;
#4567 = LINE ( 'NONE', #1037, #2728 ) ;
#4568 = ADVANCED_FACE ( 'NONE', ( #1247 ), #3371, .T. ) ;
#4569 = CIRCLE ( 'NONE', #1442, 11.99999999999999645 ) ;
#4570 = CARTESIAN_POINT ( 'NONE',  ( -196.5999999999999943, -203.9000000000000057, 106.5000000000000000 ) ) ;
#4571 = AXIS2_PLACEMENT_3D ( 'NONE', #2219, #1122, #3441 ) ;
#4572 = ORIENTED_EDGE ( 'NONE', *, *, #1348, .F. ) ;
#4573 = FACE_OUTER_BOUND ( 'NONE', #4716, .T. ) ;
#4574 = ORIENTED_EDGE ( 'NONE', *, *, #4543, .T. ) ;
#4575 = ORIENTED_EDGE ( 'NONE', *, *, #4230, .T. ) ;
#4576 = PLANE ( 'NONE',  #4538 ) ;
#4577 = LINE ( 'NONE', #1021, #452 ) ;
#4578 = CARTESIAN_POINT ( 'NONE',  ( 198.5999999999999943, -191.0000000000000000, 44.00000000000000000 ) ) ;
#4579 = CARTESIAN_POINT ( 'NONE',  ( 205.0000000000000284, -192.5000000000000000, 98.00000000000000000 ) ) ;
#4580 = ADVANCED_FACE ( 'NONE', ( #1272 ), #4563, .T. ) ;
#4581 = ORIENTED_EDGE ( 'NONE', *, *, #4723, .T. ) ;
#4582 = ORIENTED_EDGE ( 'NONE', *, *, #3657, .T. ) ;
#4583 = EDGE_CURVE ( 'NONE', #1377, #1580, #3738, .T. ) ;
#4584 = CARTESIAN_POINT ( 'NONE',  ( -211.5000000000000000, -211.0000000000000000, 68.59999999999999432 ) ) ;
#4585 = CARTESIAN_POINT ( 'NONE',  ( -198.5999999999999943, -199.2500000000000000, 44.00000000000000000 ) ) ;
#4586 = CARTESIAN_POINT ( 'NONE',  ( 183.0000000000000284, -208.0000000000000000, 44.00000000000000000 ) ) ;
#4587 = CIRCLE ( 'NONE', #3515, 4.100000000000006750 ) ;
#4588 = DIRECTION ( 'NONE',  ( 0.000000000000000000, -1.000000000000000000, -0.000000000000000000 ) ) ;
#4589 = ORIENTED_EDGE ( 'NONE', *, *, #2512, .F. ) ;
#4590 = PLANE ( 'NONE',  #2266 ) ;
#4591 = VERTEX_POINT ( 'NONE', #3704 ) ;
#4592 = CARTESIAN_POINT ( 'NONE',  ( 183.0000000000000284, -205.9499999999999886, 100.0000000000000000 ) ) ;
#4593 = CARTESIAN_POINT ( 'NONE',  ( 209.4000000000000057, -192.5000000000000000, 98.00000000000000000 ) ) ;
#4594 = ORIENTED_EDGE ( 'NONE', *, *, #2482, .T. ) ;
#4595 = FACE_OUTER_BOUND ( 'NONE', #470, .T. ) ;
#4596 = ADVANCED_FACE ( 'NONE', ( #2421 ), #254, .T. ) ;
#4597 = VERTEX_POINT ( 'NONE', #178 ) ;
#4598 = CIRCLE ( 'NONE', #318, 4.100000000000006750 ) ;
#4599 = FACE_BOUND ( 'NONE', #1540, .T. ) ;
#4600 = FACE_OUTER_BOUND ( 'NONE', #4332, .T. ) ;
#4601 = LINE ( 'NONE', #3023, #4460 ) ;
#4602 = ADVANCED_FACE ( 'NONE', ( #854, #2206 ), #2156, .T. ) ;
#4603 = PERSON_AND_ORGANIZATION ( #3883, #4766 ) ;
#4604 = ORIENTED_EDGE ( 'NONE', *, *, #1582, .F. ) ;
#4605 = ORIENTED_EDGE ( 'NONE', *, *, #3951, .F. ) ;
#4606 = DIRECTION ( 'NONE',  ( 1.000000000000000000, 0.000000000000000000, -0.000000000000000000 ) ) ;
#4607 = CARTESIAN_POINT ( 'NONE',  ( 209.4000000000000057, -202.5000000000000000, 85.00000000000000000 ) ) ;
#4608 = AXIS2_PLACEMENT_3D ( 'NONE', #58, #3555, #3609 ) ;
#4609 = CARTESIAN_POINT ( 'NONE',  ( 195.0000000000000000, -210.7827506026967228, 75.63805349013748014 ) ) ;
#4610 = EDGE_CURVE ( 'NONE', #1064, #2066, #957, .T. ) ;
#4611 = DIRECTION ( 'NONE',  ( 0.000000000000000000, 0.000000000000000000, 1.000000000000000000 ) ) ;
#4612 = EDGE_CURVE ( 'NONE', #2553, #2575, #4404, .T. ) ;
#4613 = ORIENTED_EDGE ( 'NONE', *, *, #2853, .T. ) ;
#4614 = DIRECTION ( 'NONE',  ( 0.000000000000000000, 0.000000000000000000, 1.000000000000000000 ) ) ;
#4615 = ORIENTED_EDGE ( 'NONE', *, *, #2709, .F. ) ;
#4616 = LINE ( 'NONE', #2647, #835 ) ;
#4617 = FACE_OUTER_BOUND ( 'NONE', #1199, .T. ) ;
#4618 = EDGE_LOOP ( 'NONE', ( #3862, #2864, #3059, #1592 ) ) ;
#4619 = VECTOR ( 'NONE', #2120, 1000.000000000000000 ) ;
#4620 = PLANE ( 'NONE',  #4236 ) ;
#4621 = EDGE_CURVE ( 'NONE', #2872, #2667, #2593, .T. ) ;
#4622 = DIRECTION ( 'NONE',  ( 1.000000000000000000, 0.000000000000000000, 0.000000000000000000 ) ) ;
#4623 = CARTESIAN_POINT ( 'NONE',  ( -205.0000000000000284, -190.5000000000000000, 98.00000000000000000 ) ) ;
#4624 = LINE ( 'NONE', #2654, #3712 ) ;
#4625 = PERSON_AND_ORGANIZATION_ROLE ( 'creator' ) ;
#4626 = ORIENTED_EDGE ( 'NONE', *, *, #1582, .T. ) ;
#4627 = ORIENTED_EDGE ( 'NONE', *, *, #263, .T. ) ;
#4628 = EDGE_CURVE ( 'NONE', #2672, #4193, #642, .T. ) ;
#4629 = DIRECTION ( 'NONE',  ( 0.000000000000000000, 0.000000000000000000, 1.000000000000000000 ) ) ;
#4630 = LINE ( 'NONE', #327, #123 ) ;
#4631 = CARTESIAN_POINT ( 'NONE',  ( 198.5999999999999943, -207.5000000000000284, 44.00000000000000000 ) ) ;
#4632 = DIRECTION ( 'NONE',  ( 0.000000000000000000, 1.000000000000000000, 0.000000000000000000 ) ) ;
#4633 = ORIENTED_EDGE ( 'NONE', *, *, #1736, .F. ) ;
#4634 = FACE_OUTER_BOUND ( 'NONE', #1443, .T. ) ;
#4635 = VERTEX_POINT ( 'NONE', #2539 ) ;
#4636 = DIRECTION ( 'NONE',  ( 0.000000000000000000, 0.000000000000000000, 1.000000000000000000 ) ) ;
#4637 = APPLICATION_CONTEXT ( 'configuration controlled 3d designs of mechanical parts and assemblies' ) ;
#4638 = EDGE_CURVE ( 'NONE', #4641, #4243, #88, .T. ) ;
#4639 = EDGE_CURVE ( 'NONE', #1071, #3798, #1003, .T. ) ;
#4640 = FACE_BOUND ( 'NONE', #1760, .T. ) ;
#4641 = VERTEX_POINT ( 'NONE', #2806 ) ;
#4642 = DIRECTION ( 'NONE',  ( 1.000000000000000000, 0.000000000000000000, -0.000000000000000000 ) ) ;
#4643 = VECTOR ( 'NONE', #2432, 1000.000000000000000 ) ;
#4644 = VECTOR ( 'NONE', #1221, 1000.000000000000000 ) ;
#4645 = AXIS2_PLACEMENT_3D ( 'NONE', #4881, #4426, #1356 ) ;
#4646 = CARTESIAN_POINT ( 'NONE',  ( -196.5999999999999943, -207.5000000000000284, 100.0000000000000000 ) ) ;
#4647 = FACE_OUTER_BOUND ( 'NONE', #2225, .T. ) ;
#4648 = LINE ( 'NONE', #5008, #3879 ) ;
#4649 = VECTOR ( 'NONE', #371, 1000.000000000000000 ) ;
#4650 = EDGE_LOOP ( 'NONE', ( #4515, #4321 ) ) ;
#4651 = ORIENTED_EDGE ( 'NONE', *, *, #703, .T. ) ;
#4652 = ORIENTED_EDGE ( 'NONE', *, *, #2070, .T. ) ;
#4653 = DIRECTION ( 'NONE',  ( 0.000000000000000000, 0.000000000000000000, -1.000000000000000000 ) ) ;
#4654 = FACE_OUTER_BOUND ( 'NONE', #2232, .T. ) ;
#4655 = LINE ( 'NONE', #739, #435 ) ;
#4656 = AXIS2_PLACEMENT_3D ( 'NONE', #1741, #1650, #587 ) ;
#4657 = LINE ( 'NONE', #4273, #4816 ) ;
#4658 = EDGE_CURVE ( 'NONE', #3455, #1225, #2568, .T. ) ;
#4659 = ORIENTED_EDGE ( 'NONE', *, *, #1862, .T. ) ;
#4660 = CARTESIAN_POINT ( 'NONE',  ( -196.5999999999999943, -191.0000000000000000, 44.00000000000000000 ) ) ;
#4661 = VECTOR ( 'NONE', #3203, 1000.000000000000000 ) ;
#4662 = ORIENTED_EDGE ( 'NONE', *, *, #1576, .T. ) ;
#4663 = DIRECTION ( 'NONE',  ( -0.000000000000000000, 1.000000000000000000, 0.000000000000000000 ) ) ;
#4664 = ORIENTED_EDGE ( 'NONE', *, *, #1507, .F. ) ;
#4665 = LINE ( 'NONE', #3173, #1568 ) ;
#4666 = ORIENTED_EDGE ( 'NONE', *, *, #301, .T. ) ;
#4667 = CARTESIAN_POINT ( 'NONE',  ( -200.5999999999999943, -207.5000000000000284, 95.90871211463571910 ) ) ;
#4668 = CARTESIAN_POINT ( 'NONE',  ( 200.5999999999999943, -199.2500000000000000, 44.00000000000000000 ) ) ;
#4669 = CIRCLE ( 'NONE', #2441, 8.000000000000000000 ) ;
#4670 = EDGE_CURVE ( 'NONE', #1813, #2300, #977, .T. ) ;
#4671 = CYLINDRICAL_SURFACE ( 'NONE', #666, 2.250000000000001776 ) ;
#4672 = VERTEX_POINT ( 'NONE', #1390 ) ;
#4673 = CARTESIAN_POINT ( 'NONE',  ( -200.5999999999999943, -202.5000000000000000, 85.00000000000000000 ) ) ;
#4674 = VERTEX_POINT ( 'NONE', #614 ) ;
#4675 = ORIENTED_EDGE ( 'NONE', *, *, #897, .T. ) ;
#4676 = ORIENTED_EDGE ( 'NONE', *, *, #3145, .F. ) ;
#4677 = CARTESIAN_POINT ( 'NONE',  ( -227.0000000000000000, -203.9000000000000057, 52.00000000000000000 ) ) ;
#4678 = CARTESIAN_POINT ( 'NONE',  ( -213.4000000000000057, -210.7827506026967228, 75.63805349013748014 ) ) ;
#4679 = LINE ( 'NONE', #4298, #4819 ) ;
#4680 = LINE ( 'NONE', #1844, #3144 ) ;
#4681 = CIRCLE ( 'NONE', #3202, 4.100000000000006750 ) ;
#4682 = DIRECTION ( 'NONE',  ( -1.000000000000000000, -0.000000000000000000, 0.000000000000000000 ) ) ;
#4683 = ORIENTED_EDGE ( 'NONE', *, *, #4729, .T. ) ;
#4684 = DIRECTION ( 'NONE',  ( -0.000000000000000000, 1.000000000000000000, 0.000000000000000000 ) ) ;
#4685 = ORIENTED_EDGE ( 'NONE', *, *, #2711, .F. ) ;
#4686 = CARTESIAN_POINT ( 'NONE',  ( 211.4000000000000057, -199.2500000000000000, 44.00000000000000000 ) ) ;
#4687 = ORIENTED_EDGE ( 'NONE', *, *, #2609, .F. ) ;
#4688 = EDGE_CURVE ( 'NONE', #4064, #417, #4743, .T. ) ;
#4689 = CARTESIAN_POINT ( 'NONE',  ( -213.4000000000000057, -203.9000000000000057, 52.00000000000000000 ) ) ;
#4690 = ORIENTED_EDGE ( 'NONE', *, *, #2955, .T. ) ;
#4691 = LINE ( 'NONE', #4311, #3995 ) ;
#4692 = CARTESIAN_POINT ( 'NONE',  ( 188.0000000000000000, -192.5000000000000000, 106.0000000000000142 ) ) ;
#4693 = CARTESIAN_POINT ( 'NONE',  ( -209.4000000000000057, -211.0000000000000000, 63.50000000000000000 ) ) ;
#4694 = AXIS2_PLACEMENT_3D ( 'NONE', #2046, #3623, #2555 ) ;
#4695 = ORIENTED_EDGE ( 'NONE', *, *, #2871, .T. ) ;
#4696 = EDGE_CURVE ( 'NONE', #256, #2163, #2129, .T. ) ;
#4697 = FACE_OUTER_BOUND ( 'NONE', #2276, .T. ) ;
#4698 = CIRCLE ( 'NONE', #3553, 4.100000000000006750 ) ;
#4699 = ORIENTED_EDGE ( 'NONE', *, *, #4451, .F. ) ;
#4700 = ORIENTED_EDGE ( 'NONE', *, *, #1701, .F. ) ;
#4701 = ORIENTED_EDGE ( 'NONE', *, *, #4883, .T. ) ;
#4702 = AXIS2_PLACEMENT_3D ( 'NONE', #4401, #2713, #1586 ) ;
#4703 = DIRECTION ( 'NONE',  ( 0.000000000000000000, -0.000000000000000000, 1.000000000000000000 ) ) ;
#4704 = EDGE_CURVE ( 'NONE', #1970, #2724, #2256, .T. ) ;
#4705 = VECTOR ( 'NONE', #3219, 1000.000000000000000 ) ;
#4706 = DIRECTION ( 'NONE',  ( 0.000000000000000000, 0.000000000000000000, 1.000000000000000000 ) ) ;
#4707 = EDGE_CURVE ( 'NONE', #3925, #1483, #4970, .T. ) ;
#4708 = DIRECTION ( 'NONE',  ( -1.000000000000000000, -0.000000000000000000, 0.000000000000000000 ) ) ;
#4709 = LINE ( 'NONE', #842, #1656 ) ;
#4710 = CIRCLE ( 'NONE', #4131, 2.250000000000001776 ) ;
#4711 = LINE ( 'NONE', #1558, #4322 ) ;
#4712 = AXIS2_PLACEMENT_3D ( 'NONE', #166, #1725, #4054 ) ;
#4713 = ORIENTED_EDGE ( 'NONE', *, *, #2493, .T. ) ;
#4714 = AXIS2_PLACEMENT_3D ( 'NONE', #2236, #1826, #3814 ) ;
#4715 = CARTESIAN_POINT ( 'NONE',  ( 187.0000000000000000, -203.9000000000000057, 101.7500000000000000 ) ) ;
#4716 = EDGE_LOOP ( 'NONE', ( #1907, #1806, #2207, #1673 ) ) ;
#4717 = DIRECTION ( 'NONE',  ( 1.000000000000000000, 0.000000000000000000, 0.000000000000000000 ) ) ;
#4718 = DIRECTION ( 'NONE',  ( 0.000000000000000000, 0.000000000000000000, -1.000000000000000000 ) ) ;
#4719 = CARTESIAN_POINT ( 'NONE',  ( 222.0000000000000284, -192.5000000000000000, 106.0000000000000142 ) ) ;
#4720 = ORIENTED_EDGE ( 'NONE', *, *, #1963, .F. ) ;
#4721 = DIRECTION ( 'NONE',  ( 1.000000000000000000, 0.000000000000000000, 0.000000000000000000 ) ) ;
#4722 = LINE ( 'NONE', #4668, #4080 ) ;
#4723 = EDGE_CURVE ( 'NONE', #137, #1706, #1441, .T. ) ;
#4724 = DIRECTION ( 'NONE',  ( 0.000000000000000000, 0.000000000000000000, -1.000000000000000000 ) ) ;
#4725 = ORIENTED_EDGE ( 'NONE', *, *, #3979, .T. ) ;
#4726 = AXIS2_PLACEMENT_3D ( 'NONE', #75, #3132, #4706 ) ;
#4727 = CARTESIAN_POINT ( 'NONE',  ( 198.5999999999999943, -215.0000000000000000, 44.00000000000000000 ) ) ;
#4728 = VERTEX_POINT ( 'NONE', #3503 ) ;
#4729 = EDGE_CURVE ( 'NONE', #34, #4257, #4569, .T. ) ;
#4730 = CIRCLE ( 'NONE', #1932, 2.250000000000001776 ) ;
#4731 = VERTEX_POINT ( 'NONE', #3810 ) ;
#4732 = ORIENTED_EDGE ( 'NONE', *, *, #2522, .F. ) ;
#4733 = VECTOR ( 'NONE', #2029, 1000.000000000000000 ) ;
#4734 = PLANE ( 'NONE',  #4181 ) ;
#4735 = DIRECTION ( 'NONE',  ( 1.000000000000000000, 0.000000000000000000, 0.000000000000000000 ) ) ;
#4736 = CARTESIAN_POINT ( 'NONE',  ( 187.0000000000000000, -208.4000000000000057, 104.0000000000000142 ) ) ;
#4737 = VECTOR ( 'NONE', #4281, 1000.000000000000000 ) ;
#4738 = DIRECTION ( 'NONE',  ( -0.000000000000000000, 1.000000000000000000, 0.000000000000000000 ) ) ;
#4739 = DIRECTION ( 'NONE',  ( 0.000000000000000000, -1.000000000000000000, 0.000000000000000000 ) ) ;
#4740 = EDGE_CURVE ( 'NONE', #356, #4483, #4657, .T. ) ;
#4741 = ORIENTED_EDGE ( 'NONE', *, *, #2694, .T. ) ;
#4742 = CARTESIAN_POINT ( 'NONE',  ( 211.5000000000000000, -211.0000000000000000, 68.59999999999999432 ) ) ;
#4743 = CIRCLE ( 'NONE', #695, 5.100000000000000533 ) ;
#4744 = VECTOR ( 'NONE', #3839, 1000.000000000000000 ) ;
#4745 = DIRECTION ( 'NONE',  ( -1.000000000000000000, -0.000000000000000000, -0.000000000000000000 ) ) ;
#4746 = EDGE_LOOP ( 'NONE', ( #2755, #3404, #4741, #4306 ) ) ;
#4747 = FACE_OUTER_BOUND ( 'NONE', #4083, .T. ) ;
#4748 = ORIENTED_EDGE ( 'NONE', *, *, #1927, .F. ) ;
#4749 = DIRECTION ( 'NONE',  ( 0.000000000000000000, 0.000000000000000000, 1.000000000000000000 ) ) ;
#4750 = CARTESIAN_POINT ( 'NONE',  ( 209.4000000000000057, -192.5000000000000000, 106.0000000000000142 ) ) ;
#4751 = DIRECTION ( 'NONE',  ( -1.000000000000000000, -0.000000000000000000, -0.000000000000000000 ) ) ;
#4752 = ORIENTED_EDGE ( 'NONE', *, *, #2198, .F. ) ;
#4753 = EDGE_CURVE ( 'NONE', #391, #2872, #1105, .T. ) ;
#4754 = FACE_OUTER_BOUND ( 'NONE', #5002, .T. ) ;
#4755 = ORIENTED_EDGE ( 'NONE', *, *, #2198, .T. ) ;
#4756 = ORIENTED_EDGE ( 'NONE', *, *, #3706, .T. ) ;
#4757 = ORIENTED_EDGE ( 'NONE', *, *, #4973, .F. ) ;
#4758 = FACE_OUTER_BOUND ( 'NONE', #1775, .T. ) ;
#4759 = DIRECTION ( 'NONE',  ( 0.000000000000000000, -0.000000000000000000, 1.000000000000000000 ) ) ;
#4760 = EDGE_CURVE ( 'NONE', #1316, #2163, #130, .T. ) ;
#4761 = LINE ( 'NONE', #383, #3413 ) ;
#4762 = PLANE ( 'NONE',  #1004 ) ;
#4763 = DIRECTION ( 'NONE',  ( 1.000000000000000000, 0.000000000000000000, -0.000000000000000000 ) ) ;
#4764 = VERTEX_POINT ( 'NONE', #715 ) ;
#4765 = DIRECTION ( 'NONE',  ( 0.000000000000000000, 0.000000000000000000, 1.000000000000000000 ) ) ;
#4766 = ORGANIZATION ( '未', '未', '' ) ;
#4767 = EDGE_CURVE ( 'NONE', #4136, #622, #2913, .T. ) ;
#4768 = LINE ( 'NONE', #1979, #1417 ) ;
#4769 = ORIENTED_EDGE ( 'NONE', *, *, #2550, .T. ) ;
#4770 = LINE ( 'NONE', #468, #2078 ) ;
#4771 = DIRECTION ( 'NONE',  ( 0.000000000000000000, -1.000000000000000000, 0.000000000000000000 ) ) ;
#4772 = EDGE_CURVE ( 'NONE', #1537, #4445, #3911, .T. ) ;
#4773 = EDGE_LOOP ( 'NONE', ( #880, #3146, #4442, #47, #1735, #4310 ) ) ;
#4774 = CARTESIAN_POINT ( 'NONE',  ( 205.0000000000000284, -192.5000000000000000, 106.0000000000000142 ) ) ;
#4775 = AXIS2_PLACEMENT_3D ( 'NONE', #3531, #2747, #2439 ) ;
#4776 = FACE_OUTER_BOUND ( 'NONE', #1918, .T. ) ;
#4777 = UNCERTAINTY_MEASURE_WITH_UNIT (LENGTH_MEASURE( 1.000000000000000082E-05 ), #3752, 'distance_accuracy_value', 'NONE');
#4778 = PLANE ( 'NONE',  #4829 ) ;
#4779 = VERTEX_POINT ( 'NONE', #2281 ) ;
#4780 = CARTESIAN_POINT ( 'NONE',  ( -205.0000000000000284, -191.5000000000000000, 98.00000000000000000 ) ) ;
#4781 = VERTEX_POINT ( 'NONE', #3111 ) ;
#4782 = ORIENTED_EDGE ( 'NONE', *, *, #2853, .F. ) ;
#4783 = ORIENTED_EDGE ( 'NONE', *, *, #3952, .T. ) ;
#4784 = CARTESIAN_POINT ( 'NONE',  ( 227.0000000000000000, -205.9499999999999886, 44.00000000000000000 ) ) ;
#4785 = DIRECTION ( 'NONE',  ( 0.000000000000000000, 1.000000000000000000, 0.000000000000000000 ) ) ;
#4786 = LINE ( 'NONE', #3133, #2094 ) ;
#4787 = DIRECTION ( 'NONE',  ( -0.000000000000000000, 1.000000000000000000, 0.000000000000000000 ) ) ;
#4788 = VECTOR ( 'NONE', #3360, 1000.000000000000000 ) ;
#4789 = DIRECTION ( 'NONE',  ( -1.000000000000000000, -0.000000000000000000, 0.000000000000000000 ) ) ;
#4790 = CIRCLE ( 'NONE', #344, 11.99999999999999645 ) ;
#4791 = VERTEX_POINT ( 'NONE', #1845 ) ;
#4792 = DIRECTION ( 'NONE',  ( 0.000000000000000000, 0.000000000000000000, 1.000000000000000000 ) ) ;
#4793 = AXIS2_PLACEMENT_3D ( 'NONE', #5024, #4794, #1266 ) ;
#4794 = DIRECTION ( 'NONE',  ( 1.000000000000000000, 0.000000000000000000, 0.000000000000000000 ) ) ;
#4795 = AXIS2_PLACEMENT_3D ( 'NONE', #2761, #3955, #3154 ) ;
#4796 = VECTOR ( 'NONE', #3064, 1000.000000000000000 ) ;
#4797 = AXIS2_PLACEMENT_3D ( 'NONE', #3997, #4823, #4718 ) ;
#4798 = CARTESIAN_POINT ( 'NONE',  ( -196.5999999999999943, -208.0000000000000000, 44.00000000000000000 ) ) ;
#4799 = FACE_OUTER_BOUND ( 'NONE', #3383, .T. ) ;
#4800 = VERTEX_POINT ( 'NONE', #3428 ) ;
#4801 = PLANE ( 'NONE',  #4490 ) ;
#4802 = DIRECTION ( 'NONE',  ( -1.000000000000000000, 0.000000000000000000, 0.000000000000000000 ) ) ;
#4803 = EDGE_CURVE ( 'NONE', #2753, #693, #373, .T. ) ;
#4804 = EDGE_CURVE ( 'NONE', #2643, #1970, #1893, .T. ) ;
#4805 = CARTESIAN_POINT ( 'NONE',  ( 213.4000000000000057, -202.5000000000000000, 80.90000000000000568 ) ) ;
#4806 = VERTEX_POINT ( 'NONE', #3009 ) ;
#4807 = CARTESIAN_POINT ( 'NONE',  ( -196.5999999999999943, -191.0000000000000000, 106.5000000000000000 ) ) ;
#4808 = ORIENTED_EDGE ( 'NONE', *, *, #2212, .F. ) ;
#4809 = ORIENTED_EDGE ( 'NONE', *, *, #3337, .F. ) ;
#4810 = VERTEX_POINT ( 'NONE', #1154 ) ;
#4811 = DIRECTION ( 'NONE',  ( 1.000000000000000000, 0.000000000000000000, 0.000000000000000000 ) ) ;
#4812 = CYLINDRICAL_SURFACE ( 'NONE', #857, 4.100000000000006750 ) ;
#4813 = DIRECTION ( 'NONE',  ( 0.000000000000000000, 0.000000000000000000, -1.000000000000000000 ) ) ;
#4814 = CYLINDRICAL_SURFACE ( 'NONE', #1415, 9.999999999999994671 ) ;
#4815 = CYLINDRICAL_SURFACE ( 'NONE', #535, 2.250000000000001776 ) ;
#4816 = VECTOR ( 'NONE', #688, 1000.000000000000000 ) ;
#4817 = ORIENTED_EDGE ( 'NONE', *, *, #4753, .T. ) ;
#4818 = LINE ( 'NONE', #3317, #2135 ) ;
#4819 = VECTOR ( 'NONE', #2792, 1000.000000000000000 ) ;
#4820 = DIRECTION ( 'NONE',  ( 0.000000000000000000, 0.000000000000000000, 1.000000000000000000 ) ) ;
#4821 = EDGE_CURVE ( 'NONE', #2990, #954, #2338, .T. ) ;
#4822 = ORIENTED_EDGE ( 'NONE', *, *, #3411, .F. ) ;
#4823 = DIRECTION ( 'NONE',  ( 0.000000000000000000, -1.000000000000000000, -0.000000000000000000 ) ) ;
#4824 = ORIENTED_EDGE ( 'NONE', *, *, #2776, .T. ) ;
#4825 = DIRECTION ( 'NONE',  ( 0.000000000000000000, 0.000000000000000000, 1.000000000000000000 ) ) ;
#4826 = EDGE_CURVE ( 'NONE', #2752, #1935, #3861, .T. ) ;
#4827 = CARTESIAN_POINT ( 'NONE',  ( -200.6000000000000227, -208.0000000000000000, 100.0000000000000000 ) ) ;
#4828 = VERTEX_POINT ( 'NONE', #3057 ) ;
#4829 = AXIS2_PLACEMENT_3D ( 'NONE', #2061, #2113, #2090 ) ;
#4830 = EDGE_CURVE ( 'NONE', #3114, #1276, #4995, .T. ) ;
#4831 = CARTESIAN_POINT ( 'NONE',  ( 209.4000000000000057, -205.9499999999999886, 100.0000000000000000 ) ) ;
#4832 = EDGE_CURVE ( 'NONE', #4810, #1270, #2750, .T. ) ;
#4833 = ORIENTED_EDGE ( 'NONE', *, *, #4018, .T. ) ;
#4834 = ORIENTED_EDGE ( 'NONE', *, *, #2339, .F. ) ;
#4835 = VERTEX_POINT ( 'NONE', #1465 ) ;
#4836 = LINE ( 'NONE', #552, #1491 ) ;
#4837 = DIRECTION ( 'NONE',  ( -1.000000000000000000, -0.000000000000000000, 0.000000000000000000 ) ) ;
#4838 = DIRECTION ( 'NONE',  ( 0.000000000000000000, 1.000000000000000000, 0.000000000000000000 ) ) ;
#4839 = LINE ( 'NONE', #3265, #3224 ) ;
#4840 = CARTESIAN_POINT ( 'NONE',  ( -196.5999999999999943, -202.5000000000000000, 85.00000000000000000 ) ) ;
#4841 = AXIS2_PLACEMENT_3D ( 'NONE', #1945, #3159, #3187 ) ;
#4842 = ORIENTED_EDGE ( 'NONE', *, *, #4096, .T. ) ;
#4843 = CARTESIAN_POINT ( 'NONE',  ( -183.0000000000000284, -203.9000000000000057, 108.0000000000000142 ) ) ;
#4844 = CIRCLE ( 'NONE', #1526, 4.100000000000006750 ) ;
#4845 = CARTESIAN_POINT ( 'NONE',  ( 196.5999999999999943, -210.7827506026967228, 71.53805349013747161 ) ) ;
#4846 = ADVANCED_FACE ( 'NONE', ( #3452, #4300 ), #3477, .F. ) ;
#4847 = DIRECTION ( 'NONE',  ( 0.000000000000000000, 0.000000000000000000, 1.000000000000000000 ) ) ;
#4848 = ORIENTED_EDGE ( 'NONE', *, *, #3259, .F. ) ;
#4849 = PLANE ( 'NONE',  #3645 ) ;
#4850 = EDGE_CURVE ( 'NONE', #3954, #589, #3082, .T. ) ;
#4851 = CARTESIAN_POINT ( 'NONE',  ( -200.5999999999999943, -191.0000000000000000, 81.57217269979952334 ) ) ;
#4852 = ORIENTED_EDGE ( 'NONE', *, *, #3510, .T. ) ;
#4853 = DIRECTION ( 'NONE',  ( 0.000000000000000000, 0.000000000000000000, 1.000000000000000000 ) ) ;
#4854 = ORIENTED_EDGE ( 'NONE', *, *, #989, .T. ) ;
#4855 = ORIENTED_EDGE ( 'NONE', *, *, #255, .F. ) ;
#4856 = CARTESIAN_POINT ( 'NONE',  ( 209.4000000000000057, -211.0000000000000000, 63.50000000000000000 ) ) ;
#4857 = EDGE_CURVE ( 'NONE', #2091, #4024, #4711, .T. ) ;
#4858 = CARTESIAN_POINT ( 'NONE',  ( 196.5999999999999943, -207.5000000000000284, 95.90871211463571910 ) ) ;
#4859 = LINE ( 'NONE', #1755, #1759 ) ;
#4860 = CARTESIAN_POINT ( 'NONE',  ( -188.0000000000000000, -191.5000000000000000, 106.0000000000000142 ) ) ;
#4861 = FACE_BOUND ( 'NONE', #624, .T. ) ;
#4862 = ADVANCED_FACE ( 'NONE', ( #3164 ), #4428, .T. ) ;
#4863 = EDGE_LOOP ( 'NONE', ( #2503, #232, #3853, #543 ) ) ;
#4864 = EDGE_CURVE ( 'NONE', #3957, #2962, #2501, .T. ) ;
#4865 = CARTESIAN_POINT ( 'NONE',  ( 222.0000000000000284, -190.5000000000000000, 106.0000000000000142 ) ) ;
#4866 = AXIS2_PLACEMENT_3D ( 'NONE', #124, #1285, #2142 ) ;
#4867 = CARTESIAN_POINT ( 'NONE',  ( -200.5999999999999943, -192.5000000000000000, 98.00000000000000000 ) ) ;
#4868 = ORIENTED_EDGE ( 'NONE', *, *, #2986, .T. ) ;
#4869 = FACE_OUTER_BOUND ( 'NONE', #2018, .T. ) ;
#4870 = EDGE_LOOP ( 'NONE', ( #2282, #905, #710, #2277, #1897, #3718 ) ) ;
#4871 = LINE ( 'NONE', #2520, #1423 ) ;
#4872 = AXIS2_PLACEMENT_3D ( 'NONE', #2128, #156, #4941 ) ;
#4873 = LINE ( 'NONE', #67, #3934 ) ;
#4874 = ORIENTED_EDGE ( 'NONE', *, *, #4335, .T. ) ;
#4875 = CARTESIAN_POINT ( 'NONE',  ( 213.4000000000000057, -192.5000000000000000, 98.00000000000000000 ) ) ;
#4876 = ADVANCED_FACE ( 'NONE', ( #896 ), #4815, .F. ) ;
#4877 = ORIENTED_EDGE ( 'NONE', *, *, #2054, .F. ) ;
#4878 = ORIENTED_EDGE ( 'NONE', *, *, #1980, .F. ) ;
#4879 = DIRECTION ( 'NONE',  ( 1.000000000000000000, 0.000000000000000000, -0.000000000000000000 ) ) ;
#4880 = CARTESIAN_POINT ( 'NONE',  ( 223.0000000000000000, -208.0000000000000000, 48.00000000000000000 ) ) ;
#4881 = CARTESIAN_POINT ( 'NONE',  ( -198.5999999999999943, -207.5000000000000284, 44.00000000000000000 ) ) ;
#4882 = LINE ( 'NONE', #2484, #2396 ) ;
#4883 = EDGE_CURVE ( 'NONE', #1005, #4470, #4016, .T. ) ;
#4884 = DIRECTION ( 'NONE',  ( 0.000000000000000000, 0.000000000000000000, 1.000000000000000000 ) ) ;
#4885 = ORIENTED_EDGE ( 'NONE', *, *, #4978, .T. ) ;
#4886 = DIRECTION ( 'NONE',  ( 0.000000000000000000, 0.000000000000000000, 1.000000000000000000 ) ) ;
#4887 = CARTESIAN_POINT ( 'NONE',  ( -213.4000000000000057, -215.0000000000000000, 44.00000000000000000 ) ) ;
#4888 = CARTESIAN_POINT ( 'NONE',  ( -183.0000000000000284, -203.9000000000000057, 100.0000000000000000 ) ) ;
#4889 = VECTOR ( 'NONE', #3108, 1000.000000000000000 ) ;
#4890 = ADVANCED_FACE ( 'NONE', ( #485 ), #1210, .T. ) ;
#4891 = CARTESIAN_POINT ( 'NONE',  ( 211.5000000000000000, -211.0000000000000000, 63.50000000000000000 ) ) ;
#4892 = VECTOR ( 'NONE', #4095, 1000.000000000000000 ) ;
#4893 = EDGE_CURVE ( 'NONE', #4498, #1900, #1289, .T. ) ;
#4894 = VERTEX_POINT ( 'NONE', #2823 ) ;
#4895 = CIRCLE ( 'NONE', #3329, 4.100000000000006750 ) ;
#4896 = DIRECTION ( 'NONE',  ( 0.000000000000000000, 1.000000000000000000, 0.000000000000000000 ) ) ;
#4897 = VERTEX_POINT ( 'NONE', #436 ) ;
#4898 = CARTESIAN_POINT ( 'NONE',  ( 218.2000000000000171, -203.9000000000000057, 52.00000000000000000 ) ) ;
#4899 = VECTOR ( 'NONE', #3121, 1000.000000000000000 ) ;
#4900 = CARTESIAN_POINT ( 'NONE',  ( -200.6000000000000227, -205.9499999999999886, 108.0000000000000142 ) ) ;
#4901 = EDGE_LOOP ( 'NONE', ( #3621, #1747 ) ) ;
#4902 = VECTOR ( 'NONE', #4982, 1000.000000000000000 ) ;
#4903 = VECTOR ( 'NONE', #3684, 1000.000000000000000 ) ;
#4904 = DIRECTION ( 'NONE',  ( -1.000000000000000000, 0.000000000000000000, 0.000000000000000000 ) ) ;
#4905 = ORIENTED_EDGE ( 'NONE', *, *, #927, .T. ) ;
#4906 = ORIENTED_EDGE ( 'NONE', *, *, #478, .F. ) ;
#4907 = EDGE_CURVE ( 'NONE', #302, #4345, #2409, .T. ) ;
#4908 = DIRECTION ( 'NONE',  ( -1.000000000000000000, -0.000000000000000000, 0.000000000000000000 ) ) ;
#4909 = DIRECTION ( 'NONE',  ( 0.000000000000000000, 0.000000000000000000, -1.000000000000000000 ) ) ;
#4910 = CARTESIAN_POINT ( 'NONE',  ( 227.0000000000000000, -203.9000000000000057, 100.0000000000000000 ) ) ;
#4911 = FACE_OUTER_BOUND ( 'NONE', #819, .T. ) ;
#4912 =( NAMED_UNIT ( * ) PLANE_ANGLE_UNIT ( ) SI_UNIT ( $, .RADIAN. ) );
#4913 = EDGE_LOOP ( 'NONE', ( #3537, #3192, #3779, #1704 ) ) ;
#4914 = ORIENTED_EDGE ( 'NONE', *, *, #4760, .T. ) ;
#4915 = EDGE_CURVE ( 'NONE', #3274, #1062, #408, .T. ) ;
#4916 = FACE_OUTER_BOUND ( 'NONE', #1705, .T. ) ;
#4917 = DIRECTION ( 'NONE',  ( 1.000000000000000000, 0.000000000000000000, 0.000000000000000000 ) ) ;
#4918 = CARTESIAN_POINT ( 'NONE',  ( 188.0000000000000000, -192.5000000000000000, 98.00000000000000000 ) ) ;
#4919 = DIRECTION ( 'NONE',  ( 1.000000000000000000, 0.000000000000000000, 0.000000000000000000 ) ) ;
#4920 = EDGE_LOOP ( 'NONE', ( #1552, #3380 ) ) ;
#4922 = LINE ( 'NONE', #2518, #2670 ) ;
#4921 = APPROVAL ( #4265, '未' ) ;
#4923 = EDGE_CURVE ( 'NONE', #734, #4487, #4037, .T. ) ;
#4924 = EDGE_LOOP ( 'NONE', ( #735, #3647, #1, #1966 ) ) ;
#4925 = LINE ( 'NONE', #2936, #758 ) ;
#4926 = EDGE_CURVE ( 'NONE', #4897, #3841, #1846, .T. ) ;
#4927 = DIRECTION ( 'NONE',  ( 0.000000000000000000, 1.000000000000000000, 0.000000000000000000 ) ) ;
#4928 = ORIENTED_EDGE ( 'NONE', *, *, #2833, .T. ) ;
#4929 = DIRECTION ( 'NONE',  ( 0.000000000000000000, -1.000000000000000000, -0.000000000000000000 ) ) ;
#4930 = EDGE_LOOP ( 'NONE', ( #311, #4199, #1578, #2316 ) ) ;
#4931 = VERTEX_POINT ( 'NONE', #3215 ) ;
#4932 = CARTESIAN_POINT ( 'NONE',  ( 198.5999999999999943, -191.0000000000000000, 98.00000000000000000 ) ) ;
#4933 = CYLINDRICAL_SURFACE ( 'NONE', #2834, 2.250000000000001776 ) ;
#4934 = CARTESIAN_POINT ( 'NONE',  ( 211.5000000000000000, -211.0000000000000000, 60.29999999999999716 ) ) ;
#4935 = CARTESIAN_POINT ( 'NONE',  ( 209.4000000000000057, -191.5000000000000000, 98.00000000000000000 ) ) ;
#4936 = LINE ( 'NONE', #3656, #2862 ) ;
#4937 = ORIENTED_EDGE ( 'NONE', *, *, #5031, .F. ) ;
#4938 = ORIENTED_EDGE ( 'NONE', *, *, #3573, .T. ) ;
#4939 = CARTESIAN_POINT ( 'NONE',  ( 200.5999999999999943, -211.0000000000000000, 63.50000000000000000 ) ) ;
#4940 = CARTESIAN_POINT ( 'NONE',  ( -200.5999999999999943, -211.0000000000000000, 63.50000000000000000 ) ) ;
#4941 = DIRECTION ( 'NONE',  ( -1.000000000000000000, 0.000000000000000000, 0.000000000000000000 ) ) ;
#4942 = CARTESIAN_POINT ( 'NONE',  ( 218.2000000000000171, -205.9499999999999886, 108.0000000000000142 ) ) ;
#4943 = ADVANCED_FACE ( 'NONE', ( #3136, #1262 ), #507, .T. ) ;
#4944 = ORIENTED_EDGE ( 'NONE', *, *, #96, .T. ) ;
#4945 = CARTESIAN_POINT ( 'NONE',  ( 213.4000000000000057, -211.0000000000000000, 63.50000000000000000 ) ) ;
#4946 = ORIENTED_EDGE ( 'NONE', *, *, #1167, .F. ) ;
#4947 = DIRECTION ( 'NONE',  ( 0.000000000000000000, 0.000000000000000000, -1.000000000000000000 ) ) ;
#4948 = VECTOR ( 'NONE', #879, 1000.000000000000000 ) ;
#4949 = AXIS2_PLACEMENT_3D ( 'NONE', #1810, #3389, #1434 ) ;
#4950 = VECTOR ( 'NONE', #3344, 1000.000000000000000 ) ;
#4951 = CARTESIAN_POINT ( 'NONE',  ( -188.0000000000000000, -190.5000000000000000, 98.00000000000000000 ) ) ;
#4952 = ORIENTED_EDGE ( 'NONE', *, *, #1617, .F. ) ;
#4953 = AXIS2_PLACEMENT_3D ( 'NONE', #2775, #413, #4432 ) ;
#4954 = DIRECTION ( 'NONE',  ( 0.000000000000000000, 0.000000000000000000, -1.000000000000000000 ) ) ;
#4955 = ADVANCED_FACE ( 'NONE', ( #3528 ), #1587, .F. ) ;
#4956 = EDGE_CURVE ( 'NONE', #2563, #4791, #4598, .T. ) ;
#4957 = VERTEX_POINT ( 'NONE', #870 ) ;
#4958 = ORIENTED_EDGE ( 'NONE', *, *, #4760, .F. ) ;
#4959 = CLOSED_SHELL ( 'NONE', ( #3033, #4090, #3725, #3497, #3975, #1517, #2176, #2085, #2353, #2447, #4489, #567, #2745, #928, #1201, #3284, #3529, #2431, #2459, #4255, #3045, #643, #3177, #1216, #1114, #350, #3025, #56, #3857, #2669, #2636, #1693, #809, #3151, #3315, #392, #4529, #2274, #3772, #3196, #1144, #2965, #3840, #962, #3792, #1964, #5004, #2025, #1074, #4862, #13, #3098, #4536, #4204, #4128, #1788, #4943, #171, #4596, #4123, #3642, #1395, #3848, #5069, #3321, #1274, #4467, #3634, #3314, #4955, #503, #299, #1797, #2873, #3639 ) ) ;
#4960 = LINE ( 'NONE', #2629, #4788 ) ;
#4961 = CARTESIAN_POINT ( 'NONE',  ( 213.4000000000000057, -203.9000000000000057, 44.00000000000000000 ) ) ;
#4962 = CARTESIAN_POINT ( 'NONE',  ( 198.5999999999999943, -214.4997437941094347, 84.92158523269061732 ) ) ;
#4963 = CYLINDRICAL_SURFACE ( 'NONE', #4293, 3.200000000000001510 ) ;
#4964 = CALENDAR_DATE ( 2026, 29, 8 ) ;
#4965 = ORIENTED_EDGE ( 'NONE', *, *, #4583, .F. ) ;
#4966 = ORIENTED_EDGE ( 'NONE', *, *, #2955, .F. ) ;
#4967 = CARTESIAN_POINT ( 'NONE',  ( -213.4000000000000057, -207.5000000000000284, 100.0000000000000000 ) ) ;
#4968 = FACE_OUTER_BOUND ( 'NONE', #3512, .T. ) ;
#4969 = LINE ( 'NONE', #1872, #2644 ) ;
#4970 = LINE ( 'NONE', #1130, #2265 ) ;
#4971 = ORIENTED_EDGE ( 'NONE', *, *, #2209, .T. ) ;
#4972 = DIRECTION ( 'NONE',  ( 0.000000000000000000, 0.000000000000000000, 1.000000000000000000 ) ) ;
#4973 = EDGE_CURVE ( 'NONE', #226, #1605, #3552, .T. ) ;
#4974 = AXIS2_PLACEMENT_3D ( 'NONE', #2919, #2073, #969 ) ;
#4975 = ORIENTED_EDGE ( 'NONE', *, *, #3372, .T. ) ;
#4976 = DIRECTION ( 'NONE',  ( 0.000000000000000000, 0.000000000000000000, 1.000000000000000000 ) ) ;
#4977 = AXIS2_PLACEMENT_3D ( 'NONE', #330, #2641, #1873 ) ;
#4978 = EDGE_CURVE ( 'NONE', #275, #2402, #3628, .T. ) ;
#4979 = LINE ( 'NONE', #1856, #2189 ) ;
#4980 = VECTOR ( 'NONE', #1585, 1000.000000000000000 ) ;
#4981 = VERTEX_POINT ( 'NONE', #3313 ) ;
#4982 = DIRECTION ( 'NONE',  ( 0.000000000000000000, 0.000000000000000000, 1.000000000000000000 ) ) ;
#4983 = VERTEX_POINT ( 'NONE', #556 ) ;
#4984 = PLANE ( 'NONE',  #11 ) ;
#4985 = CC_DESIGN_PERSON_AND_ORGANIZATION_ASSIGNMENT ( #4603, #2680, ( #728 ) ) ;
#4986 = CARTESIAN_POINT ( 'NONE',  ( -187.0000000000000000, -208.4000000000000057, 104.0000000000000142 ) ) ;
#4987 = EDGE_CURVE ( 'NONE', #1839, #4368, #2584, .T. ) ;
#4988 = CARTESIAN_POINT ( 'NONE',  ( -196.5999999999999943, -191.5000000000000000, 106.0000000000000142 ) ) ;
#4989 = ORIENTED_EDGE ( 'NONE', *, *, #255, .T. ) ;
#4990 = ORIENTED_EDGE ( 'NONE', *, *, #3917, .F. ) ;
#4991 = CARTESIAN_POINT ( 'NONE',  ( -196.5999999999999943, -211.0000000000000000, 63.50000000000000000 ) ) ;
#4992 = CARTESIAN_POINT ( 'NONE',  ( -215.0000000000000000, -211.0000000000000000, 63.50000000000000000 ) ) ;
#4993 = CARTESIAN_POINT ( 'NONE',  ( 188.0000000000000000, -192.5000000000000000, 98.00000000000000000 ) ) ;
#4994 = VECTOR ( 'NONE', #3866, 1000.000000000000000 ) ;
#4995 = LINE ( 'NONE', #2714, #1359 ) ;
#4996 = ORIENTED_EDGE ( 'NONE', *, *, #560, .T. ) ;
#4997 = DIRECTION ( 'NONE',  ( 0.000000000000000000, 0.000000000000000000, 1.000000000000000000 ) ) ;
#4998 = ORIENTED_EDGE ( 'NONE', *, *, #1422, .T. ) ;
#4999 = CARTESIAN_POINT ( 'NONE',  ( -218.2000000000000171, -208.0000000000000000, 52.00000000000000000 ) ) ;
#5000 = ADVANCED_FACE ( 'NONE', ( #3364, #972, #4861, #4063 ), #2077, .T. ) ;
#5001 = CARTESIAN_POINT ( 'NONE',  ( -198.5999999999999943, -191.0000000000000000, 44.00000000000000000 ) ) ;
#5002 = EDGE_LOOP ( 'NONE', ( #3685, #1375, #1630, #3864 ) ) ;
#5003 = DIRECTION ( 'NONE',  ( -1.000000000000000000, -0.000000000000000000, -0.000000000000000000 ) ) ;
#5004 = ADVANCED_FACE ( 'NONE', ( #4477, #606 ), #1333, .T. ) ;
#5005 = CIRCLE ( 'NONE', #1066, 2.250000000000001776 ) ;
#5006 = DIRECTION ( 'NONE',  ( 0.000000000000000000, 0.000000000000000000, 1.000000000000000000 ) ) ;
#5007 = CARTESIAN_POINT ( 'NONE',  ( -209.4000000000000057, -192.5000000000000000, 106.0000000000000142 ) ) ;
#5008 = CARTESIAN_POINT ( 'NONE',  ( -198.5999999999999943, -214.4997437941094347, 84.92158523269061732 ) ) ;
#5009 = COORDINATED_UNIVERSAL_TIME_OFFSET ( 8, 0, .AHEAD. ) ;
#5010 = EDGE_LOOP ( 'NONE', ( #1149, #4315, #3394, #3915, #1217, #3128, #1245, #1268, #1684, #1867, #2848, #3571, #62, #2118, #2023, #825, #5035, #3226 ) ) ;
#5011 = ORIENTED_EDGE ( 'NONE', *, *, #4058, .T. ) ;
#5012 = ORIENTED_EDGE ( 'NONE', *, *, #4175, .F. ) ;
#5013 = LINE ( 'NONE', #4170, #993 ) ;
#5014 = DIRECTION ( 'NONE',  ( 0.000000000000000000, 0.000000000000000000, 1.000000000000000000 ) ) ;
#5015 = AXIS2_PLACEMENT_3D ( 'NONE', #2360, #4684, #3939 ) ;
#5016 = LINE ( 'NONE', #3030, #3970 ) ;
#5017 = DIRECTION ( 'NONE',  ( -1.000000000000000000, -0.000000000000000000, 0.000000000000000000 ) ) ;
#5018 = EDGE_CURVE ( 'NONE', #1580, #1377, #901, .T. ) ;
#5019 = EDGE_CURVE ( 'NONE', #2268, #1184, #1785, .T. ) ;
#5020 = EDGE_LOOP ( 'NONE', ( #1251, #1053 ) ) ;
#5021 = DIRECTION ( 'NONE',  ( 1.000000000000000000, 0.000000000000000000, -0.000000000000000000 ) ) ;
#5022 = VECTOR ( 'NONE', #1028, 1000.000000000000000 ) ;
#5023 = ORIENTED_EDGE ( 'NONE', *, *, #3657, .F. ) ;
#5024 = CARTESIAN_POINT ( 'NONE',  ( -200.5999999999999943, -202.5000000000000000, 85.00000000000000000 ) ) ;
#5025 = CARTESIAN_POINT ( 'NONE',  ( -213.4000000000000057, -207.5000000000000284, 44.00000000000000000 ) ) ;
#5026 = EDGE_LOOP ( 'NONE', ( #3532, #5070, #516, #2342, #1235, #5073 ) ) ;
#5027 = VECTOR ( 'NONE', #1430, 1000.000000000000000 ) ;
#5028 = LINE ( 'NONE', #650, #3592 ) ;
#5029 = DIRECTION ( 'NONE',  ( 0.000000000000000000, 0.000000000000000000, -1.000000000000000000 ) ) ;
#5030 = CARTESIAN_POINT ( 'NONE',  ( 200.5999999999999943, -210.7827506026967228, 79.73805349013748867 ) ) ;
#5031 = EDGE_CURVE ( 'NONE', #3780, #1997, #4936, .T. ) ;
#5032 = AXIS2_PLACEMENT_3D ( 'NONE', #2838, #965, #3691 ) ;
#5033 = CARTESIAN_POINT ( 'NONE',  ( 209.4000000000000057, -211.0000000000000000, 66.69999999999998863 ) ) ;
#5034 = DIRECTION ( 'NONE',  ( 1.000000000000000000, 0.000000000000000000, 0.000000000000000000 ) ) ;
#5035 = ORIENTED_EDGE ( 'NONE', *, *, #1309, .T. ) ;
#5036 = VECTOR ( 'NONE', #4152, 1000.000000000000000 ) ;
#5037 = ORIENTED_EDGE ( 'NONE', *, *, #4190, .T. ) ;
#5038 = ORIENTED_EDGE ( 'NONE', *, *, #4290, .T. ) ;
#5039 = CARTESIAN_POINT ( 'NONE',  ( 187.0000000000000000, -203.9000000000000057, 104.0000000000000142 ) ) ;
#5040 = FACE_OUTER_BOUND ( 'NONE', #922, .T. ) ;
#5041 = DIRECTION ( 'NONE',  ( 0.000000000000000000, 0.000000000000000000, 1.000000000000000000 ) ) ;
#5042 = DIRECTION ( 'NONE',  ( 1.000000000000000000, 0.000000000000000000, -0.000000000000000000 ) ) ;
#5043 = VERTEX_POINT ( 'NONE', #534 ) ;
#5044 = CARTESIAN_POINT ( 'NONE',  ( -191.8000000000000398, -208.0000000000000000, 52.00000000000000000 ) ) ;
#5045 = EDGE_CURVE ( 'NONE', #2478, #4983, #197, .T. ) ;
#5046 = VERTEX_POINT ( 'NONE', #153 ) ;
#5047 = DIRECTION ( 'NONE',  ( -1.000000000000000000, 0.000000000000000000, 0.000000000000000000 ) ) ;
#5048 = ORIENTED_EDGE ( 'NONE', *, *, #545, .T. ) ;
#5049 = DIRECTION ( 'NONE',  ( 0.000000000000000000, 0.000000000000000000, 1.000000000000000000 ) ) ;
#5050 = ORIENTED_EDGE ( 'NONE', *, *, #2857, .F. ) ;
#5051 = CARTESIAN_POINT ( 'NONE',  ( -200.6000000000000227, -208.0000000000000000, 100.0000000000000000 ) ) ;
#5052 = DIRECTION ( 'NONE',  ( -1.000000000000000000, -0.000000000000000000, 0.000000000000000000 ) ) ;
#5053 = AXIS2_PLACEMENT_3D ( 'NONE', #2098, #4034, #2843 ) ;
#5054 = AXIS2_PLACEMENT_3D ( 'NONE', #3150, #3490, #3950 ) ;
#5055 = VECTOR ( 'NONE', #5066, 1000.000000000000000 ) ;
#5056 = FACE_OUTER_BOUND ( 'NONE', #3181, .T. ) ;
#5057 = ORIENTED_EDGE ( 'NONE', *, *, #439, .F. ) ;
#5058 = DIRECTION ( 'NONE',  ( -1.000000000000000000, 0.000000000000000000, 0.000000000000000000 ) ) ;
#5059 = APPLICATION_PROTOCOL_DEFINITION ( 'international standard', 'config_control_design', 1994, #2264 ) ;
#5060 = AXIS2_PLACEMENT_3D ( 'NONE', #2998, #1405, #2582 ) ;
#5061 = EDGE_CURVE ( 'NONE', #774, #94, #4681, .T. ) ;
#5062 = ORIENTED_EDGE ( 'NONE', *, *, #280, .T. ) ;
#5063 = ORIENTED_EDGE ( 'NONE', *, *, #1767, .F. ) ;
#5064 = CARTESIAN_POINT ( 'NONE',  ( -200.5999999999999943, -210.7827506026967228, 75.63805349013748014 ) ) ;
#5065 = DIRECTION ( 'NONE',  ( 0.000000000000000000, 0.000000000000000000, 1.000000000000000000 ) ) ;
#5066 = DIRECTION ( 'NONE',  ( 1.000000000000000000, 0.000000000000000000, -0.000000000000000000 ) ) ;
#5067 = DIRECTION ( 'NONE',  ( -1.000000000000000000, -0.000000000000000000, -0.000000000000000000 ) ) ;
#5068 = DIRECTION ( 'NONE',  ( -1.000000000000000000, -0.000000000000000000, -0.000000000000000000 ) ) ;
#5069 = ADVANCED_FACE ( 'NONE', ( #4450 ), #2101, .F. ) ;
#5070 = ORIENTED_EDGE ( 'NONE', *, *, #15, .T. ) ;
#5071 = DIRECTION ( 'NONE',  ( 0.000000000000000000, 0.000000000000000000, 1.000000000000000000 ) ) ;
#5072 = VECTOR ( 'NONE', #1067, 1000.000000000000000 ) ;
#5073 = ORIENTED_EDGE ( 'NONE', *, *, #3561, .T. ) ;
#5074 = FACE_OUTER_BOUND ( 'NONE', #28, .T. ) ;
#5075 = ORIENTED_EDGE ( 'NONE', *, *, #4729, .F. ) ;
#5076 = EDGE_CURVE ( 'NONE', #4368, #304, #5005, .T. ) ;
#5077 = LINE ( 'NONE', #1878, #748 ) ;
#5078 = EDGE_LOOP ( 'NONE', ( #598, #4184, #3570, #4769 ) ) ;
#5079 = CARTESIAN_POINT ( 'NONE',  ( -213.4000000000000057, -191.0000000000000000, 98.00000000000000000 ) ) ;
#5080 = CYLINDRICAL_SURFACE ( 'NONE', #860, 2.250000000000001776 ) ;
#5081 = VECTOR ( 'NONE', #685, 1000.000000000000000 ) ;
#5082 = EDGE_CURVE ( 'NONE', #982, #3893, #920, .T. ) ;
#5083 = ADVANCED_FACE ( 'NONE', ( #1383 ), #2509, .T. ) ;
#5084 = DIRECTION ( 'NONE',  ( 0.000000000000000000, -1.000000000000000000, 0.000000000000000000 ) ) ;
#5085 = ORIENTED_EDGE ( 'NONE', *, *, #1636, .T. ) ;
#5086 = DIRECTION ( 'NONE',  ( 1.000000000000000000, 0.000000000000000000, -0.000000000000000000 ) ) ;
#5087 = VERTEX_POINT ( 'NONE', #1758 ) ;
#5088 = VERTEX_POINT ( 'NONE', #4089 ) ;
#5089 = ORIENTED_EDGE ( 'NONE', *, *, #2237, .T. ) ;
#5090 = CARTESIAN_POINT ( 'NONE',  ( 223.0000000000000000, -208.4000000000000057, 50.25000000000000000 ) ) ;
#5091 = LINE ( 'NONE', #1555, #4643 ) ;
#5092 = LINE ( 'NONE', #434, #1989 ) ;
#5093 = DIRECTION ( 'NONE',  ( 1.000000000000000000, 0.000000000000000000, 0.000000000000000000 ) ) ;
#5094 = VERTEX_POINT ( 'NONE', #2124 ) ;
#5095 = DIRECTION ( 'NONE',  ( -1.000000000000000000, -0.000000000000000000, 0.000000000000000000 ) ) ;
ENDSEC;
END-ISO-10303-21;
