ISO-10303-21;
HEADER;
FILE_DESCRIPTION (( 'STEP AP203' ),
    '1' );
FILE_NAME ('LidCompressionStopPack_V11_EPDM_MetalStop.STEP',
    '2026-08-29T08:01:54',
    ( '' ),
    ( '' ),
    'SwSTEP 2.0',
    'SolidWorks 2025',
    '' );
FILE_SCHEMA (( 'CONFIG_CONTROL_DESIGN' ));
ENDSEC;

DATA;
#1 = DIRECTION ( 'NONE',  ( 0.000000000000000000, 0.000000000000000000, 1.000000000000000000 ) ) ;
#2 = EDGE_CURVE ( 'NONE', #1543, #344, #708, .T. ) ;
#3 = CLOSED_SHELL ( 'NONE', ( #297, #1209, #762, #711, #923, #1418 ) ) ;
#4 = CARTESIAN_POINT ( 'NONE',  ( 289.3999999999999773, -206.5000000000000284, 16.00000000000000000 ) ) ;
#5 = FACE_OUTER_BOUND ( 'NONE', #1851, .T. ) ;
#6 = DIRECTION ( 'NONE',  ( 0.000000000000000000, -0.000000000000000000, 1.000000000000000000 ) ) ;
#7 = DIRECTION ( 'NONE',  ( -0.000000000000000000, 1.000000000000000000, 0.000000000000000000 ) ) ;
#8 = ORIENTED_EDGE ( 'NONE', *, *, #1098, .F. ) ;
#9 = CARTESIAN_POINT ( 'NONE',  ( 0.000000000000000000, 0.000000000000000000, 0.000000000000000000 ) ) ;
#10 = ADVANCED_FACE ( 'NONE', ( #1600 ), #564, .T. ) ;
#11 = VECTOR ( 'NONE', #672, 1000.000000000000000 ) ;
#12 = LINE ( 'NONE', #1435, #1168 ) ;
#13 = DIRECTION ( 'NONE',  ( 0.000000000000000000, -1.000000000000000000, -0.000000000000000000 ) ) ;
#14 = LOCAL_TIME ( 16, 1, 54.00000000000000000, #1528 ) ;
#15 = CARTESIAN_POINT ( 'NONE',  ( 291.3000000000000114, 184.0000000000000000, 14.00000000000000000 ) ) ;
#16 = CARTESIAN_POINT ( 'NONE',  ( -291.3000000000000114, 204.0000000000000284, 14.00000000000000000 ) ) ;
#17 = EDGE_CURVE ( 'NONE', #457, #1878, #299, .T. ) ;
#18 = DIRECTION ( 'NONE',  ( 1.000000000000000000, 0.000000000000000000, -0.000000000000000000 ) ) ;
#19 = LINE ( 'NONE', #604, #1389 ) ;
#20 = ORIENTED_EDGE ( 'NONE', *, *, #227, .T. ) ;
#21 = CARTESIAN_POINT ( 'NONE',  ( 291.3000000000000114, -181.5000000000000000, 14.00000000000000000 ) ) ;
#22 = CARTESIAN_POINT ( 'NONE',  ( 287.5000000000000000, 181.5000000000000000, 14.00000000000000000 ) ) ;
#23 = DIRECTION ( 'NONE',  ( 0.000000000000000000, -0.000000000000000000, 1.000000000000000000 ) ) ;
#24 = EDGE_CURVE ( 'NONE', #76, #1010, #153, .T. ) ;
#25 = PLANE ( 'NONE',  #904 ) ;
#26 = CARTESIAN_POINT ( 'NONE',  ( -291.3000000000000114, 186.5000000000000000, 14.00000000000000000 ) ) ;
#27 = LINE ( 'NONE', #1081, #865 ) ;
#28 = CARTESIAN_POINT ( 'NONE',  ( -291.3000000000000114, -192.0000000000000000, 14.00000000000000000 ) ) ;
#29 = VERTEX_POINT ( 'NONE', #1436 ) ;
#30 = CARTESIAN_POINT ( 'NONE',  ( 287.5000000000000000, 204.0000000000000284, 14.00000000000000000 ) ) ;
#31 = EDGE_CURVE ( 'NONE', #926, #1850, #1446, .T. ) ;
#32 = PLANE ( 'NONE',  #415 ) ;
#33 = DIRECTION ( 'NONE',  ( 0.000000000000000000, -1.000000000000000000, 0.000000000000000000 ) ) ;
#34 = EDGE_CURVE ( 'NONE', #643, #548, #581, .T. ) ;
#35 = DIRECTION ( 'NONE',  ( -1.000000000000000000, -0.000000000000000000, 0.000000000000000000 ) ) ;
#36 = FACE_OUTER_BOUND ( 'NONE', #1077, .T. ) ;
#37 = VERTEX_POINT ( 'NONE', #719 ) ;
#38 = DIRECTION ( 'NONE',  ( -0.000000000000000000, 0.000000000000000000, -1.000000000000000000 ) ) ;
#39 = LINE ( 'NONE', #767, #1476 ) ;
#40 = ORIENTED_EDGE ( 'NONE', *, *, #31, .T. ) ;
#41 = PLANE ( 'NONE',  #1512 ) ;
#42 = VECTOR ( 'NONE', #1775, 1000.000000000000000 ) ;
#43 = CARTESIAN_POINT ( 'NONE',  ( 289.3999999999999773, 186.5000000000000000, 14.00000000000000000 ) ) ;
#44 = ORIENTED_EDGE ( 'NONE', *, *, #1098, .T. ) ;
#45 = VECTOR ( 'NONE', #146, 1000.000000000000000 ) ;
#46 = VECTOR ( 'NONE', #502, 1000.000000000000000 ) ;
#47 = VECTOR ( 'NONE', #127, 1000.000000000000000 ) ;
#48 = LINE ( 'NONE', #4, #270 ) ;
#49 = AXIS2_PLACEMENT_3D ( 'NONE', #726, #1008, #706 ) ;
#50 = ADVANCED_FACE ( 'NONE', ( #5 ), #590, .T. ) ;
#51 = ORIENTED_EDGE ( 'NONE', *, *, #1588, .F. ) ;
#52 = CARTESIAN_POINT ( 'NONE',  ( 289.3999999999999773, 192.0000000000000000, 14.00000000000000000 ) ) ;
#53 = PLANE ( 'NONE',  #77 ) ;
#54 = ORIENTED_EDGE ( 'NONE', *, *, #143, .T. ) ;
#55 = DIRECTION ( 'NONE',  ( 1.000000000000000000, 0.000000000000000000, -0.000000000000000000 ) ) ;
#56 = ORIENTED_EDGE ( 'NONE', *, *, #1219, .F. ) ;
#57 = EDGE_CURVE ( 'NONE', #417, #821, #764, .T. ) ;
#58 = DIRECTION ( 'NONE',  ( 1.000000000000000000, 0.000000000000000000, -0.000000000000000000 ) ) ;
#59 = ORIENTED_EDGE ( 'NONE', *, *, #1235, .F. ) ;
#60 = CARTESIAN_POINT ( 'NONE',  ( 291.3000000000000114, 181.5000000000000000, 14.00000000000000000 ) ) ;
#61 = DIRECTION ( 'NONE',  ( 1.000000000000000000, 0.000000000000000000, -0.000000000000000000 ) ) ;
#62 = ORIENTED_EDGE ( 'NONE', *, *, #642, .T. ) ;
#63 = LINE ( 'NONE', #1809, #1843 ) ;
#64 = EDGE_LOOP ( 'NONE', ( #518, #577, #1225, #1149 ) ) ;
#65 = CC_DESIGN_DATE_AND_TIME_ASSIGNMENT ( #1236, #1819, ( #1848 ) ) ;
#66 = DIRECTION ( 'NONE',  ( 0.000000000000000000, 0.000000000000000000, 1.000000000000000000 ) ) ;
#67 = ORIENTED_EDGE ( 'NONE', *, *, #198, .F. ) ;
#68 = EDGE_CURVE ( 'NONE', #957, #1590, #1189, .T. ) ;
#69 = PLANE ( 'NONE',  #1868 ) ;
#70 = ORIENTED_EDGE ( 'NONE', *, *, #949, .T. ) ;
#71 = FACE_OUTER_BOUND ( 'NONE', #1420, .T. ) ;
#72 = EDGE_CURVE ( 'NONE', #347, #1536, #1484, .T. ) ;
#73 = AXIS2_PLACEMENT_3D ( 'NONE', #775, #635, #1509 ) ;
#74 = AXIS2_PLACEMENT_3D ( 'NONE', #1523, #801, #915 ) ;
#75 = CARTESIAN_POINT ( 'NONE',  ( -289.3999999999999773, -181.5000000000000000, 14.00000000000000000 ) ) ;
#76 = VERTEX_POINT ( 'NONE', #897 ) ;
#77 = AXIS2_PLACEMENT_3D ( 'NONE', #890, #1369, #332 ) ;
#78 = CARTESIAN_POINT ( 'NONE',  ( 291.3000000000000114, 204.0000000000000284, 14.00000000000000000 ) ) ;
#79 = EDGE_LOOP ( 'NONE', ( #1730, #1403, #668, #1004 ) ) ;
#80 = ADVANCED_FACE ( 'NONE', ( #36 ), #1763, .T. ) ;
#81 = PERSON_AND_ORGANIZATION ( #848, #419 ) ;
#82 = CARTESIAN_POINT ( 'NONE',  ( -291.3000000000000114, 196.0000000000000000, 14.00000000000000000 ) ) ;
#83 = EDGE_CURVE ( 'NONE', #538, #996, #1342, .T. ) ;
#84 = DIRECTION ( 'NONE',  ( 0.000000000000000000, -1.000000000000000000, -0.000000000000000000 ) ) ;
#85 = EDGE_LOOP ( 'NONE', ( #1521, #869, #556, #377 ) ) ;
#86 = LINE ( 'NONE', #1824, #1839 ) ;
#87 = VERTEX_POINT ( 'NONE', #164 ) ;
#88 = COORDINATED_UNIVERSAL_TIME_OFFSET ( 8, 0, .AHEAD. ) ;
#89 = DIRECTION ( 'NONE',  ( 0.000000000000000000, -1.000000000000000000, -0.000000000000000000 ) ) ;
#90 = ORIENTED_EDGE ( 'NONE', *, *, #1618, .F. ) ;
#91 = LINE ( 'NONE', #987, #994 ) ;
#92 = ADVANCED_FACE ( 'NONE', ( #1477 ), #1325, .T. ) ;
#93 = LINE ( 'NONE', #1531, #46 ) ;
#94 = ORIENTED_EDGE ( 'NONE', *, *, #95, .T. ) ;
#95 = EDGE_CURVE ( 'NONE', #119, #1757, #472, .T. ) ;
#96 = FACE_OUTER_BOUND ( 'NONE', #1875, .T. ) ;
#97 = ORIENTED_EDGE ( 'NONE', *, *, #1755, .F. ) ;
#98 = VERTEX_POINT ( 'NONE', #176 ) ;
#99 = DIRECTION ( 'NONE',  ( 0.000000000000000000, 0.000000000000000000, 1.000000000000000000 ) ) ;
#100 = DIRECTION ( 'NONE',  ( 0.000000000000000000, 0.000000000000000000, 1.000000000000000000 ) ) ;
#101 = DIRECTION ( 'NONE',  ( -0.000000000000000000, 1.000000000000000000, 0.000000000000000000 ) ) ;
#102 = EDGE_CURVE ( 'NONE', #1724, #643, #755, .T. ) ;
#103 = VECTOR ( 'NONE', #329, 1000.000000000000000 ) ;
#104 = DIRECTION ( 'NONE',  ( 0.000000000000000000, 0.000000000000000000, 1.000000000000000000 ) ) ;
#105 = ORIENTED_EDGE ( 'NONE', *, *, #927, .T. ) ;
#106 = AXIS2_PLACEMENT_3D ( 'NONE', #1869, #1458, #1876 ) ;
#107 = EDGE_CURVE ( 'NONE', #1498, #983, #1759, .T. ) ;
#108 = VECTOR ( 'NONE', #1673, 1000.000000000000000 ) ;
#109 = ORIENTED_EDGE ( 'NONE', *, *, #1029, .T. ) ;
#110 = ORIENTED_EDGE ( 'NONE', *, *, #1039, .T. ) ;
#111 = VECTOR ( 'NONE', #1097, 1000.000000000000000 ) ;
#112 = CARTESIAN_POINT ( 'NONE',  ( -287.5000000000000000, 206.5000000000000284, 14.00000000000000000 ) ) ;
#113 = CARTESIAN_POINT ( 'NONE',  ( 291.3000000000000114, -194.0000000000000000, 14.00000000000000000 ) ) ;
#114 = VECTOR ( 'NONE', #1762, 1000.000000000000000 ) ;
#115 = CARTESIAN_POINT ( 'NONE',  ( 289.3999999999999773, -206.5000000000000284, 14.00000000000000000 ) ) ;
#116 = PLANE ( 'NONE',  #1354 ) ;
#117 = ORIENTED_EDGE ( 'NONE', *, *, #1247, .F. ) ;
#118 = ORIENTED_EDGE ( 'NONE', *, *, #375, .T. ) ;
#119 = VERTEX_POINT ( 'NONE', #753 ) ;
#120 = LINE ( 'NONE', #1845, #838 ) ;
#121 = PLANE ( 'NONE',  #537 ) ;
#122 = FACE_OUTER_BOUND ( 'NONE', #1422, .T. ) ;
#123 = FACE_OUTER_BOUND ( 'NONE', #791, .T. ) ;
#124 = ORIENTED_EDGE ( 'NONE', *, *, #1351, .F. ) ;
#125 = ORIENTED_EDGE ( 'NONE', *, *, #138, .F. ) ;
#126 = CARTESIAN_POINT ( 'NONE',  ( 287.5000000000000000, 181.5000000000000000, 14.00000000000000000 ) ) ;
#127 = DIRECTION ( 'NONE',  ( 1.000000000000000000, 0.000000000000000000, -0.000000000000000000 ) ) ;
#128 = LINE ( 'NONE', #1441, #721 ) ;
#129 = EDGE_CURVE ( 'NONE', #1387, #1375, #1492, .T. ) ;
#130 = FACE_OUTER_BOUND ( 'NONE', #1421, .T. ) ;
#131 = CARTESIAN_POINT ( 'NONE',  ( -289.3999999999999773, -206.5000000000000284, 14.00000000000000000 ) ) ;
#132 = ORIENTED_EDGE ( 'NONE', *, *, #1281, .F. ) ;
#133 = VECTOR ( 'NONE', #1367, 1000.000000000000000 ) ;
#134 = VECTOR ( 'NONE', #1240, 1000.000000000000000 ) ;
#135 = CARTESIAN_POINT ( 'NONE',  ( 289.3999999999999773, -196.0000000000000000, 14.00000000000000000 ) ) ;
#136 = VERTEX_POINT ( 'NONE', #1339 ) ;
#137 = LINE ( 'NONE', #1306, #513 ) ;
#138 = EDGE_CURVE ( 'NONE', #729, #29, #599, .T. ) ;
#139 = ORIENTED_EDGE ( 'NONE', *, *, #1559, .F. ) ;
#140 = VECTOR ( 'NONE', #1414, 1000.000000000000000 ) ;
#141 = CARTESIAN_POINT ( 'NONE',  ( -289.3999999999999773, -192.0000000000000000, 14.00000000000000000 ) ) ;
#142 = VECTOR ( 'NONE', #218, 1000.000000000000000 ) ;
#143 = EDGE_CURVE ( 'NONE', #155, #1543, #1331, .T. ) ;
#144 = DIRECTION ( 'NONE',  ( 0.000000000000000000, -1.000000000000000000, -0.000000000000000000 ) ) ;
#145 = ORIENTED_EDGE ( 'NONE', *, *, #1219, .T. ) ;
#146 = DIRECTION ( 'NONE',  ( -0.000000000000000000, 1.000000000000000000, 0.000000000000000000 ) ) ;
#147 = LINE ( 'NONE', #1719, #357 ) ;
#148 = VERTEX_POINT ( 'NONE', #1179 ) ;
#149 = CARTESIAN_POINT ( 'NONE',  ( 291.3000000000000114, -204.0000000000000284, 14.00000000000000000 ) ) ;
#150 = CARTESIAN_POINT ( 'NONE',  ( -287.5000000000000000, 184.0000000000000000, 14.00000000000000000 ) ) ;
#151 = ADVANCED_FACE ( 'NONE', ( #191 ), #1028, .T. ) ;
#152 = CARTESIAN_POINT ( 'NONE',  ( -289.3999999999999773, 192.0000000000000000, 16.00000000000000000 ) ) ;
#153 = LINE ( 'NONE', #868, #411 ) ;
#154 = EDGE_CURVE ( 'NONE', #1176, #957, #1471, .T. ) ;
#155 = VERTEX_POINT ( 'NONE', #1462 ) ;
#156 = CARTESIAN_POINT ( 'NONE',  ( 291.3000000000000114, 184.0000000000000000, 14.00000000000000000 ) ) ;
#157 = DIRECTION ( 'NONE',  ( -0.000000000000000000, 0.000000000000000000, -1.000000000000000000 ) ) ;
#158 = VERTEX_POINT ( 'NONE', #1158 ) ;
#159 = PERSON_AND_ORGANIZATION ( #848, #419 ) ;
#160 = CARTESIAN_POINT ( 'NONE',  ( 289.3999999999999773, -192.0000000000000000, 14.00000000000000000 ) ) ;
#161 = CC_DESIGN_PERSON_AND_ORGANIZATION_ASSIGNMENT ( #365, #226, ( #1664 ) ) ;
#162 = EDGE_CURVE ( 'NONE', #1831, #1430, #1635, .T. ) ;
#163 = LINE ( 'NONE', #735, #1818 ) ;
#164 = CARTESIAN_POINT ( 'NONE',  ( -287.5000000000000000, -181.5000000000000000, 14.00000000000000000 ) ) ;
#165 = ADVANCED_FACE ( 'NONE', ( #337 ), #1772, .T. ) ;
#166 = CARTESIAN_POINT ( 'NONE',  ( -287.5000000000000000, -206.5000000000000284, 14.00000000000000000 ) ) ;
#167 = LINE ( 'NONE', #1640, #1599 ) ;
#168 = VECTOR ( 'NONE', #1592, 1000.000000000000000 ) ;
#169 = ORIENTED_EDGE ( 'NONE', *, *, #1645, .F. ) ;
#170 = CALENDAR_DATE ( 2026, 29, 8 ) ;
#171 = VECTOR ( 'NONE', #1802, 1000.000000000000000 ) ;
#172 = LINE ( 'NONE', #22, #1566 ) ;
#173 = DIRECTION ( 'NONE',  ( 0.000000000000000000, -1.000000000000000000, -0.000000000000000000 ) ) ;
#174 = AXIS2_PLACEMENT_3D ( 'NONE', #9, #1468, #1177 ) ;
#175 = DIRECTION ( 'NONE',  ( 0.000000000000000000, -0.000000000000000000, 1.000000000000000000 ) ) ;
#176 = CARTESIAN_POINT ( 'NONE',  ( -287.5000000000000000, -181.5000000000000000, 16.00000000000000000 ) ) ;
#177 = EDGE_CURVE ( 'NONE', #1241, #155, #1624, .T. ) ;
#178 = DIRECTION ( 'NONE',  ( 0.000000000000000000, 0.000000000000000000, 1.000000000000000000 ) ) ;
#179 = LINE ( 'NONE', #1520, #142 ) ;
#180 = ORIENTED_EDGE ( 'NONE', *, *, #772, .T. ) ;
#181 = DIRECTION ( 'NONE',  ( -1.000000000000000000, -0.000000000000000000, 0.000000000000000000 ) ) ;
#182 = FACE_OUTER_BOUND ( 'NONE', #1064, .T. ) ;
#183 = CARTESIAN_POINT ( 'NONE',  ( -291.3000000000000114, 184.0000000000000000, 16.00000000000000000 ) ) ;
#184 = CARTESIAN_POINT ( 'NONE',  ( -287.5000000000000000, 204.0000000000000284, 14.00000000000000000 ) ) ;
#185 = ORIENTED_EDGE ( 'NONE', *, *, #1106, .T. ) ;
#186 = CARTESIAN_POINT ( 'NONE',  ( 287.5000000000000000, 206.5000000000000284, 14.00000000000000000 ) ) ;
#187 = DIRECTION ( 'NONE',  ( -1.000000000000000000, 0.000000000000000000, 0.000000000000000000 ) ) ;
#188 = ORIENTED_EDGE ( 'NONE', *, *, #1039, .F. ) ;
#189 = CARTESIAN_POINT ( 'NONE',  ( 291.3000000000000114, -186.5000000000000000, 16.00000000000000000 ) ) ;
#190 = DIRECTION ( 'NONE',  ( -0.000000000000000000, 1.000000000000000000, 0.000000000000000000 ) ) ;
#191 = FACE_OUTER_BOUND ( 'NONE', #1450, .T. ) ;
#192 = ADVANCED_FACE ( 'NONE', ( #1605 ), #440, .T. ) ;
#193 = CARTESIAN_POINT ( 'NONE',  ( -289.3999999999999773, -181.5000000000000000, 14.00000000000000000 ) ) ;
#194 = VERTEX_POINT ( 'NONE', #1187 ) ;
#195 = CARTESIAN_POINT ( 'NONE',  ( 289.3999999999999773, -201.5000000000000000, 14.00000000000000000 ) ) ;
#196 = PLANE ( 'NONE',  #1360 ) ;
#197 = ORIENTED_EDGE ( 'NONE', *, *, #1454, .T. ) ;
#198 = EDGE_CURVE ( 'NONE', #1026, #1608, #469, .T. ) ;
#199 = CARTESIAN_POINT ( 'NONE',  ( -287.5000000000000000, 184.0000000000000000, 14.00000000000000000 ) ) ;
#200 = ORIENTED_EDGE ( 'NONE', *, *, #1398, .T. ) ;
#201 = VECTOR ( 'NONE', #178, 1000.000000000000000 ) ;
#202 = AXIS2_PLACEMENT_3D ( 'NONE', #850, #698, #1573 ) ;
#203 = AXIS2_PLACEMENT_3D ( 'NONE', #1661, #1510, #613 ) ;
#204 = CARTESIAN_POINT ( 'NONE',  ( -287.5000000000000000, -194.0000000000000000, 14.00000000000000000 ) ) ;
#205 = AXIS2_PLACEMENT_3D ( 'NONE', #141, #1847, #862 ) ;
#206 = ORIENTED_EDGE ( 'NONE', *, *, #769, .F. ) ;
#207 = CARTESIAN_POINT ( 'NONE',  ( -289.3999999999999773, 184.0000000000000000, 16.00000000000000000 ) ) ;
#208 = FACE_OUTER_BOUND ( 'NONE', #1467, .T. ) ;
#209 = EDGE_LOOP ( 'NONE', ( #778, #364, #964, #1164 ) ) ;
#210 = PERSON_AND_ORGANIZATION_ROLE ( 'design_supplier' ) ;
#211 = PLANE ( 'NONE',  #416 ) ;
#212 = EDGE_LOOP ( 'NONE', ( #634, #1122, #169, #1123 ) ) ;
#213 = ADVANCED_FACE ( 'NONE', ( #182 ), #1453, .T. ) ;
#214 = CARTESIAN_POINT ( 'NONE',  ( 287.5000000000000000, 184.0000000000000000, 16.00000000000000000 ) ) ;
#215 = ORIENTED_EDGE ( 'NONE', *, *, #345, .T. ) ;
#216 = FACE_OUTER_BOUND ( 'NONE', #85, .T. ) ;
#217 = EDGE_CURVE ( 'NONE', #478, #1211, #734, .T. ) ;
#218 = DIRECTION ( 'NONE',  ( 0.000000000000000000, -1.000000000000000000, -0.000000000000000000 ) ) ;
#219 = ORIENTED_EDGE ( 'NONE', *, *, #863, .F. ) ;
#220 = CARTESIAN_POINT ( 'NONE',  ( 287.5000000000000000, 181.5000000000000000, 16.00000000000000000 ) ) ;
#221 = CARTESIAN_POINT ( 'NONE',  ( -291.3000000000000114, 194.0000000000000000, 16.00000000000000000 ) ) ;
#222 = ADVANCED_FACE ( 'NONE', ( #617 ), #451, .T. ) ;
#223 = VERTEX_POINT ( 'NONE', #1319 ) ;
#224 = PLANE ( 'NONE',  #1625 ) ;
#225 = ORIENTED_EDGE ( 'NONE', *, *, #633, .T. ) ;
#226 = PERSON_AND_ORGANIZATION_ROLE ( 'creator' ) ;
#227 = EDGE_CURVE ( 'NONE', #194, #274, #1195, .T. ) ;
#228 = CARTESIAN_POINT ( 'NONE',  ( 291.3000000000000114, -181.5000000000000000, 16.00000000000000000 ) ) ;
#229 = VECTOR ( 'NONE', #1182, 1000.000000000000000 ) ;
#230 = VECTOR ( 'NONE', #1042, 1000.000000000000000 ) ;
#231 = VECTOR ( 'NONE', #1829, 1000.000000000000000 ) ;
#232 = LINE ( 'NONE', #1078, #935 ) ;
#233 = VECTOR ( 'NONE', #970, 1000.000000000000000 ) ;
#234 = EDGE_LOOP ( 'NONE', ( #418, #614, #1034, #585 ) ) ;
#235 = VECTOR ( 'NONE', #943, 1000.000000000000000 ) ;
#236 = CARTESIAN_POINT ( 'NONE',  ( -291.3000000000000114, -204.0000000000000284, 16.00000000000000000 ) ) ;
#237 = EDGE_CURVE ( 'NONE', #1590, #765, #1062, .T. ) ;
#238 = VERTEX_POINT ( 'NONE', #746 ) ;
#239 = DIRECTION ( 'NONE',  ( -1.000000000000000000, -0.000000000000000000, 0.000000000000000000 ) ) ;
#240 = CARTESIAN_POINT ( 'NONE',  ( -287.5000000000000000, 201.5000000000000000, 14.00000000000000000 ) ) ;
#241 = EDGE_CURVE ( 'NONE', #1866, #1831, #283, .T. ) ;
#242 = DIRECTION ( 'NONE',  ( 1.000000000000000000, 0.000000000000000000, -0.000000000000000000 ) ) ;
#243 = ORIENTED_EDGE ( 'NONE', *, *, #414, .T. ) ;
#244 = CARTESIAN_POINT ( 'NONE',  ( -287.5000000000000000, 194.0000000000000000, 16.00000000000000000 ) ) ;
#245 = ORIENTED_EDGE ( 'NONE', *, *, #1629, .F. ) ;
#246 = ORIENTED_EDGE ( 'NONE', *, *, #275, .F. ) ;
#247 = DIRECTION ( 'NONE',  ( 1.000000000000000000, 0.000000000000000000, -0.000000000000000000 ) ) ;
#248 = CARTESIAN_POINT ( 'NONE',  ( 291.3000000000000114, -206.5000000000000284, 14.00000000000000000 ) ) ;
#249 = EDGE_CURVE ( 'NONE', #1207, #1515, #1726, .T. ) ;
#250 = PLANE ( 'NONE',  #49 ) ;
#251 = EDGE_CURVE ( 'NONE', #1788, #148, #1754, .T. ) ;
#252 = DIRECTION ( 'NONE',  ( 1.000000000000000000, 0.000000000000000000, -0.000000000000000000 ) ) ;
#253 = ORIENTED_EDGE ( 'NONE', *, *, #580, .F. ) ;
#254 = ORIENTED_EDGE ( 'NONE', *, *, #1591, .F. ) ;
#255 = ORIENTED_EDGE ( 'NONE', *, *, #1742, .T. ) ;
#256 = LINE ( 'NONE', #543, #1352 ) ;
#257 = CARTESIAN_POINT ( 'NONE',  ( -291.3000000000000114, -192.0000000000000000, 14.00000000000000000 ) ) ;
#258 = PLANE ( 'NONE',  #205 ) ;
#259 = CLOSED_SHELL ( 'NONE', ( #486, #305, #899, #1486, #973, #213 ) ) ;
#260 = VECTOR ( 'NONE', #281, 1000.000000000000000 ) ;
#261 = CARTESIAN_POINT ( 'NONE',  ( -291.3000000000000114, 184.0000000000000000, 14.00000000000000000 ) ) ;
#262 = EDGE_LOOP ( 'NONE', ( #1302, #903, #406, #937 ) ) ;
#263 = VECTOR ( 'NONE', #1749, 1000.000000000000000 ) ;
#264 = VECTOR ( 'NONE', #239, 1000.000000000000000 ) ;
#265 = ORIENTED_EDGE ( 'NONE', *, *, #1760, .F. ) ;
#266 = VERTEX_POINT ( 'NONE', #730 ) ;
#267 = VECTOR ( 'NONE', #847, 1000.000000000000000 ) ;
#268 = FACE_OUTER_BOUND ( 'NONE', #587, .T. ) ;
#269 = CARTESIAN_POINT ( 'NONE',  ( 289.3999999999999773, -186.5000000000000000, 14.00000000000000000 ) ) ;
#270 = VECTOR ( 'NONE', #1607, 1000.000000000000000 ) ;
#271 = CARTESIAN_POINT ( 'NONE',  ( 287.5000000000000000, -192.0000000000000000, 14.00000000000000000 ) ) ;
#272 = DIRECTION ( 'NONE',  ( 0.000000000000000000, -1.000000000000000000, -0.000000000000000000 ) ) ;
#273 = ORIENTED_EDGE ( 'NONE', *, *, #1380, .F. ) ;
#274 = VERTEX_POINT ( 'NONE', #126 ) ;
#275 = EDGE_CURVE ( 'NONE', #1268, #485, #301, .T. ) ;
#276 = DIRECTION ( 'NONE',  ( 1.000000000000000000, 0.000000000000000000, -0.000000000000000000 ) ) ;
#277 = DIRECTION ( 'NONE',  ( -0.000000000000000000, 1.000000000000000000, 0.000000000000000000 ) ) ;
#278 = DIRECTION ( 'NONE',  ( 0.000000000000000000, 0.000000000000000000, 1.000000000000000000 ) ) ;
#279 = DIRECTION ( 'NONE',  ( 1.000000000000000000, 0.000000000000000000, -0.000000000000000000 ) ) ;
#280 = ADVANCED_FACE ( 'NONE', ( #1023 ), #574, .T. ) ;
#281 = DIRECTION ( 'NONE',  ( 0.000000000000000000, 0.000000000000000000, 1.000000000000000000 ) ) ;
#282 = ORIENTED_EDGE ( 'NONE', *, *, #352, .T. ) ;
#283 = LINE ( 'NONE', #1148, #230 ) ;
#284 = DIRECTION ( 'NONE',  ( 0.000000000000000000, 0.000000000000000000, 1.000000000000000000 ) ) ;
#285 = EDGE_CURVE ( 'NONE', #1498, #1252, #463, .T. ) ;
#286 = DIRECTION ( 'NONE',  ( -1.000000000000000000, -0.000000000000000000, 0.000000000000000000 ) ) ;
#287 = DIRECTION ( 'NONE',  ( -0.000000000000000000, 1.000000000000000000, 0.000000000000000000 ) ) ;
#288 = ORIENTED_EDGE ( 'NONE', *, *, #1881, .T. ) ;
#289 = VECTOR ( 'NONE', #669, 1000.000000000000000 ) ;
#290 = AXIS2_PLACEMENT_3D ( 'NONE', #204, #58, #641 ) ;
#291 = DIRECTION ( 'NONE',  ( 1.000000000000000000, 0.000000000000000000, -0.000000000000000000 ) ) ;
#292 = EDGE_CURVE ( 'NONE', #1400, #1026, #1884, .T. ) ;
#293 = CARTESIAN_POINT ( 'NONE',  ( -287.5000000000000000, -201.5000000000000000, 16.00000000000000000 ) ) ;
#294 = EDGE_LOOP ( 'NONE', ( #1137, #516, #660, #1713 ) ) ;
#295 = DIRECTION ( 'NONE',  ( 0.000000000000000000, 0.000000000000000000, 1.000000000000000000 ) ) ;
#296 = DIRECTION ( 'NONE',  ( 0.000000000000000000, 0.000000000000000000, -1.000000000000000000 ) ) ;
#297 = ADVANCED_FACE ( 'NONE', ( #710 ), #1006, .T. ) ;
#298 = CARTESIAN_POINT ( 'NONE',  ( -291.3000000000000114, -206.5000000000000284, 16.00000000000000000 ) ) ;
#299 = LINE ( 'NONE', #878, #260 ) ;
#300 = ORIENTED_EDGE ( 'NONE', *, *, #666, .F. ) ;
#301 = LINE ( 'NONE', #722, #933 ) ;
#302 = CARTESIAN_POINT ( 'NONE',  ( 289.3999999999999773, -186.5000000000000000, 16.00000000000000000 ) ) ;
#303 = EDGE_LOOP ( 'NONE', ( #1532, #185, #1583, #215 ) ) ;
#304 = DIRECTION ( 'NONE',  ( 0.000000000000000000, -1.000000000000000000, -0.000000000000000000 ) ) ;
#305 = ADVANCED_FACE ( 'NONE', ( #1285 ), #310, .T. ) ;
#306 = CARTESIAN_POINT ( 'NONE',  ( 289.3999999999999773, 196.0000000000000000, 14.00000000000000000 ) ) ;
#307 = EDGE_CURVE ( 'NONE', #548, #1026, #1183, .T. ) ;
#308 = CARTESIAN_POINT ( 'NONE',  ( 287.5000000000000000, -204.0000000000000284, 14.00000000000000000 ) ) ;
#309 = VERTEX_POINT ( 'NONE', #1584 ) ;
#310 = PLANE ( 'NONE',  #106 ) ;
#311 = DIRECTION ( 'NONE',  ( -0.000000000000000000, 0.000000000000000000, -1.000000000000000000 ) ) ;
#312 = ORIENTED_EDGE ( 'NONE', *, *, #1615, .T. ) ;
#313 = DIRECTION ( 'NONE',  ( -0.000000000000000000, 0.000000000000000000, -1.000000000000000000 ) ) ;
#314 = DIRECTION ( 'NONE',  ( -1.000000000000000000, -0.000000000000000000, 0.000000000000000000 ) ) ;
#315 = ADVANCED_FACE ( 'NONE', ( #1162 ), #1764, .T. ) ;
#316 = CLOSED_SHELL ( 'NONE', ( #10, #1830, #750, #495, #843, #1873 ) ) ;
#317 = CARTESIAN_POINT ( 'NONE',  ( 291.3000000000000114, -201.5000000000000000, 16.00000000000000000 ) ) ;
#318 = DIRECTION ( 'NONE',  ( 0.000000000000000000, -0.000000000000000000, 1.000000000000000000 ) ) ;
#319 = CARTESIAN_POINT ( 'NONE',  ( -287.5000000000000000, -204.0000000000000284, 16.00000000000000000 ) ) ;
#320 = CARTESIAN_POINT ( 'NONE',  ( 289.3999999999999773, 204.0000000000000284, 14.00000000000000000 ) ) ;
#321 = AXIS2_PLACEMENT_3D ( 'NONE', #325, #771, #23 ) ;
#322 = ORIENTED_EDGE ( 'NONE', *, *, #1821, .T. ) ;
#323 = VECTOR ( 'NONE', #1822, 1000.000000000000000 ) ;
#324 = CARTESIAN_POINT ( 'NONE',  ( -289.3999999999999773, 206.5000000000000284, 14.00000000000000000 ) ) ;
#325 = CARTESIAN_POINT ( 'NONE',  ( 289.3999999999999773, 206.5000000000000284, 14.00000000000000000 ) ) ;
#326 = VECTOR ( 'NONE', #945, 1000.000000000000000 ) ;
#327 = VECTOR ( 'NONE', #461, 1000.000000000000000 ) ;
#328 = CARTESIAN_POINT ( 'NONE',  ( 291.3000000000000114, -204.0000000000000284, 16.00000000000000000 ) ) ;
#329 = DIRECTION ( 'NONE',  ( 0.000000000000000000, -1.000000000000000000, -0.000000000000000000 ) ) ;
#330 = ORIENTED_EDGE ( 'NONE', *, *, #1676, .F. ) ;
#331 = DIRECTION ( 'NONE',  ( -1.000000000000000000, -0.000000000000000000, 0.000000000000000000 ) ) ;
#332 = DIRECTION ( 'NONE',  ( 0.000000000000000000, -0.000000000000000000, 1.000000000000000000 ) ) ;
#333 = ORIENTED_EDGE ( 'NONE', *, *, #154, .F. ) ;
#334 = DIRECTION ( 'NONE',  ( 1.000000000000000000, 0.000000000000000000, -0.000000000000000000 ) ) ;
#335 = EDGE_CURVE ( 'NONE', #950, #309, #1438, .T. ) ;
#336 = CARTESIAN_POINT ( 'NONE',  ( 291.3000000000000114, 206.5000000000000284, 16.00000000000000000 ) ) ;
#337 = FACE_OUTER_BOUND ( 'NONE', #212, .T. ) ;
#338 = DIRECTION ( 'NONE',  ( -0.000000000000000000, 1.000000000000000000, 0.000000000000000000 ) ) ;
#339 = ORIENTED_EDGE ( 'NONE', *, *, #1068, .F. ) ;
#340 = CARTESIAN_POINT ( 'NONE',  ( 291.3000000000000114, 194.0000000000000000, 14.00000000000000000 ) ) ;
#341 = DIRECTION ( 'NONE',  ( -1.000000000000000000, -0.000000000000000000, 0.000000000000000000 ) ) ;
#342 = ORIENTED_EDGE ( 'NONE', *, *, #1340, .F. ) ;
#343 = LINE ( 'NONE', #1061, #898 ) ;
#344 = VERTEX_POINT ( 'NONE', #871 ) ;
#345 = EDGE_CURVE ( 'NONE', #404, #1498, #1296, .T. ) ;
#346 = DIRECTION ( 'NONE',  ( 0.000000000000000000, 0.000000000000000000, 1.000000000000000000 ) ) ;
#347 = VERTEX_POINT ( 'NONE', #584 ) ;
#348 = DIRECTION ( 'NONE',  ( 0.000000000000000000, 0.000000000000000000, 1.000000000000000000 ) ) ;
#349 = CARTESIAN_POINT ( 'NONE',  ( -291.3000000000000114, -194.0000000000000000, 14.00000000000000000 ) ) ;
#350 = ORIENTED_EDGE ( 'NONE', *, *, #652, .T. ) ;
#351 = CLOSED_SHELL ( 'NONE', ( #1091, #410, #981, #222, #1368, #473 ) ) ;
#352 = EDGE_CURVE ( 'NONE', #1252, #136, #1012, .T. ) ;
#353 = VECTOR ( 'NONE', #579, 1000.000000000000000 ) ;
#354 = DIRECTION ( 'NONE',  ( -1.000000000000000000, 0.000000000000000000, 0.000000000000000000 ) ) ;
#355 = VERTEX_POINT ( 'NONE', #1305 ) ;
#356 = VECTOR ( 'NONE', #1, 1000.000000000000000 ) ;
#357 = VECTOR ( 'NONE', #1315, 1000.000000000000000 ) ;
#358 = ADVANCED_FACE ( 'NONE', ( #446 ), #1602, .T. ) ;
#359 = PLANE ( 'NONE',  #1783 ) ;
#360 = VECTOR ( 'NONE', #334, 1000.000000000000000 ) ;
#361 = ORIENTED_EDGE ( 'NONE', *, *, #520, .T. ) ;
#362 = LINE ( 'NONE', #1073, #958 ) ;
#363 = LINE ( 'NONE', #798, #235 ) ;
#364 = ORIENTED_EDGE ( 'NONE', *, *, #686, .T. ) ;
#365 = PERSON_AND_ORGANIZATION ( #848, #419 ) ;
#366 = CARTESIAN_POINT ( 'NONE',  ( -291.3000000000000114, -194.0000000000000000, 16.00000000000000000 ) ) ;
#367 = ADVANCED_FACE ( 'NONE', ( #593 ), #797, .T. ) ;
#368 = DIRECTION ( 'NONE',  ( -0.000000000000000000, 1.000000000000000000, 0.000000000000000000 ) ) ;
#369 = EDGE_CURVE ( 'NONE', #404, #858, #1212, .T. ) ;
#370 = ORIENTED_EDGE ( 'NONE', *, *, #1250, .F. ) ;
#371 = LINE ( 'NONE', #1376, #133 ) ;
#372 = ORIENTED_EDGE ( 'NONE', *, *, #395, .F. ) ;
#373 = APPROVAL_ROLE ( '' ) ;
#374 = CARTESIAN_POINT ( 'NONE',  ( -287.5000000000000000, 181.5000000000000000, 16.00000000000000000 ) ) ;
#375 = EDGE_CURVE ( 'NONE', #1378, #1400, #487, .T. ) ;
#376 = LINE ( 'NONE', #675, #1443 ) ;
#377 = ORIENTED_EDGE ( 'NONE', *, *, #1701, .F. ) ;
#378 = DIRECTION ( 'NONE',  ( -0.000000000000000000, 0.000000000000000000, -1.000000000000000000 ) ) ;
#379 = ORIENTED_EDGE ( 'NONE', *, *, #530, .F. ) ;
#380 = PRODUCT_DEFINITION_SHAPE ( 'NONE', 'NONE',  #674 ) ;
#381 = EDGE_CURVE ( 'NONE', #1176, #765, #1669, .T. ) ;
#382 = CARTESIAN_POINT ( 'NONE',  ( -289.3999999999999773, -192.0000000000000000, 14.00000000000000000 ) ) ;
#383 = CARTESIAN_POINT ( 'NONE',  ( -287.5000000000000000, 192.0000000000000000, 14.00000000000000000 ) ) ;
#384 = VECTOR ( 'NONE', #1102, 1000.000000000000000 ) ;
#385 = VECTOR ( 'NONE', #820, 1000.000000000000000 ) ;
#386 = CARTESIAN_POINT ( 'NONE',  ( 289.3999999999999773, 186.5000000000000000, 16.00000000000000000 ) ) ;
#387 = ORIENTED_EDGE ( 'NONE', *, *, #1499, .T. ) ;
#388 = VECTOR ( 'NONE', #1063, 1000.000000000000000 ) ;
#389 = CARTESIAN_POINT ( 'NONE',  ( -291.3000000000000114, 206.5000000000000284, 14.00000000000000000 ) ) ;
#390 = ORIENTED_EDGE ( 'NONE', *, *, #335, .F. ) ;
#391 = EDGE_LOOP ( 'NONE', ( #1243, #873, #1563, #1103 ) ) ;
#392 = CC_DESIGN_APPROVAL ( #723, ( #1664 ) ) ;
#393 = PLANE ( 'NONE',  #1233 ) ;
#394 = CARTESIAN_POINT ( 'NONE',  ( 287.5000000000000000, -186.5000000000000000, 14.00000000000000000 ) ) ;
#395 = EDGE_CURVE ( 'NONE', #813, #1850, #1357, .T. ) ;
#396 = CARTESIAN_POINT ( 'NONE',  ( 289.3999999999999773, 206.5000000000000284, 16.00000000000000000 ) ) ;
#397 = EDGE_LOOP ( 'NONE', ( #1575, #934, #803, #132 ) ) ;
#398 = ORIENTED_EDGE ( 'NONE', *, *, #1503, .T. ) ;
#399 = ORIENTED_EDGE ( 'NONE', *, *, #95, .F. ) ;
#400 = DIRECTION ( 'NONE',  ( -0.000000000000000000, 1.000000000000000000, 0.000000000000000000 ) ) ;
#401 = DIRECTION ( 'NONE',  ( 0.000000000000000000, 0.000000000000000000, -1.000000000000000000 ) ) ;
#402 = FACE_OUTER_BOUND ( 'NONE', #1316, .T. ) ;
#403 = DIRECTION ( 'NONE',  ( 0.000000000000000000, 0.000000000000000000, 1.000000000000000000 ) ) ;
#404 = VERTEX_POINT ( 'NONE', #1660 ) ;
#405 = ORIENTED_EDGE ( 'NONE', *, *, #1015, .T. ) ;
#406 = ORIENTED_EDGE ( 'NONE', *, *, #700, .F. ) ;
#407 = PLANE ( 'NONE',  #1569 ) ;
#408 = CARTESIAN_POINT ( 'NONE',  ( 291.3000000000000114, 192.0000000000000000, 14.00000000000000000 ) ) ;
#409 = LINE ( 'NONE', #1570, #1663 ) ;
#410 = ADVANCED_FACE ( 'NONE', ( #1639 ), #517, .T. ) ;
#411 = VECTOR ( 'NONE', #736, 1000.000000000000000 ) ;
#412 = VECTOR ( 'NONE', #1487, 1000.000000000000000 ) ;
#413 = CARTESIAN_POINT ( 'NONE',  ( 291.3000000000000114, 186.5000000000000000, 16.00000000000000000 ) ) ;
#414 = EDGE_CURVE ( 'NONE', #1792, #448, #362, .T. ) ;
#415 = AXIS2_PLACEMENT_3D ( 'NONE', #925, #1206, #480 ) ;
#416 = AXIS2_PLACEMENT_3D ( 'NONE', #1481, #1623, #1338 ) ;
#417 = VERTEX_POINT ( 'NONE', #186 ) ;
#418 = ORIENTED_EDGE ( 'NONE', *, *, #1226, .T. ) ;
#419 = ORGANIZATION ( '未', '未', '' ) ;
#420 = CARTESIAN_POINT ( 'NONE',  ( -291.3000000000000114, -184.0000000000000000, 14.00000000000000000 ) ) ;
#421 = VERTEX_POINT ( 'NONE', #644 ) ;
#422 = DIRECTION ( 'NONE',  ( -1.000000000000000000, 0.000000000000000000, 0.000000000000000000 ) ) ;
#423 = CARTESIAN_POINT ( 'NONE',  ( 287.5000000000000000, -204.0000000000000284, 16.00000000000000000 ) ) ;
#424 = EDGE_CURVE ( 'NONE', #309, #1632, #27, .T. ) ;
#425 = CARTESIAN_POINT ( 'NONE',  ( -291.3000000000000114, 186.5000000000000000, 14.00000000000000000 ) ) ;
#426 = EDGE_CURVE ( 'NONE', #1216, #1823, #371, .T. ) ;
#427 = DIRECTION ( 'NONE',  ( 0.000000000000000000, 0.000000000000000000, 1.000000000000000000 ) ) ;
#428 = EDGE_LOOP ( 'NONE', ( #823, #1214, #500, #1725 ) ) ;
#429 = DIRECTION ( 'NONE',  ( 0.000000000000000000, 0.000000000000000000, 1.000000000000000000 ) ) ;
#430 = LINE ( 'NONE', #1870, #482 ) ;
#431 = CARTESIAN_POINT ( 'NONE',  ( -291.3000000000000114, 192.0000000000000000, 14.00000000000000000 ) ) ;
#432 = EDGE_CURVE ( 'NONE', #548, #355, #1095, .T. ) ;
#433 = CARTESIAN_POINT ( 'NONE',  ( -287.5000000000000000, -194.0000000000000000, 14.00000000000000000 ) ) ;
#434 = ORIENTED_EDGE ( 'NONE', *, *, #1742, .F. ) ;
#435 = DIRECTION ( 'NONE',  ( -0.000000000000000000, 1.000000000000000000, 0.000000000000000000 ) ) ;
#436 = LINE ( 'NONE', #568, #718 ) ;
#437 = ORIENTED_EDGE ( 'NONE', *, *, #83, .F. ) ;
#438 = PERSON_AND_ORGANIZATION ( #848, #419 ) ;
#439 = EDGE_CURVE ( 'NONE', #955, #1555, #766, .T. ) ;
#440 = PLANE ( 'NONE',  #1716 ) ;
#441 = CLOSED_SHELL ( 'NONE', ( #819, #1374, #501, #1796, #1049, #80 ) ) ;
#442 = ORIENTED_EDGE ( 'NONE', *, *, #828, .T. ) ;
#443 = ORIENTED_EDGE ( 'NONE', *, *, #452, .F. ) ;
#444 = VECTOR ( 'NONE', #978, 1000.000000000000000 ) ;
#445 = AXIS2_PLACEMENT_3D ( 'NONE', #1107, #535, #346 ) ;
#446 = FACE_OUTER_BOUND ( 'NONE', #1511, .T. ) ;
#447 = PLANE ( 'NONE',  #900 ) ;
#448 = VERTEX_POINT ( 'NONE', #1776 ) ;
#449 = APPROVAL_ROLE ( '' ) ;
#450 = AXIS2_PLACEMENT_3D ( 'NONE', #1288, #101, #1587 ) ;
#451 = PLANE ( 'NONE',  #1083 ) ;
#452 = EDGE_CURVE ( 'NONE', #29, #950, #475, .T. ) ;
#453 = CARTESIAN_POINT ( 'NONE',  ( -289.3999999999999773, 192.0000000000000000, 14.00000000000000000 ) ) ;
#454 = ORIENTED_EDGE ( 'NONE', *, *, #1121, .T. ) ;
#455 = CARTESIAN_POINT ( 'NONE',  ( -291.3000000000000114, 192.0000000000000000, 14.00000000000000000 ) ) ;
#456 = CARTESIAN_POINT ( 'NONE',  ( 291.3000000000000114, 204.0000000000000284, 14.00000000000000000 ) ) ;
#457 = VERTEX_POINT ( 'NONE', #1806 ) ;
#458 = DIRECTION ( 'NONE',  ( 1.000000000000000000, 0.000000000000000000, -0.000000000000000000 ) ) ;
#459 = DIRECTION ( 'NONE',  ( -1.000000000000000000, -0.000000000000000000, 0.000000000000000000 ) ) ;
#460 = MANIFOLD_SOLID_BREP ( 'closed-state EPDM preload pad', #1530 ) ;
#461 = DIRECTION ( 'NONE',  ( 0.000000000000000000, -1.000000000000000000, -0.000000000000000000 ) ) ;
#462 = DIRECTION ( 'NONE',  ( -0.000000000000000000, 1.000000000000000000, 0.000000000000000000 ) ) ;
#463 = LINE ( 'NONE', #1609, #1565 ) ;
#464 = MANIFOLD_SOLID_BREP ( '\X2\8f935165\X0\2', #1227 ) ;
#465 = CARTESIAN_POINT ( 'NONE',  ( 291.3000000000000114, 201.5000000000000000, 16.00000000000000000 ) ) ;
#466 = ORIENTED_EDGE ( 'NONE', *, *, #536, .T. ) ;
#467 = APPROVAL_STATUS ( 'not_yet_approved' ) ;
#468 = PLANE ( 'NONE',  #1356 ) ;
#469 = LINE ( 'NONE', #907, #1196 ) ;
#470 = APPLICATION_CONTEXT ( 'configuration controlled 3d designs of mechanical parts and assemblies' ) ;
#471 = CARTESIAN_POINT ( 'NONE',  ( 291.3000000000000114, -201.5000000000000000, 14.00000000000000000 ) ) ;
#472 = LINE ( 'NONE', #1041, #930 ) ;
#473 = ADVANCED_FACE ( 'NONE', ( #931 ), #69, .T. ) ;
#474 = CLOSED_SHELL ( 'NONE', ( #1541, #192, #1433, #1722, #1100, #888 ) ) ;
#475 = LINE ( 'NONE', #1055, #412 ) ;
#476 = FACE_OUTER_BOUND ( 'NONE', #1794, .T. ) ;
#477 = VECTOR ( 'NONE', #1326, 1000.000000000000000 ) ;
#478 = VERTEX_POINT ( 'NONE', #623 ) ;
#479 =( NAMED_UNIT ( * ) SI_UNIT ( $, .STERADIAN. ) SOLID_ANGLE_UNIT ( ) );
#480 = DIRECTION ( 'NONE',  ( -0.000000000000000000, 0.000000000000000000, -1.000000000000000000 ) ) ;
#481 = DIRECTION ( 'NONE',  ( 0.000000000000000000, -1.000000000000000000, -0.000000000000000000 ) ) ;
#482 = VECTOR ( 'NONE', #284, 1000.000000000000000 ) ;
#483 = VECTOR ( 'NONE', #1210, 1000.000000000000000 ) ;
#484 = DIRECTION ( 'NONE',  ( -0.000000000000000000, 1.000000000000000000, 0.000000000000000000 ) ) ;
#485 = VERTEX_POINT ( 'NONE', #504 ) ;
#486 = ADVANCED_FACE ( 'NONE', ( #216 ), #1202, .T. ) ;
#487 = LINE ( 'NONE', #1220, #777 ) ;
#488 = CARTESIAN_POINT ( 'NONE',  ( -289.3999999999999773, 186.5000000000000000, 14.00000000000000000 ) ) ;
#489 = ORIENTED_EDGE ( 'NONE', *, *, #885, .F. ) ;
#490 = PLANE ( 'NONE',  #1508 ) ;
#491 = VERTEX_POINT ( 'NONE', #651 ) ;
#492 = MANIFOLD_SOLID_BREP ( '\X2\8f935165\X0\11', #1502 ) ;
#493 = DIRECTION ( 'NONE',  ( 0.000000000000000000, 0.000000000000000000, 1.000000000000000000 ) ) ;
#494 = VERTEX_POINT ( 'NONE', #1065 ) ;
#495 = ADVANCED_FACE ( 'NONE', ( #920 ), #1496, .T. ) ;
#496 = DIRECTION ( 'NONE',  ( 0.000000000000000000, 0.000000000000000000, -1.000000000000000000 ) ) ;
#497 = DIRECTION ( 'NONE',  ( -0.000000000000000000, 0.000000000000000000, -1.000000000000000000 ) ) ;
#498 = ORIENTED_EDGE ( 'NONE', *, *, #554, .F. ) ;
#499 = LINE ( 'NONE', #324, #171 ) ;
#500 = ORIENTED_EDGE ( 'NONE', *, *, #1423, .T. ) ;
#501 = ADVANCED_FACE ( 'NONE', ( #1816 ), #661, .T. ) ;
#502 = DIRECTION ( 'NONE',  ( 0.000000000000000000, -1.000000000000000000, -0.000000000000000000 ) ) ;
#503 = ORIENTED_EDGE ( 'NONE', *, *, #1638, .T. ) ;
#504 = CARTESIAN_POINT ( 'NONE',  ( -287.5000000000000000, 192.0000000000000000, 16.00000000000000000 ) ) ;
#505 = MANIFOLD_SOLID_BREP ( '\X2\8f935165\X0\9', #1409 ) ;
#506 = DIRECTION ( 'NONE',  ( 0.000000000000000000, 0.000000000000000000, 1.000000000000000000 ) ) ;
#507 = ORIENTED_EDGE ( 'NONE', *, *, #154, .T. ) ;
#508 = EDGE_CURVE ( 'NONE', #1554, #1304, #1109, .T. ) ;
#509 = VECTOR ( 'NONE', #459, 1000.000000000000000 ) ;
#510 = CARTESIAN_POINT ( 'NONE',  ( 289.3999999999999773, -196.0000000000000000, 14.00000000000000000 ) ) ;
#511 = ORIENTED_EDGE ( 'NONE', *, *, #102, .T. ) ;
#512 = VECTOR ( 'NONE', #612, 1000.000000000000000 ) ;
#513 = VECTOR ( 'NONE', #854, 1000.000000000000000 ) ;
#514 = PLANE ( 'NONE',  #866 ) ;
#515 = VECTOR ( 'NONE', #1332, 1000.000000000000000 ) ;
#516 = ORIENTED_EDGE ( 'NONE', *, *, #1351, .T. ) ;
#517 = PLANE ( 'NONE',  #1782 ) ;
#518 = ORIENTED_EDGE ( 'NONE', *, *, #1439, .T. ) ;
#519 = CARTESIAN_POINT ( 'NONE',  ( -291.3000000000000114, -184.0000000000000000, 14.00000000000000000 ) ) ;
#520 = EDGE_CURVE ( 'NONE', #1589, #87, #1544, .T. ) ;
#521 = LINE ( 'NONE', #214, #385 ) ;
#522 = ORIENTED_EDGE ( 'NONE', *, *, #1287, .T. ) ;
#523 = CARTESIAN_POINT ( 'NONE',  ( -287.5000000000000000, 194.0000000000000000, 14.00000000000000000 ) ) ;
#524 = ORIENTED_EDGE ( 'NONE', *, *, #863, .T. ) ;
#525 = DIRECTION ( 'NONE',  ( 0.000000000000000000, 0.000000000000000000, -1.000000000000000000 ) ) ;
#526 = DIRECTION ( 'NONE',  ( -1.000000000000000000, -0.000000000000000000, 0.000000000000000000 ) ) ;
#527 = DIRECTION ( 'NONE',  ( -1.000000000000000000, -0.000000000000000000, 0.000000000000000000 ) ) ;
#528 = ORIENTED_EDGE ( 'NONE', *, *, #177, .F. ) ;
#529 = DIRECTION ( 'NONE',  ( -1.000000000000000000, -0.000000000000000000, 0.000000000000000000 ) ) ;
#530 = EDGE_CURVE ( 'NONE', #1010, #485, #804, .T. ) ;
#531 = ORIENTED_EDGE ( 'NONE', *, *, #24, .F. ) ;
#532 = CARTESIAN_POINT ( 'NONE',  ( 287.5000000000000000, -184.0000000000000000, 16.00000000000000000 ) ) ;
#533 = DIRECTION ( 'NONE',  ( 0.000000000000000000, 0.000000000000000000, 1.000000000000000000 ) ) ;
#534 = VECTOR ( 'NONE', #1567, 1000.000000000000000 ) ;
#535 = DIRECTION ( 'NONE',  ( -1.000000000000000000, -0.000000000000000000, 0.000000000000000000 ) ) ;
#536 = EDGE_CURVE ( 'NONE', #1307, #662, #1686, .T. ) ;
#537 = AXIS2_PLACEMENT_3D ( 'NONE', #1449, #1000, #1744 ) ;
#538 = VERTEX_POINT ( 'NONE', #389 ) ;
#539 = AXIS2_PLACEMENT_3D ( 'NONE', #488, #1184, #624 ) ;
#540 = ORIENTED_EDGE ( 'NONE', *, *, #633, .F. ) ;
#541 = EDGE_LOOP ( 'NONE', ( #860, #1525, #1185, #1808 ) ) ;
#542 = APPROVAL_PERSON_ORGANIZATION ( #438, #723, #875 ) ;
#543 = CARTESIAN_POINT ( 'NONE',  ( 289.3999999999999773, 196.0000000000000000, 16.00000000000000000 ) ) ;
#544 = DIRECTION ( 'NONE',  ( 0.000000000000000000, 0.000000000000000000, 1.000000000000000000 ) ) ;
#545 = CARTESIAN_POINT ( 'NONE',  ( -287.5000000000000000, -186.5000000000000000, 16.00000000000000000 ) ) ;
#546 = CARTESIAN_POINT ( 'NONE',  ( 291.3000000000000114, -206.5000000000000284, 14.00000000000000000 ) ) ;
#547 = EDGE_LOOP ( 'NONE', ( #1067, #219, #1527, #90 ) ) ;
#548 = VERTEX_POINT ( 'NONE', #1526 ) ;
#549 = ADVANCED_FACE ( 'NONE', ( #1242 ), #224, .T. ) ;
#550 = ORIENTED_EDGE ( 'NONE', *, *, #1303, .T. ) ;
#551 = DIRECTION ( 'NONE',  ( 1.000000000000000000, 0.000000000000000000, -0.000000000000000000 ) ) ;
#552 = CARTESIAN_POINT ( 'NONE',  ( -287.5000000000000000, 204.0000000000000284, 14.00000000000000000 ) ) ;
#553 = DIRECTION ( 'NONE',  ( -0.000000000000000000, 1.000000000000000000, 0.000000000000000000 ) ) ;
#554 = EDGE_CURVE ( 'NONE', #1589, #1792, #86, .T. ) ;
#555 = PLANE ( 'NONE',  #592 ) ;
#556 = ORIENTED_EDGE ( 'NONE', *, *, #237, .F. ) ;
#557 = EDGE_LOOP ( 'NONE', ( #1269, #670, #966, #571 ) ) ;
#558 = DIRECTION ( 'NONE',  ( -1.000000000000000000, -0.000000000000000000, 0.000000000000000000 ) ) ;
#559 = PLANE ( 'NONE',  #961 ) ;
#560 = CARTESIAN_POINT ( 'NONE',  ( 289.3999999999999773, -181.5000000000000000, 16.00000000000000000 ) ) ;
#561 = EDGE_CURVE ( 'NONE', #1268, #478, #678, .T. ) ;
#562 = AXIS2_PLACEMENT_3D ( 'NONE', #207, #942, #1789 ) ;
#563 = FACE_OUTER_BOUND ( 'NONE', #547, .T. ) ;
#564 = PLANE ( 'NONE',  #1865 ) ;
#565 = EDGE_LOOP ( 'NONE', ( #1411, #255, #1372, #748 ) ) ;
#566 = VECTOR ( 'NONE', #1616, 1000.000000000000000 ) ;
#567 = DIRECTION ( 'NONE',  ( 0.000000000000000000, 0.000000000000000000, 1.000000000000000000 ) ) ;
#568 = CARTESIAN_POINT ( 'NONE',  ( -287.5000000000000000, 201.5000000000000000, 14.00000000000000000 ) ) ;
#569 = DIRECTION ( 'NONE',  ( 0.000000000000000000, 0.000000000000000000, 1.000000000000000000 ) ) ;
#570 = EDGE_CURVE ( 'NONE', #1608, #1378, #1401, .T. ) ;
#571 = ORIENTED_EDGE ( 'NONE', *, *, #424, .F. ) ;
#572 = ADVANCED_FACE ( 'NONE', ( #96 ), #1257, .T. ) ;
#573 = ORIENTED_EDGE ( 'NONE', *, *, #102, .F. ) ;
#574 = PLANE ( 'NONE',  #1384 ) ;
#575 = ORIENTED_EDGE ( 'NONE', *, *, #1165, .T. ) ;
#576 = CARTESIAN_POINT ( 'NONE',  ( 291.3000000000000114, 192.0000000000000000, 16.00000000000000000 ) ) ;
#577 = ORIENTED_EDGE ( 'NONE', *, *, #1701, .T. ) ;
#578 = LINE ( 'NONE', #1133, #631 ) ;
#579 = DIRECTION ( 'NONE',  ( 0.000000000000000000, 0.000000000000000000, 1.000000000000000000 ) ) ;
#580 = EDGE_CURVE ( 'NONE', #158, #1171, #1853, .T. ) ;
#581 = LINE ( 'NONE', #131, #622 ) ;
#582 = ORIENTED_EDGE ( 'NONE', *, *, #143, .F. ) ;
#583 = EDGE_CURVE ( 'NONE', #1171, #955, #1698, .T. ) ;
#584 = CARTESIAN_POINT ( 'NONE',  ( -291.3000000000000114, -181.5000000000000000, 14.00000000000000000 ) ) ;
#585 = ORIENTED_EDGE ( 'NONE', *, *, #452, .T. ) ;
#586 = DIRECTION ( 'NONE',  ( -1.000000000000000000, 0.000000000000000000, 0.000000000000000000 ) ) ;
#587 = EDGE_LOOP ( 'NONE', ( #796, #1546, #1611, #1070 ) ) ;
#588 = CARTESIAN_POINT ( 'NONE',  ( -289.3999999999999773, 196.0000000000000000, 14.00000000000000000 ) ) ;
#589 = CARTESIAN_POINT ( 'NONE',  ( -291.3000000000000114, 201.5000000000000000, 14.00000000000000000 ) ) ;
#590 = PLANE ( 'NONE',  #1050 ) ;
#591 = AXIS2_PLACEMENT_3D ( 'NONE', #1261, #558, #99 ) ;
#592 = AXIS2_PLACEMENT_3D ( 'NONE', #598, #313, #707 ) ;
#593 = FACE_OUTER_BOUND ( 'NONE', #1858, .T. ) ;
#594 = DIRECTION ( 'NONE',  ( 0.000000000000000000, 0.000000000000000000, 1.000000000000000000 ) ) ;
#595 = ORIENTED_EDGE ( 'NONE', *, *, #1597, .F. ) ;
#596 = FACE_OUTER_BOUND ( 'NONE', #1841, .T. ) ;
#597 = VECTOR ( 'NONE', #886, 1000.000000000000000 ) ;
#598 = CARTESIAN_POINT ( 'NONE',  ( -289.3999999999999773, 184.0000000000000000, 14.00000000000000000 ) ) ;
#599 = LINE ( 'NONE', #160, #509 ) ;
#600 = LOCAL_TIME ( 16, 1, 54.00000000000000000, #671 ) ;
#601 = FACE_OUTER_BOUND ( 'NONE', #1153, .T. ) ;
#602 = CARTESIAN_POINT ( 'NONE',  ( -289.3999999999999773, -201.5000000000000000, 14.00000000000000000 ) ) ;
#603 = CARTESIAN_POINT ( 'NONE',  ( 289.3999999999999773, -184.0000000000000000, 16.00000000000000000 ) ) ;
#604 = CARTESIAN_POINT ( 'NONE',  ( 289.3999999999999773, -186.5000000000000000, 14.00000000000000000 ) ) ;
#605 = ORIENTED_EDGE ( 'NONE', *, *, #1444, .F. ) ;
#606 = DIRECTION ( 'NONE',  ( 1.000000000000000000, 0.000000000000000000, -0.000000000000000000 ) ) ;
#607 = CARTESIAN_POINT ( 'NONE',  ( 287.5000000000000000, -196.0000000000000000, 16.00000000000000000 ) ) ;
#608 = CARTESIAN_POINT ( 'NONE',  ( -289.3999999999999773, -196.0000000000000000, 14.00000000000000000 ) ) ;
#609 = ADVANCED_FACE ( 'NONE', ( #834 ), #1424, .T. ) ;
#610 = LINE ( 'NONE', #1188, #1144 ) ;
#611 = CARTESIAN_POINT ( 'NONE',  ( -291.3000000000000114, -181.5000000000000000, 14.00000000000000000 ) ) ;
#612 = DIRECTION ( 'NONE',  ( -0.000000000000000000, 1.000000000000000000, 0.000000000000000000 ) ) ;
#613 = DIRECTION ( 'NONE',  ( 0.000000000000000000, 0.000000000000000000, 1.000000000000000000 ) ) ;
#614 = ORIENTED_EDGE ( 'NONE', *, *, #1300, .T. ) ;
#615 = PERSON_AND_ORGANIZATION_ROLE ( 'design_owner' ) ;
#616 = LINE ( 'NONE', #43, #810 ) ;
#617 = FACE_OUTER_BOUND ( 'NONE', #262, .T. ) ;
#618 = EDGE_CURVE ( 'NONE', #858, #1387, #256, .T. ) ;
#619 = CARTESIAN_POINT ( 'NONE',  ( 291.3000000000000114, 201.5000000000000000, 14.00000000000000000 ) ) ;
#620 = DIRECTION ( 'NONE',  ( 0.000000000000000000, 0.000000000000000000, 1.000000000000000000 ) ) ;
#621 = ORIENTED_EDGE ( 'NONE', *, *, #1068, .T. ) ;
#622 = VECTOR ( 'NONE', #1312, 1000.000000000000000 ) ;
#623 = CARTESIAN_POINT ( 'NONE',  ( -287.5000000000000000, 196.0000000000000000, 14.00000000000000000 ) ) ;
#624 = DIRECTION ( 'NONE',  ( 0.000000000000000000, -0.000000000000000000, 1.000000000000000000 ) ) ;
#625 = VECTOR ( 'NONE', #173, 1000.000000000000000 ) ;
#626 = EDGE_LOOP ( 'NONE', ( #1276, #882, #265, #1120 ) ) ;
#627 = FACE_OUTER_BOUND ( 'NONE', #1408, .T. ) ;
#628 = CARTESIAN_POINT ( 'NONE',  ( 287.5000000000000000, -192.0000000000000000, 16.00000000000000000 ) ) ;
#629 = ORIENTED_EDGE ( 'NONE', *, *, #666, .T. ) ;
#630 = VECTOR ( 'NONE', #1381, 1000.000000000000000 ) ;
#631 = VECTOR ( 'NONE', #286, 1000.000000000000000 ) ;
#632 = CARTESIAN_POINT ( 'NONE',  ( -291.3000000000000114, 186.5000000000000000, 16.00000000000000000 ) ) ;
#633 = EDGE_CURVE ( 'NONE', #1632, #1031, #681, .T. ) ;
#634 = ORIENTED_EDGE ( 'NONE', *, *, #307, .T. ) ;
#635 = DIRECTION ( 'NONE',  ( -0.000000000000000000, 0.000000000000000000, -1.000000000000000000 ) ) ;
#636 = EDGE_CURVE ( 'NONE', #491, #926, #120, .T. ) ;
#637 = PLANE ( 'NONE',  #1540 ) ;
#638 = ORIENTED_EDGE ( 'NONE', *, *, #1666, .T. ) ;
#639 = CARTESIAN_POINT ( 'NONE',  ( -287.5000000000000000, 196.0000000000000000, 16.00000000000000000 ) ) ;
#640 = ORIENTED_EDGE ( 'NONE', *, *, #967, .F. ) ;
#641 = DIRECTION ( 'NONE',  ( -0.000000000000000000, 0.000000000000000000, -1.000000000000000000 ) ) ;
#642 = EDGE_CURVE ( 'NONE', #1375, #983, #1253, .T. ) ;
#643 = VERTEX_POINT ( 'NONE', #1556 ) ;
#644 = CARTESIAN_POINT ( 'NONE',  ( -287.5000000000000000, -196.0000000000000000, 16.00000000000000000 ) ) ;
#645 = PLANE ( 'NONE',  #1721 ) ;
#646 = ORIENTED_EDGE ( 'NONE', *, *, #570, .T. ) ;
#647 = CARTESIAN_POINT ( 'NONE',  ( -291.3000000000000114, 194.0000000000000000, 14.00000000000000000 ) ) ;
#648 = EDGE_LOOP ( 'NONE', ( #1480, #629, #1753, #1576 ) ) ;
#649 = DIRECTION ( 'NONE',  ( -0.000000000000000000, 0.000000000000000000, -1.000000000000000000 ) ) ;
#650 = ORIENTED_EDGE ( 'NONE', *, *, #57, .F. ) ;
#651 = CARTESIAN_POINT ( 'NONE',  ( 291.3000000000000114, 186.5000000000000000, 14.00000000000000000 ) ) ;
#652 = EDGE_CURVE ( 'NONE', #344, #1241, #1718, .T. ) ;
#653 = ORIENTED_EDGE ( 'NONE', *, *, #1821, .F. ) ;
#654 = VECTOR ( 'NONE', #956, 1000.000000000000000 ) ;
#655 = PLANE ( 'NONE',  #1689 ) ;
#656 = VECTOR ( 'NONE', #1127, 1000.000000000000000 ) ;
#657 = VECTOR ( 'NONE', #1056, 1000.000000000000000 ) ;
#658 = APPROVAL_PERSON_ORGANIZATION ( #759, #1738, #449 ) ;
#659 = CARTESIAN_POINT ( 'NONE',  ( 287.5000000000000000, -184.0000000000000000, 14.00000000000000000 ) ) ;
#660 = ORIENTED_EDGE ( 'NONE', *, *, #249, .F. ) ;
#661 = PLANE ( 'NONE',  #1472 ) ;
#662 = VERTEX_POINT ( 'NONE', #969 ) ;
#663 = CALENDAR_DATE ( 2026, 29, 8 ) ;
#664 = PLANE ( 'NONE',  #1086 ) ;
#665 = CARTESIAN_POINT ( 'NONE',  ( 287.5000000000000000, -196.0000000000000000, 14.00000000000000000 ) ) ;
#666 = EDGE_CURVE ( 'NONE', #1515, #1430, #1834, .T. ) ;
#667 = FACE_OUTER_BOUND ( 'NONE', #648, .T. ) ;
#668 = ORIENTED_EDGE ( 'NONE', *, *, #292, .T. ) ;
#669 = DIRECTION ( 'NONE',  ( 1.000000000000000000, 0.000000000000000000, -0.000000000000000000 ) ) ;
#670 = ORIENTED_EDGE ( 'NONE', *, *, #1208, .T. ) ;
#671 = COORDINATED_UNIVERSAL_TIME_OFFSET ( 8, 0, .AHEAD. ) ;
#672 = DIRECTION ( 'NONE',  ( -1.000000000000000000, -0.000000000000000000, 0.000000000000000000 ) ) ;
#673 = CARTESIAN_POINT ( 'NONE',  ( 287.5000000000000000, 184.0000000000000000, 14.00000000000000000 ) ) ;
#674 = PRODUCT_DEFINITION ( '�', '', #1664, #1606 ) ;
#675 = CARTESIAN_POINT ( 'NONE',  ( -287.5000000000000000, -181.5000000000000000, 14.00000000000000000 ) ) ;
#676 = EDGE_CURVE ( 'NONE', #266, #1171, #703, .T. ) ;
#677 = ORIENTED_EDGE ( 'NONE', *, *, #508, .F. ) ;
#678 = LINE ( 'NONE', #523, #384 ) ;
#679 = ORIENTED_EDGE ( 'NONE', *, *, #1881, .F. ) ;
#680 = ORIENTED_EDGE ( 'NONE', *, *, #580, .T. ) ;
#681 = LINE ( 'NONE', #1124, #534 ) ;
#682 = CARTESIAN_POINT ( 'NONE',  ( -287.5000000000000000, 186.5000000000000000, 14.00000000000000000 ) ) ;
#683 = DIRECTION ( 'NONE',  ( 1.000000000000000000, 0.000000000000000000, -0.000000000000000000 ) ) ;
#684 = AXIS2_PLACEMENT_3D ( 'NONE', #184, #887, #1464 ) ;
#685 = VECTOR ( 'NONE', #1538, 1000.000000000000000 ) ;
#686 = EDGE_CURVE ( 'NONE', #1850, #1044, #1114, .T. ) ;
#687 = CARTESIAN_POINT ( 'NONE',  ( 287.5000000000000000, -201.5000000000000000, 14.00000000000000000 ) ) ;
#688 = AXIS2_PLACEMENT_3D ( 'NONE', #673, #835, #533 ) ;
#689 = EDGE_LOOP ( 'NONE', ( #282, #851, #1147, #1014 ) ) ;
#690 = VECTOR ( 'NONE', #1777, 1000.000000000000000 ) ;
#691 = ORIENTED_EDGE ( 'NONE', *, *, #1250, .T. ) ;
#692 = ORIENTED_EDGE ( 'NONE', *, *, #375, .F. ) ;
#693 = ADVANCED_FACE ( 'NONE', ( #268 ), #407, .T. ) ;
#694 = CARTESIAN_POINT ( 'NONE',  ( 289.3999999999999773, 181.5000000000000000, 16.00000000000000000 ) ) ;
#695 = ORIENTED_EDGE ( 'NONE', *, *, #636, .F. ) ;
#696 = DIRECTION ( 'NONE',  ( 0.000000000000000000, 0.000000000000000000, 1.000000000000000000 ) ) ;
#697 = DIRECTION ( 'NONE',  ( 0.000000000000000000, -1.000000000000000000, 0.000000000000000000 ) ) ;
#698 = DIRECTION ( 'NONE',  ( -0.000000000000000000, 0.000000000000000000, -1.000000000000000000 ) ) ;
#699 = ORIENTED_EDGE ( 'NONE', *, *, #787, .T. ) ;
#700 = EDGE_CURVE ( 'NONE', #136, #1387, #1690, .T. ) ;
#701 = ORIENTED_EDGE ( 'NONE', *, *, #1562, .F. ) ;
#702 = ORIENTED_EDGE ( 'NONE', *, *, #1239, .F. ) ;
#703 = LINE ( 'NONE', #112, #685 ) ;
#704 = LINE ( 'NONE', #1139, #1659 ) ;
#705 = ADVANCED_FACE ( 'NONE', ( #1860 ), #986, .T. ) ;
#706 = DIRECTION ( 'NONE',  ( 1.000000000000000000, 0.000000000000000000, -0.000000000000000000 ) ) ;
#707 = DIRECTION ( 'NONE',  ( -1.000000000000000000, 0.000000000000000000, 0.000000000000000000 ) ) ;
#708 = LINE ( 'NONE', #433, #714 ) ;
#709 = ORIENTED_EDGE ( 'NONE', *, *, #381, .T. ) ;
#710 = FACE_OUTER_BOUND ( 'NONE', #929, .T. ) ;
#711 = ADVANCED_FACE ( 'NONE', ( #853 ), #664, .T. ) ;
#712 = DIRECTION ( 'NONE',  ( 1.000000000000000000, 0.000000000000000000, -0.000000000000000000 ) ) ;
#713 = LINE ( 'NONE', #849, #1787 ) ;
#714 = VECTOR ( 'NONE', #287, 1000.000000000000000 ) ;
#715 = ADVANCED_FACE ( 'NONE', ( #1396 ), #393, .T. ) ;
#716 = VECTOR ( 'NONE', #1732, 1000.000000000000000 ) ;
#717 = LINE ( 'NONE', #396, #1657 ) ;
#718 = VECTOR ( 'NONE', #594, 1000.000000000000000 ) ;
#719 = CARTESIAN_POINT ( 'NONE',  ( 287.5000000000000000, -201.5000000000000000, 16.00000000000000000 ) ) ;
#720 = ORIENTED_EDGE ( 'NONE', *, *, #508, .T. ) ;
#721 = VECTOR ( 'NONE', #1151, 1000.000000000000000 ) ;
#722 = CARTESIAN_POINT ( 'NONE',  ( -287.5000000000000000, 192.0000000000000000, 14.00000000000000000 ) ) ;
#723 = APPROVAL ( #1016, '未' ) ;
#724 = CARTESIAN_POINT ( 'NONE',  ( 291.3000000000000114, 196.0000000000000000, 16.00000000000000000 ) ) ;
#725 = ORIENTED_EDGE ( 'NONE', *, *, #285, .T. ) ;
#726 = CARTESIAN_POINT ( 'NONE',  ( 289.3999999999999773, 184.0000000000000000, 16.00000000000000000 ) ) ;
#727 = EDGE_CURVE ( 'NONE', #148, #76, #1404, .T. ) ;
#728 = ORIENTED_EDGE ( 'NONE', *, *, #1386, .F. ) ;
#729 = VERTEX_POINT ( 'NONE', #1505 ) ;
#730 = CARTESIAN_POINT ( 'NONE',  ( -287.5000000000000000, 206.5000000000000284, 14.00000000000000000 ) ) ;
#731 = FACE_OUTER_BOUND ( 'NONE', #1485, .T. ) ;
#732 = ORIENTED_EDGE ( 'NONE', *, *, #1844, .F. ) ;
#733 = CARTESIAN_POINT ( 'NONE',  ( -289.3999999999999773, 181.5000000000000000, 14.00000000000000000 ) ) ;
#734 = LINE ( 'NONE', #588, #263 ) ;
#735 = CARTESIAN_POINT ( 'NONE',  ( 291.3000000000000114, -186.5000000000000000, 14.00000000000000000 ) ) ;
#736 = DIRECTION ( 'NONE',  ( 1.000000000000000000, 0.000000000000000000, -0.000000000000000000 ) ) ;
#737 = ORIENTED_EDGE ( 'NONE', *, *, #1239, .T. ) ;
#738 = DIRECTION ( 'NONE',  ( 1.000000000000000000, 0.000000000000000000, -0.000000000000000000 ) ) ;
#739 = CARTESIAN_POINT ( 'NONE',  ( -289.3999999999999773, -184.0000000000000000, 14.00000000000000000 ) ) ;
#740 = ORIENTED_EDGE ( 'NONE', *, *, #1287, .F. ) ;
#741 = CARTESIAN_POINT ( 'NONE',  ( -287.5000000000000000, -194.0000000000000000, 16.00000000000000000 ) ) ;
#742 = DIRECTION ( 'NONE',  ( 0.000000000000000000, -0.000000000000000000, 1.000000000000000000 ) ) ;
#743 = AXIS2_PLACEMENT_3D ( 'NONE', #603, #567, #1465 ) ;
#744 = DIRECTION ( 'NONE',  ( 0.000000000000000000, 0.000000000000000000, -1.000000000000000000 ) ) ;
#745 = CARTESIAN_POINT ( 'NONE',  ( 287.5000000000000000, 206.5000000000000284, 14.00000000000000000 ) ) ;
#746 = CARTESIAN_POINT ( 'NONE',  ( -287.5000000000000000, 181.5000000000000000, 14.00000000000000000 ) ) ;
#747 = LINE ( 'NONE', #790, #657 ) ;
#748 = ORIENTED_EDGE ( 'NONE', *, *, #1281, .T. ) ;
#749 = DATE_AND_TIME ( #1205, #1058 ) ;
#750 = ADVANCED_FACE ( 'NONE', ( #1646 ), #940, .T. ) ;
#751 =( GEOMETRIC_REPRESENTATION_CONTEXT ( 3 ) GLOBAL_UNCERTAINTY_ASSIGNED_CONTEXT ( ( #1761 ) ) GLOBAL_UNIT_ASSIGNED_CONTEXT ( ( #1633, #1308, #479 ) ) REPRESENTATION_CONTEXT ( 'NONE', 'WORKASPACE' ) );
#752 = CARTESIAN_POINT ( 'NONE',  ( -289.3999999999999773, 194.0000000000000000, 16.00000000000000000 ) ) ;
#753 = CARTESIAN_POINT ( 'NONE',  ( 287.5000000000000000, 201.5000000000000000, 14.00000000000000000 ) ) ;
#754 = LINE ( 'NONE', #589, #939 ) ;
#755 = LINE ( 'NONE', #1628, #103 ) ;
#756 = DIRECTION ( 'NONE',  ( 0.000000000000000000, 0.000000000000000000, 1.000000000000000000 ) ) ;
#757 = DIRECTION ( 'NONE',  ( 1.000000000000000000, 0.000000000000000000, -0.000000000000000000 ) ) ;
#758 = EDGE_LOOP ( 'NONE', ( #1222, #595, #59, #1803 ) ) ;
#759 = PERSON_AND_ORGANIZATION ( #848, #419 ) ;
#760 = FACE_OUTER_BOUND ( 'NONE', #391, .T. ) ;
#761 = DIRECTION ( 'NONE',  ( -0.000000000000000000, 0.000000000000000000, -1.000000000000000000 ) ) ;
#762 = ADVANCED_FACE ( 'NONE', ( #667 ), #1373, .T. ) ;
#763 = DIRECTION ( 'NONE',  ( -0.000000000000000000, 1.000000000000000000, 0.000000000000000000 ) ) ;
#764 = LINE ( 'NONE', #745, #229 ) ;
#765 = VERTEX_POINT ( 'NONE', #1228 ) ;
#766 = LINE ( 'NONE', #1190, #1230 ) ;
#767 = CARTESIAN_POINT ( 'NONE',  ( 291.3000000000000114, -201.5000000000000000, 14.00000000000000000 ) ) ;
#768 = EDGE_LOOP ( 'NONE', ( #254, #1075, #434, #1604 ) ) ;
#769 = EDGE_CURVE ( 'NONE', #1814, #926, #802, .T. ) ;
#770 = CARTESIAN_POINT ( 'NONE',  ( -287.5000000000000000, -206.5000000000000284, 16.00000000000000000 ) ) ;
#771 = DIRECTION ( 'NONE',  ( -0.000000000000000000, 1.000000000000000000, 0.000000000000000000 ) ) ;
#772 = EDGE_CURVE ( 'NONE', #1724, #1378, #1804, .T. ) ;
#773 = CARTESIAN_POINT ( 'NONE',  ( 291.3000000000000114, -196.0000000000000000, 16.00000000000000000 ) ) ;
#774 = ORIENTED_EDGE ( 'NONE', *, *, #652, .F. ) ;
#775 = CARTESIAN_POINT ( 'NONE',  ( -289.3999999999999773, -204.0000000000000284, 14.00000000000000000 ) ) ;
#776 = CARTESIAN_POINT ( 'NONE',  ( -291.3000000000000114, 181.5000000000000000, 14.00000000000000000 ) ) ;
#777 = VECTOR ( 'NONE', #1798, 1000.000000000000000 ) ;
#778 = ORIENTED_EDGE ( 'NONE', *, *, #395, .T. ) ;
#779 = AXIS2_PLACEMENT_3D ( 'NONE', #752, #1407, #279 ) ;
#780 = CC_DESIGN_PERSON_AND_ORGANIZATION_ASSIGNMENT ( #924, #210, ( #1664 ) ) ;
#781 = PLANE ( 'NONE',  #1054 ) ;
#782 = ORIENTED_EDGE ( 'NONE', *, *, #1615, .F. ) ;
#783 = AXIS2_PLACEMENT_3D ( 'NONE', #1708, #818, #1388 ) ;
#784 = VECTOR ( 'NONE', #35, 1000.000000000000000 ) ;
#785 = APPROVAL_PERSON_ORGANIZATION ( #1223, #1672, #373 ) ;
#786 = PLANE ( 'NONE',  #1535 ) ;
#787 = EDGE_CURVE ( 'NONE', #87, #98, #376, .T. ) ;
#788 = EDGE_LOOP ( 'NONE', ( #1489, #1283, #640, #638 ) ) ;
#789 = DIRECTION ( 'NONE',  ( -1.000000000000000000, -0.000000000000000000, 0.000000000000000000 ) ) ;
#790 = CARTESIAN_POINT ( 'NONE',  ( 291.3000000000000114, 204.0000000000000284, 16.00000000000000000 ) ) ;
#791 = EDGE_LOOP ( 'NONE', ( #339, #732, #968, #333 ) ) ;
#792 = APPROVAL_DATE_TIME ( #951, #1672 ) ;
#793 = FACE_OUTER_BOUND ( 'NONE', #1553, .T. ) ;
#794 = ORIENTED_EDGE ( 'NONE', *, *, #530, .T. ) ;
#795 = CARTESIAN_POINT ( 'NONE',  ( -289.3999999999999773, -204.0000000000000284, 16.00000000000000000 ) ) ;
#796 = ORIENTED_EDGE ( 'NONE', *, *, #1562, .T. ) ;
#797 = PLANE ( 'NONE',  #73 ) ;
#798 = CARTESIAN_POINT ( 'NONE',  ( -291.3000000000000114, -186.5000000000000000, 14.00000000000000000 ) ) ;
#799 = ORIENTED_EDGE ( 'NONE', *, *, #1760, .T. ) ;
#800 = CALENDAR_DATE ( 2026, 29, 8 ) ;
#801 = DIRECTION ( 'NONE',  ( -0.000000000000000000, 0.000000000000000000, -1.000000000000000000 ) ) ;
#802 = LINE ( 'NONE', #386, #108 ) ;
#803 = ORIENTED_EDGE ( 'NONE', *, *, #1666, .F. ) ;
#804 = LINE ( 'NONE', #244, #1113 ) ;
#805 = ORIENTED_EDGE ( 'NONE', *, *, #1645, .T. ) ;
#806 = VECTOR ( 'NONE', #529, 1000.000000000000000 ) ;
#807 = LINE ( 'NONE', #1827, #1089 ) ;
#808 = ADVANCED_FACE ( 'NONE', ( #1255 ), #786, .T. ) ;
#809 = AXIS2_PLACEMENT_3D ( 'NONE', #1138, #1577, #276 ) ;
#810 = VECTOR ( 'NONE', #1491, 1000.000000000000000 ) ;
#811 = AXIS2_PLACEMENT_3D ( 'NONE', #115, #697, #1273 ) ;
#812 = CARTESIAN_POINT ( 'NONE',  ( -287.5000000000000000, -204.0000000000000284, 14.00000000000000000 ) ) ;
#813 = VERTEX_POINT ( 'NONE', #1682 ) ;
#814 = DIRECTION ( 'NONE',  ( 0.000000000000000000, -1.000000000000000000, -0.000000000000000000 ) ) ;
#815 = ORIENTED_EDGE ( 'NONE', *, *, #34, .F. ) ;
#816 = EDGE_CURVE ( 'NONE', #1304, #821, #1365, .T. ) ;
#817 = CARTESIAN_POINT ( 'NONE',  ( -287.5000000000000000, 204.0000000000000284, 16.00000000000000000 ) ) ;
#818 = DIRECTION ( 'NONE',  ( 0.000000000000000000, -1.000000000000000000, 0.000000000000000000 ) ) ;
#819 = ADVANCED_FACE ( 'NONE', ( #1667 ), #359, .T. ) ;
#820 = DIRECTION ( 'NONE',  ( -0.000000000000000000, 1.000000000000000000, 0.000000000000000000 ) ) ;
#821 = VERTEX_POINT ( 'NONE', #1812 ) ;
#822 = DIRECTION ( 'NONE',  ( 0.000000000000000000, 0.000000000000000000, 1.000000000000000000 ) ) ;
#823 = ORIENTED_EDGE ( 'NONE', *, *, #1290, .T. ) ;
#824 = ORIENTED_EDGE ( 'NONE', *, *, #1784, .F. ) ;
#825 = DIRECTION ( 'NONE',  ( -0.000000000000000000, 0.000000000000000000, -1.000000000000000000 ) ) ;
#826 = LINE ( 'NONE', #665, #233 ) ;
#827 = LINE ( 'NONE', #1856, #1265 ) ;
#828 = EDGE_CURVE ( 'NONE', #87, #347, #1837, .T. ) ;
#829 = DIRECTION ( 'NONE',  ( -1.000000000000000000, -0.000000000000000000, 0.000000000000000000 ) ) ;
#830 = EDGE_LOOP ( 'NONE', ( #1507, #200, #1883, #442 ) ) ;
#831 = EDGE_CURVE ( 'NONE', #1044, #1814, #521, .T. ) ;
#832 = ORIENTED_EDGE ( 'NONE', *, *, #68, .T. ) ;
#833 = ORIENTED_EDGE ( 'NONE', *, *, #381, .F. ) ;
#834 = FACE_OUTER_BOUND ( 'NONE', #1601, .T. ) ;
#835 = DIRECTION ( 'NONE',  ( -1.000000000000000000, -0.000000000000000000, 0.000000000000000000 ) ) ;
#836 = LINE ( 'NONE', #972, #1022 ) ;
#837 = CLOSED_SHELL ( 'NONE', ( #917, #1654, #572, #315, #1301, #1517 ) ) ;
#838 = VECTOR ( 'NONE', #959, 1000.000000000000000 ) ;
#839 = AXIS2_PLACEMENT_3D ( 'NONE', #1178, #1758, #1266 ) ;
#840 = PLANE ( 'NONE',  #839 ) ;
#841 = ORIENTED_EDGE ( 'NONE', *, *, #1208, .F. ) ;
#842 = VECTOR ( 'NONE', #304, 1000.000000000000000 ) ;
#843 = ADVANCED_FACE ( 'NONE', ( #1516 ), #514, .T. ) ;
#844 = EDGE_LOOP ( 'NONE', ( #1621, #399, #1101, #1658 ) ) ;
#845 = ORIENTED_EDGE ( 'NONE', *, *, #2, .F. ) ;
#846 = DIRECTION ( 'NONE',  ( 0.000000000000000000, 0.000000000000000000, 1.000000000000000000 ) ) ;
#847 = DIRECTION ( 'NONE',  ( 1.000000000000000000, 0.000000000000000000, -0.000000000000000000 ) ) ;
#848 = PERSON ( '未', '未', '未', ('未'), ('未'), ('未') ) ;
#849 = CARTESIAN_POINT ( 'NONE',  ( -287.5000000000000000, 196.0000000000000000, 14.00000000000000000 ) ) ;
#850 = CARTESIAN_POINT ( 'NONE',  ( 289.3999999999999773, -184.0000000000000000, 14.00000000000000000 ) ) ;
#851 = ORIENTED_EDGE ( 'NONE', *, *, #700, .T. ) ;
#852 = ORIENTED_EDGE ( 'NONE', *, *, #676, .F. ) ;
#853 = FACE_OUTER_BOUND ( 'NONE', #1359, .T. ) ;
#854 = DIRECTION ( 'NONE',  ( 1.000000000000000000, 0.000000000000000000, -0.000000000000000000 ) ) ;
#855 = CARTESIAN_POINT ( 'NONE',  ( -291.3000000000000114, 181.5000000000000000, 14.00000000000000000 ) ) ;
#856 = PLANE ( 'NONE',  #202 ) ;
#857 = CARTESIAN_POINT ( 'NONE',  ( 291.3000000000000114, 184.0000000000000000, 16.00000000000000000 ) ) ;
#858 = VERTEX_POINT ( 'NONE', #1524 ) ;
#859 = CARTESIAN_POINT ( 'NONE',  ( -289.3999999999999773, 196.0000000000000000, 14.00000000000000000 ) ) ;
#860 = ORIENTED_EDGE ( 'NONE', *, *, #1710, .T. ) ;
#861 = LINE ( 'NONE', #302, #1537 ) ;
#862 = DIRECTION ( 'NONE',  ( 0.000000000000000000, -0.000000000000000000, 1.000000000000000000 ) ) ;
#863 = EDGE_CURVE ( 'NONE', #98, #1792, #93, .T. ) ;
#864 = VECTOR ( 'NONE', #909, 1000.000000000000000 ) ;
#865 = VECTOR ( 'NONE', #348, 1000.000000000000000 ) ;
#866 = AXIS2_PLACEMENT_3D ( 'NONE', #1099, #946, #1399 ) ;
#867 = VECTOR ( 'NONE', #1033, 1000.000000000000000 ) ;
#868 = CARTESIAN_POINT ( 'NONE',  ( -289.3999999999999773, 196.0000000000000000, 16.00000000000000000 ) ) ;
#869 = ORIENTED_EDGE ( 'NONE', *, *, #927, .F. ) ;
#870 = VECTOR ( 'NONE', #1728, 1000.000000000000000 ) ;
#871 = CARTESIAN_POINT ( 'NONE',  ( -287.5000000000000000, -192.0000000000000000, 14.00000000000000000 ) ) ;
#872 = FACE_OUTER_BOUND ( 'NONE', #1668, .T. ) ;
#873 = ORIENTED_EDGE ( 'NONE', *, *, #129, .F. ) ;
#874 = CC_DESIGN_APPROVAL ( #1738, ( #674 ) ) ;
#875 = APPROVAL_ROLE ( '' ) ;
#876 = DIRECTION ( 'NONE',  ( 1.000000000000000000, 0.000000000000000000, -0.000000000000000000 ) ) ;
#877 = CARTESIAN_POINT ( 'NONE',  ( -291.3000000000000114, -206.5000000000000284, 14.00000000000000000 ) ) ;
#878 = CARTESIAN_POINT ( 'NONE',  ( 287.5000000000000000, -206.5000000000000284, 14.00000000000000000 ) ) ;
#879 = ORIENTED_EDGE ( 'NONE', *, *, #911, .T. ) ;
#880 = DIRECTION ( 'NONE',  ( 1.000000000000000000, 0.000000000000000000, -0.000000000000000000 ) ) ;
#881 = LINE ( 'NONE', #1013, #1019 ) ;
#882 = ORIENTED_EDGE ( 'NONE', *, *, #24, .T. ) ;
#883 = LINE ( 'NONE', #741, #842 ) ;
#884 = DIRECTION ( 'NONE',  ( -0.000000000000000000, 1.000000000000000000, 0.000000000000000000 ) ) ;
#885 = EDGE_CURVE ( 'NONE', #1715, #1632, #232, .T. ) ;
#886 = DIRECTION ( 'NONE',  ( 0.000000000000000000, -1.000000000000000000, -0.000000000000000000 ) ) ;
#887 = DIRECTION ( 'NONE',  ( 1.000000000000000000, 0.000000000000000000, -0.000000000000000000 ) ) ;
#888 = ADVANCED_FACE ( 'NONE', ( #1248 ), #928, .T. ) ;
#889 = CARTESIAN_POINT ( 'NONE',  ( 287.5000000000000000, -186.5000000000000000, 14.00000000000000000 ) ) ;
#890 = CARTESIAN_POINT ( 'NONE',  ( 289.3999999999999773, -192.0000000000000000, 14.00000000000000000 ) ) ;
#891 = ORIENTED_EDGE ( 'NONE', *, *, #1629, .T. ) ;
#892 = PLANE ( 'NONE',  #1717 ) ;
#893 = CARTESIAN_POINT ( 'NONE',  ( -291.3000000000000114, -194.0000000000000000, 14.00000000000000000 ) ) ;
#894 = ADVANCED_FACE ( 'NONE', ( #1217 ), #1656, .T. ) ;
#895 = VECTOR ( 'NONE', #1448, 1000.000000000000000 ) ;
#896 = CARTESIAN_POINT ( 'NONE',  ( 287.5000000000000000, 186.5000000000000000, 14.00000000000000000 ) ) ;
#897 = CARTESIAN_POINT ( 'NONE',  ( -291.3000000000000114, 196.0000000000000000, 16.00000000000000000 ) ) ;
#898 = VECTOR ( 'NONE', #1069, 1000.000000000000000 ) ;
#899 = ADVANCED_FACE ( 'NONE', ( #1470 ), #116, .T. ) ;
#900 = AXIS2_PLACEMENT_3D ( 'NONE', #1610, #1155, #586 ) ;
#901 = DIRECTION ( 'NONE',  ( 1.000000000000000000, 0.000000000000000000, -0.000000000000000000 ) ) ;
#902 = CARTESIAN_POINT ( 'NONE',  ( -291.3000000000000114, 201.5000000000000000, 16.00000000000000000 ) ) ;
#903 = ORIENTED_EDGE ( 'NONE', *, *, #618, .T. ) ;
#904 = AXIS2_PLACEMENT_3D ( 'NONE', #453, #1052, #744 ) ;
#905 = MECHANICAL_CONTEXT ( 'NONE', #470, 'mechanical' ) ;
#906 = FACE_OUTER_BOUND ( 'NONE', #1810, .T. ) ;
#907 = CARTESIAN_POINT ( 'NONE',  ( -289.3999999999999773, -206.5000000000000284, 16.00000000000000000 ) ) ;
#908 = DIRECTION ( 'NONE',  ( 1.000000000000000000, 0.000000000000000000, -0.000000000000000000 ) ) ;
#909 = DIRECTION ( 'NONE',  ( 0.000000000000000000, 0.000000000000000000, 1.000000000000000000 ) ) ;
#910 = ORIENTED_EDGE ( 'NONE', *, *, #439, .T. ) ;
#911 = EDGE_CURVE ( 'NONE', #274, #1044, #172, .T. ) ;
#912 = DIRECTION ( 'NONE',  ( 0.000000000000000000, 0.000000000000000000, 1.000000000000000000 ) ) ;
#913 = PLANE ( 'NONE',  #203 ) ;
#914 = ORIENTED_EDGE ( 'NONE', *, *, #772, .F. ) ;
#915 = DIRECTION ( 'NONE',  ( -1.000000000000000000, 0.000000000000000000, 0.000000000000000000 ) ) ;
#916 = CARTESIAN_POINT ( 'NONE',  ( -289.3999999999999773, 186.5000000000000000, 16.00000000000000000 ) ) ;
#917 = ADVANCED_FACE ( 'NONE', ( #130 ), #1693, .T. ) ;
#918 = LINE ( 'NONE', #1774, #1292 ) ;
#919 = EDGE_LOOP ( 'NONE', ( #737, #454, #976, #1011 ) ) ;
#920 = FACE_OUTER_BOUND ( 'NONE', #565, .T. ) ;
#921 = FACE_OUTER_BOUND ( 'NONE', #1874, .T. ) ;
#922 = VERTEX_POINT ( 'NONE', #546 ) ;
#923 = ADVANCED_FACE ( 'NONE', ( #1427 ), #856, .T. ) ;
#924 = PERSON_AND_ORGANIZATION ( #848, #419 ) ;
#925 = CARTESIAN_POINT ( 'NONE',  ( 291.3000000000000114, -194.0000000000000000, 14.00000000000000000 ) ) ;
#926 = VERTEX_POINT ( 'NONE', #413 ) ;
#927 = EDGE_CURVE ( 'NONE', #765, #1216, #1712, .T. ) ;
#928 = PLANE ( 'NONE',  #290 ) ;
#929 = EDGE_LOOP ( 'NONE', ( #124, #139, #653, #300 ) ) ;
#930 = VECTOR ( 'NONE', #1617, 1000.000000000000000 ) ;
#931 = FACE_OUTER_BOUND ( 'NONE', #689, .T. ) ;
#932 = DIRECTION ( 'NONE',  ( 0.000000000000000000, 0.000000000000000000, 1.000000000000000000 ) ) ;
#933 = VECTOR ( 'NONE', #429, 1000.000000000000000 ) ;
#934 = ORIENTED_EDGE ( 'NONE', *, *, #1172, .F. ) ;
#935 = VECTOR ( 'NONE', #84, 1000.000000000000000 ) ;
#936 = PLANE ( 'NONE',  #1474 ) ;
#937 = ORIENTED_EDGE ( 'NONE', *, *, #1773, .T. ) ;
#938 = VECTOR ( 'NONE', #100, 1000.000000000000000 ) ;
#939 = VECTOR ( 'NONE', #1197, 1000.000000000000000 ) ;
#940 = PLANE ( 'NONE',  #445 ) ;
#941 = EDGE_LOOP ( 'NONE', ( #540, #489, #605, #1644 ) ) ;
#942 = DIRECTION ( 'NONE',  ( 0.000000000000000000, 0.000000000000000000, 1.000000000000000000 ) ) ;
#943 = DIRECTION ( 'NONE',  ( 0.000000000000000000, 0.000000000000000000, 1.000000000000000000 ) ) ;
#944 = ORIENTED_EDGE ( 'NONE', *, *, #636, .T. ) ;
#945 = DIRECTION ( 'NONE',  ( -0.000000000000000000, 1.000000000000000000, 0.000000000000000000 ) ) ;
#946 = DIRECTION ( 'NONE',  ( -0.000000000000000000, 0.000000000000000000, -1.000000000000000000 ) ) ;
#947 = ORIENTED_EDGE ( 'NONE', *, *, #1172, .T. ) ;
#948 = DIRECTION ( 'NONE',  ( 0.000000000000000000, 0.000000000000000000, 1.000000000000000000 ) ) ;
#949 = EDGE_CURVE ( 'NONE', #119, #1304, #974, .T. ) ;
#950 = VERTEX_POINT ( 'NONE', #1560 ) ;
#951 = DATE_AND_TIME ( #1085, #1513 ) ;
#952 = LINE ( 'NONE', #113, #1170 ) ;
#953 = DIRECTION ( 'NONE',  ( 0.000000000000000000, 0.000000000000000000, 1.000000000000000000 ) ) ;
#954 = EDGE_CURVE ( 'NONE', #821, #1021, #717, .T. ) ;
#955 = VERTEX_POINT ( 'NONE', #1723 ) ;
#956 = DIRECTION ( 'NONE',  ( -0.000000000000000000, 1.000000000000000000, 0.000000000000000000 ) ) ;
#957 = VERTEX_POINT ( 'NONE', #425 ) ;
#958 = VECTOR ( 'NONE', #331, 1000.000000000000000 ) ;
#959 = DIRECTION ( 'NONE',  ( 0.000000000000000000, 0.000000000000000000, 1.000000000000000000 ) ) ;
#960 = CARTESIAN_POINT ( 'NONE',  ( -287.5000000000000000, -192.0000000000000000, 14.00000000000000000 ) ) ;
#961 = AXIS2_PLACEMENT_3D ( 'NONE', #739, #311, #422 ) ;
#962 = VECTOR ( 'NONE', #757, 1000.000000000000000 ) ;
#963 = DIRECTION ( 'NONE',  ( 0.000000000000000000, 0.000000000000000000, 1.000000000000000000 ) ) ;
#964 = ORIENTED_EDGE ( 'NONE', *, *, #911, .F. ) ;
#965 = CARTESIAN_POINT ( 'NONE',  ( -287.5000000000000000, -184.0000000000000000, 14.00000000000000000 ) ) ;
#966 = ORIENTED_EDGE ( 'NONE', *, *, #885, .T. ) ;
#967 = EDGE_CURVE ( 'NONE', #1842, #37, #1613, .T. ) ;
#968 = ORIENTED_EDGE ( 'NONE', *, *, #1009, .F. ) ;
#969 = CARTESIAN_POINT ( 'NONE',  ( -287.5000000000000000, -192.0000000000000000, 16.00000000000000000 ) ) ;
#970 = DIRECTION ( 'NONE',  ( 0.000000000000000000, 0.000000000000000000, 1.000000000000000000 ) ) ;
#971 = EDGE_CURVE ( 'NONE', #1788, #1268, #12, .T. ) ;
#972 = CARTESIAN_POINT ( 'NONE',  ( -287.5000000000000000, 181.5000000000000000, 14.00000000000000000 ) ) ;
#973 = ADVANCED_FACE ( 'NONE', ( #123 ), #555, .T. ) ;
#974 = LINE ( 'NONE', #1274, #1263 ) ;
#975 = ORIENTED_EDGE ( 'NONE', *, *, #251, .F. ) ;
#976 = ORIENTED_EDGE ( 'NONE', *, *, #1454, .F. ) ;
#977 = ORIENTED_EDGE ( 'NONE', *, *, #991, .T. ) ;
#978 = DIRECTION ( 'NONE',  ( -1.000000000000000000, -0.000000000000000000, 0.000000000000000000 ) ) ;
#979 = FACE_OUTER_BOUND ( 'NONE', #294, .T. ) ;
#980 = DIRECTION ( 'NONE',  ( 0.000000000000000000, 0.000000000000000000, 1.000000000000000000 ) ) ;
#981 = ADVANCED_FACE ( 'NONE', ( #1135 ), #840, .T. ) ;
#982 = DIRECTION ( 'NONE',  ( 0.000000000000000000, 0.000000000000000000, 1.000000000000000000 ) ) ;
#983 = VERTEX_POINT ( 'NONE', #993 ) ;
#984 = VERTEX_POINT ( 'NONE', #1552 ) ;
#985 = ORIENTED_EDGE ( 'NONE', *, *, #1340, .T. ) ;
#986 = PLANE ( 'NONE',  #809 ) ;
#987 = CARTESIAN_POINT ( 'NONE',  ( 291.3000000000000114, -192.0000000000000000, 14.00000000000000000 ) ) ;
#988 = LINE ( 'NONE', #1426, #995 ) ;
#989 = VECTOR ( 'NONE', #481, 1000.000000000000000 ) ;
#990 = VECTOR ( 'NONE', #1580, 1000.000000000000000 ) ;
#991 = EDGE_CURVE ( 'NONE', #417, #119, #1282, .T. ) ;
#992 = AXIS2_PLACEMENT_3D ( 'NONE', #1425, #157, #1150 ) ;
#993 = CARTESIAN_POINT ( 'NONE',  ( 287.5000000000000000, 192.0000000000000000, 16.00000000000000000 ) ) ;
#994 = VECTOR ( 'NONE', #696, 1000.000000000000000 ) ;
#995 = VECTOR ( 'NONE', #1140, 1000.000000000000000 ) ;
#996 = VERTEX_POINT ( 'NONE', #1703 ) ;
#997 = ORIENTED_EDGE ( 'NONE', *, *, #1380, .T. ) ;
#998 = DIRECTION ( 'NONE',  ( 0.000000000000000000, -1.000000000000000000, 0.000000000000000000 ) ) ;
#999 = EDGE_LOOP ( 'NONE', ( #1256, #522, #288, #1110 ) ) ;
#1000 = DIRECTION ( 'NONE',  ( -0.000000000000000000, 0.000000000000000000, -1.000000000000000000 ) ) ;
#1001 = FACE_OUTER_BOUND ( 'NONE', #1684, .T. ) ;
#1002 = CARTESIAN_POINT ( 'NONE',  ( -289.3999999999999773, -184.0000000000000000, 16.00000000000000000 ) ) ;
#1003 = DIRECTION ( 'NONE',  ( 1.000000000000000000, 0.000000000000000000, -0.000000000000000000 ) ) ;
#1004 = ORIENTED_EDGE ( 'NONE', *, *, #307, .F. ) ;
#1005 = ADVANCED_FACE ( 'NONE', ( #563 ), #892, .T. ) ;
#1006 = PLANE ( 'NONE',  #743 ) ;
#1007 = LINE ( 'NONE', #456, #867 ) ;
#1008 = DIRECTION ( 'NONE',  ( 0.000000000000000000, 0.000000000000000000, 1.000000000000000000 ) ) ;
#1009 = EDGE_CURVE ( 'NONE', #957, #1729, #1330, .T. ) ;
#1010 = VERTEX_POINT ( 'NONE', #639 ) ;
#1011 = ORIENTED_EDGE ( 'NONE', *, *, #177, .T. ) ;
#1012 = LINE ( 'NONE', #1743, #45 ) ;
#1013 = CARTESIAN_POINT ( 'NONE',  ( -291.3000000000000114, 204.0000000000000284, 16.00000000000000000 ) ) ;
#1014 = ORIENTED_EDGE ( 'NONE', *, *, #1029, .F. ) ;
#1015 = EDGE_CURVE ( 'NONE', #266, #538, #499, .T. ) ;
#1016 = APPROVAL_STATUS ( 'not_yet_approved' ) ;
#1017 = DIRECTION ( 'NONE',  ( 0.000000000000000000, 0.000000000000000000, -1.000000000000000000 ) ) ;
#1018 = VECTOR ( 'NONE', #1392, 1000.000000000000000 ) ;
#1019 = VECTOR ( 'NONE', #277, 1000.000000000000000 ) ;
#1020 = EDGE_LOOP ( 'NONE', ( #1695, #1229, #8, #1852 ) ) ;
#1021 = VERTEX_POINT ( 'NONE', #336 ) ;
#1022 = VECTOR ( 'NONE', #278, 1000.000000000000000 ) ;
#1023 = FACE_OUTER_BOUND ( 'NONE', #1383, .T. ) ;
#1024 = ADVANCED_FACE ( 'NONE', ( #1500 ), #32, .T. ) ;
#1025 = CARTESIAN_POINT ( 'NONE',  ( 287.5000000000000000, 201.5000000000000000, 16.00000000000000000 ) ) ;
#1026 = VERTEX_POINT ( 'NONE', #770 ) ;
#1027 = APPROVAL_DATE_TIME ( #749, #1738 ) ;
#1028 = PLANE ( 'NONE',  #321 ) ;
#1029 = EDGE_CURVE ( 'NONE', #1252, #1375, #343, .T. ) ;
#1030 = LINE ( 'NONE', #308, #597 ) ;
#1031 = VERTEX_POINT ( 'NONE', #607 ) ;
#1032 = CARTESIAN_POINT ( 'NONE',  ( 289.3999999999999773, 204.0000000000000284, 16.00000000000000000 ) ) ;
#1033 = DIRECTION ( 'NONE',  ( -0.000000000000000000, 1.000000000000000000, 0.000000000000000000 ) ) ;
#1034 = ORIENTED_EDGE ( 'NONE', *, *, #1731, .F. ) ;
#1035 = PERSON_AND_ORGANIZATION_ROLE ( 'creator' ) ;
#1036 = ADVANCED_FACE ( 'NONE', ( #1349 ), #1076, .T. ) ;
#1037 = CARTESIAN_POINT ( 'NONE',  ( -287.5000000000000000, 184.0000000000000000, 16.00000000000000000 ) ) ;
#1038 = CARTESIAN_POINT ( 'NONE',  ( -289.3999999999999773, -206.5000000000000284, 14.00000000000000000 ) ) ;
#1039 = EDGE_CURVE ( 'NONE', #491, #194, #616, .T. ) ;
#1040 = LINE ( 'NONE', #1475, #566 ) ;
#1041 = CARTESIAN_POINT ( 'NONE',  ( 289.3999999999999773, 201.5000000000000000, 14.00000000000000000 ) ) ;
#1042 = DIRECTION ( 'NONE',  ( -1.000000000000000000, -0.000000000000000000, 0.000000000000000000 ) ) ;
#1043 = DIRECTION ( 'NONE',  ( 1.000000000000000000, 0.000000000000000000, -0.000000000000000000 ) ) ;
#1044 = VERTEX_POINT ( 'NONE', #220 ) ;
#1045 = LINE ( 'NONE', #733, #360 ) ;
#1046 = CARTESIAN_POINT ( 'NONE',  ( 287.5000000000000000, -194.0000000000000000, 14.00000000000000000 ) ) ;
#1047 = CARTESIAN_POINT ( 'NONE',  ( 287.5000000000000000, 192.0000000000000000, 14.00000000000000000 ) ) ;
#1048 = CLOSED_SHELL ( 'NONE', ( #1790, #1199, #1159, #50, #1036, #358 ) ) ;
#1049 = ADVANCED_FACE ( 'NONE', ( #906 ), #211, .T. ) ;
#1050 = AXIS2_PLACEMENT_3D ( 'NONE', #1198, #1333, #1053 ) ;
#1051 = VECTOR ( 'NONE', #18, 1000.000000000000000 ) ;
#1052 = DIRECTION ( 'NONE',  ( 0.000000000000000000, -1.000000000000000000, 0.000000000000000000 ) ) ;
#1053 = DIRECTION ( 'NONE',  ( 0.000000000000000000, -0.000000000000000000, 1.000000000000000000 ) ) ;
#1054 = AXIS2_PLACEMENT_3D ( 'NONE', #1362, #1371, #55 ) ;
#1055 = CARTESIAN_POINT ( 'NONE',  ( 287.5000000000000000, -194.0000000000000000, 14.00000000000000000 ) ) ;
#1056 = DIRECTION ( 'NONE',  ( 0.000000000000000000, -1.000000000000000000, -0.000000000000000000 ) ) ;
#1057 = ORIENTED_EDGE ( 'NONE', *, *, #1696, .F. ) ;
#1058 = LOCAL_TIME ( 16, 1, 54.00000000000000000, #1490 ) ;
#1059 = DIRECTION ( 'NONE',  ( -0.000000000000000000, 0.000000000000000000, -1.000000000000000000 ) ) ;
#1060 = CC_DESIGN_APPROVAL ( #1672, ( #1848 ) ) ;
#1061 = CARTESIAN_POINT ( 'NONE',  ( 291.3000000000000114, 192.0000000000000000, 14.00000000000000000 ) ) ;
#1062 = LINE ( 'NONE', #916, #1051 ) ;
#1063 = DIRECTION ( 'NONE',  ( 0.000000000000000000, 0.000000000000000000, 1.000000000000000000 ) ) ;
#1064 = EDGE_LOOP ( 'NONE', ( #621, #709, #105, #1495 ) ) ;
#1065 = CARTESIAN_POINT ( 'NONE',  ( -291.3000000000000114, -196.0000000000000000, 16.00000000000000000 ) ) ;
#1066 = CARTESIAN_POINT ( 'NONE',  ( 287.5000000000000000, 192.0000000000000000, 14.00000000000000000 ) ) ;
#1067 = ORIENTED_EDGE ( 'NONE', *, *, #414, .F. ) ;
#1068 = EDGE_CURVE ( 'NONE', #238, #1176, #1634, .T. ) ;
#1069 = DIRECTION ( 'NONE',  ( 0.000000000000000000, 0.000000000000000000, 1.000000000000000000 ) ) ;
#1070 = ORIENTED_EDGE ( 'NONE', *, *, #1235, .T. ) ;
#1071 = LINE ( 'NONE', #1341, #1751 ) ;
#1072 = ORIENTED_EDGE ( 'NONE', *, *, #816, .F. ) ;
#1073 = CARTESIAN_POINT ( 'NONE',  ( -289.3999999999999773, -186.5000000000000000, 16.00000000000000000 ) ) ;
#1074 = CARTESIAN_POINT ( 'NONE',  ( -291.3000000000000114, -181.5000000000000000, 16.00000000000000000 ) ) ;
#1075 = ORIENTED_EDGE ( 'NONE', *, *, #1683, .F. ) ;
#1076 = PLANE ( 'NONE',  #74 ) ;
#1077 = EDGE_LOOP ( 'NONE', ( #691, #1456, #1734, #1767 ) ) ;
#1078 = CARTESIAN_POINT ( 'NONE',  ( 291.3000000000000114, -194.0000000000000000, 16.00000000000000000 ) ) ;
#1079 = ORIENTED_EDGE ( 'NONE', *, *, #971, .T. ) ;
#1080 = VECTOR ( 'NONE', #13, 1000.000000000000000 ) ;
#1081 = CARTESIAN_POINT ( 'NONE',  ( 291.3000000000000114, -196.0000000000000000, 14.00000000000000000 ) ) ;
#1082 = LINE ( 'NONE', #776, #690 ) ;
#1083 = AXIS2_PLACEMENT_3D ( 'NONE', #306, #884, #742 ) ;
#1084 = VERTEX_POINT ( 'NONE', #628 ) ;
#1085 = CALENDAR_DATE ( 2026, 29, 8 ) ;
#1086 = AXIS2_PLACEMENT_3D ( 'NONE', #1245, #1826, #1104 ) ;
#1087 = ADVANCED_FACE ( 'NONE', ( #1793 ), #490, .T. ) ;
#1088 = DIRECTION ( 'NONE',  ( 0.000000000000000000, 0.000000000000000000, 1.000000000000000000 ) ) ;
#1089 = VECTOR ( 'NONE', #526, 1000.000000000000000 ) ;
#1090 = AXIS2_PLACEMENT_3D ( 'NONE', #320, #1203, #187 ) ;
#1091 = ADVANCED_FACE ( 'NONE', ( #760 ), #781, .T. ) ;
#1092 = CARTESIAN_POINT ( 'NONE',  ( -291.3000000000000114, -201.5000000000000000, 14.00000000000000000 ) ) ;
#1093 = ORIENTED_EDGE ( 'NONE', *, *, #107, .F. ) ;
#1094 = MANIFOLD_SOLID_BREP ( 'metal compression hard stop', #474 ) ;
#1095 = LINE ( 'NONE', #1334, #512 ) ;
#1096 = ORIENTED_EDGE ( 'NONE', *, *, #1801, .F. ) ;
#1097 = DIRECTION ( 'NONE',  ( 0.000000000000000000, 0.000000000000000000, 1.000000000000000000 ) ) ;
#1098 = EDGE_CURVE ( 'NONE', #1211, #1788, #1780, .T. ) ;
#1099 = CARTESIAN_POINT ( 'NONE',  ( 289.3999999999999773, -204.0000000000000284, 14.00000000000000000 ) ) ;
#1100 = ADVANCED_FACE ( 'NONE', ( #793 ), #936, .T. ) ;
#1101 = ORIENTED_EDGE ( 'NONE', *, *, #991, .F. ) ;
#1102 = DIRECTION ( 'NONE',  ( -0.000000000000000000, 1.000000000000000000, 0.000000000000000000 ) ) ;
#1103 = ORIENTED_EDGE ( 'NONE', *, *, #1106, .F. ) ;
#1104 = DIRECTION ( 'NONE',  ( 0.000000000000000000, -0.000000000000000000, 1.000000000000000000 ) ) ;
#1105 = LINE ( 'NONE', #960, #1291 ) ;
#1106 = EDGE_CURVE ( 'NONE', #983, #858, #1514, .T. ) ;
#1107 = CARTESIAN_POINT ( 'NONE',  ( 287.5000000000000000, -204.0000000000000284, 14.00000000000000000 ) ) ;
#1108 = ORIENTED_EDGE ( 'NONE', *, *, #686, .F. ) ;
#1109 = LINE ( 'NONE', #1385, #806 ) ;
#1110 = ORIENTED_EDGE ( 'NONE', *, *, #1165, .F. ) ;
#1111 = ORIENTED_EDGE ( 'NONE', *, *, #1364, .T. ) ;
#1112 = EDGE_CURVE ( 'NONE', #1211, #76, #63, .T. ) ;
#1113 = VECTOR ( 'NONE', #814, 1000.000000000000000 ) ;
#1114 = LINE ( 'NONE', #694, #264 ) ;
#1115 = PLANE ( 'NONE',  #1324 ) ;
#1116 = AXIS2_PLACEMENT_3D ( 'NONE', #1459, #712, #1286 ) ;
#1117 = VECTOR ( 'NONE', #1700, 1000.000000000000000 ) ;
#1118 = DIRECTION ( 'NONE',  ( 0.000000000000000000, 0.000000000000000000, 1.000000000000000000 ) ) ;
#1119 = LOCAL_TIME ( 16, 1, 54.00000000000000000, #1337 ) ;
#1120 = ORIENTED_EDGE ( 'NONE', *, *, #217, .T. ) ;
#1121 = EDGE_CURVE ( 'NONE', #494, #1307, #1665, .T. ) ;
#1122 = ORIENTED_EDGE ( 'NONE', *, *, #198, .T. ) ;
#1123 = ORIENTED_EDGE ( 'NONE', *, *, #34, .T. ) ;
#1124 = CARTESIAN_POINT ( 'NONE',  ( 289.3999999999999773, -196.0000000000000000, 16.00000000000000000 ) ) ;
#1125 = PLANE ( 'NONE',  #783 ) ;
#1126 = CARTESIAN_POINT ( 'NONE',  ( 287.5000000000000000, 186.5000000000000000, 16.00000000000000000 ) ) ;
#1127 = DIRECTION ( 'NONE',  ( 0.000000000000000000, 0.000000000000000000, 1.000000000000000000 ) ) ;
#1128 = ORIENTED_EDGE ( 'NONE', *, *, #241, .F. ) ;
#1129 = ORIENTED_EDGE ( 'NONE', *, *, #1773, .F. ) ;
#1130 = EDGE_LOOP ( 'NONE', ( #1739, #720, #1674, #94 ) ) ;
#1131 = CARTESIAN_POINT ( 'NONE',  ( 289.3999999999999773, 192.0000000000000000, 16.00000000000000000 ) ) ;
#1132 = CARTESIAN_POINT ( 'NONE',  ( -287.5000000000000000, -196.0000000000000000, 14.00000000000000000 ) ) ;
#1133 = CARTESIAN_POINT ( 'NONE',  ( -289.3999999999999773, -196.0000000000000000, 16.00000000000000000 ) ) ;
#1134 = MANIFOLD_SOLID_BREP ( '\X2\8f935165\X0\8', #3 ) ;
#1135 = FACE_OUTER_BOUND ( 'NONE', #303, .T. ) ;
#1136 = ORIENTED_EDGE ( 'NONE', *, *, #1121, .F. ) ;
#1137 = ORIENTED_EDGE ( 'NONE', *, *, #1651, .T. ) ;
#1138 = CARTESIAN_POINT ( 'NONE',  ( 289.3999999999999773, -194.0000000000000000, 16.00000000000000000 ) ) ;
#1139 = CARTESIAN_POINT ( 'NONE',  ( 291.3000000000000114, -204.0000000000000284, 14.00000000000000000 ) ) ;
#1140 = DIRECTION ( 'NONE',  ( -0.000000000000000000, 1.000000000000000000, 0.000000000000000000 ) ) ;
#1141 = VECTOR ( 'NONE', #756, 1000.000000000000000 ) ;
#1142 = VECTOR ( 'NONE', #1224, 1000.000000000000000 ) ;
#1143 = DIRECTION ( 'NONE',  ( 0.000000000000000000, 0.000000000000000000, 1.000000000000000000 ) ) ;
#1144 = VECTOR ( 'NONE', #493, 1000.000000000000000 ) ;
#1145 = ADVANCED_FACE ( 'NONE', ( #1771 ), #468, .T. ) ;
#1146 = ORIENTED_EDGE ( 'NONE', *, *, #335, .T. ) ;
#1147 = ORIENTED_EDGE ( 'NONE', *, *, #129, .T. ) ;
#1148 = CARTESIAN_POINT ( 'NONE',  ( 289.3999999999999773, -181.5000000000000000, 14.00000000000000000 ) ) ;
#1149 = ORIENTED_EDGE ( 'NONE', *, *, #1009, .T. ) ;
#1150 = DIRECTION ( 'NONE',  ( -1.000000000000000000, 0.000000000000000000, 0.000000000000000000 ) ) ;
#1151 = DIRECTION ( 'NONE',  ( 1.000000000000000000, 0.000000000000000000, -0.000000000000000000 ) ) ;
#1152 = ORIENTED_EDGE ( 'NONE', *, *, #439, .F. ) ;
#1153 = EDGE_LOOP ( 'NONE', ( #1694, #1161, #975, #1079 ) ) ;
#1154 = CARTESIAN_POINT ( 'NONE',  ( 287.5000000000000000, 194.0000000000000000, 14.00000000000000000 ) ) ;
#1155 = DIRECTION ( 'NONE',  ( -0.000000000000000000, 0.000000000000000000, -1.000000000000000000 ) ) ;
#1156 = ORIENTED_EDGE ( 'NONE', *, *, #561, .T. ) ;
#1157 = LINE ( 'NONE', #423, #1173 ) ;
#1158 = CARTESIAN_POINT ( 'NONE',  ( -291.3000000000000114, 206.5000000000000284, 16.00000000000000000 ) ) ;
#1159 = ADVANCED_FACE ( 'NONE', ( #71 ), #1568, .T. ) ;
#1160 = ORIENTED_EDGE ( 'NONE', *, *, #954, .T. ) ;
#1161 = ORIENTED_EDGE ( 'NONE', *, *, #1574, .T. ) ;
#1162 = FACE_OUTER_BOUND ( 'NONE', #626, .T. ) ;
#1163 = DIRECTION ( 'NONE',  ( -1.000000000000000000, -0.000000000000000000, 0.000000000000000000 ) ) ;
#1164 = ORIENTED_EDGE ( 'NONE', *, *, #1386, .T. ) ;
#1165 = EDGE_CURVE ( 'NONE', #1543, #421, #1254, .T. ) ;
#1166 = CARTESIAN_POINT ( 'NONE',  ( -289.3999999999999773, -196.0000000000000000, 14.00000000000000000 ) ) ;
#1167 = AXIS2_PLACEMENT_3D ( 'NONE', #156, #738, #1314 ) ;
#1168 = VECTOR ( 'NONE', #1318, 1000.000000000000000 ) ;
#1169 = LINE ( 'NONE', #896, #483 ) ;
#1170 = VECTOR ( 'NONE', #1246, 1000.000000000000000 ) ;
#1171 = VERTEX_POINT ( 'NONE', #1835 ) ;
#1172 = EDGE_CURVE ( 'NONE', #457, #922, #1680, .T. ) ;
#1173 = VECTOR ( 'NONE', #553, 1000.000000000000000 ) ;
#1174 = DIRECTION ( 'NONE',  ( 0.000000000000000000, 0.000000000000000000, 1.000000000000000000 ) ) ;
#1175 = FACE_OUTER_BOUND ( 'NONE', #1447, .T. ) ;
#1176 = VERTEX_POINT ( 'NONE', #682 ) ;
#1177 = DIRECTION ( 'NONE',  ( 1.000000000000000000, 0.000000000000000000, 0.000000000000000000 ) ) ;
#1178 = CARTESIAN_POINT ( 'NONE',  ( 287.5000000000000000, 194.0000000000000000, 14.00000000000000000 ) ) ;
#1179 = CARTESIAN_POINT ( 'NONE',  ( -291.3000000000000114, 192.0000000000000000, 16.00000000000000000 ) ) ;
#1180 = ADVANCED_FACE ( 'NONE', ( #1262 ), #1125, .T. ) ;
#1181 = CARTESIAN_POINT ( 'NONE',  ( -287.5000000000000000, -186.5000000000000000, 14.00000000000000000 ) ) ;
#1182 = DIRECTION ( 'NONE',  ( 0.000000000000000000, 0.000000000000000000, 1.000000000000000000 ) ) ;
#1183 = LINE ( 'NONE', #166, #477 ) ;
#1184 = DIRECTION ( 'NONE',  ( -0.000000000000000000, 1.000000000000000000, 0.000000000000000000 ) ) ;
#1185 = ORIENTED_EDGE ( 'NONE', *, *, #1439, .F. ) ;
#1186 = CARTESIAN_POINT ( 'NONE',  ( 287.5000000000000000, 194.0000000000000000, 16.00000000000000000 ) ) ;
#1187 = CARTESIAN_POINT ( 'NONE',  ( 287.5000000000000000, 186.5000000000000000, 14.00000000000000000 ) ) ;
#1188 = CARTESIAN_POINT ( 'NONE',  ( -287.5000000000000000, -201.5000000000000000, 14.00000000000000000 ) ) ;
#1189 = LINE ( 'NONE', #26, #1681 ) ;
#1190 = CARTESIAN_POINT ( 'NONE',  ( -289.3999999999999773, 201.5000000000000000, 16.00000000000000000 ) ) ;
#1191 = CARTESIAN_POINT ( 'NONE',  ( 287.5000000000000000, -181.5000000000000000, 16.00000000000000000 ) ) ;
#1192 = VERTEX_POINT ( 'NONE', #240 ) ;
#1193 = DATE_AND_TIME ( #170, #1119 ) ;
#1194 = DIRECTION ( 'NONE',  ( 0.000000000000000000, 0.000000000000000000, -1.000000000000000000 ) ) ;
#1195 = LINE ( 'NONE', #1781, #989 ) ;
#1196 = VECTOR ( 'NONE', #1736, 1000.000000000000000 ) ;
#1197 = DIRECTION ( 'NONE',  ( 0.000000000000000000, 0.000000000000000000, 1.000000000000000000 ) ) ;
#1198 = CARTESIAN_POINT ( 'NONE',  ( 289.3999999999999773, 186.5000000000000000, 14.00000000000000000 ) ) ;
#1199 = ADVANCED_FACE ( 'NONE', ( #1820 ), #1115, .T. ) ;
#1200 = ORIENTED_EDGE ( 'NONE', *, *, #1651, .F. ) ;
#1201 = VECTOR ( 'NONE', #1529, 1000.000000000000000 ) ;
#1202 = PLANE ( 'NONE',  #562 ) ;
#1203 = DIRECTION ( 'NONE',  ( -0.000000000000000000, 0.000000000000000000, -1.000000000000000000 ) ) ;
#1204 = ORIENTED_EDGE ( 'NONE', *, *, #1801, .T. ) ;
#1205 = CALENDAR_DATE ( 2026, 29, 8 ) ;
#1206 = DIRECTION ( 'NONE',  ( 1.000000000000000000, 0.000000000000000000, -0.000000000000000000 ) ) ;
#1207 = VERTEX_POINT ( 'NONE', #394 ) ;
#1208 = EDGE_CURVE ( 'NONE', #729, #1715, #91, .T. ) ;
#1209 = ADVANCED_FACE ( 'NONE', ( #979 ), #655, .T. ) ;
#1210 = DIRECTION ( 'NONE',  ( 0.000000000000000000, 0.000000000000000000, 1.000000000000000000 ) ) ;
#1211 = VERTEX_POINT ( 'NONE', #82 ) ;
#1212 = LINE ( 'NONE', #1630, #1412 ) ;
#1213 = CARTESIAN_POINT ( 'NONE',  ( -287.5000000000000000, 194.0000000000000000, 14.00000000000000000 ) ) ;
#1214 = ORIENTED_EDGE ( 'NONE', *, *, #1784, .T. ) ;
#1215 = CARTESIAN_POINT ( 'NONE',  ( -289.3999999999999773, -194.0000000000000000, 14.00000000000000000 ) ) ;
#1216 = VERTEX_POINT ( 'NONE', #374 ) ;
#1217 = FACE_OUTER_BOUND ( 'NONE', #1501, .T. ) ;
#1218 = ORIENTED_EDGE ( 'NONE', *, *, #1226, .F. ) ;
#1219 = EDGE_CURVE ( 'NONE', #922, #984, #1237, .T. ) ;
#1220 = CARTESIAN_POINT ( 'NONE',  ( -289.3999999999999773, -201.5000000000000000, 16.00000000000000000 ) ) ;
#1221 = CARTESIAN_POINT ( 'NONE',  ( -289.3999999999999773, -194.0000000000000000, 16.00000000000000000 ) ) ;
#1222 = ORIENTED_EDGE ( 'NONE', *, *, #520, .F. ) ;
#1223 = PERSON_AND_ORGANIZATION ( #848, #419 ) ;
#1224 = DIRECTION ( 'NONE',  ( -0.000000000000000000, 1.000000000000000000, 0.000000000000000000 ) ) ;
#1225 = ORIENTED_EDGE ( 'NONE', *, *, #68, .F. ) ;
#1226 = EDGE_CURVE ( 'NONE', #950, #1031, #826, .T. ) ;
#1227 = CLOSED_SHELL ( 'NONE', ( #1005, #609, #693, #1581, #1313, #715 ) ) ;
#1228 = CARTESIAN_POINT ( 'NONE',  ( -287.5000000000000000, 186.5000000000000000, 16.00000000000000000 ) ) ;
#1229 = ORIENTED_EDGE ( 'NONE', *, *, #971, .F. ) ;
#1230 = VECTOR ( 'NONE', #789, 1000.000000000000000 ) ;
#1231 = ADVANCED_BREP_SHAPE_REPRESENTATION ( 'LidCompressionStopPack_V11_EPDM_MetalStop', ( #460, #464, #1094, #1740, #1769, #1714, #1711, #1134, #505, #1702, #492, #1737, #174 ), #751 ) ;
#1232 = DIRECTION ( 'NONE',  ( 0.000000000000000000, -0.000000000000000000, 1.000000000000000000 ) ) ;
#1233 = AXIS2_PLACEMENT_3D ( 'NONE', #1548, #247, #825 ) ;
#1234 = ORIENTED_EDGE ( 'NONE', *, *, #769, .T. ) ;
#1235 = EDGE_CURVE ( 'NONE', #347, #1391, #1557, .T. ) ;
#1236 = DATE_AND_TIME ( #663, #600 ) ;
#1237 = LINE ( 'NONE', #248, #111 ) ;
#1238 = AXIS2_PLACEMENT_3D ( 'NONE', #30, #1768, #295 ) ;
#1239 = EDGE_CURVE ( 'NONE', #155, #494, #1397, .T. ) ;
#1240 = DIRECTION ( 'NONE',  ( -1.000000000000000000, -0.000000000000000000, 0.000000000000000000 ) ) ;
#1241 = VERTEX_POINT ( 'NONE', #257 ) ;
#1242 = FACE_OUTER_BOUND ( 'NONE', #428, .T. ) ;
#1243 = ORIENTED_EDGE ( 'NONE', *, *, #642, .F. ) ;
#1244 = PRODUCT ( 'LidCompressionStopPack_V11_EPDM_MetalStop', 'LidCompressionStopPack_V11_EPDM_MetalStop', '', ( #905 ) ) ;
#1245 = CARTESIAN_POINT ( 'NONE',  ( 289.3999999999999773, -181.5000000000000000, 14.00000000000000000 ) ) ;
#1246 = DIRECTION ( 'NONE',  ( -0.000000000000000000, 1.000000000000000000, 0.000000000000000000 ) ) ;
#1247 = EDGE_CURVE ( 'NONE', #309, #729, #952, .T. ) ;
#1248 = FACE_OUTER_BOUND ( 'NONE', #999, .T. ) ;
#1249 = ORIENTED_EDGE ( 'NONE', *, *, #227, .F. ) ;
#1250 = EDGE_CURVE ( 'NONE', #1192, #266, #1855, .T. ) ;
#1251 = DIRECTION ( 'NONE',  ( 1.000000000000000000, 0.000000000000000000, -0.000000000000000000 ) ) ;
#1252 = VERTEX_POINT ( 'NONE', #408 ) ;
#1253 = LINE ( 'NONE', #1131, #444 ) ;
#1254 = LINE ( 'NONE', #1132, #938 ) ;
#1255 = FACE_OUTER_BOUND ( 'NONE', #79, .T. ) ;
#1256 = ORIENTED_EDGE ( 'NONE', *, *, #2, .T. ) ;
#1257 = PLANE ( 'NONE',  #591 ) ;
#1258 = EDGE_LOOP ( 'NONE', ( #1518, #1705, #1057, #1128 ) ) ;
#1259 = ORIENTED_EDGE ( 'NONE', *, *, #292, .F. ) ;
#1260 = VECTOR ( 'NONE', #551, 1000.000000000000000 ) ;
#1261 = CARTESIAN_POINT ( 'NONE',  ( -291.3000000000000114, 194.0000000000000000, 14.00000000000000000 ) ) ;
#1262 = FACE_OUTER_BOUND ( 'NONE', #1130, .T. ) ;
#1263 = VECTOR ( 'NONE', #104, 1000.000000000000000 ) ;
#1264 = DIRECTION ( 'NONE',  ( -1.000000000000000000, -0.000000000000000000, 0.000000000000000000 ) ) ;
#1265 = VECTOR ( 'NONE', #1264, 1000.000000000000000 ) ;
#1266 = DIRECTION ( 'NONE',  ( 0.000000000000000000, 0.000000000000000000, 1.000000000000000000 ) ) ;
#1267 = VERTEX_POINT ( 'NONE', #228 ) ;
#1268 = VERTEX_POINT ( 'NONE', #383 ) ;
#1269 = ORIENTED_EDGE ( 'NONE', *, *, #1247, .T. ) ;
#1270 = DIRECTION ( 'NONE',  ( -1.000000000000000000, -0.000000000000000000, 0.000000000000000000 ) ) ;
#1271 = ORIENTED_EDGE ( 'NONE', *, *, #954, .F. ) ;
#1272 = CARTESIAN_POINT ( 'NONE',  ( -291.3000000000000114, -196.0000000000000000, 14.00000000000000000 ) ) ;
#1273 = DIRECTION ( 'NONE',  ( 0.000000000000000000, 0.000000000000000000, -1.000000000000000000 ) ) ;
#1274 = CARTESIAN_POINT ( 'NONE',  ( 287.5000000000000000, 201.5000000000000000, 14.00000000000000000 ) ) ;
#1275 = EDGE_LOOP ( 'NONE', ( #330, #728, #1249, #188 ) ) ;
#1276 = ORIENTED_EDGE ( 'NONE', *, *, #1112, .T. ) ;
#1277 = ORIENTED_EDGE ( 'NONE', *, *, #237, .T. ) ;
#1278 = CARTESIAN_POINT ( 'NONE',  ( 291.3000000000000114, 196.0000000000000000, 14.00000000000000000 ) ) ;
#1279 = PLANE ( 'NONE',  #1785 ) ;
#1280 = PLANE ( 'NONE',  #450 ) ;
#1281 = EDGE_CURVE ( 'NONE', #1641, #1842, #807, .T. ) ;
#1282 = LINE ( 'NONE', #1849, #1322 ) ;
#1283 = ORIENTED_EDGE ( 'NONE', *, *, #1828, .T. ) ;
#1284 = ORIENTED_EDGE ( 'NONE', *, *, #1638, .F. ) ;
#1285 = FACE_OUTER_BOUND ( 'NONE', #541, .T. ) ;
#1286 = DIRECTION ( 'NONE',  ( -0.000000000000000000, 0.000000000000000000, -1.000000000000000000 ) ) ;
#1287 = EDGE_CURVE ( 'NONE', #344, #662, #1105, .T. ) ;
#1288 = CARTESIAN_POINT ( 'NONE',  ( -289.3999999999999773, 206.5000000000000284, 14.00000000000000000 ) ) ;
#1289 = AXIS2_PLACEMENT_3D ( 'NONE', #150, #1309, #761 ) ;
#1290 = EDGE_CURVE ( 'NONE', #1757, #223, #1007, .T. ) ;
#1291 = VECTOR ( 'NONE', #1539, 1000.000000000000000 ) ;
#1292 = VECTOR ( 'NONE', #1463, 1000.000000000000000 ) ;
#1293 = CC_DESIGN_SECURITY_CLASSIFICATION ( #1848, ( #1664 ) ) ;
#1294 = EDGE_LOOP ( 'NONE', ( #805, #646, #914, #511 ) ) ;
#1295 = ORIENTED_EDGE ( 'NONE', *, *, #1755, .T. ) ;
#1296 = LINE ( 'NONE', #1154, #716 ) ;
#1297 = LINE ( 'NONE', #1877, #47 ) ;
#1298 = ORIENTED_EDGE ( 'NONE', *, *, #241, .T. ) ;
#1299 = LINE ( 'NONE', #560, #1117 ) ;
#1300 = EDGE_CURVE ( 'NONE', #1031, #1084, #147, .T. ) ;
#1301 = ADVANCED_FACE ( 'NONE', ( #1733 ), #447, .T. ) ;
#1302 = ORIENTED_EDGE ( 'NONE', *, *, #369, .T. ) ;
#1303 = EDGE_CURVE ( 'NONE', #922, #1641, #704, .T. ) ;
#1304 = VERTEX_POINT ( 'NONE', #1025 ) ;
#1305 = CARTESIAN_POINT ( 'NONE',  ( -287.5000000000000000, -201.5000000000000000, 14.00000000000000000 ) ) ;
#1306 = CARTESIAN_POINT ( 'NONE',  ( 289.3999999999999773, 181.5000000000000000, 14.00000000000000000 ) ) ;
#1307 = VERTEX_POINT ( 'NONE', #1593 ) ;
#1308 =( NAMED_UNIT ( * ) PLANE_ANGLE_UNIT ( ) SI_UNIT ( $, .RADIAN. ) );
#1309 = DIRECTION ( 'NONE',  ( 1.000000000000000000, 0.000000000000000000, -0.000000000000000000 ) ) ;
#1310 = CC_DESIGN_PERSON_AND_ORGANIZATION_ASSIGNMENT ( #159, #615, ( #1244 ) ) ;
#1311 = LINE ( 'NONE', #152, #784 ) ;
#1312 = DIRECTION ( 'NONE',  ( 1.000000000000000000, 0.000000000000000000, -0.000000000000000000 ) ) ;
#1313 = ADVANCED_FACE ( 'NONE', ( #1727 ), #559, .T. ) ;
#1314 = DIRECTION ( 'NONE',  ( -0.000000000000000000, 0.000000000000000000, -1.000000000000000000 ) ) ;
#1315 = DIRECTION ( 'NONE',  ( -0.000000000000000000, 1.000000000000000000, 0.000000000000000000 ) ) ;
#1316 = EDGE_LOOP ( 'NONE', ( #145, #1687, #1662, #947 ) ) ;
#1317 = PERSON_AND_ORGANIZATION ( #848, #419 ) ;
#1318 = DIRECTION ( 'NONE',  ( 1.000000000000000000, 0.000000000000000000, -0.000000000000000000 ) ) ;
#1319 = CARTESIAN_POINT ( 'NONE',  ( 291.3000000000000114, 206.5000000000000284, 14.00000000000000000 ) ) ;
#1320 = AXIS2_PLACEMENT_3D ( 'NONE', #195, #1519, #1232 ) ;
#1321 = VECTOR ( 'NONE', #314, 1000.000000000000000 ) ;
#1322 = VECTOR ( 'NONE', #1864, 1000.000000000000000 ) ;
#1323 = LINE ( 'NONE', #15, #114 ) ;
#1324 = AXIS2_PLACEMENT_3D ( 'NONE', #1691, #1846, #1549 ) ;
#1325 = PLANE ( 'NONE',  #1745 ) ;
#1326 = DIRECTION ( 'NONE',  ( 0.000000000000000000, 0.000000000000000000, 1.000000000000000000 ) ) ;
#1327 = CARTESIAN_POINT ( 'NONE',  ( -287.5000000000000000, -196.0000000000000000, 14.00000000000000000 ) ) ;
#1328 = ORIENTED_EDGE ( 'NONE', *, *, #831, .T. ) ;
#1329 = DIRECTION ( 'NONE',  ( -1.000000000000000000, -0.000000000000000000, 0.000000000000000000 ) ) ;
#1330 = LINE ( 'NONE', #261, #990 ) ;
#1331 = LINE ( 'NONE', #1166, #1748 ) ;
#1332 = DIRECTION ( 'NONE',  ( 0.000000000000000000, 0.000000000000000000, 1.000000000000000000 ) ) ;
#1333 = DIRECTION ( 'NONE',  ( -0.000000000000000000, 1.000000000000000000, 0.000000000000000000 ) ) ;
#1334 = CARTESIAN_POINT ( 'NONE',  ( -287.5000000000000000, -204.0000000000000284, 14.00000000000000000 ) ) ;
#1335 = CARTESIAN_POINT ( 'NONE',  ( 289.3999999999999773, -192.0000000000000000, 16.00000000000000000 ) ) ;
#1336 = ORIENTED_EDGE ( 'NONE', *, *, #162, .T. ) ;
#1337 = COORDINATED_UNIVERSAL_TIME_OFFSET ( 8, 0, .AHEAD. ) ;
#1338 = DIRECTION ( 'NONE',  ( -1.000000000000000000, 0.000000000000000000, 0.000000000000000000 ) ) ;
#1339 = CARTESIAN_POINT ( 'NONE',  ( 291.3000000000000114, 196.0000000000000000, 14.00000000000000000 ) ) ;
#1340 = EDGE_CURVE ( 'NONE', #538, #158, #430, .T. ) ;
#1341 = CARTESIAN_POINT ( 'NONE',  ( -289.3999999999999773, -186.5000000000000000, 14.00000000000000000 ) ) ;
#1342 = LINE ( 'NONE', #16, #42 ) ;
#1343 = ORIENTED_EDGE ( 'NONE', *, *, #554, .T. ) ;
#1344 = DIRECTION ( 'NONE',  ( 1.000000000000000000, 0.000000000000000000, -0.000000000000000000 ) ) ;
#1345 = PLANE ( 'NONE',  #539 ) ;
#1346 = ORIENTED_EDGE ( 'NONE', *, *, #583, .F. ) ;
#1347 = DATE_TIME_ROLE ( 'creation_date' ) ;
#1348 = ADVANCED_FACE ( 'NONE', ( #731 ), #1440, .T. ) ;
#1349 = FACE_OUTER_BOUND ( 'NONE', #1275, .T. ) ;
#1350 = CARTESIAN_POINT ( 'NONE',  ( 291.3000000000000114, 194.0000000000000000, 16.00000000000000000 ) ) ;
#1351 = EDGE_CURVE ( 'NONE', #1859, #1515, #861, .T. ) ;
#1352 = VECTOR ( 'NONE', #1431, 1000.000000000000000 ) ;
#1353 = CARTESIAN_POINT ( 'NONE',  ( 291.3000000000000114, -186.5000000000000000, 14.00000000000000000 ) ) ;
#1354 = AXIS2_PLACEMENT_3D ( 'NONE', #1419, #829, #1118 ) ;
#1355 = ORIENTED_EDGE ( 'NONE', *, *, #1574, .F. ) ;
#1356 = AXIS2_PLACEMENT_3D ( 'NONE', #1046, #181, #544 ) ;
#1357 = LINE ( 'NONE', #60, #1141 ) ;
#1358 = DIRECTION ( 'NONE',  ( -1.000000000000000000, -0.000000000000000000, 0.000000000000000000 ) ) ;
#1359 = EDGE_LOOP ( 'NONE', ( #1336, #322, #245, #1298 ) ) ;
#1360 = AXIS2_PLACEMENT_3D ( 'NONE', #349, #1358, #1791 ) ;
#1361 = PERSON_AND_ORGANIZATION_ROLE ( 'classification_officer' ) ;
#1362 = CARTESIAN_POINT ( 'NONE',  ( 289.3999999999999773, 194.0000000000000000, 16.00000000000000000 ) ) ;
#1363 = ORIENTED_EDGE ( 'NONE', *, *, #1676, .T. ) ;
#1364 = EDGE_CURVE ( 'NONE', #1192, #955, #436, .T. ) ;
#1365 = LINE ( 'NONE', #1542, #1750 ) ;
#1366 = ORIENTED_EDGE ( 'NONE', *, *, #432, .F. ) ;
#1367 = DIRECTION ( 'NONE',  ( -1.000000000000000000, -0.000000000000000000, 0.000000000000000000 ) ) ;
#1368 = ADVANCED_FACE ( 'NONE', ( #1175 ), #121, .T. ) ;
#1369 = DIRECTION ( 'NONE',  ( -0.000000000000000000, 1.000000000000000000, 0.000000000000000000 ) ) ;
#1370 = ORIENTED_EDGE ( 'NONE', *, *, #352, .F. ) ;
#1371 = DIRECTION ( 'NONE',  ( 0.000000000000000000, 0.000000000000000000, 1.000000000000000000 ) ) ;
#1372 = ORIENTED_EDGE ( 'NONE', *, *, #1499, .F. ) ;
#1373 = PLANE ( 'NONE',  #1598 ) ;
#1374 = ADVANCED_FACE ( 'NONE', ( #1756 ), #1279, .T. ) ;
#1375 = VERTEX_POINT ( 'NONE', #576 ) ;
#1376 = CARTESIAN_POINT ( 'NONE',  ( -289.3999999999999773, 181.5000000000000000, 16.00000000000000000 ) ) ;
#1377 = LINE ( 'NONE', #619, #388 ) ;
#1378 = VERTEX_POINT ( 'NONE', #1586 ) ;
#1379 = APPROVAL_DATE_TIME ( #1642, #723 ) ;
#1380 = EDGE_CURVE ( 'NONE', #1555, #158, #881, .T. ) ;
#1381 = DIRECTION ( 'NONE',  ( 0.000000000000000000, -1.000000000000000000, -0.000000000000000000 ) ) ;
#1382 = DIRECTION ( 'NONE',  ( 1.000000000000000000, 0.000000000000000000, -0.000000000000000000 ) ) ;
#1383 = EDGE_LOOP ( 'NONE', ( #677, #1437, #1271, #1072 ) ) ;
#1384 = AXIS2_PLACEMENT_3D ( 'NONE', #1032, #1619, #880 ) ;
#1385 = CARTESIAN_POINT ( 'NONE',  ( 289.3999999999999773, 201.5000000000000000, 16.00000000000000000 ) ) ;
#1386 = EDGE_CURVE ( 'NONE', #274, #813, #137, .T. ) ;
#1387 = VERTEX_POINT ( 'NONE', #724 ) ;
#1388 = DIRECTION ( 'NONE',  ( 0.000000000000000000, 0.000000000000000000, -1.000000000000000000 ) ) ;
#1389 = VECTOR ( 'NONE', #1766, 1000.000000000000000 ) ;
#1390 = CARTESIAN_POINT ( 'NONE',  ( -289.3999999999999773, 204.0000000000000284, 16.00000000000000000 ) ) ;
#1391 = VERTEX_POINT ( 'NONE', #1432 ) ;
#1392 = DIRECTION ( 'NONE',  ( -0.000000000000000000, 1.000000000000000000, 0.000000000000000000 ) ) ;
#1393 = CC_DESIGN_PERSON_AND_ORGANIZATION_ASSIGNMENT ( #81, #1361, ( #1848 ) ) ;
#1394 = ORIENTED_EDGE ( 'NONE', *, *, #1597, .T. ) ;
#1395 = SECURITY_CLASSIFICATION_LEVEL ( 'unclassified' ) ;
#1396 = FACE_OUTER_BOUND ( 'NONE', #1854, .T. ) ;
#1397 = LINE ( 'NONE', #1272, #1813 ) ;
#1398 = EDGE_CURVE ( 'NONE', #1536, #98, #1297, .T. ) ;
#1399 = DIRECTION ( 'NONE',  ( -1.000000000000000000, 0.000000000000000000, 0.000000000000000000 ) ) ;
#1400 = VERTEX_POINT ( 'NONE', #293 ) ;
#1401 = LINE ( 'NONE', #236, #1018 ) ;
#1402 = ORIENTED_EDGE ( 'NONE', *, *, #138, .T. ) ;
#1403 = ORIENTED_EDGE ( 'NONE', *, *, #1588, .T. ) ;
#1404 = LINE ( 'NONE', #221, #231 ) ;
#1405 = DIRECTION ( 'NONE',  ( 0.000000000000000000, 0.000000000000000000, 1.000000000000000000 ) ) ;
#1406 = CARTESIAN_POINT ( 'NONE',  ( 291.3000000000000114, 206.5000000000000284, 14.00000000000000000 ) ) ;
#1407 = DIRECTION ( 'NONE',  ( 0.000000000000000000, 0.000000000000000000, 1.000000000000000000 ) ) ;
#1408 = EDGE_LOOP ( 'NONE', ( #550, #387, #1797, #56 ) ) ;
#1409 = CLOSED_SHELL ( 'NONE', ( #705, #1087, #1145, #1452, #1348, #1024 ) ) ;
#1410 = ORIENTED_EDGE ( 'NONE', *, *, #816, .T. ) ;
#1411 = ORIENTED_EDGE ( 'NONE', *, *, #967, .T. ) ;
#1412 = VECTOR ( 'NONE', #912, 1000.000000000000000 ) ;
#1413 = CARTESIAN_POINT ( 'NONE',  ( -289.3999999999999773, -186.5000000000000000, 14.00000000000000000 ) ) ;
#1414 = DIRECTION ( 'NONE',  ( 0.000000000000000000, -1.000000000000000000, -0.000000000000000000 ) ) ;
#1415 = CARTESIAN_POINT ( 'NONE',  ( -291.3000000000000114, 181.5000000000000000, 16.00000000000000000 ) ) ;
#1416 = PRODUCT_RELATED_PRODUCT_CATEGORY ( 'detail', '', ( #1244 ) ) ;
#1417 = VECTOR ( 'NONE', #763, 1000.000000000000000 ) ;
#1418 = ADVANCED_FACE ( 'NONE', ( #872 ), #1886, .T. ) ;
#1419 = CARTESIAN_POINT ( 'NONE',  ( -291.3000000000000114, 184.0000000000000000, 14.00000000000000000 ) ) ;
#1420 = EDGE_LOOP ( 'NONE', ( #879, #1328, #1284, #20 ) ) ;
#1421 = EDGE_LOOP ( 'NONE', ( #1355, #379, #531, #1677 ) ) ;
#1422 = EDGE_LOOP ( 'NONE', ( #1108, #1778, #206, #1825 ) ) ;
#1423 = EDGE_CURVE ( 'NONE', #1021, #1554, #747, .T. ) ;
#1424 = PLANE ( 'NONE',  #1442 ) ;
#1425 = CARTESIAN_POINT ( 'NONE',  ( 289.3999999999999773, -194.0000000000000000, 14.00000000000000000 ) ) ;
#1426 = CARTESIAN_POINT ( 'NONE',  ( 291.3000000000000114, -184.0000000000000000, 14.00000000000000000 ) ) ;
#1427 = FACE_OUTER_BOUND ( 'NONE', #1258, .T. ) ;
#1428 = ADVANCED_FACE ( 'NONE', ( #1497 ), #913, .T. ) ;
#1429 = EDGE_LOOP ( 'NONE', ( #832, #1277, #833, #507 ) ) ;
#1430 = VERTEX_POINT ( 'NONE', #1191 ) ;
#1431 = DIRECTION ( 'NONE',  ( 1.000000000000000000, 0.000000000000000000, -0.000000000000000000 ) ) ;
#1432 = CARTESIAN_POINT ( 'NONE',  ( -291.3000000000000114, -186.5000000000000000, 14.00000000000000000 ) ) ;
#1433 = ADVANCED_FACE ( 'NONE', ( #1479 ), #196, .T. ) ;
#1434 = CARTESIAN_POINT ( 'NONE',  ( 291.3000000000000114, 201.5000000000000000, 14.00000000000000000 ) ) ;
#1435 = CARTESIAN_POINT ( 'NONE',  ( -289.3999999999999773, 192.0000000000000000, 14.00000000000000000 ) ) ;
#1436 = CARTESIAN_POINT ( 'NONE',  ( 287.5000000000000000, -192.0000000000000000, 14.00000000000000000 ) ) ;
#1437 = ORIENTED_EDGE ( 'NONE', *, *, #1423, .F. ) ;
#1438 = LINE ( 'NONE', #135, #1533 ) ;
#1439 = EDGE_CURVE ( 'NONE', #1729, #1823, #1082, .T. ) ;
#1440 = PLANE ( 'NONE',  #992 ) ;
#1441 = CARTESIAN_POINT ( 'NONE',  ( 289.3999999999999773, -201.5000000000000000, 16.00000000000000000 ) ) ;
#1442 = AXIS2_PLACEMENT_3D ( 'NONE', #1413, #998, #525 ) ;
#1443 = VECTOR ( 'NONE', #66, 1000.000000000000000 ) ;
#1444 = EDGE_CURVE ( 'NONE', #1084, #1715, #1649, .T. ) ;
#1445 = VECTOR ( 'NONE', #1807, 1000.000000000000000 ) ;
#1446 = LINE ( 'NONE', #857, #1469 ) ;
#1447 = EDGE_LOOP ( 'NONE', ( #1370, #1460, #1838, #1129 ) ) ;
#1448 = DIRECTION ( 'NONE',  ( 0.000000000000000000, 0.000000000000000000, 1.000000000000000000 ) ) ;
#1449 = CARTESIAN_POINT ( 'NONE',  ( 289.3999999999999773, 194.0000000000000000, 14.00000000000000000 ) ) ;
#1450 = EDGE_LOOP ( 'NONE', ( #1545, #1160, #824, #1833 ) ) ;
#1451 = PLANE ( 'NONE',  #1238 ) ;
#1452 = ADVANCED_FACE ( 'NONE', ( #476 ), #53, .T. ) ;
#1453 = PLANE ( 'NONE',  #1289 ) ;
#1454 = EDGE_CURVE ( 'NONE', #1241, #1307, #1466, .T. ) ;
#1455 = PLANE ( 'NONE',  #1692 ) ;
#1456 = ORIENTED_EDGE ( 'NONE', *, *, #676, .T. ) ;
#1457 = ORIENTED_EDGE ( 'NONE', *, *, #424, .T. ) ;
#1458 = DIRECTION ( 'NONE',  ( 0.000000000000000000, -1.000000000000000000, 0.000000000000000000 ) ) ;
#1459 = CARTESIAN_POINT ( 'NONE',  ( 291.3000000000000114, -184.0000000000000000, 14.00000000000000000 ) ) ;
#1460 = ORIENTED_EDGE ( 'NONE', *, *, #285, .F. ) ;
#1461 = APPLICATION_PROTOCOL_DEFINITION ( 'international standard', 'config_control_design', 1994, #470 ) ;
#1462 = CARTESIAN_POINT ( 'NONE',  ( -291.3000000000000114, -196.0000000000000000, 14.00000000000000000 ) ) ;
#1463 = DIRECTION ( 'NONE',  ( 0.000000000000000000, 0.000000000000000000, 1.000000000000000000 ) ) ;
#1464 = DIRECTION ( 'NONE',  ( -0.000000000000000000, 0.000000000000000000, -1.000000000000000000 ) ) ;
#1465 = DIRECTION ( 'NONE',  ( 1.000000000000000000, 0.000000000000000000, -0.000000000000000000 ) ) ;
#1466 = LINE ( 'NONE', #28, #1445 ) ;
#1467 = EDGE_LOOP ( 'NONE', ( #97, #679, #1867, #1136 ) ) ;
#1468 = DIRECTION ( 'NONE',  ( 0.000000000000000000, 0.000000000000000000, 1.000000000000000000 ) ) ;
#1469 = VECTOR ( 'NONE', #144, 1000.000000000000000 ) ;
#1470 = FACE_OUTER_BOUND ( 'NONE', #64, .T. ) ;
#1471 = LINE ( 'NONE', #1482, #1321 ) ;
#1472 = AXIS2_PLACEMENT_3D ( 'NONE', #1675, #1832, #948 ) ;
#1473 = VECTOR ( 'NONE', #1707, 1000.000000000000000 ) ;
#1474 = AXIS2_PLACEMENT_3D ( 'NONE', #1215, #1652, #354 ) ;
#1475 = CARTESIAN_POINT ( 'NONE',  ( 287.5000000000000000, -184.0000000000000000, 14.00000000000000000 ) ) ;
#1476 = VECTOR ( 'NONE', #932, 1000.000000000000000 ) ;
#1477 = FACE_OUTER_BOUND ( 'NONE', #1637, .T. ) ;
#1478 = CARTESIAN_POINT ( 'NONE',  ( -287.5000000000000000, 186.5000000000000000, 14.00000000000000000 ) ) ;
#1479 = FACE_OUTER_BOUND ( 'NONE', #919, .T. ) ;
#1480 = ORIENTED_EDGE ( 'NONE', *, *, #249, .T. ) ;
#1481 = CARTESIAN_POINT ( 'NONE',  ( -289.3999999999999773, 204.0000000000000284, 14.00000000000000000 ) ) ;
#1482 = CARTESIAN_POINT ( 'NONE',  ( -289.3999999999999773, 186.5000000000000000, 14.00000000000000000 ) ) ;
#1483 = LINE ( 'NONE', #183, #1417 ) ;
#1484 = LINE ( 'NONE', #611, #864 ) ;
#1485 = EDGE_LOOP ( 'NONE', ( #117, #390, #443, #125 ) ) ;
#1486 = ADVANCED_FACE ( 'NONE', ( #1620 ), #1345, .T. ) ;
#1487 = DIRECTION ( 'NONE',  ( 0.000000000000000000, -1.000000000000000000, -0.000000000000000000 ) ) ;
#1488 = PLANE ( 'NONE',  #1090 ) ;
#1489 = ORIENTED_EDGE ( 'NONE', *, *, #17, .T. ) ;
#1490 = COORDINATED_UNIVERSAL_TIME_OFFSET ( 8, 0, .AHEAD. ) ;
#1491 = DIRECTION ( 'NONE',  ( -1.000000000000000000, -0.000000000000000000, 0.000000000000000000 ) ) ;
#1492 = LINE ( 'NONE', #1350, #1080 ) ;
#1493 = ADVANCED_FACE ( 'NONE', ( #1631 ), #1488, .T. ) ;
#1494 = FACE_OUTER_BOUND ( 'NONE', #830, .T. ) ;
#1495 = ORIENTED_EDGE ( 'NONE', *, *, #1710, .F. ) ;
#1496 = PLANE ( 'NONE',  #1320 ) ;
#1497 = FACE_OUTER_BOUND ( 'NONE', #1294, .T. ) ;
#1498 = VERTEX_POINT ( 'NONE', #1066 ) ;
#1499 = EDGE_CURVE ( 'NONE', #1641, #1697, #39, .T. ) ;
#1500 = FACE_OUTER_BOUND ( 'NONE', #557, .T. ) ;
#1501 = EDGE_LOOP ( 'NONE', ( #67, #1259, #692, #1887 ) ) ;
#1502 = CLOSED_SHELL ( 'NONE', ( #280, #1180, #1863, #151, #1493, #549 ) ) ;
#1503 = EDGE_CURVE ( 'NONE', #355, #1724, #167, .T. ) ;
#1504 = VECTOR ( 'NONE', #400, 1000.000000000000000 ) ;
#1505 = CARTESIAN_POINT ( 'NONE',  ( 291.3000000000000114, -192.0000000000000000, 14.00000000000000000 ) ) ;
#1506 = AXIS2_PLACEMENT_3D ( 'NONE', #795, #1143, #252 ) ;
#1507 = ORIENTED_EDGE ( 'NONE', *, *, #72, .T. ) ;
#1508 = AXIS2_PLACEMENT_3D ( 'NONE', #510, #1643, #1194 ) ;
#1509 = DIRECTION ( 'NONE',  ( -1.000000000000000000, 0.000000000000000000, 0.000000000000000000 ) ) ;
#1510 = DIRECTION ( 'NONE',  ( -1.000000000000000000, -0.000000000000000000, 0.000000000000000000 ) ) ;
#1511 = EDGE_LOOP ( 'NONE', ( #1363, #944, #40, #372 ) ) ;
#1512 = AXIS2_PLACEMENT_3D ( 'NONE', #149, #606, #1059 ) ;
#1513 = LOCAL_TIME ( 16, 1, 54.00000000000000000, #88 ) ;
#1514 = LINE ( 'NONE', #1186, #1142 ) ;
#1515 = VERTEX_POINT ( 'NONE', #1799 ) ;
#1516 = FACE_OUTER_BOUND ( 'NONE', #397, .T. ) ;
#1517 = ADVANCED_FACE ( 'NONE', ( #921 ), #637, .T. ) ;
#1518 = ORIENTED_EDGE ( 'NONE', *, *, #1770, .F. ) ;
#1519 = DIRECTION ( 'NONE',  ( -0.000000000000000000, 1.000000000000000000, 0.000000000000000000 ) ) ;
#1520 = CARTESIAN_POINT ( 'NONE',  ( 291.3000000000000114, -184.0000000000000000, 16.00000000000000000 ) ) ;
#1521 = ORIENTED_EDGE ( 'NONE', *, *, #426, .F. ) ;
#1522 = APPROVAL_STATUS ( 'not_yet_approved' ) ;
#1523 = CARTESIAN_POINT ( 'NONE',  ( 289.3999999999999773, 184.0000000000000000, 14.00000000000000000 ) ) ;
#1524 = CARTESIAN_POINT ( 'NONE',  ( 287.5000000000000000, 196.0000000000000000, 16.00000000000000000 ) ) ;
#1525 = ORIENTED_EDGE ( 'NONE', *, *, #426, .T. ) ;
#1526 = CARTESIAN_POINT ( 'NONE',  ( -287.5000000000000000, -206.5000000000000284, 14.00000000000000000 ) ) ;
#1527 = ORIENTED_EDGE ( 'NONE', *, *, #1398, .F. ) ;
#1528 = COORDINATED_UNIVERSAL_TIME_OFFSET ( 8, 0, .AHEAD. ) ;
#1529 = DIRECTION ( 'NONE',  ( -0.000000000000000000, 1.000000000000000000, 0.000000000000000000 ) ) ;
#1530 = CLOSED_SHELL ( 'NONE', ( #894, #165, #1428, #92, #367, #808 ) ) ;
#1531 = CARTESIAN_POINT ( 'NONE',  ( -287.5000000000000000, -184.0000000000000000, 16.00000000000000000 ) ) ;
#1532 = ORIENTED_EDGE ( 'NONE', *, *, #107, .T. ) ;
#1533 = VECTOR ( 'NONE', #291, 1000.000000000000000 ) ;
#1534 = CARTESIAN_POINT ( 'NONE',  ( -289.3999999999999773, -192.0000000000000000, 16.00000000000000000 ) ) ;
#1535 = AXIS2_PLACEMENT_3D ( 'NONE', #812, #1382, #649 ) ;
#1536 = VERTEX_POINT ( 'NONE', #1074 ) ;
#1537 = VECTOR ( 'NONE', #1163, 1000.000000000000000 ) ;
#1538 = DIRECTION ( 'NONE',  ( 0.000000000000000000, 0.000000000000000000, 1.000000000000000000 ) ) ;
#1539 = DIRECTION ( 'NONE',  ( 0.000000000000000000, 0.000000000000000000, 1.000000000000000000 ) ) ;
#1540 = AXIS2_PLACEMENT_3D ( 'NONE', #1213, #61, #497 ) ;
#1541 = ADVANCED_FACE ( 'NONE', ( #208 ), #645, .T. ) ;
#1542 = CARTESIAN_POINT ( 'NONE',  ( 287.5000000000000000, 204.0000000000000284, 16.00000000000000000 ) ) ;
#1543 = VERTEX_POINT ( 'NONE', #1327 ) ;
#1544 = LINE ( 'NONE', #965, #654 ) ;
#1545 = ORIENTED_EDGE ( 'NONE', *, *, #57, .T. ) ;
#1546 = ORIENTED_EDGE ( 'NONE', *, *, #1618, .T. ) ;
#1547 = CC_DESIGN_DATE_AND_TIME_ASSIGNMENT ( #1193, #1347, ( #674 ) ) ;
#1548 = CARTESIAN_POINT ( 'NONE',  ( -287.5000000000000000, -184.0000000000000000, 14.00000000000000000 ) ) ;
#1549 = DIRECTION ( 'NONE',  ( 0.000000000000000000, 0.000000000000000000, -1.000000000000000000 ) ) ;
#1550 = FACE_OUTER_BOUND ( 'NONE', #1561, .T. ) ;
#1551 = EDGE_CURVE ( 'NONE', #1207, #1585, #19, .T. ) ;
#1552 = CARTESIAN_POINT ( 'NONE',  ( 291.3000000000000114, -206.5000000000000284, 16.00000000000000000 ) ) ;
#1553 = EDGE_LOOP ( 'NONE', ( #845, #582, #528, #774 ) ) ;
#1554 = VERTEX_POINT ( 'NONE', #465 ) ;
#1555 = VERTEX_POINT ( 'NONE', #902 ) ;
#1556 = CARTESIAN_POINT ( 'NONE',  ( -291.3000000000000114, -206.5000000000000284, 14.00000000000000000 ) ) ;
#1557 = LINE ( 'NONE', #519, #140 ) ;
#1558 = PLANE ( 'NONE',  #811 ) ;
#1559 = EDGE_CURVE ( 'NONE', #1267, #1859, #179, .T. ) ;
#1560 = CARTESIAN_POINT ( 'NONE',  ( 287.5000000000000000, -196.0000000000000000, 14.00000000000000000 ) ) ;
#1561 = EDGE_LOOP ( 'NONE', ( #197, #466, #740, #350 ) ) ;
#1562 = EDGE_CURVE ( 'NONE', #1391, #448, #363, .T. ) ;
#1563 = ORIENTED_EDGE ( 'NONE', *, *, #618, .F. ) ;
#1564 = EDGE_LOOP ( 'NONE', ( #312, #997, #342, #1882 ) ) ;
#1565 = VECTOR ( 'NONE', #901, 1000.000000000000000 ) ;
#1566 = VECTOR ( 'NONE', #982, 1000.000000000000000 ) ;
#1567 = DIRECTION ( 'NONE',  ( -1.000000000000000000, -0.000000000000000000, 0.000000000000000000 ) ) ;
#1568 = PLANE ( 'NONE',  #688 ) ;
#1569 = AXIS2_PLACEMENT_3D ( 'NONE', #420, #1270, #846 ) ;
#1570 = CARTESIAN_POINT ( 'NONE',  ( 289.3999999999999773, 206.5000000000000284, 14.00000000000000000 ) ) ;
#1571 = EDGE_CURVE ( 'NONE', #1757, #1554, #1377, .T. ) ;
#1572 = VECTOR ( 'NONE', #683, 1000.000000000000000 ) ;
#1573 = DIRECTION ( 'NONE',  ( -1.000000000000000000, 0.000000000000000000, 0.000000000000000000 ) ) ;
#1574 = EDGE_CURVE ( 'NONE', #485, #148, #1311, .T. ) ;
#1575 = ORIENTED_EDGE ( 'NONE', *, *, #1303, .F. ) ;
#1576 = ORIENTED_EDGE ( 'NONE', *, *, #1696, .T. ) ;
#1577 = DIRECTION ( 'NONE',  ( 0.000000000000000000, 0.000000000000000000, 1.000000000000000000 ) ) ;
#1578 = CARTESIAN_POINT ( 'NONE',  ( -289.3999999999999773, 201.5000000000000000, 14.00000000000000000 ) ) ;
#1579 = CARTESIAN_POINT ( 'NONE',  ( 291.3000000000000114, -192.0000000000000000, 16.00000000000000000 ) ) ;
#1580 = DIRECTION ( 'NONE',  ( 0.000000000000000000, -1.000000000000000000, -0.000000000000000000 ) ) ;
#1581 = ADVANCED_FACE ( 'NONE', ( #1494 ), #1455, .T. ) ;
#1582 = CARTESIAN_POINT ( 'NONE',  ( 289.3999999999999773, -204.0000000000000284, 16.00000000000000000 ) ) ;
#1583 = ORIENTED_EDGE ( 'NONE', *, *, #369, .F. ) ;
#1584 = CARTESIAN_POINT ( 'NONE',  ( 291.3000000000000114, -196.0000000000000000, 14.00000000000000000 ) ) ;
#1585 = VERTEX_POINT ( 'NONE', #1353 ) ;
#1586 = CARTESIAN_POINT ( 'NONE',  ( -291.3000000000000114, -201.5000000000000000, 16.00000000000000000 ) ) ;
#1587 = DIRECTION ( 'NONE',  ( 0.000000000000000000, -0.000000000000000000, 1.000000000000000000 ) ) ;
#1588 = EDGE_CURVE ( 'NONE', #355, #1400, #610, .T. ) ;
#1589 = VERTEX_POINT ( 'NONE', #1181 ) ;
#1590 = VERTEX_POINT ( 'NONE', #632 ) ;
#1591 = EDGE_CURVE ( 'NONE', #984, #1878, #48, .T. ) ;
#1592 = DIRECTION ( 'NONE',  ( 0.000000000000000000, -1.000000000000000000, -0.000000000000000000 ) ) ;
#1593 = CARTESIAN_POINT ( 'NONE',  ( -291.3000000000000114, -192.0000000000000000, 16.00000000000000000 ) ) ;
#1594 = ORIENTED_EDGE ( 'NONE', *, *, #1112, .F. ) ;
#1595 = VECTOR ( 'NONE', #1174, 1000.000000000000000 ) ;
#1596 = CARTESIAN_POINT ( 'NONE',  ( 287.5000000000000000, -181.5000000000000000, 14.00000000000000000 ) ) ;
#1597 = EDGE_CURVE ( 'NONE', #1391, #1589, #1071, .T. ) ;
#1598 = AXIS2_PLACEMENT_3D ( 'NONE', #659, #527, #963 ) ;
#1599 = VECTOR ( 'NONE', #341, 1000.000000000000000 ) ;
#1600 = FACE_OUTER_BOUND ( 'NONE', #768, .T. ) ;
#1601 = EDGE_LOOP ( 'NONE', ( #1343, #243, #701, #1394 ) ) ;
#1602 = PLANE ( 'NONE',  #1167 ) ;
#1603 = DIRECTION ( 'NONE',  ( 0.000000000000000000, -1.000000000000000000, 0.000000000000000000 ) ) ;
#1604 = ORIENTED_EDGE ( 'NONE', *, *, #1828, .F. ) ;
#1605 = FACE_OUTER_BOUND ( 'NONE', #1800, .T. ) ;
#1606 = DESIGN_CONTEXT ( 'detailed design', #1765, 'design' ) ;
#1607 = DIRECTION ( 'NONE',  ( -1.000000000000000000, -0.000000000000000000, 0.000000000000000000 ) ) ;
#1608 = VERTEX_POINT ( 'NONE', #298 ) ;
#1609 = CARTESIAN_POINT ( 'NONE',  ( 289.3999999999999773, 192.0000000000000000, 14.00000000000000000 ) ) ;
#1610 = CARTESIAN_POINT ( 'NONE',  ( -289.3999999999999773, 194.0000000000000000, 14.00000000000000000 ) ) ;
#1611 = ORIENTED_EDGE ( 'NONE', *, *, #72, .F. ) ;
#1612 = CARTESIAN_POINT ( 'NONE',  ( 287.5000000000000000, -201.5000000000000000, 14.00000000000000000 ) ) ;
#1613 = LINE ( 'NONE', #687, #656 ) ;
#1614 = DIRECTION ( 'NONE',  ( 0.000000000000000000, -1.000000000000000000, 0.000000000000000000 ) ) ;
#1615 = EDGE_CURVE ( 'NONE', #996, #1555, #754, .T. ) ;
#1616 = DIRECTION ( 'NONE',  ( 0.000000000000000000, -1.000000000000000000, -0.000000000000000000 ) ) ;
#1617 = DIRECTION ( 'NONE',  ( 1.000000000000000000, 0.000000000000000000, -0.000000000000000000 ) ) ;
#1618 = EDGE_CURVE ( 'NONE', #448, #1536, #1636, .T. ) ;
#1619 = DIRECTION ( 'NONE',  ( 0.000000000000000000, 0.000000000000000000, 1.000000000000000000 ) ) ;
#1620 = FACE_OUTER_BOUND ( 'NONE', #1429, .T. ) ;
#1621 = ORIENTED_EDGE ( 'NONE', *, *, #1290, .F. ) ;
#1622 = CARTESIAN_POINT ( 'NONE',  ( 287.5000000000000000, -206.5000000000000284, 16.00000000000000000 ) ) ;
#1623 = DIRECTION ( 'NONE',  ( -0.000000000000000000, 0.000000000000000000, -1.000000000000000000 ) ) ;
#1624 = LINE ( 'NONE', #893, #625 ) ;
#1625 = AXIS2_PLACEMENT_3D ( 'NONE', #78, #1251, #378 ) ;
#1626 = LINE ( 'NONE', #328, #327 ) ;
#1627 = VECTOR ( 'NONE', #569, 1000.000000000000000 ) ;
#1628 = CARTESIAN_POINT ( 'NONE',  ( -291.3000000000000114, -204.0000000000000284, 14.00000000000000000 ) ) ;
#1629 = EDGE_CURVE ( 'NONE', #1866, #1267, #918, .T. ) ;
#1630 = CARTESIAN_POINT ( 'NONE',  ( 287.5000000000000000, 196.0000000000000000, 14.00000000000000000 ) ) ;
#1631 = FACE_OUTER_BOUND ( 'NONE', #844, .T. ) ;
#1632 = VERTEX_POINT ( 'NONE', #773 ) ;
#1633 =( LENGTH_UNIT ( ) NAMED_UNIT ( * ) SI_UNIT ( .MILLI., .METRE. ) );
#1634 = LINE ( 'NONE', #199, #1815 ) ;
#1635 = LINE ( 'NONE', #1596, #356 ) ;
#1636 = LINE ( 'NONE', #1786, #1872 ) ;
#1637 = EDGE_LOOP ( 'NONE', ( #180, #118, #51, #398 ) ) ;
#1638 = EDGE_CURVE ( 'NONE', #194, #1814, #1169, .T. ) ;
#1639 = FACE_OUTER_BOUND ( 'NONE', #1805, .T. ) ;
#1640 = CARTESIAN_POINT ( 'NONE',  ( -289.3999999999999773, -201.5000000000000000, 14.00000000000000000 ) ) ;
#1641 = VERTEX_POINT ( 'NONE', #471 ) ;
#1642 = DATE_AND_TIME ( #800, #14 ) ;
#1643 = DIRECTION ( 'NONE',  ( 0.000000000000000000, -1.000000000000000000, 0.000000000000000000 ) ) ;
#1644 = ORIENTED_EDGE ( 'NONE', *, *, #1300, .F. ) ;
#1645 = EDGE_CURVE ( 'NONE', #643, #1608, #1795, .T. ) ;
#1646 = FACE_OUTER_BOUND ( 'NONE', #788, .T. ) ;
#1647 = ORIENTED_EDGE ( 'NONE', *, *, #1770, .T. ) ;
#1648 = DIRECTION ( 'NONE',  ( 0.000000000000000000, -1.000000000000000000, 0.000000000000000000 ) ) ;
#1649 = LINE ( 'NONE', #1335, #962 ) ;
#1650 = EDGE_LOOP ( 'NONE', ( #1457, #225, #1218, #1146 ) ) ;
#1651 = EDGE_CURVE ( 'NONE', #1585, #1859, #163, .T. ) ;
#1652 = DIRECTION ( 'NONE',  ( -0.000000000000000000, 0.000000000000000000, -1.000000000000000000 ) ) ;
#1653 = EDGE_LOOP ( 'NONE', ( #1111, #910, #782, #1204 ) ) ;
#1654 = ADVANCED_FACE ( 'NONE', ( #601 ), #25, .T. ) ;
#1655 = VECTOR ( 'NONE', #89, 1000.000000000000000 ) ;
#1656 = PLANE ( 'NONE',  #1506 ) ;
#1657 = VECTOR ( 'NONE', #1857, 1000.000000000000000 ) ;
#1658 = ORIENTED_EDGE ( 'NONE', *, *, #1836, .F. ) ;
#1659 = VECTOR ( 'NONE', #7, 1000.000000000000000 ) ;
#1660 = CARTESIAN_POINT ( 'NONE',  ( 287.5000000000000000, 196.0000000000000000, 14.00000000000000000 ) ) ;
#1661 = CARTESIAN_POINT ( 'NONE',  ( -291.3000000000000114, -204.0000000000000284, 14.00000000000000000 ) ) ;
#1662 = ORIENTED_EDGE ( 'NONE', *, *, #17, .F. ) ;
#1663 = VECTOR ( 'NONE', #1329, 1000.000000000000000 ) ;
#1664 = PRODUCT_DEFINITION_FORMATION_WITH_SPECIFIED_SOURCE ( '�', '', #1244, .NOT_KNOWN. ) ;
#1665 = LINE ( 'NONE', #366, #326 ) ;
#1666 = EDGE_CURVE ( 'NONE', #1842, #457, #1030, .T. ) ;
#1667 = FACE_OUTER_BOUND ( 'NONE', #1706, .T. ) ;
#1668 = EDGE_LOOP ( 'NONE', ( #1647, #891, #1670, #1200 ) ) ;
#1669 = LINE ( 'NONE', #1478, #201 ) ;
#1670 = ORIENTED_EDGE ( 'NONE', *, *, #1559, .T. ) ;
#1671 = DIRECTION ( 'NONE',  ( 0.000000000000000000, -1.000000000000000000, 0.000000000000000000 ) ) ;
#1672 = APPROVAL ( #1522, '未' ) ;
#1673 = DIRECTION ( 'NONE',  ( 1.000000000000000000, 0.000000000000000000, -0.000000000000000000 ) ) ;
#1674 = ORIENTED_EDGE ( 'NONE', *, *, #949, .F. ) ;
#1675 = CARTESIAN_POINT ( 'NONE',  ( -291.3000000000000114, 204.0000000000000284, 14.00000000000000000 ) ) ;
#1676 = EDGE_CURVE ( 'NONE', #813, #491, #1323, .T. ) ;
#1677 = ORIENTED_EDGE ( 'NONE', *, *, #727, .F. ) ;
#1678 = SHAPE_DEFINITION_REPRESENTATION ( #380, #1231 ) ;
#1679 = CARTESIAN_POINT ( 'NONE',  ( -289.3999999999999773, 206.5000000000000284, 16.00000000000000000 ) ) ;
#1680 = LINE ( 'NONE', #1699, #267 ) ;
#1681 = VECTOR ( 'NONE', #620, 1000.000000000000000 ) ;
#1682 = CARTESIAN_POINT ( 'NONE',  ( 291.3000000000000114, 181.5000000000000000, 14.00000000000000000 ) ) ;
#1683 = EDGE_CURVE ( 'NONE', #1697, #984, #1626, .T. ) ;
#1684 = EDGE_LOOP ( 'NONE', ( #985, #680, #852, #405 ) ) ;
#1685 = AXIS2_PLACEMENT_3D ( 'NONE', #1038, #1614, #296 ) ;
#1686 = LINE ( 'NONE', #1534, #289 ) ;
#1687 = ORIENTED_EDGE ( 'NONE', *, *, #1591, .T. ) ;
#1688 = ORIENTED_EDGE ( 'NONE', *, *, #1503, .F. ) ;
#1689 = AXIS2_PLACEMENT_3D ( 'NONE', #269, #1671, #401 ) ;
#1690 = LINE ( 'NONE', #1278, #1473 ) ;
#1691 = CARTESIAN_POINT ( 'NONE',  ( 289.3999999999999773, 181.5000000000000000, 14.00000000000000000 ) ) ;
#1692 = AXIS2_PLACEMENT_3D ( 'NONE', #193, #338, #175 ) ;
#1693 = PLANE ( 'NONE',  #779 ) ;
#1694 = ORIENTED_EDGE ( 'NONE', *, *, #275, .T. ) ;
#1695 = ORIENTED_EDGE ( 'NONE', *, *, #561, .F. ) ;
#1696 = EDGE_CURVE ( 'NONE', #1831, #1207, #1040, .T. ) ;
#1697 = VERTEX_POINT ( 'NONE', #317 ) ;
#1698 = LINE ( 'NONE', #817, #1655 ) ;
#1699 = CARTESIAN_POINT ( 'NONE',  ( 289.3999999999999773, -206.5000000000000284, 14.00000000000000000 ) ) ;
#1700 = DIRECTION ( 'NONE',  ( 1.000000000000000000, 0.000000000000000000, -0.000000000000000000 ) ) ;
#1701 = EDGE_CURVE ( 'NONE', #1823, #1590, #1483, .T. ) ;
#1702 = MANIFOLD_SOLID_BREP ( '\X2\8f935165\X0\10', #1048 ) ;
#1703 = CARTESIAN_POINT ( 'NONE',  ( -291.3000000000000114, 201.5000000000000000, 14.00000000000000000 ) ) ;
#1704 = ORIENTED_EDGE ( 'NONE', *, *, #1015, .F. ) ;
#1705 = ORIENTED_EDGE ( 'NONE', *, *, #1551, .F. ) ;
#1706 = EDGE_LOOP ( 'NONE', ( #1152, #1346, #253, #273 ) ) ;
#1707 = DIRECTION ( 'NONE',  ( 0.000000000000000000, 0.000000000000000000, 1.000000000000000000 ) ) ;
#1708 = CARTESIAN_POINT ( 'NONE',  ( 289.3999999999999773, 201.5000000000000000, 14.00000000000000000 ) ) ;
#1709 = CARTESIAN_POINT ( 'NONE',  ( 287.5000000000000000, -181.5000000000000000, 14.00000000000000000 ) ) ;
#1710 = EDGE_CURVE ( 'NONE', #238, #1216, #836, .T. ) ;
#1711 = MANIFOLD_SOLID_BREP ( '\X2\8f935165\X0\7', #316 ) ;
#1712 = LINE ( 'NONE', #1037, #1840 ) ;
#1713 = ORIENTED_EDGE ( 'NONE', *, *, #1551, .T. ) ;
#1714 = MANIFOLD_SOLID_BREP ( '\X2\8f935165\X0\6', #837 ) ;
#1715 = VERTEX_POINT ( 'NONE', #1579 ) ;
#1716 = AXIS2_PLACEMENT_3D ( 'NONE', #608, #33, #1017 ) ;
#1717 = AXIS2_PLACEMENT_3D ( 'NONE', #1002, #403, #458 ) ;
#1718 = LINE ( 'NONE', #382, #11 ) ;
#1719 = CARTESIAN_POINT ( 'NONE',  ( 287.5000000000000000, -194.0000000000000000, 16.00000000000000000 ) ) ;
#1720 = LINE ( 'NONE', #1871, #1572 ) ;
#1721 = AXIS2_PLACEMENT_3D ( 'NONE', #1221, #506, #1043 ) ;
#1722 = ADVANCED_FACE ( 'NONE', ( #1550 ), #258, .T. ) ;
#1723 = CARTESIAN_POINT ( 'NONE',  ( -287.5000000000000000, 201.5000000000000000, 16.00000000000000000 ) ) ;
#1724 = VERTEX_POINT ( 'NONE', #1879 ) ;
#1725 = ORIENTED_EDGE ( 'NONE', *, *, #1571, .F. ) ;
#1726 = LINE ( 'NONE', #889, #1595 ) ;
#1727 = FACE_OUTER_BOUND ( 'NONE', #758, .T. ) ;
#1728 = DIRECTION ( 'NONE',  ( 0.000000000000000000, 0.000000000000000000, 1.000000000000000000 ) ) ;
#1729 = VERTEX_POINT ( 'NONE', #855 ) ;
#1730 = ORIENTED_EDGE ( 'NONE', *, *, #432, .T. ) ;
#1731 = EDGE_CURVE ( 'NONE', #29, #1084, #1735, .T. ) ;
#1732 = DIRECTION ( 'NONE',  ( 0.000000000000000000, -1.000000000000000000, -0.000000000000000000 ) ) ;
#1733 = FACE_OUTER_BOUND ( 'NONE', #1020, .T. ) ;
#1734 = ORIENTED_EDGE ( 'NONE', *, *, #583, .T. ) ;
#1735 = LINE ( 'NONE', #271, #1627 ) ;
#1736 = DIRECTION ( 'NONE',  ( -1.000000000000000000, -0.000000000000000000, 0.000000000000000000 ) ) ;
#1737 = MANIFOLD_SOLID_BREP ( '\X2\8f935165\X0\12', #351 ) ;
#1738 = APPROVAL ( #467, '未' ) ;
#1739 = ORIENTED_EDGE ( 'NONE', *, *, #1571, .T. ) ;
#1740 = MANIFOLD_SOLID_BREP ( '\X2\8f935165\X0\4', #259 ) ;
#1741 = ORIENTED_EDGE ( 'NONE', *, *, #251, .T. ) ;
#1742 = EDGE_CURVE ( 'NONE', #37, #1697, #128, .T. ) ;
#1743 = CARTESIAN_POINT ( 'NONE',  ( 291.3000000000000114, 194.0000000000000000, 14.00000000000000000 ) ) ;
#1744 = DIRECTION ( 'NONE',  ( -1.000000000000000000, 0.000000000000000000, 0.000000000000000000 ) ) ;
#1745 = AXIS2_PLACEMENT_3D ( 'NONE', #602, #462, #318 ) ;
#1746 = ORIENTED_EDGE ( 'NONE', *, *, #1444, .T. ) ;
#1747 = APPLICATION_PROTOCOL_DEFINITION ( 'international standard', 'config_control_design', 1994, #1765 ) ;
#1748 = VECTOR ( 'NONE', #876, 1000.000000000000000 ) ;
#1749 = DIRECTION ( 'NONE',  ( -1.000000000000000000, -0.000000000000000000, 0.000000000000000000 ) ) ;
#1750 = VECTOR ( 'NONE', #368, 1000.000000000000000 ) ;
#1751 = VECTOR ( 'NONE', #908, 1000.000000000000000 ) ;
#1752 = DIRECTION ( 'NONE',  ( 0.000000000000000000, 0.000000000000000000, 1.000000000000000000 ) ) ;
#1753 = ORIENTED_EDGE ( 'NONE', *, *, #162, .F. ) ;
#1754 = LINE ( 'NONE', #455, #895 ) ;
#1755 = EDGE_CURVE ( 'NONE', #421, #494, #578, .T. ) ;
#1756 = FACE_OUTER_BOUND ( 'NONE', #1653, .T. ) ;
#1757 = VERTEX_POINT ( 'NONE', #1434 ) ;
#1758 = DIRECTION ( 'NONE',  ( -1.000000000000000000, -0.000000000000000000, 0.000000000000000000 ) ) ;
#1759 = LINE ( 'NONE', #1047, #353 ) ;
#1760 = EDGE_CURVE ( 'NONE', #478, #1010, #713, .T. ) ;
#1761 = UNCERTAINTY_MEASURE_WITH_UNIT (LENGTH_MEASURE( 1.000000000000000082E-05 ), #1633, 'distance_accuracy_value', 'NONE');
#1762 = DIRECTION ( 'NONE',  ( -0.000000000000000000, 1.000000000000000000, 0.000000000000000000 ) ) ;
#1763 = PLANE ( 'NONE',  #684 ) ;
#1764 = PLANE ( 'NONE',  #1811 ) ;
#1765 = APPLICATION_CONTEXT ( 'configuration controlled 3d designs of mechanical parts and assemblies' ) ;
#1766 = DIRECTION ( 'NONE',  ( 1.000000000000000000, 0.000000000000000000, -0.000000000000000000 ) ) ;
#1767 = ORIENTED_EDGE ( 'NONE', *, *, #1364, .F. ) ;
#1768 = DIRECTION ( 'NONE',  ( -1.000000000000000000, -0.000000000000000000, 0.000000000000000000 ) ) ;
#1769 = MANIFOLD_SOLID_BREP ( '\X2\8f935165\X0\5', #441 ) ;
#1770 = EDGE_CURVE ( 'NONE', #1585, #1866, #988, .T. ) ;
#1771 = FACE_OUTER_BOUND ( 'NONE', #234, .T. ) ;
#1772 = PLANE ( 'NONE',  #1685 ) ;
#1773 = EDGE_CURVE ( 'NONE', #136, #404, #827, .T. ) ;
#1774 = CARTESIAN_POINT ( 'NONE',  ( 291.3000000000000114, -181.5000000000000000, 14.00000000000000000 ) ) ;
#1775 = DIRECTION ( 'NONE',  ( 0.000000000000000000, -1.000000000000000000, -0.000000000000000000 ) ) ;
#1776 = CARTESIAN_POINT ( 'NONE',  ( -291.3000000000000114, -186.5000000000000000, 16.00000000000000000 ) ) ;
#1777 = DIRECTION ( 'NONE',  ( 0.000000000000000000, 0.000000000000000000, 1.000000000000000000 ) ) ;
#1778 = ORIENTED_EDGE ( 'NONE', *, *, #31, .F. ) ;
#1779 = CARTESIAN_POINT ( 'NONE',  ( 291.3000000000000114, 181.5000000000000000, 16.00000000000000000 ) ) ;
#1780 = LINE ( 'NONE', #647, #630 ) ;
#1781 = CARTESIAN_POINT ( 'NONE',  ( 287.5000000000000000, 184.0000000000000000, 14.00000000000000000 ) ) ;
#1782 = AXIS2_PLACEMENT_3D ( 'NONE', #52, #1648, #496 ) ;
#1783 = AXIS2_PLACEMENT_3D ( 'NONE', #1390, #953, #242 ) ;
#1784 = EDGE_CURVE ( 'NONE', #223, #1021, #1862, .T. ) ;
#1785 = AXIS2_PLACEMENT_3D ( 'NONE', #1578, #1603, #1861 ) ;
#1786 = CARTESIAN_POINT ( 'NONE',  ( -291.3000000000000114, -184.0000000000000000, 16.00000000000000000 ) ) ;
#1787 = VECTOR ( 'NONE', #980, 1000.000000000000000 ) ;
#1788 = VERTEX_POINT ( 'NONE', #431 ) ;
#1789 = DIRECTION ( 'NONE',  ( 1.000000000000000000, 0.000000000000000000, -0.000000000000000000 ) ) ;
#1790 = ADVANCED_FACE ( 'NONE', ( #122 ), #250, .T. ) ;
#1791 = DIRECTION ( 'NONE',  ( 0.000000000000000000, 0.000000000000000000, 1.000000000000000000 ) ) ;
#1792 = VERTEX_POINT ( 'NONE', #545 ) ;
#1793 = FACE_OUTER_BOUND ( 'NONE', #1650, .T. ) ;
#1794 = EDGE_LOOP ( 'NONE', ( #1885, #1746, #841, #1402 ) ) ;
#1795 = LINE ( 'NONE', #877, #515 ) ;
#1796 = ADVANCED_FACE ( 'NONE', ( #1001 ), #1280, .T. ) ;
#1797 = ORIENTED_EDGE ( 'NONE', *, *, #1683, .T. ) ;
#1798 = DIRECTION ( 'NONE',  ( 1.000000000000000000, 0.000000000000000000, -0.000000000000000000 ) ) ;
#1799 = CARTESIAN_POINT ( 'NONE',  ( 287.5000000000000000, -186.5000000000000000, 16.00000000000000000 ) ) ;
#1800 = EDGE_LOOP ( 'NONE', ( #575, #1295, #702, #54 ) ) ;
#1801 = EDGE_CURVE ( 'NONE', #996, #1192, #1720, .T. ) ;
#1802 = DIRECTION ( 'NONE',  ( -1.000000000000000000, -0.000000000000000000, 0.000000000000000000 ) ) ;
#1803 = ORIENTED_EDGE ( 'NONE', *, *, #828, .F. ) ;
#1804 = LINE ( 'NONE', #1092, #323 ) ;
#1805 = EDGE_LOOP ( 'NONE', ( #109, #62, #1093, #725 ) ) ;
#1806 = CARTESIAN_POINT ( 'NONE',  ( 287.5000000000000000, -206.5000000000000284, 14.00000000000000000 ) ) ;
#1807 = DIRECTION ( 'NONE',  ( 0.000000000000000000, 0.000000000000000000, 1.000000000000000000 ) ) ;
#1808 = ORIENTED_EDGE ( 'NONE', *, *, #1844, .T. ) ;
#1809 = CARTESIAN_POINT ( 'NONE',  ( -291.3000000000000114, 196.0000000000000000, 14.00000000000000000 ) ) ;
#1810 = EDGE_LOOP ( 'NONE', ( #370, #1096, #437, #1704 ) ) ;
#1811 = AXIS2_PLACEMENT_3D ( 'NONE', #859, #435, #6 ) ;
#1812 = CARTESIAN_POINT ( 'NONE',  ( 287.5000000000000000, 206.5000000000000284, 16.00000000000000000 ) ) ;
#1813 = VECTOR ( 'NONE', #1405, 1000.000000000000000 ) ;
#1814 = VERTEX_POINT ( 'NONE', #1126 ) ;
#1815 = VECTOR ( 'NONE', #190, 1000.000000000000000 ) ;
#1816 = FACE_OUTER_BOUND ( 'NONE', #1564, .T. ) ;
#1817 = ORIENTED_EDGE ( 'NONE', *, *, #727, .T. ) ;
#1818 = VECTOR ( 'NONE', #1752, 1000.000000000000000 ) ;
#1819 = DATE_TIME_ROLE ( 'classification_date' ) ;
#1820 = FACE_OUTER_BOUND ( 'NONE', #209, .T. ) ;
#1821 = EDGE_CURVE ( 'NONE', #1430, #1267, #1299, .T. ) ;
#1822 = DIRECTION ( 'NONE',  ( 0.000000000000000000, 0.000000000000000000, 1.000000000000000000 ) ) ;
#1823 = VERTEX_POINT ( 'NONE', #1415 ) ;
#1824 = CARTESIAN_POINT ( 'NONE',  ( -287.5000000000000000, -186.5000000000000000, 14.00000000000000000 ) ) ;
#1825 = ORIENTED_EDGE ( 'NONE', *, *, #831, .F. ) ;
#1826 = DIRECTION ( 'NONE',  ( -0.000000000000000000, 1.000000000000000000, 0.000000000000000000 ) ) ;
#1827 = CARTESIAN_POINT ( 'NONE',  ( 289.3999999999999773, -201.5000000000000000, 14.00000000000000000 ) ) ;
#1828 = EDGE_CURVE ( 'NONE', #1878, #37, #1157, .T. ) ;
#1829 = DIRECTION ( 'NONE',  ( -0.000000000000000000, 1.000000000000000000, 0.000000000000000000 ) ) ;
#1830 = ADVANCED_FACE ( 'NONE', ( #402 ), #1558, .T. ) ;
#1831 = VERTEX_POINT ( 'NONE', #1709 ) ;
#1832 = DIRECTION ( 'NONE',  ( -1.000000000000000000, -0.000000000000000000, 0.000000000000000000 ) ) ;
#1833 = ORIENTED_EDGE ( 'NONE', *, *, #1836, .T. ) ;
#1834 = LINE ( 'NONE', #532, #1504 ) ;
#1835 = CARTESIAN_POINT ( 'NONE',  ( -287.5000000000000000, 206.5000000000000284, 16.00000000000000000 ) ) ;
#1836 = EDGE_CURVE ( 'NONE', #223, #417, #409, .T. ) ;
#1837 = LINE ( 'NONE', #75, #134 ) ;
#1838 = ORIENTED_EDGE ( 'NONE', *, *, #345, .F. ) ;
#1839 = VECTOR ( 'NONE', #822, 1000.000000000000000 ) ;
#1840 = VECTOR ( 'NONE', #272, 1000.000000000000000 ) ;
#1841 = EDGE_LOOP ( 'NONE', ( #70, #1410, #650, #977 ) ) ;
#1842 = VERTEX_POINT ( 'NONE', #1612 ) ;
#1843 = VECTOR ( 'NONE', #1088, 1000.000000000000000 ) ;
#1844 = EDGE_CURVE ( 'NONE', #1729, #238, #1045, .T. ) ;
#1845 = CARTESIAN_POINT ( 'NONE',  ( 291.3000000000000114, 186.5000000000000000, 14.00000000000000000 ) ) ;
#1846 = DIRECTION ( 'NONE',  ( 0.000000000000000000, -1.000000000000000000, 0.000000000000000000 ) ) ;
#1847 = DIRECTION ( 'NONE',  ( -0.000000000000000000, 1.000000000000000000, 0.000000000000000000 ) ) ;
#1848 = SECURITY_CLASSIFICATION ( '', '', #1395 ) ;
#1849 = CARTESIAN_POINT ( 'NONE',  ( 287.5000000000000000, 204.0000000000000284, 14.00000000000000000 ) ) ;
#1850 = VERTEX_POINT ( 'NONE', #1779 ) ;
#1851 = EDGE_LOOP ( 'NONE', ( #503, #1234, #695, #110 ) ) ;
#1852 = ORIENTED_EDGE ( 'NONE', *, *, #217, .F. ) ;
#1853 = LINE ( 'NONE', #1679, #1260 ) ;
#1854 = EDGE_LOOP ( 'NONE', ( #361, #699, #524, #498 ) ) ;
#1855 = LINE ( 'NONE', #552, #1201 ) ;
#1856 = CARTESIAN_POINT ( 'NONE',  ( 289.3999999999999773, 196.0000000000000000, 14.00000000000000000 ) ) ;
#1857 = DIRECTION ( 'NONE',  ( 1.000000000000000000, 0.000000000000000000, -0.000000000000000000 ) ) ;
#1858 = EDGE_LOOP ( 'NONE', ( #1366, #815, #573, #1688 ) ) ;
#1859 = VERTEX_POINT ( 'NONE', #189 ) ;
#1860 = FACE_OUTER_BOUND ( 'NONE', #941, .T. ) ;
#1861 = DIRECTION ( 'NONE',  ( 0.000000000000000000, 0.000000000000000000, -1.000000000000000000 ) ) ;
#1862 = LINE ( 'NONE', #1406, #870 ) ;
#1863 = ADVANCED_FACE ( 'NONE', ( #596 ), #1451, .T. ) ;
#1864 = DIRECTION ( 'NONE',  ( 0.000000000000000000, -1.000000000000000000, -0.000000000000000000 ) ) ;
#1865 = AXIS2_PLACEMENT_3D ( 'NONE', #1582, #427, #1003 ) ;
#1866 = VERTEX_POINT ( 'NONE', #21 ) ;
#1867 = ORIENTED_EDGE ( 'NONE', *, *, #536, .F. ) ;
#1868 = AXIS2_PLACEMENT_3D ( 'NONE', #340, #1344, #38 ) ;
#1869 = CARTESIAN_POINT ( 'NONE',  ( -289.3999999999999773, 181.5000000000000000, 14.00000000000000000 ) ) ;
#1870 = CARTESIAN_POINT ( 'NONE',  ( -291.3000000000000114, 206.5000000000000284, 14.00000000000000000 ) ) ;
#1871 = CARTESIAN_POINT ( 'NONE',  ( -289.3999999999999773, 201.5000000000000000, 14.00000000000000000 ) ) ;
#1872 = VECTOR ( 'NONE', #484, 1000.000000000000000 ) ;
#1873 = ADVANCED_FACE ( 'NONE', ( #627 ), #41, .T. ) ;
#1874 = EDGE_LOOP ( 'NONE', ( #1156, #799, #794, #246 ) ) ;
#1875 = EDGE_LOOP ( 'NONE', ( #1741, #1817, #1594, #44 ) ) ;
#1876 = DIRECTION ( 'NONE',  ( 0.000000000000000000, 0.000000000000000000, -1.000000000000000000 ) ) ;
#1877 = CARTESIAN_POINT ( 'NONE',  ( -289.3999999999999773, -181.5000000000000000, 16.00000000000000000 ) ) ;
#1878 = VERTEX_POINT ( 'NONE', #1622 ) ;
#1879 = CARTESIAN_POINT ( 'NONE',  ( -291.3000000000000114, -201.5000000000000000, 14.00000000000000000 ) ) ;
#1880 = CC_DESIGN_PERSON_AND_ORGANIZATION_ASSIGNMENT ( #1317, #1035, ( #674 ) ) ;
#1881 = EDGE_CURVE ( 'NONE', #662, #421, #883, .T. ) ;
#1882 = ORIENTED_EDGE ( 'NONE', *, *, #83, .T. ) ;
#1883 = ORIENTED_EDGE ( 'NONE', *, *, #787, .F. ) ;
#1884 = LINE ( 'NONE', #319, #168 ) ;
#1885 = ORIENTED_EDGE ( 'NONE', *, *, #1731, .T. ) ;
#1886 = PLANE ( 'NONE',  #1116 ) ;
#1887 = ORIENTED_EDGE ( 'NONE', *, *, #570, .F. ) ;
ENDSEC;
END-ISO-10303-21;
