ISO-10303-21;
HEADER;
FILE_DESCRIPTION (( 'STEP AP203' ),
    '1' );
FILE_NAME ('LidLatchFastenerPack_V11_16xM3.STEP',
    '2026-08-29T08:01:50',
    ( '' ),
    ( '' ),
    'SwSTEP 2.0',
    'SolidWorks 2025',
    '' );
FILE_SCHEMA (( 'CONFIG_CONTROL_DESIGN' ));
ENDSEC;

DATA;
#1 = DIRECTION ( 'NONE',  ( 0.000000000000000000, 0.000000000000000000, -1.000000000000000000 ) ) ;
#2 = VERTEX_POINT ( 'NONE', #2734 ) ;
#3 = VERTEX_POINT ( 'NONE', #1819 ) ;
#4 = ADVANCED_FACE ( 'NONE', ( #2291 ), #1401, .T. ) ;
#5 = AXIS2_PLACEMENT_3D ( 'NONE', #1320, #1528, #28 ) ;
#6 = CYLINDRICAL_SURFACE ( 'NONE', #2181, 2.749999999999999112 ) ;
#7 = DIRECTION ( 'NONE',  ( 0.000000000000000000, 0.000000000000000000, -1.000000000000000000 ) ) ;
#8 = DIRECTION ( 'NONE',  ( 1.000000000000000000, 0.000000000000000000, 0.000000000000000000 ) ) ;
#9 = EDGE_CURVE ( 'NONE', #804, #95, #2423, .T. ) ;
#10 = CARTESIAN_POINT ( 'NONE',  ( -295.0000000000000000, -200.0000000000000000, -8.750000000000000000 ) ) ;
#11 = DIRECTION ( 'NONE',  ( 0.000000000000000000, 0.000000000000000000, -1.000000000000000000 ) ) ;
#12 = ADVANCED_FACE ( 'NONE', ( #2722 ), #2698, .T. ) ;
#13 = DIRECTION ( 'NONE',  ( 1.000000000000000000, 0.000000000000000000, -0.000000000000000000 ) ) ;
#14 = LINE ( 'NONE', #1774, #739 ) ;
#15 = ORIENTED_EDGE ( 'NONE', *, *, #1919, .T. ) ;
#16 = CARTESIAN_POINT ( 'NONE',  ( 295.8999999999999773, -188.0000000000000000, -18.00000000000000355 ) ) ;
#17 = VERTEX_POINT ( 'NONE', #361 ) ;
#18 = EDGE_CURVE ( 'NONE', #550, #681, #2489, .T. ) ;
#19 = AXIS2_PLACEMENT_3D ( 'NONE', #2241, #2718, #1219 ) ;
#20 = ORIENTED_EDGE ( 'NONE', *, *, #797, .F. ) ;
#21 = CIRCLE ( 'NONE', #2359, 1.400000000000000133 ) ;
#22 = CARTESIAN_POINT ( 'NONE',  ( -288.1000000000000227, -188.0000000000000000, -4.599999999999999645 ) ) ;
#23 = DIRECTION ( 'NONE',  ( -1.000000000000000000, 0.000000000000000000, 0.000000000000000000 ) ) ;
#24 = EDGE_CURVE ( 'NONE', #2052, #2094, #1651, .T. ) ;
#25 = DIRECTION ( 'NONE',  ( -0.000000000000000000, 0.000000000000000000, 1.000000000000000000 ) ) ;
#26 = CARTESIAN_POINT ( 'NONE',  ( -295.0000000000000000, 200.0000000000000000, -18.00000000000000355 ) ) ;
#27 = VECTOR ( 'NONE', #918, 1000.000000000000000 ) ;
#28 = DIRECTION ( 'NONE',  ( 0.000000000000000000, 0.000000000000000000, 1.000000000000000000 ) ) ;
#29 = AXIS2_PLACEMENT_3D ( 'NONE', #1319, #1091, #1734 ) ;
#30 = FACE_OUTER_BOUND ( 'NONE', #1871, .T. ) ;
#31 = ADVANCED_FACE ( 'NONE', ( #662 ), #2363, .T. ) ;
#32 = ORIENTED_EDGE ( 'NONE', *, *, #509, .F. ) ;
#33 = PLANE ( 'NONE',  #1054 ) ;
#34 = ORIENTED_EDGE ( 'NONE', *, *, #2507, .F. ) ;
#35 = ORIENTED_EDGE ( 'NONE', *, *, #984, .T. ) ;
#36 = DIRECTION ( 'NONE',  ( 0.000000000000000000, 0.000000000000000000, -1.000000000000000000 ) ) ;
#37 = CARTESIAN_POINT ( 'NONE',  ( 295.0000000000000000, -188.0000000000000000, -18.00000000000000355 ) ) ;
#38 = DIRECTION ( 'NONE',  ( -0.000000000000000000, 0.000000000000000000, 1.000000000000000000 ) ) ;
#39 = DIRECTION ( 'NONE',  ( -1.000000000000000000, 0.000000000000000000, 0.000000000000000000 ) ) ;
#40 = PLANE ( 'NONE',  #2560 ) ;
#41 = EDGE_CURVE ( 'NONE', #1545, #1021, #880, .T. ) ;
#42 = FACE_OUTER_BOUND ( 'NONE', #1374, .T. ) ;
#43 = CIRCLE ( 'NONE', #2242, 1.400000000000000133 ) ;
#44 = AXIS2_PLACEMENT_3D ( 'NONE', #158, #2725, #1447 ) ;
#45 = ORIENTED_EDGE ( 'NONE', *, *, #858, .F. ) ;
#46 = AXIS2_PLACEMENT_3D ( 'NONE', #817, #611, #1290 ) ;
#47 = FACE_OUTER_BOUND ( 'NONE', #720, .T. ) ;
#48 = ORIENTED_EDGE ( 'NONE', *, *, #631, .T. ) ;
#49 = ORIENTED_EDGE ( 'NONE', *, *, #1991, .F. ) ;
#50 = EDGE_CURVE ( 'NONE', #2030, #641, #892, .T. ) ;
#51 = DIRECTION ( 'NONE',  ( 1.000000000000000000, 0.000000000000000000, 0.000000000000000000 ) ) ;
#52 = DIRECTION ( 'NONE',  ( 0.000000000000000000, 0.000000000000000000, 1.000000000000000000 ) ) ;
#53 = CARTESIAN_POINT ( 'NONE',  ( -288.1000000000000227, -200.0000000000000000, -18.00000000000000355 ) ) ;
#54 = DIRECTION ( 'NONE',  ( 1.000000000000000000, 0.000000000000000000, 0.000000000000000000 ) ) ;
#55 = DIRECTION ( 'NONE',  ( -1.000000000000000000, 0.000000000000000000, 0.000000000000000000 ) ) ;
#56 = DIRECTION ( 'NONE',  ( -1.000000000000000000, 0.000000000000000000, 0.000000000000000000 ) ) ;
#57 = CIRCLE ( 'NONE', #425, 2.749999999999999112 ) ;
#58 = DIRECTION ( 'NONE',  ( -1.000000000000000000, 0.000000000000000000, 0.000000000000000000 ) ) ;
#59 = EDGE_LOOP ( 'NONE', ( #1674, #1689 ) ) ;
#60 = ADVANCED_FACE ( 'NONE', ( #2349 ), #2375, .T. ) ;
#61 = EDGE_LOOP ( 'NONE', ( #407, #397 ) ) ;
#62 = AXIS2_PLACEMENT_3D ( 'NONE', #1771, #1743, #1331 ) ;
#63 = FACE_BOUND ( 'NONE', #2481, .T. ) ;
#64 = CIRCLE ( 'NONE', #1851, 2.749999999999999112 ) ;
#65 = EDGE_CURVE ( 'NONE', #1906, #2395, #424, .T. ) ;
#66 = LINE ( 'NONE', #1315, #733 ) ;
#67 = AXIS2_PLACEMENT_3D ( 'NONE', #2092, #1213, #1229 ) ;
#68 = FACE_OUTER_BOUND ( 'NONE', #421, .T. ) ;
#69 = DATE_AND_TIME ( #2428, #837 ) ;
#70 = CARTESIAN_POINT ( 'NONE',  ( 295.8999999999999773, 200.0000000000000000, -6.000000000000000000 ) ) ;
#71 = AXIS2_PLACEMENT_3D ( 'NONE', #2459, #2473, #1815 ) ;
#72 = ORIENTED_EDGE ( 'NONE', *, *, #1195, .F. ) ;
#73 = FACE_OUTER_BOUND ( 'NONE', #1729, .T. ) ;
#74 = AXIS2_PLACEMENT_3D ( 'NONE', #1342, #1116, #1715 ) ;
#75 = CARTESIAN_POINT ( 'NONE',  ( 295.0000000000000000, -200.0000000000000000, -6.000000000000000000 ) ) ;
#76 = AXIS2_PLACEMENT_3D ( 'NONE', #1121, #855, #1289 ) ;
#77 = CARTESIAN_POINT ( 'NONE',  ( -288.1000000000000227, -200.0000000000000000, -6.000000000000000000 ) ) ;
#78 = VERTEX_POINT ( 'NONE', #1703 ) ;
#79 = ORIENTED_EDGE ( 'NONE', *, *, #1422, .T. ) ;
#80 = CARTESIAN_POINT ( 'NONE',  ( -295.8999999999999773, 188.0000000000000000, -3.250000000000000444 ) ) ;
#81 = DIRECTION ( 'NONE',  ( -1.000000000000000000, 0.000000000000000000, 0.000000000000000000 ) ) ;
#82 = VERTEX_POINT ( 'NONE', #216 ) ;
#83 = CARTESIAN_POINT ( 'NONE',  ( 288.1000000000000227, -200.0000000000000000, -7.400000000000000355 ) ) ;
#84 = DIRECTION ( 'NONE',  ( 1.000000000000000000, 0.000000000000000000, 0.000000000000000000 ) ) ;
#85 = DIRECTION ( 'NONE',  ( -1.000000000000000000, 0.000000000000000000, 0.000000000000000000 ) ) ;
#86 = CLOSED_SHELL ( 'NONE', ( #2464, #2095, #99, #2483, #717, #1600, #1317 ) ) ;
#87 = DIRECTION ( 'NONE',  ( -1.000000000000000000, -0.000000000000000000, -0.000000000000000000 ) ) ;
#88 = ORIENTED_EDGE ( 'NONE', *, *, #9, .F. ) ;
#89 = ORIENTED_EDGE ( 'NONE', *, *, #1145, .T. ) ;
#90 = ADVANCED_FACE ( 'NONE', ( #1288, #1275 ), #2598, .T. ) ;
#91 = DIRECTION ( 'NONE',  ( 0.000000000000000000, 0.000000000000000000, -1.000000000000000000 ) ) ;
#92 = EDGE_CURVE ( 'NONE', #2145, #1709, #1263, .T. ) ;
#93 = CALENDAR_DATE ( 2026, 29, 8 ) ;
#94 = CYLINDRICAL_SURFACE ( 'NONE', #2537, 1.399999999999998579 ) ;
#95 = VERTEX_POINT ( 'NONE', #1079 ) ;
#96 = CYLINDRICAL_SURFACE ( 'NONE', #2382, 2.750000000000000000 ) ;
#97 = ORIENTED_EDGE ( 'NONE', *, *, #2449, .T. ) ;
#98 = DIRECTION ( 'NONE',  ( 0.000000000000000000, 0.000000000000000000, 1.000000000000000000 ) ) ;
#99 = ADVANCED_FACE ( 'NONE', ( #1496 ), #1719, .T. ) ;
#100 = DIRECTION ( 'NONE',  ( -1.000000000000000000, -0.000000000000000000, -0.000000000000000000 ) ) ;
#101 = DIRECTION ( 'NONE',  ( -1.000000000000000000, 0.000000000000000000, 0.000000000000000000 ) ) ;
#102 = ORIENTED_EDGE ( 'NONE', *, *, #2387, .F. ) ;
#103 = ORIENTED_EDGE ( 'NONE', *, *, #886, .F. ) ;
#104 = AXIS2_PLACEMENT_3D ( 'NONE', #1177, #139, #979 ) ;
#105 = CYLINDRICAL_SURFACE ( 'NONE', #1938, 1.400000000000000133 ) ;
#106 = VECTOR ( 'NONE', #626, 1000.000000000000000 ) ;
#107 = DIRECTION ( 'NONE',  ( 0.000000000000000000, 0.000000000000000000, -1.000000000000000000 ) ) ;
#108 = VERTEX_POINT ( 'NONE', #440 ) ;
#109 = DIRECTION ( 'NONE',  ( 0.000000000000000000, 0.000000000000000000, 1.000000000000000000 ) ) ;
#110 = EDGE_CURVE ( 'NONE', #2703, #1258, #1741, .T. ) ;
#111 = CIRCLE ( 'NONE', #2033, 2.749999999999999112 ) ;
#112 = VERTEX_POINT ( 'NONE', #453 ) ;
#113 = DIRECTION ( 'NONE',  ( 0.000000000000000000, 0.000000000000000000, -1.000000000000000000 ) ) ;
#114 = ADVANCED_FACE ( 'NONE', ( #675, #1939 ), #1526, .T. ) ;
#115 = AXIS2_PLACEMENT_3D ( 'NONE', #724, #960, #738 ) ;
#116 = AXIS2_PLACEMENT_3D ( 'NONE', #2621, #1908, #1551 ) ;
#117 = ADVANCED_FACE ( 'NONE', ( #467 ), #1316, .T. ) ;
#118 = DIRECTION ( 'NONE',  ( 1.000000000000000000, 0.000000000000000000, 0.000000000000000000 ) ) ;
#119 = CIRCLE ( 'NONE', #920, 2.749999999999999112 ) ;
#120 = CARTESIAN_POINT ( 'NONE',  ( -295.0000000000000000, -188.0000000000000000, -6.000000000000000000 ) ) ;
#121 = ORIENTED_EDGE ( 'NONE', *, *, #2282, .F. ) ;
#122 = ORIENTED_EDGE ( 'NONE', *, *, #2502, .T. ) ;
#123 = DIRECTION ( 'NONE',  ( 1.000000000000000000, 0.000000000000000000, -0.000000000000000000 ) ) ;
#124 = LINE ( 'NONE', #713, #959 ) ;
#125 = ORIENTED_EDGE ( 'NONE', *, *, #2602, .F. ) ;
#126 = FACE_BOUND ( 'NONE', #183, .T. ) ;
#127 = ORIENTED_EDGE ( 'NONE', *, *, #2303, .T. ) ;
#128 = CARTESIAN_POINT ( 'NONE',  ( 288.1000000000000227, -188.0000000000000000, -16.60000000000000497 ) ) ;
#129 = EDGE_CURVE ( 'NONE', #1918, #330, #415, .T. ) ;
#130 = DIRECTION ( 'NONE',  ( 1.000000000000000000, 0.000000000000000000, 0.000000000000000000 ) ) ;
#131 = DIRECTION ( 'NONE',  ( 1.000000000000000000, 0.000000000000000000, 0.000000000000000000 ) ) ;
#132 = EDGE_LOOP ( 'NONE', ( #379, #2455 ) ) ;
#133 = EDGE_LOOP ( 'NONE', ( #504, #1047 ) ) ;
#134 = VECTOR ( 'NONE', #852, 1000.000000000000000 ) ;
#135 = CARTESIAN_POINT ( 'NONE',  ( -288.1000000000000227, 188.0000000000000000, -6.000000000000000000 ) ) ;
#136 = ADVANCED_FACE ( 'NONE', ( #1055, #1899 ), #2761, .T. ) ;
#137 = CARTESIAN_POINT ( 'NONE',  ( -295.0000000000000000, -188.0000000000000000, -8.750000000000000000 ) ) ;
#138 = ORIENTED_EDGE ( 'NONE', *, *, #1607, .T. ) ;
#139 = DIRECTION ( 'NONE',  ( 1.000000000000000000, 0.000000000000000000, 0.000000000000000000 ) ) ;
#140 = ORIENTED_EDGE ( 'NONE', *, *, #1498, .F. ) ;
#141 = CYLINDRICAL_SURFACE ( 'NONE', #438, 1.400000000000000133 ) ;
#142 = FACE_OUTER_BOUND ( 'NONE', #943, .T. ) ;
#143 = DIRECTION ( 'NONE',  ( 0.000000000000000000, 0.000000000000000000, -1.000000000000000000 ) ) ;
#144 = ORIENTED_EDGE ( 'NONE', *, *, #486, .F. ) ;
#145 = EDGE_CURVE ( 'NONE', #620, #2755, #635, .T. ) ;
#146 = ORIENTED_EDGE ( 'NONE', *, *, #1835, .F. ) ;
#147 = CARTESIAN_POINT ( 'NONE',  ( -295.0000000000000000, 188.0000000000000000, -20.75000000000000000 ) ) ;
#148 = DIRECTION ( 'NONE',  ( 0.000000000000000000, 0.000000000000000000, -1.000000000000000000 ) ) ;
#149 = ADVANCED_FACE ( 'NONE', ( #68 ), #1537, .T. ) ;
#150 = CIRCLE ( 'NONE', #1233, 1.399999999999998579 ) ;
#151 = CARTESIAN_POINT ( 'NONE',  ( -295.0000000000000000, 200.0000000000000000, -3.250000000000000444 ) ) ;
#152 = AXIS2_PLACEMENT_3D ( 'NONE', #37, #1343, #278 ) ;
#153 = ORIENTED_EDGE ( 'NONE', *, *, #261, .F. ) ;
#154 = CARTESIAN_POINT ( 'NONE',  ( 288.1000000000000227, -188.0000000000000000, -6.000000000000000000 ) ) ;
#155 = AXIS2_PLACEMENT_3D ( 'NONE', #2470, #2680, #2274 ) ;
#156 = VECTOR ( 'NONE', #2573, 1000.000000000000000 ) ;
#157 = DIRECTION ( 'NONE',  ( 1.000000000000000000, 0.000000000000000000, -0.000000000000000000 ) ) ;
#158 = CARTESIAN_POINT ( 'NONE',  ( -295.8999999999999773, -200.0000000000000000, -6.000000000000000000 ) ) ;
#159 = EDGE_LOOP ( 'NONE', ( #1225, #557 ) ) ;
#160 = EDGE_LOOP ( 'NONE', ( #1186, #2728 ) ) ;
#161 = AXIS2_PLACEMENT_3D ( 'NONE', #1913, #691, #856 ) ;
#162 = DIRECTION ( 'NONE',  ( 1.000000000000000000, 0.000000000000000000, 0.000000000000000000 ) ) ;
#163 = CIRCLE ( 'NONE', #396, 2.749999999999999112 ) ;
#164 = FACE_OUTER_BOUND ( 'NONE', #1503, .T. ) ;
#165 = CARTESIAN_POINT ( 'NONE',  ( -288.1000000000000227, -200.0000000000000000, -16.60000000000000497 ) ) ;
#166 = ORIENTED_EDGE ( 'NONE', *, *, #2710, .T. ) ;
#167 = CARTESIAN_POINT ( 'NONE',  ( -288.1000000000000227, 200.0000000000000000, -16.60000000000000497 ) ) ;
#168 = FACE_OUTER_BOUND ( 'NONE', #333, .T. ) ;
#169 = CARTESIAN_POINT ( 'NONE',  ( 295.8999999999999773, 200.0000000000000000, -8.750000000000000000 ) ) ;
#170 = VERTEX_POINT ( 'NONE', #483 ) ;
#171 = EDGE_LOOP ( 'NONE', ( #1658, #849, #460, #1185 ) ) ;
#172 = ORIENTED_EDGE ( 'NONE', *, *, #2530, .F. ) ;
#173 = EDGE_LOOP ( 'NONE', ( #1298, #2682 ) ) ;
#174 = DIRECTION ( 'NONE',  ( 0.000000000000000000, 0.000000000000000000, -1.000000000000000000 ) ) ;
#175 = AXIS2_PLACEMENT_3D ( 'NONE', #2310, #2508, #583 ) ;
#176 = FACE_OUTER_BOUND ( 'NONE', #653, .T. ) ;
#177 = DIRECTION ( 'NONE',  ( 1.000000000000000000, 0.000000000000000000, 0.000000000000000000 ) ) ;
#178 = LINE ( 'NONE', #167, #2138 ) ;
#179 = ADVANCED_FACE ( 'NONE', ( #893 ), #1333, .T. ) ;
#180 = CARTESIAN_POINT ( 'NONE',  ( -295.8999999999999773, -188.0000000000000000, -20.75000000000000000 ) ) ;
#181 = EDGE_CURVE ( 'NONE', #366, #1449, #249, .T. ) ;
#182 = ORIENTED_EDGE ( 'NONE', *, *, #703, .T. ) ;
#183 = EDGE_LOOP ( 'NONE', ( #1951, #2616 ) ) ;
#184 = EDGE_LOOP ( 'NONE', ( #257, #955 ) ) ;
#185 = ORIENTED_EDGE ( 'NONE', *, *, #1700, .F. ) ;
#186 = CARTESIAN_POINT ( 'NONE',  ( 295.0000000000000000, 200.0000000000000000, -7.400000000000000355 ) ) ;
#187 = DIRECTION ( 'NONE',  ( 0.000000000000000000, 0.000000000000000000, 1.000000000000000000 ) ) ;
#188 = DIRECTION ( 'NONE',  ( -1.000000000000000000, 0.000000000000000000, 0.000000000000000000 ) ) ;
#189 = AXIS2_PLACEMENT_3D ( 'NONE', #1429, #360, #1818 ) ;
#190 = DIRECTION ( 'NONE',  ( 1.000000000000000000, 0.000000000000000000, 0.000000000000000000 ) ) ;
#191 = EDGE_CURVE ( 'NONE', #740, #2317, #587, .T. ) ;
#192 = AXIS2_PLACEMENT_3D ( 'NONE', #944, #1782, #1525 ) ;
#193 = AXIS2_PLACEMENT_3D ( 'NONE', #682, #1489, #2394 ) ;
#194 = PLANE ( 'NONE',  #2222 ) ;
#195 = AXIS2_PLACEMENT_3D ( 'NONE', #953, #1601, #1141 ) ;
#196 = ADVANCED_FACE ( 'NONE', ( #2417 ), #906, .T. ) ;
#197 = DIRECTION ( 'NONE',  ( -1.000000000000000000, 0.000000000000000000, 0.000000000000000000 ) ) ;
#198 = CIRCLE ( 'NONE', #568, 1.400000000000000133 ) ;
#199 = EDGE_LOOP ( 'NONE', ( #2053, #1877 ) ) ;
#200 = VERTEX_POINT ( 'NONE', #1772 ) ;
#201 = FACE_OUTER_BOUND ( 'NONE', #450, .T. ) ;
#202 = AXIS2_PLACEMENT_3D ( 'NONE', #689, #2176, #2350 ) ;
#203 = DIRECTION ( 'NONE',  ( 0.000000000000000000, 0.000000000000000000, -1.000000000000000000 ) ) ;
#204 = DIRECTION ( 'NONE',  ( -1.000000000000000000, 0.000000000000000000, 0.000000000000000000 ) ) ;
#205 = DIRECTION ( 'NONE',  ( 0.000000000000000000, 0.000000000000000000, 1.000000000000000000 ) ) ;
#206 = CARTESIAN_POINT ( 'NONE',  ( -288.1000000000000227, 200.0000000000000000, -4.599999999999999645 ) ) ;
#207 = DIRECTION ( 'NONE',  ( 1.000000000000000000, 0.000000000000000000, 0.000000000000000000 ) ) ;
#208 = MANIFOLD_SOLID_BREP ( '\X2\8f935165\X0\9', #1299 ) ;
#209 = EDGE_CURVE ( 'NONE', #1341, #2430, #1756, .T. ) ;
#210 = CARTESIAN_POINT ( 'NONE',  ( -295.0000000000000000, 188.0000000000000000, -18.00000000000000355 ) ) ;
#211 = ORIENTED_EDGE ( 'NONE', *, *, #1227, .T. ) ;
#212 = EDGE_LOOP ( 'NONE', ( #792, #1577 ) ) ;
#213 = CARTESIAN_POINT ( 'NONE',  ( -295.0000000000000000, 188.0000000000000000, -15.25000000000000355 ) ) ;
#214 = EDGE_CURVE ( 'NONE', #2666, #1518, #894, .T. ) ;
#215 = DIRECTION ( 'NONE',  ( -1.000000000000000000, 0.000000000000000000, 0.000000000000000000 ) ) ;
#216 = CARTESIAN_POINT ( 'NONE',  ( 288.1000000000000227, 188.0000000000000000, -19.40000000000000213 ) ) ;
#217 = CIRCLE ( 'NONE', #175, 2.749999999999999112 ) ;
#218 = CARTESIAN_POINT ( 'NONE',  ( 295.8999999999999773, 200.0000000000000000, -18.00000000000000355 ) ) ;
#219 = DIRECTION ( 'NONE',  ( -1.000000000000000000, 0.000000000000000000, 0.000000000000000000 ) ) ;
#220 = AXIS2_PLACEMENT_3D ( 'NONE', #1883, #2335, #2389 ) ;
#221 = DIRECTION ( 'NONE',  ( -0.000000000000000000, 0.000000000000000000, -1.000000000000000000 ) ) ;
#222 = CARTESIAN_POINT ( 'NONE',  ( -295.0000000000000000, -200.0000000000000000, -15.25000000000000355 ) ) ;
#223 = EDGE_CURVE ( 'NONE', #2322, #2755, #322, .T. ) ;
#224 = EDGE_LOOP ( 'NONE', ( #1436, #1711 ) ) ;
#225 = DIRECTION ( 'NONE',  ( -1.000000000000000000, 0.000000000000000000, 0.000000000000000000 ) ) ;
#226 = EDGE_CURVE ( 'NONE', #2211, #2462, #2244, .T. ) ;
#227 = ORIENTED_EDGE ( 'NONE', *, *, #9, .T. ) ;
#228 = ORIENTED_EDGE ( 'NONE', *, *, #1827, .T. ) ;
#229 = DIRECTION ( 'NONE',  ( 0.000000000000000000, 0.000000000000000000, -1.000000000000000000 ) ) ;
#230 = DIRECTION ( 'NONE',  ( 1.000000000000000000, -0.000000000000000000, -0.000000000000000000 ) ) ;
#231 = CARTESIAN_POINT ( 'NONE',  ( -288.1000000000000227, 188.0000000000000000, -6.000000000000000000 ) ) ;
#232 = ADVANCED_FACE ( 'NONE', ( #1808 ), #2064, .T. ) ;
#233 = DIRECTION ( 'NONE',  ( 1.000000000000000000, 0.000000000000000000, 0.000000000000000000 ) ) ;
#234 = DIRECTION ( 'NONE',  ( -0.000000000000000000, 0.000000000000000000, 1.000000000000000000 ) ) ;
#235 = CIRCLE ( 'NONE', #1798, 2.750000000000000888 ) ;
#236 = CYLINDRICAL_SURFACE ( 'NONE', #1945, 1.399999999999998579 ) ;
#237 = MANIFOLD_SOLID_BREP ( '\X2\8f935165\X0\16', #265 ) ;
#238 = EDGE_LOOP ( 'NONE', ( #874, #2564, #2642, #698 ) ) ;
#239 = AXIS2_PLACEMENT_3D ( 'NONE', #2440, #1160, #2010 ) ;
#240 = CARTESIAN_POINT ( 'NONE',  ( 295.8999999999999773, -200.0000000000000000, -6.000000000000000000 ) ) ;
#241 = ORIENTED_EDGE ( 'NONE', *, *, #547, .F. ) ;
#242 = CIRCLE ( 'NONE', #1985, 1.399999999999998579 ) ;
#243 = ORIENTED_EDGE ( 'NONE', *, *, #534, .T. ) ;
#244 = AXIS2_PLACEMENT_3D ( 'NONE', #2073, #157, #1861 ) ;
#245 = CARTESIAN_POINT ( 'NONE',  ( 288.1000000000000227, -188.0000000000000000, -7.400000000000000355 ) ) ;
#246 = DIRECTION ( 'NONE',  ( 0.000000000000000000, 0.000000000000000000, 1.000000000000000000 ) ) ;
#247 = ADVANCED_FACE ( 'NONE', ( #531 ), #354, .T. ) ;
#248 = VECTOR ( 'NONE', #1493, 1000.000000000000000 ) ;
#249 = LINE ( 'NONE', #921, #1214 ) ;
#250 = LINE ( 'NONE', #441, #2366 ) ;
#251 = AXIS2_PLACEMENT_3D ( 'NONE', #2699, #2686, #1627 ) ;
#252 = FACE_OUTER_BOUND ( 'NONE', #1002, .T. ) ;
#253 = AXIS2_PLACEMENT_3D ( 'NONE', #1642, #591, #2281 ) ;
#254 = DIRECTION ( 'NONE',  ( 1.000000000000000000, 0.000000000000000000, 0.000000000000000000 ) ) ;
#255 = EDGE_LOOP ( 'NONE', ( #2253, #1407, #1048, #926 ) ) ;
#256 = DIRECTION ( 'NONE',  ( 1.000000000000000000, 0.000000000000000000, 0.000000000000000000 ) ) ;
#257 = ORIENTED_EDGE ( 'NONE', *, *, #599, .F. ) ;
#258 = ORIENTED_EDGE ( 'NONE', *, *, #1395, .F. ) ;
#259 = CARTESIAN_POINT ( 'NONE',  ( -288.1000000000000227, -188.0000000000000000, -6.000000000000000000 ) ) ;
#260 = PLANE ( 'NONE',  #192 ) ;
#261 = EDGE_CURVE ( 'NONE', #681, #1605, #43, .T. ) ;
#262 = DIRECTION ( 'NONE',  ( 0.000000000000000000, 0.000000000000000000, -1.000000000000000000 ) ) ;
#263 = CARTESIAN_POINT ( 'NONE',  ( 295.8999999999999773, 188.0000000000000000, -6.000000000000000000 ) ) ;
#264 = CARTESIAN_POINT ( 'NONE',  ( -295.0000000000000000, 188.0000000000000000, -6.000000000000000000 ) ) ;
#265 = CLOSED_SHELL ( 'NONE', ( #560, #1580, #149, #2348, #2105, #1504, #1045 ) ) ;
#266 = VECTOR ( 'NONE', #1875, 1000.000000000000000 ) ;
#267 = DIRECTION ( 'NONE',  ( 0.000000000000000000, 0.000000000000000000, 1.000000000000000000 ) ) ;
#268 = MANIFOLD_SOLID_BREP ( '\X2\8f935165\X0\8', #853 ) ;
#269 = CIRCLE ( 'NONE', #2559, 1.400000000000000133 ) ;
#270 = VECTOR ( 'NONE', #1122, 1000.000000000000000 ) ;
#271 = EDGE_LOOP ( 'NONE', ( #584, #20 ) ) ;
#272 = ADVANCED_FACE ( 'NONE', ( #365, #2252 ), #1405, .T. ) ;
#273 = DIRECTION ( 'NONE',  ( -1.000000000000000000, 0.000000000000000000, 0.000000000000000000 ) ) ;
#274 = EDGE_LOOP ( 'NONE', ( #1598, #2767 ) ) ;
#275 = VECTOR ( 'NONE', #799, 1000.000000000000000 ) ;
#276 = ORIENTED_EDGE ( 'NONE', *, *, #391, .T. ) ;
#277 = DIRECTION ( 'NONE',  ( -1.000000000000000000, -0.000000000000000000, -0.000000000000000000 ) ) ;
#278 = DIRECTION ( 'NONE',  ( 0.000000000000000000, 0.000000000000000000, 1.000000000000000000 ) ) ;
#279 = MANIFOLD_SOLID_BREP ( '\X2\8f935165\X0\4', #760 ) ;
#280 = DIRECTION ( 'NONE',  ( 1.000000000000000000, 0.000000000000000000, 0.000000000000000000 ) ) ;
#281 = CARTESIAN_POINT ( 'NONE',  ( -288.1000000000000227, 200.0000000000000000, -18.00000000000000355 ) ) ;
#282 = ORIENTED_EDGE ( 'NONE', *, *, #209, .F. ) ;
#283 = DIRECTION ( 'NONE',  ( -1.000000000000000000, 0.000000000000000000, 0.000000000000000000 ) ) ;
#284 = CARTESIAN_POINT ( 'NONE',  ( -295.0000000000000000, -200.0000000000000000, -18.00000000000000355 ) ) ;
#285 = ADVANCED_FACE ( 'NONE', ( #1779, #954 ), #512, .T. ) ;
#286 = AXIS2_PLACEMENT_3D ( 'NONE', #1844, #996, #109 ) ;
#287 = DIRECTION ( 'NONE',  ( 1.000000000000000000, 0.000000000000000000, 0.000000000000000000 ) ) ;
#288 = ORIENTED_EDGE ( 'NONE', *, *, #2329, .T. ) ;
#289 = EDGE_LOOP ( 'NONE', ( #930, #595, #2595, #125 ) ) ;
#290 = AXIS2_PLACEMENT_3D ( 'NONE', #674, #1536, #2388 ) ;
#291 = AXIS2_PLACEMENT_3D ( 'NONE', #1478, #1738, #432 ) ;
#292 = CARTESIAN_POINT ( 'NONE',  ( -295.0000000000000000, 188.0000000000000000, -6.000000000000000000 ) ) ;
#293 = AXIS2_PLACEMENT_3D ( 'NONE', #1902, #1708, #2775 ) ;
#294 = APPROVAL_DATE_TIME ( #1161, #1647 ) ;
#295 = CARTESIAN_POINT ( 'NONE',  ( -288.1000000000000227, 200.0000000000000000, -18.00000000000000355 ) ) ;
#296 = AXIS2_PLACEMENT_3D ( 'NONE', #2501, #1024, #2119 ) ;
#297 = ORIENTED_EDGE ( 'NONE', *, *, #1607, .F. ) ;
#298 = PLANE ( 'NONE',  #339 ) ;
#299 = CIRCLE ( 'NONE', #2320, 2.750000000000000888 ) ;
#300 = CARTESIAN_POINT ( 'NONE',  ( -288.1000000000000227, -188.0000000000000000, -18.00000000000000355 ) ) ;
#301 = AXIS2_PLACEMENT_3D ( 'NONE', #1652, #385, #1253 ) ;
#302 = CC_DESIGN_SECURITY_CLASSIFICATION ( #2091, ( #576 ) ) ;
#303 = LINE ( 'NONE', #1156, #2315 ) ;
#304 = EDGE_CURVE ( 'NONE', #641, #1949, #1157, .T. ) ;
#305 = DIRECTION ( 'NONE',  ( -1.000000000000000000, 0.000000000000000000, 0.000000000000000000 ) ) ;
#306 = ORIENTED_EDGE ( 'NONE', *, *, #509, .T. ) ;
#307 = ORIENTED_EDGE ( 'NONE', *, *, #1003, .F. ) ;
#308 = ADVANCED_FACE ( 'NONE', ( #1392 ), #2674, .T. ) ;
#309 = DIRECTION ( 'NONE',  ( -1.000000000000000000, 0.000000000000000000, 0.000000000000000000 ) ) ;
#310 = COORDINATED_UNIVERSAL_TIME_OFFSET ( 8, 0, .AHEAD. ) ;
#311 = DIRECTION ( 'NONE',  ( 0.000000000000000000, 0.000000000000000000, -1.000000000000000000 ) ) ;
#312 = EDGE_CURVE ( 'NONE', #860, #1799, #1301, .T. ) ;
#313 = EDGE_LOOP ( 'NONE', ( #668, #1158, #1207, #478 ) ) ;
#314 = PLANE ( 'NONE',  #1832 ) ;
#315 = FACE_OUTER_BOUND ( 'NONE', #742, .T. ) ;
#316 = DIRECTION ( 'NONE',  ( 1.000000000000000000, -0.000000000000000000, -0.000000000000000000 ) ) ;
#317 = AXIS2_PLACEMENT_3D ( 'NONE', #2685, #580, #787 ) ;
#318 = AXIS2_PLACEMENT_3D ( 'NONE', #2178, #2738, #1030 ) ;
#319 = DIRECTION ( 'NONE',  ( -0.000000000000000000, 0.000000000000000000, -1.000000000000000000 ) ) ;
#320 = EDGE_LOOP ( 'NONE', ( #1387, #297 ) ) ;
#321 = ORIENTED_EDGE ( 'NONE', *, *, #1589, .F. ) ;
#322 = CIRCLE ( 'NONE', #2156, 2.750000000000000000 ) ;
#323 = EDGE_CURVE ( 'NONE', #1786, #378, #1347, .T. ) ;
#324 = CLOSED_SHELL ( 'NONE', ( #2110, #924, #844, #902, #1220, #2123, #60 ) ) ;
#325 = PLANE ( 'NONE',  #649 ) ;
#326 = ADVANCED_FACE ( 'NONE', ( #1837, #2006 ), #971, .T. ) ;
#327 = EDGE_CURVE ( 'NONE', #2234, #524, #2658, .T. ) ;
#328 = PERSON_AND_ORGANIZATION_ROLE ( 'creator' ) ;
#329 = DIRECTION ( 'NONE',  ( 1.000000000000000000, 0.000000000000000000, 0.000000000000000000 ) ) ;
#330 = VERTEX_POINT ( 'NONE', #1378 ) ;
#331 = CARTESIAN_POINT ( 'NONE',  ( 288.1000000000000227, 188.0000000000000000, -7.400000000000000355 ) ) ;
#332 = EDGE_CURVE ( 'NONE', #330, #1172, #412, .T. ) ;
#333 = EDGE_LOOP ( 'NONE', ( #1312, #1011, #1324, #2548 ) ) ;
#334 = FACE_OUTER_BOUND ( 'NONE', #972, .T. ) ;
#335 = LINE ( 'NONE', #2050, #2132 ) ;
#336 = CARTESIAN_POINT ( 'NONE',  ( -295.0000000000000000, -200.0000000000000000, -18.00000000000000355 ) ) ;
#337 = VERTEX_POINT ( 'NONE', #1823 ) ;
#338 = VERTEX_POINT ( 'NONE', #749 ) ;
#339 = AXIS2_PLACEMENT_3D ( 'NONE', #2235, #937, #726 ) ;
#340 = AXIS2_PLACEMENT_3D ( 'NONE', #2543, #622, #7 ) ;
#341 = DIRECTION ( 'NONE',  ( -0.000000000000000000, 0.000000000000000000, -1.000000000000000000 ) ) ;
#342 = AXIS2_PLACEMENT_3D ( 'NONE', #240, #2765, #846 ) ;
#343 = CARTESIAN_POINT ( 'NONE',  ( 0.000000000000000000, 0.000000000000000000, 0.000000000000000000 ) ) ;
#344 = CARTESIAN_POINT ( 'NONE',  ( -295.8999999999999773, -200.0000000000000000, -15.25000000000000355 ) ) ;
#345 = ADVANCED_FACE ( 'NONE', ( #2689 ), #763, .T. ) ;
#346 = ORIENTED_EDGE ( 'NONE', *, *, #1057, .T. ) ;
#347 = CYLINDRICAL_SURFACE ( 'NONE', #2213, 1.400000000000000133 ) ;
#348 = AXIS2_PLACEMENT_3D ( 'NONE', #490, #287, #1126 ) ;
#349 = ORIENTED_EDGE ( 'NONE', *, *, #18, .T. ) ;
#350 = DIRECTION ( 'NONE',  ( -1.000000000000000000, -0.000000000000000000, -0.000000000000000000 ) ) ;
#351 = CIRCLE ( 'NONE', #2225, 2.749999999999999112 ) ;
#352 = CARTESIAN_POINT ( 'NONE',  ( 288.1000000000000227, 188.0000000000000000, -4.599999999999999645 ) ) ;
#353 = EDGE_CURVE ( 'NONE', #492, #1906, #269, .T. ) ;
#354 = CYLINDRICAL_SURFACE ( 'NONE', #2650, 2.750000000000000888 ) ;
#355 = ORIENTED_EDGE ( 'NONE', *, *, #1302, .T. ) ;
#356 = VERTEX_POINT ( 'NONE', #169 ) ;
#357 = DIRECTION ( 'NONE',  ( 1.000000000000000000, 0.000000000000000000, 0.000000000000000000 ) ) ;
#358 = PLANE ( 'NONE',  #71 ) ;
#359 = EDGE_CURVE ( 'NONE', #1566, #600, #370, .T. ) ;
#360 = DIRECTION ( 'NONE',  ( -1.000000000000000000, -0.000000000000000000, -0.000000000000000000 ) ) ;
#361 = CARTESIAN_POINT ( 'NONE',  ( -295.8999999999999773, 188.0000000000000000, -8.750000000000000000 ) ) ;
#362 = FACE_OUTER_BOUND ( 'NONE', #1360, .T. ) ;
#363 = ADVANCED_FACE ( 'NONE', ( #1465 ), #1019, .T. ) ;
#364 = DIRECTION ( 'NONE',  ( 0.000000000000000000, 0.000000000000000000, -1.000000000000000000 ) ) ;
#365 = FACE_BOUND ( 'NONE', #725, .T. ) ;
#366 = VERTEX_POINT ( 'NONE', #1927 ) ;
#367 = ORIENTED_EDGE ( 'NONE', *, *, #2565, .F. ) ;
#368 = ADVANCED_FACE ( 'NONE', ( #791 ), #1735, .T. ) ;
#369 = FACE_OUTER_BOUND ( 'NONE', #61, .T. ) ;
#370 = CIRCLE ( 'NONE', #1834, 1.400000000000000133 ) ;
#371 = CARTESIAN_POINT ( 'NONE',  ( 295.0000000000000000, -200.0000000000000000, -18.00000000000000355 ) ) ;
#372 = DIRECTION ( 'NONE',  ( 1.000000000000000000, -0.000000000000000000, -0.000000000000000000 ) ) ;
#373 = CC_DESIGN_PERSON_AND_ORGANIZATION_ASSIGNMENT ( #1981, #976, ( #1442 ) ) ;
#374 = ORIENTED_EDGE ( 'NONE', *, *, #226, .F. ) ;
#375 = DIRECTION ( 'NONE',  ( -1.000000000000000000, 0.000000000000000000, 0.000000000000000000 ) ) ;
#376 = PLANE ( 'NONE',  #244 ) ;
#377 = LINE ( 'NONE', #1093, #266 ) ;
#378 = VERTEX_POINT ( 'NONE', #469 ) ;
#379 = ORIENTED_EDGE ( 'NONE', *, *, #1092, .F. ) ;
#380 = PLANE ( 'NONE',  #2220 ) ;
#381 = FACE_OUTER_BOUND ( 'NONE', #1415, .T. ) ;
#382 = DIRECTION ( 'NONE',  ( 1.000000000000000000, 0.000000000000000000, 0.000000000000000000 ) ) ;
#383 = CIRCLE ( 'NONE', #1272, 1.400000000000000133 ) ;
#384 = VERTEX_POINT ( 'NONE', #2150 ) ;
#385 = DIRECTION ( 'NONE',  ( -1.000000000000000000, 0.000000000000000000, 0.000000000000000000 ) ) ;
#386 = VECTOR ( 'NONE', #1660, 1000.000000000000000 ) ;
#387 = AXIS2_PLACEMENT_3D ( 'NONE', #2617, #316, #1584 ) ;
#388 = EDGE_CURVE ( 'NONE', #1750, #1285, #2011, .T. ) ;
#389 = CARTESIAN_POINT ( 'NONE',  ( 295.0000000000000000, 200.0000000000000000, -6.000000000000000000 ) ) ;
#390 = DIRECTION ( 'NONE',  ( 1.000000000000000000, 0.000000000000000000, 0.000000000000000000 ) ) ;
#391 = EDGE_CURVE ( 'NONE', #337, #1918, #543, .T. ) ;
#392 = ORIENTED_EDGE ( 'NONE', *, *, #642, .F. ) ;
#393 = AXIS2_PLACEMENT_3D ( 'NONE', #1383, #1162, #1359 ) ;
#394 = VERTEX_POINT ( 'NONE', #2093 ) ;
#395 = ORIENTED_EDGE ( 'NONE', *, *, #2608, .F. ) ;
#396 = AXIS2_PLACEMENT_3D ( 'NONE', #1080, #54, #1926 ) ;
#397 = ORIENTED_EDGE ( 'NONE', *, *, #2083, .F. ) ;
#398 = CARTESIAN_POINT ( 'NONE',  ( -295.8999999999999773, -188.0000000000000000, -6.000000000000000000 ) ) ;
#399 = ADVANCED_FACE ( 'NONE', ( #2600 ), #678, .T. ) ;
#400 = LINE ( 'NONE', #879, #1451 ) ;
#401 = ORIENTED_EDGE ( 'NONE', *, *, #2380, .T. ) ;
#402 = EDGE_CURVE ( 'NONE', #1799, #860, #1118, .T. ) ;
#403 = CARTESIAN_POINT ( 'NONE',  ( 295.0000000000000000, -200.0000000000000000, -3.250000000000000444 ) ) ;
#404 = DIRECTION ( 'NONE',  ( -0.000000000000000000, 0.000000000000000000, 1.000000000000000000 ) ) ;
#405 = FACE_OUTER_BOUND ( 'NONE', #1933, .T. ) ;
#406 = ORIENTED_EDGE ( 'NONE', *, *, #1337, .F. ) ;
#407 = ORIENTED_EDGE ( 'NONE', *, *, #1783, .F. ) ;
#408 = ORIENTED_EDGE ( 'NONE', *, *, #1332, .T. ) ;
#409 = ORIENTED_EDGE ( 'NONE', *, *, #1789, .F. ) ;
#410 = EDGE_CURVE ( 'NONE', #709, #1385, #1388, .T. ) ;
#411 = DIRECTION ( 'NONE',  ( 0.000000000000000000, 0.000000000000000000, 1.000000000000000000 ) ) ;
#412 = CIRCLE ( 'NONE', #1563, 1.399999999999998579 ) ;
#413 = CIRCLE ( 'NONE', #46, 1.399999999999998579 ) ;
#414 = DIRECTION ( 'NONE',  ( 1.000000000000000000, 0.000000000000000000, 0.000000000000000000 ) ) ;
#415 = LINE ( 'NONE', #2121, #1167 ) ;
#416 = DIRECTION ( 'NONE',  ( -1.000000000000000000, 0.000000000000000000, 0.000000000000000000 ) ) ;
#417 = EDGE_CURVE ( 'NONE', #600, #1245, #377, .T. ) ;
#418 = DIRECTION ( 'NONE',  ( 0.000000000000000000, 0.000000000000000000, -1.000000000000000000 ) ) ;
#419 = DIRECTION ( 'NONE',  ( -0.000000000000000000, 0.000000000000000000, -1.000000000000000000 ) ) ;
#420 = ORIENTED_EDGE ( 'NONE', *, *, #1763, .T. ) ;
#421 = EDGE_LOOP ( 'NONE', ( #2619, #2369 ) ) ;
#422 = DIRECTION ( 'NONE',  ( 0.000000000000000000, 0.000000000000000000, -1.000000000000000000 ) ) ;
#423 = PLANE ( 'NONE',  #1403 ) ;
#424 = LINE ( 'NONE', #1911, #134 ) ;
#425 = AXIS2_PLACEMENT_3D ( 'NONE', #1624, #1830, #1441 ) ;
#426 = LINE ( 'NONE', #2571, #925 ) ;
#427 = ADVANCED_FACE ( 'NONE', ( #405 ), #2713, .T. ) ;
#428 = CARTESIAN_POINT ( 'NONE',  ( -295.8999999999999773, 188.0000000000000000, -18.00000000000000355 ) ) ;
#429 = ADVANCED_FACE ( 'NONE', ( #1862 ), #1942, .T. ) ;
#430 = AXIS2_PLACEMENT_3D ( 'NONE', #1071, #1914, #2325 ) ;
#431 = EDGE_CURVE ( 'NONE', #2, #1811, #217, .T. ) ;
#432 = DIRECTION ( 'NONE',  ( 0.000000000000000000, 0.000000000000000000, -1.000000000000000000 ) ) ;
#433 = VECTOR ( 'NONE', #562, 1000.000000000000000 ) ;
#434 = EDGE_LOOP ( 'NONE', ( #875, #585, #2210, #489 ) ) ;
#435 = ORIENTED_EDGE ( 'NONE', *, *, #854, .T. ) ;
#436 = VECTOR ( 'NONE', #254, 1000.000000000000000 ) ;
#437 = LINE ( 'NONE', #1753, #248 ) ;
#438 = AXIS2_PLACEMENT_3D ( 'NONE', #1693, #1264, #1900 ) ;
#439 = CARTESIAN_POINT ( 'NONE',  ( 288.1000000000000227, -188.0000000000000000, -18.00000000000000355 ) ) ;
#440 = CARTESIAN_POINT ( 'NONE',  ( -288.1000000000000227, -188.0000000000000000, -7.400000000000000355 ) ) ;
#441 = CARTESIAN_POINT ( 'NONE',  ( 288.1000000000000227, 188.0000000000000000, -4.599999999999999645 ) ) ;
#442 = EDGE_CURVE ( 'NONE', #384, #981, #1435, .T. ) ;
#443 = DIRECTION ( 'NONE',  ( 1.000000000000000000, 0.000000000000000000, 0.000000000000000000 ) ) ;
#444 = ADVANCED_FACE ( 'NONE', ( #1230 ), #2074, .T. ) ;
#445 = CARTESIAN_POINT ( 'NONE',  ( 295.8999999999999773, 188.0000000000000000, -18.00000000000000355 ) ) ;
#446 = ORIENTED_EDGE ( 'NONE', *, *, #1218, .T. ) ;
#447 = DIRECTION ( 'NONE',  ( -0.000000000000000000, 0.000000000000000000, 1.000000000000000000 ) ) ;
#448 = ORIENTED_EDGE ( 'NONE', *, *, #2075, .F. ) ;
#449 = EDGE_CURVE ( 'NONE', #3, #2343, #413, .T. ) ;
#450 = EDGE_LOOP ( 'NONE', ( #963, #1269, #2538, #258 ) ) ;
#451 = CARTESIAN_POINT ( 'NONE',  ( -295.8999999999999773, -188.0000000000000000, -3.250000000000000444 ) ) ;
#452 = CYLINDRICAL_SURFACE ( 'NONE', #1628, 1.399999999999998579 ) ;
#453 = CARTESIAN_POINT ( 'NONE',  ( -295.0000000000000000, -188.0000000000000000, -7.400000000000000355 ) ) ;
#454 = DIRECTION ( 'NONE',  ( 0.000000000000000000, 0.000000000000000000, -1.000000000000000000 ) ) ;
#455 = DIRECTION ( 'NONE',  ( 1.000000000000000000, 0.000000000000000000, 0.000000000000000000 ) ) ;
#456 = AXIS2_PLACEMENT_3D ( 'NONE', #336, #1169, #1791 ) ;
#457 = DIRECTION ( 'NONE',  ( 0.000000000000000000, 0.000000000000000000, 1.000000000000000000 ) ) ;
#458 = LINE ( 'NONE', #1042, #2580 ) ;
#459 = CLOSED_SHELL ( 'NONE', ( #427, #2003, #368, #31, #1725, #1903, #232 ) ) ;
#460 = ORIENTED_EDGE ( 'NONE', *, *, #1384, .T. ) ;
#461 = PLANE ( 'NONE',  #1541 ) ;
#462 = EDGE_CURVE ( 'NONE', #620, #2165, #1965, .T. ) ;
#463 = ORIENTED_EDGE ( 'NONE', *, *, #617, .F. ) ;
#464 = ORIENTED_EDGE ( 'NONE', *, *, #2127, .F. ) ;
#465 = DIRECTION ( 'NONE',  ( -1.000000000000000000, 0.000000000000000000, -0.000000000000000000 ) ) ;
#466 = CARTESIAN_POINT ( 'NONE',  ( -295.0000000000000000, -188.0000000000000000, -19.40000000000000213 ) ) ;
#467 = FACE_OUTER_BOUND ( 'NONE', #1534, .T. ) ;
#468 = DIRECTION ( 'NONE',  ( 0.000000000000000000, 0.000000000000000000, 1.000000000000000000 ) ) ;
#469 = CARTESIAN_POINT ( 'NONE',  ( -295.0000000000000000, -200.0000000000000000, -15.25000000000000355 ) ) ;
#470 = CIRCLE ( 'NONE', #1362, 2.750000000000000888 ) ;
#471 = CARTESIAN_POINT ( 'NONE',  ( 295.0000000000000000, -200.0000000000000000, -15.25000000000000355 ) ) ;
#472 = AXIS2_PLACEMENT_3D ( 'NONE', #2321, #2134, #187 ) ;
#473 = ORIENTED_EDGE ( 'NONE', *, *, #917, .F. ) ;
#474 = AXIS2_PLACEMENT_3D ( 'NONE', #710, #1574, #2231 ) ;
#475 = DIRECTION ( 'NONE',  ( -1.000000000000000000, 0.000000000000000000, 0.000000000000000000 ) ) ;
#476 = ORIENTED_EDGE ( 'NONE', *, *, #1532, .F. ) ;
#477 = AXIS2_PLACEMENT_3D ( 'NONE', #610, #2479, #1421 ) ;
#478 = ORIENTED_EDGE ( 'NONE', *, *, #1974, .F. ) ;
#479 = CIRCLE ( 'NONE', #2179, 1.399999999999998579 ) ;
#480 = CARTESIAN_POINT ( 'NONE',  ( -288.1000000000000227, -200.0000000000000000, -19.40000000000000213 ) ) ;
#481 = FACE_OUTER_BOUND ( 'NONE', #2524, .T. ) ;
#482 = VECTOR ( 'NONE', #1103, 1000.000000000000000 ) ;
#483 = CARTESIAN_POINT ( 'NONE',  ( 295.8999999999999773, -200.0000000000000000, -8.750000000000000000 ) ) ;
#484 = EDGE_CURVE ( 'NONE', #2145, #108, #809, .T. ) ;
#485 = DIRECTION ( 'NONE',  ( 0.000000000000000000, 0.000000000000000000, -1.000000000000000000 ) ) ;
#486 = EDGE_CURVE ( 'NONE', #575, #836, #1120, .T. ) ;
#487 = VECTOR ( 'NONE', #1040, 1000.000000000000000 ) ;
#488 = PLANE ( 'NONE',  #966 ) ;
#489 = ORIENTED_EDGE ( 'NONE', *, *, #2427, .F. ) ;
#490 = CARTESIAN_POINT ( 'NONE',  ( 295.8999999999999773, -188.0000000000000000, -18.00000000000000355 ) ) ;
#491 = ORIENTED_EDGE ( 'NONE', *, *, #2104, .F. ) ;
#492 = VERTEX_POINT ( 'NONE', #83 ) ;
#493 = CARTESIAN_POINT ( 'NONE',  ( 295.0000000000000000, 200.0000000000000000, -6.000000000000000000 ) ) ;
#494 = DIRECTION ( 'NONE',  ( -1.000000000000000000, 0.000000000000000000, 0.000000000000000000 ) ) ;
#495 = CARTESIAN_POINT ( 'NONE',  ( 295.0000000000000000, 200.0000000000000000, -18.00000000000000355 ) ) ;
#496 = COORDINATED_UNIVERSAL_TIME_OFFSET ( 8, 0, .AHEAD. ) ;
#497 = DIRECTION ( 'NONE',  ( 0.000000000000000000, 0.000000000000000000, 1.000000000000000000 ) ) ;
#498 = FACE_OUTER_BOUND ( 'NONE', #1268, .T. ) ;
#499 = ADVANCED_FACE ( 'NONE', ( #1759 ), #96, .T. ) ;
#500 = VECTOR ( 'NONE', #2584, 1000.000000000000000 ) ;
#501 = CLOSED_SHELL ( 'NONE', ( #1866, #1041, #1706, #2547, #136, #399, #2189 ) ) ;
#502 = LINE ( 'NONE', #1339, #697 ) ;
#503 = ORIENTED_EDGE ( 'NONE', *, *, #181, .T. ) ;
#504 = ORIENTED_EDGE ( 'NONE', *, *, #1905, .F. ) ;
#505 = FACE_BOUND ( 'NONE', #973, .T. ) ;
#506 = CARTESIAN_POINT ( 'NONE',  ( 295.0000000000000000, -188.0000000000000000, -20.75000000000000000 ) ) ;
#507 = ORIENTED_EDGE ( 'NONE', *, *, #2329, .F. ) ;
#508 = CARTESIAN_POINT ( 'NONE',  ( -288.1000000000000227, -188.0000000000000000, -6.000000000000000000 ) ) ;
#509 = EDGE_CURVE ( 'NONE', #1983, #170, #1800, .T. ) ;
#510 = DIRECTION ( 'NONE',  ( 0.000000000000000000, 0.000000000000000000, 1.000000000000000000 ) ) ;
#511 = CARTESIAN_POINT ( 'NONE',  ( 295.0000000000000000, -188.0000000000000000, -6.000000000000000000 ) ) ;
#512 = PLANE ( 'NONE',  #1033 ) ;
#513 = EDGE_LOOP ( 'NONE', ( #805, #1645, #1178, #2358 ) ) ;
#514 = VERTEX_POINT ( 'NONE', #908 ) ;
#515 = AXIS2_PLACEMENT_3D ( 'NONE', #722, #905, #2638 ) ;
#516 = EDGE_CURVE ( 'NONE', #1786, #2, #2667, .T. ) ;
#517 = EDGE_CURVE ( 'NONE', #1231, #1849, #2614, .T. ) ;
#518 = CIRCLE ( 'NONE', #342, 2.750000000000000000 ) ;
#519 = CYLINDRICAL_SURFACE ( 'NONE', #474, 1.400000000000000133 ) ;
#520 = AXIS2_PLACEMENT_3D ( 'NONE', #2632, #707, #2646 ) ;
#521 = DATE_TIME_ROLE ( 'creation_date' ) ;
#522 = DIRECTION ( 'NONE',  ( 1.000000000000000000, 0.000000000000000000, 0.000000000000000000 ) ) ;
#523 = CIRCLE ( 'NONE', #1943, 1.399999999999998579 ) ;
#524 = VERTEX_POINT ( 'NONE', #715 ) ;
#525 = DIRECTION ( 'NONE',  ( 1.000000000000000000, -0.000000000000000000, -0.000000000000000000 ) ) ;
#526 = CC_DESIGN_PERSON_AND_ORGANIZATION_ASSIGNMENT ( #754, #2013, ( #2091 ) ) ;
#527 = DIRECTION ( 'NONE',  ( -1.000000000000000000, 0.000000000000000000, 0.000000000000000000 ) ) ;
#528 = AXIS2_PLACEMENT_3D ( 'NONE', #716, #1569, #98 ) ;
#529 = ADVANCED_FACE ( 'NONE', ( #1136 ), #314, .T. ) ;
#530 = DIRECTION ( 'NONE',  ( 0.000000000000000000, 0.000000000000000000, 1.000000000000000000 ) ) ;
#531 = FACE_OUTER_BOUND ( 'NONE', #2239, .T. ) ;
#532 = ORIENTED_EDGE ( 'NONE', *, *, #2604, .T. ) ;
#533 = ORIENTED_EDGE ( 'NONE', *, *, #614, .F. ) ;
#534 = EDGE_CURVE ( 'NONE', #338, #696, #633, .T. ) ;
#535 = CARTESIAN_POINT ( 'NONE',  ( 288.1000000000000227, -200.0000000000000000, -18.00000000000000355 ) ) ;
#536 = APPROVAL_ROLE ( '' ) ;
#537 = FACE_OUTER_BOUND ( 'NONE', #1646, .T. ) ;
#538 = EDGE_LOOP ( 'NONE', ( #1739, #1962, #2460, #1128 ) ) ;
#539 = CARTESIAN_POINT ( 'NONE',  ( -288.1000000000000227, 200.0000000000000000, -7.400000000000000355 ) ) ;
#540 = EDGE_LOOP ( 'NONE', ( #1843, #473 ) ) ;
#541 = DIRECTION ( 'NONE',  ( 0.000000000000000000, 0.000000000000000000, -1.000000000000000000 ) ) ;
#542 = CARTESIAN_POINT ( 'NONE',  ( 288.1000000000000227, -200.0000000000000000, -7.400000000000000355 ) ) ;
#543 = CIRCLE ( 'NONE', #2243, 1.399999999999998579 ) ;
#544 = DIRECTION ( 'NONE',  ( 1.000000000000000000, 0.000000000000000000, 0.000000000000000000 ) ) ;
#545 = ORIENTED_EDGE ( 'NONE', *, *, #2144, .F. ) ;
#546 = ORIENTED_EDGE ( 'NONE', *, *, #2230, .F. ) ;
#547 = EDGE_CURVE ( 'NONE', #1752, #575, #1969, .T. ) ;
#548 = CARTESIAN_POINT ( 'NONE',  ( 295.8999999999999773, 200.0000000000000000, -6.000000000000000000 ) ) ;
#549 = FACE_OUTER_BOUND ( 'NONE', #793, .T. ) ;
#550 = VERTEX_POINT ( 'NONE', #1956 ) ;
#551 = DIRECTION ( 'NONE',  ( -0.000000000000000000, 0.000000000000000000, -1.000000000000000000 ) ) ;
#552 = ORIENTED_EDGE ( 'NONE', *, *, #312, .F. ) ;
#553 = ADVANCED_FACE ( 'NONE', ( #1540 ), #40, .T. ) ;
#554 = DIRECTION ( 'NONE',  ( -1.000000000000000000, 0.000000000000000000, 0.000000000000000000 ) ) ;
#555 = CYLINDRICAL_SURFACE ( 'NONE', #2448, 2.750000000000000000 ) ;
#556 = CARTESIAN_POINT ( 'NONE',  ( 288.1000000000000227, -200.0000000000000000, -6.000000000000000000 ) ) ;
#557 = ORIENTED_EDGE ( 'NONE', *, *, #1714, .F. ) ;
#558 = VERTEX_POINT ( 'NONE', #1350 ) ;
#559 = CIRCLE ( 'NONE', #2125, 2.750000000000000888 ) ;
#560 = ADVANCED_FACE ( 'NONE', ( #252 ), #2405, .T. ) ;
#561 = FACE_OUTER_BOUND ( 'NONE', #1879, .T. ) ;
#562 = DIRECTION ( 'NONE',  ( -1.000000000000000000, 0.000000000000000000, 0.000000000000000000 ) ) ;
#563 = ORIENTED_EDGE ( 'NONE', *, *, #2756, .T. ) ;
#564 = DIRECTION ( 'NONE',  ( 0.000000000000000000, 0.000000000000000000, 1.000000000000000000 ) ) ;
#565 = EDGE_CURVE ( 'NONE', #2381, #384, #1181, .T. ) ;
#566 = ORIENTED_EDGE ( 'NONE', *, *, #1789, .T. ) ;
#567 = CYLINDRICAL_SURFACE ( 'NONE', #528, 2.750000000000000000 ) ;
#568 = AXIS2_PLACEMENT_3D ( 'NONE', #2720, #796, #411 ) ;
#569 = ADVANCED_FACE ( 'NONE', ( #73 ), #927, .T. ) ;
#570 = AXIS2_PLACEMENT_3D ( 'NONE', #1291, #2774, #1542 ) ;
#571 = CARTESIAN_POINT ( 'NONE',  ( 295.0000000000000000, -200.0000000000000000, -18.00000000000000355 ) ) ;
#572 = AXIS2_PLACEMENT_3D ( 'NONE', #1665, #2746, #2762 ) ;
#573 = CARTESIAN_POINT ( 'NONE',  ( 295.8999999999999773, -200.0000000000000000, -6.000000000000000000 ) ) ;
#574 = ORIENTED_EDGE ( 'NONE', *, *, #2139, .F. ) ;
#575 = VERTEX_POINT ( 'NONE', #1361 ) ;
#576 = PRODUCT_DEFINITION_FORMATION_WITH_SPECIFIED_SOURCE ( '�', '', #2257, .NOT_KNOWN. ) ;
#577 = CARTESIAN_POINT ( 'NONE',  ( -295.0000000000000000, 188.0000000000000000, -16.60000000000000497 ) ) ;
#578 = CARTESIAN_POINT ( 'NONE',  ( 295.0000000000000000, -200.0000000000000000, -18.00000000000000355 ) ) ;
#579 = DIRECTION ( 'NONE',  ( 0.000000000000000000, 0.000000000000000000, 1.000000000000000000 ) ) ;
#580 = DIRECTION ( 'NONE',  ( -1.000000000000000000, 0.000000000000000000, 0.000000000000000000 ) ) ;
#581 = CYLINDRICAL_SURFACE ( 'NONE', #1595, 2.749999999999999112 ) ;
#582 = CYLINDRICAL_SURFACE ( 'NONE', #2080, 2.750000000000000888 ) ;
#583 = DIRECTION ( 'NONE',  ( 0.000000000000000000, 0.000000000000000000, -1.000000000000000000 ) ) ;
#584 = ORIENTED_EDGE ( 'NONE', *, *, #1053, .F. ) ;
#585 = ORIENTED_EDGE ( 'NONE', *, *, #1260, .T. ) ;
#586 = DIRECTION ( 'NONE',  ( 1.000000000000000000, 0.000000000000000000, 0.000000000000000000 ) ) ;
#587 = CIRCLE ( 'NONE', #2733, 1.399999999999998579 ) ;
#588 = CARTESIAN_POINT ( 'NONE',  ( 295.0000000000000000, 188.0000000000000000, -8.750000000000000000 ) ) ;
#589 = CARTESIAN_POINT ( 'NONE',  ( 295.0000000000000000, 188.0000000000000000, -6.000000000000000000 ) ) ;
#590 = CARTESIAN_POINT ( 'NONE',  ( -295.0000000000000000, -188.0000000000000000, -3.250000000000000444 ) ) ;
#591 = DIRECTION ( 'NONE',  ( 1.000000000000000000, -0.000000000000000000, -0.000000000000000000 ) ) ;
#592 = ADVANCED_FACE ( 'NONE', ( #2219 ), #298, .T. ) ;
#593 = CARTESIAN_POINT ( 'NONE',  ( -288.1000000000000227, -200.0000000000000000, -6.000000000000000000 ) ) ;
#594 = DIRECTION ( 'NONE',  ( 1.000000000000000000, 0.000000000000000000, 0.000000000000000000 ) ) ;
#595 = ORIENTED_EDGE ( 'NONE', *, *, #2434, .T. ) ;
#596 = ORIENTED_EDGE ( 'NONE', *, *, #2534, .F. ) ;
#597 = ORIENTED_EDGE ( 'NONE', *, *, #1498, .T. ) ;
#598 = CARTESIAN_POINT ( 'NONE',  ( 295.0000000000000000, -188.0000000000000000, -18.00000000000000355 ) ) ;
#599 = EDGE_CURVE ( 'NONE', #899, #1327, #2528, .T. ) ;
#600 = VERTEX_POINT ( 'NONE', #331 ) ;
#601 = AXIS2_PLACEMENT_3D ( 'NONE', #2248, #1882, #2120 ) ;
#602 = CARTESIAN_POINT ( 'NONE',  ( 295.0000000000000000, 188.0000000000000000, -19.40000000000000213 ) ) ;
#603 = CIRCLE ( 'NONE', #1538, 2.750000000000000888 ) ;
#604 = FACE_OUTER_BOUND ( 'NONE', #2114, .T. ) ;
#605 = VECTOR ( 'NONE', #1591, 1000.000000000000000 ) ;
#606 = ORIENTED_EDGE ( 'NONE', *, *, #932, .T. ) ;
#607 = CARTESIAN_POINT ( 'NONE',  ( 288.1000000000000227, 188.0000000000000000, -16.60000000000000497 ) ) ;
#608 = AXIS2_PLACEMENT_3D ( 'NONE', #1445, #2493, #1433 ) ;
#609 = CIRCLE ( 'NONE', #1810, 2.749999999999999112 ) ;
#610 = CARTESIAN_POINT ( 'NONE',  ( -295.0000000000000000, 200.0000000000000000, -18.00000000000000355 ) ) ;
#611 = DIRECTION ( 'NONE',  ( 1.000000000000000000, 0.000000000000000000, 0.000000000000000000 ) ) ;
#612 = EDGE_LOOP ( 'NONE', ( #2330, #1425, #915, #1492 ) ) ;
#613 = CIRCLE ( 'NONE', #2715, 2.750000000000000000 ) ;
#614 = EDGE_CURVE ( 'NONE', #600, #1566, #1446, .T. ) ;
#615 = EDGE_LOOP ( 'NONE', ( #1775, #346, #2691, #931 ) ) ;
#616 = CIRCLE ( 'NONE', #74, 1.399999999999998579 ) ;
#617 = EDGE_CURVE ( 'NONE', #1698, #1031, #1270, .T. ) ;
#618 = ORIENTED_EDGE ( 'NONE', *, *, #110, .F. ) ;
#619 = AXIS2_PLACEMENT_3D ( 'NONE', #2090, #416, #827 ) ;
#620 = VERTEX_POINT ( 'NONE', #1650 ) ;
#621 = CARTESIAN_POINT ( 'NONE',  ( 295.0000000000000000, -200.0000000000000000, -6.000000000000000000 ) ) ;
#622 = DIRECTION ( 'NONE',  ( 1.000000000000000000, 0.000000000000000000, 0.000000000000000000 ) ) ;
#623 = DIRECTION ( 'NONE',  ( -1.000000000000000000, 0.000000000000000000, 0.000000000000000000 ) ) ;
#624 = DIRECTION ( 'NONE',  ( 0.000000000000000000, 0.000000000000000000, -1.000000000000000000 ) ) ;
#625 = DIRECTION ( 'NONE',  ( -0.000000000000000000, 0.000000000000000000, -1.000000000000000000 ) ) ;
#626 = DIRECTION ( 'NONE',  ( -1.000000000000000000, 0.000000000000000000, 0.000000000000000000 ) ) ;
#627 = ORIENTED_EDGE ( 'NONE', *, *, #2692, .T. ) ;
#628 = ORIENTED_EDGE ( 'NONE', *, *, #1974, .T. ) ;
#629 = ORIENTED_EDGE ( 'NONE', *, *, #1064, .F. ) ;
#630 = CLOSED_SHELL ( 'NONE', ( #4, #2567, #1138, #345, #326, #2339, #1874 ) ) ;
#631 = EDGE_CURVE ( 'NONE', #2076, #1065, #57, .T. ) ;
#632 = DIRECTION ( 'NONE',  ( 0.000000000000000000, 0.000000000000000000, -1.000000000000000000 ) ) ;
#633 = CIRCLE ( 'NONE', #2200, 2.750000000000000000 ) ;
#634 = DIRECTION ( 'NONE',  ( -1.000000000000000000, 0.000000000000000000, 0.000000000000000000 ) ) ;
#635 = LINE ( 'NONE', #1485, #2694 ) ;
#636 = CYLINDRICAL_SURFACE ( 'NONE', #2719, 2.749999999999999112 ) ;
#637 = EDGE_CURVE ( 'NONE', #1906, #492, #1977, .T. ) ;
#638 = DIRECTION ( 'NONE',  ( 1.000000000000000000, 0.000000000000000000, 0.000000000000000000 ) ) ;
#639 = LINE ( 'NONE', #1310, #1893 ) ;
#640 = ORIENTED_EDGE ( 'NONE', *, *, #2295, .F. ) ;
#641 = VERTEX_POINT ( 'NONE', #151 ) ;
#642 = EDGE_CURVE ( 'NONE', #170, #1393, #865, .T. ) ;
#643 = FACE_OUTER_BOUND ( 'NONE', #159, .T. ) ;
#644 = DIRECTION ( 'NONE',  ( -0.000000000000000000, 0.000000000000000000, 1.000000000000000000 ) ) ;
#645 = DIRECTION ( 'NONE',  ( -1.000000000000000000, 0.000000000000000000, -0.000000000000000000 ) ) ;
#646 = AXIS2_PLACEMENT_3D ( 'NONE', #1870, #757, #551 ) ;
#647 = DIRECTION ( 'NONE',  ( 0.000000000000000000, 0.000000000000000000, -1.000000000000000000 ) ) ;
#648 = CARTESIAN_POINT ( 'NONE',  ( -288.1000000000000227, 200.0000000000000000, -19.40000000000000213 ) ) ;
#649 = AXIS2_PLACEMENT_3D ( 'NONE', #548, #781, #1410 ) ;
#650 = DIRECTION ( 'NONE',  ( -0.000000000000000000, 0.000000000000000000, 1.000000000000000000 ) ) ;
#651 = EDGE_CURVE ( 'NONE', #1385, #709, #470, .T. ) ;
#652 = AXIS2_PLACEMENT_3D ( 'NONE', #445, #667, #857 ) ;
#653 = EDGE_LOOP ( 'NONE', ( #476, #2195, #821, #211 ) ) ;
#654 = DIRECTION ( 'NONE',  ( -1.000000000000000000, 0.000000000000000000, 0.000000000000000000 ) ) ;
#655 = AXIS2_PLACEMENT_3D ( 'NONE', #1456, #2302, #1881 ) ;
#656 = VERTEX_POINT ( 'NONE', #2262 ) ;
#657 = EDGE_LOOP ( 'NONE', ( #1507, #1165, #2169, #2396 ) ) ;
#658 = CIRCLE ( 'NONE', #2039, 1.400000000000000133 ) ;
#659 = DIRECTION ( 'NONE',  ( -1.000000000000000000, 0.000000000000000000, 0.000000000000000000 ) ) ;
#660 = CIRCLE ( 'NONE', #572, 2.749999999999999112 ) ;
#661 = CARTESIAN_POINT ( 'NONE',  ( 288.1000000000000227, -200.0000000000000000, -19.40000000000000213 ) ) ;
#662 = FACE_OUTER_BOUND ( 'NONE', #255, .T. ) ;
#663 = CC_DESIGN_APPROVAL ( #1880, ( #1442 ) ) ;
#664 = DIRECTION ( 'NONE',  ( -1.000000000000000000, 0.000000000000000000, 0.000000000000000000 ) ) ;
#665 = CARTESIAN_POINT ( 'NONE',  ( 295.0000000000000000, 188.0000000000000000, -6.000000000000000000 ) ) ;
#666 = CARTESIAN_POINT ( 'NONE',  ( 295.8999999999999773, -188.0000000000000000, -20.75000000000000000 ) ) ;
#667 = DIRECTION ( 'NONE',  ( -1.000000000000000000, -0.000000000000000000, -0.000000000000000000 ) ) ;
#668 = ORIENTED_EDGE ( 'NONE', *, *, #651, .T. ) ;
#669 = EDGE_CURVE ( 'NONE', #2766, #200, #559, .T. ) ;
#670 = DIRECTION ( 'NONE',  ( -1.000000000000000000, 0.000000000000000000, -0.000000000000000000 ) ) ;
#671 = ORIENTED_EDGE ( 'NONE', *, *, #2427, .T. ) ;
#672 = ORIENTED_EDGE ( 'NONE', *, *, #1266, .F. ) ;
#673 = DIRECTION ( 'NONE',  ( 0.000000000000000000, 0.000000000000000000, 1.000000000000000000 ) ) ;
#674 = CARTESIAN_POINT ( 'NONE',  ( -288.1000000000000227, -188.0000000000000000, -18.00000000000000355 ) ) ;
#675 = FACE_BOUND ( 'NONE', #2620, .T. ) ;
#676 = AXIS2_PLACEMENT_3D ( 'NONE', #495, #1106, #2203 ) ;
#677 = DIRECTION ( 'NONE',  ( 1.000000000000000000, 0.000000000000000000, 0.000000000000000000 ) ) ;
#678 = CYLINDRICAL_SURFACE ( 'NONE', #2603, 2.750000000000000888 ) ;
#679 = AXIS2_PLACEMENT_3D ( 'NONE', #2174, #2401, #262 ) ;
#680 = DIRECTION ( 'NONE',  ( -1.000000000000000000, 0.000000000000000000, 0.000000000000000000 ) ) ;
#681 = VERTEX_POINT ( 'NONE', #2721 ) ;
#682 = CARTESIAN_POINT ( 'NONE',  ( 288.1000000000000227, 200.0000000000000000, -18.00000000000000355 ) ) ;
#683 = VERTEX_POINT ( 'NONE', #2732 ) ;
#684 = ORIENTED_EDGE ( 'NONE', *, *, #18, .F. ) ;
#685 = DIRECTION ( 'NONE',  ( -1.000000000000000000, 0.000000000000000000, 0.000000000000000000 ) ) ;
#686 = EDGE_CURVE ( 'NONE', #1102, #656, #2514, .T. ) ;
#687 = DIRECTION ( 'NONE',  ( 1.000000000000000000, 0.000000000000000000, 0.000000000000000000 ) ) ;
#688 = DIRECTION ( 'NONE',  ( -1.000000000000000000, 0.000000000000000000, 0.000000000000000000 ) ) ;
#689 = CARTESIAN_POINT ( 'NONE',  ( -295.0000000000000000, 188.0000000000000000, -6.000000000000000000 ) ) ;
#690 = CARTESIAN_POINT ( 'NONE',  ( -295.0000000000000000, -200.0000000000000000, -6.000000000000000000 ) ) ;
#691 = DIRECTION ( 'NONE',  ( -1.000000000000000000, 0.000000000000000000, -0.000000000000000000 ) ) ;
#692 = AXIS2_PLACEMENT_3D ( 'NONE', #1067, #1303, #2172 ) ;
#693 = ORIENTED_EDGE ( 'NONE', *, *, #1351, .T. ) ;
#694 = AXIS2_PLACEMENT_3D ( 'NONE', #2576, #1267, #1519 ) ;
#695 = PLANE ( 'NONE',  #348 ) ;
#696 = VERTEX_POINT ( 'NONE', #1856 ) ;
#697 = VECTOR ( 'NONE', #273, 1000.000000000000000 ) ;
#698 = ORIENTED_EDGE ( 'NONE', *, *, #1718, .T. ) ;
#699 = DIRECTION ( 'NONE',  ( 0.000000000000000000, 0.000000000000000000, 1.000000000000000000 ) ) ;
#700 = LINE ( 'NONE', #1553, #825 ) ;
#701 = AXIS2_PLACEMENT_3D ( 'NONE', #259, #2187, #699 ) ;
#702 = CARTESIAN_POINT ( 'NONE',  ( 295.8999999999999773, -188.0000000000000000, -18.00000000000000355 ) ) ;
#703 = EDGE_CURVE ( 'NONE', #696, #338, #2707, .T. ) ;
#704 = VECTOR ( 'NONE', #1679, 1000.000000000000000 ) ;
#705 = DIRECTION ( 'NONE',  ( -1.000000000000000000, 0.000000000000000000, 0.000000000000000000 ) ) ;
#706 = CARTESIAN_POINT ( 'NONE',  ( -295.0000000000000000, -188.0000000000000000, -6.000000000000000000 ) ) ;
#707 = DIRECTION ( 'NONE',  ( -1.000000000000000000, 0.000000000000000000, 0.000000000000000000 ) ) ;
#708 = EDGE_LOOP ( 'NONE', ( #2142, #1560, #367, #1313 ) ) ;
#709 = VERTEX_POINT ( 'NONE', #1223 ) ;
#710 = CARTESIAN_POINT ( 'NONE',  ( -288.1000000000000227, -200.0000000000000000, -6.000000000000000000 ) ) ;
#711 = ADVANCED_FACE ( 'NONE', ( #2503 ), #347, .T. ) ;
#712 = CALENDAR_DATE ( 2026, 29, 8 ) ;
#713 = CARTESIAN_POINT ( 'NONE',  ( -295.0000000000000000, 188.0000000000000000, -8.750000000000000000 ) ) ;
#714 = ORIENTED_EDGE ( 'NONE', *, *, #2604, .F. ) ;
#715 = CARTESIAN_POINT ( 'NONE',  ( 295.8999999999999773, 188.0000000000000000, -15.25000000000000355 ) ) ;
#716 = CARTESIAN_POINT ( 'NONE',  ( -295.0000000000000000, 200.0000000000000000, -6.000000000000000000 ) ) ;
#717 = ADVANCED_FACE ( 'NONE', ( #126, #2086 ), #1416, .T. ) ;
#718 = DIRECTION ( 'NONE',  ( 0.000000000000000000, 0.000000000000000000, 1.000000000000000000 ) ) ;
#719 = DIRECTION ( 'NONE',  ( -1.000000000000000000, 0.000000000000000000, 0.000000000000000000 ) ) ;
#720 = EDGE_LOOP ( 'NONE', ( #374, #2412 ) ) ;
#721 = ORIENTED_EDGE ( 'NONE', *, *, #2352, .F. ) ;
#722 = CARTESIAN_POINT ( 'NONE',  ( -295.0000000000000000, -200.0000000000000000, -18.00000000000000355 ) ) ;
#723 = MECHANICAL_CONTEXT ( 'NONE', #1683, 'mechanical' ) ;
#724 = CARTESIAN_POINT ( 'NONE',  ( 288.1000000000000227, 200.0000000000000000, -6.000000000000000000 ) ) ;
#725 = EDGE_LOOP ( 'NONE', ( #2751, #848 ) ) ;
#726 = DIRECTION ( 'NONE',  ( 0.000000000000000000, 0.000000000000000000, -1.000000000000000000 ) ) ;
#727 = EDGE_CURVE ( 'NONE', #683, #656, #150, .T. ) ;
#728 = LINE ( 'NONE', #950, #2183 ) ;
#729 = CARTESIAN_POINT ( 'NONE',  ( 295.0000000000000000, 188.0000000000000000, -18.00000000000000355 ) ) ;
#730 = CARTESIAN_POINT ( 'NONE',  ( -295.0000000000000000, 200.0000000000000000, -18.00000000000000355 ) ) ;
#731 = ORIENTED_EDGE ( 'NONE', *, *, #961, .T. ) ;
#732 = ORIENTED_EDGE ( 'NONE', *, *, #402, .T. ) ;
#733 = VECTOR ( 'NONE', #687, 1000.000000000000000 ) ;
#734 = CIRCLE ( 'NONE', #155, 2.750000000000000888 ) ;
#735 = DIRECTION ( 'NONE',  ( 0.000000000000000000, 0.000000000000000000, -1.000000000000000000 ) ) ;
#736 = VECTOR ( 'NONE', #1377, 1000.000000000000000 ) ;
#737 = PERSON_AND_ORGANIZATION ( #2408, #747 ) ;
#738 = DIRECTION ( 'NONE',  ( 0.000000000000000000, 0.000000000000000000, -1.000000000000000000 ) ) ;
#739 = VECTOR ( 'NONE', #1265, 1000.000000000000000 ) ;
#740 = VERTEX_POINT ( 'NONE', #165 ) ;
#741 = DIRECTION ( 'NONE',  ( 0.000000000000000000, 0.000000000000000000, 1.000000000000000000 ) ) ;
#742 = EDGE_LOOP ( 'NONE', ( #48, #965, #1780, #714 ) ) ;
#743 = VECTOR ( 'NONE', #1110, 1000.000000000000000 ) ;
#744 = CYLINDRICAL_SURFACE ( 'NONE', #1328, 1.400000000000000133 ) ;
#745 = AXIS2_PLACEMENT_3D ( 'NONE', #218, #233, #1745 ) ;
#746 = ADVANCED_FACE ( 'NONE', ( #2278 ), #1208, .T. ) ;
#747 = ORGANIZATION ( '未', '未', '' ) ;
#748 = CARTESIAN_POINT ( 'NONE',  ( -295.0000000000000000, -188.0000000000000000, -18.00000000000000355 ) ) ;
#749 = CARTESIAN_POINT ( 'NONE',  ( -295.0000000000000000, -200.0000000000000000, -8.750000000000000000 ) ) ;
#750 = ORIENTED_EDGE ( 'NONE', *, *, #534, .F. ) ;
#751 = EDGE_CURVE ( 'NONE', #2065, #1086, #1935, .T. ) ;
#752 = ORIENTED_EDGE ( 'NONE', *, *, #1466, .F. ) ;
#753 = CARTESIAN_POINT ( 'NONE',  ( 288.1000000000000227, 200.0000000000000000, -16.60000000000000497 ) ) ;
#754 = PERSON_AND_ORGANIZATION ( #2408, #747 ) ;
#755 = CARTESIAN_POINT ( 'NONE',  ( -295.0000000000000000, 200.0000000000000000, -6.000000000000000000 ) ) ;
#756 = EDGE_LOOP ( 'NONE', ( #241, #1063, #127, #144 ) ) ;
#757 = DIRECTION ( 'NONE',  ( 1.000000000000000000, 0.000000000000000000, -0.000000000000000000 ) ) ;
#758 = DIRECTION ( 'NONE',  ( 1.000000000000000000, 0.000000000000000000, 0.000000000000000000 ) ) ;
#759 = CARTESIAN_POINT ( 'NONE',  ( -288.1000000000000227, -188.0000000000000000, -18.00000000000000355 ) ) ;
#760 = CLOSED_SHELL ( 'NONE', ( #2212, #363, #1751, #2100, #285, #2592, #2027 ) ) ;
#761 = EDGE_CURVE ( 'NONE', #200, #2766, #235, .T. ) ;
#762 = DIRECTION ( 'NONE',  ( 1.000000000000000000, 0.000000000000000000, 0.000000000000000000 ) ) ;
#763 = CYLINDRICAL_SURFACE ( 'NONE', #1477, 1.399999999999998579 ) ;
#764 = EDGE_LOOP ( 'NONE', ( #122, #2117, #1907, #1894 ) ) ;
#765 = ORIENTED_EDGE ( 'NONE', *, *, #261, .T. ) ;
#766 = ADVANCED_FACE ( 'NONE', ( #604 ), #2069, .T. ) ;
#767 = DIRECTION ( 'NONE',  ( -1.000000000000000000, 0.000000000000000000, 0.000000000000000000 ) ) ;
#768 = LINE ( 'NONE', #506, #1590 ) ;
#769 = EDGE_CURVE ( 'NONE', #1285, #1750, #2166, .T. ) ;
#770 = ORIENTED_EDGE ( 'NONE', *, *, #637, .F. ) ;
#771 = DIRECTION ( 'NONE',  ( 1.000000000000000000, 0.000000000000000000, 0.000000000000000000 ) ) ;
#772 = EDGE_LOOP ( 'NONE', ( #103, #2261 ) ) ;
#773 = CARTESIAN_POINT ( 'NONE',  ( -295.0000000000000000, 188.0000000000000000, -8.750000000000000000 ) ) ;
#774 = CC_DESIGN_PERSON_AND_ORGANIZATION_ASSIGNMENT ( #2216, #1575, ( #2257 ) ) ;
#775 = LINE ( 'NONE', #2063, #1675 ) ;
#776 = DIRECTION ( 'NONE',  ( 0.000000000000000000, 0.000000000000000000, -1.000000000000000000 ) ) ;
#777 = ORIENTED_EDGE ( 'NONE', *, *, #952, .F. ) ;
#778 = VERTEX_POINT ( 'NONE', #2361 ) ;
#779 = EDGE_CURVE ( 'NONE', #2331, #356, #1052, .T. ) ;
#780 = VECTOR ( 'NONE', #2760, 1000.000000000000000 ) ;
#781 = DIRECTION ( 'NONE',  ( 1.000000000000000000, 0.000000000000000000, 0.000000000000000000 ) ) ;
#782 = AXIS2_PLACEMENT_3D ( 'NONE', #859, #475, #1697 ) ;
#783 = DIRECTION ( 'NONE',  ( 1.000000000000000000, 0.000000000000000000, 0.000000000000000000 ) ) ;
#784 = ORIENTED_EDGE ( 'NONE', *, *, #614, .T. ) ;
#785 = DIRECTION ( 'NONE',  ( -1.000000000000000000, 0.000000000000000000, 0.000000000000000000 ) ) ;
#786 = CIRCLE ( 'NONE', #608, 1.400000000000000133 ) ;
#787 = DIRECTION ( 'NONE',  ( 0.000000000000000000, 0.000000000000000000, 1.000000000000000000 ) ) ;
#788 = DIRECTION ( 'NONE',  ( 0.000000000000000000, 0.000000000000000000, -1.000000000000000000 ) ) ;
#789 = CARTESIAN_POINT ( 'NONE',  ( -295.0000000000000000, 188.0000000000000000, -6.000000000000000000 ) ) ;
#790 = VECTOR ( 'NONE', #664, 1000.000000000000000 ) ;
#791 = FACE_OUTER_BOUND ( 'NONE', #1084, .T. ) ;
#792 = ORIENTED_EDGE ( 'NONE', *, *, #761, .F. ) ;
#793 = EDGE_LOOP ( 'NONE', ( #1730, #1491, #306, #2298 ) ) ;
#794 = LOCAL_TIME ( 16, 1, 50.00000000000000000, #496 ) ;
#795 = DIRECTION ( 'NONE',  ( 0.000000000000000000, 0.000000000000000000, -1.000000000000000000 ) ) ;
#796 = DIRECTION ( 'NONE',  ( -1.000000000000000000, 0.000000000000000000, 0.000000000000000000 ) ) ;
#797 = EDGE_CURVE ( 'NONE', #17, #981, #910, .T. ) ;
#798 = DIRECTION ( 'NONE',  ( 0.000000000000000000, 0.000000000000000000, 1.000000000000000000 ) ) ;
#799 = DIRECTION ( 'NONE',  ( -1.000000000000000000, 0.000000000000000000, 0.000000000000000000 ) ) ;
#800 = DIRECTION ( 'NONE',  ( -1.000000000000000000, 0.000000000000000000, 0.000000000000000000 ) ) ;
#801 = CARTESIAN_POINT ( 'NONE',  ( -295.0000000000000000, 200.0000000000000000, -16.60000000000000497 ) ) ;
#802 = EDGE_CURVE ( 'NONE', #2413, #514, #400, .T. ) ;
#803 = CARTESIAN_POINT ( 'NONE',  ( -288.1000000000000227, 188.0000000000000000, -18.00000000000000355 ) ) ;
#804 = VERTEX_POINT ( 'NONE', #661 ) ;
#805 = ORIENTED_EDGE ( 'NONE', *, *, #484, .T. ) ;
#806 = VERTEX_POINT ( 'NONE', #2744 ) ;
#807 = DIRECTION ( 'NONE',  ( 0.000000000000000000, 0.000000000000000000, 1.000000000000000000 ) ) ;
#808 = AXIS2_PLACEMENT_3D ( 'NONE', #826, #1678, #2544 ) ;
#809 = CIRCLE ( 'NONE', #2292, 1.400000000000000133 ) ;
#810 = CC_DESIGN_PERSON_AND_ORGANIZATION_ASSIGNMENT ( #1150, #328, ( #576 ) ) ;
#811 = CYLINDRICAL_SURFACE ( 'NONE', #2223, 2.749999999999999112 ) ;
#812 = DIRECTION ( 'NONE',  ( 0.000000000000000000, 0.000000000000000000, 1.000000000000000000 ) ) ;
#813 = EDGE_LOOP ( 'NONE', ( #2660, #2131 ) ) ;
#814 = LINE ( 'NONE', #2071, #968 ) ;
#815 = EDGE_CURVE ( 'NONE', #550, #1588, #1890, .T. ) ;
#816 = CARTESIAN_POINT ( 'NONE',  ( 288.1000000000000227, -188.0000000000000000, -16.60000000000000497 ) ) ;
#817 = CARTESIAN_POINT ( 'NONE',  ( 288.1000000000000227, -188.0000000000000000, -18.00000000000000355 ) ) ;
#818 = ORIENTED_EDGE ( 'NONE', *, *, #1124, .T. ) ;
#819 = ORIENTED_EDGE ( 'NONE', *, *, #2502, .F. ) ;
#820 = ADVANCED_FACE ( 'NONE', ( #1078 ), #2103, .T. ) ;
#821 = ORIENTED_EDGE ( 'NONE', *, *, #304, .T. ) ;
#822 = ORIENTED_EDGE ( 'NONE', *, *, #209, .T. ) ;
#823 = CYLINDRICAL_SURFACE ( 'NONE', #655, 1.400000000000000133 ) ;
#824 = PLANE ( 'NONE',  #2661 ) ;
#825 = VECTOR ( 'NONE', #2214, 1000.000000000000000 ) ;
#826 = CARTESIAN_POINT ( 'NONE',  ( 288.1000000000000227, 188.0000000000000000, -6.000000000000000000 ) ) ;
#827 = DIRECTION ( 'NONE',  ( 0.000000000000000000, 0.000000000000000000, 1.000000000000000000 ) ) ;
#828 = CIRCLE ( 'NONE', #1987, 1.400000000000000133 ) ;
#829 = AXIS2_PLACEMENT_3D ( 'NONE', #2133, #783, #632 ) ;
#830 = CARTESIAN_POINT ( 'NONE',  ( 295.8999999999999773, 188.0000000000000000, -8.750000000000000000 ) ) ;
#831 = ADVANCED_FACE ( 'NONE', ( #176 ), #1702, .T. ) ;
#832 = ORIENTED_EDGE ( 'NONE', *, *, #1466, .T. ) ;
#833 = AXIS2_PLACEMENT_3D ( 'NONE', #154, #1884, #2505 ) ;
#834 = DIRECTION ( 'NONE',  ( -0.000000000000000000, 0.000000000000000000, 1.000000000000000000 ) ) ;
#835 = EDGE_LOOP ( 'NONE', ( #942, #671 ) ) ;
#836 = VERTEX_POINT ( 'NONE', #1897 ) ;
#837 = LOCAL_TIME ( 16, 1, 50.00000000000000000, #2204 ) ;
#838 = EDGE_LOOP ( 'NONE', ( #2551, #2552, #2649, #2218 ) ) ;
#839 = CARTESIAN_POINT ( 'NONE',  ( 295.0000000000000000, 188.0000000000000000, -18.00000000000000355 ) ) ;
#840 = ADVANCED_FACE ( 'NONE', ( #2334 ), #423, .T. ) ;
#841 = CARTESIAN_POINT ( 'NONE',  ( 295.0000000000000000, 200.0000000000000000, -6.000000000000000000 ) ) ;
#842 = CARTESIAN_POINT ( 'NONE',  ( 295.0000000000000000, -188.0000000000000000, -6.000000000000000000 ) ) ;
#843 = DIRECTION ( 'NONE',  ( 1.000000000000000000, 0.000000000000000000, 0.000000000000000000 ) ) ;
#844 = ADVANCED_FACE ( 'NONE', ( #2582 ), #824, .T. ) ;
#845 = CARTESIAN_POINT ( 'NONE',  ( 295.0000000000000000, -200.0000000000000000, -6.000000000000000000 ) ) ;
#846 = DIRECTION ( 'NONE',  ( 0.000000000000000000, 0.000000000000000000, 1.000000000000000000 ) ) ;
#847 = EDGE_CURVE ( 'NONE', #1086, #2065, #2215, .T. ) ;
#848 = ORIENTED_EDGE ( 'NONE', *, *, #1109, .T. ) ;
#849 = ORIENTED_EDGE ( 'NONE', *, *, #1237, .T. ) ;
#850 = CYLINDRICAL_SURFACE ( 'NONE', #2542, 1.400000000000000133 ) ;
#851 = CARTESIAN_POINT ( 'NONE',  ( -288.1000000000000227, -200.0000000000000000, -6.000000000000000000 ) ) ;
#852 = DIRECTION ( 'NONE',  ( 1.000000000000000000, 0.000000000000000000, 0.000000000000000000 ) ) ;
#853 = CLOSED_SHELL ( 'NONE', ( #2432, #1012, #993, #308, #114, #831, #1474 ) ) ;
#854 = EDGE_CURVE ( 'NONE', #2165, #620, #603, .T. ) ;
#855 = DIRECTION ( 'NONE',  ( -1.000000000000000000, -0.000000000000000000, -0.000000000000000000 ) ) ;
#856 = DIRECTION ( 'NONE',  ( -0.000000000000000000, 0.000000000000000000, 1.000000000000000000 ) ) ;
#857 = DIRECTION ( 'NONE',  ( 0.000000000000000000, 0.000000000000000000, 1.000000000000000000 ) ) ;
#858 = EDGE_CURVE ( 'NONE', #1065, #2727, #1494, .T. ) ;
#859 = CARTESIAN_POINT ( 'NONE',  ( -288.1000000000000227, 200.0000000000000000, -18.00000000000000355 ) ) ;
#860 = VERTEX_POINT ( 'NONE', #1457 ) ;
#861 = ORIENTED_EDGE ( 'NONE', *, *, #2312, .F. ) ;
#862 = DIRECTION ( 'NONE',  ( 1.000000000000000000, 0.000000000000000000, 0.000000000000000000 ) ) ;
#863 = DIRECTION ( 'NONE',  ( -1.000000000000000000, 0.000000000000000000, 0.000000000000000000 ) ) ;
#864 = DIRECTION ( 'NONE',  ( 0.000000000000000000, 0.000000000000000000, -1.000000000000000000 ) ) ;
#865 = CIRCLE ( 'NONE', #1579, 2.750000000000000000 ) ;
#866 = CARTESIAN_POINT ( 'NONE',  ( -288.1000000000000227, 188.0000000000000000, -6.000000000000000000 ) ) ;
#867 = CARTESIAN_POINT ( 'NONE',  ( 295.0000000000000000, -188.0000000000000000, -6.000000000000000000 ) ) ;
#868 = LINE ( 'NONE', #471, #743 ) ;
#869 = AXIS2_PLACEMENT_3D ( 'NONE', #1790, #2657, #940 ) ;
#870 = FACE_OUTER_BOUND ( 'NONE', #1863, .T. ) ;
#871 = AXIS2_PLACEMENT_3D ( 'NONE', #2034, #970, #364 ) ;
#872 = EDGE_LOOP ( 'NONE', ( #563, #566, #408, #146 ) ) ;
#873 = DIRECTION ( 'NONE',  ( -1.000000000000000000, -0.000000000000000000, -0.000000000000000000 ) ) ;
#874 = ORIENTED_EDGE ( 'NONE', *, *, #327, .F. ) ;
#875 = ORIENTED_EDGE ( 'NONE', *, *, #1521, .F. ) ;
#876 = CIRCLE ( 'NONE', #251, 1.400000000000000133 ) ;
#877 = DIRECTION ( 'NONE',  ( 0.000000000000000000, 0.000000000000000000, 1.000000000000000000 ) ) ;
#878 = AXIS2_PLACEMENT_3D ( 'NONE', #1431, #375, #998 ) ;
#879 = CARTESIAN_POINT ( 'NONE',  ( -288.1000000000000227, 188.0000000000000000, -7.400000000000000355 ) ) ;
#880 = LINE ( 'NONE', #1090, #2197 ) ;
#881 = CC_DESIGN_APPROVAL ( #1647, ( #576 ) ) ;
#882 = DIRECTION ( 'NONE',  ( -1.000000000000000000, 0.000000000000000000, 0.000000000000000000 ) ) ;
#883 = DIRECTION ( 'NONE',  ( -1.000000000000000000, 0.000000000000000000, -0.000000000000000000 ) ) ;
#884 = LINE ( 'NONE', #206, #2717 ) ;
#885 = ORIENTED_EDGE ( 'NONE', *, *, #1422, .F. ) ;
#886 = EDGE_CURVE ( 'NONE', #82, #2607, #1004, .T. ) ;
#887 = CARTESIAN_POINT ( 'NONE',  ( -295.0000000000000000, 200.0000000000000000, -20.75000000000000000 ) ) ;
#888 = ORIENTED_EDGE ( 'NONE', *, *, #2687, .T. ) ;
#889 = ORIENTED_EDGE ( 'NONE', *, *, #410, .F. ) ;
#890 = CARTESIAN_POINT ( 'NONE',  ( 295.0000000000000000, 188.0000000000000000, -18.00000000000000355 ) ) ;
#891 = CARTESIAN_POINT ( 'NONE',  ( 295.0000000000000000, -188.0000000000000000, -20.75000000000000000 ) ) ;
#892 = CIRCLE ( 'NONE', #2557, 2.750000000000000000 ) ;
#893 = FACE_OUTER_BOUND ( 'NONE', #936, .T. ) ;
#894 = CIRCLE ( 'NONE', #679, 2.749999999999999112 ) ;
#895 = AXIS2_PLACEMENT_3D ( 'NONE', #1656, #2297, #11 ) ;
#896 = DIRECTION ( 'NONE',  ( 1.000000000000000000, 0.000000000000000000, 0.000000000000000000 ) ) ;
#897 = DIRECTION ( 'NONE',  ( 1.000000000000000000, 0.000000000000000000, 0.000000000000000000 ) ) ;
#898 = CARTESIAN_POINT ( 'NONE',  ( 295.8999999999999773, 200.0000000000000000, -15.25000000000000355 ) ) ;
#899 = VERTEX_POINT ( 'NONE', #1691 ) ;
#900 = CARTESIAN_POINT ( 'NONE',  ( 295.8999999999999773, 200.0000000000000000, -18.00000000000000355 ) ) ;
#901 = VERTEX_POINT ( 'NONE', #2554 ) ;
#902 = ADVANCED_FACE ( 'NONE', ( #1484 ), #452, .T. ) ;
#903 = VERTEX_POINT ( 'NONE', #2161 ) ;
#904 = DIRECTION ( 'NONE',  ( 0.000000000000000000, 0.000000000000000000, -1.000000000000000000 ) ) ;
#905 = DIRECTION ( 'NONE',  ( -1.000000000000000000, 0.000000000000000000, 0.000000000000000000 ) ) ;
#906 = CYLINDRICAL_SURFACE ( 'NONE', #676, 2.749999999999999112 ) ;
#907 = DIRECTION ( 'NONE',  ( -1.000000000000000000, 0.000000000000000000, 0.000000000000000000 ) ) ;
#908 = CARTESIAN_POINT ( 'NONE',  ( -295.0000000000000000, 188.0000000000000000, -7.400000000000000355 ) ) ;
#909 = DIRECTION ( 'NONE',  ( 0.000000000000000000, 0.000000000000000000, -1.000000000000000000 ) ) ;
#910 = CIRCLE ( 'NONE', #2441, 2.750000000000000888 ) ;
#911 = AXIS2_PLACEMENT_3D ( 'NONE', #210, #197, #1 ) ;
#912 = CARTESIAN_POINT ( 'NONE',  ( -288.1000000000000227, 188.0000000000000000, -4.599999999999999645 ) ) ;
#913 = EDGE_LOOP ( 'NONE', ( #2742, #2509, #1573, #2495 ) ) ;
#914 = AXIS2_PLACEMENT_3D ( 'NONE', #593, #1836, #2700 ) ;
#915 = ORIENTED_EDGE ( 'NONE', *, *, #2312, .T. ) ;
#916 = CIRCLE ( 'NONE', #296, 2.749999999999999112 ) ;
#917 = EDGE_CURVE ( 'NONE', #1469, #1949, #1318, .T. ) ;
#918 = DIRECTION ( 'NONE',  ( 1.000000000000000000, 0.000000000000000000, 0.000000000000000000 ) ) ;
#919 = DIRECTION ( 'NONE',  ( 0.000000000000000000, 0.000000000000000000, 1.000000000000000000 ) ) ;
#920 = AXIS2_PLACEMENT_3D ( 'NONE', #1957, #1095, #267 ) ;
#921 = CARTESIAN_POINT ( 'NONE',  ( -288.1000000000000227, -188.0000000000000000, -16.60000000000000497 ) ) ;
#922 = COORDINATED_UNIVERSAL_TIME_OFFSET ( 8, 0, .AHEAD. ) ;
#923 = DIRECTION ( 'NONE',  ( -1.000000000000000000, 0.000000000000000000, 0.000000000000000000 ) ) ;
#924 = ADVANCED_FACE ( 'NONE', ( #481 ), #1562, .T. ) ;
#925 = VECTOR ( 'NONE', #896, 1000.000000000000000 ) ;
#926 = ORIENTED_EDGE ( 'NONE', *, *, #1919, .F. ) ;
#927 = CYLINDRICAL_SURFACE ( 'NONE', #2353, 1.399999999999998579 ) ;
#928 = DIRECTION ( 'NONE',  ( 0.000000000000000000, 0.000000000000000000, -1.000000000000000000 ) ) ;
#929 = DIRECTION ( 'NONE',  ( 1.000000000000000000, 0.000000000000000000, -0.000000000000000000 ) ) ;
#930 = ORIENTED_EDGE ( 'NONE', *, *, #1794, .T. ) ;
#931 = ORIENTED_EDGE ( 'NONE', *, *, #1109, .F. ) ;
#932 = EDGE_CURVE ( 'NONE', #1887, #2395, #383, .T. ) ;
#933 = UNCERTAINTY_MEASURE_WITH_UNIT (LENGTH_MEASURE( 1.000000000000000082E-05 ), #2191, 'distance_accuracy_value', 'NONE');
#934 = DIRECTION ( 'NONE',  ( 1.000000000000000000, 0.000000000000000000, 0.000000000000000000 ) ) ;
#935 = DIRECTION ( 'NONE',  ( 1.000000000000000000, 0.000000000000000000, 0.000000000000000000 ) ) ;
#936 = EDGE_LOOP ( 'NONE', ( #1326, #395 ) ) ;
#937 = DIRECTION ( 'NONE',  ( 1.000000000000000000, 0.000000000000000000, 0.000000000000000000 ) ) ;
#938 = CYLINDRICAL_SURFACE ( 'NONE', #2085, 2.749999999999999112 ) ;
#939 = VECTOR ( 'NONE', #1367, 1000.000000000000000 ) ;
#940 = DIRECTION ( 'NONE',  ( 0.000000000000000000, 0.000000000000000000, 1.000000000000000000 ) ) ;
#941 = DIRECTION ( 'NONE',  ( 0.000000000000000000, 0.000000000000000000, 1.000000000000000000 ) ) ;
#942 = ORIENTED_EDGE ( 'NONE', *, *, #1129, .T. ) ;
#943 = EDGE_LOOP ( 'NONE', ( #1817, #1920, #1699, #1548 ) ) ;
#944 = CARTESIAN_POINT ( 'NONE',  ( 295.0000000000000000, -188.0000000000000000, -18.00000000000000355 ) ) ;
#945 = SECURITY_CLASSIFICATION_LEVEL ( 'unclassified' ) ;
#946 = DIRECTION ( 'NONE',  ( 0.000000000000000000, 0.000000000000000000, 1.000000000000000000 ) ) ;
#947 = ORIENTED_EDGE ( 'NONE', *, *, #1260, .F. ) ;
#948 = DIRECTION ( 'NONE',  ( -1.000000000000000000, 0.000000000000000000, 0.000000000000000000 ) ) ;
#949 = ORIENTED_EDGE ( 'NONE', *, *, #353, .F. ) ;
#950 = CARTESIAN_POINT ( 'NONE',  ( -288.1000000000000227, 200.0000000000000000, -19.40000000000000213 ) ) ;
#951 = AXIS2_PLACEMENT_3D ( 'NONE', #1732, #230, #1262 ) ;
#952 = EDGE_CURVE ( 'NONE', #1101, #2065, #66, .T. ) ;
#953 = CARTESIAN_POINT ( 'NONE',  ( 288.1000000000000227, 188.0000000000000000, -6.000000000000000000 ) ) ;
#954 = FACE_OUTER_BOUND ( 'NONE', #1467, .T. ) ;
#955 = ORIENTED_EDGE ( 'NONE', *, *, #1384, .F. ) ;
#956 = ORIENTED_EDGE ( 'NONE', *, *, #761, .T. ) ;
#957 = CIRCLE ( 'NONE', #291, 2.750000000000000888 ) ;
#958 = CARTESIAN_POINT ( 'NONE',  ( -295.0000000000000000, -188.0000000000000000, -6.000000000000000000 ) ) ;
#959 = VECTOR ( 'NONE', #2653, 1000.000000000000000 ) ;
#960 = DIRECTION ( 'NONE',  ( 1.000000000000000000, 0.000000000000000000, 0.000000000000000000 ) ) ;
#961 = EDGE_CURVE ( 'NONE', #2158, #2520, #1671, .T. ) ;
#962 = AXIS2_PLACEMENT_3D ( 'NONE', #2084, #2553, #1662 ) ;
#963 = ORIENTED_EDGE ( 'NONE', *, *, #353, .T. ) ;
#964 = DIRECTION ( 'NONE',  ( 0.000000000000000000, 0.000000000000000000, -1.000000000000000000 ) ) ;
#965 = ORIENTED_EDGE ( 'NONE', *, *, #858, .T. ) ;
#966 = AXIS2_PLACEMENT_3D ( 'NONE', #1070, #13, #221 ) ;
#967 = DIRECTION ( 'NONE',  ( -1.000000000000000000, 0.000000000000000000, 0.000000000000000000 ) ) ;
#968 = VECTOR ( 'NONE', #2337, 1000.000000000000000 ) ;
#969 = EDGE_CURVE ( 'NONE', #2227, #1752, #2263, .T. ) ;
#970 = DIRECTION ( 'NONE',  ( 1.000000000000000000, 0.000000000000000000, 0.000000000000000000 ) ) ;
#971 = PLANE ( 'NONE',  #456 ) ;
#972 = EDGE_LOOP ( 'NONE', ( #35, #228, #1196, #2096 ) ) ;
#973 = EDGE_LOOP ( 'NONE', ( #1659, #731 ) ) ;
#974 = ADVANCED_FACE ( 'NONE', ( #2415 ), #2188, .T. ) ;
#975 = DIRECTION ( 'NONE',  ( -0.000000000000000000, 0.000000000000000000, -1.000000000000000000 ) ) ;
#976 = PERSON_AND_ORGANIZATION_ROLE ( 'creator' ) ;
#977 = CARTESIAN_POINT ( 'NONE',  ( 295.0000000000000000, -200.0000000000000000, -16.60000000000000497 ) ) ;
#978 = VERTEX_POINT ( 'NONE', #891 ) ;
#979 = DIRECTION ( 'NONE',  ( 0.000000000000000000, 0.000000000000000000, -1.000000000000000000 ) ) ;
#980 = CC_DESIGN_PERSON_AND_ORGANIZATION_ASSIGNMENT ( #737, #2625, ( #576 ) ) ;
#981 = VERTEX_POINT ( 'NONE', #80 ) ;
#982 = DIRECTION ( 'NONE',  ( 0.000000000000000000, 0.000000000000000000, 1.000000000000000000 ) ) ;
#983 = AXIS2_PLACEMENT_3D ( 'NONE', #2771, #2745, #864 ) ;
#984 = EDGE_CURVE ( 'NONE', #384, #2381, #1364, .T. ) ;
#985 = DIRECTION ( 'NONE',  ( -1.000000000000000000, 0.000000000000000000, 0.000000000000000000 ) ) ;
#986 = AXIS2_PLACEMENT_3D ( 'NONE', #2226, #305, #2494 ) ;
#987 = VECTOR ( 'NONE', #1386, 1000.000000000000000 ) ;
#988 = CARTESIAN_POINT ( 'NONE',  ( -288.1000000000000227, -200.0000000000000000, -18.00000000000000355 ) ) ;
#989 = EDGE_LOOP ( 'NONE', ( #507, #2515, #1193, #2036 ) ) ;
#990 = EDGE_LOOP ( 'NONE', ( #2437, #732 ) ) ;
#991 = ADVANCED_FACE ( 'NONE', ( #505, #1755 ), #260, .T. ) ;
#992 = DIRECTION ( 'NONE',  ( 1.000000000000000000, 0.000000000000000000, 0.000000000000000000 ) ) ;
#993 = ADVANCED_FACE ( 'NONE', ( #2651 ), #1105, .T. ) ;
#994 = CARTESIAN_POINT ( 'NONE',  ( -295.0000000000000000, 200.0000000000000000, -15.25000000000000355 ) ) ;
#995 = ORIENTED_EDGE ( 'NONE', *, *, #388, .T. ) ;
#996 = DIRECTION ( 'NONE',  ( -1.000000000000000000, 0.000000000000000000, 0.000000000000000000 ) ) ;
#997 = ORIENTED_EDGE ( 'NONE', *, *, #41, .F. ) ;
#998 = DIRECTION ( 'NONE',  ( 0.000000000000000000, 0.000000000000000000, -1.000000000000000000 ) ) ;
#999 = CARTESIAN_POINT ( 'NONE',  ( -295.0000000000000000, -188.0000000000000000, -8.750000000000000000 ) ) ;
#1000 = DIRECTION ( 'NONE',  ( 1.000000000000000000, 0.000000000000000000, 0.000000000000000000 ) ) ;
#1001 = ORIENTED_EDGE ( 'NONE', *, *, #1028, .F. ) ;
#1002 = EDGE_LOOP ( 'NONE', ( #1993, #166, #1159, #1975 ) ) ;
#1003 = EDGE_CURVE ( 'NONE', #1973, #1561, #1140, .T. ) ;
#1004 = CIRCLE ( 'NONE', #340, 1.399999999999998579 ) ;
#1005 = CARTESIAN_POINT ( 'NONE',  ( 295.0000000000000000, 200.0000000000000000, -4.599999999999999645 ) ) ;
#1006 = AXIS2_PLACEMENT_3D ( 'NONE', #135, #1841, #2705 ) ;
#1007 = ADVANCED_FACE ( 'NONE', ( #1953 ), #2611, .T. ) ;
#1008 = DIRECTION ( 'NONE',  ( 1.000000000000000000, 0.000000000000000000, 0.000000000000000000 ) ) ;
#1009 = DIRECTION ( 'NONE',  ( -1.000000000000000000, -0.000000000000000000, -0.000000000000000000 ) ) ;
#1010 = AXIS2_PLACEMENT_3D ( 'NONE', #1694, #1134, #625 ) ;
#1011 = ORIENTED_EDGE ( 'NONE', *, *, #686, .T. ) ;
#1012 = ADVANCED_FACE ( 'NONE', ( #1117 ), #2623, .T. ) ;
#1013 = DIRECTION ( 'NONE',  ( -1.000000000000000000, 0.000000000000000000, 0.000000000000000000 ) ) ;
#1014 = CIRCLE ( 'NONE', #2672, 1.399999999999998579 ) ;
#1015 = CIRCLE ( 'NONE', #2587, 2.749999999999999112 ) ;
#1016 = ADVANCED_FACE ( 'NONE', ( #1371 ), #519, .T. ) ;
#1017 = DIRECTION ( 'NONE',  ( 1.000000000000000000, 0.000000000000000000, 0.000000000000000000 ) ) ;
#1018 = CIRCLE ( 'NONE', #1330, 2.750000000000000000 ) ;
#1019 = CYLINDRICAL_SURFACE ( 'NONE', #5, 1.400000000000000133 ) ;
#1020 = ORIENTED_EDGE ( 'NONE', *, *, #517, .T. ) ;
#1021 = VERTEX_POINT ( 'NONE', #466 ) ;
#1022 = LINE ( 'NONE', #2081, #605 ) ;
#1023 = EDGE_CURVE ( 'NONE', #2666, #1259, #700, .T. ) ;
#1024 = DIRECTION ( 'NONE',  ( 1.000000000000000000, 0.000000000000000000, 0.000000000000000000 ) ) ;
#1025 = CARTESIAN_POINT ( 'NONE',  ( -295.8999999999999773, -200.0000000000000000, -6.000000000000000000 ) ) ;
#1026 = ORIENTED_EDGE ( 'NONE', *, *, #359, .F. ) ;
#1027 = DIRECTION ( 'NONE',  ( -1.000000000000000000, 0.000000000000000000, 0.000000000000000000 ) ) ;
#1028 = EDGE_CURVE ( 'NONE', #1245, #806, #1804, .T. ) ;
#1029 = DIRECTION ( 'NONE',  ( 0.000000000000000000, 0.000000000000000000, -1.000000000000000000 ) ) ;
#1030 = DIRECTION ( 'NONE',  ( 0.000000000000000000, 0.000000000000000000, -1.000000000000000000 ) ) ;
#1031 = VERTEX_POINT ( 'NONE', #2662 ) ;
#1032 = ORIENTED_EDGE ( 'NONE', *, *, #449, .F. ) ;
#1033 = AXIS2_PLACEMENT_3D ( 'NONE', #120, #2647, #319 ) ;
#1034 = AXIS2_PLACEMENT_3D ( 'NONE', #2391, #390, #1644 ) ;
#1035 = ORIENTED_EDGE ( 'NONE', *, *, #1023, .T. ) ;
#1036 = ORIENTED_EDGE ( 'NONE', *, *, #1428, .T. ) ;
#1037 = CARTESIAN_POINT ( 'NONE',  ( 295.0000000000000000, 188.0000000000000000, -6.000000000000000000 ) ) ;
#1038 = DIRECTION ( 'NONE',  ( -0.000000000000000000, 0.000000000000000000, 1.000000000000000000 ) ) ;
#1039 = CARTESIAN_POINT ( 'NONE',  ( 295.0000000000000000, -188.0000000000000000, -6.000000000000000000 ) ) ;
#1040 = DIRECTION ( 'NONE',  ( 1.000000000000000000, 0.000000000000000000, 0.000000000000000000 ) ) ;
#1041 = ADVANCED_FACE ( 'NONE', ( #1621 ), #105, .T. ) ;
#1042 = CARTESIAN_POINT ( 'NONE',  ( -288.1000000000000227, -200.0000000000000000, -16.60000000000000497 ) ) ;
#1043 = ORIENTED_EDGE ( 'NONE', *, *, #2088, .F. ) ;
#1044 = ORIENTED_EDGE ( 'NONE', *, *, #1145, .F. ) ;
#1045 = ADVANCED_FACE ( 'NONE', ( #369 ), #325, .T. ) ;
#1046 = DIRECTION ( 'NONE',  ( 1.000000000000000000, 0.000000000000000000, -0.000000000000000000 ) ) ;
#1047 = ORIENTED_EDGE ( 'NONE', *, *, #50, .F. ) ;
#1048 = ORIENTED_EDGE ( 'NONE', *, *, #1395, .T. ) ;
#1049 = ORIENTED_EDGE ( 'NONE', *, *, #769, .F. ) ;
#1050 = CARTESIAN_POINT ( 'NONE',  ( 295.0000000000000000, 200.0000000000000000, -3.250000000000000444 ) ) ;
#1051 = AXIS2_PLACEMENT_3D ( 'NONE', #1997, #494, #246 ) ;
#1052 = LINE ( 'NONE', #1910, #780 ) ;
#1053 = EDGE_CURVE ( 'NONE', #981, #17, #734, .T. ) ;
#1054 = AXIS2_PLACEMENT_3D ( 'NONE', #1710, #2383, #447 ) ;
#1055 = FACE_BOUND ( 'NONE', #1946, .T. ) ;
#1056 = CARTESIAN_POINT ( 'NONE',  ( 295.0000000000000000, 200.0000000000000000, -6.000000000000000000 ) ) ;
#1057 = EDGE_CURVE ( 'NONE', #2285, #2659, #2130, .T. ) ;
#1058 = AXIS2_PLACEMENT_3D ( 'NONE', #281, #923, #2641 ) ;
#1059 = DIRECTION ( 'NONE',  ( 0.000000000000000000, 0.000000000000000000, -1.000000000000000000 ) ) ;
#1060 = AXIS2_PLACEMENT_3D ( 'NONE', #1976, #1558, #1125 ) ;
#1061 = AXIS2_PLACEMENT_3D ( 'NONE', #2122, #1211, #647 ) ;
#1062 = CARTESIAN_POINT ( 'NONE',  ( 295.0000000000000000, 188.0000000000000000, -7.400000000000000355 ) ) ;
#1063 = ORIENTED_EDGE ( 'NONE', *, *, #1991, .T. ) ;
#1064 = EDGE_CURVE ( 'NONE', #1252, #2519, #1633, .T. ) ;
#1065 = VERTEX_POINT ( 'NONE', #147 ) ;
#1066 = CARTESIAN_POINT ( 'NONE',  ( -295.8999999999999773, 188.0000000000000000, -15.25000000000000355 ) ) ;
#1067 = CARTESIAN_POINT ( 'NONE',  ( -295.8999999999999773, 200.0000000000000000, -6.000000000000000000 ) ) ;
#1068 = DIRECTION ( 'NONE',  ( 0.000000000000000000, 0.000000000000000000, 1.000000000000000000 ) ) ;
#1069 = CARTESIAN_POINT ( 'NONE',  ( 295.8999999999999773, -188.0000000000000000, -3.250000000000000444 ) ) ;
#1070 = CARTESIAN_POINT ( 'NONE',  ( -295.0000000000000000, -200.0000000000000000, -6.000000000000000000 ) ) ;
#1071 = CARTESIAN_POINT ( 'NONE',  ( -295.0000000000000000, 200.0000000000000000, -18.00000000000000355 ) ) ;
#1072 = ADVANCED_FACE ( 'NONE', ( #2511 ), #1608, .T. ) ;
#1073 = FACE_BOUND ( 'NONE', #2539, .T. ) ;
#1074 = ORIENTED_EDGE ( 'NONE', *, *, #462, .F. ) ;
#1075 = ORIENTED_EDGE ( 'NONE', *, *, #323, .T. ) ;
#1076 = DIRECTION ( 'NONE',  ( 1.000000000000000000, 0.000000000000000000, 0.000000000000000000 ) ) ;
#1077 = AXIS2_PLACEMENT_3D ( 'NONE', #1954, #1132, #38 ) ;
#1078 = FACE_OUTER_BOUND ( 'NONE', #1479, .T. ) ;
#1079 = CARTESIAN_POINT ( 'NONE',  ( 288.1000000000000227, -200.0000000000000000, -16.60000000000000497 ) ) ;
#1080 = CARTESIAN_POINT ( 'NONE',  ( 295.0000000000000000, -188.0000000000000000, -18.00000000000000355 ) ) ;
#1081 = DIRECTION ( 'NONE',  ( 0.000000000000000000, 0.000000000000000000, 1.000000000000000000 ) ) ;
#1082 = CARTESIAN_POINT ( 'NONE',  ( 288.1000000000000227, -188.0000000000000000, -18.00000000000000355 ) ) ;
#1083 = DIRECTION ( 'NONE',  ( -1.000000000000000000, -0.000000000000000000, -0.000000000000000000 ) ) ;
#1084 = EDGE_LOOP ( 'NONE', ( #949, #770 ) ) ;
#1085 = DIRECTION ( 'NONE',  ( 0.000000000000000000, 0.000000000000000000, 1.000000000000000000 ) ) ;
#1086 = VERTEX_POINT ( 'NONE', #1005 ) ;
#1087 = EDGE_LOOP ( 'NONE', ( #2186, #1825, #1222, #2467 ) ) ;
#1088 = CYLINDRICAL_SURFACE ( 'NONE', #1765, 2.749999999999999112 ) ;
#1089 = DIRECTION ( 'NONE',  ( 0.000000000000000000, 0.000000000000000000, 1.000000000000000000 ) ) ;
#1090 = CARTESIAN_POINT ( 'NONE',  ( -288.1000000000000227, -188.0000000000000000, -19.40000000000000213 ) ) ;
#1091 = DIRECTION ( 'NONE',  ( -1.000000000000000000, 0.000000000000000000, 0.000000000000000000 ) ) ;
#1092 = EDGE_CURVE ( 'NONE', #2272, #2234, #2032, .T. ) ;
#1093 = CARTESIAN_POINT ( 'NONE',  ( 288.1000000000000227, 188.0000000000000000, -7.400000000000000355 ) ) ;
#1094 = EDGE_CURVE ( 'NONE', #804, #860, #1022, .T. ) ;
#1095 = DIRECTION ( 'NONE',  ( -1.000000000000000000, -0.000000000000000000, -0.000000000000000000 ) ) ;
#1096 = AXIS2_PLACEMENT_3D ( 'NONE', #1426, #2067, #807 ) ;
#1097 = CIRCLE ( 'NONE', #1188, 1.399999999999998579 ) ;
#1098 = ORIENTED_EDGE ( 'NONE', *, *, #516, .F. ) ;
#1099 = PLANE ( 'NONE',  #1805 ) ;
#1100 = VECTOR ( 'NONE', #1828, 1000.000000000000000 ) ;
#1101 = VERTEX_POINT ( 'NONE', #1439 ) ;
#1102 = VERTEX_POINT ( 'NONE', #753 ) ;
#1103 = DIRECTION ( 'NONE',  ( -1.000000000000000000, 0.000000000000000000, 0.000000000000000000 ) ) ;
#1104 = CIRCLE ( 'NONE', #2323, 2.749999999999999112 ) ;
#1105 = PLANE ( 'NONE',  #62 ) ;
#1106 = DIRECTION ( 'NONE',  ( 1.000000000000000000, 0.000000000000000000, 0.000000000000000000 ) ) ;
#1107 = DIRECTION ( 'NONE',  ( 0.000000000000000000, 0.000000000000000000, 1.000000000000000000 ) ) ;
#1108 = CARTESIAN_POINT ( 'NONE',  ( -295.8999999999999773, -188.0000000000000000, -18.00000000000000355 ) ) ;
#1109 = EDGE_CURVE ( 'NONE', #901, #1631, #1408, .T. ) ;
#1110 = DIRECTION ( 'NONE',  ( 1.000000000000000000, 0.000000000000000000, 0.000000000000000000 ) ) ;
#1111 = ADVANCED_FACE ( 'NONE', ( #1396, #561 ), #380, .T. ) ;
#1112 = EDGE_LOOP ( 'NONE', ( #1032, #1530 ) ) ;
#1113 = DIRECTION ( 'NONE',  ( 1.000000000000000000, 0.000000000000000000, 0.000000000000000000 ) ) ;
#1114 = ORIENTED_EDGE ( 'NONE', *, *, #2402, .F. ) ;
#1115 = ORIENTED_EDGE ( 'NONE', *, *, #1218, .F. ) ;
#1116 = DIRECTION ( 'NONE',  ( 1.000000000000000000, 0.000000000000000000, 0.000000000000000000 ) ) ;
#1117 = FACE_OUTER_BOUND ( 'NONE', #708, .T. ) ;
#1118 = CIRCLE ( 'NONE', #1034, 1.399999999999998579 ) ;
#1119 = DIRECTION ( 'NONE',  ( 0.000000000000000000, 0.000000000000000000, 1.000000000000000000 ) ) ;
#1120 = CIRCLE ( 'NONE', #2061, 1.400000000000000133 ) ;
#1121 = CARTESIAN_POINT ( 'NONE',  ( 295.8999999999999773, 200.0000000000000000, -18.00000000000000355 ) ) ;
#1122 = DIRECTION ( 'NONE',  ( 1.000000000000000000, 0.000000000000000000, 0.000000000000000000 ) ) ;
#1123 = VECTOR ( 'NONE', #283, 1000.000000000000000 ) ;
#1124 = EDGE_CURVE ( 'NONE', #95, #804, #1321, .T. ) ;
#1125 = DIRECTION ( 'NONE',  ( -0.000000000000000000, 0.000000000000000000, -1.000000000000000000 ) ) ;
#1126 = DIRECTION ( 'NONE',  ( 0.000000000000000000, 0.000000000000000000, -1.000000000000000000 ) ) ;
#1127 = EDGE_LOOP ( 'NONE', ( #2486, #49 ) ) ;
#1128 = ORIENTED_EDGE ( 'NONE', *, *, #1428, .F. ) ;
#1129 = EDGE_CURVE ( 'NONE', #1709, #112, #2171, .T. ) ;
#1130 = PLANE ( 'NONE',  #1060 ) ;
#1131 = DIRECTION ( 'NONE',  ( 1.000000000000000000, 0.000000000000000000, 0.000000000000000000 ) ) ;
#1132 = DIRECTION ( 'NONE',  ( -1.000000000000000000, 0.000000000000000000, -0.000000000000000000 ) ) ;
#1133 = PERSON_AND_ORGANIZATION ( #2408, #747 ) ;
#1134 = DIRECTION ( 'NONE',  ( 1.000000000000000000, 0.000000000000000000, -0.000000000000000000 ) ) ;
#1135 = ORIENTED_EDGE ( 'NONE', *, *, #651, .F. ) ;
#1136 = FACE_OUTER_BOUND ( 'NONE', #2690, .T. ) ;
#1137 = VECTOR ( 'NONE', #382, 1000.000000000000000 ) ;
#1138 = ADVANCED_FACE ( 'NONE', ( #2024 ), #1189, .T. ) ;
#1139 = CARTESIAN_POINT ( 'NONE',  ( 288.1000000000000227, -188.0000000000000000, -4.599999999999999645 ) ) ;
#1140 = CIRCLE ( 'NONE', #515, 1.399999999999998579 ) ;
#1141 = DIRECTION ( 'NONE',  ( -0.000000000000000000, 0.000000000000000000, 1.000000000000000000 ) ) ;
#1142 = EDGE_LOOP ( 'NONE', ( #463, #2609 ) ) ;
#1143 = VECTOR ( 'NONE', #638, 1000.000000000000000 ) ;
#1144 = EDGE_LOOP ( 'NONE', ( #1232, #2355, #2634, #2409 ) ) ;
#1145 = EDGE_CURVE ( 'NONE', #1876, #1437, #2622, .T. ) ;
#1146 = CIRCLE ( 'NONE', #829, 1.399999999999998579 ) ;
#1147 = EDGE_CURVE ( 'NONE', #2413, #1341, #2078, .T. ) ;
#1148 = CARTESIAN_POINT ( 'NONE',  ( 295.0000000000000000, -200.0000000000000000, -6.000000000000000000 ) ) ;
#1149 = AXIS2_PLACEMENT_3D ( 'NONE', #300, #2490, #510 ) ;
#1150 = PERSON_AND_ORGANIZATION ( #2408, #747 ) ;
#1151 = CYLINDRICAL_SURFACE ( 'NONE', #2037, 2.750000000000000888 ) ;
#1152 = VECTOR ( 'NONE', #1486, 1000.000000000000000 ) ;
#1153 = ORIENTED_EDGE ( 'NONE', *, *, #388, .F. ) ;
#1154 = DIRECTION ( 'NONE',  ( 1.000000000000000000, 0.000000000000000000, 0.000000000000000000 ) ) ;
#1155 = CARTESIAN_POINT ( 'NONE',  ( -288.1000000000000227, 188.0000000000000000, -7.400000000000000355 ) ) ;
#1156 = CARTESIAN_POINT ( 'NONE',  ( 295.0000000000000000, -200.0000000000000000, -3.250000000000000444 ) ) ;
#1157 = LINE ( 'NONE', #2466, #939 ) ;
#1158 = ORIENTED_EDGE ( 'NONE', *, *, #2534, .T. ) ;
#1159 = ORIENTED_EDGE ( 'NONE', *, *, #2083, .T. ) ;
#1160 = DIRECTION ( 'NONE',  ( 1.000000000000000000, 0.000000000000000000, 0.000000000000000000 ) ) ;
#1161 = DATE_AND_TIME ( #712, #2410 ) ;
#1162 = DIRECTION ( 'NONE',  ( -1.000000000000000000, 0.000000000000000000, 0.000000000000000000 ) ) ;
#1163 = EDGE_LOOP ( 'NONE', ( #997, #1246, #503, #1931 ) ) ;
#1164 = CARTESIAN_POINT ( 'NONE',  ( -295.0000000000000000, -200.0000000000000000, -20.75000000000000000 ) ) ;
#1165 = ORIENTED_EDGE ( 'NONE', *, *, #359, .T. ) ;
#1166 = DIRECTION ( 'NONE',  ( 0.000000000000000000, 0.000000000000000000, -1.000000000000000000 ) ) ;
#1167 = VECTOR ( 'NONE', #188, 1000.000000000000000 ) ;
#1168 = CARTESIAN_POINT ( 'NONE',  ( -295.0000000000000000, -188.0000000000000000, -20.75000000000000000 ) ) ;
#1169 = DIRECTION ( 'NONE',  ( 1.000000000000000000, 0.000000000000000000, -0.000000000000000000 ) ) ;
#1170 = ORIENTED_EDGE ( 'NONE', *, *, #1180, .T. ) ;
#1171 = AXIS2_PLACEMENT_3D ( 'NONE', #1668, #883, #234 ) ;
#1172 = VERTEX_POINT ( 'NONE', #577 ) ;
#1173 = DIRECTION ( 'NONE',  ( 0.000000000000000000, 0.000000000000000000, -1.000000000000000000 ) ) ;
#1174 = DATE_AND_TIME ( #2245, #1860 ) ;
#1175 = DIRECTION ( 'NONE',  ( -1.000000000000000000, 0.000000000000000000, 0.000000000000000000 ) ) ;
#1176 = EDGE_LOOP ( 'NONE', ( #2438, #1664, #1020, #1606 ) ) ;
#1177 = CARTESIAN_POINT ( 'NONE',  ( 288.1000000000000227, 188.0000000000000000, -6.000000000000000000 ) ) ;
#1178 = ORIENTED_EDGE ( 'NONE', *, *, #1129, .F. ) ;
#1179 = CARTESIAN_POINT ( 'NONE',  ( -295.0000000000000000, 188.0000000000000000, -6.000000000000000000 ) ) ;
#1180 = EDGE_CURVE ( 'NONE', #394, #2022, #2748, .T. ) ;
#1181 = CIRCLE ( 'NONE', #2260, 2.750000000000000000 ) ;
#1182 = AXIS2_PLACEMENT_3D ( 'NONE', #841, #2597, #2374 ) ;
#1183 = DIRECTION ( 'NONE',  ( -1.000000000000000000, 0.000000000000000000, 0.000000000000000000 ) ) ;
#1184 = DIRECTION ( 'NONE',  ( 1.000000000000000000, 0.000000000000000000, 0.000000000000000000 ) ) ;
#1185 = ORIENTED_EDGE ( 'NONE', *, *, #1801, .F. ) ;
#1186 = ORIENTED_EDGE ( 'NONE', *, *, #2747, .F. ) ;
#1187 = AXIS2_PLACEMENT_3D ( 'NONE', #2040, #123, #975 ) ;
#1188 = AXIS2_PLACEMENT_3D ( 'NONE', #729, #256, #1546 ) ;
#1189 = PLANE ( 'NONE',  #1187 ) ;
#1190 = CIRCLE ( 'NONE', #2754, 2.749999999999999112 ) ;
#1191 = CARTESIAN_POINT ( 'NONE',  ( -295.0000000000000000, -200.0000000000000000, -18.00000000000000355 ) ) ;
#1192 = AXIS2_PLACEMENT_3D ( 'NONE', #1515, #1336, #2193 ) ;
#1193 = ORIENTED_EDGE ( 'NONE', *, *, #952, .T. ) ;
#1194 = DIRECTION ( 'NONE',  ( 0.000000000000000000, 0.000000000000000000, 1.000000000000000000 ) ) ;
#1195 = EDGE_CURVE ( 'NONE', #1518, #2270, #2729, .T. ) ;
#1196 = ORIENTED_EDGE ( 'NONE', *, *, #797, .T. ) ;
#1197 = AXIS2_PLACEMENT_3D ( 'NONE', #2723, #800, #1444 ) ;
#1198 = DIRECTION ( 'NONE',  ( 0.000000000000000000, 0.000000000000000000, 1.000000000000000000 ) ) ;
#1199 = MANIFOLD_SOLID_BREP ( '\X2\8f935165\X0\11', #2294 ) ;
#1200 = EDGE_CURVE ( 'NONE', #2520, #2158, #242, .T. ) ;
#1201 = LINE ( 'NONE', #816, #1239 ) ;
#1202 = CARTESIAN_POINT ( 'NONE',  ( -295.0000000000000000, -200.0000000000000000, -6.000000000000000000 ) ) ;
#1203 = EDGE_LOOP ( 'NONE', ( #2199, #2677, #618, #574 ) ) ;
#1204 = EDGE_LOOP ( 'NONE', ( #1865, #1586 ) ) ;
#1205 = DIRECTION ( 'NONE',  ( -1.000000000000000000, 0.000000000000000000, 0.000000000000000000 ) ) ;
#1206 = CARTESIAN_POINT ( 'NONE',  ( 295.0000000000000000, -200.0000000000000000, -7.400000000000000355 ) ) ;
#1207 = ORIENTED_EDGE ( 'NONE', *, *, #2626, .T. ) ;
#1208 = CYLINDRICAL_SURFACE ( 'NONE', #2308, 1.399999999999998579 ) ;
#1209 = MANIFOLD_SOLID_BREP ( '\X2\8f935165\X0\7', #2107 ) ;
#1210 = ORIENTED_EDGE ( 'NONE', *, *, #1835, .T. ) ;
#1211 = DIRECTION ( 'NONE',  ( 1.000000000000000000, -0.000000000000000000, -0.000000000000000000 ) ) ;
#1212 = ADVANCED_FACE ( 'NONE', ( #2128 ), #461, .T. ) ;
#1213 = DIRECTION ( 'NONE',  ( 1.000000000000000000, 0.000000000000000000, 0.000000000000000000 ) ) ;
#1214 = VECTOR ( 'NONE', #1979, 1000.000000000000000 ) ;
#1215 = DIRECTION ( 'NONE',  ( 1.000000000000000000, 0.000000000000000000, -0.000000000000000000 ) ) ;
#1216 = VERTEX_POINT ( 'NONE', #1891 ) ;
#1217 = VERTEX_POINT ( 'NONE', #2753 ) ;
#1218 = EDGE_CURVE ( 'NONE', #1172, #330, #1495, .T. ) ;
#1219 = DIRECTION ( 'NONE',  ( 0.000000000000000000, 0.000000000000000000, 1.000000000000000000 ) ) ;
#1220 = ADVANCED_FACE ( 'NONE', ( #1073, #2593 ), #1099, .T. ) ;
#1221 = DIRECTION ( 'NONE',  ( 0.000000000000000000, 0.000000000000000000, -1.000000000000000000 ) ) ;
#1222 = ORIENTED_EDGE ( 'NONE', *, *, #24, .T. ) ;
#1223 = CARTESIAN_POINT ( 'NONE',  ( 295.0000000000000000, 188.0000000000000000, -3.250000000000000444 ) ) ;
#1224 = MANIFOLD_SOLID_BREP ( '\X2\8f935165\X0\14', #1568 ) ;
#1225 = ORIENTED_EDGE ( 'NONE', *, *, #2474, .F. ) ;
#1226 = CYLINDRICAL_SURFACE ( 'NONE', #833, 1.400000000000000133 ) ;
#1227 = EDGE_CURVE ( 'NONE', #1949, #1469, #957, .T. ) ;
#1228 = MANIFOLD_SOLID_BREP ( '\X2\8f935165\X0\10', #459 ) ;
#1229 = DIRECTION ( 'NONE',  ( 0.000000000000000000, 0.000000000000000000, -1.000000000000000000 ) ) ;
#1230 = FACE_OUTER_BOUND ( 'NONE', #212, .T. ) ;
#1231 = VERTEX_POINT ( 'NONE', #1686 ) ;
#1232 = ORIENTED_EDGE ( 'NONE', *, *, #214, .T. ) ;
#1233 = AXIS2_PLACEMENT_3D ( 'NONE', #2476, #771, #1194 ) ;
#1234 = CARTESIAN_POINT ( 'NONE',  ( -295.0000000000000000, -188.0000000000000000, -18.00000000000000355 ) ) ;
#1235 = CIRCLE ( 'NONE', #193, 1.399999999999998579 ) ;
#1236 = DIRECTION ( 'NONE',  ( -1.000000000000000000, 0.000000000000000000, -0.000000000000000000 ) ) ;
#1237 = EDGE_CURVE ( 'NONE', #1876, #1327, #2342, .T. ) ;
#1238 = CARTESIAN_POINT ( 'NONE',  ( -288.1000000000000227, -200.0000000000000000, -6.000000000000000000 ) ) ;
#1239 = VECTOR ( 'NONE', #130, 1000.000000000000000 ) ;
#1240 = ORIENTED_EDGE ( 'NONE', *, *, #517, .F. ) ;
#1241 = FACE_OUTER_BOUND ( 'NONE', #1370, .T. ) ;
#1242 = CARTESIAN_POINT ( 'NONE',  ( 288.1000000000000227, 200.0000000000000000, -6.000000000000000000 ) ) ;
#1243 = AXIS2_PLACEMENT_3D ( 'NONE', #2136, #677, #1705 ) ;
#1244 = DIRECTION ( 'NONE',  ( -1.000000000000000000, 0.000000000000000000, 0.000000000000000000 ) ) ;
#1245 = VERTEX_POINT ( 'NONE', #1062 ) ;
#1246 = ORIENTED_EDGE ( 'NONE', *, *, #2352, .T. ) ;
#1247 = APPROVAL_PERSON_ORGANIZATION ( #1593, #1930, #536 ) ;
#1248 = ORIENTED_EDGE ( 'NONE', *, *, #703, .F. ) ;
#1249 = ORIENTED_EDGE ( 'NONE', *, *, #2586, .T. ) ;
#1250 = DIRECTION ( 'NONE',  ( 0.000000000000000000, 0.000000000000000000, 1.000000000000000000 ) ) ;
#1251 = CARTESIAN_POINT ( 'NONE',  ( -295.8999999999999773, 188.0000000000000000, -6.000000000000000000 ) ) ;
#1252 = VERTEX_POINT ( 'NONE', #1728 ) ;
#1253 = DIRECTION ( 'NONE',  ( 0.000000000000000000, 0.000000000000000000, -1.000000000000000000 ) ) ;
#1254 = DIRECTION ( 'NONE',  ( 0.000000000000000000, 0.000000000000000000, 1.000000000000000000 ) ) ;
#1255 = ORIENTED_EDGE ( 'NONE', *, *, #2449, .F. ) ;
#1256 = ORIENTED_EDGE ( 'NONE', *, *, #327, .T. ) ;
#1257 = VECTOR ( 'NONE', #1244, 1000.000000000000000 ) ;
#1258 = VERTEX_POINT ( 'NONE', #2549 ) ;
#1259 = VERTEX_POINT ( 'NONE', #1904 ) ;
#1260 = EDGE_CURVE ( 'NONE', #108, #2145, #2531, .T. ) ;
#1261 = DIRECTION ( 'NONE',  ( 1.000000000000000000, 0.000000000000000000, 0.000000000000000000 ) ) ;
#1262 = DIRECTION ( 'NONE',  ( 0.000000000000000000, 0.000000000000000000, -1.000000000000000000 ) ) ;
#1263 = LINE ( 'NONE', #2135, #500 ) ;
#1264 = DIRECTION ( 'NONE',  ( -1.000000000000000000, 0.000000000000000000, 0.000000000000000000 ) ) ;
#1265 = DIRECTION ( 'NONE',  ( 1.000000000000000000, 0.000000000000000000, 0.000000000000000000 ) ) ;
#1266 = EDGE_CURVE ( 'NONE', #1393, #170, #518, .T. ) ;
#1267 = DIRECTION ( 'NONE',  ( -1.000000000000000000, 0.000000000000000000, 0.000000000000000000 ) ) ;
#1268 = EDGE_LOOP ( 'NONE', ( #1661, #321 ) ) ;
#1269 = ORIENTED_EDGE ( 'NONE', *, *, #65, .T. ) ;
#1270 = CIRCLE ( 'NONE', #189, 2.750000000000000000 ) ;
#1271 = DIRECTION ( 'NONE',  ( 1.000000000000000000, 0.000000000000000000, 0.000000000000000000 ) ) ;
#1272 = AXIS2_PLACEMENT_3D ( 'NONE', #1148, #934, #1978 ) ;
#1273 = DIRECTION ( 'NONE',  ( 1.000000000000000000, 0.000000000000000000, 0.000000000000000000 ) ) ;
#1274 = AXIS2_PLACEMENT_3D ( 'NONE', #2157, #225, #1085 ) ;
#1275 = FACE_OUTER_BOUND ( 'NONE', #1781, .T. ) ;
#1276 = FACE_OUTER_BOUND ( 'NONE', #1480, .T. ) ;
#1277 = AXIS2_PLACEMENT_3D ( 'NONE', #900, #100, #530 ) ;
#1278 = CIRCLE ( 'NONE', #2362, 1.399999999999998579 ) ;
#1279 = DIRECTION ( 'NONE',  ( 0.000000000000000000, 0.000000000000000000, 1.000000000000000000 ) ) ;
#1280 = CIRCLE ( 'NONE', #1149, 1.399999999999998579 ) ;
#1281 = CIRCLE ( 'NONE', #76, 2.749999999999999112 ) ;
#1282 = CYLINDRICAL_SURFACE ( 'NONE', #1583, 1.399999999999998579 ) ;
#1283 = ORIENTED_EDGE ( 'NONE', *, *, #1999, .T. ) ;
#1284 = APPROVAL_PERSON_ORGANIZATION ( #1133, #1647, #1814 ) ;
#1285 = VERTEX_POINT ( 'NONE', #1506 ) ;
#1286 = DIRECTION ( 'NONE',  ( 1.000000000000000000, 0.000000000000000000, 0.000000000000000000 ) ) ;
#1287 = CARTESIAN_POINT ( 'NONE',  ( -295.0000000000000000, 188.0000000000000000, -20.75000000000000000 ) ) ;
#1288 = FACE_BOUND ( 'NONE', #1468, .T. ) ;
#1289 = DIRECTION ( 'NONE',  ( 0.000000000000000000, 0.000000000000000000, 1.000000000000000000 ) ) ;
#1290 = DIRECTION ( 'NONE',  ( 0.000000000000000000, 0.000000000000000000, -1.000000000000000000 ) ) ;
#1291 = CARTESIAN_POINT ( 'NONE',  ( -295.0000000000000000, 188.0000000000000000, -18.00000000000000355 ) ) ;
#1292 = DIRECTION ( 'NONE',  ( -1.000000000000000000, 0.000000000000000000, -0.000000000000000000 ) ) ;
#1293 = ADVANCED_FACE ( 'NONE', ( #1295 ), #2563, .T. ) ;
#1294 = EDGE_LOOP ( 'NONE', ( #533, #1026 ) ) ;
#1295 = FACE_OUTER_BOUND ( 'NONE', #615, .T. ) ;
#1296 = EDGE_LOOP ( 'NONE', ( #2454, #2384, #597, #1921 ) ) ;
#1297 = ADVANCED_FACE ( 'NONE', ( #1531 ), #33, .T. ) ;
#1298 = ORIENTED_EDGE ( 'NONE', *, *, #1794, .F. ) ;
#1299 = CLOSED_SHELL ( 'NONE', ( #2045, #429, #766, #569, #2319, #2017, #553 ) ) ;
#1300 = DIRECTION ( 'NONE',  ( -0.000000000000000000, 0.000000000000000000, 1.000000000000000000 ) ) ;
#1301 = CIRCLE ( 'NONE', #1655, 1.399999999999998579 ) ;
#1302 = EDGE_CURVE ( 'NONE', #558, #683, #639, .T. ) ;
#1303 = DIRECTION ( 'NONE',  ( 1.000000000000000000, -0.000000000000000000, -0.000000000000000000 ) ) ;
#1304 = CARTESIAN_POINT ( 'NONE',  ( 295.8999999999999773, 188.0000000000000000, -18.00000000000000355 ) ) ;
#1305 = DIRECTION ( 'NONE',  ( -1.000000000000000000, 0.000000000000000000, 0.000000000000000000 ) ) ;
#1306 = CARTESIAN_POINT ( 'NONE',  ( -295.0000000000000000, 188.0000000000000000, -3.250000000000000444 ) ) ;
#1307 = EDGE_CURVE ( 'NONE', #558, #1102, #1235, .T. ) ;
#1308 = CARTESIAN_POINT ( 'NONE',  ( -295.0000000000000000, -188.0000000000000000, -6.000000000000000000 ) ) ;
#1309 = EDGE_LOOP ( 'NONE', ( #765, #2648 ) ) ;
#1310 = CARTESIAN_POINT ( 'NONE',  ( 288.1000000000000227, 200.0000000000000000, -19.40000000000000213 ) ) ;
#1311 = ADVANCED_FACE ( 'NONE', ( #2354 ), #1282, .T. ) ;
#1312 = ORIENTED_EDGE ( 'NONE', *, *, #1307, .T. ) ;
#1313 = ORIENTED_EDGE ( 'NONE', *, *, #2303, .F. ) ;
#1314 = CARTESIAN_POINT ( 'NONE',  ( -295.0000000000000000, -188.0000000000000000, -20.75000000000000000 ) ) ;
#1315 = CARTESIAN_POINT ( 'NONE',  ( 288.1000000000000227, 200.0000000000000000, -7.400000000000000355 ) ) ;
#1316 = CYLINDRICAL_SURFACE ( 'NONE', #808, 1.400000000000000133 ) ;
#1317 = ADVANCED_FACE ( 'NONE', ( #2370 ), #2184, .T. ) ;
#1318 = CIRCLE ( 'NONE', #692, 2.750000000000000888 ) ;
#1319 = CARTESIAN_POINT ( 'NONE',  ( -295.0000000000000000, -188.0000000000000000, -18.00000000000000355 ) ) ;
#1320 = CARTESIAN_POINT ( 'NONE',  ( -288.1000000000000227, -188.0000000000000000, -6.000000000000000000 ) ) ;
#1321 = CIRCLE ( 'NONE', #2266, 1.399999999999998579 ) ;
#1322 = DIRECTION ( 'NONE',  ( 1.000000000000000000, -0.000000000000000000, -0.000000000000000000 ) ) ;
#1323 = CIRCLE ( 'NONE', #115, 1.400000000000000133 ) ;
#1324 = ORIENTED_EDGE ( 'NONE', *, *, #727, .F. ) ;
#1325 = DIRECTION ( 'NONE',  ( 0.000000000000000000, 0.000000000000000000, 1.000000000000000000 ) ) ;
#1326 = ORIENTED_EDGE ( 'NONE', *, *, #1766, .F. ) ;
#1327 = VERTEX_POINT ( 'NONE', #1932 ) ;
#1328 = AXIS2_PLACEMENT_3D ( 'NONE', #2447, #2049, #1166 ) ;
#1329 = FACE_OUTER_BOUND ( 'NONE', #813, .T. ) ;
#1330 = AXIS2_PLACEMENT_3D ( 'NONE', #2265, #350, #1198 ) ;
#1331 = DIRECTION ( 'NONE',  ( -0.000000000000000000, 0.000000000000000000, -1.000000000000000000 ) ) ;
#1332 = EDGE_CURVE ( 'NONE', #2462, #2211, #64, .T. ) ;
#1333 = PLANE ( 'NONE',  #2338 ) ;
#1334 = DIRECTION ( 'NONE',  ( -1.000000000000000000, -0.000000000000000000, -0.000000000000000000 ) ) ;
#1335 = DIRECTION ( 'NONE',  ( 0.000000000000000000, 0.000000000000000000, -1.000000000000000000 ) ) ;
#1336 = DIRECTION ( 'NONE',  ( 1.000000000000000000, 0.000000000000000000, 0.000000000000000000 ) ) ;
#1337 = EDGE_CURVE ( 'NONE', #1437, #1876, #2578, .T. ) ;
#1338 = ORIENTED_EDGE ( 'NONE', *, *, #1925, .T. ) ;
#1339 = CARTESIAN_POINT ( 'NONE',  ( -288.1000000000000227, 188.0000000000000000, -16.60000000000000497 ) ) ;
#1340 = ORIENTED_EDGE ( 'NONE', *, *, #2194, .T. ) ;
#1341 = VERTEX_POINT ( 'NONE', #912 ) ;
#1342 = CARTESIAN_POINT ( 'NONE',  ( 295.0000000000000000, 200.0000000000000000, -18.00000000000000355 ) ) ;
#1343 = DIRECTION ( 'NONE',  ( 1.000000000000000000, 0.000000000000000000, 0.000000000000000000 ) ) ;
#1344 = AXIS2_PLACEMENT_3D ( 'NONE', #1304, #177, #2162 ) ;
#1345 = EDGE_CURVE ( 'NONE', #1596, #2052, #1365, .T. ) ;
#1346 = DIRECTION ( 'NONE',  ( 0.000000000000000000, 0.000000000000000000, 1.000000000000000000 ) ) ;
#1347 = CIRCLE ( 'NONE', #986, 2.749999999999999112 ) ;
#1348 = CALENDAR_DATE ( 2026, 29, 8 ) ;
#1349 = FACE_OUTER_BOUND ( 'NONE', #1379, .T. ) ;
#1350 = CARTESIAN_POINT ( 'NONE',  ( 288.1000000000000227, 200.0000000000000000, -19.40000000000000213 ) ) ;
#1351 = EDGE_CURVE ( 'NONE', #1961, #978, #609, .T. ) ;
#1352 = FACE_OUTER_BOUND ( 'NONE', #1892, .T. ) ;
#1353 = AXIS2_PLACEMENT_3D ( 'NONE', #2477, #2048, #1625 ) ;
#1354 = EDGE_CURVE ( 'NONE', #2022, #394, #1097, .T. ) ;
#1355 = LINE ( 'NONE', #542, #736 ) ;
#1356 = ORIENTED_EDGE ( 'NONE', *, *, #2687, .F. ) ;
#1357 = EDGE_LOOP ( 'NONE', ( #2264, #1657 ) ) ;
#1358 = DIRECTION ( 'NONE',  ( -1.000000000000000000, 0.000000000000000000, 0.000000000000000000 ) ) ;
#1359 = DIRECTION ( 'NONE',  ( 0.000000000000000000, 0.000000000000000000, 1.000000000000000000 ) ) ;
#1360 = EDGE_LOOP ( 'NONE', ( #79, #1792, #995, #464 ) ) ;
#1361 = CARTESIAN_POINT ( 'NONE',  ( -295.0000000000000000, 200.0000000000000000, -7.400000000000000355 ) ) ;
#1362 = AXIS2_PLACEMENT_3D ( 'NONE', #589, #2487, #1640 ) ;
#1363 = CARTESIAN_POINT ( 'NONE',  ( 295.8999999999999773, 188.0000000000000000, -20.75000000000000000 ) ) ;
#1364 = CIRCLE ( 'NONE', #1716, 2.750000000000000000 ) ;
#1365 = CIRCLE ( 'NONE', #1543, 2.750000000000000000 ) ;
#1366 = DIRECTION ( 'NONE',  ( 0.000000000000000000, 0.000000000000000000, 1.000000000000000000 ) ) ;
#1367 = DIRECTION ( 'NONE',  ( -1.000000000000000000, 0.000000000000000000, 0.000000000000000000 ) ) ;
#1368 = ORIENTED_EDGE ( 'NONE', *, *, #2618, .F. ) ;
#1369 = VECTOR ( 'NONE', #1183, 1000.000000000000000 ) ;
#1370 = EDGE_LOOP ( 'NONE', ( #2709, #2018, #307, #2077 ) ) ;
#1371 = FACE_OUTER_BOUND ( 'NONE', #2527, .T. ) ;
#1372 = CYLINDRICAL_SURFACE ( 'NONE', #1411, 2.750000000000000888 ) ;
#1373 = AXIS2_PLACEMENT_3D ( 'NONE', #866, #907, #205 ) ;
#1374 = EDGE_LOOP ( 'NONE', ( #1768, #2344, #355, #545 ) ) ;
#1375 = DIRECTION ( 'NONE',  ( 0.000000000000000000, 0.000000000000000000, -1.000000000000000000 ) ) ;
#1376 = CARTESIAN_POINT ( 'NONE',  ( 295.0000000000000000, -200.0000000000000000, -4.599999999999999645 ) ) ;
#1377 = DIRECTION ( 'NONE',  ( 1.000000000000000000, 0.000000000000000000, 0.000000000000000000 ) ) ;
#1378 = CARTESIAN_POINT ( 'NONE',  ( -295.0000000000000000, 188.0000000000000000, -19.40000000000000213 ) ) ;
#1379 = EDGE_LOOP ( 'NONE', ( #72, #1687, #1035, #2468 ) ) ;
#1380 = ORIENTED_EDGE ( 'NONE', *, *, #1094, .F. ) ;
#1381 = CARTESIAN_POINT ( 'NONE',  ( -288.1000000000000227, 200.0000000000000000, -18.00000000000000355 ) ) ;
#1382 = COORDINATED_UNIVERSAL_TIME_OFFSET ( 8, 0, .AHEAD. ) ;
#1383 = CARTESIAN_POINT ( 'NONE',  ( -295.8999999999999773, 200.0000000000000000, -18.00000000000000355 ) ) ;
#1384 = EDGE_CURVE ( 'NONE', #1327, #899, #2492, .T. ) ;
#1385 = VERTEX_POINT ( 'NONE', #2465 ) ;
#1386 = DIRECTION ( 'NONE',  ( -1.000000000000000000, 0.000000000000000000, 0.000000000000000000 ) ) ;
#1387 = ORIENTED_EDGE ( 'NONE', *, *, #815, .F. ) ;
#1388 = CIRCLE ( 'NONE', #1432, 2.750000000000000888 ) ;
#1389 = DIRECTION ( 'NONE',  ( 0.000000000000000000, 0.000000000000000000, 1.000000000000000000 ) ) ;
#1390 = CC_DESIGN_DATE_AND_TIME_ASSIGNMENT ( #1796, #2663, ( #2091 ) ) ;
#1391 = FACE_OUTER_BOUND ( 'NONE', #540, .T. ) ;
#1392 = FACE_OUTER_BOUND ( 'NONE', #756, .T. ) ;
#1393 = VERTEX_POINT ( 'NONE', #2435 ) ;
#1394 = ORIENTED_EDGE ( 'NONE', *, *, #2175, .F. ) ;
#1395 = EDGE_CURVE ( 'NONE', #492, #1887, #1355, .T. ) ;
#1396 = FACE_BOUND ( 'NONE', #2046, .T. ) ;
#1397 = APPROVAL_STATUS ( 'not_yet_approved' ) ;
#1398 = DIRECTION ( 'NONE',  ( -1.000000000000000000, 0.000000000000000000, 0.000000000000000000 ) ) ;
#1399 = ORIENTED_EDGE ( 'NONE', *, *, #1094, .T. ) ;
#1400 = CARTESIAN_POINT ( 'NONE',  ( 288.1000000000000227, 200.0000000000000000, -16.60000000000000497 ) ) ;
#1401 = CYLINDRICAL_SURFACE ( 'NONE', #317, 2.749999999999999112 ) ;
#1402 = DIRECTION ( 'NONE',  ( 0.000000000000000000, 0.000000000000000000, 1.000000000000000000 ) ) ;
#1403 = AXIS2_PLACEMENT_3D ( 'NONE', #439, #2569, #644 ) ;
#1404 = DIRECTION ( 'NONE',  ( 0.000000000000000000, 0.000000000000000000, 1.000000000000000000 ) ) ;
#1405 = PLANE ( 'NONE',  #2471 ) ;
#1406 = ORIENTED_EDGE ( 'NONE', *, *, #886, .T. ) ;
#1407 = ORIENTED_EDGE ( 'NONE', *, *, #637, .T. ) ;
#1408 = CIRCLE ( 'NONE', #2491, 1.399999999999998579 ) ;
#1409 = CIRCLE ( 'NONE', #1458, 2.749999999999999112 ) ;
#1410 = DIRECTION ( 'NONE',  ( 0.000000000000000000, 0.000000000000000000, -1.000000000000000000 ) ) ;
#1411 = AXIS2_PLACEMENT_3D ( 'NONE', #1610, #2246, #311 ) ;
#1412 = CARTESIAN_POINT ( 'NONE',  ( 295.8999999999999773, -200.0000000000000000, -20.75000000000000000 ) ) ;
#1413 = EDGE_CURVE ( 'NONE', #2270, #1259, #2177, .T. ) ;
#1414 = CIRCLE ( 'NONE', #116, 2.749999999999999112 ) ;
#1415 = EDGE_LOOP ( 'NONE', ( #1135, #889 ) ) ;
#1416 = PLANE ( 'NONE',  #646 ) ;
#1417 = ORIENTED_EDGE ( 'NONE', *, *, #802, .F. ) ;
#1418 = CIRCLE ( 'NONE', #202, 1.400000000000000133 ) ;
#1419 = CARTESIAN_POINT ( 'NONE',  ( 288.1000000000000227, 188.0000000000000000, -18.00000000000000355 ) ) ;
#1420 = EDGE_CURVE ( 'NONE', #1605, #681, #1587, .T. ) ;
#1421 = DIRECTION ( 'NONE',  ( 0.000000000000000000, 0.000000000000000000, 1.000000000000000000 ) ) ;
#1422 = EDGE_CURVE ( 'NONE', #78, #1430, #2173, .T. ) ;
#1423 = DIRECTION ( 'NONE',  ( -0.000000000000000000, 0.000000000000000000, -1.000000000000000000 ) ) ;
#1424 = EDGE_LOOP ( 'NONE', ( #227, #2475, #552, #1380 ) ) ;
#1425 = ORIENTED_EDGE ( 'NONE', *, *, #1806, .T. ) ;
#1426 = CARTESIAN_POINT ( 'NONE',  ( 295.0000000000000000, 188.0000000000000000, -18.00000000000000355 ) ) ;
#1427 = DIRECTION ( 'NONE',  ( -1.000000000000000000, 0.000000000000000000, 0.000000000000000000 ) ) ;
#1428 = EDGE_CURVE ( 'NONE', #1258, #2703, #21, .T. ) ;
#1429 = CARTESIAN_POINT ( 'NONE',  ( 295.8999999999999773, 188.0000000000000000, -6.000000000000000000 ) ) ;
#1430 = VERTEX_POINT ( 'NONE', #1168 ) ;
#1431 = CARTESIAN_POINT ( 'NONE',  ( -295.0000000000000000, -188.0000000000000000, -18.00000000000000355 ) ) ;
#1432 = AXIS2_PLACEMENT_3D ( 'NONE', #665, #2326, #1722 ) ;
#1433 = DIRECTION ( 'NONE',  ( 0.000000000000000000, 0.000000000000000000, -1.000000000000000000 ) ) ;
#1434 = VECTOR ( 'NONE', #2001, 1000.000000000000000 ) ;
#1435 = LINE ( 'NONE', #1306, #1257 ) ;
#1436 = ORIENTED_EDGE ( 'NONE', *, *, #1307, .F. ) ;
#1437 = VERTEX_POINT ( 'NONE', #2411 ) ;
#1438 = ADVANCED_FACE ( 'NONE', ( #1749 ), #2224, .T. ) ;
#1439 = CARTESIAN_POINT ( 'NONE',  ( 288.1000000000000227, 200.0000000000000000, -7.400000000000000355 ) ) ;
#1440 = CARTESIAN_POINT ( 'NONE',  ( 295.0000000000000000, -200.0000000000000000, -8.750000000000000000 ) ) ;
#1441 = DIRECTION ( 'NONE',  ( 0.000000000000000000, 0.000000000000000000, 1.000000000000000000 ) ) ;
#1442 = PRODUCT_DEFINITION ( '�', '', #576, #2112 ) ;
#1443 = ORIENTED_EDGE ( 'NONE', *, *, #110, .T. ) ;
#1444 = DIRECTION ( 'NONE',  ( 0.000000000000000000, 0.000000000000000000, 1.000000000000000000 ) ) ;
#1445 = CARTESIAN_POINT ( 'NONE',  ( 288.1000000000000227, 200.0000000000000000, -6.000000000000000000 ) ) ;
#1446 = CIRCLE ( 'NONE', #104, 1.400000000000000133 ) ;
#1447 = DIRECTION ( 'NONE',  ( 0.000000000000000000, 0.000000000000000000, 1.000000000000000000 ) ) ;
#1448 = ADVANCED_FACE ( 'NONE', ( #47 ), #695, .T. ) ;
#1449 = VERTEX_POINT ( 'NONE', #1807 ) ;
#1450 = ORIENTED_EDGE ( 'NONE', *, *, #1345, .F. ) ;
#1451 = VECTOR ( 'NONE', #215, 1000.000000000000000 ) ;
#1452 = ORIENTED_EDGE ( 'NONE', *, *, #1354, .F. ) ;
#1453 = AXIS2_PLACEMENT_3D ( 'NONE', #1923, #863, #1472 ) ;
#1454 = EDGE_LOOP ( 'NONE', ( #1417, #1670, #822, #1368 ) ) ;
#1455 = AXIS2_PLACEMENT_3D ( 'NONE', #1853, #586, #735 ) ;
#1456 = CARTESIAN_POINT ( 'NONE',  ( 288.1000000000000227, -200.0000000000000000, -6.000000000000000000 ) ) ;
#1457 = CARTESIAN_POINT ( 'NONE',  ( 295.0000000000000000, -200.0000000000000000, -19.40000000000000213 ) ) ;
#1458 = AXIS2_PLACEMENT_3D ( 'NONE', #571, #762, #1616 ) ;
#1459 = ORIENTED_EDGE ( 'NONE', *, *, #1909, .F. ) ;
#1460 = CARTESIAN_POINT ( 'NONE',  ( 288.1000000000000227, -188.0000000000000000, -4.599999999999999645 ) ) ;
#1461 = AXIS2_PLACEMENT_3D ( 'NONE', #1854, #1236, #2706 ) ;
#1462 = VECTOR ( 'NONE', #443, 1000.000000000000000 ) ;
#1463 = DIRECTION ( 'NONE',  ( 1.000000000000000000, 0.000000000000000000, 0.000000000000000000 ) ) ;
#1464 = AXIS2_PLACEMENT_3D ( 'NONE', #1179, #967, #1402 ) ;
#1465 = FACE_OUTER_BOUND ( 'NONE', #513, .T. ) ;
#1466 = EDGE_CURVE ( 'NONE', #337, #1172, #502, .T. ) ;
#1467 = EDGE_LOOP ( 'NONE', ( #121, #1450 ) ) ;
#1468 = EDGE_LOOP ( 'NONE', ( #2605, #2099 ) ) ;
#1469 = VERTEX_POINT ( 'NONE', #2673 ) ;
#1470 = ORIENTED_EDGE ( 'NONE', *, *, #1673, .F. ) ;
#1471 = LINE ( 'NONE', #588, #1636 ) ;
#1472 = DIRECTION ( 'NONE',  ( 0.000000000000000000, 0.000000000000000000, 1.000000000000000000 ) ) ;
#1473 = DIRECTION ( 'NONE',  ( -0.000000000000000000, 0.000000000000000000, -1.000000000000000000 ) ) ;
#1474 = ADVANCED_FACE ( 'NONE', ( #1391 ), #1972, .T. ) ;
#1475 = CARTESIAN_POINT ( 'NONE',  ( 288.1000000000000227, -188.0000000000000000, -19.40000000000000213 ) ) ;
#1476 = DIRECTION ( 'NONE',  ( -1.000000000000000000, 0.000000000000000000, 0.000000000000000000 ) ) ;
#1477 = AXIS2_PLACEMENT_3D ( 'NONE', #988, #1617, #2480 ) ;
#1478 = CARTESIAN_POINT ( 'NONE',  ( -295.8999999999999773, 200.0000000000000000, -6.000000000000000000 ) ) ;
#1479 = EDGE_LOOP ( 'NONE', ( #182, #1838, #2328, #1356 ) ) ;
#1480 = EDGE_LOOP ( 'NONE', ( #1509, #1481 ) ) ;
#1481 = ORIENTED_EDGE ( 'NONE', *, *, #1413, .F. ) ;
#1482 = ADVANCED_FACE ( 'NONE', ( #1559 ), #1990, .T. ) ;
#1483 = CARTESIAN_POINT ( 'NONE',  ( -288.1000000000000227, 188.0000000000000000, -19.40000000000000213 ) ) ;
#1484 = FACE_OUTER_BOUND ( 'NONE', #1296, .T. ) ;
#1485 = CARTESIAN_POINT ( 'NONE',  ( 295.0000000000000000, -188.0000000000000000, -3.250000000000000444 ) ) ;
#1486 = DIRECTION ( 'NONE',  ( 1.000000000000000000, 0.000000000000000000, 0.000000000000000000 ) ) ;
#1487 = EDGE_CURVE ( 'NONE', #2577, #1393, #303, .T. ) ;
#1488 = PLANE ( 'NONE',  #1010 ) ;
#1489 = DIRECTION ( 'NONE',  ( 1.000000000000000000, 0.000000000000000000, 0.000000000000000000 ) ) ;
#1490 = ORIENTED_EDGE ( 'NONE', *, *, #41, .T. ) ;
#1491 = ORIENTED_EDGE ( 'NONE', *, *, #1988, .T. ) ;
#1492 = ORIENTED_EDGE ( 'NONE', *, *, #24, .F. ) ;
#1493 = DIRECTION ( 'NONE',  ( -1.000000000000000000, 0.000000000000000000, 0.000000000000000000 ) ) ;
#1494 = LINE ( 'NONE', #1287, #1980 ) ;
#1495 = CIRCLE ( 'NONE', #911, 1.399999999999998579 ) ;
#1496 = FACE_OUTER_BOUND ( 'NONE', #160, .T. ) ;
#1497 = DIRECTION ( 'NONE',  ( 0.000000000000000000, 0.000000000000000000, 1.000000000000000000 ) ) ;
#1498 = EDGE_CURVE ( 'NONE', #82, #2022, #775, .T. ) ;
#1499 = CIRCLE ( 'NONE', #293, 2.750000000000000888 ) ;
#1500 = CIRCLE ( 'NONE', #962, 1.400000000000000133 ) ;
#1501 = DIRECTION ( 'NONE',  ( 0.000000000000000000, 0.000000000000000000, -1.000000000000000000 ) ) ;
#1502 = LINE ( 'NONE', #1982, #1143 ) ;
#1503 = EDGE_LOOP ( 'NONE', ( #172, #861 ) ) ;
#1504 = ADVANCED_FACE ( 'NONE', ( #142 ), #582, .T. ) ;
#1505 = AXIS2_PLACEMENT_3D ( 'NONE', #759, #554, #1389 ) ;
#1506 = CARTESIAN_POINT ( 'NONE',  ( -295.8999999999999773, -188.0000000000000000, -15.25000000000000355 ) ) ;
#1507 = ORIENTED_EDGE ( 'NONE', *, *, #2692, .F. ) ;
#1508 = CC_DESIGN_APPROVAL ( #1930, ( #2091 ) ) ;
#1509 = ORIENTED_EDGE ( 'NONE', *, *, #2665, .F. ) ;
#1510 = DIRECTION ( 'NONE',  ( -1.000000000000000000, 0.000000000000000000, 0.000000000000000000 ) ) ;
#1511 = DIRECTION ( 'NONE',  ( -1.000000000000000000, 0.000000000000000000, -0.000000000000000000 ) ) ;
#1512 = DIRECTION ( 'NONE',  ( 0.000000000000000000, 0.000000000000000000, 1.000000000000000000 ) ) ;
#1513 = CARTESIAN_POINT ( 'NONE',  ( 295.8999999999999773, 188.0000000000000000, -18.00000000000000355 ) ) ;
#1514 = CARTESIAN_POINT ( 'NONE',  ( 288.1000000000000227, 188.0000000000000000, -6.000000000000000000 ) ) ;
#1515 = CARTESIAN_POINT ( 'NONE',  ( 288.1000000000000227, 200.0000000000000000, -18.00000000000000355 ) ) ;
#1516 = ADVANCED_FACE ( 'NONE', ( #1654 ), #2268, .T. ) ;
#1517 = DIRECTION ( 'NONE',  ( -1.000000000000000000, 0.000000000000000000, -0.000000000000000000 ) ) ;
#1518 = VERTEX_POINT ( 'NONE', #1667 ) ;
#1519 = DIRECTION ( 'NONE',  ( 0.000000000000000000, 0.000000000000000000, 1.000000000000000000 ) ) ;
#1520 = ORIENTED_EDGE ( 'NONE', *, *, #391, .F. ) ;
#1521 = EDGE_CURVE ( 'NONE', #108, #112, #335, .T. ) ;
#1522 = ORIENTED_EDGE ( 'NONE', *, *, #2586, .F. ) ;
#1523 = LINE ( 'NONE', #245, #1680 ) ;
#1524 = VECTOR ( 'NONE', #688, 1000.000000000000000 ) ;
#1525 = DIRECTION ( 'NONE',  ( -0.000000000000000000, 0.000000000000000000, 1.000000000000000000 ) ) ;
#1526 = PLANE ( 'NONE',  #220 ) ;
#1527 = CARTESIAN_POINT ( 'NONE',  ( -295.0000000000000000, -188.0000000000000000, -18.00000000000000355 ) ) ;
#1528 = DIRECTION ( 'NONE',  ( -1.000000000000000000, 0.000000000000000000, 0.000000000000000000 ) ) ;
#1529 = DIRECTION ( 'NONE',  ( -1.000000000000000000, 0.000000000000000000, 0.000000000000000000 ) ) ;
#1530 = ORIENTED_EDGE ( 'NONE', *, *, #1925, .F. ) ;
#1531 = FACE_OUTER_BOUND ( 'NONE', #224, .T. ) ;
#1532 = EDGE_CURVE ( 'NONE', #2030, #1469, #1873, .T. ) ;
#1533 = EDGE_LOOP ( 'NONE', ( #2106, #1338, #1669, #1802 ) ) ;
#1534 = EDGE_LOOP ( 'NONE', ( #784, #627, #1001, #1767 ) ) ;
#1535 = CARTESIAN_POINT ( 'NONE',  ( -288.1000000000000227, 188.0000000000000000, -6.000000000000000000 ) ) ;
#1536 = DIRECTION ( 'NONE',  ( -1.000000000000000000, 0.000000000000000000, 0.000000000000000000 ) ) ;
#1537 = PLANE ( 'NONE',  #1077 ) ;
#1538 = AXIS2_PLACEMENT_3D ( 'NONE', #1937, #414, #1677 ) ;
#1539 = CARTESIAN_POINT ( 'NONE',  ( -295.0000000000000000, -200.0000000000000000, -3.250000000000000444 ) ) ;
#1540 = FACE_OUTER_BOUND ( 'NONE', #2675, .T. ) ;
#1541 = AXIS2_PLACEMENT_3D ( 'NONE', #2167, #1046, #419 ) ;
#1542 = DIRECTION ( 'NONE',  ( 0.000000000000000000, 0.000000000000000000, 1.000000000000000000 ) ) ;
#1543 = AXIS2_PLACEMENT_3D ( 'NONE', #1570, #85, #1764 ) ;
#1544 = CIRCLE ( 'NONE', #1898, 2.750000000000000888 ) ;
#1545 = VERTEX_POINT ( 'NONE', #1847 ) ;
#1546 = DIRECTION ( 'NONE',  ( 0.000000000000000000, 0.000000000000000000, 1.000000000000000000 ) ) ;
#1547 = ADVANCED_FACE ( 'NONE', ( #2517 ), #2251, .T. ) ;
#1548 = ORIENTED_EDGE ( 'NONE', *, *, #1783, .T. ) ;
#1549 = ORIENTED_EDGE ( 'NONE', *, *, #2756, .F. ) ;
#1550 = AXIS2_PLACEMENT_3D ( 'NONE', #2711, #1859, #788 ) ;
#1551 = DIRECTION ( 'NONE',  ( 0.000000000000000000, 0.000000000000000000, -1.000000000000000000 ) ) ;
#1552 =( GEOMETRIC_REPRESENTATION_CONTEXT ( 3 ) GLOBAL_UNCERTAINTY_ASSIGNED_CONTEXT ( ( #933 ) ) GLOBAL_UNIT_ASSIGNED_CONTEXT ( ( #2191, #1555, #2258 ) ) REPRESENTATION_CONTEXT ( 'NONE', 'WORKASPACE' ) );
#1553 = CARTESIAN_POINT ( 'NONE',  ( 295.0000000000000000, 200.0000000000000000, -20.75000000000000000 ) ) ;
#1554 = DIRECTION ( 'NONE',  ( -1.000000000000000000, 0.000000000000000000, 0.000000000000000000 ) ) ;
#1555 =( NAMED_UNIT ( * ) PLANE_ANGLE_UNIT ( ) SI_UNIT ( $, .RADIAN. ) );
#1556 = CARTESIAN_POINT ( 'NONE',  ( 295.8999999999999773, -200.0000000000000000, -18.00000000000000355 ) ) ;
#1557 = ADVANCED_FACE ( 'NONE', ( #168 ), #1629, .T. ) ;
#1558 = DIRECTION ( 'NONE',  ( 1.000000000000000000, 0.000000000000000000, -0.000000000000000000 ) ) ;
#1559 = FACE_OUTER_BOUND ( 'NONE', #320, .T. ) ;
#1560 = ORIENTED_EDGE ( 'NONE', *, *, #547, .T. ) ;
#1561 = VERTEX_POINT ( 'NONE', #1822 ) ;
#1562 = CYLINDRICAL_SURFACE ( 'NONE', #2488, 1.399999999999998579 ) ;
#1563 = AXIS2_PLACEMENT_3D ( 'NONE', #2238, #2035, #2021 ) ;
#1564 = APPROVAL_ROLE ( '' ) ;
#1565 = CARTESIAN_POINT ( 'NONE',  ( 288.1000000000000227, -188.0000000000000000, -18.00000000000000355 ) ) ;
#1566 = VERTEX_POINT ( 'NONE', #352 ) ;
#1567 = CARTESIAN_POINT ( 'NONE',  ( -295.0000000000000000, -200.0000000000000000, -6.000000000000000000 ) ) ;
#1568 = CLOSED_SHELL ( 'NONE', ( #1547, #117, #1438, #2678, #2009, #247, #592 ) ) ;
#1569 = DIRECTION ( 'NONE',  ( -1.000000000000000000, 0.000000000000000000, 0.000000000000000000 ) ) ;
#1570 = CARTESIAN_POINT ( 'NONE',  ( -295.0000000000000000, -188.0000000000000000, -6.000000000000000000 ) ) ;
#1571 = DIRECTION ( 'NONE',  ( 1.000000000000000000, 0.000000000000000000, 0.000000000000000000 ) ) ;
#1572 = ORIENTED_EDGE ( 'NONE', *, *, #2402, .T. ) ;
#1573 = ORIENTED_EDGE ( 'NONE', *, *, #917, .T. ) ;
#1574 = DIRECTION ( 'NONE',  ( -1.000000000000000000, 0.000000000000000000, 0.000000000000000000 ) ) ;
#1575 = PERSON_AND_ORGANIZATION_ROLE ( 'design_owner' ) ;
#1576 = DIRECTION ( 'NONE',  ( -1.000000000000000000, 0.000000000000000000, 0.000000000000000000 ) ) ;
#1577 = ORIENTED_EDGE ( 'NONE', *, *, #669, .F. ) ;
#1578 = DIRECTION ( 'NONE',  ( -1.000000000000000000, 0.000000000000000000, 0.000000000000000000 ) ) ;
#1579 = AXIS2_PLACEMENT_3D ( 'NONE', #2304, #1009, #798 ) ;
#1580 = ADVANCED_FACE ( 'NONE', ( #2506 ), #2309, .T. ) ;
#1581 = CYLINDRICAL_SURFACE ( 'NONE', #2758, 2.749999999999999112 ) ;
#1582 = AXIS2_PLACEMENT_3D ( 'NONE', #851, #634, #1089 ) ;
#1583 = AXIS2_PLACEMENT_3D ( 'NONE', #2141, #654, #1325 ) ;
#1584 = DIRECTION ( 'NONE',  ( 0.000000000000000000, 0.000000000000000000, -1.000000000000000000 ) ) ;
#1585 = CARTESIAN_POINT ( 'NONE',  ( 295.0000000000000000, 188.0000000000000000, -15.25000000000000355 ) ) ;
#1586 = ORIENTED_EDGE ( 'NONE', *, *, #2380, .F. ) ;
#1587 = CIRCLE ( 'NONE', #1762, 1.400000000000000133 ) ;
#1588 = VERTEX_POINT ( 'NONE', #2724 ) ;
#1589 = EDGE_CURVE ( 'NONE', #1845, #1231, #1409, .T. ) ;
#1590 = VECTOR ( 'NONE', #522, 1000.000000000000000 ) ;
#1591 = DIRECTION ( 'NONE',  ( 1.000000000000000000, 0.000000000000000000, 0.000000000000000000 ) ) ;
#1592 = AXIS2_PLACEMENT_3D ( 'NONE', #1742, #51, #904 ) ;
#1593 = PERSON_AND_ORGANIZATION ( #2408, #747 ) ;
#1594 = FACE_OUTER_BOUND ( 'NONE', #184, .T. ) ;
#1595 = AXIS2_PLACEMENT_3D ( 'NONE', #1846, #1013, #2324 ) ;
#1596 = VERTEX_POINT ( 'NONE', #999 ) ;
#1597 = CARTESIAN_POINT ( 'NONE',  ( -295.0000000000000000, 200.0000000000000000, -6.000000000000000000 ) ) ;
#1598 = ORIENTED_EDGE ( 'NONE', *, *, #1028, .T. ) ;
#1599 = DIRECTION ( 'NONE',  ( 0.000000000000000000, 0.000000000000000000, 1.000000000000000000 ) ) ;
#1600 = ADVANCED_FACE ( 'NONE', ( #2737 ), #555, .T. ) ;
#1601 = DIRECTION ( 'NONE',  ( -1.000000000000000000, 0.000000000000000000, -0.000000000000000000 ) ) ;
#1602 = PRODUCT_DEFINITION_SHAPE ( 'NONE', 'NONE',  #1442 ) ;
#1603 = DIRECTION ( 'NONE',  ( 0.000000000000000000, 0.000000000000000000, -1.000000000000000000 ) ) ;
#1604 = EDGE_CURVE ( 'NONE', #2343, #2158, #1201, .T. ) ;
#1605 = VERTEX_POINT ( 'NONE', #2283 ) ;
#1606 = ORIENTED_EDGE ( 'NONE', *, *, #2295, .T. ) ;
#1607 = EDGE_CURVE ( 'NONE', #1588, #550, #1941, .T. ) ;
#1608 = PLANE ( 'NONE',  #2314 ) ;
#1609 = DIRECTION ( 'NONE',  ( 0.000000000000000000, 0.000000000000000000, 1.000000000000000000 ) ) ;
#1610 = CARTESIAN_POINT ( 'NONE',  ( 295.0000000000000000, -188.0000000000000000, -6.000000000000000000 ) ) ;
#1611 = ORIENTED_EDGE ( 'NONE', *, *, #2469, .T. ) ;
#1612 = CARTESIAN_POINT ( 'NONE',  ( 288.1000000000000227, -200.0000000000000000, -6.000000000000000000 ) ) ;
#1613 = AXIS2_PLACEMENT_3D ( 'NONE', #1039, #8, #1512 ) ;
#1614 = DIRECTION ( 'NONE',  ( 0.000000000000000000, 0.000000000000000000, -1.000000000000000000 ) ) ;
#1615 = DIRECTION ( 'NONE',  ( 1.000000000000000000, 0.000000000000000000, 0.000000000000000000 ) ) ;
#1616 = DIRECTION ( 'NONE',  ( 0.000000000000000000, 0.000000000000000000, -1.000000000000000000 ) ) ;
#1617 = DIRECTION ( 'NONE',  ( -1.000000000000000000, 0.000000000000000000, 0.000000000000000000 ) ) ;
#1618 = EDGE_LOOP ( 'NONE', ( #629, #185 ) ) ;
#1619 = EDGE_LOOP ( 'NONE', ( #102, #2482 ) ) ;
#1620 = EDGE_CURVE ( 'NONE', #778, #1101, #786, .T. ) ;
#1621 = FACE_OUTER_BOUND ( 'NONE', #1203, .T. ) ;
#1622 = DIRECTION ( 'NONE',  ( 0.000000000000000000, 0.000000000000000000, -1.000000000000000000 ) ) ;
#1623 = ORIENTED_EDGE ( 'NONE', *, *, #449, .T. ) ;
#1624 = CARTESIAN_POINT ( 'NONE',  ( -295.0000000000000000, 188.0000000000000000, -18.00000000000000355 ) ) ;
#1625 = DIRECTION ( 'NONE',  ( 0.000000000000000000, 0.000000000000000000, -1.000000000000000000 ) ) ;
#1626 = ADVANCED_FACE ( 'NONE', ( #2296 ), #376, .T. ) ;
#1627 = DIRECTION ( 'NONE',  ( 0.000000000000000000, 0.000000000000000000, -1.000000000000000000 ) ) ;
#1628 = AXIS2_PLACEMENT_3D ( 'NONE', #2347, #1273, #203 ) ;
#1629 = CYLINDRICAL_SURFACE ( 'NONE', #67, 1.399999999999998579 ) ;
#1630 = DIRECTION ( 'NONE',  ( 0.000000000000000000, 0.000000000000000000, -1.000000000000000000 ) ) ;
#1631 = VERTEX_POINT ( 'NONE', #801 ) ;
#1632 = ORIENTED_EDGE ( 'NONE', *, *, #1673, .T. ) ;
#1633 = CIRCLE ( 'NONE', #2446, 1.400000000000000133 ) ;
#1634 = AXIS2_PLACEMENT_3D ( 'NONE', #2368, #207, #1059 ) ;
#1635 = DIRECTION ( 'NONE',  ( -0.000000000000000000, 0.000000000000000000, -1.000000000000000000 ) ) ;
#1636 = VECTOR ( 'NONE', #2759, 1000.000000000000000 ) ;
#1637 = ADVANCED_FACE ( 'NONE', ( #1349 ), #2124, .T. ) ;
#1638 = CARTESIAN_POINT ( 'NONE',  ( -295.0000000000000000, -200.0000000000000000, -16.60000000000000497 ) ) ;
#1639 = CIRCLE ( 'NONE', #1992, 2.750000000000000888 ) ;
#1640 = DIRECTION ( 'NONE',  ( 0.000000000000000000, 0.000000000000000000, -1.000000000000000000 ) ) ;
#1641 = EDGE_LOOP ( 'NONE', ( #2247, #2740, #1340, #1740 ) ) ;
#1642 = CARTESIAN_POINT ( 'NONE',  ( -295.8999999999999773, -188.0000000000000000, -6.000000000000000000 ) ) ;
#1643 = DIRECTION ( 'NONE',  ( -1.000000000000000000, 0.000000000000000000, 0.000000000000000000 ) ) ;
#1644 = DIRECTION ( 'NONE',  ( 0.000000000000000000, 0.000000000000000000, 1.000000000000000000 ) ) ;
#1645 = ORIENTED_EDGE ( 'NONE', *, *, #1521, .T. ) ;
#1646 = EDGE_LOOP ( 'NONE', ( #1623, #2536, #2249, #34 ) ) ;
#1647 = APPROVAL ( #2232, '未' ) ;
#1648 = DIRECTION ( 'NONE',  ( 0.000000000000000000, 0.000000000000000000, -1.000000000000000000 ) ) ;
#1649 = FACE_OUTER_BOUND ( 'NONE', #1839, .T. ) ;
#1650 = CARTESIAN_POINT ( 'NONE',  ( 295.0000000000000000, -188.0000000000000000, -3.250000000000000444 ) ) ;
#1651 = LINE ( 'NONE', #590, #2562 ) ;
#1652 = CARTESIAN_POINT ( 'NONE',  ( -295.0000000000000000, -188.0000000000000000, -18.00000000000000355 ) ) ;
#1653 = CLOSED_SHELL ( 'NONE', ( #2421, #1311, #1212, #974, #2207, #2255, #179 ) ) ;
#1654 = FACE_OUTER_BOUND ( 'NONE', #171, .T. ) ;
#1655 = AXIS2_PLACEMENT_3D ( 'NONE', #2453, #1571, #2436 ) ;
#1656 = CARTESIAN_POINT ( 'NONE',  ( 295.0000000000000000, -200.0000000000000000, -6.000000000000000000 ) ) ;
#1657 = ORIENTED_EDGE ( 'NONE', *, *, #565, .F. ) ;
#1658 = ORIENTED_EDGE ( 'NONE', *, *, #1337, .T. ) ;
#1659 = ORIENTED_EDGE ( 'NONE', *, *, #1200, .T. ) ;
#1660 = DIRECTION ( 'NONE',  ( 1.000000000000000000, 0.000000000000000000, 0.000000000000000000 ) ) ;
#1661 = ORIENTED_EDGE ( 'NONE', *, *, #1999, .F. ) ;
#1662 = DIRECTION ( 'NONE',  ( 0.000000000000000000, 0.000000000000000000, 1.000000000000000000 ) ) ;
#1663 = DIRECTION ( 'NONE',  ( 1.000000000000000000, 0.000000000000000000, 0.000000000000000000 ) ) ;
#1664 = ORIENTED_EDGE ( 'NONE', *, *, #1589, .T. ) ;
#1665 = CARTESIAN_POINT ( 'NONE',  ( -295.0000000000000000, -200.0000000000000000, -18.00000000000000355 ) ) ;
#1666 = ADVANCED_FACE ( 'NONE', ( #870 ), #2140, .T. ) ;
#1667 = CARTESIAN_POINT ( 'NONE',  ( 295.0000000000000000, 200.0000000000000000, -15.25000000000000355 ) ) ;
#1668 = CARTESIAN_POINT ( 'NONE',  ( 288.1000000000000227, -200.0000000000000000, -6.000000000000000000 ) ) ;
#1669 = ORIENTED_EDGE ( 'NONE', *, *, #2507, .T. ) ;
#1670 = ORIENTED_EDGE ( 'NONE', *, *, #1147, .T. ) ;
#1671 = CIRCLE ( 'NONE', #152, 1.399999999999998579 ) ;
#1672 = ORIENTED_EDGE ( 'NONE', *, *, #1988, .F. ) ;
#1673 = EDGE_CURVE ( 'NONE', #1217, #1849, #111, .T. ) ;
#1674 = ORIENTED_EDGE ( 'NONE', *, *, #1718, .F. ) ;
#1675 = VECTOR ( 'NONE', #2532, 1000.000000000000000 ) ;
#1676 = CARTESIAN_POINT ( 'NONE',  ( -295.0000000000000000, -188.0000000000000000, -3.250000000000000444 ) ) ;
#1677 = DIRECTION ( 'NONE',  ( 0.000000000000000000, 0.000000000000000000, -1.000000000000000000 ) ) ;
#1678 = DIRECTION ( 'NONE',  ( 1.000000000000000000, 0.000000000000000000, 0.000000000000000000 ) ) ;
#1679 = DIRECTION ( 'NONE',  ( -1.000000000000000000, 0.000000000000000000, 0.000000000000000000 ) ) ;
#1680 = VECTOR ( 'NONE', #862, 1000.000000000000000 ) ;
#1681 = CIRCLE ( 'NONE', #2631, 2.750000000000000888 ) ;
#1682 = DIRECTION ( 'NONE',  ( 0.000000000000000000, 0.000000000000000000, -1.000000000000000000 ) ) ;
#1683 = APPLICATION_CONTEXT ( 'configuration controlled 3d designs of mechanical parts and assemblies' ) ;
#1684 = CIRCLE ( 'NONE', #253, 2.750000000000000888 ) ;
#1685 = EDGE_LOOP ( 'NONE', ( #1857, #2008 ) ) ;
#1686 = CARTESIAN_POINT ( 'NONE',  ( 295.0000000000000000, -200.0000000000000000, -20.75000000000000000 ) ) ;
#1687 = ORIENTED_EDGE ( 'NONE', *, *, #2088, .T. ) ;
#1688 = EDGE_LOOP ( 'NONE', ( #435, #2444, #1611, #2327 ) ) ;
#1689 = ORIENTED_EDGE ( 'NONE', *, *, #2764, .F. ) ;
#1690 = DIRECTION ( 'NONE',  ( 1.000000000000000000, 0.000000000000000000, 0.000000000000000000 ) ) ;
#1691 = CARTESIAN_POINT ( 'NONE',  ( -295.8999999999999773, 200.0000000000000000, -15.25000000000000355 ) ) ;
#1692 = DIRECTION ( 'NONE',  ( -1.000000000000000000, 0.000000000000000000, -0.000000000000000000 ) ) ;
#1693 = CARTESIAN_POINT ( 'NONE',  ( -288.1000000000000227, 188.0000000000000000, -6.000000000000000000 ) ) ;
#1694 = CARTESIAN_POINT ( 'NONE',  ( -288.1000000000000227, -188.0000000000000000, -6.000000000000000000 ) ) ;
#1695 = AXIS2_PLACEMENT_3D ( 'NONE', #1733, #645, #25 ) ;
#1696 = AXIS2_PLACEMENT_3D ( 'NONE', #702, #87, #2269 ) ;
#1697 = DIRECTION ( 'NONE',  ( 0.000000000000000000, 0.000000000000000000, 1.000000000000000000 ) ) ;
#1698 = VERTEX_POINT ( 'NONE', #830 ) ;
#1699 = ORIENTED_EDGE ( 'NONE', *, *, #779, .T. ) ;
#1700 = EDGE_CURVE ( 'NONE', #2519, #1252, #828, .T. ) ;
#1701 = CYLINDRICAL_SURFACE ( 'NONE', #701, 1.400000000000000133 ) ;
#1702 = CYLINDRICAL_SURFACE ( 'NONE', #1453, 2.750000000000000000 ) ;
#1703 = CARTESIAN_POINT ( 'NONE',  ( -295.0000000000000000, -188.0000000000000000, -15.25000000000000355 ) ) ;
#1704 = EDGE_CURVE ( 'NONE', #2607, #394, #1502, .T. ) ;
#1705 = DIRECTION ( 'NONE',  ( 0.000000000000000000, 0.000000000000000000, -1.000000000000000000 ) ) ;
#1706 = ADVANCED_FACE ( 'NONE', ( #2379 ), #2546, .T. ) ;
#1707 = FACE_OUTER_BOUND ( 'NONE', #612, .T. ) ;
#1708 = DIRECTION ( 'NONE',  ( 1.000000000000000000, 0.000000000000000000, 0.000000000000000000 ) ) ;
#1709 = VERTEX_POINT ( 'NONE', #2561 ) ;
#1710 = CARTESIAN_POINT ( 'NONE',  ( 288.1000000000000227, 200.0000000000000000, -18.00000000000000355 ) ) ;
#1711 = ORIENTED_EDGE ( 'NONE', *, *, #2054, .F. ) ;
#1712 = EDGE_LOOP ( 'NONE', ( #2522, #2299, #491, #282 ) ) ;
#1713 = AXIS2_PLACEMENT_3D ( 'NONE', #1787, #525, #1375 ) ;
#1714 = EDGE_CURVE ( 'NONE', #2066, #2331, #1499, .T. ) ;
#1715 = DIRECTION ( 'NONE',  ( 0.000000000000000000, 0.000000000000000000, 1.000000000000000000 ) ) ;
#1716 = AXIS2_PLACEMENT_3D ( 'NONE', #292, #1358, #1795 ) ;
#1717 = CARTESIAN_POINT ( 'NONE',  ( 288.1000000000000227, 188.0000000000000000, -18.00000000000000355 ) ) ;
#1718 = EDGE_CURVE ( 'NONE', #2393, #524, #1852, .T. ) ;
#1719 = PLANE ( 'NONE',  #2059 ) ;
#1720 = CARTESIAN_POINT ( 'NONE',  ( 295.0000000000000000, 200.0000000000000000, -20.75000000000000000 ) ) ;
#1721 = CIRCLE ( 'NONE', #2450, 2.749999999999999112 ) ;
#1722 = DIRECTION ( 'NONE',  ( 0.000000000000000000, 0.000000000000000000, -1.000000000000000000 ) ) ;
#1723 = CYLINDRICAL_SURFACE ( 'NONE', #1192, 1.399999999999998579 ) ;
#1724 = CARTESIAN_POINT ( 'NONE',  ( 288.1000000000000227, -188.0000000000000000, -6.000000000000000000 ) ) ;
#1725 = ADVANCED_FACE ( 'NONE', ( #2340, #2153 ), #194, .T. ) ;
#1726 = AXIS2_PLACEMENT_3D ( 'NONE', #2236, #84, #928 ) ;
#1727 = ORIENTED_EDGE ( 'NONE', *, *, #2565, .T. ) ;
#1728 = CARTESIAN_POINT ( 'NONE',  ( 288.1000000000000227, -188.0000000000000000, -7.400000000000000355 ) ) ;
#1729 = EDGE_LOOP ( 'NONE', ( #546, #818, #1399, #2356 ) ) ;
#1730 = ORIENTED_EDGE ( 'NONE', *, *, #1487, .F. ) ;
#1731 = PLANE ( 'NONE',  #2629 ) ;
#1732 = CARTESIAN_POINT ( 'NONE',  ( -295.8999999999999773, -188.0000000000000000, -18.00000000000000355 ) ) ;
#1733 = CARTESIAN_POINT ( 'NONE',  ( 295.0000000000000000, 200.0000000000000000, -18.00000000000000355 ) ) ;
#1734 = DIRECTION ( 'NONE',  ( 0.000000000000000000, 0.000000000000000000, 1.000000000000000000 ) ) ;
#1735 = PLANE ( 'NONE',  #1171 ) ;
#1736 = CARTESIAN_POINT ( 'NONE',  ( -288.1000000000000227, 200.0000000000000000, -4.599999999999999645 ) ) ;
#1737 = ORIENTED_EDGE ( 'NONE', *, *, #1266, .T. ) ;
#1738 = DIRECTION ( 'NONE',  ( 1.000000000000000000, -0.000000000000000000, -0.000000000000000000 ) ) ;
#1739 = ORIENTED_EDGE ( 'NONE', *, *, #2345, .F. ) ;
#1740 = ORIENTED_EDGE ( 'NONE', *, *, #223, .T. ) ;
#1741 = CIRCLE ( 'NONE', #1613, 1.400000000000000133 ) ;
#1742 = CARTESIAN_POINT ( 'NONE',  ( 295.8999999999999773, -188.0000000000000000, -6.000000000000000000 ) ) ;
#1743 = DIRECTION ( 'NONE',  ( 1.000000000000000000, 0.000000000000000000, -0.000000000000000000 ) ) ;
#1744 = CARTESIAN_POINT ( 'NONE',  ( -295.8999999999999773, 188.0000000000000000, -18.00000000000000355 ) ) ;
#1745 = DIRECTION ( 'NONE',  ( 0.000000000000000000, 0.000000000000000000, -1.000000000000000000 ) ) ;
#1746 = DIRECTION ( 'NONE',  ( 0.000000000000000000, 0.000000000000000000, -1.000000000000000000 ) ) ;
#1747 = DIRECTION ( 'NONE',  ( 1.000000000000000000, 0.000000000000000000, 0.000000000000000000 ) ) ;
#1748 = ORIENTED_EDGE ( 'NONE', *, *, #191, .F. ) ;
#1749 = FACE_OUTER_BOUND ( 'NONE', #1294, .T. ) ;
#1750 = VERTEX_POINT ( 'NONE', #180 ) ;
#1751 = ADVANCED_FACE ( 'NONE', ( #2205 ), #1488, .T. ) ;
#1752 = VERTEX_POINT ( 'NONE', #2351 ) ;
#1753 = CARTESIAN_POINT ( 'NONE',  ( -288.1000000000000227, -200.0000000000000000, -7.400000000000000355 ) ) ;
#1754 = EDGE_CURVE ( 'NONE', #740, #1973, #458, .T. ) ;
#1755 = FACE_OUTER_BOUND ( 'NONE', #2550, .T. ) ;
#1756 = LINE ( 'NONE', #2639, #1524 ) ;
#1757 = AXIS2_PLACEMENT_3D ( 'NONE', #2202, #2426, #919 ) ;
#1758 = CARTESIAN_POINT ( 'NONE',  ( -288.1000000000000227, 200.0000000000000000, -16.60000000000000497 ) ) ;
#1759 = FACE_OUTER_BOUND ( 'NONE', #1793, .T. ) ;
#1760 = CC_DESIGN_DATE_AND_TIME_ASSIGNMENT ( #69, #521, ( #1442 ) ) ;
#1761 = FACE_OUTER_BOUND ( 'NONE', #1533, .T. ) ;
#1762 = AXIS2_PLACEMENT_3D ( 'NONE', #1960, #58, #2209 ) ;
#1763 = EDGE_CURVE ( 'NONE', #378, #1811, #2749, .T. ) ;
#1764 = DIRECTION ( 'NONE',  ( 0.000000000000000000, 0.000000000000000000, 1.000000000000000000 ) ) ;
#1765 = AXIS2_PLACEMENT_3D ( 'NONE', #2596, #1076, #36 ) ;
#1766 = EDGE_CURVE ( 'NONE', #2007, #2727, #1721, .T. ) ;
#1767 = ORIENTED_EDGE ( 'NONE', *, *, #417, .F. ) ;
#1768 = ORIENTED_EDGE ( 'NONE', *, *, #686, .F. ) ;
#1769 = CIRCLE ( 'NONE', #1947, 2.750000000000000000 ) ;
#1770 = CARTESIAN_POINT ( 'NONE',  ( 295.0000000000000000, -188.0000000000000000, -8.750000000000000000 ) ) ;
#1771 = CARTESIAN_POINT ( 'NONE',  ( -288.1000000000000227, 200.0000000000000000, -6.000000000000000000 ) ) ;
#1772 = CARTESIAN_POINT ( 'NONE',  ( -295.8999999999999773, -200.0000000000000000, -3.250000000000000444 ) ) ;
#1773 = DATE_AND_TIME ( #1348, #794 ) ;
#1774 = CARTESIAN_POINT ( 'NONE',  ( 295.0000000000000000, -188.0000000000000000, -15.25000000000000355 ) ) ;
#1775 = ORIENTED_EDGE ( 'NONE', *, *, #2434, .F. ) ;
#1776 = CARTESIAN_POINT ( 'NONE',  ( 288.1000000000000227, -200.0000000000000000, -18.00000000000000355 ) ) ;
#1777 = DIRECTION ( 'NONE',  ( 0.000000000000000000, 0.000000000000000000, 1.000000000000000000 ) ) ;
#1778 = DIRECTION ( 'NONE',  ( -0.000000000000000000, 0.000000000000000000, -1.000000000000000000 ) ) ;
#1779 = FACE_BOUND ( 'NONE', #835, .T. ) ;
#1780 = ORIENTED_EDGE ( 'NONE', *, *, #2608, .T. ) ;
#1781 = EDGE_LOOP ( 'NONE', ( #1888, #1043 ) ) ;
#1782 = DIRECTION ( 'NONE',  ( -1.000000000000000000, 0.000000000000000000, -0.000000000000000000 ) ) ;
#1783 = EDGE_CURVE ( 'NONE', #356, #1216, #1989, .T. ) ;
#1784 = AXIS2_PLACEMENT_3D ( 'NONE', #842, #1692, #2555 ) ;
#1785 = CARTESIAN_POINT ( 'NONE',  ( -295.0000000000000000, 200.0000000000000000, -20.75000000000000000 ) ) ;
#1786 = VERTEX_POINT ( 'NONE', #1929 ) ;
#1787 = CARTESIAN_POINT ( 'NONE',  ( -295.8999999999999773, 200.0000000000000000, -18.00000000000000355 ) ) ;
#1788 = CARTESIAN_POINT ( 'NONE',  ( -295.0000000000000000, 188.0000000000000000, -18.00000000000000355 ) ) ;
#1789 = EDGE_CURVE ( 'NONE', #1961, #2462, #14, .T. ) ;
#1790 = CARTESIAN_POINT ( 'NONE',  ( -295.0000000000000000, 200.0000000000000000, -18.00000000000000355 ) ) ;
#1791 = DIRECTION ( 'NONE',  ( -0.000000000000000000, 0.000000000000000000, -1.000000000000000000 ) ) ;
#1792 = ORIENTED_EDGE ( 'NONE', *, *, #2079, .T. ) ;
#1793 = EDGE_LOOP ( 'NONE', ( #2254, #243, #888, #956 ) ) ;
#1794 = EDGE_CURVE ( 'NONE', #2659, #2285, #2496, .T. ) ;
#1795 = DIRECTION ( 'NONE',  ( 0.000000000000000000, 0.000000000000000000, 1.000000000000000000 ) ) ;
#1796 = DATE_AND_TIME ( #93, #1950 ) ;
#1797 = LINE ( 'NONE', #994, #1100 ) ;
#1798 = AXIS2_PLACEMENT_3D ( 'NONE', #1025, #372, #2697 ) ;
#1799 = VERTEX_POINT ( 'NONE', #977 ) ;
#1800 = LINE ( 'NONE', #2206, #1434 ) ;
#1801 = EDGE_CURVE ( 'NONE', #1437, #899, #1797, .T. ) ;
#1802 = ORIENTED_EDGE ( 'NONE', *, *, #961, .F. ) ;
#1803 = DIRECTION ( 'NONE',  ( -1.000000000000000000, 0.000000000000000000, 0.000000000000000000 ) ) ;
#1804 = CIRCLE ( 'NONE', #239, 1.400000000000000133 ) ;
#1805 = AXIS2_PLACEMENT_3D ( 'NONE', #1948, #670, #834 ) ;
#1806 = EDGE_CURVE ( 'NONE', #1596, #903, #2026, .T. ) ;
#1807 = CARTESIAN_POINT ( 'NONE',  ( -295.0000000000000000, -188.0000000000000000, -16.60000000000000497 ) ) ;
#1808 = FACE_OUTER_BOUND ( 'NONE', #2182, .T. ) ;
#1809 = EDGE_LOOP ( 'NONE', ( #2750, #288, #1958, #777 ) ) ;
#1810 = AXIS2_PLACEMENT_3D ( 'NONE', #2451, #1113, #2196 ) ;
#1811 = VERTEX_POINT ( 'NONE', #344 ) ;
#1812 = VECTOR ( 'NONE', #1510, 1000.000000000000000 ) ;
#1813 = DIRECTION ( 'NONE',  ( 1.000000000000000000, 0.000000000000000000, -0.000000000000000000 ) ) ;
#1814 = APPROVAL_ROLE ( '' ) ;
#1815 = DIRECTION ( 'NONE',  ( 0.000000000000000000, 0.000000000000000000, 1.000000000000000000 ) ) ;
#1816 = CIRCLE ( 'NONE', #1901, 1.399999999999998579 ) ;
#1817 = ORIENTED_EDGE ( 'NONE', *, *, #2710, .F. ) ;
#1818 = DIRECTION ( 'NONE',  ( 0.000000000000000000, 0.000000000000000000, 1.000000000000000000 ) ) ;
#1819 = CARTESIAN_POINT ( 'NONE',  ( 288.1000000000000227, -188.0000000000000000, -19.40000000000000213 ) ) ;
#1820 = DIRECTION ( 'NONE',  ( 1.000000000000000000, -0.000000000000000000, -0.000000000000000000 ) ) ;
#1821 = ADVANCED_FACE ( 'NONE', ( #537 ), #94, .T. ) ;
#1822 = CARTESIAN_POINT ( 'NONE',  ( -295.0000000000000000, -200.0000000000000000, -19.40000000000000213 ) ) ;
#1823 = CARTESIAN_POINT ( 'NONE',  ( -288.1000000000000227, 188.0000000000000000, -16.60000000000000497 ) ) ;
#1824 = ORIENTED_EDGE ( 'NONE', *, *, #1487, .T. ) ;
#1825 = ORIENTED_EDGE ( 'NONE', *, *, #1345, .T. ) ;
#1826 = CARTESIAN_POINT ( 'NONE',  ( 288.1000000000000227, -188.0000000000000000, -6.000000000000000000 ) ) ;
#1827 = EDGE_CURVE ( 'NONE', #2381, #17, #124, .T. ) ;
#1828 = DIRECTION ( 'NONE',  ( -1.000000000000000000, 0.000000000000000000, 0.000000000000000000 ) ) ;
#1829 = ORIENTED_EDGE ( 'NONE', *, *, #1124, .F. ) ;
#1830 = DIRECTION ( 'NONE',  ( -1.000000000000000000, 0.000000000000000000, 0.000000000000000000 ) ) ;
#1831 = ORIENTED_EDGE ( 'NONE', *, *, #486, .T. ) ;
#1832 = AXIS2_PLACEMENT_3D ( 'NONE', #1108, #55, #2461 ) ;
#1833 = DIRECTION ( 'NONE',  ( -1.000000000000000000, 0.000000000000000000, 0.000000000000000000 ) ) ;
#1834 = AXIS2_PLACEMENT_3D ( 'NONE', #1514, #455, #2163 ) ;
#1835 = EDGE_CURVE ( 'NONE', #978, #2211, #768, .T. ) ;
#1836 = DIRECTION ( 'NONE',  ( -1.000000000000000000, 0.000000000000000000, 0.000000000000000000 ) ) ;
#1837 = FACE_BOUND ( 'NONE', #1685, .T. ) ;
#1838 = ORIENTED_EDGE ( 'NONE', *, *, #2769, .T. ) ;
#1839 = EDGE_LOOP ( 'NONE', ( #1283, #1934, #1632, #1240 ) ) ;
#1840 = EDGE_CURVE ( 'NONE', #2317, #740, #1278, .T. ) ;
#1841 = DIRECTION ( 'NONE',  ( -1.000000000000000000, 0.000000000000000000, 0.000000000000000000 ) ) ;
#1842 = DIRECTION ( 'NONE',  ( 0.000000000000000000, 0.000000000000000000, 1.000000000000000000 ) ) ;
#1843 = ORIENTED_EDGE ( 'NONE', *, *, #1227, .F. ) ;
#1844 = CARTESIAN_POINT ( 'NONE',  ( -295.0000000000000000, -200.0000000000000000, -6.000000000000000000 ) ) ;
#1845 = VERTEX_POINT ( 'NONE', #2014 ) ;
#1846 = CARTESIAN_POINT ( 'NONE',  ( -295.0000000000000000, -188.0000000000000000, -18.00000000000000355 ) ) ;
#1847 = CARTESIAN_POINT ( 'NONE',  ( -288.1000000000000227, -188.0000000000000000, -19.40000000000000213 ) ) ;
#1848 = DIRECTION ( 'NONE',  ( 0.000000000000000000, 0.000000000000000000, -1.000000000000000000 ) ) ;
#1849 = VERTEX_POINT ( 'NONE', #1412 ) ;
#1850 = ORIENTED_EDGE ( 'NONE', *, *, #2075, .T. ) ;
#1851 = AXIS2_PLACEMENT_3D ( 'NONE', #16, #873, #718 ) ;
#1852 = CIRCLE ( 'NONE', #652, 2.749999999999999112 ) ;
#1853 = CARTESIAN_POINT ( 'NONE',  ( 295.0000000000000000, 188.0000000000000000, -18.00000000000000355 ) ) ;
#1854 = CARTESIAN_POINT ( 'NONE',  ( 295.0000000000000000, 188.0000000000000000, -6.000000000000000000 ) ) ;
#1855 = AXIS2_PLACEMENT_3D ( 'NONE', #2610, #277, #673 ) ;
#1856 = CARTESIAN_POINT ( 'NONE',  ( -295.0000000000000000, -200.0000000000000000, -3.250000000000000444 ) ) ;
#1857 = ORIENTED_EDGE ( 'NONE', *, *, #1003, .T. ) ;
#1858 = CIRCLE ( 'NONE', #1373, 1.400000000000000133 ) ;
#1859 = DIRECTION ( 'NONE',  ( -1.000000000000000000, 0.000000000000000000, 0.000000000000000000 ) ) ;
#1860 = LOCAL_TIME ( 16, 1, 50.00000000000000000, #1382 ) ;
#1861 = DIRECTION ( 'NONE',  ( -0.000000000000000000, 0.000000000000000000, -1.000000000000000000 ) ) ;
#1862 = FACE_OUTER_BOUND ( 'NONE', #1424, .T. ) ;
#1863 = EDGE_LOOP ( 'NONE', ( #2654, #89, #2286, #2510 ) ) ;
#1864 = ORIENTED_EDGE ( 'NONE', *, *, #565, .T. ) ;
#1865 = ORIENTED_EDGE ( 'NONE', *, *, #631, .F. ) ;
#1866 = ADVANCED_FACE ( 'NONE', ( #2276 ), #1372, .T. ) ;
#1867 = DIRECTION ( 'NONE',  ( 1.000000000000000000, 0.000000000000000000, 0.000000000000000000 ) ) ;
#1868 = EDGE_CURVE ( 'NONE', #1101, #778, #1323, .T. ) ;
#1869 = FACE_OUTER_BOUND ( 'NONE', #1176, .T. ) ;
#1870 = CARTESIAN_POINT ( 'NONE',  ( -295.0000000000000000, 188.0000000000000000, -6.000000000000000000 ) ) ;
#1871 = EDGE_LOOP ( 'NONE', ( #1248, #750 ) ) ;
#1872 = LINE ( 'NONE', #2545, #704 ) ;
#1873 = LINE ( 'NONE', #2712, #1369 ) ;
#1874 = ADVANCED_FACE ( 'NONE', ( #2233 ), #358, .T. ) ;
#1875 = DIRECTION ( 'NONE',  ( 1.000000000000000000, 0.000000000000000000, 0.000000000000000000 ) ) ;
#1876 = VERTEX_POINT ( 'NONE', #1785 ) ;
#1877 = ORIENTED_EDGE ( 'NONE', *, *, #847, .T. ) ;
#1878 = ORIENTED_EDGE ( 'NONE', *, *, #854, .F. ) ;
#1879 = EDGE_LOOP ( 'NONE', ( #885, #2289 ) ) ;
#1880 = APPROVAL ( #1397, '未' ) ;
#1881 = DIRECTION ( 'NONE',  ( 0.000000000000000000, 0.000000000000000000, -1.000000000000000000 ) ) ;
#1882 = DIRECTION ( 'NONE',  ( -1.000000000000000000, 0.000000000000000000, -0.000000000000000000 ) ) ;
#1883 = CARTESIAN_POINT ( 'NONE',  ( -295.0000000000000000, 200.0000000000000000, -6.000000000000000000 ) ) ;
#1884 = DIRECTION ( 'NONE',  ( 1.000000000000000000, 0.000000000000000000, 0.000000000000000000 ) ) ;
#1885 = ADVANCED_FACE ( 'NONE', ( #1594 ), #2429, .T. ) ;
#1886 = DIRECTION ( 'NONE',  ( 1.000000000000000000, -0.000000000000000000, -0.000000000000000000 ) ) ;
#1887 = VERTEX_POINT ( 'NONE', #1206 ) ;
#1888 = ORIENTED_EDGE ( 'NONE', *, *, #214, .F. ) ;
#1889 = EDGE_CURVE ( 'NONE', #1918, #337, #1014, .T. ) ;
#1890 = CIRCLE ( 'NONE', #1582, 1.400000000000000133 ) ;
#1891 = CARTESIAN_POINT ( 'NONE',  ( 295.8999999999999773, 200.0000000000000000, -3.250000000000000444 ) ) ;
#1892 = EDGE_LOOP ( 'NONE', ( #45, #401, #532, #2566 ) ) ;
#1893 = VECTOR ( 'NONE', #2606, 1000.000000000000000 ) ;
#1894 = ORIENTED_EDGE ( 'NONE', *, *, #1763, .F. ) ;
#1895 = AXIS2_PLACEMENT_3D ( 'NONE', #77, #929, #1778 ) ;
#1896 = DIRECTION ( 'NONE',  ( 0.000000000000000000, 0.000000000000000000, -1.000000000000000000 ) ) ;
#1897 = CARTESIAN_POINT ( 'NONE',  ( -295.0000000000000000, 200.0000000000000000, -4.599999999999999645 ) ) ;
#1898 = AXIS2_PLACEMENT_3D ( 'NONE', #621, #1271, #422 ) ;
#1899 = FACE_OUTER_BOUND ( 'NONE', #2385, .T. ) ;
#1900 = DIRECTION ( 'NONE',  ( 0.000000000000000000, 0.000000000000000000, 1.000000000000000000 ) ) ;
#1901 = AXIS2_PLACEMENT_3D ( 'NONE', #1419, #843, #2558 ) ;
#1902 = CARTESIAN_POINT ( 'NONE',  ( 295.0000000000000000, 200.0000000000000000, -6.000000000000000000 ) ) ;
#1903 = ADVANCED_FACE ( 'NONE', ( #549 ), #1151, .T. ) ;
#1904 = CARTESIAN_POINT ( 'NONE',  ( 295.8999999999999773, 200.0000000000000000, -20.75000000000000000 ) ) ;
#1905 = EDGE_CURVE ( 'NONE', #641, #2030, #613, .T. ) ;
#1906 = VERTEX_POINT ( 'NONE', #2217 ) ;
#1907 = ORIENTED_EDGE ( 'NONE', *, *, #431, .T. ) ;
#1908 = DIRECTION ( 'NONE',  ( 1.000000000000000000, 0.000000000000000000, 0.000000000000000000 ) ) ;
#1909 = EDGE_CURVE ( 'NONE', #1561, #1973, #479, .T. ) ;
#1910 = CARTESIAN_POINT ( 'NONE',  ( 295.0000000000000000, 200.0000000000000000, -8.750000000000000000 ) ) ;
#1911 = CARTESIAN_POINT ( 'NONE',  ( 288.1000000000000227, -200.0000000000000000, -4.599999999999999645 ) ) ;
#1912 = CYLINDRICAL_SURFACE ( 'NONE', #1243, 1.400000000000000133 ) ;
#1913 = CARTESIAN_POINT ( 'NONE',  ( 295.0000000000000000, -200.0000000000000000, -18.00000000000000355 ) ) ;
#1914 = DIRECTION ( 'NONE',  ( -1.000000000000000000, 0.000000000000000000, 0.000000000000000000 ) ) ;
#1915 = AXIS2_PLACEMENT_3D ( 'NONE', #2377, #594, #2518 ) ;
#1916 = ADVANCED_FACE ( 'NONE', ( #2443 ), #2485, .T. ) ;
#1917 = DIRECTION ( 'NONE',  ( 0.000000000000000000, 0.000000000000000000, 1.000000000000000000 ) ) ;
#1918 = VERTEX_POINT ( 'NONE', #1483 ) ;
#1919 = EDGE_CURVE ( 'NONE', #2395, #1887, #1500, .T. ) ;
#1920 = ORIENTED_EDGE ( 'NONE', *, *, #1714, .T. ) ;
#1921 = ORIENTED_EDGE ( 'NONE', *, *, #1180, .F. ) ;
#1922 = DIRECTION ( 'NONE',  ( -1.000000000000000000, 0.000000000000000000, 0.000000000000000000 ) ) ;
#1923 = CARTESIAN_POINT ( 'NONE',  ( -295.0000000000000000, 200.0000000000000000, -6.000000000000000000 ) ) ;
#1924 = DIRECTION ( 'NONE',  ( 1.000000000000000000, 0.000000000000000000, -0.000000000000000000 ) ) ;
#1925 = EDGE_CURVE ( 'NONE', #2343, #3, #1146, .T. ) ;
#1926 = DIRECTION ( 'NONE',  ( 0.000000000000000000, 0.000000000000000000, -1.000000000000000000 ) ) ;
#1927 = CARTESIAN_POINT ( 'NONE',  ( -288.1000000000000227, -188.0000000000000000, -16.60000000000000497 ) ) ;
#1928 = CARTESIAN_POINT ( 'NONE',  ( 295.8999999999999773, -188.0000000000000000, -8.750000000000000000 ) ) ;
#1929 = CARTESIAN_POINT ( 'NONE',  ( -295.0000000000000000, -200.0000000000000000, -20.75000000000000000 ) ) ;
#1930 = APPROVAL ( #2458, '未' ) ;
#1931 = ORIENTED_EDGE ( 'NONE', *, *, #2512, .F. ) ;
#1932 = CARTESIAN_POINT ( 'NONE',  ( -295.8999999999999773, 200.0000000000000000, -20.75000000000000000 ) ) ;
#1933 = EDGE_LOOP ( 'NONE', ( #1572, #1824, #1737, #32 ) ) ;
#1934 = ORIENTED_EDGE ( 'NONE', *, *, #2301, .T. ) ;
#1935 = CIRCLE ( 'NONE', #2306, 1.400000000000000133 ) ;
#1936 = CARTESIAN_POINT ( 'NONE',  ( -295.0000000000000000, -188.0000000000000000, -15.25000000000000355 ) ) ;
#1937 = CARTESIAN_POINT ( 'NONE',  ( 295.0000000000000000, -188.0000000000000000, -6.000000000000000000 ) ) ;
#1938 = AXIS2_PLACEMENT_3D ( 'NONE', #1826, #162, #795 ) ;
#1939 = FACE_OUTER_BOUND ( 'NONE', #133, .T. ) ;
#1940 = CARTESIAN_POINT ( 'NONE',  ( -295.8999999999999773, 188.0000000000000000, -20.75000000000000000 ) ) ;
#1941 = CIRCLE ( 'NONE', #914, 1.400000000000000133 ) ;
#1942 = CYLINDRICAL_SURFACE ( 'NONE', #1915, 1.399999999999998579 ) ;
#1943 = AXIS2_PLACEMENT_3D ( 'NONE', #2541, #2068, #148 ) ;
#1944 = FACE_BOUND ( 'NONE', #1309, .T. ) ;
#1945 = AXIS2_PLACEMENT_3D ( 'NONE', #1082, #1747, #1501 ) ;
#1946 = EDGE_LOOP ( 'NONE', ( #1443, #1036 ) ) ;
#1947 = AXIS2_PLACEMENT_3D ( 'NONE', #263, #1334, #1107 ) ;
#1948 = CARTESIAN_POINT ( 'NONE',  ( 295.0000000000000000, 188.0000000000000000, -18.00000000000000355 ) ) ;
#1949 = VERTEX_POINT ( 'NONE', #2318 ) ;
#1950 = LOCAL_TIME ( 16, 1, 50.00000000000000000, #922 ) ;
#1951 = ORIENTED_EDGE ( 'NONE', *, *, #2104, .T. ) ;
#1952 = FACE_OUTER_BOUND ( 'NONE', #1712, .T. ) ;
#1953 = FACE_OUTER_BOUND ( 'NONE', #2716, .T. ) ;
#1954 = CARTESIAN_POINT ( 'NONE',  ( 288.1000000000000227, 200.0000000000000000, -6.000000000000000000 ) ) ;
#1955 = CARTESIAN_POINT ( 'NONE',  ( 295.0000000000000000, -188.0000000000000000, -7.400000000000000355 ) ) ;
#1956 = CARTESIAN_POINT ( 'NONE',  ( -288.1000000000000227, -200.0000000000000000, -4.599999999999999645 ) ) ;
#1957 = CARTESIAN_POINT ( 'NONE',  ( 295.8999999999999773, -200.0000000000000000, -18.00000000000000355 ) ) ;
#1958 = ORIENTED_EDGE ( 'NONE', *, *, #751, .F. ) ;
#1959 = EDGE_CURVE ( 'NONE', #806, #1245, #2404, .T. ) ;
#1960 = CARTESIAN_POINT ( 'NONE',  ( -295.0000000000000000, -200.0000000000000000, -6.000000000000000000 ) ) ;
#1961 = VERTEX_POINT ( 'NONE', #2333 ) ;
#1962 = ORIENTED_EDGE ( 'NONE', *, *, #1700, .T. ) ;
#1963 = AXIS2_PLACEMENT_3D ( 'NONE', #2051, #719, #941 ) ;
#1964 = CARTESIAN_POINT ( 'NONE',  ( 295.0000000000000000, -188.0000000000000000, -16.60000000000000497 ) ) ;
#1965 = CIRCLE ( 'NONE', #2341, 2.750000000000000888 ) ;
#1966 = CARTESIAN_POINT ( 'NONE',  ( -288.1000000000000227, 200.0000000000000000, -6.000000000000000000 ) ) ;
#1967 = CARTESIAN_POINT ( 'NONE',  ( 295.8999999999999773, -188.0000000000000000, -6.000000000000000000 ) ) ;
#1968 = FACE_OUTER_BOUND ( 'NONE', #838, .T. ) ;
#1969 = LINE ( 'NONE', #539, #987 ) ;
#1970 = LINE ( 'NONE', #2601, #436 ) ;
#1971 = EDGE_CURVE ( 'NONE', #2234, #2272, #1190, .T. ) ;
#1972 = PLANE ( 'NONE',  #520 ) ;
#1973 = VERTEX_POINT ( 'NONE', #1638 ) ;
#1974 = EDGE_CURVE ( 'NONE', #1385, #1698, #1471, .T. ) ;
#1975 = ORIENTED_EDGE ( 'NONE', *, *, #779, .F. ) ;
#1976 = CARTESIAN_POINT ( 'NONE',  ( -295.0000000000000000, 188.0000000000000000, -18.00000000000000355 ) ) ;
#1977 = CIRCLE ( 'NONE', #2439, 1.400000000000000133 ) ;
#1978 = DIRECTION ( 'NONE',  ( 0.000000000000000000, 0.000000000000000000, 1.000000000000000000 ) ) ;
#1979 = DIRECTION ( 'NONE',  ( -1.000000000000000000, 0.000000000000000000, 0.000000000000000000 ) ) ;
#1980 = VECTOR ( 'NONE', #23, 1000.000000000000000 ) ;
#1981 = PERSON_AND_ORGANIZATION ( #2408, #747 ) ;
#1982 = CARTESIAN_POINT ( 'NONE',  ( 288.1000000000000227, 188.0000000000000000, -16.60000000000000497 ) ) ;
#1983 = VERTEX_POINT ( 'NONE', #1440 ) ;
#1984 = DIRECTION ( 'NONE',  ( 0.000000000000000000, 0.000000000000000000, 1.000000000000000000 ) ) ;
#1985 = AXIS2_PLACEMENT_3D ( 'NONE', #598, #1867, #1917 ) ;
#1986 = CARTESIAN_POINT ( 'NONE',  ( -295.8999999999999773, -200.0000000000000000, -18.00000000000000355 ) ) ;
#1987 = AXIS2_PLACEMENT_3D ( 'NONE', #2590, #1463, #1682 ) ;
#1988 = EDGE_CURVE ( 'NONE', #2577, #1983, #1544, .T. ) ;
#1989 = CIRCLE ( 'NONE', #2271, 2.750000000000000000 ) ;
#1990 = PLANE ( 'NONE',  #1895 ) ;
#1991 = EDGE_CURVE ( 'NONE', #1752, #2227, #198, .T. ) ;
#1992 = AXIS2_PLACEMENT_3D ( 'NONE', #75, #2478, #541 ) ;
#1993 = ORIENTED_EDGE ( 'NONE', *, *, #2474, .T. ) ;
#1994 = ORIENTED_EDGE ( 'NONE', *, *, #2387, .T. ) ;
#1995 = CIRCLE ( 'NONE', #878, 1.399999999999998579 ) ;
#1996 = VECTOR ( 'NONE', #1305, 1000.000000000000000 ) ;
#1997 = CARTESIAN_POINT ( 'NONE',  ( -288.1000000000000227, 200.0000000000000000, -6.000000000000000000 ) ) ;
#1998 = CARTESIAN_POINT ( 'NONE',  ( -288.1000000000000227, 188.0000000000000000, -18.00000000000000355 ) ) ;
#1999 = EDGE_CURVE ( 'NONE', #1231, #1845, #916, .T. ) ;
#2000 = EDGE_LOOP ( 'NONE', ( #409, #693, #1210, #2118 ) ) ;
#2001 = DIRECTION ( 'NONE',  ( 1.000000000000000000, 0.000000000000000000, 0.000000000000000000 ) ) ;
#2002 = CYLINDRICAL_SURFACE ( 'NONE', #1726, 2.749999999999999112 ) ;
#2003 = ADVANCED_FACE ( 'NONE', ( #201 ), #823, .T. ) ;
#2004 = APPLICATION_CONTEXT ( 'configuration controlled 3d designs of mechanical parts and assemblies' ) ;
#2005 = DIRECTION ( 'NONE',  ( 1.000000000000000000, 0.000000000000000000, 0.000000000000000000 ) ) ;
#2006 = FACE_OUTER_BOUND ( 'NONE', #2371, .T. ) ;
#2007 = VERTEX_POINT ( 'NONE', #1066 ) ;
#2008 = ORIENTED_EDGE ( 'NONE', *, *, #1909, .T. ) ;
#2009 = ADVANCED_FACE ( 'NONE', ( #2730, #381 ), #2743, .T. ) ;
#2010 = DIRECTION ( 'NONE',  ( 0.000000000000000000, 0.000000000000000000, 1.000000000000000000 ) ) ;
#2011 = CIRCLE ( 'NONE', #318, 2.749999999999999112 ) ;
#2012 = VECTOR ( 'NONE', #1184, 1000.000000000000000 ) ;
#2013 = PERSON_AND_ORGANIZATION_ROLE ( 'classification_officer' ) ;
#2014 = CARTESIAN_POINT ( 'NONE',  ( 295.0000000000000000, -200.0000000000000000, -15.25000000000000355 ) ) ;
#2015 = ORIENTED_EDGE ( 'NONE', *, *, #323, .F. ) ;
#2016 = DIRECTION ( 'NONE',  ( -1.000000000000000000, 0.000000000000000000, 0.000000000000000000 ) ) ;
#2017 = ADVANCED_FACE ( 'NONE', ( #1869 ), #811, .T. ) ;
#2018 = ORIENTED_EDGE ( 'NONE', *, *, #2175, .T. ) ;
#2019 = CARTESIAN_POINT ( 'NONE',  ( -295.0000000000000000, 188.0000000000000000, -4.599999999999999645 ) ) ;
#2020 = DIRECTION ( 'NONE',  ( -1.000000000000000000, 0.000000000000000000, 0.000000000000000000 ) ) ;
#2021 = DIRECTION ( 'NONE',  ( 0.000000000000000000, 0.000000000000000000, -1.000000000000000000 ) ) ;
#2022 = VERTEX_POINT ( 'NONE', #602 ) ;
#2023 = EDGE_LOOP ( 'NONE', ( #1394, #2087, #2185, #1459 ) ) ;
#2024 = FACE_OUTER_BOUND ( 'NONE', #2702, .T. ) ;
#2025 = SHAPE_DEFINITION_REPRESENTATION ( #1602, #2676 ) ;
#2026 = LINE ( 'NONE', #137, #433 ) ;
#2027 = ADVANCED_FACE ( 'NONE', ( #164 ), #2525, .T. ) ;
#2028 = ORIENTED_EDGE ( 'NONE', *, *, #1420, .F. ) ;
#2029 = DIRECTION ( 'NONE',  ( 0.000000000000000000, 0.000000000000000000, -1.000000000000000000 ) ) ;
#2030 = VERTEX_POINT ( 'NONE', #2288 ) ;
#2031 = CYLINDRICAL_SURFACE ( 'NONE', #1464, 2.750000000000000000 ) ;
#2032 = CIRCLE ( 'NONE', #1455, 2.749999999999999112 ) ;
#2033 = AXIS2_PLACEMENT_3D ( 'NONE', #2763, #2111, #1254 ) ;
#2034 = CARTESIAN_POINT ( 'NONE',  ( 295.0000000000000000, 188.0000000000000000, -6.000000000000000000 ) ) ;
#2035 = DIRECTION ( 'NONE',  ( -1.000000000000000000, 0.000000000000000000, 0.000000000000000000 ) ) ;
#2036 = ORIENTED_EDGE ( 'NONE', *, *, #847, .F. ) ;
#2037 = AXIS2_PLACEMENT_3D ( 'NONE', #2056, #329, #2681 ) ;
#2038 = ORIENTED_EDGE ( 'NONE', *, *, #442, .T. ) ;
#2039 = AXIS2_PLACEMENT_3D ( 'NONE', #2568, #1922, #229 ) ;
#2040 = CARTESIAN_POINT ( 'NONE',  ( -288.1000000000000227, -200.0000000000000000, -18.00000000000000355 ) ) ;
#2041 = CIRCLE ( 'NONE', #301, 1.399999999999998579 ) ;
#2042 = APPROVAL_DATE_TIME ( #1773, #1880 ) ;
#2043 = DIRECTION ( 'NONE',  ( 0.000000000000000000, 0.000000000000000000, 1.000000000000000000 ) ) ;
#2044 = APPROVAL_PERSON_ORGANIZATION ( #2442, #1880, #1564 ) ;
#2045 = ADVANCED_FACE ( 'NONE', ( #1649 ), #2102, .T. ) ;
#2046 = EDGE_LOOP ( 'NONE', ( #1249, #2129 ) ) ;
#2047 = CARTESIAN_POINT ( 'NONE',  ( 295.0000000000000000, 200.0000000000000000, -6.000000000000000000 ) ) ;
#2048 = DIRECTION ( 'NONE',  ( 1.000000000000000000, 0.000000000000000000, 0.000000000000000000 ) ) ;
#2049 = DIRECTION ( 'NONE',  ( 1.000000000000000000, 0.000000000000000000, 0.000000000000000000 ) ) ;
#2050 = CARTESIAN_POINT ( 'NONE',  ( -288.1000000000000227, -188.0000000000000000, -7.400000000000000355 ) ) ;
#2051 = CARTESIAN_POINT ( 'NONE',  ( -288.1000000000000227, 200.0000000000000000, -6.000000000000000000 ) ) ;
#2052 = VERTEX_POINT ( 'NONE', #1676 ) ;
#2053 = ORIENTED_EDGE ( 'NONE', *, *, #751, .T. ) ;
#2054 = EDGE_CURVE ( 'NONE', #1102, #558, #523, .T. ) ;
#2055 = DIRECTION ( 'NONE',  ( 0.000000000000000000, 0.000000000000000000, 1.000000000000000000 ) ) ;
#2056 = CARTESIAN_POINT ( 'NONE',  ( 295.0000000000000000, -200.0000000000000000, -6.000000000000000000 ) ) ;
#2057 = CLOSED_SHELL ( 'NONE', ( #2556, #1007, #1626, #746, #1111, #2704, #529 ) ) ;
#2058 = CARTESIAN_POINT ( 'NONE',  ( -288.1000000000000227, -188.0000000000000000, -18.00000000000000355 ) ) ;
#2059 = AXIS2_PLACEMENT_3D ( 'NONE', #231, #1924, #1473 ) ;
#2060 = CARTESIAN_POINT ( 'NONE',  ( -288.1000000000000227, -200.0000000000000000, -4.599999999999999645 ) ) ;
#2061 = AXIS2_PLACEMENT_3D ( 'NONE', #1597, #2016, #2419 ) ;
#2062 = FACE_OUTER_BOUND ( 'NONE', #1454, .T. ) ;
#2063 = CARTESIAN_POINT ( 'NONE',  ( 288.1000000000000227, 188.0000000000000000, -19.40000000000000213 ) ) ;
#2064 = PLANE ( 'NONE',  #2773 ) ;
#2065 = VERTEX_POINT ( 'NONE', #186 ) ;
#2066 = VERTEX_POINT ( 'NONE', #1050 ) ;
#2067 = DIRECTION ( 'NONE',  ( 1.000000000000000000, 0.000000000000000000, 0.000000000000000000 ) ) ;
#2068 = DIRECTION ( 'NONE',  ( 1.000000000000000000, 0.000000000000000000, 0.000000000000000000 ) ) ;
#2069 = PLANE ( 'NONE',  #601 ) ;
#2070 = EDGE_LOOP ( 'NONE', ( #406, #1044 ) ) ;
#2071 = CARTESIAN_POINT ( 'NONE',  ( 295.0000000000000000, 188.0000000000000000, -3.250000000000000444 ) ) ;
#2072 = MANIFOLD_SOLID_BREP ( '\X2\8f935165\X0\6', #86 ) ;
#2073 = CARTESIAN_POINT ( 'NONE',  ( -288.1000000000000227, -188.0000000000000000, -18.00000000000000355 ) ) ;
#2074 = PLANE ( 'NONE',  #44 ) ;
#2075 = EDGE_CURVE ( 'NONE', #1588, #1605, #437, .T. ) ;
#2076 = VERTEX_POINT ( 'NONE', #213 ) ;
#2077 = ORIENTED_EDGE ( 'NONE', *, *, #1754, .F. ) ;
#2078 = CIRCLE ( 'NONE', #1006, 1.400000000000000133 ) ;
#2079 = EDGE_CURVE ( 'NONE', #1430, #1750, #2386, .T. ) ;
#2080 = AXIS2_PLACEMENT_3D ( 'NONE', #389, #118, #1029 ) ;
#2081 = CARTESIAN_POINT ( 'NONE',  ( 288.1000000000000227, -200.0000000000000000, -19.40000000000000213 ) ) ;
#2082 = AXIS2_PLACEMENT_3D ( 'NONE', #371, #1261, #1221 ) ;
#2083 = EDGE_CURVE ( 'NONE', #1216, #356, #2452, .T. ) ;
#2084 = CARTESIAN_POINT ( 'NONE',  ( 295.0000000000000000, -200.0000000000000000, -6.000000000000000000 ) ) ;
#2085 = AXIS2_PLACEMENT_3D ( 'NONE', #1788, #1833, #1777 ) ;
#2086 = FACE_OUTER_BOUND ( 'NONE', #1357, .T. ) ;
#2087 = ORIENTED_EDGE ( 'NONE', *, *, #1840, .T. ) ;
#2088 = EDGE_CURVE ( 'NONE', #1518, #2666, #1414, .T. ) ;
#2089 = CIRCLE ( 'NONE', #1550, 1.400000000000000133 ) ;
#2090 = CARTESIAN_POINT ( 'NONE',  ( -295.0000000000000000, -188.0000000000000000, -6.000000000000000000 ) ) ;
#2091 = SECURITY_CLASSIFICATION ( '', '', #945 ) ;
#2092 = CARTESIAN_POINT ( 'NONE',  ( 288.1000000000000227, 200.0000000000000000, -18.00000000000000355 ) ) ;
#2093 = CARTESIAN_POINT ( 'NONE',  ( 295.0000000000000000, 188.0000000000000000, -16.60000000000000497 ) ) ;
#2094 = VERTEX_POINT ( 'NONE', #451 ) ;
#2095 = ADVANCED_FACE ( 'NONE', ( #1952 ), #850, .T. ) ;
#2096 = ORIENTED_EDGE ( 'NONE', *, *, #442, .F. ) ;
#2097 = MANIFOLD_SOLID_BREP ( '\X2\8f935165\X0\12', #501 ) ;
#2098 = ORIENTED_EDGE ( 'NONE', *, *, #2764, .T. ) ;
#2099 = ORIENTED_EDGE ( 'NONE', *, *, #2144, .T. ) ;
#2100 = ADVANCED_FACE ( 'NONE', ( #2768 ), #1701, .T. ) ;
#2101 = MANIFOLD_SOLID_BREP ( '\X2\8f935165\X0\2', #2336 ) ;
#2102 = CYLINDRICAL_SURFACE ( 'NONE', #2082, 2.749999999999999112 ) ;
#2103 = CYLINDRICAL_SURFACE ( 'NONE', #472, 2.750000000000000000 ) ;
#2104 = EDGE_CURVE ( 'NONE', #2430, #514, #658, .T. ) ;
#2105 = ADVANCED_FACE ( 'NONE', ( #2414, #643 ), #1731, .T. ) ;
#2106 = ORIENTED_EDGE ( 'NONE', *, *, #1604, .F. ) ;
#2107 = CLOSED_SHELL ( 'NONE', ( #1516, #1916, #1072, #1293, #272, #1666, #1885 ) ) ;
#2108 = FACE_OUTER_BOUND ( 'NONE', #1087, .T. ) ;
#2109 = MANIFOLD_SOLID_BREP ( 'M3 A4-70 latch/doubler/lid fastener', #630 ) ;
#2110 = ADVANCED_FACE ( 'NONE', ( #2160 ), #1088, .T. ) ;
#2111 = DIRECTION ( 'NONE',  ( -1.000000000000000000, -0.000000000000000000, -0.000000000000000000 ) ) ;
#2112 = DESIGN_CONTEXT ( 'detailed design', #2004, 'design' ) ;
#2113 = ORIENTED_EDGE ( 'NONE', *, *, #1092, .T. ) ;
#2114 = EDGE_LOOP ( 'NONE', ( #88, #1829 ) ) ;
#2115 = MANIFOLD_SOLID_BREP ( '\X2\8f935165\X0\3', #2057 ) ;
#2116 = CLOSED_SHELL ( 'NONE', ( #196, #1557, #1297, #2332, #90, #1637, #2736 ) ) ;
#2117 = ORIENTED_EDGE ( 'NONE', *, *, #516, .T. ) ;
#2118 = ORIENTED_EDGE ( 'NONE', *, *, #226, .T. ) ;
#2119 = DIRECTION ( 'NONE',  ( 0.000000000000000000, 0.000000000000000000, -1.000000000000000000 ) ) ;
#2120 = DIRECTION ( 'NONE',  ( -0.000000000000000000, 0.000000000000000000, 1.000000000000000000 ) ) ;
#2121 = CARTESIAN_POINT ( 'NONE',  ( -288.1000000000000227, 188.0000000000000000, -19.40000000000000213 ) ) ;
#2122 = CARTESIAN_POINT ( 'NONE',  ( -295.8999999999999773, 188.0000000000000000, -18.00000000000000355 ) ) ;
#2123 = ADVANCED_FACE ( 'NONE', ( #2360 ), #6, .T. ) ;
#2124 = CYLINDRICAL_SURFACE ( 'NONE', #1634, 2.749999999999999112 ) ;
#2125 = AXIS2_PLACEMENT_3D ( 'NONE', #2526, #2683, #2029 ) ;
#2126 = MANIFOLD_SOLID_BREP ( '\X2\8f935165\X0\5', #1653 ) ;
#2127 = EDGE_CURVE ( 'NONE', #78, #1285, #2170, .T. ) ;
#2128 = FACE_OUTER_BOUND ( 'NONE', #2280, .T. ) ;
#2129 = ORIENTED_EDGE ( 'NONE', *, *, #2512, .T. ) ;
#2130 = CIRCLE ( 'NONE', #19, 1.399999999999998579 ) ;
#2131 = ORIENTED_EDGE ( 'NONE', *, *, #2469, .F. ) ;
#2132 = VECTOR ( 'NONE', #1643, 1000.000000000000000 ) ;
#2133 = CARTESIAN_POINT ( 'NONE',  ( 288.1000000000000227, -188.0000000000000000, -18.00000000000000355 ) ) ;
#2134 = DIRECTION ( 'NONE',  ( -1.000000000000000000, 0.000000000000000000, 0.000000000000000000 ) ) ;
#2135 = CARTESIAN_POINT ( 'NONE',  ( -288.1000000000000227, -188.0000000000000000, -4.599999999999999645 ) ) ;
#2136 = CARTESIAN_POINT ( 'NONE',  ( 288.1000000000000227, 188.0000000000000000, -6.000000000000000000 ) ) ;
#2137 = AXIS2_PLACEMENT_3D ( 'NONE', #706, #56, #457 ) ;
#2138 = VECTOR ( 'NONE', #1027, 1000.000000000000000 ) ;
#2139 = EDGE_CURVE ( 'NONE', #1252, #2703, #1523, .T. ) ;
#2140 = CYLINDRICAL_SURFACE ( 'NONE', #430, 2.749999999999999112 ) ;
#2141 = CARTESIAN_POINT ( 'NONE',  ( -288.1000000000000227, 188.0000000000000000, -18.00000000000000355 ) ) ;
#2142 = ORIENTED_EDGE ( 'NONE', *, *, #969, .T. ) ;
#2143 = EDGE_LOOP ( 'NONE', ( #1114, #1672 ) ) ;
#2144 = EDGE_CURVE ( 'NONE', #656, #683, #616, .T. ) ;
#2145 = VERTEX_POINT ( 'NONE', #22 ) ;
#2146 = DIRECTION ( 'NONE',  ( 0.000000000000000000, 0.000000000000000000, -1.000000000000000000 ) ) ;
#2147 = DIRECTION ( 'NONE',  ( 1.000000000000000000, -0.000000000000000000, -0.000000000000000000 ) ) ;
#2148 = DIRECTION ( 'NONE',  ( -1.000000000000000000, 0.000000000000000000, 0.000000000000000000 ) ) ;
#2149 = PLANE ( 'NONE',  #745 ) ;
#2150 = CARTESIAN_POINT ( 'NONE',  ( -295.0000000000000000, 188.0000000000000000, -3.250000000000000444 ) ) ;
#2151 = MANIFOLD_SOLID_BREP ( '\X2\8f935165\X0\15', #2116 ) ;
#2152 = CARTESIAN_POINT ( 'NONE',  ( 295.0000000000000000, 200.0000000000000000, -8.750000000000000000 ) ) ;
#2153 = FACE_OUTER_BOUND ( 'NONE', #2143, .T. ) ;
#2154 = MANIFOLD_SOLID_BREP ( '\X2\8f935165\X0\13', #324 ) ;
#2155 = ORIENTED_EDGE ( 'NONE', *, *, #181, .F. ) ;
#2156 = AXIS2_PLACEMENT_3D ( 'NONE', #1967, #2624, #1119 ) ;
#2157 = CARTESIAN_POINT ( 'NONE',  ( -295.8999999999999773, 188.0000000000000000, -6.000000000000000000 ) ) ;
#2158 = VERTEX_POINT ( 'NONE', #1964 ) ;
#2159 = ORIENTED_EDGE ( 'NONE', *, *, #332, .F. ) ;
#2160 = FACE_OUTER_BOUND ( 'NONE', #2739, .T. ) ;
#2161 = CARTESIAN_POINT ( 'NONE',  ( -295.8999999999999773, -188.0000000000000000, -8.750000000000000000 ) ) ;
#2162 = DIRECTION ( 'NONE',  ( 0.000000000000000000, 0.000000000000000000, -1.000000000000000000 ) ) ;
#2163 = DIRECTION ( 'NONE',  ( 0.000000000000000000, 0.000000000000000000, -1.000000000000000000 ) ) ;
#2164 = CYLINDRICAL_SURFACE ( 'NONE', #2365, 2.750000000000000000 ) ;
#2165 = VERTEX_POINT ( 'NONE', #2397 ) ;
#2166 = CIRCLE ( 'NONE', #951, 2.749999999999999112 ) ;
#2167 = CARTESIAN_POINT ( 'NONE',  ( -288.1000000000000227, 188.0000000000000000, -18.00000000000000355 ) ) ;
#2168 = ORIENTED_EDGE ( 'NONE', *, *, #129, .T. ) ;
#2169 = ORIENTED_EDGE ( 'NONE', *, *, #417, .T. ) ;
#2170 = LINE ( 'NONE', #1936, #2273 ) ;
#2171 = CIRCLE ( 'NONE', #2398, 1.400000000000000133 ) ;
#2172 = DIRECTION ( 'NONE',  ( 0.000000000000000000, 0.000000000000000000, -1.000000000000000000 ) ) ;
#2173 = CIRCLE ( 'NONE', #2752, 2.749999999999999112 ) ;
#2174 = CARTESIAN_POINT ( 'NONE',  ( 295.0000000000000000, 200.0000000000000000, -18.00000000000000355 ) ) ;
#2175 = EDGE_CURVE ( 'NONE', #2317, #1561, #2581, .T. ) ;
#2176 = DIRECTION ( 'NONE',  ( -1.000000000000000000, 0.000000000000000000, 0.000000000000000000 ) ) ;
#2177 = CIRCLE ( 'NONE', #1277, 2.749999999999999112 ) ;
#2178 = CARTESIAN_POINT ( 'NONE',  ( -295.8999999999999773, -188.0000000000000000, -18.00000000000000355 ) ) ;
#2179 = AXIS2_PLACEMENT_3D ( 'NONE', #1191, #1576, #1622 ) ;
#2180 = LINE ( 'NONE', #2572, #1462 ) ;
#2181 = AXIS2_PLACEMENT_3D ( 'NONE', #890, #1286, #2146 ) ;
#2182 = EDGE_LOOP ( 'NONE', ( #392, #672 ) ) ;
#2183 = VECTOR ( 'NONE', #1803, 1000.000000000000000 ) ;
#2184 = PLANE ( 'NONE',  #1274 ) ;
#2185 = ORIENTED_EDGE ( 'NONE', *, *, #1754, .T. ) ;
#2186 = ORIENTED_EDGE ( 'NONE', *, *, #1806, .F. ) ;
#2187 = DIRECTION ( 'NONE',  ( -1.000000000000000000, 0.000000000000000000, 0.000000000000000000 ) ) ;
#2188 = CYLINDRICAL_SURFACE ( 'NONE', #1757, 1.399999999999998579 ) ;
#2189 = ADVANCED_FACE ( 'NONE', ( #1329 ), #2373, .T. ) ;
#2190 = DIRECTION ( 'NONE',  ( -1.000000000000000000, 0.000000000000000000, 0.000000000000000000 ) ) ;
#2191 =( LENGTH_UNIT ( ) NAMED_UNIT ( * ) SI_UNIT ( .MILLI., .METRE. ) );
#2192 = CARTESIAN_POINT ( 'NONE',  ( 295.0000000000000000, 200.0000000000000000, -6.000000000000000000 ) ) ;
#2193 = DIRECTION ( 'NONE',  ( 0.000000000000000000, 0.000000000000000000, -1.000000000000000000 ) ) ;
#2194 = EDGE_CURVE ( 'NONE', #2165, #2322, #2201, .T. ) ;
#2195 = ORIENTED_EDGE ( 'NONE', *, *, #50, .T. ) ;
#2196 = DIRECTION ( 'NONE',  ( 0.000000000000000000, 0.000000000000000000, -1.000000000000000000 ) ) ;
#2197 = VECTOR ( 'NONE', #204, 1000.000000000000000 ) ;
#2198 = EDGE_LOOP ( 'NONE', ( #2591, #1864, #2038, #2579 ) ) ;
#2199 = ORIENTED_EDGE ( 'NONE', *, *, #1064, .T. ) ;
#2200 = AXIS2_PLACEMENT_3D ( 'NONE', #1567, #2655, #2431 ) ;
#2201 = LINE ( 'NONE', #1770, #27 ) ;
#2202 = CARTESIAN_POINT ( 'NONE',  ( -288.1000000000000227, 188.0000000000000000, -18.00000000000000355 ) ) ;
#2203 = DIRECTION ( 'NONE',  ( 0.000000000000000000, 0.000000000000000000, -1.000000000000000000 ) ) ;
#2204 = COORDINATED_UNIVERSAL_TIME_OFFSET ( 8, 0, .AHEAD. ) ;
#2205 = FACE_OUTER_BOUND ( 'NONE', #2635, .T. ) ;
#2206 = CARTESIAN_POINT ( 'NONE',  ( 295.0000000000000000, -200.0000000000000000, -8.750000000000000000 ) ) ;
#2207 = ADVANCED_FACE ( 'NONE', ( #63, #2636 ), #1130, .T. ) ;
#2208 = LINE ( 'NONE', #1139, #2498 ) ;
#2209 = DIRECTION ( 'NONE',  ( 0.000000000000000000, 0.000000000000000000, -1.000000000000000000 ) ) ;
#2210 = ORIENTED_EDGE ( 'NONE', *, *, #92, .T. ) ;
#2211 = VERTEX_POINT ( 'NONE', #666 ) ;
#2212 = ADVANCED_FACE ( 'NONE', ( #1707 ), #2164, .T. ) ;
#2213 = AXIS2_PLACEMENT_3D ( 'NONE', #1238, #2708, #564 ) ;
#2214 = DIRECTION ( 'NONE',  ( 1.000000000000000000, 0.000000000000000000, 0.000000000000000000 ) ) ;
#2215 = CIRCLE ( 'NONE', #1182, 1.400000000000000133 ) ;
#2216 = PERSON_AND_ORGANIZATION ( #2408, #747 ) ;
#2217 = CARTESIAN_POINT ( 'NONE',  ( 288.1000000000000227, -200.0000000000000000, -4.599999999999999645 ) ) ;
#2218 = ORIENTED_EDGE ( 'NONE', *, *, #769, .T. ) ;
#2219 = FACE_OUTER_BOUND ( 'NONE', #1142, .T. ) ;
#2220 = AXIS2_PLACEMENT_3D ( 'NONE', #1234, #2457, #341 ) ;
#2221 = FACE_OUTER_BOUND ( 'NONE', #2757, .T. ) ;
#2222 = AXIS2_PLACEMENT_3D ( 'NONE', #845, #1292, #650 ) ;
#2223 = AXIS2_PLACEMENT_3D ( 'NONE', #578, #1690, #1896 ) ;
#2224 = PLANE ( 'NONE',  #195 ) ;
#2225 = AXIS2_PLACEMENT_3D ( 'NONE', #2463, #527, #982 ) ;
#2226 = CARTESIAN_POINT ( 'NONE',  ( -295.0000000000000000, -200.0000000000000000, -18.00000000000000355 ) ) ;
#2227 = VERTEX_POINT ( 'NONE', #1736 ) ;
#2228 = ORIENTED_EDGE ( 'NONE', *, *, #1889, .F. ) ;
#2229 = AXIS2_PLACEMENT_3D ( 'NONE', #26, #882, #454 ) ;
#2230 = EDGE_CURVE ( 'NONE', #95, #1799, #1970, .T. ) ;
#2231 = DIRECTION ( 'NONE',  ( 0.000000000000000000, 0.000000000000000000, 1.000000000000000000 ) ) ;
#2232 = APPROVAL_STATUS ( 'not_yet_approved' ) ;
#2233 = FACE_OUTER_BOUND ( 'NONE', #1619, .T. ) ;
#2234 = VERTEX_POINT ( 'NONE', #2407 ) ;
#2235 = CARTESIAN_POINT ( 'NONE',  ( 295.8999999999999773, 188.0000000000000000, -6.000000000000000000 ) ) ;
#2236 = CARTESIAN_POINT ( 'NONE',  ( 295.0000000000000000, -188.0000000000000000, -18.00000000000000355 ) ) ;
#2237 = DIRECTION ( 'NONE',  ( 1.000000000000000000, 0.000000000000000000, 0.000000000000000000 ) ) ;
#2238 = CARTESIAN_POINT ( 'NONE',  ( -295.0000000000000000, 188.0000000000000000, -18.00000000000000355 ) ) ;
#2239 = EDGE_LOOP ( 'NONE', ( #596, #2311, #628, #2696 ) ) ;
#2240 = ORIENTED_EDGE ( 'NONE', *, *, #1889, .T. ) ;
#2241 = CARTESIAN_POINT ( 'NONE',  ( -288.1000000000000227, 200.0000000000000000, -18.00000000000000355 ) ) ;
#2242 = AXIS2_PLACEMENT_3D ( 'NONE', #1202, #101, #1603 ) ;
#2243 = AXIS2_PLACEMENT_3D ( 'NONE', #803, #219, #1081 ) ;
#2244 = CIRCLE ( 'NONE', #1696, 2.749999999999999112 ) ;
#2245 = CALENDAR_DATE ( 2026, 29, 8 ) ;
#2246 = DIRECTION ( 'NONE',  ( 1.000000000000000000, 0.000000000000000000, 0.000000000000000000 ) ) ;
#2247 = ORIENTED_EDGE ( 'NONE', *, *, #145, .F. ) ;
#2248 = CARTESIAN_POINT ( 'NONE',  ( 288.1000000000000227, -200.0000000000000000, -18.00000000000000355 ) ) ;
#2249 = ORIENTED_EDGE ( 'NONE', *, *, #1200, .F. ) ;
#2250 = FACE_OUTER_BOUND ( 'NONE', #872, .T. ) ;
#2251 = CYLINDRICAL_SURFACE ( 'NONE', #871, 2.750000000000000888 ) ;
#2252 = FACE_OUTER_BOUND ( 'NONE', #2070, .T. ) ;
#2253 = ORIENTED_EDGE ( 'NONE', *, *, #65, .F. ) ;
#2254 = ORIENTED_EDGE ( 'NONE', *, *, #2769, .F. ) ;
#2255 = ADVANCED_FACE ( 'NONE', ( #1352 ), #2615, .T. ) ;
#2256 = CARTESIAN_POINT ( 'NONE',  ( 288.1000000000000227, -188.0000000000000000, -6.000000000000000000 ) ) ;
#2257 = PRODUCT ( 'LidLatchFastenerPack_V11_16xM3', 'LidLatchFastenerPack_V11_16xM3', '', ( #723 ) ) ;
#2258 =( NAMED_UNIT ( * ) SI_UNIT ( $, .STERADIAN. ) SOLID_ANGLE_UNIT ( ) );
#2259 = DIRECTION ( 'NONE',  ( -1.000000000000000000, 0.000000000000000000, 0.000000000000000000 ) ) ;
#2260 = AXIS2_PLACEMENT_3D ( 'NONE', #264, #705, #1984 ) ;
#2261 = ORIENTED_EDGE ( 'NONE', *, *, #2521, .F. ) ;
#2262 = CARTESIAN_POINT ( 'NONE',  ( 295.0000000000000000, 200.0000000000000000, -16.60000000000000497 ) ) ;
#2263 = CIRCLE ( 'NONE', #1051, 1.400000000000000133 ) ;
#2264 = ORIENTED_EDGE ( 'NONE', *, *, #984, .F. ) ;
#2265 = CARTESIAN_POINT ( 'NONE',  ( 295.8999999999999773, -188.0000000000000000, -6.000000000000000000 ) ) ;
#2266 = AXIS2_PLACEMENT_3D ( 'NONE', #535, #357, #2287 ) ;
#2267 = ADVANCED_FACE ( 'NONE', ( #1944, #30 ), #488, .T. ) ;
#2268 = CYLINDRICAL_SURFACE ( 'NONE', #477, 2.749999999999999112 ) ;
#2269 = DIRECTION ( 'NONE',  ( 0.000000000000000000, 0.000000000000000000, 1.000000000000000000 ) ) ;
#2270 = VERTEX_POINT ( 'NONE', #898 ) ;
#2271 = AXIS2_PLACEMENT_3D ( 'NONE', #70, #1083, #1279 ) ;
#2272 = VERTEX_POINT ( 'NONE', #2630 ) ;
#2273 = VECTOR ( 'NONE', #659, 1000.000000000000000 ) ;
#2274 = DIRECTION ( 'NONE',  ( 0.000000000000000000, 0.000000000000000000, -1.000000000000000000 ) ) ;
#2275 = CIRCLE ( 'NONE', #1061, 2.749999999999999112 ) ;
#2276 = FACE_OUTER_BOUND ( 'NONE', #1688, .T. ) ;
#2277 = AXIS2_PLACEMENT_3D ( 'NONE', #343, #1609, #2652 ) ;
#2278 = FACE_OUTER_BOUND ( 'NONE', #1163, .T. ) ;
#2279 = ADVANCED_FACE ( 'NONE', ( #1761 ), #236, .T. ) ;
#2280 = EDGE_LOOP ( 'NONE', ( #1520, #2228 ) ) ;
#2281 = DIRECTION ( 'NONE',  ( 0.000000000000000000, 0.000000000000000000, -1.000000000000000000 ) ) ;
#2282 = EDGE_CURVE ( 'NONE', #2052, #1596, #2406, .T. ) ;
#2283 = CARTESIAN_POINT ( 'NONE',  ( -295.0000000000000000, -200.0000000000000000, -7.400000000000000355 ) ) ;
#2284 = CARTESIAN_POINT ( 'NONE',  ( 295.0000000000000000, 188.0000000000000000, -6.000000000000000000 ) ) ;
#2285 = VERTEX_POINT ( 'NONE', #648 ) ;
#2286 = ORIENTED_EDGE ( 'NONE', *, *, #1801, .T. ) ;
#2287 = DIRECTION ( 'NONE',  ( 0.000000000000000000, 0.000000000000000000, -1.000000000000000000 ) ) ;
#2288 = CARTESIAN_POINT ( 'NONE',  ( -295.0000000000000000, 200.0000000000000000, -8.750000000000000000 ) ) ;
#2289 = ORIENTED_EDGE ( 'NONE', *, *, #2644, .F. ) ;
#2290 = DIRECTION ( 'NONE',  ( 1.000000000000000000, 0.000000000000000000, 0.000000000000000000 ) ) ;
#2291 = FACE_OUTER_BOUND ( 'NONE', #764, .T. ) ;
#2292 = AXIS2_PLACEMENT_3D ( 'NONE', #508, #1578, #741 ) ;
#2293 = FACE_OUTER_BOUND ( 'NONE', #538, .T. ) ;
#2294 = CLOSED_SHELL ( 'NONE', ( #2416, #1821, #840, #2279, #991, #12, #1448 ) ) ;
#2295 = EDGE_CURVE ( 'NONE', #1849, #1217, #119, .T. ) ;
#2296 = FACE_OUTER_BOUND ( 'NONE', #2714, .T. ) ;
#2297 = DIRECTION ( 'NONE',  ( 1.000000000000000000, 0.000000000000000000, 0.000000000000000000 ) ) ;
#2298 = ORIENTED_EDGE ( 'NONE', *, *, #642, .T. ) ;
#2299 = ORIENTED_EDGE ( 'NONE', *, *, #802, .T. ) ;
#2300 = CARTESIAN_POINT ( 'NONE',  ( -295.0000000000000000, 200.0000000000000000, -18.00000000000000355 ) ) ;
#2301 = EDGE_CURVE ( 'NONE', #1845, #1217, #868, .T. ) ;
#2302 = DIRECTION ( 'NONE',  ( 1.000000000000000000, 0.000000000000000000, 0.000000000000000000 ) ) ;
#2303 = EDGE_CURVE ( 'NONE', #2227, #836, #884, .T. ) ;
#2304 = CARTESIAN_POINT ( 'NONE',  ( 295.8999999999999773, -200.0000000000000000, -6.000000000000000000 ) ) ;
#2305 = CARTESIAN_POINT ( 'NONE',  ( 288.1000000000000227, -200.0000000000000000, -18.00000000000000355 ) ) ;
#2306 = AXIS2_PLACEMENT_3D ( 'NONE', #2047, #2290, #812 ) ;
#2307 = CYLINDRICAL_SURFACE ( 'NONE', #619, 2.750000000000000000 ) ;
#2308 = AXIS2_PLACEMENT_3D ( 'NONE', #2058, #785, #579 ) ;
#2309 = CYLINDRICAL_SURFACE ( 'NONE', #2671, 1.400000000000000133 ) ;
#2310 = CARTESIAN_POINT ( 'NONE',  ( -295.8999999999999773, -200.0000000000000000, -18.00000000000000355 ) ) ;
#2311 = ORIENTED_EDGE ( 'NONE', *, *, #410, .T. ) ;
#2312 = EDGE_CURVE ( 'NONE', #903, #2094, #299, .T. ) ;
#2313 = ORIENTED_EDGE ( 'NONE', *, *, #484, .F. ) ;
#2314 = AXIS2_PLACEMENT_3D ( 'NONE', #1381, #1813, #1635 ) ;
#2315 = VECTOR ( 'NONE', #2005, 1000.000000000000000 ) ;
#2316 = ORIENTED_EDGE ( 'NONE', *, *, #1354, .T. ) ;
#2317 = VERTEX_POINT ( 'NONE', #2367 ) ;
#2318 = CARTESIAN_POINT ( 'NONE',  ( -295.8999999999999773, 200.0000000000000000, -3.250000000000000444 ) ) ;
#2319 = ADVANCED_FACE ( 'NONE', ( #2420, #498 ), #2392, .T. ) ;
#2320 = AXIS2_PLACEMENT_3D ( 'NONE', #2589, #1322, #909 ) ;
#2321 = CARTESIAN_POINT ( 'NONE',  ( -295.0000000000000000, -200.0000000000000000, -6.000000000000000000 ) ) ;
#2322 = VERTEX_POINT ( 'NONE', #1928 ) ;
#2323 = AXIS2_PLACEMENT_3D ( 'NONE', #1513, #2613, #468 ) ;
#2324 = DIRECTION ( 'NONE',  ( 0.000000000000000000, 0.000000000000000000, 1.000000000000000000 ) ) ;
#2325 = DIRECTION ( 'NONE',  ( 0.000000000000000000, 0.000000000000000000, 1.000000000000000000 ) ) ;
#2326 = DIRECTION ( 'NONE',  ( 1.000000000000000000, 0.000000000000000000, 0.000000000000000000 ) ) ;
#2327 = ORIENTED_EDGE ( 'NONE', *, *, #2194, .F. ) ;
#2328 = ORIENTED_EDGE ( 'NONE', *, *, #669, .T. ) ;
#2329 = EDGE_CURVE ( 'NONE', #778, #1086, #2180, .T. ) ;
#2330 = ORIENTED_EDGE ( 'NONE', *, *, #2282, .T. ) ;
#2331 = VERTEX_POINT ( 'NONE', #2152 ) ;
#2332 = ADVANCED_FACE ( 'NONE', ( #42 ), #1723, .T. ) ;
#2333 = CARTESIAN_POINT ( 'NONE',  ( 295.0000000000000000, -188.0000000000000000, -15.25000000000000355 ) ) ;
#2334 = FACE_OUTER_BOUND ( 'NONE', #1112, .T. ) ;
#2335 = DIRECTION ( 'NONE',  ( 1.000000000000000000, 0.000000000000000000, -0.000000000000000000 ) ) ;
#2336 = CLOSED_SHELL ( 'NONE', ( #820, #711, #1482, #1016, #2267, #499, #444 ) ) ;
#2337 = DIRECTION ( 'NONE',  ( 1.000000000000000000, 0.000000000000000000, 0.000000000000000000 ) ) ;
#2338 = AXIS2_PLACEMENT_3D ( 'NONE', #1744, #2190, #2612 ) ;
#2339 = ADVANCED_FACE ( 'NONE', ( #2221 ), #1581, .T. ) ;
#2340 = FACE_BOUND ( 'NONE', #2504, .T. ) ;
#2341 = AXIS2_PLACEMENT_3D ( 'NONE', #867, #2588, #1335 ) ;
#2342 = LINE ( 'NONE', #887, #106 ) ;
#2343 = VERTEX_POINT ( 'NONE', #128 ) ;
#2344 = ORIENTED_EDGE ( 'NONE', *, *, #2054, .T. ) ;
#2345 = EDGE_CURVE ( 'NONE', #2519, #1258, #2208, .T. ) ;
#2346 = DIRECTION ( 'NONE',  ( 1.000000000000000000, 0.000000000000000000, 0.000000000000000000 ) ) ;
#2347 = CARTESIAN_POINT ( 'NONE',  ( 288.1000000000000227, 188.0000000000000000, -18.00000000000000355 ) ) ;
#2348 = ADVANCED_FACE ( 'NONE', ( #2645 ), #744, .T. ) ;
#2349 = FACE_OUTER_BOUND ( 'NONE', #59, .T. ) ;
#2350 = DIRECTION ( 'NONE',  ( 0.000000000000000000, 0.000000000000000000, -1.000000000000000000 ) ) ;
#2351 = CARTESIAN_POINT ( 'NONE',  ( -288.1000000000000227, 200.0000000000000000, -7.400000000000000355 ) ) ;
#2352 = EDGE_CURVE ( 'NONE', #1545, #366, #1280, .T. ) ;
#2353 = AXIS2_PLACEMENT_3D ( 'NONE', #1776, #1154, #2643 ) ;
#2354 = FACE_OUTER_BOUND ( 'NONE', #2425, .T. ) ;
#2355 = ORIENTED_EDGE ( 'NONE', *, *, #1195, .T. ) ;
#2356 = ORIENTED_EDGE ( 'NONE', *, *, #402, .F. ) ;
#2357 = AXIS2_PLACEMENT_3D ( 'NONE', #1966, #309, #52 ) ;
#2358 = ORIENTED_EDGE ( 'NONE', *, *, #92, .F. ) ;
#2359 = AXIS2_PLACEMENT_3D ( 'NONE', #511, #2237, #1366 ) ;
#2360 = FACE_OUTER_BOUND ( 'NONE', #238, .T. ) ;
#2361 = CARTESIAN_POINT ( 'NONE',  ( 288.1000000000000227, 200.0000000000000000, -4.599999999999999645 ) ) ;
#2362 = AXIS2_PLACEMENT_3D ( 'NONE', #2664, #1175, #946 ) ;
#2363 = CYLINDRICAL_SURFACE ( 'NONE', #983, 1.400000000000000133 ) ;
#2364 = CARTESIAN_POINT ( 'NONE',  ( 295.0000000000000000, 200.0000000000000000, -3.250000000000000444 ) ) ;
#2365 = AXIS2_PLACEMENT_3D ( 'NONE', #1308, #680, #2378 ) ;
#2366 = VECTOR ( 'NONE', #2772, 1000.000000000000000 ) ;
#2367 = CARTESIAN_POINT ( 'NONE',  ( -288.1000000000000227, -200.0000000000000000, -19.40000000000000213 ) ) ;
#2368 = CARTESIAN_POINT ( 'NONE',  ( 295.0000000000000000, 200.0000000000000000, -18.00000000000000355 ) ) ;
#2369 = ORIENTED_EDGE ( 'NONE', *, *, #1620, .F. ) ;
#2370 = FACE_OUTER_BOUND ( 'NONE', #271, .T. ) ;
#2371 = EDGE_LOOP ( 'NONE', ( #819, #2015 ) ) ;
#2372 = ORIENTED_EDGE ( 'NONE', *, *, #1704, .T. ) ;
#2373 = PLANE ( 'NONE',  #1592 ) ;
#2374 = DIRECTION ( 'NONE',  ( 0.000000000000000000, 0.000000000000000000, 1.000000000000000000 ) ) ;
#2375 = PLANE ( 'NONE',  #1344 ) ;
#2376 = CARTESIAN_POINT ( 'NONE',  ( -295.8999999999999773, -200.0000000000000000, -8.750000000000000000 ) ) ;
#2377 = CARTESIAN_POINT ( 'NONE',  ( 288.1000000000000227, -200.0000000000000000, -18.00000000000000355 ) ) ;
#2378 = DIRECTION ( 'NONE',  ( 0.000000000000000000, 0.000000000000000000, 1.000000000000000000 ) ) ;
#2379 = FACE_OUTER_BOUND ( 'NONE', #1618, .T. ) ;
#2380 = EDGE_CURVE ( 'NONE', #1065, #2076, #351, .T. ) ;
#2381 = VERTEX_POINT ( 'NONE', #773 ) ;
#2382 = AXIS2_PLACEMENT_3D ( 'NONE', #690, #948, #497 ) ;
#2383 = DIRECTION ( 'NONE',  ( -1.000000000000000000, 0.000000000000000000, -0.000000000000000000 ) ) ;
#2384 = ORIENTED_EDGE ( 'NONE', *, *, #2521, .T. ) ;
#2385 = EDGE_LOOP ( 'NONE', ( #1878, #1074 ) ) ;
#2386 = LINE ( 'NONE', #1314, #1812 ) ;
#2387 = EDGE_CURVE ( 'NONE', #1811, #2, #1015, .T. ) ;
#2388 = DIRECTION ( 'NONE',  ( 0.000000000000000000, 0.000000000000000000, 1.000000000000000000 ) ) ;
#2389 = DIRECTION ( 'NONE',  ( -0.000000000000000000, 0.000000000000000000, -1.000000000000000000 ) ) ;
#2390 = LINE ( 'NONE', #1539, #790 ) ;
#2391 = CARTESIAN_POINT ( 'NONE',  ( 295.0000000000000000, -200.0000000000000000, -18.00000000000000355 ) ) ;
#2392 = PLANE ( 'NONE',  #161 ) ;
#2393 = VERTEX_POINT ( 'NONE', #1363 ) ;
#2394 = DIRECTION ( 'NONE',  ( 0.000000000000000000, 0.000000000000000000, -1.000000000000000000 ) ) ;
#2395 = VERTEX_POINT ( 'NONE', #1376 ) ;
#2396 = ORIENTED_EDGE ( 'NONE', *, *, #1959, .F. ) ;
#2397 = CARTESIAN_POINT ( 'NONE',  ( 295.0000000000000000, -188.0000000000000000, -8.750000000000000000 ) ) ;
#2398 = AXIS2_PLACEMENT_3D ( 'NONE', #958, #1205, #1173 ) ;
#2399 = CARTESIAN_POINT ( 'NONE',  ( 288.1000000000000227, 188.0000000000000000, -18.00000000000000355 ) ) ;
#2400 = AXIS2_PLACEMENT_3D ( 'NONE', #1724, #1517, #404 ) ;
#2401 = DIRECTION ( 'NONE',  ( 1.000000000000000000, 0.000000000000000000, 0.000000000000000000 ) ) ;
#2402 = EDGE_CURVE ( 'NONE', #1983, #2577, #1639, .T. ) ;
#2403 = LINE ( 'NONE', #10, #1996 ) ;
#2404 = CIRCLE ( 'NONE', #2540, 1.400000000000000133 ) ;
#2405 = CYLINDRICAL_SURFACE ( 'NONE', #2574, 2.750000000000000888 ) ;
#2406 = CIRCLE ( 'NONE', #2137, 2.750000000000000000 ) ;
#2407 = CARTESIAN_POINT ( 'NONE',  ( 295.0000000000000000, 188.0000000000000000, -15.25000000000000355 ) ) ;
#2408 = PERSON ( '未', '未', '未', ('未'), ('未'), ('未') ) ;
#2409 = ORIENTED_EDGE ( 'NONE', *, *, #1023, .F. ) ;
#2410 = LOCAL_TIME ( 16, 1, 50.00000000000000000, #310 ) ;
#2411 = CARTESIAN_POINT ( 'NONE',  ( -295.0000000000000000, 200.0000000000000000, -15.25000000000000355 ) ) ;
#2412 = ORIENTED_EDGE ( 'NONE', *, *, #1332, .F. ) ;
#2413 = VERTEX_POINT ( 'NONE', #1155 ) ;
#2414 = FACE_BOUND ( 'NONE', #199, .T. ) ;
#2415 = FACE_OUTER_BOUND ( 'NONE', #2575, .T. ) ;
#2416 = ADVANCED_FACE ( 'NONE', ( #2250 ), #2002, .T. ) ;
#2417 = FACE_OUTER_BOUND ( 'NONE', #1144, .T. ) ;
#2418 = APPLICATION_PROTOCOL_DEFINITION ( 'international standard', 'config_control_design', 1994, #1683 ) ;
#2419 = DIRECTION ( 'NONE',  ( 0.000000000000000000, 0.000000000000000000, -1.000000000000000000 ) ) ;
#2420 = FACE_BOUND ( 'NONE', #990, .T. ) ;
#2421 = ADVANCED_FACE ( 'NONE', ( #315 ), #938, .T. ) ;
#2422 = DIRECTION ( 'NONE',  ( 0.000000000000000000, 0.000000000000000000, 1.000000000000000000 ) ) ;
#2423 = CIRCLE ( 'NONE', #2731, 1.399999999999998579 ) ;
#2424 = EDGE_LOOP ( 'NONE', ( #2726, #1850, #153, #684 ) ) ;
#2425 = EDGE_LOOP ( 'NONE', ( #276, #2168, #1115, #752 ) ) ;
#2426 = DIRECTION ( 'NONE',  ( -1.000000000000000000, 0.000000000000000000, 0.000000000000000000 ) ) ;
#2427 = EDGE_CURVE ( 'NONE', #112, #1709, #876, .T. ) ;
#2428 = CALENDAR_DATE ( 2026, 29, 8 ) ;
#2429 = PLANE ( 'NONE',  #393 ) ;
#2430 = VERTEX_POINT ( 'NONE', #2019 ) ;
#2431 = DIRECTION ( 'NONE',  ( 0.000000000000000000, 0.000000000000000000, 1.000000000000000000 ) ) ;
#2432 = ADVANCED_FACE ( 'NONE', ( #2656 ), #567, .T. ) ;
#2433 = DIRECTION ( 'NONE',  ( -1.000000000000000000, 0.000000000000000000, 0.000000000000000000 ) ) ;
#2434 = EDGE_CURVE ( 'NONE', #2285, #901, #728, .T. ) ;
#2435 = CARTESIAN_POINT ( 'NONE',  ( 295.8999999999999773, -200.0000000000000000, -3.250000000000000444 ) ) ;
#2436 = DIRECTION ( 'NONE',  ( 0.000000000000000000, 0.000000000000000000, 1.000000000000000000 ) ) ;
#2437 = ORIENTED_EDGE ( 'NONE', *, *, #312, .T. ) ;
#2438 = ORIENTED_EDGE ( 'NONE', *, *, #2301, .F. ) ;
#2439 = AXIS2_PLACEMENT_3D ( 'NONE', #1612, #1663, #964 ) ;
#2440 = CARTESIAN_POINT ( 'NONE',  ( 295.0000000000000000, 188.0000000000000000, -6.000000000000000000 ) ) ;
#2441 = AXIS2_PLACEMENT_3D ( 'NONE', #1251, #2147, #2770 ) ;
#2442 = PERSON_AND_ORGANIZATION ( #2408, #747 ) ;
#2443 = FACE_OUTER_BOUND ( 'NONE', #289, .T. ) ;
#2444 = ORIENTED_EDGE ( 'NONE', *, *, #145, .T. ) ;
#2445 = CARTESIAN_POINT ( 'NONE',  ( 295.0000000000000000, -200.0000000000000000, -20.75000000000000000 ) ) ;
#2446 = AXIS2_PLACEMENT_3D ( 'NONE', #2256, #992, #1648 ) ;
#2447 = CARTESIAN_POINT ( 'NONE',  ( 288.1000000000000227, 200.0000000000000000, -6.000000000000000000 ) ) ;
#2448 = AXIS2_PLACEMENT_3D ( 'NONE', #789, #985, #1404 ) ;
#2449 = EDGE_CURVE ( 'NONE', #366, #1545, #2679, .T. ) ;
#2450 = AXIS2_PLACEMENT_3D ( 'NONE', #428, #1886, #418 ) ;
#2451 = CARTESIAN_POINT ( 'NONE',  ( 295.0000000000000000, -188.0000000000000000, -18.00000000000000355 ) ) ;
#2452 = CIRCLE ( 'NONE', #1855, 2.750000000000000000 ) ;
#2453 = CARTESIAN_POINT ( 'NONE',  ( 295.0000000000000000, -200.0000000000000000, -18.00000000000000355 ) ) ;
#2454 = ORIENTED_EDGE ( 'NONE', *, *, #1704, .F. ) ;
#2455 = ORIENTED_EDGE ( 'NONE', *, *, #1971, .F. ) ;
#2456 = CIRCLE ( 'NONE', #2229, 1.399999999999998579 ) ;
#2457 = DIRECTION ( 'NONE',  ( 1.000000000000000000, 0.000000000000000000, -0.000000000000000000 ) ) ;
#2458 = APPROVAL_STATUS ( 'not_yet_approved' ) ;
#2459 = CARTESIAN_POINT ( 'NONE',  ( -295.8999999999999773, -200.0000000000000000, -18.00000000000000355 ) ) ;
#2460 = ORIENTED_EDGE ( 'NONE', *, *, #2139, .T. ) ;
#2461 = DIRECTION ( 'NONE',  ( 0.000000000000000000, 0.000000000000000000, 1.000000000000000000 ) ) ;
#2462 = VERTEX_POINT ( 'NONE', #2670 ) ;
#2463 = CARTESIAN_POINT ( 'NONE',  ( -295.0000000000000000, 188.0000000000000000, -18.00000000000000355 ) ) ;
#2464 = ADVANCED_FACE ( 'NONE', ( #334 ), #2031, .T. ) ;
#2465 = CARTESIAN_POINT ( 'NONE',  ( 295.0000000000000000, 188.0000000000000000, -8.750000000000000000 ) ) ;
#2466 = CARTESIAN_POINT ( 'NONE',  ( -295.0000000000000000, 200.0000000000000000, -3.250000000000000444 ) ) ;
#2467 = ORIENTED_EDGE ( 'NONE', *, *, #2530, .T. ) ;
#2468 = ORIENTED_EDGE ( 'NONE', *, *, #2665, .T. ) ;
#2469 = EDGE_CURVE ( 'NONE', #2755, #2322, #1018, .T. ) ;
#2470 = CARTESIAN_POINT ( 'NONE',  ( -295.8999999999999773, 188.0000000000000000, -6.000000000000000000 ) ) ;
#2471 = AXIS2_PLACEMENT_3D ( 'NONE', #730, #1215, #1423 ) ;
#2472 = APPROVAL_DATE_TIME ( #1174, #1930 ) ;
#2473 = DIRECTION ( 'NONE',  ( -1.000000000000000000, 0.000000000000000000, 0.000000000000000000 ) ) ;
#2474 = EDGE_CURVE ( 'NONE', #2331, #2066, #1681, .T. ) ;
#2475 = ORIENTED_EDGE ( 'NONE', *, *, #2230, .T. ) ;
#2476 = CARTESIAN_POINT ( 'NONE',  ( 295.0000000000000000, 200.0000000000000000, -18.00000000000000355 ) ) ;
#2477 = CARTESIAN_POINT ( 'NONE',  ( 295.0000000000000000, -188.0000000000000000, -18.00000000000000355 ) ) ;
#2478 = DIRECTION ( 'NONE',  ( 1.000000000000000000, 0.000000000000000000, 0.000000000000000000 ) ) ;
#2479 = DIRECTION ( 'NONE',  ( -1.000000000000000000, 0.000000000000000000, 0.000000000000000000 ) ) ;
#2480 = DIRECTION ( 'NONE',  ( 0.000000000000000000, 0.000000000000000000, 1.000000000000000000 ) ) ;
#2481 = EDGE_LOOP ( 'NONE', ( #446, #2497 ) ) ;
#2482 = ORIENTED_EDGE ( 'NONE', *, *, #431, .F. ) ;
#2483 = ADVANCED_FACE ( 'NONE', ( #2062 ), #141, .T. ) ;
#2484 = DIRECTION ( 'NONE',  ( -1.000000000000000000, 0.000000000000000000, 0.000000000000000000 ) ) ;
#2485 = CYLINDRICAL_SURFACE ( 'NONE', #2627, 1.399999999999998579 ) ;
#2486 = ORIENTED_EDGE ( 'NONE', *, *, #969, .F. ) ;
#2487 = DIRECTION ( 'NONE',  ( 1.000000000000000000, 0.000000000000000000, 0.000000000000000000 ) ) ;
#2488 = AXIS2_PLACEMENT_3D ( 'NONE', #2399, #1131, #91 ) ;
#2489 = LINE ( 'NONE', #2060, #275 ) ;
#2490 = DIRECTION ( 'NONE',  ( -1.000000000000000000, 0.000000000000000000, 0.000000000000000000 ) ) ;
#2491 = AXIS2_PLACEMENT_3D ( 'NONE', #2300, #2484, #2499 ) ;
#2492 = CIRCLE ( 'NONE', #387, 2.749999999999999112 ) ;
#2493 = DIRECTION ( 'NONE',  ( 1.000000000000000000, 0.000000000000000000, 0.000000000000000000 ) ) ;
#2494 = DIRECTION ( 'NONE',  ( 0.000000000000000000, 0.000000000000000000, 1.000000000000000000 ) ) ;
#2495 = ORIENTED_EDGE ( 'NONE', *, *, #304, .F. ) ;
#2496 = CIRCLE ( 'NONE', #1058, 1.399999999999998579 ) ;
#2497 = ORIENTED_EDGE ( 'NONE', *, *, #332, .T. ) ;
#2498 = VECTOR ( 'NONE', #1615, 1000.000000000000000 ) ;
#2499 = DIRECTION ( 'NONE',  ( 0.000000000000000000, 0.000000000000000000, -1.000000000000000000 ) ) ;
#2500 = CIRCLE ( 'NONE', #29, 2.749999999999999112 ) ;
#2501 = CARTESIAN_POINT ( 'NONE',  ( 295.0000000000000000, -200.0000000000000000, -18.00000000000000355 ) ) ;
#2502 = EDGE_CURVE ( 'NONE', #378, #1786, #660, .T. ) ;
#2503 = FACE_OUTER_BOUND ( 'NONE', #2424, .T. ) ;
#2504 = EDGE_LOOP ( 'NONE', ( #606, #15 ) ) ;
#2505 = DIRECTION ( 'NONE',  ( 0.000000000000000000, 0.000000000000000000, -1.000000000000000000 ) ) ;
#2506 = FACE_OUTER_BOUND ( 'NONE', #1809, .T. ) ;
#2507 = EDGE_CURVE ( 'NONE', #3, #2520, #2735, .T. ) ;
#2508 = DIRECTION ( 'NONE',  ( 1.000000000000000000, -0.000000000000000000, -0.000000000000000000 ) ) ;
#2509 = ORIENTED_EDGE ( 'NONE', *, *, #1532, .T. ) ;
#2510 = ORIENTED_EDGE ( 'NONE', *, *, #599, .T. ) ;
#2511 = FACE_OUTER_BOUND ( 'NONE', #173, .T. ) ;
#2512 = EDGE_CURVE ( 'NONE', #1021, #1449, #1995, .T. ) ;
#2513 = DIRECTION ( 'NONE',  ( 0.000000000000000000, 0.000000000000000000, 1.000000000000000000 ) ) ;
#2514 = LINE ( 'NONE', #1400, #1137 ) ;
#2515 = ORIENTED_EDGE ( 'NONE', *, *, #1620, .T. ) ;
#2516 = CARTESIAN_POINT ( 'NONE',  ( 295.0000000000000000, -188.0000000000000000, -19.40000000000000213 ) ) ;
#2517 = FACE_OUTER_BOUND ( 'NONE', #313, .T. ) ;
#2518 = DIRECTION ( 'NONE',  ( 0.000000000000000000, 0.000000000000000000, -1.000000000000000000 ) ) ;
#2519 = VERTEX_POINT ( 'NONE', #1460 ) ;
#2520 = VERTEX_POINT ( 'NONE', #2516 ) ;
#2521 = EDGE_CURVE ( 'NONE', #2607, #82, #1816, .T. ) ;
#2522 = ORIENTED_EDGE ( 'NONE', *, *, #2747, .T. ) ;
#2523 = CARTESIAN_POINT ( 'NONE',  ( 295.0000000000000000, 200.0000000000000000, -15.25000000000000355 ) ) ;
#2524 = EDGE_LOOP ( 'NONE', ( #1406, #2372, #1452, #140 ) ) ;
#2525 = PLANE ( 'NONE',  #2583 ) ;
#2526 = CARTESIAN_POINT ( 'NONE',  ( -295.8999999999999773, -200.0000000000000000, -6.000000000000000000 ) ) ;
#2527 = EDGE_LOOP ( 'NONE', ( #448, #138, #349, #2028 ) ) ;
#2528 = CIRCLE ( 'NONE', #1713, 2.749999999999999112 ) ;
#2529 = CYLINDRICAL_SURFACE ( 'NONE', #1197, 1.399999999999998579 ) ;
#2530 = EDGE_CURVE ( 'NONE', #2094, #903, #1684, .T. ) ;
#2531 = CIRCLE ( 'NONE', #694, 1.400000000000000133 ) ;
#2532 = DIRECTION ( 'NONE',  ( 1.000000000000000000, 0.000000000000000000, 0.000000000000000000 ) ) ;
#2533 = CARTESIAN_POINT ( 'NONE',  ( 295.0000000000000000, -188.0000000000000000, -6.000000000000000000 ) ) ;
#2534 = EDGE_CURVE ( 'NONE', #709, #1031, #814, .T. ) ;
#2535 = ORIENTED_EDGE ( 'NONE', *, *, #1351, .F. ) ;
#2536 = ORIENTED_EDGE ( 'NONE', *, *, #1604, .T. ) ;
#2537 = AXIS2_PLACEMENT_3D ( 'NONE', #1565, #935, #107 ) ;
#2538 = ORIENTED_EDGE ( 'NONE', *, *, #932, .F. ) ;
#2539 = EDGE_LOOP ( 'NONE', ( #2316, #1170 ) ) ;
#2540 = AXIS2_PLACEMENT_3D ( 'NONE', #1037, #1008, #2513 ) ;
#2541 = CARTESIAN_POINT ( 'NONE',  ( 288.1000000000000227, 200.0000000000000000, -18.00000000000000355 ) ) ;
#2542 = AXIS2_PLACEMENT_3D ( 'NONE', #1535, #685, #877 ) ;
#2543 = CARTESIAN_POINT ( 'NONE',  ( 288.1000000000000227, 188.0000000000000000, -18.00000000000000355 ) ) ;
#2544 = DIRECTION ( 'NONE',  ( 0.000000000000000000, 0.000000000000000000, -1.000000000000000000 ) ) ;
#2545 = CARTESIAN_POINT ( 'NONE',  ( -295.0000000000000000, 188.0000000000000000, -15.25000000000000355 ) ) ;
#2546 = PLANE ( 'NONE',  #2400 ) ;
#2547 = ADVANCED_FACE ( 'NONE', ( #2293 ), #1226, .T. ) ;
#2548 = ORIENTED_EDGE ( 'NONE', *, *, #1302, .F. ) ;
#2549 = CARTESIAN_POINT ( 'NONE',  ( 295.0000000000000000, -188.0000000000000000, -4.599999999999999645 ) ) ;
#2550 = EDGE_LOOP ( 'NONE', ( #1549, #2535 ) ) ;
#2551 = ORIENTED_EDGE ( 'NONE', *, *, #2079, .F. ) ;
#2552 = ORIENTED_EDGE ( 'NONE', *, *, #2644, .T. ) ;
#2553 = DIRECTION ( 'NONE',  ( 1.000000000000000000, 0.000000000000000000, 0.000000000000000000 ) ) ;
#2554 = CARTESIAN_POINT ( 'NONE',  ( -295.0000000000000000, 200.0000000000000000, -19.40000000000000213 ) ) ;
#2555 = DIRECTION ( 'NONE',  ( -0.000000000000000000, 0.000000000000000000, 1.000000000000000000 ) ) ;
#2556 = ADVANCED_FACE ( 'NONE', ( #362 ), #581, .T. ) ;
#2557 = AXIS2_PLACEMENT_3D ( 'NONE', #2570, #2148, #1068 ) ;
#2558 = DIRECTION ( 'NONE',  ( 0.000000000000000000, 0.000000000000000000, -1.000000000000000000 ) ) ;
#2559 = AXIS2_PLACEMENT_3D ( 'NONE', #556, #2701, #776 ) ;
#2560 = AXIS2_PLACEMENT_3D ( 'NONE', #1556, #897, #1746 ) ;
#2561 = CARTESIAN_POINT ( 'NONE',  ( -295.0000000000000000, -188.0000000000000000, -4.599999999999999645 ) ) ;
#2562 = VECTOR ( 'NONE', #623, 1000.000000000000000 ) ;
#2563 = CYLINDRICAL_SURFACE ( 'NONE', #782, 1.399999999999998579 ) ;
#2564 = ORIENTED_EDGE ( 'NONE', *, *, #1971, .T. ) ;
#2565 = EDGE_CURVE ( 'NONE', #836, #575, #2089, .T. ) ;
#2566 = ORIENTED_EDGE ( 'NONE', *, *, #1766, .T. ) ;
#2567 = ADVANCED_FACE ( 'NONE', ( #1241 ), #2529, .T. ) ;
#2568 = CARTESIAN_POINT ( 'NONE',  ( -295.0000000000000000, 188.0000000000000000, -6.000000000000000000 ) ) ;
#2569 = DIRECTION ( 'NONE',  ( -1.000000000000000000, 0.000000000000000000, -0.000000000000000000 ) ) ;
#2570 = CARTESIAN_POINT ( 'NONE',  ( -295.0000000000000000, 200.0000000000000000, -6.000000000000000000 ) ) ;
#2571 = CARTESIAN_POINT ( 'NONE',  ( 295.0000000000000000, 188.0000000000000000, -20.75000000000000000 ) ) ;
#2572 = CARTESIAN_POINT ( 'NONE',  ( 288.1000000000000227, 200.0000000000000000, -4.599999999999999645 ) ) ;
#2573 = DIRECTION ( 'NONE',  ( -1.000000000000000000, 0.000000000000000000, 0.000000000000000000 ) ) ;
#2574 = AXIS2_PLACEMENT_3D ( 'NONE', #2192, #2628, #485 ) ;
#2575 = EDGE_LOOP ( 'NONE', ( #2741, #2240, #832, #2159 ) ) ;
#2576 = CARTESIAN_POINT ( 'NONE',  ( -288.1000000000000227, -188.0000000000000000, -6.000000000000000000 ) ) ;
#2577 = VERTEX_POINT ( 'NONE', #403 ) ;
#2578 = CIRCLE ( 'NONE', #869, 2.749999999999999112 ) ;
#2579 = ORIENTED_EDGE ( 'NONE', *, *, #1053, .T. ) ;
#2580 = VECTOR ( 'NONE', #1476, 1000.000000000000000 ) ;
#2581 = LINE ( 'NONE', #480, #482 ) ;
#2582 = FACE_OUTER_BOUND ( 'NONE', #772, .T. ) ;
#2583 = AXIS2_PLACEMENT_3D ( 'NONE', #398, #1427, #1250 ) ;
#2584 = DIRECTION ( 'NONE',  ( -1.000000000000000000, 0.000000000000000000, 0.000000000000000000 ) ) ;
#2585 = LINE ( 'NONE', #2364, #1152 ) ;
#2586 = EDGE_CURVE ( 'NONE', #1449, #1021, #2041, .T. ) ;
#2587 = AXIS2_PLACEMENT_3D ( 'NONE', #1986, #1820, #113 ) ;
#2588 = DIRECTION ( 'NONE',  ( 1.000000000000000000, 0.000000000000000000, 0.000000000000000000 ) ) ;
#2589 = CARTESIAN_POINT ( 'NONE',  ( -295.8999999999999773, -188.0000000000000000, -6.000000000000000000 ) ) ;
#2590 = CARTESIAN_POINT ( 'NONE',  ( 288.1000000000000227, -188.0000000000000000, -6.000000000000000000 ) ) ;
#2591 = ORIENTED_EDGE ( 'NONE', *, *, #1827, .F. ) ;
#2592 = ADVANCED_FACE ( 'NONE', ( #2108 ), #2307, .T. ) ;
#2593 = FACE_OUTER_BOUND ( 'NONE', #132, .T. ) ;
#2594 = ORIENTED_EDGE ( 'NONE', *, *, #1840, .F. ) ;
#2595 = ORIENTED_EDGE ( 'NONE', *, *, #2637, .F. ) ;
#2596 = CARTESIAN_POINT ( 'NONE',  ( 295.0000000000000000, 188.0000000000000000, -18.00000000000000355 ) ) ;
#2597 = DIRECTION ( 'NONE',  ( 1.000000000000000000, 0.000000000000000000, 0.000000000000000000 ) ) ;
#2598 = PLANE ( 'NONE',  #1695 ) ;
#2599 = FACE_OUTER_BOUND ( 'NONE', #657, .T. ) ;
#2600 = FACE_OUTER_BOUND ( 'NONE', #1641, .T. ) ;
#2601 = CARTESIAN_POINT ( 'NONE',  ( 288.1000000000000227, -200.0000000000000000, -16.60000000000000497 ) ) ;
#2602 = EDGE_CURVE ( 'NONE', #2659, #1631, #178, .T. ) ;
#2603 = AXIS2_PLACEMENT_3D ( 'NONE', #2533, #1000, #1848 ) ;
#2604 = EDGE_CURVE ( 'NONE', #2076, #2007, #1872, .T. ) ;
#2605 = ORIENTED_EDGE ( 'NONE', *, *, #727, .T. ) ;
#2606 = DIRECTION ( 'NONE',  ( 1.000000000000000000, 0.000000000000000000, 0.000000000000000000 ) ) ;
#2607 = VERTEX_POINT ( 'NONE', #607 ) ;
#2608 = EDGE_CURVE ( 'NONE', #2727, #2007, #2275, .T. ) ;
#2609 = ORIENTED_EDGE ( 'NONE', *, *, #2626, .F. ) ;
#2610 = CARTESIAN_POINT ( 'NONE',  ( 295.8999999999999773, 200.0000000000000000, -6.000000000000000000 ) ) ;
#2611 = CYLINDRICAL_SURFACE ( 'NONE', #290, 1.399999999999998579 ) ;
#2612 = DIRECTION ( 'NONE',  ( 0.000000000000000000, 0.000000000000000000, 1.000000000000000000 ) ) ;
#2613 = DIRECTION ( 'NONE',  ( -1.000000000000000000, -0.000000000000000000, -0.000000000000000000 ) ) ;
#2614 = LINE ( 'NONE', #2445, #270 ) ;
#2615 = CYLINDRICAL_SURFACE ( 'NONE', #570, 2.749999999999999112 ) ;
#2616 = ORIENTED_EDGE ( 'NONE', *, *, #2618, .T. ) ;
#2617 = CARTESIAN_POINT ( 'NONE',  ( -295.8999999999999773, 200.0000000000000000, -18.00000000000000355 ) ) ;
#2618 = EDGE_CURVE ( 'NONE', #514, #2430, #1418, .T. ) ;
#2619 = ORIENTED_EDGE ( 'NONE', *, *, #1868, .F. ) ;
#2620 = EDGE_LOOP ( 'NONE', ( #1727, #1831 ) ) ;
#2621 = CARTESIAN_POINT ( 'NONE',  ( 295.0000000000000000, 200.0000000000000000, -18.00000000000000355 ) ) ;
#2622 = CIRCLE ( 'NONE', #2668, 2.749999999999999112 ) ;
#2623 = CYLINDRICAL_SURFACE ( 'NONE', #2357, 1.400000000000000133 ) ;
#2624 = DIRECTION ( 'NONE',  ( -1.000000000000000000, -0.000000000000000000, -0.000000000000000000 ) ) ;
#2625 = PERSON_AND_ORGANIZATION_ROLE ( 'design_supplier' ) ;
#2626 = EDGE_CURVE ( 'NONE', #1031, #1698, #1769, .T. ) ;
#2627 = AXIS2_PLACEMENT_3D ( 'NONE', #295, #2259, #2043 ) ;
#2628 = DIRECTION ( 'NONE',  ( 1.000000000000000000, 0.000000000000000000, 0.000000000000000000 ) ) ;
#2629 = AXIS2_PLACEMENT_3D ( 'NONE', #493, #465, #1300 ) ;
#2630 = CARTESIAN_POINT ( 'NONE',  ( 295.0000000000000000, 188.0000000000000000, -20.75000000000000000 ) ) ;
#2631 = AXIS2_PLACEMENT_3D ( 'NONE', #1056, #190, #624 ) ;
#2632 = CARTESIAN_POINT ( 'NONE',  ( -295.8999999999999773, 200.0000000000000000, -6.000000000000000000 ) ) ;
#2633 = EDGE_CURVE ( 'NONE', #2272, #2393, #426, .T. ) ;
#2634 = ORIENTED_EDGE ( 'NONE', *, *, #1413, .T. ) ;
#2635 = EDGE_LOOP ( 'NONE', ( #2313, #947 ) ) ;
#2636 = FACE_OUTER_BOUND ( 'NONE', #1204, .T. ) ;
#2637 = EDGE_CURVE ( 'NONE', #1631, #901, #2456, .T. ) ;
#2638 = DIRECTION ( 'NONE',  ( 0.000000000000000000, 0.000000000000000000, -1.000000000000000000 ) ) ;
#2639 = CARTESIAN_POINT ( 'NONE',  ( -288.1000000000000227, 188.0000000000000000, -4.599999999999999645 ) ) ;
#2640 = APPLICATION_PROTOCOL_DEFINITION ( 'international standard', 'config_control_design', 1994, #2004 ) ;
#2641 = DIRECTION ( 'NONE',  ( 0.000000000000000000, 0.000000000000000000, 1.000000000000000000 ) ) ;
#2642 = ORIENTED_EDGE ( 'NONE', *, *, #2633, .T. ) ;
#2643 = DIRECTION ( 'NONE',  ( 0.000000000000000000, 0.000000000000000000, -1.000000000000000000 ) ) ;
#2644 = EDGE_CURVE ( 'NONE', #1430, #78, #2500, .T. ) ;
#2645 = FACE_OUTER_BOUND ( 'NONE', #989, .T. ) ;
#2646 = DIRECTION ( 'NONE',  ( 0.000000000000000000, 0.000000000000000000, 1.000000000000000000 ) ) ;
#2647 = DIRECTION ( 'NONE',  ( 1.000000000000000000, 0.000000000000000000, -0.000000000000000000 ) ) ;
#2648 = ORIENTED_EDGE ( 'NONE', *, *, #1420, .T. ) ;
#2649 = ORIENTED_EDGE ( 'NONE', *, *, #2127, .T. ) ;
#2650 = AXIS2_PLACEMENT_3D ( 'NONE', #2284, #131, #1630 ) ;
#2651 = FACE_OUTER_BOUND ( 'NONE', #1127, .T. ) ;
#2652 = DIRECTION ( 'NONE',  ( 1.000000000000000000, 0.000000000000000000, 0.000000000000000000 ) ) ;
#2653 = DIRECTION ( 'NONE',  ( -1.000000000000000000, 0.000000000000000000, 0.000000000000000000 ) ) ;
#2654 = ORIENTED_EDGE ( 'NONE', *, *, #1237, .F. ) ;
#2655 = DIRECTION ( 'NONE',  ( -1.000000000000000000, 0.000000000000000000, 0.000000000000000000 ) ) ;
#2656 = FACE_OUTER_BOUND ( 'NONE', #913, .T. ) ;
#2657 = DIRECTION ( 'NONE',  ( -1.000000000000000000, 0.000000000000000000, 0.000000000000000000 ) ) ;
#2658 = LINE ( 'NONE', #1585, #2012 ) ;
#2659 = VERTEX_POINT ( 'NONE', #1758 ) ;
#2660 = ORIENTED_EDGE ( 'NONE', *, *, #223, .F. ) ;
#2661 = AXIS2_PLACEMENT_3D ( 'NONE', #1717, #1511, #1038 ) ;
#2662 = CARTESIAN_POINT ( 'NONE',  ( 295.8999999999999773, 188.0000000000000000, -3.250000000000000444 ) ) ;
#2663 = DATE_TIME_ROLE ( 'classification_date' ) ;
#2664 = CARTESIAN_POINT ( 'NONE',  ( -288.1000000000000227, -200.0000000000000000, -18.00000000000000355 ) ) ;
#2665 = EDGE_CURVE ( 'NONE', #1259, #2270, #1281, .T. ) ;
#2666 = VERTEX_POINT ( 'NONE', #1720 ) ;
#2667 = LINE ( 'NONE', #1164, #1123 ) ;
#2668 = AXIS2_PLACEMENT_3D ( 'NONE', #2693, #767, #2055 ) ;
#2669 = ORIENTED_EDGE ( 'NONE', *, *, #2633, .F. ) ;
#2670 = CARTESIAN_POINT ( 'NONE',  ( 295.8999999999999773, -188.0000000000000000, -15.25000000000000355 ) ) ;
#2671 = AXIS2_PLACEMENT_3D ( 'NONE', #1242, #1017, #2688 ) ;
#2672 = AXIS2_PLACEMENT_3D ( 'NONE', #1998, #81, #2695 ) ;
#2673 = CARTESIAN_POINT ( 'NONE',  ( -295.8999999999999773, 200.0000000000000000, -8.750000000000000000 ) ) ;
#2674 = CYLINDRICAL_SURFACE ( 'NONE', #1963, 1.400000000000000133 ) ;
#2675 = EDGE_LOOP ( 'NONE', ( #640, #1470 ) ) ;
#2676 = ADVANCED_BREP_SHAPE_REPRESENTATION ( 'LidLatchFastenerPack_V11_16xM3', ( #2109, #2101, #2115, #279, #2126, #2072, #1209, #268, #208, #1228, #1199, #2097, #2154, #1224, #2151, #237, #2277 ), #1552 ) ;
#2677 = ORIENTED_EDGE ( 'NONE', *, *, #2345, .T. ) ;
#2678 = ADVANCED_FACE ( 'NONE', ( #2599 ), #1912, .T. ) ;
#2679 = CIRCLE ( 'NONE', #1505, 1.399999999999998579 ) ;
#2680 = DIRECTION ( 'NONE',  ( 1.000000000000000000, -0.000000000000000000, -0.000000000000000000 ) ) ;
#2681 = DIRECTION ( 'NONE',  ( 0.000000000000000000, 0.000000000000000000, -1.000000000000000000 ) ) ;
#2682 = ORIENTED_EDGE ( 'NONE', *, *, #1057, .F. ) ;
#2683 = DIRECTION ( 'NONE',  ( 1.000000000000000000, -0.000000000000000000, -0.000000000000000000 ) ) ;
#2684 = PRODUCT_RELATED_PRODUCT_CATEGORY ( 'detail', '', ( #2257 ) ) ;
#2685 = CARTESIAN_POINT ( 'NONE',  ( -295.0000000000000000, -200.0000000000000000, -18.00000000000000355 ) ) ;
#2686 = DIRECTION ( 'NONE',  ( -1.000000000000000000, 0.000000000000000000, 0.000000000000000000 ) ) ;
#2687 = EDGE_CURVE ( 'NONE', #696, #200, #2390, .T. ) ;
#2688 = DIRECTION ( 'NONE',  ( 0.000000000000000000, 0.000000000000000000, -1.000000000000000000 ) ) ;
#2689 = FACE_OUTER_BOUND ( 'NONE', #2023, .T. ) ;
#2690 = EDGE_LOOP ( 'NONE', ( #1049, #1153 ) ) ;
#2691 = ORIENTED_EDGE ( 'NONE', *, *, #2602, .T. ) ;
#2692 = EDGE_CURVE ( 'NONE', #1566, #806, #250, .T. ) ;
#2693 = CARTESIAN_POINT ( 'NONE',  ( -295.0000000000000000, 200.0000000000000000, -18.00000000000000355 ) ) ;
#2694 = VECTOR ( 'NONE', #280, 1000.000000000000000 ) ;
#2695 = DIRECTION ( 'NONE',  ( 0.000000000000000000, 0.000000000000000000, 1.000000000000000000 ) ) ;
#2696 = ORIENTED_EDGE ( 'NONE', *, *, #617, .T. ) ;
#2697 = DIRECTION ( 'NONE',  ( 0.000000000000000000, 0.000000000000000000, -1.000000000000000000 ) ) ;
#2698 = CYLINDRICAL_SURFACE ( 'NONE', #1353, 2.749999999999999112 ) ;
#2699 = CARTESIAN_POINT ( 'NONE',  ( -295.0000000000000000, -188.0000000000000000, -6.000000000000000000 ) ) ;
#2700 = DIRECTION ( 'NONE',  ( 0.000000000000000000, 0.000000000000000000, 1.000000000000000000 ) ) ;
#2701 = DIRECTION ( 'NONE',  ( 1.000000000000000000, 0.000000000000000000, 0.000000000000000000 ) ) ;
#2702 = EDGE_LOOP ( 'NONE', ( #1748, #2594 ) ) ;
#2703 = VERTEX_POINT ( 'NONE', #1955 ) ;
#2704 = ADVANCED_FACE ( 'NONE', ( #1968 ), #636, .T. ) ;
#2705 = DIRECTION ( 'NONE',  ( 0.000000000000000000, 0.000000000000000000, 1.000000000000000000 ) ) ;
#2706 = DIRECTION ( 'NONE',  ( -0.000000000000000000, 0.000000000000000000, 1.000000000000000000 ) ) ;
#2707 = CIRCLE ( 'NONE', #286, 2.750000000000000000 ) ;
#2708 = DIRECTION ( 'NONE',  ( -1.000000000000000000, 0.000000000000000000, 0.000000000000000000 ) ) ;
#2709 = ORIENTED_EDGE ( 'NONE', *, *, #191, .T. ) ;
#2710 = EDGE_CURVE ( 'NONE', #2066, #1216, #2585, .T. ) ;
#2711 = CARTESIAN_POINT ( 'NONE',  ( -295.0000000000000000, 200.0000000000000000, -6.000000000000000000 ) ) ;
#2712 = CARTESIAN_POINT ( 'NONE',  ( -295.0000000000000000, 200.0000000000000000, -8.750000000000000000 ) ) ;
#2713 = CYLINDRICAL_SURFACE ( 'NONE', #895, 2.750000000000000888 ) ;
#2714 = EDGE_LOOP ( 'NONE', ( #1255, #721 ) ) ;
#2715 = AXIS2_PLACEMENT_3D ( 'NONE', #755, #1398, #1842 ) ;
#2716 = EDGE_LOOP ( 'NONE', ( #97, #1490, #1522, #2155 ) ) ;
#2717 = VECTOR ( 'NONE', #1529, 1000.000000000000000 ) ;
#2718 = DIRECTION ( 'NONE',  ( -1.000000000000000000, 0.000000000000000000, 0.000000000000000000 ) ) ;
#2719 = AXIS2_PLACEMENT_3D ( 'NONE', #1527, #39, #1497 ) ;
#2720 = CARTESIAN_POINT ( 'NONE',  ( -288.1000000000000227, 200.0000000000000000, -6.000000000000000000 ) ) ;
#2721 = CARTESIAN_POINT ( 'NONE',  ( -295.0000000000000000, -200.0000000000000000, -4.599999999999999645 ) ) ;
#2722 = FACE_OUTER_BOUND ( 'NONE', #2000, .T. ) ;
#2723 = CARTESIAN_POINT ( 'NONE',  ( -288.1000000000000227, -200.0000000000000000, -18.00000000000000355 ) ) ;
#2724 = CARTESIAN_POINT ( 'NONE',  ( -288.1000000000000227, -200.0000000000000000, -7.400000000000000355 ) ) ;
#2725 = DIRECTION ( 'NONE',  ( -1.000000000000000000, 0.000000000000000000, 0.000000000000000000 ) ) ;
#2726 = ORIENTED_EDGE ( 'NONE', *, *, #815, .T. ) ;
#2727 = VERTEX_POINT ( 'NONE', #1940 ) ;
#2728 = ORIENTED_EDGE ( 'NONE', *, *, #1147, .F. ) ;
#2729 = LINE ( 'NONE', #2523, #386 ) ;
#2730 = FACE_BOUND ( 'NONE', #274, .T. ) ;
#2731 = AXIS2_PLACEMENT_3D ( 'NONE', #2305, #758, #1614 ) ;
#2732 = CARTESIAN_POINT ( 'NONE',  ( 295.0000000000000000, 200.0000000000000000, -19.40000000000000213 ) ) ;
#2733 = AXIS2_PLACEMENT_3D ( 'NONE', #53, #1554, #1346 ) ;
#2734 = CARTESIAN_POINT ( 'NONE',  ( -295.8999999999999773, -200.0000000000000000, -20.75000000000000000 ) ) ;
#2735 = LINE ( 'NONE', #1475, #487 ) ;
#2736 = ADVANCED_FACE ( 'NONE', ( #1276 ), #2149, .T. ) ;
#2737 = FACE_OUTER_BOUND ( 'NONE', #2198, .T. ) ;
#2738 = DIRECTION ( 'NONE',  ( 1.000000000000000000, -0.000000000000000000, -0.000000000000000000 ) ) ;
#2739 = EDGE_LOOP ( 'NONE', ( #2113, #1256, #2098, #2669 ) ) ;
#2740 = ORIENTED_EDGE ( 'NONE', *, *, #462, .T. ) ;
#2741 = ORIENTED_EDGE ( 'NONE', *, *, #129, .F. ) ;
#2742 = ORIENTED_EDGE ( 'NONE', *, *, #1905, .T. ) ;
#2743 = PLANE ( 'NONE',  #1461 ) ;
#2744 = CARTESIAN_POINT ( 'NONE',  ( 295.0000000000000000, 188.0000000000000000, -4.599999999999999645 ) ) ;
#2745 = DIRECTION ( 'NONE',  ( 1.000000000000000000, 0.000000000000000000, 0.000000000000000000 ) ) ;
#2746 = DIRECTION ( 'NONE',  ( -1.000000000000000000, 0.000000000000000000, 0.000000000000000000 ) ) ;
#2747 = EDGE_CURVE ( 'NONE', #1341, #2413, #1858, .T. ) ;
#2748 = CIRCLE ( 'NONE', #1096, 1.399999999999998579 ) ;
#2749 = LINE ( 'NONE', #222, #156 ) ;
#2750 = ORIENTED_EDGE ( 'NONE', *, *, #1868, .T. ) ;
#2751 = ORIENTED_EDGE ( 'NONE', *, *, #2637, .T. ) ;
#2752 = AXIS2_PLACEMENT_3D ( 'NONE', #748, #2020, #2422 ) ;
#2753 = CARTESIAN_POINT ( 'NONE',  ( 295.8999999999999773, -200.0000000000000000, -15.25000000000000355 ) ) ;
#2754 = AXIS2_PLACEMENT_3D ( 'NONE', #839, #2346, #174 ) ;
#2755 = VERTEX_POINT ( 'NONE', #1069 ) ;
#2756 = EDGE_CURVE ( 'NONE', #978, #1961, #163, .T. ) ;
#2757 = EDGE_LOOP ( 'NONE', ( #1098, #1075, #420, #1994 ) ) ;
#2758 = AXIS2_PLACEMENT_3D ( 'NONE', #284, #2433, #1599 ) ;
#2759 = DIRECTION ( 'NONE',  ( 1.000000000000000000, 0.000000000000000000, 0.000000000000000000 ) ) ;
#2760 = DIRECTION ( 'NONE',  ( 1.000000000000000000, 0.000000000000000000, 0.000000000000000000 ) ) ;
#2761 = PLANE ( 'NONE',  #1784 ) ;
#2762 = DIRECTION ( 'NONE',  ( 0.000000000000000000, 0.000000000000000000, 1.000000000000000000 ) ) ;
#2763 = CARTESIAN_POINT ( 'NONE',  ( 295.8999999999999773, -200.0000000000000000, -18.00000000000000355 ) ) ;
#2764 = EDGE_CURVE ( 'NONE', #524, #2393, #1104, .T. ) ;
#2765 = DIRECTION ( 'NONE',  ( -1.000000000000000000, -0.000000000000000000, -0.000000000000000000 ) ) ;
#2766 = VERTEX_POINT ( 'NONE', #2376 ) ;
#2767 = ORIENTED_EDGE ( 'NONE', *, *, #1959, .T. ) ;
#2768 = FACE_OUTER_BOUND ( 'NONE', #434, .T. ) ;
#2769 = EDGE_CURVE ( 'NONE', #338, #2766, #2403, .T. ) ;
#2770 = DIRECTION ( 'NONE',  ( 0.000000000000000000, 0.000000000000000000, -1.000000000000000000 ) ) ;
#2771 = CARTESIAN_POINT ( 'NONE',  ( 288.1000000000000227, -200.0000000000000000, -6.000000000000000000 ) ) ;
#2772 = DIRECTION ( 'NONE',  ( 1.000000000000000000, 0.000000000000000000, 0.000000000000000000 ) ) ;
#2773 = AXIS2_PLACEMENT_3D ( 'NONE', #573, #544, #143 ) ;
#2774 = DIRECTION ( 'NONE',  ( -1.000000000000000000, 0.000000000000000000, 0.000000000000000000 ) ) ;
#2775 = DIRECTION ( 'NONE',  ( 0.000000000000000000, 0.000000000000000000, -1.000000000000000000 ) ) ;
ENDSEC;
END-ISO-10303-21;
