ISO-10303-21;
HEADER;
FILE_DESCRIPTION (( 'STEP AP203' ),
    '1' );
FILE_NAME ('LidLatchCasePack_V11_SouthcoV7.STEP',
    '2026-08-29T08:01:32',
    ( '' ),
    ( '' ),
    'SwSTEP 2.0',
    'SolidWorks 2025',
    '' );
FILE_SCHEMA (( 'CONFIG_CONTROL_DESIGN' ));
ENDSEC;

DATA;
#1 = DIRECTION ( 'NONE',  ( 1.000000000000000000, 0.000000000000000000, -0.000000000000000000 ) ) ;
#2 = CARTESIAN_POINT ( 'NONE',  ( -294.0000000000000000, -180.5000000000000000, 31.00000000000000000 ) ) ;
#3 = CARTESIAN_POINT ( 'NONE',  ( -294.0000000000000000, 180.5000000000000000, 27.00000000000000355 ) ) ;
#4 = EDGE_CURVE ( 'NONE', #231, #1145, #3682, .T. ) ;
#5 = VERTEX_POINT ( 'NONE', #4015 ) ;
#6 = EDGE_LOOP ( 'NONE', ( #4009, #1493, #215, #897 ) ) ;
#7 = DIRECTION ( 'NONE',  ( 1.000000000000000000, 0.000000000000000000, -0.000000000000000000 ) ) ;
#8 = DIRECTION ( 'NONE',  ( 1.000000000000000000, 0.000000000000000000, -0.000000000000000000 ) ) ;
#9 = ORIENTED_EDGE ( 'NONE', *, *, #3291, .F. ) ;
#10 = VECTOR ( 'NONE', #3763, 1000.000000000000000 ) ;
#11 = CARTESIAN_POINT ( 'NONE',  ( -292.0000000000000000, 179.0000000000000000, 22.00000000000000000 ) ) ;
#12 = DIRECTION ( 'NONE',  ( 0.000000000000000000, 0.000000000000000000, -1.000000000000000000 ) ) ;
#13 = PLANE ( 'NONE',  #686 ) ;
#14 = AXIS2_PLACEMENT_3D ( 'NONE', #1175, #3124, #933 ) ;
#15 = ADVANCED_FACE ( 'NONE', ( #1160 ), #3041, .F. ) ;
#16 = ORIENTED_EDGE ( 'NONE', *, *, #577, .F. ) ;
#17 = VECTOR ( 'NONE', #3923, 1000.000000000000000 ) ;
#18 = CARTESIAN_POINT ( 'NONE',  ( -275.0000000000000000, 185.5000000000000000, 21.50000000000000000 ) ) ;
#19 = CARTESIAN_POINT ( 'NONE',  ( 275.0000000000000000, 200.0000000000000000, 24.00000000000000000 ) ) ;
#20 = ORIENTED_EDGE ( 'NONE', *, *, #2914, .T. ) ;
#21 = EDGE_CURVE ( 'NONE', #435, #3365, #3996, .T. ) ;
#22 = CARTESIAN_POINT ( 'NONE',  ( 288.8999999999999773, -194.0000000000000000, 21.50000000000000000 ) ) ;
#23 = CARTESIAN_POINT ( 'NONE',  ( 282.0000000000000000, -202.5000000000000000, 21.50000000000000000 ) ) ;
#24 = LINE ( 'NONE', #3172, #2188 ) ;
#25 = PLANE ( 'NONE',  #1758 ) ;
#26 = ORIENTED_EDGE ( 'NONE', *, *, #2925, .T. ) ;
#27 = ORIENTED_EDGE ( 'NONE', *, *, #1130, .T. ) ;
#28 = EDGE_CURVE ( 'NONE', #1594, #408, #873, .T. ) ;
#29 = ORIENTED_EDGE ( 'NONE', *, *, #271, .T. ) ;
#30 = LINE ( 'NONE', #2543, #1819 ) ;
#31 = LINE ( 'NONE', #2544, #754 ) ;
#32 = EDGE_CURVE ( 'NONE', #3212, #426, #1556, .T. ) ;
#33 = CLOSED_SHELL ( 'NONE', ( #1319, #102, #2149, #495, #3571, #2878, #3530, #3390, #777, #3907, #1173, #3662, #3760, #478, #784, #2656, #1991, #2923, #205, #2355, #504, #3350, #949, #2742, #810, #1265, #3675, #1458, #1628, #868, #2380, #4031, #3650, #3134 ) ) ;
#34 = ORIENTED_EDGE ( 'NONE', *, *, #3082, .T. ) ;
#35 = DIRECTION ( 'NONE',  ( -0.000000000000000000, 1.000000000000000000, 0.000000000000000000 ) ) ;
#36 = CARTESIAN_POINT ( 'NONE',  ( 290.8999999999999773, -178.5000000000000000, 32.00000000000000000 ) ) ;
#37 = AXIS2_PLACEMENT_3D ( 'NONE', #2442, #2422, #1292 ) ;
#38 = EDGE_CURVE ( 'NONE', #1145, #875, #1551, .T. ) ;
#39 = VERTEX_POINT ( 'NONE', #560 ) ;
#40 = AXIS2_PLACEMENT_3D ( 'NONE', #3555, #429, #326 ) ;
#41 = CARTESIAN_POINT ( 'NONE',  ( 0.000000000000000000, 0.000000000000000000, 0.000000000000000000 ) ) ;
#42 = CARTESIAN_POINT ( 'NONE',  ( 288.8999999999999773, -202.5000000000000000, 16.00000000000000000 ) ) ;
#43 = DIRECTION ( 'NONE',  ( -1.000000000000000000, -0.000000000000000000, 0.000000000000000000 ) ) ;
#44 = ORIENTED_EDGE ( 'NONE', *, *, #3606, .T. ) ;
#45 = VECTOR ( 'NONE', #405, 1000.000000000000000 ) ;
#46 = LINE ( 'NONE', #334, #2525 ) ;
#47 = EDGE_CURVE ( 'NONE', #342, #3115, #1880, .T. ) ;
#48 = VECTOR ( 'NONE', #1288, 1000.000000000000000 ) ;
#49 = DIRECTION ( 'NONE',  ( -1.000000000000000000, 0.000000000000000000, 0.000000000000000000 ) ) ;
#50 = DIRECTION ( 'NONE',  ( 0.000000000000000000, 0.000000000000000000, 1.000000000000000000 ) ) ;
#51 = PLANE ( 'NONE',  #4050 ) ;
#52 = VERTEX_POINT ( 'NONE', #2144 ) ;
#53 = ORIENTED_EDGE ( 'NONE', *, *, #3520, .F. ) ;
#54 = ORIENTED_EDGE ( 'NONE', *, *, #930, .T. ) ;
#55 = DIRECTION ( 'NONE',  ( 0.000000000000000000, -1.000000000000000000, -0.000000000000000000 ) ) ;
#56 = DIRECTION ( 'NONE',  ( 0.000000000000000000, 0.000000000000000000, 1.000000000000000000 ) ) ;
#57 = ORIENTED_EDGE ( 'NONE', *, *, #3865, .T. ) ;
#58 = EDGE_CURVE ( 'NONE', #2573, #1442, #2652, .T. ) ;
#59 = EDGE_CURVE ( 'NONE', #3091, #2142, #1689, .T. ) ;
#60 = DIRECTION ( 'NONE',  ( -1.000000000000000000, 0.000000000000000000, 0.000000000000000000 ) ) ;
#61 = CARTESIAN_POINT ( 'NONE',  ( 294.0000000000000000, -207.5000000000000284, 29.00000000000000000 ) ) ;
#62 = EDGE_CURVE ( 'NONE', #3589, #3140, #3730, .T. ) ;
#63 = VERTEX_POINT ( 'NONE', #982 ) ;
#64 = FACE_OUTER_BOUND ( 'NONE', #4073, .T. ) ;
#65 = FACE_OUTER_BOUND ( 'NONE', #1118, .T. ) ;
#66 = CARTESIAN_POINT ( 'NONE',  ( -288.8999999999999773, 190.5000000000000000, 21.50000000000000000 ) ) ;
#67 = ORIENTED_EDGE ( 'NONE', *, *, #447, .F. ) ;
#68 = EDGE_CURVE ( 'NONE', #2611, #3801, #1621, .T. ) ;
#69 = CARTESIAN_POINT ( 'NONE',  ( 294.0000000000000000, 209.0000000000000284, 22.00000000000000000 ) ) ;
#70 = CARTESIAN_POINT ( 'NONE',  ( 288.8999999999999773, -197.5000000000000000, 21.50000000000000000 ) ) ;
#71 = VECTOR ( 'NONE', #3994, 1000.000000000000000 ) ;
#72 = FACE_OUTER_BOUND ( 'NONE', #791, .T. ) ;
#73 = EDGE_LOOP ( 'NONE', ( #1724, #1112, #2871, #3740 ) ) ;
#74 = APPROVAL_PERSON_ORGANIZATION ( #330, #3269, #935 ) ;
#75 = ORIENTED_EDGE ( 'NONE', *, *, #1087, .T. ) ;
#76 = CARTESIAN_POINT ( 'NONE',  ( 288.8999999999999773, 185.5000000000000000, 21.50000000000000000 ) ) ;
#77 = FACE_OUTER_BOUND ( 'NONE', #73, .T. ) ;
#78 = ORIENTED_EDGE ( 'NONE', *, *, #2905, .F. ) ;
#79 = EDGE_CURVE ( 'NONE', #2479, #1387, #2864, .T. ) ;
#80 = DIRECTION ( 'NONE',  ( 0.000000000000000000, 0.000000000000000000, -1.000000000000000000 ) ) ;
#81 = CARTESIAN_POINT ( 'NONE',  ( 275.0000000000000000, -190.5000000000000000, 21.50000000000000000 ) ) ;
#82 = ORIENTED_EDGE ( 'NONE', *, *, #664, .T. ) ;
#83 = FACE_OUTER_BOUND ( 'NONE', #6, .T. ) ;
#84 = EDGE_CURVE ( 'NONE', #131, #3484, #3796, .T. ) ;
#85 = VECTOR ( 'NONE', #915, 1000.000000000000000 ) ;
#86 = LINE ( 'NONE', #3768, #48 ) ;
#87 = DIRECTION ( 'NONE',  ( 0.000000000000000000, 0.000000000000000000, -1.000000000000000000 ) ) ;
#88 = ORIENTED_EDGE ( 'NONE', *, *, #923, .T. ) ;
#89 = VECTOR ( 'NONE', #1726, 1000.000000000000000 ) ;
#90 = LINE ( 'NONE', #3861, #1424 ) ;
#91 = DIRECTION ( 'NONE',  ( 0.000000000000000000, 0.000000000000000000, -1.000000000000000000 ) ) ;
#92 = LINE ( 'NONE', #1356, #3726 ) ;
#93 = VECTOR ( 'NONE', #500, 1000.000000000000000 ) ;
#94 = VERTEX_POINT ( 'NONE', #4079 ) ;
#95 = ORIENTED_EDGE ( 'NONE', *, *, #1241, .F. ) ;
#96 = FACE_OUTER_BOUND ( 'NONE', #323, .T. ) ;
#97 = LINE ( 'NONE', #450, #3034 ) ;
#98 = CARTESIAN_POINT ( 'NONE',  ( -294.0000000000000000, 182.0000000000000000, 22.00000000000000000 ) ) ;
#99 = EDGE_CURVE ( 'NONE', #2828, #3670, #2844, .T. ) ;
#100 = AXIS2_PLACEMENT_3D ( 'NONE', #1824, #250, #3975 ) ;
#101 = CARTESIAN_POINT ( 'NONE',  ( 282.0000000000000000, 200.0000000000000000, 21.50000000000000000 ) ) ;
#102 = ADVANCED_FACE ( 'NONE', ( #2230 ), #653, .F. ) ;
#103 = CARTESIAN_POINT ( 'NONE',  ( -294.0000000000000000, -207.5000000000000284, 31.00000000000000000 ) ) ;
#104 = AXIS2_PLACEMENT_3D ( 'NONE', #3075, #217, #3691 ) ;
#105 = VERTEX_POINT ( 'NONE', #314 ) ;
#106 = CARTESIAN_POINT ( 'NONE',  ( -275.0000000000000000, 188.0000000000000000, 26.50000000000000355 ) ) ;
#107 = AXIS2_PLACEMENT_3D ( 'NONE', #3956, #898, #856 ) ;
#108 = CARTESIAN_POINT ( 'NONE',  ( 275.0000000000000000, 200.0000000000000000, 24.00000000000000000 ) ) ;
#109 = DIRECTION ( 'NONE',  ( 0.000000000000000000, 0.000000000000000000, 1.000000000000000000 ) ) ;
#110 = VERTEX_POINT ( 'NONE', #3485 ) ;
#111 = EDGE_CURVE ( 'NONE', #3208, #231, #1952, .T. ) ;
#112 = VECTOR ( 'NONE', #2920, 1000.000000000000000 ) ;
#113 = FACE_OUTER_BOUND ( 'NONE', #2238, .T. ) ;
#114 = AXIS2_PLACEMENT_3D ( 'NONE', #1186, #2167, #1583 ) ;
#115 = FACE_BOUND ( 'NONE', #3108, .T. ) ;
#116 = ORIENTED_EDGE ( 'NONE', *, *, #401, .T. ) ;
#117 = VECTOR ( 'NONE', #694, 1000.000000000000000 ) ;
#118 = ORIENTED_EDGE ( 'NONE', *, *, #3404, .F. ) ;
#119 = DIRECTION ( 'NONE',  ( -0.000000000000000000, 1.000000000000000000, 0.000000000000000000 ) ) ;
#120 = LINE ( 'NONE', #781, #691 ) ;
#121 = CARTESIAN_POINT ( 'NONE',  ( 274.6000000000000227, 188.0000000000000000, 22.30000000000000071 ) ) ;
#122 = APPLICATION_CONTEXT ( 'configuration controlled 3d designs of mechanical parts and assemblies' ) ;
#123 = CARTESIAN_POINT ( 'NONE',  ( -294.0000000000000000, 180.5000000000000000, 31.00000000000000000 ) ) ;
#124 = CARTESIAN_POINT ( 'NONE',  ( 288.8999999999999773, 190.5000000000000000, 26.50000000000000355 ) ) ;
#125 = ORIENTED_EDGE ( 'NONE', *, *, #3704, .F. ) ;
#126 = DIRECTION ( 'NONE',  ( -0.000000000000000000, 0.000000000000000000, -1.000000000000000000 ) ) ;
#127 = CARTESIAN_POINT ( 'NONE',  ( 294.0000000000000000, 209.0000000000000284, 22.00000000000000000 ) ) ;
#128 = VERTEX_POINT ( 'NONE', #1929 ) ;
#129 = FACE_OUTER_BOUND ( 'NONE', #1915, .T. ) ;
#130 = DIRECTION ( 'NONE',  ( 0.000000000000000000, 0.000000000000000000, -1.000000000000000000 ) ) ;
#131 = VERTEX_POINT ( 'NONE', #3170 ) ;
#132 = VECTOR ( 'NONE', #2461, 1000.000000000000000 ) ;
#133 = ORIENTED_EDGE ( 'NONE', *, *, #2174, .T. ) ;
#134 = CARTESIAN_POINT ( 'NONE',  ( -294.0000000000000000, -206.0000000000000284, 22.00000000000000000 ) ) ;
#135 = DIRECTION ( 'NONE',  ( -1.000000000000000000, -0.000000000000000000, 0.000000000000000000 ) ) ;
#136 = EDGE_CURVE ( 'NONE', #3589, #3140, #2014, .T. ) ;
#137 = DIRECTION ( 'NONE',  ( 0.000000000000000000, 1.000000000000000000, 0.000000000000000000 ) ) ;
#138 = EDGE_CURVE ( 'NONE', #3615, #843, #46, .T. ) ;
#139 = DIRECTION ( 'NONE',  ( -0.000000000000000000, 0.000000000000000000, -1.000000000000000000 ) ) ;
#140 = CARTESIAN_POINT ( 'NONE',  ( -294.0000000000000000, 207.5000000000000284, 31.00000000000000000 ) ) ;
#141 = EDGE_CURVE ( 'NONE', #537, #1070, #3466, .T. ) ;
#142 = ORIENTED_EDGE ( 'NONE', *, *, #2432, .T. ) ;
#143 = CYLINDRICAL_SURFACE ( 'NONE', #2932, 1.700000000000000178 ) ;
#144 = CARTESIAN_POINT ( 'NONE',  ( 290.8999999999999773, -179.0000000000000000, 16.00000000000000000 ) ) ;
#145 = VERTEX_POINT ( 'NONE', #471 ) ;
#146 = AXIS2_PLACEMENT_3D ( 'NONE', #4012, #4030, #3346 ) ;
#147 = CARTESIAN_POINT ( 'NONE',  ( -290.8999999999999773, -188.0000000000000000, 24.00000000000000000 ) ) ;
#148 = EDGE_CURVE ( 'NONE', #2360, #919, #785, .T. ) ;
#149 = VERTEX_POINT ( 'NONE', #2335 ) ;
#150 = ORIENTED_EDGE ( 'NONE', *, *, #602, .T. ) ;
#151 = ORIENTED_EDGE ( 'NONE', *, *, #2319, .T. ) ;
#152 = FACE_OUTER_BOUND ( 'NONE', #540, .T. ) ;
#153 = DIRECTION ( 'NONE',  ( 0.000000000000000000, -0.000000000000000000, 1.000000000000000000 ) ) ;
#154 = VECTOR ( 'NONE', #1336, 1000.000000000000000 ) ;
#155 = DIRECTION ( 'NONE',  ( 1.000000000000000000, 0.000000000000000000, -0.000000000000000000 ) ) ;
#156 = CARTESIAN_POINT ( 'NONE',  ( 292.0000000000000000, 182.0000000000000000, 31.00000000000000000 ) ) ;
#157 = CARTESIAN_POINT ( 'NONE',  ( 294.0000000000000000, 207.5000000000000284, 31.00000000000000000 ) ) ;
#158 = AXIS2_PLACEMENT_3D ( 'NONE', #1247, #2124, #2440 ) ;
#159 = ORIENTED_EDGE ( 'NONE', *, *, #111, .F. ) ;
#160 = DIRECTION ( 'NONE',  ( 0.000000000000000000, -1.000000000000000000, 0.000000000000000000 ) ) ;
#161 = DIRECTION ( 'NONE',  ( 0.000000000000000000, -1.000000000000000000, -0.000000000000000000 ) ) ;
#162 = EDGE_CURVE ( 'NONE', #270, #3140, #1729, .T. ) ;
#163 = EDGE_LOOP ( 'NONE', ( #172, #2896, #2420, #1853 ) ) ;
#164 = VECTOR ( 'NONE', #3756, 1000.000000000000000 ) ;
#165 = CIRCLE ( 'NONE', #2990, 1.999999999999998224 ) ;
#166 = EDGE_CURVE ( 'NONE', #420, #549, #1748, .T. ) ;
#167 = PLANE ( 'NONE',  #1468 ) ;
#168 = ORIENTED_EDGE ( 'NONE', *, *, #3833, .F. ) ;
#169 = CIRCLE ( 'NONE', #1634, 1.999999999999998224 ) ;
#170 = ORIENTED_EDGE ( 'NONE', *, *, #1655, .F. ) ;
#171 = EDGE_CURVE ( 'NONE', #2326, #1913, #1714, .T. ) ;
#172 = ORIENTED_EDGE ( 'NONE', *, *, #2905, .T. ) ;
#173 = AXIS2_PLACEMENT_3D ( 'NONE', #709, #2898, #80 ) ;
#174 = CARTESIAN_POINT ( 'NONE',  ( 282.0000000000000000, 190.5000000000000000, 26.50000000000000355 ) ) ;
#175 = CARTESIAN_POINT ( 'NONE',  ( 292.0000000000000000, 206.0000000000000284, 22.00000000000000000 ) ) ;
#176 = DIRECTION ( 'NONE',  ( 0.000000000000000000, 1.000000000000000000, 0.000000000000000000 ) ) ;
#177 = AXIS2_PLACEMENT_3D ( 'NONE', #3549, #1294, #3490 ) ;
#178 = DIRECTION ( 'NONE',  ( 0.000000000000000000, 0.000000000000000000, 1.000000000000000000 ) ) ;
#179 = LINE ( 'NONE', #1640, #3989 ) ;
#180 = PLANE ( 'NONE',  #3637 ) ;
#181 = ADVANCED_FACE ( 'NONE', ( #3579 ), #2073, .T. ) ;
#182 = ORIENTED_EDGE ( 'NONE', *, *, #3613, .F. ) ;
#183 = DIRECTION ( 'NONE',  ( 0.000000000000000000, 0.000000000000000000, -1.000000000000000000 ) ) ;
#184 = EDGE_CURVE ( 'NONE', #2172, #2482, #1384, .T. ) ;
#185 = CARTESIAN_POINT ( 'NONE',  ( -294.0000000000000000, 180.5000000000000000, 31.00000000000000000 ) ) ;
#186 = ORIENTED_EDGE ( 'NONE', *, *, #3945, .T. ) ;
#187 = CARTESIAN_POINT ( 'NONE',  ( -282.0000000000000000, 185.5000000000000000, 26.50000000000000355 ) ) ;
#188 = ORIENTED_EDGE ( 'NONE', *, *, #3809, .T. ) ;
#189 = EDGE_CURVE ( 'NONE', #2102, #757, #2371, .T. ) ;
#190 = VERTEX_POINT ( 'NONE', #2625 ) ;
#191 = EDGE_LOOP ( 'NONE', ( #1645, #2815, #1449, #2672 ) ) ;
#192 = CARTESIAN_POINT ( 'NONE',  ( 292.0000000000000000, -206.0000000000000284, 22.00000000000000000 ) ) ;
#193 = CARTESIAN_POINT ( 'NONE',  ( 275.0000000000000000, 190.5000000000000000, 21.50000000000000000 ) ) ;
#194 = CARTESIAN_POINT ( 'NONE',  ( 275.0000000000000000, 202.5000000000000000, 21.50000000000000000 ) ) ;
#195 = EDGE_LOOP ( 'NONE', ( #2542, #4034 ) ) ;
#196 = AXIS2_PLACEMENT_3D ( 'NONE', #3720, #3097, #3055 ) ;
#197 = DIRECTION ( 'NONE',  ( 1.000000000000000000, 0.000000000000000000, -0.000000000000000000 ) ) ;
#198 = PLANE ( 'NONE',  #1570 ) ;
#199 = DIRECTION ( 'NONE',  ( -1.000000000000000000, -0.000000000000000000, 0.000000000000000000 ) ) ;
#200 = EDGE_CURVE ( 'NONE', #1913, #1079, #3013, .T. ) ;
#201 = EDGE_LOOP ( 'NONE', ( #406, #88, #2855, #3148 ) ) ;
#202 = DIRECTION ( 'NONE',  ( -0.000000000000000000, 1.000000000000000000, 0.000000000000000000 ) ) ;
#203 = FACE_OUTER_BOUND ( 'NONE', #208, .T. ) ;
#204 = ORIENTED_EDGE ( 'NONE', *, *, #1943, .T. ) ;
#205 = ADVANCED_FACE ( 'NONE', ( #3261 ), #1067, .T. ) ;
#206 = FACE_OUTER_BOUND ( 'NONE', #2774, .T. ) ;
#207 = EDGE_LOOP ( 'NONE', ( #1585, #2365, #4016, #1723 ) ) ;
#208 = EDGE_LOOP ( 'NONE', ( #3406, #142, #296, #3546 ) ) ;
#209 = ORIENTED_EDGE ( 'NONE', *, *, #712, .F. ) ;
#210 = DIRECTION ( 'NONE',  ( -0.000000000000000000, 1.000000000000000000, 0.000000000000000000 ) ) ;
#211 = LINE ( 'NONE', #544, #1138 ) ;
#212 = VECTOR ( 'NONE', #1657, 1000.000000000000000 ) ;
#213 = CARTESIAN_POINT ( 'NONE',  ( -294.0000000000000000, 206.0000000000000284, 22.00000000000000000 ) ) ;
#214 = EDGE_CURVE ( 'NONE', #1015, #3433, #2699, .T. ) ;
#215 = ORIENTED_EDGE ( 'NONE', *, *, #4070, .T. ) ;
#216 = VECTOR ( 'NONE', #2596, 1000.000000000000000 ) ;
#217 = DIRECTION ( 'NONE',  ( -1.000000000000000000, -0.000000000000000000, 0.000000000000000000 ) ) ;
#218 = DIRECTION ( 'NONE',  ( 0.000000000000000000, 0.000000000000000000, -1.000000000000000000 ) ) ;
#219 = CARTESIAN_POINT ( 'NONE',  ( 294.0000000000000000, 180.5000000000000000, 22.00000000000000000 ) ) ;
#220 = AXIS2_PLACEMENT_3D ( 'NONE', #3529, #2653, #91 ) ;
#221 = ORIENTED_EDGE ( 'NONE', *, *, #1325, .T. ) ;
#222 = EDGE_CURVE ( 'NONE', #2858, #1070, #1418, .T. ) ;
#223 = DIRECTION ( 'NONE',  ( 1.000000000000000000, 0.000000000000000000, -0.000000000000000000 ) ) ;
#224 = DIRECTION ( 'NONE',  ( 0.000000000000000000, 0.000000000000000000, 1.000000000000000000 ) ) ;
#225 = AXIS2_PLACEMENT_3D ( 'NONE', #1002, #2534, #1579 ) ;
#226 = DIRECTION ( 'NONE',  ( 0.000000000000000000, 0.000000000000000000, 1.000000000000000000 ) ) ;
#227 = CARTESIAN_POINT ( 'NONE',  ( -289.8999999999999773, -209.5000000000000284, 32.00000000000000000 ) ) ;
#228 = ORIENTED_EDGE ( 'NONE', *, *, #3868, .F. ) ;
#229 = CARTESIAN_POINT ( 'NONE',  ( 274.6000000000000227, -200.0000000000000000, 24.00000000000000000 ) ) ;
#230 = CIRCLE ( 'NONE', #1953, 1.700000000000000178 ) ;
#231 = VERTEX_POINT ( 'NONE', #2643 ) ;
#232 = ORIENTED_EDGE ( 'NONE', *, *, #2642, .T. ) ;
#233 = CARTESIAN_POINT ( 'NONE',  ( 282.0000000000000000, 190.5000000000000000, 21.50000000000000000 ) ) ;
#234 = FACE_OUTER_BOUND ( 'NONE', #3995, .T. ) ;
#235 = LINE ( 'NONE', #3, #1966 ) ;
#236 = VERTEX_POINT ( 'NONE', #1086 ) ;
#237 = AXIS2_PLACEMENT_3D ( 'NONE', #974, #3434, #1284 ) ;
#238 = ORIENTED_EDGE ( 'NONE', *, *, #1830, .T. ) ;
#239 = DIRECTION ( 'NONE',  ( 0.000000000000000000, 0.000000000000000000, -1.000000000000000000 ) ) ;
#240 = CARTESIAN_POINT ( 'NONE',  ( -292.0000000000000000, -207.5000000000000284, 22.00000000000000000 ) ) ;
#241 = CARTESIAN_POINT ( 'NONE',  ( 275.0000000000000000, -200.0000000000000000, 22.30000000000000071 ) ) ;
#242 = VECTOR ( 'NONE', #1206, 1000.000000000000000 ) ;
#243 = EDGE_LOOP ( 'NONE', ( #1042, #3666, #1520, #1133 ) ) ;
#244 = AXIS2_PLACEMENT_3D ( 'NONE', #3142, #322, #1587 ) ;
#245 = CARTESIAN_POINT ( 'NONE',  ( 292.0000000000000000, -179.0000000000000000, 22.00000000000000000 ) ) ;
#246 = FACE_OUTER_BOUND ( 'NONE', #3648, .T. ) ;
#247 = DIRECTION ( 'NONE',  ( -1.000000000000000000, -0.000000000000000000, 0.000000000000000000 ) ) ;
#248 = DIRECTION ( 'NONE',  ( -1.000000000000000000, -0.000000000000000000, 0.000000000000000000 ) ) ;
#249 = EDGE_LOOP ( 'NONE', ( #352, #333, #2632, #1512, #1800 ) ) ;
#250 = DIRECTION ( 'NONE',  ( 0.000000000000000000, 1.000000000000000000, 0.000000000000000000 ) ) ;
#251 = ORIENTED_EDGE ( 'NONE', *, *, #200, .T. ) ;
#252 = DIRECTION ( 'NONE',  ( 0.000000000000000000, 1.000000000000000000, 0.000000000000000000 ) ) ;
#253 = CARTESIAN_POINT ( 'NONE',  ( -274.6000000000000227, -200.0000000000000000, 22.30000000000000071 ) ) ;
#254 = DIRECTION ( 'NONE',  ( -1.000000000000000000, -0.000000000000000000, 0.000000000000000000 ) ) ;
#255 = ORIENTED_EDGE ( 'NONE', *, *, #148, .F. ) ;
#256 = EDGE_CURVE ( 'NONE', #276, #420, #1439, .T. ) ;
#257 = ORIENTED_EDGE ( 'NONE', *, *, #1510, .F. ) ;
#258 = DIRECTION ( 'NONE',  ( 0.000000000000000000, 0.000000000000000000, -1.000000000000000000 ) ) ;
#259 = CARTESIAN_POINT ( 'NONE',  ( -275.0000000000000000, -202.5000000000000000, 21.50000000000000000 ) ) ;
#260 = LINE ( 'NONE', #1524, #1848 ) ;
#261 = VERTEX_POINT ( 'NONE', #2094 ) ;
#262 = VECTOR ( 'NONE', #2173, 1000.000000000000000 ) ;
#263 = CARTESIAN_POINT ( 'NONE',  ( 290.8999999999999773, 188.0000000000000000, 24.00000000000000000 ) ) ;
#264 = FACE_OUTER_BOUND ( 'NONE', #559, .T. ) ;
#265 = SECURITY_CLASSIFICATION ( '', '', #1330 ) ;
#266 = CARTESIAN_POINT ( 'NONE',  ( -290.8999999999999773, 179.0000000000000000, 22.00000000000000000 ) ) ;
#267 = EDGE_CURVE ( 'NONE', #3349, #1427, #432, .T. ) ;
#268 = DIRECTION ( 'NONE',  ( 0.000000000000000000, 0.000000000000000000, -1.000000000000000000 ) ) ;
#269 = ORIENTED_EDGE ( 'NONE', *, *, #622, .F. ) ;
#270 = VERTEX_POINT ( 'NONE', #1697 ) ;
#271 = EDGE_CURVE ( 'NONE', #2573, #1442, #1107, .T. ) ;
#272 = DIRECTION ( 'NONE',  ( 0.000000000000000000, 0.000000000000000000, 1.000000000000000000 ) ) ;
#273 = DIRECTION ( 'NONE',  ( 0.000000000000000000, -1.000000000000000000, -0.000000000000000000 ) ) ;
#274 = CARTESIAN_POINT ( 'NONE',  ( 294.0000000000000000, -206.0000000000000284, 22.00000000000000000 ) ) ;
#275 = ORIENTED_EDGE ( 'NONE', *, *, #285, .T. ) ;
#276 = VERTEX_POINT ( 'NONE', #2938 ) ;
#277 = VECTOR ( 'NONE', #1196, 1000.000000000000000 ) ;
#278 = LINE ( 'NONE', #4023, #1295 ) ;
#279 = CARTESIAN_POINT ( 'NONE',  ( 290.8999999999999773, -209.0000000000000284, 22.00000000000000000 ) ) ;
#280 = ORIENTED_EDGE ( 'NONE', *, *, #1093, .T. ) ;
#281 = LINE ( 'NONE', #3653, #2626 ) ;
#282 = ORIENTED_EDGE ( 'NONE', *, *, #2958, .T. ) ;
#283 = DIRECTION ( 'NONE',  ( 1.000000000000000000, 0.000000000000000000, -0.000000000000000000 ) ) ;
#284 = PLANE ( 'NONE',  #14 ) ;
#285 = EDGE_CURVE ( 'NONE', #2357, #105, #2054, .T. ) ;
#286 = APPROVAL_DATE_TIME ( #3503, #413 ) ;
#287 = LINE ( 'NONE', #1821, #71 ) ;
#288 = EDGE_LOOP ( 'NONE', ( #1701, #1869, #2850, #3605 ) ) ;
#289 = EDGE_LOOP ( 'NONE', ( #2540, #255, #2689, #758 ) ) ;
#290 = CARTESIAN_POINT ( 'NONE',  ( 290.8999999999999773, 209.0000000000000284, 16.00000000000000000 ) ) ;
#291 = CARTESIAN_POINT ( 'NONE',  ( 294.0000000000000000, 182.0000000000000000, 22.00000000000000000 ) ) ;
#292 = DIRECTION ( 'NONE',  ( -0.000000000000000000, 1.000000000000000000, 0.000000000000000000 ) ) ;
#293 = VECTOR ( 'NONE', #1452, 1000.000000000000000 ) ;
#294 = EDGE_CURVE ( 'NONE', #1434, #3219, #3297, .T. ) ;
#295 = ORIENTED_EDGE ( 'NONE', *, *, #2319, .F. ) ;
#296 = ORIENTED_EDGE ( 'NONE', *, *, #3399, .F. ) ;
#297 = VECTOR ( 'NONE', #1354, 1000.000000000000000 ) ;
#298 = LINE ( 'NONE', #2805, #164 ) ;
#299 = LINE ( 'NONE', #2095, #1761 ) ;
#300 = EDGE_LOOP ( 'NONE', ( #2349, #1792, #2296, #1908 ) ) ;
#301 = CARTESIAN_POINT ( 'NONE',  ( 294.0000000000000000, 180.5000000000000000, 31.00000000000000000 ) ) ;
#302 = VECTOR ( 'NONE', #3872, 1000.000000000000000 ) ;
#303 = EDGE_LOOP ( 'NONE', ( #1378, #2706, #2438, #2087 ) ) ;
#304 = AXIS2_PLACEMENT_3D ( 'NONE', #2187, #254, #2487 ) ;
#305 = CARTESIAN_POINT ( 'NONE',  ( -275.0000000000000000, -188.0000000000000000, 21.50000000000000000 ) ) ;
#306 = LINE ( 'NONE', #2457, #277 ) ;
#307 = VECTOR ( 'NONE', #4044, 1000.000000000000000 ) ;
#308 = ORIENTED_EDGE ( 'NONE', *, *, #2979, .F. ) ;
#309 = ADVANCED_FACE ( 'NONE', ( #1125 ), #3630, .T. ) ;
#310 = SHAPE_DEFINITION_REPRESENTATION ( #3424, #782 ) ;
#311 = CARTESIAN_POINT ( 'NONE',  ( -289.8999999999999773, -178.5000000000000000, 16.00000000000000000 ) ) ;
#312 = DIRECTION ( 'NONE',  ( 0.000000000000000000, 0.000000000000000000, 1.000000000000000000 ) ) ;
#313 = ORIENTED_EDGE ( 'NONE', *, *, #1620, .T. ) ;
#314 = CARTESIAN_POINT ( 'NONE',  ( 275.0000000000000000, -185.5000000000000000, 21.50000000000000000 ) ) ;
#315 = DIRECTION ( 'NONE',  ( 0.000000000000000000, 0.000000000000000000, -1.000000000000000000 ) ) ;
#316 = CARTESIAN_POINT ( 'NONE',  ( -275.0000000000000000, -190.5000000000000000, 21.50000000000000000 ) ) ;
#317 = EDGE_CURVE ( 'NONE', #3007, #752, #1190, .T. ) ;
#318 = FACE_OUTER_BOUND ( 'NONE', #1654, .T. ) ;
#319 = ORIENTED_EDGE ( 'NONE', *, *, #2690, .T. ) ;
#320 = EDGE_LOOP ( 'NONE', ( #855, #1941, #16, #2106 ) ) ;
#321 = DIRECTION ( 'NONE',  ( 1.000000000000000000, 0.000000000000000000, -0.000000000000000000 ) ) ;
#322 = DIRECTION ( 'NONE',  ( 1.000000000000000000, 0.000000000000000000, -0.000000000000000000 ) ) ;
#323 = EDGE_LOOP ( 'NONE', ( #2347, #3093, #2085, #2259 ) ) ;
#324 = EDGE_CURVE ( 'NONE', #2367, #2326, #1477, .T. ) ;
#325 = ADVANCED_FACE ( 'NONE', ( #3053 ), #1788, .T. ) ;
#326 = DIRECTION ( 'NONE',  ( 0.000000000000000000, 0.000000000000000000, -1.000000000000000000 ) ) ;
#327 = CARTESIAN_POINT ( 'NONE',  ( 290.8999999999999773, 178.5000000000000000, 16.00000000000000000 ) ) ;
#328 = EDGE_LOOP ( 'NONE', ( #1181, #2931, #2843, #1887, #54 ) ) ;
#329 = VECTOR ( 'NONE', #2720, 1000.000000000000000 ) ;
#330 = PERSON_AND_ORGANIZATION ( #631, #1448 ) ;
#331 = LINE ( 'NONE', #42, #912 ) ;
#332 = CARTESIAN_POINT ( 'NONE',  ( -290.8999999999999773, -200.0000000000000000, 24.00000000000000000 ) ) ;
#333 = ORIENTED_EDGE ( 'NONE', *, *, #28, .F. ) ;
#334 = CARTESIAN_POINT ( 'NONE',  ( -292.0000000000000000, 209.0000000000000284, 31.00000000000000000 ) ) ;
#335 = EDGE_CURVE ( 'NONE', #2151, #986, #1417, .T. ) ;
#336 = DIRECTION ( 'NONE',  ( 0.000000000000000000, 0.000000000000000000, 1.000000000000000000 ) ) ;
#337 = CARTESIAN_POINT ( 'NONE',  ( 288.8999999999999773, 190.5000000000000000, 16.00000000000000000 ) ) ;
#338 = EDGE_CURVE ( 'NONE', #2032, #382, #2153, .T. ) ;
#339 = DIRECTION ( 'NONE',  ( 0.000000000000000000, 0.000000000000000000, 1.000000000000000000 ) ) ;
#340 = ORIENTED_EDGE ( 'NONE', *, *, #1073, .T. ) ;
#341 = VERTEX_POINT ( 'NONE', #1255 ) ;
#342 = VERTEX_POINT ( 'NONE', #907 ) ;
#343 = CARTESIAN_POINT ( 'NONE',  ( -275.0000000000000000, 188.0000000000000000, 21.50000000000000000 ) ) ;
#344 = PLANE ( 'NONE',  #3324 ) ;
#345 = EDGE_CURVE ( 'NONE', #3433, #2049, #1834, .T. ) ;
#346 = EDGE_LOOP ( 'NONE', ( #2754, #3338 ) ) ;
#347 = VECTOR ( 'NONE', #2022, 1000.000000000000000 ) ;
#348 = ADVANCED_FACE ( 'NONE', ( #3360 ), #530, .T. ) ;
#349 = CARTESIAN_POINT ( 'NONE',  ( -288.8999999999999773, -209.5000000000000284, 32.00000000000000000 ) ) ;
#350 = CARTESIAN_POINT ( 'NONE',  ( -289.8999999999999773, 209.5000000000000284, 16.00000000000000000 ) ) ;
#351 = EDGE_CURVE ( 'NONE', #2447, #3643, #4065, .T. ) ;
#352 = ORIENTED_EDGE ( 'NONE', *, *, #719, .F. ) ;
#353 = VECTOR ( 'NONE', #2127, 1000.000000000000000 ) ;
#354 = COORDINATED_UNIVERSAL_TIME_OFFSET ( 8, 0, .AHEAD. ) ;
#355 = DIRECTION ( 'NONE',  ( 0.000000000000000000, -1.000000000000000000, 0.000000000000000000 ) ) ;
#356 = DIRECTION ( 'NONE',  ( 0.000000000000000000, 0.000000000000000000, 1.000000000000000000 ) ) ;
#357 = ORIENTED_EDGE ( 'NONE', *, *, #762, .T. ) ;
#358 = DIRECTION ( 'NONE',  ( 1.000000000000000000, 0.000000000000000000, 0.000000000000000000 ) ) ;
#359 = CARTESIAN_POINT ( 'NONE',  ( 294.0000000000000000, 206.0000000000000284, 22.00000000000000000 ) ) ;
#360 = FACE_BOUND ( 'NONE', #1833, .T. ) ;
#361 = EDGE_CURVE ( 'NONE', #3512, #2929, #2138, .T. ) ;
#362 = CARTESIAN_POINT ( 'NONE',  ( 294.0000000000000000, 179.0000000000000000, 31.00000000000000000 ) ) ;
#363 = ORIENTED_EDGE ( 'NONE', *, *, #3966, .T. ) ;
#364 = ORIENTED_EDGE ( 'NONE', *, *, #602, .F. ) ;
#365 = VERTEX_POINT ( 'NONE', #1521 ) ;
#366 = PLANE ( 'NONE',  #2018 ) ;
#367 = DIRECTION ( 'NONE',  ( 0.000000000000000000, 0.000000000000000000, 1.000000000000000000 ) ) ;
#368 = EDGE_CURVE ( 'NONE', #1234, #3589, #2760, .T. ) ;
#369 = ORIENTED_EDGE ( 'NONE', *, *, #3829, .F. ) ;
#370 = AXIS2_PLACEMENT_3D ( 'NONE', #591, #2411, #239 ) ;
#371 = DIRECTION ( 'NONE',  ( -0.000000000000000000, 0.000000000000000000, -1.000000000000000000 ) ) ;
#372 = CARTESIAN_POINT ( 'NONE',  ( 292.0000000000000000, -209.0000000000000284, 22.00000000000000000 ) ) ;
#373 = EDGE_CURVE ( 'NONE', #2573, #1281, #278, .T. ) ;
#374 = VECTOR ( 'NONE', #1910, 1000.000000000000000 ) ;
#375 = ORIENTED_EDGE ( 'NONE', *, *, #1968, .T. ) ;
#376 = VECTOR ( 'NONE', #2136, 1000.000000000000000 ) ;
#377 = PRODUCT ( 'LidLatchCasePack_V11_SouthcoV7', 'LidLatchCasePack_V11_SouthcoV7', '', ( #1244 ) ) ;
#378 = CARTESIAN_POINT ( 'NONE',  ( 288.8999999999999773, -194.0000000000000000, 16.00000000000000000 ) ) ;
#379 = COORDINATED_UNIVERSAL_TIME_OFFSET ( 8, 0, .AHEAD. ) ;
#380 = LINE ( 'NONE', #3813, #2082 ) ;
#381 = DIRECTION ( 'NONE',  ( 1.000000000000000000, 0.000000000000000000, -0.000000000000000000 ) ) ;
#382 = VERTEX_POINT ( 'NONE', #1871 ) ;
#383 = AXIS2_PLACEMENT_3D ( 'NONE', #2947, #3251, #130 ) ;
#384 = LINE ( 'NONE', #1954, #1557 ) ;
#385 = CARTESIAN_POINT ( 'NONE',  ( -282.0000000000000000, -190.5000000000000000, 21.50000000000000000 ) ) ;
#386 = CARTESIAN_POINT ( 'NONE',  ( 290.8999999999999773, 182.0000000000000000, 16.00000000000000000 ) ) ;
#387 = ORIENTED_EDGE ( 'NONE', *, *, #1548, .F. ) ;
#388 = ORIENTED_EDGE ( 'NONE', *, *, #1460, .F. ) ;
#389 = LINE ( 'NONE', #727, #3852 ) ;
#390 = DIRECTION ( 'NONE',  ( 0.000000000000000000, 0.000000000000000000, 1.000000000000000000 ) ) ;
#391 = ORIENTED_EDGE ( 'NONE', *, *, #2586, .F. ) ;
#392 = ADVANCED_FACE ( 'NONE', ( #882 ), #1212, .T. ) ;
#393 = PLANE ( 'NONE',  #1231 ) ;
#394 = CARTESIAN_POINT ( 'NONE',  ( -288.8999999999999773, 197.5000000000000000, 26.50000000000000355 ) ) ;
#395 = EDGE_CURVE ( 'NONE', #1281, #3254, #926, .T. ) ;
#396 = ORIENTED_EDGE ( 'NONE', *, *, #141, .T. ) ;
#397 = DIRECTION ( 'NONE',  ( 0.000000000000000000, 0.000000000000000000, 1.000000000000000000 ) ) ;
#398 = DIRECTION ( 'NONE',  ( 0.000000000000000000, 0.000000000000000000, 1.000000000000000000 ) ) ;
#399 = DIRECTION ( 'NONE',  ( 0.000000000000000000, 0.000000000000000000, 1.000000000000000000 ) ) ;
#400 = VERTEX_POINT ( 'NONE', #1169 ) ;
#401 = EDGE_CURVE ( 'NONE', #3140, #3584, #1565, .T. ) ;
#402 = EDGE_CURVE ( 'NONE', #1850, #1183, #3428, .T. ) ;
#403 = LINE ( 'NONE', #1335, #2928 ) ;
#404 = LINE ( 'NONE', #1355, #3904 ) ;
#405 = DIRECTION ( 'NONE',  ( 0.000000000000000000, 0.000000000000000000, 1.000000000000000000 ) ) ;
#406 = ORIENTED_EDGE ( 'NONE', *, *, #3050, .F. ) ;
#407 = EDGE_CURVE ( 'NONE', #1261, #3535, #298, .T. ) ;
#408 = VERTEX_POINT ( 'NONE', #946 ) ;
#409 = DIRECTION ( 'NONE',  ( 0.000000000000000000, -1.000000000000000000, -0.000000000000000000 ) ) ;
#410 = CARTESIAN_POINT ( 'NONE',  ( 288.8999999999999773, 194.0000000000000000, 32.00000000000000000 ) ) ;
#411 = CARTESIAN_POINT ( 'NONE',  ( -288.8999999999999773, -197.5000000000000000, 26.50000000000000355 ) ) ;
#412 = CARTESIAN_POINT ( 'NONE',  ( -274.6000000000000227, 188.0000000000000000, 25.69999999999999929 ) ) ;
#413 = APPROVAL ( #2226, '未' ) ;
#414 = PLANE ( 'NONE',  #1674 ) ;
#415 = ORIENTED_EDGE ( 'NONE', *, *, #1643, .T. ) ;
#416 = LINE ( 'NONE', #3543, #2546 ) ;
#417 = CIRCLE ( 'NONE', #3436, 1.700000000000000178 ) ;
#418 = CARTESIAN_POINT ( 'NONE',  ( -275.0000000000000000, 188.0000000000000000, 24.00000000000000000 ) ) ;
#419 = CYLINDRICAL_SURFACE ( 'NONE', #2915, 1.700000000000000178 ) ;
#420 = VERTEX_POINT ( 'NONE', #3672 ) ;
#421 = VECTOR ( 'NONE', #135, 1000.000000000000000 ) ;
#422 = EDGE_CURVE ( 'NONE', #1544, #1947, #2239, .T. ) ;
#423 = LINE ( 'NONE', #1392, #1409 ) ;
#424 = DIRECTION ( 'NONE',  ( 0.000000000000000000, -0.000000000000000000, 1.000000000000000000 ) ) ;
#425 = ORIENTED_EDGE ( 'NONE', *, *, #3731, .F. ) ;
#426 = VERTEX_POINT ( 'NONE', #3494 ) ;
#427 = CARTESIAN_POINT ( 'NONE',  ( -294.0000000000000000, -209.0000000000000284, 22.00000000000000000 ) ) ;
#428 = CARTESIAN_POINT ( 'NONE',  ( -292.0000000000000000, -209.0000000000000284, 31.00000000000000000 ) ) ;
#429 = DIRECTION ( 'NONE',  ( 0.000000000000000000, -1.000000000000000000, 0.000000000000000000 ) ) ;
#430 = EDGE_CURVE ( 'NONE', #1079, #3746, #1916, .T. ) ;
#431 = CLOSED_SHELL ( 'NONE', ( #1369, #2549, #3710, #325, #309, #2097, #1450, #3305, #1797, #3092, #802, #3759, #3327, #2675, #15, #2348, #1673, #4062, #644, #3356, #2937, #1525, #1921, #528, #1249, #1046, #2362, #1982, #2133, #3909, #2942, #1603, #3538, #2684 ) ) ;
#432 = LINE ( 'NONE', #3596, #2454 ) ;
#433 = LINE ( 'NONE', #472, #347 ) ;
#434 = VECTOR ( 'NONE', #1399, 1000.000000000000000 ) ;
#435 = VERTEX_POINT ( 'NONE', #2217 ) ;
#436 = AXIS2_PLACEMENT_3D ( 'NONE', #11, #2300, #3874 ) ;
#437 = CARTESIAN_POINT ( 'NONE',  ( 274.6000000000000227, 188.0000000000000000, 24.00000000000000000 ) ) ;
#438 = PLANE ( 'NONE',  #3690 ) ;
#439 = EDGE_LOOP ( 'NONE', ( #3304, #3376, #275, #2803 ) ) ;
#440 = AXIS2_PLACEMENT_3D ( 'NONE', #4028, #3658, #283 ) ;
#441 = ADVANCED_FACE ( 'NONE', ( #96 ), #1897, .T. ) ;
#442 = FACE_OUTER_BOUND ( 'NONE', #696, .T. ) ;
#443 = AXIS2_PLACEMENT_3D ( 'NONE', #3903, #3669, #3924 ) ;
#444 = FACE_OUTER_BOUND ( 'NONE', #3413, .T. ) ;
#445 = ORIENTED_EDGE ( 'NONE', *, *, #2633, .F. ) ;
#446 = VECTOR ( 'NONE', #3030, 1000.000000000000000 ) ;
#447 = EDGE_CURVE ( 'NONE', #3331, #3091, #1360, .T. ) ;
#448 = ORIENTED_EDGE ( 'NONE', *, *, #136, .F. ) ;
#449 = CARTESIAN_POINT ( 'NONE',  ( -275.0000000000000000, 188.0000000000000000, 22.30000000000000071 ) ) ;
#450 = CARTESIAN_POINT ( 'NONE',  ( -282.0000000000000000, 190.5000000000000000, 26.50000000000000355 ) ) ;
#451 = DIRECTION ( 'NONE',  ( 0.000000000000000000, 0.000000000000000000, 1.000000000000000000 ) ) ;
#452 = DIRECTION ( 'NONE',  ( -0.000000000000000000, 1.000000000000000000, 0.000000000000000000 ) ) ;
#453 = EDGE_CURVE ( 'NONE', #2685, #2966, #2517, .T. ) ;
#454 = CARTESIAN_POINT ( 'NONE',  ( -292.0000000000000000, 207.5000000000000284, 31.00000000000000000 ) ) ;
#455 = ORIENTED_EDGE ( 'NONE', *, *, #32, .F. ) ;
#456 = EDGE_CURVE ( 'NONE', #3115, #342, #230, .T. ) ;
#457 = LINE ( 'NONE', #475, #2602 ) ;
#458 = CARTESIAN_POINT ( 'NONE',  ( 275.0000000000000000, -202.5000000000000000, 21.50000000000000000 ) ) ;
#459 = VERTEX_POINT ( 'NONE', #76 ) ;
#460 = CARTESIAN_POINT ( 'NONE',  ( 292.0000000000000000, 180.5000000000000000, 31.00000000000000000 ) ) ;
#461 = EDGE_LOOP ( 'NONE', ( #3449, #2130, #2251, #795 ) ) ;
#462 = CC_DESIGN_PERSON_AND_ORGANIZATION_ASSIGNMENT ( #3727, #623, ( #265 ) ) ;
#463 = ORIENTED_EDGE ( 'NONE', *, *, #361, .T. ) ;
#464 = VECTOR ( 'NONE', #1854, 1000.000000000000000 ) ;
#465 = ORIENTED_EDGE ( 'NONE', *, *, #351, .T. ) ;
#466 = FACE_BOUND ( 'NONE', #3822, .T. ) ;
#467 = FACE_OUTER_BOUND ( 'NONE', #2959, .T. ) ;
#468 = CARTESIAN_POINT ( 'NONE',  ( -290.8999999999999773, 178.5000000000000000, 16.00000000000000000 ) ) ;
#469 = APPROVAL_PERSON_ORGANIZATION ( #600, #413, #3128 ) ;
#470 = EDGE_CURVE ( 'NONE', #2102, #1183, #1670, .T. ) ;
#471 = CARTESIAN_POINT ( 'NONE',  ( -294.0000000000000000, -209.0000000000000284, 31.00000000000000000 ) ) ;
#472 = CARTESIAN_POINT ( 'NONE',  ( 290.8999999999999773, 179.0000000000000000, 16.00000000000000000 ) ) ;
#473 = EDGE_CURVE ( 'NONE', #3866, #1901, #637, .T. ) ;
#474 = ORIENTED_EDGE ( 'NONE', *, *, #1059, .F. ) ;
#475 = CARTESIAN_POINT ( 'NONE',  ( 290.8999999999999773, 206.0000000000000284, 16.00000000000000000 ) ) ;
#476 = CARTESIAN_POINT ( 'NONE',  ( 290.8999999999999773, -194.0000000000000000, 16.00000000000000000 ) ) ;
#477 = VERTEX_POINT ( 'NONE', #3202 ) ;
#478 = ADVANCED_FACE ( 'NONE', ( #3474, #2580 ), #366, .T. ) ;
#479 = VECTOR ( 'NONE', #497, 1000.000000000000000 ) ;
#480 = CYLINDRICAL_SURFACE ( 'NONE', #220, 1.700000000000000178 ) ;
#481 = ORIENTED_EDGE ( 'NONE', *, *, #2825, .T. ) ;
#482 = VECTOR ( 'NONE', #1535, 1000.000000000000000 ) ;
#483 = ORIENTED_EDGE ( 'NONE', *, *, #3498, .T. ) ;
#484 = ORIENTED_EDGE ( 'NONE', *, *, #1486, .T. ) ;
#485 = ADVANCED_FACE ( 'NONE', ( #1961 ), #3870, .F. ) ;
#486 = DIRECTION ( 'NONE',  ( 0.000000000000000000, 0.000000000000000000, 1.000000000000000000 ) ) ;
#487 = CARTESIAN_POINT ( 'NONE',  ( -288.8999999999999773, -178.5000000000000000, 16.00000000000000000 ) ) ;
#488 = LINE ( 'NONE', #194, #1233 ) ;
#489 = EDGE_CURVE ( 'NONE', #3226, #3920, #30, .T. ) ;
#490 = CARTESIAN_POINT ( 'NONE',  ( -288.8999999999999773, -194.0000000000000000, 26.50000000000000355 ) ) ;
#491 = CARTESIAN_POINT ( 'NONE',  ( -288.8999999999999773, -197.5000000000000000, 16.00000000000000000 ) ) ;
#492 = LINE ( 'NONE', #2976, #3359 ) ;
#493 = VECTOR ( 'NONE', #1803, 1000.000000000000000 ) ;
#494 = ORIENTED_EDGE ( 'NONE', *, *, #62, .F. ) ;
#495 = ADVANCED_FACE ( 'NONE', ( #1299 ), #1008, .T. ) ;
#496 = DIRECTION ( 'NONE',  ( 0.000000000000000000, 0.000000000000000000, 1.000000000000000000 ) ) ;
#497 = DIRECTION ( 'NONE',  ( 0.000000000000000000, 0.000000000000000000, 1.000000000000000000 ) ) ;
#498 = ORIENTED_EDGE ( 'NONE', *, *, #2535, .F. ) ;
#499 = AXIS2_PLACEMENT_3D ( 'NONE', #192, #119, #507 ) ;
#500 = DIRECTION ( 'NONE',  ( 0.000000000000000000, 1.000000000000000000, 0.000000000000000000 ) ) ;
#501 = PLANE ( 'NONE',  #2897 ) ;
#502 = VECTOR ( 'NONE', #2008, 1000.000000000000000 ) ;
#503 = VERTEX_POINT ( 'NONE', #704 ) ;
#504 = ADVANCED_FACE ( 'NONE', ( #989 ), #968, .F. ) ;
#505 = EDGE_LOOP ( 'NONE', ( #1167, #1716, #707, #3694 ) ) ;
#506 = AXIS2_PLACEMENT_3D ( 'NONE', #3482, #3190, #3167 ) ;
#507 = DIRECTION ( 'NONE',  ( 0.000000000000000000, -0.000000000000000000, 1.000000000000000000 ) ) ;
#508 = CYLINDRICAL_SURFACE ( 'NONE', #4026, 1.700000000000000178 ) ;
#509 = CARTESIAN_POINT ( 'NONE',  ( 282.0000000000000000, 197.5000000000000000, 26.50000000000000355 ) ) ;
#510 = AXIS2_PLACEMENT_3D ( 'NONE', #1608, #56, #1300 ) ;
#511 = DIRECTION ( 'NONE',  ( -1.000000000000000000, 0.000000000000000000, 0.000000000000000000 ) ) ;
#512 = PLANE ( 'NONE',  #646 ) ;
#513 = DIRECTION ( 'NONE',  ( -1.000000000000000000, 0.000000000000000000, 0.000000000000000000 ) ) ;
#514 = EDGE_CURVE ( 'NONE', #774, #3960, #389, .T. ) ;
#515 = ORIENTED_EDGE ( 'NONE', *, *, #3158, .F. ) ;
#516 = EDGE_CURVE ( 'NONE', #2142, #3091, #1625, .T. ) ;
#517 = CARTESIAN_POINT ( 'NONE',  ( -290.8999999999999773, -209.0000000000000284, 16.00000000000000000 ) ) ;
#518 = CARTESIAN_POINT ( 'NONE',  ( 282.0000000000000000, 185.5000000000000000, 26.50000000000000355 ) ) ;
#519 = ORIENTED_EDGE ( 'NONE', *, *, #2801, .F. ) ;
#520 = EDGE_CURVE ( 'NONE', #1434, #1491, #2874, .T. ) ;
#521 = DIRECTION ( 'NONE',  ( 0.000000000000000000, 0.000000000000000000, 1.000000000000000000 ) ) ;
#522 = ORIENTED_EDGE ( 'NONE', *, *, #3273, .T. ) ;
#523 = VERTEX_POINT ( 'NONE', #1121 ) ;
#524 = VERTEX_POINT ( 'NONE', #3236 ) ;
#525 = CARTESIAN_POINT ( 'NONE',  ( -294.0000000000000000, 179.0000000000000000, 22.00000000000000000 ) ) ;
#526 = CYLINDRICAL_SURFACE ( 'NONE', #1537, 1.999999999999998224 ) ;
#527 = LINE ( 'NONE', #1106, #2466 ) ;
#528 = ADVANCED_FACE ( 'NONE', ( #742 ), #3313, .T. ) ;
#529 = ORIENTED_EDGE ( 'NONE', *, *, #2570, .F. ) ;
#530 = PLANE ( 'NONE',  #370 ) ;
#531 = DIRECTION ( 'NONE',  ( 1.000000000000000000, 0.000000000000000000, -0.000000000000000000 ) ) ;
#532 = DIRECTION ( 'NONE',  ( 0.000000000000000000, 0.000000000000000000, 1.000000000000000000 ) ) ;
#533 = ORIENTED_EDGE ( 'NONE', *, *, #2792, .F. ) ;
#534 = CC_DESIGN_DATE_AND_TIME_ASSIGNMENT ( #3166, #2551, ( #2763 ) ) ;
#535 = PLANE ( 'NONE',  #440 ) ;
#536 = DIRECTION ( 'NONE',  ( -0.000000000000000000, 1.000000000000000000, 0.000000000000000000 ) ) ;
#537 = VERTEX_POINT ( 'NONE', #1765 ) ;
#538 = CARTESIAN_POINT ( 'NONE',  ( -290.8999999999999773, 188.0000000000000000, 24.00000000000000000 ) ) ;
#539 = EDGE_LOOP ( 'NONE', ( #3312, #1842, #2426, #3742, #3442, #1764 ) ) ;
#540 = EDGE_LOOP ( 'NONE', ( #3096, #1626, #1795, #1339 ) ) ;
#541 = VECTOR ( 'NONE', #1400, 1000.000000000000000 ) ;
#542 = ORIENTED_EDGE ( 'NONE', *, *, #1146, .T. ) ;
#543 = CARTESIAN_POINT ( 'NONE',  ( -294.0000000000000000, 206.0000000000000284, 31.00000000000000000 ) ) ;
#544 = CARTESIAN_POINT ( 'NONE',  ( -274.6000000000000227, 200.0000000000000000, 25.69999999999999929 ) ) ;
#545 = CARTESIAN_POINT ( 'NONE',  ( -288.8999999999999773, -194.0000000000000000, 16.00000000000000000 ) ) ;
#546 = ORIENTED_EDGE ( 'NONE', *, *, #627, .F. ) ;
#547 = VECTOR ( 'NONE', #2004, 1000.000000000000000 ) ;
#548 = CIRCLE ( 'NONE', #814, 1.700000000000000178 ) ;
#549 = VERTEX_POINT ( 'NONE', #1725 ) ;
#550 = DIRECTION ( 'NONE',  ( 0.000000000000000000, -1.000000000000000000, 0.000000000000000000 ) ) ;
#551 = LINE ( 'NONE', #259, #1239 ) ;
#552 = EDGE_CURVE ( 'NONE', #3208, #231, #1743, .T. ) ;
#553 = CARTESIAN_POINT ( 'NONE',  ( -290.8999999999999773, 209.5000000000000284, 16.00000000000000000 ) ) ;
#554 = VECTOR ( 'NONE', #3247, 1000.000000000000000 ) ;
#555 = ORIENTED_EDGE ( 'NONE', *, *, #1055, .T. ) ;
#556 = DIRECTION ( 'NONE',  ( 0.000000000000000000, 0.000000000000000000, 1.000000000000000000 ) ) ;
#557 = CARTESIAN_POINT ( 'NONE',  ( 289.8999999999999773, 178.5000000000000000, 16.00000000000000000 ) ) ;
#558 = DIRECTION ( 'NONE',  ( -1.000000000000000000, -0.000000000000000000, 0.000000000000000000 ) ) ;
#559 = EDGE_LOOP ( 'NONE', ( #2655, #1735, #1455, #2010, #894 ) ) ;
#560 = CARTESIAN_POINT ( 'NONE',  ( -290.8999999999999773, -178.5000000000000000, 32.00000000000000000 ) ) ;
#561 = EDGE_CURVE ( 'NONE', #1782, #3643, #3008, .T. ) ;
#562 = AXIS2_PLACEMENT_3D ( 'NONE', #3513, #2829, #1980 ) ;
#563 = EDGE_CURVE ( 'NONE', #3005, #2151, #3939, .T. ) ;
#564 = ORIENTED_EDGE ( 'NONE', *, *, #21, .T. ) ;
#565 = CARTESIAN_POINT ( 'NONE',  ( -290.8999999999999773, -194.0000000000000000, 16.00000000000000000 ) ) ;
#566 = PLANE ( 'NONE',  #3296 ) ;
#567 = EDGE_CURVE ( 'NONE', #2505, #2479, #3574, .T. ) ;
#568 = AXIS2_PLACEMENT_3D ( 'NONE', #23, #1272, #983 ) ;
#569 = CARTESIAN_POINT ( 'NONE',  ( -290.8999999999999773, 194.0000000000000000, 32.00000000000000000 ) ) ;
#570 = VECTOR ( 'NONE', #2305, 1000.000000000000000 ) ;
#571 = ORIENTED_EDGE ( 'NONE', *, *, #489, .T. ) ;
#572 = CARTESIAN_POINT ( 'NONE',  ( -290.8999999999999773, -188.0000000000000000, 24.00000000000000000 ) ) ;
#573 = FACE_OUTER_BOUND ( 'NONE', #3815, .T. ) ;
#574 = DIRECTION ( 'NONE',  ( -0.000000000000000000, 0.000000000000000000, -1.000000000000000000 ) ) ;
#575 = VECTOR ( 'NONE', #3735, 1000.000000000000000 ) ;
#576 = ORIENTED_EDGE ( 'NONE', *, *, #1248, .F. ) ;
#577 = EDGE_CURVE ( 'NONE', #3438, #3866, #2696, .T. ) ;
#578 = CARTESIAN_POINT ( 'NONE',  ( -294.0000000000000000, 207.5000000000000284, 31.00000000000000000 ) ) ;
#579 = CYLINDRICAL_SURFACE ( 'NONE', #3626, 1.700000000000000178 ) ;
#580 = EDGE_CURVE ( 'NONE', #503, #131, #2330, .T. ) ;
#581 = DIRECTION ( 'NONE',  ( 1.000000000000000000, 0.000000000000000000, -0.000000000000000000 ) ) ;
#582 = DIRECTION ( 'NONE',  ( -1.000000000000000000, -0.000000000000000000, 0.000000000000000000 ) ) ;
#583 = ORIENTED_EDGE ( 'NONE', *, *, #918, .T. ) ;
#584 = DIRECTION ( 'NONE',  ( 1.000000000000000000, 0.000000000000000000, -0.000000000000000000 ) ) ;
#585 = DIRECTION ( 'NONE',  ( -1.000000000000000000, -0.000000000000000000, 0.000000000000000000 ) ) ;
#586 = DIRECTION ( 'NONE',  ( 0.000000000000000000, 0.000000000000000000, 1.000000000000000000 ) ) ;
#587 = EDGE_CURVE ( 'NONE', #2968, #145, #1044, .T. ) ;
#588 = LINE ( 'NONE', #4001, #973 ) ;
#589 = VERTEX_POINT ( 'NONE', #134 ) ;
#590 = ORIENTED_EDGE ( 'NONE', *, *, #1963, .F. ) ;
#591 = CARTESIAN_POINT ( 'NONE',  ( -294.0000000000000000, -207.5000000000000284, 29.00000000000000000 ) ) ;
#592 = CARTESIAN_POINT ( 'NONE',  ( -292.0000000000000000, 182.0000000000000000, 31.00000000000000000 ) ) ;
#593 = ORIENTED_EDGE ( 'NONE', *, *, #373, .F. ) ;
#594 = CARTESIAN_POINT ( 'NONE',  ( 294.0000000000000000, 180.5000000000000000, 22.00000000000000000 ) ) ;
#595 = EDGE_CURVE ( 'NONE', #3802, #149, #2638, .T. ) ;
#596 = ORIENTED_EDGE ( 'NONE', *, *, #3380, .T. ) ;
#597 = AXIS2_PLACEMENT_3D ( 'NONE', #3065, #1841, #268 ) ;
#598 = CARTESIAN_POINT ( 'NONE',  ( 290.8999999999999773, 200.0000000000000000, 24.00000000000000000 ) ) ;
#599 = FACE_OUTER_BOUND ( 'NONE', #910, .T. ) ;
#600 = PERSON_AND_ORGANIZATION ( #631, #1448 ) ;
#601 = LINE ( 'NONE', #1554, #3279 ) ;
#602 = EDGE_CURVE ( 'NONE', #1352, #236, #900, .T. ) ;
#603 = ORIENTED_EDGE ( 'NONE', *, *, #3683, .F. ) ;
#604 = ORIENTED_EDGE ( 'NONE', *, *, #345, .F. ) ;
#605 = DIRECTION ( 'NONE',  ( -0.000000000000000000, 0.000000000000000000, -1.000000000000000000 ) ) ;
#606 = LINE ( 'NONE', #385, #154 ) ;
#607 = CARTESIAN_POINT ( 'NONE',  ( 294.0000000000000000, -180.5000000000000284, 29.00000000000000000 ) ) ;
#608 = ORIENTED_EDGE ( 'NONE', *, *, #1905, .T. ) ;
#609 = ORIENTED_EDGE ( 'NONE', *, *, #2435, .F. ) ;
#610 = VECTOR ( 'NONE', #3810, 1000.000000000000000 ) ;
#611 = CARTESIAN_POINT ( 'NONE',  ( 292.0000000000000000, 179.0000000000000000, 31.00000000000000000 ) ) ;
#612 = PLANE ( 'NONE',  #976 ) ;
#613 = ORIENTED_EDGE ( 'NONE', *, *, #2744, .F. ) ;
#614 = CARTESIAN_POINT ( 'NONE',  ( -288.8999999999999773, 178.5000000000000000, 16.00000000000000000 ) ) ;
#615 = AXIS2_PLACEMENT_3D ( 'NONE', #1205, #2468, #2148 ) ;
#616 = EDGE_CURVE ( 'NONE', #63, #794, #2050, .T. ) ;
#617 = EDGE_LOOP ( 'NONE', ( #1651, #484, #2189, #182, #2945 ) ) ;
#618 = AXIS2_PLACEMENT_3D ( 'NONE', #3563, #3150, #3858 ) ;
#619 = PLANE ( 'NONE',  #1428 ) ;
#620 = CARTESIAN_POINT ( 'NONE',  ( -288.8999999999999773, 178.5000000000000000, 32.00000000000000000 ) ) ;
#621 = VERTEX_POINT ( 'NONE', #449 ) ;
#622 = EDGE_CURVE ( 'NONE', #3707, #3331, #1487, .T. ) ;
#623 = PERSON_AND_ORGANIZATION_ROLE ( 'classification_officer' ) ;
#624 = LINE ( 'NONE', #916, #2751 ) ;
#625 = EDGE_LOOP ( 'NONE', ( #1010, #2870 ) ) ;
#626 = ORIENTED_EDGE ( 'NONE', *, *, #3262, .T. ) ;
#627 = EDGE_CURVE ( 'NONE', #3253, #1145, #1380, .T. ) ;
#628 = CARTESIAN_POINT ( 'NONE',  ( 294.0000000000000000, 206.0000000000000284, 31.00000000000000000 ) ) ;
#629 = CARTESIAN_POINT ( 'NONE',  ( 292.0000000000000000, 182.0000000000000000, 22.00000000000000000 ) ) ;
#630 = DIRECTION ( 'NONE',  ( 0.000000000000000000, -1.000000000000000000, -0.000000000000000000 ) ) ;
#631 = PERSON ( '未', '未', '未', ('未'), ('未'), ('未') ) ;
#632 = VECTOR ( 'NONE', #1104, 1000.000000000000000 ) ;
#633 = ORIENTED_EDGE ( 'NONE', *, *, #3245, .T. ) ;
#634 = EDGE_CURVE ( 'NONE', #1308, #261, #2969, .T. ) ;
#635 = EDGE_LOOP ( 'NONE', ( #3157, #481, #3003, #2015, #3736, #3069 ) ) ;
#636 = AXIS2_PLACEMENT_3D ( 'NONE', #1344, #3808, #2221 ) ;
#637 = LINE ( 'NONE', #3847, #2528 ) ;
#638 = LINE ( 'NONE', #3495, #2086 ) ;
#639 = ORIENTED_EDGE ( 'NONE', *, *, #1241, .T. ) ;
#640 = DESIGN_CONTEXT ( 'detailed design', #681, 'design' ) ;
#641 = VERTEX_POINT ( 'NONE', #2312 ) ;
#642 = VECTOR ( 'NONE', #3379, 1000.000000000000000 ) ;
#643 = DIRECTION ( 'NONE',  ( 0.000000000000000000, -0.000000000000000000, 1.000000000000000000 ) ) ;
#644 = ADVANCED_FACE ( 'NONE', ( #3900 ), #1435, .T. ) ;
#645 = LINE ( 'NONE', #1903, #212 ) ;
#646 = AXIS2_PLACEMENT_3D ( 'NONE', #2074, #1370, #3320 ) ;
#647 = ORIENTED_EDGE ( 'NONE', *, *, #2974, .T. ) ;
#648 = ADVANCED_FACE ( 'NONE', ( #780, #2035, #466, #2068, #152 ), #2658, .T. ) ;
#649 = COORDINATED_UNIVERSAL_TIME_OFFSET ( 8, 0, .AHEAD. ) ;
#650 = DIRECTION ( 'NONE',  ( 0.000000000000000000, 0.000000000000000000, 1.000000000000000000 ) ) ;
#651 = CARTESIAN_POINT ( 'NONE',  ( -294.0000000000000000, 209.0000000000000284, 22.00000000000000000 ) ) ;
#652 = EDGE_LOOP ( 'NONE', ( #2270, #2178, #3496, #593, #2636 ) ) ;
#653 = CYLINDRICAL_SURFACE ( 'NONE', #225, 1.700000000000000178 ) ;
#654 = EDGE_CURVE ( 'NONE', #1805, #52, #876, .T. ) ;
#655 = PLANE ( 'NONE',  #1091 ) ;
#656 = PLANE ( 'NONE',  #2439 ) ;
#657 = CARTESIAN_POINT ( 'NONE',  ( 282.0000000000000000, -185.5000000000000000, 26.50000000000000355 ) ) ;
#658 = EDGE_LOOP ( 'NONE', ( #3085, #1659 ) ) ;
#659 = ORIENTED_EDGE ( 'NONE', *, *, #3078, .F. ) ;
#660 = EDGE_LOOP ( 'NONE', ( #3201, #1225, #3040, #2733 ) ) ;
#661 = CARTESIAN_POINT ( 'NONE',  ( -282.0000000000000000, -202.5000000000000000, 21.50000000000000000 ) ) ;
#662 = DIRECTION ( 'NONE',  ( 0.000000000000000000, 0.000000000000000000, 1.000000000000000000 ) ) ;
#663 = ORIENTED_EDGE ( 'NONE', *, *, #595, .T. ) ;
#664 = EDGE_CURVE ( 'NONE', #39, #1237, #3644, .T. ) ;
#665 = DIRECTION ( 'NONE',  ( -1.000000000000000000, 0.000000000000000000, 0.000000000000000000 ) ) ;
#666 = DIRECTION ( 'NONE',  ( 0.000000000000000000, -1.000000000000000000, 0.000000000000000000 ) ) ;
#667 = LINE ( 'NONE', #372, #1465 ) ;
#668 = ORIENTED_EDGE ( 'NONE', *, *, #1257, .T. ) ;
#669 = VECTOR ( 'NONE', #4068, 1000.000000000000000 ) ;
#670 = ADVANCED_FACE ( 'NONE', ( #2164, #3088, #1806, #3377, #1865 ), #1228, .T. ) ;
#671 = PLANE ( 'NONE',  #838 ) ;
#672 = FACE_OUTER_BOUND ( 'NONE', #937, .T. ) ;
#673 = ORIENTED_EDGE ( 'NONE', *, *, #2334, .T. ) ;
#674 = DIRECTION ( 'NONE',  ( 0.000000000000000000, 1.000000000000000000, 0.000000000000000000 ) ) ;
#675 = EDGE_CURVE ( 'NONE', #1847, #3033, #1163, .T. ) ;
#676 = CARTESIAN_POINT ( 'NONE',  ( -282.0000000000000000, 202.5000000000000000, 26.50000000000000355 ) ) ;
#677 = CARTESIAN_POINT ( 'NONE',  ( -292.0000000000000000, -180.5000000000000000, 31.00000000000000000 ) ) ;
#678 = FACE_OUTER_BOUND ( 'NONE', #3181, .T. ) ;
#679 = VERTEX_POINT ( 'NONE', #543 ) ;
#680 = ORIENTED_EDGE ( 'NONE', *, *, #664, .F. ) ;
#681 = APPLICATION_CONTEXT ( 'configuration controlled 3d designs of mechanical parts and assemblies' ) ;
#682 = ORIENTED_EDGE ( 'NONE', *, *, #2324, .T. ) ;
#683 = DIRECTION ( 'NONE',  ( 1.000000000000000000, 0.000000000000000000, -0.000000000000000000 ) ) ;
#684 = CARTESIAN_POINT ( 'NONE',  ( 290.8999999999999773, 209.0000000000000284, 22.00000000000000000 ) ) ;
#685 = EDGE_LOOP ( 'NONE', ( #1742, #701, #2194, #2006 ) ) ;
#686 = AXIS2_PLACEMENT_3D ( 'NONE', #2899, #993, #3851 ) ;
#687 = DIRECTION ( 'NONE',  ( -0.000000000000000000, 0.000000000000000000, -1.000000000000000000 ) ) ;
#688 = FACE_OUTER_BOUND ( 'NONE', #836, .T. ) ;
#689 = AXIS2_PLACEMENT_3D ( 'NONE', #800, #2622, #2912 ) ;
#690 = ORIENTED_EDGE ( 'NONE', *, *, #675, .F. ) ;
#691 = VECTOR ( 'NONE', #3888, 1000.000000000000000 ) ;
#692 = DIRECTION ( 'NONE',  ( 0.000000000000000000, -1.000000000000000000, -0.000000000000000000 ) ) ;
#693 = APPROVAL_ROLE ( '' ) ;
#694 = DIRECTION ( 'NONE',  ( -1.000000000000000000, -0.000000000000000000, 0.000000000000000000 ) ) ;
#695 = CARTESIAN_POINT ( 'NONE',  ( 288.8999999999999773, -185.5000000000000000, 26.50000000000000355 ) ) ;
#696 = EDGE_LOOP ( 'NONE', ( #238, #1787, #576, #2873 ) ) ;
#697 = CARTESIAN_POINT ( 'NONE',  ( 294.0000000000000000, -209.0000000000000284, 22.00000000000000000 ) ) ;
#698 = DIRECTION ( 'NONE',  ( -0.000000000000000000, 1.000000000000000000, 0.000000000000000000 ) ) ;
#699 = LINE ( 'NONE', #3821, #3322 ) ;
#700 = EDGE_CURVE ( 'NONE', #943, #1387, #3025, .T. ) ;
#701 = ORIENTED_EDGE ( 'NONE', *, *, #3245, .F. ) ;
#702 = AXIS2_PLACEMENT_3D ( 'NONE', #1271, #3772, #3152 ) ;
#703 = ORIENTED_EDGE ( 'NONE', *, *, #3980, .F. ) ;
#704 = CARTESIAN_POINT ( 'NONE',  ( -275.0000000000000000, 202.5000000000000000, 26.50000000000000355 ) ) ;
#705 = PLANE ( 'NONE',  #2609 ) ;
#706 = VECTOR ( 'NONE', #1147, 1000.000000000000000 ) ;
#707 = ORIENTED_EDGE ( 'NONE', *, *, #3213, .F. ) ;
#708 = AXIS2_PLACEMENT_3D ( 'NONE', #960, #3446, #3214 ) ;
#709 = CARTESIAN_POINT ( 'NONE',  ( 290.8999999999999773, 188.0000000000000000, 24.00000000000000000 ) ) ;
#710 = CARTESIAN_POINT ( 'NONE',  ( -288.8999999999999773, 185.5000000000000000, 21.50000000000000000 ) ) ;
#711 = CIRCLE ( 'NONE', #2992, 1.700000000000000178 ) ;
#712 = EDGE_CURVE ( 'NONE', #1669, #589, #2467, .T. ) ;
#713 = VERTEX_POINT ( 'NONE', #3421 ) ;
#714 = VECTOR ( 'NONE', #2070, 1000.000000000000000 ) ;
#715 = CARTESIAN_POINT ( 'NONE',  ( 289.8999999999999773, 209.5000000000000284, 16.00000000000000000 ) ) ;
#716 = LINE ( 'NONE', #1926, #2607 ) ;
#717 = CARTESIAN_POINT ( 'NONE',  ( 275.0000000000000000, 190.5000000000000000, 21.50000000000000000 ) ) ;
#718 = EDGE_LOOP ( 'NONE', ( #3641, #583, #3587, #2849 ) ) ;
#719 = EDGE_CURVE ( 'NONE', #408, #943, #165, .T. ) ;
#720 = AXIS2_PLACEMENT_3D ( 'NONE', #4061, #3112, #3775 ) ;
#721 = PLANE ( 'NONE',  #568 ) ;
#722 = LINE ( 'NONE', #2293, #2005 ) ;
#723 = PLANE ( 'NONE',  #2936 ) ;
#724 = VERTEX_POINT ( 'NONE', #2407 ) ;
#725 = APPROVAL ( #2793, '未' ) ;
#726 = EDGE_LOOP ( 'NONE', ( #1129, #2637, #3357, #1318 ) ) ;
#727 = CARTESIAN_POINT ( 'NONE',  ( -292.0000000000000000, 179.0000000000000000, 22.00000000000000000 ) ) ;
#728 = PLANE ( 'NONE',  #1039 ) ;
#729 = LINE ( 'NONE', #3830, #1891 ) ;
#730 = DIRECTION ( 'NONE',  ( 0.000000000000000000, 0.000000000000000000, -1.000000000000000000 ) ) ;
#731 = ORIENTED_EDGE ( 'NONE', *, *, #2954, .T. ) ;
#732 = CARTESIAN_POINT ( 'NONE',  ( 294.0000000000000000, 207.5000000000000000, 31.00000000000000000 ) ) ;
#733 = CARTESIAN_POINT ( 'NONE',  ( 292.0000000000000000, 207.5000000000000284, 22.00000000000000000 ) ) ;
#734 = DIRECTION ( 'NONE',  ( 1.000000000000000000, 0.000000000000000000, -0.000000000000000000 ) ) ;
#735 = EDGE_LOOP ( 'NONE', ( #448, #2196 ) ) ;
#736 = VECTOR ( 'NONE', #4033, 1000.000000000000000 ) ;
#737 = ADVANCED_FACE ( 'NONE', ( #3978 ), #3110, .T. ) ;
#738 = CARTESIAN_POINT ( 'NONE',  ( 275.0000000000000000, -188.0000000000000000, 22.30000000000000071 ) ) ;
#739 = FACE_OUTER_BOUND ( 'NONE', #1368, .T. ) ;
#740 = EDGE_LOOP ( 'NONE', ( #609, #1992, #948, #75 ) ) ;
#741 = ORIENTED_EDGE ( 'NONE', *, *, #1580, .T. ) ;
#742 = FACE_OUTER_BOUND ( 'NONE', #249, .T. ) ;
#743 = DIRECTION ( 'NONE',  ( 1.000000000000000000, 0.000000000000000000, -0.000000000000000000 ) ) ;
#744 = DIRECTION ( 'NONE',  ( -0.000000000000000000, 1.000000000000000000, 0.000000000000000000 ) ) ;
#745 = PLANE ( 'NONE',  #3125 ) ;
#746 = DIRECTION ( 'NONE',  ( 0.000000000000000000, -1.000000000000000000, 0.000000000000000000 ) ) ;
#747 = EDGE_CURVE ( 'NONE', #794, #2482, #1827, .T. ) ;
#748 = ORIENTED_EDGE ( 'NONE', *, *, #267, .F. ) ;
#749 = VECTOR ( 'NONE', #1775, 1000.000000000000000 ) ;
#750 = CARTESIAN_POINT ( 'NONE',  ( 294.0000000000000000, 207.5000000000000000, 29.00000000000000000 ) ) ;
#751 = CARTESIAN_POINT ( 'NONE',  ( 292.0000000000000000, 182.0000000000000000, 22.00000000000000000 ) ) ;
#752 = VERTEX_POINT ( 'NONE', #1141 ) ;
#753 = EDGE_CURVE ( 'NONE', #2482, #2559, #1495, .T. ) ;
#754 = VECTOR ( 'NONE', #3806, 1000.000000000000000 ) ;
#755 = PLANE ( 'NONE',  #3107 ) ;
#756 = DIRECTION ( 'NONE',  ( -0.000000000000000000, 1.000000000000000000, 0.000000000000000000 ) ) ;
#757 = VERTEX_POINT ( 'NONE', #2386 ) ;
#758 = ORIENTED_EDGE ( 'NONE', *, *, #2958, .F. ) ;
#759 = DIRECTION ( 'NONE',  ( -0.000000000000000000, 1.000000000000000000, 0.000000000000000000 ) ) ;
#760 = DIRECTION ( 'NONE',  ( 0.000000000000000000, -1.000000000000000000, -0.000000000000000000 ) ) ;
#761 = LINE ( 'NONE', #305, #1096 ) ;
#762 = EDGE_CURVE ( 'NONE', #3219, #1544, #2712, .T. ) ;
#763 = ADVANCED_FACE ( 'NONE', ( #2147 ), #2755, .T. ) ;
#764 = DIRECTION ( 'NONE',  ( 0.000000000000000000, -1.000000000000000000, 0.000000000000000000 ) ) ;
#765 = PLANE ( 'NONE',  #3343 ) ;
#766 = ORIENTED_EDGE ( 'NONE', *, *, #2948, .T. ) ;
#767 = ADVANCED_FACE ( 'NONE', ( #1204 ), #3335, .T. ) ;
#768 = AXIS2_PLACEMENT_3D ( 'NONE', #3922, #3592, #1413 ) ;
#769 = CARTESIAN_POINT ( 'NONE',  ( 282.0000000000000000, -202.5000000000000000, 21.50000000000000000 ) ) ;
#770 = DIRECTION ( 'NONE',  ( 0.000000000000000000, -1.000000000000000000, -0.000000000000000000 ) ) ;
#771 = ORIENTED_EDGE ( 'NONE', *, *, #580, .F. ) ;
#772 = AXIS2_PLACEMENT_3D ( 'NONE', #263, #1218, #1527 ) ;
#773 = DIRECTION ( 'NONE',  ( -0.000000000000000000, 0.000000000000000000, -1.000000000000000000 ) ) ;
#774 = VERTEX_POINT ( 'NONE', #525 ) ;
#775 = CIRCLE ( 'NONE', #3987, 1.999999999999998224 ) ;
#776 = ORIENTED_EDGE ( 'NONE', *, *, #587, .T. ) ;
#777 = ADVANCED_FACE ( 'NONE', ( #3353, #3999, #2775 ), #1184, .T. ) ;
#778 = VECTOR ( 'NONE', #397, 1000.000000000000000 ) ;
#779 = ORIENTED_EDGE ( 'NONE', *, *, #3657, .T. ) ;
#780 = FACE_BOUND ( 'NONE', #913, .T. ) ;
#781 = CARTESIAN_POINT ( 'NONE',  ( 282.0000000000000000, -190.5000000000000000, 26.50000000000000355 ) ) ;
#782 = ADVANCED_BREP_SHAPE_REPRESENTATION ( 'LidLatchCasePack_V11_SouthcoV7', ( #1197, #1267, #2616, #3913, #3218 ), #2686 ) ;
#783 = FACE_BOUND ( 'NONE', #3967, .T. ) ;
#784 = ADVANCED_FACE ( 'NONE', ( #2253 ), #3194, .F. ) ;
#785 = LINE ( 'NONE', #2392, #3455 ) ;
#786 = EDGE_CURVE ( 'NONE', #2505, #2479, #831, .T. ) ;
#787 = FACE_OUTER_BOUND ( 'NONE', #3133, .T. ) ;
#788 = VERTEX_POINT ( 'NONE', #697 ) ;
#789 = CARTESIAN_POINT ( 'NONE',  ( -275.0000000000000000, 190.5000000000000000, 26.50000000000000355 ) ) ;
#790 = CARTESIAN_POINT ( 'NONE',  ( 288.8999999999999773, 194.0000000000000000, 16.00000000000000000 ) ) ;
#791 = EDGE_LOOP ( 'NONE', ( #2599, #2212, #78, #3988 ) ) ;
#792 = EDGE_CURVE ( 'NONE', #1308, #131, #384, .T. ) ;
#793 = DIRECTION ( 'NONE',  ( -1.000000000000000000, -0.000000000000000000, 0.000000000000000000 ) ) ;
#794 = VERTEX_POINT ( 'NONE', #69 ) ;
#795 = ORIENTED_EDGE ( 'NONE', *, *, #2531, .F. ) ;
#796 = EDGE_CURVE ( 'NONE', #3328, #3192, #403, .T. ) ;
#797 = AXIS2_PLACEMENT_3D ( 'NONE', #3021, #247, #1157 ) ;
#798 = ORIENTED_EDGE ( 'NONE', *, *, #4003, .F. ) ;
#799 = DIRECTION ( 'NONE',  ( 1.000000000000000000, 0.000000000000000000, -0.000000000000000000 ) ) ;
#800 = CARTESIAN_POINT ( 'NONE',  ( 275.0000000000000000, 200.0000000000000000, 21.50000000000000000 ) ) ;
#801 = CARTESIAN_POINT ( 'NONE',  ( -290.8999999999999773, -206.0000000000000284, 31.00000000000000000 ) ) ;
#802 = ADVANCED_FACE ( 'NONE', ( #2208 ), #721, .T. ) ;
#803 = CARTESIAN_POINT ( 'NONE',  ( -288.8999999999999773, 185.5000000000000000, 16.00000000000000000 ) ) ;
#804 = DIRECTION ( 'NONE',  ( 0.000000000000000000, 0.000000000000000000, 1.000000000000000000 ) ) ;
#805 = CARTESIAN_POINT ( 'NONE',  ( 275.0000000000000000, 188.0000000000000000, 22.30000000000000071 ) ) ;
#806 = ORIENTED_EDGE ( 'NONE', *, *, #3225, .T. ) ;
#807 = CARTESIAN_POINT ( 'NONE',  ( 282.0000000000000000, -197.5000000000000000, 26.50000000000000355 ) ) ;
#808 = DIRECTION ( 'NONE',  ( 1.000000000000000000, 0.000000000000000000, 0.000000000000000000 ) ) ;
#809 = EDGE_LOOP ( 'NONE', ( #3526, #3165, #2709, #1445, #2117 ) ) ;
#810 = ADVANCED_FACE ( 'NONE', ( #2536 ), #2556, .T. ) ;
#811 = LINE ( 'NONE', #3306, #93 ) ;
#812 = CARTESIAN_POINT ( 'NONE',  ( -282.0000000000000000, -188.0000000000000000, 21.50000000000000000 ) ) ;
#813 = ORIENTED_EDGE ( 'NONE', *, *, #1976, .F. ) ;
#814 = AXIS2_PLACEMENT_3D ( 'NONE', #3402, #3354, #1828 ) ;
#815 = ORIENTED_EDGE ( 'NONE', *, *, #3082, .F. ) ;
#816 = ORIENTED_EDGE ( 'NONE', *, *, #1830, .F. ) ;
#817 = DIRECTION ( 'NONE',  ( 0.000000000000000000, 1.000000000000000000, 0.000000000000000000 ) ) ;
#818 = CARTESIAN_POINT ( 'NONE',  ( 288.8999999999999773, 202.5000000000000000, 21.50000000000000000 ) ) ;
#819 = ADVANCED_FACE ( 'NONE', ( #1974 ), #655, .T. ) ;
#820 = DIRECTION ( 'NONE',  ( 1.000000000000000000, 0.000000000000000000, -0.000000000000000000 ) ) ;
#821 = EDGE_CURVE ( 'NONE', #3689, #503, #3773, .T. ) ;
#822 = DIRECTION ( 'NONE',  ( 0.000000000000000000, 0.000000000000000000, 1.000000000000000000 ) ) ;
#823 = CARTESIAN_POINT ( 'NONE',  ( 275.0000000000000000, -185.5000000000000000, 21.50000000000000000 ) ) ;
#824 = LINE ( 'NONE', #1108, #874 ) ;
#825 = ORIENTED_EDGE ( 'NONE', *, *, #2160, .F. ) ;
#826 = DIRECTION ( 'NONE',  ( -0.000000000000000000, 0.000000000000000000, -1.000000000000000000 ) ) ;
#827 = CARTESIAN_POINT ( 'NONE',  ( 294.0000000000000000, -182.0000000000000000, 29.00000000000000000 ) ) ;
#828 = ORIENTED_EDGE ( 'NONE', *, *, #1695, .F. ) ;
#829 = VECTOR ( 'NONE', #258, 1000.000000000000000 ) ;
#830 = EDGE_CURVE ( 'NONE', #63, #435, #4059, .T. ) ;
#831 = CIRCLE ( 'NONE', #2395, 1.999999999999998224 ) ;
#832 = DIRECTION ( 'NONE',  ( 0.000000000000000000, 0.000000000000000000, 1.000000000000000000 ) ) ;
#833 = EDGE_CURVE ( 'NONE', #757, #3131, #3798, .T. ) ;
#834 = ORIENTED_EDGE ( 'NONE', *, *, #1055, .F. ) ;
#835 = AXIS2_PLACEMENT_3D ( 'NONE', #914, #826, #3697 ) ;
#836 = EDGE_LOOP ( 'NONE', ( #2303, #1226 ) ) ;
#837 = EDGE_LOOP ( 'NONE', ( #3139, #1856, #3837, #3619 ) ) ;
#838 = AXIS2_PLACEMENT_3D ( 'NONE', #2289, #355, #2571 ) ;
#839 = CARTESIAN_POINT ( 'NONE',  ( 294.0000000000000000, -207.5000000000000284, 31.00000000000000000 ) ) ;
#840 = CARTESIAN_POINT ( 'NONE',  ( -294.0000000000000000, -207.5000000000000284, 31.00000000000000000 ) ) ;
#841 = DIRECTION ( 'NONE',  ( 1.000000000000000000, 0.000000000000000000, -0.000000000000000000 ) ) ;
#842 = VECTOR ( 'NONE', #2240, 1000.000000000000000 ) ;
#843 = VERTEX_POINT ( 'NONE', #1647 ) ;
#844 = DIRECTION ( 'NONE',  ( 0.000000000000000000, 1.000000000000000000, 0.000000000000000000 ) ) ;
#845 = FACE_OUTER_BOUND ( 'NONE', #1825, .T. ) ;
#846 = CARTESIAN_POINT ( 'NONE',  ( -290.8999999999999773, -179.0000000000000000, 22.00000000000000000 ) ) ;
#847 = ORIENTED_EDGE ( 'NONE', *, *, #1552, .F. ) ;
#848 = CARTESIAN_POINT ( 'NONE',  ( -294.0000000000000000, 180.5000000000000000, 31.00000000000000000 ) ) ;
#849 = CARTESIAN_POINT ( 'NONE',  ( 282.0000000000000000, -188.0000000000000000, 21.50000000000000000 ) ) ;
#850 = ORIENTED_EDGE ( 'NONE', *, *, #2488, .F. ) ;
#851 = LINE ( 'NONE', #1840, #2301 ) ;
#852 = ORIENTED_EDGE ( 'NONE', *, *, #1383, .F. ) ;
#853 = CARTESIAN_POINT ( 'NONE',  ( 294.0000000000000000, 180.5000000000000000, 27.00000000000000355 ) ) ;
#854 = EDGE_CURVE ( 'NONE', #1669, #3012, #1250, .T. ) ;
#855 = ORIENTED_EDGE ( 'NONE', *, *, #3399, .T. ) ;
#856 = DIRECTION ( 'NONE',  ( -1.000000000000000000, 0.000000000000000000, 0.000000000000000000 ) ) ;
#857 = DIRECTION ( 'NONE',  ( 1.000000000000000000, 0.000000000000000000, -0.000000000000000000 ) ) ;
#858 = LINE ( 'NONE', #3010, #2215 ) ;
#859 = ORIENTED_EDGE ( 'NONE', *, *, #516, .F. ) ;
#860 = VECTOR ( 'NONE', #248, 1000.000000000000000 ) ;
#861 = ORIENTED_EDGE ( 'NONE', *, *, #21, .F. ) ;
#862 = DIRECTION ( 'NONE',  ( 1.000000000000000000, 0.000000000000000000, -0.000000000000000000 ) ) ;
#863 = LINE ( 'NONE', #1236, #2798 ) ;
#864 = CC_DESIGN_APPROVAL ( #413, ( #265 ) ) ;
#865 = DIRECTION ( 'NONE',  ( 1.000000000000000000, 0.000000000000000000, -0.000000000000000000 ) ) ;
#866 = ORIENTED_EDGE ( 'NONE', *, *, #1274, .T. ) ;
#867 = CARTESIAN_POINT ( 'NONE',  ( -288.8999999999999773, -185.5000000000000000, 21.50000000000000000 ) ) ;
#868 = ADVANCED_FACE ( 'NONE', ( #1021 ), #3751, .T. ) ;
#869 = PLANE ( 'NONE',  #1202 ) ;
#870 = PLANE ( 'NONE',  #597 ) ;
#871 = VERTEX_POINT ( 'NONE', #628 ) ;
#872 = EDGE_CURVE ( 'NONE', #788, #1594, #3468, .T. ) ;
#873 = LINE ( 'NONE', #1533, #2328 ) ;
#874 = VECTOR ( 'NONE', #513, 1000.000000000000000 ) ;
#875 = VERTEX_POINT ( 'NONE', #1931 ) ;
#876 = LINE ( 'NONE', #4036, #3252 ) ;
#877 = LINE ( 'NONE', #3709, #353 ) ;
#878 = CARTESIAN_POINT ( 'NONE',  ( -290.8999999999999773, -206.0000000000000284, 22.00000000000000000 ) ) ;
#879 = EDGE_LOOP ( 'NONE', ( #3608, #2490, #20, #4020 ) ) ;
#880 = VECTOR ( 'NONE', #3487, 1000.000000000000000 ) ;
#881 = VERTEX_POINT ( 'NONE', #3153 ) ;
#882 = FACE_OUTER_BOUND ( 'NONE', #1935, .T. ) ;
#883 = CARTESIAN_POINT ( 'NONE',  ( -290.8999999999999773, -182.0000000000000000, 22.00000000000000000 ) ) ;
#884 = PLANE ( 'NONE',  #3488 ) ;
#885 = EDGE_CURVE ( 'NONE', #1532, #4041, #2272, .T. ) ;
#886 = EDGE_LOOP ( 'NONE', ( #1043, #1811, #1270, #555 ) ) ;
#887 = FACE_OUTER_BOUND ( 'NONE', #3068, .T. ) ;
#888 = DIRECTION ( 'NONE',  ( 0.000000000000000000, 0.000000000000000000, 1.000000000000000000 ) ) ;
#889 = VECTOR ( 'NONE', #2820, 1000.000000000000000 ) ;
#890 = PRODUCT_RELATED_PRODUCT_CATEGORY ( 'detail', '', ( #377 ) ) ;
#891 = VECTOR ( 'NONE', #197, 1000.000000000000000 ) ;
#892 = LINE ( 'NONE', #2727, #3820 ) ;
#893 = CARTESIAN_POINT ( 'NONE',  ( -294.0000000000000000, -180.5000000000000000, 22.00000000000000000 ) ) ;
#894 = ORIENTED_EDGE ( 'NONE', *, *, #162, .F. ) ;
#895 = DIRECTION ( 'NONE',  ( 1.000000000000000000, 0.000000000000000000, -0.000000000000000000 ) ) ;
#896 = AXIS2_PLACEMENT_3D ( 'NONE', #572, #2718, #1812 ) ;
#897 = ORIENTED_EDGE ( 'NONE', *, *, #1013, .F. ) ;
#898 = DIRECTION ( 'NONE',  ( -0.000000000000000000, 0.000000000000000000, -1.000000000000000000 ) ) ;
#899 = DIRECTION ( 'NONE',  ( -1.000000000000000000, 0.000000000000000000, 0.000000000000000000 ) ) ;
#900 = CIRCLE ( 'NONE', #3646, 1.700000000000000178 ) ;
#901 = LINE ( 'NONE', #569, #2402 ) ;
#902 = ADVANCED_FACE ( 'NONE', ( #1600 ), #1622, .F. ) ;
#903 = ORIENTED_EDGE ( 'NONE', *, *, #3225, .F. ) ;
#904 = VECTOR ( 'NONE', #2431, 1000.000000000000000 ) ;
#905 = EDGE_CURVE ( 'NONE', #2367, #1145, #2906, .T. ) ;
#906 = EDGE_LOOP ( 'NONE', ( #375, #2013, #2465, #3430 ) ) ;
#907 = CARTESIAN_POINT ( 'NONE',  ( -275.0000000000000000, -200.0000000000000000, 25.69999999999999929 ) ) ;
#908 = LINE ( 'NONE', #4024, #2877 ) ;
#909 = EDGE_CURVE ( 'NONE', #1609, #3024, #90, .T. ) ;
#910 = EDGE_LOOP ( 'NONE', ( #1760, #4063, #3947, #228 ) ) ;
#911 = CARTESIAN_POINT ( 'NONE',  ( -288.8999999999999773, 197.5000000000000000, 16.00000000000000000 ) ) ;
#912 = VECTOR ( 'NONE', #3835, 1000.000000000000000 ) ;
#913 = EDGE_LOOP ( 'NONE', ( #3162, #2384 ) ) ;
#914 = CARTESIAN_POINT ( 'NONE',  ( 292.0000000000000000, -207.5000000000000284, 22.00000000000000000 ) ) ;
#915 = DIRECTION ( 'NONE',  ( 0.000000000000000000, -1.000000000000000000, -0.000000000000000000 ) ) ;
#916 = CARTESIAN_POINT ( 'NONE',  ( -289.8999999999999773, 209.5000000000000284, 16.00000000000000000 ) ) ;
#917 = ORIENTED_EDGE ( 'NONE', *, *, #166, .F. ) ;
#918 = EDGE_CURVE ( 'NONE', #426, #713, #3557, .T. ) ;
#919 = VERTEX_POINT ( 'NONE', #1365 ) ;
#920 = DIRECTION ( 'NONE',  ( -1.000000000000000000, -0.000000000000000000, 0.000000000000000000 ) ) ;
#921 = LINE ( 'NONE', #4018, #3902 ) ;
#922 = PLANE ( 'NONE',  #114 ) ;
#923 = EDGE_CURVE ( 'NONE', #2446, #757, #1958, .T. ) ;
#924 = ORIENTED_EDGE ( 'NONE', *, *, #753, .T. ) ;
#925 = ORIENTED_EDGE ( 'NONE', *, *, #214, .T. ) ;
#926 = LINE ( 'NONE', #3339, #3249 ) ;
#927 = DIRECTION ( 'NONE',  ( 0.000000000000000000, 0.000000000000000000, 1.000000000000000000 ) ) ;
#928 = EDGE_LOOP ( 'NONE', ( #3057, #29 ) ) ;
#929 = CARTESIAN_POINT ( 'NONE',  ( -288.8999999999999773, -194.0000000000000000, 32.00000000000000000 ) ) ;
#930 = EDGE_CURVE ( 'NONE', #1393, #1234, #2521, .T. ) ;
#931 = EDGE_LOOP ( 'NONE', ( #1969, #1298, #2343, #1095, #4002, #3234 ) ) ;
#932 = DIRECTION ( 'NONE',  ( -1.000000000000000000, -0.000000000000000000, 0.000000000000000000 ) ) ;
#933 = DIRECTION ( 'NONE',  ( -1.000000000000000000, 0.000000000000000000, 0.000000000000000000 ) ) ;
#934 = ORIENTED_EDGE ( 'NONE', *, *, #786, .F. ) ;
#935 = APPROVAL_ROLE ( '' ) ;
#936 = CARTESIAN_POINT ( 'NONE',  ( 290.8999999999999773, 209.5000000000000284, 32.00000000000000000 ) ) ;
#937 = EDGE_LOOP ( 'NONE', ( #369, #2650, #3022, #1402 ) ) ;
#938 = EDGE_CURVE ( 'NONE', #3801, #1936, #3459, .T. ) ;
#939 = DIRECTION ( 'NONE',  ( 0.000000000000000000, 0.000000000000000000, -1.000000000000000000 ) ) ;
#940 = CARTESIAN_POINT ( 'NONE',  ( -292.0000000000000000, 209.0000000000000284, 22.00000000000000000 ) ) ;
#941 = DIRECTION ( 'NONE',  ( 0.000000000000000000, 0.000000000000000000, 1.000000000000000000 ) ) ;
#942 = CARTESIAN_POINT ( 'NONE',  ( -292.0000000000000000, 206.0000000000000284, 31.00000000000000000 ) ) ;
#943 = VERTEX_POINT ( 'NONE', #2002 ) ;
#944 = EDGE_CURVE ( 'NONE', #2379, #3020, #2547, .T. ) ;
#945 = ORIENTED_EDGE ( 'NONE', *, *, #3262, .F. ) ;
#946 = CARTESIAN_POINT ( 'NONE',  ( 294.0000000000000000, -206.0000000000000284, 27.00000000000000355 ) ) ;
#947 = DIRECTION ( 'NONE',  ( -1.000000000000000000, 0.000000000000000000, 0.000000000000000000 ) ) ;
#948 = ORIENTED_EDGE ( 'NONE', *, *, #2635, .T. ) ;
#949 = ADVANCED_FACE ( 'NONE', ( #992 ), #1675, .T. ) ;
#950 = VECTOR ( 'NONE', #1648, 1000.000000000000000 ) ;
#951 = ORIENTED_EDGE ( 'NONE', *, *, #1303, .T. ) ;
#952 = FACE_OUTER_BOUND ( 'NONE', #1678, .T. ) ;
#953 = CARTESIAN_POINT ( 'NONE',  ( 292.0000000000000000, 209.0000000000000284, 22.00000000000000000 ) ) ;
#954 = EDGE_LOOP ( 'NONE', ( #2987, #1710, #1158, #2941 ) ) ;
#955 = DIRECTION ( 'NONE',  ( 0.000000000000000000, 1.000000000000000000, 0.000000000000000000 ) ) ;
#956 = LINE ( 'NONE', #2481, #1260 ) ;
#957 = ORIENTED_EDGE ( 'NONE', *, *, #1130, .F. ) ;
#958 = CARTESIAN_POINT ( 'NONE',  ( -294.0000000000000000, 180.5000000000000000, 29.00000000000000000 ) ) ;
#959 = EDGE_CURVE ( 'NONE', #1152, #549, #2585, .T. ) ;
#960 = CARTESIAN_POINT ( 'NONE',  ( -292.0000000000000000, 182.0000000000000000, 22.00000000000000000 ) ) ;
#961 = DIRECTION ( 'NONE',  ( -1.000000000000000000, -0.000000000000000000, 0.000000000000000000 ) ) ;
#962 = DIRECTION ( 'NONE',  ( -0.000000000000000000, -1.000000000000000000, -0.000000000000000000 ) ) ;
#963 = VECTOR ( 'NONE', #3278, 1000.000000000000000 ) ;
#964 = EDGE_LOOP ( 'NONE', ( #3464, #1762, #2067, #1000 ) ) ;
#965 = VERTEX_POINT ( 'NONE', #972 ) ;
#966 = VERTEX_POINT ( 'NONE', #3477 ) ;
#967 = AXIS2_PLACEMENT_3D ( 'NONE', #2350, #3609, #605 ) ;
#968 = CYLINDRICAL_SURFACE ( 'NONE', #1028, 1.700000000000000178 ) ;
#969 = CARTESIAN_POINT ( 'NONE',  ( 292.0000000000000000, -180.5000000000000000, 31.00000000000000000 ) ) ;
#970 = EDGE_LOOP ( 'NONE', ( #1861, #861, #1081, #2516, #522, #2711 ) ) ;
#971 = VECTOR ( 'NONE', #12, 1000.000000000000000 ) ;
#972 = CARTESIAN_POINT ( 'NONE',  ( -290.8999999999999773, 178.5000000000000000, 32.00000000000000000 ) ) ;
#973 = VECTOR ( 'NONE', #630, 1000.000000000000000 ) ;
#974 = CARTESIAN_POINT ( 'NONE',  ( -282.0000000000000000, -190.5000000000000000, 21.50000000000000000 ) ) ;
#975 = DIRECTION ( 'NONE',  ( 0.000000000000000000, 0.000000000000000000, 1.000000000000000000 ) ) ;
#976 = AXIS2_PLACEMENT_3D ( 'NONE', #3095, #1503, #218 ) ;
#977 = EDGE_LOOP ( 'NONE', ( #67, #3849, #2764, #1038 ) ) ;
#978 = CALENDAR_DATE ( 2026, 29, 8 ) ;
#979 = CARTESIAN_POINT ( 'NONE',  ( -292.0000000000000000, 179.0000000000000000, 31.00000000000000000 ) ) ;
#980 = CARTESIAN_POINT ( 'NONE',  ( -275.0000000000000000, -200.0000000000000000, 22.30000000000000071 ) ) ;
#981 = EDGE_LOOP ( 'NONE', ( #3938, #2918 ) ) ;
#982 = CARTESIAN_POINT ( 'NONE',  ( 294.0000000000000000, 206.0000000000000284, 22.00000000000000000 ) ) ;
#983 = DIRECTION ( 'NONE',  ( 0.000000000000000000, 0.000000000000000000, -1.000000000000000000 ) ) ;
#984 = DIRECTION ( 'NONE',  ( 0.000000000000000000, -1.000000000000000000, 0.000000000000000000 ) ) ;
#985 = CARTESIAN_POINT ( 'NONE',  ( 290.8999999999999773, -178.5000000000000000, 16.00000000000000000 ) ) ;
#986 = VERTEX_POINT ( 'NONE', #3539 ) ;
#987 = ORIENTED_EDGE ( 'NONE', *, *, #3629, .F. ) ;
#988 = ORIENTED_EDGE ( 'NONE', *, *, #1930, .F. ) ;
#989 = FACE_OUTER_BOUND ( 'NONE', #740, .T. ) ;
#990 = CARTESIAN_POINT ( 'NONE',  ( -290.8999999999999773, 209.0000000000000284, 16.00000000000000000 ) ) ;
#991 = EDGE_LOOP ( 'NONE', ( #515, #1606, #3974, #2583 ) ) ;
#992 = FACE_OUTER_BOUND ( 'NONE', #191, .T. ) ;
#993 = DIRECTION ( 'NONE',  ( 0.000000000000000000, -1.000000000000000000, 0.000000000000000000 ) ) ;
#994 = ORIENTED_EDGE ( 'NONE', *, *, #402, .T. ) ;
#995 = VECTOR ( 'NONE', #2161, 1000.000000000000000 ) ;
#996 = ADVANCED_FACE ( 'NONE', ( #1029 ), #745, .T. ) ;
#997 = DATE_AND_TIME ( #1883, #1987 ) ;
#998 = DIRECTION ( 'NONE',  ( -0.000000000000000000, 1.000000000000000000, 0.000000000000000000 ) ) ;
#999 = CARTESIAN_POINT ( 'NONE',  ( -294.0000000000000000, -207.5000000000000284, 22.00000000000000000 ) ) ;
#1000 = ORIENTED_EDGE ( 'NONE', *, *, #762, .F. ) ;
#1001 = LOCAL_TIME ( 16, 1, 32.00000000000000000, #379 ) ;
#1002 = CARTESIAN_POINT ( 'NONE',  ( -274.6000000000000227, 200.0000000000000000, 24.00000000000000000 ) ) ;
#1003 = DIRECTION ( 'NONE',  ( 1.000000000000000000, 0.000000000000000000, -0.000000000000000000 ) ) ;
#1004 = LINE ( 'NONE', #3111, #950 ) ;
#1005 = CARTESIAN_POINT ( 'NONE',  ( -282.0000000000000000, -188.0000000000000000, 26.50000000000000355 ) ) ;
#1006 = VERTEX_POINT ( 'NONE', #3850 ) ;
#1007 = VERTEX_POINT ( 'NONE', #2244 ) ;
#1008 = PLANE ( 'NONE',  #1089 ) ;
#1009 = CARTESIAN_POINT ( 'NONE',  ( -289.8999999999999773, -194.0000000000000000, 16.00000000000000000 ) ) ;
#1010 = ORIENTED_EDGE ( 'NONE', *, *, #3966, .F. ) ;
#1011 = VECTOR ( 'NONE', #3969, 1000.000000000000000 ) ;
#1012 = DIRECTION ( 'NONE',  ( -1.000000000000000000, 0.000000000000000000, 0.000000000000000000 ) ) ;
#1013 = EDGE_CURVE ( 'NONE', #1179, #3066, #1656, .T. ) ;
#1014 = PLANE ( 'NONE',  #2314 ) ;
#1015 = VERTEX_POINT ( 'NONE', #1920 ) ;
#1016 = FACE_OUTER_BOUND ( 'NONE', #3178, .T. ) ;
#1017 = CARTESIAN_POINT ( 'NONE',  ( 290.8999999999999773, 200.0000000000000000, 22.30000000000000071 ) ) ;
#1018 = DIRECTION ( 'NONE',  ( -1.000000000000000000, -0.000000000000000000, 0.000000000000000000 ) ) ;
#1019 = VERTEX_POINT ( 'NONE', #349 ) ;
#1020 = ADVANCED_FACE ( 'NONE', ( #3497 ), #1944, .T. ) ;
#1021 = FACE_OUTER_BOUND ( 'NONE', #1986, .T. ) ;
#1022 = LINE ( 'NONE', #316, #1677 ) ;
#1023 = CARTESIAN_POINT ( 'NONE',  ( 290.8999999999999773, 178.5000000000000000, 32.00000000000000000 ) ) ;
#1024 = VERTEX_POINT ( 'NONE', #2608 ) ;
#1025 = ORIENTED_EDGE ( 'NONE', *, *, #1791, .F. ) ;
#1026 = DIRECTION ( 'NONE',  ( 0.000000000000000000, 0.000000000000000000, -1.000000000000000000 ) ) ;
#1027 = DIRECTION ( 'NONE',  ( 0.000000000000000000, 0.000000000000000000, -1.000000000000000000 ) ) ;
#1028 = AXIS2_PLACEMENT_3D ( 'NONE', #2260, #3141, #2562 ) ;
#1029 = FACE_OUTER_BOUND ( 'NONE', #3159, .T. ) ;
#1030 = DIRECTION ( 'NONE',  ( 0.000000000000000000, -1.000000000000000000, -0.000000000000000000 ) ) ;
#1031 = AXIS2_PLACEMENT_3D ( 'NONE', #2001, #2315, #451 ) ;
#1032 = ADVANCED_FACE ( 'NONE', ( #3183 ), #393, .T. ) ;
#1033 = ORIENTED_EDGE ( 'NONE', *, *, #654, .T. ) ;
#1034 = AXIS2_PLACEMENT_3D ( 'NONE', #607, #3470, #1536 ) ;
#1035 = CARTESIAN_POINT ( 'NONE',  ( 290.8999999999999773, 206.0000000000000284, 22.00000000000000000 ) ) ;
#1036 = DIRECTION ( 'NONE',  ( 0.000000000000000000, 0.000000000000000000, 1.000000000000000000 ) ) ;
#1037 = DIRECTION ( 'NONE',  ( 0.000000000000000000, 0.000000000000000000, -1.000000000000000000 ) ) ;
#1038 = ORIENTED_EDGE ( 'NONE', *, *, #516, .T. ) ;
#1039 = AXIS2_PLACEMENT_3D ( 'NONE', #2282, #3514, #1981 ) ;
#1040 = CARTESIAN_POINT ( 'NONE',  ( 290.8999999999999773, -209.0000000000000284, 16.00000000000000000 ) ) ;
#1041 = CARTESIAN_POINT ( 'NONE',  ( 275.0000000000000000, -188.0000000000000000, 26.50000000000000355 ) ) ;
#1042 = ORIENTED_EDGE ( 'NONE', *, *, #200, .F. ) ;
#1043 = ORIENTED_EDGE ( 'NONE', *, *, #3616, .F. ) ;
#1044 = LINE ( 'NONE', #427, #3976 ) ;
#1045 = CARTESIAN_POINT ( 'NONE',  ( 290.8999999999999773, 209.0000000000000284, 31.00000000000000000 ) ) ;
#1046 = ADVANCED_FACE ( 'NONE', ( #1635 ), #2284, .T. ) ;
#1047 = CARTESIAN_POINT ( 'NONE',  ( 294.0000000000000000, -207.5000000000000284, 27.00000000000000355 ) ) ;
#1048 = CARTESIAN_POINT ( 'NONE',  ( -288.8999999999999773, 194.0000000000000000, 16.00000000000000000 ) ) ;
#1049 = LINE ( 'NONE', #157, #2839 ) ;
#1050 = EDGE_CURVE ( 'NONE', #3433, #3024, #729, .T. ) ;
#1051 = ORIENTED_EDGE ( 'NONE', *, *, #453, .F. ) ;
#1052 = CARTESIAN_POINT ( 'NONE',  ( -290.8999999999999773, -188.0000000000000000, 22.30000000000000071 ) ) ;
#1053 = LINE ( 'NONE', #769, #502 ) ;
#1054 = DIRECTION ( 'NONE',  ( 0.000000000000000000, 1.000000000000000000, 0.000000000000000000 ) ) ;
#1055 = EDGE_CURVE ( 'NONE', #2982, #1937, #3790, .T. ) ;
#1056 = EDGE_LOOP ( 'NONE', ( #1513, #988, #3560, #1810 ) ) ;
#1057 = VECTOR ( 'NONE', #3119, 1000.000000000000000 ) ;
#1058 = FACE_BOUND ( 'NONE', #1598, .T. ) ;
#1059 = EDGE_CURVE ( 'NONE', #110, #1491, #1983, .T. ) ;
#1060 = LINE ( 'NONE', #3883, #1162 ) ;
#1061 = ORIENTED_EDGE ( 'NONE', *, *, #514, .F. ) ;
#1062 = ORIENTED_EDGE ( 'NONE', *, *, #1930, .T. ) ;
#1063 = CARTESIAN_POINT ( 'NONE',  ( -275.0000000000000000, 200.0000000000000000, 21.50000000000000000 ) ) ;
#1064 = FACE_OUTER_BOUND ( 'NONE', #320, .T. ) ;
#1065 = LINE ( 'NONE', #1922, #1302 ) ;
#1066 = EDGE_CURVE ( 'NONE', #1876, #1850, #3246, .T. ) ;
#1067 = PLANE ( 'NONE',  #3185 ) ;
#1068 = DIRECTION ( 'NONE',  ( 0.000000000000000000, -1.000000000000000000, -0.000000000000000000 ) ) ;
#1069 = VECTOR ( 'NONE', #2688, 1000.000000000000000 ) ;
#1070 = VERTEX_POINT ( 'NONE', #3931 ) ;
#1071 = DIRECTION ( 'NONE',  ( 0.000000000000000000, 0.000000000000000000, -1.000000000000000000 ) ) ;
#1072 = LINE ( 'NONE', #2322, #1401 ) ;
#1073 = EDGE_CURVE ( 'NONE', #3365, #2066, #169, .T. ) ;
#1074 = ORIENTED_EDGE ( 'NONE', *, *, #2854, .F. ) ;
#1075 = VECTOR ( 'NONE', #4037, 1000.000000000000000 ) ;
#1076 = EDGE_CURVE ( 'NONE', #3212, #3670, #1053, .T. ) ;
#1077 = ADVANCED_FACE ( 'NONE', ( #3266 ), #143, .F. ) ;
#1078 = LINE ( 'NONE', #3215, #3566 ) ;
#1079 = VERTEX_POINT ( 'NONE', #1703 ) ;
#1080 = VECTOR ( 'NONE', #3836, 1000.000000000000000 ) ;
#1081 = ORIENTED_EDGE ( 'NONE', *, *, #830, .F. ) ;
#1082 = VERTEX_POINT ( 'NONE', #1110 ) ;
#1083 = CARTESIAN_POINT ( 'NONE',  ( 290.8999999999999773, 209.5000000000000284, 16.00000000000000000 ) ) ;
#1084 = LINE ( 'NONE', #487, #89 ) ;
#1085 = CARTESIAN_POINT ( 'NONE',  ( 290.8999999999999773, 179.0000000000000000, 22.00000000000000000 ) ) ;
#1086 = CARTESIAN_POINT ( 'NONE',  ( 290.8999999999999773, -188.0000000000000000, 25.69999999999999929 ) ) ;
#1087 = EDGE_CURVE ( 'NONE', #1924, #3640, #711, .T. ) ;
#1088 = CARTESIAN_POINT ( 'NONE',  ( 274.6000000000000227, 188.0000000000000000, 25.69999999999999929 ) ) ;
#1089 = AXIS2_PLACEMENT_3D ( 'NONE', #3805, #3179, #1631 ) ;
#1090 = ORIENTED_EDGE ( 'NONE', *, *, #3098, .T. ) ;
#1091 = AXIS2_PLACEMENT_3D ( 'NONE', #2799, #3508, #1889 ) ;
#1092 = DIRECTION ( 'NONE',  ( 0.000000000000000000, 1.000000000000000000, 0.000000000000000000 ) ) ;
#1093 = EDGE_CURVE ( 'NONE', #1082, #2172, #457, .T. ) ;
#1094 = DIRECTION ( 'NONE',  ( 0.000000000000000000, 0.000000000000000000, -1.000000000000000000 ) ) ;
#1095 = ORIENTED_EDGE ( 'NONE', *, *, #1646, .T. ) ;
#1096 = VECTOR ( 'NONE', #744, 1000.000000000000000 ) ;
#1097 = FACE_BOUND ( 'NONE', #625, .T. ) ;
#1098 = VERTEX_POINT ( 'NONE', #1388 ) ;
#1099 = VECTOR ( 'NONE', #1892, 1000.000000000000000 ) ;
#1100 = EDGE_CURVE ( 'NONE', #3287, #3007, #2630, .T. ) ;
#1101 = ORIENTED_EDGE ( 'NONE', *, *, #1093, .F. ) ;
#1102 = VECTOR ( 'NONE', #2372, 1000.000000000000000 ) ;
#1103 = ORIENTED_EDGE ( 'NONE', *, *, #3606, .F. ) ;
#1104 = DIRECTION ( 'NONE',  ( -1.000000000000000000, 0.000000000000000000, 0.000000000000000000 ) ) ;
#1105 = CARTESIAN_POINT ( 'NONE',  ( 275.0000000000000000, 188.0000000000000000, 25.69999999999999929 ) ) ;
#1106 = CARTESIAN_POINT ( 'NONE',  ( -290.8999999999999773, 194.0000000000000000, 31.00000000000000000 ) ) ;
#1107 = LINE ( 'NONE', #2354, #1156 ) ;
#1108 = CARTESIAN_POINT ( 'NONE',  ( -274.6000000000000227, -200.0000000000000000, 25.69999999999999929 ) ) ;
#1109 = ORIENTED_EDGE ( 'NONE', *, *, #3109, .T. ) ;
#1110 = CARTESIAN_POINT ( 'NONE',  ( 290.8999999999999773, 206.0000000000000284, 31.00000000000000000 ) ) ;
#1111 = CARTESIAN_POINT ( 'NONE',  ( -290.8999999999999773, 194.0000000000000000, 22.00000000000000000 ) ) ;
#1112 = ORIENTED_EDGE ( 'NONE', *, *, #796, .F. ) ;
#1113 = EDGE_CURVE ( 'NONE', #3794, #1526, #1717, .T. ) ;
#1114 = DIRECTION ( 'NONE',  ( 0.000000000000000000, 0.000000000000000000, 1.000000000000000000 ) ) ;
#1115 = VERTEX_POINT ( 'NONE', #789 ) ;
#1116 = AXIS2_PLACEMENT_3D ( 'NONE', #538, #3039, #226 ) ;
#1117 = EDGE_CURVE ( 'NONE', #621, #1179, #3527, .T. ) ;
#1118 = EDGE_LOOP ( 'NONE', ( #3935, #1837, #2024, #387 ) ) ;
#1119 = AXIS2_PLACEMENT_3D ( 'NONE', #1777, #3330, #3395 ) ;
#1120 = ORIENTED_EDGE ( 'NONE', *, *, #2174, .F. ) ;
#1121 = CARTESIAN_POINT ( 'NONE',  ( -290.8999999999999773, 206.0000000000000284, 31.00000000000000000 ) ) ;
#1122 = CARTESIAN_POINT ( 'NONE',  ( -294.0000000000000000, -206.0000000000000284, 31.00000000000000000 ) ) ;
#1123 = CARTESIAN_POINT ( 'NONE',  ( -288.8999999999999773, -202.5000000000000000, 21.50000000000000000 ) ) ;
#1124 = LOCAL_TIME ( 16, 1, 32.00000000000000000, #2860 ) ;
#1125 = FACE_OUTER_BOUND ( 'NONE', #3953, .T. ) ;
#1126 = FACE_OUTER_BOUND ( 'NONE', #2246, .T. ) ;
#1127 = ADVANCED_FACE ( 'NONE', ( #1733 ), #2613, .T. ) ;
#1128 = DIRECTION ( 'NONE',  ( 0.000000000000000000, 0.000000000000000000, -1.000000000000000000 ) ) ;
#1129 = ORIENTED_EDGE ( 'NONE', *, *, #68, .F. ) ;
#1130 = EDGE_CURVE ( 'NONE', #3920, #3615, #2321, .T. ) ;
#1131 = DIRECTION ( 'NONE',  ( 0.000000000000000000, 1.000000000000000000, 0.000000000000000000 ) ) ;
#1132 = CARTESIAN_POINT ( 'NONE',  ( -294.0000000000000000, -206.0000000000000284, 27.00000000000000355 ) ) ;
#1133 = ORIENTED_EDGE ( 'NONE', *, *, #430, .F. ) ;
#1134 = CIRCLE ( 'NONE', #2577, 1.999999999999998224 ) ;
#1135 = FACE_BOUND ( 'NONE', #346, .T. ) ;
#1136 = ORIENTED_EDGE ( 'NONE', *, *, #489, .F. ) ;
#1137 = CC_DESIGN_DATE_AND_TIME_ASSIGNMENT ( #997, #2248, ( #265 ) ) ;
#1138 = VECTOR ( 'NONE', #2408, 1000.000000000000000 ) ;
#1139 = ORIENTED_EDGE ( 'NONE', *, *, #520, .T. ) ;
#1140 = ORIENTED_EDGE ( 'NONE', *, *, #2651, .T. ) ;
#1141 = CARTESIAN_POINT ( 'NONE',  ( -290.8999999999999773, 182.0000000000000000, 22.00000000000000000 ) ) ;
#1142 = DIRECTION ( 'NONE',  ( -0.000000000000000000, 0.000000000000000000, -1.000000000000000000 ) ) ;
#1143 = VECTOR ( 'NONE', #109, 1000.000000000000000 ) ;
#1144 = FACE_OUTER_BOUND ( 'NONE', #4057, .T. ) ;
#1145 = VERTEX_POINT ( 'NONE', #1403 ) ;
#1146 = EDGE_CURVE ( 'NONE', #713, #1007, #1682, .T. ) ;
#1147 = DIRECTION ( 'NONE',  ( 0.000000000000000000, 0.000000000000000000, 1.000000000000000000 ) ) ;
#1148 = DIRECTION ( 'NONE',  ( -0.000000000000000000, 0.000000000000000000, -1.000000000000000000 ) ) ;
#1149 = AXIS2_PLACEMENT_3D ( 'NONE', #3906, #2610, #2627 ) ;
#1150 = CARTESIAN_POINT ( 'NONE',  ( 275.0000000000000000, -200.0000000000000000, 21.50000000000000000 ) ) ;
#1151 = VECTOR ( 'NONE', #3444, 1000.000000000000000 ) ;
#1152 = VERTEX_POINT ( 'NONE', #2647 ) ;
#1153 = CARTESIAN_POINT ( 'NONE',  ( 288.8999999999999773, -178.5000000000000000, 32.00000000000000000 ) ) ;
#1154 = LINE ( 'NONE', #127, #1934 ) ;
#1155 = ORIENTED_EDGE ( 'NONE', *, *, #3782, .F. ) ;
#1156 = VECTOR ( 'NONE', #3612, 1000.000000000000000 ) ;
#1157 = DIRECTION ( 'NONE',  ( 0.000000000000000000, 0.000000000000000000, 1.000000000000000000 ) ) ;
#1158 = ORIENTED_EDGE ( 'NONE', *, *, #2770, .F. ) ;
#1159 = VECTOR ( 'NONE', #3617, 1000.000000000000000 ) ;
#1160 = FACE_OUTER_BOUND ( 'NONE', #977, .T. ) ;
#1161 = ORIENTED_EDGE ( 'NONE', *, *, #1490, .F. ) ;
#1162 = VECTOR ( 'NONE', #2539, 1000.000000000000000 ) ;
#1163 = LINE ( 'NONE', #233, #2020 ) ;
#1164 = DIRECTION ( 'NONE',  ( -1.000000000000000000, -0.000000000000000000, 0.000000000000000000 ) ) ;
#1165 = DIRECTION ( 'NONE',  ( 0.000000000000000000, -1.000000000000000000, -0.000000000000000000 ) ) ;
#1166 = AXIS2_PLACEMENT_3D ( 'NONE', #1749, #3501, #3631 ) ;
#1167 = ORIENTED_EDGE ( 'NONE', *, *, #3426, .T. ) ;
#1168 = EDGE_CURVE ( 'NONE', #2611, #2364, #2337, .T. ) ;
#1169 = CARTESIAN_POINT ( 'NONE',  ( 294.0000000000000000, 209.0000000000000284, 31.00000000000000000 ) ) ;
#1170 = PLANE ( 'NONE',  #3135 ) ;
#1171 = LINE ( 'NONE', #2475, #1057 ) ;
#1172 = EDGE_LOOP ( 'NONE', ( #319, #82, #529, #1430 ) ) ;
#1173 = ADVANCED_FACE ( 'NONE', ( #3600 ), #2341, .T. ) ;
#1174 = DIRECTION ( 'NONE',  ( 1.000000000000000000, 0.000000000000000000, -0.000000000000000000 ) ) ;
#1175 = CARTESIAN_POINT ( 'NONE',  ( -289.8999999999999773, 194.0000000000000000, 16.00000000000000000 ) ) ;
#1176 = EDGE_CURVE ( 'NONE', #1544, #3676, #1425, .T. ) ;
#1177 =( NAMED_UNIT ( * ) PLANE_ANGLE_UNIT ( ) SI_UNIT ( $, .RADIAN. ) );
#1178 = PLANE ( 'NONE',  #1391 ) ;
#1179 = VERTEX_POINT ( 'NONE', #2377 ) ;
#1180 = ORIENTED_EDGE ( 'NONE', *, *, #2324, .F. ) ;
#1181 = ORIENTED_EDGE ( 'NONE', *, *, #3665, .F. ) ;
#1182 = EDGE_CURVE ( 'NONE', #110, #3676, #1989, .T. ) ;
#1183 = VERTEX_POINT ( 'NONE', #1371 ) ;
#1184 = PLANE ( 'NONE',  #37 ) ;
#1185 = FACE_OUTER_BOUND ( 'NONE', #1327, .T. ) ;
#1186 = CARTESIAN_POINT ( 'NONE',  ( 282.0000000000000000, -190.5000000000000000, 21.50000000000000000 ) ) ;
#1187 = EDGE_LOOP ( 'NONE', ( #3570, #3492, #2695, #682, #1684 ) ) ;
#1188 = AXIS2_PLACEMENT_3D ( 'NONE', #1150, #3362, #4007 ) ;
#1189 = ORIENTED_EDGE ( 'NONE', *, *, #1698, .T. ) ;
#1190 = LINE ( 'NONE', #3029, #829 ) ;
#1191 = DIRECTION ( 'NONE',  ( 0.000000000000000000, -1.000000000000000000, -0.000000000000000000 ) ) ;
#1192 = LINE ( 'NONE', #1479, #3086 ) ;
#1193 = ADVANCED_FACE ( 'NONE', ( #1857 ), #535, .T. ) ;
#1194 = ORIENTED_EDGE ( 'NONE', *, *, #1221, .F. ) ;
#1195 = CARTESIAN_POINT ( 'NONE',  ( -290.8999999999999773, 209.5000000000000284, 16.00000000000000000 ) ) ;
#1196 = DIRECTION ( 'NONE',  ( -0.000000000000000000, 1.000000000000000000, 0.000000000000000000 ) ) ;
#1197 = MANIFOLD_SOLID_BREP ( 'Left lower V7 keeper bracket', #1358 ) ;
#1198 = DIRECTION ( 'NONE',  ( -0.000000000000000000, 0.000000000000000000, -1.000000000000000000 ) ) ;
#1199 = DIRECTION ( 'NONE',  ( 0.000000000000000000, 0.000000000000000000, -1.000000000000000000 ) ) ;
#1200 = ORIENTED_EDGE ( 'NONE', *, *, #3556, .F. ) ;
#1201 = CARTESIAN_POINT ( 'NONE',  ( 275.0000000000000000, -202.5000000000000000, 21.50000000000000000 ) ) ;
#1202 = AXIS2_PLACEMENT_3D ( 'NONE', #2119, #224, #3393 ) ;
#1203 = ORIENTED_EDGE ( 'NONE', *, *, #1076, .T. ) ;
#1204 = FACE_OUTER_BOUND ( 'NONE', #1822, .T. ) ;
#1205 = CARTESIAN_POINT ( 'NONE',  ( -282.0000000000000000, -197.5000000000000000, 21.50000000000000000 ) ) ;
#1206 = DIRECTION ( 'NONE',  ( 1.000000000000000000, 0.000000000000000000, -0.000000000000000000 ) ) ;
#1207 = AXIS2_PLACEMENT_3D ( 'NONE', #1845, #2443, #857 ) ;
#1208 = EDGE_CURVE ( 'NONE', #1937, #2982, #3723, .T. ) ;
#1209 = ORIENTED_EDGE ( 'NONE', *, *, #2948, .F. ) ;
#1210 = VECTOR ( 'NONE', #1054, 1000.000000000000000 ) ;
#1211 = ORIENTED_EDGE ( 'NONE', *, *, #2499, .T. ) ;
#1212 = PLANE ( 'NONE',  #2391 ) ;
#1213 = CARTESIAN_POINT ( 'NONE',  ( -294.0000000000000000, -207.5000000000000284, 29.00000000000000000 ) ) ;
#1214 = EDGE_LOOP ( 'NONE', ( #3375, #3599, #1650, #363 ) ) ;
#1215 = CARTESIAN_POINT ( 'NONE',  ( 290.8999999999999773, 194.0000000000000000, 22.00000000000000000 ) ) ;
#1216 = ORIENTED_EDGE ( 'NONE', *, *, #3972, .T. ) ;
#1217 = EDGE_CURVE ( 'NONE', #1936, #3801, #3983, .T. ) ;
#1218 = DIRECTION ( 'NONE',  ( 1.000000000000000000, 0.000000000000000000, -0.000000000000000000 ) ) ;
#1219 = CARTESIAN_POINT ( 'NONE',  ( -288.8999999999999773, 194.0000000000000000, 26.50000000000000355 ) ) ;
#1220 = AXIS2_PLACEMENT_3D ( 'NONE', #229, #1469, #3664 ) ;
#1221 = EDGE_CURVE ( 'NONE', #1098, #523, #1547, .T. ) ;
#1222 = VECTOR ( 'NONE', #2170, 1000.000000000000000 ) ;
#1223 = DIRECTION ( 'NONE',  ( 0.000000000000000000, 0.000000000000000000, 1.000000000000000000 ) ) ;
#1224 = CARTESIAN_POINT ( 'NONE',  ( -294.0000000000000000, -207.5000000000000284, 31.00000000000000000 ) ) ;
#1225 = ORIENTED_EDGE ( 'NONE', *, *, #1059, .T. ) ;
#1226 = ORIENTED_EDGE ( 'NONE', *, *, #3854, .T. ) ;
#1227 = VECTOR ( 'NONE', #3163, 1000.000000000000000 ) ;
#1228 = PLANE ( 'NONE',  #2598 ) ;
#1229 = PLANE ( 'NONE',  #615 ) ;
#1230 = EDGE_CURVE ( 'NONE', #3584, #679, #3724, .T. ) ;
#1231 = AXIS2_PLACEMENT_3D ( 'NONE', #101, #371, #60 ) ;
#1232 = LINE ( 'NONE', #1498, #1305 ) ;
#1233 = VECTOR ( 'NONE', #2698, 1000.000000000000000 ) ;
#1234 = VERTEX_POINT ( 'NONE', #2704 ) ;
#1235 = CARTESIAN_POINT ( 'NONE',  ( -294.0000000000000000, 180.5000000000000000, 31.00000000000000000 ) ) ;
#1236 = CARTESIAN_POINT ( 'NONE',  ( 288.8999999999999773, -194.0000000000000000, 16.00000000000000000 ) ) ;
#1237 = VERTEX_POINT ( 'NONE', #4051 ) ;
#1238 = LINE ( 'NONE', #929, #262 ) ;
#1239 = VECTOR ( 'NONE', #2782, 1000.000000000000000 ) ;
#1240 = EDGE_LOOP ( 'NONE', ( #2307, #1541, #3043, #232 ) ) ;
#1241 = EDGE_CURVE ( 'NONE', #477, #459, #1242, .T. ) ;
#1242 = LINE ( 'NONE', #2765, #2723 ) ;
#1243 = DIRECTION ( 'NONE',  ( -0.000000000000000000, 0.000000000000000000, -1.000000000000000000 ) ) ;
#1244 = MECHANICAL_CONTEXT ( 'NONE', #122, 'mechanical' ) ;
#1245 = CARTESIAN_POINT ( 'NONE',  ( -290.8999999999999773, -178.5000000000000000, 16.00000000000000000 ) ) ;
#1246 = ORIENTED_EDGE ( 'NONE', *, *, #1377, .T. ) ;
#1247 = CARTESIAN_POINT ( 'NONE',  ( -294.0000000000000000, -182.0000000000000000, 29.00000000000000000 ) ) ;
#1248 = EDGE_CURVE ( 'NONE', #3794, #3349, #3634, .T. ) ;
#1249 = ADVANCED_FACE ( 'NONE', ( #1483 ), #3414, .T. ) ;
#1250 = LINE ( 'NONE', #1581, #3917 ) ;
#1251 = FACE_OUTER_BOUND ( 'NONE', #3145, .T. ) ;
#1252 = CARTESIAN_POINT ( 'NONE',  ( 282.0000000000000000, -190.5000000000000000, 21.50000000000000000 ) ) ;
#1253 = ORIENTED_EDGE ( 'NONE', *, *, #3839, .F. ) ;
#1254 = ORIENTED_EDGE ( 'NONE', *, *, #324, .F. ) ;
#1255 = CARTESIAN_POINT ( 'NONE',  ( -288.8999999999999773, -190.5000000000000000, 26.50000000000000355 ) ) ;
#1256 = PLANE ( 'NONE',  #1499 ) ;
#1257 = EDGE_CURVE ( 'NONE', #2559, #1082, #3368, .T. ) ;
#1258 = ORIENTED_EDGE ( 'NONE', *, *, #2651, .F. ) ;
#1259 = LINE ( 'NONE', #301, #1720 ) ;
#1260 = VECTOR ( 'NONE', #3463, 1000.000000000000000 ) ;
#1261 = VERTEX_POINT ( 'NONE', #1153 ) ;
#1262 = EDGE_CURVE ( 'NONE', #3012, #2089, #2724, .T. ) ;
#1263 = DIRECTION ( 'NONE',  ( -0.000000000000000000, 1.000000000000000000, 0.000000000000000000 ) ) ;
#1264 = LINE ( 'NONE', #557, #2057 ) ;
#1265 = ADVANCED_FACE ( 'NONE', ( #887 ), #3344, .T. ) ;
#1266 = ORIENTED_EDGE ( 'NONE', *, *, #3865, .F. ) ;
#1267 = MANIFOLD_SOLID_BREP ( 'Left upper V7 keeper bracket', #33 ) ;
#1268 = DIRECTION ( 'NONE',  ( -0.000000000000000000, 1.000000000000000000, 0.000000000000000000 ) ) ;
#1269 = DIRECTION ( 'NONE',  ( 0.000000000000000000, 0.000000000000000000, 1.000000000000000000 ) ) ;
#1270 = ORIENTED_EDGE ( 'NONE', *, *, #1420, .T. ) ;
#1271 = CARTESIAN_POINT ( 'NONE',  ( -294.0000000000000000, -180.5000000000000284, 29.00000000000000000 ) ) ;
#1272 = DIRECTION ( 'NONE',  ( 0.000000000000000000, -1.000000000000000000, 0.000000000000000000 ) ) ;
#1273 = FACE_OUTER_BOUND ( 'NONE', #2578, .T. ) ;
#1274 = EDGE_CURVE ( 'NONE', #3024, #4049, #1462, .T. ) ;
#1275 = DIRECTION ( 'NONE',  ( 0.000000000000000000, 0.000000000000000000, -1.000000000000000000 ) ) ;
#1276 = ORIENTED_EDGE ( 'NONE', *, *, #959, .T. ) ;
#1277 = ORIENTED_EDGE ( 'NONE', *, *, #3366, .T. ) ;
#1278 = CIRCLE ( 'NONE', #4022, 1.999999999999998224 ) ;
#1279 = DIRECTION ( 'NONE',  ( -0.000000000000000000, 1.000000000000000000, 0.000000000000000000 ) ) ;
#1280 = CYLINDRICAL_SURFACE ( 'NONE', #2977, 1.999999999999998224 ) ;
#1281 = VERTEX_POINT ( 'NONE', #1773 ) ;
#1282 = AXIS2_PLACEMENT_3D ( 'NONE', #1436, #2604, #3314 ) ;
#1283 = DIRECTION ( 'NONE',  ( 0.000000000000000000, 1.000000000000000000, 0.000000000000000000 ) ) ;
#1284 = DIRECTION ( 'NONE',  ( 0.000000000000000000, 0.000000000000000000, -1.000000000000000000 ) ) ;
#1285 = LINE ( 'NONE', #2917, #10 ) ;
#1286 = ORIENTED_EDGE ( 'NONE', *, *, #520, .F. ) ;
#1287 = DIRECTION ( 'NONE',  ( 0.000000000000000000, 0.000000000000000000, 1.000000000000000000 ) ) ;
#1288 = DIRECTION ( 'NONE',  ( 0.000000000000000000, 1.000000000000000000, 0.000000000000000000 ) ) ;
#1289 = CARTESIAN_POINT ( 'NONE',  ( -294.0000000000000000, -179.0000000000000000, 22.00000000000000000 ) ) ;
#1290 = ORIENTED_EDGE ( 'NONE', *, *, #3833, .T. ) ;
#1291 = CARTESIAN_POINT ( 'NONE',  ( 274.6000000000000227, 200.0000000000000000, 25.69999999999999929 ) ) ;
#1292 = DIRECTION ( 'NONE',  ( -0.000000000000000000, 0.000000000000000000, -1.000000000000000000 ) ) ;
#1293 = CARTESIAN_POINT ( 'NONE',  ( -288.8999999999999773, -185.5000000000000000, 26.50000000000000355 ) ) ;
#1294 = DIRECTION ( 'NONE',  ( 1.000000000000000000, 0.000000000000000000, -0.000000000000000000 ) ) ;
#1295 = VECTOR ( 'NONE', #1542, 1000.000000000000000 ) ;
#1296 = ORIENTED_EDGE ( 'NONE', *, *, #3437, .T. ) ;
#1297 = ORIENTED_EDGE ( 'NONE', *, *, #1073, .F. ) ;
#1298 = ORIENTED_EDGE ( 'NONE', *, *, #1919, .F. ) ;
#1299 = FACE_OUTER_BOUND ( 'NONE', #2881, .T. ) ;
#1300 = DIRECTION ( 'NONE',  ( 1.000000000000000000, 0.000000000000000000, -0.000000000000000000 ) ) ;
#1301 = EDGE_LOOP ( 'NONE', ( #806, #2048, #3374, #2646 ) ) ;
#1302 = VECTOR ( 'NONE', #3222, 1000.000000000000000 ) ;
#1303 = EDGE_CURVE ( 'NONE', #3192, #3912, #2100, .T. ) ;
#1304 = DIRECTION ( 'NONE',  ( -0.000000000000000000, 1.000000000000000000, 0.000000000000000000 ) ) ;
#1305 = VECTOR ( 'NONE', #292, 1000.000000000000000 ) ;
#1306 = FACE_OUTER_BOUND ( 'NONE', #928, .T. ) ;
#1307 = VECTOR ( 'NONE', #3963, 1000.000000000000000 ) ;
#1308 = VERTEX_POINT ( 'NONE', #3968 ) ;
#1309 = APPLICATION_PROTOCOL_DEFINITION ( 'international standard', 'config_control_design', 1994, #122 ) ;
#1310 = LINE ( 'NONE', #1906, #2999 ) ;
#1311 = CARTESIAN_POINT ( 'NONE',  ( 274.6000000000000227, -188.0000000000000000, 22.30000000000000071 ) ) ;
#1312 = ORIENTED_EDGE ( 'NONE', *, *, #1529, .F. ) ;
#1313 = DIRECTION ( 'NONE',  ( 1.000000000000000000, 0.000000000000000000, -0.000000000000000000 ) ) ;
#1314 = DIRECTION ( 'NONE',  ( 0.000000000000000000, 0.000000000000000000, 1.000000000000000000 ) ) ;
#1315 = DIRECTION ( 'NONE',  ( 0.000000000000000000, 0.000000000000000000, 1.000000000000000000 ) ) ;
#1316 = CARTESIAN_POINT ( 'NONE',  ( 275.0000000000000000, -190.5000000000000000, 21.50000000000000000 ) ) ;
#1317 = EDGE_LOOP ( 'NONE', ( #3460, #3332 ) ) ;
#1318 = ORIENTED_EDGE ( 'NONE', *, *, #1217, .T. ) ;
#1319 = ADVANCED_FACE ( 'NONE', ( #2399 ), #2158, .T. ) ;
#1320 = ORIENTED_EDGE ( 'NONE', *, *, #2515, .T. ) ;
#1321 = DIRECTION ( 'NONE',  ( 1.000000000000000000, 0.000000000000000000, -0.000000000000000000 ) ) ;
#1322 = CARTESIAN_POINT ( 'NONE',  ( -292.0000000000000000, 207.5000000000000284, 22.00000000000000000 ) ) ;
#1323 = VERTEX_POINT ( 'NONE', #867 ) ;
#1324 = CARTESIAN_POINT ( 'NONE',  ( 294.0000000000000000, -207.5000000000000284, 22.00000000000000000 ) ) ;
#1325 = EDGE_CURVE ( 'NONE', #679, #1347, #2118, .T. ) ;
#1326 = DIRECTION ( 'NONE',  ( -1.000000000000000000, -0.000000000000000000, 0.000000000000000000 ) ) ;
#1327 = EDGE_LOOP ( 'NONE', ( #2676, #3187, #564, #340, #2533, #308, #3899, #1832 ) ) ;
#1328 = VECTOR ( 'NONE', #3417, 1000.000000000000000 ) ;
#1329 = DIRECTION ( 'NONE',  ( 1.000000000000000000, 0.000000000000000000, -0.000000000000000000 ) ) ;
#1330 = SECURITY_CLASSIFICATION_LEVEL ( 'unclassified' ) ;
#1331 = CARTESIAN_POINT ( 'NONE',  ( -290.8999999999999773, -200.0000000000000000, 25.69999999999999929 ) ) ;
#1332 = LINE ( 'NONE', #1351, #1737 ) ;
#1333 = EDGE_LOOP ( 'NONE', ( #2657, #188, #2654, #2390, #2125, #3037 ) ) ;
#1334 = CC_DESIGN_APPROVAL ( #725, ( #2763 ) ) ;
#1335 = CARTESIAN_POINT ( 'NONE',  ( -289.8999999999999773, -209.5000000000000284, 16.00000000000000000 ) ) ;
#1336 = DIRECTION ( 'NONE',  ( 1.000000000000000000, 0.000000000000000000, -0.000000000000000000 ) ) ;
#1337 = LINE ( 'NONE', #386, #2872 ) ;
#1338 = ORIENTED_EDGE ( 'NONE', *, *, #1510, .T. ) ;
#1339 = ORIENTED_EDGE ( 'NONE', *, *, #3426, .F. ) ;
#1340 = CARTESIAN_POINT ( 'NONE',  ( 274.6000000000000227, 200.0000000000000000, 24.00000000000000000 ) ) ;
#1341 = FACE_OUTER_BOUND ( 'NONE', #3550, .T. ) ;
#1342 = EDGE_LOOP ( 'NONE', ( #3663, #151 ) ) ;
#1343 = EDGE_CURVE ( 'NONE', #2858, #1006, #3060, .T. ) ;
#1344 = CARTESIAN_POINT ( 'NONE',  ( 294.0000000000000000, 182.0000000000000000, 29.00000000000000000 ) ) ;
#1345 = PLANE ( 'NONE',  #2640 ) ;
#1346 = VECTOR ( 'NONE', #698, 1000.000000000000000 ) ;
#1347 = VERTEX_POINT ( 'NONE', #1507 ) ;
#1348 = VECTOR ( 'NONE', #3862, 1000.000000000000000 ) ;
#1349 = LINE ( 'NONE', #823, #2939 ) ;
#1350 = DIRECTION ( 'NONE',  ( 0.000000000000000000, 0.000000000000000000, 1.000000000000000000 ) ) ;
#1351 = CARTESIAN_POINT ( 'NONE',  ( 288.8999999999999773, 202.5000000000000000, 16.00000000000000000 ) ) ;
#1352 = VERTEX_POINT ( 'NONE', #4011 ) ;
#1353 = ADVANCED_FACE ( 'NONE', ( #3258 ), #619, .T. ) ;
#1354 = DIRECTION ( 'NONE',  ( 0.000000000000000000, 0.000000000000000000, 1.000000000000000000 ) ) ;
#1355 = CARTESIAN_POINT ( 'NONE',  ( -275.0000000000000000, -185.5000000000000000, 21.50000000000000000 ) ) ;
#1356 = CARTESIAN_POINT ( 'NONE',  ( 294.0000000000000000, -207.5000000000000284, 27.00000000000000355 ) ) ;
#1357 = ORIENTED_EDGE ( 'NONE', *, *, #2753, .F. ) ;
#1358 = CLOSED_SHELL ( 'NONE', ( #2252, #1985, #3363, #2111, #1353, #670, #2041, #2388, #1519, #1946, #181, #2649, #1020, #2275, #902, #1893, #1410, #1470, #4008, #2831, #2821, #2366, #2527, #2808, #1801, #2242, #2807, #1756, #3919, #1816, #392, #996, #348, #2453 ) ) ;
#1359 = EDGE_LOOP ( 'NONE', ( #1546, #3217, #3884, #3636 ) ) ;
#1360 = LINE ( 'NONE', #2603, #4039 ) ;
#1361 = CARTESIAN_POINT ( 'NONE',  ( -288.8999999999999773, 194.0000000000000000, 26.50000000000000355 ) ) ;
#1362 = VECTOR ( 'NONE', #2368, 1000.000000000000000 ) ;
#1363 = CARTESIAN_POINT ( 'NONE',  ( 289.8999999999999773, 178.5000000000000000, 32.00000000000000000 ) ) ;
#1364 = VECTOR ( 'NONE', #665, 1000.000000000000000 ) ;
#1365 = CARTESIAN_POINT ( 'NONE',  ( 290.8999999999999773, -206.0000000000000284, 31.00000000000000000 ) ) ;
#1366 = FACE_OUTER_BOUND ( 'NONE', #3807, .T. ) ;
#1367 = VECTOR ( 'NONE', #3457, 1000.000000000000000 ) ;
#1368 = EDGE_LOOP ( 'NONE', ( #903, #1619, #2327, #1995, #1140 ) ) ;
#1369 = ADVANCED_FACE ( 'NONE', ( #952 ), #3478, .T. ) ;
#1370 = DIRECTION ( 'NONE',  ( 0.000000000000000000, 0.000000000000000000, 1.000000000000000000 ) ) ;
#1371 = CARTESIAN_POINT ( 'NONE',  ( 290.8999999999999773, 179.0000000000000000, 31.00000000000000000 ) ) ;
#1372 = CARTESIAN_POINT ( 'NONE',  ( 288.8999999999999773, -197.5000000000000000, 16.00000000000000000 ) ) ;
#1373 = ORIENTED_EDGE ( 'NONE', *, *, #338, .T. ) ;
#1374 = AXIS2_PLACEMENT_3D ( 'NONE', #240, #1148, #1813 ) ;
#1375 = PLANE ( 'NONE',  #3699 ) ;
#1376 = DIRECTION ( 'NONE',  ( 0.000000000000000000, -0.000000000000000000, 1.000000000000000000 ) ) ;
#1377 = EDGE_CURVE ( 'NONE', #408, #2876, #3762, .T. ) ;
#1378 = ORIENTED_EDGE ( 'NONE', *, *, #3207, .T. ) ;
#1379 = EDGE_LOOP ( 'NONE', ( #4045, #1731, #1899, #116, #3476, #221, #2588, #415 ) ) ;
#1380 = LINE ( 'NONE', #3887, #2721 ) ;
#1381 = FACE_OUTER_BOUND ( 'NONE', #1719, .T. ) ;
#1382 = CARTESIAN_POINT ( 'NONE',  ( -292.0000000000000000, -209.0000000000000284, 22.00000000000000000 ) ) ;
#1383 = EDGE_CURVE ( 'NONE', #3051, #2357, #2497, .T. ) ;
#1384 = LINE ( 'NONE', #3890, #2660 ) ;
#1385 = DIRECTION ( 'NONE',  ( 0.000000000000000000, -1.000000000000000000, -0.000000000000000000 ) ) ;
#1386 = EDGE_CURVE ( 'NONE', #2519, #1567, #2522, .T. ) ;
#1387 = VERTEX_POINT ( 'NONE', #2477 ) ;
#1388 = CARTESIAN_POINT ( 'NONE',  ( -290.8999999999999773, 206.0000000000000284, 22.00000000000000000 ) ) ;
#1389 = FACE_BOUND ( 'NONE', #3933, .T. ) ;
#1390 = ORIENTED_EDGE ( 'NONE', *, *, #2258, .T. ) ;
#1391 = AXIS2_PLACEMENT_3D ( 'NONE', #1509, #4076, #3702 ) ;
#1392 = CARTESIAN_POINT ( 'NONE',  ( -294.0000000000000000, -207.5000000000000284, 31.00000000000000000 ) ) ;
#1393 = VERTEX_POINT ( 'NONE', #98 ) ;
#1394 = VERTEX_POINT ( 'NONE', #3743 ) ;
#1395 = DIRECTION ( 'NONE',  ( 0.000000000000000000, -1.000000000000000000, -0.000000000000000000 ) ) ;
#1396 = PLANE ( 'NONE',  #689 ) ;
#1397 = CARTESIAN_POINT ( 'NONE',  ( 294.0000000000000000, 180.5000000000000000, 27.00000000000000355 ) ) ;
#1398 = EDGE_CURVE ( 'NONE', #3640, #1924, #1560, .T. ) ;
#1399 = DIRECTION ( 'NONE',  ( -0.000000000000000000, 0.000000000000000000, -1.000000000000000000 ) ) ;
#1400 = DIRECTION ( 'NONE',  ( 0.000000000000000000, 1.000000000000000000, 0.000000000000000000 ) ) ;
#1401 = VECTOR ( 'NONE', #770, 1000.000000000000000 ) ;
#1402 = ORIENTED_EDGE ( 'NONE', *, *, #918, .F. ) ;
#1403 = CARTESIAN_POINT ( 'NONE',  ( -294.0000000000000000, -182.0000000000000000, 27.00000000000000355 ) ) ;
#1404 = CARTESIAN_POINT ( 'NONE',  ( -288.8999999999999773, -202.5000000000000000, 26.50000000000000355 ) ) ;
#1405 = ORIENTED_EDGE ( 'NONE', *, *, #2642, .F. ) ;
#1406 = AXIS2_PLACEMENT_3D ( 'NONE', #629, #1890, #4060 ) ;
#1407 = CARTESIAN_POINT ( 'NONE',  ( 275.0000000000000000, 197.5000000000000000, 21.50000000000000000 ) ) ;
#1408 = ORIENTED_EDGE ( 'NONE', *, *, #3042, .F. ) ;
#1409 = VECTOR ( 'NONE', #3547, 1000.000000000000000 ) ;
#1410 = ADVANCED_FACE ( 'NONE', ( #2813 ), #1713, .T. ) ;
#1411 = ORIENTED_EDGE ( 'NONE', *, *, #3718, .F. ) ;
#1412 = ORIENTED_EDGE ( 'NONE', *, *, #587, .F. ) ;
#1413 = DIRECTION ( 'NONE',  ( 0.000000000000000000, -0.000000000000000000, 1.000000000000000000 ) ) ;
#1414 = CARTESIAN_POINT ( 'NONE',  ( 275.0000000000000000, 200.0000000000000000, 25.69999999999999929 ) ) ;
#1415 = LINE ( 'NONE', #2092, #2796 ) ;
#1416 = VECTOR ( 'NONE', #1909, 1000.000000000000000 ) ;
#1417 = CIRCLE ( 'NONE', #896, 1.700000000000000178 ) ;
#1418 = LINE ( 'NONE', #1456, #2717 ) ;
#1419 = PLANE ( 'NONE',  #3766 ) ;
#1420 = EDGE_CURVE ( 'NONE', #3621, #2982, #2222, .T. ) ;
#1421 = VECTOR ( 'NONE', #920, 1000.000000000000000 ) ;
#1422 = ORIENTED_EDGE ( 'NONE', *, *, #2445, .F. ) ;
#1423 = EDGE_CURVE ( 'NONE', #1901, #1605, #2299, .T. ) ;
#1424 = VECTOR ( 'NONE', #1665, 1000.000000000000000 ) ;
#1425 = LINE ( 'NONE', #3001, #3860 ) ;
#1426 = CARTESIAN_POINT ( 'NONE',  ( -288.8999999999999773, -209.5000000000000284, 16.00000000000000000 ) ) ;
#1427 = VERTEX_POINT ( 'NONE', #2624 ) ;
#1428 = AXIS2_PLACEMENT_3D ( 'NONE', #3785, #666, #2935 ) ;
#1429 = PLANE ( 'NONE',  #3370 ) ;
#1430 = ORIENTED_EDGE ( 'NONE', *, *, #1864, .T. ) ;
#1431 = VECTOR ( 'NONE', #650, 1000.000000000000000 ) ;
#1432 = ORIENTED_EDGE ( 'NONE', *, *, #3817, .F. ) ;
#1433 = EDGE_CURVE ( 'NONE', #3823, #1323, #1065, .T. ) ;
#1434 = VERTEX_POINT ( 'NONE', #411 ) ;
#1435 = PLANE ( 'NONE',  #768 ) ;
#1436 = CARTESIAN_POINT ( 'NONE',  ( -292.0000000000000000, -209.0000000000000284, 22.00000000000000000 ) ) ;
#1437 = FACE_OUTER_BOUND ( 'NONE', #652, .T. ) ;
#1438 = EDGE_CURVE ( 'NONE', #2968, #3012, #4071, .T. ) ;
#1439 = LINE ( 'NONE', #2681, #3311 ) ;
#1440 = DIRECTION ( 'NONE',  ( 0.000000000000000000, 0.000000000000000000, 1.000000000000000000 ) ) ;
#1441 = PLANE ( 'NONE',  #1149 ) ;
#1442 = VERTEX_POINT ( 'NONE', #1047 ) ;
#1443 = DIRECTION ( 'NONE',  ( -1.000000000000000000, 0.000000000000000000, 0.000000000000000000 ) ) ;
#1444 = DIRECTION ( 'NONE',  ( 0.000000000000000000, -1.000000000000000000, -0.000000000000000000 ) ) ;
#1445 = ORIENTED_EDGE ( 'NONE', *, *, #3809, .F. ) ;
#1446 = FACE_OUTER_BOUND ( 'NONE', #201, .T. ) ;
#1447 = EDGE_LOOP ( 'NONE', ( #1180, #1277, #2451, #1997 ) ) ;
#1448 = ORGANIZATION ( '未', '未', '' ) ;
#1449 = ORIENTED_EDGE ( 'NONE', *, *, #2053, .T. ) ;
#1450 = ADVANCED_FACE ( 'NONE', ( #1878 ), #1672, .T. ) ;
#1451 = VERTEX_POINT ( 'NONE', #3577 ) ;
#1452 = DIRECTION ( 'NONE',  ( 0.000000000000000000, -0.000000000000000000, 1.000000000000000000 ) ) ;
#1453 = FACE_OUTER_BOUND ( 'NONE', #3268, .T. ) ;
#1454 = PLANE ( 'NONE',  #443 ) ;
#1455 = ORIENTED_EDGE ( 'NONE', *, *, #2292, .F. ) ;
#1456 = CARTESIAN_POINT ( 'NONE',  ( 294.0000000000000000, -179.0000000000000000, 22.00000000000000000 ) ) ;
#1457 = PLANE ( 'NONE',  #1638 ) ;
#1458 = ADVANCED_FACE ( 'NONE', ( #3122 ), #1902, .T. ) ;
#1459 = LINE ( 'NONE', #2743, #1589 ) ;
#1460 = EDGE_CURVE ( 'NONE', #1780, #3823, #761, .T. ) ;
#1461 = ORIENTED_EDGE ( 'NONE', *, *, #1849, .F. ) ;
#1462 = LINE ( 'NONE', #2456, #2143 ) ;
#1463 = CARTESIAN_POINT ( 'NONE',  ( -290.8999999999999773, -209.5000000000000284, 32.00000000000000000 ) ) ;
#1464 = ORIENTED_EDGE ( 'NONE', *, *, #1486, .F. ) ;
#1465 = VECTOR ( 'NONE', #3786, 1000.000000000000000 ) ;
#1466 = DIRECTION ( 'NONE',  ( 0.000000000000000000, -1.000000000000000000, 0.000000000000000000 ) ) ;
#1467 = VERTEX_POINT ( 'NONE', #1592 ) ;
#1468 = AXIS2_PLACEMENT_3D ( 'NONE', #1738, #793, #2983 ) ;
#1469 = DIRECTION ( 'NONE',  ( 1.000000000000000000, 0.000000000000000000, 0.000000000000000000 ) ) ;
#1470 = ADVANCED_FACE ( 'NONE', ( #3239 ), #1694, .T. ) ;
#1471 = ORIENTED_EDGE ( 'NONE', *, *, #1774, .T. ) ;
#1472 = DIRECTION ( 'NONE',  ( 0.000000000000000000, 0.000000000000000000, 1.000000000000000000 ) ) ;
#1473 = CYLINDRICAL_SURFACE ( 'NONE', #1610, 1.999999999999998224 ) ;
#1474 = AXIS2_PLACEMENT_3D ( 'NONE', #19, #2921, #399 ) ;
#1475 = DIRECTION ( 'NONE',  ( 0.000000000000000000, -0.000000000000000000, 1.000000000000000000 ) ) ;
#1476 = EDGE_CURVE ( 'NONE', #1532, #1098, #1767, .T. ) ;
#1477 = LINE ( 'NONE', #3384, #2924 ) ;
#1478 = LINE ( 'NONE', #592, #4053 ) ;
#1479 = CARTESIAN_POINT ( 'NONE',  ( 292.0000000000000000, -206.0000000000000284, 31.00000000000000000 ) ) ;
#1480 = VECTOR ( 'NONE', #2507, 1000.000000000000000 ) ;
#1481 = ORIENTED_EDGE ( 'NONE', *, *, #3404, .T. ) ;
#1482 = EDGE_CURVE ( 'NONE', #3758, #3420, #1415, .T. ) ;
#1483 = FACE_OUTER_BOUND ( 'NONE', #3288, .T. ) ;
#1484 = CARTESIAN_POINT ( 'NONE',  ( -275.0000000000000000, -188.0000000000000000, 26.50000000000000355 ) ) ;
#1485 = VECTOR ( 'NONE', #452, 1000.000000000000000 ) ;
#1486 = EDGE_CURVE ( 'NONE', #523, #843, #527, .T. ) ;
#1487 = CIRCLE ( 'NONE', #3787, 1.700000000000000178 ) ;
#1488 = CARTESIAN_POINT ( 'NONE',  ( -282.0000000000000000, 188.0000000000000000, 26.50000000000000355 ) ) ;
#1489 = ORIENTED_EDGE ( 'NONE', *, *, #324, .T. ) ;
#1490 = EDGE_CURVE ( 'NONE', #2062, #2367, #2370, .T. ) ;
#1491 = VERTEX_POINT ( 'NONE', #3594 ) ;
#1492 = ORIENTED_EDGE ( 'NONE', *, *, #3294, .F. ) ;
#1493 = ORIENTED_EDGE ( 'NONE', *, *, #1681, .T. ) ;
#1494 = AXIS2_PLACEMENT_3D ( 'NONE', #2227, #955, #1350 ) ;
#1495 = LINE ( 'NONE', #290, #3981 ) ;
#1496 = CARTESIAN_POINT ( 'NONE',  ( 275.0000000000000000, 202.5000000000000000, 21.50000000000000000 ) ) ;
#1497 = EDGE_CURVE ( 'NONE', #2219, #2360, #3941, .T. ) ;
#1498 = CARTESIAN_POINT ( 'NONE',  ( 294.0000000000000000, -180.5000000000000000, 22.00000000000000000 ) ) ;
#1499 = AXIS2_PLACEMENT_3D ( 'NONE', #1322, #2895, #3757 ) ;
#1500 = VERTEX_POINT ( 'NONE', #1085 ) ;
#1501 = ORIENTED_EDGE ( 'NONE', *, *, #3829, .T. ) ;
#1502 = DIRECTION ( 'NONE',  ( 0.000000000000000000, 1.000000000000000000, 0.000000000000000000 ) ) ;
#1503 = DIRECTION ( 'NONE',  ( 0.000000000000000000, -1.000000000000000000, 0.000000000000000000 ) ) ;
#1504 = LINE ( 'NONE', #594, #3551 ) ;
#1505 = EDGE_CURVE ( 'NONE', #477, #524, #3982, .T. ) ;
#1506 = VERTEX_POINT ( 'NONE', #2972 ) ;
#1507 = CARTESIAN_POINT ( 'NONE',  ( -294.0000000000000000, 207.5000000000000000, 31.00000000000000000 ) ) ;
#1508 = DIRECTION ( 'NONE',  ( 0.000000000000000000, -1.000000000000000000, 0.000000000000000000 ) ) ;
#1509 = CARTESIAN_POINT ( 'NONE',  ( 292.0000000000000000, -180.5000000000000000, 22.00000000000000000 ) ) ;
#1510 = EDGE_CURVE ( 'NONE', #3512, #236, #2680, .T. ) ;
#1511 = ORIENTED_EDGE ( 'NONE', *, *, #3412, .F. ) ;
#1512 = ORIENTED_EDGE ( 'NONE', *, *, #148, .T. ) ;
#1513 = ORIENTED_EDGE ( 'NONE', *, *, #3481, .F. ) ;
#1514 = DIRECTION ( 'NONE',  ( 1.000000000000000000, 0.000000000000000000, -0.000000000000000000 ) ) ;
#1515 = DIRECTION ( 'NONE',  ( -1.000000000000000000, 0.000000000000000000, 0.000000000000000000 ) ) ;
#1516 = DIRECTION ( 'NONE',  ( 0.000000000000000000, 0.000000000000000000, 1.000000000000000000 ) ) ;
#1517 = ORIENTED_EDGE ( 'NONE', *, *, #2278, .T. ) ;
#1518 = CIRCLE ( 'NONE', #2045, 1.700000000000000178 ) ;
#1519 = ADVANCED_FACE ( 'NONE', ( #783, #3337, #1144 ), #3355, .T. ) ;
#1520 = ORIENTED_EDGE ( 'NONE', *, *, #2837, .F. ) ;
#1521 = CARTESIAN_POINT ( 'NONE',  ( 290.8999999999999773, 178.5000000000000000, 16.00000000000000000 ) ) ;
#1522 = DIRECTION ( 'NONE',  ( 0.000000000000000000, 0.000000000000000000, 1.000000000000000000 ) ) ;
#1523 = LOCAL_TIME ( 16, 1, 32.00000000000000000, #3416 ) ;
#1524 = CARTESIAN_POINT ( 'NONE',  ( 289.8999999999999773, 209.5000000000000284, 32.00000000000000000 ) ) ;
#1525 = ADVANCED_FACE ( 'NONE', ( #1437 ), #3627, .T. ) ;
#1526 = VERTEX_POINT ( 'NONE', #468 ) ;
#1527 = DIRECTION ( 'NONE',  ( 0.000000000000000000, 0.000000000000000000, -1.000000000000000000 ) ) ;
#1528 = CARTESIAN_POINT ( 'NONE',  ( -274.6000000000000227, -200.0000000000000000, 24.00000000000000000 ) ) ;
#1529 = EDGE_CURVE ( 'NONE', #1594, #2360, #858, .T. ) ;
#1530 = DIRECTION ( 'NONE',  ( -1.000000000000000000, -0.000000000000000000, 0.000000000000000000 ) ) ;
#1531 = CARTESIAN_POINT ( 'NONE',  ( -294.0000000000000000, 206.0000000000000284, 29.00000000000000000 ) ) ;
#1532 = VERTEX_POINT ( 'NONE', #213 ) ;
#1533 = CARTESIAN_POINT ( 'NONE',  ( 294.0000000000000000, -206.0000000000000284, 22.00000000000000000 ) ) ;
#1534 = CARTESIAN_POINT ( 'NONE',  ( -292.0000000000000000, -206.0000000000000284, 22.00000000000000000 ) ) ;
#1535 = DIRECTION ( 'NONE',  ( 0.000000000000000000, 0.000000000000000000, 1.000000000000000000 ) ) ;
#1536 = DIRECTION ( 'NONE',  ( 0.000000000000000000, -0.000000000000000000, 1.000000000000000000 ) ) ;
#1537 = AXIS2_PLACEMENT_3D ( 'NONE', #2756, #3645, #2423 ) ;
#1538 = ORIENTED_EDGE ( 'NONE', *, *, #3734, .T. ) ;
#1539 = EDGE_CURVE ( 'NONE', #1451, #2446, #2991, .T. ) ;
#1540 = CIRCLE ( 'NONE', #2514, 1.700000000000000178 ) ;
#1541 = ORIENTED_EDGE ( 'NONE', *, *, #2812, .T. ) ;
#1542 = DIRECTION ( 'NONE',  ( 0.000000000000000000, -1.000000000000000000, -0.000000000000000000 ) ) ;
#1543 = DIRECTION ( 'NONE',  ( 0.000000000000000000, 0.000000000000000000, 1.000000000000000000 ) ) ;
#1544 = VERTEX_POINT ( 'NONE', #1123 ) ;
#1545 = CARTESIAN_POINT ( 'NONE',  ( -294.0000000000000000, -207.5000000000000284, 27.00000000000000355 ) ) ;
#1546 = ORIENTED_EDGE ( 'NONE', *, *, #1423, .F. ) ;
#1547 = LINE ( 'NONE', #2788, #2210 ) ;
#1548 = EDGE_CURVE ( 'NONE', #2277, #986, #2409, .T. ) ;
#1549 = DIRECTION ( 'NONE',  ( -1.000000000000000000, 0.000000000000000000, 0.000000000000000000 ) ) ;
#1550 = ADVANCED_FACE ( 'NONE', ( #1728 ), #1454, .T. ) ;
#1551 = CIRCLE ( 'NONE', #158, 1.999999999999998224 ) ;
#1552 = EDGE_CURVE ( 'NONE', #1152, #276, #3647, .T. ) ;
#1553 = VECTOR ( 'NONE', #3451, 1000.000000000000000 ) ;
#1554 = CARTESIAN_POINT ( 'NONE',  ( 290.8999999999999773, 194.0000000000000000, 16.00000000000000000 ) ) ;
#1555 = ORIENTED_EDGE ( 'NONE', *, *, #3873, .T. ) ;
#1556 = LINE ( 'NONE', #1201, #2783 ) ;
#1557 = VECTOR ( 'NONE', #3840, 1000.000000000000000 ) ;
#1558 = DIRECTION ( 'NONE',  ( -1.000000000000000000, -0.000000000000000000, 0.000000000000000000 ) ) ;
#1559 = CARTESIAN_POINT ( 'NONE',  ( 294.0000000000000000, -179.0000000000000000, 22.00000000000000000 ) ) ;
#1560 = CIRCLE ( 'NONE', #3127, 1.700000000000000178 ) ;
#1561 = LINE ( 'NONE', #3423, #1099 ) ;
#1562 = EDGE_LOOP ( 'NONE', ( #2098, #2182, #3898, #2418 ) ) ;
#1563 = VECTOR ( 'NONE', #3173, 1000.000000000000000 ) ;
#1564 = ORIENTED_EDGE ( 'NONE', *, *, #1168, .F. ) ;
#1565 = LINE ( 'NONE', #1235, #1222 ) ;
#1566 = DIRECTION ( 'NONE',  ( 0.000000000000000000, -0.000000000000000000, 1.000000000000000000 ) ) ;
#1567 = VERTEX_POINT ( 'NONE', #801 ) ;
#1568 = LINE ( 'NONE', #2810, #669 ) ;
#1569 = EDGE_CURVE ( 'NONE', #2685, #420, #488, .T. ) ;
#1570 = AXIS2_PLACEMENT_3D ( 'NONE', #2288, #1440, #1329 ) ;
#1571 = EDGE_LOOP ( 'NONE', ( #3714, #391, #3473, #2295 ) ) ;
#1572 = CARTESIAN_POINT ( 'NONE',  ( -282.0000000000000000, -185.5000000000000000, 21.50000000000000000 ) ) ;
#1573 = CARTESIAN_POINT ( 'NONE',  ( 294.0000000000000000, 180.5000000000000000, 29.00000000000000000 ) ) ;
#1574 = ORIENTED_EDGE ( 'NONE', *, *, #1257, .F. ) ;
#1575 = DIRECTION ( 'NONE',  ( 1.000000000000000000, 0.000000000000000000, 0.000000000000000000 ) ) ;
#1576 = DIRECTION ( 'NONE',  ( 0.000000000000000000, -1.000000000000000000, -0.000000000000000000 ) ) ;
#1577 = CARTESIAN_POINT ( 'NONE',  ( -288.8999999999999773, -178.5000000000000000, 16.00000000000000000 ) ) ;
#1578 = ORIENTED_EDGE ( 'NONE', *, *, #1100, .F. ) ;
#1579 = DIRECTION ( 'NONE',  ( 0.000000000000000000, 0.000000000000000000, 1.000000000000000000 ) ) ;
#1580 = EDGE_CURVE ( 'NONE', #1526, #2379, #3959, .T. ) ;
#1581 = CARTESIAN_POINT ( 'NONE',  ( -290.8999999999999773, -194.0000000000000000, 22.00000000000000000 ) ) ;
#1582 = CYLINDRICAL_SURFACE ( 'NONE', #3961, 1.700000000000000178 ) ;
#1583 = DIRECTION ( 'NONE',  ( 0.000000000000000000, 0.000000000000000000, -1.000000000000000000 ) ) ;
#1584 = EDGE_LOOP ( 'NONE', ( #269, #659 ) ) ;
#1585 = ORIENTED_EDGE ( 'NONE', *, *, #2499, .F. ) ;
#1586 = DIRECTION ( 'NONE',  ( 1.000000000000000000, 0.000000000000000000, 0.000000000000000000 ) ) ;
#1587 = DIRECTION ( 'NONE',  ( 0.000000000000000000, 0.000000000000000000, -1.000000000000000000 ) ) ;
#1588 = ORIENTED_EDGE ( 'NONE', *, *, #854, .T. ) ;
#1589 = VECTOR ( 'NONE', #3741, 1000.000000000000000 ) ;
#1590 = UNCERTAINTY_MEASURE_WITH_UNIT (LENGTH_MEASURE( 1.000000000000000082E-05 ), #3993, 'distance_accuracy_value', 'NONE');
#1591 = DIRECTION ( 'NONE',  ( 0.000000000000000000, -0.000000000000000000, 1.000000000000000000 ) ) ;
#1592 = CARTESIAN_POINT ( 'NONE',  ( 288.8999999999999773, 209.5000000000000284, 16.00000000000000000 ) ) ;
#1593 = FACE_OUTER_BOUND ( 'NONE', #1870, .T. ) ;
#1594 = VERTEX_POINT ( 'NONE', #274 ) ;
#1595 = CALENDAR_DATE ( 2026, 29, 8 ) ;
#1596 = FACE_OUTER_BOUND ( 'NONE', #1172, .T. ) ;
#1597 = CARTESIAN_POINT ( 'NONE',  ( -288.8999999999999773, 194.0000000000000000, 32.00000000000000000 ) ) ;
#1598 = EDGE_LOOP ( 'NONE', ( #1464, #1194, #498, #3916 ) ) ;
#1599 = DIRECTION ( 'NONE',  ( -1.000000000000000000, -0.000000000000000000, 0.000000000000000000 ) ) ;
#1600 = FACE_OUTER_BOUND ( 'NONE', #3552, .T. ) ;
#1601 = FACE_OUTER_BOUND ( 'NONE', #3382, .T. ) ;
#1602 = CARTESIAN_POINT ( 'NONE',  ( 274.6000000000000227, -200.0000000000000000, 22.30000000000000071 ) ) ;
#1603 = ADVANCED_FACE ( 'NONE', ( #1846 ), #2736, .T. ) ;
#1604 = ORIENTED_EDGE ( 'NONE', *, *, #184, .T. ) ;
#1605 = VERTEX_POINT ( 'NONE', #2424 ) ;
#1606 = ORIENTED_EDGE ( 'NONE', *, *, #2278, .F. ) ;
#1607 = DIRECTION ( 'NONE',  ( 1.000000000000000000, 0.000000000000000000, -0.000000000000000000 ) ) ;
#1608 = CARTESIAN_POINT ( 'NONE',  ( 282.0000000000000000, 200.0000000000000000, 26.50000000000000355 ) ) ;
#1609 = VERTEX_POINT ( 'NONE', #1912 ) ;
#1610 = AXIS2_PLACEMENT_3D ( 'NONE', #3336, #3422, #2713 ) ;
#1611 = CARTESIAN_POINT ( 'NONE',  ( 290.8999999999999773, 200.0000000000000000, 24.00000000000000000 ) ) ;
#1612 = VECTOR ( 'NONE', #3525, 1000.000000000000000 ) ;
#1613 = DIRECTION ( 'NONE',  ( -1.000000000000000000, -0.000000000000000000, 0.000000000000000000 ) ) ;
#1614 = ORIENTED_EDGE ( 'NONE', *, *, #84, .T. ) ;
#1615 = EDGE_CURVE ( 'NONE', #965, #3349, #901, .T. ) ;
#1616 = DATE_AND_TIME ( #2840, #1523 ) ;
#1617 = CYLINDRICAL_SURFACE ( 'NONE', #3597, 1.700000000000000178 ) ;
#1618 = CARTESIAN_POINT ( 'NONE',  ( -275.0000000000000000, 200.0000000000000000, 24.00000000000000000 ) ) ;
#1619 = ORIENTED_EDGE ( 'NONE', *, *, #1386, .T. ) ;
#1620 = EDGE_CURVE ( 'NONE', #3253, #3729, #2777, .T. ) ;
#1621 = LINE ( 'NONE', #1291, #2715 ) ;
#1622 = CYLINDRICAL_SURFACE ( 'NONE', #2207, 1.700000000000000178 ) ;
#1623 = LINE ( 'NONE', #2, #1346 ) ;
#1624 = LINE ( 'NONE', #1041, #3863 ) ;
#1625 = CIRCLE ( 'NONE', #562, 1.700000000000000178 ) ;
#1626 = ORIENTED_EDGE ( 'NONE', *, *, #577, .T. ) ;
#1627 = ORIENTED_EDGE ( 'NONE', *, *, #1505, .T. ) ;
#1628 = ADVANCED_FACE ( 'NONE', ( #318 ), #3090, .T. ) ;
#1629 = ORIENTED_EDGE ( 'NONE', *, *, #1774, .F. ) ;
#1630 = VECTOR ( 'NONE', #2484, 1000.000000000000000 ) ;
#1631 = DIRECTION ( 'NONE',  ( 1.000000000000000000, 0.000000000000000000, -0.000000000000000000 ) ) ;
#1632 = CARTESIAN_POINT ( 'NONE',  ( 288.8999999999999773, -185.5000000000000000, 21.50000000000000000 ) ) ;
#1633 = EDGE_LOOP ( 'NONE', ( #3581, #2406, #2592, #850 ) ) ;
#1634 = AXIS2_PLACEMENT_3D ( 'NONE', #750, #2980, #183 ) ;
#1635 = FACE_OUTER_BOUND ( 'NONE', #539, .T. ) ;
#1636 = CIRCLE ( 'NONE', #304, 1.700000000000000178 ) ;
#1637 = LINE ( 'NONE', #327, #2184 ) ;
#1638 = AXIS2_PLACEMENT_3D ( 'NONE', #378, #3188, #804 ) ;
#1639 = EDGE_LOOP ( 'NONE', ( #1511, #2489, #3804, #1051 ) ) ;
#1640 = CARTESIAN_POINT ( 'NONE',  ( 275.0000000000000000, -200.0000000000000000, 21.50000000000000000 ) ) ;
#1641 = PERSON_AND_ORGANIZATION ( #631, #1448 ) ;
#1642 = LINE ( 'NONE', #2249, #1431 ) ;
#1643 = EDGE_CURVE ( 'NONE', #3977, #4041, #235, .T. ) ;
#1644 = LINE ( 'NONE', #3879, #1210 ) ;
#1645 = ORIENTED_EDGE ( 'NONE', *, *, #514, .T. ) ;
#1646 = EDGE_CURVE ( 'NONE', #2081, #2858, #1232, .T. ) ;
#1647 = CARTESIAN_POINT ( 'NONE',  ( -290.8999999999999773, 209.0000000000000284, 31.00000000000000000 ) ) ;
#1648 = DIRECTION ( 'NONE',  ( 0.000000000000000000, -1.000000000000000000, 0.000000000000000000 ) ) ;
#1649 = DIRECTION ( 'NONE',  ( 0.000000000000000000, 0.000000000000000000, 1.000000000000000000 ) ) ;
#1650 = ORIENTED_EDGE ( 'NONE', *, *, #1013, .T. ) ;
#1651 = ORIENTED_EDGE ( 'NONE', *, *, #1727, .F. ) ;
#1652 = CARTESIAN_POINT ( 'NONE',  ( -275.0000000000000000, -200.0000000000000000, 24.00000000000000000 ) ) ;
#1653 = PLANE ( 'NONE',  #510 ) ;
#1654 = EDGE_LOOP ( 'NONE', ( #295, #2257, #957, #2750, #3755, #2474 ) ) ;
#1655 = EDGE_CURVE ( 'NONE', #2886, #3051, #2469, .T. ) ;
#1656 = LINE ( 'NONE', #412, #1364 ) ;
#1657 = DIRECTION ( 'NONE',  ( 0.000000000000000000, -1.000000000000000000, 0.000000000000000000 ) ) ;
#1658 = EDGE_CURVE ( 'NONE', #3920, #1532, #588, .T. ) ;
#1659 = ORIENTED_EDGE ( 'NONE', *, *, #1398, .F. ) ;
#1660 = LINE ( 'NONE', #106, #1102 ) ;
#1661 = FACE_OUTER_BOUND ( 'NONE', #3880, .T. ) ;
#1662 = CARTESIAN_POINT ( 'NONE',  ( 290.8999999999999773, -200.0000000000000000, 25.69999999999999929 ) ) ;
#1663 = EDGE_LOOP ( 'NONE', ( #1873, #357, #2745, #1390 ) ) ;
#1664 = LOCAL_TIME ( 16, 1, 32.00000000000000000, #649 ) ;
#1665 = DIRECTION ( 'NONE',  ( -1.000000000000000000, -0.000000000000000000, 0.000000000000000000 ) ) ;
#1666 = LINE ( 'NONE', #2031, #1348 ) ;
#1667 = CARTESIAN_POINT ( 'NONE',  ( 294.0000000000000000, -209.0000000000000284, 22.00000000000000000 ) ) ;
#1668 = EDGE_LOOP ( 'NONE', ( #445, #3895, #1408, #425 ) ) ;
#1669 = VERTEX_POINT ( 'NONE', #878 ) ;
#1670 = LINE ( 'NONE', #3826, #2786 ) ;
#1671 = FACE_OUTER_BOUND ( 'NONE', #2183, .T. ) ;
#1672 = PLANE ( 'NONE',  #1823 ) ;
#1673 = ADVANCED_FACE ( 'NONE', ( #2150 ), #922, .T. ) ;
#1674 = AXIS2_PLACEMENT_3D ( 'NONE', #2836, #1676, #3164 ) ;
#1675 = PLANE ( 'NONE',  #436 ) ;
#1676 = DIRECTION ( 'NONE',  ( 0.000000000000000000, 0.000000000000000000, 1.000000000000000000 ) ) ;
#1677 = VECTOR ( 'NONE', #1932, 1000.000000000000000 ) ;
#1678 = EDGE_LOOP ( 'NONE', ( #3309, #1246, #3788, #2129, #3073, #3310, #2225, #2797 ) ) ;
#1679 = CIRCLE ( 'NONE', #3965, 1.700000000000000178 ) ;
#1680 = DIRECTION ( 'NONE',  ( 0.000000000000000000, 0.000000000000000000, 1.000000000000000000 ) ) ;
#1681 = EDGE_CURVE ( 'NONE', #621, #1024, #1561, .T. ) ;
#1682 = LINE ( 'NONE', #807, #4048 ) ;
#1683 = DIRECTION ( 'NONE',  ( 0.000000000000000000, 0.000000000000000000, 1.000000000000000000 ) ) ;
#1684 = ORIENTED_EDGE ( 'NONE', *, *, #3925, .T. ) ;
#1685 = EDGE_CURVE ( 'NONE', #3425, #3758, #3687, .T. ) ;
#1686 = LINE ( 'NONE', #2617, #216 ) ;
#1687 = DIRECTION ( 'NONE',  ( 0.000000000000000000, 0.000000000000000000, 1.000000000000000000 ) ) ;
#1688 = ORIENTED_EDGE ( 'NONE', *, *, #3548, .F. ) ;
#1689 = CIRCLE ( 'NONE', #3182, 1.700000000000000178 ) ;
#1690 = ORIENTED_EDGE ( 'NONE', *, *, #3386, .T. ) ;
#1691 = CARTESIAN_POINT ( 'NONE',  ( 294.0000000000000000, 207.5000000000000284, 22.00000000000000000 ) ) ;
#1692 = LINE ( 'NONE', #2331, #2318 ) ;
#1693 = VECTOR ( 'NONE', #1395, 1000.000000000000000 ) ;
#1694 = PLANE ( 'NONE',  #3649 ) ;
#1695 = EDGE_CURVE ( 'NONE', #2049, #2780, #2128, .T. ) ;
#1696 = AXIS2_PLACEMENT_3D ( 'NONE', #2879, #687, #1012 ) ;
#1697 = CARTESIAN_POINT ( 'NONE',  ( -294.0000000000000000, 179.0000000000000000, 31.00000000000000000 ) ) ;
#1698 = EDGE_CURVE ( 'NONE', #2929, #3512, #1636, .T. ) ;
#1699 = LINE ( 'NONE', #3928, #2265 ) ;
#1700 = AXIS2_PLACEMENT_3D ( 'NONE', #108, #2060, #496 ) ;
#1701 = ORIENTED_EDGE ( 'NONE', *, *, #3445, .T. ) ;
#1702 = VECTOR ( 'NONE', #1687, 1000.000000000000000 ) ;
#1703 = CARTESIAN_POINT ( 'NONE',  ( -290.8999999999999773, -179.0000000000000000, 31.00000000000000000 ) ) ;
#1704 = DIRECTION ( 'NONE',  ( 0.000000000000000000, 0.000000000000000000, -1.000000000000000000 ) ) ;
#1705 = ORIENTED_EDGE ( 'NONE', *, *, #2030, .F. ) ;
#1706 = VECTOR ( 'NONE', #998, 1000.000000000000000 ) ;
#1707 = DIRECTION ( 'NONE',  ( -1.000000000000000000, -0.000000000000000000, 0.000000000000000000 ) ) ;
#1708 = PLANE ( 'NONE',  #383 ) ;
#1709 = ORIENTED_EDGE ( 'NONE', *, *, #111, .T. ) ;
#1710 = ORIENTED_EDGE ( 'NONE', *, *, #2223, .F. ) ;
#1711 = CARTESIAN_POINT ( 'NONE',  ( 294.0000000000000000, -180.5000000000000284, 22.00000000000000000 ) ) ;
#1712 = LINE ( 'NONE', #428, #421 ) ;
#1713 = PLANE ( 'NONE',  #237 ) ;
#1714 = LINE ( 'NONE', #3905, #706 ) ;
#1715 = DIRECTION ( 'NONE',  ( 0.000000000000000000, 0.000000000000000000, 1.000000000000000000 ) ) ;
#1716 = ORIENTED_EDGE ( 'NONE', *, *, #1423, .T. ) ;
#1717 = LINE ( 'NONE', #3893, #1159 ) ;
#1718 = LINE ( 'NONE', #3659, #2256 ) ;
#1719 = EDGE_LOOP ( 'NONE', ( #2545, #3244, #2922, #1412 ) ) ;
#1720 = VECTOR ( 'NONE', #2494, 1000.000000000000000 ) ;
#1721 = DIRECTION ( 'NONE',  ( 1.000000000000000000, 0.000000000000000000, -0.000000000000000000 ) ) ;
#1722 = ORIENTED_EDGE ( 'NONE', *, *, #338, .F. ) ;
#1723 = ORIENTED_EDGE ( 'NONE', *, *, #214, .F. ) ;
#1724 = ORIENTED_EDGE ( 'NONE', *, *, #1303, .F. ) ;
#1725 = CARTESIAN_POINT ( 'NONE',  ( 288.8999999999999773, 202.5000000000000000, 26.50000000000000355 ) ) ;
#1726 = DIRECTION ( 'NONE',  ( 0.000000000000000000, 0.000000000000000000, 1.000000000000000000 ) ) ;
#1727 = EDGE_CURVE ( 'NONE', #523, #679, #3753, .T. ) ;
#1728 = FACE_OUTER_BOUND ( 'NONE', #1240, .T. ) ;
#1729 = LINE ( 'NONE', #123, #1485 ) ;
#1730 = DIRECTION ( 'NONE',  ( 1.000000000000000000, 0.000000000000000000, 0.000000000000000000 ) ) ;
#1731 = ORIENTED_EDGE ( 'NONE', *, *, #368, .T. ) ;
#1732 = AXIS2_PLACEMENT_3D ( 'NONE', #2165, #2776, #2109 ) ;
#1733 = FACE_OUTER_BOUND ( 'NONE', #3918, .T. ) ;
#1734 = CARTESIAN_POINT ( 'NONE',  ( -290.8999999999999773, 209.0000000000000284, 22.00000000000000000 ) ) ;
#1735 = ORIENTED_EDGE ( 'NONE', *, *, #1100, .T. ) ;
#1736 = EDGE_CURVE ( 'NONE', #2455, #94, #1829, .T. ) ;
#1737 = VECTOR ( 'NONE', #1972, 1000.000000000000000 ) ;
#1738 = CARTESIAN_POINT ( 'NONE',  ( -290.8999999999999773, 194.0000000000000000, 16.00000000000000000 ) ) ;
#1739 = EDGE_CURVE ( 'NONE', #1179, #621, #1826, .T. ) ;
#1740 = ORIENTED_EDGE ( 'NONE', *, *, #923, .F. ) ;
#1741 = ORIENTED_EDGE ( 'NONE', *, *, #2524, .F. ) ;
#1742 = ORIENTED_EDGE ( 'NONE', *, *, #2891, .F. ) ;
#1743 = LINE ( 'NONE', #2621, #2072 ) ;
#1744 = DIRECTION ( 'NONE',  ( 1.000000000000000000, 0.000000000000000000, -0.000000000000000000 ) ) ;
#1745 = DIRECTION ( 'NONE',  ( -1.000000000000000000, -0.000000000000000000, 0.000000000000000000 ) ) ;
#1746 = EDGE_CURVE ( 'NONE', #1323, #2773, #4019, .T. ) ;
#1747 = VECTOR ( 'NONE', #3738, 1000.000000000000000 ) ;
#1748 = LINE ( 'NONE', #2975, #3712 ) ;
#1749 = CARTESIAN_POINT ( 'NONE',  ( -274.6000000000000227, 188.0000000000000000, 24.00000000000000000 ) ) ;
#1750 = CARTESIAN_POINT ( 'NONE',  ( -294.0000000000000000, 180.5000000000000000, 22.00000000000000000 ) ) ;
#1751 = VECTOR ( 'NONE', #252, 1000.000000000000000 ) ;
#1752 = ORIENTED_EDGE ( 'NONE', *, *, #222, .F. ) ;
#1753 = VECTOR ( 'NONE', #3878, 1000.000000000000000 ) ;
#1754 = CARTESIAN_POINT ( 'NONE',  ( -282.0000000000000000, 185.5000000000000000, 21.50000000000000000 ) ) ;
#1755 = DIRECTION ( 'NONE',  ( -0.000000000000000000, 1.000000000000000000, 0.000000000000000000 ) ) ;
#1756 = ADVANCED_FACE ( 'NONE', ( #3711 ), #2757, .T. ) ;
#1757 = ORIENTED_EDGE ( 'NONE', *, *, #3114, .F. ) ;
#1758 = AXIS2_PLACEMENT_3D ( 'NONE', #1994, #756, #1376 ) ;
#1759 = CARTESIAN_POINT ( 'NONE',  ( -294.0000000000000000, 206.0000000000000284, 27.00000000000000355 ) ) ;
#1760 = ORIENTED_EDGE ( 'NONE', *, *, #944, .F. ) ;
#1761 = VECTOR ( 'NONE', #1566, 1000.000000000000000 ) ;
#1762 = ORIENTED_EDGE ( 'NONE', *, *, #2077, .F. ) ;
#1763 = EDGE_CURVE ( 'NONE', #3707, #2142, #2847, .T. ) ;
#1764 = ORIENTED_EDGE ( 'NONE', *, *, #2623, .F. ) ;
#1765 = CARTESIAN_POINT ( 'NONE',  ( 290.8999999999999773, -179.0000000000000000, 31.00000000000000000 ) ) ;
#1766 = CARTESIAN_POINT ( 'NONE',  ( -290.8999999999999773, -178.5000000000000000, 16.00000000000000000 ) ) ;
#1767 = LINE ( 'NONE', #2714, #2996 ) ;
#1768 = EDGE_LOOP ( 'NONE', ( #1904, #866, #1320, #1120 ) ) ;
#1769 = CARTESIAN_POINT ( 'NONE',  ( -282.0000000000000000, -202.5000000000000000, 21.50000000000000000 ) ) ;
#1770 = CARTESIAN_POINT ( 'NONE',  ( 288.8999999999999773, 178.5000000000000000, 16.00000000000000000 ) ) ;
#1771 = CARTESIAN_POINT ( 'NONE',  ( -290.8999999999999773, -200.0000000000000000, 24.00000000000000000 ) ) ;
#1772 = ORIENTED_EDGE ( 'NONE', *, *, #2812, .F. ) ;
#1773 = CARTESIAN_POINT ( 'NONE',  ( 294.0000000000000000, -209.0000000000000284, 31.00000000000000000 ) ) ;
#1774 = EDGE_CURVE ( 'NONE', #190, #2886, #1624, .T. ) ;
#1775 = DIRECTION ( 'NONE',  ( -1.000000000000000000, -0.000000000000000000, 0.000000000000000000 ) ) ;
#1776 = ORIENTED_EDGE ( 'NONE', *, *, #747, .T. ) ;
#1777 = CARTESIAN_POINT ( 'NONE',  ( -294.0000000000000000, 207.5000000000000000, 29.00000000000000000 ) ) ;
#1778 = ORIENTED_EDGE ( 'NONE', *, *, #1727, .T. ) ;
#1779 = AXIS2_PLACEMENT_3D ( 'NONE', #893, #582, #1269 ) ;
#1780 = VERTEX_POINT ( 'NONE', #3197 ) ;
#1781 = PRODUCT_DEFINITION_FORMATION_WITH_SPECIFIED_SOURCE ( '�', '', #377, .NOT_KNOWN. ) ;
#1782 = VERTEX_POINT ( 'NONE', #3800 ) ;
#1783 = CARTESIAN_POINT ( 'NONE',  ( 292.0000000000000000, 209.0000000000000284, 22.00000000000000000 ) ) ;
#1784 = FACE_OUTER_BOUND ( 'NONE', #3929, .T. ) ;
#1785 = DIRECTION ( 'NONE',  ( 1.000000000000000000, 0.000000000000000000, 0.000000000000000000 ) ) ;
#1786 = EDGE_CURVE ( 'NONE', #1394, #2102, #1337, .T. ) ;
#1787 = ORIENTED_EDGE ( 'NONE', *, *, #1615, .T. ) ;
#1788 = PLANE ( 'NONE',  #3052 ) ;
#1789 = DIRECTION ( 'NONE',  ( -0.000000000000000000, 0.000000000000000000, -1.000000000000000000 ) ) ;
#1790 = DIRECTION ( 'NONE',  ( 0.000000000000000000, 0.000000000000000000, 1.000000000000000000 ) ) ;
#1791 = EDGE_CURVE ( 'NONE', #2364, #1936, #1060, .T. ) ;
#1792 = ORIENTED_EDGE ( 'NONE', *, *, #447, .T. ) ;
#1793 = CARTESIAN_POINT ( 'NONE',  ( -294.0000000000000000, 180.5000000000000000, 29.00000000000000000 ) ) ;
#1794 = CARTESIAN_POINT ( 'NONE',  ( 294.0000000000000000, 207.5000000000000000, 27.00000000000000355 ) ) ;
#1795 = ORIENTED_EDGE ( 'NONE', *, *, #473, .T. ) ;
#1796 = VECTOR ( 'NONE', #1326, 1000.000000000000000 ) ;
#1797 = ADVANCED_FACE ( 'NONE', ( #115, #3232, #2255, #2927, #2294 ), #2234, .T. ) ;
#1798 = AXIS2_PLACEMENT_3D ( 'NONE', #2725, #1243, #1549 ) ;
#1799 = DIRECTION ( 'NONE',  ( 0.000000000000000000, 1.000000000000000000, 0.000000000000000000 ) ) ;
#1800 = ORIENTED_EDGE ( 'NONE', *, *, #3688, .T. ) ;
#1801 = ADVANCED_FACE ( 'NONE', ( #739 ), #25, .T. ) ;
#1802 = VECTOR ( 'NONE', #2298, 1000.000000000000000 ) ;
#1803 = DIRECTION ( 'NONE',  ( 0.000000000000000000, 1.000000000000000000, 0.000000000000000000 ) ) ;
#1804 = ORIENTED_EDGE ( 'NONE', *, *, #2535, .T. ) ;
#1805 = VERTEX_POINT ( 'NONE', #985 ) ;
#1806 = FACE_BOUND ( 'NONE', #243, .T. ) ;
#1807 = LINE ( 'NONE', #3668, #3838 ) ;
#1808 = AXIS2_PLACEMENT_3D ( 'NONE', #827, #1444, #1094 ) ;
#1809 = DIRECTION ( 'NONE',  ( -0.000000000000000000, 0.000000000000000000, -1.000000000000000000 ) ) ;
#1810 = ORIENTED_EDGE ( 'NONE', *, *, #3047, .F. ) ;
#1811 = ORIENTED_EDGE ( 'NONE', *, *, #2670, .T. ) ;
#1812 = DIRECTION ( 'NONE',  ( 0.000000000000000000, 0.000000000000000000, 1.000000000000000000 ) ) ;
#1813 = DIRECTION ( 'NONE',  ( -1.000000000000000000, 0.000000000000000000, 0.000000000000000000 ) ) ;
#1814 = FACE_OUTER_BOUND ( 'NONE', #718, .T. ) ;
#1815 = ORIENTED_EDGE ( 'NONE', *, *, #3273, .F. ) ;
#1816 = ADVANCED_FACE ( 'NONE', ( #678 ), #723, .T. ) ;
#1817 = DIRECTION ( 'NONE',  ( -0.000000000000000000, 1.000000000000000000, 0.000000000000000000 ) ) ;
#1818 = DIRECTION ( 'NONE',  ( -0.000000000000000000, 0.000000000000000000, -1.000000000000000000 ) ) ;
#1819 = VECTOR ( 'NONE', #2192, 1000.000000000000000 ) ;
#1820 = CARTESIAN_POINT ( 'NONE',  ( -275.0000000000000000, -202.5000000000000000, 26.50000000000000355 ) ) ;
#1821 = CARTESIAN_POINT ( 'NONE',  ( 294.0000000000000000, -182.0000000000000000, 22.00000000000000000 ) ) ;
#1822 = EDGE_LOOP ( 'NONE', ( #1297, #3970 ) ) ;
#1823 = AXIS2_PLACEMENT_3D ( 'NONE', #3146, #1263, #643 ) ;
#1824 = CARTESIAN_POINT ( 'NONE',  ( 294.0000000000000000, -207.5000000000000284, 29.00000000000000000 ) ) ;
#1825 = EDGE_LOOP ( 'NONE', ( #994, #2421, #3713, #3908 ) ) ;
#1826 = CIRCLE ( 'NONE', #2339, 1.700000000000000178 ) ;
#1827 = LINE ( 'NONE', #1783, #1421 ) ;
#1828 = DIRECTION ( 'NONE',  ( 0.000000000000000000, 0.000000000000000000, -1.000000000000000000 ) ) ;
#1829 = LINE ( 'NONE', #3072, #3531 ) ;
#1830 = EDGE_CURVE ( 'NONE', #1526, #965, #1933, .T. ) ;
#1831 = VECTOR ( 'NONE', #2882, 1000.000000000000000 ) ;
#1832 = ORIENTED_EDGE ( 'NONE', *, *, #3333, .T. ) ;
#1833 = EDGE_LOOP ( 'NONE', ( #3044, #1422 ) ) ;
#1834 = LINE ( 'NONE', #3408, #3120 ) ;
#1835 = CARTESIAN_POINT ( 'NONE',  ( -294.0000000000000000, 207.5000000000000000, 22.00000000000000000 ) ) ;
#1836 = CARTESIAN_POINT ( 'NONE',  ( 290.8999999999999773, 200.0000000000000000, 25.69999999999999929 ) ) ;
#1837 = ORIENTED_EDGE ( 'NONE', *, *, #563, .T. ) ;
#1838 = CARTESIAN_POINT ( 'NONE',  ( 290.8999999999999773, 194.0000000000000000, 31.00000000000000000 ) ) ;
#1839 = DIRECTION ( 'NONE',  ( 0.000000000000000000, -0.000000000000000000, 1.000000000000000000 ) ) ;
#1840 = CARTESIAN_POINT ( 'NONE',  ( 290.8999999999999773, -178.5000000000000000, 16.00000000000000000 ) ) ;
#1841 = DIRECTION ( 'NONE',  ( 0.000000000000000000, -1.000000000000000000, 0.000000000000000000 ) ) ;
#1842 = ORIENTED_EDGE ( 'NONE', *, *, #373, .T. ) ;
#1843 = ORIENTED_EDGE ( 'NONE', *, *, #2003, .F. ) ;
#1844 = CARTESIAN_POINT ( 'NONE',  ( 294.0000000000000000, 207.5000000000000000, 29.00000000000000000 ) ) ;
#1845 = CARTESIAN_POINT ( 'NONE',  ( -282.0000000000000000, 200.0000000000000000, 26.50000000000000355 ) ) ;
#1846 = FACE_OUTER_BOUND ( 'NONE', #3572, .T. ) ;
#1847 = VERTEX_POINT ( 'NONE', #2618 ) ;
#1848 = VECTOR ( 'NONE', #2762, 1000.000000000000000 ) ;
#1849 = EDGE_CURVE ( 'NONE', #3425, #190, #2576, .T. ) ;
#1850 = VERTEX_POINT ( 'NONE', #362 ) ;
#1851 = DIRECTION ( 'NONE',  ( 1.000000000000000000, 0.000000000000000000, -0.000000000000000000 ) ) ;
#1852 = LINE ( 'NONE', #3673, #307 ) ;
#1853 = ORIENTED_EDGE ( 'NONE', *, *, #2744, .T. ) ;
#1854 = DIRECTION ( 'NONE',  ( 0.000000000000000000, 0.000000000000000000, 1.000000000000000000 ) ) ;
#1855 = EDGE_CURVE ( 'NONE', #3684, #3689, #2869, .T. ) ;
#1856 = ORIENTED_EDGE ( 'NONE', *, *, #2223, .T. ) ;
#1857 = FACE_OUTER_BOUND ( 'NONE', #1359, .T. ) ;
#1858 = DIRECTION ( 'NONE',  ( 0.000000000000000000, 1.000000000000000000, 0.000000000000000000 ) ) ;
#1859 = PERSON_AND_ORGANIZATION ( #631, #1448 ) ;
#1860 = LINE ( 'NONE', #4056, #860 ) ;
#1861 = ORIENTED_EDGE ( 'NONE', *, *, #2236, .F. ) ;
#1862 = ORIENTED_EDGE ( 'NONE', *, *, #885, .F. ) ;
#1863 = VECTOR ( 'NONE', #3991, 1000.000000000000000 ) ;
#1864 = EDGE_CURVE ( 'NONE', #3912, #3853, #699, .T. ) ;
#1865 = FACE_OUTER_BOUND ( 'NONE', #303, .T. ) ;
#1866 = DIRECTION ( 'NONE',  ( 0.000000000000000000, 0.000000000000000000, -1.000000000000000000 ) ) ;
#1867 = CARTESIAN_POINT ( 'NONE',  ( -275.0000000000000000, 185.5000000000000000, 21.50000000000000000 ) ) ;
#1868 = VECTOR ( 'NONE', #1866, 1000.000000000000000 ) ;
#1869 = ORIENTED_EDGE ( 'NONE', *, *, #2435, .T. ) ;
#1870 = EDGE_LOOP ( 'NONE', ( #9, #465, #2107, #2205 ) ) ;
#1871 = CARTESIAN_POINT ( 'NONE',  ( 288.8999999999999773, -209.5000000000000284, 32.00000000000000000 ) ) ;
#1872 = DIRECTION ( 'NONE',  ( 0.000000000000000000, -1.000000000000000000, 0.000000000000000000 ) ) ;
#1873 = ORIENTED_EDGE ( 'NONE', *, *, #4003, .T. ) ;
#1874 = DIRECTION ( 'NONE',  ( 1.000000000000000000, 0.000000000000000000, -0.000000000000000000 ) ) ;
#1875 = CC_DESIGN_PERSON_AND_ORGANIZATION_ASSIGNMENT ( #2816, #3440, ( #377 ) ) ;
#1876 = VERTEX_POINT ( 'NONE', #2889 ) ;
#1877 = VECTOR ( 'NONE', #1385, 1000.000000000000000 ) ;
#1878 = FACE_OUTER_BOUND ( 'NONE', #2237, .T. ) ;
#1879 = DIRECTION ( 'NONE',  ( 0.000000000000000000, 0.000000000000000000, 1.000000000000000000 ) ) ;
#1880 = CIRCLE ( 'NONE', #2450, 1.700000000000000178 ) ;
#1881 = ORIENTED_EDGE ( 'NONE', *, *, #792, .T. ) ;
#1882 = VECTOR ( 'NONE', #2993, 1000.000000000000000 ) ;
#1883 = CALENDAR_DATE ( 2026, 29, 8 ) ;
#1884 = DIRECTION ( 'NONE',  ( 0.000000000000000000, -1.000000000000000000, 0.000000000000000000 ) ) ;
#1885 = LINE ( 'NONE', #1907, #736 ) ;
#1886 = ORIENTED_EDGE ( 'NONE', *, *, #1956, .T. ) ;
#1887 = ORIENTED_EDGE ( 'NONE', *, *, #1963, .T. ) ;
#1888 = VECTOR ( 'NONE', #4017, 1000.000000000000000 ) ;
#1889 = DIRECTION ( 'NONE',  ( -1.000000000000000000, 0.000000000000000000, 0.000000000000000000 ) ) ;
#1890 = DIRECTION ( 'NONE',  ( -0.000000000000000000, 1.000000000000000000, 0.000000000000000000 ) ) ;
#1891 = VECTOR ( 'NONE', #3517, 1000.000000000000000 ) ;
#1892 = DIRECTION ( 'NONE',  ( -1.000000000000000000, 0.000000000000000000, 0.000000000000000000 ) ) ;
#1893 = ADVANCED_FACE ( 'NONE', ( #72 ), #51, .T. ) ;
#1894 = ORIENTED_EDGE ( 'NONE', *, *, #2200, .T. ) ;
#1895 = VECTOR ( 'NONE', #1785, 1000.000000000000000 ) ;
#1896 = EDGE_LOOP ( 'NONE', ( #494, #2620, #3472, #779, #3453, #3427 ) ) ;
#1897 = PLANE ( 'NONE',  #3519 ) ;
#1898 = DIRECTION ( 'NONE',  ( -1.000000000000000000, 0.000000000000000000, 0.000000000000000000 ) ) ;
#1899 = ORIENTED_EDGE ( 'NONE', *, *, #136, .T. ) ;
#1900 = AXIS2_PLACEMENT_3D ( 'NONE', #3877, #2569, #3834 ) ;
#1901 = VERTEX_POINT ( 'NONE', #1023 ) ;
#1902 = PLANE ( 'NONE',  #40 ) ;
#1903 = CARTESIAN_POINT ( 'NONE',  ( -288.8999999999999773, -194.0000000000000000, 26.50000000000000355 ) ) ;
#1904 = ORIENTED_EDGE ( 'NONE', *, *, #909, .T. ) ;
#1905 = EDGE_CURVE ( 'NONE', #788, #1281, #1957, .T. ) ;
#1906 = CARTESIAN_POINT ( 'NONE',  ( 275.0000000000000000, 188.0000000000000000, 21.50000000000000000 ) ) ;
#1907 = CARTESIAN_POINT ( 'NONE',  ( 288.8999999999999773, -194.0000000000000000, 21.50000000000000000 ) ) ;
#1908 = ORIENTED_EDGE ( 'NONE', *, *, #1763, .F. ) ;
#1909 = DIRECTION ( 'NONE',  ( 0.000000000000000000, -1.000000000000000000, -0.000000000000000000 ) ) ;
#1910 = DIRECTION ( 'NONE',  ( -0.000000000000000000, 1.000000000000000000, 0.000000000000000000 ) ) ;
#1911 = DIRECTION ( 'NONE',  ( 0.000000000000000000, 0.000000000000000000, 1.000000000000000000 ) ) ;
#1912 = CARTESIAN_POINT ( 'NONE',  ( -275.0000000000000000, 190.5000000000000000, 21.50000000000000000 ) ) ;
#1913 = VERTEX_POINT ( 'NONE', #2908 ) ;
#1914 = ORIENTED_EDGE ( 'NONE', *, *, #2506, .T. ) ;
#1915 = EDGE_LOOP ( 'NONE', ( #4004, #3770, #2910, #3156 ) ) ;
#1916 = LINE ( 'NONE', #3160, #1553 ) ;
#1917 = CARTESIAN_POINT ( 'NONE',  ( 290.8999999999999773, -182.0000000000000000, 31.00000000000000000 ) ) ;
#1918 = ORIENTED_EDGE ( 'NONE', *, *, #634, .F. ) ;
#1919 = EDGE_CURVE ( 'NONE', #2876, #2505, #92, .T. ) ;
#1920 = CARTESIAN_POINT ( 'NONE',  ( -288.8999999999999773, 185.5000000000000000, 26.50000000000000355 ) ) ;
#1921 = ADVANCED_FACE ( 'NONE', ( #444 ), #1708, .T. ) ;
#1922 = CARTESIAN_POINT ( 'NONE',  ( -282.0000000000000000, -185.5000000000000000, 21.50000000000000000 ) ) ;
#1923 = CARTESIAN_POINT ( 'NONE',  ( 290.8999999999999773, 209.5000000000000284, 16.00000000000000000 ) ) ;
#1924 = VERTEX_POINT ( 'NONE', #2012 ) ;
#1925 = APPLICATION_PROTOCOL_DEFINITION ( 'international standard', 'config_control_design', 1994, #681 ) ;
#1926 = CARTESIAN_POINT ( 'NONE',  ( 275.0000000000000000, 197.5000000000000000, 21.50000000000000000 ) ) ;
#1927 = LINE ( 'NONE', #1311, #3578 ) ;
#1928 = ORIENTED_EDGE ( 'NONE', *, *, #138, .T. ) ;
#1929 = CARTESIAN_POINT ( 'NONE',  ( -288.8999999999999773, -190.5000000000000000, 21.50000000000000000 ) ) ;
#1930 = EDGE_CURVE ( 'NONE', #3670, #966, #331, .T. ) ;
#1931 = CARTESIAN_POINT ( 'NONE',  ( -294.0000000000000000, -182.0000000000000000, 31.00000000000000000 ) ) ;
#1932 = DIRECTION ( 'NONE',  ( 0.000000000000000000, 0.000000000000000000, 1.000000000000000000 ) ) ;
#1933 = LINE ( 'NONE', #3216, #1702 ) ;
#1934 = VECTOR ( 'NONE', #2080, 1000.000000000000000 ) ;
#1935 = EDGE_LOOP ( 'NONE', ( #1200, #2984, #1254, #1161 ) ) ;
#1936 = VERTEX_POINT ( 'NONE', #1017 ) ;
#1937 = VERTEX_POINT ( 'NONE', #1949 ) ;
#1938 = CARTESIAN_POINT ( 'NONE',  ( 282.0000000000000000, 202.5000000000000000, 21.50000000000000000 ) ) ;
#1939 = FACE_BOUND ( 'NONE', #2978, .T. ) ;
#1940 = EDGE_CURVE ( 'NONE', #3729, #2722, #3199, .T. ) ;
#1941 = ORIENTED_EDGE ( 'NONE', *, *, #3803, .T. ) ;
#1942 = AXIS2_PLACEMENT_3D ( 'NONE', #3137, #2575, #2537 ) ;
#1943 = EDGE_CURVE ( 'NONE', #2089, #1567, #2884, .T. ) ;
#1944 = PLANE ( 'NONE',  #1696 ) ;
#1945 = PLANE ( 'NONE',  #3764 ) ;
#1946 = ADVANCED_FACE ( 'NONE', ( #4075 ), #3524, .T. ) ;
#1947 = VERTEX_POINT ( 'NONE', #3462 ) ;
#1948 = LINE ( 'NONE', #2304, #3656 ) ;
#1949 = CARTESIAN_POINT ( 'NONE',  ( 290.8999999999999773, 188.0000000000000000, 25.69999999999999929 ) ) ;
#1950 = CARTESIAN_POINT ( 'NONE',  ( -290.8999999999999773, -209.0000000000000284, 22.00000000000000000 ) ) ;
#1951 = ORIENTED_EDGE ( 'NONE', *, *, #3700, .F. ) ;
#1952 = CIRCLE ( 'NONE', #702, 1.999999999999998224 ) ;
#1953 = AXIS2_PLACEMENT_3D ( 'NONE', #1652, #683, #2894 ) ;
#1954 = CARTESIAN_POINT ( 'NONE',  ( -275.0000000000000000, 197.5000000000000000, 21.50000000000000000 ) ) ;
#1955 = LINE ( 'NONE', #291, #3238 ) ;
#1956 = EDGE_CURVE ( 'NONE', #881, #713, #1642, .T. ) ;
#1957 = LINE ( 'NONE', #1667, #2283 ) ;
#1958 = CIRCLE ( 'NONE', #636, 1.999999999999998224 ) ;
#1959 = ORIENTED_EDGE ( 'NONE', *, *, #905, .F. ) ;
#1960 = ORIENTED_EDGE ( 'NONE', *, *, #1438, .F. ) ;
#1961 = FACE_OUTER_BOUND ( 'NONE', #726, .T. ) ;
#1962 = CARTESIAN_POINT ( 'NONE',  ( 275.0000000000000000, 200.0000000000000000, 22.30000000000000071 ) ) ;
#1963 = EDGE_CURVE ( 'NONE', #752, #1393, #380, .T. ) ;
#1964 = ORIENTED_EDGE ( 'NONE', *, *, #285, .F. ) ;
#1965 = DIRECTION ( 'NONE',  ( 1.000000000000000000, 0.000000000000000000, -0.000000000000000000 ) ) ;
#1966 = VECTOR ( 'NONE', #2211, 1000.000000000000000 ) ;
#1967 = CARTESIAN_POINT ( 'NONE',  ( 275.0000000000000000, -188.0000000000000000, 25.69999999999999929 ) ) ;
#1968 = EDGE_CURVE ( 'NONE', #2966, #276, #716, .T. ) ;
#1969 = ORIENTED_EDGE ( 'NONE', *, *, #567, .F. ) ;
#1970 = CARTESIAN_POINT ( 'NONE',  ( -294.0000000000000000, -179.0000000000000000, 22.00000000000000000 ) ) ;
#1971 = DIRECTION ( 'NONE',  ( -1.000000000000000000, 0.000000000000000000, 0.000000000000000000 ) ) ;
#1972 = DIRECTION ( 'NONE',  ( 0.000000000000000000, 0.000000000000000000, -1.000000000000000000 ) ) ;
#1973 = ORIENTED_EDGE ( 'NONE', *, *, #1685, .F. ) ;
#1974 = FACE_OUTER_BOUND ( 'NONE', #1668, .T. ) ;
#1975 = DIRECTION ( 'NONE',  ( 0.000000000000000000, 1.000000000000000000, 0.000000000000000000 ) ) ;
#1976 = EDGE_CURVE ( 'NONE', #871, #435, #775, .T. ) ;
#1977 = DIRECTION ( 'NONE',  ( 0.000000000000000000, -1.000000000000000000, 0.000000000000000000 ) ) ;
#1978 = EDGE_LOOP ( 'NONE', ( #690, #2716, #95, #1843 ) ) ;
#1979 = VERTEX_POINT ( 'NONE', #1331 ) ;
#1980 = DIRECTION ( 'NONE',  ( 0.000000000000000000, 0.000000000000000000, -1.000000000000000000 ) ) ;
#1981 = DIRECTION ( 'NONE',  ( -0.000000000000000000, 0.000000000000000000, -1.000000000000000000 ) ) ;
#1982 = ADVANCED_FACE ( 'NONE', ( #2590 ), #671, .T. ) ;
#1983 = LINE ( 'NONE', #3223, #570 ) ;
#1984 = DIRECTION ( 'NONE',  ( 0.000000000000000000, 0.000000000000000000, 1.000000000000000000 ) ) ;
#1985 = ADVANCED_FACE ( 'NONE', ( #65 ), #1617, .F. ) ;
#1986 = EDGE_LOOP ( 'NONE', ( #1928, #3892, #571, #27 ) ) ;
#1987 = LOCAL_TIME ( 16, 1, 32.00000000000000000, #354 ) ;
#1988 = CARTESIAN_POINT ( 'NONE',  ( 294.0000000000000000, -182.0000000000000000, 22.00000000000000000 ) ) ;
#1989 = LINE ( 'NONE', #3228, #112 ) ;
#1990 = LINE ( 'NONE', #2269, #2501 ) ;
#1991 = ADVANCED_FACE ( 'NONE', ( #1661 ), #2861, .T. ) ;
#1992 = ORIENTED_EDGE ( 'NONE', *, *, #3011, .T. ) ;
#1993 = FACE_OUTER_BOUND ( 'NONE', #809, .T. ) ;
#1994 = CARTESIAN_POINT ( 'NONE',  ( -292.0000000000000000, -206.0000000000000284, 22.00000000000000000 ) ) ;
#1995 = ORIENTED_EDGE ( 'NONE', *, *, #712, .T. ) ;
#1996 = EDGE_CURVE ( 'NONE', #3420, #3051, #86, .T. ) ;
#1997 = ORIENTED_EDGE ( 'NONE', *, *, #1646, .F. ) ;
#1998 = DIRECTION ( 'NONE',  ( -1.000000000000000000, -0.000000000000000000, 0.000000000000000000 ) ) ;
#1999 = CARTESIAN_POINT ( 'NONE',  ( 294.0000000000000000, -180.5000000000000284, 27.00000000000000355 ) ) ;
#2000 = CIRCLE ( 'NONE', #2190, 1.700000000000000178 ) ;
#2001 = CARTESIAN_POINT ( 'NONE',  ( 294.0000000000000000, -207.5000000000000284, 29.00000000000000000 ) ) ;
#2002 = CARTESIAN_POINT ( 'NONE',  ( 294.0000000000000000, -206.0000000000000284, 31.00000000000000000 ) ) ;
#2003 = EDGE_CURVE ( 'NONE', #3033, #477, #1310, .T. ) ;
#2004 = DIRECTION ( 'NONE',  ( -0.000000000000000000, 1.000000000000000000, 0.000000000000000000 ) ) ;
#2005 = VECTOR ( 'NONE', #1707, 1000.000000000000000 ) ;
#2006 = ORIENTED_EDGE ( 'NONE', *, *, #1736, .F. ) ;
#2007 = CIRCLE ( 'NONE', #1808, 1.999999999999998224 ) ;
#2008 = DIRECTION ( 'NONE',  ( 1.000000000000000000, 0.000000000000000000, -0.000000000000000000 ) ) ;
#2009 = CARTESIAN_POINT ( 'NONE',  ( -294.0000000000000000, -206.0000000000000284, 29.00000000000000000 ) ) ;
#2010 = ORIENTED_EDGE ( 'NONE', *, *, #401, .F. ) ;
#2011 = DIRECTION ( 'NONE',  ( 0.000000000000000000, -1.000000000000000000, 0.000000000000000000 ) ) ;
#2012 = CARTESIAN_POINT ( 'NONE',  ( -290.8999999999999773, 200.0000000000000000, 25.69999999999999929 ) ) ;
#2013 = ORIENTED_EDGE ( 'NONE', *, *, #256, .T. ) ;
#2014 = CIRCLE ( 'NONE', #3516, 1.999999999999998224 ) ;
#2015 = ORIENTED_EDGE ( 'NONE', *, *, #1490, .T. ) ;
#2016 = DIRECTION ( 'NONE',  ( 0.000000000000000000, 0.000000000000000000, -1.000000000000000000 ) ) ;
#2017 = CARTESIAN_POINT ( 'NONE',  ( 289.8999999999999773, 209.5000000000000284, 16.00000000000000000 ) ) ;
#2018 = AXIS2_PLACEMENT_3D ( 'NONE', #343, #1321, #2911 ) ;
#2019 = DIRECTION ( 'NONE',  ( -0.000000000000000000, 1.000000000000000000, 0.000000000000000000 ) ) ;
#2020 = VECTOR ( 'NONE', #1558, 1000.000000000000000 ) ;
#2021 = DIRECTION ( 'NONE',  ( 0.000000000000000000, 1.000000000000000000, 0.000000000000000000 ) ) ;
#2022 = DIRECTION ( 'NONE',  ( -0.000000000000000000, 0.000000000000000000, -1.000000000000000000 ) ) ;
#2023 = VECTOR ( 'NONE', #137, 1000.000000000000000 ) ;
#2024 = ORIENTED_EDGE ( 'NONE', *, *, #335, .T. ) ;
#2025 = VECTOR ( 'NONE', #2352, 1000.000000000000000 ) ;
#2026 = DIRECTION ( 'NONE',  ( -1.000000000000000000, -0.000000000000000000, 0.000000000000000000 ) ) ;
#2027 = LINE ( 'NONE', #1111, #1011 ) ;
#2028 = ORIENTED_EDGE ( 'NONE', *, *, #2963, .F. ) ;
#2029 = CIRCLE ( 'NONE', #244, 1.700000000000000178 ) ;
#2030 = EDGE_CURVE ( 'NONE', #2049, #1609, #2552, .T. ) ;
#2031 = CARTESIAN_POINT ( 'NONE',  ( -294.0000000000000000, -180.5000000000000000, 31.00000000000000000 ) ) ;
#2032 = VERTEX_POINT ( 'NONE', #3129 ) ;
#2033 = ORIENTED_EDGE ( 'NONE', *, *, #2693, .T. ) ;
#2034 = ORIENTED_EDGE ( 'NONE', *, *, #2120, .F. ) ;
#2035 = FACE_BOUND ( 'NONE', #3506, .T. ) ;
#2036 = DIRECTION ( 'NONE',  ( -0.000000000000000000, 1.000000000000000000, 0.000000000000000000 ) ) ;
#2037 = DIRECTION ( 'NONE',  ( 0.000000000000000000, 0.000000000000000000, 1.000000000000000000 ) ) ;
#2038 = CARTESIAN_POINT ( 'NONE',  ( 282.0000000000000000, -185.5000000000000000, 21.50000000000000000 ) ) ;
#2039 = FACE_OUTER_BOUND ( 'NONE', #735, .T. ) ;
#2040 = EDGE_LOOP ( 'NONE', ( #1296, #2674, #3334, #2950 ) ) ;
#2041 = ADVANCED_FACE ( 'NONE', ( #1596 ), #2841, .T. ) ;
#2042 = DIRECTION ( 'NONE',  ( 0.000000000000000000, 0.000000000000000000, -1.000000000000000000 ) ) ;
#2043 = DIRECTION ( 'NONE',  ( -1.000000000000000000, -0.000000000000000000, 0.000000000000000000 ) ) ;
#2044 = ORIENTED_EDGE ( 'NONE', *, *, #1377, .F. ) ;
#2045 = AXIS2_PLACEMENT_3D ( 'NONE', #2103, #4032, #1223 ) ;
#2046 = FACE_BOUND ( 'NONE', #3358, .T. ) ;
#2047 = ORIENTED_EDGE ( 'NONE', *, *, #59, .F. ) ;
#2048 = ORIENTED_EDGE ( 'NONE', *, *, #627, .T. ) ;
#2049 = VERTEX_POINT ( 'NONE', #18 ) ;
#2050 = LINE ( 'NONE', #1691, #3315 ) ;
#2051 = CARTESIAN_POINT ( 'NONE',  ( -275.0000000000000000, -200.0000000000000000, 21.50000000000000000 ) ) ;
#2052 = CARTESIAN_POINT ( 'NONE',  ( 274.6000000000000227, -188.0000000000000000, 25.69999999999999929 ) ) ;
#2053 = EDGE_CURVE ( 'NONE', #3287, #270, #3792, .T. ) ;
#2054 = LINE ( 'NONE', #2038, #963 ) ;
#2055 = FACE_BOUND ( 'NONE', #3705, .T. ) ;
#2056 = CARTESIAN_POINT ( 'NONE',  ( -294.0000000000000000, 180.5000000000000000, 27.00000000000000355 ) ) ;
#2057 = VECTOR ( 'NONE', #2159, 1000.000000000000000 ) ;
#2058 = ORIENTED_EDGE ( 'NONE', *, *, #1620, .F. ) ;
#2059 = CIRCLE ( 'NONE', #3439, 1.999999999999998224 ) ;
#2060 = DIRECTION ( 'NONE',  ( -1.000000000000000000, -0.000000000000000000, 0.000000000000000000 ) ) ;
#2061 = DIRECTION ( 'NONE',  ( 0.000000000000000000, 1.000000000000000000, 0.000000000000000000 ) ) ;
#2062 = VERTEX_POINT ( 'NONE', #1970 ) ;
#2063 = CARTESIAN_POINT ( 'NONE',  ( 290.8999999999999773, 188.0000000000000000, 22.30000000000000071 ) ) ;
#2064 = PLANE ( 'NONE',  #2105 ) ;
#2065 = ORIENTED_EDGE ( 'NONE', *, *, #567, .T. ) ;
#2066 = VERTEX_POINT ( 'NONE', #732 ) ;
#2067 = ORIENTED_EDGE ( 'NONE', *, *, #1176, .F. ) ;
#2068 = FACE_BOUND ( 'NONE', #2851, .T. ) ;
#2069 = DIRECTION ( 'NONE',  ( -0.000000000000000000, 1.000000000000000000, 0.000000000000000000 ) ) ;
#2070 = DIRECTION ( 'NONE',  ( -1.000000000000000000, 0.000000000000000000, 0.000000000000000000 ) ) ;
#2071 = EDGE_CURVE ( 'NONE', #2828, #881, #3209, .T. ) ;
#2072 = VECTOR ( 'NONE', #2988, 1000.000000000000000 ) ;
#2073 = PLANE ( 'NONE',  #3189 ) ;
#2074 = CARTESIAN_POINT ( 'NONE',  ( 292.0000000000000000, 207.5000000000000284, 31.00000000000000000 ) ) ;
#2075 = CARTESIAN_POINT ( 'NONE',  ( -294.0000000000000000, 209.0000000000000284, 31.00000000000000000 ) ) ;
#2076 = ORIENTED_EDGE ( 'NONE', *, *, #3098, .F. ) ;
#2077 = EDGE_CURVE ( 'NONE', #3676, #1434, #2994, .T. ) ;
#2078 = AXIS2_PLACEMENT_3D ( 'NONE', #598, #1174, #3392 ) ;
#2079 = CARTESIAN_POINT ( 'NONE',  ( -292.0000000000000000, 180.5000000000000000, 22.00000000000000000 ) ) ;
#2080 = DIRECTION ( 'NONE',  ( 0.000000000000000000, 0.000000000000000000, 1.000000000000000000 ) ) ;
#2081 = VERTEX_POINT ( 'NONE', #1988 ) ;
#2082 = VECTOR ( 'NONE', #2268, 1000.000000000000000 ) ;
#2083 = EDGE_CURVE ( 'NONE', #341, #128, #1948, .T. ) ;
#2084 = PLANE ( 'NONE',  #797 ) ;
#2085 = ORIENTED_EDGE ( 'NONE', *, *, #3412, .T. ) ;
#2086 = VECTOR ( 'NONE', #1898, 1000.000000000000000 ) ;
#2087 = ORIENTED_EDGE ( 'NONE', *, *, #2195, .T. ) ;
#2088 = EDGE_CURVE ( 'NONE', #881, #3212, #179, .T. ) ;
#2089 = VERTEX_POINT ( 'NONE', #2901 ) ;
#2090 = CARTESIAN_POINT ( 'NONE',  ( -288.8999999999999773, -202.5000000000000000, 16.00000000000000000 ) ) ;
#2091 = PLANE ( 'NONE',  #2645 ) ;
#2092 = CARTESIAN_POINT ( 'NONE',  ( 288.8999999999999773, -190.5000000000000000, 16.00000000000000000 ) ) ;
#2093 = ORIENTED_EDGE ( 'NONE', *, *, #792, .F. ) ;
#2094 = CARTESIAN_POINT ( 'NONE',  ( -275.0000000000000000, 202.5000000000000000, 21.50000000000000000 ) ) ;
#2095 = CARTESIAN_POINT ( 'NONE',  ( 294.0000000000000000, 207.5000000000000000, 22.00000000000000000 ) ) ;
#2096 = DIRECTION ( 'NONE',  ( -1.000000000000000000, 0.000000000000000000, 0.000000000000000000 ) ) ;
#2097 = ADVANCED_FACE ( 'NONE', ( #2055, #2267, #1016 ), #1457, .T. ) ;
#2098 = ORIENTED_EDGE ( 'NONE', *, *, #1248, .T. ) ;
#2099 = EDGE_CURVE ( 'NONE', #3438, #1467, #2612, .T. ) ;
#2100 = LINE ( 'NONE', #3035, #2791 ) ;
#2101 = CARTESIAN_POINT ( 'NONE',  ( 282.0000000000000000, -197.5000000000000000, 21.50000000000000000 ) ) ;
#2102 = VERTEX_POINT ( 'NONE', #3014 ) ;
#2103 = CARTESIAN_POINT ( 'NONE',  ( -290.8999999999999773, 188.0000000000000000, 24.00000000000000000 ) ) ;
#2104 = ORIENTED_EDGE ( 'NONE', *, *, #3695, .F. ) ;
#2105 = AXIS2_PLACEMENT_3D ( 'NONE', #812, #1198, #3064 ) ;
#2106 = ORIENTED_EDGE ( 'NONE', *, *, #2099, .T. ) ;
#2107 = ORIENTED_EDGE ( 'NONE', *, *, #561, .F. ) ;
#2108 = DIRECTION ( 'NONE',  ( 0.000000000000000000, 1.000000000000000000, 0.000000000000000000 ) ) ;
#2109 = DIRECTION ( 'NONE',  ( 0.000000000000000000, 0.000000000000000000, 1.000000000000000000 ) ) ;
#2110 = DIRECTION ( 'NONE',  ( 0.000000000000000000, 0.000000000000000000, 1.000000000000000000 ) ) ;
#2111 = ADVANCED_FACE ( 'NONE', ( #1126 ), #198, .T. ) ;
#2112 = ORIENTED_EDGE ( 'NONE', *, *, #872, .F. ) ;
#2113 = EDGE_LOOP ( 'NONE', ( #3323, #1959, #1489, #2949, #1894 ) ) ;
#2114 = DIRECTION ( 'NONE',  ( 1.000000000000000000, 0.000000000000000000, -0.000000000000000000 ) ) ;
#2115 = LINE ( 'NONE', #1835, #2285 ) ;
#2116 = CARTESIAN_POINT ( 'NONE',  ( -290.8999999999999773, 179.0000000000000000, 16.00000000000000000 ) ) ;
#2117 = ORIENTED_EDGE ( 'NONE', *, *, #833, .F. ) ;
#2118 = LINE ( 'NONE', #578, #2666 ) ;
#2119 = CARTESIAN_POINT ( 'NONE',  ( -292.0000000000000000, 180.5000000000000000, 31.00000000000000000 ) ) ;
#2120 = EDGE_CURVE ( 'NONE', #1115, #2780, #1660, .T. ) ;
#2121 = LINE ( 'NONE', #3748, #1328 ) ;
#2122 = VERTEX_POINT ( 'NONE', #1770 ) ;
#2123 = AXIS2_PLACEMENT_3D ( 'NONE', #2934, #3625, #3593 ) ;
#2124 = DIRECTION ( 'NONE',  ( 0.000000000000000000, -1.000000000000000000, -0.000000000000000000 ) ) ;
#2125 = ORIENTED_EDGE ( 'NONE', *, *, #2854, .T. ) ;
#2126 = CARTESIAN_POINT ( 'NONE',  ( -289.8999999999999773, -178.5000000000000000, 32.00000000000000000 ) ) ;
#2127 = DIRECTION ( 'NONE',  ( 1.000000000000000000, 0.000000000000000000, -0.000000000000000000 ) ) ;
#2128 = LINE ( 'NONE', #1867, #2726 ) ;
#2129 = ORIENTED_EDGE ( 'NONE', *, *, #786, .T. ) ;
#2130 = ORIENTED_EDGE ( 'NONE', *, *, #1176, .T. ) ;
#2131 = CARTESIAN_POINT ( 'NONE',  ( -292.0000000000000000, -180.5000000000000000, 22.00000000000000000 ) ) ;
#2132 = PLANE ( 'NONE',  #3467 ) ;
#2133 = ADVANCED_FACE ( 'NONE', ( #64 ), #3227, .T. ) ;
#2134 = CARTESIAN_POINT ( 'NONE',  ( -282.0000000000000000, 188.0000000000000000, 21.50000000000000000 ) ) ;
#2135 = ORIENTED_EDGE ( 'NONE', *, *, #3745, .T. ) ;
#2136 = DIRECTION ( 'NONE',  ( -1.000000000000000000, -0.000000000000000000, 0.000000000000000000 ) ) ;
#2137 = CARTESIAN_POINT ( 'NONE',  ( 288.8999999999999773, 185.5000000000000000, 16.00000000000000000 ) ) ;
#2138 = CIRCLE ( 'NONE', #104, 1.700000000000000178 ) ;
#2139 = AXIS2_PLACEMENT_3D ( 'NONE', #940, #2185, #2509 ) ;
#2140 = LINE ( 'NONE', #3639, #2892 ) ;
#2141 = LINE ( 'NONE', #227, #995 ) ;
#2142 = VERTEX_POINT ( 'NONE', #2700 ) ;
#2143 = VECTOR ( 'NONE', #2746, 1000.000000000000000 ) ;
#2144 = CARTESIAN_POINT ( 'NONE',  ( 288.8999999999999773, -178.5000000000000000, 16.00000000000000000 ) ) ;
#2145 = EDGE_CURVE ( 'NONE', #261, #503, #2247, .T. ) ;
#2146 = VECTOR ( 'NONE', #1516, 1000.000000000000000 ) ;
#2147 = FACE_OUTER_BOUND ( 'NONE', #970, .T. ) ;
#2148 = DIRECTION ( 'NONE',  ( 0.000000000000000000, -0.000000000000000000, 1.000000000000000000 ) ) ;
#2149 = ADVANCED_FACE ( 'NONE', ( #83 ), #3522, .F. ) ;
#2150 = FACE_OUTER_BOUND ( 'NONE', #3681, .T. ) ;
#2151 = VERTEX_POINT ( 'NONE', #1052 ) ;
#2152 = ORIENTED_EDGE ( 'NONE', *, *, #3345, .T. ) ;
#2153 = LINE ( 'NONE', #3094, #1747 ) ;
#2154 = CYLINDRICAL_SURFACE ( 'NONE', #3398, 1.999999999999998224 ) ;
#2155 = ORIENTED_EDGE ( 'NONE', *, *, #335, .F. ) ;
#2156 = DIRECTION ( 'NONE',  ( -0.000000000000000000, 0.000000000000000000, -1.000000000000000000 ) ) ;
#2157 = ORIENTED_EDGE ( 'NONE', *, *, #3954, .F. ) ;
#2158 = CYLINDRICAL_SURFACE ( 'NONE', #3255, 1.999999999999998224 ) ;
#2159 = DIRECTION ( 'NONE',  ( 1.000000000000000000, 0.000000000000000000, -0.000000000000000000 ) ) ;
#2160 = EDGE_CURVE ( 'NONE', #105, #2886, #1349, .T. ) ;
#2161 = DIRECTION ( 'NONE',  ( -1.000000000000000000, -0.000000000000000000, 0.000000000000000000 ) ) ;
#2162 = ORIENTED_EDGE ( 'NONE', *, *, #2600, .T. ) ;
#2163 = CARTESIAN_POINT ( 'NONE',  ( -294.0000000000000000, 180.5000000000000000, 22.00000000000000000 ) ) ;
#2164 = FACE_BOUND ( 'NONE', #3749, .T. ) ;
#2165 = CARTESIAN_POINT ( 'NONE',  ( 275.0000000000000000, 188.0000000000000000, 24.00000000000000000 ) ) ;
#2166 = VECTOR ( 'NONE', #1790, 1000.000000000000000 ) ;
#2167 = DIRECTION ( 'NONE',  ( 0.000000000000000000, -1.000000000000000000, 0.000000000000000000 ) ) ;
#2168 = ORIENTED_EDGE ( 'NONE', *, *, #84, .F. ) ;
#2169 = ORIENTED_EDGE ( 'NONE', *, *, #189, .T. ) ;
#2170 = DIRECTION ( 'NONE',  ( 0.000000000000000000, 1.000000000000000000, 0.000000000000000000 ) ) ;
#2171 = CARTESIAN_POINT ( 'NONE',  ( -275.0000000000000000, -188.0000000000000000, 25.69999999999999929 ) ) ;
#2172 = VERTEX_POINT ( 'NONE', #1035 ) ;
#2173 = DIRECTION ( 'NONE',  ( 0.000000000000000000, -1.000000000000000000, -0.000000000000000000 ) ) ;
#2174 = EDGE_CURVE ( 'NONE', #1609, #1115, #416, .T. ) ;
#2175 = EDGE_LOOP ( 'NONE', ( #542, #2900, #3006, #1886 ) ) ;
#2176 = CARTESIAN_POINT ( 'NONE',  ( -292.0000000000000000, -206.0000000000000284, 31.00000000000000000 ) ) ;
#2177 = LINE ( 'NONE', #3435, #2374 ) ;
#2178 = ORIENTED_EDGE ( 'NONE', *, *, #3308, .T. ) ;
#2179 = PERSON_AND_ORGANIZATION_ROLE ( 'creator' ) ;
#2180 = DIRECTION ( 'NONE',  ( 0.000000000000000000, -1.000000000000000000, -0.000000000000000000 ) ) ;
#2181 = ADVANCED_FACE ( 'NONE', ( #2919 ), #512, .T. ) ;
#2182 = ORIENTED_EDGE ( 'NONE', *, *, #267, .T. ) ;
#2183 = EDGE_LOOP ( 'NONE', ( #2811, #2241, #3876, #2093 ) ) ;
#2184 = VECTOR ( 'NONE', #1984, 1000.000000000000000 ) ;
#2185 = DIRECTION ( 'NONE',  ( -0.000000000000000000, 1.000000000000000000, 0.000000000000000000 ) ) ;
#2186 = CARTESIAN_POINT ( 'NONE',  ( 294.0000000000000000, -182.0000000000000000, 27.00000000000000355 ) ) ;
#2187 = CARTESIAN_POINT ( 'NONE',  ( 275.0000000000000000, -188.0000000000000000, 24.00000000000000000 ) ) ;
#2188 = VECTOR ( 'NONE', #961, 1000.000000000000000 ) ;
#2189 = ORIENTED_EDGE ( 'NONE', *, *, #138, .F. ) ;
#2190 = AXIS2_PLACEMENT_3D ( 'NONE', #1618, #381, #1037 ) ;
#2191 = ORIENTED_EDGE ( 'NONE', *, *, #2071, .F. ) ;
#2192 = DIRECTION ( 'NONE',  ( -1.000000000000000000, -0.000000000000000000, 0.000000000000000000 ) ) ;
#2193 = FACE_OUTER_BOUND ( 'NONE', #2560, .T. ) ;
#2194 = ORIENTED_EDGE ( 'NONE', *, *, #3366, .F. ) ;
#2195 = EDGE_CURVE ( 'NONE', #3853, #3328, #3561, .T. ) ;
#2196 = ORIENTED_EDGE ( 'NONE', *, *, #62, .T. ) ;
#2197 = DIRECTION ( 'NONE',  ( 1.000000000000000000, 0.000000000000000000, -0.000000000000000000 ) ) ;
#2198 = LINE ( 'NONE', #3184, #3502 ) ;
#2199 = ORIENTED_EDGE ( 'NONE', *, *, #2600, .F. ) ;
#2200 = EDGE_CURVE ( 'NONE', #1913, #875, #908, .T. ) ;
#2201 = VECTOR ( 'NONE', #844, 1000.000000000000000 ) ;
#2202 = DATE_AND_TIME ( #1595, #1001 ) ;
#2203 = DIRECTION ( 'NONE',  ( 0.000000000000000000, 1.000000000000000000, 0.000000000000000000 ) ) ;
#2204 = CARTESIAN_POINT ( 'NONE',  ( -275.0000000000000000, -185.5000000000000000, 21.50000000000000000 ) ) ;
#2205 = ORIENTED_EDGE ( 'NONE', *, *, #3259, .F. ) ;
#2206 = DIRECTION ( 'NONE',  ( 0.000000000000000000, 0.000000000000000000, 1.000000000000000000 ) ) ;
#2207 = AXIS2_PLACEMENT_3D ( 'NONE', #2866, #49, #1314 ) ;
#2208 = FACE_OUTER_BOUND ( 'NONE', #3177, .T. ) ;
#2209 = LINE ( 'NONE', #2273, #880 ) ;
#2210 = VECTOR ( 'NONE', #3018, 1000.000000000000000 ) ;
#2211 = DIRECTION ( 'NONE',  ( -0.000000000000000000, -1.000000000000000000, -0.000000000000000000 ) ) ;
#2212 = ORIENTED_EDGE ( 'NONE', *, *, #3520, .T. ) ;
#2213 = VERTEX_POINT ( 'NONE', #2393 ) ;
#2214 = ADVANCED_FACE ( 'NONE', ( #845 ), #612, .T. ) ;
#2215 = VECTOR ( 'NONE', #1745, 1000.000000000000000 ) ;
#2216 = ORIENTED_EDGE ( 'NONE', *, *, #552, .T. ) ;
#2217 = CARTESIAN_POINT ( 'NONE',  ( 294.0000000000000000, 206.0000000000000284, 27.00000000000000355 ) ) ;
#2218 = CARTESIAN_POINT ( 'NONE',  ( 288.8999999999999773, 185.5000000000000000, 26.50000000000000355 ) ) ;
#2219 = VERTEX_POINT ( 'NONE', #279 ) ;
#2220 = VECTOR ( 'NONE', #1543, 1000.000000000000000 ) ;
#2221 = DIRECTION ( 'NONE',  ( 0.000000000000000000, 0.000000000000000000, 1.000000000000000000 ) ) ;
#2222 = LINE ( 'NONE', #121, #3059 ) ;
#2223 = EDGE_CURVE ( 'NONE', #5, #1152, #2741, .T. ) ;
#2224 = FACE_OUTER_BOUND ( 'NONE', #1562, .T. ) ;
#2225 = ORIENTED_EDGE ( 'NONE', *, *, #3240, .T. ) ;
#2226 = APPROVAL_STATUS ( 'not_yet_approved' ) ;
#2227 = CARTESIAN_POINT ( 'NONE',  ( -294.0000000000000000, -207.5000000000000284, 29.00000000000000000 ) ) ;
#2228 = LINE ( 'NONE', #1289, #1143 ) ;
#2229 = ORIENTED_EDGE ( 'NONE', *, *, #3616, .T. ) ;
#2230 = FACE_OUTER_BOUND ( 'NONE', #288, .T. ) ;
#2231 = ADVANCED_FACE ( 'NONE', ( #2719 ), #1170, .T. ) ;
#2232 = DIRECTION ( 'NONE',  ( 0.000000000000000000, -1.000000000000000000, -0.000000000000000000 ) ) ;
#2233 = CARTESIAN_POINT ( 'NONE',  ( -275.0000000000000000, -190.5000000000000000, 26.50000000000000355 ) ) ;
#2234 = PLANE ( 'NONE',  #177 ) ;
#2235 = ORIENTED_EDGE ( 'NONE', *, *, #1855, .F. ) ;
#2236 = EDGE_CURVE ( 'NONE', #3365, #2066, #299, .T. ) ;
#2237 = EDGE_LOOP ( 'NONE', ( #3352, #3565, #2890, #1033 ) ) ;
#2238 = EDGE_LOOP ( 'NONE', ( #257, #463, #2410, #150 ) ) ;
#2239 = LINE ( 'NONE', #661, #2859 ) ;
#2240 = DIRECTION ( 'NONE',  ( -0.000000000000000000, 1.000000000000000000, 0.000000000000000000 ) ) ;
#2241 = ORIENTED_EDGE ( 'NONE', *, *, #2145, .T. ) ;
#2242 = ADVANCED_FACE ( 'NONE', ( #4006 ), #3985, .T. ) ;
#2243 = VECTOR ( 'NONE', #1199, 1000.000000000000000 ) ;
#2244 = CARTESIAN_POINT ( 'NONE',  ( 288.8999999999999773, -197.5000000000000000, 26.50000000000000355 ) ) ;
#2245 = CARTESIAN_POINT ( 'NONE',  ( 288.8999999999999773, -190.5000000000000000, 26.50000000000000355 ) ) ;
#2246 = EDGE_LOOP ( 'NONE', ( #2346, #3491, #680, #1757 ) ) ;
#2247 = LINE ( 'NONE', #3298, #778 ) ;
#2248 = DATE_TIME_ROLE ( 'classification_date' ) ;
#2249 = CARTESIAN_POINT ( 'NONE',  ( 275.0000000000000000, -197.5000000000000000, 21.50000000000000000 ) ) ;
#2250 = DIRECTION ( 'NONE',  ( 1.000000000000000000, 0.000000000000000000, 0.000000000000000000 ) ) ;
#2251 = ORIENTED_EDGE ( 'NONE', *, *, #1182, .F. ) ;
#2252 = ADVANCED_FACE ( 'NONE', ( #2806 ), #2154, .T. ) ;
#2253 = FACE_OUTER_BOUND ( 'NONE', #1214, .T. ) ;
#2254 = DIRECTION ( 'NONE',  ( -1.000000000000000000, -0.000000000000000000, 0.000000000000000000 ) ) ;
#2255 = FACE_BOUND ( 'NONE', #685, .T. ) ;
#2256 = VECTOR ( 'NONE', #3019, 1000.000000000000000 ) ;
#2257 = ORIENTED_EDGE ( 'NONE', *, *, #3613, .T. ) ;
#2258 = EDGE_CURVE ( 'NONE', #1947, #3955, #551, .T. ) ;
#2259 = ORIENTED_EDGE ( 'NONE', *, *, #1569, .T. ) ;
#2260 = CARTESIAN_POINT ( 'NONE',  ( -274.6000000000000227, 200.0000000000000000, 24.00000000000000000 ) ) ;
#2261 = CARTESIAN_POINT ( 'NONE',  ( 294.0000000000000000, 182.0000000000000000, 27.00000000000000355 ) ) ;
#2262 = EDGE_LOOP ( 'NONE', ( #1103, #2076 ) ) ;
#2263 = CARTESIAN_POINT ( 'NONE',  ( 288.8999999999999773, 194.0000000000000000, 26.50000000000000355 ) ) ;
#2264 = DIRECTION ( 'NONE',  ( 0.000000000000000000, -1.000000000000000000, -0.000000000000000000 ) ) ;
#2265 = VECTOR ( 'NONE', #2940, 1000.000000000000000 ) ;
#2266 = ORIENTED_EDGE ( 'NONE', *, *, #2997, .T. ) ;
#2267 = FACE_BOUND ( 'NONE', #1056, .T. ) ;
#2268 = DIRECTION ( 'NONE',  ( -1.000000000000000000, -0.000000000000000000, 0.000000000000000000 ) ) ;
#2269 = CARTESIAN_POINT ( 'NONE',  ( -292.0000000000000000, -179.0000000000000000, 31.00000000000000000 ) ) ;
#2270 = ORIENTED_EDGE ( 'NONE', *, *, #3688, .F. ) ;
#2271 = AXIS2_PLACEMENT_3D ( 'NONE', #1340, #1586, #1026 ) ;
#2272 = LINE ( 'NONE', #3171, #2662 ) ;
#2273 = CARTESIAN_POINT ( 'NONE',  ( -294.0000000000000000, -207.5000000000000284, 22.00000000000000000 ) ) ;
#2274 = DIRECTION ( 'NONE',  ( 0.000000000000000000, 0.000000000000000000, 1.000000000000000000 ) ) ;
#2275 = ADVANCED_FACE ( 'NONE', ( #3385, #3340 ), #2132, .T. ) ;
#2276 = VECTOR ( 'NONE', #1283, 1000.000000000000000 ) ;
#2277 = VERTEX_POINT ( 'NONE', #2171 ) ;
#2278 = EDGE_CURVE ( 'NONE', #2032, #3802, #3409, .T. ) ;
#2279 = VERTEX_POINT ( 'NONE', #3692 ) ;
#2280 = AXIS2_PLACEMENT_3D ( 'NONE', #2079, #3100, #3990 ) ;
#2281 = CARTESIAN_POINT ( 'NONE',  ( 275.0000000000000000, 200.0000000000000000, 21.50000000000000000 ) ) ;
#2282 = CARTESIAN_POINT ( 'NONE',  ( -275.0000000000000000, 200.0000000000000000, 21.50000000000000000 ) ) ;
#2283 = VECTOR ( 'NONE', #2274, 1000.000000000000000 ) ;
#2284 = PLANE ( 'NONE',  #2460 ) ;
#2285 = VECTOR ( 'NONE', #2412, 1000.000000000000000 ) ;
#2286 = DIRECTION ( 'NONE',  ( 1.000000000000000000, 0.000000000000000000, -0.000000000000000000 ) ) ;
#2287 = ORIENTED_EDGE ( 'NONE', *, *, #747, .F. ) ;
#2288 = CARTESIAN_POINT ( 'NONE',  ( -289.8999999999999773, -194.0000000000000000, 32.00000000000000000 ) ) ;
#2289 = CARTESIAN_POINT ( 'NONE',  ( 292.0000000000000000, -182.0000000000000000, 22.00000000000000000 ) ) ;
#2290 = CARTESIAN_POINT ( 'NONE',  ( -288.8999999999999773, 209.5000000000000284, 16.00000000000000000 ) ) ;
#2291 = ORIENTED_EDGE ( 'NONE', *, *, #944, .T. ) ;
#2292 = EDGE_CURVE ( 'NONE', #3584, #3007, #1478, .T. ) ;
#2293 = CARTESIAN_POINT ( 'NONE',  ( -282.0000000000000000, -190.5000000000000000, 26.50000000000000355 ) ) ;
#2294 = FACE_OUTER_BOUND ( 'NONE', #2329, .T. ) ;
#2295 = ORIENTED_EDGE ( 'NONE', *, *, #3329, .F. ) ;
#2296 = ORIENTED_EDGE ( 'NONE', *, *, #59, .T. ) ;
#2297 = CARTESIAN_POINT ( 'NONE',  ( 290.8999999999999773, -188.0000000000000000, 24.00000000000000000 ) ) ;
#2298 = DIRECTION ( 'NONE',  ( 0.000000000000000000, 0.000000000000000000, 1.000000000000000000 ) ) ;
#2299 = LINE ( 'NONE', #1363, #302 ) ;
#2300 = DIRECTION ( 'NONE',  ( 0.000000000000000000, -1.000000000000000000, 0.000000000000000000 ) ) ;
#2301 = VECTOR ( 'NONE', #832, 1000.000000000000000 ) ;
#2302 = CARTESIAN_POINT ( 'NONE',  ( -289.8999999999999773, 178.5000000000000000, 16.00000000000000000 ) ) ;
#2303 = ORIENTED_EDGE ( 'NONE', *, *, #3333, .F. ) ;
#2304 = CARTESIAN_POINT ( 'NONE',  ( -288.8999999999999773, -190.5000000000000000, 16.00000000000000000 ) ) ;
#2305 = DIRECTION ( 'NONE',  ( 0.000000000000000000, 0.000000000000000000, 1.000000000000000000 ) ) ;
#2306 = DIRECTION ( 'NONE',  ( 0.000000000000000000, -1.000000000000000000, -0.000000000000000000 ) ) ;
#2307 = ORIENTED_EDGE ( 'NONE', *, *, #561, .T. ) ;
#2308 = CARTESIAN_POINT ( 'NONE',  ( 290.8999999999999773, -194.0000000000000000, 31.00000000000000000 ) ) ;
#2309 = DIRECTION ( 'NONE',  ( 1.000000000000000000, 0.000000000000000000, 0.000000000000000000 ) ) ;
#2310 = ORIENTED_EDGE ( 'NONE', *, *, #2670, .F. ) ;
#2311 = EDGE_LOOP ( 'NONE', ( #2629, #251, #3204, #3342, #2028 ) ) ;
#2312 = CARTESIAN_POINT ( 'NONE',  ( -290.8999999999999773, -200.0000000000000000, 22.30000000000000071 ) ) ;
#2313 = PLANE ( 'NONE',  #3628 ) ;
#2314 = AXIS2_PLACEMENT_3D ( 'NONE', #61, #2264, #2373 ) ;
#2315 = DIRECTION ( 'NONE',  ( 0.000000000000000000, 1.000000000000000000, 0.000000000000000000 ) ) ;
#2316 = CARTESIAN_POINT ( 'NONE',  ( 292.0000000000000000, -179.0000000000000000, 31.00000000000000000 ) ) ;
#2317 = FACE_OUTER_BOUND ( 'NONE', #617, .T. ) ;
#2318 = VECTOR ( 'NONE', #760, 1000.000000000000000 ) ;
#2319 = EDGE_CURVE ( 'NONE', #1347, #3977, #2115, .T. ) ;
#2320 = ORIENTED_EDGE ( 'NONE', *, *, #3845, .F. ) ;
#2321 = LINE ( 'NONE', #3582, #1753 ) ;
#2322 = CARTESIAN_POINT ( 'NONE',  ( -275.0000000000000000, -200.0000000000000000, 26.50000000000000355 ) ) ;
#2323 = ORIENTED_EDGE ( 'NONE', *, *, #351, .F. ) ;
#2324 = EDGE_CURVE ( 'NONE', #94, #2081, #1852, .T. ) ;
#2325 = LINE ( 'NONE', #1040, #3241 ) ;
#2326 = VERTEX_POINT ( 'NONE', #883 ) ;
#2327 = ORIENTED_EDGE ( 'NONE', *, *, #2488, .T. ) ;
#2328 = VECTOR ( 'NONE', #2752, 1000.000000000000000 ) ;
#2329 = EDGE_LOOP ( 'NONE', ( #3106, #2430, #3607, #2703 ) ) ;
#2330 = LINE ( 'NONE', #2951, #1693 ) ;
#2331 = CARTESIAN_POINT ( 'NONE',  ( 294.0000000000000000, -180.5000000000000000, 31.00000000000000000 ) ) ;
#2332 = VECTOR ( 'NONE', #55, 1000.000000000000000 ) ;
#2333 = DIRECTION ( 'NONE',  ( 0.000000000000000000, 0.000000000000000000, 1.000000000000000000 ) ) ;
#2334 = EDGE_CURVE ( 'NONE', #52, #2032, #863, .T. ) ;
#2335 = CARTESIAN_POINT ( 'NONE',  ( 290.8999999999999773, -209.5000000000000284, 32.00000000000000000 ) ) ;
#2336 = DIRECTION ( 'NONE',  ( 1.000000000000000000, 0.000000000000000000, -0.000000000000000000 ) ) ;
#2337 = CIRCLE ( 'NONE', #1700, 1.700000000000000178 ) ;
#2338 = ORIENTED_EDGE ( 'NONE', *, *, #3000, .T. ) ;
#2339 = AXIS2_PLACEMENT_3D ( 'NONE', #3138, #2826, #1275 ) ;
#2340 = CC_DESIGN_PERSON_AND_ORGANIZATION_ASSIGNMENT ( #2480, #2179, ( #1781 ) ) ;
#2341 = PLANE ( 'NONE',  #3391 ) ;
#2342 = FACE_BOUND ( 'NONE', #954, .T. ) ;
#2343 = ORIENTED_EDGE ( 'NONE', *, *, #3925, .F. ) ;
#2344 = AXIS2_PLACEMENT_3D ( 'NONE', #311, #1268, #2503 ) ;
#2345 = DIRECTION ( 'NONE',  ( 1.000000000000000000, 0.000000000000000000, -0.000000000000000000 ) ) ;
#2346 = ORIENTED_EDGE ( 'NONE', *, *, #3930, .F. ) ;
#2347 = ORIENTED_EDGE ( 'NONE', *, *, #166, .T. ) ;
#2348 = ADVANCED_FACE ( 'NONE', ( #573 ), #2473, .T. ) ;
#2349 = ORIENTED_EDGE ( 'NONE', *, *, #622, .T. ) ;
#2350 = CARTESIAN_POINT ( 'NONE',  ( 290.8999999999999773, 194.0000000000000000, 16.00000000000000000 ) ) ;
#2351 = DIRECTION ( 'NONE',  ( 0.000000000000000000, -1.000000000000000000, 0.000000000000000000 ) ) ;
#2352 = DIRECTION ( 'NONE',  ( -1.000000000000000000, -0.000000000000000000, 0.000000000000000000 ) ) ;
#2353 = ADVANCED_FACE ( 'NONE', ( #2193 ), #1653, .T. ) ;
#2354 = CARTESIAN_POINT ( 'NONE',  ( 294.0000000000000000, -207.5000000000000284, 22.00000000000000000 ) ) ;
#2355 = ADVANCED_FACE ( 'NONE', ( #3203, #1671 ), #728, .T. ) ;
#2356 = LINE ( 'NONE', #3558, #2768 ) ;
#2357 = VERTEX_POINT ( 'NONE', #1632 ) ;
#2358 = CARTESIAN_POINT ( 'NONE',  ( -290.8999999999999773, 194.0000000000000000, 31.00000000000000000 ) ) ;
#2359 = CARTESIAN_POINT ( 'NONE',  ( 294.0000000000000000, -207.5000000000000284, 31.00000000000000000 ) ) ;
#2360 = VERTEX_POINT ( 'NONE', #3537 ) ;
#2361 = CIRCLE ( 'NONE', #1116, 1.700000000000000178 ) ;
#2362 = ADVANCED_FACE ( 'NONE', ( #3827 ), #344, .T. ) ;
#2363 = DIRECTION ( 'NONE',  ( -1.000000000000000000, -0.000000000000000000, 0.000000000000000000 ) ) ;
#2364 = VERTEX_POINT ( 'NONE', #1962 ) ;
#2365 = ORIENTED_EDGE ( 'NONE', *, *, #1274, .F. ) ;
#2366 = ADVANCED_FACE ( 'NONE', ( #2853 ), #705, .T. ) ;
#2367 = VERTEX_POINT ( 'NONE', #4066 ) ;
#2368 = DIRECTION ( 'NONE',  ( 1.000000000000000000, 0.000000000000000000, -0.000000000000000000 ) ) ;
#2369 = LINE ( 'NONE', #2051, #2973 ) ;
#2370 = LINE ( 'NONE', #3277, #2464 ) ;
#2371 = LINE ( 'NONE', #156, #3383 ) ;
#2372 = DIRECTION ( 'NONE',  ( 0.000000000000000000, -1.000000000000000000, -0.000000000000000000 ) ) ;
#2373 = DIRECTION ( 'NONE',  ( 0.000000000000000000, 0.000000000000000000, -1.000000000000000000 ) ) ;
#2374 = VECTOR ( 'NONE', #3679, 1000.000000000000000 ) ;
#2375 = EDGE_LOOP ( 'NONE', ( #813, #3079, #280, #1914, #2579 ) ) ;
#2376 = VECTOR ( 'NONE', #586, 1000.000000000000000 ) ;
#2377 = CARTESIAN_POINT ( 'NONE',  ( -275.0000000000000000, 188.0000000000000000, 25.69999999999999929 ) ) ;
#2378 = CARTESIAN_POINT ( 'NONE',  ( -294.0000000000000000, -179.0000000000000000, 31.00000000000000000 ) ) ;
#2379 = VERTEX_POINT ( 'NONE', #2875 ) ;
#2380 = ADVANCED_FACE ( 'NONE', ( #1341 ), #1256, .T. ) ;
#2381 = VECTOR ( 'NONE', #2885, 1000.000000000000000 ) ;
#2382 = CARTESIAN_POINT ( 'NONE',  ( 292.0000000000000000, 209.0000000000000284, 31.00000000000000000 ) ) ;
#2383 = ORIENTED_EDGE ( 'NONE', *, *, #395, .T. ) ;
#2384 = ORIENTED_EDGE ( 'NONE', *, *, #938, .F. ) ;
#2385 = ORIENTED_EDGE ( 'NONE', *, *, #719, .T. ) ;
#2386 = CARTESIAN_POINT ( 'NONE',  ( 294.0000000000000000, 182.0000000000000000, 31.00000000000000000 ) ) ;
#2387 = CARTESIAN_POINT ( 'NONE',  ( 294.0000000000000000, -207.5000000000000284, 27.00000000000000355 ) ) ;
#2388 = ADVANCED_FACE ( 'NONE', ( #77 ), #2581, .T. ) ;
#2389 = CARTESIAN_POINT ( 'NONE',  ( -289.8999999999999773, 178.5000000000000000, 16.00000000000000000 ) ) ;
#2390 = ORIENTED_EDGE ( 'NONE', *, *, #3731, .T. ) ;
#2391 = AXIS2_PLACEMENT_3D ( 'NONE', #2131, #2448, #2781 ) ;
#2392 = CARTESIAN_POINT ( 'NONE',  ( 290.8999999999999773, -206.0000000000000284, 16.00000000000000000 ) ) ;
#2393 = CARTESIAN_POINT ( 'NONE',  ( -288.8999999999999773, 197.5000000000000000, 21.50000000000000000 ) ) ;
#2394 = DIRECTION ( 'NONE',  ( -0.000000000000000000, 0.000000000000000000, -1.000000000000000000 ) ) ;
#2395 = AXIS2_PLACEMENT_3D ( 'NONE', #2845, #2574, #315 ) ;
#2396 = EDGE_CURVE ( 'NONE', #843, #3226, #2563, .T. ) ;
#2397 = ORIENTED_EDGE ( 'NONE', *, *, #2974, .F. ) ;
#2398 = VECTOR ( 'NONE', #556, 1000.000000000000000 ) ;
#2399 = FACE_OUTER_BOUND ( 'NONE', #2729, .T. ) ;
#2400 = CARTESIAN_POINT ( 'NONE',  ( -294.0000000000000000, -180.5000000000000284, 31.00000000000000000 ) ) ;
#2401 = ORIENTED_EDGE ( 'NONE', *, *, #430, .T. ) ;
#2402 = VECTOR ( 'NONE', #3403, 1000.000000000000000 ) ;
#2403 = CARTESIAN_POINT ( 'NONE',  ( -288.8999999999999773, 190.5000000000000000, 26.50000000000000355 ) ) ;
#2404 = ORIENTED_EDGE ( 'NONE', *, *, #3062, .F. ) ;
#2405 = ORIENTED_EDGE ( 'NONE', *, *, #2083, .F. ) ;
#2406 = ORIENTED_EDGE ( 'NONE', *, *, #1262, .F. ) ;
#2407 = CARTESIAN_POINT ( 'NONE',  ( -275.0000000000000000, 200.0000000000000000, 22.30000000000000071 ) ) ;
#2408 = DIRECTION ( 'NONE',  ( -1.000000000000000000, 0.000000000000000000, 0.000000000000000000 ) ) ;
#2409 = LINE ( 'NONE', #2661, #714 ) ;
#2410 = ORIENTED_EDGE ( 'NONE', *, *, #3123, .T. ) ;
#2411 = DIRECTION ( 'NONE',  ( 0.000000000000000000, -1.000000000000000000, -0.000000000000000000 ) ) ;
#2412 = DIRECTION ( 'NONE',  ( 0.000000000000000000, 0.000000000000000000, -1.000000000000000000 ) ) ;
#2413 = CARTESIAN_POINT ( 'NONE',  ( -288.8999999999999773, 202.5000000000000000, 21.50000000000000000 ) ) ;
#2414 = EDGE_LOOP ( 'NONE', ( #1741, #204, #2779, #2962, #1266 ) ) ;
#2415 = DIRECTION ( 'NONE',  ( 0.000000000000000000, 0.000000000000000000, 1.000000000000000000 ) ) ;
#2416 = PLANE ( 'NONE',  #3233 ) ;
#2417 = CARTESIAN_POINT ( 'NONE',  ( 282.0000000000000000, -202.5000000000000000, 26.50000000000000355 ) ) ;
#2418 = ORIENTED_EDGE ( 'NONE', *, *, #3868, .T. ) ;
#2419 = VECTOR ( 'NONE', #3373, 1000.000000000000000 ) ;
#2420 = ORIENTED_EDGE ( 'NONE', *, *, #2792, .T. ) ;
#2421 = ORIENTED_EDGE ( 'NONE', *, *, #3559, .T. ) ;
#2422 = DIRECTION ( 'NONE',  ( 1.000000000000000000, 0.000000000000000000, -0.000000000000000000 ) ) ;
#2423 = DIRECTION ( 'NONE',  ( 0.000000000000000000, 0.000000000000000000, 1.000000000000000000 ) ) ;
#2424 = CARTESIAN_POINT ( 'NONE',  ( 288.8999999999999773, 178.5000000000000000, 32.00000000000000000 ) ) ;
#2425 = EDGE_LOOP ( 'NONE', ( #209, #1588, #1960, #2404 ) ) ;
#2426 = ORIENTED_EDGE ( 'NONE', *, *, #1905, .F. ) ;
#2427 = DIRECTION ( 'NONE',  ( 0.000000000000000000, 0.000000000000000000, -1.000000000000000000 ) ) ;
#2428 = CARTESIAN_POINT ( 'NONE',  ( 289.8999999999999773, -209.5000000000000284, 16.00000000000000000 ) ) ;
#2429 = FACE_BOUND ( 'NONE', #1584, .T. ) ;
#2430 = ORIENTED_EDGE ( 'NONE', *, *, #3992, .T. ) ;
#2431 = DIRECTION ( 'NONE',  ( 0.000000000000000000, -1.000000000000000000, 0.000000000000000000 ) ) ;
#2432 = EDGE_CURVE ( 'NONE', #1605, #3521, #3452, .T. ) ;
#2433 = CARTESIAN_POINT ( 'NONE',  ( 290.8999999999999773, -194.0000000000000000, 31.00000000000000000 ) ) ;
#2434 = AXIS2_PLACEMENT_3D ( 'NONE', #2101, #536, #1839 ) ;
#2435 = EDGE_CURVE ( 'NONE', #724, #3640, #638, .T. ) ;
#2436 = FACE_OUTER_BOUND ( 'NONE', #1342, .T. ) ;
#2437 = DIRECTION ( 'NONE',  ( 1.000000000000000000, 0.000000000000000000, -0.000000000000000000 ) ) ;
#2438 = ORIENTED_EDGE ( 'NONE', *, *, #2690, .F. ) ;
#2439 = AXIS2_PLACEMENT_3D ( 'NONE', #677, #1911, #3841 ) ;
#2440 = DIRECTION ( 'NONE',  ( 0.000000000000000000, 0.000000000000000000, -1.000000000000000000 ) ) ;
#2441 = ORIENTED_EDGE ( 'NONE', *, *, #3405, .T. ) ;
#2442 = CARTESIAN_POINT ( 'NONE',  ( -288.8999999999999773, 194.0000000000000000, 16.00000000000000000 ) ) ;
#2443 = DIRECTION ( 'NONE',  ( 0.000000000000000000, 0.000000000000000000, 1.000000000000000000 ) ) ;
#2444 = CARTESIAN_POINT ( 'NONE',  ( -292.0000000000000000, -182.0000000000000000, 22.00000000000000000 ) ) ;
#2445 = EDGE_CURVE ( 'NONE', #3005, #2277, #2029, .T. ) ;
#2446 = VERTEX_POINT ( 'NONE', #2261 ) ;
#2447 = VERTEX_POINT ( 'NONE', #2218 ) ;
#2448 = DIRECTION ( 'NONE',  ( -0.000000000000000000, 0.000000000000000000, -1.000000000000000000 ) ) ;
#2449 = CARTESIAN_POINT ( 'NONE',  ( -275.0000000000000000, -200.0000000000000000, 21.50000000000000000 ) ) ;
#2450 = AXIS2_PLACEMENT_3D ( 'NONE', #3750, #895, #2710 ) ;
#2451 = ORIENTED_EDGE ( 'NONE', *, *, #1343, .F. ) ;
#2452 = CYLINDRICAL_SURFACE ( 'NONE', #196, 1.700000000000000178 ) ;
#2453 = ADVANCED_FACE ( 'NONE', ( #2830 ), #1280, .T. ) ;
#2454 = VECTOR ( 'NONE', #2663, 1000.000000000000000 ) ;
#2455 = VERTEX_POINT ( 'NONE', #1917 ) ;
#2456 = CARTESIAN_POINT ( 'NONE',  ( -288.8999999999999773, 190.5000000000000000, 16.00000000000000000 ) ) ;
#2457 = CARTESIAN_POINT ( 'NONE',  ( 288.8999999999999773, -194.0000000000000000, 32.00000000000000000 ) ) ;
#2458 = AXIS2_PLACEMENT_3D ( 'NONE', #1611, #2856, #3784 ) ;
#2459 = CC_DESIGN_PERSON_AND_ORGANIZATION_ASSIGNMENT ( #1641, #2883, ( #1781 ) ) ;
#2460 = AXIS2_PLACEMENT_3D ( 'NONE', #1324, #1965, #2566 ) ;
#2461 = DIRECTION ( 'NONE',  ( 1.000000000000000000, 0.000000000000000000, -0.000000000000000000 ) ) ;
#2462 = PLANE ( 'NONE',  #3017 ) ;
#2463 = EDGE_LOOP ( 'NONE', ( #1776, #924, #4027, #1815 ) ) ;
#2464 = VECTOR ( 'NONE', #1165, 1000.000000000000000 ) ;
#2465 = ORIENTED_EDGE ( 'NONE', *, *, #1569, .F. ) ;
#2466 = VECTOR ( 'NONE', #176, 1000.000000000000000 ) ;
#2467 = LINE ( 'NONE', #1534, #1888 ) ;
#2468 = DIRECTION ( 'NONE',  ( -0.000000000000000000, 1.000000000000000000, 0.000000000000000000 ) ) ;
#2469 = LINE ( 'NONE', #657, #575 ) ;
#2470 = ORIENTED_EDGE ( 'NONE', *, *, #256, .F. ) ;
#2471 = ORIENTED_EDGE ( 'NONE', *, *, #2077, .T. ) ;
#2472 = CARTESIAN_POINT ( 'NONE',  ( 288.8999999999999773, 194.0000000000000000, 26.50000000000000355 ) ) ;
#2473 = PLANE ( 'NONE',  #3263 ) ;
#2474 = ORIENTED_EDGE ( 'NONE', *, *, #1643, .F. ) ;
#2475 = CARTESIAN_POINT ( 'NONE',  ( 288.8999999999999773, 194.0000000000000000, 21.50000000000000000 ) ) ;
#2476 = ORIENTED_EDGE ( 'NONE', *, *, #3109, .F. ) ;
#2477 = CARTESIAN_POINT ( 'NONE',  ( 294.0000000000000000, -182.0000000000000000, 31.00000000000000000 ) ) ;
#2478 = CARTESIAN_POINT ( 'NONE',  ( 275.0000000000000000, -200.0000000000000000, 25.69999999999999929 ) ) ;
#2479 = VERTEX_POINT ( 'NONE', #3161 ) ;
#2480 = PERSON_AND_ORGANIZATION ( #631, #1448 ) ;
#2481 = CARTESIAN_POINT ( 'NONE',  ( -294.0000000000000000, 180.5000000000000000, 27.00000000000000355 ) ) ;
#2482 = VERTEX_POINT ( 'NONE', #684 ) ;
#2483 = ORIENTED_EDGE ( 'NONE', *, *, #909, .F. ) ;
#2484 = DIRECTION ( 'NONE',  ( 0.000000000000000000, 0.000000000000000000, 1.000000000000000000 ) ) ;
#2485 = CARTESIAN_POINT ( 'NONE',  ( -275.0000000000000000, 185.5000000000000000, 26.50000000000000355 ) ) ;
#2486 = VECTOR ( 'NONE', #2180, 1000.000000000000000 ) ;
#2487 = DIRECTION ( 'NONE',  ( 0.000000000000000000, 0.000000000000000000, 1.000000000000000000 ) ) ;
#2488 = EDGE_CURVE ( 'NONE', #1567, #1669, #31, .T. ) ;
#2489 = ORIENTED_EDGE ( 'NONE', *, *, #2770, .T. ) ;
#2490 = ORIENTED_EDGE ( 'NONE', *, *, #1746, .T. ) ;
#2491 = DIRECTION ( 'NONE',  ( 0.000000000000000000, 0.000000000000000000, 1.000000000000000000 ) ) ;
#2492 = CARTESIAN_POINT ( 'NONE',  ( -292.0000000000000000, -207.5000000000000284, 31.00000000000000000 ) ) ;
#2493 = EDGE_LOOP ( 'NONE', ( #3844, #3655 ) ) ;
#2494 = DIRECTION ( 'NONE',  ( 0.000000000000000000, -1.000000000000000000, -0.000000000000000000 ) ) ;
#2495 = ADVANCED_FACE ( 'NONE', ( #1939, #3180 ), #1396, .T. ) ;
#2496 = ORIENTED_EDGE ( 'NONE', *, *, #2693, .F. ) ;
#2497 = LINE ( 'NONE', #2913, #971 ) ;
#2498 = LINE ( 'NONE', #2137, #3102 ) ;
#2499 = EDGE_CURVE ( 'NONE', #4049, #1015, #2659, .T. ) ;
#2500 = EDGE_LOOP ( 'NONE', ( #3099, #1862, #2550, #2804, #1778 ) ) ;
#2501 = VECTOR ( 'NONE', #734, 1000.000000000000000 ) ;
#2502 = PERSON_AND_ORGANIZATION_ROLE ( 'creator' ) ;
#2503 = DIRECTION ( 'NONE',  ( 0.000000000000000000, -0.000000000000000000, 1.000000000000000000 ) ) ;
#2504 = LINE ( 'NONE', #3396, #2486 ) ;
#2505 = VERTEX_POINT ( 'NONE', #1999 ) ;
#2506 = EDGE_CURVE ( 'NONE', #2172, #63, #2989, .T. ) ;
#2507 = DIRECTION ( 'NONE',  ( 0.000000000000000000, -1.000000000000000000, 0.000000000000000000 ) ) ;
#2508 = AXIS2_PLACEMENT_3D ( 'NONE', #350, #2857, #2880 ) ;
#2509 = DIRECTION ( 'NONE',  ( 0.000000000000000000, -0.000000000000000000, 1.000000000000000000 ) ) ;
#2510 = FACE_OUTER_BOUND ( 'NONE', #2311, .T. ) ;
#2511 = CARTESIAN_POINT ( 'NONE',  ( -288.8999999999999773, -185.5000000000000000, 16.00000000000000000 ) ) ;
#2512 = AXIS2_PLACEMENT_3D ( 'NONE', #2673, #3270, #2926 ) ;
#2513 = ORIENTED_EDGE ( 'NONE', *, *, #3629, .T. ) ;
#2514 = AXIS2_PLACEMENT_3D ( 'NONE', #147, #2363, #3620 ) ;
#2515 = EDGE_CURVE ( 'NONE', #4049, #1115, #97, .T. ) ;
#2516 = ORIENTED_EDGE ( 'NONE', *, *, #616, .T. ) ;
#2517 = LINE ( 'NONE', #2281, #2332 ) ;
#2518 = CARTESIAN_POINT ( 'NONE',  ( -294.0000000000000000, -207.5000000000000284, 29.00000000000000000 ) ) ;
#2519 = VERTEX_POINT ( 'NONE', #1122 ) ;
#2520 = ADVANCED_FACE ( 'NONE', ( #467 ), #3290, .T. ) ;
#2521 = LINE ( 'NONE', #2834, #1227 ) ;
#2522 = LINE ( 'NONE', #2176, #2538 ) ;
#2523 = CARTESIAN_POINT ( 'NONE',  ( 288.8999999999999773, 209.5000000000000284, 32.00000000000000000 ) ) ;
#2524 = EDGE_CURVE ( 'NONE', #2089, #145, #1712, .T. ) ;
#2525 = VECTOR ( 'NONE', #1313, 1000.000000000000000 ) ;
#2526 = EDGE_LOOP ( 'NONE', ( #1627, #3169, #1405, #3016 ) ) ;
#2527 = ADVANCED_FACE ( 'NONE', ( #1381 ), #2970, .T. ) ;
#2528 = VECTOR ( 'NONE', #409, 1000.000000000000000 ) ;
#2529 = PERSON_AND_ORGANIZATION ( #631, #1448 ) ;
#2530 = CARTESIAN_POINT ( 'NONE',  ( -275.0000000000000000, 188.0000000000000000, 21.50000000000000000 ) ) ;
#2531 = EDGE_CURVE ( 'NONE', #1947, #110, #2369, .T. ) ;
#2532 = LINE ( 'NONE', #2614, #3771 ) ;
#2533 = ORIENTED_EDGE ( 'NONE', *, *, #3817, .T. ) ;
#2534 = DIRECTION ( 'NONE',  ( -1.000000000000000000, 0.000000000000000000, 0.000000000000000000 ) ) ;
#2535 = EDGE_CURVE ( 'NONE', #3226, #1098, #3575, .T. ) ;
#2536 = FACE_OUTER_BOUND ( 'NONE', #328, .T. ) ;
#2537 = DIRECTION ( 'NONE',  ( 0.000000000000000000, 0.000000000000000000, -1.000000000000000000 ) ) ;
#2538 = VECTOR ( 'NONE', #2197, 1000.000000000000000 ) ;
#2539 = DIRECTION ( 'NONE',  ( 1.000000000000000000, 0.000000000000000000, 0.000000000000000000 ) ) ;
#2540 = ORIENTED_EDGE ( 'NONE', *, *, #3308, .F. ) ;
#2541 = ORIENTED_EDGE ( 'NONE', *, *, #141, .F. ) ;
#2542 = ORIENTED_EDGE ( 'NONE', *, *, #1739, .F. ) ;
#2543 = CARTESIAN_POINT ( 'NONE',  ( -292.0000000000000000, 209.0000000000000284, 22.00000000000000000 ) ) ;
#2544 = CARTESIAN_POINT ( 'NONE',  ( -290.8999999999999773, -206.0000000000000284, 16.00000000000000000 ) ) ;
#2545 = ORIENTED_EDGE ( 'NONE', *, *, #1438, .T. ) ;
#2546 = VECTOR ( 'NONE', #1680, 1000.000000000000000 ) ;
#2547 = LINE ( 'NONE', #1048, #3523 ) ;
#2548 = DIRECTION ( 'NONE',  ( 0.000000000000000000, -0.000000000000000000, 1.000000000000000000 ) ) ;
#2549 = ADVANCED_FACE ( 'NONE', ( #3237 ), #508, .F. ) ;
#2550 = ORIENTED_EDGE ( 'NONE', *, *, #1476, .T. ) ;
#2551 = DATE_TIME_ROLE ( 'creation_date' ) ;
#2552 = LINE ( 'NONE', #2530, #1706 ) ;
#2553 = CARTESIAN_POINT ( 'NONE',  ( 294.0000000000000000, 180.5000000000000000, 31.00000000000000000 ) ) ;
#2554 = VERTEX_POINT ( 'NONE', #818 ) ;
#2555 = CARTESIAN_POINT ( 'NONE',  ( 294.0000000000000000, -180.5000000000000000, 31.00000000000000000 ) ) ;
#2556 = PLANE ( 'NONE',  #708 ) ;
#2557 = FACE_OUTER_BOUND ( 'NONE', #3087, .T. ) ;
#2558 = CARTESIAN_POINT ( 'NONE',  ( -288.8999999999999773, 202.5000000000000000, 16.00000000000000000 ) ) ;
#2559 = VERTEX_POINT ( 'NONE', #1045 ) ;
#2560 = EDGE_LOOP ( 'NONE', ( #847, #1276, #917, #2470 ) ) ;
#2561 = EDGE_LOOP ( 'NONE', ( #604, #3143, #2483, #1705 ) ) ;
#2562 = DIRECTION ( 'NONE',  ( 0.000000000000000000, 0.000000000000000000, 1.000000000000000000 ) ) ;
#2563 = LINE ( 'NONE', #990, #3797 ) ;
#2564 = ORIENTED_EDGE ( 'NONE', *, *, #2833, .F. ) ;
#2565 = AXIS2_PLACEMENT_3D ( 'NONE', #3951, #1799, #521 ) ;
#2566 = DIRECTION ( 'NONE',  ( -0.000000000000000000, 0.000000000000000000, -1.000000000000000000 ) ) ;
#2567 = CARTESIAN_POINT ( 'NONE',  ( 282.0000000000000000, 202.5000000000000000, 21.50000000000000000 ) ) ;
#2568 = ORIENTED_EDGE ( 'NONE', *, *, #4, .T. ) ;
#2569 = DIRECTION ( 'NONE',  ( -0.000000000000000000, 1.000000000000000000, 0.000000000000000000 ) ) ;
#2570 = EDGE_CURVE ( 'NONE', #3912, #1237, #1084, .T. ) ;
#2571 = DIRECTION ( 'NONE',  ( 0.000000000000000000, 0.000000000000000000, -1.000000000000000000 ) ) ;
#2572 = CARTESIAN_POINT ( 'NONE',  ( 275.0000000000000000, -200.0000000000000000, 24.00000000000000000 ) ) ;
#2573 = VERTEX_POINT ( 'NONE', #2952 ) ;
#2574 = DIRECTION ( 'NONE',  ( -0.000000000000000000, -1.000000000000000000, -0.000000000000000000 ) ) ;
#2575 = DIRECTION ( 'NONE',  ( 1.000000000000000000, 0.000000000000000000, -0.000000000000000000 ) ) ;
#2576 = LINE ( 'NONE', #1316, #1563 ) ;
#2577 = AXIS2_PLACEMENT_3D ( 'NONE', #1573, #4052, #888 ) ;
#2578 = EDGE_LOOP ( 'NONE', ( #1740, #1074, #3198, #2795, #2169 ) ) ;
#2579 = ORIENTED_EDGE ( 'NONE', *, *, #830, .T. ) ;
#2580 = FACE_OUTER_BOUND ( 'NONE', #3671, .T. ) ;
#2581 = PLANE ( 'NONE',  #3867 ) ;
#2582 = AXIS2_PLACEMENT_3D ( 'NONE', #3819, #2846, #3774 ) ;
#2583 = ORIENTED_EDGE ( 'NONE', *, *, #654, .F. ) ;
#2584 = EDGE_CURVE ( 'NONE', #774, #270, #3257, .T. ) ;
#2585 = LINE ( 'NONE', #2263, #2276 ) ;
#2586 = EDGE_CURVE ( 'NONE', #3535, #149, #3554, .T. ) ;
#2587 = CARTESIAN_POINT ( 'NONE',  ( 294.0000000000000000, 180.5000000000000000, 29.00000000000000000 ) ) ;
#2588 = ORIENTED_EDGE ( 'NONE', *, *, #2665, .T. ) ;
#2589 = DIRECTION ( 'NONE',  ( 0.000000000000000000, 0.000000000000000000, 1.000000000000000000 ) ) ;
#2590 = FACE_OUTER_BOUND ( 'NONE', #1187, .T. ) ;
#2591 = LINE ( 'NONE', #999, #3443 ) ;
#2592 = ORIENTED_EDGE ( 'NONE', *, *, #854, .F. ) ;
#2593 = EDGE_CURVE ( 'NONE', #1070, #2479, #1692, .T. ) ;
#2594 = VECTOR ( 'NONE', #3256, 1000.000000000000000 ) ;
#2595 = CARTESIAN_POINT ( 'NONE',  ( -294.0000000000000000, -182.0000000000000000, 22.00000000000000000 ) ) ;
#2596 = DIRECTION ( 'NONE',  ( 1.000000000000000000, 0.000000000000000000, -0.000000000000000000 ) ) ;
#2597 = DIRECTION ( 'NONE',  ( 0.000000000000000000, 1.000000000000000000, 0.000000000000000000 ) ) ;
#2598 = AXIS2_PLACEMENT_3D ( 'NONE', #565, #585, #3732 ) ;
#2599 = ORIENTED_EDGE ( 'NONE', *, *, #2914, .F. ) ;
#2600 = EDGE_CURVE ( 'NONE', #3420, #190, #120, .T. ) ;
#2601 = ORIENTED_EDGE ( 'NONE', *, *, #3437, .F. ) ;
#2602 = VECTOR ( 'NONE', #126, 1000.000000000000000 ) ;
#2603 = CARTESIAN_POINT ( 'NONE',  ( 274.6000000000000227, -200.0000000000000000, 25.69999999999999929 ) ) ;
#2604 = DIRECTION ( 'NONE',  ( 0.000000000000000000, -1.000000000000000000, 0.000000000000000000 ) ) ;
#2605 = ADVANCED_FACE ( 'NONE', ( #1064 ), #2313, .T. ) ;
#2606 = DIRECTION ( 'NONE',  ( 0.000000000000000000, 0.000000000000000000, 1.000000000000000000 ) ) ;
#2607 = VECTOR ( 'NONE', #1036, 1000.000000000000000 ) ;
#2608 = CARTESIAN_POINT ( 'NONE',  ( -290.8999999999999773, 188.0000000000000000, 22.30000000000000071 ) ) ;
#2609 = AXIS2_PLACEMENT_3D ( 'NONE', #2492, #367, #3221 ) ;
#2610 = DIRECTION ( 'NONE',  ( -0.000000000000000000, 1.000000000000000000, 0.000000000000000000 ) ) ;
#2611 = VERTEX_POINT ( 'NONE', #1414 ) ;
#2612 = LINE ( 'NONE', #715, #1831 ) ;
#2613 = PLANE ( 'NONE',  #3591 ) ;
#2614 = CARTESIAN_POINT ( 'NONE',  ( -290.8999999999999773, -194.0000000000000000, 32.00000000000000000 ) ) ;
#2615 = EDGE_LOOP ( 'NONE', ( #1109, #3719, #2985, #1025 ) ) ;
#2616 = MANIFOLD_SOLID_BREP ( 'Right lower V7 keeper bracket', #431 ) ;
#2617 = CARTESIAN_POINT ( 'NONE',  ( -282.0000000000000000, -185.5000000000000000, 26.50000000000000355 ) ) ;
#2618 = CARTESIAN_POINT ( 'NONE',  ( 288.8999999999999773, 190.5000000000000000, 21.50000000000000000 ) ) ;
#2619 = VERTEX_POINT ( 'NONE', #1105 ) ;
#2620 = ORIENTED_EDGE ( 'NONE', *, *, #368, .F. ) ;
#2621 = CARTESIAN_POINT ( 'NONE',  ( -294.0000000000000000, -180.5000000000000284, 22.00000000000000000 ) ) ;
#2622 = DIRECTION ( 'NONE',  ( -1.000000000000000000, -0.000000000000000000, 0.000000000000000000 ) ) ;
#2623 = EDGE_CURVE ( 'NONE', #1442, #408, #3686, .T. ) ;
#2624 = CARTESIAN_POINT ( 'NONE',  ( -288.8999999999999773, 209.5000000000000284, 32.00000000000000000 ) ) ;
#2625 = CARTESIAN_POINT ( 'NONE',  ( 275.0000000000000000, -190.5000000000000000, 26.50000000000000355 ) ) ;
#2626 = VECTOR ( 'NONE', #532, 1000.000000000000000 ) ;
#2627 = DIRECTION ( 'NONE',  ( 0.000000000000000000, -0.000000000000000000, 1.000000000000000000 ) ) ;
#2628 = EDGE_CURVE ( 'NONE', #2277, #3005, #548, .T. ) ;
#2629 = ORIENTED_EDGE ( 'NONE', *, *, #2200, .F. ) ;
#2630 = LINE ( 'NONE', #2358, #3318 ) ;
#2631 = CARTESIAN_POINT ( 'NONE',  ( -290.8999999999999773, 179.0000000000000000, 31.00000000000000000 ) ) ;
#2632 = ORIENTED_EDGE ( 'NONE', *, *, #1529, .T. ) ;
#2633 = EDGE_CURVE ( 'NONE', #1500, #1876, #877, .T. ) ;
#2634 = CARTESIAN_POINT ( 'NONE',  ( 294.0000000000000000, -180.5000000000000000, 22.00000000000000000 ) ) ;
#2635 = EDGE_CURVE ( 'NONE', #2784, #1924, #211, .T. ) ;
#2636 = ORIENTED_EDGE ( 'NONE', *, *, #3240, .F. ) ;
#2637 = ORIENTED_EDGE ( 'NONE', *, *, #1168, .T. ) ;
#2638 = LINE ( 'NONE', #3289, #3056 ) ;
#2639 = CARTESIAN_POINT ( 'NONE',  ( 290.8999999999999773, -194.0000000000000000, 32.00000000000000000 ) ) ;
#2640 = AXIS2_PLACEMENT_3D ( 'NONE', #2587, #1030, #3499 ) ;
#2641 = CARTESIAN_POINT ( 'NONE',  ( 292.0000000000000000, -207.5000000000000284, 31.00000000000000000 ) ) ;
#2642 = EDGE_CURVE ( 'NONE', #3033, #1782, #2735, .T. ) ;
#2643 = CARTESIAN_POINT ( 'NONE',  ( -294.0000000000000000, -180.5000000000000284, 27.00000000000000355 ) ) ;
#2644 = DIRECTION ( 'NONE',  ( -1.000000000000000000, -0.000000000000000000, 0.000000000000000000 ) ) ;
#2645 = AXIS2_PLACEMENT_3D ( 'NONE', #3979, #1164, #50 ) ;
#2646 = ORIENTED_EDGE ( 'NONE', *, *, #3405, .F. ) ;
#2647 = CARTESIAN_POINT ( 'NONE',  ( 288.8999999999999773, 197.5000000000000000, 26.50000000000000355 ) ) ;
#2648 = DIRECTION ( 'NONE',  ( 0.000000000000000000, 0.000000000000000000, 1.000000000000000000 ) ) ;
#2649 = ADVANCED_FACE ( 'NONE', ( #1784 ), #1229, .T. ) ;
#2650 = ORIENTED_EDGE ( 'NONE', *, *, #3481, .T. ) ;
#2651 = EDGE_CURVE ( 'NONE', #589, #3253, #1807, .T. ) ;
#2652 = CIRCLE ( 'NONE', #100, 1.999999999999998224 ) ;
#2653 = DIRECTION ( 'NONE',  ( 1.000000000000000000, 0.000000000000000000, 0.000000000000000000 ) ) ;
#2654 = ORIENTED_EDGE ( 'NONE', *, *, #1066, .F. ) ;
#2655 = ORIENTED_EDGE ( 'NONE', *, *, #2053, .F. ) ;
#2656 = ADVANCED_FACE ( 'NONE', ( #1453 ), #3378, .T. ) ;
#2657 = ORIENTED_EDGE ( 'NONE', *, *, #3854, .F. ) ;
#2658 = PLANE ( 'NONE',  #967 ) ;
#2659 = LINE ( 'NONE', #1361, #2848 ) ;
#2660 = VECTOR ( 'NONE', #2021, 1000.000000000000000 ) ;
#2661 = CARTESIAN_POINT ( 'NONE',  ( -274.6000000000000227, -188.0000000000000000, 25.69999999999999929 ) ) ;
#2662 = VECTOR ( 'NONE', #336, 1000.000000000000000 ) ;
#2663 = DIRECTION ( 'NONE',  ( 1.000000000000000000, 0.000000000000000000, -0.000000000000000000 ) ) ;
#2664 = CARTESIAN_POINT ( 'NONE',  ( -294.0000000000000000, 182.0000000000000000, 31.00000000000000000 ) ) ;
#2665 = EDGE_CURVE ( 'NONE', #1347, #3977, #2059, .T. ) ;
#2666 = VECTOR ( 'NONE', #1817, 1000.000000000000000 ) ;
#2667 = EDGE_LOOP ( 'NONE', ( #546, #313, #3023, #26, #2441, #2909, #1709, #2568 ) ) ;
#2668 = VECTOR ( 'NONE', #3611, 1000.000000000000000 ) ;
#2669 = DIRECTION ( 'NONE',  ( 0.000000000000000000, 0.000000000000000000, 1.000000000000000000 ) ) ;
#2670 = EDGE_CURVE ( 'NONE', #2619, #3621, #3103, .T. ) ;
#2671 = LINE ( 'NONE', #3932, #1069 ) ;
#2672 = ORIENTED_EDGE ( 'NONE', *, *, #2584, .F. ) ;
#2673 = CARTESIAN_POINT ( 'NONE',  ( -282.0000000000000000, 202.5000000000000000, 21.50000000000000000 ) ) ;
#2674 = ORIENTED_EDGE ( 'NONE', *, *, #3930, .T. ) ;
#2675 = ADVANCED_FACE ( 'NONE', ( #234 ), #566, .T. ) ;
#2676 = ORIENTED_EDGE ( 'NONE', *, *, #1539, .T. ) ;
#2677 = ORIENTED_EDGE ( 'NONE', *, *, #3123, .F. ) ;
#2678 = CARTESIAN_POINT ( 'NONE',  ( -274.6000000000000227, -188.0000000000000000, 22.30000000000000071 ) ) ;
#2679 = CARTESIAN_POINT ( 'NONE',  ( 274.6000000000000227, -188.0000000000000000, 24.00000000000000000 ) ) ;
#2680 = LINE ( 'NONE', #2052, #1895 ) ;
#2681 = CARTESIAN_POINT ( 'NONE',  ( 275.0000000000000000, 200.0000000000000000, 26.50000000000000355 ) ) ;
#2682 = DIRECTION ( 'NONE',  ( -0.000000000000000000, 0.000000000000000000, -1.000000000000000000 ) ) ;
#2683 = DIRECTION ( 'NONE',  ( 0.000000000000000000, 0.000000000000000000, 1.000000000000000000 ) ) ;
#2684 = ADVANCED_FACE ( 'NONE', ( #3071 ), #1473, .T. ) ;
#2685 = VERTEX_POINT ( 'NONE', #1496 ) ;
#2686 =( GEOMETRIC_REPRESENTATION_CONTEXT ( 3 ) GLOBAL_UNCERTAINTY_ASSIGNED_CONTEXT ( ( #1590 ) ) GLOBAL_UNIT_ASSIGNED_CONTEXT ( ( #3993, #1177, #3372 ) ) REPRESENTATION_CONTEXT ( 'NONE', 'WORKASPACE' ) );
#2687 = CARTESIAN_POINT ( 'NONE',  ( -290.8999999999999773, 200.0000000000000000, 24.00000000000000000 ) ) ;
#2688 = DIRECTION ( 'NONE',  ( -0.000000000000000000, 1.000000000000000000, 0.000000000000000000 ) ) ;
#2689 = ORIENTED_EDGE ( 'NONE', *, *, #1497, .F. ) ;
#2690 = EDGE_CURVE ( 'NONE', #3853, #39, #3733, .T. ) ;
#2691 = DIRECTION ( 'NONE',  ( 0.000000000000000000, 0.000000000000000000, -1.000000000000000000 ) ) ;
#2692 = ORIENTED_EDGE ( 'NONE', *, *, #753, .F. ) ;
#2693 = EDGE_CURVE ( 'NONE', #3115, #641, #4000, .T. ) ;
#2694 = EDGE_LOOP ( 'NONE', ( #1964, #3950, #1973, #3121 ) ) ;
#2695 = ORIENTED_EDGE ( 'NONE', *, *, #1736, .T. ) ;
#2696 = LINE ( 'NONE', #1083, #2594 ) ;
#2697 = DIRECTION ( 'NONE',  ( 0.000000000000000000, 0.000000000000000000, -1.000000000000000000 ) ) ;
#2698 = DIRECTION ( 'NONE',  ( 0.000000000000000000, 0.000000000000000000, 1.000000000000000000 ) ) ;
#2699 = LINE ( 'NONE', #803, #434 ) ;
#2700 = CARTESIAN_POINT ( 'NONE',  ( 290.8999999999999773, -200.0000000000000000, 22.30000000000000071 ) ) ;
#2701 = ADVANCED_FACE ( 'NONE', ( #1185 ), #526, .T. ) ;
#2702 = PLANE ( 'NONE',  #1188 ) ;
#2703 = ORIENTED_EDGE ( 'NONE', *, *, #595, .F. ) ;
#2704 = CARTESIAN_POINT ( 'NONE',  ( -294.0000000000000000, 182.0000000000000000, 27.00000000000000355 ) ) ;
#2705 = DIRECTION ( 'NONE',  ( 0.000000000000000000, 0.000000000000000000, 1.000000000000000000 ) ) ;
#2706 = ORIENTED_EDGE ( 'NONE', *, *, #3114, .T. ) ;
#2707 = CIRCLE ( 'NONE', #1474, 1.700000000000000178 ) ;
#2708 = FACE_OUTER_BOUND ( 'NONE', #505, .T. ) ;
#2709 = ORIENTED_EDGE ( 'NONE', *, *, #402, .F. ) ;
#2710 = DIRECTION ( 'NONE',  ( 0.000000000000000000, 0.000000000000000000, -1.000000000000000000 ) ) ;
#2711 = ORIENTED_EDGE ( 'NONE', *, *, #3548, .T. ) ;
#2712 = LINE ( 'NONE', #2090, #3193 ) ;
#2713 = DIRECTION ( 'NONE',  ( 0.000000000000000000, 0.000000000000000000, 1.000000000000000000 ) ) ;
#2714 = CARTESIAN_POINT ( 'NONE',  ( -292.0000000000000000, 206.0000000000000284, 22.00000000000000000 ) ) ;
#2715 = VECTOR ( 'NONE', #358, 1000.000000000000000 ) ;
#2716 = ORIENTED_EDGE ( 'NONE', *, *, #3695, .T. ) ;
#2717 = VECTOR ( 'NONE', #178, 1000.000000000000000 ) ;
#2718 = DIRECTION ( 'NONE',  ( -1.000000000000000000, -0.000000000000000000, 0.000000000000000000 ) ) ;
#2719 = FACE_OUTER_BOUND ( 'NONE', #837, .T. ) ;
#2720 = DIRECTION ( 'NONE',  ( 0.000000000000000000, 1.000000000000000000, 0.000000000000000000 ) ) ;
#2721 = VECTOR ( 'NONE', #817, 1000.000000000000000 ) ;
#2722 = VERTEX_POINT ( 'NONE', #840 ) ;
#2723 = VECTOR ( 'NONE', #223, 1000.000000000000000 ) ;
#2724 = LINE ( 'NONE', #517, #2398 ) ;
#2725 = CARTESIAN_POINT ( 'NONE',  ( 289.8999999999999773, -194.0000000000000000, 16.00000000000000000 ) ) ;
#2726 = VECTOR ( 'NONE', #2802, 1000.000000000000000 ) ;
#2727 = CARTESIAN_POINT ( 'NONE',  ( -282.0000000000000000, -202.5000000000000000, 26.50000000000000355 ) ) ;
#2728 = FACE_OUTER_BOUND ( 'NONE', #1447, .T. ) ;
#2729 = EDGE_LOOP ( 'NONE', ( #3660, #1555, #186, #3493 ) ) ;
#2730 = VECTOR ( 'NONE', #2589, 1000.000000000000000 ) ;
#2731 = CARTESIAN_POINT ( 'NONE',  ( -294.0000000000000000, -207.5000000000000284, 27.00000000000000355 ) ) ;
#2732 = ORIENTED_EDGE ( 'NONE', *, *, #1482, .F. ) ;
#2733 = ORIENTED_EDGE ( 'NONE', *, *, #2258, .F. ) ;
#2734 = DIRECTION ( 'NONE',  ( -0.000000000000000000, 0.000000000000000000, -1.000000000000000000 ) ) ;
#2735 = LINE ( 'NONE', #193, #2376 ) ;
#2736 = PLANE ( 'NONE',  #1034 ) ;
#2737 = ORIENTED_EDGE ( 'NONE', *, *, #1548, .T. ) ;
#2738 = EDGE_CURVE ( 'NONE', #105, #3425, #921, .T. ) ;
#2739 = EDGE_LOOP ( 'NONE', ( #703, #668, #2320, #1432, #1688 ) ) ;
#2740 = DIRECTION ( 'NONE',  ( -0.000000000000000000, -1.000000000000000000, -0.000000000000000000 ) ) ;
#2741 = LINE ( 'NONE', #3117, #2220 ) ;
#2742 = ADVANCED_FACE ( 'NONE', ( #3009 ), #2091, .T. ) ;
#2743 = CARTESIAN_POINT ( 'NONE',  ( -288.8999999999999773, 209.5000000000000284, 16.00000000000000000 ) ) ;
#2744 = EDGE_CURVE ( 'NONE', #1780, #2827, #1022, .T. ) ;
#2745 = ORIENTED_EDGE ( 'NONE', *, *, #422, .T. ) ;
#2746 = DIRECTION ( 'NONE',  ( 0.000000000000000000, 0.000000000000000000, 1.000000000000000000 ) ) ;
#2747 = DIRECTION ( 'NONE',  ( 0.000000000000000000, 0.000000000000000000, 1.000000000000000000 ) ) ;
#2748 = LINE ( 'NONE', #187, #3677 ) ;
#2749 = DIRECTION ( 'NONE',  ( -1.000000000000000000, -0.000000000000000000, 0.000000000000000000 ) ) ;
#2750 = ORIENTED_EDGE ( 'NONE', *, *, #1658, .T. ) ;
#2751 = VECTOR ( 'NONE', #558, 1000.000000000000000 ) ;
#2752 = DIRECTION ( 'NONE',  ( 0.000000000000000000, 0.000000000000000000, 1.000000000000000000 ) ) ;
#2753 = EDGE_CURVE ( 'NONE', #3729, #2722, #2209, .T. ) ;
#2754 = ORIENTED_EDGE ( 'NONE', *, *, #1698, .F. ) ;
#2755 = PLANE ( 'NONE',  #3721 ) ;
#2756 = CARTESIAN_POINT ( 'NONE',  ( 294.0000000000000000, 180.5000000000000000, 29.00000000000000000 ) ) ;
#2757 = PLANE ( 'NONE',  #3260 ) ;
#2758 = ORIENTED_EDGE ( 'NONE', *, *, #1433, .F. ) ;
#2759 = ORIENTED_EDGE ( 'NONE', *, *, #317, .F. ) ;
#2760 = LINE ( 'NONE', #3984, #3783 ) ;
#2761 = DIRECTION ( 'NONE',  ( -1.000000000000000000, -0.000000000000000000, 0.000000000000000000 ) ) ;
#2762 = DIRECTION ( 'NONE',  ( 1.000000000000000000, 0.000000000000000000, -0.000000000000000000 ) ) ;
#2763 = PRODUCT_DEFINITION ( '�', '', #1781, #640 ) ;
#2764 = ORIENTED_EDGE ( 'NONE', *, *, #1763, .T. ) ;
#2765 = CARTESIAN_POINT ( 'NONE',  ( 282.0000000000000000, 185.5000000000000000, 21.50000000000000000 ) ) ;
#2766 = CARTESIAN_POINT ( 'NONE',  ( 290.8999999999999773, -194.0000000000000000, 22.00000000000000000 ) ) ;
#2767 = VECTOR ( 'NONE', #2648, 1000.000000000000000 ) ;
#2768 = VECTOR ( 'NONE', #3875, 1000.000000000000000 ) ;
#2769 = AXIS2_PLACEMENT_3D ( 'NONE', #3799, #2254, #1315 ) ;
#2770 = EDGE_CURVE ( 'NONE', #2554, #5, #2800, .T. ) ;
#2771 = CARTESIAN_POINT ( 'NONE',  ( -294.0000000000000000, 207.5000000000000000, 27.00000000000000355 ) ) ;
#2772 = DIRECTION ( 'NONE',  ( 0.000000000000000000, -1.000000000000000000, -0.000000000000000000 ) ) ;
#2773 = VERTEX_POINT ( 'NONE', #1293 ) ;
#2774 = EDGE_LOOP ( 'NONE', ( #3533, #1471, #825, #3765 ) ) ;
#2775 = FACE_OUTER_BOUND ( 'NONE', #3480, .T. ) ;
#2776 = DIRECTION ( 'NONE',  ( -1.000000000000000000, -0.000000000000000000, 0.000000000000000000 ) ) ;
#2777 = LINE ( 'NONE', #4038, #3654 ) ;
#2778 = ADVANCED_FACE ( 'NONE', ( #1273 ), #3469, .T. ) ;
#2779 = ORIENTED_EDGE ( 'NONE', *, *, #1386, .F. ) ;
#2780 = VERTEX_POINT ( 'NONE', #2485 ) ;
#2781 = DIRECTION ( 'NONE',  ( -1.000000000000000000, 0.000000000000000000, 0.000000000000000000 ) ) ;
#2782 = DIRECTION ( 'NONE',  ( 0.000000000000000000, 0.000000000000000000, 1.000000000000000000 ) ) ;
#2783 = VECTOR ( 'NONE', #4058, 1000.000000000000000 ) ;
#2784 = VERTEX_POINT ( 'NONE', #3447 ) ;
#2785 = FACE_OUTER_BOUND ( 'NONE', #300, .T. ) ;
#2786 = VECTOR ( 'NONE', #2852, 1000.000000000000000 ) ;
#2787 = ORIENTED_EDGE ( 'NONE', *, *, #3291, .T. ) ;
#2788 = CARTESIAN_POINT ( 'NONE',  ( -290.8999999999999773, 206.0000000000000284, 16.00000000000000000 ) ) ;
#2789 = PLANE ( 'NONE',  #1798 ) ;
#2790 = VECTOR ( 'NONE', #3401, 1000.000000000000000 ) ;
#2791 = VECTOR ( 'NONE', #202, 1000.000000000000000 ) ;
#2792 = EDGE_CURVE ( 'NONE', #128, #1780, #606, .T. ) ;
#2793 = APPROVAL_STATUS ( 'not_yet_approved' ) ;
#2794 = DIRECTION ( 'NONE',  ( -0.000000000000000000, 1.000000000000000000, 0.000000000000000000 ) ) ;
#2795 = ORIENTED_EDGE ( 'NONE', *, *, #1786, .T. ) ;
#2796 = VECTOR ( 'NONE', #2037, 1000.000000000000000 ) ;
#2797 = ORIENTED_EDGE ( 'NONE', *, *, #58, .T. ) ;
#2798 = VECTOR ( 'NONE', #3361, 1000.000000000000000 ) ;
#2799 = CARTESIAN_POINT ( 'NONE',  ( 292.0000000000000000, 180.5000000000000000, 22.00000000000000000 ) ) ;
#2800 = LINE ( 'NONE', #2823, #3174 ) ;
#2801 = EDGE_CURVE ( 'NONE', #236, #1352, #3696, .T. ) ;
#2802 = DIRECTION ( 'NONE',  ( 0.000000000000000000, 0.000000000000000000, 1.000000000000000000 ) ) ;
#2803 = ORIENTED_EDGE ( 'NONE', *, *, #2160, .T. ) ;
#2804 = ORIENTED_EDGE ( 'NONE', *, *, #1221, .T. ) ;
#2805 = CARTESIAN_POINT ( 'NONE',  ( 289.8999999999999773, -178.5000000000000000, 32.00000000000000000 ) ) ;
#2806 = FACE_OUTER_BOUND ( 'NONE', #1301, .T. ) ;
#2807 = ADVANCED_FACE ( 'NONE', ( #2510 ), #656, .T. ) ;
#2808 = ADVANCED_FACE ( 'NONE', ( #1251 ), #3752, .T. ) ;
#2809 = ORIENTED_EDGE ( 'NONE', *, *, #456, .T. ) ;
#2810 = CARTESIAN_POINT ( 'NONE',  ( 294.0000000000000000, 207.5000000000000284, 31.00000000000000000 ) ) ;
#2811 = ORIENTED_EDGE ( 'NONE', *, *, #634, .T. ) ;
#2812 = EDGE_CURVE ( 'NONE', #3643, #1847, #3154, .T. ) ;
#2813 = FACE_OUTER_BOUND ( 'NONE', #163, .T. ) ;
#2814 = DIRECTION ( 'NONE',  ( -1.000000000000000000, 0.000000000000000000, 0.000000000000000000 ) ) ;
#2815 = ORIENTED_EDGE ( 'NONE', *, *, #3782, .T. ) ;
#2816 = PERSON_AND_ORGANIZATION ( #631, #1448 ) ;
#2817 = DIRECTION ( 'NONE',  ( 0.000000000000000000, 0.000000000000000000, -1.000000000000000000 ) ) ;
#2818 = FACE_OUTER_BOUND ( 'NONE', #635, .T. ) ;
#2819 = ORIENTED_EDGE ( 'NONE', *, *, #345, .T. ) ;
#2820 = DIRECTION ( 'NONE',  ( 0.000000000000000000, 0.000000000000000000, 1.000000000000000000 ) ) ;
#2821 = ADVANCED_FACE ( 'NONE', ( #2557 ), #1582, .F. ) ;
#2822 = CARTESIAN_POINT ( 'NONE',  ( -274.6000000000000227, 188.0000000000000000, 24.00000000000000000 ) ) ;
#2823 = CARTESIAN_POINT ( 'NONE',  ( 288.8999999999999773, 194.0000000000000000, 21.50000000000000000 ) ) ;
#2824 = AXIS2_PLACEMENT_3D ( 'NONE', #3632, #3891, #2683 ) ;
#2825 = EDGE_CURVE ( 'NONE', #3208, #3286, #1623, .T. ) ;
#2826 = DIRECTION ( 'NONE',  ( 1.000000000000000000, 0.000000000000000000, -0.000000000000000000 ) ) ;
#2827 = VERTEX_POINT ( 'NONE', #2233 ) ;
#2828 = VERTEX_POINT ( 'NONE', #70 ) ;
#2829 = DIRECTION ( 'NONE',  ( 1.000000000000000000, 0.000000000000000000, -0.000000000000000000 ) ) ;
#2830 = FACE_OUTER_BOUND ( 'NONE', #2667, .T. ) ;
#2831 = ADVANCED_FACE ( 'NONE', ( #360, #1601 ), #2888, .T. ) ;
#2832 = EDGE_LOOP ( 'NONE', ( #1286, #3410, #798, #1492 ) ) ;
#2833 = EDGE_CURVE ( 'NONE', #261, #3684, #24, .T. ) ;
#2834 = CARTESIAN_POINT ( 'NONE',  ( -294.0000000000000000, 182.0000000000000000, 22.00000000000000000 ) ) ;
#2835 = CARTESIAN_POINT ( 'NONE',  ( 294.0000000000000000, -207.5000000000000284, 27.00000000000000355 ) ) ;
#2836 = CARTESIAN_POINT ( 'NONE',  ( 282.0000000000000000, 188.0000000000000000, 26.50000000000000355 ) ) ;
#2837 = EDGE_CURVE ( 'NONE', #3746, #2326, #1004, .T. ) ;
#2838 = ORIENTED_EDGE ( 'NONE', *, *, #1695, .T. ) ;
#2839 = VECTOR ( 'NONE', #2995, 1000.000000000000000 ) ;
#2840 = CALENDAR_DATE ( 2026, 29, 8 ) ;
#2841 = PLANE ( 'NONE',  #2344 ) ;
#2842 = CARTESIAN_POINT ( 'NONE',  ( 274.6000000000000227, 200.0000000000000000, 24.00000000000000000 ) ) ;
#2843 = ORIENTED_EDGE ( 'NONE', *, *, #317, .T. ) ;
#2844 = LINE ( 'NONE', #22, #1480 ) ;
#2845 = CARTESIAN_POINT ( 'NONE',  ( 294.0000000000000000, -180.5000000000000284, 29.00000000000000000 ) ) ;
#2846 = DIRECTION ( 'NONE',  ( 1.000000000000000000, 0.000000000000000000, -0.000000000000000000 ) ) ;
#2847 = LINE ( 'NONE', #1602, #3795 ) ;
#2848 = VECTOR ( 'NONE', #3276, 1000.000000000000000 ) ;
#2849 = ORIENTED_EDGE ( 'NONE', *, *, #2088, .T. ) ;
#2850 = ORIENTED_EDGE ( 'NONE', *, *, #1398, .T. ) ;
#2851 = EDGE_LOOP ( 'NONE', ( #3622, #3952, #125, #4014 ) ) ;
#2852 = DIRECTION ( 'NONE',  ( 0.000000000000000000, -1.000000000000000000, 0.000000000000000000 ) ) ;
#2853 = FACE_OUTER_BOUND ( 'NONE', #2414, .T. ) ;
#2854 = EDGE_CURVE ( 'NONE', #1506, #2446, #1955, .T. ) ;
#2855 = ORIENTED_EDGE ( 'NONE', *, *, #2979, .T. ) ;
#2856 = DIRECTION ( 'NONE',  ( 1.000000000000000000, 0.000000000000000000, -0.000000000000000000 ) ) ;
#2857 = DIRECTION ( 'NONE',  ( -0.000000000000000000, 1.000000000000000000, 0.000000000000000000 ) ) ;
#2858 = VERTEX_POINT ( 'NONE', #1559 ) ;
#2859 = VECTOR ( 'NONE', #1607, 1000.000000000000000 ) ;
#2860 = COORDINATED_UNIVERSAL_TIME_OFFSET ( 8, 0, .AHEAD. ) ;
#2861 = PLANE ( 'NONE',  #3534 ) ;
#2862 = PLANE ( 'NONE',  #618 ) ;
#2863 = ORIENTED_EDGE ( 'NONE', *, *, #563, .F. ) ;
#2864 = LINE ( 'NONE', #2555, #1416 ) ;
#2865 = AXIS2_PLACEMENT_3D ( 'NONE', #2822, #3528, #3486 ) ;
#2866 = CARTESIAN_POINT ( 'NONE',  ( -274.6000000000000227, -200.0000000000000000, 24.00000000000000000 ) ) ;
#2867 = DIRECTION ( 'NONE',  ( -1.000000000000000000, 0.000000000000000000, 0.000000000000000000 ) ) ;
#2868 = VECTOR ( 'NONE', #2669, 1000.000000000000000 ) ;
#2869 = LINE ( 'NONE', #2558, #45 ) ;
#2870 = ORIENTED_EDGE ( 'NONE', *, *, #4070, .F. ) ;
#2871 = ORIENTED_EDGE ( 'NONE', *, *, #2195, .F. ) ;
#2872 = VECTOR ( 'NONE', #1649, 1000.000000000000000 ) ;
#2873 = ORIENTED_EDGE ( 'NONE', *, *, #1113, .T. ) ;
#2874 = LINE ( 'NONE', #3220, #3914 ) ;
#2875 = CARTESIAN_POINT ( 'NONE',  ( -288.8999999999999773, 178.5000000000000000, 16.00000000000000000 ) ) ;
#2876 = VERTEX_POINT ( 'NONE', #2186 ) ;
#2877 = VECTOR ( 'NONE', #2761, 1000.000000000000000 ) ;
#2878 = ADVANCED_FACE ( 'NONE', ( #2907, #1097, #1058, #3604, #442 ), #167, .T. ) ;
#2879 = CARTESIAN_POINT ( 'NONE',  ( -282.0000000000000000, -200.0000000000000000, 21.50000000000000000 ) ) ;
#2880 = DIRECTION ( 'NONE',  ( 0.000000000000000000, -0.000000000000000000, 1.000000000000000000 ) ) ;
#2881 = EDGE_LOOP ( 'NONE', ( #987, #815, #748, #3828 ) ) ;
#2882 = DIRECTION ( 'NONE',  ( -1.000000000000000000, -0.000000000000000000, 0.000000000000000000 ) ) ;
#2883 = PERSON_AND_ORGANIZATION_ROLE ( 'design_supplier' ) ;
#2884 = LINE ( 'NONE', #3857, #3063 ) ;
#2885 = DIRECTION ( 'NONE',  ( -1.000000000000000000, -0.000000000000000000, 0.000000000000000000 ) ) ;
#2886 = VERTEX_POINT ( 'NONE', #3567 ) ;
#2887 = DIRECTION ( 'NONE',  ( 0.000000000000000000, -1.000000000000000000, 0.000000000000000000 ) ) ;
#2888 = PLANE ( 'NONE',  #2582 ) ;
#2889 = CARTESIAN_POINT ( 'NONE',  ( 294.0000000000000000, 179.0000000000000000, 22.00000000000000000 ) ) ;
#2890 = ORIENTED_EDGE ( 'NONE', *, *, #3992, .F. ) ;
#2891 = EDGE_CURVE ( 'NONE', #537, #2455, #3231, .T. ) ;
#2892 = VECTOR ( 'NONE', #581, 1000.000000000000000 ) ;
#2893 = ORIENTED_EDGE ( 'NONE', *, *, #2570, .T. ) ;
#2894 = DIRECTION ( 'NONE',  ( 0.000000000000000000, 0.000000000000000000, -1.000000000000000000 ) ) ;
#2895 = DIRECTION ( 'NONE',  ( -0.000000000000000000, 0.000000000000000000, -1.000000000000000000 ) ) ;
#2896 = ORIENTED_EDGE ( 'NONE', *, *, #2083, .T. ) ;
#2897 = AXIS2_PLACEMENT_3D ( 'NONE', #3004, #1466, #2691 ) ;
#2898 = DIRECTION ( 'NONE',  ( 1.000000000000000000, 0.000000000000000000, -0.000000000000000000 ) ) ;
#2899 = CARTESIAN_POINT ( 'NONE',  ( 282.0000000000000000, 185.5000000000000000, 21.50000000000000000 ) ) ;
#2900 = ORIENTED_EDGE ( 'NONE', *, *, #3047, .T. ) ;
#2901 = CARTESIAN_POINT ( 'NONE',  ( -290.8999999999999773, -209.0000000000000284, 31.00000000000000000 ) ) ;
#2902 = DIRECTION ( 'NONE',  ( 0.000000000000000000, 0.000000000000000000, -1.000000000000000000 ) ) ;
#2903 = LINE ( 'NONE', #1597, #1612 ) ;
#2904 = ORIENTED_EDGE ( 'NONE', *, *, #3541, .T. ) ;
#2905 = EDGE_CURVE ( 'NONE', #2827, #341, #722, .T. ) ;
#2906 = LINE ( 'NONE', #2595, #297 ) ;
#2907 = FACE_BOUND ( 'NONE', #658, .T. ) ;
#2908 = CARTESIAN_POINT ( 'NONE',  ( -290.8999999999999773, -182.0000000000000000, 31.00000000000000000 ) ) ;
#2909 = ORIENTED_EDGE ( 'NONE', *, *, #2963, .T. ) ;
#2910 = ORIENTED_EDGE ( 'NONE', *, *, #821, .T. ) ;
#2911 = DIRECTION ( 'NONE',  ( -0.000000000000000000, 0.000000000000000000, -1.000000000000000000 ) ) ;
#2912 = DIRECTION ( 'NONE',  ( 0.000000000000000000, 0.000000000000000000, 1.000000000000000000 ) ) ;
#2913 = CARTESIAN_POINT ( 'NONE',  ( 288.8999999999999773, -185.5000000000000000, 16.00000000000000000 ) ) ;
#2914 = EDGE_CURVE ( 'NONE', #2773, #2279, #1686, .T. ) ;
#2915 = AXIS2_PLACEMENT_3D ( 'NONE', #2842, #3211, #87 ) ;
#2916 = DIRECTION ( 'NONE',  ( 0.000000000000000000, 1.000000000000000000, 0.000000000000000000 ) ) ;
#2917 = CARTESIAN_POINT ( 'NONE',  ( 288.8999999999999773, -194.0000000000000000, 26.50000000000000355 ) ) ;
#2918 = ORIENTED_EDGE ( 'NONE', *, *, #3011, .F. ) ;
#2919 = FACE_OUTER_BOUND ( 'NONE', #2739, .T. ) ;
#2920 = DIRECTION ( 'NONE',  ( -1.000000000000000000, -0.000000000000000000, 0.000000000000000000 ) ) ;
#2921 = DIRECTION ( 'NONE',  ( -1.000000000000000000, -0.000000000000000000, 0.000000000000000000 ) ) ;
#2922 = ORIENTED_EDGE ( 'NONE', *, *, #2524, .T. ) ;
#2923 = ADVANCED_FACE ( 'NONE', ( #129 ), #3897, .T. ) ;
#2924 = VECTOR ( 'NONE', #1851, 1000.000000000000000 ) ;
#2925 = EDGE_CURVE ( 'NONE', #2722, #2519, #423, .T. ) ;
#2926 = DIRECTION ( 'NONE',  ( 0.000000000000000000, -0.000000000000000000, 1.000000000000000000 ) ) ;
#2927 = FACE_BOUND ( 'NONE', #289, .T. ) ;
#2928 = VECTOR ( 'NONE', #1003, 1000.000000000000000 ) ;
#2929 = VERTEX_POINT ( 'NONE', #738 ) ;
#2930 = ADVANCED_FACE ( 'NONE', ( #2046, #2946 ), #1429, .T. ) ;
#2931 = ORIENTED_EDGE ( 'NONE', *, *, #2292, .T. ) ;
#2932 = AXIS2_PLACEMENT_3D ( 'NONE', #437, #3302, #3948 ) ;
#2933 = DIRECTION ( 'NONE',  ( -0.000000000000000000, 1.000000000000000000, 0.000000000000000000 ) ) ;
#2934 = CARTESIAN_POINT ( 'NONE',  ( 289.8999999999999773, 194.0000000000000000, 16.00000000000000000 ) ) ;
#2935 = DIRECTION ( 'NONE',  ( 0.000000000000000000, 0.000000000000000000, -1.000000000000000000 ) ) ;
#2936 = AXIS2_PLACEMENT_3D ( 'NONE', #3568, #3842, #424 ) ;
#2937 = ADVANCED_FACE ( 'NONE', ( #113 ), #480, .F. ) ;
#2938 = CARTESIAN_POINT ( 'NONE',  ( 275.0000000000000000, 197.5000000000000000, 26.50000000000000355 ) ) ;
#2939 = VECTOR ( 'NONE', #3855, 1000.000000000000000 ) ;
#2940 = DIRECTION ( 'NONE',  ( -1.000000000000000000, -0.000000000000000000, 0.000000000000000000 ) ) ;
#2941 = ORIENTED_EDGE ( 'NONE', *, *, #3058, .F. ) ;
#2942 = ADVANCED_FACE ( 'NONE', ( #3915 ), #755, .T. ) ;
#2943 = DIRECTION ( 'NONE',  ( 0.000000000000000000, 0.000000000000000000, 1.000000000000000000 ) ) ;
#2944 = LINE ( 'NONE', #144, #479 ) ;
#2945 = ORIENTED_EDGE ( 'NONE', *, *, #1325, .F. ) ;
#2946 = FACE_OUTER_BOUND ( 'NONE', #2526, .T. ) ;
#2947 = CARTESIAN_POINT ( 'NONE',  ( 292.0000000000000000, -209.0000000000000284, 22.00000000000000000 ) ) ;
#2948 = EDGE_CURVE ( 'NONE', #2213, #3684, #1078, .T. ) ;
#2949 = ORIENTED_EDGE ( 'NONE', *, *, #171, .T. ) ;
#2950 = ORIENTED_EDGE ( 'NONE', *, *, #796, .T. ) ;
#2951 = CARTESIAN_POINT ( 'NONE',  ( -275.0000000000000000, 200.0000000000000000, 26.50000000000000355 ) ) ;
#2952 = CARTESIAN_POINT ( 'NONE',  ( 294.0000000000000000, -207.5000000000000284, 31.00000000000000000 ) ) ;
#2953 = DIRECTION ( 'NONE',  ( 1.000000000000000000, 0.000000000000000000, 0.000000000000000000 ) ) ;
#2954 = EDGE_CURVE ( 'NONE', #3823, #2279, #404, .T. ) ;
#2955 = CARTESIAN_POINT ( 'NONE',  ( -282.0000000000000000, 200.0000000000000000, 21.50000000000000000 ) ) ;
#2956 = VECTOR ( 'NONE', #2156, 1000.000000000000000 ) ;
#2957 = DIRECTION ( 'NONE',  ( 0.000000000000000000, 0.000000000000000000, -1.000000000000000000 ) ) ;
#2958 = EDGE_CURVE ( 'NONE', #3254, #2219, #2325, .T. ) ;
#2959 = EDGE_LOOP ( 'NONE', ( #2157, #4035, #1253, #3471 ) ) ;
#2960 = CARTESIAN_POINT ( 'NONE',  ( 294.0000000000000000, 179.0000000000000000, 22.00000000000000000 ) ) ;
#2961 = DIRECTION ( 'NONE',  ( 0.000000000000000000, 0.000000000000000000, 1.000000000000000000 ) ) ;
#2962 = ORIENTED_EDGE ( 'NONE', *, *, #2925, .F. ) ;
#2963 = EDGE_CURVE ( 'NONE', #875, #3208, #1666, .T. ) ;
#2964 = CARTESIAN_POINT ( 'NONE',  ( -294.0000000000000000, -209.0000000000000284, 22.00000000000000000 ) ) ;
#2965 = ORIENTED_EDGE ( 'NONE', *, *, #821, .F. ) ;
#2966 = VERTEX_POINT ( 'NONE', #1407 ) ;
#2967 = ADVANCED_FACE ( 'NONE', ( #1993 ), #1375, .T. ) ;
#2968 = VERTEX_POINT ( 'NONE', #2964 ) ;
#2969 = LINE ( 'NONE', #1063, #3715 ) ;
#2970 = PLANE ( 'NONE',  #1282 ) ;
#2971 = VECTOR ( 'NONE', #975, 1000.000000000000000 ) ;
#2972 = CARTESIAN_POINT ( 'NONE',  ( 294.0000000000000000, 182.0000000000000000, 22.00000000000000000 ) ) ;
#2973 = VECTOR ( 'NONE', #2069, 1000.000000000000000 ) ;
#2974 = EDGE_CURVE ( 'NONE', #986, #2151, #1540, .T. ) ;
#2975 = CARTESIAN_POINT ( 'NONE',  ( 282.0000000000000000, 202.5000000000000000, 26.50000000000000355 ) ) ;
#2976 = CARTESIAN_POINT ( 'NONE',  ( -292.0000000000000000, -179.0000000000000000, 22.00000000000000000 ) ) ;
#2977 = AXIS2_PLACEMENT_3D ( 'NONE', #2518, #3780, #662 ) ;
#2978 = EDGE_LOOP ( 'NONE', ( #2476, #1564 ) ) ;
#2979 = EDGE_CURVE ( 'NONE', #757, #871, #811, .T. ) ;
#2980 = DIRECTION ( 'NONE',  ( -0.000000000000000000, -1.000000000000000000, -0.000000000000000000 ) ) ;
#2981 = CARTESIAN_POINT ( 'NONE',  ( 274.6000000000000227, 188.0000000000000000, 24.00000000000000000 ) ) ;
#2982 = VERTEX_POINT ( 'NONE', #2063 ) ;
#2983 = DIRECTION ( 'NONE',  ( 0.000000000000000000, 0.000000000000000000, 1.000000000000000000 ) ) ;
#2984 = ORIENTED_EDGE ( 'NONE', *, *, #2837, .T. ) ;
#2985 = ORIENTED_EDGE ( 'NONE', *, *, #938, .T. ) ;
#2986 = VECTOR ( 'NONE', #1502, 1000.000000000000000 ) ;
#2987 = ORIENTED_EDGE ( 'NONE', *, *, #959, .F. ) ;
#2988 = DIRECTION ( 'NONE',  ( 0.000000000000000000, 0.000000000000000000, -1.000000000000000000 ) ) ;
#2989 = LINE ( 'NONE', #175, #3576 ) ;
#2990 = AXIS2_PLACEMENT_3D ( 'NONE', #3685, #210, #1472 ) ;
#2991 = LINE ( 'NONE', #1397, #3465 ) ;
#2992 = AXIS2_PLACEMENT_3D ( 'NONE', #2687, #2026, #2943 ) ;
#2993 = DIRECTION ( 'NONE',  ( 0.000000000000000000, -1.000000000000000000, 0.000000000000000000 ) ) ;
#2994 = LINE ( 'NONE', #491, #2730 ) ;
#2995 = DIRECTION ( 'NONE',  ( 0.000000000000000000, -1.000000000000000000, -0.000000000000000000 ) ) ;
#2996 = VECTOR ( 'NONE', #3027, 1000.000000000000000 ) ;
#2997 = EDGE_CURVE ( 'NONE', #2062, #3286, #2228, .T. ) ;
#2998 = EDGE_LOOP ( 'NONE', ( #2044, #2385, #3407, #3118 ) ) ;
#2999 = VECTOR ( 'NONE', #3149, 1000.000000000000000 ) ;
#3000 = EDGE_CURVE ( 'NONE', #3286, #1079, #1990, .T. ) ;
#3001 = CARTESIAN_POINT ( 'NONE',  ( -288.8999999999999773, -194.0000000000000000, 21.50000000000000000 ) ) ;
#3002 = CARTESIAN_POINT ( 'NONE',  ( 288.8999999999999773, 178.5000000000000000, 16.00000000000000000 ) ) ;
#3003 = ORIENTED_EDGE ( 'NONE', *, *, #2997, .F. ) ;
#3004 = CARTESIAN_POINT ( 'NONE',  ( 289.8999999999999773, 178.5000000000000000, 16.00000000000000000 ) ) ;
#3005 = VERTEX_POINT ( 'NONE', #3545 ) ;
#3006 = ORIENTED_EDGE ( 'NONE', *, *, #2071, .T. ) ;
#3007 = VERTEX_POINT ( 'NONE', #3483 ) ;
#3008 = LINE ( 'NONE', #174, #1362 ) ;
#3009 = FACE_OUTER_BOUND ( 'NONE', #1896, .T. ) ;
#3010 = CARTESIAN_POINT ( 'NONE',  ( 292.0000000000000000, -206.0000000000000284, 22.00000000000000000 ) ) ;
#3011 = EDGE_CURVE ( 'NONE', #724, #2784, #2000, .T. ) ;
#3012 = VERTEX_POINT ( 'NONE', #1950 ) ;
#3013 = LINE ( 'NONE', #3319, #2201 ) ;
#3014 = CARTESIAN_POINT ( 'NONE',  ( 290.8999999999999773, 182.0000000000000000, 31.00000000000000000 ) ) ;
#3015 = LINE ( 'NONE', #1750, #1877 ) ;
#3016 = ORIENTED_EDGE ( 'NONE', *, *, #2003, .T. ) ;
#3017 = AXIS2_PLACEMENT_3D ( 'NONE', #1488, #312, #2437 ) ;
#3018 = DIRECTION ( 'NONE',  ( 0.000000000000000000, 0.000000000000000000, 1.000000000000000000 ) ) ;
#3019 = DIRECTION ( 'NONE',  ( 0.000000000000000000, 0.000000000000000000, 1.000000000000000000 ) ) ;
#3020 = VERTEX_POINT ( 'NONE', #2290 ) ;
#3021 = CARTESIAN_POINT ( 'NONE',  ( 275.0000000000000000, -188.0000000000000000, 21.50000000000000000 ) ) ;
#3022 = ORIENTED_EDGE ( 'NONE', *, *, #1146, .F. ) ;
#3023 = ORIENTED_EDGE ( 'NONE', *, *, #1940, .T. ) ;
#3024 = VERTEX_POINT ( 'NONE', #66 ) ;
#3025 = LINE ( 'NONE', #839, #1751 ) ;
#3026 = CARTESIAN_POINT ( 'NONE',  ( -294.0000000000000000, 207.5000000000000000, 29.00000000000000000 ) ) ;
#3027 = DIRECTION ( 'NONE',  ( 1.000000000000000000, 0.000000000000000000, -0.000000000000000000 ) ) ;
#3028 = ORIENTED_EDGE ( 'NONE', *, *, #2515, .F. ) ;
#3029 = CARTESIAN_POINT ( 'NONE',  ( -290.8999999999999773, 182.0000000000000000, 16.00000000000000000 ) ) ;
#3030 = DIRECTION ( 'NONE',  ( 1.000000000000000000, 0.000000000000000000, -0.000000000000000000 ) ) ;
#3031 = PLANE ( 'NONE',  #4010 ) ;
#3032 = VECTOR ( 'NONE', #1858, 1000.000000000000000 ) ;
#3033 = VERTEX_POINT ( 'NONE', #717 ) ;
#3034 = VECTOR ( 'NONE', #1744, 1000.000000000000000 ) ;
#3035 = CARTESIAN_POINT ( 'NONE',  ( -288.8999999999999773, -194.0000000000000000, 16.00000000000000000 ) ) ;
#3036 = CARTESIAN_POINT ( 'NONE',  ( -290.8999999999999773, -209.5000000000000284, 16.00000000000000000 ) ) ;
#3037 = ORIENTED_EDGE ( 'NONE', *, *, #1539, .F. ) ;
#3038 = AXIS2_PLACEMENT_3D ( 'NONE', #3601, #2061, #3283 ) ;
#3039 = DIRECTION ( 'NONE',  ( -1.000000000000000000, -0.000000000000000000, 0.000000000000000000 ) ) ;
#3040 = ORIENTED_EDGE ( 'NONE', *, *, #3294, .T. ) ;
#3041 = CYLINDRICAL_SURFACE ( 'NONE', #1220, 1.700000000000000178 ) ;
#3042 = EDGE_CURVE ( 'NONE', #1506, #1394, #3229, .T. ) ;
#3043 = ORIENTED_EDGE ( 'NONE', *, *, #675, .T. ) ;
#3044 = ORIENTED_EDGE ( 'NONE', *, *, #2628, .F. ) ;
#3045 = DIRECTION ( 'NONE',  ( 0.000000000000000000, -0.000000000000000000, 1.000000000000000000 ) ) ;
#3046 = DIRECTION ( 'NONE',  ( 0.000000000000000000, 0.000000000000000000, 1.000000000000000000 ) ) ;
#3047 = EDGE_CURVE ( 'NONE', #1007, #2828, #3168, .T. ) ;
#3048 = CARTESIAN_POINT ( 'NONE',  ( 290.8999999999999773, -194.0000000000000000, 22.00000000000000000 ) ) ;
#3049 = ORIENTED_EDGE ( 'NONE', *, *, #2088, .F. ) ;
#3050 = EDGE_CURVE ( 'NONE', #2446, #435, #1644, .T. ) ;
#3051 = VERTEX_POINT ( 'NONE', #695 ) ;
#3052 = AXIS2_PLACEMENT_3D ( 'NONE', #3716, #2491, #862 ) ;
#3053 = FACE_OUTER_BOUND ( 'NONE', #1571, .T. ) ;
#3054 = CARTESIAN_POINT ( 'NONE',  ( -290.8999999999999773, -194.0000000000000000, 16.00000000000000000 ) ) ;
#3055 = DIRECTION ( 'NONE',  ( 0.000000000000000000, 0.000000000000000000, -1.000000000000000000 ) ) ;
#3056 = VECTOR ( 'NONE', #486, 1000.000000000000000 ) ;
#3057 = ORIENTED_EDGE ( 'NONE', *, *, #58, .F. ) ;
#3058 = EDGE_CURVE ( 'NONE', #549, #2554, #1332, .T. ) ;
#3059 = VECTOR ( 'NONE', #2953, 1000.000000000000000 ) ;
#3060 = LINE ( 'NONE', #245, #376 ) ;
#3061 = FACE_OUTER_BOUND ( 'NONE', #2694, .T. ) ;
#3062 = EDGE_CURVE ( 'NONE', #589, #2968, #2591, .T. ) ;
#3063 = VECTOR ( 'NONE', #2203, 1000.000000000000000 ) ;
#3064 = DIRECTION ( 'NONE',  ( -1.000000000000000000, 0.000000000000000000, 0.000000000000000000 ) ) ;
#3065 = CARTESIAN_POINT ( 'NONE',  ( 292.0000000000000000, 206.0000000000000284, 22.00000000000000000 ) ) ;
#3066 = VERTEX_POINT ( 'NONE', #3191 ) ;
#3067 = VECTOR ( 'NONE', #1191, 1000.000000000000000 ) ;
#3068 = EDGE_LOOP ( 'NONE', ( #590, #626, #1061, #4069 ) ) ;
#3069 = ORIENTED_EDGE ( 'NONE', *, *, #4, .F. ) ;
#3070 = DIRECTION ( 'NONE',  ( -0.000000000000000000, 0.000000000000000000, -1.000000000000000000 ) ) ;
#3071 = FACE_OUTER_BOUND ( 'NONE', #2998, .T. ) ;
#3072 = CARTESIAN_POINT ( 'NONE',  ( 290.8999999999999773, -182.0000000000000000, 16.00000000000000000 ) ) ;
#3073 = ORIENTED_EDGE ( 'NONE', *, *, #79, .T. ) ;
#3074 = ORIENTED_EDGE ( 'NONE', *, *, #3564, .F. ) ;
#3075 = CARTESIAN_POINT ( 'NONE',  ( 275.0000000000000000, -188.0000000000000000, 24.00000000000000000 ) ) ;
#3076 = CARTESIAN_POINT ( 'NONE',  ( 282.0000000000000000, 197.5000000000000000, 21.50000000000000000 ) ) ;
#3077 = LINE ( 'NONE', #1215, #329 ) ;
#3078 = EDGE_CURVE ( 'NONE', #3331, #3707, #3300, .T. ) ;
#3079 = ORIENTED_EDGE ( 'NONE', *, *, #3845, .T. ) ;
#3080 = DIRECTION ( 'NONE',  ( 0.000000000000000000, 1.000000000000000000, 0.000000000000000000 ) ) ;
#3081 = PLANE ( 'NONE',  #2434 ) ;
#3082 = EDGE_CURVE ( 'NONE', #1427, #3389, #2903, .T. ) ;
#3083 = PLANE ( 'NONE',  #1779 ) ;
#3084 = ADVANCED_FACE ( 'NONE', ( #3814 ), #419, .F. ) ;
#3085 = ORIENTED_EDGE ( 'NONE', *, *, #1087, .F. ) ;
#3086 = VECTOR ( 'NONE', #1874, 1000.000000000000000 ) ;
#3087 = EDGE_LOOP ( 'NONE', ( #2863, #3602, #2737, #647 ) ) ;
#3088 = FACE_BOUND ( 'NONE', #2262, .T. ) ;
#3089 = DIRECTION ( 'NONE',  ( -0.000000000000000000, -1.000000000000000000, -0.000000000000000000 ) ) ;
#3090 = PLANE ( 'NONE',  #720 ) ;
#3091 = VERTEX_POINT ( 'NONE', #1662 ) ;
#3092 = ADVANCED_FACE ( 'NONE', ( #672 ), #2862, .T. ) ;
#3093 = ORIENTED_EDGE ( 'NONE', *, *, #3058, .T. ) ;
#3094 = CARTESIAN_POINT ( 'NONE',  ( 288.8999999999999773, -209.5000000000000284, 16.00000000000000000 ) ) ;
#3095 = CARTESIAN_POINT ( 'NONE',  ( 292.0000000000000000, 179.0000000000000000, 22.00000000000000000 ) ) ;
#3096 = ORIENTED_EDGE ( 'NONE', *, *, #3954, .T. ) ;
#3097 = DIRECTION ( 'NONE',  ( 1.000000000000000000, 0.000000000000000000, 0.000000000000000000 ) ) ;
#3098 = EDGE_CURVE ( 'NONE', #641, #1979, #1679, .T. ) ;
#3099 = ORIENTED_EDGE ( 'NONE', *, *, #3945, .F. ) ;
#3100 = DIRECTION ( 'NONE',  ( -0.000000000000000000, 0.000000000000000000, -1.000000000000000000 ) ) ;
#3101 = DIRECTION ( 'NONE',  ( -1.000000000000000000, 0.000000000000000000, 0.000000000000000000 ) ) ;
#3102 = VECTOR ( 'NONE', #1879, 1000.000000000000000 ) ;
#3103 = CIRCLE ( 'NONE', #1732, 1.700000000000000178 ) ;
#3104 = APPROVAL_DATE_TIME ( #1616, #725 ) ;
#3105 = LINE ( 'NONE', #2417, #3885 ) ;
#3106 = ORIENTED_EDGE ( 'NONE', *, *, #3158, .T. ) ;
#3107 = AXIS2_PLACEMENT_3D ( 'NONE', #2634, #2345, #3250 ) ;
#3108 = EDGE_LOOP ( 'NONE', ( #364, #519 ) ) ;
#3109 = EDGE_CURVE ( 'NONE', #2364, #2611, #2707, .T. ) ;
#3110 = PLANE ( 'NONE',  #107 ) ;
#3111 = CARTESIAN_POINT ( 'NONE',  ( -290.8999999999999773, -194.0000000000000000, 22.00000000000000000 ) ) ;
#3112 = DIRECTION ( 'NONE',  ( -1.000000000000000000, -0.000000000000000000, 0.000000000000000000 ) ) ;
#3113 = EDGE_LOOP ( 'NONE', ( #1189, #1338, #3859, #2677 ) ) ;
#3114 = EDGE_CURVE ( 'NONE', #3248, #39, #2532, .T. ) ;
#3115 = VERTEX_POINT ( 'NONE', #980 ) ;
#3116 = DIRECTION ( 'NONE',  ( -1.000000000000000000, -0.000000000000000000, 0.000000000000000000 ) ) ;
#3117 = CARTESIAN_POINT ( 'NONE',  ( 288.8999999999999773, 197.5000000000000000, 16.00000000000000000 ) ) ;
#3118 = ORIENTED_EDGE ( 'NONE', *, *, #3144, .T. ) ;
#3119 = DIRECTION ( 'NONE',  ( 0.000000000000000000, -1.000000000000000000, 0.000000000000000000 ) ) ;
#3120 = VECTOR ( 'NONE', #2114, 1000.000000000000000 ) ;
#3121 = ORIENTED_EDGE ( 'NONE', *, *, #2738, .F. ) ;
#3122 = FACE_OUTER_BOUND ( 'NONE', #2500, .T. ) ;
#3123 = EDGE_CURVE ( 'NONE', #2929, #1352, #1927, .T. ) ;
#3124 = DIRECTION ( 'NONE',  ( -0.000000000000000000, 0.000000000000000000, -1.000000000000000000 ) ) ;
#3125 = AXIS2_PLACEMENT_3D ( 'NONE', #3242, #2916, #1591 ) ;
#3126 = ORIENTED_EDGE ( 'NONE', *, *, #3541, .F. ) ;
#3127 = AXIS2_PLACEMENT_3D ( 'NONE', #3889, #932, #2606 ) ;
#3128 = APPROVAL_ROLE ( '' ) ;
#3129 = CARTESIAN_POINT ( 'NONE',  ( 288.8999999999999773, -209.5000000000000284, 16.00000000000000000 ) ) ;
#3130 = FACE_OUTER_BOUND ( 'NONE', #3456, .T. ) ;
#3131 = VERTEX_POINT ( 'NONE', #2553 ) ;
#3132 = AXIS2_PLACEMENT_3D ( 'NONE', #2641, #2333, #820 ) ;
#3133 = EDGE_LOOP ( 'NONE', ( #3235, #2513, #816, #741 ) ) ;
#3134 = ADVANCED_FACE ( 'NONE', ( #3505 ), #3635, .T. ) ;
#3135 = AXIS2_PLACEMENT_3D ( 'NONE', #3076, #1872, #3429 ) ;
#3136 = CARTESIAN_POINT ( 'NONE',  ( 294.0000000000000000, 180.5000000000000000, 31.00000000000000000 ) ) ;
#3137 = CARTESIAN_POINT ( 'NONE',  ( 290.8999999999999773, -188.0000000000000000, 24.00000000000000000 ) ) ;
#3138 = CARTESIAN_POINT ( 'NONE',  ( -275.0000000000000000, 188.0000000000000000, 24.00000000000000000 ) ) ;
#3139 = ORIENTED_EDGE ( 'NONE', *, *, #4054, .T. ) ;
#3140 = VERTEX_POINT ( 'NONE', #185 ) ;
#3141 = DIRECTION ( 'NONE',  ( -1.000000000000000000, 0.000000000000000000, 0.000000000000000000 ) ) ;
#3142 = CARTESIAN_POINT ( 'NONE',  ( -275.0000000000000000, -188.0000000000000000, 24.00000000000000000 ) ) ;
#3143 = ORIENTED_EDGE ( 'NONE', *, *, #1050, .T. ) ;
#3144 = EDGE_CURVE ( 'NONE', #1387, #2876, #2007, .T. ) ;
#3145 = EDGE_LOOP ( 'NONE', ( #1357, #2058, #1258, #3832, #776, #57 ) ) ;
#3146 = CARTESIAN_POINT ( 'NONE',  ( 289.8999999999999773, -178.5000000000000000, 16.00000000000000000 ) ) ;
#3147 = CARTESIAN_POINT ( 'NONE',  ( -275.0000000000000000, 200.0000000000000000, 24.00000000000000000 ) ) ;
#3148 = ORIENTED_EDGE ( 'NONE', *, *, #1976, .T. ) ;
#3149 = DIRECTION ( 'NONE',  ( 0.000000000000000000, -1.000000000000000000, -0.000000000000000000 ) ) ;
#3150 = DIRECTION ( 'NONE',  ( 0.000000000000000000, 0.000000000000000000, 1.000000000000000000 ) ) ;
#3151 = ORIENTED_EDGE ( 'NONE', *, *, #3371, .F. ) ;
#3152 = DIRECTION ( 'NONE',  ( 0.000000000000000000, 0.000000000000000000, -1.000000000000000000 ) ) ;
#3153 = CARTESIAN_POINT ( 'NONE',  ( 275.0000000000000000, -197.5000000000000000, 21.50000000000000000 ) ) ;
#3154 = LINE ( 'NONE', #337, #1868 ) ;
#3155 = DIRECTION ( 'NONE',  ( -1.000000000000000000, -0.000000000000000000, 0.000000000000000000 ) ) ;
#3156 = ORIENTED_EDGE ( 'NONE', *, *, #2145, .F. ) ;
#3157 = ORIENTED_EDGE ( 'NONE', *, *, #552, .F. ) ;
#3158 = EDGE_CURVE ( 'NONE', #3802, #1805, #3303, .T. ) ;
#3159 = EDGE_LOOP ( 'NONE', ( #159, #2216 ) ) ;
#3160 = CARTESIAN_POINT ( 'NONE',  ( -290.8999999999999773, -179.0000000000000000, 16.00000000000000000 ) ) ;
#3161 = CARTESIAN_POINT ( 'NONE',  ( 294.0000000000000000, -180.5000000000000284, 31.00000000000000000 ) ) ;
#3162 = ORIENTED_EDGE ( 'NONE', *, *, #1217, .F. ) ;
#3163 = DIRECTION ( 'NONE',  ( 0.000000000000000000, 0.000000000000000000, 1.000000000000000000 ) ) ;
#3164 = DIRECTION ( 'NONE',  ( 1.000000000000000000, 0.000000000000000000, -0.000000000000000000 ) ) ;
#3165 = ORIENTED_EDGE ( 'NONE', *, *, #470, .T. ) ;
#3166 = DATE_AND_TIME ( #4055, #1124 ) ;
#3167 = DIRECTION ( 'NONE',  ( 1.000000000000000000, 0.000000000000000000, -0.000000000000000000 ) ) ;
#3168 = LINE ( 'NONE', #1372, #1080 ) ;
#3169 = ORIENTED_EDGE ( 'NONE', *, *, #3259, .T. ) ;
#3170 = CARTESIAN_POINT ( 'NONE',  ( -275.0000000000000000, 197.5000000000000000, 26.50000000000000355 ) ) ;
#3171 = CARTESIAN_POINT ( 'NONE',  ( -294.0000000000000000, 206.0000000000000284, 22.00000000000000000 ) ) ;
#3172 = CARTESIAN_POINT ( 'NONE',  ( -282.0000000000000000, 202.5000000000000000, 21.50000000000000000 ) ) ;
#3173 = DIRECTION ( 'NONE',  ( 0.000000000000000000, 0.000000000000000000, 1.000000000000000000 ) ) ;
#3174 = VECTOR ( 'NONE', #984, 1000.000000000000000 ) ;
#3175 = ADVANCED_FACE ( 'NONE', ( #3894 ), #3618, .F. ) ;
#3176 = ORIENTED_EDGE ( 'NONE', *, *, #2120, .T. ) ;
#3177 = EDGE_LOOP ( 'NONE', ( #1203, #1062, #1501, #455 ) ) ;
#3178 = EDGE_LOOP ( 'NONE', ( #1373, #3811, #1411, #673 ) ) ;
#3179 = DIRECTION ( 'NONE',  ( 0.000000000000000000, 0.000000000000000000, 1.000000000000000000 ) ) ;
#3180 = FACE_OUTER_BOUND ( 'NONE', #906, .T. ) ;
#3181 = EDGE_LOOP ( 'NONE', ( #2338, #2401, #3418, #2266 ) ) ;
#3182 = AXIS2_PLACEMENT_3D ( 'NONE', #3400, #584, #939 ) ;
#3183 = FACE_OUTER_BOUND ( 'NONE', #1639, .T. ) ;
#3184 = CARTESIAN_POINT ( 'NONE',  ( 289.8999999999999773, -209.5000000000000284, 32.00000000000000000 ) ) ;
#3185 = AXIS2_PLACEMENT_3D ( 'NONE', #2955, #139, #511 ) ;
#3186 = ADVANCED_FACE ( 'NONE', ( #2342, #1389, #203 ), #438, .T. ) ;
#3187 = ORIENTED_EDGE ( 'NONE', *, *, #3050, .T. ) ;
#3188 = DIRECTION ( 'NONE',  ( -1.000000000000000000, -0.000000000000000000, 0.000000000000000000 ) ) ;
#3189 = AXIS2_PLACEMENT_3D ( 'NONE', #1769, #764, #3943 ) ;
#3190 = DIRECTION ( 'NONE',  ( 0.000000000000000000, 0.000000000000000000, 1.000000000000000000 ) ) ;
#3191 = CARTESIAN_POINT ( 'NONE',  ( -290.8999999999999773, 188.0000000000000000, 25.69999999999999929 ) ) ;
#3192 = VERTEX_POINT ( 'NONE', #1426 ) ;
#3193 = VECTOR ( 'NONE', #2734, 1000.000000000000000 ) ;
#3194 = CYLINDRICAL_SURFACE ( 'NONE', #2865, 1.700000000000000178 ) ;
#3195 = DIRECTION ( 'NONE',  ( 0.000000000000000000, 0.000000000000000000, 1.000000000000000000 ) ) ;
#3196 = VECTOR ( 'NONE', #3080, 1000.000000000000000 ) ;
#3197 = CARTESIAN_POINT ( 'NONE',  ( -275.0000000000000000, -190.5000000000000000, 21.50000000000000000 ) ) ;
#3198 = ORIENTED_EDGE ( 'NONE', *, *, #3042, .T. ) ;
#3199 = CIRCLE ( 'NONE', #1494, 1.999999999999998224 ) ;
#3200 = CC_DESIGN_PERSON_AND_ORGANIZATION_ASSIGNMENT ( #2529, #2502, ( #2763 ) ) ;
#3201 = ORIENTED_EDGE ( 'NONE', *, *, #2531, .T. ) ;
#3202 = CARTESIAN_POINT ( 'NONE',  ( 275.0000000000000000, 185.5000000000000000, 21.50000000000000000 ) ) ;
#3203 = FACE_BOUND ( 'NONE', #981, .T. ) ;
#3204 = ORIENTED_EDGE ( 'NONE', *, *, #3000, .F. ) ;
#3205 = CARTESIAN_POINT ( 'NONE',  ( 275.0000000000000000, -200.0000000000000000, 26.50000000000000355 ) ) ;
#3206 = LINE ( 'NONE', #3224, #2971 ) ;
#3207 = EDGE_CURVE ( 'NONE', #3328, #3248, #1718, .T. ) ;
#3208 = VERTEX_POINT ( 'NONE', #2400 ) ;
#3209 = LINE ( 'NONE', #3944, #1307 ) ;
#3210 = CARTESIAN_POINT ( 'NONE',  ( -274.6000000000000227, -188.0000000000000000, 24.00000000000000000 ) ) ;
#3211 = DIRECTION ( 'NONE',  ( 1.000000000000000000, 0.000000000000000000, 0.000000000000000000 ) ) ;
#3212 = VERTEX_POINT ( 'NONE', #458 ) ;
#3213 = EDGE_CURVE ( 'NONE', #2122, #1605, #3583, .T. ) ;
#3214 = DIRECTION ( 'NONE',  ( 0.000000000000000000, -0.000000000000000000, 1.000000000000000000 ) ) ;
#3215 = CARTESIAN_POINT ( 'NONE',  ( -288.8999999999999773, 194.0000000000000000, 21.50000000000000000 ) ) ;
#3216 = CARTESIAN_POINT ( 'NONE',  ( -290.8999999999999773, 178.5000000000000000, 16.00000000000000000 ) ) ;
#3217 = ORIENTED_EDGE ( 'NONE', *, *, #473, .F. ) ;
#3218 = AXIS2_PLACEMENT_3D ( 'NONE', #41, #1287, #1575 ) ;
#3219 = VERTEX_POINT ( 'NONE', #1404 ) ;
#3220 = CARTESIAN_POINT ( 'NONE',  ( -282.0000000000000000, -197.5000000000000000, 26.50000000000000355 ) ) ;
#3221 = DIRECTION ( 'NONE',  ( 1.000000000000000000, 0.000000000000000000, -0.000000000000000000 ) ) ;
#3222 = DIRECTION ( 'NONE',  ( -1.000000000000000000, -0.000000000000000000, 0.000000000000000000 ) ) ;
#3223 = CARTESIAN_POINT ( 'NONE',  ( -275.0000000000000000, -197.5000000000000000, 21.50000000000000000 ) ) ;
#3224 = CARTESIAN_POINT ( 'NONE',  ( -288.8999999999999773, -209.5000000000000284, 16.00000000000000000 ) ) ;
#3225 = EDGE_CURVE ( 'NONE', #2519, #3253, #1278, .T. ) ;
#3226 = VERTEX_POINT ( 'NONE', #1734 ) ;
#3227 = PLANE ( 'NONE',  #1900 ) ;
#3228 = CARTESIAN_POINT ( 'NONE',  ( -282.0000000000000000, -197.5000000000000000, 21.50000000000000000 ) ) ;
#3229 = LINE ( 'NONE', #751, #2381 ) ;
#3230 = ORIENTED_EDGE ( 'NONE', *, *, #1746, .F. ) ;
#3231 = LINE ( 'NONE', #2308, #3767 ) ;
#3232 = FACE_BOUND ( 'NONE', #3301, .T. ) ;
#3233 = AXIS2_PLACEMENT_3D ( 'NONE', #849, #1818, #3101 ) ;
#3234 = ORIENTED_EDGE ( 'NONE', *, *, #2593, .T. ) ;
#3235 = ORIENTED_EDGE ( 'NONE', *, *, #3700, .T. ) ;
#3236 = CARTESIAN_POINT ( 'NONE',  ( 275.0000000000000000, 185.5000000000000000, 26.50000000000000355 ) ) ;
#3237 = FACE_OUTER_BOUND ( 'NONE', #3113, .T. ) ;
#3238 = VECTOR ( 'NONE', #3195, 1000.000000000000000 ) ;
#3239 = FACE_OUTER_BOUND ( 'NONE', #879, .T. ) ;
#3240 = EDGE_CURVE ( 'NONE', #943, #2573, #3949, .T. ) ;
#3241 = VECTOR ( 'NONE', #773, 1000.000000000000000 ) ;
#3242 = CARTESIAN_POINT ( 'NONE',  ( -294.0000000000000000, -180.5000000000000284, 29.00000000000000000 ) ) ;
#3243 = LINE ( 'NONE', #3321, #541 ) ;
#3244 = ORIENTED_EDGE ( 'NONE', *, *, #1262, .T. ) ;
#3245 = EDGE_CURVE ( 'NONE', #1006, #537, #2944, .T. ) ;
#3246 = LINE ( 'NONE', #2960, #2868 ) ;
#3247 = DIRECTION ( 'NONE',  ( -0.000000000000000000, 1.000000000000000000, 0.000000000000000000 ) ) ;
#3248 = VERTEX_POINT ( 'NONE', #1463 ) ;
#3249 = VECTOR ( 'NONE', #4043, 1000.000000000000000 ) ;
#3250 = DIRECTION ( 'NONE',  ( -0.000000000000000000, 0.000000000000000000, -1.000000000000000000 ) ) ;
#3251 = DIRECTION ( 'NONE',  ( 0.000000000000000000, -1.000000000000000000, 0.000000000000000000 ) ) ;
#3252 = VECTOR ( 'NONE', #3708, 1000.000000000000000 ) ;
#3253 = VERTEX_POINT ( 'NONE', #1132 ) ;
#3254 = VERTEX_POINT ( 'NONE', #3911 ) ;
#3255 = AXIS2_PLACEMENT_3D ( 'NONE', #1793, #3678, #2415 ) ;
#3256 = DIRECTION ( 'NONE',  ( 0.000000000000000000, 0.000000000000000000, 1.000000000000000000 ) ) ;
#3257 = LINE ( 'NONE', #3940, #1802 ) ;
#3258 = FACE_OUTER_BOUND ( 'NONE', #2040, .T. ) ;
#3259 = EDGE_CURVE ( 'NONE', #524, #1782, #2671, .T. ) ;
#3260 = AXIS2_PLACEMENT_3D ( 'NONE', #2444, #1977, #3864 ) ;
#3261 = FACE_OUTER_BOUND ( 'NONE', #3281, .T. ) ;
#3262 = EDGE_CURVE ( 'NONE', #752, #3960, #2027, .T. ) ;
#3263 = AXIS2_PLACEMENT_3D ( 'NONE', #3739, #927, #3475 ) ;
#3264 = CARTESIAN_POINT ( 'NONE',  ( -290.8999999999999773, 200.0000000000000000, 22.30000000000000071 ) ) ;
#3265 = ORIENTED_EDGE ( 'NONE', *, *, #1996, .T. ) ;
#3266 = FACE_OUTER_BOUND ( 'NONE', #886, .T. ) ;
#3267 = FACE_OUTER_BOUND ( 'NONE', #991, .T. ) ;
#3268 = EDGE_LOOP ( 'NONE', ( #2965, #596, #2168, #771 ) ) ;
#3269 = APPROVAL ( #3812, '未' ) ;
#3270 = DIRECTION ( 'NONE',  ( -0.000000000000000000, 1.000000000000000000, 0.000000000000000000 ) ) ;
#3271 = ORIENTED_EDGE ( 'NONE', *, *, #2030, .T. ) ;
#3272 = ORIENTED_EDGE ( 'NONE', *, *, #1482, .T. ) ;
#3273 = EDGE_CURVE ( 'NONE', #794, #400, #1154, .T. ) ;
#3274 = ORIENTED_EDGE ( 'NONE', *, *, #1420, .F. ) ;
#3275 = DIRECTION ( 'NONE',  ( 0.000000000000000000, 0.000000000000000000, 1.000000000000000000 ) ) ;
#3276 = DIRECTION ( 'NONE',  ( 0.000000000000000000, -1.000000000000000000, 0.000000000000000000 ) ) ;
#3277 = CARTESIAN_POINT ( 'NONE',  ( -294.0000000000000000, -180.5000000000000000, 22.00000000000000000 ) ) ;
#3278 = DIRECTION ( 'NONE',  ( -1.000000000000000000, -0.000000000000000000, 0.000000000000000000 ) ) ;
#3279 = VECTOR ( 'NONE', #2794, 1000.000000000000000 ) ;
#3280 = LINE ( 'NONE', #1088, #3364 ) ;
#3281 = EDGE_LOOP ( 'NONE', ( #168, #766, #2564, #1918 ) ) ;
#3282 = DIRECTION ( 'NONE',  ( 1.000000000000000000, 0.000000000000000000, -0.000000000000000000 ) ) ;
#3283 = DIRECTION ( 'NONE',  ( 0.000000000000000000, 0.000000000000000000, 1.000000000000000000 ) ) ;
#3284 = ORIENTED_EDGE ( 'NONE', *, *, #1996, .F. ) ;
#3285 = DIRECTION ( 'NONE',  ( -1.000000000000000000, -0.000000000000000000, 0.000000000000000000 ) ) ;
#3286 = VERTEX_POINT ( 'NONE', #2378 ) ;
#3287 = VERTEX_POINT ( 'NONE', #2631 ) ;
#3288 = EDGE_LOOP ( 'NONE', ( #118, #4021, #1312, #2112 ) ) ;
#3289 = CARTESIAN_POINT ( 'NONE',  ( 290.8999999999999773, -209.5000000000000284, 16.00000000000000000 ) ) ;
#3290 = PLANE ( 'NONE',  #2123 ) ;
#3291 = EDGE_CURVE ( 'NONE', #2447, #524, #3326, .T. ) ;
#3292 = VECTOR ( 'NONE', #1508, 1000.000000000000000 ) ;
#3293 = DIRECTION ( 'NONE',  ( 0.000000000000000000, 1.000000000000000000, 0.000000000000000000 ) ) ;
#3294 = EDGE_CURVE ( 'NONE', #1491, #3955, #1072, .T. ) ;
#3295 = CIRCLE ( 'NONE', #3573, 1.700000000000000178 ) ;
#3296 = AXIS2_PLACEMENT_3D ( 'NONE', #3957, #1142, #1515 ) ;
#3297 = LINE ( 'NONE', #490, #1882 ) ;
#3298 = CARTESIAN_POINT ( 'NONE',  ( -275.0000000000000000, 202.5000000000000000, 21.50000000000000000 ) ) ;
#3299 = FACE_OUTER_BOUND ( 'NONE', #1768, .T. ) ;
#3300 = CIRCLE ( 'NONE', #3843, 1.700000000000000178 ) ;
#3301 = EDGE_LOOP ( 'NONE', ( #859, #2047 ) ) ;
#3302 = DIRECTION ( 'NONE',  ( 1.000000000000000000, 0.000000000000000000, 0.000000000000000000 ) ) ;
#3303 = LINE ( 'NONE', #476, #554 ) ;
#3304 = ORIENTED_EDGE ( 'NONE', *, *, #1655, .T. ) ;
#3305 = ADVANCED_FACE ( 'NONE', ( #3267 ), #2789, .T. ) ;
#3306 = CARTESIAN_POINT ( 'NONE',  ( 294.0000000000000000, 180.5000000000000000, 31.00000000000000000 ) ) ;
#3307 = DIRECTION ( 'NONE',  ( -1.000000000000000000, -0.000000000000000000, 0.000000000000000000 ) ) ;
#3308 = EDGE_CURVE ( 'NONE', #919, #3254, #3369, .T. ) ;
#3309 = ORIENTED_EDGE ( 'NONE', *, *, #2623, .T. ) ;
#3310 = ORIENTED_EDGE ( 'NONE', *, *, #700, .F. ) ;
#3311 = VECTOR ( 'NONE', #3962, 1000.000000000000000 ) ;
#3312 = ORIENTED_EDGE ( 'NONE', *, *, #271, .F. ) ;
#3313 = PLANE ( 'NONE',  #499 ) ;
#3314 = DIRECTION ( 'NONE',  ( 0.000000000000000000, 0.000000000000000000, -1.000000000000000000 ) ) ;
#3315 = VECTOR ( 'NONE', #2933, 1000.000000000000000 ) ;
#3316 = CARTESIAN_POINT ( 'NONE',  ( 275.0000000000000000, 185.5000000000000000, 21.50000000000000000 ) ) ;
#3317 = EDGE_CURVE ( 'NONE', #2122, #365, #1264, .T. ) ;
#3318 = VECTOR ( 'NONE', #1092, 1000.000000000000000 ) ;
#3319 = CARTESIAN_POINT ( 'NONE',  ( -290.8999999999999773, -194.0000000000000000, 31.00000000000000000 ) ) ;
#3320 = DIRECTION ( 'NONE',  ( 1.000000000000000000, 0.000000000000000000, -0.000000000000000000 ) ) ;
#3321 = CARTESIAN_POINT ( 'NONE',  ( -288.8999999999999773, -194.0000000000000000, 21.50000000000000000 ) ) ;
#3322 = VECTOR ( 'NONE', #3155, 1000.000000000000000 ) ;
#3323 = ORIENTED_EDGE ( 'NONE', *, *, #38, .F. ) ;
#3324 = AXIS2_PLACEMENT_3D ( 'NONE', #969, #390, #8 ) ;
#3325 = DIRECTION ( 'NONE',  ( 0.000000000000000000, 0.000000000000000000, 1.000000000000000000 ) ) ;
#3326 = LINE ( 'NONE', #518, #749 ) ;
#3327 = ADVANCED_FACE ( 'NONE', ( #3698 ), #3081, .T. ) ;
#3328 = VERTEX_POINT ( 'NONE', #3036 ) ;
#3329 = EDGE_CURVE ( 'NONE', #382, #1261, #306, .T. ) ;
#3330 = DIRECTION ( 'NONE',  ( 0.000000000000000000, 1.000000000000000000, 0.000000000000000000 ) ) ;
#3331 = VERTEX_POINT ( 'NONE', #2478 ) ;
#3332 = ORIENTED_EDGE ( 'NONE', *, *, #456, .F. ) ;
#3333 = EDGE_CURVE ( 'NONE', #3131, #1451, #1134, .T. ) ;
#3334 = ORIENTED_EDGE ( 'NONE', *, *, #3207, .F. ) ;
#3335 = PLANE ( 'NONE',  #3588 ) ;
#3336 = CARTESIAN_POINT ( 'NONE',  ( 294.0000000000000000, -207.5000000000000284, 29.00000000000000000 ) ) ;
#3337 = FACE_BOUND ( 'NONE', #964, .T. ) ;
#3338 = ORIENTED_EDGE ( 'NONE', *, *, #361, .F. ) ;
#3339 = CARTESIAN_POINT ( 'NONE',  ( 292.0000000000000000, -209.0000000000000284, 31.00000000000000000 ) ) ;
#3340 = FACE_OUTER_BOUND ( 'NONE', #660, .T. ) ;
#3341 = LINE ( 'NONE', #911, #2956 ) ;
#3342 = ORIENTED_EDGE ( 'NONE', *, *, #2825, .F. ) ;
#3343 = AXIS2_PLACEMENT_3D ( 'NONE', #454, #1715, #2336 ) ;
#3344 = PLANE ( 'NONE',  #2280 ) ;
#3345 = EDGE_CURVE ( 'NONE', #459, #2447, #2498, .T. ) ;
#3346 = DIRECTION ( 'NONE',  ( 0.000000000000000000, 0.000000000000000000, 1.000000000000000000 ) ) ;
#3347 = ORIENTED_EDGE ( 'NONE', *, *, #2593, .F. ) ;
#3348 = FACE_OUTER_BOUND ( 'NONE', #3761, .T. ) ;
#3349 = VERTEX_POINT ( 'NONE', #3415 ) ;
#3350 = ADVANCED_FACE ( 'NONE', ( #264 ), #869, .T. ) ;
#3351 = ORIENTED_EDGE ( 'NONE', *, *, #3564, .T. ) ;
#3352 = ORIENTED_EDGE ( 'NONE', *, *, #3718, .T. ) ;
#3353 = FACE_BOUND ( 'NONE', #3886, .T. ) ;
#3354 = DIRECTION ( 'NONE',  ( 1.000000000000000000, 0.000000000000000000, -0.000000000000000000 ) ) ;
#3355 = PLANE ( 'NONE',  #3595 ) ;
#3356 = ADVANCED_FACE ( 'NONE', ( #3061 ), #2416, .T. ) ;
#3357 = ORIENTED_EDGE ( 'NONE', *, *, #1791, .T. ) ;
#3358 = EDGE_LOOP ( 'NONE', ( #3151, #2310 ) ) ;
#3359 = VECTOR ( 'NONE', #2644, 1000.000000000000000 ) ;
#3360 = FACE_OUTER_BOUND ( 'NONE', #2493, .T. ) ;
#3361 = DIRECTION ( 'NONE',  ( 0.000000000000000000, -1.000000000000000000, -0.000000000000000000 ) ) ;
#3362 = DIRECTION ( 'NONE',  ( -1.000000000000000000, -0.000000000000000000, 0.000000000000000000 ) ) ;
#3363 = ADVANCED_FACE ( 'NONE', ( #246 ), #579, .F. ) ;
#3364 = VECTOR ( 'NONE', #1730, 1000.000000000000000 ) ;
#3365 = VERTEX_POINT ( 'NONE', #1794 ) ;
#3366 = EDGE_CURVE ( 'NONE', #94, #1006, #4072, .T. ) ;
#3367 = VECTOR ( 'NONE', #899, 1000.000000000000000 ) ;
#3368 = LINE ( 'NONE', #1838, #904 ) ;
#3369 = LINE ( 'NONE', #2433, #3292 ) ;
#3370 = AXIS2_PLACEMENT_3D ( 'NONE', #3934, #3285, #1114 ) ;
#3371 = EDGE_CURVE ( 'NONE', #3621, #2619, #3896, .T. ) ;
#3372 =( NAMED_UNIT ( * ) SI_UNIT ( $, .STERADIAN. ) SOLID_ANGLE_UNIT ( ) );
#3373 = DIRECTION ( 'NONE',  ( -0.000000000000000000, 1.000000000000000000, 0.000000000000000000 ) ) ;
#3374 = ORIENTED_EDGE ( 'NONE', *, *, #38, .T. ) ;
#3375 = ORIENTED_EDGE ( 'NONE', *, *, #1681, .F. ) ;
#3376 = ORIENTED_EDGE ( 'NONE', *, *, #1383, .T. ) ;
#3377 = FACE_BOUND ( 'NONE', #1633, .T. ) ;
#3378 = PLANE ( 'NONE',  #1207 ) ;
#3379 = DIRECTION ( 'NONE',  ( -1.000000000000000000, -0.000000000000000000, 0.000000000000000000 ) ) ;
#3380 = EDGE_CURVE ( 'NONE', #3689, #3484, #3744, .T. ) ;
#3381 = ORIENTED_EDGE ( 'NONE', *, *, #616, .F. ) ;
#3382 = EDGE_LOOP ( 'NONE', ( #3997, #731, #1690, #613 ) ) ;
#3383 = VECTOR ( 'NONE', #3651, 1000.000000000000000 ) ;
#3384 = CARTESIAN_POINT ( 'NONE',  ( -292.0000000000000000, -182.0000000000000000, 22.00000000000000000 ) ) ;
#3385 = FACE_BOUND ( 'NONE', #1317, .T. ) ;
#3386 = EDGE_CURVE ( 'NONE', #2279, #2827, #3725, .T. ) ;
#3387 = CARTESIAN_POINT ( 'NONE',  ( -288.8999999999999773, 202.5000000000000000, 26.50000000000000355 ) ) ;
#3388 = VECTOR ( 'NONE', #1, 1000.000000000000000 ) ;
#3389 = VERTEX_POINT ( 'NONE', #620 ) ;
#3390 = ADVANCED_FACE ( 'NONE', ( #599 ), #284, .T. ) ;
#3391 = AXIS2_PLACEMENT_3D ( 'NONE', #1754, #160, #2042 ) ;
#3392 = DIRECTION ( 'NONE',  ( 0.000000000000000000, 0.000000000000000000, -1.000000000000000000 ) ) ;
#3393 = DIRECTION ( 'NONE',  ( 1.000000000000000000, 0.000000000000000000, -0.000000000000000000 ) ) ;
#3394 = VECTOR ( 'NONE', #2110, 1000.000000000000000 ) ;
#3395 = DIRECTION ( 'NONE',  ( 0.000000000000000000, -0.000000000000000000, 1.000000000000000000 ) ) ;
#3396 = CARTESIAN_POINT ( 'NONE',  ( 288.8999999999999773, 194.0000000000000000, 16.00000000000000000 ) ) ;
#3397 = ORIENTED_EDGE ( 'NONE', *, *, #47, .T. ) ;
#3398 = AXIS2_PLACEMENT_3D ( 'NONE', #1213, #3652, #1522 ) ;
#3399 = EDGE_CURVE ( 'NONE', #1467, #3521, #2177, .T. ) ;
#3400 = CARTESIAN_POINT ( 'NONE',  ( 290.8999999999999773, -200.0000000000000000, 24.00000000000000000 ) ) ;
#3401 = DIRECTION ( 'NONE',  ( 1.000000000000000000, 0.000000000000000000, -0.000000000000000000 ) ) ;
#3402 = CARTESIAN_POINT ( 'NONE',  ( -275.0000000000000000, -188.0000000000000000, 24.00000000000000000 ) ) ;
#3403 = DIRECTION ( 'NONE',  ( -0.000000000000000000, 1.000000000000000000, 0.000000000000000000 ) ) ;
#3404 = EDGE_CURVE ( 'NONE', #2219, #788, #667, .T. ) ;
#3405 = EDGE_CURVE ( 'NONE', #2519, #875, #3540, .T. ) ;
#3406 = ORIENTED_EDGE ( 'NONE', *, *, #3213, .T. ) ;
#3407 = ORIENTED_EDGE ( 'NONE', *, *, #700, .T. ) ;
#3408 = CARTESIAN_POINT ( 'NONE',  ( -282.0000000000000000, 185.5000000000000000, 21.50000000000000000 ) ) ;
#3409 = LINE ( 'NONE', #2428, #446 ) ;
#3410 = ORIENTED_EDGE ( 'NONE', *, *, #294, .T. ) ;
#3411 = LINE ( 'NONE', #614, #464 ) ;
#3412 = EDGE_CURVE ( 'NONE', #2554, #2685, #3518, .T. ) ;
#3413 = EDGE_LOOP ( 'NONE', ( #2383, #282, #1481, #608 ) ) ;
#3414 = PLANE ( 'NONE',  #835 ) ;
#3415 = CARTESIAN_POINT ( 'NONE',  ( -290.8999999999999773, 209.5000000000000284, 32.00000000000000000 ) ) ;
#3416 = COORDINATED_UNIVERSAL_TIME_OFFSET ( 8, 0, .AHEAD. ) ;
#3417 = DIRECTION ( 'NONE',  ( 1.000000000000000000, 0.000000000000000000, -0.000000000000000000 ) ) ;
#3418 = ORIENTED_EDGE ( 'NONE', *, *, #3556, .T. ) ;
#3419 = ADVANCED_FACE ( 'NONE', ( #1366 ), #13, .T. ) ;
#3420 = VERTEX_POINT ( 'NONE', #2245 ) ;
#3421 = CARTESIAN_POINT ( 'NONE',  ( 275.0000000000000000, -197.5000000000000000, 26.50000000000000355 ) ) ;
#3422 = DIRECTION ( 'NONE',  ( 0.000000000000000000, 1.000000000000000000, 0.000000000000000000 ) ) ;
#3423 = CARTESIAN_POINT ( 'NONE',  ( -274.6000000000000227, 188.0000000000000000, 22.30000000000000071 ) ) ;
#3424 = PRODUCT_DEFINITION_SHAPE ( 'NONE', 'NONE',  #2763 ) ;
#3425 = VERTEX_POINT ( 'NONE', #81 ) ;
#3426 = EDGE_CURVE ( 'NONE', #365, #1901, #1637, .T. ) ;
#3427 = ORIENTED_EDGE ( 'NONE', *, *, #162, .T. ) ;
#3428 = LINE ( 'NONE', #611, #3585 ) ;
#3429 = DIRECTION ( 'NONE',  ( 0.000000000000000000, 0.000000000000000000, -1.000000000000000000 ) ) ;
#3430 = ORIENTED_EDGE ( 'NONE', *, *, #453, .T. ) ;
#3431 = CARTESIAN_POINT ( 'NONE',  ( 288.8999999999999773, -190.5000000000000000, 21.50000000000000000 ) ) ;
#3432 = ADVANCED_FACE ( 'NONE', ( #688 ), #1345, .T. ) ;
#3433 = VERTEX_POINT ( 'NONE', #710 ) ;
#3434 = DIRECTION ( 'NONE',  ( 0.000000000000000000, -1.000000000000000000, 0.000000000000000000 ) ) ;
#3435 = CARTESIAN_POINT ( 'NONE',  ( 288.8999999999999773, 209.5000000000000284, 16.00000000000000000 ) ) ;
#3436 = AXIS2_PLACEMENT_3D ( 'NONE', #3147, #2286, #730 ) ;
#3437 = EDGE_CURVE ( 'NONE', #3192, #1019, #3206, .T. ) ;
#3438 = VERTEX_POINT ( 'NONE', #1923 ) ;
#3439 = AXIS2_PLACEMENT_3D ( 'NONE', #3026, #3089, #2697 ) ;
#3440 = PERSON_AND_ORGANIZATION_ROLE ( 'design_owner' ) ;
#3441 = LINE ( 'NONE', #1224, #2419 ) ;
#3442 = ORIENTED_EDGE ( 'NONE', *, *, #28, .T. ) ;
#3443 = VECTOR ( 'NONE', #2306, 1000.000000000000000 ) ;
#3444 = DIRECTION ( 'NONE',  ( -0.000000000000000000, -1.000000000000000000, -0.000000000000000000 ) ) ;
#3445 = EDGE_CURVE ( 'NONE', #2784, #724, #417, .T. ) ;
#3446 = DIRECTION ( 'NONE',  ( -0.000000000000000000, 1.000000000000000000, 0.000000000000000000 ) ) ;
#3447 = CARTESIAN_POINT ( 'NONE',  ( -275.0000000000000000, 200.0000000000000000, 25.69999999999999929 ) ) ;
#3448 = DIRECTION ( 'NONE',  ( -0.000000000000000000, 0.000000000000000000, -1.000000000000000000 ) ) ;
#3449 = ORIENTED_EDGE ( 'NONE', *, *, #422, .F. ) ;
#3450 = EDGE_LOOP ( 'NONE', ( #2541, #3500, #4067, #3846, #3347 ) ) ;
#3451 = DIRECTION ( 'NONE',  ( 0.000000000000000000, 0.000000000000000000, -1.000000000000000000 ) ) ;
#3452 = LINE ( 'NONE', #410, #842 ) ;
#3453 = ORIENTED_EDGE ( 'NONE', *, *, #2584, .T. ) ;
#3454 = ADVANCED_FACE ( 'NONE', ( #1593 ), #414, .T. ) ;
#3455 = VECTOR ( 'NONE', #822, 1000.000000000000000 ) ;
#3456 = EDGE_LOOP ( 'NONE', ( #3028, #1211, #4040, #2034 ) ) ;
#3457 = DIRECTION ( 'NONE',  ( 1.000000000000000000, 0.000000000000000000, -0.000000000000000000 ) ) ;
#3458 = DIRECTION ( 'NONE',  ( -0.000000000000000000, 1.000000000000000000, 0.000000000000000000 ) ) ;
#3459 = CIRCLE ( 'NONE', #2458, 1.700000000000000178 ) ;
#3460 = ORIENTED_EDGE ( 'NONE', *, *, #47, .F. ) ;
#3461 = AXIS2_PLACEMENT_3D ( 'NONE', #418, #3282, #1071 ) ;
#3462 = CARTESIAN_POINT ( 'NONE',  ( -275.0000000000000000, -202.5000000000000000, 21.50000000000000000 ) ) ;
#3463 = DIRECTION ( 'NONE',  ( 0.000000000000000000, 1.000000000000000000, 0.000000000000000000 ) ) ;
#3464 = ORIENTED_EDGE ( 'NONE', *, *, #294, .F. ) ;
#3465 = VECTOR ( 'NONE', #3293, 1000.000000000000000 ) ;
#3466 = LINE ( 'NONE', #2316, #891 ) ;
#3467 = AXIS2_PLACEMENT_3D ( 'NONE', #2449, #531, #1789 ) ;
#3468 = LINE ( 'NONE', #3818, #374 ) ;
#3469 = PLANE ( 'NONE',  #1406 ) ;
#3470 = DIRECTION ( 'NONE',  ( 0.000000000000000000, 1.000000000000000000, 0.000000000000000000 ) ) ;
#3471 = ORIENTED_EDGE ( 'NONE', *, *, #2099, .F. ) ;
#3472 = ORIENTED_EDGE ( 'NONE', *, *, #930, .F. ) ;
#3473 = ORIENTED_EDGE ( 'NONE', *, *, #407, .F. ) ;
#3474 = FACE_BOUND ( 'NONE', #195, .T. ) ;
#3475 = DIRECTION ( 'NONE',  ( 1.000000000000000000, 0.000000000000000000, -0.000000000000000000 ) ) ;
#3476 = ORIENTED_EDGE ( 'NONE', *, *, #1230, .T. ) ;
#3477 = CARTESIAN_POINT ( 'NONE',  ( 288.8999999999999773, -202.5000000000000000, 26.50000000000000355 ) ) ;
#3478 = CYLINDRICAL_SURFACE ( 'NONE', #1031, 1.999999999999998224 ) ;
#3479 = PLANE ( 'NONE',  #2508 ) ;
#3480 = EDGE_LOOP ( 'NONE', ( #2291, #1538, #34, #1951 ) ) ;
#3481 = EDGE_CURVE ( 'NONE', #966, #1007, #1285, .T. ) ;
#3482 = CARTESIAN_POINT ( 'NONE',  ( -282.0000000000000000, -200.0000000000000000, 26.50000000000000355 ) ) ;
#3483 = CARTESIAN_POINT ( 'NONE',  ( -290.8999999999999773, 182.0000000000000000, 31.00000000000000000 ) ) ;
#3484 = VERTEX_POINT ( 'NONE', #394 ) ;
#3485 = CARTESIAN_POINT ( 'NONE',  ( -275.0000000000000000, -197.5000000000000000, 21.50000000000000000 ) ) ;
#3486 = DIRECTION ( 'NONE',  ( 0.000000000000000000, 0.000000000000000000, 1.000000000000000000 ) ) ;
#3487 = DIRECTION ( 'NONE',  ( 0.000000000000000000, 0.000000000000000000, 1.000000000000000000 ) ) ;
#3488 = AXIS2_PLACEMENT_3D ( 'NONE', #2134, #2394, #2096 ) ;
#3489 = ADVANCED_FACE ( 'NONE', ( #3831 ), #1945, .T. ) ;
#3490 = DIRECTION ( 'NONE',  ( -0.000000000000000000, 0.000000000000000000, -1.000000000000000000 ) ) ;
#3491 = ORIENTED_EDGE ( 'NONE', *, *, #3745, .F. ) ;
#3492 = ORIENTED_EDGE ( 'NONE', *, *, #3603, .T. ) ;
#3493 = ORIENTED_EDGE ( 'NONE', *, *, #1230, .F. ) ;
#3494 = CARTESIAN_POINT ( 'NONE',  ( 275.0000000000000000, -202.5000000000000000, 26.50000000000000355 ) ) ;
#3495 = CARTESIAN_POINT ( 'NONE',  ( -274.6000000000000227, 200.0000000000000000, 22.30000000000000071 ) ) ;
#3496 = ORIENTED_EDGE ( 'NONE', *, *, #395, .F. ) ;
#3497 = FACE_OUTER_BOUND ( 'NONE', #461, .T. ) ;
#3498 = EDGE_CURVE ( 'NONE', #149, #382, #2198, .T. ) ;
#3499 = DIRECTION ( 'NONE',  ( 0.000000000000000000, 0.000000000000000000, -1.000000000000000000 ) ) ;
#3500 = ORIENTED_EDGE ( 'NONE', *, *, #2891, .T. ) ;
#3501 = DIRECTION ( 'NONE',  ( -1.000000000000000000, 0.000000000000000000, 0.000000000000000000 ) ) ;
#3502 = VECTOR ( 'NONE', #1613, 1000.000000000000000 ) ;
#3503 = DATE_AND_TIME ( #978, #1664 ) ;
#3504 = CARTESIAN_POINT ( 'NONE',  ( 294.0000000000000000, 206.0000000000000284, 29.00000000000000000 ) ) ;
#3505 = FACE_OUTER_BOUND ( 'NONE', #1379, .T. ) ;
#3506 = EDGE_LOOP ( 'NONE', ( #834, #3825 ) ) ;
#3507 = VECTOR ( 'NONE', #2351, 1000.000000000000000 ) ;
#3508 = DIRECTION ( 'NONE',  ( -0.000000000000000000, 0.000000000000000000, -1.000000000000000000 ) ) ;
#3509 = CARTESIAN_POINT ( 'NONE',  ( -274.6000000000000227, -188.0000000000000000, 24.00000000000000000 ) ) ;
#3510 = DIRECTION ( 'NONE',  ( 1.000000000000000000, 0.000000000000000000, -0.000000000000000000 ) ) ;
#3511 = ORIENTED_EDGE ( 'NONE', *, *, #1476, .F. ) ;
#3512 = VERTEX_POINT ( 'NONE', #1967 ) ;
#3513 = CARTESIAN_POINT ( 'NONE',  ( 290.8999999999999773, -200.0000000000000000, 24.00000000000000000 ) ) ;
#3514 = DIRECTION ( 'NONE',  ( 1.000000000000000000, 0.000000000000000000, -0.000000000000000000 ) ) ;
#3515 = ORIENTED_EDGE ( 'NONE', *, *, #3881, .F. ) ;
#3516 = AXIS2_PLACEMENT_3D ( 'NONE', #958, #674, #2206 ) ;
#3517 = DIRECTION ( 'NONE',  ( 0.000000000000000000, 1.000000000000000000, 0.000000000000000000 ) ) ;
#3518 = LINE ( 'NONE', #2567, #1796 ) ;
#3519 = AXIS2_PLACEMENT_3D ( 'NONE', #1938, #1279, #3779 ) ;
#3520 = EDGE_CURVE ( 'NONE', #2773, #341, #645, .T. ) ;
#3521 = VERTEX_POINT ( 'NONE', #2523 ) ;
#3522 = CYLINDRICAL_SURFACE ( 'NONE', #1166, 1.700000000000000178 ) ;
#3523 = VECTOR ( 'NONE', #1304, 1000.000000000000000 ) ;
#3524 = PLANE ( 'NONE',  #506 ) ;
#3525 = DIRECTION ( 'NONE',  ( 0.000000000000000000, -1.000000000000000000, -0.000000000000000000 ) ) ;
#3526 = ORIENTED_EDGE ( 'NONE', *, *, #189, .F. ) ;
#3527 = CIRCLE ( 'NONE', #3461, 1.700000000000000178 ) ;
#3528 = DIRECTION ( 'NONE',  ( -1.000000000000000000, 0.000000000000000000, 0.000000000000000000 ) ) ;
#3529 = CARTESIAN_POINT ( 'NONE',  ( 274.6000000000000227, -188.0000000000000000, 24.00000000000000000 ) ) ;
#3530 = ADVANCED_FACE ( 'NONE', ( #2224 ), #3479, .T. ) ;
#3531 = VECTOR ( 'NONE', #3448, 1000.000000000000000 ) ;
#3532 = DIRECTION ( 'NONE',  ( -0.000000000000000000, 1.000000000000000000, 0.000000000000000000 ) ) ;
#3533 = ORIENTED_EDGE ( 'NONE', *, *, #1849, .T. ) ;
#3534 = AXIS2_PLACEMENT_3D ( 'NONE', #3544, #1884, #2902 ) ;
#3535 = VERTEX_POINT ( 'NONE', #36 ) ;
#3536 = DIRECTION ( 'NONE',  ( 1.000000000000000000, 0.000000000000000000, 0.000000000000000000 ) ) ;
#3537 = CARTESIAN_POINT ( 'NONE',  ( 290.8999999999999773, -206.0000000000000284, 22.00000000000000000 ) ) ;
#3538 = ADVANCED_FACE ( 'NONE', ( #1306 ), #1014, .T. ) ;
#3539 = CARTESIAN_POINT ( 'NONE',  ( -290.8999999999999773, -188.0000000000000000, 25.69999999999999929 ) ) ;
#3540 = LINE ( 'NONE', #103, #610 ) ;
#3541 = EDGE_CURVE ( 'NONE', #128, #1323, #3243, .T. ) ;
#3542 = ORIENTED_EDGE ( 'NONE', *, *, #3371, .T. ) ;
#3543 = CARTESIAN_POINT ( 'NONE',  ( -275.0000000000000000, 190.5000000000000000, 21.50000000000000000 ) ) ;
#3544 = CARTESIAN_POINT ( 'NONE',  ( -282.0000000000000000, 197.5000000000000000, 21.50000000000000000 ) ) ;
#3545 = CARTESIAN_POINT ( 'NONE',  ( -275.0000000000000000, -188.0000000000000000, 22.30000000000000071 ) ) ;
#3546 = ORIENTED_EDGE ( 'NONE', *, *, #3839, .T. ) ;
#3547 = DIRECTION ( 'NONE',  ( 0.000000000000000000, 1.000000000000000000, 0.000000000000000000 ) ) ;
#3548 = EDGE_CURVE ( 'NONE', #400, #2066, #1049, .T. ) ;
#3549 = CARTESIAN_POINT ( 'NONE',  ( 290.8999999999999773, -194.0000000000000000, 16.00000000000000000 ) ) ;
#3550 = EDGE_LOOP ( 'NONE', ( #1136, #1804, #3511, #3722 ) ) ;
#3551 = VECTOR ( 'NONE', #4046, 1000.000000000000000 ) ;
#3552 = EDGE_LOOP ( 'NONE', ( #2496, #2809, #3351, #44 ) ) ;
#3553 = DIRECTION ( 'NONE',  ( 0.000000000000000000, 0.000000000000000000, 1.000000000000000000 ) ) ;
#3554 = LINE ( 'NONE', #2639, #17 ) ;
#3555 = CARTESIAN_POINT ( 'NONE',  ( -292.0000000000000000, 206.0000000000000284, 22.00000000000000000 ) ) ;
#3556 = EDGE_CURVE ( 'NONE', #3746, #2062, #492, .T. ) ;
#3557 = LINE ( 'NONE', #3205, #4042 ) ;
#3558 = CARTESIAN_POINT ( 'NONE',  ( 292.0000000000000000, -182.0000000000000000, 31.00000000000000000 ) ) ;
#3559 = EDGE_CURVE ( 'NONE', #1183, #1500, #433, .T. ) ;
#3560 = ORIENTED_EDGE ( 'NONE', *, *, #99, .F. ) ;
#3561 = LINE ( 'NONE', #3054, #3067 ) ;
#3562 = DIRECTION ( 'NONE',  ( 1.000000000000000000, 0.000000000000000000, -0.000000000000000000 ) ) ;
#3563 = CARTESIAN_POINT ( 'NONE',  ( 282.0000000000000000, -200.0000000000000000, 26.50000000000000355 ) ) ;
#3564 = EDGE_CURVE ( 'NONE', #342, #1979, #824, .T. ) ;
#3565 = ORIENTED_EDGE ( 'NONE', *, *, #407, .T. ) ;
#3566 = VECTOR ( 'NONE', #1975, 1000.000000000000000 ) ;
#3567 = CARTESIAN_POINT ( 'NONE',  ( 275.0000000000000000, -185.5000000000000000, 26.50000000000000355 ) ) ;
#3568 = CARTESIAN_POINT ( 'NONE',  ( -292.0000000000000000, -179.0000000000000000, 22.00000000000000000 ) ) ;
#3569 = VECTOR ( 'NONE', #161, 1000.000000000000000 ) ;
#3570 = ORIENTED_EDGE ( 'NONE', *, *, #3144, .F. ) ;
#3571 = ADVANCED_FACE ( 'NONE', ( #787 ), #1419, .T. ) ;
#3572 = EDGE_LOOP ( 'NONE', ( #934, #2065 ) ) ;
#3573 = AXIS2_PLACEMENT_3D ( 'NONE', #1771, #199, #3614 ) ;
#3574 = LINE ( 'NONE', #1711, #293 ) ;
#3575 = LINE ( 'NONE', #3871, #3507 ) ;
#3576 = VECTOR ( 'NONE', #743, 1000.000000000000000 ) ;
#3577 = CARTESIAN_POINT ( 'NONE',  ( 294.0000000000000000, 180.5000000000000000, 27.00000000000000355 ) ) ;
#3578 = VECTOR ( 'NONE', #2250, 1000.000000000000000 ) ;
#3579 = FACE_OUTER_BOUND ( 'NONE', #1663, .T. ) ;
#3580 = CARTESIAN_POINT ( 'NONE',  ( -294.0000000000000000, 180.5000000000000000, 29.00000000000000000 ) ) ;
#3581 = ORIENTED_EDGE ( 'NONE', *, *, #1943, .F. ) ;
#3582 = CARTESIAN_POINT ( 'NONE',  ( -294.0000000000000000, 209.0000000000000284, 22.00000000000000000 ) ) ;
#3583 = LINE ( 'NONE', #3002, #2767 ) ;
#3584 = VERTEX_POINT ( 'NONE', #2664 ) ;
#3585 = VECTOR ( 'NONE', #3116, 1000.000000000000000 ) ;
#3586 = DIRECTION ( 'NONE',  ( 0.000000000000000000, 0.000000000000000000, 1.000000000000000000 ) ) ;
#3587 = ORIENTED_EDGE ( 'NONE', *, *, #1956, .F. ) ;
#3588 = AXIS2_PLACEMENT_3D ( 'NONE', #1844, #2108, #3045 ) ;
#3589 = VERTEX_POINT ( 'NONE', #2056 ) ;
#3590 = ORIENTED_EDGE ( 'NONE', *, *, #184, .F. ) ;
#3591 = AXIS2_PLACEMENT_3D ( 'NONE', #733, #3910, #1443 ) ;
#3592 = DIRECTION ( 'NONE',  ( -0.000000000000000000, 1.000000000000000000, 0.000000000000000000 ) ) ;
#3593 = DIRECTION ( 'NONE',  ( -1.000000000000000000, 0.000000000000000000, 0.000000000000000000 ) ) ;
#3594 = CARTESIAN_POINT ( 'NONE',  ( -275.0000000000000000, -197.5000000000000000, 26.50000000000000355 ) ) ;
#3595 = AXIS2_PLACEMENT_3D ( 'NONE', #545, #155, #1809 ) ;
#3596 = CARTESIAN_POINT ( 'NONE',  ( -289.8999999999999773, 209.5000000000000284, 32.00000000000000000 ) ) ;
#3597 = AXIS2_PLACEMENT_3D ( 'NONE', #3210, #1971, #398 ) ;
#3598 = LINE ( 'NONE', #140, #547 ) ;
#3599 = ORIENTED_EDGE ( 'NONE', *, *, #1117, .T. ) ;
#3600 = FACE_OUTER_BOUND ( 'NONE', #3623, .T. ) ;
#3601 = CARTESIAN_POINT ( 'NONE',  ( -294.0000000000000000, 180.5000000000000000, 29.00000000000000000 ) ) ;
#3602 = ORIENTED_EDGE ( 'NONE', *, *, #2445, .T. ) ;
#3603 = EDGE_CURVE ( 'NONE', #1387, #2455, #2356, .T. ) ;
#3604 = FACE_BOUND ( 'NONE', #3869, .T. ) ;
#3605 = ORIENTED_EDGE ( 'NONE', *, *, #2635, .F. ) ;
#3606 = EDGE_CURVE ( 'NONE', #1979, #641, #3295, .T. ) ;
#3607 = ORIENTED_EDGE ( 'NONE', *, *, #2586, .T. ) ;
#3608 = ORIENTED_EDGE ( 'NONE', *, *, #1433, .T. ) ;
#3609 = DIRECTION ( 'NONE',  ( 1.000000000000000000, 0.000000000000000000, -0.000000000000000000 ) ) ;
#3610 = DIRECTION ( 'NONE',  ( 0.000000000000000000, 0.000000000000000000, -1.000000000000000000 ) ) ;
#3611 = DIRECTION ( 'NONE',  ( 0.000000000000000000, 1.000000000000000000, 0.000000000000000000 ) ) ;
#3612 = DIRECTION ( 'NONE',  ( 0.000000000000000000, 0.000000000000000000, -1.000000000000000000 ) ) ;
#3613 = EDGE_CURVE ( 'NONE', #1347, #3615, #3598, .T. ) ;
#3614 = DIRECTION ( 'NONE',  ( 0.000000000000000000, 0.000000000000000000, 1.000000000000000000 ) ) ;
#3615 = VERTEX_POINT ( 'NONE', #2075 ) ;
#3616 = EDGE_CURVE ( 'NONE', #2619, #1937, #3280, .T. ) ;
#3617 = DIRECTION ( 'NONE',  ( 0.000000000000000000, -1.000000000000000000, -0.000000000000000000 ) ) ;
#3618 = CYLINDRICAL_SURFACE ( 'NONE', #3958, 1.700000000000000178 ) ;
#3619 = ORIENTED_EDGE ( 'NONE', *, *, #1968, .F. ) ;
#3620 = DIRECTION ( 'NONE',  ( 0.000000000000000000, 0.000000000000000000, 1.000000000000000000 ) ) ;
#3621 = VERTEX_POINT ( 'NONE', #805 ) ;
#3622 = ORIENTED_EDGE ( 'NONE', *, *, #470, .F. ) ;
#3623 = EDGE_LOOP ( 'NONE', ( #1216, #925, #2819, #2838 ) ) ;
#3624 = CARTESIAN_POINT ( 'NONE',  ( 275.0000000000000000, -200.0000000000000000, 24.00000000000000000 ) ) ;
#3625 = DIRECTION ( 'NONE',  ( -0.000000000000000000, 0.000000000000000000, -1.000000000000000000 ) ) ;
#3626 = AXIS2_PLACEMENT_3D ( 'NONE', #1528, #2814, #2747 ) ;
#3627 = PLANE ( 'NONE',  #3132 ) ;
#3628 = AXIS2_PLACEMENT_3D ( 'NONE', #2017, #2036, #153 ) ;
#3629 = EDGE_CURVE ( 'NONE', #3389, #965, #1699, .T. ) ;
#3630 = PLANE ( 'NONE',  #3642 ) ;
#3631 = DIRECTION ( 'NONE',  ( 0.000000000000000000, 0.000000000000000000, 1.000000000000000000 ) ) ;
#3632 = CARTESIAN_POINT ( 'NONE',  ( -294.0000000000000000, 182.0000000000000000, 29.00000000000000000 ) ) ;
#3633 = ORIENTED_EDGE ( 'NONE', *, *, #1343, .T. ) ;
#3634 = LINE ( 'NONE', #1195, #3921 ) ;
#3635 = CYLINDRICAL_SURFACE ( 'NONE', #3038, 1.999999999999998224 ) ;
#3636 = ORIENTED_EDGE ( 'NONE', *, *, #2432, .F. ) ;
#3637 = AXIS2_PLACEMENT_3D ( 'NONE', #3580, #1068, #1128 ) ;
#3638 = CLOSED_SHELL ( 'NONE', ( #2701, #3084, #3175, #1193, #4029, #3186, #2605, #2520, #648, #3454, #3419, #2930, #1550, #737, #1077, #2353, #2231, #2495, #441, #1032, #485, #2967, #2214, #2778, #819, #3789, #2181, #3937, #3489, #1127, #763, #767, #3432, #4047 ) ) ;
#3639 = CARTESIAN_POINT ( 'NONE',  ( 282.0000000000000000, 197.5000000000000000, 21.50000000000000000 ) ) ;
#3640 = VERTEX_POINT ( 'NONE', #3264 ) ;
#3641 = ORIENTED_EDGE ( 'NONE', *, *, #32, .T. ) ;
#3642 = AXIS2_PLACEMENT_3D ( 'NONE', #4005, #550, #2427 ) ;
#3643 = VERTEX_POINT ( 'NONE', #124 ) ;
#3644 = LINE ( 'NONE', #2126, #2790 ) ;
#3645 = DIRECTION ( 'NONE',  ( 0.000000000000000000, 1.000000000000000000, 0.000000000000000000 ) ) ;
#3646 = AXIS2_PLACEMENT_3D ( 'NONE', #2297, #799, #2016 ) ;
#3647 = LINE ( 'NONE', #509, #2025 ) ;
#3648 = EDGE_LOOP ( 'NONE', ( #3397, #2033, #1090, #3074 ) ) ;
#3649 = AXIS2_PLACEMENT_3D ( 'NONE', #1572, #2019, #1475 ) ;
#3650 = ADVANCED_FACE ( 'NONE', ( #2039 ), #180, .T. ) ;
#3651 = DIRECTION ( 'NONE',  ( 1.000000000000000000, 0.000000000000000000, -0.000000000000000000 ) ) ;
#3652 = DIRECTION ( 'NONE',  ( 0.000000000000000000, 1.000000000000000000, 0.000000000000000000 ) ) ;
#3653 = CARTESIAN_POINT ( 'NONE',  ( 288.8999999999999773, -178.5000000000000000, 16.00000000000000000 ) ) ;
#3654 = VECTOR ( 'NONE', #962, 1000.000000000000000 ) ;
#3655 = ORIENTED_EDGE ( 'NONE', *, *, #2753, .T. ) ;
#3656 = VECTOR ( 'NONE', #2682, 1000.000000000000000 ) ;
#3657 = EDGE_CURVE ( 'NONE', #1393, #774, #3015, .T. ) ;
#3658 = DIRECTION ( 'NONE',  ( 0.000000000000000000, 0.000000000000000000, 1.000000000000000000 ) ) ;
#3659 = CARTESIAN_POINT ( 'NONE',  ( -290.8999999999999773, -209.5000000000000284, 16.00000000000000000 ) ) ;
#3660 = ORIENTED_EDGE ( 'NONE', *, *, #3665, .T. ) ;
#3661 = LINE ( 'NONE', #2382, #132 ) ;
#3662 = ADVANCED_FACE ( 'NONE', ( #3299 ), #1441, .T. ) ;
#3663 = ORIENTED_EDGE ( 'NONE', *, *, #2665, .F. ) ;
#3664 = DIRECTION ( 'NONE',  ( 0.000000000000000000, 0.000000000000000000, -1.000000000000000000 ) ) ;
#3665 = EDGE_CURVE ( 'NONE', #3584, #1234, #3971, .T. ) ;
#3666 = ORIENTED_EDGE ( 'NONE', *, *, #171, .F. ) ;
#3667 = CARTESIAN_POINT ( 'NONE',  ( 294.0000000000000000, 207.5000000000000284, 22.00000000000000000 ) ) ;
#3668 = CARTESIAN_POINT ( 'NONE',  ( -294.0000000000000000, -206.0000000000000284, 22.00000000000000000 ) ) ;
#3669 = DIRECTION ( 'NONE',  ( -0.000000000000000000, 1.000000000000000000, 0.000000000000000000 ) ) ;
#3670 = VERTEX_POINT ( 'NONE', #3946 ) ;
#3671 = EDGE_LOOP ( 'NONE', ( #3271, #133, #3176, #828 ) ) ;
#3672 = CARTESIAN_POINT ( 'NONE',  ( 275.0000000000000000, 202.5000000000000000, 26.50000000000000355 ) ) ;
#3673 = CARTESIAN_POINT ( 'NONE',  ( 292.0000000000000000, -182.0000000000000000, 22.00000000000000000 ) ) ;
#3674 = FACE_OUTER_BOUND ( 'NONE', #1333, .T. ) ;
#3675 = ADVANCED_FACE ( 'NONE', ( #2317 ), #765, .T. ) ;
#3676 = VERTEX_POINT ( 'NONE', #3964 ) ;
#3677 = VECTOR ( 'NONE', #3307, 1000.000000000000000 ) ;
#3678 = DIRECTION ( 'NONE',  ( 0.000000000000000000, 1.000000000000000000, 0.000000000000000000 ) ) ;
#3679 = DIRECTION ( 'NONE',  ( 0.000000000000000000, 0.000000000000000000, 1.000000000000000000 ) ) ;
#3680 = FACE_OUTER_BOUND ( 'NONE', #2375, .T. ) ;
#3681 = EDGE_LOOP ( 'NONE', ( #3737, #3272, #2162, #1461 ) ) ;
#3682 = LINE ( 'NONE', #2731, #1151 ) ;
#3683 = EDGE_CURVE ( 'NONE', #3484, #2213, #3341, .T. ) ;
#3684 = VERTEX_POINT ( 'NONE', #2413 ) ;
#3685 = CARTESIAN_POINT ( 'NONE',  ( 294.0000000000000000, -206.0000000000000284, 29.00000000000000000 ) ) ;
#3686 = LINE ( 'NONE', #2387, #1075 ) ;
#3687 = LINE ( 'NONE', #1252, #242 ) ;
#3688 = EDGE_CURVE ( 'NONE', #919, #943, #1192, .T. ) ;
#3689 = VERTEX_POINT ( 'NONE', #3387 ) ;
#3690 = AXIS2_PLACEMENT_3D ( 'NONE', #790, #2043, #2705 ) ;
#3691 = DIRECTION ( 'NONE',  ( 0.000000000000000000, 0.000000000000000000, 1.000000000000000000 ) ) ;
#3692 = CARTESIAN_POINT ( 'NONE',  ( -275.0000000000000000, -185.5000000000000000, 26.50000000000000355 ) ) ;
#3693 = FACE_OUTER_BOUND ( 'NONE', #2561, .T. ) ;
#3694 = ORIENTED_EDGE ( 'NONE', *, *, #3317, .T. ) ;
#3695 = EDGE_CURVE ( 'NONE', #1847, #459, #1171, .T. ) ;
#3696 = CIRCLE ( 'NONE', #1942, 1.700000000000000178 ) ;
#3697 = DIRECTION ( 'NONE',  ( -1.000000000000000000, 0.000000000000000000, 0.000000000000000000 ) ) ;
#3698 = FACE_OUTER_BOUND ( 'NONE', #2175, .T. ) ;
#3699 = AXIS2_PLACEMENT_3D ( 'NONE', #460, #3882, #1721 ) ;
#3700 = EDGE_CURVE ( 'NONE', #2379, #3389, #3411, .T. ) ;
#3701 = PLANE ( 'NONE',  #1119 ) ;
#3702 = DIRECTION ( 'NONE',  ( -1.000000000000000000, 0.000000000000000000, 0.000000000000000000 ) ) ;
#3703 = ORIENTED_EDGE ( 'NONE', *, *, #1182, .T. ) ;
#3704 = EDGE_CURVE ( 'NONE', #1500, #1394, #3077, .T. ) ;
#3705 = EDGE_LOOP ( 'NONE', ( #3284, #2732, #3515, #852 ) ) ;
#3706 = VECTOR ( 'NONE', #1599, 1000.000000000000000 ) ;
#3707 = VERTEX_POINT ( 'NONE', #241 ) ;
#3708 = DIRECTION ( 'NONE',  ( -1.000000000000000000, -0.000000000000000000, 0.000000000000000000 ) ) ;
#3709 = CARTESIAN_POINT ( 'NONE',  ( 292.0000000000000000, 179.0000000000000000, 22.00000000000000000 ) ) ;
#3710 = ADVANCED_FACE ( 'NONE', ( #2785 ), #2452, .F. ) ;
#3711 = FACE_OUTER_BOUND ( 'NONE', #2113, .T. ) ;
#3712 = VECTOR ( 'NONE', #3927, 1000.000000000000000 ) ;
#3713 = ORIENTED_EDGE ( 'NONE', *, *, #2633, .T. ) ;
#3714 = ORIENTED_EDGE ( 'NONE', *, *, #3498, .F. ) ;
#3715 = VECTOR ( 'NONE', #759, 1000.000000000000000 ) ;
#3716 = CARTESIAN_POINT ( 'NONE',  ( 289.8999999999999773, -194.0000000000000000, 32.00000000000000000 ) ) ;
#3717 = DIRECTION ( 'NONE',  ( 1.000000000000000000, 0.000000000000000000, -0.000000000000000000 ) ) ;
#3718 = EDGE_CURVE ( 'NONE', #52, #1261, #281, .T. ) ;
#3719 = ORIENTED_EDGE ( 'NONE', *, *, #68, .T. ) ;
#3720 = CARTESIAN_POINT ( 'NONE',  ( 274.6000000000000227, -200.0000000000000000, 24.00000000000000000 ) ) ;
#3721 = AXIS2_PLACEMENT_3D ( 'NONE', #3667, #1514, #3070 ) ;
#3722 = ORIENTED_EDGE ( 'NONE', *, *, #1658, .F. ) ;
#3723 = CIRCLE ( 'NONE', #772, 1.700000000000000178 ) ;
#3724 = LINE ( 'NONE', #848, #3196 ) ;
#3725 = LINE ( 'NONE', #1484, #85 ) ;
#3726 = VECTOR ( 'NONE', #2597, 1000.000000000000000 ) ;
#3727 = PERSON_AND_ORGANIZATION ( #631, #1448 ) ;
#3728 = DIRECTION ( 'NONE',  ( 0.000000000000000000, 0.000000000000000000, -1.000000000000000000 ) ) ;
#3729 = VERTEX_POINT ( 'NONE', #1545 ) ;
#3730 = LINE ( 'NONE', #2163, #889 ) ;
#3731 = EDGE_CURVE ( 'NONE', #1876, #1506, #1504, .T. ) ;
#3732 = DIRECTION ( 'NONE',  ( 0.000000000000000000, 0.000000000000000000, 1.000000000000000000 ) ) ;
#3733 = LINE ( 'NONE', #1766, #482 ) ;
#3734 = EDGE_CURVE ( 'NONE', #3020, #1427, #1459, .T. ) ;
#3735 = DIRECTION ( 'NONE',  ( 1.000000000000000000, 0.000000000000000000, -0.000000000000000000 ) ) ;
#3736 = ORIENTED_EDGE ( 'NONE', *, *, #905, .T. ) ;
#3737 = ORIENTED_EDGE ( 'NONE', *, *, #1685, .T. ) ;
#3738 = DIRECTION ( 'NONE',  ( 0.000000000000000000, 0.000000000000000000, 1.000000000000000000 ) ) ;
#3739 = CARTESIAN_POINT ( 'NONE',  ( 282.0000000000000000, -188.0000000000000000, 26.50000000000000355 ) ) ;
#3740 = ORIENTED_EDGE ( 'NONE', *, *, #1864, .F. ) ;
#3741 = DIRECTION ( 'NONE',  ( 0.000000000000000000, 0.000000000000000000, 1.000000000000000000 ) ) ;
#3742 = ORIENTED_EDGE ( 'NONE', *, *, #872, .T. ) ;
#3743 = CARTESIAN_POINT ( 'NONE',  ( 290.8999999999999773, 182.0000000000000000, 22.00000000000000000 ) ) ;
#3744 = LINE ( 'NONE', #1219, #1863 ) ;
#3745 = EDGE_CURVE ( 'NONE', #1237, #1019, #1238, .T. ) ;
#3746 = VERTEX_POINT ( 'NONE', #846 ) ;
#3747 = APPROVAL_PERSON_ORGANIZATION ( #1859, #725, #693 ) ;
#3748 = CARTESIAN_POINT ( 'NONE',  ( -282.0000000000000000, 197.5000000000000000, 21.50000000000000000 ) ) ;
#3749 = EDGE_LOOP ( 'NONE', ( #2397, #2155 ) ) ;
#3750 = CARTESIAN_POINT ( 'NONE',  ( -275.0000000000000000, -200.0000000000000000, 24.00000000000000000 ) ) ;
#3751 = PLANE ( 'NONE',  #2139 ) ;
#3752 = PLANE ( 'NONE',  #2769 ) ;
#3753 = LINE ( 'NONE', #942, #642 ) ;
#3754 = ORIENTED_EDGE ( 'NONE', *, *, #2506, .F. ) ;
#3755 = ORIENTED_EDGE ( 'NONE', *, *, #885, .T. ) ;
#3756 = DIRECTION ( 'NONE',  ( 1.000000000000000000, 0.000000000000000000, -0.000000000000000000 ) ) ;
#3757 = DIRECTION ( 'NONE',  ( -1.000000000000000000, 0.000000000000000000, 0.000000000000000000 ) ) ;
#3758 = VERTEX_POINT ( 'NONE', #3431 ) ;
#3759 = ADVANCED_FACE ( 'NONE', ( #2429, #1814 ), #2702, .T. ) ;
#3760 = ADVANCED_FACE ( 'NONE', ( #3693 ), #884, .T. ) ;
#3761 = EDGE_LOOP ( 'NONE', ( #533, #2904, #2758, #388 ) ) ;
#3762 = LINE ( 'NONE', #2835, #2023 ) ;
#3763 = DIRECTION ( 'NONE',  ( 0.000000000000000000, 1.000000000000000000, 0.000000000000000000 ) ) ;
#3764 = AXIS2_PLACEMENT_3D ( 'NONE', #953, #3458, #2548 ) ;
#3765 = ORIENTED_EDGE ( 'NONE', *, *, #2738, .T. ) ;
#3766 = AXIS2_PLACEMENT_3D ( 'NONE', #2302, #746, #2957 ) ;
#3767 = VECTOR ( 'NONE', #2011, 1000.000000000000000 ) ;
#3768 = CARTESIAN_POINT ( 'NONE',  ( 288.8999999999999773, -194.0000000000000000, 26.50000000000000355 ) ) ;
#3769 = CARTESIAN_POINT ( 'NONE',  ( 294.0000000000000000, 180.5000000000000000, 22.00000000000000000 ) ) ;
#3770 = ORIENTED_EDGE ( 'NONE', *, *, #1855, .T. ) ;
#3771 = VECTOR ( 'NONE', #3793, 1000.000000000000000 ) ;
#3772 = DIRECTION ( 'NONE',  ( -0.000000000000000000, -1.000000000000000000, -0.000000000000000000 ) ) ;
#3773 = LINE ( 'NONE', #676, #3388 ) ;
#3774 = DIRECTION ( 'NONE',  ( -0.000000000000000000, 0.000000000000000000, -1.000000000000000000 ) ) ;
#3775 = DIRECTION ( 'NONE',  ( 0.000000000000000000, 0.000000000000000000, 1.000000000000000000 ) ) ;
#3776 = ORIENTED_EDGE ( 'NONE', *, *, #99, .T. ) ;
#3777 = EDGE_LOOP ( 'NONE', ( #3542, #2229, #4064, #3274 ) ) ;
#3778 = ORIENTED_EDGE ( 'NONE', *, *, #1076, .F. ) ;
#3779 = DIRECTION ( 'NONE',  ( 0.000000000000000000, -0.000000000000000000, 1.000000000000000000 ) ) ;
#3780 = DIRECTION ( 'NONE',  ( 0.000000000000000000, 1.000000000000000000, 0.000000000000000000 ) ) ;
#3781 = ORIENTED_EDGE ( 'NONE', *, *, #1505, .F. ) ;
#3782 = EDGE_CURVE ( 'NONE', #3960, #3287, #3986, .T. ) ;
#3783 = VECTOR ( 'NONE', #2740, 1000.000000000000000 ) ;
#3784 = DIRECTION ( 'NONE',  ( 0.000000000000000000, 0.000000000000000000, -1.000000000000000000 ) ) ;
#3785 = CARTESIAN_POINT ( 'NONE',  ( -289.8999999999999773, -209.5000000000000284, 16.00000000000000000 ) ) ;
#3786 = DIRECTION ( 'NONE',  ( 1.000000000000000000, 0.000000000000000000, -0.000000000000000000 ) ) ;
#3787 = AXIS2_PLACEMENT_3D ( 'NONE', #3624, #1998, #3553 ) ;
#3788 = ORIENTED_EDGE ( 'NONE', *, *, #1919, .T. ) ;
#3789 = ADVANCED_FACE ( 'NONE', ( #3674 ), #3031, .T. ) ;
#3790 = CIRCLE ( 'NONE', #173, 1.700000000000000178 ) ;
#3791 = APPROVAL_DATE_TIME ( #2202, #3269 ) ;
#3792 = LINE ( 'NONE', #979, #117 ) ;
#3793 = DIRECTION ( 'NONE',  ( -0.000000000000000000, 1.000000000000000000, 0.000000000000000000 ) ) ;
#3794 = VERTEX_POINT ( 'NONE', #553 ) ;
#3795 = VECTOR ( 'NONE', #2309, 1000.000000000000000 ) ;
#3796 = LINE ( 'NONE', #3816, #3706 ) ;
#3797 = VECTOR ( 'NONE', #1027, 1000.000000000000000 ) ;
#3798 = LINE ( 'NONE', #3136, #3856 ) ;
#3799 = CARTESIAN_POINT ( 'NONE',  ( -294.0000000000000000, -207.5000000000000284, 22.00000000000000000 ) ) ;
#3800 = CARTESIAN_POINT ( 'NONE',  ( 275.0000000000000000, 190.5000000000000000, 26.50000000000000355 ) ) ;
#3801 = VERTEX_POINT ( 'NONE', #1836 ) ;
#3802 = VERTEX_POINT ( 'NONE', #4025 ) ;
#3803 = EDGE_CURVE ( 'NONE', #3521, #3866, #260, .T. ) ;
#3804 = ORIENTED_EDGE ( 'NONE', *, *, #4054, .F. ) ;
#3805 = CARTESIAN_POINT ( 'NONE',  ( -289.8999999999999773, 194.0000000000000000, 32.00000000000000000 ) ) ;
#3806 = DIRECTION ( 'NONE',  ( 0.000000000000000000, 0.000000000000000000, -1.000000000000000000 ) ) ;
#3807 = EDGE_LOOP ( 'NONE', ( #639, #2152, #2787, #3781 ) ) ;
#3808 = DIRECTION ( 'NONE',  ( -0.000000000000000000, 1.000000000000000000, 0.000000000000000000 ) ) ;
#3809 = EDGE_CURVE ( 'NONE', #3131, #1850, #1259, .T. ) ;
#3810 = DIRECTION ( 'NONE',  ( 0.000000000000000000, 1.000000000000000000, 0.000000000000000000 ) ) ;
#3811 = ORIENTED_EDGE ( 'NONE', *, *, #3329, .T. ) ;
#3812 = APPROVAL_STATUS ( 'not_yet_approved' ) ;
#3813 = CARTESIAN_POINT ( 'NONE',  ( -292.0000000000000000, 182.0000000000000000, 22.00000000000000000 ) ) ;
#3814 = FACE_OUTER_BOUND ( 'NONE', #2615, .T. ) ;
#3815 = EDGE_LOOP ( 'NONE', ( #2199, #3265, #170, #1629 ) ) ;
#3816 = CARTESIAN_POINT ( 'NONE',  ( -282.0000000000000000, 197.5000000000000000, 26.50000000000000355 ) ) ;
#3817 = EDGE_CURVE ( 'NONE', #2066, #871, #1568, .T. ) ;
#3818 = CARTESIAN_POINT ( 'NONE',  ( 294.0000000000000000, -207.5000000000000284, 22.00000000000000000 ) ) ;
#3819 = CARTESIAN_POINT ( 'NONE',  ( -275.0000000000000000, -188.0000000000000000, 21.50000000000000000 ) ) ;
#3820 = VECTOR ( 'NONE', #1530, 1000.000000000000000 ) ;
#3821 = CARTESIAN_POINT ( 'NONE',  ( -289.8999999999999773, -178.5000000000000000, 16.00000000000000000 ) ) ;
#3822 = EDGE_LOOP ( 'NONE', ( #1574, #2692, #3590, #1101 ) ) ;
#3823 = VERTEX_POINT ( 'NONE', #2204 ) ;
#3824 = CC_DESIGN_SECURITY_CLASSIFICATION ( #265, ( #1781 ) ) ;
#3825 = ORIENTED_EDGE ( 'NONE', *, *, #1208, .F. ) ;
#3826 = CARTESIAN_POINT ( 'NONE',  ( 290.8999999999999773, 194.0000000000000000, 31.00000000000000000 ) ) ;
#3827 = FACE_OUTER_BOUND ( 'NONE', #3450, .T. ) ;
#3828 = ORIENTED_EDGE ( 'NONE', *, *, #1615, .F. ) ;
#3829 = EDGE_CURVE ( 'NONE', #966, #426, #3105, .T. ) ;
#3830 = CARTESIAN_POINT ( 'NONE',  ( -288.8999999999999773, 194.0000000000000000, 21.50000000000000000 ) ) ;
#3831 = FACE_OUTER_BOUND ( 'NONE', #2463, .T. ) ;
#3832 = ORIENTED_EDGE ( 'NONE', *, *, #3062, .T. ) ;
#3833 = EDGE_CURVE ( 'NONE', #2213, #1308, #2121, .T. ) ;
#3834 = DIRECTION ( 'NONE',  ( 0.000000000000000000, -0.000000000000000000, 1.000000000000000000 ) ) ;
#3835 = DIRECTION ( 'NONE',  ( 0.000000000000000000, 0.000000000000000000, 1.000000000000000000 ) ) ;
#3836 = DIRECTION ( 'NONE',  ( 0.000000000000000000, 0.000000000000000000, -1.000000000000000000 ) ) ;
#3837 = ORIENTED_EDGE ( 'NONE', *, *, #1552, .T. ) ;
#3838 = VECTOR ( 'NONE', #3046, 1000.000000000000000 ) ;
#3839 = EDGE_CURVE ( 'NONE', #1467, #2122, #2504, .T. ) ;
#3840 = DIRECTION ( 'NONE',  ( 0.000000000000000000, 0.000000000000000000, 1.000000000000000000 ) ) ;
#3841 = DIRECTION ( 'NONE',  ( 1.000000000000000000, 0.000000000000000000, -0.000000000000000000 ) ) ;
#3842 = DIRECTION ( 'NONE',  ( -0.000000000000000000, 1.000000000000000000, 0.000000000000000000 ) ) ;
#3843 = AXIS2_PLACEMENT_3D ( 'NONE', #2572, #1018, #356 ) ;
#3844 = ORIENTED_EDGE ( 'NONE', *, *, #1940, .F. ) ;
#3845 = EDGE_CURVE ( 'NONE', #871, #1082, #1860, .T. ) ;
#3846 = ORIENTED_EDGE ( 'NONE', *, *, #79, .F. ) ;
#3847 = CARTESIAN_POINT ( 'NONE',  ( 290.8999999999999773, 194.0000000000000000, 32.00000000000000000 ) ) ;
#3848 = DIRECTION ( 'NONE',  ( -0.000000000000000000, 0.000000000000000000, -1.000000000000000000 ) ) ;
#3849 = ORIENTED_EDGE ( 'NONE', *, *, #3078, .T. ) ;
#3850 = CARTESIAN_POINT ( 'NONE',  ( 290.8999999999999773, -179.0000000000000000, 22.00000000000000000 ) ) ;
#3851 = DIRECTION ( 'NONE',  ( 0.000000000000000000, 0.000000000000000000, -1.000000000000000000 ) ) ;
#3852 = VECTOR ( 'NONE', #321, 1000.000000000000000 ) ;
#3853 = VERTEX_POINT ( 'NONE', #1245 ) ;
#3854 = EDGE_CURVE ( 'NONE', #3131, #1451, #4013, .T. ) ;
#3855 = DIRECTION ( 'NONE',  ( 0.000000000000000000, 0.000000000000000000, 1.000000000000000000 ) ) ;
#3856 = VECTOR ( 'NONE', #2232, 1000.000000000000000 ) ;
#3857 = CARTESIAN_POINT ( 'NONE',  ( -290.8999999999999773, -194.0000000000000000, 31.00000000000000000 ) ) ;
#3858 = DIRECTION ( 'NONE',  ( 1.000000000000000000, 0.000000000000000000, -0.000000000000000000 ) ) ;
#3859 = ORIENTED_EDGE ( 'NONE', *, *, #2801, .T. ) ;
#3860 = VECTOR ( 'NONE', #1131, 1000.000000000000000 ) ;
#3861 = CARTESIAN_POINT ( 'NONE',  ( -282.0000000000000000, 190.5000000000000000, 21.50000000000000000 ) ) ;
#3862 = DIRECTION ( 'NONE',  ( -0.000000000000000000, 1.000000000000000000, 0.000000000000000000 ) ) ;
#3863 = VECTOR ( 'NONE', #3532, 1000.000000000000000 ) ;
#3864 = DIRECTION ( 'NONE',  ( 0.000000000000000000, 0.000000000000000000, -1.000000000000000000 ) ) ;
#3865 = EDGE_CURVE ( 'NONE', #145, #2722, #3441, .T. ) ;
#3866 = VERTEX_POINT ( 'NONE', #936 ) ;
#3867 = AXIS2_PLACEMENT_3D ( 'NONE', #1009, #3848, #947 ) ;
#3868 = EDGE_CURVE ( 'NONE', #3020, #3794, #624, .T. ) ;
#3869 = EDGE_LOOP ( 'NONE', ( #1578, #1155, #945, #2759 ) ) ;
#3870 = CYLINDRICAL_SURFACE ( 'NONE', #2271, 1.700000000000000178 ) ;
#3871 = CARTESIAN_POINT ( 'NONE',  ( -290.8999999999999773, 194.0000000000000000, 22.00000000000000000 ) ) ;
#3872 = DIRECTION ( 'NONE',  ( -1.000000000000000000, -0.000000000000000000, 0.000000000000000000 ) ) ;
#3873 = EDGE_CURVE ( 'NONE', #1234, #4041, #956, .T. ) ;
#3874 = DIRECTION ( 'NONE',  ( 0.000000000000000000, 0.000000000000000000, -1.000000000000000000 ) ) ;
#3875 = DIRECTION ( 'NONE',  ( -1.000000000000000000, -0.000000000000000000, 0.000000000000000000 ) ) ;
#3876 = ORIENTED_EDGE ( 'NONE', *, *, #580, .T. ) ;
#3877 = CARTESIAN_POINT ( 'NONE',  ( 292.0000000000000000, -179.0000000000000000, 22.00000000000000000 ) ) ;
#3878 = DIRECTION ( 'NONE',  ( 0.000000000000000000, 0.000000000000000000, 1.000000000000000000 ) ) ;
#3879 = CARTESIAN_POINT ( 'NONE',  ( 294.0000000000000000, 180.5000000000000000, 27.00000000000000355 ) ) ;
#3880 = EDGE_LOOP ( 'NONE', ( #1614, #3936, #1290, #1881 ) ) ;
#3881 = EDGE_CURVE ( 'NONE', #2357, #3758, #1885, .T. ) ;
#3882 = DIRECTION ( 'NONE',  ( 0.000000000000000000, 0.000000000000000000, 1.000000000000000000 ) ) ;
#3883 = CARTESIAN_POINT ( 'NONE',  ( 274.6000000000000227, 200.0000000000000000, 22.30000000000000071 ) ) ;
#3884 = ORIENTED_EDGE ( 'NONE', *, *, #3803, .F. ) ;
#3885 = VECTOR ( 'NONE', #2749, 1000.000000000000000 ) ;
#3886 = EDGE_LOOP ( 'NONE', ( #3998, #2235, #1209, #603 ) ) ;
#3887 = CARTESIAN_POINT ( 'NONE',  ( -294.0000000000000000, -207.5000000000000284, 27.00000000000000355 ) ) ;
#3888 = DIRECTION ( 'NONE',  ( -1.000000000000000000, -0.000000000000000000, 0.000000000000000000 ) ) ;
#3889 = CARTESIAN_POINT ( 'NONE',  ( -290.8999999999999773, 200.0000000000000000, 24.00000000000000000 ) ) ;
#3890 = CARTESIAN_POINT ( 'NONE',  ( 290.8999999999999773, 194.0000000000000000, 22.00000000000000000 ) ) ;
#3891 = DIRECTION ( 'NONE',  ( -0.000000000000000000, 1.000000000000000000, 0.000000000000000000 ) ) ;
#3892 = ORIENTED_EDGE ( 'NONE', *, *, #2396, .T. ) ;
#3893 = CARTESIAN_POINT ( 'NONE',  ( -290.8999999999999773, 194.0000000000000000, 16.00000000000000000 ) ) ;
#3894 = FACE_OUTER_BOUND ( 'NONE', #3777, .T. ) ;
#3895 = ORIENTED_EDGE ( 'NONE', *, *, #3704, .T. ) ;
#3896 = CIRCLE ( 'NONE', #146, 1.700000000000000178 ) ;
#3897 = PLANE ( 'NONE',  #2512 ) ;
#3898 = ORIENTED_EDGE ( 'NONE', *, *, #3734, .F. ) ;
#3899 = ORIENTED_EDGE ( 'NONE', *, *, #833, .T. ) ;
#3900 = FACE_OUTER_BOUND ( 'NONE', #439, .T. ) ;
#3901 = DIRECTION ( 'NONE',  ( 1.000000000000000000, 0.000000000000000000, 0.000000000000000000 ) ) ;
#3902 = VECTOR ( 'NONE', #273, 1000.000000000000000 ) ;
#3903 = CARTESIAN_POINT ( 'NONE',  ( 282.0000000000000000, 190.5000000000000000, 21.50000000000000000 ) ) ;
#3904 = VECTOR ( 'NONE', #3586, 1000.000000000000000 ) ;
#3905 = CARTESIAN_POINT ( 'NONE',  ( -290.8999999999999773, -182.0000000000000000, 16.00000000000000000 ) ) ;
#3906 = CARTESIAN_POINT ( 'NONE',  ( -282.0000000000000000, 190.5000000000000000, 21.50000000000000000 ) ) ;
#3907 = ADVANCED_FACE ( 'NONE', ( #3130 ), #2462, .T. ) ;
#3908 = ORIENTED_EDGE ( 'NONE', *, *, #1066, .T. ) ;
#3909 = ADVANCED_FACE ( 'NONE', ( #2728 ), #1178, .T. ) ;
#3910 = DIRECTION ( 'NONE',  ( -0.000000000000000000, 0.000000000000000000, -1.000000000000000000 ) ) ;
#3911 = CARTESIAN_POINT ( 'NONE',  ( 290.8999999999999773, -209.0000000000000284, 31.00000000000000000 ) ) ;
#3912 = VERTEX_POINT ( 'NONE', #1577 ) ;
#3913 = MANIFOLD_SOLID_BREP ( 'Right upper V7 keeper bracket', #3638 ) ;
#3914 = VECTOR ( 'NONE', #7, 1000.000000000000000 ) ;
#3915 = FACE_OUTER_BOUND ( 'NONE', #931, .T. ) ;
#3916 = ORIENTED_EDGE ( 'NONE', *, *, #2396, .F. ) ;
#3917 = VECTOR ( 'NONE', #2887, 1000.000000000000000 ) ;
#3918 = EDGE_LOOP ( 'NONE', ( #3754, #1604, #2287, #3381 ) ) ;
#3919 = ADVANCED_FACE ( 'NONE', ( #2818 ), #3083, .T. ) ;
#3920 = VERTEX_POINT ( 'NONE', #651 ) ;
#3921 = VECTOR ( 'NONE', #3325, 1000.000000000000000 ) ;
#3922 = CARTESIAN_POINT ( 'NONE',  ( 282.0000000000000000, -185.5000000000000000, 21.50000000000000000 ) ) ;
#3923 = DIRECTION ( 'NONE',  ( 0.000000000000000000, -1.000000000000000000, -0.000000000000000000 ) ) ;
#3924 = DIRECTION ( 'NONE',  ( 0.000000000000000000, -0.000000000000000000, 1.000000000000000000 ) ) ;
#3925 = EDGE_CURVE ( 'NONE', #2081, #2876, #287, .T. ) ;
#3926 = VECTOR ( 'NONE', #841, 1000.000000000000000 ) ;
#3927 = DIRECTION ( 'NONE',  ( 1.000000000000000000, 0.000000000000000000, -0.000000000000000000 ) ) ;
#3928 = CARTESIAN_POINT ( 'NONE',  ( -289.8999999999999773, 178.5000000000000000, 32.00000000000000000 ) ) ;
#3929 = EDGE_LOOP ( 'NONE', ( #3703, #2471, #1139, #474 ) ) ;
#3930 = EDGE_CURVE ( 'NONE', #1019, #3248, #2141, .T. ) ;
#3931 = CARTESIAN_POINT ( 'NONE',  ( 294.0000000000000000, -179.0000000000000000, 31.00000000000000000 ) ) ;
#3932 = CARTESIAN_POINT ( 'NONE',  ( 275.0000000000000000, 188.0000000000000000, 26.50000000000000355 ) ) ;
#3933 = EDGE_LOOP ( 'NONE', ( #2323, #4077, #2104, #1772 ) ) ;
#3934 = CARTESIAN_POINT ( 'NONE',  ( 275.0000000000000000, 188.0000000000000000, 21.50000000000000000 ) ) ;
#3935 = ORIENTED_EDGE ( 'NONE', *, *, #2628, .T. ) ;
#3936 = ORIENTED_EDGE ( 'NONE', *, *, #3683, .T. ) ;
#3937 = ADVANCED_FACE ( 'NONE', ( #3680 ), #870, .T. ) ;
#3938 = ORIENTED_EDGE ( 'NONE', *, *, #3445, .F. ) ;
#3939 = LINE ( 'NONE', #2678, #632 ) ;
#3940 = CARTESIAN_POINT ( 'NONE',  ( -294.0000000000000000, 179.0000000000000000, 22.00000000000000000 ) ) ;
#3941 = LINE ( 'NONE', #3048, #2668 ) ;
#3942 = AXIS2_PLACEMENT_3D ( 'NONE', #1531, #2772, #3728 ) ;
#3943 = DIRECTION ( 'NONE',  ( 0.000000000000000000, 0.000000000000000000, -1.000000000000000000 ) ) ;
#3944 = CARTESIAN_POINT ( 'NONE',  ( 282.0000000000000000, -197.5000000000000000, 21.50000000000000000 ) ) ;
#3945 = EDGE_CURVE ( 'NONE', #4041, #679, #4074, .T. ) ;
#3946 = CARTESIAN_POINT ( 'NONE',  ( 288.8999999999999773, -202.5000000000000000, 21.50000000000000000 ) ) ;
#3947 = ORIENTED_EDGE ( 'NONE', *, *, #1113, .F. ) ;
#3948 = DIRECTION ( 'NONE',  ( 0.000000000000000000, 0.000000000000000000, -1.000000000000000000 ) ) ;
#3949 = LINE ( 'NONE', #2359, #3569 ) ;
#3950 = ORIENTED_EDGE ( 'NONE', *, *, #3881, .T. ) ;
#3951 = CARTESIAN_POINT ( 'NONE',  ( 294.0000000000000000, 180.5000000000000000, 29.00000000000000000 ) ) ;
#3952 = ORIENTED_EDGE ( 'NONE', *, *, #1786, .F. ) ;
#3953 = EDGE_LOOP ( 'NONE', ( #663, #483, #1722, #1517 ) ) ;
#3954 = EDGE_CURVE ( 'NONE', #365, #3438, #601, .T. ) ;
#3955 = VERTEX_POINT ( 'NONE', #1820 ) ;
#3956 = CARTESIAN_POINT ( 'NONE',  ( 282.0000000000000000, 188.0000000000000000, 21.50000000000000000 ) ) ;
#3957 = CARTESIAN_POINT ( 'NONE',  ( 282.0000000000000000, -200.0000000000000000, 21.50000000000000000 ) ) ;
#3958 = AXIS2_PLACEMENT_3D ( 'NONE', #2981, #808, #1704 ) ;
#3959 = LINE ( 'NONE', #2389, #3926 ) ;
#3960 = VERTEX_POINT ( 'NONE', #266 ) ;
#3961 = AXIS2_PLACEMENT_3D ( 'NONE', #3509, #2867, #941 ) ;
#3962 = DIRECTION ( 'NONE',  ( -0.000000000000000000, 1.000000000000000000, 0.000000000000000000 ) ) ;
#3963 = DIRECTION ( 'NONE',  ( -1.000000000000000000, -0.000000000000000000, 0.000000000000000000 ) ) ;
#3964 = CARTESIAN_POINT ( 'NONE',  ( -288.8999999999999773, -197.5000000000000000, 21.50000000000000000 ) ) ;
#3965 = AXIS2_PLACEMENT_3D ( 'NONE', #332, #43, #1683 ) ;
#3966 = EDGE_CURVE ( 'NONE', #3066, #1024, #1518, .T. ) ;
#3967 = EDGE_LOOP ( 'NONE', ( #53, #3230, #3126, #2405 ) ) ;
#3968 = CARTESIAN_POINT ( 'NONE',  ( -275.0000000000000000, 197.5000000000000000, 21.50000000000000000 ) ) ;
#3969 = DIRECTION ( 'NONE',  ( 0.000000000000000000, -1.000000000000000000, 0.000000000000000000 ) ) ;
#3970 = ORIENTED_EDGE ( 'NONE', *, *, #2236, .T. ) ;
#3971 = CIRCLE ( 'NONE', #2824, 1.999999999999998224 ) ;
#3972 = EDGE_CURVE ( 'NONE', #2780, #1015, #2748, .T. ) ;
#3973 = CYLINDRICAL_SURFACE ( 'NONE', #2565, 1.999999999999998224 ) ;
#3974 = ORIENTED_EDGE ( 'NONE', *, *, #2334, .F. ) ;
#3975 = DIRECTION ( 'NONE',  ( 0.000000000000000000, 0.000000000000000000, 1.000000000000000000 ) ) ;
#3976 = VECTOR ( 'NONE', #3275, 1000.000000000000000 ) ;
#3977 = VERTEX_POINT ( 'NONE', #2771 ) ;
#3978 = FACE_OUTER_BOUND ( 'NONE', #1978, .T. ) ;
#3979 = CARTESIAN_POINT ( 'NONE',  ( -294.0000000000000000, 180.5000000000000000, 22.00000000000000000 ) ) ;
#3980 = EDGE_CURVE ( 'NONE', #2559, #400, #3661, .T. ) ;
#3981 = VECTOR ( 'NONE', #272, 1000.000000000000000 ) ;
#3982 = LINE ( 'NONE', #3316, #3394 ) ;
#3983 = CIRCLE ( 'NONE', #2078, 1.700000000000000178 ) ;
#3984 = CARTESIAN_POINT ( 'NONE',  ( -294.0000000000000000, 180.5000000000000000, 27.00000000000000355 ) ) ;
#3985 = PLANE ( 'NONE',  #1374 ) ;
#3986 = LINE ( 'NONE', #2116, #2166 ) ;
#3987 = AXIS2_PLACEMENT_3D ( 'NONE', #3504, #1576, #2817 ) ;
#3988 = ORIENTED_EDGE ( 'NONE', *, *, #3386, .F. ) ;
#3989 = VECTOR ( 'NONE', #692, 1000.000000000000000 ) ;
#3990 = DIRECTION ( 'NONE',  ( -1.000000000000000000, 0.000000000000000000, 0.000000000000000000 ) ) ;
#3991 = DIRECTION ( 'NONE',  ( 0.000000000000000000, -1.000000000000000000, 0.000000000000000000 ) ) ;
#3992 = EDGE_CURVE ( 'NONE', #1805, #3535, #851, .T. ) ;
#3993 =( LENGTH_UNIT ( ) NAMED_UNIT ( * ) SI_UNIT ( .MILLI., .METRE. ) );
#3994 = DIRECTION ( 'NONE',  ( 0.000000000000000000, 0.000000000000000000, 1.000000000000000000 ) ) ;
#3995 = EDGE_LOOP ( 'NONE', ( #2191, #3776, #3778, #3049 ) ) ;
#3996 = LINE ( 'NONE', #853, #493 ) ;
#3997 = ORIENTED_EDGE ( 'NONE', *, *, #1460, .T. ) ;
#3998 = ORIENTED_EDGE ( 'NONE', *, *, #3380, .F. ) ;
#3999 = FACE_BOUND ( 'NONE', #207, .T. ) ;
#4000 = LINE ( 'NONE', #253, #3367 ) ;
#4001 = CARTESIAN_POINT ( 'NONE',  ( -294.0000000000000000, 207.5000000000000284, 22.00000000000000000 ) ) ;
#4002 = ORIENTED_EDGE ( 'NONE', *, *, #222, .T. ) ;
#4003 = EDGE_CURVE ( 'NONE', #3955, #3219, #892, .T. ) ;
#4004 = ORIENTED_EDGE ( 'NONE', *, *, #2833, .T. ) ;
#4005 = CARTESIAN_POINT ( 'NONE',  ( 289.8999999999999773, -209.5000000000000284, 16.00000000000000000 ) ) ;
#4006 = FACE_OUTER_BOUND ( 'NONE', #2425, .T. ) ;
#4007 = DIRECTION ( 'NONE',  ( 0.000000000000000000, 0.000000000000000000, 1.000000000000000000 ) ) ;
#4008 = ADVANCED_FACE ( 'NONE', ( #3348 ), #2064, .T. ) ;
#4009 = ORIENTED_EDGE ( 'NONE', *, *, #1739, .T. ) ;
#4010 = AXIS2_PLACEMENT_3D ( 'NONE', #219, #865, #574 ) ;
#4011 = CARTESIAN_POINT ( 'NONE',  ( 290.8999999999999773, -188.0000000000000000, 22.30000000000000071 ) ) ;
#4012 = CARTESIAN_POINT ( 'NONE',  ( 275.0000000000000000, 188.0000000000000000, 24.00000000000000000 ) ) ;
#4013 = LINE ( 'NONE', #3769, #2243 ) ;
#4014 = ORIENTED_EDGE ( 'NONE', *, *, #3559, .F. ) ;
#4015 = CARTESIAN_POINT ( 'NONE',  ( 288.8999999999999773, 197.5000000000000000, 21.50000000000000000 ) ) ;
#4016 = ORIENTED_EDGE ( 'NONE', *, *, #1050, .F. ) ;
#4017 = DIRECTION ( 'NONE',  ( -1.000000000000000000, -0.000000000000000000, 0.000000000000000000 ) ) ;
#4018 = CARTESIAN_POINT ( 'NONE',  ( 275.0000000000000000, -188.0000000000000000, 21.50000000000000000 ) ) ;
#4019 = LINE ( 'NONE', #2511, #2146 ) ;
#4020 = ORIENTED_EDGE ( 'NONE', *, *, #2954, .F. ) ;
#4021 = ORIENTED_EDGE ( 'NONE', *, *, #1497, .T. ) ;
#4022 = AXIS2_PLACEMENT_3D ( 'NONE', #2009, #1755, #2961 ) ;
#4023 = CARTESIAN_POINT ( 'NONE',  ( 294.0000000000000000, -207.5000000000000284, 31.00000000000000000 ) ) ;
#4024 = CARTESIAN_POINT ( 'NONE',  ( -292.0000000000000000, -182.0000000000000000, 31.00000000000000000 ) ) ;
#4025 = CARTESIAN_POINT ( 'NONE',  ( 290.8999999999999773, -209.5000000000000284, 16.00000000000000000 ) ) ;
#4026 = AXIS2_PLACEMENT_3D ( 'NONE', #2679, #3901, #3610 ) ;
#4027 = ORIENTED_EDGE ( 'NONE', *, *, #3980, .T. ) ;
#4028 = CARTESIAN_POINT ( 'NONE',  ( 289.8999999999999773, 194.0000000000000000, 32.00000000000000000 ) ) ;
#4029 = ADVANCED_FACE ( 'NONE', ( #2708 ), #501, .T. ) ;
#4030 = DIRECTION ( 'NONE',  ( -1.000000000000000000, -0.000000000000000000, 0.000000000000000000 ) ) ;
#4031 = ADVANCED_FACE ( 'NONE', ( #2436 ), #3701, .T. ) ;
#4032 = DIRECTION ( 'NONE',  ( -1.000000000000000000, -0.000000000000000000, 0.000000000000000000 ) ) ;
#4033 = DIRECTION ( 'NONE',  ( 0.000000000000000000, -1.000000000000000000, 0.000000000000000000 ) ) ;
#4034 = ORIENTED_EDGE ( 'NONE', *, *, #1117, .F. ) ;
#4035 = ORIENTED_EDGE ( 'NONE', *, *, #3317, .F. ) ;
#4036 = CARTESIAN_POINT ( 'NONE',  ( 289.8999999999999773, -178.5000000000000000, 16.00000000000000000 ) ) ;
#4037 = DIRECTION ( 'NONE',  ( 0.000000000000000000, 1.000000000000000000, 0.000000000000000000 ) ) ;
#4038 = CARTESIAN_POINT ( 'NONE',  ( -294.0000000000000000, -207.5000000000000284, 27.00000000000000355 ) ) ;
#4039 = VECTOR ( 'NONE', #3536, 1000.000000000000000 ) ;
#4040 = ORIENTED_EDGE ( 'NONE', *, *, #3972, .F. ) ;
#4041 = VERTEX_POINT ( 'NONE', #1759 ) ;
#4042 = VECTOR ( 'NONE', #35, 1000.000000000000000 ) ;
#4043 = DIRECTION ( 'NONE',  ( -1.000000000000000000, -0.000000000000000000, 0.000000000000000000 ) ) ;
#4044 = DIRECTION ( 'NONE',  ( 1.000000000000000000, 0.000000000000000000, -0.000000000000000000 ) ) ;
#4045 = ORIENTED_EDGE ( 'NONE', *, *, #3873, .F. ) ;
#4046 = DIRECTION ( 'NONE',  ( -0.000000000000000000, 1.000000000000000000, 0.000000000000000000 ) ) ;
#4047 = ADVANCED_FACE ( 'NONE', ( #1446 ), #3973, .T. ) ;
#4048 = VECTOR ( 'NONE', #3562, 1000.000000000000000 ) ;
#4049 = VERTEX_POINT ( 'NONE', #2403 ) ;
#4050 = AXIS2_PLACEMENT_3D ( 'NONE', #1005, #339, #3510 ) ;
#4051 = CARTESIAN_POINT ( 'NONE',  ( -288.8999999999999773, -178.5000000000000000, 32.00000000000000000 ) ) ;
#4052 = DIRECTION ( 'NONE',  ( 0.000000000000000000, 1.000000000000000000, 0.000000000000000000 ) ) ;
#4053 = VECTOR ( 'NONE', #3717, 1000.000000000000000 ) ;
#4054 = EDGE_CURVE ( 'NONE', #2966, #5, #2140, .T. ) ;
#4055 = CALENDAR_DATE ( 2026, 29, 8 ) ;
#4056 = CARTESIAN_POINT ( 'NONE',  ( 292.0000000000000000, 206.0000000000000284, 31.00000000000000000 ) ) ;
#4057 = EDGE_LOOP ( 'NONE', ( #951, #2893, #2135, #2601 ) ) ;
#4058 = DIRECTION ( 'NONE',  ( 0.000000000000000000, 0.000000000000000000, 1.000000000000000000 ) ) ;
#4059 = LINE ( 'NONE', #359, #1630 ) ;
#4060 = DIRECTION ( 'NONE',  ( 0.000000000000000000, -0.000000000000000000, 1.000000000000000000 ) ) ;
#4061 = CARTESIAN_POINT ( 'NONE',  ( -294.0000000000000000, 207.5000000000000284, 22.00000000000000000 ) ) ;
#4062 = ADVANCED_FACE ( 'NONE', ( #1135, #206 ), #2084, .T. ) ;
#4063 = ORIENTED_EDGE ( 'NONE', *, *, #1580, .F. ) ;
#4064 = ORIENTED_EDGE ( 'NONE', *, *, #1208, .T. ) ;
#4065 = LINE ( 'NONE', #2472, #2986 ) ;
#4066 = CARTESIAN_POINT ( 'NONE',  ( -294.0000000000000000, -182.0000000000000000, 22.00000000000000000 ) ) ;
#4067 = ORIENTED_EDGE ( 'NONE', *, *, #3603, .F. ) ;
#4068 = DIRECTION ( 'NONE',  ( 0.000000000000000000, -1.000000000000000000, -0.000000000000000000 ) ) ;
#4069 = ORIENTED_EDGE ( 'NONE', *, *, #3657, .F. ) ;
#4070 = EDGE_CURVE ( 'NONE', #1024, #3066, #2361, .T. ) ;
#4071 = LINE ( 'NONE', #1382, #1367 ) ;
#4072 = LINE ( 'NONE', #2766, #3032 ) ;
#4073 = EDGE_LOOP ( 'NONE', ( #3633, #633, #396, #1752 ) ) ;
#4074 = CIRCLE ( 'NONE', #3942, 1.999999999999998224 ) ;
#4075 = FACE_OUTER_BOUND ( 'NONE', #2832, .T. ) ;
#4076 = DIRECTION ( 'NONE',  ( -0.000000000000000000, 0.000000000000000000, -1.000000000000000000 ) ) ;
#4077 = ORIENTED_EDGE ( 'NONE', *, *, #3345, .F. ) ;
#4078 = CC_DESIGN_APPROVAL ( #3269, ( #1781 ) ) ;
#4079 = CARTESIAN_POINT ( 'NONE',  ( 290.8999999999999773, -182.0000000000000000, 22.00000000000000000 ) ) ;
ENDSEC;
END-ISO-10303-21;
