ISO-10303-21;
HEADER;
FILE_DESCRIPTION (( 'STEP AP203' ),
    '1' );
FILE_NAME ('LidLatchKeeperPack_V09_Stainless.STEP',
    '2026-08-26T12:14:55',
    ( '' ),
    ( '' ),
    'SwSTEP 2.0',
    'SolidWorks 2025',
    '' );
FILE_SCHEMA (( 'CONFIG_CONTROL_DESIGN' ));
ENDSEC;

DATA;
#1 = VERTEX_POINT ( 'NONE', #2298 ) ;
#2 = CARTESIAN_POINT ( 'NONE',  ( -287.8000000000000114, -205.0000000000000284, 18.00000000000000355 ) ) ;
#3 = CARTESIAN_POINT ( 'NONE',  ( 291.6499999999999773, -191.5000000000000000, 26.00000000000000000 ) ) ;
#4 = VERTEX_POINT ( 'NONE', #403 ) ;
#5 = VERTEX_POINT ( 'NONE', #2284 ) ;
#6 = PLANE ( 'NONE',  #2165 ) ;
#7 = LINE ( 'NONE', #1073, #371 ) ;
#8 = ORIENTED_EDGE ( 'NONE', *, *, #210, .T. ) ;
#9 = DIRECTION ( 'NONE',  ( 0.000000000000000000, 0.000000000000000000, 1.000000000000000000 ) ) ;
#10 = CARTESIAN_POINT ( 'NONE',  ( -289.8000000000000114, -202.0000000000000000, 24.00000000000000000 ) ) ;
#11 = CARTESIAN_POINT ( 'NONE',  ( -293.5000000000000000, 188.0000000000000000, 24.00000000000000000 ) ) ;
#12 = ADVANCED_FACE ( 'NONE', ( #2249 ), #1511, .T. ) ;
#13 = LINE ( 'NONE', #1335, #1322 ) ;
#14 = ORIENTED_EDGE ( 'NONE', *, *, #3069, .T. ) ;
#15 = EDGE_LOOP ( 'NONE', ( #3462, #617, #2201, #2920 ) ) ;
#16 = EDGE_CURVE ( 'NONE', #2982, #1692, #683, .T. ) ;
#17 = DIRECTION ( 'NONE',  ( 0.000000000000000000, 0.000000000000000000, 1.000000000000000000 ) ) ;
#18 = CARTESIAN_POINT ( 'NONE',  ( -287.8000000000000114, 190.0000000000000000, 25.60000000000000142 ) ) ;
#19 = ORIENTED_EDGE ( 'NONE', *, *, #125, .T. ) ;
#20 = ORIENTED_EDGE ( 'NONE', *, *, #2030, .F. ) ;
#21 = VECTOR ( 'NONE', #2098, 1000.000000000000000 ) ;
#22 = CARTESIAN_POINT ( 'NONE',  ( -289.7999999999999545, -203.5000000000000000, 26.00000000000000000 ) ) ;
#23 = AXIS2_PLACEMENT_3D ( 'NONE', #3276, #1957, #2697 ) ;
#24 = AXIS2_PLACEMENT_3D ( 'NONE', #346, #2172, #69 ) ;
#25 = ORIENTED_EDGE ( 'NONE', *, *, #814, .T. ) ;
#26 = DIRECTION ( 'NONE',  ( 0.000000000000000000, 0.000000000000000000, 1.000000000000000000 ) ) ;
#27 = CIRCLE ( 'NONE', #2153, 2.000000000000001776 ) ;
#28 = LINE ( 'NONE', #1917, #586 ) ;
#29 = VECTOR ( 'NONE', #634, 1000.000000000000000 ) ;
#30 = DIRECTION ( 'NONE',  ( 0.000000000000000000, -0.000000000000000000, 1.000000000000000000 ) ) ;
#31 = VECTOR ( 'NONE', #1782, 1000.000000000000000 ) ;
#32 = CIRCLE ( 'NONE', #372, 1.600000000000000755 ) ;
#33 = CARTESIAN_POINT ( 'NONE',  ( -289.7999999999999545, 190.0000000000000000, 22.00000000000000000 ) ) ;
#34 = CARTESIAN_POINT ( 'NONE',  ( 289.8000000000000114, 190.0000000000000000, 22.39999999999999858 ) ) ;
#35 = LINE ( 'NONE', #1702, #480 ) ;
#36 = CIRCLE ( 'NONE', #1157, 2.000000000000001776 ) ;
#37 = CIRCLE ( 'NONE', #2321, 1.600000000000000755 ) ;
#38 = ADVANCED_FACE ( 'NONE', ( #2855 ), #3057, .T. ) ;
#39 = ORIENTED_EDGE ( 'NONE', *, *, #269, .T. ) ;
#40 = ORIENTED_EDGE ( 'NONE', *, *, #662, .F. ) ;
#41 = AXIS2_PLACEMENT_3D ( 'NONE', #3086, #958, #158 ) ;
#42 = CARTESIAN_POINT ( 'NONE',  ( -293.5000000000000000, 200.5000000000000000, 26.00000000000000000 ) ) ;
#43 = PLANE ( 'NONE',  #876 ) ;
#44 = EDGE_CURVE ( 'NONE', #2040, #3295, #112, .T. ) ;
#45 = VERTEX_POINT ( 'NONE', #3388 ) ;
#46 = VERTEX_POINT ( 'NONE', #3375 ) ;
#47 = DIRECTION ( 'NONE',  ( 1.000000000000000000, 0.000000000000000000, -0.000000000000000000 ) ) ;
#48 = EDGE_CURVE ( 'NONE', #2004, #2605, #2376, .T. ) ;
#49 = ORIENTED_EDGE ( 'NONE', *, *, #2993, .T. ) ;
#50 = CARTESIAN_POINT ( 'NONE',  ( 289.7999999999999545, -191.5000000000000000, 26.00000000000000000 ) ) ;
#51 = DIRECTION ( 'NONE',  ( -0.000000000000000000, 1.000000000000000000, 0.000000000000000000 ) ) ;
#52 = CARTESIAN_POINT ( 'NONE',  ( 291.6499999999999773, -191.5000000000000000, 22.00000000000000000 ) ) ;
#53 = CARTESIAN_POINT ( 'NONE',  ( -289.8000000000000114, 196.0000000000000000, 18.00000000000000355 ) ) ;
#54 = LINE ( 'NONE', #1123, #2727 ) ;
#55 = PLANE ( 'NONE',  #2505 ) ;
#56 = EDGE_LOOP ( 'NONE', ( #1915, #795 ) ) ;
#57 = VERTEX_POINT ( 'NONE', #961 ) ;
#58 = LINE ( 'NONE', #911, #29 ) ;
#59 = DIRECTION ( 'NONE',  ( 0.000000000000000000, 0.000000000000000000, 1.000000000000000000 ) ) ;
#60 = ORIENTED_EDGE ( 'NONE', *, *, #2583, .T. ) ;
#61 = ORIENTED_EDGE ( 'NONE', *, *, #291, .T. ) ;
#62 = EDGE_CURVE ( 'NONE', #2164, #2176, #1924, .T. ) ;
#63 = CARTESIAN_POINT ( 'NONE',  ( -293.5000000000000000, 188.5000000000000000, 24.00000000000000000 ) ) ;
#64 = EDGE_LOOP ( 'NONE', ( #900, #2372, #802, #100 ) ) ;
#65 = CARTESIAN_POINT ( 'NONE',  ( 287.5000000000000568, -190.0000000000000000, 24.00000000000000000 ) ) ;
#66 = EDGE_CURVE ( 'NONE', #1731, #1554, #2262, .T. ) ;
#67 = DIRECTION ( 'NONE',  ( 0.000000000000000000, 0.000000000000000000, 1.000000000000000000 ) ) ;
#68 = DIRECTION ( 'NONE',  ( -1.000000000000000000, -0.000000000000000000, 0.000000000000000000 ) ) ;
#69 = DIRECTION ( 'NONE',  ( 0.000000000000000000, 0.000000000000000000, 1.000000000000000000 ) ) ;
#70 = DIRECTION ( 'NONE',  ( 1.000000000000000000, 0.000000000000000000, -0.000000000000000000 ) ) ;
#71 = CARTESIAN_POINT ( 'NONE',  ( 293.5000000000000000, -202.0000000000000000, 22.00000000000000000 ) ) ;
#72 = CARTESIAN_POINT ( 'NONE',  ( 291.6499999999999773, 190.0000000000000000, 26.00000000000000000 ) ) ;
#73 = ORIENTED_EDGE ( 'NONE', *, *, #1119, .T. ) ;
#74 = ORIENTED_EDGE ( 'NONE', *, *, #2058, .F. ) ;
#75 = CARTESIAN_POINT ( 'NONE',  ( 287.8000000000000114, 190.0000000000000000, 25.60000000000000142 ) ) ;
#76 = DIRECTION ( 'NONE',  ( 0.000000000000000000, 0.000000000000000000, 1.000000000000000000 ) ) ;
#77 = ORIENTED_EDGE ( 'NONE', *, *, #359, .F. ) ;
#78 = ORIENTED_EDGE ( 'NONE', *, *, #3084, .T. ) ;
#79 = CARTESIAN_POINT ( 'NONE',  ( 293.5000000000000000, 204.0000000000000284, 22.00000000000000000 ) ) ;
#80 = CARTESIAN_POINT ( 'NONE',  ( 291.6499999999999773, 191.5000000000000000, 26.00000000000000000 ) ) ;
#81 = EDGE_CURVE ( 'NONE', #1083, #1713, #1978, .T. ) ;
#82 = ORIENTED_EDGE ( 'NONE', *, *, #3040, .T. ) ;
#83 = AXIS2_PLACEMENT_3D ( 'NONE', #3325, #2313, #3363 ) ;
#84 = LINE ( 'NONE', #1151, #1331 ) ;
#85 = DIRECTION ( 'NONE',  ( -0.000000000000000000, 0.000000000000000000, -1.000000000000000000 ) ) ;
#86 = CARTESIAN_POINT ( 'NONE',  ( -287.5000000000000568, 202.0000000000000000, 25.60000000000000142 ) ) ;
#87 = EDGE_CURVE ( 'NONE', #3042, #2960, #653, .T. ) ;
#88 = CARTESIAN_POINT ( 'NONE',  ( 289.7999999999999545, -188.5000000000000000, 22.00000000000000000 ) ) ;
#89 = CIRCLE ( 'NONE', #2039, 2.000000000000001776 ) ;
#90 = VECTOR ( 'NONE', #1567, 1000.000000000000000 ) ;
#91 = FACE_OUTER_BOUND ( 'NONE', #1186, .T. ) ;
#92 = CARTESIAN_POINT ( 'NONE',  ( 289.7999999999999545, 203.5000000000000000, 26.00000000000000000 ) ) ;
#93 = AXIS2_PLACEMENT_3D ( 'NONE', #225, #1339, #2640 ) ;
#94 = EDGE_CURVE ( 'NONE', #3295, #2357, #1309, .T. ) ;
#95 = ORIENTED_EDGE ( 'NONE', *, *, #2910, .T. ) ;
#96 = VERTEX_POINT ( 'NONE', #3342 ) ;
#97 = CARTESIAN_POINT ( 'NONE',  ( -289.7999999999999545, 200.5000000000000000, 26.00000000000000000 ) ) ;
#98 = CIRCLE ( 'NONE', #3172, 1.600000000000000755 ) ;
#99 = AXIS2_PLACEMENT_3D ( 'NONE', #1508, #2790, #1244 ) ;
#100 = ORIENTED_EDGE ( 'NONE', *, *, #3311, .F. ) ;
#101 = VERTEX_POINT ( 'NONE', #2795 ) ;
#102 = DIRECTION ( 'NONE',  ( 0.000000000000000000, 0.000000000000000000, -1.000000000000000000 ) ) ;
#103 = ORIENTED_EDGE ( 'NONE', *, *, #295, .T. ) ;
#104 = DIRECTION ( 'NONE',  ( 0.000000000000000000, 0.000000000000000000, 1.000000000000000000 ) ) ;
#105 = CC_DESIGN_PERSON_AND_ORGANIZATION_ASSIGNMENT ( #1500, #1173, ( #2555 ) ) ;
#106 = FACE_OUTER_BOUND ( 'NONE', #3082, .T. ) ;
#107 = CARTESIAN_POINT ( 'NONE',  ( -291.6499999999999773, 200.5000000000000000, 22.00000000000000000 ) ) ;
#108 = FACE_BOUND ( 'NONE', #266, .T. ) ;
#109 = CARTESIAN_POINT ( 'NONE',  ( 287.8000000000000114, -196.0000000000000000, 18.00000000000000355 ) ) ;
#110 = EDGE_CURVE ( 'NONE', #2337, #1450, #160, .T. ) ;
#111 = VERTEX_POINT ( 'NONE', #419 ) ;
#112 = LINE ( 'NONE', #2808, #1427 ) ;
#113 = DIRECTION ( 'NONE',  ( 0.000000000000000000, 0.000000000000000000, 1.000000000000000000 ) ) ;
#114 = EDGE_CURVE ( 'NONE', #513, #1083, #2028, .T. ) ;
#115 = ORIENTED_EDGE ( 'NONE', *, *, #641, .T. ) ;
#116 = ORIENTED_EDGE ( 'NONE', *, *, #1949, .F. ) ;
#117 = CARTESIAN_POINT ( 'NONE',  ( 293.5000000000000000, 191.5000000000000000, 26.00000000000000000 ) ) ;
#118 = ORIENTED_EDGE ( 'NONE', *, *, #806, .T. ) ;
#119 = DIRECTION ( 'NONE',  ( -0.000000000000000000, 0.000000000000000000, -1.000000000000000000 ) ) ;
#120 = DIRECTION ( 'NONE',  ( -1.000000000000000000, -0.000000000000000000, 0.000000000000000000 ) ) ;
#121 = FACE_OUTER_BOUND ( 'NONE', #3365, .T. ) ;
#122 = DIRECTION ( 'NONE',  ( 0.000000000000000000, 0.000000000000000000, -1.000000000000000000 ) ) ;
#123 = DIRECTION ( 'NONE',  ( 0.000000000000000000, 0.000000000000000000, 1.000000000000000000 ) ) ;
#124 = ORIENTED_EDGE ( 'NONE', *, *, #62, .T. ) ;
#125 = EDGE_CURVE ( 'NONE', #1450, #773, #2034, .T. ) ;
#126 = LINE ( 'NONE', #1774, #1366 ) ;
#127 = LINE ( 'NONE', #1729, #306 ) ;
#128 = EDGE_LOOP ( 'NONE', ( #3009, #2574, #1598, #3430, #751, #228, #175, #3233 ) ) ;
#129 = EDGE_CURVE ( 'NONE', #3042, #894, #416, .T. ) ;
#130 = ORIENTED_EDGE ( 'NONE', *, *, #2292, .T. ) ;
#131 = CARTESIAN_POINT ( 'NONE',  ( -289.7999999999999545, -203.5000000000000000, 23.44322356371700167 ) ) ;
#132 = EDGE_CURVE ( 'NONE', #2858, #1373, #126, .T. ) ;
#133 = EDGE_LOOP ( 'NONE', ( #658, #3434, #2316, #1195, #223, #14, #2956, #2166, #1756, #964, #2409, #1679 ) ) ;
#134 = FACE_OUTER_BOUND ( 'NONE', #2743, .T. ) ;
#135 = FACE_OUTER_BOUND ( 'NONE', #848, .T. ) ;
#136 = PERSON_AND_ORGANIZATION_ROLE ( 'creator' ) ;
#137 = CARTESIAN_POINT ( 'NONE',  ( -287.5000000000000568, -190.0000000000000000, 25.60000000000000142 ) ) ;
#138 = CARTESIAN_POINT ( 'NONE',  ( 293.5000000000000000, 188.0000000000000000, 26.00000000000000355 ) ) ;
#139 = VECTOR ( 'NONE', #258, 1000.000000000000000 ) ;
#140 = AXIS2_PLACEMENT_3D ( 'NONE', #361, #1628, #67 ) ;
#141 = DIRECTION ( 'NONE',  ( 1.000000000000000000, 0.000000000000000000, 0.000000000000000000 ) ) ;
#142 = DIRECTION ( 'NONE',  ( 0.000000000000000000, -1.000000000000000000, -0.000000000000000000 ) ) ;
#143 = CIRCLE ( 'NONE', #1210, 2.000000000000001776 ) ;
#144 = ADVANCED_FACE ( 'NONE', ( #930 ), #438, .T. ) ;
#145 = ORIENTED_EDGE ( 'NONE', *, *, #2746, .T. ) ;
#146 = ORIENTED_EDGE ( 'NONE', *, *, #461, .T. ) ;
#147 = VECTOR ( 'NONE', #1850, 1000.000000000000000 ) ;
#148 = VECTOR ( 'NONE', #562, 1000.000000000000000 ) ;
#149 = EDGE_CURVE ( 'NONE', #1462, #2286, #3205, .T. ) ;
#150 = CARTESIAN_POINT ( 'NONE',  ( -289.7999999999999545, 188.5000000000000000, 26.00000000000000000 ) ) ;
#151 = CIRCLE ( 'NONE', #870, 1.600000000000000755 ) ;
#152 = ORIENTED_EDGE ( 'NONE', *, *, #2806, .F. ) ;
#153 = ORIENTED_EDGE ( 'NONE', *, *, #3084, .F. ) ;
#154 = AXIS2_PLACEMENT_3D ( 'NONE', #3203, #2612, #487 ) ;
#155 = EDGE_CURVE ( 'NONE', #3295, #2609, #1591, .T. ) ;
#156 = CARTESIAN_POINT ( 'NONE',  ( -291.6499999999999773, 190.0000000000000000, 22.00000000000000000 ) ) ;
#157 = CARTESIAN_POINT ( 'NONE',  ( 289.7999999999999545, 190.0000000000000000, 26.00000000000000000 ) ) ;
#158 = DIRECTION ( 'NONE',  ( 0.000000000000000000, 0.000000000000000000, 1.000000000000000000 ) ) ;
#159 = DIRECTION ( 'NONE',  ( 1.000000000000000000, 0.000000000000000000, 0.000000000000000000 ) ) ;
#160 = LINE ( 'NONE', #3089, #2090 ) ;
#161 = CARTESIAN_POINT ( 'NONE',  ( -289.8000000000000114, -200.5000000000000000, 24.55677643628299833 ) ) ;
#162 = EDGE_LOOP ( 'NONE', ( #1849, #327, #1227, #130 ) ) ;
#163 = ORIENTED_EDGE ( 'NONE', *, *, #1414, .F. ) ;
#164 =( NAMED_UNIT ( * ) SI_UNIT ( $, .STERADIAN. ) SOLID_ANGLE_UNIT ( ) );
#165 = DIRECTION ( 'NONE',  ( 0.000000000000000000, 0.000000000000000000, -1.000000000000000000 ) ) ;
#166 = ORIENTED_EDGE ( 'NONE', *, *, #408, .T. ) ;
#167 = EDGE_CURVE ( 'NONE', #2578, #45, #1813, .T. ) ;
#168 = CARTESIAN_POINT ( 'NONE',  ( -289.8000000000000114, -202.0000000000000000, 24.00000000000000000 ) ) ;
#169 = EDGE_CURVE ( 'NONE', #1655, #1897, #1590, .T. ) ;
#170 = CARTESIAN_POINT ( 'NONE',  ( 287.8000000000000114, -205.0000000000000284, 32.00000000000000000 ) ) ;
#171 = FACE_OUTER_BOUND ( 'NONE', #517, .T. ) ;
#172 = CARTESIAN_POINT ( 'NONE',  ( 293.5000000000000000, -200.5000000000000000, 26.00000000000000000 ) ) ;
#173 = DIRECTION ( 'NONE',  ( 0.000000000000000000, 1.000000000000000000, 0.000000000000000000 ) ) ;
#174 = DIRECTION ( 'NONE',  ( -1.000000000000000000, 0.000000000000000000, 0.000000000000000000 ) ) ;
#175 = ORIENTED_EDGE ( 'NONE', *, *, #3408, .T. ) ;
#176 = PLANE ( 'NONE',  #1544 ) ;
#177 = ORIENTED_EDGE ( 'NONE', *, *, #1137, .T. ) ;
#178 = LINE ( 'NONE', #1254, #2662 ) ;
#179 = ADVANCED_FACE ( 'NONE', ( #1024 ), #184, .F. ) ;
#180 = ORIENTED_EDGE ( 'NONE', *, *, #763, .T. ) ;
#181 = CARTESIAN_POINT ( 'NONE',  ( -287.5000000000000568, 202.0000000000000000, 22.39999999999999858 ) ) ;
#182 = LINE ( 'NONE', #3374, #3054 ) ;
#183 = EDGE_CURVE ( 'NONE', #3078, #525, #732, .T. ) ;
#184 = CYLINDRICAL_SURFACE ( 'NONE', #358, 1.600000000000000755 ) ;
#185 = PLANE ( 'NONE',  #594 ) ;
#186 = EDGE_CURVE ( 'NONE', #1731, #1236, #1821, .T. ) ;
#187 = VECTOR ( 'NONE', #1174, 1000.000000000000000 ) ;
#188 = CIRCLE ( 'NONE', #246, 1.600000000000000755 ) ;
#189 = ORIENTED_EDGE ( 'NONE', *, *, #2614, .T. ) ;
#190 = EDGE_LOOP ( 'NONE', ( #2526, #82, #2846, #1531, #2489, #215 ) ) ;
#191 = VECTOR ( 'NONE', #592, 1000.000000000000000 ) ;
#192 = PERSON_AND_ORGANIZATION ( #2302, #260 ) ;
#193 = AXIS2_PLACEMENT_3D ( 'NONE', #1197, #1965, #1426 ) ;
#194 = CARTESIAN_POINT ( 'NONE',  ( 289.8000000000000114, 196.0000000000000000, 32.00000000000000000 ) ) ;
#195 = CIRCLE ( 'NONE', #1437, 2.000000000000001776 ) ;
#196 = VECTOR ( 'NONE', #1140, 1000.000000000000000 ) ;
#197 = ORIENTED_EDGE ( 'NONE', *, *, #1223, .T. ) ;
#198 = AXIS2_PLACEMENT_3D ( 'NONE', #3270, #1087, #3008 ) ;
#199 = VECTOR ( 'NONE', #2613, 1000.000000000000000 ) ;
#200 = CARTESIAN_POINT ( 'NONE',  ( -289.7999999999999545, -190.0000000000000000, 22.00000000000000000 ) ) ;
#201 = ORIENTED_EDGE ( 'NONE', *, *, #3245, .T. ) ;
#202 = PLANE ( 'NONE',  #3459 ) ;
#203 = FACE_OUTER_BOUND ( 'NONE', #3038, .T. ) ;
#204 = DIRECTION ( 'NONE',  ( 1.000000000000000000, 0.000000000000000000, -0.000000000000000000 ) ) ;
#205 = DIRECTION ( 'NONE',  ( 0.000000000000000000, 0.000000000000000000, 1.000000000000000000 ) ) ;
#206 = EDGE_CURVE ( 'NONE', #934, #3381, #1255, .T. ) ;
#207 = CARTESIAN_POINT ( 'NONE',  ( -293.5000000000000000, 204.0000000000000284, 24.00000000000000000 ) ) ;
#208 = ORIENTED_EDGE ( 'NONE', *, *, #2658, .T. ) ;
#209 = ORIENTED_EDGE ( 'NONE', *, *, #2862, .T. ) ;
#210 = EDGE_CURVE ( 'NONE', #3416, #1981, #1869, .T. ) ;
#211 = CARTESIAN_POINT ( 'NONE',  ( -289.8000000000000114, 187.0000000000000000, 32.00000000000000000 ) ) ;
#212 = VERTEX_POINT ( 'NONE', #2633 ) ;
#213 = ORIENTED_EDGE ( 'NONE', *, *, #2760, .T. ) ;
#214 = CARTESIAN_POINT ( 'NONE',  ( -289.8000000000000114, -190.0000000000000000, 24.00000000000000000 ) ) ;
#215 = ORIENTED_EDGE ( 'NONE', *, *, #2315, .T. ) ;
#216 = DIRECTION ( 'NONE',  ( 0.000000000000000000, 0.000000000000000000, -1.000000000000000000 ) ) ;
#217 = DIRECTION ( 'NONE',  ( 0.000000000000000000, 0.000000000000000000, 1.000000000000000000 ) ) ;
#218 = CARTESIAN_POINT ( 'NONE',  ( 289.7999999999999545, -202.0000000000000000, 22.00000000000000000 ) ) ;
#219 = CARTESIAN_POINT ( 'NONE',  ( 289.8000000000000114, -190.0000000000000000, 24.00000000000000000 ) ) ;
#220 = CARTESIAN_POINT ( 'NONE',  ( -287.8000000000000114, -196.0000000000000000, 18.00000000000000355 ) ) ;
#221 = EDGE_CURVE ( 'NONE', #1936, #605, #2665, .T. ) ;
#222 = ORIENTED_EDGE ( 'NONE', *, *, #81, .T. ) ;
#223 = ORIENTED_EDGE ( 'NONE', *, *, #2092, .T. ) ;
#224 = FACE_OUTER_BOUND ( 'NONE', #244, .T. ) ;
#225 = CARTESIAN_POINT ( 'NONE',  ( -287.5000000000000568, 202.0000000000000000, 24.00000000000000000 ) ) ;
#226 = EDGE_CURVE ( 'NONE', #525, #1256, #2945, .T. ) ;
#227 = ORIENTED_EDGE ( 'NONE', *, *, #2642, .T. ) ;
#228 = ORIENTED_EDGE ( 'NONE', *, *, #996, .F. ) ;
#229 = DIRECTION ( 'NONE',  ( -0.000000000000000000, 0.000000000000000000, -1.000000000000000000 ) ) ;
#230 = ORIENTED_EDGE ( 'NONE', *, *, #1691, .F. ) ;
#231 = FACE_OUTER_BOUND ( 'NONE', #1142, .T. ) ;
#232 = PLANE ( 'NONE',  #2715 ) ;
#233 = DIRECTION ( 'NONE',  ( -1.000000000000000000, 0.000000000000000000, 0.000000000000000000 ) ) ;
#234 = DIRECTION ( 'NONE',  ( 0.000000000000000000, 0.000000000000000000, 1.000000000000000000 ) ) ;
#235 = CARTESIAN_POINT ( 'NONE',  ( 289.8000000000000114, 205.0000000000000284, 18.00000000000000355 ) ) ;
#236 = LINE ( 'NONE', #1063, #1216 ) ;
#237 = ORIENTED_EDGE ( 'NONE', *, *, #1538, .F. ) ;
#238 = VERTEX_POINT ( 'NONE', #1333 ) ;
#239 = DIRECTION ( 'NONE',  ( 1.000000000000000000, 0.000000000000000000, -0.000000000000000000 ) ) ;
#240 = EDGE_CURVE ( 'NONE', #1517, #2692, #2079, .T. ) ;
#241 = VECTOR ( 'NONE', #141, 1000.000000000000000 ) ;
#242 = DIRECTION ( 'NONE',  ( -0.000000000000000000, 0.000000000000000000, -1.000000000000000000 ) ) ;
#243 = ORIENTED_EDGE ( 'NONE', *, *, #670, .T. ) ;
#244 = EDGE_LOOP ( 'NONE', ( #277, #1696, #1222, #1793 ) ) ;
#245 = VECTOR ( 'NONE', #2495, 1000.000000000000000 ) ;
#246 = AXIS2_PLACEMENT_3D ( 'NONE', #2979, #2755, #1615 ) ;
#247 = DIRECTION ( 'NONE',  ( 0.000000000000000000, 0.000000000000000000, 1.000000000000000000 ) ) ;
#248 = AXIS2_PLACEMENT_3D ( 'NONE', #3167, #3186, #1812 ) ;
#249 = VECTOR ( 'NONE', #2759, 1000.000000000000000 ) ;
#250 = DESIGN_CONTEXT ( 'detailed design', #2368, 'design' ) ;
#251 = ORIENTED_EDGE ( 'NONE', *, *, #2593, .F. ) ;
#252 = AXIS2_PLACEMENT_3D ( 'NONE', #2386, #3177, #2869 ) ;
#253 = VECTOR ( 'NONE', #672, 1000.000000000000000 ) ;
#254 = CARTESIAN_POINT ( 'NONE',  ( 293.5000000000000000, -188.0000000000000000, 22.00000000000000000 ) ) ;
#255 = ADVANCED_FACE ( 'NONE', ( #2868 ), #505, .F. ) ;
#256 = CARTESIAN_POINT ( 'NONE',  ( 289.7999999999999545, 191.5000000000000000, 23.44322356371700167 ) ) ;
#257 = VECTOR ( 'NONE', #2025, 1000.000000000000000 ) ;
#258 = DIRECTION ( 'NONE',  ( 0.000000000000000000, -1.000000000000000000, -0.000000000000000000 ) ) ;
#259 = DIRECTION ( 'NONE',  ( 0.000000000000000000, 1.000000000000000000, 0.000000000000000000 ) ) ;
#260 = ORGANIZATION ( '未', '未', '' ) ;
#261 = CARTESIAN_POINT ( 'NONE',  ( 291.6499999999999773, 191.5000000000000000, 22.00000000000000000 ) ) ;
#262 = VERTEX_POINT ( 'NONE', #1007 ) ;
#263 = ORIENTED_EDGE ( 'NONE', *, *, #2624, .F. ) ;
#264 = LINE ( 'NONE', #2139, #975 ) ;
#265 = DIRECTION ( 'NONE',  ( 0.000000000000000000, 0.000000000000000000, 1.000000000000000000 ) ) ;
#266 = EDGE_LOOP ( 'NONE', ( #1469, #485, #1169, #720, #2966, #445, #3199, #2492 ) ) ;
#267 = ORIENTED_EDGE ( 'NONE', *, *, #2054, .F. ) ;
#268 = LINE ( 'NONE', #200, #1379 ) ;
#269 = EDGE_CURVE ( 'NONE', #284, #2395, #2437, .T. ) ;
#270 = ORIENTED_EDGE ( 'NONE', *, *, #1164, .T. ) ;
#271 = DIRECTION ( 'NONE',  ( 0.000000000000000000, -0.000000000000000000, 1.000000000000000000 ) ) ;
#272 = DIRECTION ( 'NONE',  ( 0.000000000000000000, 1.000000000000000000, 0.000000000000000000 ) ) ;
#273 = EDGE_CURVE ( 'NONE', #2982, #2602, #2599, .T. ) ;
#274 = FACE_OUTER_BOUND ( 'NONE', #2181, .T. ) ;
#275 = CARTESIAN_POINT ( 'NONE',  ( 291.6499999999999773, 202.0000000000000000, 26.00000000000000000 ) ) ;
#276 = CARTESIAN_POINT ( 'NONE',  ( 289.8000000000000114, 205.0000000000000284, 18.00000000000000355 ) ) ;
#277 = ORIENTED_EDGE ( 'NONE', *, *, #2883, .F. ) ;
#278 = ORIENTED_EDGE ( 'NONE', *, *, #662, .T. ) ;
#279 = DIRECTION ( 'NONE',  ( 0.000000000000000000, 0.000000000000000000, 1.000000000000000000 ) ) ;
#280 = CARTESIAN_POINT ( 'NONE',  ( 293.5000000000000000, 188.0000000000000000, 26.00000000000000355 ) ) ;
#281 = ORIENTED_EDGE ( 'NONE', *, *, #1299, .F. ) ;
#282 = VERTEX_POINT ( 'NONE', #2924 ) ;
#283 = LINE ( 'NONE', #1148, #2508 ) ;
#284 = VERTEX_POINT ( 'NONE', #2616 ) ;
#285 = DIRECTION ( 'NONE',  ( 1.000000000000000000, 0.000000000000000000, -0.000000000000000000 ) ) ;
#286 = LINE ( 'NONE', #1438, #2554 ) ;
#287 = EDGE_CURVE ( 'NONE', #2076, #3136, #1262, .T. ) ;
#288 = DIRECTION ( 'NONE',  ( 0.000000000000000000, 0.000000000000000000, 1.000000000000000000 ) ) ;
#289 = CARTESIAN_POINT ( 'NONE',  ( 293.5000000000000000, -204.0000000000000284, 24.00000000000000000 ) ) ;
#290 = LINE ( 'NONE', #631, #1877 ) ;
#291 = EDGE_CURVE ( 'NONE', #1315, #3416, #2332, .T. ) ;
#292 = VERTEX_POINT ( 'NONE', #3191 ) ;
#293 = ORIENTED_EDGE ( 'NONE', *, *, #800, .F. ) ;
#294 = LINE ( 'NONE', #2968, #422 ) ;
#295 = EDGE_CURVE ( 'NONE', #1964, #2126, #1765, .T. ) ;
#296 = CARTESIAN_POINT ( 'NONE',  ( 293.5000000000000000, -190.0000000000000000, 22.00000000000000000 ) ) ;
#297 = VERTEX_POINT ( 'NONE', #838 ) ;
#298 = ORIENTED_EDGE ( 'NONE', *, *, #1578, .F. ) ;
#299 = AXIS2_PLACEMENT_3D ( 'NONE', #3422, #2908, #1855 ) ;
#300 = DIRECTION ( 'NONE',  ( 0.000000000000000000, 0.000000000000000000, 1.000000000000000000 ) ) ;
#301 = VECTOR ( 'NONE', #159, 1000.000000000000000 ) ;
#302 = AXIS2_PLACEMENT_3D ( 'NONE', #33, #852, #872 ) ;
#303 = VERTEX_POINT ( 'NONE', #2480 ) ;
#304 = DIRECTION ( 'NONE',  ( -0.000000000000000000, 1.000000000000000000, 0.000000000000000000 ) ) ;
#305 = VECTOR ( 'NONE', #3134, 1000.000000000000000 ) ;
#306 = VECTOR ( 'NONE', #842, 1000.000000000000000 ) ;
#307 = DIRECTION ( 'NONE',  ( 0.000000000000000000, 0.000000000000000000, 1.000000000000000000 ) ) ;
#308 = AXIS2_PLACEMENT_3D ( 'NONE', #1272, #2412, #242 ) ;
#309 = VECTOR ( 'NONE', #734, 1000.000000000000000 ) ;
#310 = CC_DESIGN_DATE_AND_TIME_ASSIGNMENT ( #3144, #1012, ( #1037 ) ) ;
#311 = CARTESIAN_POINT ( 'NONE',  ( 289.7999999999999545, -191.5000000000000000, 22.00000000000000000 ) ) ;
#312 = CARTESIAN_POINT ( 'NONE',  ( -287.8000000000000114, -202.0000000000000000, 25.60000000000000142 ) ) ;
#313 = LINE ( 'NONE', #2174, #759 ) ;
#314 = CYLINDRICAL_SURFACE ( 'NONE', #809, 2.000000000000001776 ) ;
#315 = AXIS2_PLACEMENT_3D ( 'NONE', #2140, #1145, #2969 ) ;
#316 = ORIENTED_EDGE ( 'NONE', *, *, #553, .F. ) ;
#317 = EDGE_CURVE ( 'NONE', #3381, #1693, #2214, .T. ) ;
#318 = EDGE_LOOP ( 'NONE', ( #1267, #177, #1948, #2345, #237, #2827, #3162, #1982 ) ) ;
#319 = VECTOR ( 'NONE', #822, 1000.000000000000000 ) ;
#320 = CARTESIAN_POINT ( 'NONE',  ( -289.7999999999999545, 200.5000000000000000, 22.00000000000000000 ) ) ;
#321 = FACE_OUTER_BOUND ( 'NONE', #3133, .T. ) ;
#322 = VECTOR ( 'NONE', #104, 1000.000000000000000 ) ;
#323 = ORIENTED_EDGE ( 'NONE', *, *, #2537, .T. ) ;
#324 = EDGE_CURVE ( 'NONE', #758, #2935, #2439, .T. ) ;
#325 = ORIENTED_EDGE ( 'NONE', *, *, #1608, .F. ) ;
#326 = CARTESIAN_POINT ( 'NONE',  ( -291.6499999999999773, -188.5000000000000000, 22.00000000000000000 ) ) ;
#327 = ORIENTED_EDGE ( 'NONE', *, *, #624, .T. ) ;
#328 = DIRECTION ( 'NONE',  ( 1.000000000000000000, 0.000000000000000000, -0.000000000000000000 ) ) ;
#329 = CARTESIAN_POINT ( 'NONE',  ( -289.8000000000000114, 202.0000000000000000, 24.00000000000000000 ) ) ;
#330 = CARTESIAN_POINT ( 'NONE',  ( -293.5000000000000000, -203.5000000000000000, 26.00000000000000000 ) ) ;
#331 = PLANE ( 'NONE',  #3056 ) ;
#332 = CARTESIAN_POINT ( 'NONE',  ( -287.8000000000000114, 202.0000000000000000, 22.39999999999999858 ) ) ;
#333 = FACE_OUTER_BOUND ( 'NONE', #424, .T. ) ;
#334 = ORIENTED_EDGE ( 'NONE', *, *, #1898, .F. ) ;
#335 = CARTESIAN_POINT ( 'NONE',  ( 293.5000000000000000, -204.0000000000000284, 26.00000000000000355 ) ) ;
#336 = ADVANCED_FACE ( 'NONE', ( #1685 ), #891, .T. ) ;
#337 = DIRECTION ( 'NONE',  ( 0.000000000000000000, 0.000000000000000000, -1.000000000000000000 ) ) ;
#338 = VERTEX_POINT ( 'NONE', #1386 ) ;
#339 = ORIENTED_EDGE ( 'NONE', *, *, #1060, .F. ) ;
#340 = CARTESIAN_POINT ( 'NONE',  ( 287.8000000000000114, -202.0000000000000000, 24.00000000000000000 ) ) ;
#341 = EDGE_CURVE ( 'NONE', #2939, #2912, #1920, .T. ) ;
#342 = DIRECTION ( 'NONE',  ( 0.000000000000000000, 0.000000000000000000, 1.000000000000000000 ) ) ;
#343 = ORIENTED_EDGE ( 'NONE', *, *, #3088, .F. ) ;
#344 = DIRECTION ( 'NONE',  ( 0.000000000000000000, 0.000000000000000000, 1.000000000000000000 ) ) ;
#345 = DIRECTION ( 'NONE',  ( 0.000000000000000000, 0.000000000000000000, 1.000000000000000000 ) ) ;
#346 = CARTESIAN_POINT ( 'NONE',  ( -289.8000000000000114, -202.0000000000000000, 24.00000000000000000 ) ) ;
#347 = CARTESIAN_POINT ( 'NONE',  ( 289.8000000000000114, -190.0000000000000000, 25.60000000000000142 ) ) ;
#348 = PLANE ( 'NONE',  #1439 ) ;
#349 = ORIENTED_EDGE ( 'NONE', *, *, #1566, .T. ) ;
#350 = ORIENTED_EDGE ( 'NONE', *, *, #2910, .F. ) ;
#351 = DIRECTION ( 'NONE',  ( -0.000000000000000000, -1.000000000000000000, -0.000000000000000000 ) ) ;
#352 = ORIENTED_EDGE ( 'NONE', *, *, #3069, .F. ) ;
#353 = ORIENTED_EDGE ( 'NONE', *, *, #709, .F. ) ;
#354 = CC_DESIGN_DATE_AND_TIME_ASSIGNMENT ( #1722, #1737, ( #2460 ) ) ;
#355 = CARTESIAN_POINT ( 'NONE',  ( -289.7999999999999545, -191.5000000000000000, 26.00000000000000000 ) ) ;
#356 = CARTESIAN_POINT ( 'NONE',  ( 293.5000000000000000, -204.0000000000000284, 26.00000000000000355 ) ) ;
#357 = ORIENTED_EDGE ( 'NONE', *, *, #1441, .T. ) ;
#358 = AXIS2_PLACEMENT_3D ( 'NONE', #783, #2406, #3409 ) ;
#359 = EDGE_CURVE ( 'NONE', #1693, #2513, #3282, .T. ) ;
#360 = APPLICATION_PROTOCOL_DEFINITION ( 'international standard', 'config_control_design', 1994, #938 ) ;
#361 = CARTESIAN_POINT ( 'NONE',  ( -289.8000000000000114, -202.0000000000000000, 24.00000000000000000 ) ) ;
#362 = FACE_OUTER_BOUND ( 'NONE', #2417, .T. ) ;
#363 = VECTOR ( 'NONE', #1642, 1000.000000000000000 ) ;
#364 = ADVANCED_FACE ( 'NONE', ( #1905 ), #544, .T. ) ;
#365 = CARTESIAN_POINT ( 'NONE',  ( -289.8000000000000114, -205.0000000000000284, 32.00000000000000000 ) ) ;
#366 = AXIS2_PLACEMENT_3D ( 'NONE', #1384, #68, #345 ) ;
#367 = CIRCLE ( 'NONE', #3287, 1.600000000000000755 ) ;
#368 = DIRECTION ( 'NONE',  ( 0.000000000000000000, -1.000000000000000000, 0.000000000000000000 ) ) ;
#369 = FACE_BOUND ( 'NONE', #1892, .T. ) ;
#370 = FACE_OUTER_BOUND ( 'NONE', #1358, .T. ) ;
#371 = VECTOR ( 'NONE', #1532, 1000.000000000000000 ) ;
#372 = AXIS2_PLACEMENT_3D ( 'NONE', #932, #3077, #2823 ) ;
#373 = ORIENTED_EDGE ( 'NONE', *, *, #169, .F. ) ;
#374 = VERTEX_POINT ( 'NONE', #2206 ) ;
#375 = VECTOR ( 'NONE', #2119, 1000.000000000000000 ) ;
#376 = CARTESIAN_POINT ( 'NONE',  ( -289.8000000000000114, 190.0000000000000000, 24.00000000000000000 ) ) ;
#377 = AXIS2_PLACEMENT_3D ( 'NONE', #1059, #85, #1939 ) ;
#378 = AXIS2_PLACEMENT_3D ( 'NONE', #927, #2531, #680 ) ;
#379 = EDGE_LOOP ( 'NONE', ( #539, #213, #3288, #74, #3254, #1815 ) ) ;
#380 = ORIENTED_EDGE ( 'NONE', *, *, #899, .F. ) ;
#381 = DIRECTION ( 'NONE',  ( -0.000000000000000000, -1.000000000000000000, -0.000000000000000000 ) ) ;
#382 = ORIENTED_EDGE ( 'NONE', *, *, #1566, .F. ) ;
#383 = DIRECTION ( 'NONE',  ( 0.000000000000000000, -1.000000000000000000, -0.000000000000000000 ) ) ;
#384 = EDGE_CURVE ( 'NONE', #3411, #2723, #188, .T. ) ;
#385 = FACE_OUTER_BOUND ( 'NONE', #1860, .T. ) ;
#386 = APPROVAL_ROLE ( '' ) ;
#387 = DIRECTION ( 'NONE',  ( -0.000000000000000000, 1.000000000000000000, 0.000000000000000000 ) ) ;
#388 = LINE ( 'NONE', #2063, #1099 ) ;
#389 = ADVANCED_FACE ( 'NONE', ( #1668 ), #2738, .T. ) ;
#390 = EDGE_LOOP ( 'NONE', ( #2472, #1070 ) ) ;
#391 = CARTESIAN_POINT ( 'NONE',  ( -291.6499999999999773, -188.5000000000000000, 22.00000000000000000 ) ) ;
#392 = LINE ( 'NONE', #618, #1768 ) ;
#393 = EDGE_CURVE ( 'NONE', #1867, #703, #1159, .T. ) ;
#394 = ORIENTED_EDGE ( 'NONE', *, *, #3214, .T. ) ;
#395 = ORIENTED_EDGE ( 'NONE', *, *, #2551, .F. ) ;
#396 = DIRECTION ( 'NONE',  ( 0.000000000000000000, -0.000000000000000000, 1.000000000000000000 ) ) ;
#397 = ORIENTED_EDGE ( 'NONE', *, *, #2446, .F. ) ;
#398 = LINE ( 'NONE', #712, #2881 ) ;
#399 = LINE ( 'NONE', #3097, #528 ) ;
#400 = CARTESIAN_POINT ( 'NONE',  ( 291.6499999999999773, -200.5000000000000000, 22.00000000000000000 ) ) ;
#401 = ADVANCED_FACE ( 'NONE', ( #274 ), #331, .T. ) ;
#402 = LINE ( 'NONE', #1752, #301 ) ;
#403 = CARTESIAN_POINT ( 'NONE',  ( 289.8000000000000114, -187.0000000000000000, 32.00000000000000000 ) ) ;
#404 = ADVANCED_FACE ( 'NONE', ( #3227 ), #821, .T. ) ;
#405 = FACE_OUTER_BOUND ( 'NONE', #808, .T. ) ;
#406 = EDGE_LOOP ( 'NONE', ( #2061, #2852, #3299, #3010 ) ) ;
#407 = VERTEX_POINT ( 'NONE', #3247 ) ;
#408 = EDGE_CURVE ( 'NONE', #1655, #2455, #2963, .T. ) ;
#409 = CARTESIAN_POINT ( 'NONE',  ( -288.8000000000000114, -187.0000000000000000, 18.00000000000000355 ) ) ;
#410 = ORIENTED_EDGE ( 'NONE', *, *, #87, .T. ) ;
#411 = CARTESIAN_POINT ( 'NONE',  ( -293.5000000000000000, 188.0000000000000000, 22.00000000000000000 ) ) ;
#412 = DIRECTION ( 'NONE',  ( 0.000000000000000000, 0.000000000000000000, 1.000000000000000000 ) ) ;
#413 = PERSON_AND_ORGANIZATION ( #2302, #260 ) ;
#414 = FACE_OUTER_BOUND ( 'NONE', #390, .T. ) ;
#415 = FACE_OUTER_BOUND ( 'NONE', #2622, .T. ) ;
#416 = CIRCLE ( 'NONE', #3278, 1.600000000000000755 ) ;
#417 = CARTESIAN_POINT ( 'NONE',  ( 287.8000000000000114, -202.0000000000000000, 22.39999999999999858 ) ) ;
#418 = AXIS2_PLACEMENT_3D ( 'NONE', #2685, #3279, #2148 ) ;
#419 = CARTESIAN_POINT ( 'NONE',  ( 287.8000000000000114, 205.0000000000000284, 32.00000000000000000 ) ) ;
#420 = CARTESIAN_POINT ( 'NONE',  ( 287.8000000000000114, 196.0000000000000000, 18.00000000000000355 ) ) ;
#421 = VECTOR ( 'NONE', #1586, 1000.000000000000000 ) ;
#422 = VECTOR ( 'NONE', #1369, 1000.000000000000000 ) ;
#423 = EDGE_CURVE ( 'NONE', #1504, #2609, #2699, .T. ) ;
#424 = EDGE_LOOP ( 'NONE', ( #2561, #2778, #1097, #3238, #209, #914 ) ) ;
#425 = EDGE_LOOP ( 'NONE', ( #2211, #3310, #740, #2657, #1344, #2552 ) ) ;
#426 = VECTOR ( 'NONE', #460, 1000.000000000000000 ) ;
#427 = AXIS2_PLACEMENT_3D ( 'NONE', #1406, #3000, #1364 ) ;
#428 = DIRECTION ( 'NONE',  ( 0.000000000000000000, 1.000000000000000000, 0.000000000000000000 ) ) ;
#429 = AXIS2_PLACEMENT_3D ( 'NONE', #2932, #497, #2674 ) ;
#430 = EDGE_CURVE ( 'NONE', #1554, #570, #1361, .T. ) ;
#431 = EDGE_LOOP ( 'NONE', ( #2528, #1226 ) ) ;
#432 = CIRCLE ( 'NONE', #1726, 2.000000000000001776 ) ;
#433 = DIRECTION ( 'NONE',  ( 0.000000000000000000, 1.000000000000000000, 0.000000000000000000 ) ) ;
#434 = LOCAL_TIME ( 20, 14, 55.00000000000000000, #645 ) ;
#435 = CARTESIAN_POINT ( 'NONE',  ( 287.8000000000000114, -202.0000000000000000, 24.00000000000000000 ) ) ;
#436 = LINE ( 'NONE', #1769, #2893 ) ;
#437 = CARTESIAN_POINT ( 'NONE',  ( 288.8000000000000114, -187.0000000000000000, 32.00000000000000000 ) ) ;
#438 = PLANE ( 'NONE',  #640 ) ;
#439 = LINE ( 'NONE', #2029, #1606 ) ;
#440 = MANIFOLD_SOLID_BREP ( 'Right lower stainless keeper', #2995 ) ;
#441 = VERTEX_POINT ( 'NONE', #311 ) ;
#442 = EDGE_LOOP ( 'NONE', ( #2430, #788, #2197, #39, #3289, #2990 ) ) ;
#443 = EDGE_CURVE ( 'NONE', #441, #2591, #2464, .T. ) ;
#444 = DIRECTION ( 'NONE',  ( 0.000000000000000000, 0.000000000000000000, 1.000000000000000000 ) ) ;
#445 = ORIENTED_EDGE ( 'NONE', *, *, #2307, .T. ) ;
#446 = EDGE_CURVE ( 'NONE', #1256, #1116, #2258, .T. ) ;
#447 = LINE ( 'NONE', #411, #1819 ) ;
#448 = VERTEX_POINT ( 'NONE', #365 ) ;
#449 = DIRECTION ( 'NONE',  ( 0.000000000000000000, -1.000000000000000000, -0.000000000000000000 ) ) ;
#450 = ADVANCED_FACE ( 'NONE', ( #135 ), #1766, .T. ) ;
#451 = DIRECTION ( 'NONE',  ( -1.000000000000000000, -0.000000000000000000, 0.000000000000000000 ) ) ;
#452 = DIRECTION ( 'NONE',  ( 0.000000000000000000, 0.000000000000000000, -1.000000000000000000 ) ) ;
#453 = DIRECTION ( 'NONE',  ( 0.000000000000000000, 0.000000000000000000, 1.000000000000000000 ) ) ;
#454 = ORIENTED_EDGE ( 'NONE', *, *, #1919, .F. ) ;
#455 = VERTEX_POINT ( 'NONE', #1444 ) ;
#456 = DATE_AND_TIME ( #2859, #2111 ) ;
#457 = FACE_OUTER_BOUND ( 'NONE', #1341, .T. ) ;
#458 = EDGE_CURVE ( 'NONE', #2939, #2540, #2279, .T. ) ;
#459 = ORIENTED_EDGE ( 'NONE', *, *, #2092, .F. ) ;
#460 = DIRECTION ( 'NONE',  ( 1.000000000000000000, 0.000000000000000000, -0.000000000000000000 ) ) ;
#461 = EDGE_CURVE ( 'NONE', #1236, #2960, #1596, .T. ) ;
#462 = ORIENTED_EDGE ( 'NONE', *, *, #2255, .T. ) ;
#463 = FACE_OUTER_BOUND ( 'NONE', #442, .T. ) ;
#464 = CARTESIAN_POINT ( 'NONE',  ( -289.8000000000000114, 190.0000000000000000, 24.00000000000000000 ) ) ;
#465 = LINE ( 'NONE', #2867, #862 ) ;
#466 = EDGE_CURVE ( 'NONE', #532, #934, #1207, .T. ) ;
#467 = DIRECTION ( 'NONE',  ( 0.000000000000000000, 0.000000000000000000, 1.000000000000000000 ) ) ;
#468 = VECTOR ( 'NONE', #1753, 1000.000000000000000 ) ;
#469 = DIRECTION ( 'NONE',  ( 0.000000000000000000, 0.000000000000000000, -1.000000000000000000 ) ) ;
#470 = CARTESIAN_POINT ( 'NONE',  ( 289.8000000000000114, -190.0000000000000000, 22.39999999999999858 ) ) ;
#471 = AXIS2_PLACEMENT_3D ( 'NONE', #464, #1536, #1044 ) ;
#472 = AXIS2_PLACEMENT_3D ( 'NONE', #3358, #3384, #944 ) ;
#473 = ORIENTED_EDGE ( 'NONE', *, *, #1164, .F. ) ;
#474 = ORIENTED_EDGE ( 'NONE', *, *, #2957, .F. ) ;
#475 = AXIS2_PLACEMENT_3D ( 'NONE', #2404, #1076, #2888 ) ;
#476 = CIRCLE ( 'NONE', #1987, 1.600000000000000755 ) ;
#477 = LINE ( 'NONE', #194, #2890 ) ;
#478 = VECTOR ( 'NONE', #2959, 1000.000000000000000 ) ;
#479 = EDGE_LOOP ( 'NONE', ( #2185, #2950, #410, #801, #3232, #1367 ) ) ;
#480 = VECTOR ( 'NONE', #1105, 1000.000000000000000 ) ;
#481 = ORIENTED_EDGE ( 'NONE', *, *, #814, .F. ) ;
#482 = VECTOR ( 'NONE', #1078, 1000.000000000000000 ) ;
#483 = CIRCLE ( 'NONE', #804, 2.000000000000001776 ) ;
#484 = FACE_OUTER_BOUND ( 'NONE', #162, .T. ) ;
#485 = ORIENTED_EDGE ( 'NONE', *, *, #2957, .T. ) ;
#486 = VECTOR ( 'NONE', #1750, 1000.000000000000000 ) ;
#487 = DIRECTION ( 'NONE',  ( 0.000000000000000000, 0.000000000000000000, -1.000000000000000000 ) ) ;
#488 = DIRECTION ( 'NONE',  ( 0.000000000000000000, 0.000000000000000000, 1.000000000000000000 ) ) ;
#489 = EDGE_CURVE ( 'NONE', #2815, #1807, #2440, .T. ) ;
#490 = CARTESIAN_POINT ( 'NONE',  ( -289.8000000000000114, -202.0000000000000000, 24.00000000000000000 ) ) ;
#491 = DIRECTION ( 'NONE',  ( 0.000000000000000000, 0.000000000000000000, 1.000000000000000000 ) ) ;
#492 = DIRECTION ( 'NONE',  ( -1.000000000000000000, -0.000000000000000000, 0.000000000000000000 ) ) ;
#493 = EDGE_CURVE ( 'NONE', #3220, #2970, #3049, .T. ) ;
#494 = ORIENTED_EDGE ( 'NONE', *, *, #1838, .F. ) ;
#495 = EDGE_LOOP ( 'NONE', ( #1893, #494 ) ) ;
#496 = CARTESIAN_POINT ( 'NONE',  ( 287.8000000000000114, 205.0000000000000284, 18.00000000000000355 ) ) ;
#497 = DIRECTION ( 'NONE',  ( 1.000000000000000000, 0.000000000000000000, -0.000000000000000000 ) ) ;
#498 = ORIENTED_EDGE ( 'NONE', *, *, #2654, .T. ) ;
#499 = ORIENTED_EDGE ( 'NONE', *, *, #1346, .T. ) ;
#500 = PLANE ( 'NONE',  #2664 ) ;
#501 = ORIENTED_EDGE ( 'NONE', *, *, #291, .F. ) ;
#502 = PLANE ( 'NONE',  #1553 ) ;
#503 = DIRECTION ( 'NONE',  ( 0.000000000000000000, 0.000000000000000000, 1.000000000000000000 ) ) ;
#504 = EDGE_CURVE ( 'NONE', #2912, #2573, #1507, .T. ) ;
#505 = CYLINDRICAL_SURFACE ( 'NONE', #1928, 1.600000000000000755 ) ;
#506 = CARTESIAN_POINT ( 'NONE',  ( 288.8000000000000114, 187.0000000000000000, 18.00000000000000355 ) ) ;
#507 = CARTESIAN_POINT ( 'NONE',  ( -293.5000000000000000, -190.0000000000000000, 26.00000000000000000 ) ) ;
#508 = ORIENTED_EDGE ( 'NONE', *, *, #1400, .T. ) ;
#509 = ADVANCED_FACE ( 'NONE', ( #691 ), #679, .F. ) ;
#510 = EDGE_LOOP ( 'NONE', ( #2391, #1393, #1707, #988 ) ) ;
#511 = LINE ( 'NONE', #564, #1154 ) ;
#512 = DIRECTION ( 'NONE',  ( -0.000000000000000000, 1.000000000000000000, 0.000000000000000000 ) ) ;
#513 = VERTEX_POINT ( 'NONE', #2565 ) ;
#514 = EDGE_CURVE ( 'NONE', #1408, #5, #1974, .T. ) ;
#515 = ORIENTED_EDGE ( 'NONE', *, *, #1673, .T. ) ;
#516 = CARTESIAN_POINT ( 'NONE',  ( -291.6499999999999773, -190.0000000000000000, 22.00000000000000000 ) ) ;
#517 = EDGE_LOOP ( 'NONE', ( #1622, #2833, #1498, #1580, #1947, #3041, #3239, #1480, #1143, #2390, #1057, #1277 ) ) ;
#518 = DIRECTION ( 'NONE',  ( -1.000000000000000000, -0.000000000000000000, 0.000000000000000000 ) ) ;
#519 = DIRECTION ( 'NONE',  ( 0.000000000000000000, 0.000000000000000000, -1.000000000000000000 ) ) ;
#520 = CARTESIAN_POINT ( 'NONE',  ( 289.7999999999999545, 188.5000000000000000, 22.00000000000000000 ) ) ;
#521 = LINE ( 'NONE', #1576, #2668 ) ;
#522 = DIRECTION ( 'NONE',  ( 0.000000000000000000, 0.000000000000000000, 1.000000000000000000 ) ) ;
#523 = ORIENTED_EDGE ( 'NONE', *, *, #1505, .T. ) ;
#524 = AXIS2_PLACEMENT_3D ( 'NONE', #1234, #1248, #1463 ) ;
#525 = VERTEX_POINT ( 'NONE', #957 ) ;
#526 = LINE ( 'NONE', #1338, #1540 ) ;
#527 = CARTESIAN_POINT ( 'NONE',  ( -287.5000000000000568, -190.0000000000000000, 22.39999999999999858 ) ) ;
#528 = VECTOR ( 'NONE', #628, 1000.000000000000000 ) ;
#529 = EDGE_CURVE ( 'NONE', #703, #338, #1736, .T. ) ;
#530 = CYLINDRICAL_SURFACE ( 'NONE', #93, 1.600000000000000755 ) ;
#531 = VERTEX_POINT ( 'NONE', #170 ) ;
#532 = VERTEX_POINT ( 'NONE', #1176 ) ;
#533 = AXIS2_PLACEMENT_3D ( 'NONE', #2359, #811, #1571 ) ;
#534 = CIRCLE ( 'NONE', #2832, 2.000000000000001776 ) ;
#535 = EDGE_CURVE ( 'NONE', #303, #1236, #3105, .T. ) ;
#536 = DIRECTION ( 'NONE',  ( -1.000000000000000000, -0.000000000000000000, 0.000000000000000000 ) ) ;
#537 = VECTOR ( 'NONE', #2433, 1000.000000000000000 ) ;
#538 = CIRCLE ( 'NONE', #2389, 1.600000000000000755 ) ;
#539 = ORIENTED_EDGE ( 'NONE', *, *, #2424, .F. ) ;
#540 = AXIS2_PLACEMENT_3D ( 'NONE', #53, #1387, #3228 ) ;
#541 = CIRCLE ( 'NONE', #3064, 1.600000000000000755 ) ;
#542 = DIRECTION ( 'NONE',  ( 0.000000000000000000, 0.000000000000000000, -1.000000000000000000 ) ) ;
#543 = AXIS2_PLACEMENT_3D ( 'NONE', #3421, #2646, #216 ) ;
#544 = PLANE ( 'NONE',  #3219 ) ;
#545 = DIRECTION ( 'NONE',  ( 0.000000000000000000, 0.000000000000000000, 1.000000000000000000 ) ) ;
#546 = VECTOR ( 'NONE', #304, 1000.000000000000000 ) ;
#547 = DIRECTION ( 'NONE',  ( 0.000000000000000000, 0.000000000000000000, 1.000000000000000000 ) ) ;
#548 = ORIENTED_EDGE ( 'NONE', *, *, #2264, .F. ) ;
#549 = DIRECTION ( 'NONE',  ( 1.000000000000000000, 0.000000000000000000, -0.000000000000000000 ) ) ;
#550 = DIRECTION ( 'NONE',  ( -1.000000000000000000, -0.000000000000000000, 0.000000000000000000 ) ) ;
#551 = ORIENTED_EDGE ( 'NONE', *, *, #1001, .F. ) ;
#552 = ORIENTED_EDGE ( 'NONE', *, *, #2767, .F. ) ;
#553 = EDGE_CURVE ( 'NONE', #2670, #1655, #399, .T. ) ;
#554 = FACE_OUTER_BOUND ( 'NONE', #3185, .T. ) ;
#555 = ORIENTED_EDGE ( 'NONE', *, *, #2681, .T. ) ;
#556 = EDGE_CURVE ( 'NONE', #1374, #2849, #2721, .T. ) ;
#557 = DIRECTION ( 'NONE',  ( 0.000000000000000000, 0.000000000000000000, -1.000000000000000000 ) ) ;
#558 = LINE ( 'NONE', #1131, #1550 ) ;
#559 = ADVANCED_FACE ( 'NONE', ( #905 ), #644, .T. ) ;
#560 = DIRECTION ( 'NONE',  ( 1.000000000000000000, 0.000000000000000000, -0.000000000000000000 ) ) ;
#561 = FACE_BOUND ( 'NONE', #128, .T. ) ;
#562 = DIRECTION ( 'NONE',  ( -0.000000000000000000, 1.000000000000000000, 0.000000000000000000 ) ) ;
#563 = VERTEX_POINT ( 'NONE', #1721 ) ;
#564 = CARTESIAN_POINT ( 'NONE',  ( -289.8000000000000114, -196.0000000000000000, 32.00000000000000000 ) ) ;
#565 = CARTESIAN_POINT ( 'NONE',  ( -291.6499999999999773, 200.5000000000000000, 26.00000000000000000 ) ) ;
#566 = VERTEX_POINT ( 'NONE', #1471 ) ;
#567 = VERTEX_POINT ( 'NONE', #2545 ) ;
#568 = DIRECTION ( 'NONE',  ( 1.000000000000000000, 0.000000000000000000, -0.000000000000000000 ) ) ;
#569 = DIRECTION ( 'NONE',  ( 0.000000000000000000, 0.000000000000000000, 1.000000000000000000 ) ) ;
#570 = VERTEX_POINT ( 'NONE', #2789 ) ;
#571 = CARTESIAN_POINT ( 'NONE',  ( 288.8000000000000114, -187.0000000000000000, 18.00000000000000355 ) ) ;
#572 = DIRECTION ( 'NONE',  ( 0.000000000000000000, 0.000000000000000000, 1.000000000000000000 ) ) ;
#573 = LINE ( 'NONE', #1973, #1873 ) ;
#574 = ADVANCED_FACE ( 'NONE', ( #385 ), #1457, .T. ) ;
#575 = CARTESIAN_POINT ( 'NONE',  ( -291.6499999999999773, -203.5000000000000000, 22.00000000000000000 ) ) ;
#576 = CARTESIAN_POINT ( 'NONE',  ( -289.8000000000000114, 203.5000000000000000, 24.55677643628299833 ) ) ;
#577 = DIRECTION ( 'NONE',  ( -0.000000000000000000, 1.000000000000000000, 0.000000000000000000 ) ) ;
#578 = ADVANCED_FACE ( 'NONE', ( #1894 ), #2930, .T. ) ;
#579 = ORIENTED_EDGE ( 'NONE', *, *, #1350, .F. ) ;
#580 = ORIENTED_EDGE ( 'NONE', *, *, #155, .F. ) ;
#581 = CARTESIAN_POINT ( 'NONE',  ( -293.5000000000000000, 204.0000000000000284, 24.00000000000000000 ) ) ;
#582 = DIRECTION ( 'NONE',  ( 0.000000000000000000, 0.000000000000000000, 1.000000000000000000 ) ) ;
#583 = ORIENTED_EDGE ( 'NONE', *, *, #2339, .T. ) ;
#584 = VERTEX_POINT ( 'NONE', #42 ) ;
#585 = DIRECTION ( 'NONE',  ( 1.000000000000000000, 0.000000000000000000, -0.000000000000000000 ) ) ;
#586 = VECTOR ( 'NONE', #1665, 1000.000000000000000 ) ;
#587 = VECTOR ( 'NONE', #3034, 1000.000000000000000 ) ;
#588 = EDGE_LOOP ( 'NONE', ( #2256, #1827 ) ) ;
#589 = PLANE ( 'NONE',  #2735 ) ;
#590 = VECTOR ( 'NONE', #942, 1000.000000000000000 ) ;
#591 = CARTESIAN_POINT ( 'NONE',  ( 293.5000000000000000, 188.5000000000000000, 22.00000000000000000 ) ) ;
#592 = DIRECTION ( 'NONE',  ( -0.000000000000000000, 1.000000000000000000, 0.000000000000000000 ) ) ;
#593 = VECTOR ( 'NONE', #428, 1000.000000000000000 ) ;
#594 = AXIS2_PLACEMENT_3D ( 'NONE', #207, #1512, #2051 ) ;
#595 = DIRECTION ( 'NONE',  ( 0.000000000000000000, -1.000000000000000000, -0.000000000000000000 ) ) ;
#596 = DIRECTION ( 'NONE',  ( 0.000000000000000000, 0.000000000000000000, 1.000000000000000000 ) ) ;
#597 = EDGE_CURVE ( 'NONE', #282, #57, #476, .T. ) ;
#598 = PLANE ( 'NONE',  #1028 ) ;
#599 = VECTOR ( 'NONE', #828, 1000.000000000000000 ) ;
#600 = ORIENTED_EDGE ( 'NONE', *, *, #2379, .F. ) ;
#601 = VECTOR ( 'NONE', #892, 1000.000000000000000 ) ;
#602 = EDGE_CURVE ( 'NONE', #860, #1611, #294, .T. ) ;
#603 = CARTESIAN_POINT ( 'NONE',  ( -293.5000000000000000, 188.0000000000000000, 24.00000000000000000 ) ) ;
#604 = CARTESIAN_POINT ( 'NONE',  ( -289.7999999999999545, 200.5000000000000000, 22.00000000000000000 ) ) ;
#605 = VERTEX_POINT ( 'NONE', #2427 ) ;
#606 = EDGE_LOOP ( 'NONE', ( #1831, #1557, #2627, #2273 ) ) ;
#607 = CARTESIAN_POINT ( 'NONE',  ( -287.5000000000000568, -190.0000000000000000, 24.00000000000000000 ) ) ;
#608 = EDGE_LOOP ( 'NONE', ( #2238, #2643, #2157, #459 ) ) ;
#609 = LINE ( 'NONE', #626, #2227 ) ;
#610 = FACE_OUTER_BOUND ( 'NONE', #3187, .T. ) ;
#611 = CARTESIAN_POINT ( 'NONE',  ( 293.5000000000000000, 188.5000000000000000, 26.00000000000000355 ) ) ;
#612 = CARTESIAN_POINT ( 'NONE',  ( 291.6499999999999773, 203.5000000000000000, 22.00000000000000000 ) ) ;
#613 = PERSON_AND_ORGANIZATION ( #2302, #260 ) ;
#614 = CARTESIAN_POINT ( 'NONE',  ( -289.8000000000000114, 196.0000000000000000, 32.00000000000000000 ) ) ;
#615 = LINE ( 'NONE', #1647, #980 ) ;
#616 = EDGE_CURVE ( 'NONE', #1083, #2459, #2653, .T. ) ;
#617 = ORIENTED_EDGE ( 'NONE', *, *, #2821, .T. ) ;
#618 = CARTESIAN_POINT ( 'NONE',  ( 293.5000000000000000, -204.0000000000000284, 22.00000000000000000 ) ) ;
#619 = ADVANCED_FACE ( 'NONE', ( #224 ), #2411, .T. ) ;
#620 = ORIENTED_EDGE ( 'NONE', *, *, #186, .F. ) ;
#621 = EDGE_LOOP ( 'NONE', ( #935, #3317, #2629, #2434, #3440, #1832, #1321, #976, #61, #1002, #2626, #3418 ) ) ;
#622 = DIRECTION ( 'NONE',  ( 1.000000000000000000, 0.000000000000000000, -0.000000000000000000 ) ) ;
#623 = CARTESIAN_POINT ( 'NONE',  ( 289.7999999999999545, -203.5000000000000000, 23.44322356371700167 ) ) ;
#624 = EDGE_CURVE ( 'NONE', #448, #1466, #511, .T. ) ;
#625 = ORIENTED_EDGE ( 'NONE', *, *, #2356, .T. ) ;
#626 = CARTESIAN_POINT ( 'NONE',  ( 289.7999999999999545, 200.5000000000000000, 22.00000000000000000 ) ) ;
#627 = LINE ( 'NONE', #904, #1149 ) ;
#628 = DIRECTION ( 'NONE',  ( 0.000000000000000000, 1.000000000000000000, 0.000000000000000000 ) ) ;
#629 = DATE_AND_TIME ( #2207, #2842 ) ;
#630 = DIRECTION ( 'NONE',  ( 0.000000000000000000, 0.000000000000000000, -1.000000000000000000 ) ) ;
#631 = CARTESIAN_POINT ( 'NONE',  ( 287.8000000000000114, -196.0000000000000000, 32.00000000000000000 ) ) ;
#632 = EDGE_LOOP ( 'NONE', ( #3378, #635, #251, #1597, #343, #579 ) ) ;
#633 = EDGE_LOOP ( 'NONE', ( #1786, #270, #1356, #3400, #2413, #3340 ) ) ;
#634 = DIRECTION ( 'NONE',  ( 0.000000000000000000, 0.000000000000000000, 1.000000000000000000 ) ) ;
#635 = ORIENTED_EDGE ( 'NONE', *, *, #2058, .T. ) ;
#636 = ORIENTED_EDGE ( 'NONE', *, *, #3469, .T. ) ;
#637 = EDGE_CURVE ( 'NONE', #563, #3092, #2444, .T. ) ;
#638 = CARTESIAN_POINT ( 'NONE',  ( -289.8000000000000114, 190.0000000000000000, 24.00000000000000000 ) ) ;
#639 = ORIENTED_EDGE ( 'NONE', *, *, #3255, .F. ) ;
#640 = AXIS2_PLACEMENT_3D ( 'NONE', #2132, #3139, #747 ) ;
#641 = EDGE_CURVE ( 'NONE', #3450, #448, #3182, .T. ) ;
#642 = CYLINDRICAL_SURFACE ( 'NONE', #3059, 1.600000000000000755 ) ;
#643 = AXIS2_PLACEMENT_3D ( 'NONE', #1072, #2958, #1913 ) ;
#644 = PLANE ( 'NONE',  #1488 ) ;
#645 = COORDINATED_UNIVERSAL_TIME_OFFSET ( 8, 0, .AHEAD. ) ;
#646 = VECTOR ( 'NONE', #1602, 1000.000000000000000 ) ;
#647 = CARTESIAN_POINT ( 'NONE',  ( 287.8000000000000114, -187.0000000000000000, 18.00000000000000355 ) ) ;
#648 = FACE_BOUND ( 'NONE', #2747, .T. ) ;
#649 = CARTESIAN_POINT ( 'NONE',  ( -291.6499999999999773, -200.5000000000000000, 22.00000000000000000 ) ) ;
#650 = CIRCLE ( 'NONE', #3348, 2.000000000000001776 ) ;
#651 = AXIS2_PLACEMENT_3D ( 'NONE', #1495, #142, #718 ) ;
#652 = ORIENTED_EDGE ( 'NONE', *, *, #2428, .T. ) ;
#653 = LINE ( 'NONE', #2570, #241 ) ;
#654 = VECTOR ( 'NONE', #1561, 1000.000000000000000 ) ;
#655 = DIRECTION ( 'NONE',  ( 0.000000000000000000, 1.000000000000000000, 0.000000000000000000 ) ) ;
#656 = VECTOR ( 'NONE', #1638, 1000.000000000000000 ) ;
#657 = AXIS2_PLACEMENT_3D ( 'NONE', #2818, #3322, #2838 ) ;
#658 = ORIENTED_EDGE ( 'NONE', *, *, #2015, .F. ) ;
#659 = EDGE_LOOP ( 'NONE', ( #3353, #78, #2018, #3055 ) ) ;
#660 = APPROVAL_PERSON_ORGANIZATION ( #192, #3425, #2354 ) ;
#661 = FACE_OUTER_BOUND ( 'NONE', #2485, .T. ) ;
#662 = EDGE_CURVE ( 'NONE', #525, #3450, #790, .T. ) ;
#663 = ORIENTED_EDGE ( 'NONE', *, *, #920, .F. ) ;
#664 = DIRECTION ( 'NONE',  ( 0.000000000000000000, 0.000000000000000000, 1.000000000000000000 ) ) ;
#665 = EDGE_CURVE ( 'NONE', #3426, #238, #1829, .T. ) ;
#666 = DIRECTION ( 'NONE',  ( 0.000000000000000000, 0.000000000000000000, -1.000000000000000000 ) ) ;
#667 = LINE ( 'NONE', #1178, #486 ) ;
#668 = LINE ( 'NONE', #1739, #1206 ) ;
#669 = FACE_OUTER_BOUND ( 'NONE', #190, .T. ) ;
#670 = EDGE_CURVE ( 'NONE', #1449, #566, #264, .T. ) ;
#671 = CARTESIAN_POINT ( 'NONE',  ( 291.6499999999999773, 188.5000000000000000, 22.00000000000000000 ) ) ;
#672 = DIRECTION ( 'NONE',  ( -1.000000000000000000, 0.000000000000000000, 0.000000000000000000 ) ) ;
#673 = ORIENTED_EDGE ( 'NONE', *, *, #155, .T. ) ;
#674 = ORIENTED_EDGE ( 'NONE', *, *, #1303, .T. ) ;
#675 = CARTESIAN_POINT ( 'NONE',  ( -289.7999999999999545, -191.5000000000000000, 22.00000000000000000 ) ) ;
#676 = EDGE_LOOP ( 'NONE', ( #278, #115, #3346, #2031 ) ) ;
#677 = ORIENTED_EDGE ( 'NONE', *, *, #2978, .T. ) ;
#678 = CARTESIAN_POINT ( 'NONE',  ( -293.5000000000000000, -200.5000000000000000, 26.00000000000000000 ) ) ;
#679 = CYLINDRICAL_SURFACE ( 'NONE', #2998, 1.600000000000000755 ) ;
#680 = DIRECTION ( 'NONE',  ( -0.000000000000000000, 0.000000000000000000, -1.000000000000000000 ) ) ;
#681 = CARTESIAN_POINT ( 'NONE',  ( -293.5000000000000000, 191.5000000000000000, 26.00000000000000000 ) ) ;
#682 = EDGE_CURVE ( 'NONE', #2445, #3416, #2899, .T. ) ;
#683 = LINE ( 'NONE', #717, #2500 ) ;
#684 = CARTESIAN_POINT ( 'NONE',  ( -289.7999999999999545, 202.0000000000000000, 22.00000000000000000 ) ) ;
#685 = EDGE_CURVE ( 'NONE', #981, #111, #2639, .T. ) ;
#686 = ORIENTED_EDGE ( 'NONE', *, *, #2914, .F. ) ;
#687 = ORIENTED_EDGE ( 'NONE', *, *, #1046, .T. ) ;
#688 = DIRECTION ( 'NONE',  ( 0.000000000000000000, 1.000000000000000000, 0.000000000000000000 ) ) ;
#689 = EDGE_LOOP ( 'NONE', ( #2073, #583, #1547, #40 ) ) ;
#690 = CARTESIAN_POINT ( 'NONE',  ( 289.8000000000000114, 187.0000000000000000, 18.00000000000000355 ) ) ;
#691 = FACE_OUTER_BOUND ( 'NONE', #1291, .T. ) ;
#692 = PLANE ( 'NONE',  #378 ) ;
#693 = CARTESIAN_POINT ( 'NONE',  ( -293.5000000000000000, -202.0000000000000000, 22.00000000000000000 ) ) ;
#694 = CARTESIAN_POINT ( 'NONE',  ( 293.5000000000000000, 190.0000000000000000, 26.00000000000000000 ) ) ;
#695 = VECTOR ( 'NONE', #1519, 1000.000000000000000 ) ;
#696 = EDGE_CURVE ( 'NONE', #1449, #531, #2369, .T. ) ;
#697 = DIRECTION ( 'NONE',  ( -1.000000000000000000, -0.000000000000000000, 0.000000000000000000 ) ) ;
#698 = DIRECTION ( 'NONE',  ( 0.000000000000000000, 0.000000000000000000, -1.000000000000000000 ) ) ;
#699 = CIRCLE ( 'NONE', #2383, 1.600000000000000755 ) ;
#700 = VECTOR ( 'NONE', #2449, 1000.000000000000000 ) ;
#701 = ORIENTED_EDGE ( 'NONE', *, *, #3190, .F. ) ;
#702 = EDGE_CURVE ( 'NONE', #2858, #3164, #1600, .T. ) ;
#703 = VERTEX_POINT ( 'NONE', #775 ) ;
#704 = VECTOR ( 'NONE', #1542, 1000.000000000000000 ) ;
#705 = CIRCLE ( 'NONE', #1380, 2.000000000000001776 ) ;
#706 = LINE ( 'NONE', #2623, #2787 ) ;
#707 = DIRECTION ( 'NONE',  ( -0.000000000000000000, 1.000000000000000000, 0.000000000000000000 ) ) ;
#708 = AXIS2_PLACEMENT_3D ( 'NONE', #2361, #991, #3406 ) ;
#709 = EDGE_CURVE ( 'NONE', #3416, #2652, #926, .T. ) ;
#710 = ORIENTED_EDGE ( 'NONE', *, *, #493, .F. ) ;
#711 = AXIS2_PLACEMENT_3D ( 'NONE', #1627, #285, #1359 ) ;
#712 = CARTESIAN_POINT ( 'NONE',  ( 287.5000000000000568, 202.0000000000000000, 22.39999999999999858 ) ) ;
#713 = UNCERTAINTY_MEASURE_WITH_UNIT (LENGTH_MEASURE( 1.000000000000000082E-05 ), #1529, 'distance_accuracy_value', 'NONE');
#714 = ORIENTED_EDGE ( 'NONE', *, *, #132, .F. ) ;
#715 = DIRECTION ( 'NONE',  ( -1.000000000000000000, 0.000000000000000000, 0.000000000000000000 ) ) ;
#716 = FACE_OUTER_BOUND ( 'NONE', #764, .T. ) ;
#717 = CARTESIAN_POINT ( 'NONE',  ( 293.5000000000000000, 188.0000000000000000, 22.00000000000000000 ) ) ;
#718 = DIRECTION ( 'NONE',  ( 0.000000000000000000, 0.000000000000000000, -1.000000000000000000 ) ) ;
#719 = PRODUCT_RELATED_PRODUCT_CATEGORY ( 'detail', '', ( #2555 ) ) ;
#720 = ORIENTED_EDGE ( 'NONE', *, *, #1441, .F. ) ;
#721 = ORIENTED_EDGE ( 'NONE', *, *, #637, .T. ) ;
#722 = DIRECTION ( 'NONE',  ( 0.000000000000000000, -1.000000000000000000, -0.000000000000000000 ) ) ;
#723 = EDGE_CURVE ( 'NONE', #1237, #2164, #526, .T. ) ;
#724 = CARTESIAN_POINT ( 'NONE',  ( -293.5000000000000000, 203.5000000000000000, 24.00000000000000000 ) ) ;
#725 = VERTEX_POINT ( 'NONE', #1084 ) ;
#726 = EDGE_CURVE ( 'NONE', #1417, #3295, #2159, .T. ) ;
#727 = DIRECTION ( 'NONE',  ( -1.000000000000000000, 0.000000000000000000, 0.000000000000000000 ) ) ;
#728 = ORIENTED_EDGE ( 'NONE', *, *, #1751, .F. ) ;
#729 = CARTESIAN_POINT ( 'NONE',  ( 289.8000000000000114, 196.0000000000000000, 18.00000000000000355 ) ) ;
#730 = DIRECTION ( 'NONE',  ( 1.000000000000000000, 0.000000000000000000, -0.000000000000000000 ) ) ;
#731 = DIRECTION ( 'NONE',  ( -0.000000000000000000, 1.000000000000000000, 0.000000000000000000 ) ) ;
#732 = LINE ( 'NONE', #994, #1204 ) ;
#733 = CARTESIAN_POINT ( 'NONE',  ( -287.8000000000000114, 187.0000000000000000, 18.00000000000000355 ) ) ;
#734 = DIRECTION ( 'NONE',  ( 0.000000000000000000, 0.000000000000000000, 1.000000000000000000 ) ) ;
#735 = ORIENTED_EDGE ( 'NONE', *, *, #2521, .T. ) ;
#736 = ORIENTED_EDGE ( 'NONE', *, *, #1068, .T. ) ;
#737 = APPROVAL_STATUS ( 'not_yet_approved' ) ;
#738 = DIRECTION ( 'NONE',  ( 0.000000000000000000, -1.000000000000000000, -0.000000000000000000 ) ) ;
#739 = ORIENTED_EDGE ( 'NONE', *, *, #2583, .F. ) ;
#740 = ORIENTED_EDGE ( 'NONE', *, *, #847, .F. ) ;
#741 = EDGE_CURVE ( 'NONE', #2605, #2004, #534, .T. ) ;
#742 = CARTESIAN_POINT ( 'NONE',  ( 287.8000000000000114, 190.0000000000000000, 24.00000000000000000 ) ) ;
#743 = ORIENTED_EDGE ( 'NONE', *, *, #1434, .T. ) ;
#744 = EDGE_CURVE ( 'NONE', #1038, #834, #1675, .T. ) ;
#745 = DIRECTION ( 'NONE',  ( -0.000000000000000000, -1.000000000000000000, -0.000000000000000000 ) ) ;
#746 = DIRECTION ( 'NONE',  ( 0.000000000000000000, 0.000000000000000000, 1.000000000000000000 ) ) ;
#747 = DIRECTION ( 'NONE',  ( 0.000000000000000000, 0.000000000000000000, 1.000000000000000000 ) ) ;
#748 = CARTESIAN_POINT ( 'NONE',  ( -288.8000000000000114, 187.0000000000000000, 32.00000000000000000 ) ) ;
#749 = CARTESIAN_POINT ( 'NONE',  ( 289.7999999999999545, 188.5000000000000000, 22.00000000000000000 ) ) ;
#750 = AXIS2_PLACEMENT_3D ( 'NONE', #1330, #2381, #503 ) ;
#751 = ORIENTED_EDGE ( 'NONE', *, *, #723, .T. ) ;
#752 = ORIENTED_EDGE ( 'NONE', *, *, #2810, .T. ) ;
#753 = VECTOR ( 'NONE', #1771, 1000.000000000000000 ) ;
#754 = DIRECTION ( 'NONE',  ( 0.000000000000000000, 0.000000000000000000, 1.000000000000000000 ) ) ;
#755 = AXIS2_PLACEMENT_3D ( 'NONE', #2769, #3320, #2518 ) ;
#756 = LINE ( 'NONE', #2107, #2834 ) ;
#757 = CIRCLE ( 'NONE', #1715, 1.600000000000000755 ) ;
#758 = VERTEX_POINT ( 'NONE', #3312 ) ;
#759 = VECTOR ( 'NONE', #2466, 1000.000000000000000 ) ;
#760 = EDGE_LOOP ( 'NONE', ( #2136, #2036, #3142, #3068 ) ) ;
#761 = CIRCLE ( 'NONE', #429, 1.600000000000000755 ) ;
#762 = CARTESIAN_POINT ( 'NONE',  ( -289.8000000000000114, 202.0000000000000000, 22.39999999999999858 ) ) ;
#763 = EDGE_CURVE ( 'NONE', #2670, #2103, #1658, .T. ) ;
#764 = EDGE_LOOP ( 'NONE', ( #780, #508, #2234, #201, #2656, #903 ) ) ;
#765 = VECTOR ( 'NONE', #3051, 1000.000000000000000 ) ;
#766 = DIRECTION ( 'NONE',  ( -1.000000000000000000, 0.000000000000000000, 0.000000000000000000 ) ) ;
#767 = CARTESIAN_POINT ( 'NONE',  ( 291.6499999999999773, 203.5000000000000000, 26.00000000000000000 ) ) ;
#768 = EDGE_CURVE ( 'NONE', #2126, #3329, #367, .T. ) ;
#769 = DIRECTION ( 'NONE',  ( 0.000000000000000000, 0.000000000000000000, 1.000000000000000000 ) ) ;
#770 = FACE_OUTER_BOUND ( 'NONE', #1323, .T. ) ;
#771 = CARTESIAN_POINT ( 'NONE',  ( -287.8000000000000114, 202.0000000000000000, 24.00000000000000000 ) ) ;
#772 = EDGE_CURVE ( 'NONE', #1981, #1185, #2796, .T. ) ;
#773 = VERTEX_POINT ( 'NONE', #2744 ) ;
#774 = ORIENTED_EDGE ( 'NONE', *, *, #2576, .F. ) ;
#775 = CARTESIAN_POINT ( 'NONE',  ( 289.7999999999999545, 188.5000000000000000, 26.00000000000000000 ) ) ;
#776 = DIRECTION ( 'NONE',  ( -0.000000000000000000, 1.000000000000000000, 0.000000000000000000 ) ) ;
#777 = EDGE_LOOP ( 'NONE', ( #1674, #2711, #2216, #2794, #146, #2706 ) ) ;
#778 = ORIENTED_EDGE ( 'NONE', *, *, #2718, .F. ) ;
#779 = DIRECTION ( 'NONE',  ( -1.000000000000000000, -0.000000000000000000, 0.000000000000000000 ) ) ;
#780 = ORIENTED_EDGE ( 'NONE', *, *, #1678, .T. ) ;
#781 = CARTESIAN_POINT ( 'NONE',  ( 291.6499999999999773, -203.5000000000000000, 22.00000000000000000 ) ) ;
#782 = DIRECTION ( 'NONE',  ( 1.000000000000000000, 0.000000000000000000, -0.000000000000000000 ) ) ;
#783 = CARTESIAN_POINT ( 'NONE',  ( 287.5000000000000568, 202.0000000000000000, 24.00000000000000000 ) ) ;
#784 = DIRECTION ( 'NONE',  ( -1.000000000000000000, -0.000000000000000000, 0.000000000000000000 ) ) ;
#785 = EDGE_CURVE ( 'NONE', #1424, #2591, #392, .T. ) ;
#786 = PLANE ( 'NONE',  #813 ) ;
#787 = EDGE_LOOP ( 'NONE', ( #2501, #2342, #462, #2104 ) ) ;
#788 = ORIENTED_EDGE ( 'NONE', *, *, #960, .T. ) ;
#789 = EDGE_CURVE ( 'NONE', #3128, #1449, #2235, .T. ) ;
#790 = LINE ( 'NONE', #2, #867 ) ;
#791 = CARTESIAN_POINT ( 'NONE',  ( -289.8000000000000114, -190.0000000000000000, 24.00000000000000000 ) ) ;
#792 = ORIENTED_EDGE ( 'NONE', *, *, #789, .T. ) ;
#793 = ORIENTED_EDGE ( 'NONE', *, *, #960, .F. ) ;
#794 = DIRECTION ( 'NONE',  ( 0.000000000000000000, -0.000000000000000000, 1.000000000000000000 ) ) ;
#795 = ORIENTED_EDGE ( 'NONE', *, *, #3236, .F. ) ;
#796 = DIRECTION ( 'NONE',  ( -1.000000000000000000, 0.000000000000000000, 0.000000000000000000 ) ) ;
#797 = CARTESIAN_POINT ( 'NONE',  ( 287.8000000000000114, 202.0000000000000000, 24.00000000000000000 ) ) ;
#798 = FACE_OUTER_BOUND ( 'NONE', #3309, .T. ) ;
#799 = DIRECTION ( 'NONE',  ( -0.000000000000000000, 0.000000000000000000, -1.000000000000000000 ) ) ;
#800 = EDGE_CURVE ( 'NONE', #2540, #2901, #2194, .T. ) ;
#801 = ORIENTED_EDGE ( 'NONE', *, *, #1060, .T. ) ;
#802 = ORIENTED_EDGE ( 'NONE', *, *, #169, .T. ) ;
#803 = DIRECTION ( 'NONE',  ( 0.000000000000000000, 0.000000000000000000, -1.000000000000000000 ) ) ;
#804 = AXIS2_PLACEMENT_3D ( 'NONE', #2218, #3297, #1377 ) ;
#805 = CARTESIAN_POINT ( 'NONE',  ( 293.5000000000000000, 200.5000000000000000, 22.00000000000000000 ) ) ;
#806 = EDGE_CURVE ( 'NONE', #1747, #262, #127, .T. ) ;
#807 = ORIENTED_EDGE ( 'NONE', *, *, #2889, .T. ) ;
#808 = EDGE_LOOP ( 'NONE', ( #1336, #2641, #2366, #2522 ) ) ;
#809 = AXIS2_PLACEMENT_3D ( 'NONE', #1162, #1390, #123 ) ;
#810 = VECTOR ( 'NONE', #827, 1000.000000000000000 ) ;
#811 = DIRECTION ( 'NONE',  ( -0.000000000000000000, 0.000000000000000000, -1.000000000000000000 ) ) ;
#812 = CIRCLE ( 'NONE', #2779, 2.000000000000001776 ) ;
#813 = AXIS2_PLACEMENT_3D ( 'NONE', #220, #1857, #2650 ) ;
#814 = EDGE_CURVE ( 'NONE', #1236, #303, #58, .T. ) ;
#815 = ORIENTED_EDGE ( 'NONE', *, *, #2767, .T. ) ;
#816 = VECTOR ( 'NONE', #1929, 1000.000000000000000 ) ;
#817 = CIRCLE ( 'NONE', #643, 1.600000000000000755 ) ;
#818 = DIRECTION ( 'NONE',  ( 0.000000000000000000, 0.000000000000000000, 1.000000000000000000 ) ) ;
#819 = DIRECTION ( 'NONE',  ( 0.000000000000000000, -1.000000000000000000, -0.000000000000000000 ) ) ;
#820 = VECTOR ( 'NONE', #715, 1000.000000000000000 ) ;
#821 = PLANE ( 'NONE',  #2556 ) ;
#822 = DIRECTION ( 'NONE',  ( -0.000000000000000000, 1.000000000000000000, 0.000000000000000000 ) ) ;
#823 = AXIS2_PLACEMENT_3D ( 'NONE', #835, #328, #1383 ) ;
#824 = LINE ( 'NONE', #2152, #3399 ) ;
#825 = VERTEX_POINT ( 'NONE', #897 ) ;
#826 = EDGE_LOOP ( 'NONE', ( #2145, #1398, #953, #1733, #1170, #454 ) ) ;
#827 = DIRECTION ( 'NONE',  ( 0.000000000000000000, -1.000000000000000000, -0.000000000000000000 ) ) ;
#828 = DIRECTION ( 'NONE',  ( 0.000000000000000000, 1.000000000000000000, 0.000000000000000000 ) ) ;
#829 = ORIENTED_EDGE ( 'NONE', *, *, #529, .F. ) ;
#830 = ORIENTED_EDGE ( 'NONE', *, *, #685, .F. ) ;
#831 = ADVANCED_FACE ( 'NONE', ( #1690 ), #1144, .F. ) ;
#832 = CARTESIAN_POINT ( 'NONE',  ( -293.5000000000000000, -203.5000000000000000, 22.00000000000000000 ) ) ;
#833 = PLANE ( 'NONE',  #2725 ) ;
#834 = VERTEX_POINT ( 'NONE', #97 ) ;
#835 = CARTESIAN_POINT ( 'NONE',  ( -289.7999999999999545, -202.0000000000000000, 22.00000000000000000 ) ) ;
#836 = EDGE_CURVE ( 'NONE', #1125, #860, #1909, .T. ) ;
#837 = LINE ( 'NONE', #1155, #191 ) ;
#838 = CARTESIAN_POINT ( 'NONE',  ( 293.5000000000000000, -188.5000000000000000, 26.00000000000000000 ) ) ;
#839 = CARTESIAN_POINT ( 'NONE',  ( 287.5000000000000568, -190.0000000000000000, 22.39999999999999858 ) ) ;
#840 = FACE_OUTER_BOUND ( 'NONE', #1925, .T. ) ;
#841 = ORIENTED_EDGE ( 'NONE', *, *, #2681, .F. ) ;
#842 = DIRECTION ( 'NONE',  ( 0.000000000000000000, 1.000000000000000000, 0.000000000000000000 ) ) ;
#843 = CARTESIAN_POINT ( 'NONE',  ( 289.7999999999999545, 203.5000000000000000, 22.00000000000000000 ) ) ;
#844 = EDGE_LOOP ( 'NONE', ( #1165, #1240, #2180, #1365, #1071, #998 ) ) ;
#845 = ORIENTED_EDGE ( 'NONE', *, *, #3135, .F. ) ;
#846 = DIRECTION ( 'NONE',  ( 0.000000000000000000, 0.000000000000000000, -1.000000000000000000 ) ) ;
#847 = EDGE_CURVE ( 'NONE', #2897, #3427, #2154, .T. ) ;
#848 = EDGE_LOOP ( 'NONE', ( #3213, #2325, #1200, #1951 ) ) ;
#849 = PLANE ( 'NONE',  #823 ) ;
#850 = FACE_OUTER_BOUND ( 'NONE', #406, .T. ) ;
#851 = EDGE_CURVE ( 'NONE', #1374, #1867, #1979, .T. ) ;
#852 = DIRECTION ( 'NONE',  ( 1.000000000000000000, 0.000000000000000000, -0.000000000000000000 ) ) ;
#853 = FACE_BOUND ( 'NONE', #1527, .T. ) ;
#854 = CARTESIAN_POINT ( 'NONE',  ( 293.5000000000000000, 203.5000000000000000, 26.00000000000000000 ) ) ;
#855 = EDGE_LOOP ( 'NONE', ( #263, #1570, #3180, #2811, #2289, #2360 ) ) ;
#856 = ORIENTED_EDGE ( 'NONE', *, *, #1783, .T. ) ;
#857 = CARTESIAN_POINT ( 'NONE',  ( -289.7999999999999545, 188.5000000000000000, 23.44322356371700167 ) ) ;
#858 = LINE ( 'NONE', #565, #2615 ) ;
#859 = ORIENTED_EDGE ( 'NONE', *, *, #273, .T. ) ;
#860 = VERTEX_POINT ( 'NONE', #857 ) ;
#861 = CARTESIAN_POINT ( 'NONE',  ( 291.6499999999999773, -188.5000000000000000, 26.00000000000000000 ) ) ;
#862 = VECTOR ( 'NONE', #1524, 1000.000000000000000 ) ;
#863 = ORIENTED_EDGE ( 'NONE', *, *, #393, .F. ) ;
#864 = FACE_OUTER_BOUND ( 'NONE', #1189, .T. ) ;
#865 = VECTOR ( 'NONE', #47, 1000.000000000000000 ) ;
#866 = CARTESIAN_POINT ( 'NONE',  ( -293.5000000000000000, -200.5000000000000000, 22.00000000000000000 ) ) ;
#867 = VECTOR ( 'NONE', #754, 1000.000000000000000 ) ;
#868 = EDGE_CURVE ( 'NONE', #407, #1038, #541, .T. ) ;
#869 = CARTESIAN_POINT ( 'NONE',  ( -291.6499999999999773, -202.0000000000000000, 26.00000000000000000 ) ) ;
#870 = AXIS2_PLACEMENT_3D ( 'NONE', #791, #2625, #2860 ) ;
#871 = VECTOR ( 'NONE', #2600, 1000.000000000000000 ) ;
#872 = DIRECTION ( 'NONE',  ( -0.000000000000000000, 0.000000000000000000, -1.000000000000000000 ) ) ;
#873 = CARTESIAN_POINT ( 'NONE',  ( -289.7999999999999545, 200.5000000000000000, 22.00000000000000000 ) ) ;
#874 = CARTESIAN_POINT ( 'NONE',  ( 293.5000000000000000, -204.0000000000000284, 22.00000000000000000 ) ) ;
#875 = ADVANCED_FACE ( 'NONE', ( #1451 ), #3005, .T. ) ;
#876 = AXIS2_PLACEMENT_3D ( 'NONE', #2728, #2985, #1411 ) ;
#877 = ORIENTED_EDGE ( 'NONE', *, *, #702, .F. ) ;
#878 = ORIENTED_EDGE ( 'NONE', *, *, #1253, .F. ) ;
#879 = CIRCLE ( 'NONE', #1327, 2.000000000000001776 ) ;
#880 = DIRECTION ( 'NONE',  ( 0.000000000000000000, 0.000000000000000000, 1.000000000000000000 ) ) ;
#881 = EDGE_CURVE ( 'NONE', #1417, #1, #3326, .T. ) ;
#882 = PRODUCT_DEFINITION_FORMATION_WITH_SPECIFIED_SOURCE ( '�', '', #2555, .NOT_KNOWN. ) ;
#883 = ORIENTED_EDGE ( 'NONE', *, *, #3285, .T. ) ;
#884 = ORIENTED_EDGE ( 'NONE', *, *, #2015, .T. ) ;
#885 = CARTESIAN_POINT ( 'NONE',  ( -291.6499999999999773, -191.5000000000000000, 22.00000000000000000 ) ) ;
#886 = CARTESIAN_POINT ( 'NONE',  ( -287.8000000000000114, 202.0000000000000000, 25.60000000000000142 ) ) ;
#887 = ORIENTED_EDGE ( 'NONE', *, *, #2370, .T. ) ;
#888 = CARTESIAN_POINT ( 'NONE',  ( -291.6499999999999773, 203.5000000000000000, 22.00000000000000000 ) ) ;
#889 = DIRECTION ( 'NONE',  ( -1.000000000000000000, 0.000000000000000000, 0.000000000000000000 ) ) ;
#890 = FACE_BOUND ( 'NONE', #951, .T. ) ;
#891 = PLANE ( 'NONE',  #302 ) ;
#892 = DIRECTION ( 'NONE',  ( 0.000000000000000000, -1.000000000000000000, -0.000000000000000000 ) ) ;
#893 = CARTESIAN_POINT ( 'NONE',  ( -289.7999999999999545, 203.5000000000000000, 22.00000000000000000 ) ) ;
#894 = VERTEX_POINT ( 'NONE', #75 ) ;
#895 = EDGE_CURVE ( 'NONE', #282, #57, #2213, .T. ) ;
#896 = ORIENTED_EDGE ( 'NONE', *, *, #2889, .F. ) ;
#897 = CARTESIAN_POINT ( 'NONE',  ( -293.5000000000000000, 188.0000000000000000, 22.00000000000000000 ) ) ;
#898 = ORIENTED_EDGE ( 'NONE', *, *, #2937, .T. ) ;
#899 = EDGE_CURVE ( 'NONE', #3381, #934, #3410, .T. ) ;
#900 = ORIENTED_EDGE ( 'NONE', *, *, #1777, .T. ) ;
#901 = LINE ( 'NONE', #1914, #1660 ) ;
#902 = EDGE_CURVE ( 'NONE', #2651, #1844, #2299, .T. ) ;
#903 = ORIENTED_EDGE ( 'NONE', *, *, #1228, .F. ) ;
#904 = CARTESIAN_POINT ( 'NONE',  ( -287.5000000000000568, 190.0000000000000000, 25.60000000000000142 ) ) ;
#905 = FACE_OUTER_BOUND ( 'NONE', #1564, .T. ) ;
#906 = CALENDAR_DATE ( 2026, 26, 8 ) ;
#907 = LINE ( 'NONE', #3360, #257 ) ;
#908 = FACE_OUTER_BOUND ( 'NONE', #969, .T. ) ;
#909 = EDGE_LOOP ( 'NONE', ( #2525, #555, #2861, #2825, #2431, #2087 ) ) ;
#910 = DIRECTION ( 'NONE',  ( -0.000000000000000000, -1.000000000000000000, -0.000000000000000000 ) ) ;
#911 = CARTESIAN_POINT ( 'NONE',  ( 289.7999999999999545, 188.5000000000000000, 22.00000000000000000 ) ) ;
#912 = ADVANCED_FACE ( 'NONE', ( #405 ), #1776, .T. ) ;
#913 = ORIENTED_EDGE ( 'NONE', *, *, #1843, .T. ) ;
#914 = ORIENTED_EDGE ( 'NONE', *, *, #1183, .F. ) ;
#915 = EDGE_CURVE ( 'NONE', #1579, #1517, #2263, .T. ) ;
#916 = CARTESIAN_POINT ( 'NONE',  ( -293.5000000000000000, -204.0000000000000284, 24.00000000000000000 ) ) ;
#917 = ORIENTED_EDGE ( 'NONE', *, *, #2307, .F. ) ;
#918 = ORIENTED_EDGE ( 'NONE', *, *, #1878, .T. ) ;
#919 = AXIS2_PLACEMENT_3D ( 'NONE', #2523, #1493, #452 ) ;
#920 = EDGE_CURVE ( 'NONE', #3441, #3220, #3126, .T. ) ;
#921 = DIRECTION ( 'NONE',  ( 0.000000000000000000, 1.000000000000000000, 0.000000000000000000 ) ) ;
#922 = AXIS2_PLACEMENT_3D ( 'NONE', #1245, #3122, #1258 ) ;
#923 = VECTOR ( 'NONE', #1121, 1000.000000000000000 ) ;
#924 = DIRECTION ( 'NONE',  ( -1.000000000000000000, -0.000000000000000000, 0.000000000000000000 ) ) ;
#925 = CIRCLE ( 'NONE', #1539, 1.600000000000000755 ) ;
#926 = CIRCLE ( 'NONE', #3345, 2.000000000000001776 ) ;
#927 = CARTESIAN_POINT ( 'NONE',  ( 289.8000000000000114, -196.0000000000000000, 18.00000000000000355 ) ) ;
#928 = DIRECTION ( 'NONE',  ( 0.000000000000000000, -1.000000000000000000, -0.000000000000000000 ) ) ;
#929 = VECTOR ( 'NONE', #2659, 1000.000000000000000 ) ;
#930 = FACE_OUTER_BOUND ( 'NONE', #632, .T. ) ;
#931 = AXIS2_PLACEMENT_3D ( 'NONE', #1300, #2655, #2875 ) ;
#932 = CARTESIAN_POINT ( 'NONE',  ( -289.8000000000000114, 202.0000000000000000, 24.00000000000000000 ) ) ;
#933 = VECTOR ( 'NONE', #2866, 1000.000000000000000 ) ;
#934 = VERTEX_POINT ( 'NONE', #161 ) ;
#935 = ORIENTED_EDGE ( 'NONE', *, *, #556, .T. ) ;
#936 = CIRCLE ( 'NONE', #2571, 1.600000000000000755 ) ;
#937 = DIRECTION ( 'NONE',  ( -0.000000000000000000, 1.000000000000000000, 0.000000000000000000 ) ) ;
#938 = APPLICATION_CONTEXT ( 'configuration controlled 3d designs of mechanical parts and assemblies' ) ;
#939 = ORIENTED_EDGE ( 'NONE', *, *, #1949, .T. ) ;
#940 = ORIENTED_EDGE ( 'NONE', *, *, #466, .F. ) ;
#941 = EDGE_CURVE ( 'NONE', #2912, #2858, #439, .T. ) ;
#942 = DIRECTION ( 'NONE',  ( 0.000000000000000000, 0.000000000000000000, 1.000000000000000000 ) ) ;
#943 = ADVANCED_FACE ( 'NONE', ( #978 ), #185, .T. ) ;
#944 = DIRECTION ( 'NONE',  ( 0.000000000000000000, 0.000000000000000000, -1.000000000000000000 ) ) ;
#945 = CARTESIAN_POINT ( 'NONE',  ( 289.7999999999999545, -188.5000000000000000, 22.00000000000000000 ) ) ;
#946 = DIRECTION ( 'NONE',  ( 0.000000000000000000, 0.000000000000000000, -1.000000000000000000 ) ) ;
#947 = DIRECTION ( 'NONE',  ( 0.000000000000000000, 0.000000000000000000, 1.000000000000000000 ) ) ;
#948 = DIRECTION ( 'NONE',  ( 0.000000000000000000, 1.000000000000000000, 0.000000000000000000 ) ) ;
#949 = FACE_OUTER_BOUND ( 'NONE', #1274, .T. ) ;
#950 = ORIENTED_EDGE ( 'NONE', *, *, #2143, .T. ) ;
#951 = EDGE_LOOP ( 'NONE', ( #1848, #1005 ) ) ;
#952 = LINE ( 'NONE', #1481, #593 ) ;
#953 = ORIENTED_EDGE ( 'NONE', *, *, #1801, .T. ) ;
#954 = ORIENTED_EDGE ( 'NONE', *, *, #2010, .F. ) ;
#955 = CARTESIAN_POINT ( 'NONE',  ( 289.7999999999999545, -191.5000000000000000, 22.00000000000000000 ) ) ;
#956 = EDGE_CURVE ( 'NONE', #2801, #1693, #1263, .T. ) ;
#957 = CARTESIAN_POINT ( 'NONE',  ( -287.8000000000000114, -205.0000000000000284, 18.00000000000000355 ) ) ;
#958 = DIRECTION ( 'NONE',  ( -0.000000000000000000, 1.000000000000000000, 0.000000000000000000 ) ) ;
#959 = LINE ( 'NONE', #437, #2938 ) ;
#960 = EDGE_CURVE ( 'NONE', #990, #2913, #2002, .T. ) ;
#961 = CARTESIAN_POINT ( 'NONE',  ( 289.8000000000000114, -200.5000000000000000, 24.55677643628299833 ) ) ;
#962 = CARTESIAN_POINT ( 'NONE',  ( -293.5000000000000000, 202.0000000000000000, 22.00000000000000000 ) ) ;
#963 = ORIENTED_EDGE ( 'NONE', *, *, #461, .F. ) ;
#964 = ORIENTED_EDGE ( 'NONE', *, *, #920, .T. ) ;
#965 = DIRECTION ( 'NONE',  ( 1.000000000000000000, 0.000000000000000000, 0.000000000000000000 ) ) ;
#966 = FACE_OUTER_BOUND ( 'NONE', #1080, .T. ) ;
#967 = ORIENTED_EDGE ( 'NONE', *, *, #149, .F. ) ;
#968 = DIRECTION ( 'NONE',  ( 0.000000000000000000, 1.000000000000000000, 0.000000000000000000 ) ) ;
#969 = EDGE_LOOP ( 'NONE', ( #3045, #1172, #2934, #1453 ) ) ;
#970 = CARTESIAN_POINT ( 'NONE',  ( -287.5000000000000568, 202.0000000000000000, 24.00000000000000000 ) ) ;
#971 = CARTESIAN_POINT ( 'NONE',  ( -293.5000000000000000, -204.0000000000000284, 24.00000000000000000 ) ) ;
#972 = VECTOR ( 'NONE', #217, 1000.000000000000000 ) ;
#973 = CARTESIAN_POINT ( 'NONE',  ( 287.8000000000000114, -205.0000000000000284, 18.00000000000000355 ) ) ;
#974 = AXIS2_PLACEMENT_3D ( 'NONE', #1992, #2802, #3118 ) ;
#975 = VECTOR ( 'NONE', #1317, 1000.000000000000000 ) ;
#976 = ORIENTED_EDGE ( 'NONE', *, *, #2702, .F. ) ;
#977 = EDGE_CURVE ( 'NONE', #513, #725, #3343, .T. ) ;
#978 = FACE_OUTER_BOUND ( 'NONE', #431, .T. ) ;
#979 = AXIS2_PLACEMENT_3D ( 'NONE', #1357, #3242, #569 ) ;
#980 = VECTOR ( 'NONE', #3308, 1000.000000000000000 ) ;
#981 = VERTEX_POINT ( 'NONE', #2619 ) ;
#982 = ORIENTED_EDGE ( 'NONE', *, *, #1134, .T. ) ;
#983 = AXIS2_PLACEMENT_3D ( 'NONE', #1122, #1669, #1943 ) ;
#984 = EDGE_CURVE ( 'NONE', #57, #1065, #98, .T. ) ;
#985 = DIRECTION ( 'NONE',  ( 0.000000000000000000, -1.000000000000000000, 0.000000000000000000 ) ) ;
#986 = CARTESIAN_POINT ( 'NONE',  ( -289.8000000000000114, 205.0000000000000284, 32.00000000000000000 ) ) ;
#987 = VECTOR ( 'NONE', #1588, 1000.000000000000000 ) ;
#988 = ORIENTED_EDGE ( 'NONE', *, *, #1242, .F. ) ;
#989 = CARTESIAN_POINT ( 'NONE',  ( -293.5000000000000000, 188.0000000000000000, 26.00000000000000355 ) ) ;
#990 = VERTEX_POINT ( 'NONE', #1477 ) ;
#991 = DIRECTION ( 'NONE',  ( -0.000000000000000000, 1.000000000000000000, 0.000000000000000000 ) ) ;
#992 = CARTESIAN_POINT ( 'NONE',  ( 287.5000000000000568, -202.0000000000000000, 24.00000000000000000 ) ) ;
#993 = FACE_OUTER_BOUND ( 'NONE', #621, .T. ) ;
#994 = CARTESIAN_POINT ( 'NONE',  ( -288.8000000000000114, -205.0000000000000284, 18.00000000000000355 ) ) ;
#995 = CARTESIAN_POINT ( 'NONE',  ( 291.6499999999999773, -203.5000000000000000, 22.00000000000000000 ) ) ;
#996 = EDGE_CURVE ( 'NONE', #3013, #2164, #32, .T. ) ;
#997 = ORIENTED_EDGE ( 'NONE', *, *, #902, .T. ) ;
#998 = ORIENTED_EDGE ( 'NONE', *, *, #1179, .T. ) ;
#999 = COORDINATED_UNIVERSAL_TIME_OFFSET ( 8, 0, .AHEAD. ) ;
#1000 = DIRECTION ( 'NONE',  ( 0.000000000000000000, 0.000000000000000000, 1.000000000000000000 ) ) ;
#1001 = EDGE_CURVE ( 'NONE', #981, #1408, #1249, .T. ) ;
#1002 = ORIENTED_EDGE ( 'NONE', *, *, #682, .F. ) ;
#1003 = ORIENTED_EDGE ( 'NONE', *, *, #2760, .F. ) ;
#1004 = FACE_OUTER_BOUND ( 'NONE', #3143, .T. ) ;
#1005 = ORIENTED_EDGE ( 'NONE', *, *, #2155, .F. ) ;
#1006 = DIRECTION ( 'NONE',  ( -0.000000000000000000, 0.000000000000000000, -1.000000000000000000 ) ) ;
#1007 = CARTESIAN_POINT ( 'NONE',  ( -293.5000000000000000, -188.0000000000000000, 26.00000000000000355 ) ) ;
#1008 = CARTESIAN_POINT ( 'NONE',  ( 289.7999999999999545, -203.5000000000000000, 22.00000000000000000 ) ) ;
#1009 = DIRECTION ( 'NONE',  ( 0.000000000000000000, -1.000000000000000000, -0.000000000000000000 ) ) ;
#1010 = ORIENTED_EDGE ( 'NONE', *, *, #1414, .T. ) ;
#1011 = ORIENTED_EDGE ( 'NONE', *, *, #3190, .T. ) ;
#1012 = DATE_TIME_ROLE ( 'creation_date' ) ;
#1013 = EDGE_CURVE ( 'NONE', #2459, #2053, #2450, .T. ) ;
#1014 = LINE ( 'NONE', #3183, #1494 ) ;
#1015 = ORIENTED_EDGE ( 'NONE', *, *, #1448, .F. ) ;
#1016 = VERTEX_POINT ( 'NONE', #1791 ) ;
#1017 = EDGE_CURVE ( 'NONE', #570, #2445, #705, .T. ) ;
#1018 = DIRECTION ( 'NONE',  ( -0.000000000000000000, 1.000000000000000000, 0.000000000000000000 ) ) ;
#1019 = ORIENTED_EDGE ( 'NONE', *, *, #2007, .F. ) ;
#1020 = DIRECTION ( 'NONE',  ( 0.000000000000000000, 0.000000000000000000, -1.000000000000000000 ) ) ;
#1021 = ADVANCED_FACE ( 'NONE', ( #1219 ), #2285, .T. ) ;
#1022 = CARTESIAN_POINT ( 'NONE',  ( -293.5000000000000000, -204.0000000000000284, 24.00000000000000000 ) ) ;
#1023 = DIRECTION ( 'NONE',  ( 0.000000000000000000, 0.000000000000000000, -1.000000000000000000 ) ) ;
#1024 = FACE_OUTER_BOUND ( 'NONE', #2689, .T. ) ;
#1025 = CLOSED_SHELL ( 'NONE', ( #3307, #1082, #2475, #2333, #1614, #2200, #2558, #3451, #2405, #912, #1064, #255, #3350, #1962, #3209, #1714, #1264, #3026, #2532, #1643, #559, #2290, #2169, #2236, #3103, #1518 ) ) ;
#1026 = LINE ( 'NONE', #3458, #2220 ) ;
#1027 = CARTESIAN_POINT ( 'NONE',  ( -289.8000000000000114, -187.0000000000000000, 18.00000000000000355 ) ) ;
#1028 = AXIS2_PLACEMENT_3D ( 'NONE', #1688, #2757, #2567 ) ;
#1029 = AXIS2_PLACEMENT_3D ( 'NONE', #435, #2011, #412 ) ;
#1030 = ORIENTED_EDGE ( 'NONE', *, *, #3175, .T. ) ;
#1031 = VERTEX_POINT ( 'NONE', #470 ) ;
#1032 = DIRECTION ( 'NONE',  ( 0.000000000000000000, 0.000000000000000000, -1.000000000000000000 ) ) ;
#1033 = CARTESIAN_POINT ( 'NONE',  ( 287.8000000000000114, 202.0000000000000000, 25.60000000000000142 ) ) ;
#1034 = CIRCLE ( 'NONE', #1875, 1.600000000000000755 ) ;
#1035 = ORIENTED_EDGE ( 'NONE', *, *, #2826, .T. ) ;
#1036 = AXIS2_PLACEMENT_3D ( 'NONE', #3390, #1235, #174 ) ;
#1037 = PRODUCT_DEFINITION ( '�', '', #882, #250 ) ;
#1038 = VERTEX_POINT ( 'NONE', #1543 ) ;
#1039 = CIRCLE ( 'NONE', #2781, 1.600000000000000755 ) ;
#1040 = CARTESIAN_POINT ( 'NONE',  ( 287.8000000000000114, -187.0000000000000000, 18.00000000000000355 ) ) ;
#1041 = ADVANCED_FACE ( 'NONE', ( #949 ), #2017, .T. ) ;
#1042 = EDGE_LOOP ( 'NONE', ( #1520, #1111 ) ) ;
#1043 = CARTESIAN_POINT ( 'NONE',  ( -291.6499999999999773, 188.5000000000000000, 22.00000000000000000 ) ) ;
#1044 = DIRECTION ( 'NONE',  ( 0.000000000000000000, 0.000000000000000000, 1.000000000000000000 ) ) ;
#1045 = CC_DESIGN_APPROVAL ( #3425, ( #1037 ) ) ;
#1046 = EDGE_CURVE ( 'NONE', #2902, #2320, #1158, .T. ) ;
#1047 = CARTESIAN_POINT ( 'NONE',  ( 293.5000000000000000, 202.0000000000000000, 26.00000000000000000 ) ) ;
#1048 = PLANE ( 'NONE',  #1098 ) ;
#1049 = DIRECTION ( 'NONE',  ( 0.000000000000000000, 0.000000000000000000, -1.000000000000000000 ) ) ;
#1050 = ORIENTED_EDGE ( 'NONE', *, *, #1678, .F. ) ;
#1051 = ORIENTED_EDGE ( 'NONE', *, *, #696, .F. ) ;
#1052 = DIRECTION ( 'NONE',  ( 0.000000000000000000, 0.000000000000000000, 1.000000000000000000 ) ) ;
#1053 = DIRECTION ( 'NONE',  ( 1.000000000000000000, 0.000000000000000000, -0.000000000000000000 ) ) ;
#1054 = ORIENTED_EDGE ( 'NONE', *, *, #3236, .T. ) ;
#1055 = EDGE_LOOP ( 'NONE', ( #3081, #1015 ) ) ;
#1056 = PLANE ( 'NONE',  #533 ) ;
#1057 = ORIENTED_EDGE ( 'NONE', *, *, #726, .T. ) ;
#1058 = PLANE ( 'NONE',  #1102 ) ;
#1059 = CARTESIAN_POINT ( 'NONE',  ( 291.6499999999999773, 190.0000000000000000, 22.00000000000000000 ) ) ;
#1060 = EDGE_CURVE ( 'NONE', #2960, #1517, #2327, .T. ) ;
#1061 = CARTESIAN_POINT ( 'NONE',  ( 291.6499999999999773, 200.5000000000000000, 26.00000000000000000 ) ) ;
#1062 = DIRECTION ( 'NONE',  ( 0.000000000000000000, 0.000000000000000000, 1.000000000000000000 ) ) ;
#1063 = CARTESIAN_POINT ( 'NONE',  ( -288.8000000000000114, 205.0000000000000284, 18.00000000000000355 ) ) ;
#1064 = ADVANCED_FACE ( 'NONE', ( #2081, #3193, #2408 ), #786, .T. ) ;
#1065 = VERTEX_POINT ( 'NONE', #2911 ) ;
#1066 = VERTEX_POINT ( 'NONE', #276 ) ;
#1067 = DIRECTION ( 'NONE',  ( 1.000000000000000000, 0.000000000000000000, -0.000000000000000000 ) ) ;
#1068 = EDGE_CURVE ( 'NONE', #2240, #4, #3477, .T. ) ;
#1069 = CARTESIAN_POINT ( 'NONE',  ( 291.6499999999999773, 191.5000000000000000, 22.00000000000000000 ) ) ;
#1070 = ORIENTED_EDGE ( 'NONE', *, *, #763, .F. ) ;
#1071 = ORIENTED_EDGE ( 'NONE', *, *, #1328, .T. ) ;
#1072 = CARTESIAN_POINT ( 'NONE',  ( -289.8000000000000114, -190.0000000000000000, 24.00000000000000000 ) ) ;
#1073 = CARTESIAN_POINT ( 'NONE',  ( 289.8000000000000114, -196.0000000000000000, 32.00000000000000000 ) ) ;
#1074 = ORIENTED_EDGE ( 'NONE', *, *, #2138, .T. ) ;
#1075 = CARTESIAN_POINT ( 'NONE',  ( -293.5000000000000000, 203.5000000000000000, 26.00000000000000000 ) ) ;
#1076 = DIRECTION ( 'NONE',  ( 0.000000000000000000, -1.000000000000000000, 0.000000000000000000 ) ) ;
#1077 = DIRECTION ( 'NONE',  ( 0.000000000000000000, 0.000000000000000000, 1.000000000000000000 ) ) ;
#1078 = DIRECTION ( 'NONE',  ( -1.000000000000000000, -0.000000000000000000, 0.000000000000000000 ) ) ;
#1079 = DIRECTION ( 'NONE',  ( 0.000000000000000000, -1.000000000000000000, -0.000000000000000000 ) ) ;
#1080 = EDGE_LOOP ( 'NONE', ( #639, #687, #1499, #145, #1147, #124 ) ) ;
#1081 = VECTOR ( 'NONE', #3176, 1000.000000000000000 ) ;
#1082 = ADVANCED_FACE ( 'NONE', ( #1283 ), #1594, .T. ) ;
#1083 = VERTEX_POINT ( 'NONE', #3156 ) ;
#1084 = CARTESIAN_POINT ( 'NONE',  ( -289.7999999999999545, -188.5000000000000000, 23.44322356371700167 ) ) ;
#1085 = AXIS2_PLACEMENT_3D ( 'NONE', #2242, #819, #1360 ) ;
#1086 = VECTOR ( 'NONE', #2348, 1000.000000000000000 ) ;
#1087 = DIRECTION ( 'NONE',  ( -0.000000000000000000, 0.000000000000000000, -1.000000000000000000 ) ) ;
#1088 = ORIENTED_EDGE ( 'NONE', *, *, #2088, .F. ) ;
#1089 = ADVANCED_FACE ( 'NONE', ( #1617 ), #3178, .T. ) ;
#1090 = ORIENTED_EDGE ( 'NONE', *, *, #2232, .F. ) ;
#1091 = AXIS2_PLACEMENT_3D ( 'NONE', #2243, #1684, #3246 ) ;
#1092 = AXIS2_PLACEMENT_3D ( 'NONE', #376, #2984, #3269 ) ;
#1093 = DIRECTION ( 'NONE',  ( 0.000000000000000000, 0.000000000000000000, -1.000000000000000000 ) ) ;
#1094 = DIRECTION ( 'NONE',  ( 0.000000000000000000, -1.000000000000000000, -0.000000000000000000 ) ) ;
#1095 = VECTOR ( 'NONE', #3217, 1000.000000000000000 ) ;
#1096 = VECTOR ( 'NONE', #1724, 1000.000000000000000 ) ;
#1097 = ORIENTED_EDGE ( 'NONE', *, *, #1648, .F. ) ;
#1098 = AXIS2_PLACEMENT_3D ( 'NONE', #275, #205, #3438 ) ;
#1099 = VECTOR ( 'NONE', #2854, 1000.000000000000000 ) ;
#1100 = CARTESIAN_POINT ( 'NONE',  ( 289.7999999999999545, 203.5000000000000000, 24.55677643628299833 ) ) ;
#1101 = LINE ( 'NONE', #86, #1261 ) ;
#1102 = AXIS2_PLACEMENT_3D ( 'NONE', #2630, #1006, #766 ) ;
#1103 = DIRECTION ( 'NONE',  ( 0.000000000000000000, -0.000000000000000000, 1.000000000000000000 ) ) ;
#1104 = DIRECTION ( 'NONE',  ( -0.000000000000000000, 1.000000000000000000, 0.000000000000000000 ) ) ;
#1105 = DIRECTION ( 'NONE',  ( 1.000000000000000000, 0.000000000000000000, -0.000000000000000000 ) ) ;
#1106 = ORIENTED_EDGE ( 'NONE', *, *, #744, .T. ) ;
#1107 = ORIENTED_EDGE ( 'NONE', *, *, #2698, .F. ) ;
#1108 = DIRECTION ( 'NONE',  ( 0.000000000000000000, -1.000000000000000000, 0.000000000000000000 ) ) ;
#1109 = EDGE_CURVE ( 'NONE', #238, #834, #13, .T. ) ;
#1110 = CARTESIAN_POINT ( 'NONE',  ( 289.7999999999999545, -191.5000000000000000, 22.00000000000000000 ) ) ;
#1111 = ORIENTED_EDGE ( 'NONE', *, *, #2974, .F. ) ;
#1112 = ORIENTED_EDGE ( 'NONE', *, *, #941, .T. ) ;
#1113 = DIRECTION ( 'NONE',  ( 0.000000000000000000, 0.000000000000000000, 1.000000000000000000 ) ) ;
#1114 = EDGE_CURVE ( 'NONE', #2053, #1747, #2894, .T. ) ;
#1115 = DIRECTION ( 'NONE',  ( 0.000000000000000000, 0.000000000000000000, 1.000000000000000000 ) ) ;
#1116 = VERTEX_POINT ( 'NONE', #1027 ) ;
#1117 = CARTESIAN_POINT ( 'NONE',  ( -287.8000000000000114, 202.0000000000000000, 24.00000000000000000 ) ) ;
#1118 = LINE ( 'NONE', #2992, #187 ) ;
#1119 = EDGE_CURVE ( 'NONE', #5, #111, #1872, .T. ) ;
#1120 = CARTESIAN_POINT ( 'NONE',  ( 287.8000000000000114, 196.0000000000000000, 18.00000000000000355 ) ) ;
#1121 = DIRECTION ( 'NONE',  ( 1.000000000000000000, 0.000000000000000000, -0.000000000000000000 ) ) ;
#1122 = CARTESIAN_POINT ( 'NONE',  ( 293.5000000000000000, 188.5000000000000000, 24.00000000000000000 ) ) ;
#1123 = CARTESIAN_POINT ( 'NONE',  ( -291.6499999999999773, 191.5000000000000000, 22.00000000000000000 ) ) ;
#1124 = DIRECTION ( 'NONE',  ( 1.000000000000000000, 0.000000000000000000, -0.000000000000000000 ) ) ;
#1125 = VERTEX_POINT ( 'NONE', #2100 ) ;
#1126 = DIRECTION ( 'NONE',  ( 0.000000000000000000, 0.000000000000000000, -1.000000000000000000 ) ) ;
#1127 = LINE ( 'NONE', #1069, #3174 ) ;
#1128 = ORIENTED_EDGE ( 'NONE', *, *, #637, .F. ) ;
#1129 = VERTEX_POINT ( 'NONE', #2965 ) ;
#1130 = EDGE_CURVE ( 'NONE', #2901, #3164, #824, .T. ) ;
#1131 = CARTESIAN_POINT ( 'NONE',  ( 289.7999999999999545, 191.5000000000000000, 22.00000000000000000 ) ) ;
#1132 = FACE_OUTER_BOUND ( 'NONE', #3170, .T. ) ;
#1133 = ORIENTED_EDGE ( 'NONE', *, *, #941, .F. ) ;
#1134 = EDGE_CURVE ( 'NONE', #3427, #1450, #3006, .T. ) ;
#1135 = DIRECTION ( 'NONE',  ( 1.000000000000000000, 0.000000000000000000, 0.000000000000000000 ) ) ;
#1136 = FACE_OUTER_BOUND ( 'NONE', #1286, .T. ) ;
#1137 = EDGE_CURVE ( 'NONE', #303, #703, #2135, .T. ) ;
#1138 = DIRECTION ( 'NONE',  ( 0.000000000000000000, 0.000000000000000000, 1.000000000000000000 ) ) ;
#1139 = CARTESIAN_POINT ( 'NONE',  ( -289.8000000000000114, 187.0000000000000000, 18.00000000000000355 ) ) ;
#1140 = DIRECTION ( 'NONE',  ( -0.000000000000000000, 1.000000000000000000, 0.000000000000000000 ) ) ;
#1141 = DIRECTION ( 'NONE',  ( 0.000000000000000000, 0.000000000000000000, 1.000000000000000000 ) ) ;
#1142 = EDGE_LOOP ( 'NONE', ( #878, #701, #1435, #473 ) ) ;
#1143 = ORIENTED_EDGE ( 'NONE', *, *, #3478, .T. ) ;
#1144 = CYLINDRICAL_SURFACE ( 'NONE', #193, 1.600000000000000755 ) ;
#1145 = DIRECTION ( 'NONE',  ( -1.000000000000000000, -0.000000000000000000, 0.000000000000000000 ) ) ;
#1146 = EDGE_LOOP ( 'NONE', ( #2401, #3294, #2765, #841 ) ) ;
#1147 = ORIENTED_EDGE ( 'NONE', *, *, #996, .T. ) ;
#1148 = CARTESIAN_POINT ( 'NONE',  ( 289.7999999999999545, -190.0000000000000000, 22.00000000000000000 ) ) ;
#1149 = VECTOR ( 'NONE', #2516, 1000.000000000000000 ) ;
#1150 = ORIENTED_EDGE ( 'NONE', *, *, #1001, .T. ) ;
#1151 = CARTESIAN_POINT ( 'NONE',  ( -289.7999999999999545, 203.5000000000000000, 22.00000000000000000 ) ) ;
#1152 = VECTOR ( 'NONE', #2973, 1000.000000000000000 ) ;
#1153 = CARTESIAN_POINT ( 'NONE',  ( 289.7999999999999545, 191.5000000000000000, 22.00000000000000000 ) ) ;
#1154 = VECTOR ( 'NONE', #3197, 1000.000000000000000 ) ;
#1155 = CARTESIAN_POINT ( 'NONE',  ( -289.7999999999999545, -202.0000000000000000, 22.00000000000000000 ) ) ;
#1156 = EDGE_CURVE ( 'NONE', #1373, #2939, #236, .T. ) ;
#1157 = AXIS2_PLACEMENT_3D ( 'NONE', #1582, #776, #1000 ) ;
#1158 = CIRCLE ( 'NONE', #2944, 1.600000000000000755 ) ;
#1159 = LINE ( 'NONE', #2497, #2502 ) ;
#1160 = CARTESIAN_POINT ( 'NONE',  ( -289.7999999999999545, 200.5000000000000000, 22.00000000000000000 ) ) ;
#1161 = DIRECTION ( 'NONE',  ( 0.000000000000000000, 0.000000000000000000, 1.000000000000000000 ) ) ;
#1162 = CARTESIAN_POINT ( 'NONE',  ( 293.5000000000000000, 188.0000000000000000, 24.00000000000000000 ) ) ;
#1163 = VECTOR ( 'NONE', #2230, 1000.000000000000000 ) ;
#1164 = EDGE_CURVE ( 'NONE', #1424, #1936, #2701, .T. ) ;
#1165 = ORIENTED_EDGE ( 'NONE', *, *, #2312, .F. ) ;
#1166 = EDGE_LOOP ( 'NONE', ( #382, #2196, #3023, #1074, #3466, #1618, #997, #2022 ) ) ;
#1167 = VECTOR ( 'NONE', #2494, 1000.000000000000000 ) ;
#1168 = CARTESIAN_POINT ( 'NONE',  ( 293.5000000000000000, 188.0000000000000000, 26.00000000000000355 ) ) ;
#1169 = ORIENTED_EDGE ( 'NONE', *, *, #324, .F. ) ;
#1170 = ORIENTED_EDGE ( 'NONE', *, *, #2470, .T. ) ;
#1171 = CARTESIAN_POINT ( 'NONE',  ( 293.5000000000000000, -203.5000000000000000, 22.00000000000000000 ) ) ;
#1172 = ORIENTED_EDGE ( 'NONE', *, *, #408, .F. ) ;
#1173 = PERSON_AND_ORGANIZATION_ROLE ( 'design_owner' ) ;
#1174 = DIRECTION ( 'NONE',  ( 0.000000000000000000, -1.000000000000000000, -0.000000000000000000 ) ) ;
#1175 = CARTESIAN_POINT ( 'NONE',  ( 288.8000000000000114, 205.0000000000000284, 18.00000000000000355 ) ) ;
#1176 = CARTESIAN_POINT ( 'NONE',  ( -289.8000000000000114, -202.0000000000000000, 25.60000000000000142 ) ) ;
#1177 = APPROVAL_DATE_TIME ( #3019, #2178 ) ;
#1178 = CARTESIAN_POINT ( 'NONE',  ( -293.5000000000000000, -204.0000000000000284, 22.00000000000000000 ) ) ;
#1179 = EDGE_CURVE ( 'NONE', #2468, #2091, #1823, .T. ) ;
#1180 = LINE ( 'NONE', #2231, #3453 ) ;
#1181 = ORIENTED_EDGE ( 'NONE', *, *, #2654, .F. ) ;
#1182 = CARTESIAN_POINT ( 'NONE',  ( -293.5000000000000000, 204.0000000000000284, 24.00000000000000000 ) ) ;
#1183 = EDGE_CURVE ( 'NONE', #1065, #1504, #538, .T. ) ;
#1184 = DIRECTION ( 'NONE',  ( -0.000000000000000000, 1.000000000000000000, 0.000000000000000000 ) ) ;
#1185 = VERTEX_POINT ( 'NONE', #92 ) ;
#1186 = EDGE_LOOP ( 'NONE', ( #2473, #736, #3413, #3027 ) ) ;
#1187 = EDGE_CURVE ( 'NONE', #2126, #3329, #1180, .T. ) ;
#1188 = CYLINDRICAL_SURFACE ( 'NONE', #2610, 2.000000000000001776 ) ;
#1189 = EDGE_LOOP ( 'NONE', ( #1623, #3463, #940, #1019, #2338, #77 ) ) ;
#1190 = CARTESIAN_POINT ( 'NONE',  ( -287.8000000000000114, -202.0000000000000000, 24.00000000000000000 ) ) ;
#1191 = CARTESIAN_POINT ( 'NONE',  ( -291.6499999999999773, -191.5000000000000000, 22.00000000000000000 ) ) ;
#1192 = LINE ( 'NONE', #945, #1273 ) ;
#1193 = FACE_OUTER_BOUND ( 'NONE', #608, .T. ) ;
#1194 = CARTESIAN_POINT ( 'NONE',  ( 289.7999999999999545, 188.5000000000000000, 22.00000000000000000 ) ) ;
#1195 = ORIENTED_EDGE ( 'NONE', *, *, #3315, .T. ) ;
#1196 = CARTESIAN_POINT ( 'NONE',  ( -289.8000000000000114, 202.0000000000000000, 24.00000000000000000 ) ) ;
#1197 = CARTESIAN_POINT ( 'NONE',  ( 287.5000000000000568, -202.0000000000000000, 24.00000000000000000 ) ) ;
#1198 = EDGE_CURVE ( 'NONE', #2970, #1237, #1671, .T. ) ;
#1199 = EDGE_LOOP ( 'NONE', ( #1513, #2305, #325, #3158 ) ) ;
#1200 = ORIENTED_EDGE ( 'NONE', *, *, #789, .F. ) ;
#1201 = CARTESIAN_POINT ( 'NONE',  ( 293.5000000000000000, -191.5000000000000000, 24.00000000000000000 ) ) ;
#1202 = EDGE_CURVE ( 'NONE', #3347, #1417, #35, .T. ) ;
#1203 = ORIENTED_EDGE ( 'NONE', *, *, #1843, .F. ) ;
#1204 = VECTOR ( 'NONE', #204, 1000.000000000000000 ) ;
#1205 = CARTESIAN_POINT ( 'NONE',  ( 291.6499999999999773, 202.0000000000000000, 22.00000000000000000 ) ) ;
#1206 = VECTOR ( 'NONE', #2026, 1000.000000000000000 ) ;
#1207 = CIRCLE ( 'NONE', #1371, 1.600000000000000755 ) ;
#1208 = CARTESIAN_POINT ( 'NONE',  ( 288.8000000000000114, -196.0000000000000000, 18.00000000000000355 ) ) ;
#1209 = PERSON_AND_ORGANIZATION_ROLE ( 'classification_officer' ) ;
#1210 = AXIS2_PLACEMENT_3D ( 'NONE', #2282, #1802, #2311 ) ;
#1211 = AXIS2_PLACEMENT_3D ( 'NONE', #2673, #549, #803 ) ;
#1212 = DIRECTION ( 'NONE',  ( 0.000000000000000000, -0.000000000000000000, 1.000000000000000000 ) ) ;
#1213 = CARTESIAN_POINT ( 'NONE',  ( -289.8000000000000114, 202.0000000000000000, 25.60000000000000142 ) ) ;
#1214 = LINE ( 'NONE', #1999, #753 ) ;
#1215 = CIRCLE ( 'NONE', #3171, 2.000000000000001776 ) ;
#1216 = VECTOR ( 'NONE', #1632, 1000.000000000000000 ) ;
#1217 = ORIENTED_EDGE ( 'NONE', *, *, #2134, .T. ) ;
#1218 = VECTOR ( 'NONE', #59, 1000.000000000000000 ) ;
#1219 = FACE_OUTER_BOUND ( 'NONE', #2397, .T. ) ;
#1220 = AXIS2_PLACEMENT_3D ( 'NONE', #971, #449, #2595 ) ;
#1221 = ORIENTED_EDGE ( 'NONE', *, *, #2698, .T. ) ;
#1222 = ORIENTED_EDGE ( 'NONE', *, *, #1346, .F. ) ;
#1223 = EDGE_CURVE ( 'NONE', #292, #3092, #3036, .T. ) ;
#1224 = VECTOR ( 'NONE', #1956, 1000.000000000000000 ) ;
#1225 = DIRECTION ( 'NONE',  ( -1.000000000000000000, -0.000000000000000000, 0.000000000000000000 ) ) ;
#1226 = ORIENTED_EDGE ( 'NONE', *, *, #48, .F. ) ;
#1227 = ORIENTED_EDGE ( 'NONE', *, *, #3417, .F. ) ;
#1228 = EDGE_CURVE ( 'NONE', #1807, #2425, #615, .T. ) ;
#1229 = DIRECTION ( 'NONE',  ( -1.000000000000000000, 0.000000000000000000, 0.000000000000000000 ) ) ;
#1230 = DIRECTION ( 'NONE',  ( -1.000000000000000000, 0.000000000000000000, 0.000000000000000000 ) ) ;
#1231 = CARTESIAN_POINT ( 'NONE',  ( 289.7999999999999545, 190.0000000000000000, 22.00000000000000000 ) ) ;
#1232 = DIRECTION ( 'NONE',  ( -0.000000000000000000, 0.000000000000000000, -1.000000000000000000 ) ) ;
#1233 = CYLINDRICAL_SURFACE ( 'NONE', #2380, 2.000000000000001776 ) ;
#1234 = CARTESIAN_POINT ( 'NONE',  ( -289.8000000000000114, 190.0000000000000000, 24.00000000000000000 ) ) ;
#1235 = DIRECTION ( 'NONE',  ( -0.000000000000000000, 0.000000000000000000, -1.000000000000000000 ) ) ;
#1236 = VERTEX_POINT ( 'NONE', #2191 ) ;
#1237 = VERTEX_POINT ( 'NONE', #893 ) ;
#1238 = DIRECTION ( 'NONE',  ( 0.000000000000000000, 0.000000000000000000, -1.000000000000000000 ) ) ;
#1239 = ADVANCED_FACE ( 'NONE', ( #369, #648, #840 ), #348, .T. ) ;
#1240 = ORIENTED_EDGE ( 'NONE', *, *, #3259, .T. ) ;
#1241 = DIRECTION ( 'NONE',  ( -0.000000000000000000, 0.000000000000000000, -1.000000000000000000 ) ) ;
#1242 = EDGE_CURVE ( 'NONE', #531, #2987, #290, .T. ) ;
#1243 = DIRECTION ( 'NONE',  ( 1.000000000000000000, 0.000000000000000000, -0.000000000000000000 ) ) ;
#1244 = DIRECTION ( 'NONE',  ( 0.000000000000000000, 0.000000000000000000, 1.000000000000000000 ) ) ;
#1245 = CARTESIAN_POINT ( 'NONE',  ( 289.8000000000000114, -190.0000000000000000, 24.00000000000000000 ) ) ;
#1246 = DIRECTION ( 'NONE',  ( 0.000000000000000000, 0.000000000000000000, 1.000000000000000000 ) ) ;
#1247 = EDGE_CURVE ( 'NONE', #1038, #1401, #3349, .T. ) ;
#1248 = DIRECTION ( 'NONE',  ( -1.000000000000000000, -0.000000000000000000, 0.000000000000000000 ) ) ;
#1249 = LINE ( 'NONE', #420, #1492 ) ;
#1250 = ORIENTED_EDGE ( 'NONE', *, *, #489, .F. ) ;
#1251 = FACE_OUTER_BOUND ( 'NONE', #1911, .T. ) ;
#1252 = VERTEX_POINT ( 'NONE', #2246 ) ;
#1253 = EDGE_CURVE ( 'NONE', #2357, #1424, #2499, .T. ) ;
#1254 = CARTESIAN_POINT ( 'NONE',  ( -289.7999999999999545, -203.5000000000000000, 22.00000000000000000 ) ) ;
#1255 = CIRCLE ( 'NONE', #3160, 1.600000000000000755 ) ;
#1256 = VERTEX_POINT ( 'NONE', #3323 ) ;
#1257 = DIRECTION ( 'NONE',  ( 1.000000000000000000, 0.000000000000000000, -0.000000000000000000 ) ) ;
#1258 = DIRECTION ( 'NONE',  ( 0.000000000000000000, 0.000000000000000000, -1.000000000000000000 ) ) ;
#1259 = ADVANCED_FACE ( 'NONE', ( #333 ), #2981, .T. ) ;
#1260 = DIRECTION ( 'NONE',  ( 0.000000000000000000, 0.000000000000000000, -1.000000000000000000 ) ) ;
#1261 = VECTOR ( 'NONE', #1918, 1000.000000000000000 ) ;
#1262 = LINE ( 'NONE', #1281, #2607 ) ;
#1263 = LINE ( 'NONE', #1805, #253 ) ;
#1264 = ADVANCED_FACE ( 'NONE', ( #908 ), #3284, .T. ) ;
#1265 = AXIS2_PLACEMENT_3D ( 'NONE', #742, #779, #1304 ) ;
#1266 = AXIS2_PLACEMENT_3D ( 'NONE', #261, #2687, #2423 ) ;
#1267 = ORIENTED_EDGE ( 'NONE', *, *, #535, .F. ) ;
#1268 = ORIENTED_EDGE ( 'NONE', *, *, #458, .T. ) ;
#1269 = VECTOR ( 'NONE', #491, 1000.000000000000000 ) ;
#1270 = AXIS2_PLACEMENT_3D ( 'NONE', #340, #2988, #1113 ) ;
#1271 = APPROVAL_DATE_TIME ( #456, #3425 ) ;
#1272 = CARTESIAN_POINT ( 'NONE',  ( -289.7999999999999545, -190.0000000000000000, 22.00000000000000000 ) ) ;
#1273 = VECTOR ( 'NONE', #2309, 1000.000000000000000 ) ;
#1274 = EDGE_LOOP ( 'NONE', ( #3243, #350, #2814, #1952, #735, #3253 ) ) ;
#1275 = VECTOR ( 'NONE', #9, 1000.000000000000000 ) ;
#1276 = DIRECTION ( 'NONE',  ( -1.000000000000000000, -0.000000000000000000, 0.000000000000000000 ) ) ;
#1277 = ORIENTED_EDGE ( 'NONE', *, *, #44, .F. ) ;
#1278 = DIRECTION ( 'NONE',  ( 0.000000000000000000, -1.000000000000000000, 0.000000000000000000 ) ) ;
#1279 = PLANE ( 'NONE',  #1487 ) ;
#1280 = EDGE_CURVE ( 'NONE', #1351, #2357, #2482, .T. ) ;
#1281 = CARTESIAN_POINT ( 'NONE',  ( 293.5000000000000000, -204.0000000000000284, 22.00000000000000000 ) ) ;
#1282 = FACE_OUTER_BOUND ( 'NONE', #2507, .T. ) ;
#1283 = FACE_OUTER_BOUND ( 'NONE', #659, .T. ) ;
#1284 = EDGE_LOOP ( 'NONE', ( #1268, #3267, #3377, #2967 ) ) ;
#1285 = EDGE_CURVE ( 'NONE', #894, #2367, #313, .T. ) ;
#1286 = EDGE_LOOP ( 'NONE', ( #2588, #60, #1455, #721, #913, #267 ) ) ;
#1287 = PLANE ( 'NONE',  #1937 ) ;
#1288 = ORIENTED_EDGE ( 'NONE', *, *, #3478, .F. ) ;
#1289 = ORIENTED_EDGE ( 'NONE', *, *, #881, .T. ) ;
#1290 = CARTESIAN_POINT ( 'NONE',  ( -293.5000000000000000, -188.0000000000000000, 24.00000000000000000 ) ) ;
#1291 = EDGE_LOOP ( 'NONE', ( #1977, #3352, #2742, #1845, #3208, #2265 ) ) ;
#1292 = LINE ( 'NONE', #181, #987 ) ;
#1293 = CARTESIAN_POINT ( 'NONE',  ( 291.6499999999999773, -203.5000000000000000, 26.00000000000000000 ) ) ;
#1294 = CARTESIAN_POINT ( 'NONE',  ( -291.6499999999999773, -200.5000000000000000, 22.00000000000000000 ) ) ;
#1295 = DIRECTION ( 'NONE',  ( -0.000000000000000000, 1.000000000000000000, 0.000000000000000000 ) ) ;
#1296 = ORIENTED_EDGE ( 'NONE', *, *, #3412, .F. ) ;
#1297 = VERTEX_POINT ( 'NONE', #1976 ) ;
#1298 = DIRECTION ( 'NONE',  ( 0.000000000000000000, 1.000000000000000000, 0.000000000000000000 ) ) ;
#1299 = EDGE_CURVE ( 'NONE', #1252, #2091, #1389, .T. ) ;
#1300 = CARTESIAN_POINT ( 'NONE',  ( -289.8000000000000114, -190.0000000000000000, 24.00000000000000000 ) ) ;
#1301 = ORIENTED_EDGE ( 'NONE', *, *, #1350, .T. ) ;
#1302 = ORIENTED_EDGE ( 'NONE', *, *, #2088, .T. ) ;
#1303 = EDGE_CURVE ( 'NONE', #2337, #1340, #54, .T. ) ;
#1304 = DIRECTION ( 'NONE',  ( 0.000000000000000000, 0.000000000000000000, 1.000000000000000000 ) ) ;
#1305 = ORIENTED_EDGE ( 'NONE', *, *, #443, .F. ) ;
#1306 = LINE ( 'NONE', #729, #933 ) ;
#1307 = LINE ( 'NONE', #767, #1370 ) ;
#1308 = CARTESIAN_POINT ( 'NONE',  ( 289.8000000000000114, -190.0000000000000000, 24.00000000000000000 ) ) ;
#1309 = CIRCLE ( 'NONE', #1649, 2.000000000000001776 ) ;
#1310 = LINE ( 'NONE', #1294, #1320 ) ;
#1311 = CARTESIAN_POINT ( 'NONE',  ( 291.6499999999999773, -200.5000000000000000, 22.00000000000000000 ) ) ;
#1312 = CIRCLE ( 'NONE', #3222, 1.600000000000000755 ) ;
#1313 = VECTOR ( 'NONE', #595, 1000.000000000000000 ) ;
#1314 = ORIENTED_EDGE ( 'NONE', *, *, #48, .T. ) ;
#1315 = VERTEX_POINT ( 'NONE', #854 ) ;
#1316 = AXIS2_PLACEMENT_3D ( 'NONE', #3112, #1454, #3093 ) ;
#1317 = DIRECTION ( 'NONE',  ( 1.000000000000000000, 0.000000000000000000, -0.000000000000000000 ) ) ;
#1318 = AXIS2_PLACEMENT_3D ( 'NONE', #3251, #1464, #2504 ) ;
#1319 = CARTESIAN_POINT ( 'NONE',  ( -288.8000000000000114, -196.0000000000000000, 32.00000000000000000 ) ) ;
#1320 = VECTOR ( 'NONE', #784, 1000.000000000000000 ) ;
#1321 = ORIENTED_EDGE ( 'NONE', *, *, #2493, .T. ) ;
#1322 = VECTOR ( 'NONE', #1009, 1000.000000000000000 ) ;
#1323 = EDGE_LOOP ( 'NONE', ( #2083, #501, #1565, #1968 ) ) ;
#1324 = ADVANCED_FACE ( 'NONE', ( #1922 ), #598, .T. ) ;
#1325 = LINE ( 'NONE', #1040, #147 ) ;
#1326 = ORIENTED_EDGE ( 'NONE', *, *, #1904, .F. ) ;
#1327 = AXIS2_PLACEMENT_3D ( 'NONE', #2077, #745, #1816 ) ;
#1328 = EDGE_CURVE ( 'NONE', #1611, #2468, #3100, .T. ) ;
#1329 = CARTESIAN_POINT ( 'NONE',  ( -287.8000000000000114, 187.0000000000000000, 32.00000000000000000 ) ) ;
#1330 = CARTESIAN_POINT ( 'NONE',  ( -293.5000000000000000, 188.0000000000000000, 24.00000000000000000 ) ) ;
#1331 = VECTOR ( 'NONE', #26, 1000.000000000000000 ) ;
#1332 = EDGE_CURVE ( 'NONE', #1587, #1655, #3336, .T. ) ;
#1333 = CARTESIAN_POINT ( 'NONE',  ( -289.7999999999999545, 203.5000000000000000, 26.00000000000000000 ) ) ;
#1334 = LINE ( 'NONE', #1008, #1604 ) ;
#1335 = CARTESIAN_POINT ( 'NONE',  ( -289.7999999999999545, 202.0000000000000000, 26.00000000000000000 ) ) ;
#1336 = ORIENTED_EDGE ( 'NONE', *, *, #226, .F. ) ;
#1337 = ORIENTED_EDGE ( 'NONE', *, *, #2826, .F. ) ;
#1338 = CARTESIAN_POINT ( 'NONE',  ( -289.7999999999999545, 203.5000000000000000, 22.00000000000000000 ) ) ;
#1339 = DIRECTION ( 'NONE',  ( -1.000000000000000000, 0.000000000000000000, 0.000000000000000000 ) ) ;
#1340 = VERTEX_POINT ( 'NONE', #2260 ) ;
#1341 = EDGE_LOOP ( 'NONE', ( #2301, #397, #1425, #2032 ) ) ;
#1342 = DIRECTION ( 'NONE',  ( 0.000000000000000000, 0.000000000000000000, 1.000000000000000000 ) ) ;
#1343 = PLANE ( 'NONE',  #3063 ) ;
#1344 = ORIENTED_EDGE ( 'NONE', *, *, #602, .F. ) ;
#1345 = LINE ( 'NONE', #2418, #1275 ) ;
#1346 = EDGE_CURVE ( 'NONE', #111, #1887, #2548, .T. ) ;
#1347 = DIRECTION ( 'NONE',  ( -0.000000000000000000, 0.000000000000000000, -1.000000000000000000 ) ) ;
#1348 = DIRECTION ( 'NONE',  ( 0.000000000000000000, -0.000000000000000000, 1.000000000000000000 ) ) ;
#1349 = CARTESIAN_POINT ( 'NONE',  ( -293.5000000000000000, -204.0000000000000284, 24.00000000000000000 ) ) ;
#1350 = EDGE_CURVE ( 'NONE', #1031, #46, #1882, .T. ) ;
#1351 = VERTEX_POINT ( 'NONE', #1998 ) ;
#1352 = EDGE_LOOP ( 'NONE', ( #1181, #2019, #2748, #352 ) ) ;
#1353 = CARTESIAN_POINT ( 'NONE',  ( 288.8000000000000114, 196.0000000000000000, 32.00000000000000000 ) ) ;
#1354 = LINE ( 'NONE', #296, #816 ) ;
#1355 = VERTEX_POINT ( 'NONE', #2596 ) ;
#1356 = ORIENTED_EDGE ( 'NONE', *, *, #1898, .T. ) ;
#1357 = CARTESIAN_POINT ( 'NONE',  ( 289.7999999999999545, 202.0000000000000000, 22.00000000000000000 ) ) ;
#1358 = EDGE_LOOP ( 'NONE', ( #2123, #3431, #600, #380, #1452, #1778 ) ) ;
#1359 = DIRECTION ( 'NONE',  ( 0.000000000000000000, 0.000000000000000000, -1.000000000000000000 ) ) ;
#1360 = DIRECTION ( 'NONE',  ( 0.000000000000000000, 0.000000000000000000, -1.000000000000000000 ) ) ;
#1361 = LINE ( 'NONE', #1645, #3111 ) ;
#1362 = DIRECTION ( 'NONE',  ( 0.000000000000000000, 0.000000000000000000, 1.000000000000000000 ) ) ;
#1363 = EDGE_CURVE ( 'NONE', #3426, #2605, #668, .T. ) ;
#1364 = DIRECTION ( 'NONE',  ( -1.000000000000000000, 0.000000000000000000, 0.000000000000000000 ) ) ;
#1365 = ORIENTED_EDGE ( 'NONE', *, *, #602, .T. ) ;
#1366 = VECTOR ( 'NONE', #2841, 1000.000000000000000 ) ;
#1367 = ORIENTED_EDGE ( 'NONE', *, *, #1794, .T. ) ;
#1368 = EDGE_CURVE ( 'NONE', #1704, #2053, #182, .T. ) ;
#1369 = DIRECTION ( 'NONE',  ( 0.000000000000000000, 0.000000000000000000, 1.000000000000000000 ) ) ;
#1370 = VECTOR ( 'NONE', #782, 1000.000000000000000 ) ;
#1371 = AXIS2_PLACEMENT_3D ( 'NONE', #2803, #924, #3334 ) ;
#1372 = DIRECTION ( 'NONE',  ( 0.000000000000000000, 0.000000000000000000, 1.000000000000000000 ) ) ;
#1373 = VERTEX_POINT ( 'NONE', #2791 ) ;
#1374 = VERTEX_POINT ( 'NONE', #138 ) ;
#1375 = CIRCLE ( 'NONE', #3168, 1.600000000000000755 ) ;
#1376 = VECTOR ( 'NONE', #17, 1000.000000000000000 ) ;
#1377 = DIRECTION ( 'NONE',  ( 0.000000000000000000, 0.000000000000000000, -1.000000000000000000 ) ) ;
#1378 = FACE_OUTER_BOUND ( 'NONE', #2300, .T. ) ;
#1379 = VECTOR ( 'NONE', #1018, 1000.000000000000000 ) ;
#1380 = AXIS2_PLACEMENT_3D ( 'NONE', #2856, #2335, #453 ) ;
#1381 = ORIENTED_EDGE ( 'NONE', *, *, #393, .T. ) ;
#1382 = VECTOR ( 'NONE', #1621, 1000.000000000000000 ) ;
#1383 = DIRECTION ( 'NONE',  ( -0.000000000000000000, 0.000000000000000000, -1.000000000000000000 ) ) ;
#1384 = CARTESIAN_POINT ( 'NONE',  ( 287.8000000000000114, -190.0000000000000000, 24.00000000000000000 ) ) ;
#1385 = CIRCLE ( 'NONE', #708, 2.000000000000001776 ) ;
#1386 = CARTESIAN_POINT ( 'NONE',  ( 289.7999999999999545, 191.5000000000000000, 26.00000000000000000 ) ) ;
#1387 = DIRECTION ( 'NONE',  ( -1.000000000000000000, -0.000000000000000000, 0.000000000000000000 ) ) ;
#1388 = AXIS2_PLACEMENT_3D ( 'NONE', #1902, #2712, #818 ) ;
#1389 = LINE ( 'NONE', #3021, #1096 ) ;
#1390 = DIRECTION ( 'NONE',  ( 0.000000000000000000, 1.000000000000000000, 0.000000000000000000 ) ) ;
#1391 = ADVANCED_FACE ( 'NONE', ( #1193 ), #1460, .T. ) ;
#1392 = ORIENTED_EDGE ( 'NONE', *, *, #2937, .F. ) ;
#1393 = ORIENTED_EDGE ( 'NONE', *, *, #2248, .F. ) ;
#1394 = CARTESIAN_POINT ( 'NONE',  ( 289.7999999999999545, 202.0000000000000000, 26.00000000000000000 ) ) ;
#1395 = DIRECTION ( 'NONE',  ( -1.000000000000000000, -0.000000000000000000, 0.000000000000000000 ) ) ;
#1396 = EDGE_CURVE ( 'NONE', #2652, #2982, #388, .T. ) ;
#1397 = VERTEX_POINT ( 'NONE', #681 ) ;
#1398 = ORIENTED_EDGE ( 'NONE', *, *, #3135, .T. ) ;
#1399 = LINE ( 'NONE', #3273, #478 ) ;
#1400 = EDGE_CURVE ( 'NONE', #2815, #1065, #402, .T. ) ;
#1401 = VERTEX_POINT ( 'NONE', #1213 ) ;
#1402 = FACE_OUTER_BOUND ( 'NONE', #1413, .T. ) ;
#1403 = PLANE ( 'NONE',  #3395 ) ;
#1404 = CARTESIAN_POINT ( 'NONE',  ( -291.6499999999999773, 202.0000000000000000, 22.00000000000000000 ) ) ;
#1405 = DIRECTION ( 'NONE',  ( 0.000000000000000000, 0.000000000000000000, 1.000000000000000000 ) ) ;
#1406 = CARTESIAN_POINT ( 'NONE',  ( -291.6499999999999773, -202.0000000000000000, 22.00000000000000000 ) ) ;
#1407 = EDGE_LOOP ( 'NONE', ( #3445, #2156, #2222, #2761, #3420, #1874, #3467, #2253 ) ) ;
#1408 = VERTEX_POINT ( 'NONE', #1473 ) ;
#1409 = CARTESIAN_POINT ( 'NONE',  ( -289.8000000000000114, 202.0000000000000000, 24.00000000000000000 ) ) ;
#1410 = CC_DESIGN_PERSON_AND_ORGANIZATION_ASSIGNMENT ( #2340, #3414, ( #1037 ) ) ;
#1411 = DIRECTION ( 'NONE',  ( -0.000000000000000000, 0.000000000000000000, -1.000000000000000000 ) ) ;
#1412 = ORIENTED_EDGE ( 'NONE', *, *, #2351, .F. ) ;
#1413 = EDGE_LOOP ( 'NONE', ( #793, #2638, #3393, #1301, #357, #625 ) ) ;
#1414 = EDGE_CURVE ( 'NONE', #3329, #1881, #1430, .T. ) ;
#1415 = LINE ( 'NONE', #885, #656 ) ;
#1416 = CARTESIAN_POINT ( 'NONE',  ( 289.8000000000000114, 190.0000000000000000, 24.00000000000000000 ) ) ;
#1417 = VERTEX_POINT ( 'NONE', #172 ) ;
#1418 = LINE ( 'NONE', #1664, #3300 ) ;
#1419 = ADVANCED_FACE ( 'NONE', ( #2819, #415, #1490 ), #2839, .T. ) ;
#1420 = CARTESIAN_POINT ( 'NONE',  ( 289.8000000000000114, 205.0000000000000284, 32.00000000000000000 ) ) ;
#1421 = DIRECTION ( 'NONE',  ( 1.000000000000000000, 0.000000000000000000, -0.000000000000000000 ) ) ;
#1422 = PLANE ( 'NONE',  #2840 ) ;
#1423 = DIRECTION ( 'NONE',  ( -1.000000000000000000, -0.000000000000000000, 0.000000000000000000 ) ) ;
#1424 = VERTEX_POINT ( 'NONE', #2329 ) ;
#1425 = ORIENTED_EDGE ( 'NONE', *, *, #2821, .F. ) ;
#1426 = DIRECTION ( 'NONE',  ( 0.000000000000000000, 0.000000000000000000, -1.000000000000000000 ) ) ;
#1427 = VECTOR ( 'NONE', #173, 1000.000000000000000 ) ;
#1428 = ORIENTED_EDGE ( 'NONE', *, *, #3153, .T. ) ;
#1429 = ORIENTED_EDGE ( 'NONE', *, *, #2847, .T. ) ;
#1430 = CIRCLE ( 'NONE', #3165, 1.600000000000000755 ) ;
#1431 = VECTOR ( 'NONE', #288, 1000.000000000000000 ) ;
#1432 = DIRECTION ( 'NONE',  ( 1.000000000000000000, 0.000000000000000000, -0.000000000000000000 ) ) ;
#1433 = VECTOR ( 'NONE', #307, 1000.000000000000000 ) ;
#1434 = EDGE_CURVE ( 'NONE', #2987, #4, #959, .T. ) ;
#1435 = ORIENTED_EDGE ( 'NONE', *, *, #221, .F. ) ;
#1436 = CARTESIAN_POINT ( 'NONE',  ( -287.8000000000000114, -205.0000000000000284, 32.00000000000000000 ) ) ;
#1437 = AXIS2_PLACEMENT_3D ( 'NONE', #1201, #3044, #1732 ) ;
#1438 = CARTESIAN_POINT ( 'NONE',  ( -289.7999999999999545, -191.5000000000000000, 22.00000000000000000 ) ) ;
#1439 = AXIS2_PLACEMENT_3D ( 'NONE', #109, #1423, #1447 ) ;
#1440 = DIRECTION ( 'NONE',  ( 0.000000000000000000, 0.000000000000000000, 1.000000000000000000 ) ) ;
#1441 = EDGE_CURVE ( 'NONE', #46, #758, #2267, .T. ) ;
#1442 = CIRCLE ( 'NONE', #1663, 1.600000000000000755 ) ;
#1443 = CIRCLE ( 'NONE', #1085, 2.000000000000001776 ) ;
#1444 = CARTESIAN_POINT ( 'NONE',  ( -289.7999999999999545, -200.5000000000000000, 22.00000000000000000 ) ) ;
#1445 = COORDINATED_UNIVERSAL_TIME_OFFSET ( 8, 0, .AHEAD. ) ;
#1446 = CARTESIAN_POINT ( 'NONE',  ( -289.8000000000000114, -205.0000000000000284, 18.00000000000000355 ) ) ;
#1447 = DIRECTION ( 'NONE',  ( 0.000000000000000000, 0.000000000000000000, 1.000000000000000000 ) ) ;
#1448 = EDGE_CURVE ( 'NONE', #1713, #262, #3067, .T. ) ;
#1449 = VERTEX_POINT ( 'NONE', #973 ) ;
#1450 = VERTEX_POINT ( 'NONE', #1788 ) ;
#1451 = FACE_OUTER_BOUND ( 'NONE', #2129, .T. ) ;
#1452 = ORIENTED_EDGE ( 'NONE', *, *, #3469, .F. ) ;
#1453 = ORIENTED_EDGE ( 'NONE', *, *, #2788, .F. ) ;
#1454 = DIRECTION ( 'NONE',  ( -1.000000000000000000, 0.000000000000000000, 0.000000000000000000 ) ) ;
#1455 = ORIENTED_EDGE ( 'NONE', *, *, #2264, .T. ) ;
#1456 = DIRECTION ( 'NONE',  ( 0.000000000000000000, 0.000000000000000000, 1.000000000000000000 ) ) ;
#1457 = PLANE ( 'NONE',  #2272 ) ;
#1458 = APPROVAL_DATE_TIME ( #629, #2131 ) ;
#1459 = DIRECTION ( 'NONE',  ( 0.000000000000000000, -0.000000000000000000, 1.000000000000000000 ) ) ;
#1460 = CYLINDRICAL_SURFACE ( 'NONE', #3231, 2.000000000000001776 ) ;
#1461 = ADVANCED_FACE ( 'NONE', ( #716 ), #3407, .F. ) ;
#1462 = VERTEX_POINT ( 'NONE', #2078 ) ;
#1463 = DIRECTION ( 'NONE',  ( 0.000000000000000000, 0.000000000000000000, 1.000000000000000000 ) ) ;
#1464 = DIRECTION ( 'NONE',  ( 0.000000000000000000, 1.000000000000000000, 0.000000000000000000 ) ) ;
#1465 = EDGE_CURVE ( 'NONE', #860, #1611, #2606, .T. ) ;
#1466 = VERTEX_POINT ( 'NONE', #2419 ) ;
#1467 = ORIENTED_EDGE ( 'NONE', *, *, #3355, .F. ) ;
#1468 = DIRECTION ( 'NONE',  ( 0.000000000000000000, 0.000000000000000000, 1.000000000000000000 ) ) ;
#1469 = ORIENTED_EDGE ( 'NONE', *, *, #3382, .T. ) ;
#1470 = FACE_OUTER_BOUND ( 'NONE', #760, .T. ) ;
#1471 = CARTESIAN_POINT ( 'NONE',  ( 289.8000000000000114, -205.0000000000000284, 18.00000000000000355 ) ) ;
#1472 = DIRECTION ( 'NONE',  ( -0.000000000000000000, 1.000000000000000000, 0.000000000000000000 ) ) ;
#1473 = CARTESIAN_POINT ( 'NONE',  ( 287.8000000000000114, 187.0000000000000000, 18.00000000000000355 ) ) ;
#1474 = DIRECTION ( 'NONE',  ( 0.000000000000000000, 1.000000000000000000, 0.000000000000000000 ) ) ;
#1475 = EDGE_CURVE ( 'NONE', #2602, #2126, #2362, .T. ) ;
#1476 = DIRECTION ( 'NONE',  ( 0.000000000000000000, -1.000000000000000000, -0.000000000000000000 ) ) ;
#1477 = CARTESIAN_POINT ( 'NONE',  ( 287.8000000000000114, -190.0000000000000000, 25.60000000000000142 ) ) ;
#1478 = ORIENTED_EDGE ( 'NONE', *, *, #1838, .T. ) ;
#1479 = ADVANCED_FACE ( 'NONE', ( #203 ), #2683, .T. ) ;
#1480 = ORIENTED_EDGE ( 'NONE', *, *, #2255, .F. ) ;
#1481 = CARTESIAN_POINT ( 'NONE',  ( 293.5000000000000000, 188.0000000000000000, 22.00000000000000000 ) ) ;
#1482 = ORIENTED_EDGE ( 'NONE', *, *, #1228, .T. ) ;
#1483 = FACE_OUTER_BOUND ( 'NONE', #1199, .T. ) ;
#1484 = VECTOR ( 'NONE', #2816, 1000.000000000000000 ) ;
#1485 = VECTOR ( 'NONE', #1486, 1000.000000000000000 ) ;
#1486 = DIRECTION ( 'NONE',  ( 0.000000000000000000, 0.000000000000000000, 1.000000000000000000 ) ) ;
#1487 = AXIS2_PLACEMENT_3D ( 'NONE', #2296, #731, #2330 ) ;
#1488 = AXIS2_PLACEMENT_3D ( 'NONE', #1191, #3073, #666 ) ;
#1489 = CARTESIAN_POINT ( 'NONE',  ( -293.5000000000000000, 202.0000000000000000, 26.00000000000000000 ) ) ;
#1490 = FACE_BOUND ( 'NONE', #318, .T. ) ;
#1491 = AXIS2_PLACEMENT_3D ( 'NONE', #638, #1225, #1516 ) ;
#1492 = VECTOR ( 'NONE', #2550, 1000.000000000000000 ) ;
#1493 = DIRECTION ( 'NONE',  ( 0.000000000000000000, -1.000000000000000000, 0.000000000000000000 ) ) ;
#1494 = VECTOR ( 'NONE', #2916, 1000.000000000000000 ) ;
#1495 = CARTESIAN_POINT ( 'NONE',  ( -293.5000000000000000, -191.5000000000000000, 24.00000000000000000 ) ) ;
#1496 = ADVANCED_FACE ( 'NONE', ( #2116 ), #2887, .T. ) ;
#1497 = AXIS2_PLACEMENT_3D ( 'NONE', #3435, #1558, #3173 ) ;
#1498 = ORIENTED_EDGE ( 'NONE', *, *, #1253, .T. ) ;
#1499 = ORIENTED_EDGE ( 'NONE', *, *, #1864, .T. ) ;
#1500 = PERSON_AND_ORGANIZATION ( #2302, #260 ) ;
#1501 = APPROVAL_PERSON_ORGANIZATION ( #3159, #2178, #2546 ) ;
#1502 = EDGE_CURVE ( 'NONE', #1185, #1315, #1307, .T. ) ;
#1503 = CARTESIAN_POINT ( 'NONE',  ( 293.5000000000000000, -188.0000000000000000, 26.00000000000000355 ) ) ;
#1504 = VERTEX_POINT ( 'NONE', #2647 ) ;
#1505 = EDGE_CURVE ( 'NONE', #1863, #374, #2631, .T. ) ;
#1506 = CYLINDRICAL_SURFACE ( 'NONE', #3448, 2.000000000000001776 ) ;
#1507 = LINE ( 'NONE', #3372, #3166 ) ;
#1508 = CARTESIAN_POINT ( 'NONE',  ( -287.5000000000000568, -190.0000000000000000, 24.00000000000000000 ) ) ;
#1509 = DIRECTION ( 'NONE',  ( 1.000000000000000000, 0.000000000000000000, -0.000000000000000000 ) ) ;
#1510 = DIRECTION ( 'NONE',  ( 0.000000000000000000, 0.000000000000000000, 1.000000000000000000 ) ) ;
#1511 = PLANE ( 'NONE',  #83 ) ;
#1512 = DIRECTION ( 'NONE',  ( 0.000000000000000000, 1.000000000000000000, 0.000000000000000000 ) ) ;
#1513 = ORIENTED_EDGE ( 'NONE', *, *, #3043, .F. ) ;
#1514 = ORIENTED_EDGE ( 'NONE', *, *, #2070, .T. ) ;
#1515 = CYLINDRICAL_SURFACE ( 'NONE', #3179, 1.600000000000000755 ) ;
#1516 = DIRECTION ( 'NONE',  ( 0.000000000000000000, 0.000000000000000000, 1.000000000000000000 ) ) ;
#1517 = VERTEX_POINT ( 'NONE', #256 ) ;
#1518 = ADVANCED_FACE ( 'NONE', ( #3436 ), #1589, .T. ) ;
#1519 = DIRECTION ( 'NONE',  ( 0.000000000000000000, 0.000000000000000000, 1.000000000000000000 ) ) ;
#1520 = ORIENTED_EDGE ( 'NONE', *, *, #2113, .F. ) ;
#1521 = ADVANCED_FACE ( 'NONE', ( #2906 ), #232, .T. ) ;
#1522 = FACE_OUTER_BOUND ( 'NONE', #479, .T. ) ;
#1523 = DIRECTION ( 'NONE',  ( 1.000000000000000000, 0.000000000000000000, -0.000000000000000000 ) ) ;
#1524 = DIRECTION ( 'NONE',  ( 1.000000000000000000, 0.000000000000000000, -0.000000000000000000 ) ) ;
#1525 = ADVANCED_FACE ( 'NONE', ( #2663 ), #3472, .T. ) ;
#1526 = DIRECTION ( 'NONE',  ( 1.000000000000000000, 0.000000000000000000, -0.000000000000000000 ) ) ;
#1527 = EDGE_LOOP ( 'NONE', ( #3147, #3184, #1555, #954, #2539, #334, #2758, #1858 ) ) ;
#1528 = ORIENTED_EDGE ( 'NONE', *, *, #1223, .F. ) ;
#1529 =( LENGTH_UNIT ( ) NAMED_UNIT ( * ) SI_UNIT ( .MILLI., .METRE. ) );
#1530 = DIRECTION ( 'NONE',  ( 0.000000000000000000, 0.000000000000000000, 1.000000000000000000 ) ) ;
#1531 = ORIENTED_EDGE ( 'NONE', *, *, #3088, .T. ) ;
#1532 = DIRECTION ( 'NONE',  ( 0.000000000000000000, -1.000000000000000000, -0.000000000000000000 ) ) ;
#1533 = ORIENTED_EDGE ( 'NONE', *, *, #1625, .F. ) ;
#1534 = DIRECTION ( 'NONE',  ( 0.000000000000000000, -1.000000000000000000, -0.000000000000000000 ) ) ;
#1535 = AXIS2_PLACEMENT_3D ( 'NONE', #2457, #3256, #1781 ) ;
#1536 = DIRECTION ( 'NONE',  ( -1.000000000000000000, -0.000000000000000000, 0.000000000000000000 ) ) ;
#1537 = VECTOR ( 'NONE', #120, 1000.000000000000000 ) ;
#1538 = EDGE_CURVE ( 'NONE', #1517, #2692, #1653, .T. ) ;
#1539 = AXIS2_PLACEMENT_3D ( 'NONE', #168, #1734, #1456 ) ;
#1540 = VECTOR ( 'NONE', #279, 1000.000000000000000 ) ;
#1541 = DIRECTION ( 'NONE',  ( 0.000000000000000000, 0.000000000000000000, 1.000000000000000000 ) ) ;
#1542 = DIRECTION ( 'NONE',  ( 1.000000000000000000, 0.000000000000000000, -0.000000000000000000 ) ) ;
#1543 = CARTESIAN_POINT ( 'NONE',  ( -289.7999999999999545, 200.5000000000000000, 24.55677643628299833 ) ) ;
#1544 = AXIS2_PLACEMENT_3D ( 'NONE', #2319, #707, #396 ) ;
#1545 = VECTOR ( 'NONE', #2809, 1000.000000000000000 ) ;
#1546 = EDGE_CURVE ( 'NONE', #2513, #1462, #3218, .T. ) ;
#1547 = ORIENTED_EDGE ( 'NONE', *, *, #2446, .T. ) ;
#1548 = ORIENTED_EDGE ( 'NONE', *, *, #1332, .T. ) ;
#1549 = CIRCLE ( 'NONE', #2564, 2.000000000000001776 ) ;
#1550 = VECTOR ( 'NONE', #1342, 1000.000000000000000 ) ;
#1551 = FACE_OUTER_BOUND ( 'NONE', #777, .T. ) ;
#1552 = CARTESIAN_POINT ( 'NONE',  ( 293.5000000000000000, -191.5000000000000000, 22.00000000000000000 ) ) ;
#1553 = AXIS2_PLACEMENT_3D ( 'NONE', #2940, #1534, #1020 ) ;
#1554 = VERTEX_POINT ( 'NONE', #591 ) ;
#1555 = ORIENTED_EDGE ( 'NONE', *, *, #2187, .T. ) ;
#1556 = CARTESIAN_POINT ( 'NONE',  ( -289.8000000000000114, -196.0000000000000000, 18.00000000000000355 ) ) ;
#1557 = ORIENTED_EDGE ( 'NONE', *, *, #3047, .T. ) ;
#1558 = DIRECTION ( 'NONE',  ( -0.000000000000000000, -1.000000000000000000, -0.000000000000000000 ) ) ;
#1559 = CARTESIAN_POINT ( 'NONE',  ( 289.8000000000000114, 202.0000000000000000, 24.00000000000000000 ) ) ;
#1560 = DIRECTION ( 'NONE',  ( -1.000000000000000000, -0.000000000000000000, 0.000000000000000000 ) ) ;
#1561 = DIRECTION ( 'NONE',  ( 0.000000000000000000, 0.000000000000000000, 1.000000000000000000 ) ) ;
#1562 = EDGE_CURVE ( 'NONE', #1340, #3220, #1697, .T. ) ;
#1563 = CARTESIAN_POINT ( 'NONE',  ( 289.8000000000000114, -202.0000000000000000, 24.00000000000000000 ) ) ;
#1564 = EDGE_LOOP ( 'NONE', ( #2410, #2752, #652, #523, #349, #2287 ) ) ;
#1565 = ORIENTED_EDGE ( 'NONE', *, *, #1502, .F. ) ;
#1566 = EDGE_CURVE ( 'NONE', #374, #1704, #286, .T. ) ;
#1567 = DIRECTION ( 'NONE',  ( 0.000000000000000000, 0.000000000000000000, 1.000000000000000000 ) ) ;
#1568 = DIRECTION ( 'NONE',  ( 0.000000000000000000, 0.000000000000000000, 1.000000000000000000 ) ) ;
#1569 = ORIENTED_EDGE ( 'NONE', *, *, #384, .T. ) ;
#1570 = ORIENTED_EDGE ( 'NONE', *, *, #1505, .F. ) ;
#1571 = DIRECTION ( 'NONE',  ( -1.000000000000000000, 0.000000000000000000, 0.000000000000000000 ) ) ;
#1572 = ORIENTED_EDGE ( 'NONE', *, *, #489, .T. ) ;
#1573 = CARTESIAN_POINT ( 'NONE',  ( -291.6499999999999773, -203.5000000000000000, 22.00000000000000000 ) ) ;
#1574 = CARTESIAN_POINT ( 'NONE',  ( -287.5000000000000568, 190.0000000000000000, 24.00000000000000000 ) ) ;
#1575 = CARTESIAN_POINT ( 'NONE',  ( -287.5000000000000568, -202.0000000000000000, 24.00000000000000000 ) ) ;
#1576 = CARTESIAN_POINT ( 'NONE',  ( -288.8000000000000114, -187.0000000000000000, 32.00000000000000000 ) ) ;
#1577 = DIRECTION ( 'NONE',  ( 0.000000000000000000, 0.000000000000000000, 1.000000000000000000 ) ) ;
#1578 = EDGE_CURVE ( 'NONE', #2068, #3200, #28, .T. ) ;
#1579 = VERTEX_POINT ( 'NONE', #1153 ) ;
#1580 = ORIENTED_EDGE ( 'NONE', *, *, #785, .T. ) ;
#1581 = CARTESIAN_POINT ( 'NONE',  ( -291.6499999999999773, 203.5000000000000000, 26.00000000000000000 ) ) ;
#1582 = CARTESIAN_POINT ( 'NONE',  ( 293.5000000000000000, -200.5000000000000000, 24.00000000000000000 ) ) ;
#1583 = EDGE_CURVE ( 'NONE', #2176, #407, #2149, .T. ) ;
#1584 = ORIENTED_EDGE ( 'NONE', *, *, #114, .T. ) ;
#1585 = ORIENTED_EDGE ( 'NONE', *, *, #2454, .F. ) ;
#1586 = DIRECTION ( 'NONE',  ( 0.000000000000000000, 0.000000000000000000, 1.000000000000000000 ) ) ;
#1587 = VERTEX_POINT ( 'NONE', #866 ) ;
#1588 = DIRECTION ( 'NONE',  ( -1.000000000000000000, 0.000000000000000000, 0.000000000000000000 ) ) ;
#1589 = CYLINDRICAL_SURFACE ( 'NONE', #2949, 2.000000000000001776 ) ;
#1590 = CIRCLE ( 'NONE', #299, 2.000000000000001776 ) ;
#1591 = LINE ( 'NONE', #1293, #1081 ) ;
#1592 = AXIS2_PLACEMENT_3D ( 'NONE', #2308, #1243, #2024 ) ;
#1593 = PLANE ( 'NONE',  #3116 ) ;
#1594 = CYLINDRICAL_SURFACE ( 'NONE', #1825, 2.000000000000001776 ) ;
#1595 = AXIS2_PLACEMENT_3D ( 'NONE', #156, #119, #1229 ) ;
#1596 = CIRCLE ( 'NONE', #472, 1.600000000000000755 ) ;
#1597 = ORIENTED_EDGE ( 'NONE', *, *, #2356, .F. ) ;
#1598 = ORIENTED_EDGE ( 'NONE', *, *, #2658, .F. ) ;
#1599 = CIRCLE ( 'NONE', #1491, 1.600000000000000755 ) ;
#1600 = LINE ( 'NONE', #2690, #1376 ) ;
#1601 = VECTOR ( 'NONE', #2106, 1000.000000000000000 ) ;
#1602 = DIRECTION ( 'NONE',  ( -1.000000000000000000, 0.000000000000000000, 0.000000000000000000 ) ) ;
#1603 = DIRECTION ( 'NONE',  ( 0.000000000000000000, 0.000000000000000000, -1.000000000000000000 ) ) ;
#1604 = VECTOR ( 'NONE', #3206, 1000.000000000000000 ) ;
#1605 = EDGE_LOOP ( 'NONE', ( #3094, #774 ) ) ;
#1606 = VECTOR ( 'NONE', #3104, 1000.000000000000000 ) ;
#1607 = ORIENTED_EDGE ( 'NONE', *, *, #2541, .T. ) ;
#1608 = EDGE_CURVE ( 'NONE', #1340, #1297, #1118, .T. ) ;
#1609 = CIRCLE ( 'NONE', #3405, 1.600000000000000755 ) ;
#1610 = DIRECTION ( 'NONE',  ( 0.000000000000000000, 0.000000000000000000, 1.000000000000000000 ) ) ;
#1611 = VERTEX_POINT ( 'NONE', #3015 ) ;
#1612 = AXIS2_PLACEMENT_3D ( 'NONE', #2033, #985, #3046 ) ;
#1613 = CARTESIAN_POINT ( 'NONE',  ( 288.8000000000000114, 205.0000000000000284, 18.00000000000000355 ) ) ;
#1614 = ADVANCED_FACE ( 'NONE', ( #610 ), #1683, .F. ) ;
#1615 = DIRECTION ( 'NONE',  ( 0.000000000000000000, 0.000000000000000000, -1.000000000000000000 ) ) ;
#1616 = LINE ( 'NONE', #2099, #1269 ) ;
#1617 = FACE_OUTER_BOUND ( 'NONE', #909, .T. ) ;
#1618 = ORIENTED_EDGE ( 'NONE', *, *, #1673, .F. ) ;
#1619 = ORIENTED_EDGE ( 'NONE', *, *, #3327, .T. ) ;
#1620 = DIRECTION ( 'NONE',  ( -1.000000000000000000, -0.000000000000000000, 0.000000000000000000 ) ) ;
#1621 = DIRECTION ( 'NONE',  ( 0.000000000000000000, 0.000000000000000000, 1.000000000000000000 ) ) ;
#1622 = ORIENTED_EDGE ( 'NONE', *, *, #3331, .T. ) ;
#1623 = ORIENTED_EDGE ( 'NONE', *, *, #317, .F. ) ;
#1624 = PLANE ( 'NONE',  #979 ) ;
#1625 = EDGE_CURVE ( 'NONE', #3220, #584, #1443, .T. ) ;
#1626 = ORIENTED_EDGE ( 'NONE', *, *, #2993, .F. ) ;
#1627 = CARTESIAN_POINT ( 'NONE',  ( 289.8000000000000114, -202.0000000000000000, 24.00000000000000000 ) ) ;
#1628 = DIRECTION ( 'NONE',  ( -1.000000000000000000, -0.000000000000000000, 0.000000000000000000 ) ) ;
#1629 = EDGE_CURVE ( 'NONE', #2692, #338, #558, .T. ) ;
#1630 = CARTESIAN_POINT ( 'NONE',  ( 289.7999999999999545, -203.5000000000000000, 22.00000000000000000 ) ) ;
#1631 = DIRECTION ( 'NONE',  ( -1.000000000000000000, -0.000000000000000000, 0.000000000000000000 ) ) ;
#1632 = DIRECTION ( 'NONE',  ( -1.000000000000000000, -0.000000000000000000, 0.000000000000000000 ) ) ;
#1633 = ORIENTED_EDGE ( 'NONE', *, *, #1546, .F. ) ;
#1634 = CARTESIAN_POINT ( 'NONE',  ( 288.8000000000000114, 187.0000000000000000, 18.00000000000000355 ) ) ;
#1635 = LINE ( 'NONE', #604, #1880 ) ;
#1636 = ORIENTED_EDGE ( 'NONE', *, *, #295, .F. ) ;
#1637 = ORIENTED_EDGE ( 'NONE', *, *, #768, .F. ) ;
#1638 = DIRECTION ( 'NONE',  ( 1.000000000000000000, 0.000000000000000000, -0.000000000000000000 ) ) ;
#1639 = LINE ( 'NONE', #861, #865 ) ;
#1640 = VERTEX_POINT ( 'NONE', #2432 ) ;
#1641 = DIRECTION ( 'NONE',  ( -0.000000000000000000, 1.000000000000000000, 0.000000000000000000 ) ) ;
#1642 = DIRECTION ( 'NONE',  ( 0.000000000000000000, 1.000000000000000000, 0.000000000000000000 ) ) ;
#1643 = ADVANCED_FACE ( 'NONE', ( #2415 ), #6, .T. ) ;
#1644 = CARTESIAN_POINT ( 'NONE',  ( 289.8000000000000114, 202.0000000000000000, 22.39999999999999858 ) ) ;
#1645 = CARTESIAN_POINT ( 'NONE',  ( 293.5000000000000000, 190.0000000000000000, 22.00000000000000000 ) ) ;
#1646 = FACE_OUTER_BOUND ( 'NONE', #1677, .T. ) ;
#1647 = CARTESIAN_POINT ( 'NONE',  ( 287.5000000000000568, -202.0000000000000000, 22.39999999999999858 ) ) ;
#1648 = EDGE_CURVE ( 'NONE', #2425, #282, #37, .T. ) ;
#1649 = AXIS2_PLACEMENT_3D ( 'NONE', #1728, #1476, #2016 ) ;
#1650 = EDGE_LOOP ( 'NONE', ( #316, #180, #3470, #1428, #2784, #2693, #118, #883, #2722, #3369, #153, #1548 ) ) ;
#1651 = DIRECTION ( 'NONE',  ( 0.000000000000000000, 1.000000000000000000, 0.000000000000000000 ) ) ;
#1652 = ADVANCED_FACE ( 'NONE', ( #2183 ), #3240, .T. ) ;
#1653 = CIRCLE ( 'NONE', #23, 1.600000000000000755 ) ;
#1654 = CARTESIAN_POINT ( 'NONE',  ( -293.5000000000000000, -204.0000000000000284, 22.00000000000000000 ) ) ;
#1655 = VERTEX_POINT ( 'NONE', #832 ) ;
#1656 = EDGE_LOOP ( 'NONE', ( #2773, #2193 ) ) ;
#1657 = AXIS2_PLACEMENT_3D ( 'NONE', #869, #1440, #2786 ) ;
#1658 = CIRCLE ( 'NONE', #1318, 2.000000000000001776 ) ;
#1659 = CARTESIAN_POINT ( 'NONE',  ( 288.8000000000000114, -205.0000000000000284, 32.00000000000000000 ) ) ;
#1660 = VECTOR ( 'NONE', #300, 1000.000000000000000 ) ;
#1661 = AXIS2_PLACEMENT_3D ( 'NONE', #995, #2066, #3364 ) ;
#1662 = ORIENTED_EDGE ( 'NONE', *, *, #768, .T. ) ;
#1663 = AXIS2_PLACEMENT_3D ( 'NONE', #219, #1804, #469 ) ;
#1664 = CARTESIAN_POINT ( 'NONE',  ( 289.7999999999999545, -191.5000000000000000, 22.00000000000000000 ) ) ;
#1665 = DIRECTION ( 'NONE',  ( 1.000000000000000000, 0.000000000000000000, -0.000000000000000000 ) ) ;
#1666 = CARTESIAN_POINT ( 'NONE',  ( 289.8000000000000114, 202.0000000000000000, 25.60000000000000142 ) ) ;
#1667 = VECTOR ( 'NONE', #518, 1000.000000000000000 ) ;
#1668 = FACE_OUTER_BOUND ( 'NONE', #2845, .T. ) ;
#1669 = DIRECTION ( 'NONE',  ( 0.000000000000000000, -1.000000000000000000, -0.000000000000000000 ) ) ;
#1670 = AXIS2_PLACEMENT_3D ( 'NONE', #2873, #2241, #1972 ) ;
#1671 = LINE ( 'NONE', #2771, #1935 ) ;
#1672 = ORIENTED_EDGE ( 'NONE', *, *, #685, .T. ) ;
#1673 = EDGE_CURVE ( 'NONE', #2651, #725, #817, .T. ) ;
#1674 = ORIENTED_EDGE ( 'NONE', *, *, #129, .T. ) ;
#1675 = LINE ( 'NONE', #320, #2942 ) ;
#1676 = DIRECTION ( 'NONE',  ( 0.000000000000000000, 0.000000000000000000, 1.000000000000000000 ) ) ;
#1677 = EDGE_LOOP ( 'NONE', ( #2898, #49, #2059, #2543 ) ) ;
#1678 = EDGE_CURVE ( 'NONE', #1807, #2815, #2782, .T. ) ;
#1679 = ORIENTED_EDGE ( 'NONE', *, *, #1608, .T. ) ;
#1680 = CARTESIAN_POINT ( 'NONE',  ( -289.7999999999999545, 191.5000000000000000, 22.00000000000000000 ) ) ;
#1681 = ORIENTED_EDGE ( 'NONE', *, *, #772, .T. ) ;
#1682 = CARTESIAN_POINT ( 'NONE',  ( -291.6499999999999773, -188.5000000000000000, 26.00000000000000000 ) ) ;
#1683 = CYLINDRICAL_SURFACE ( 'NONE', #1994, 1.600000000000000755 ) ;
#1684 = DIRECTION ( 'NONE',  ( 1.000000000000000000, 0.000000000000000000, -0.000000000000000000 ) ) ;
#1685 = FACE_OUTER_BOUND ( 'NONE', #425, .T. ) ;
#1686 = PERSON_AND_ORGANIZATION ( #2302, #260 ) ;
#1687 = FACE_BOUND ( 'NONE', #1407, .T. ) ;
#1688 = CARTESIAN_POINT ( 'NONE',  ( -288.8000000000000114, 187.0000000000000000, 18.00000000000000355 ) ) ;
#1689 = ORIENTED_EDGE ( 'NONE', *, *, #2496, .F. ) ;
#1690 = FACE_OUTER_BOUND ( 'NONE', #2237, .T. ) ;
#1691 = EDGE_CURVE ( 'NONE', #2459, #1640, #1415, .T. ) ;
#1692 = VERTEX_POINT ( 'NONE', #79 ) ;
#1693 = VERTEX_POINT ( 'NONE', #2709 ) ;
#1694 = EDGE_CURVE ( 'NONE', #2636, #1692, #483, .T. ) ;
#1695 = DIRECTION ( 'NONE',  ( 0.000000000000000000, 0.000000000000000000, -1.000000000000000000 ) ) ;
#1696 = ORIENTED_EDGE ( 'NONE', *, *, #2614, .F. ) ;
#1697 = LINE ( 'NONE', #3261, #363 ) ;
#1698 = ADVANCED_FACE ( 'NONE', ( #1953 ), #3028, .T. ) ;
#1699 = PLANE ( 'NONE',  #3344 ) ;
#1700 = DIRECTION ( 'NONE',  ( -0.000000000000000000, 0.000000000000000000, -1.000000000000000000 ) ) ;
#1701 = DIRECTION ( 'NONE',  ( -1.000000000000000000, -0.000000000000000000, 0.000000000000000000 ) ) ;
#1702 = CARTESIAN_POINT ( 'NONE',  ( 291.6499999999999773, -200.5000000000000000, 26.00000000000000000 ) ) ;
#1703 = EDGE_LOOP ( 'NONE', ( #3129, #1689, #1963, #2137 ) ) ;
#1704 = VERTEX_POINT ( 'NONE', #355 ) ;
#1705 = CARTESIAN_POINT ( 'NONE',  ( 287.8000000000000114, -196.0000000000000000, 18.00000000000000355 ) ) ;
#1706 = AXIS2_PLACEMENT_3D ( 'NONE', #1182, #910, #2000 ) ;
#1707 = ORIENTED_EDGE ( 'NONE', *, *, #1434, .F. ) ;
#1708 = ORIENTED_EDGE ( 'NONE', *, *, #94, .F. ) ;
#1709 = AXIS2_PLACEMENT_3D ( 'NONE', #649, #3338, #1725 ) ;
#1710 = AXIS2_PLACEMENT_3D ( 'NONE', #10, #2189, #1077 ) ;
#1711 = FACE_OUTER_BOUND ( 'NONE', #3079, .T. ) ;
#1712 = CIRCLE ( 'NONE', #1091, 1.600000000000000755 ) ;
#1713 = VERTEX_POINT ( 'NONE', #3053 ) ;
#1714 = ADVANCED_FACE ( 'NONE', ( #370 ), #2931, .T. ) ;
#1715 = AXIS2_PLACEMENT_3D ( 'NONE', #214, #536, #1610 ) ;
#1716 = AXIS2_PLACEMENT_3D ( 'NONE', #2520, #3249, #1946 ) ;
#1717 = DIRECTION ( 'NONE',  ( 0.000000000000000000, -1.000000000000000000, 0.000000000000000000 ) ) ;
#1718 = AXIS2_PLACEMENT_3D ( 'NONE', #2195, #2161, #76 ) ;
#1719 = AXIS2_PLACEMENT_3D ( 'NONE', #2044, #1523, #1232 ) ;
#1720 = ADVANCED_FACE ( 'NONE', ( #2534 ), #314, .T. ) ;
#1721 = CARTESIAN_POINT ( 'NONE',  ( 289.8000000000000114, 200.5000000000000000, 24.55677643628299833 ) ) ;
#1722 = DATE_AND_TIME ( #906, #434 ) ;
#1723 = CARTESIAN_POINT ( 'NONE',  ( -289.8000000000000114, -205.0000000000000284, 18.00000000000000355 ) ) ;
#1724 = DIRECTION ( 'NONE',  ( 0.000000000000000000, 1.000000000000000000, 0.000000000000000000 ) ) ;
#1725 = DIRECTION ( 'NONE',  ( 0.000000000000000000, -0.000000000000000000, 1.000000000000000000 ) ) ;
#1726 = AXIS2_PLACEMENT_3D ( 'NONE', #289, #2465, #1405 ) ;
#1727 = ORIENTED_EDGE ( 'NONE', *, *, #2521, .F. ) ;
#1728 = CARTESIAN_POINT ( 'NONE',  ( 293.5000000000000000, -203.5000000000000000, 24.00000000000000000 ) ) ;
#1729 = CARTESIAN_POINT ( 'NONE',  ( -293.5000000000000000, -204.0000000000000284, 26.00000000000000355 ) ) ;
#1730 = ORIENTED_EDGE ( 'NONE', *, *, #2927, .F. ) ;
#1731 = VERTEX_POINT ( 'NONE', #1194 ) ;
#1732 = DIRECTION ( 'NONE',  ( 0.000000000000000000, 0.000000000000000000, -1.000000000000000000 ) ) ;
#1733 = ORIENTED_EDGE ( 'NONE', *, *, #1465, .T. ) ;
#1734 = DIRECTION ( 'NONE',  ( -1.000000000000000000, -0.000000000000000000, 0.000000000000000000 ) ) ;
#1735 = EDGE_CURVE ( 'NONE', #212, #96, #2483, .T. ) ;
#1736 = LINE ( 'NONE', #157, #587 ) ;
#1737 = DATE_TIME_ROLE ( 'classification_date' ) ;
#1738 = CARTESIAN_POINT ( 'NONE',  ( 289.7999999999999545, 200.5000000000000000, 23.44322356371700167 ) ) ;
#1739 = CARTESIAN_POINT ( 'NONE',  ( -293.5000000000000000, 188.0000000000000000, 26.00000000000000355 ) ) ;
#1740 = LINE ( 'NONE', #3362, #3002 ) ;
#1741 = ADVANCED_FACE ( 'NONE', ( #2467 ), #55, .T. ) ;
#1742 = CARTESIAN_POINT ( 'NONE',  ( -293.5000000000000000, -204.0000000000000284, 22.00000000000000000 ) ) ;
#1743 = DIRECTION ( 'NONE',  ( 0.000000000000000000, 0.000000000000000000, 1.000000000000000000 ) ) ;
#1744 = VERTEX_POINT ( 'NONE', #2192 ) ;
#1745 = ORIENTED_EDGE ( 'NONE', *, *, #616, .F. ) ;
#1746 = CARTESIAN_POINT ( 'NONE',  ( 289.8000000000000114, -202.0000000000000000, 22.39999999999999858 ) ) ;
#1747 = VERTEX_POINT ( 'NONE', #2210 ) ;
#1748 = CARTESIAN_POINT ( 'NONE',  ( 289.7999999999999545, -200.5000000000000000, 22.00000000000000000 ) ) ;
#1749 = DIRECTION ( 'NONE',  ( -1.000000000000000000, 0.000000000000000000, 0.000000000000000000 ) ) ;
#1750 = DIRECTION ( 'NONE',  ( 0.000000000000000000, 1.000000000000000000, 0.000000000000000000 ) ) ;
#1751 = EDGE_CURVE ( 'NONE', #2445, #1867, #1789, .T. ) ;
#1752 = CARTESIAN_POINT ( 'NONE',  ( 287.5000000000000568, -202.0000000000000000, 25.60000000000000142 ) ) ;
#1753 = DIRECTION ( 'NONE',  ( 0.000000000000000000, 1.000000000000000000, 0.000000000000000000 ) ) ;
#1754 = ADVANCED_FACE ( 'NONE', ( #993 ), #1233, .T. ) ;
#1755 = CARTESIAN_POINT ( 'NONE',  ( 287.5000000000000568, -190.0000000000000000, 25.60000000000000142 ) ) ;
#1756 = ORIENTED_EDGE ( 'NONE', *, *, #2070, .F. ) ;
#1757 = EDGE_LOOP ( 'NONE', ( #373, #166, #1302, #2983, #2671, #3157 ) ) ;
#1758 = EDGE_CURVE ( 'NONE', #101, #46, #1214, .T. ) ;
#1759 = CARTESIAN_POINT ( 'NONE',  ( -289.7999999999999545, -200.5000000000000000, 22.00000000000000000 ) ) ;
#1760 = DIRECTION ( 'NONE',  ( 0.000000000000000000, 0.000000000000000000, 1.000000000000000000 ) ) ;
#1761 = ORIENTED_EDGE ( 'NONE', *, *, #44, .T. ) ;
#1762 = VECTOR ( 'NONE', #769, 1000.000000000000000 ) ;
#1763 = CARTESIAN_POINT ( 'NONE',  ( -293.5000000000000000, 188.0000000000000000, 22.00000000000000000 ) ) ;
#1764 = VECTOR ( 'NONE', #2807, 1000.000000000000000 ) ;
#1765 = CIRCLE ( 'NONE', #2830, 1.600000000000000755 ) ;
#1766 = PLANE ( 'NONE',  #2879 ) ;
#1767 = CIRCLE ( 'NONE', #1265, 1.600000000000000755 ) ;
#1768 = VECTOR ( 'NONE', #1950, 1000.000000000000000 ) ;
#1769 = CARTESIAN_POINT ( 'NONE',  ( -289.7999999999999545, 190.0000000000000000, 22.00000000000000000 ) ) ;
#1770 = DIRECTION ( 'NONE',  ( 1.000000000000000000, 0.000000000000000000, -0.000000000000000000 ) ) ;
#1771 = DIRECTION ( 'NONE',  ( 0.000000000000000000, 0.000000000000000000, 1.000000000000000000 ) ) ;
#1772 = AXIS2_PLACEMENT_3D ( 'NONE', #2705, #2745, #337 ) ;
#1773 = VECTOR ( 'NONE', #1907, 1000.000000000000000 ) ;
#1774 = CARTESIAN_POINT ( 'NONE',  ( -287.8000000000000114, 196.0000000000000000, 18.00000000000000355 ) ) ;
#1775 = AXIS2_PLACEMENT_3D ( 'NONE', #3306, #1631, #3283 ) ;
#1776 = PLANE ( 'NONE',  #1036 ) ;
#1777 = EDGE_CURVE ( 'NONE', #2103, #2670, #143, .T. ) ;
#1778 = ORIENTED_EDGE ( 'NONE', *, *, #2788, .T. ) ;
#1779 = ORIENTED_EDGE ( 'NONE', *, *, #1735, .F. ) ;
#1780 =( NAMED_UNIT ( * ) PLANE_ANGLE_UNIT ( ) SI_UNIT ( $, .RADIAN. ) );
#1781 = DIRECTION ( 'NONE',  ( 0.000000000000000000, 0.000000000000000000, 1.000000000000000000 ) ) ;
#1782 = DIRECTION ( 'NONE',  ( 0.000000000000000000, -1.000000000000000000, -0.000000000000000000 ) ) ;
#1783 = EDGE_CURVE ( 'NONE', #292, #2652, #465, .T. ) ;
#1784 = EDGE_LOOP ( 'NONE', ( #2021, #73, #830, #1150 ) ) ;
#1785 = DIRECTION ( 'NONE',  ( 1.000000000000000000, 0.000000000000000000, 0.000000000000000000 ) ) ;
#1786 = ORIENTED_EDGE ( 'NONE', *, *, #2537, .F. ) ;
#1787 = DIRECTION ( 'NONE',  ( 0.000000000000000000, 0.000000000000000000, -1.000000000000000000 ) ) ;
#1788 = CARTESIAN_POINT ( 'NONE',  ( -289.8000000000000114, 191.5000000000000000, 23.44322356371700167 ) ) ;
#1789 = LINE ( 'NONE', #694, #1764 ) ;
#1790 = DIRECTION ( 'NONE',  ( 1.000000000000000000, 0.000000000000000000, -0.000000000000000000 ) ) ;
#1791 = CARTESIAN_POINT ( 'NONE',  ( 287.8000000000000114, -190.0000000000000000, 22.39999999999999858 ) ) ;
#1792 = ORIENTED_EDGE ( 'NONE', *, *, #66, .T. ) ;
#1793 = ORIENTED_EDGE ( 'NONE', *, *, #1119, .F. ) ;
#1794 = EDGE_CURVE ( 'NONE', #2692, #2367, #2097, .T. ) ;
#1795 = FACE_BOUND ( 'NONE', #2373, .T. ) ;
#1796 = ORIENTED_EDGE ( 'NONE', *, *, #1794, .F. ) ;
#1797 = ADVANCED_FACE ( 'NONE', ( #669 ), #1279, .T. ) ;
#1798 = CARTESIAN_POINT ( 'NONE',  ( -293.5000000000000000, -204.0000000000000284, 26.00000000000000355 ) ) ;
#1799 = ORIENTED_EDGE ( 'NONE', *, *, #206, .F. ) ;
#1800 = FACE_OUTER_BOUND ( 'NONE', #1757, .T. ) ;
#1801 = EDGE_CURVE ( 'NONE', #773, #860, #1375, .T. ) ;
#1802 = DIRECTION ( 'NONE',  ( 0.000000000000000000, 1.000000000000000000, 0.000000000000000000 ) ) ;
#1803 = DIRECTION ( 'NONE',  ( 0.000000000000000000, 0.000000000000000000, 1.000000000000000000 ) ) ;
#1804 = DIRECTION ( 'NONE',  ( 1.000000000000000000, 0.000000000000000000, -0.000000000000000000 ) ) ;
#1805 = CARTESIAN_POINT ( 'NONE',  ( -287.5000000000000568, -202.0000000000000000, 22.39999999999999858 ) ) ;
#1806 = ORIENTED_EDGE ( 'NONE', *, *, #984, .T. ) ;
#1807 = VERTEX_POINT ( 'NONE', #417 ) ;
#1808 = PLANE ( 'NONE',  #1670 ) ;
#1809 = DIRECTION ( 'NONE',  ( -1.000000000000000000, -0.000000000000000000, 0.000000000000000000 ) ) ;
#1810 = ORIENTED_EDGE ( 'NONE', *, *, #723, .F. ) ;
#1811 = EDGE_LOOP ( 'NONE', ( #2503, #2876, #3062, #2343 ) ) ;
#1812 = DIRECTION ( 'NONE',  ( 0.000000000000000000, 0.000000000000000000, 1.000000000000000000 ) ) ;
#1813 = CIRCLE ( 'NONE', #3102, 1.600000000000000755 ) ;
#1814 = EDGE_CURVE ( 'NONE', #725, #2651, #1740, .T. ) ;
#1815 = ORIENTED_EDGE ( 'NONE', *, *, #443, .T. ) ;
#1816 = DIRECTION ( 'NONE',  ( 0.000000000000000000, 0.000000000000000000, -1.000000000000000000 ) ) ;
#1817 = CARTESIAN_POINT ( 'NONE',  ( 289.7999999999999545, 203.5000000000000000, 22.00000000000000000 ) ) ;
#1818 = ADVANCED_FACE ( 'NONE', ( #2014 ), #2568, .T. ) ;
#1819 = VECTOR ( 'NONE', #3071, 1000.000000000000000 ) ;
#1820 = PRODUCT_DEFINITION_SHAPE ( 'NONE', 'NONE',  #1037 ) ;
#1821 = LINE ( 'NONE', #520, #3389 ) ;
#1822 = DIRECTION ( 'NONE',  ( -1.000000000000000000, -0.000000000000000000, 0.000000000000000000 ) ) ;
#1823 = LINE ( 'NONE', #2350, #3292 ) ;
#1824 = VECTOR ( 'NONE', #1847, 1000.000000000000000 ) ;
#1825 = AXIS2_PLACEMENT_3D ( 'NONE', #1349, #2667, #547 ) ;
#1826 = ORIENTED_EDGE ( 'NONE', *, *, #1202, .F. ) ;
#1827 = ORIENTED_EDGE ( 'NONE', *, *, #2048, .F. ) ;
#1828 = CIRCLE ( 'NONE', #3401, 2.000000000000001776 ) ;
#1829 = LINE ( 'NONE', #1581, #2042 ) ;
#1830 = PLANE ( 'NONE',  #308 ) ;
#1831 = ORIENTED_EDGE ( 'NONE', *, *, #16, .F. ) ;
#1832 = ORIENTED_EDGE ( 'NONE', *, *, #16, .T. ) ;
#1833 = AXIS2_PLACEMENT_3D ( 'NONE', #65, #1135, #3275 ) ;
#1834 = DIRECTION ( 'NONE',  ( -1.000000000000000000, 0.000000000000000000, 0.000000000000000000 ) ) ;
#1835 = ORIENTED_EDGE ( 'NONE', *, *, #2117, .T. ) ;
#1836 = DIRECTION ( 'NONE',  ( -0.000000000000000000, 1.000000000000000000, 0.000000000000000000 ) ) ;
#1837 = DIRECTION ( 'NONE',  ( 0.000000000000000000, 0.000000000000000000, 1.000000000000000000 ) ) ;
#1838 = EDGE_CURVE ( 'NONE', #2849, #1374, #27, .T. ) ;
#1839 = FACE_OUTER_BOUND ( 'NONE', #3332, .T. ) ;
#1840 = DIRECTION ( 'NONE',  ( -1.000000000000000000, -0.000000000000000000, 0.000000000000000000 ) ) ;
#1841 = CARTESIAN_POINT ( 'NONE',  ( 289.8000000000000114, 187.0000000000000000, 18.00000000000000355 ) ) ;
#1842 = DIRECTION ( 'NONE',  ( 1.000000000000000000, 0.000000000000000000, -0.000000000000000000 ) ) ;
#1843 = EDGE_CURVE ( 'NONE', #3092, #1964, #1312, .T. ) ;
#1844 = VERTEX_POINT ( 'NONE', #2096 ) ;
#1845 = ORIENTED_EDGE ( 'NONE', *, *, #868, .T. ) ;
#1846 = DIRECTION ( 'NONE',  ( 0.000000000000000000, -1.000000000000000000, -0.000000000000000000 ) ) ;
#1847 = DIRECTION ( 'NONE',  ( 0.000000000000000000, 0.000000000000000000, 1.000000000000000000 ) ) ;
#1848 = ORIENTED_EDGE ( 'NONE', *, *, #129, .F. ) ;
#1849 = ORIENTED_EDGE ( 'NONE', *, *, #3007, .T. ) ;
#1850 = DIRECTION ( 'NONE',  ( 0.000000000000000000, 0.000000000000000000, 1.000000000000000000 ) ) ;
#1851 = ORIENTED_EDGE ( 'NONE', *, *, #1901, .T. ) ;
#1852 = CARTESIAN_POINT ( 'NONE',  ( 289.8000000000000114, -202.0000000000000000, 24.00000000000000000 ) ) ;
#1853 = CARTESIAN_POINT ( 'NONE',  ( 293.5000000000000000, -204.0000000000000284, 24.00000000000000000 ) ) ;
#1854 = ADVANCED_FACE ( 'NONE', ( #1839 ), #2907, .F. ) ;
#1855 = DIRECTION ( 'NONE',  ( 0.000000000000000000, 0.000000000000000000, -1.000000000000000000 ) ) ;
#1856 = CARTESIAN_POINT ( 'NONE',  ( 293.5000000000000000, 188.0000000000000000, 22.00000000000000000 ) ) ;
#1857 = DIRECTION ( 'NONE',  ( 1.000000000000000000, 0.000000000000000000, -0.000000000000000000 ) ) ;
#1858 = ORIENTED_EDGE ( 'NONE', *, *, #2632, .T. ) ;
#1859 = ADVANCED_FACE ( 'NONE', ( #362 ), #1699, .T. ) ;
#1860 = EDGE_LOOP ( 'NONE', ( #778, #1305, #917, #2680 ) ) ;
#1861 = CARTESIAN_POINT ( 'NONE',  ( 293.5000000000000000, 200.5000000000000000, 24.00000000000000000 ) ) ;
#1862 = LINE ( 'NONE', #2057, #2392 ) ;
#1863 = VERTEX_POINT ( 'NONE', #2479 ) ;
#1864 = EDGE_CURVE ( 'NONE', #2320, #1401, #1101, .T. ) ;
#1865 = ORIENTED_EDGE ( 'NONE', *, *, #902, .F. ) ;
#1866 = CARTESIAN_POINT ( 'NONE',  ( 289.8000000000000114, -187.0000000000000000, 18.00000000000000355 ) ) ;
#1867 = VERTEX_POINT ( 'NONE', #611 ) ;
#1868 = FACE_OUTER_BOUND ( 'NONE', #588, .T. ) ;
#1869 = LINE ( 'NONE', #1061, #21 ) ;
#1870 = VECTOR ( 'NONE', #2295, 1000.000000000000000 ) ;
#1871 = LINE ( 'NONE', #506, #704 ) ;
#1872 = LINE ( 'NONE', #2947, #2102 ) ;
#1873 = VECTOR ( 'NONE', #2226, 1000.000000000000000 ) ;
#1874 = ORIENTED_EDGE ( 'NONE', *, *, #1328, .F. ) ;
#1875 = AXIS2_PLACEMENT_3D ( 'NONE', #1416, #3029, #1695 ) ;
#1876 = CARTESIAN_POINT ( 'NONE',  ( 293.5000000000000000, 188.0000000000000000, 26.00000000000000355 ) ) ;
#1877 = VECTOR ( 'NONE', #2740, 1000.000000000000000 ) ;
#1878 = EDGE_CURVE ( 'NONE', #2506, #212, #1712, .T. ) ;
#1879 = PLANE ( 'NONE',  #198 ) ;
#1880 = VECTOR ( 'NONE', #582, 1000.000000000000000 ) ;
#1881 = VERTEX_POINT ( 'NONE', #1666 ) ;
#1882 = CIRCLE ( 'NONE', #1983, 1.600000000000000755 ) ;
#1883 = ORIENTED_EDGE ( 'NONE', *, *, #2847, .F. ) ;
#1884 = VECTOR ( 'NONE', #2498, 1000.000000000000000 ) ;
#1885 = ADVANCED_FACE ( 'NONE', ( #106 ), #1403, .T. ) ;
#1886 = FACE_BOUND ( 'NONE', #1166, .T. ) ;
#1887 = VERTEX_POINT ( 'NONE', #1420 ) ;
#1888 = CARTESIAN_POINT ( 'NONE',  ( -289.8000000000000114, 191.5000000000000000, 24.55677643628299833 ) ) ;
#1889 = DIRECTION ( 'NONE',  ( -0.000000000000000000, 1.000000000000000000, 0.000000000000000000 ) ) ;
#1890 = CARTESIAN_POINT ( 'NONE',  ( -289.8000000000000114, 190.0000000000000000, 25.60000000000000142 ) ) ;
#1891 = DIRECTION ( 'NONE',  ( -1.000000000000000000, -0.000000000000000000, 0.000000000000000000 ) ) ;
#1892 = EDGE_LOOP ( 'NONE', ( #3314, #395 ) ) ;
#1893 = ORIENTED_EDGE ( 'NONE', *, *, #556, .F. ) ;
#1894 = FACE_OUTER_BOUND ( 'NONE', #2067, .T. ) ;
#1895 = DIRECTION ( 'NONE',  ( -0.000000000000000000, 1.000000000000000000, 0.000000000000000000 ) ) ;
#1896 = ORIENTED_EDGE ( 'NONE', *, *, #1735, .T. ) ;
#1897 = VERTEX_POINT ( 'NONE', #330 ) ;
#1898 = EDGE_CURVE ( 'NONE', #1936, #282, #1958, .T. ) ;
#1899 = DIRECTION ( 'NONE',  ( -0.000000000000000000, 1.000000000000000000, 0.000000000000000000 ) ) ;
#1900 = ORIENTED_EDGE ( 'NONE', *, *, #317, .T. ) ;
#1901 = EDGE_CURVE ( 'NONE', #2455, #455, #837, .T. ) ;
#1902 = CARTESIAN_POINT ( 'NONE',  ( 293.5000000000000000, -204.0000000000000284, 24.00000000000000000 ) ) ;
#1903 = LINE ( 'NONE', #3303, #2271 ) ;
#1904 = EDGE_CURVE ( 'NONE', #2986, #532, #3319, .T. ) ;
#1905 = FACE_OUTER_BOUND ( 'NONE', #1284, .T. ) ;
#1906 = CARTESIAN_POINT ( 'NONE',  ( 289.7999999999999545, -190.0000000000000000, 26.00000000000000000 ) ) ;
#1907 = DIRECTION ( 'NONE',  ( 0.000000000000000000, 0.000000000000000000, 1.000000000000000000 ) ) ;
#1908 = ORIENTED_EDGE ( 'NONE', *, *, #2632, .F. ) ;
#1909 = LINE ( 'NONE', #3058, #2324 ) ;
#1910 = LINE ( 'NONE', #280, #599 ) ;
#1911 = EDGE_LOOP ( 'NONE', ( #1585, #1217, #3444, #20, #3274, #674 ) ) ;
#1912 = EDGE_LOOP ( 'NONE', ( #2049, #1392 ) ) ;
#1913 = DIRECTION ( 'NONE',  ( 0.000000000000000000, 0.000000000000000000, 1.000000000000000000 ) ) ;
#1914 = CARTESIAN_POINT ( 'NONE',  ( 289.8000000000000114, -205.0000000000000284, 18.00000000000000355 ) ) ;
#1915 = ORIENTED_EDGE ( 'NONE', *, *, #1878, .F. ) ;
#1916 = CYLINDRICAL_SURFACE ( 'NONE', #2672, 2.000000000000001776 ) ;
#1917 = CARTESIAN_POINT ( 'NONE',  ( -291.6499999999999773, -200.5000000000000000, 26.00000000000000000 ) ) ;
#1918 = DIRECTION ( 'NONE',  ( -1.000000000000000000, 0.000000000000000000, 0.000000000000000000 ) ) ;
#1919 = EDGE_CURVE ( 'NONE', #2723, #2897, #627, .T. ) ;
#1920 = LINE ( 'NONE', #3304, #1313 ) ;
#1921 = PLANE ( 'NONE',  #540 ) ;
#1922 = FACE_OUTER_BOUND ( 'NONE', #3025, .T. ) ;
#1923 = EDGE_CURVE ( 'NONE', #2602, #292, #1903, .T. ) ;
#1924 = CIRCLE ( 'NONE', #2874, 1.600000000000000755 ) ;
#1925 = EDGE_LOOP ( 'NONE', ( #3394, #2110, #1090, #792 ) ) ;
#1926 = DIRECTION ( 'NONE',  ( 0.000000000000000000, 0.000000000000000000, 1.000000000000000000 ) ) ;
#1927 = AXIS2_PLACEMENT_3D ( 'NONE', #2306, #433, #2060 ) ;
#1928 = AXIS2_PLACEMENT_3D ( 'NONE', #1575, #2648, #234 ) ;
#1929 = DIRECTION ( 'NONE',  ( -0.000000000000000000, 1.000000000000000000, 0.000000000000000000 ) ) ;
#1930 = ORIENTED_EDGE ( 'NONE', *, *, #3124, .T. ) ;
#1931 = ORIENTED_EDGE ( 'NONE', *, *, #597, .T. ) ;
#1932 = AXIS2_PLACEMENT_3D ( 'NONE', #1985, #2577, #165 ) ;
#1933 = CARTESIAN_POINT ( 'NONE',  ( 293.5000000000000000, 204.0000000000000284, 24.00000000000000000 ) ) ;
#1934 = CYLINDRICAL_SURFACE ( 'NONE', #2448, 1.600000000000000755 ) ;
#1935 = VECTOR ( 'NONE', #577, 1000.000000000000000 ) ;
#1936 = VERTEX_POINT ( 'NONE', #3016 ) ;
#1937 = AXIS2_PLACEMENT_3D ( 'NONE', #2085, #738, #1603 ) ;
#1938 = LINE ( 'NONE', #1682, #1167 ) ;
#1939 = DIRECTION ( 'NONE',  ( -1.000000000000000000, 0.000000000000000000, 0.000000000000000000 ) ) ;
#1940 = PLANE ( 'NONE',  #3281 ) ;
#1941 = VECTOR ( 'NONE', #1997, 1000.000000000000000 ) ;
#1942 = DIRECTION ( 'NONE',  ( -1.000000000000000000, -0.000000000000000000, 0.000000000000000000 ) ) ;
#1943 = DIRECTION ( 'NONE',  ( 0.000000000000000000, 0.000000000000000000, -1.000000000000000000 ) ) ;
#1944 = ADVANCED_FACE ( 'NONE', ( #1136 ), #642, .F. ) ;
#1945 = LOCAL_TIME ( 20, 14, 55.00000000000000000, #1996 ) ;
#1946 = DIRECTION ( 'NONE',  ( 0.000000000000000000, 0.000000000000000000, 1.000000000000000000 ) ) ;
#1947 = ORIENTED_EDGE ( 'NONE', *, *, #2718, .T. ) ;
#1948 = ORIENTED_EDGE ( 'NONE', *, *, #529, .T. ) ;
#1949 = EDGE_CURVE ( 'NONE', #3200, #2286, #573, .T. ) ;
#1950 = DIRECTION ( 'NONE',  ( 0.000000000000000000, 1.000000000000000000, 0.000000000000000000 ) ) ;
#1951 = ORIENTED_EDGE ( 'NONE', *, *, #2370, .F. ) ;
#1952 = ORIENTED_EDGE ( 'NONE', *, *, #62, .F. ) ;
#1953 = FACE_OUTER_BOUND ( 'NONE', #2857, .T. ) ;
#1954 = DIRECTION ( 'NONE',  ( -1.000000000000000000, 0.000000000000000000, 0.000000000000000000 ) ) ;
#1955 = EDGE_LOOP ( 'NONE', ( #3479, #743, #2142, #887 ) ) ;
#1956 = DIRECTION ( 'NONE',  ( -1.000000000000000000, -0.000000000000000000, 0.000000000000000000 ) ) ;
#1957 = DIRECTION ( 'NONE',  ( 1.000000000000000000, 0.000000000000000000, -0.000000000000000000 ) ) ;
#1958 = LINE ( 'NONE', #2994, #1433 ) ;
#1959 = DIRECTION ( 'NONE',  ( 0.000000000000000000, -0.000000000000000000, 1.000000000000000000 ) ) ;
#1960 = CARTESIAN_POINT ( 'NONE',  ( -289.8000000000000114, -190.0000000000000000, 24.00000000000000000 ) ) ;
#1961 = DIRECTION ( 'NONE',  ( -1.000000000000000000, -0.000000000000000000, 0.000000000000000000 ) ) ;
#1962 = ADVANCED_FACE ( 'NONE', ( #2204 ), #2754, .T. ) ;
#1963 = ORIENTED_EDGE ( 'NONE', *, *, #2134, .F. ) ;
#1964 = VERTEX_POINT ( 'NONE', #1644 ) ;
#1965 = DIRECTION ( 'NONE',  ( 1.000000000000000000, 0.000000000000000000, 0.000000000000000000 ) ) ;
#1966 = EDGE_CURVE ( 'NONE', #1016, #990, #2559, .T. ) ;
#1967 = ORIENTED_EDGE ( 'NONE', *, *, #504, .F. ) ;
#1968 = ORIENTED_EDGE ( 'NONE', *, *, #772, .F. ) ;
#1969 = PLANE ( 'NONE',  #1932 ) ;
#1970 = ADVANCED_FACE ( 'NONE', ( #3048, #890, #2463 ), #1940, .T. ) ;
#1971 = EDGE_LOOP ( 'NONE', ( #863, #728, #2799, #829 ) ) ;
#1972 = DIRECTION ( 'NONE',  ( 1.000000000000000000, 0.000000000000000000, -0.000000000000000000 ) ) ;
#1973 = CARTESIAN_POINT ( 'NONE',  ( -289.7999999999999545, -202.0000000000000000, 26.00000000000000000 ) ) ;
#1974 = LINE ( 'NONE', #1995, #1485 ) ;
#1975 = PLANE ( 'NONE',  #2334 ) ;
#1976 = CARTESIAN_POINT ( 'NONE',  ( -293.5000000000000000, 188.5000000000000000, 22.00000000000000000 ) ) ;
#1977 = ORIENTED_EDGE ( 'NONE', *, *, #3355, .T. ) ;
#1978 = LINE ( 'NONE', #1742, #468 ) ;
#1979 = LINE ( 'NONE', #1168, #3060 ) ;
#1980 = VECTOR ( 'NONE', #467, 1000.000000000000000 ) ;
#1981 = VERTEX_POINT ( 'NONE', #3033 ) ;
#1982 = ORIENTED_EDGE ( 'NONE', *, *, #186, .T. ) ;
#1983 = AXIS2_PLACEMENT_3D ( 'NONE', #2533, #730, #122 ) ;
#1984 = ADVANCED_FACE ( 'NONE', ( #850 ), #3383, .T. ) ;
#1985 = CARTESIAN_POINT ( 'NONE',  ( 291.6499999999999773, 200.5000000000000000, 22.00000000000000000 ) ) ;
#1986 = VECTOR ( 'NONE', #2529, 1000.000000000000000 ) ;
#1987 = AXIS2_PLACEMENT_3D ( 'NONE', #3464, #2177, #1032 ) ;
#1988 = ORIENTED_EDGE ( 'NONE', *, *, #3391, .T. ) ;
#1989 = ADVANCED_FACE ( 'NONE', ( #2277 ), #1506, .T. ) ;
#1990 = VECTOR ( 'NONE', #1432, 1000.000000000000000 ) ;
#1991 = VECTOR ( 'NONE', #3439, 1000.000000000000000 ) ;
#1992 = CARTESIAN_POINT ( 'NONE',  ( 293.5000000000000000, 188.0000000000000000, 24.00000000000000000 ) ) ;
#1993 = VECTOR ( 'NONE', #3192, 1000.000000000000000 ) ;
#1994 = AXIS2_PLACEMENT_3D ( 'NONE', #3302, #889, #3032 ) ;
#1995 = CARTESIAN_POINT ( 'NONE',  ( 287.8000000000000114, 187.0000000000000000, 18.00000000000000355 ) ) ;
#1996 = COORDINATED_UNIVERSAL_TIME_OFFSET ( 8, 0, .AHEAD. ) ;
#1997 = DIRECTION ( 'NONE',  ( -0.000000000000000000, 1.000000000000000000, 0.000000000000000000 ) ) ;
#1998 = CARTESIAN_POINT ( 'NONE',  ( 293.5000000000000000, -204.0000000000000284, 22.00000000000000000 ) ) ;
#1999 = CARTESIAN_POINT ( 'NONE',  ( 289.7999999999999545, -188.5000000000000000, 22.00000000000000000 ) ) ;
#2000 = DIRECTION ( 'NONE',  ( 0.000000000000000000, 0.000000000000000000, -1.000000000000000000 ) ) ;
#2001 = LOCAL_TIME ( 20, 14, 55.00000000000000000, #999 ) ;
#2002 = LINE ( 'NONE', #1755, #1545 ) ;
#2003 = VERTEX_POINT ( 'NONE', #690 ) ;
#2004 = VERTEX_POINT ( 'NONE', #2836 ) ;
#2005 = CARTESIAN_POINT ( 'NONE',  ( -289.8000000000000114, -190.0000000000000000, 24.00000000000000000 ) ) ;
#2006 = EDGE_LOOP ( 'NONE', ( #2072, #116, #298, #2247 ) ) ;
#2007 = EDGE_CURVE ( 'NONE', #1462, #532, #925, .T. ) ;
#2008 = ORIENTED_EDGE ( 'NONE', *, *, #2862, .F. ) ;
#2009 = CARTESIAN_POINT ( 'NONE',  ( -289.7999999999999545, 191.5000000000000000, 22.00000000000000000 ) ) ;
#2010 = EDGE_CURVE ( 'NONE', #57, #3347, #2863, .T. ) ;
#2011 = DIRECTION ( 'NONE',  ( -1.000000000000000000, -0.000000000000000000, 0.000000000000000000 ) ) ;
#2012 = CARTESIAN_POINT ( 'NONE',  ( 287.5000000000000568, 190.0000000000000000, 24.00000000000000000 ) ) ;
#2013 = CARTESIAN_POINT ( 'NONE',  ( 288.8000000000000114, 205.0000000000000284, 32.00000000000000000 ) ) ;
#2014 = FACE_OUTER_BOUND ( 'NONE', #379, .T. ) ;
#2015 = EDGE_CURVE ( 'NONE', #825, #1297, #2291, .T. ) ;
#2016 = DIRECTION ( 'NONE',  ( 0.000000000000000000, 0.000000000000000000, -1.000000000000000000 ) ) ;
#2017 = PLANE ( 'NONE',  #2669 ) ;
#2018 = ORIENTED_EDGE ( 'NONE', *, *, #1013, .T. ) ;
#2019 = ORIENTED_EDGE ( 'NONE', *, *, #1109, .F. ) ;
#2020 = CARTESIAN_POINT ( 'NONE',  ( -289.7999999999999545, -203.5000000000000000, 22.00000000000000000 ) ) ;
#2021 = ORIENTED_EDGE ( 'NONE', *, *, #514, .T. ) ;
#2022 = ORIENTED_EDGE ( 'NONE', *, *, #2962, .T. ) ;
#2023 = CARTESIAN_POINT ( 'NONE',  ( 293.5000000000000000, -188.5000000000000000, 22.00000000000000000 ) ) ;
#2024 = DIRECTION ( 'NONE',  ( 0.000000000000000000, 0.000000000000000000, -1.000000000000000000 ) ) ;
#2025 = DIRECTION ( 'NONE',  ( -1.000000000000000000, -0.000000000000000000, 0.000000000000000000 ) ) ;
#2026 = DIRECTION ( 'NONE',  ( 0.000000000000000000, 1.000000000000000000, 0.000000000000000000 ) ) ;
#2027 = ADVANCED_FACE ( 'NONE', ( #1470 ), #2038, .T. ) ;
#2028 = LINE ( 'NONE', #391, #2603 ) ;
#2029 = CARTESIAN_POINT ( 'NONE',  ( -288.8000000000000114, 187.0000000000000000, 18.00000000000000355 ) ) ;
#2030 = EDGE_CURVE ( 'NONE', #1450, #3427, #2592, .T. ) ;
#2031 = ORIENTED_EDGE ( 'NONE', *, *, #183, .T. ) ;
#2032 = ORIENTED_EDGE ( 'NONE', *, *, #624, .F. ) ;
#2033 = CARTESIAN_POINT ( 'NONE',  ( -288.8000000000000114, -205.0000000000000284, 18.00000000000000355 ) ) ;
#2034 = CIRCLE ( 'NONE', #524, 1.600000000000000755 ) ;
#2035 = FACE_OUTER_BOUND ( 'NONE', #826, .T. ) ;
#2036 = ORIENTED_EDGE ( 'NONE', *, *, #1017, .T. ) ;
#2037 = VECTOR ( 'NONE', #560, 1000.000000000000000 ) ;
#2038 = CYLINDRICAL_SURFACE ( 'NONE', #974, 2.000000000000001776 ) ;
#2039 = AXIS2_PLACEMENT_3D ( 'NONE', #3333, #921, #664 ) ;
#2040 = VERTEX_POINT ( 'NONE', #3370 ) ;
#2041 = AXIS2_PLACEMENT_3D ( 'NONE', #3257, #585, #846 ) ;
#2042 = VECTOR ( 'NONE', #1067, 1000.000000000000000 ) ;
#2043 = DIRECTION ( 'NONE',  ( -0.000000000000000000, 1.000000000000000000, 0.000000000000000000 ) ) ;
#2044 = CARTESIAN_POINT ( 'NONE',  ( 289.8000000000000114, 196.0000000000000000, 18.00000000000000355 ) ) ;
#2045 = CARTESIAN_POINT ( 'NONE',  ( 289.8000000000000114, 190.0000000000000000, 24.00000000000000000 ) ) ;
#2046 = VECTOR ( 'NONE', #1822, 1000.000000000000000 ) ;
#2047 = VECTOR ( 'NONE', #522, 1000.000000000000000 ) ;
#2048 = EDGE_CURVE ( 'NONE', #825, #1252, #2443, .T. ) ;
#2049 = ORIENTED_EDGE ( 'NONE', *, *, #3331, .F. ) ;
#2050 = CIRCLE ( 'NONE', #1497, 2.000000000000001776 ) ;
#2051 = DIRECTION ( 'NONE',  ( 0.000000000000000000, -0.000000000000000000, 1.000000000000000000 ) ) ;
#2052 = CC_DESIGN_APPROVAL ( #2178, ( #882 ) ) ;
#2053 = VERTEX_POINT ( 'NONE', #3083 ) ;
#2054 = EDGE_CURVE ( 'NONE', #45, #1964, #398, .T. ) ;
#2055 = ORIENTED_EDGE ( 'NONE', *, *, #2624, .T. ) ;
#2056 = LINE ( 'NONE', #1759, #322 ) ;
#2057 = CARTESIAN_POINT ( 'NONE',  ( 289.7999999999999545, -203.5000000000000000, 22.00000000000000000 ) ) ;
#2058 = EDGE_CURVE ( 'NONE', #2395, #284, #2851, .T. ) ;
#2059 = ORIENTED_EDGE ( 'NONE', *, *, #458, .F. ) ;
#2060 = DIRECTION ( 'NONE',  ( 0.000000000000000000, 0.000000000000000000, 1.000000000000000000 ) ) ;
#2061 = ORIENTED_EDGE ( 'NONE', *, *, #1396, .F. ) ;
#2062 = LINE ( 'NONE', #1613, #1667 ) ;
#2063 = CARTESIAN_POINT ( 'NONE',  ( 293.5000000000000000, 202.0000000000000000, 22.00000000000000000 ) ) ;
#2064 = CARTESIAN_POINT ( 'NONE',  ( 293.5000000000000000, 188.0000000000000000, 24.00000000000000000 ) ) ;
#2065 = DIRECTION ( 'NONE',  ( 0.000000000000000000, 0.000000000000000000, -1.000000000000000000 ) ) ;
#2066 = DIRECTION ( 'NONE',  ( 0.000000000000000000, -1.000000000000000000, 0.000000000000000000 ) ) ;
#2067 = EDGE_LOOP ( 'NONE', ( #1429, #3091, #3271, #752 ) ) ;
#2068 = VERTEX_POINT ( 'NONE', #678 ) ;
#2069 = CALENDAR_DATE ( 2026, 26, 8 ) ;
#2070 = EDGE_CURVE ( 'NONE', #3441, #2004, #447, .T. ) ;
#2071 = CARTESIAN_POINT ( 'NONE',  ( -289.7999999999999545, 203.5000000000000000, 22.00000000000000000 ) ) ;
#2072 = ORIENTED_EDGE ( 'NONE', *, *, #3368, .F. ) ;
#2073 = ORIENTED_EDGE ( 'NONE', *, *, #226, .T. ) ;
#2074 = ADVANCED_FACE ( 'NONE', ( #1483 ), #2563, .T. ) ;
#2075 = PLANE ( 'NONE',  #248 ) ;
#2076 = VERTEX_POINT ( 'NONE', #2023 ) ;
#2077 = CARTESIAN_POINT ( 'NONE',  ( -293.5000000000000000, -188.0000000000000000, 24.00000000000000000 ) ) ;
#2078 = CARTESIAN_POINT ( 'NONE',  ( -289.8000000000000114, -203.5000000000000000, 24.55677643628299833 ) ) ;
#2079 = LINE ( 'NONE', #3154, #1762 ) ;
#2080 = CARTESIAN_POINT ( 'NONE',  ( 288.8000000000000114, 187.0000000000000000, 32.00000000000000000 ) ) ;
#2081 = FACE_BOUND ( 'NONE', #56, .T. ) ;
#2082 = ORIENTED_EDGE ( 'NONE', *, *, #2225, .T. ) ;
#2083 = ORIENTED_EDGE ( 'NONE', *, *, #210, .F. ) ;
#2084 = DIRECTION ( 'NONE',  ( 0.000000000000000000, 0.000000000000000000, 1.000000000000000000 ) ) ;
#2085 = CARTESIAN_POINT ( 'NONE',  ( 293.5000000000000000, 188.0000000000000000, 24.00000000000000000 ) ) ;
#2086 = EDGE_LOOP ( 'NONE', ( #2676, #2864, #2317, #3148, #2170, #1900 ) ) ;
#2087 = ORIENTED_EDGE ( 'NONE', *, *, #2276, .T. ) ;
#2088 = EDGE_CURVE ( 'NONE', #2455, #2513, #178, .T. ) ;
#2089 = CARTESIAN_POINT ( 'NONE',  ( -287.8000000000000114, 205.0000000000000284, 18.00000000000000355 ) ) ;
#2090 = VECTOR ( 'NONE', #2822, 1000.000000000000000 ) ;
#2091 = VERTEX_POINT ( 'NONE', #2322 ) ;
#2092 = EDGE_CURVE ( 'NONE', #1397, #584, #3403, .T. ) ;
#2093 = CARTESIAN_POINT ( 'NONE',  ( 293.5000000000000000, -203.5000000000000000, 26.00000000000000355 ) ) ;
#2094 = AXIS2_PLACEMENT_3D ( 'NONE', #992, #3455, #2403 ) ;
#2095 = DIRECTION ( 'NONE',  ( 0.000000000000000000, 1.000000000000000000, 0.000000000000000000 ) ) ;
#2096 = CARTESIAN_POINT ( 'NONE',  ( -289.7999999999999545, -188.5000000000000000, 26.00000000000000000 ) ) ;
#2097 = CIRCLE ( 'NONE', #2828, 1.600000000000000755 ) ;
#2098 = DIRECTION ( 'NONE',  ( -1.000000000000000000, -0.000000000000000000, 0.000000000000000000 ) ) ;
#2099 = CARTESIAN_POINT ( 'NONE',  ( 289.7999999999999545, 200.5000000000000000, 22.00000000000000000 ) ) ;
#2100 = CARTESIAN_POINT ( 'NONE',  ( -289.7999999999999545, 188.5000000000000000, 22.00000000000000000 ) ) ;
#2101 = AXIS2_PLACEMENT_3D ( 'NONE', #409, #2254, #3397 ) ;
#2102 = VECTOR ( 'NONE', #1295, 1000.000000000000000 ) ;
#2103 = VERTEX_POINT ( 'NONE', #1798 ) ;
#2104 = ORIENTED_EDGE ( 'NONE', *, *, #3145, .T. ) ;
#2105 = VECTOR ( 'NONE', #1372, 1000.000000000000000 ) ;
#2106 = DIRECTION ( 'NONE',  ( 0.000000000000000000, 0.000000000000000000, 1.000000000000000000 ) ) ;
#2107 = CARTESIAN_POINT ( 'NONE',  ( -289.7999999999999545, -203.5000000000000000, 22.00000000000000000 ) ) ;
#2108 = AXIS2_PLACEMENT_3D ( 'NONE', #1852, #3454, #542 ) ;
#2109 = EDGE_LOOP ( 'NONE', ( #1851, #636, #1799, #2447, #939, #967, #1633, #1088 ) ) ;
#2110 = ORIENTED_EDGE ( 'NONE', *, *, #1242, .T. ) ;
#2111 = LOCAL_TIME ( 20, 14, 55.00000000000000000, #3130 ) ;
#2112 = LINE ( 'NONE', #2089, #421 ) ;
#2113 = EDGE_CURVE ( 'NONE', #2986, #2801, #2720, .T. ) ;
#2114 = ORIENTED_EDGE ( 'NONE', *, *, #341, .F. ) ;
#2115 = CARTESIAN_POINT ( 'NONE',  ( -291.6499999999999773, 200.5000000000000000, 22.00000000000000000 ) ) ;
#2116 = FACE_OUTER_BOUND ( 'NONE', #787, .T. ) ;
#2117 = EDGE_CURVE ( 'NONE', #1252, #825, #89, .T. ) ;
#2118 = DIRECTION ( 'NONE',  ( 0.000000000000000000, -1.000000000000000000, -0.000000000000000000 ) ) ;
#2119 = DIRECTION ( 'NONE',  ( -1.000000000000000000, -0.000000000000000000, 0.000000000000000000 ) ) ;
#2120 = CARTESIAN_POINT ( 'NONE',  ( 289.8000000000000114, 190.0000000000000000, 24.00000000000000000 ) ) ;
#2121 = ADVANCED_FACE ( 'NONE', ( #134 ), #1056, .T. ) ;
#2122 = ORIENTED_EDGE ( 'NONE', *, *, #2007, .T. ) ;
#2123 = ORIENTED_EDGE ( 'NONE', *, *, #3169, .F. ) ;
#2124 = CARTESIAN_POINT ( 'NONE',  ( -288.8000000000000114, -205.0000000000000284, 32.00000000000000000 ) ) ;
#2125 = DIRECTION ( 'NONE',  ( 0.000000000000000000, -1.000000000000000000, -0.000000000000000000 ) ) ;
#2126 = VERTEX_POINT ( 'NONE', #2679 ) ;
#2127 = ORIENTED_EDGE ( 'NONE', *, *, #2400, .T. ) ;
#2128 = CARTESIAN_POINT ( 'NONE',  ( 289.7999999999999545, -202.0000000000000000, 26.00000000000000000 ) ) ;
#2129 = EDGE_LOOP ( 'NONE', ( #3196, #1514, #1314, #2708 ) ) ;
#2130 = CARTESIAN_POINT ( 'NONE',  ( -293.5000000000000000, 200.5000000000000000, 22.00000000000000000 ) ) ;
#2131 = APPROVAL ( #2229, '未' ) ;
#2132 = CARTESIAN_POINT ( 'NONE',  ( 289.7999999999999545, -190.0000000000000000, 22.00000000000000000 ) ) ;
#2133 = LINE ( 'NONE', #2080, #482 ) ;
#2134 = EDGE_CURVE ( 'NONE', #1397, #1744, #2144, .T. ) ;
#2135 = LINE ( 'NONE', #749, #2512 ) ;
#2136 = ORIENTED_EDGE ( 'NONE', *, *, #2438, .F. ) ;
#2137 = ORIENTED_EDGE ( 'NONE', *, *, #3315, .F. ) ;
#2138 = EDGE_CURVE ( 'NONE', #1640, #513, #268, .T. ) ;
#2139 = CARTESIAN_POINT ( 'NONE',  ( 288.8000000000000114, -205.0000000000000284, 18.00000000000000355 ) ) ;
#2140 = CARTESIAN_POINT ( 'NONE',  ( -289.8000000000000114, 202.0000000000000000, 24.00000000000000000 ) ) ;
#2141 = ORIENTED_EDGE ( 'NONE', *, *, #1475, .T. ) ;
#2142 = ORIENTED_EDGE ( 'NONE', *, *, #1068, .F. ) ;
#2143 = EDGE_CURVE ( 'NONE', #1373, #2901, #2112, .T. ) ;
#2144 = LINE ( 'NONE', #2919, #426 ) ;
#2145 = ORIENTED_EDGE ( 'NONE', *, *, #2751, .T. ) ;
#2146 = LINE ( 'NONE', #3260, #3293 ) ;
#2147 = VECTOR ( 'NONE', #3437, 1000.000000000000000 ) ;
#2148 = DIRECTION ( 'NONE',  ( 0.000000000000000000, 0.000000000000000000, 1.000000000000000000 ) ) ;
#2149 = CIRCLE ( 'NONE', #2997, 1.600000000000000755 ) ;
#2150 = AXIS2_PLACEMENT_3D ( 'NONE', #1308, #1526, #2065 ) ;
#2151 = CARTESIAN_POINT ( 'NONE',  ( 289.7999999999999545, -188.5000000000000000, 26.00000000000000000 ) ) ;
#2152 = CARTESIAN_POINT ( 'NONE',  ( -287.8000000000000114, 196.0000000000000000, 32.00000000000000000 ) ) ;
#2153 = AXIS2_PLACEMENT_3D ( 'NONE', #2923, #3224, #746 ) ;
#2154 = CIRCLE ( 'NONE', #1092, 1.600000000000000755 ) ;
#2155 = EDGE_CURVE ( 'NONE', #894, #3042, #1767, .T. ) ;
#2156 = ORIENTED_EDGE ( 'NONE', *, *, #110, .T. ) ;
#2157 = ORIENTED_EDGE ( 'NONE', *, *, #1625, .T. ) ;
#2158 = VECTOR ( 'NONE', #2557, 1000.000000000000000 ) ;
#2159 = LINE ( 'NONE', #3235, #810 ) ;
#2160 = AXIS2_PLACEMENT_3D ( 'NONE', #2209, #1961, #2719 ) ;
#2161 = DIRECTION ( 'NONE',  ( -0.000000000000000000, 1.000000000000000000, 0.000000000000000000 ) ) ;
#2162 = ADVANCED_FACE ( 'NONE', ( #3433 ), #2075, .T. ) ;
#2163 = CIRCLE ( 'NONE', #931, 1.600000000000000755 ) ;
#2164 = VERTEX_POINT ( 'NONE', #3447 ) ;
#2165 = AXIS2_PLACEMENT_3D ( 'NONE', #3216, #2972, #568 ) ;
#2166 = ORIENTED_EDGE ( 'NONE', *, *, #741, .T. ) ;
#2167 = CIRCLE ( 'NONE', #2569, 1.600000000000000755 ) ;
#2168 = CARTESIAN_POINT ( 'NONE',  ( 289.8000000000000114, 190.0000000000000000, 25.60000000000000142 ) ) ;
#2169 = ADVANCED_FACE ( 'NONE', ( #1004 ), #2416, .T. ) ;
#2170 = ORIENTED_EDGE ( 'NONE', *, *, #206, .T. ) ;
#2171 = DIRECTION ( 'NONE',  ( 0.000000000000000000, 1.000000000000000000, 0.000000000000000000 ) ) ;
#2172 = DIRECTION ( 'NONE',  ( -1.000000000000000000, -0.000000000000000000, 0.000000000000000000 ) ) ;
#2173 = DIRECTION ( 'NONE',  ( 0.000000000000000000, 0.000000000000000000, -1.000000000000000000 ) ) ;
#2174 = CARTESIAN_POINT ( 'NONE',  ( 287.5000000000000568, 190.0000000000000000, 25.60000000000000142 ) ) ;
#2175 = ORIENTED_EDGE ( 'NONE', *, *, #1546, .T. ) ;
#2176 = VERTEX_POINT ( 'NONE', #762 ) ;
#2177 = DIRECTION ( 'NONE',  ( 1.000000000000000000, 0.000000000000000000, -0.000000000000000000 ) ) ;
#2178 = APPROVAL ( #737, '未' ) ;
#2179 = LINE ( 'NONE', #1110, #1382 ) ;
#2180 = ORIENTED_EDGE ( 'NONE', *, *, #836, .T. ) ;
#2181 = EDGE_LOOP ( 'NONE', ( #2871, #710, #663, #1296 ) ) ;
#2182 = EDGE_CURVE ( 'NONE', #566, #2240, #3150, .T. ) ;
#2183 = FACE_OUTER_BOUND ( 'NONE', #1656, .T. ) ;
#2184 = DIRECTION ( 'NONE',  ( 0.000000000000000000, 1.000000000000000000, 0.000000000000000000 ) ) ;
#2185 = ORIENTED_EDGE ( 'NONE', *, *, #1285, .F. ) ;
#2186 = DIRECTION ( 'NONE',  ( 1.000000000000000000, 0.000000000000000000, -0.000000000000000000 ) ) ;
#2187 = EDGE_CURVE ( 'NONE', #2609, #3347, #2880, .T. ) ;
#2188 = DIRECTION ( 'NONE',  ( -1.000000000000000000, -0.000000000000000000, 0.000000000000000000 ) ) ;
#2189 = DIRECTION ( 'NONE',  ( -1.000000000000000000, -0.000000000000000000, 0.000000000000000000 ) ) ;
#2190 = LINE ( 'NONE', #1906, #319 ) ;
#2191 = CARTESIAN_POINT ( 'NONE',  ( 289.7999999999999545, 188.5000000000000000, 23.44322356371700167 ) ) ;
#2192 = CARTESIAN_POINT ( 'NONE',  ( -289.7999999999999545, 191.5000000000000000, 26.00000000000000000 ) ) ;
#2193 = ORIENTED_EDGE ( 'NONE', *, *, #2493, .F. ) ;
#2194 = LINE ( 'NONE', #2469, #249 ) ;
#2195 = CARTESIAN_POINT ( 'NONE',  ( -293.5000000000000000, -188.5000000000000000, 24.00000000000000000 ) ) ;
#2196 = ORIENTED_EDGE ( 'NONE', *, *, #2541, .F. ) ;
#2197 = ORIENTED_EDGE ( 'NONE', *, *, #2593, .T. ) ;
#2198 = CARTESIAN_POINT ( 'NONE',  ( 289.8000000000000114, -202.0000000000000000, 24.00000000000000000 ) ) ;
#2199 = DIRECTION ( 'NONE',  ( 1.000000000000000000, 0.000000000000000000, -0.000000000000000000 ) ) ;
#2200 = ADVANCED_FACE ( 'NONE', ( #1886, #484, #2936 ), #1343, .T. ) ;
#2201 = ORIENTED_EDGE ( 'NONE', *, *, #2339, .F. ) ;
#2202 = FACE_OUTER_BOUND ( 'NONE', #1955, .T. ) ;
#2203 = DIRECTION ( 'NONE',  ( -1.000000000000000000, -0.000000000000000000, 0.000000000000000000 ) ) ;
#2204 = FACE_OUTER_BOUND ( 'NONE', #2006, .T. ) ;
#2205 = ADVANCED_FACE ( 'NONE', ( #2628 ), #500, .T. ) ;
#2206 = CARTESIAN_POINT ( 'NONE',  ( -289.7999999999999545, -191.5000000000000000, 24.55677643628299833 ) ) ;
#2207 = CALENDAR_DATE ( 2026, 26, 8 ) ;
#2208 = LINE ( 'NONE', #3035, #1163 ) ;
#2209 = CARTESIAN_POINT ( 'NONE',  ( 289.7999999999999545, -202.0000000000000000, 22.00000000000000000 ) ) ;
#2210 = CARTESIAN_POINT ( 'NONE',  ( -293.5000000000000000, -188.5000000000000000, 26.00000000000000000 ) ) ;
#2211 = ORIENTED_EDGE ( 'NONE', *, *, #125, .F. ) ;
#2212 = ORIENTED_EDGE ( 'NONE', *, *, #1400, .F. ) ;
#2213 = LINE ( 'NONE', #3291, #2562 ) ;
#2214 = CIRCLE ( 'NONE', #24, 1.600000000000000755 ) ;
#2215 = ORIENTED_EDGE ( 'NONE', *, *, #167, .T. ) ;
#2216 = ORIENTED_EDGE ( 'NONE', *, *, #2351, .T. ) ;
#2217 = VECTOR ( 'NONE', #342, 1000.000000000000000 ) ;
#2218 = CARTESIAN_POINT ( 'NONE',  ( 293.5000000000000000, 204.0000000000000284, 24.00000000000000000 ) ) ;
#2219 = LINE ( 'NONE', #80, #1990 ) ;
#2220 = VECTOR ( 'NONE', #2686, 1000.000000000000000 ) ;
#2221 = VECTOR ( 'NONE', #3090, 1000.000000000000000 ) ;
#2222 = ORIENTED_EDGE ( 'NONE', *, *, #1134, .F. ) ;
#2223 = AXIS2_PLACEMENT_3D ( 'NONE', #2012, #2547, #1787 ) ;
#2224 = CARTESIAN_POINT ( 'NONE',  ( -287.8000000000000114, 190.0000000000000000, 22.39999999999999858 ) ) ;
#2225 = EDGE_CURVE ( 'NONE', #96, #1863, #757, .T. ) ;
#2226 = DIRECTION ( 'NONE',  ( 0.000000000000000000, -1.000000000000000000, -0.000000000000000000 ) ) ;
#2227 = VECTOR ( 'NONE', #344, 1000.000000000000000 ) ;
#2228 = CARTESIAN_POINT ( 'NONE',  ( -288.8000000000000114, 205.0000000000000284, 18.00000000000000355 ) ) ;
#2229 = APPROVAL_STATUS ( 'not_yet_approved' ) ;
#2230 = DIRECTION ( 'NONE',  ( 0.000000000000000000, 1.000000000000000000, 0.000000000000000000 ) ) ;
#2231 = CARTESIAN_POINT ( 'NONE',  ( 289.7999999999999545, 203.5000000000000000, 22.00000000000000000 ) ) ;
#2232 = EDGE_CURVE ( 'NONE', #3128, #2987, #1325, .T. ) ;
#2233 = ORIENTED_EDGE ( 'NONE', *, *, #806, .F. ) ;
#2234 = ORIENTED_EDGE ( 'NONE', *, *, #1183, .T. ) ;
#2235 = LINE ( 'NONE', #1705, #3223 ) ;
#2236 = ADVANCED_FACE ( 'NONE', ( #2399 ), #3468, .T. ) ;
#2237 = EDGE_LOOP ( 'NONE', ( #2212, #1572, #1482, #2777, #1931, #1806 ) ) ;
#2238 = ORIENTED_EDGE ( 'NONE', *, *, #2454, .T. ) ;
#2239 = LINE ( 'NONE', #3316, #1152 ) ;
#2240 = VERTEX_POINT ( 'NONE', #1866 ) ;
#2241 = DIRECTION ( 'NONE',  ( 0.000000000000000000, 0.000000000000000000, 1.000000000000000000 ) ) ;
#2242 = CARTESIAN_POINT ( 'NONE',  ( -293.5000000000000000, 200.5000000000000000, 24.00000000000000000 ) ) ;
#2243 = CARTESIAN_POINT ( 'NONE',  ( -287.8000000000000114, -190.0000000000000000, 24.00000000000000000 ) ) ;
#2244 = DIRECTION ( 'NONE',  ( 1.000000000000000000, 0.000000000000000000, -0.000000000000000000 ) ) ;
#2245 = LINE ( 'NONE', #1231, #765 ) ;
#2246 = CARTESIAN_POINT ( 'NONE',  ( -293.5000000000000000, 188.0000000000000000, 26.00000000000000355 ) ) ;
#2247 = ORIENTED_EDGE ( 'NONE', *, *, #3153, .F. ) ;
#2248 = EDGE_CURVE ( 'NONE', #4, #2775, #7, .T. ) ;
#2249 = FACE_OUTER_BOUND ( 'NONE', #2955, .T. ) ;
#2250 = DIRECTION ( 'NONE',  ( -1.000000000000000000, -0.000000000000000000, 0.000000000000000000 ) ) ;
#2251 = ORIENTED_EDGE ( 'NONE', *, *, #2312, .T. ) ;
#2252 = ADVANCED_FACE ( 'NONE', ( #2608 ), #3419, .T. ) ;
#2253 = ORIENTED_EDGE ( 'NONE', *, *, #836, .F. ) ;
#2254 = DIRECTION ( 'NONE',  ( -0.000000000000000000, 1.000000000000000000, 0.000000000000000000 ) ) ;
#2255 = EDGE_CURVE ( 'NONE', #297, #2484, #3298, .T. ) ;
#2256 = ORIENTED_EDGE ( 'NONE', *, *, #2117, .F. ) ;
#2257 = DIRECTION ( 'NONE',  ( 1.000000000000000000, 0.000000000000000000, -0.000000000000000000 ) ) ;
#2258 = LINE ( 'NONE', #2817, #1537 ) ;
#2259 = PLANE ( 'NONE',  #1220 ) ;
#2260 = CARTESIAN_POINT ( 'NONE',  ( -293.5000000000000000, 191.5000000000000000, 22.00000000000000000 ) ) ;
#2261 = VERTEX_POINT ( 'NONE', #623 ) ;
#2262 = LINE ( 'NONE', #671, #2772 ) ;
#2263 = LINE ( 'NONE', #3376, #2275 ) ;
#2264 = EDGE_CURVE ( 'NONE', #1881, #563, #2943, .T. ) ;
#2265 = ORIENTED_EDGE ( 'NONE', *, *, #1864, .F. ) ;
#2266 = ORIENTED_EDGE ( 'NONE', *, *, #1187, .F. ) ;
#2267 = CIRCLE ( 'NONE', #922, 1.600000000000000755 ) ;
#2268 = VECTOR ( 'NONE', #1138, 1000.000000000000000 ) ;
#2269 = EDGE_CURVE ( 'NONE', #566, #2775, #901, .T. ) ;
#2270 = CYLINDRICAL_SURFACE ( 'NONE', #1316, 1.600000000000000755 ) ;
#2271 = VECTOR ( 'NONE', #383, 1000.000000000000000 ) ;
#2272 = AXIS2_PLACEMENT_3D ( 'NONE', #2530, #2704, #3211 ) ;
#2273 = ORIENTED_EDGE ( 'NONE', *, *, #1694, .T. ) ;
#2274 = AXIS2_PLACEMENT_3D ( 'NONE', #2491, #3012, #2199 ) ;
#2275 = VECTOR ( 'NONE', #3141, 1000.000000000000000 ) ;
#2276 = EDGE_CURVE ( 'NONE', #338, #2445, #2219, .T. ) ;
#2277 = FACE_OUTER_BOUND ( 'NONE', #3250, .T. ) ;
#2278 = AXIS2_PLACEMENT_3D ( 'NONE', #2925, #545, #2349 ) ;
#2279 = LINE ( 'NONE', #2837, #2716 ) ;
#2280 = CYLINDRICAL_SURFACE ( 'NONE', #99, 1.600000000000000755 ) ;
#2281 = CARTESIAN_POINT ( 'NONE',  ( 289.8000000000000114, 202.0000000000000000, 24.00000000000000000 ) ) ;
#2282 = CARTESIAN_POINT ( 'NONE',  ( -293.5000000000000000, -204.0000000000000284, 24.00000000000000000 ) ) ;
#2283 = VECTOR ( 'NONE', #1104, 1000.000000000000000 ) ;
#2284 = CARTESIAN_POINT ( 'NONE',  ( 287.8000000000000114, 187.0000000000000000, 32.00000000000000000 ) ) ;
#2285 = PLANE ( 'NONE',  #1661 ) ;
#2286 = VERTEX_POINT ( 'NONE', #22 ) ;
#2287 = ORIENTED_EDGE ( 'NONE', *, *, #1368, .T. ) ;
#2288 = DIRECTION ( 'NONE',  ( 0.000000000000000000, 0.000000000000000000, 1.000000000000000000 ) ) ;
#2289 = ORIENTED_EDGE ( 'NONE', *, *, #1814, .T. ) ;
#2290 = ADVANCED_FACE ( 'NONE', ( #1378 ), #833, .T. ) ;
#2291 = LINE ( 'NONE', #1763, #1986 ) ;
#2292 = EDGE_CURVE ( 'NONE', #1116, #3078, #1399, .T. ) ;
#2293 = DIRECTION ( 'NONE',  ( 0.000000000000000000, 0.000000000000000000, 1.000000000000000000 ) ) ;
#2294 = LINE ( 'NONE', #3373, #2618 ) ;
#2295 = DIRECTION ( 'NONE',  ( 1.000000000000000000, 0.000000000000000000, -0.000000000000000000 ) ) ;
#2296 = CARTESIAN_POINT ( 'NONE',  ( 291.6499999999999773, -188.5000000000000000, 22.00000000000000000 ) ) ;
#2297 = EDGE_CURVE ( 'NONE', #2775, #531, #2989, .T. ) ;
#2298 = CARTESIAN_POINT ( 'NONE',  ( 293.5000000000000000, -191.5000000000000000, 26.00000000000000355 ) ) ;
#2299 = LINE ( 'NONE', #2843, #309 ) ;
#2300 = EDGE_LOOP ( 'NONE', ( #1107, #1988, #1865, #2971, #3404, #1584 ) ) ;
#2301 = ORIENTED_EDGE ( 'NONE', *, *, #641, .F. ) ;
#2302 = PERSON ( '未', '未', '未', ('未'), ('未'), ('未') ) ;
#2303 = DIRECTION ( 'NONE',  ( 1.000000000000000000, 0.000000000000000000, 0.000000000000000000 ) ) ;
#2304 = DIRECTION ( 'NONE',  ( -1.000000000000000000, -0.000000000000000000, 0.000000000000000000 ) ) ;
#2305 = ORIENTED_EDGE ( 'NONE', *, *, #3259, .F. ) ;
#2306 = CARTESIAN_POINT ( 'NONE',  ( -293.5000000000000000, 188.0000000000000000, 24.00000000000000000 ) ) ;
#2307 = EDGE_CURVE ( 'NONE', #101, #441, #283, .T. ) ;
#2308 = CARTESIAN_POINT ( 'NONE',  ( 289.8000000000000114, 190.0000000000000000, 24.00000000000000000 ) ) ;
#2309 = DIRECTION ( 'NONE',  ( 0.000000000000000000, 0.000000000000000000, 1.000000000000000000 ) ) ;
#2310 = DIRECTION ( 'NONE',  ( -0.000000000000000000, -1.000000000000000000, -0.000000000000000000 ) ) ;
#2311 = DIRECTION ( 'NONE',  ( 0.000000000000000000, 0.000000000000000000, 1.000000000000000000 ) ) ;
#2312 = EDGE_CURVE ( 'NONE', #1297, #2091, #812, .T. ) ;
#2313 = DIRECTION ( 'NONE',  ( 0.000000000000000000, 0.000000000000000000, 1.000000000000000000 ) ) ;
#2314 = CARTESIAN_POINT ( 'NONE',  ( -289.7999999999999545, -200.5000000000000000, 22.00000000000000000 ) ) ;
#2315 = EDGE_CURVE ( 'NONE', #2935, #297, #1639, .T. ) ;
#2316 = ORIENTED_EDGE ( 'NONE', *, *, #1299, .T. ) ;
#2317 = ORIENTED_EDGE ( 'NONE', *, *, #1904, .T. ) ;
#2318 = APPROVAL_STATUS ( 'not_yet_approved' ) ;
#2319 = CARTESIAN_POINT ( 'NONE',  ( -291.6499999999999773, 191.5000000000000000, 22.00000000000000000 ) ) ;
#2320 = VERTEX_POINT ( 'NONE', #886 ) ;
#2321 = AXIS2_PLACEMENT_3D ( 'NONE', #2198, #622, #1093 ) ;
#2322 = CARTESIAN_POINT ( 'NONE',  ( -293.5000000000000000, 188.5000000000000000, 26.00000000000000000 ) ) ;
#2323 = AXIS2_PLACEMENT_3D ( 'NONE', #1205, #1241, #727 ) ;
#2324 = VECTOR ( 'NONE', #2776, 1000.000000000000000 ) ;
#2325 = ORIENTED_EDGE ( 'NONE', *, *, #670, .F. ) ;
#2326 = VECTOR ( 'NONE', #2184, 1000.000000000000000 ) ;
#2327 = CIRCLE ( 'NONE', #2835, 1.600000000000000755 ) ;
#2328 = FACE_OUTER_BOUND ( 'NONE', #2928, .T. ) ;
#2329 = CARTESIAN_POINT ( 'NONE',  ( 293.5000000000000000, -200.5000000000000000, 22.00000000000000000 ) ) ;
#2330 = DIRECTION ( 'NONE',  ( 0.000000000000000000, -0.000000000000000000, 1.000000000000000000 ) ) ;
#2331 = AXIS2_PLACEMENT_3D ( 'NONE', #3138, #2310, #3386 ) ;
#2332 = LINE ( 'NONE', #1047, #2774 ) ;
#2333 = ADVANCED_FACE ( 'NONE', ( #1132 ), #1934, .F. ) ;
#2334 = AXIS2_PLACEMENT_3D ( 'NONE', #3098, #387, #1459 ) ;
#2335 = DIRECTION ( 'NONE',  ( -0.000000000000000000, 1.000000000000000000, 0.000000000000000000 ) ) ;
#2336 = CC_DESIGN_SECURITY_CLASSIFICATION ( #2460, ( #882 ) ) ;
#2337 = VERTEX_POINT ( 'NONE', #1680 ) ;
#2338 = ORIENTED_EDGE ( 'NONE', *, *, #2579, .F. ) ;
#2339 = EDGE_CURVE ( 'NONE', #1256, #1129, #2694, .T. ) ;
#2340 = PERSON_AND_ORGANIZATION ( #2302, #260 ) ;
#2341 = PLANE ( 'NONE',  #2729 ) ;
#2342 = ORIENTED_EDGE ( 'NONE', *, *, #2741, .T. ) ;
#2343 = ORIENTED_EDGE ( 'NONE', *, *, #1114, .F. ) ;
#2344 = DIRECTION ( 'NONE',  ( 0.000000000000000000, 1.000000000000000000, 0.000000000000000000 ) ) ;
#2345 = ORIENTED_EDGE ( 'NONE', *, *, #1629, .F. ) ;
#2346 = DIRECTION ( 'NONE',  ( 0.000000000000000000, 0.000000000000000000, -1.000000000000000000 ) ) ;
#2347 = DIRECTION ( 'NONE',  ( -1.000000000000000000, -0.000000000000000000, 0.000000000000000000 ) ) ;
#2348 = DIRECTION ( 'NONE',  ( -1.000000000000000000, -0.000000000000000000, 0.000000000000000000 ) ) ;
#2349 = DIRECTION ( 'NONE',  ( 1.000000000000000000, 0.000000000000000000, -0.000000000000000000 ) ) ;
#2350 = CARTESIAN_POINT ( 'NONE',  ( -291.6499999999999773, 188.5000000000000000, 26.00000000000000000 ) ) ;
#2351 = EDGE_CURVE ( 'NONE', #2367, #303, #1034, .T. ) ;
#2352 = ORIENTED_EDGE ( 'NONE', *, *, #785, .F. ) ;
#2353 = ORIENTED_EDGE ( 'NONE', *, *, #3124, .F. ) ;
#2354 = APPROVAL_ROLE ( '' ) ;
#2355 = CARTESIAN_POINT ( 'NONE',  ( 287.8000000000000114, -190.0000000000000000, 24.00000000000000000 ) ) ;
#2356 = EDGE_CURVE ( 'NONE', #758, #2913, #699, .T. ) ;
#2357 = VERTEX_POINT ( 'NONE', #1171 ) ;
#2358 = ORIENTED_EDGE ( 'NONE', *, *, #2642, .F. ) ;
#2359 = CARTESIAN_POINT ( 'NONE',  ( 288.8000000000000114, 196.0000000000000000, 18.00000000000000355 ) ) ;
#2360 = ORIENTED_EDGE ( 'NONE', *, *, #2400, .F. ) ;
#2361 = CARTESIAN_POINT ( 'NONE',  ( -293.5000000000000000, -200.5000000000000000, 24.00000000000000000 ) ) ;
#2362 = LINE ( 'NONE', #1817, #199 ) ;
#2363 = CARTESIAN_POINT ( 'NONE',  ( -287.8000000000000114, -196.0000000000000000, 18.00000000000000355 ) ) ;
#2364 = CARTESIAN_POINT ( 'NONE',  ( 287.8000000000000114, -202.0000000000000000, 25.60000000000000142 ) ) ;
#2365 = DIRECTION ( 'NONE',  ( 0.000000000000000000, 0.000000000000000000, 1.000000000000000000 ) ) ;
#2366 = ORIENTED_EDGE ( 'NONE', *, *, #2292, .F. ) ;
#2367 = VERTEX_POINT ( 'NONE', #2168 ) ;
#2368 = APPLICATION_CONTEXT ( 'configuration controlled 3d designs of mechanical parts and assemblies' ) ;
#2369 = LINE ( 'NONE', #2952, #1601 ) ;
#2370 = EDGE_CURVE ( 'NONE', #2240, #3128, #2239, .T. ) ;
#2371 = LINE ( 'NONE', #2071, #1824 ) ;
#2372 = ORIENTED_EDGE ( 'NONE', *, *, #553, .T. ) ;
#2373 = EDGE_LOOP ( 'NONE', ( #1467, #2929 ) ) ;
#2374 = ADVANCED_FACE ( 'NONE', ( #554 ), #1624, .T. ) ;
#2375 = DIRECTION ( 'NONE',  ( 0.000000000000000000, 0.000000000000000000, 1.000000000000000000 ) ) ;
#2376 = CIRCLE ( 'NONE', #1706, 2.000000000000001776 ) ;
#2377 = ORIENTED_EDGE ( 'NONE', *, *, #1475, .F. ) ;
#2378 = CYLINDRICAL_SURFACE ( 'NONE', #154, 1.600000000000000755 ) ;
#2379 = EDGE_CURVE ( 'NONE', #934, #3200, #2710, .T. ) ;
#2380 = AXIS2_PLACEMENT_3D ( 'NONE', #2064, #1474, #1246 ) ;
#2381 = DIRECTION ( 'NONE',  ( 0.000000000000000000, 1.000000000000000000, 0.000000000000000000 ) ) ;
#2382 = DIRECTION ( 'NONE',  ( 0.000000000000000000, 0.000000000000000000, 1.000000000000000000 ) ) ;
#2383 = AXIS2_PLACEMENT_3D ( 'NONE', #2764, #2510, #102 ) ;
#2384 = VECTOR ( 'NONE', #1620, 1000.000000000000000 ) ;
#2385 = CARTESIAN_POINT ( 'NONE',  ( 291.6499999999999773, 203.5000000000000000, 22.00000000000000000 ) ) ;
#2386 = CARTESIAN_POINT ( 'NONE',  ( 291.6499999999999773, -190.0000000000000000, 26.00000000000000000 ) ) ;
#2387 = DIRECTION ( 'NONE',  ( 1.000000000000000000, 0.000000000000000000, -0.000000000000000000 ) ) ;
#2388 = CIRCLE ( 'NONE', #1772, 1.600000000000000755 ) ;
#2389 = AXIS2_PLACEMENT_3D ( 'NONE', #1563, #2387, #3460 ) ;
#2390 = ORIENTED_EDGE ( 'NONE', *, *, #881, .F. ) ;
#2391 = ORIENTED_EDGE ( 'NONE', *, *, #2297, .F. ) ;
#2392 = VECTOR ( 'NONE', #3131, 1000.000000000000000 ) ;
#2393 = DIRECTION ( 'NONE',  ( 0.000000000000000000, 0.000000000000000000, -1.000000000000000000 ) ) ;
#2394 = CARTESIAN_POINT ( 'NONE',  ( -293.5000000000000000, 204.0000000000000284, 26.00000000000000355 ) ) ;
#2395 = VERTEX_POINT ( 'NONE', #3367 ) ;
#2396 = ADVANCED_FACE ( 'NONE', ( #2035 ), #2270, .F. ) ;
#2397 = EDGE_LOOP ( 'NONE', ( #1708, #673, #2594, #2008, #1908, #1011 ) ) ;
#2398 = APPROVAL_PERSON_ORGANIZATION ( #1686, #2131, #386 ) ;
#2399 = FACE_OUTER_BOUND ( 'NONE', #1055, .T. ) ;
#2400 = EDGE_CURVE ( 'NONE', #1355, #2651, #3004, .T. ) ;
#2401 = ORIENTED_EDGE ( 'NONE', *, *, #430, .F. ) ;
#2402 = PLANE ( 'NONE',  #2732 ) ;
#2403 = DIRECTION ( 'NONE',  ( 0.000000000000000000, 0.000000000000000000, -1.000000000000000000 ) ) ;
#2404 = CARTESIAN_POINT ( 'NONE',  ( 291.6499999999999773, -191.5000000000000000, 22.00000000000000000 ) ) ;
#2405 = ADVANCED_FACE ( 'NONE', ( #2831 ), #2813, .T. ) ;
#2406 = DIRECTION ( 'NONE',  ( 1.000000000000000000, 0.000000000000000000, 0.000000000000000000 ) ) ;
#2407 = PLANE ( 'NONE',  #2278 ) ;
#2408 = FACE_OUTER_BOUND ( 'NONE', #689, .T. ) ;
#2409 = ORIENTED_EDGE ( 'NONE', *, *, #1562, .F. ) ;
#2410 = ORIENTED_EDGE ( 'NONE', *, *, #1013, .F. ) ;
#2411 = PLANE ( 'NONE',  #2882 ) ;
#2412 = DIRECTION ( 'NONE',  ( 1.000000000000000000, 0.000000000000000000, -0.000000000000000000 ) ) ;
#2413 = ORIENTED_EDGE ( 'NONE', *, *, #2010, .T. ) ;
#2414 = ORIENTED_EDGE ( 'NONE', *, *, #2914, .T. ) ;
#2415 = FACE_OUTER_BOUND ( 'NONE', #1811, .T. ) ;
#2416 = PLANE ( 'NONE',  #3398 ) ;
#2417 = EDGE_LOOP ( 'NONE', ( #1672, #499, #1337, #1030 ) ) ;
#2418 = CARTESIAN_POINT ( 'NONE',  ( -289.8000000000000114, -187.0000000000000000, 18.00000000000000355 ) ) ;
#2419 = CARTESIAN_POINT ( 'NONE',  ( -289.8000000000000114, -187.0000000000000000, 32.00000000000000000 ) ) ;
#2420 = ADVANCED_FACE ( 'NONE', ( #1251 ), #176, .T. ) ;
#2421 = CARTESIAN_POINT ( 'NONE',  ( 289.8000000000000114, 202.0000000000000000, 24.00000000000000000 ) ) ;
#2422 = CYLINDRICAL_SURFACE ( 'NONE', #2452, 2.000000000000001776 ) ;
#2423 = DIRECTION ( 'NONE',  ( 0.000000000000000000, -0.000000000000000000, 1.000000000000000000 ) ) ;
#2424 = EDGE_CURVE ( 'NONE', #1, #2591, #195, .T. ) ;
#2425 = VERTEX_POINT ( 'NONE', #1746 ) ;
#2426 = ORIENTED_EDGE ( 'NONE', *, *, #2269, .T. ) ;
#2427 = CARTESIAN_POINT ( 'NONE',  ( 289.7999999999999545, -203.5000000000000000, 22.00000000000000000 ) ) ;
#2428 = EDGE_CURVE ( 'NONE', #1640, #1863, #2527, .T. ) ;
#2429 = CARTESIAN_POINT ( 'NONE',  ( 293.5000000000000000, -188.5000000000000000, 24.00000000000000000 ) ) ;
#2430 = ORIENTED_EDGE ( 'NONE', *, *, #1966, .T. ) ;
#2431 = ORIENTED_EDGE ( 'NONE', *, *, #1629, .T. ) ;
#2432 = CARTESIAN_POINT ( 'NONE',  ( -289.7999999999999545, -191.5000000000000000, 22.00000000000000000 ) ) ;
#2433 = DIRECTION ( 'NONE',  ( -1.000000000000000000, -0.000000000000000000, 0.000000000000000000 ) ) ;
#2434 = ORIENTED_EDGE ( 'NONE', *, *, #2438, .T. ) ;
#2435 = CARTESIAN_POINT ( 'NONE',  ( -293.5000000000000000, 190.0000000000000000, 26.00000000000000000 ) ) ;
#2436 = DIRECTION ( 'NONE',  ( 1.000000000000000000, 0.000000000000000000, 0.000000000000000000 ) ) ;
#2437 = CIRCLE ( 'NONE', #2150, 1.600000000000000755 ) ;
#2438 = EDGE_CURVE ( 'NONE', #570, #2652, #952, .T. ) ;
#2439 = LINE ( 'NONE', #88, #2268 ) ;
#2440 = CIRCLE ( 'NONE', #1029, 1.600000000000000755 ) ;
#2441 = CARTESIAN_POINT ( 'NONE',  ( 287.8000000000000114, -187.0000000000000000, 32.00000000000000000 ) ) ;
#2442 = CARTESIAN_POINT ( 'NONE',  ( 289.7999999999999545, 200.5000000000000000, 22.00000000000000000 ) ) ;
#2443 = CIRCLE ( 'NONE', #1927, 2.000000000000001776 ) ;
#2444 = CIRCLE ( 'NONE', #1211, 1.600000000000000755 ) ;
#2445 = VERTEX_POINT ( 'NONE', #117 ) ;
#2446 = EDGE_CURVE ( 'NONE', #1129, #3450, #2800, .T. ) ;
#2447 = ORIENTED_EDGE ( 'NONE', *, *, #2379, .T. ) ;
#2448 = AXIS2_PLACEMENT_3D ( 'NONE', #607, #1954, #1115 ) ;
#2449 = DIRECTION ( 'NONE',  ( 0.000000000000000000, -1.000000000000000000, -0.000000000000000000 ) ) ;
#2450 = CIRCLE ( 'NONE', #651, 2.000000000000001776 ) ;
#2451 = LINE ( 'NONE', #2954, #2105 ) ;
#2452 = AXIS2_PLACEMENT_3D ( 'NONE', #11, #2946, #1062 ) ;
#2453 = ORIENTED_EDGE ( 'NONE', *, *, #2315, .F. ) ;
#2454 = EDGE_CURVE ( 'NONE', #1397, #1340, #1215, .T. ) ;
#2455 = VERTEX_POINT ( 'NONE', #2020 ) ;
#2456 = AXIS2_PLACEMENT_3D ( 'NONE', #400, #1472, #1212 ) ;
#2457 = CARTESIAN_POINT ( 'NONE',  ( 293.5000000000000000, 188.0000000000000000, 24.00000000000000000 ) ) ;
#2458 = DIRECTION ( 'NONE',  ( 0.000000000000000000, 0.000000000000000000, -1.000000000000000000 ) ) ;
#2459 = VERTEX_POINT ( 'NONE', #3080 ) ;
#2460 = SECURITY_CLASSIFICATION ( '', '', #3359 ) ;
#2461 = DIRECTION ( 'NONE',  ( 0.000000000000000000, 0.000000000000000000, 1.000000000000000000 ) ) ;
#2462 = DIRECTION ( 'NONE',  ( 0.000000000000000000, 0.000000000000000000, 1.000000000000000000 ) ) ;
#2463 = FACE_OUTER_BOUND ( 'NONE', #1784, .T. ) ;
#2464 = LINE ( 'NONE', #52, #923 ) ;
#2465 = DIRECTION ( 'NONE',  ( 0.000000000000000000, 1.000000000000000000, 0.000000000000000000 ) ) ;
#2466 = DIRECTION ( 'NONE',  ( 1.000000000000000000, 0.000000000000000000, 0.000000000000000000 ) ) ;
#2467 = FACE_OUTER_BOUND ( 'NONE', #1971, .T. ) ;
#2468 = VERTEX_POINT ( 'NONE', #150 ) ;
#2469 = CARTESIAN_POINT ( 'NONE',  ( -288.8000000000000114, 205.0000000000000284, 32.00000000000000000 ) ) ;
#2470 = EDGE_CURVE ( 'NONE', #1611, #2897, #1599, .T. ) ;
#2471 = LINE ( 'NONE', #843, #1218 ) ;
#2472 = ORIENTED_EDGE ( 'NONE', *, *, #1777, .F. ) ;
#2473 = ORIENTED_EDGE ( 'NONE', *, *, #2182, .T. ) ;
#2474 = DIRECTION ( 'NONE',  ( 0.000000000000000000, 1.000000000000000000, 0.000000000000000000 ) ) ;
#2475 = ADVANCED_FACE ( 'NONE', ( #1711 ), #1188, .T. ) ;
#2476 = DIRECTION ( 'NONE',  ( 0.000000000000000000, -1.000000000000000000, -0.000000000000000000 ) ) ;
#2477 = ORIENTED_EDGE ( 'NONE', *, *, #2424, .T. ) ;
#2478 = CYLINDRICAL_SURFACE ( 'NONE', #1833, 1.600000000000000755 ) ;
#2479 = CARTESIAN_POINT ( 'NONE',  ( -289.8000000000000114, -191.5000000000000000, 23.44322356371700167 ) ) ;
#2480 = CARTESIAN_POINT ( 'NONE',  ( 289.8000000000000114, 188.5000000000000000, 24.55677643628299833 ) ) ;
#2481 = LINE ( 'NONE', #1160, #2511 ) ;
#2482 = LINE ( 'NONE', #874, #2611 ) ;
#2483 = LINE ( 'NONE', #527, #646 ) ;
#2484 = VERTEX_POINT ( 'NONE', #1503 ) ;
#2485 = EDGE_LOOP ( 'NONE', ( #353, #8, #3366, #552, #1528, #856 ) ) ;
#2486 = DIRECTION ( 'NONE',  ( 0.000000000000000000, 1.000000000000000000, 0.000000000000000000 ) ) ;
#2487 = LINE ( 'NONE', #3, #375 ) ;
#2488 = EDGE_LOOP ( 'NONE', ( #2645, #3115, #2549, #1727, #1810, #2677 ) ) ;
#2489 = ORIENTED_EDGE ( 'NONE', *, *, #324, .T. ) ;
#2490 = ADVANCED_FACE ( 'NONE', ( #661 ), #1969, .T. ) ;
#2491 = CARTESIAN_POINT ( 'NONE',  ( -291.6499999999999773, 190.0000000000000000, 26.00000000000000000 ) ) ;
#2492 = ORIENTED_EDGE ( 'NONE', *, *, #269, .F. ) ;
#2493 = EDGE_CURVE ( 'NONE', #1692, #2636, #650, .T. ) ;
#2494 = DIRECTION ( 'NONE',  ( 1.000000000000000000, 0.000000000000000000, -0.000000000000000000 ) ) ;
#2495 = DIRECTION ( 'NONE',  ( -1.000000000000000000, 0.000000000000000000, 0.000000000000000000 ) ) ;
#2496 = EDGE_CURVE ( 'NONE', #1744, #2468, #3380, .T. ) ;
#2497 = CARTESIAN_POINT ( 'NONE',  ( 291.6499999999999773, 188.5000000000000000, 26.00000000000000000 ) ) ;
#2498 = DIRECTION ( 'NONE',  ( 0.000000000000000000, 0.000000000000000000, 1.000000000000000000 ) ) ;
#2499 = LINE ( 'NONE', #71, #196 ) ;
#2500 = VECTOR ( 'NONE', #948, 1000.000000000000000 ) ;
#2501 = ORIENTED_EDGE ( 'NONE', *, *, #287, .F. ) ;
#2502 = VECTOR ( 'NONE', #1942, 1000.000000000000000 ) ;
#2503 = ORIENTED_EDGE ( 'NONE', *, *, #1368, .F. ) ;
#2504 = DIRECTION ( 'NONE',  ( 0.000000000000000000, 0.000000000000000000, 1.000000000000000000 ) ) ;
#2505 = AXIS2_PLACEMENT_3D ( 'NONE', #72, #1141, #1124 ) ;
#2506 = VERTEX_POINT ( 'NONE', #2542 ) ;
#2507 = EDGE_LOOP ( 'NONE', ( #896, #3195, #293, #1626 ) ) ;
#2508 = VECTOR ( 'NONE', #2476, 1000.000000000000000 ) ;
#2509 = VECTOR ( 'NONE', #655, 1000.000000000000000 ) ;
#2510 = DIRECTION ( 'NONE',  ( 1.000000000000000000, 0.000000000000000000, -0.000000000000000000 ) ) ;
#2511 = VECTOR ( 'NONE', #596, 1000.000000000000000 ) ;
#2512 = VECTOR ( 'NONE', #1577, 1000.000000000000000 ) ;
#2513 = VERTEX_POINT ( 'NONE', #131 ) ;
#2514 = CIRCLE ( 'NONE', #2108, 1.600000000000000755 ) ;
#2515 = FACE_OUTER_BOUND ( 'NONE', #510, .T. ) ;
#2516 = DIRECTION ( 'NONE',  ( -1.000000000000000000, 0.000000000000000000, 0.000000000000000000 ) ) ;
#2517 = ADVANCED_FACE ( 'NONE', ( #966 ), #530, .F. ) ;
#2518 = DIRECTION ( 'NONE',  ( 0.000000000000000000, 0.000000000000000000, 1.000000000000000000 ) ) ;
#2519 = LINE ( 'NONE', #3265, #601 ) ;
#2520 = CARTESIAN_POINT ( 'NONE',  ( -289.8000000000000114, 202.0000000000000000, 24.00000000000000000 ) ) ;
#2521 = EDGE_CURVE ( 'NONE', #2164, #3013, #2371, .T. ) ;
#2522 = ORIENTED_EDGE ( 'NONE', *, *, #446, .F. ) ;
#2523 = CARTESIAN_POINT ( 'NONE',  ( 291.6499999999999773, 188.5000000000000000, 22.00000000000000000 ) ) ;
#2524 = DIRECTION ( 'NONE',  ( 0.000000000000000000, 0.000000000000000000, 1.000000000000000000 ) ) ;
#2525 = ORIENTED_EDGE ( 'NONE', *, *, #1017, .F. ) ;
#2526 = ORIENTED_EDGE ( 'NONE', *, *, #2741, .F. ) ;
#2527 = LINE ( 'NONE', #675, #3286 ) ;
#2528 = ORIENTED_EDGE ( 'NONE', *, *, #741, .F. ) ;
#2529 = DIRECTION ( 'NONE',  ( 0.000000000000000000, 1.000000000000000000, 0.000000000000000000 ) ) ;
#2530 = CARTESIAN_POINT ( 'NONE',  ( 291.6499999999999773, -190.0000000000000000, 22.00000000000000000 ) ) ;
#2531 = DIRECTION ( 'NONE',  ( 1.000000000000000000, 0.000000000000000000, -0.000000000000000000 ) ) ;
#2532 = ADVANCED_FACE ( 'NONE', ( #3429 ), #1830, .T. ) ;
#2533 = CARTESIAN_POINT ( 'NONE',  ( 289.8000000000000114, -190.0000000000000000, 24.00000000000000000 ) ) ;
#2534 = FACE_OUTER_BOUND ( 'NONE', #606, .T. ) ;
#2535 = EDGE_LOOP ( 'NONE', ( #2975, #3037 ) ) ;
#2536 = DIRECTION ( 'NONE',  ( 0.000000000000000000, 0.000000000000000000, 1.000000000000000000 ) ) ;
#2537 = EDGE_CURVE ( 'NONE', #1424, #1417, #36, .T. ) ;
#2538 = DIRECTION ( 'NONE',  ( 0.000000000000000000, -1.000000000000000000, -0.000000000000000000 ) ) ;
#2539 = ORIENTED_EDGE ( 'NONE', *, *, #597, .F. ) ;
#2540 = VERTEX_POINT ( 'NONE', #986 ) ;
#2541 = EDGE_CURVE ( 'NONE', #1863, #374, #2163, .T. ) ;
#2542 = CARTESIAN_POINT ( 'NONE',  ( -287.8000000000000114, -190.0000000000000000, 25.60000000000000142 ) ) ;
#2543 = ORIENTED_EDGE ( 'NONE', *, *, #341, .T. ) ;
#2544 = DIRECTION ( 'NONE',  ( 0.000000000000000000, 0.000000000000000000, -1.000000000000000000 ) ) ;
#2545 = CARTESIAN_POINT ( 'NONE',  ( 289.8000000000000114, 187.0000000000000000, 32.00000000000000000 ) ) ;
#2546 = APPROVAL_ROLE ( '' ) ;
#2547 = DIRECTION ( 'NONE',  ( 1.000000000000000000, 0.000000000000000000, 0.000000000000000000 ) ) ;
#2548 = LINE ( 'NONE', #2013, #1870 ) ;
#2549 = ORIENTED_EDGE ( 'NONE', *, *, #3408, .F. ) ;
#2550 = DIRECTION ( 'NONE',  ( 0.000000000000000000, -1.000000000000000000, -0.000000000000000000 ) ) ;
#2551 = EDGE_CURVE ( 'NONE', #990, #1016, #1039, .T. ) ;
#2552 = ORIENTED_EDGE ( 'NONE', *, *, #1801, .F. ) ;
#2553 = EDGE_LOOP ( 'NONE', ( #1619, #1681, #2358, #1637, #2377, #3119, #197, #1128 ) ) ;
#2554 = VECTOR ( 'NONE', #572, 1000.000000000000000 ) ;
#2555 = PRODUCT ( 'LidLatchKeeperPack_V09_Stainless', 'LidLatchKeeperPack_V09_Stainless', '', ( #2829 ) ) ;
#2556 = AXIS2_PLACEMENT_3D ( 'NONE', #612, #1889, #1103 ) ;
#2557 = DIRECTION ( 'NONE',  ( 0.000000000000000000, -1.000000000000000000, -0.000000000000000000 ) ) ;
#2558 = ADVANCED_FACE ( 'NONE', ( #457 ), #2341, .T. ) ;
#2559 = CIRCLE ( 'NONE', #366, 1.600000000000000755 ) ;
#2560 = VECTOR ( 'NONE', #1184, 1000.000000000000000 ) ;
#2561 = ORIENTED_EDGE ( 'NONE', *, *, #984, .F. ) ;
#2562 = VECTOR ( 'NONE', #880, 1000.000000000000000 ) ;
#2563 = PLANE ( 'NONE',  #1595 ) ;
#2564 = AXIS2_PLACEMENT_3D ( 'NONE', #724, #512, #1530 ) ;
#2565 = CARTESIAN_POINT ( 'NONE',  ( -289.7999999999999545, -188.5000000000000000, 22.00000000000000000 ) ) ;
#2566 = FACE_OUTER_BOUND ( 'NONE', #2488, .T. ) ;
#2567 = DIRECTION ( 'NONE',  ( 0.000000000000000000, 0.000000000000000000, -1.000000000000000000 ) ) ;
#2568 = PLANE ( 'NONE',  #475 ) ;
#2569 = AXIS2_PLACEMENT_3D ( 'NONE', #1960, #1701, #1362 ) ;
#2570 = CARTESIAN_POINT ( 'NONE',  ( 287.5000000000000568, 190.0000000000000000, 22.39999999999999858 ) ) ;
#2571 = AXIS2_PLACEMENT_3D ( 'NONE', #1117, #2186, #557 ) ;
#2572 = CARTESIAN_POINT ( 'NONE',  ( -289.7999999999999545, -188.5000000000000000, 22.00000000000000000 ) ) ;
#2573 = VERTEX_POINT ( 'NONE', #211 ) ;
#2574 = ORIENTED_EDGE ( 'NONE', *, *, #868, .F. ) ;
#2575 = FACE_OUTER_BOUND ( 'NONE', #676, .T. ) ;
#2576 = EDGE_CURVE ( 'NONE', #3136, #2484, #3456, .T. ) ;
#2577 = DIRECTION ( 'NONE',  ( 0.000000000000000000, -1.000000000000000000, 0.000000000000000000 ) ) ;
#2578 = VERTEX_POINT ( 'NONE', #1033 ) ;
#2579 = EDGE_CURVE ( 'NONE', #2513, #1462, #756, .T. ) ;
#2580 = DIRECTION ( 'NONE',  ( 0.000000000000000000, 0.000000000000000000, 1.000000000000000000 ) ) ;
#2581 = DIRECTION ( 'NONE',  ( 0.000000000000000000, 0.000000000000000000, 1.000000000000000000 ) ) ;
#2582 = CYLINDRICAL_SURFACE ( 'NONE', #2223, 1.600000000000000755 ) ;
#2583 = EDGE_CURVE ( 'NONE', #2578, #1881, #1014, .T. ) ;
#2584 = DIRECTION ( 'NONE',  ( 0.000000000000000000, 0.000000000000000000, 1.000000000000000000 ) ) ;
#2585 = DIRECTION ( 'NONE',  ( -1.000000000000000000, -0.000000000000000000, 0.000000000000000000 ) ) ;
#2586 = CARTESIAN_POINT ( 'NONE',  ( 289.8000000000000114, -202.0000000000000000, 24.00000000000000000 ) ) ;
#2587 = ORIENTED_EDGE ( 'NONE', *, *, #3047, .F. ) ;
#2588 = ORIENTED_EDGE ( 'NONE', *, *, #2927, .T. ) ;
#2589 = CARTESIAN_POINT ( 'NONE',  ( -289.7999999999999545, -200.5000000000000000, 22.00000000000000000 ) ) ;
#2590 = CC_DESIGN_PERSON_AND_ORGANIZATION_ASSIGNMENT ( #613, #1209, ( #2460 ) ) ;
#2591 = VERTEX_POINT ( 'NONE', #1552 ) ;
#2592 = LINE ( 'NONE', #2009, #1484 ) ;
#2593 = EDGE_CURVE ( 'NONE', #2913, #284, #761, .T. ) ;
#2594 = ORIENTED_EDGE ( 'NONE', *, *, #423, .F. ) ;
#2595 = DIRECTION ( 'NONE',  ( 0.000000000000000000, 0.000000000000000000, -1.000000000000000000 ) ) ;
#2596 = CARTESIAN_POINT ( 'NONE',  ( -289.8000000000000114, -190.0000000000000000, 25.60000000000000142 ) ) ;
#2597 = DIRECTION ( 'NONE',  ( 1.000000000000000000, 0.000000000000000000, -0.000000000000000000 ) ) ;
#2598 = EDGE_CURVE ( 'NONE', #3426, #3441, #1549, .T. ) ;
#2599 = LINE ( 'NONE', #2385, #1086 ) ;
#2600 = DIRECTION ( 'NONE',  ( 0.000000000000000000, -1.000000000000000000, -0.000000000000000000 ) ) ;
#2601 = ORIENTED_EDGE ( 'NONE', *, *, #1130, .T. ) ;
#2602 = VERTEX_POINT ( 'NONE', #2604 ) ;
#2603 = VECTOR ( 'NONE', #2585, 1000.000000000000000 ) ;
#2604 = CARTESIAN_POINT ( 'NONE',  ( 289.7999999999999545, 203.5000000000000000, 22.00000000000000000 ) ) ;
#2605 = VERTEX_POINT ( 'NONE', #2394 ) ;
#2606 = CIRCLE ( 'NONE', #471, 1.600000000000000755 ) ;
#2607 = VECTOR ( 'NONE', #3457, 1000.000000000000000 ) ;
#2608 = FACE_OUTER_BOUND ( 'NONE', #1703, .T. ) ;
#2609 = VERTEX_POINT ( 'NONE', #3465 ) ;
#2610 = AXIS2_PLACEMENT_3D ( 'NONE', #916, #688, #1760 ) ;
#2611 = VECTOR ( 'NONE', #3052, 1000.000000000000000 ) ;
#2612 = DIRECTION ( 'NONE',  ( 1.000000000000000000, 0.000000000000000000, 0.000000000000000000 ) ) ;
#2613 = DIRECTION ( 'NONE',  ( 0.000000000000000000, 0.000000000000000000, 1.000000000000000000 ) ) ;
#2614 = EDGE_CURVE ( 'NONE', #1887, #567, #477, .T. ) ;
#2615 = VECTOR ( 'NONE', #1395, 1000.000000000000000 ) ;
#2616 = CARTESIAN_POINT ( 'NONE',  ( 289.8000000000000114, -191.5000000000000000, 24.55677643628299833 ) ) ;
#2617 = DIRECTION ( 'NONE',  ( 1.000000000000000000, 0.000000000000000000, -0.000000000000000000 ) ) ;
#2618 = VECTOR ( 'NONE', #796, 1000.000000000000000 ) ;
#2619 = CARTESIAN_POINT ( 'NONE',  ( 287.8000000000000114, 205.0000000000000284, 18.00000000000000355 ) ) ;
#2620 = ADVANCED_FACE ( 'NONE', ( #3198 ), #1287, .T. ) ;
#2621 = ORIENTED_EDGE ( 'NONE', *, *, #114, .F. ) ;
#2622 = EDGE_LOOP ( 'NONE', ( #394, #1035, #189, #1883 ) ) ;
#2623 = CARTESIAN_POINT ( 'NONE',  ( 293.5000000000000000, -190.0000000000000000, 26.00000000000000000 ) ) ;
#2624 = EDGE_CURVE ( 'NONE', #374, #1355, #151, .T. ) ;
#2625 = DIRECTION ( 'NONE',  ( -1.000000000000000000, -0.000000000000000000, 0.000000000000000000 ) ) ;
#2626 = ORIENTED_EDGE ( 'NONE', *, *, #1751, .T. ) ;
#2627 = ORIENTED_EDGE ( 'NONE', *, *, #2702, .T. ) ;
#2628 = FACE_OUTER_BOUND ( 'NONE', #1352, .T. ) ;
#2629 = ORIENTED_EDGE ( 'NONE', *, *, #430, .T. ) ;
#2630 = CARTESIAN_POINT ( 'NONE',  ( 291.6499999999999773, -202.0000000000000000, 22.00000000000000000 ) ) ;
#2631 = LINE ( 'NONE', #3204, #972 ) ;
#2632 = EDGE_CURVE ( 'NONE', #605, #2261, #1862, .T. ) ;
#2633 = CARTESIAN_POINT ( 'NONE',  ( -287.8000000000000114, -190.0000000000000000, 22.39999999999999858 ) ) ;
#2634 = LINE ( 'NONE', #1841, #1993 ) ;
#2635 = DIRECTION ( 'NONE',  ( 1.000000000000000000, 0.000000000000000000, -0.000000000000000000 ) ) ;
#2636 = VERTEX_POINT ( 'NONE', #3161 ) ;
#2637 = ADVANCED_FACE ( 'NONE', ( #1795, #3212, #3252 ), #43, .T. ) ;
#2638 = ORIENTED_EDGE ( 'NONE', *, *, #2551, .T. ) ;
#2639 = LINE ( 'NONE', #496, #90 ) ;
#2640 = DIRECTION ( 'NONE',  ( 0.000000000000000000, 0.000000000000000000, 1.000000000000000000 ) ) ;
#2641 = ORIENTED_EDGE ( 'NONE', *, *, #183, .F. ) ;
#2642 = EDGE_CURVE ( 'NONE', #3329, #1185, #2471, .T. ) ;
#2643 = ORIENTED_EDGE ( 'NONE', *, *, #1562, .T. ) ;
#2644 = CARTESIAN_POINT ( 'NONE',  ( -291.6499999999999773, 202.0000000000000000, 26.00000000000000000 ) ) ;
#2645 = ORIENTED_EDGE ( 'NONE', *, *, #2598, .F. ) ;
#2646 = DIRECTION ( 'NONE',  ( 1.000000000000000000, 0.000000000000000000, -0.000000000000000000 ) ) ;
#2647 = CARTESIAN_POINT ( 'NONE',  ( 289.8000000000000114, -203.5000000000000000, 24.55677643628299833 ) ) ;
#2648 = DIRECTION ( 'NONE',  ( -1.000000000000000000, 0.000000000000000000, 0.000000000000000000 ) ) ;
#2649 = LINE ( 'NONE', #235, #654 ) ;
#2650 = DIRECTION ( 'NONE',  ( -0.000000000000000000, 0.000000000000000000, -1.000000000000000000 ) ) ;
#2651 = VERTEX_POINT ( 'NONE', #3237 ) ;
#2652 = VERTEX_POINT ( 'NONE', #805 ) ;
#2653 = LINE ( 'NONE', #3442, #700 ) ;
#2654 = EDGE_CURVE ( 'NONE', #834, #584, #858, .T. ) ;
#2655 = DIRECTION ( 'NONE',  ( -1.000000000000000000, -0.000000000000000000, 0.000000000000000000 ) ) ;
#2656 = ORIENTED_EDGE ( 'NONE', *, *, #3432, .T. ) ;
#2657 = ORIENTED_EDGE ( 'NONE', *, *, #2470, .F. ) ;
#2658 = EDGE_CURVE ( 'NONE', #2970, #407, #1635, .T. ) ;
#2659 = DIRECTION ( 'NONE',  ( -0.000000000000000000, 1.000000000000000000, 0.000000000000000000 ) ) ;
#2660 = ORIENTED_EDGE ( 'NONE', *, *, #1137, .F. ) ;
#2661 = CARTESIAN_POINT ( 'NONE',  ( -289.7999999999999545, -200.5000000000000000, 26.00000000000000000 ) ) ;
#2662 = VECTOR ( 'NONE', #3095, 1000.000000000000000 ) ;
#2663 = FACE_OUTER_BOUND ( 'NONE', #1146, .T. ) ;
#2664 = AXIS2_PLACEMENT_3D ( 'NONE', #2644, #2375, #3201 ) ;
#2665 = LINE ( 'NONE', #218, #139 ) ;
#2666 = CARTESIAN_POINT ( 'NONE',  ( 293.5000000000000000, -188.0000000000000000, 24.00000000000000000 ) ) ;
#2667 = DIRECTION ( 'NONE',  ( 0.000000000000000000, 1.000000000000000000, 0.000000000000000000 ) ) ;
#2668 = VECTOR ( 'NONE', #2617, 1000.000000000000000 ) ;
#2669 = AXIS2_PLACEMENT_3D ( 'NONE', #684, #3207, #799 ) ;
#2670 = VERTEX_POINT ( 'NONE', #1654 ) ;
#2671 = ORIENTED_EDGE ( 'NONE', *, *, #149, .T. ) ;
#2672 = AXIS2_PLACEMENT_3D ( 'NONE', #2753, #2171, #2461 ) ;
#2673 = CARTESIAN_POINT ( 'NONE',  ( 289.8000000000000114, 202.0000000000000000, 24.00000000000000000 ) ) ;
#2674 = DIRECTION ( 'NONE',  ( 0.000000000000000000, 0.000000000000000000, -1.000000000000000000 ) ) ;
#2675 = AXIS2_PLACEMENT_3D ( 'NONE', #3428, #2084, #2303 ) ;
#2676 = ORIENTED_EDGE ( 'NONE', *, *, #956, .F. ) ;
#2677 = ORIENTED_EDGE ( 'NONE', *, *, #3412, .T. ) ;
#2678 = EDGE_CURVE ( 'NONE', #3427, #1744, #2451, .T. ) ;
#2679 = CARTESIAN_POINT ( 'NONE',  ( 289.8000000000000114, 203.5000000000000000, 23.44322356371700167 ) ) ;
#2680 = ORIENTED_EDGE ( 'NONE', *, *, #3040, .F. ) ;
#2681 = EDGE_CURVE ( 'NONE', #570, #1579, #1127, .T. ) ;
#2682 = CARTESIAN_POINT ( 'NONE',  ( 293.5000000000000000, 200.5000000000000000, 26.00000000000000355 ) ) ;
#2683 = CYLINDRICAL_SURFACE ( 'NONE', #750, 2.000000000000001776 ) ;
#2684 = EDGE_CURVE ( 'NONE', #441, #2395, #2179, .T. ) ;
#2685 = CARTESIAN_POINT ( 'NONE',  ( 293.5000000000000000, -204.0000000000000284, 24.00000000000000000 ) ) ;
#2686 = DIRECTION ( 'NONE',  ( 0.000000000000000000, 1.000000000000000000, 0.000000000000000000 ) ) ;
#2687 = DIRECTION ( 'NONE',  ( -0.000000000000000000, 1.000000000000000000, 0.000000000000000000 ) ) ;
#2688 = ORIENTED_EDGE ( 'NONE', *, *, #702, .T. ) ;
#2689 = EDGE_LOOP ( 'NONE', ( #739, #2215, #3258, #103, #1662, #1010 ) ) ;
#2690 = CARTESIAN_POINT ( 'NONE',  ( -287.8000000000000114, 187.0000000000000000, 18.00000000000000355 ) ) ;
#2691 = CARTESIAN_POINT ( 'NONE',  ( 289.8000000000000114, 191.5000000000000000, 24.55677643628299833 ) ) ;
#2692 = VERTEX_POINT ( 'NONE', #2691 ) ;
#2693 = ORIENTED_EDGE ( 'NONE', *, *, #1114, .T. ) ;
#2694 = LINE ( 'NONE', #2750, #2217 ) ;
#2695 = ORIENTED_EDGE ( 'NONE', *, *, #94, .T. ) ;
#2696 = DIRECTION ( 'NONE',  ( 0.000000000000000000, 1.000000000000000000, 0.000000000000000000 ) ) ;
#2697 = DIRECTION ( 'NONE',  ( 0.000000000000000000, 0.000000000000000000, -1.000000000000000000 ) ) ;
#2698 = EDGE_CURVE ( 'NONE', #1747, #1083, #3066, .T. ) ;
#2699 = LINE ( 'NONE', #1630, #1431 ) ;
#2700 = CARTESIAN_POINT ( 'NONE',  ( -287.8000000000000114, -202.0000000000000000, 24.00000000000000000 ) ) ;
#2701 = LINE ( 'NONE', #1311, #1991 ) ;
#2702 = EDGE_CURVE ( 'NONE', #1315, #2636, #1910, .T. ) ;
#2703 = ORIENTED_EDGE ( 'NONE', *, *, #3214, .F. ) ;
#2704 = DIRECTION ( 'NONE',  ( -0.000000000000000000, 0.000000000000000000, -1.000000000000000000 ) ) ;
#2705 = CARTESIAN_POINT ( 'NONE',  ( -287.8000000000000114, 190.0000000000000000, 24.00000000000000000 ) ) ;
#2706 = ORIENTED_EDGE ( 'NONE', *, *, #87, .F. ) ;
#2707 = MANIFOLD_SOLID_BREP ( 'Left lower stainless keeper', #1025 ) ;
#2708 = ORIENTED_EDGE ( 'NONE', *, *, #1363, .F. ) ;
#2709 = CARTESIAN_POINT ( 'NONE',  ( -289.8000000000000114, -202.0000000000000000, 22.39999999999999858 ) ) ;
#2710 = LINE ( 'NONE', #2589, #3452 ) ;
#2711 = ORIENTED_EDGE ( 'NONE', *, *, #1285, .T. ) ;
#2712 = DIRECTION ( 'NONE',  ( 0.000000000000000000, 1.000000000000000000, 0.000000000000000000 ) ) ;
#2713 = DIRECTION ( 'NONE',  ( 0.000000000000000000, 0.000000000000000000, -1.000000000000000000 ) ) ;
#2714 = DIRECTION ( 'NONE',  ( -0.000000000000000000, 1.000000000000000000, 0.000000000000000000 ) ) ;
#2715 = AXIS2_PLACEMENT_3D ( 'NONE', #1853, #2922, #519 ) ;
#2716 = VECTOR ( 'NONE', #2293, 1000.000000000000000 ) ;
#2717 = CARTESIAN_POINT ( 'NONE',  ( -289.8000000000000114, 205.0000000000000284, 18.00000000000000355 ) ) ;
#2718 = EDGE_CURVE ( 'NONE', #2591, #2076, #1354, .T. ) ;
#2719 = DIRECTION ( 'NONE',  ( 0.000000000000000000, 0.000000000000000000, 1.000000000000000000 ) ) ;
#2720 = CIRCLE ( 'NONE', #3109, 1.600000000000000755 ) ;
#2721 = CIRCLE ( 'NONE', #755, 2.000000000000001776 ) ;
#2722 = ORIENTED_EDGE ( 'NONE', *, *, #81, .F. ) ;
#2723 = VERTEX_POINT ( 'NONE', #18 ) ;
#2724 = ADVANCED_FACE ( 'NONE', ( #321 ), #1879, .T. ) ;
#2725 = AXIS2_PLACEMENT_3D ( 'NONE', #326, #1899, #2733 ) ;
#2726 = DIRECTION ( 'NONE',  ( 0.000000000000000000, 0.000000000000000000, -1.000000000000000000 ) ) ;
#2727 = VECTOR ( 'NONE', #3266, 1000.000000000000000 ) ;
#2728 = CARTESIAN_POINT ( 'NONE',  ( -287.8000000000000114, 196.0000000000000000, 18.00000000000000355 ) ) ;
#2729 = AXIS2_PLACEMENT_3D ( 'NONE', #1319, #3443, #1053 ) ;
#2730 = ORIENTED_EDGE ( 'NONE', *, *, #167, .F. ) ;
#2731 = EDGE_LOOP ( 'NONE', ( #2877, #950, #2601, #877 ) ) ;
#2732 = AXIS2_PLACEMENT_3D ( 'NONE', #1573, #2921, #3471 ) ;
#2733 = DIRECTION ( 'NONE',  ( 0.000000000000000000, -0.000000000000000000, 1.000000000000000000 ) ) ;
#2734 = ORIENTED_EDGE ( 'NONE', *, *, #847, .T. ) ;
#2735 = AXIS2_PLACEMENT_3D ( 'NONE', #571, #1641, #271 ) ;
#2736 = DIRECTION ( 'NONE',  ( 0.000000000000000000, 0.000000000000000000, 1.000000000000000000 ) ) ;
#2737 = CARTESIAN_POINT ( 'NONE',  ( 288.8000000000000114, -205.0000000000000284, 18.00000000000000355 ) ) ;
#2738 = CYLINDRICAL_SURFACE ( 'NONE', #418, 2.000000000000001776 ) ;
#2739 = LINE ( 'NONE', #839, #3011 ) ;
#2740 = DIRECTION ( 'NONE',  ( -0.000000000000000000, 1.000000000000000000, 0.000000000000000000 ) ) ;
#2741 = EDGE_CURVE ( 'NONE', #2076, #297, #1828, .T. ) ;
#2742 = ORIENTED_EDGE ( 'NONE', *, *, #1583, .T. ) ;
#2743 = EDGE_LOOP ( 'NONE', ( #2703, #2762, #551, #3268 ) ) ;
#2744 = CARTESIAN_POINT ( 'NONE',  ( -289.8000000000000114, 190.0000000000000000, 22.39999999999999858 ) ) ;
#2745 = DIRECTION ( 'NONE',  ( 1.000000000000000000, 0.000000000000000000, -0.000000000000000000 ) ) ;
#2746 = EDGE_CURVE ( 'NONE', #1401, #3013, #3290, .T. ) ;
#2747 = EDGE_LOOP ( 'NONE', ( #1050, #1250 ) ) ;
#2748 = ORIENTED_EDGE ( 'NONE', *, *, #665, .F. ) ;
#2749 = DIRECTION ( 'NONE',  ( 0.000000000000000000, -0.000000000000000000, 1.000000000000000000 ) ) ;
#2750 = CARTESIAN_POINT ( 'NONE',  ( -287.8000000000000114, -187.0000000000000000, 18.00000000000000355 ) ) ;
#2751 = EDGE_CURVE ( 'NONE', #2723, #3411, #2388, .T. ) ;
#2752 = ORIENTED_EDGE ( 'NONE', *, *, #1691, .T. ) ;
#2753 = CARTESIAN_POINT ( 'NONE',  ( -293.5000000000000000, -204.0000000000000284, 24.00000000000000000 ) ) ;
#2754 = PLANE ( 'NONE',  #1657 ) ;
#2755 = DIRECTION ( 'NONE',  ( 1.000000000000000000, 0.000000000000000000, -0.000000000000000000 ) ) ;
#2756 = FACE_OUTER_BOUND ( 'NONE', #844, .T. ) ;
#2757 = DIRECTION ( 'NONE',  ( 0.000000000000000000, -1.000000000000000000, 0.000000000000000000 ) ) ;
#2758 = ORIENTED_EDGE ( 'NONE', *, *, #221, .T. ) ;
#2759 = DIRECTION ( 'NONE',  ( 1.000000000000000000, 0.000000000000000000, -0.000000000000000000 ) ) ;
#2760 = EDGE_CURVE ( 'NONE', #1, #3324, #2487, .T. ) ;
#2761 = ORIENTED_EDGE ( 'NONE', *, *, #2678, .T. ) ;
#2762 = ORIENTED_EDGE ( 'NONE', *, *, #2810, .F. ) ;
#2763 = ADVANCED_FACE ( 'NONE', ( #1282 ), #2407, .T. ) ;
#2764 = CARTESIAN_POINT ( 'NONE',  ( 289.8000000000000114, -190.0000000000000000, 24.00000000000000000 ) ) ;
#2765 = ORIENTED_EDGE ( 'NONE', *, *, #3127, .F. ) ;
#2766 = DIRECTION ( 'NONE',  ( 0.000000000000000000, 0.000000000000000000, -1.000000000000000000 ) ) ;
#2767 = EDGE_CURVE ( 'NONE', #3092, #563, #1616, .T. ) ;
#2768 = DIRECTION ( 'NONE',  ( 0.000000000000000000, 0.000000000000000000, -1.000000000000000000 ) ) ;
#2769 = CARTESIAN_POINT ( 'NONE',  ( 293.5000000000000000, 188.0000000000000000, 24.00000000000000000 ) ) ;
#2770 = CARTESIAN_POINT ( 'NONE',  ( -291.6499999999999773, 188.5000000000000000, 22.00000000000000000 ) ) ;
#2771 = CARTESIAN_POINT ( 'NONE',  ( -289.7999999999999545, 202.0000000000000000, 22.00000000000000000 ) ) ;
#2772 = VECTOR ( 'NONE', #1790, 1000.000000000000000 ) ;
#2773 = ORIENTED_EDGE ( 'NONE', *, *, #1694, .F. ) ;
#2774 = VECTOR ( 'NONE', #2118, 1000.000000000000000 ) ;
#2775 = VERTEX_POINT ( 'NONE', #2909 ) ;
#2776 = DIRECTION ( 'NONE',  ( 0.000000000000000000, 0.000000000000000000, 1.000000000000000000 ) ) ;
#2777 = ORIENTED_EDGE ( 'NONE', *, *, #1648, .T. ) ;
#2778 = ORIENTED_EDGE ( 'NONE', *, *, #895, .F. ) ;
#2779 = AXIS2_PLACEMENT_3D ( 'NONE', #63, #1094, #2458 ) ;
#2780 = CARTESIAN_POINT ( 'NONE',  ( 293.5000000000000000, 204.0000000000000284, 24.00000000000000000 ) ) ;
#2781 = AXIS2_PLACEMENT_3D ( 'NONE', #2355, #1809, #1568 ) ;
#2782 = CIRCLE ( 'NONE', #1270, 1.600000000000000755 ) ;
#2783 = EDGE_CURVE ( 'NONE', #2395, #1031, #1442, .T. ) ;
#2784 = ORIENTED_EDGE ( 'NONE', *, *, #2933, .T. ) ;
#2785 = CIRCLE ( 'NONE', #1775, 1.600000000000000755 ) ;
#2786 = DIRECTION ( 'NONE',  ( 1.000000000000000000, 0.000000000000000000, -0.000000000000000000 ) ) ;
#2787 = VECTOR ( 'NONE', #722, 1000.000000000000000 ) ;
#2788 = EDGE_CURVE ( 'NONE', #455, #1587, #1310, .T. ) ;
#2789 = CARTESIAN_POINT ( 'NONE',  ( 293.5000000000000000, 191.5000000000000000, 22.00000000000000000 ) ) ;
#2790 = DIRECTION ( 'NONE',  ( -1.000000000000000000, 0.000000000000000000, 0.000000000000000000 ) ) ;
#2791 = CARTESIAN_POINT ( 'NONE',  ( -287.8000000000000114, 205.0000000000000284, 18.00000000000000355 ) ) ;
#2792 = MANIFOLD_SOLID_BREP ( 'Right upper stainless keeper', #3337 ) ;
#2793 = ADVANCED_FACE ( 'NONE', ( #798 ), #2892, .T. ) ;
#2794 = ORIENTED_EDGE ( 'NONE', *, *, #535, .T. ) ;
#2795 = CARTESIAN_POINT ( 'NONE',  ( 289.7999999999999545, -188.5000000000000000, 22.00000000000000000 ) ) ;
#2796 = LINE ( 'NONE', #1394, #2560 ) ;
#2797 = ORIENTED_EDGE ( 'NONE', *, *, #359, .T. ) ;
#2798 = MANIFOLD_SOLID_BREP ( 'Left upper stainless keeper', #2824 ) ;
#2799 = ORIENTED_EDGE ( 'NONE', *, *, #2276, .F. ) ;
#2800 = LINE ( 'NONE', #3351, #2158 ) ;
#2801 = VERTEX_POINT ( 'NONE', #3423 ) ;
#2802 = DIRECTION ( 'NONE',  ( 0.000000000000000000, 1.000000000000000000, 0.000000000000000000 ) ) ;
#2803 = CARTESIAN_POINT ( 'NONE',  ( -289.8000000000000114, -202.0000000000000000, 24.00000000000000000 ) ) ;
#2804 = PLANE ( 'NONE',  #2456 ) ;
#2805 = CARTESIAN_POINT ( 'NONE',  ( -293.5000000000000000, 188.0000000000000000, 24.00000000000000000 ) ) ;
#2806 = EDGE_CURVE ( 'NONE', #2849, #1554, #1026, .T. ) ;
#2807 = DIRECTION ( 'NONE',  ( 0.000000000000000000, -1.000000000000000000, -0.000000000000000000 ) ) ;
#2808 = CARTESIAN_POINT ( 'NONE',  ( 293.5000000000000000, -204.0000000000000284, 26.00000000000000355 ) ) ;
#2809 = DIRECTION ( 'NONE',  ( 1.000000000000000000, 0.000000000000000000, 0.000000000000000000 ) ) ;
#2810 = EDGE_CURVE ( 'NONE', #1408, #2003, #1871, .T. ) ;
#2811 = ORIENTED_EDGE ( 'NONE', *, *, #2978, .F. ) ;
#2812 = ORIENTED_EDGE ( 'NONE', *, *, #2297, .T. ) ;
#2813 = PLANE ( 'NONE',  #2101 ) ;
#2814 = ORIENTED_EDGE ( 'NONE', *, *, #1583, .F. ) ;
#2815 = VERTEX_POINT ( 'NONE', #2364 ) ;
#2816 = DIRECTION ( 'NONE',  ( 0.000000000000000000, 0.000000000000000000, 1.000000000000000000 ) ) ;
#2817 = CARTESIAN_POINT ( 'NONE',  ( -288.8000000000000114, -187.0000000000000000, 18.00000000000000355 ) ) ;
#2818 = CARTESIAN_POINT ( 'NONE',  ( 293.5000000000000000, -204.0000000000000284, 24.00000000000000000 ) ) ;
#2819 = FACE_BOUND ( 'NONE', #2553, .T. ) ;
#2820 = CARTESIAN_POINT ( 'NONE',  ( -289.8000000000000114, 190.0000000000000000, 24.00000000000000000 ) ) ;
#2821 = EDGE_CURVE ( 'NONE', #1466, #1129, #521, .T. ) ;
#2822 = DIRECTION ( 'NONE',  ( 0.000000000000000000, 0.000000000000000000, 1.000000000000000000 ) ) ;
#2823 = DIRECTION ( 'NONE',  ( 0.000000000000000000, 0.000000000000000000, 1.000000000000000000 ) ) ;
#2824 = CLOSED_SHELL ( 'NONE', ( #1479, #1391, #875, #509, #2396, #2895, #2763, #1324, #364, #2724, #2637, #1854, #336, #2252, #3001, #2420, #2074, #2517, #1041, #2205, #3263, #3108, #401, #943, #3194, #2865 ) ) ;
#2825 = ORIENTED_EDGE ( 'NONE', *, *, #240, .T. ) ;
#2826 = EDGE_CURVE ( 'NONE', #1066, #1887, #2649, .T. ) ;
#2827 = ORIENTED_EDGE ( 'NONE', *, *, #915, .F. ) ;
#2828 = AXIS2_PLACEMENT_3D ( 'NONE', #2045, #2597, #1260 ) ;
#2829 = MECHANICAL_CONTEXT ( 'NONE', #938, 'mechanical' ) ;
#2830 = AXIS2_PLACEMENT_3D ( 'NONE', #2421, #1421, #3264 ) ;
#2831 = FACE_OUTER_BOUND ( 'NONE', #15, .T. ) ;
#2832 = AXIS2_PLACEMENT_3D ( 'NONE', #581, #351, #2726 ) ;
#2833 = ORIENTED_EDGE ( 'NONE', *, *, #1280, .T. ) ;
#2834 = VECTOR ( 'NONE', #265, 1000.000000000000000 ) ;
#2835 = AXIS2_PLACEMENT_3D ( 'NONE', #2120, #2635, #1049 ) ;
#2836 = CARTESIAN_POINT ( 'NONE',  ( -293.5000000000000000, 204.0000000000000284, 22.00000000000000000 ) ) ;
#2837 = CARTESIAN_POINT ( 'NONE',  ( -289.8000000000000114, 205.0000000000000284, 18.00000000000000355 ) ) ;
#2838 = DIRECTION ( 'NONE',  ( 0.000000000000000000, 0.000000000000000000, 1.000000000000000000 ) ) ;
#2839 = PLANE ( 'NONE',  #1719 ) ;
#2840 = AXIS2_PLACEMENT_3D ( 'NONE', #2770, #368, #2173 ) ;
#2841 = DIRECTION ( 'NONE',  ( -0.000000000000000000, 1.000000000000000000, 0.000000000000000000 ) ) ;
#2842 = LOCAL_TIME ( 20, 14, 55.00000000000000000, #1445 ) ;
#2843 = CARTESIAN_POINT ( 'NONE',  ( -289.7999999999999545, -188.5000000000000000, 22.00000000000000000 ) ) ;
#2844 = ADVANCED_FACE ( 'NONE', ( #770 ), #1048, .T. ) ;
#2845 = EDGE_LOOP ( 'NONE', ( #2352, #323, #1289, #2477 ) ) ;
#2846 = ORIENTED_EDGE ( 'NONE', *, *, #1758, .T. ) ;
#2847 = EDGE_CURVE ( 'NONE', #2003, #567, #2634, .T. ) ;
#2848 = CARTESIAN_POINT ( 'NONE',  ( -293.5000000000000000, 191.5000000000000000, 24.00000000000000000 ) ) ;
#2849 = VERTEX_POINT ( 'NONE', #1856 ) ;
#2850 = ADVANCED_FACE ( 'NONE', ( #3140 ), #1593, .T. ) ;
#2851 = LINE ( 'NONE', #955, #695 ) ;
#2852 = ORIENTED_EDGE ( 'NONE', *, *, #1783, .F. ) ;
#2853 = LINE ( 'NONE', #1489, #1941 ) ;
#2854 = DIRECTION ( 'NONE',  ( -0.000000000000000000, 1.000000000000000000, 0.000000000000000000 ) ) ;
#2855 = FACE_OUTER_BOUND ( 'NONE', #3328, .T. ) ;
#2856 = CARTESIAN_POINT ( 'NONE',  ( 293.5000000000000000, 191.5000000000000000, 24.00000000000000000 ) ) ;
#2857 = EDGE_LOOP ( 'NONE', ( #152, #1478, #3313, #2414 ) ) ;
#2858 = VERTEX_POINT ( 'NONE', #733 ) ;
#2859 = CALENDAR_DATE ( 2026, 26, 8 ) ;
#2860 = DIRECTION ( 'NONE',  ( 0.000000000000000000, 0.000000000000000000, 1.000000000000000000 ) ) ;
#2861 = ORIENTED_EDGE ( 'NONE', *, *, #915, .T. ) ;
#2862 = EDGE_CURVE ( 'NONE', #2261, #1504, #1334, .T. ) ;
#2863 = LINE ( 'NONE', #1748, #590 ) ;
#2864 = ORIENTED_EDGE ( 'NONE', *, *, #2974, .T. ) ;
#2865 = ADVANCED_FACE ( 'NONE', ( #3476 ), #2422, .T. ) ;
#2866 = DIRECTION ( 'NONE',  ( -0.000000000000000000, 1.000000000000000000, 0.000000000000000000 ) ) ;
#2867 = CARTESIAN_POINT ( 'NONE',  ( 291.6499999999999773, 200.5000000000000000, 22.00000000000000000 ) ) ;
#2868 = FACE_OUTER_BOUND ( 'NONE', #2086, .T. ) ;
#2869 = DIRECTION ( 'NONE',  ( 1.000000000000000000, 0.000000000000000000, -0.000000000000000000 ) ) ;
#2870 = DIRECTION ( 'NONE',  ( 1.000000000000000000, 0.000000000000000000, -0.000000000000000000 ) ) ;
#2871 = ORIENTED_EDGE ( 'NONE', *, *, #1198, .F. ) ;
#2872 = ORIENTED_EDGE ( 'NONE', *, *, #240, .F. ) ;
#2873 = CARTESIAN_POINT ( 'NONE',  ( 288.8000000000000114, -196.0000000000000000, 32.00000000000000000 ) ) ;
#2874 = AXIS2_PLACEMENT_3D ( 'NONE', #1196, #3125, #3076 ) ;
#2875 = DIRECTION ( 'NONE',  ( 0.000000000000000000, 0.000000000000000000, 1.000000000000000000 ) ) ;
#2876 = ORIENTED_EDGE ( 'NONE', *, *, #2962, .F. ) ;
#2877 = ORIENTED_EDGE ( 'NONE', *, *, #132, .T. ) ;
#2878 = VECTOR ( 'NONE', #2584, 1000.000000000000000 ) ;
#2879 = AXIS2_PLACEMENT_3D ( 'NONE', #1208, #1700, #1230 ) ;
#2880 = LINE ( 'NONE', #2128, #929 ) ;
#2881 = VECTOR ( 'NONE', #1785, 1000.000000000000000 ) ;
#2882 = AXIS2_PLACEMENT_3D ( 'NONE', #1353, #1052, #239 ) ;
#2883 = EDGE_CURVE ( 'NONE', #567, #5, #2133, .T. ) ;
#2884 = ORIENTED_EDGE ( 'NONE', *, *, #2113, .T. ) ;
#2885 = AXIS2_PLACEMENT_3D ( 'NONE', #603, #2486, #2524 ) ;
#2886 = DIRECTION ( 'NONE',  ( 1.000000000000000000, 0.000000000000000000, -0.000000000000000000 ) ) ;
#2887 = CYLINDRICAL_SURFACE ( 'NONE', #3392, 2.000000000000001776 ) ;
#2888 = DIRECTION ( 'NONE',  ( 0.000000000000000000, 0.000000000000000000, -1.000000000000000000 ) ) ;
#2889 = EDGE_CURVE ( 'NONE', #3164, #2573, #3155, .T. ) ;
#2890 = VECTOR ( 'NONE', #2125, 1000.000000000000000 ) ;
#2891 = DIRECTION ( 'NONE',  ( 0.000000000000000000, 0.000000000000000000, 1.000000000000000000 ) ) ;
#2892 = PLANE ( 'NONE',  #252 ) ;
#2893 = VECTOR ( 'NONE', #2043, 1000.000000000000000 ) ;
#2894 = LINE ( 'NONE', #507, #148 ) ;
#2895 = ADVANCED_FACE ( 'NONE', ( #561, #1646, #1687 ), #1921, .T. ) ;
#2896 = CC_DESIGN_APPROVAL ( #2131, ( #2460 ) ) ;
#2897 = VERTEX_POINT ( 'NONE', #1890 ) ;
#2898 = ORIENTED_EDGE ( 'NONE', *, *, #504, .T. ) ;
#2899 = LINE ( 'NONE', #1876, #3114 ) ;
#2900 = DIRECTION ( 'NONE',  ( -0.000000000000000000, -1.000000000000000000, -0.000000000000000000 ) ) ;
#2901 = VERTEX_POINT ( 'NONE', #2999 ) ;
#2902 = VERTEX_POINT ( 'NONE', #332 ) ;
#2903 = CARTESIAN_POINT ( 'NONE',  ( 289.8000000000000114, -196.0000000000000000, 18.00000000000000355 ) ) ;
#2904 = ORIENTED_EDGE ( 'NONE', *, *, #493, .T. ) ;
#2905 = LINE ( 'NONE', #3188, #3070 ) ;
#2906 = FACE_OUTER_BOUND ( 'NONE', #1912, .T. ) ;
#2907 = CYLINDRICAL_SURFACE ( 'NONE', #2941, 1.600000000000000755 ) ;
#2908 = DIRECTION ( 'NONE',  ( 0.000000000000000000, -1.000000000000000000, -0.000000000000000000 ) ) ;
#2909 = CARTESIAN_POINT ( 'NONE',  ( 289.8000000000000114, -205.0000000000000284, 32.00000000000000000 ) ) ;
#2910 = EDGE_CURVE ( 'NONE', #407, #1038, #2481, .T. ) ;
#2911 = CARTESIAN_POINT ( 'NONE',  ( 289.8000000000000114, -202.0000000000000000, 25.60000000000000142 ) ) ;
#2912 = VERTEX_POINT ( 'NONE', #1139 ) ;
#2913 = VERTEX_POINT ( 'NONE', #347 ) ;
#2914 = EDGE_CURVE ( 'NONE', #1867, #1554, #2948, .T. ) ;
#2915 = DIRECTION ( 'NONE',  ( 0.000000000000000000, 0.000000000000000000, -1.000000000000000000 ) ) ;
#2916 = DIRECTION ( 'NONE',  ( 1.000000000000000000, 0.000000000000000000, 0.000000000000000000 ) ) ;
#2917 = EDGE_LOOP ( 'NONE', ( #2587, #859, #2141, #3272, #227, #3181 ) ) ;
#2918 = ORIENTED_EDGE ( 'NONE', *, *, #956, .T. ) ;
#2919 = CARTESIAN_POINT ( 'NONE',  ( -291.6499999999999773, 191.5000000000000000, 26.00000000000000000 ) ) ;
#2920 = ORIENTED_EDGE ( 'NONE', *, *, #446, .T. ) ;
#2921 = DIRECTION ( 'NONE',  ( 0.000000000000000000, -1.000000000000000000, 0.000000000000000000 ) ) ;
#2922 = DIRECTION ( 'NONE',  ( 0.000000000000000000, -1.000000000000000000, -0.000000000000000000 ) ) ;
#2923 = CARTESIAN_POINT ( 'NONE',  ( 293.5000000000000000, 188.0000000000000000, 24.00000000000000000 ) ) ;
#2924 = CARTESIAN_POINT ( 'NONE',  ( 289.7999999999999545, -200.5000000000000000, 23.44322356371700167 ) ) ;
#2925 = CARTESIAN_POINT ( 'NONE',  ( -288.8000000000000114, 196.0000000000000000, 32.00000000000000000 ) ) ;
#2926 = CARTESIAN_POINT ( 'NONE',  ( 289.8000000000000114, -187.0000000000000000, 18.00000000000000355 ) ) ;
#2927 = EDGE_CURVE ( 'NONE', #45, #2578, #2785, .T. ) ;
#2928 = EDGE_LOOP ( 'NONE', ( #1533, #2904, #208, #95, #1106, #498 ) ) ;
#2929 = ORIENTED_EDGE ( 'NONE', *, *, #1046, .F. ) ;
#2930 = PLANE ( 'NONE',  #3449 ) ;
#2931 = PLANE ( 'NONE',  #1709 ) ;
#2932 = CARTESIAN_POINT ( 'NONE',  ( 289.8000000000000114, -190.0000000000000000, 24.00000000000000000 ) ) ;
#2933 = EDGE_CURVE ( 'NONE', #2068, #2053, #2208, .T. ) ;
#2934 = ORIENTED_EDGE ( 'NONE', *, *, #1332, .F. ) ;
#2935 = VERTEX_POINT ( 'NONE', #2151 ) ;
#2936 = FACE_BOUND ( 'NONE', #2109, .T. ) ;
#2937 = EDGE_CURVE ( 'NONE', #1351, #2040, #432, .T. ) ;
#2938 = VECTOR ( 'NONE', #1509, 1000.000000000000000 ) ;
#2939 = VERTEX_POINT ( 'NONE', #2717 ) ;
#2940 = CARTESIAN_POINT ( 'NONE',  ( -293.5000000000000000, 188.0000000000000000, 24.00000000000000000 ) ) ;
#2941 = AXIS2_PLACEMENT_3D ( 'NONE', #1574, #233, #2382 ) ;
#2942 = VECTOR ( 'NONE', #113, 1000.000000000000000 ) ;
#2943 = CIRCLE ( 'NONE', #2041, 1.600000000000000755 ) ;
#2944 = AXIS2_PLACEMENT_3D ( 'NONE', #771, #1842, #3424 ) ;
#2945 = LINE ( 'NONE', #2363, #2147 ) ;
#2946 = DIRECTION ( 'NONE',  ( 0.000000000000000000, 1.000000000000000000, 0.000000000000000000 ) ) ;
#2947 = CARTESIAN_POINT ( 'NONE',  ( 287.8000000000000114, 196.0000000000000000, 32.00000000000000000 ) ) ;
#2948 = CIRCLE ( 'NONE', #983, 2.000000000000001776 ) ;
#2949 = AXIS2_PLACEMENT_3D ( 'NONE', #1022, #2095, #1837 ) ;
#2950 = ORIENTED_EDGE ( 'NONE', *, *, #2155, .T. ) ;
#2951 = VECTOR ( 'NONE', #2886, 1000.000000000000000 ) ;
#2952 = CARTESIAN_POINT ( 'NONE',  ( 287.8000000000000114, -205.0000000000000284, 18.00000000000000355 ) ) ;
#2953 = EDGE_CURVE ( 'NONE', #1016, #1031, #2739, .T. ) ;
#2954 = CARTESIAN_POINT ( 'NONE',  ( -289.7999999999999545, 191.5000000000000000, 22.00000000000000000 ) ) ;
#2955 = EDGE_LOOP ( 'NONE', ( #580, #3202, #1826, #3061 ) ) ;
#2956 = ORIENTED_EDGE ( 'NONE', *, *, #1363, .T. ) ;
#2957 = EDGE_CURVE ( 'NONE', #3324, #2935, #2190, .T. ) ;
#2958 = DIRECTION ( 'NONE',  ( -1.000000000000000000, -0.000000000000000000, 0.000000000000000000 ) ) ;
#2959 = DIRECTION ( 'NONE',  ( 0.000000000000000000, -1.000000000000000000, -0.000000000000000000 ) ) ;
#2960 = VERTEX_POINT ( 'NONE', #34 ) ;
#2961 = CARTESIAN_POINT ( 'NONE',  ( 289.7999999999999545, -200.5000000000000000, 26.00000000000000000 ) ) ;
#2962 = EDGE_CURVE ( 'NONE', #1844, #1704, #2519, .T. ) ;
#2963 = LINE ( 'NONE', #575, #2037 ) ;
#2964 = DIRECTION ( 'NONE',  ( 1.000000000000000000, 0.000000000000000000, 0.000000000000000000 ) ) ;
#2965 = CARTESIAN_POINT ( 'NONE',  ( -287.8000000000000114, -187.0000000000000000, 32.00000000000000000 ) ) ;
#2966 = ORIENTED_EDGE ( 'NONE', *, *, #1758, .F. ) ;
#2967 = ORIENTED_EDGE ( 'NONE', *, *, #1156, .T. ) ;
#2968 = CARTESIAN_POINT ( 'NONE',  ( -289.7999999999999545, 188.5000000000000000, 22.00000000000000000 ) ) ;
#2969 = DIRECTION ( 'NONE',  ( 0.000000000000000000, 0.000000000000000000, 1.000000000000000000 ) ) ;
#2970 = VERTEX_POINT ( 'NONE', #873 ) ;
#2971 = ORIENTED_EDGE ( 'NONE', *, *, #1814, .F. ) ;
#2972 = DIRECTION ( 'NONE',  ( 0.000000000000000000, 0.000000000000000000, 1.000000000000000000 ) ) ;
#2973 = DIRECTION ( 'NONE',  ( -1.000000000000000000, -0.000000000000000000, 0.000000000000000000 ) ) ;
#2974 = EDGE_CURVE ( 'NONE', #2801, #2986, #1609, .T. ) ;
#2975 = ORIENTED_EDGE ( 'NONE', *, *, #2751, .F. ) ;
#2976 = DIRECTION ( 'NONE',  ( -1.000000000000000000, -0.000000000000000000, 0.000000000000000000 ) ) ;
#2977 = CARTESIAN_POINT ( 'NONE',  ( 287.5000000000000568, 202.0000000000000000, 24.00000000000000000 ) ) ;
#2978 = EDGE_CURVE ( 'NONE', #725, #96, #2167, .T. ) ;
#2979 = CARTESIAN_POINT ( 'NONE',  ( -287.8000000000000114, 190.0000000000000000, 24.00000000000000000 ) ) ;
#2980 = CARTESIAN_POINT ( 'NONE',  ( 293.5000000000000000, 203.5000000000000000, 22.00000000000000000 ) ) ;
#2981 = PLANE ( 'NONE',  #2160 ) ;
#2982 = VERTEX_POINT ( 'NONE', #2980 ) ;
#2983 = ORIENTED_EDGE ( 'NONE', *, *, #2579, .T. ) ;
#2984 = DIRECTION ( 'NONE',  ( -1.000000000000000000, -0.000000000000000000, 0.000000000000000000 ) ) ;
#2985 = DIRECTION ( 'NONE',  ( 1.000000000000000000, 0.000000000000000000, -0.000000000000000000 ) ) ;
#2986 = VERTEX_POINT ( 'NONE', #312 ) ;
#2987 = VERTEX_POINT ( 'NONE', #2441 ) ;
#2988 = DIRECTION ( 'NONE',  ( -1.000000000000000000, -0.000000000000000000, 0.000000000000000000 ) ) ;
#2989 = LINE ( 'NONE', #1659, #537 ) ;
#2990 = ORIENTED_EDGE ( 'NONE', *, *, #2953, .F. ) ;
#2991 = CARTESIAN_POINT ( 'NONE',  ( -291.6499999999999773, -203.5000000000000000, 26.00000000000000000 ) ) ;
#2992 = CARTESIAN_POINT ( 'NONE',  ( -293.5000000000000000, 190.0000000000000000, 22.00000000000000000 ) ) ;
#2993 = EDGE_CURVE ( 'NONE', #2573, #2540, #3020, .T. ) ;
#2994 = CARTESIAN_POINT ( 'NONE',  ( 289.7999999999999545, -200.5000000000000000, 22.00000000000000000 ) ) ;
#2995 = CLOSED_SHELL ( 'NONE', ( #3072, #1989, #389, #3241, #1461, #3022, #3474, #1885, #1239, #3371, #450, #831, #1259, #12, #1021, #3132, #3149, #3387, #144, #2793, #1818, #1797, #574, #2850, #1521, #1496 ) ) ;
#2996 = DIRECTION ( 'NONE',  ( -0.000000000000000000, 1.000000000000000000, 0.000000000000000000 ) ) ;
#2997 = AXIS2_PLACEMENT_3D ( 'NONE', #329, #2203, #2462 ) ;
#2998 = AXIS2_PLACEMENT_3D ( 'NONE', #970, #1749, #2581 ) ;
#2999 = CARTESIAN_POINT ( 'NONE',  ( -287.8000000000000114, 205.0000000000000284, 32.00000000000000000 ) ) ;
#3000 = DIRECTION ( 'NONE',  ( -0.000000000000000000, 0.000000000000000000, -1.000000000000000000 ) ) ;
#3001 = ADVANCED_FACE ( 'NONE', ( #2756 ), #1422, .T. ) ;
#3002 = VECTOR ( 'NONE', #947, 1000.000000000000000 ) ;
#3003 = EDGE_LOOP ( 'NONE', ( #1796, #2872, #339, #963, #25, #1412 ) ) ;
#3004 = CIRCLE ( 'NONE', #3113, 1.600000000000000755 ) ;
#3005 = CYLINDRICAL_SURFACE ( 'NONE', #2885, 2.000000000000001776 ) ;
#3006 = CIRCLE ( 'NONE', #3226, 1.600000000000000755 ) ;
#3007 = EDGE_CURVE ( 'NONE', #3078, #448, #3248, .T. ) ;
#3008 = DIRECTION ( 'NONE',  ( -1.000000000000000000, 0.000000000000000000, 0.000000000000000000 ) ) ;
#3009 = ORIENTED_EDGE ( 'NONE', *, *, #744, .F. ) ;
#3010 = ORIENTED_EDGE ( 'NONE', *, *, #273, .F. ) ;
#3011 = VECTOR ( 'NONE', #2964, 1000.000000000000000 ) ;
#3012 = DIRECTION ( 'NONE',  ( 0.000000000000000000, 0.000000000000000000, 1.000000000000000000 ) ) ;
#3013 = VERTEX_POINT ( 'NONE', #576 ) ;
#3014 = CARTESIAN_POINT ( 'NONE',  ( -289.8000000000000114, -200.5000000000000000, 23.44322356371700167 ) ) ;
#3015 = CARTESIAN_POINT ( 'NONE',  ( -289.8000000000000114, 188.5000000000000000, 24.55677643628299833 ) ) ;
#3016 = CARTESIAN_POINT ( 'NONE',  ( 289.7999999999999545, -200.5000000000000000, 22.00000000000000000 ) ) ;
#3017 = CC_DESIGN_PERSON_AND_ORGANIZATION_ASSIGNMENT ( #413, #3305, ( #882 ) ) ;
#3018 = DIRECTION ( 'NONE',  ( -1.000000000000000000, 0.000000000000000000, 0.000000000000000000 ) ) ;
#3019 = DATE_AND_TIME ( #3050, #1945 ) ;
#3020 = LINE ( 'NONE', #614, #2283 ) ;
#3021 = CARTESIAN_POINT ( 'NONE',  ( -293.5000000000000000, 188.0000000000000000, 26.00000000000000355 ) ) ;
#3022 = ADVANCED_FACE ( 'NONE', ( #108, #91, #853 ), #692, .T. ) ;
#3023 = ORIENTED_EDGE ( 'NONE', *, *, #2428, .F. ) ;
#3024 = CARTESIAN_POINT ( 'NONE',  ( 289.8000000000000114, 202.0000000000000000, 24.00000000000000000 ) ) ;
#3025 = EDGE_LOOP ( 'NONE', ( #2688, #807, #1967, #1112 ) ) ;
#3026 = ADVANCED_FACE ( 'NONE', ( #121 ), #2280, .F. ) ;
#3027 = ORIENTED_EDGE ( 'NONE', *, *, #2269, .F. ) ;
#3028 = CYLINDRICAL_SURFACE ( 'NONE', #1535, 2.000000000000001776 ) ;
#3029 = DIRECTION ( 'NONE',  ( 1.000000000000000000, 0.000000000000000000, -0.000000000000000000 ) ) ;
#3030 = ORIENTED_EDGE ( 'NONE', *, *, #1280, .F. ) ;
#3031 = FACE_OUTER_BOUND ( 'NONE', #64, .T. ) ;
#3032 = DIRECTION ( 'NONE',  ( 0.000000000000000000, 0.000000000000000000, 1.000000000000000000 ) ) ;
#3033 = CARTESIAN_POINT ( 'NONE',  ( 289.7999999999999545, 200.5000000000000000, 26.00000000000000000 ) ) ;
#3034 = DIRECTION ( 'NONE',  ( -0.000000000000000000, 1.000000000000000000, 0.000000000000000000 ) ) ;
#3035 = CARTESIAN_POINT ( 'NONE',  ( -293.5000000000000000, -204.0000000000000284, 26.00000000000000355 ) ) ;
#3036 = LINE ( 'NONE', #2442, #1773 ) ;
#3037 = ORIENTED_EDGE ( 'NONE', *, *, #384, .F. ) ;
#3038 = EDGE_LOOP ( 'NONE', ( #1835, #884, #2251, #281 ) ) ;
#3039 = DIRECTION ( 'NONE',  ( 1.000000000000000000, 0.000000000000000000, -0.000000000000000000 ) ) ;
#3040 = EDGE_CURVE ( 'NONE', #2076, #101, #907, .T. ) ;
#3041 = ORIENTED_EDGE ( 'NONE', *, *, #287, .T. ) ;
#3042 = VERTEX_POINT ( 'NONE', #3074 ) ;
#3043 = EDGE_CURVE ( 'NONE', #1125, #2337, #436, .T. ) ;
#3044 = DIRECTION ( 'NONE',  ( 0.000000000000000000, -1.000000000000000000, -0.000000000000000000 ) ) ;
#3045 = ORIENTED_EDGE ( 'NONE', *, *, #1901, .F. ) ;
#3046 = DIRECTION ( 'NONE',  ( 0.000000000000000000, 0.000000000000000000, -1.000000000000000000 ) ) ;
#3047 = EDGE_CURVE ( 'NONE', #2982, #1315, #3234, .T. ) ;
#3048 = FACE_BOUND ( 'NONE', #3151, .T. ) ;
#3049 = LINE ( 'NONE', #107, #3341 ) ;
#3050 = CALENDAR_DATE ( 2026, 26, 8 ) ;
#3051 = DIRECTION ( 'NONE',  ( 0.000000000000000000, -1.000000000000000000, -0.000000000000000000 ) ) ;
#3052 = DIRECTION ( 'NONE',  ( 0.000000000000000000, 1.000000000000000000, 0.000000000000000000 ) ) ;
#3053 = CARTESIAN_POINT ( 'NONE',  ( -293.5000000000000000, -188.0000000000000000, 22.00000000000000000 ) ) ;
#3054 = VECTOR ( 'NONE', #451, 1000.000000000000000 ) ;
#3055 = ORIENTED_EDGE ( 'NONE', *, *, #2933, .F. ) ;
#3056 = AXIS2_PLACEMENT_3D ( 'NONE', #1404, #1347, #3018 ) ;
#3057 = PLANE ( 'NONE',  #919 ) ;
#3058 = CARTESIAN_POINT ( 'NONE',  ( -289.7999999999999545, 188.5000000000000000, 22.00000000000000000 ) ) ;
#3059 = AXIS2_PLACEMENT_3D ( 'NONE', #2977, #2436, #2768 ) ;
#3060 = VECTOR ( 'NONE', #1651, 1000.000000000000000 ) ;
#3061 = ORIENTED_EDGE ( 'NONE', *, *, #2187, .F. ) ;
#3062 = ORIENTED_EDGE ( 'NONE', *, *, #3391, .F. ) ;
#3063 = AXIS2_PLACEMENT_3D ( 'NONE', #1556, #1276, #247 ) ;
#3064 = AXIS2_PLACEMENT_3D ( 'NONE', #1409, #2250, #1926 ) ;
#3065 = CARTESIAN_POINT ( 'NONE',  ( -289.7999999999999545, 190.0000000000000000, 26.00000000000000000 ) ) ;
#3066 = CIRCLE ( 'NONE', #1718, 2.000000000000001776 ) ;
#3067 = CIRCLE ( 'NONE', #2331, 2.000000000000001776 ) ;
#3068 = ORIENTED_EDGE ( 'NONE', *, *, #709, .T. ) ;
#3069 = EDGE_CURVE ( 'NONE', #584, #3426, #2853, .T. ) ;
#3070 = VECTOR ( 'NONE', #1836, 1000.000000000000000 ) ;
#3071 = DIRECTION ( 'NONE',  ( 0.000000000000000000, 1.000000000000000000, 0.000000000000000000 ) ) ;
#3072 = ADVANCED_FACE ( 'NONE', ( #171 ), #3385, .T. ) ;
#3073 = DIRECTION ( 'NONE',  ( 0.000000000000000000, -1.000000000000000000, 0.000000000000000000 ) ) ;
#3074 = CARTESIAN_POINT ( 'NONE',  ( 287.8000000000000114, 190.0000000000000000, 22.39999999999999858 ) ) ;
#3075 = CARTESIAN_POINT ( 'NONE',  ( -289.7999999999999545, 188.5000000000000000, 22.00000000000000000 ) ) ;
#3076 = DIRECTION ( 'NONE',  ( 0.000000000000000000, 0.000000000000000000, 1.000000000000000000 ) ) ;
#3077 = DIRECTION ( 'NONE',  ( -1.000000000000000000, -0.000000000000000000, 0.000000000000000000 ) ) ;
#3078 = VERTEX_POINT ( 'NONE', #1723 ) ;
#3079 = EDGE_LOOP ( 'NONE', ( #1221, #222, #3107, #2233 ) ) ;
#3080 = CARTESIAN_POINT ( 'NONE',  ( -293.5000000000000000, -191.5000000000000000, 22.00000000000000000 ) ) ;
#3081 = ORIENTED_EDGE ( 'NONE', *, *, #3285, .F. ) ;
#3082 = EDGE_LOOP ( 'NONE', ( #2426, #2812, #1051, #243 ) ) ;
#3083 = CARTESIAN_POINT ( 'NONE',  ( -293.5000000000000000, -191.5000000000000000, 26.00000000000000000 ) ) ;
#3084 = EDGE_CURVE ( 'NONE', #1587, #2459, #667, .T. ) ;
#3085 = DIRECTION ( 'NONE',  ( 0.000000000000000000, 0.000000000000000000, 1.000000000000000000 ) ) ;
#3086 = CARTESIAN_POINT ( 'NONE',  ( 293.5000000000000000, 203.5000000000000000, 24.00000000000000000 ) ) ;
#3087 = DIRECTION ( 'NONE',  ( 0.000000000000000000, 0.000000000000000000, 1.000000000000000000 ) ) ;
#3088 = EDGE_CURVE ( 'NONE', #46, #758, #1192, .T. ) ;
#3089 = CARTESIAN_POINT ( 'NONE',  ( -289.7999999999999545, 191.5000000000000000, 22.00000000000000000 ) ) ;
#3090 = DIRECTION ( 'NONE',  ( 0.000000000000000000, 0.000000000000000000, 1.000000000000000000 ) ) ;
#3091 = ORIENTED_EDGE ( 'NONE', *, *, #2883, .T. ) ;
#3092 = VERTEX_POINT ( 'NONE', #1738 ) ;
#3093 = DIRECTION ( 'NONE',  ( 0.000000000000000000, 0.000000000000000000, 1.000000000000000000 ) ) ;
#3094 = ORIENTED_EDGE ( 'NONE', *, *, #3145, .F. ) ;
#3095 = DIRECTION ( 'NONE',  ( 0.000000000000000000, 0.000000000000000000, 1.000000000000000000 ) ) ;
#3096 = ADVANCED_BREP_SHAPE_REPRESENTATION ( 'LidLatchKeeperPack_V09_Stainless', ( #2707, #2798, #440, #2792, #2675 ), #3461 ) ;
#3097 = CARTESIAN_POINT ( 'NONE',  ( -293.5000000000000000, -204.0000000000000284, 22.00000000000000000 ) ) ;
#3098 = CARTESIAN_POINT ( 'NONE',  ( -291.6499999999999773, 203.5000000000000000, 22.00000000000000000 ) ) ;
#3099 = ADVANCED_FACE ( 'NONE', ( #1522 ), #2582, .F. ) ;
#3100 = LINE ( 'NONE', #3075, #2878 ) ;
#3101 = CARTESIAN_POINT ( 'NONE',  ( 287.8000000000000114, 190.0000000000000000, 24.00000000000000000 ) ) ;
#3102 = AXIS2_PLACEMENT_3D ( 'NONE', #797, #1840, #1541 ) ;
#3103 = ADVANCED_FACE ( 'NONE', ( #414 ), #2259, .T. ) ;
#3104 = DIRECTION ( 'NONE',  ( 1.000000000000000000, 0.000000000000000000, -0.000000000000000000 ) ) ;
#3105 = CIRCLE ( 'NONE', #1592, 1.600000000000000755 ) ;
#3106 = ORIENTED_EDGE ( 'NONE', *, *, #1919, .T. ) ;
#3107 = ORIENTED_EDGE ( 'NONE', *, *, #1448, .T. ) ;
#3108 = ADVANCED_FACE ( 'NONE', ( #2566 ), #1975, .T. ) ;
#3109 = AXIS2_PLACEMENT_3D ( 'NONE', #1190, #2257, #2544 ) ;
#3110 = CARTESIAN_POINT ( 'NONE',  ( 287.5000000000000568, 190.0000000000000000, 24.00000000000000000 ) ) ;
#3111 = VECTOR ( 'NONE', #2714, 1000.000000000000000 ) ;
#3112 = CARTESIAN_POINT ( 'NONE',  ( -287.5000000000000568, 190.0000000000000000, 24.00000000000000000 ) ) ;
#3113 = AXIS2_PLACEMENT_3D ( 'NONE', #2005, #2304, #444 ) ;
#3114 = VECTOR ( 'NONE', #1298, 1000.000000000000000 ) ;
#3115 = ORIENTED_EDGE ( 'NONE', *, *, #665, .T. ) ;
#3116 = AXIS2_PLACEMENT_3D ( 'NONE', #2666, #259, #1348 ) ;
#3117 = VECTOR ( 'NONE', #1743, 1000.000000000000000 ) ;
#3118 = DIRECTION ( 'NONE',  ( 0.000000000000000000, 0.000000000000000000, 1.000000000000000000 ) ) ;
#3119 = ORIENTED_EDGE ( 'NONE', *, *, #1923, .T. ) ;
#3120 = CIRCLE ( 'NONE', #543, 1.600000000000000755 ) ;
#3121 = LINE ( 'NONE', #137, #820 ) ;
#3122 = DIRECTION ( 'NONE',  ( 1.000000000000000000, 0.000000000000000000, -0.000000000000000000 ) ) ;
#3123 = CIRCLE ( 'NONE', #1388, 2.000000000000001776 ) ;
#3124 = EDGE_CURVE ( 'NONE', #2506, #1355, #3121, .T. ) ;
#3125 = DIRECTION ( 'NONE',  ( -1.000000000000000000, -0.000000000000000000, 0.000000000000000000 ) ) ;
#3126 = LINE ( 'NONE', #962, #871 ) ;
#3127 = EDGE_CURVE ( 'NONE', #1579, #1731, #2245, .T. ) ;
#3128 = VERTEX_POINT ( 'NONE', #647 ) ;
#3129 = ORIENTED_EDGE ( 'NONE', *, *, #1179, .F. ) ;
#3130 = COORDINATED_UNIVERSAL_TIME_OFFSET ( 8, 0, .AHEAD. ) ;
#3131 = DIRECTION ( 'NONE',  ( 0.000000000000000000, 0.000000000000000000, 1.000000000000000000 ) ) ;
#3132 = ADVANCED_FACE ( 'NONE', ( #3335 ), #2804, .T. ) ;
#3133 = EDGE_LOOP ( 'NONE', ( #714, #1133, #2114, #3215 ) ) ;
#3134 = DIRECTION ( 'NONE',  ( 0.000000000000000000, 1.000000000000000000, 0.000000000000000000 ) ) ;
#3135 = EDGE_CURVE ( 'NONE', #3411, #773, #2294, .T. ) ;
#3136 = VERTEX_POINT ( 'NONE', #254 ) ;
#3137 = LINE ( 'NONE', #781, #2951 ) ;
#3138 = CARTESIAN_POINT ( 'NONE',  ( -293.5000000000000000, -188.0000000000000000, 24.00000000000000000 ) ) ;
#3139 = DIRECTION ( 'NONE',  ( -1.000000000000000000, -0.000000000000000000, 0.000000000000000000 ) ) ;
#3140 = FACE_OUTER_BOUND ( 'NONE', #1605, .T. ) ;
#3141 = DIRECTION ( 'NONE',  ( 0.000000000000000000, 0.000000000000000000, 1.000000000000000000 ) ) ;
#3142 = ORIENTED_EDGE ( 'NONE', *, *, #682, .T. ) ;
#3143 = EDGE_LOOP ( 'NONE', ( #3210, #230, #1745, #2621 ) ) ;
#3144 = DATE_AND_TIME ( #2069, #2001 ) ;
#3145 = EDGE_CURVE ( 'NONE', #2484, #3136, #2050, .T. ) ;
#3146 = DIRECTION ( 'NONE',  ( 0.000000000000000000, 0.000000000000000000, -1.000000000000000000 ) ) ;
#3147 = ORIENTED_EDGE ( 'NONE', *, *, #3245, .F. ) ;
#3148 = ORIENTED_EDGE ( 'NONE', *, *, #466, .T. ) ;
#3149 = ADVANCED_FACE ( 'NONE', ( #231 ), #1058, .T. ) ;
#3150 = LINE ( 'NONE', #2903, #1095 ) ;
#3151 = EDGE_LOOP ( 'NONE', ( #1730, #2730 ) ) ;
#3152 = LINE ( 'NONE', #1043, #3354 ) ;
#3153 = EDGE_CURVE ( 'NONE', #1897, #2068, #2905, .T. ) ;
#3154 = CARTESIAN_POINT ( 'NONE',  ( 289.7999999999999545, 191.5000000000000000, 22.00000000000000000 ) ) ;
#3155 = LINE ( 'NONE', #748, #2046 ) ;
#3156 = CARTESIAN_POINT ( 'NONE',  ( -293.5000000000000000, -188.5000000000000000, 22.00000000000000000 ) ) ;
#3157 = ORIENTED_EDGE ( 'NONE', *, *, #3368, .T. ) ;
#3158 = ORIENTED_EDGE ( 'NONE', *, *, #1303, .F. ) ;
#3159 = PERSON_AND_ORGANIZATION ( #2302, #260 ) ;
#3160 = AXIS2_PLACEMENT_3D ( 'NONE', #490, #1560, #1803 ) ;
#3161 = CARTESIAN_POINT ( 'NONE',  ( 293.5000000000000000, 204.0000000000000284, 26.00000000000000355 ) ) ;
#3162 = ORIENTED_EDGE ( 'NONE', *, *, #3127, .T. ) ;
#3163 = CC_DESIGN_PERSON_AND_ORGANIZATION_ASSIGNMENT ( #3321, #136, ( #882 ) ) ;
#3164 = VERTEX_POINT ( 'NONE', #1329 ) ;
#3165 = AXIS2_PLACEMENT_3D ( 'NONE', #2281, #1770, #946 ) ;
#3166 = VECTOR ( 'NONE', #3085, 1000.000000000000000 ) ;
#3167 = CARTESIAN_POINT ( 'NONE',  ( 289.7999999999999545, 190.0000000000000000, 22.00000000000000000 ) ) ;
#3168 = AXIS2_PLACEMENT_3D ( 'NONE', #2820, #2347, #1510 ) ;
#3169 = EDGE_CURVE ( 'NONE', #2068, #1587, #1385, .T. ) ;
#3170 = EDGE_LOOP ( 'NONE', ( #918, #1896, #2082, #1607, #2055, #2353 ) ) ;
#3171 = AXIS2_PLACEMENT_3D ( 'NONE', #2848, #937, #1468 ) ;
#3172 = AXIS2_PLACEMENT_3D ( 'NONE', #2586, #2870, #698 ) ;
#3173 = DIRECTION ( 'NONE',  ( 0.000000000000000000, 0.000000000000000000, -1.000000000000000000 ) ) ;
#3174 = VECTOR ( 'NONE', #550, 1000.000000000000000 ) ;
#3175 = EDGE_CURVE ( 'NONE', #1066, #981, #2062, .T. ) ;
#3176 = DIRECTION ( 'NONE',  ( -1.000000000000000000, -0.000000000000000000, 0.000000000000000000 ) ) ;
#3177 = DIRECTION ( 'NONE',  ( 0.000000000000000000, 0.000000000000000000, 1.000000000000000000 ) ) ;
#3178 = PLANE ( 'NONE',  #1266 ) ;
#3179 = AXIS2_PLACEMENT_3D ( 'NONE', #3110, #965, #2766 ) ;
#3180 = ORIENTED_EDGE ( 'NONE', *, *, #2225, .F. ) ;
#3181 = ORIENTED_EDGE ( 'NONE', *, *, #1502, .T. ) ;
#3182 = LINE ( 'NONE', #2124, #2384 ) ;
#3183 = CARTESIAN_POINT ( 'NONE',  ( 287.5000000000000568, 202.0000000000000000, 25.60000000000000142 ) ) ;
#3184 = ORIENTED_EDGE ( 'NONE', *, *, #423, .T. ) ;
#3185 = EDGE_LOOP ( 'NONE', ( #1203, #815, #548, #163, #2266, #1636 ) ) ;
#3186 = DIRECTION ( 'NONE',  ( -1.000000000000000000, -0.000000000000000000, 0.000000000000000000 ) ) ;
#3187 = EDGE_LOOP ( 'NONE', ( #2884, #2918, #2797, #2175, #2122, #1326 ) ) ;
#3188 = CARTESIAN_POINT ( 'NONE',  ( -293.5000000000000000, -202.0000000000000000, 26.00000000000000000 ) ) ;
#3189 = CARTESIAN_POINT ( 'NONE',  ( 293.5000000000000000, -204.0000000000000284, 24.00000000000000000 ) ) ;
#3190 = EDGE_CURVE ( 'NONE', #605, #2357, #3137, .T. ) ;
#3191 = CARTESIAN_POINT ( 'NONE',  ( 289.7999999999999545, 200.5000000000000000, 22.00000000000000000 ) ) ;
#3192 = DIRECTION ( 'NONE',  ( 0.000000000000000000, 0.000000000000000000, 1.000000000000000000 ) ) ;
#3193 = FACE_BOUND ( 'NONE', #1042, .T. ) ;
#3194 = ADVANCED_FACE ( 'NONE', ( #1868 ), #502, .T. ) ;
#3195 = ORIENTED_EDGE ( 'NONE', *, *, #1130, .F. ) ;
#3196 = ORIENTED_EDGE ( 'NONE', *, *, #2598, .T. ) ;
#3197 = DIRECTION ( 'NONE',  ( -0.000000000000000000, 1.000000000000000000, 0.000000000000000000 ) ) ;
#3198 = FACE_OUTER_BOUND ( 'NONE', #495, .T. ) ;
#3199 = ORIENTED_EDGE ( 'NONE', *, *, #2684, .T. ) ;
#3200 = VERTEX_POINT ( 'NONE', #2661 ) ;
#3201 = DIRECTION ( 'NONE',  ( 1.000000000000000000, 0.000000000000000000, -0.000000000000000000 ) ) ;
#3202 = ORIENTED_EDGE ( 'NONE', *, *, #726, .F. ) ;
#3203 = CARTESIAN_POINT ( 'NONE',  ( 287.5000000000000568, -190.0000000000000000, 24.00000000000000000 ) ) ;
#3204 = CARTESIAN_POINT ( 'NONE',  ( -289.7999999999999545, -191.5000000000000000, 22.00000000000000000 ) ) ;
#3205 = LINE ( 'NONE', #3475, #1980 ) ;
#3206 = DIRECTION ( 'NONE',  ( 0.000000000000000000, 0.000000000000000000, 1.000000000000000000 ) ) ;
#3207 = DIRECTION ( 'NONE',  ( 1.000000000000000000, 0.000000000000000000, -0.000000000000000000 ) ) ;
#3208 = ORIENTED_EDGE ( 'NONE', *, *, #1247, .T. ) ;
#3209 = ADVANCED_FACE ( 'NONE', ( #1800 ), #2402, .T. ) ;
#3210 = ORIENTED_EDGE ( 'NONE', *, *, #2138, .F. ) ;
#3211 = DIRECTION ( 'NONE',  ( -1.000000000000000000, 0.000000000000000000, 0.000000000000000000 ) ) ;
#3212 = FACE_BOUND ( 'NONE', #2535, .T. ) ;
#3213 = ORIENTED_EDGE ( 'NONE', *, *, #2182, .F. ) ;
#3214 = EDGE_CURVE ( 'NONE', #2003, #1066, #1306, .T. ) ;
#3215 = ORIENTED_EDGE ( 'NONE', *, *, #1156, .F. ) ;
#3216 = CARTESIAN_POINT ( 'NONE',  ( -291.6499999999999773, -190.0000000000000000, 26.00000000000000000 ) ) ;
#3217 = DIRECTION ( 'NONE',  ( -0.000000000000000000, 1.000000000000000000, 0.000000000000000000 ) ) ;
#3218 = CIRCLE ( 'NONE', #140, 1.600000000000000755 ) ;
#3219 = AXIS2_PLACEMENT_3D ( 'NONE', #2228, #2996, #1959 ) ;
#3220 = VERTEX_POINT ( 'NONE', #2130 ) ;
#3221 = LINE ( 'NONE', #2991, #3296 ) ;
#3222 = AXIS2_PLACEMENT_3D ( 'NONE', #1559, #3473, #1023 ) ;
#3223 = VECTOR ( 'NONE', #2538, 1000.000000000000000 ) ;
#3224 = DIRECTION ( 'NONE',  ( 0.000000000000000000, 1.000000000000000000, 0.000000000000000000 ) ) ;
#3225 = AXIS2_PLACEMENT_3D ( 'NONE', #1290, #2344, #794 ) ;
#3226 = AXIS2_PLACEMENT_3D ( 'NONE', #3229, #1891, #2365 ) ;
#3227 = FACE_OUTER_BOUND ( 'NONE', #2917, .T. ) ;
#3228 = DIRECTION ( 'NONE',  ( 0.000000000000000000, 0.000000000000000000, 1.000000000000000000 ) ) ;
#3229 = CARTESIAN_POINT ( 'NONE',  ( -289.8000000000000114, 190.0000000000000000, 24.00000000000000000 ) ) ;
#3230 = AXIS2_PLACEMENT_3D ( 'NONE', #3415, #2900, #3146 ) ;
#3231 = AXIS2_PLACEMENT_3D ( 'NONE', #2805, #3361, #3087 ) ;
#3232 = ORIENTED_EDGE ( 'NONE', *, *, #1538, .T. ) ;
#3233 = ORIENTED_EDGE ( 'NONE', *, *, #1109, .T. ) ;
#3234 = CIRCLE ( 'NONE', #41, 2.000000000000001776 ) ;
#3235 = CARTESIAN_POINT ( 'NONE',  ( 293.5000000000000000, -202.0000000000000000, 26.00000000000000000 ) ) ;
#3236 = EDGE_CURVE ( 'NONE', #212, #2506, #3120, .T. ) ;
#3237 = CARTESIAN_POINT ( 'NONE',  ( -289.8000000000000114, -188.5000000000000000, 24.55677643628299833 ) ) ;
#3238 = ORIENTED_EDGE ( 'NONE', *, *, #3432, .F. ) ;
#3239 = ORIENTED_EDGE ( 'NONE', *, *, #2576, .T. ) ;
#3240 = PLANE ( 'NONE',  #3402 ) ;
#3241 = ADVANCED_FACE ( 'NONE', ( #463 ), #2378, .F. ) ;
#3242 = DIRECTION ( 'NONE',  ( -1.000000000000000000, -0.000000000000000000, 0.000000000000000000 ) ) ;
#3243 = ORIENTED_EDGE ( 'NONE', *, *, #1247, .F. ) ;
#3244 = LINE ( 'NONE', #2435, #546 ) ;
#3245 = EDGE_CURVE ( 'NONE', #1504, #2261, #2514, .T. ) ;
#3246 = DIRECTION ( 'NONE',  ( 0.000000000000000000, 0.000000000000000000, -1.000000000000000000 ) ) ;
#3247 = CARTESIAN_POINT ( 'NONE',  ( -289.8000000000000114, 200.5000000000000000, 23.44322356371700167 ) ) ;
#3248 = LINE ( 'NONE', #1446, #1884 ) ;
#3249 = DIRECTION ( 'NONE',  ( -1.000000000000000000, -0.000000000000000000, 0.000000000000000000 ) ) ;
#3250 = EDGE_LOOP ( 'NONE', ( #3030, #898, #1761, #2695 ) ) ;
#3251 = CARTESIAN_POINT ( 'NONE',  ( -293.5000000000000000, -204.0000000000000284, 24.00000000000000000 ) ) ;
#3252 = FACE_OUTER_BOUND ( 'NONE', #2731, .T. ) ;
#3253 = ORIENTED_EDGE ( 'NONE', *, *, #2746, .F. ) ;
#3254 = ORIENTED_EDGE ( 'NONE', *, *, #2684, .F. ) ;
#3255 = EDGE_CURVE ( 'NONE', #2902, #2176, #1292, .T. ) ;
#3256 = DIRECTION ( 'NONE',  ( 0.000000000000000000, 1.000000000000000000, 0.000000000000000000 ) ) ;
#3257 = CARTESIAN_POINT ( 'NONE',  ( 289.8000000000000114, 202.0000000000000000, 24.00000000000000000 ) ) ;
#3258 = ORIENTED_EDGE ( 'NONE', *, *, #2054, .T. ) ;
#3259 = EDGE_CURVE ( 'NONE', #1297, #1125, #3152, .T. ) ;
#3260 = CARTESIAN_POINT ( 'NONE',  ( -293.5000000000000000, -204.0000000000000284, 26.00000000000000355 ) ) ;
#3261 = CARTESIAN_POINT ( 'NONE',  ( -293.5000000000000000, 188.0000000000000000, 22.00000000000000000 ) ) ;
#3262 = DIRECTION ( 'NONE',  ( 0.000000000000000000, 0.000000000000000000, 1.000000000000000000 ) ) ;
#3263 = ADVANCED_FACE ( 'NONE', ( #2328 ), #202, .T. ) ;
#3264 = DIRECTION ( 'NONE',  ( 0.000000000000000000, 0.000000000000000000, -1.000000000000000000 ) ) ;
#3265 = CARTESIAN_POINT ( 'NONE',  ( -289.7999999999999545, -190.0000000000000000, 26.00000000000000000 ) ) ;
#3266 = DIRECTION ( 'NONE',  ( -1.000000000000000000, -0.000000000000000000, 0.000000000000000000 ) ) ;
#3267 = ORIENTED_EDGE ( 'NONE', *, *, #800, .T. ) ;
#3268 = ORIENTED_EDGE ( 'NONE', *, *, #3175, .F. ) ;
#3269 = DIRECTION ( 'NONE',  ( 0.000000000000000000, 0.000000000000000000, 1.000000000000000000 ) ) ;
#3270 = CARTESIAN_POINT ( 'NONE',  ( -288.8000000000000114, 196.0000000000000000, 18.00000000000000355 ) ) ;
#3271 = ORIENTED_EDGE ( 'NONE', *, *, #514, .F. ) ;
#3272 = ORIENTED_EDGE ( 'NONE', *, *, #1187, .T. ) ;
#3273 = CARTESIAN_POINT ( 'NONE',  ( -289.8000000000000114, -196.0000000000000000, 18.00000000000000355 ) ) ;
#3274 = ORIENTED_EDGE ( 'NONE', *, *, #110, .F. ) ;
#3275 = DIRECTION ( 'NONE',  ( 0.000000000000000000, 0.000000000000000000, -1.000000000000000000 ) ) ;
#3276 = CARTESIAN_POINT ( 'NONE',  ( 289.8000000000000114, 190.0000000000000000, 24.00000000000000000 ) ) ;
#3277 = CARTESIAN_POINT ( 'NONE',  ( -287.5000000000000568, -202.0000000000000000, 25.60000000000000142 ) ) ;
#3278 = AXIS2_PLACEMENT_3D ( 'NONE', #3101, #697, #2536 ) ;
#3279 = DIRECTION ( 'NONE',  ( 0.000000000000000000, 1.000000000000000000, 0.000000000000000000 ) ) ;
#3280 = SHAPE_DEFINITION_REPRESENTATION ( #1820, #3096 ) ;
#3281 = AXIS2_PLACEMENT_3D ( 'NONE', #1120, #2188, #3262 ) ;
#3282 = CIRCLE ( 'NONE', #1710, 1.600000000000000755 ) ;
#3283 = DIRECTION ( 'NONE',  ( 0.000000000000000000, 0.000000000000000000, 1.000000000000000000 ) ) ;
#3284 = PLANE ( 'NONE',  #427 ) ;
#3285 = EDGE_CURVE ( 'NONE', #262, #1713, #879, .T. ) ;
#3286 = VECTOR ( 'NONE', #2288, 1000.000000000000000 ) ;
#3287 = AXIS2_PLACEMENT_3D ( 'NONE', #3024, #3039, #1126 ) ;
#3288 = ORIENTED_EDGE ( 'NONE', *, *, #3382, .F. ) ;
#3289 = ORIENTED_EDGE ( 'NONE', *, *, #2783, .T. ) ;
#3290 = CIRCLE ( 'NONE', #315, 1.600000000000000755 ) ;
#3291 = CARTESIAN_POINT ( 'NONE',  ( 289.7999999999999545, -200.5000000000000000, 22.00000000000000000 ) ) ;
#3292 = VECTOR ( 'NONE', #492, 1000.000000000000000 ) ;
#3293 = VECTOR ( 'NONE', #2696, 1000.000000000000000 ) ;
#3294 = ORIENTED_EDGE ( 'NONE', *, *, #66, .F. ) ;
#3295 = VERTEX_POINT ( 'NONE', #2093 ) ;
#3296 = VECTOR ( 'NONE', #2976, 1000.000000000000000 ) ;
#3297 = DIRECTION ( 'NONE',  ( -0.000000000000000000, -1.000000000000000000, -0.000000000000000000 ) ) ;
#3298 = LINE ( 'NONE', #356, #2326 ) ;
#3299 = ORIENTED_EDGE ( 'NONE', *, *, #1923, .F. ) ;
#3300 = VECTOR ( 'NONE', #2736, 1000.000000000000000 ) ;
#3301 = LINE ( 'NONE', #888, #1224 ) ;
#3302 = CARTESIAN_POINT ( 'NONE',  ( -287.5000000000000568, -202.0000000000000000, 24.00000000000000000 ) ) ;
#3303 = CARTESIAN_POINT ( 'NONE',  ( 289.7999999999999545, 202.0000000000000000, 22.00000000000000000 ) ) ;
#3304 = CARTESIAN_POINT ( 'NONE',  ( -289.8000000000000114, 196.0000000000000000, 18.00000000000000355 ) ) ;
#3305 = PERSON_AND_ORGANIZATION_ROLE ( 'design_supplier' ) ;
#3306 = CARTESIAN_POINT ( 'NONE',  ( 287.8000000000000114, 202.0000000000000000, 24.00000000000000000 ) ) ;
#3307 = ADVANCED_FACE ( 'NONE', ( #3031 ), #1916, .T. ) ;
#3308 = DIRECTION ( 'NONE',  ( 1.000000000000000000, 0.000000000000000000, 0.000000000000000000 ) ) ;
#3309 = EDGE_LOOP ( 'NONE', ( #1003, #1288, #2453, #474 ) ) ;
#3310 = ORIENTED_EDGE ( 'NONE', *, *, #2030, .T. ) ;
#3311 = EDGE_CURVE ( 'NONE', #2103, #1897, #2146, .T. ) ;
#3312 = CARTESIAN_POINT ( 'NONE',  ( 289.7999999999999545, -188.5000000000000000, 24.55677643628299833 ) ) ;
#3313 = ORIENTED_EDGE ( 'NONE', *, *, #851, .T. ) ;
#3314 = ORIENTED_EDGE ( 'NONE', *, *, #1966, .F. ) ;
#3315 = EDGE_CURVE ( 'NONE', #2091, #1397, #3244, .T. ) ;
#3316 = CARTESIAN_POINT ( 'NONE',  ( 288.8000000000000114, -187.0000000000000000, 18.00000000000000355 ) ) ;
#3317 = ORIENTED_EDGE ( 'NONE', *, *, #2806, .T. ) ;
#3318 = PLANE ( 'NONE',  #1612 ) ;
#3319 = LINE ( 'NONE', #3277, #245 ) ;
#3320 = DIRECTION ( 'NONE',  ( 0.000000000000000000, 1.000000000000000000, 0.000000000000000000 ) ) ;
#3321 = PERSON_AND_ORGANIZATION ( #2302, #260 ) ;
#3322 = DIRECTION ( 'NONE',  ( 0.000000000000000000, 1.000000000000000000, 0.000000000000000000 ) ) ;
#3323 = CARTESIAN_POINT ( 'NONE',  ( -287.8000000000000114, -187.0000000000000000, 18.00000000000000355 ) ) ;
#3324 = VERTEX_POINT ( 'NONE', #50 ) ;
#3325 = CARTESIAN_POINT ( 'NONE',  ( 291.6499999999999773, -202.0000000000000000, 26.00000000000000000 ) ) ;
#3326 = LINE ( 'NONE', #335, #2509 ) ;
#3327 = EDGE_CURVE ( 'NONE', #563, #1981, #609, .T. ) ;
#3328 = EDGE_LOOP ( 'NONE', ( #686, #1381, #2660, #481, #620, #1792 ) ) ;
#3329 = VERTEX_POINT ( 'NONE', #1100 ) ;
#3330 = DIRECTION ( 'NONE',  ( 0.000000000000000000, 0.000000000000000000, 1.000000000000000000 ) ) ;
#3331 = EDGE_CURVE ( 'NONE', #2040, #1351, #3123, .T. ) ;
#3332 = EDGE_LOOP ( 'NONE', ( #845, #1569, #3106, #2734, #982, #19 ) ) ;
#3333 = CARTESIAN_POINT ( 'NONE',  ( -293.5000000000000000, 188.0000000000000000, 24.00000000000000000 ) ) ;
#3334 = DIRECTION ( 'NONE',  ( 0.000000000000000000, 0.000000000000000000, 1.000000000000000000 ) ) ;
#3335 = FACE_OUTER_BOUND ( 'NONE', #633, .T. ) ;
#3336 = LINE ( 'NONE', #693, #3339 ) ;
#3337 = CLOSED_SHELL ( 'NONE', ( #1754, #1698, #2027, #1944, #3446, #1419, #619, #578, #1970, #1859, #2121, #3099, #2162, #1741, #38, #1089, #1525, #179, #2374, #2844, #2490, #404, #1984, #1652, #2620, #1720 ) ) ;
#3338 = DIRECTION ( 'NONE',  ( -0.000000000000000000, 1.000000000000000000, 0.000000000000000000 ) ) ;
#3339 = VECTOR ( 'NONE', #928, 1000.000000000000000 ) ;
#3340 = ORIENTED_EDGE ( 'NONE', *, *, #1202, .T. ) ;
#3341 = VECTOR ( 'NONE', #2244, 1000.000000000000000 ) ;
#3342 = CARTESIAN_POINT ( 'NONE',  ( -289.8000000000000114, -190.0000000000000000, 22.39999999999999858 ) ) ;
#3343 = LINE ( 'NONE', #2572, #2221 ) ;
#3344 = AXIS2_PLACEMENT_3D ( 'NONE', #1175, #51, #30 ) ;
#3345 = AXIS2_PLACEMENT_3D ( 'NONE', #1861, #1846, #2915 ) ;
#3346 = ORIENTED_EDGE ( 'NONE', *, *, #3007, .F. ) ;
#3347 = VERTEX_POINT ( 'NONE', #2961 ) ;
#3348 = AXIS2_PLACEMENT_3D ( 'NONE', #2780, #381, #1238 ) ;
#3349 = CIRCLE ( 'NONE', #1716, 1.600000000000000755 ) ;
#3350 = ADVANCED_FACE ( 'NONE', ( #864 ), #849, .T. ) ;
#3351 = CARTESIAN_POINT ( 'NONE',  ( -287.8000000000000114, -196.0000000000000000, 32.00000000000000000 ) ) ;
#3352 = ORIENTED_EDGE ( 'NONE', *, *, #3255, .T. ) ;
#3353 = ORIENTED_EDGE ( 'NONE', *, *, #3169, .T. ) ;
#3354 = VECTOR ( 'NONE', #1257, 1000.000000000000000 ) ;
#3355 = EDGE_CURVE ( 'NONE', #2320, #2902, #936, .T. ) ;
#3356 = CARTESIAN_POINT ( 'NONE',  ( 293.5000000000000000, -204.0000000000000284, 24.00000000000000000 ) ) ;
#3357 = CIRCLE ( 'NONE', #711, 1.600000000000000755 ) ;
#3358 = CARTESIAN_POINT ( 'NONE',  ( 289.8000000000000114, 190.0000000000000000, 24.00000000000000000 ) ) ;
#3359 = SECURITY_CLASSIFICATION_LEVEL ( 'unclassified' ) ;
#3360 = CARTESIAN_POINT ( 'NONE',  ( 291.6499999999999773, -188.5000000000000000, 22.00000000000000000 ) ) ;
#3361 = DIRECTION ( 'NONE',  ( 0.000000000000000000, 1.000000000000000000, 0.000000000000000000 ) ) ;
#3362 = CARTESIAN_POINT ( 'NONE',  ( -289.7999999999999545, -188.5000000000000000, 22.00000000000000000 ) ) ;
#3363 = DIRECTION ( 'NONE',  ( 1.000000000000000000, 0.000000000000000000, -0.000000000000000000 ) ) ;
#3364 = DIRECTION ( 'NONE',  ( 0.000000000000000000, 0.000000000000000000, -1.000000000000000000 ) ) ;
#3365 = EDGE_LOOP ( 'NONE', ( #1779, #1054, #1930, #2127, #515, #677 ) ) ;
#3366 = ORIENTED_EDGE ( 'NONE', *, *, #3327, .F. ) ;
#3367 = CARTESIAN_POINT ( 'NONE',  ( 289.7999999999999545, -191.5000000000000000, 23.44322356371700167 ) ) ;
#3368 = EDGE_CURVE ( 'NONE', #2286, #1897, #3221, .T. ) ;
#3369 = ORIENTED_EDGE ( 'NONE', *, *, #616, .T. ) ;
#3370 = CARTESIAN_POINT ( 'NONE',  ( 293.5000000000000000, -204.0000000000000284, 26.00000000000000355 ) ) ;
#3371 = ADVANCED_FACE ( 'NONE', ( #2202 ), #589, .T. ) ;
#3372 = CARTESIAN_POINT ( 'NONE',  ( -289.8000000000000114, 187.0000000000000000, 18.00000000000000355 ) ) ;
#3373 = CARTESIAN_POINT ( 'NONE',  ( -287.5000000000000568, 190.0000000000000000, 22.39999999999999858 ) ) ;
#3374 = CARTESIAN_POINT ( 'NONE',  ( -291.6499999999999773, -191.5000000000000000, 26.00000000000000000 ) ) ;
#3375 = CARTESIAN_POINT ( 'NONE',  ( 289.8000000000000114, -188.5000000000000000, 23.44322356371700167 ) ) ;
#3376 = CARTESIAN_POINT ( 'NONE',  ( 289.7999999999999545, 191.5000000000000000, 22.00000000000000000 ) ) ;
#3377 = ORIENTED_EDGE ( 'NONE', *, *, #2143, .F. ) ;
#3378 = ORIENTED_EDGE ( 'NONE', *, *, #2783, .F. ) ;
#3379 = APPLICATION_PROTOCOL_DEFINITION ( 'international standard', 'config_control_design', 1994, #2368 ) ;
#3380 = LINE ( 'NONE', #3065, #31 ) ;
#3381 = VERTEX_POINT ( 'NONE', #3014 ) ;
#3382 = EDGE_CURVE ( 'NONE', #284, #3324, #1418, .T. ) ;
#3383 = PLANE ( 'NONE',  #2323 ) ;
#3384 = DIRECTION ( 'NONE',  ( 1.000000000000000000, 0.000000000000000000, -0.000000000000000000 ) ) ;
#3385 = CYLINDRICAL_SURFACE ( 'NONE', #657, 2.000000000000001776 ) ;
#3386 = DIRECTION ( 'NONE',  ( 0.000000000000000000, 0.000000000000000000, -1.000000000000000000 ) ) ;
#3387 = ADVANCED_FACE ( 'NONE', ( #1402 ), #2478, .F. ) ;
#3388 = CARTESIAN_POINT ( 'NONE',  ( 287.8000000000000114, 202.0000000000000000, 22.39999999999999858 ) ) ;
#3389 = VECTOR ( 'NONE', #2891, 1000.000000000000000 ) ;
#3390 = CARTESIAN_POINT ( 'NONE',  ( -288.8000000000000114, -196.0000000000000000, 18.00000000000000355 ) ) ;
#3391 = EDGE_CURVE ( 'NONE', #1747, #1844, #1938, .T. ) ;
#3392 = AXIS2_PLACEMENT_3D ( 'NONE', #3189, #272, #488 ) ;
#3393 = ORIENTED_EDGE ( 'NONE', *, *, #2953, .T. ) ;
#3394 = ORIENTED_EDGE ( 'NONE', *, *, #696, .T. ) ;
#3395 = AXIS2_PLACEMENT_3D ( 'NONE', #2737, #1717, #2713 ) ;
#3396 = CARTESIAN_POINT ( 'NONE',  ( -293.5000000000000000, 203.5000000000000000, 22.00000000000000000 ) ) ;
#3397 = DIRECTION ( 'NONE',  ( 0.000000000000000000, -0.000000000000000000, 1.000000000000000000 ) ) ;
#3398 = AXIS2_PLACEMENT_3D ( 'NONE', #516, #229, #1834 ) ;
#3399 = VECTOR ( 'NONE', #1079, 1000.000000000000000 ) ;
#3400 = ORIENTED_EDGE ( 'NONE', *, *, #895, .T. ) ;
#3401 = AXIS2_PLACEMENT_3D ( 'NONE', #2429, #1895, #1676 ) ;
#3402 = AXIS2_PLACEMENT_3D ( 'NONE', #1933, #2474, #2749 ) ;
#3403 = LINE ( 'NONE', #989, #305 ) ;
#3404 = ORIENTED_EDGE ( 'NONE', *, *, #977, .F. ) ;
#3405 = AXIS2_PLACEMENT_3D ( 'NONE', #2700, #70, #630 ) ;
#3406 = DIRECTION ( 'NONE',  ( 0.000000000000000000, 0.000000000000000000, 1.000000000000000000 ) ) ;
#3407 = CYLINDRICAL_SURFACE ( 'NONE', #2094, 1.600000000000000755 ) ;
#3408 = EDGE_CURVE ( 'NONE', #3013, #238, #84, .T. ) ;
#3409 = DIRECTION ( 'NONE',  ( 0.000000000000000000, 0.000000000000000000, -1.000000000000000000 ) ) ;
#3410 = LINE ( 'NONE', #2314, #3117 ) ;
#3411 = VERTEX_POINT ( 'NONE', #2224 ) ;
#3412 = EDGE_CURVE ( 'NONE', #1237, #3441, #3301, .T. ) ;
#3413 = ORIENTED_EDGE ( 'NONE', *, *, #2248, .T. ) ;
#3414 = PERSON_AND_ORGANIZATION_ROLE ( 'creator' ) ;
#3415 = CARTESIAN_POINT ( 'NONE',  ( 293.5000000000000000, -188.0000000000000000, 24.00000000000000000 ) ) ;
#3416 = VERTEX_POINT ( 'NONE', #2682 ) ;
#3417 = EDGE_CURVE ( 'NONE', #1116, #1466, #1345, .T. ) ;
#3418 = ORIENTED_EDGE ( 'NONE', *, *, #851, .F. ) ;
#3419 = PLANE ( 'NONE',  #2274 ) ;
#3420 = ORIENTED_EDGE ( 'NONE', *, *, #2496, .T. ) ;
#3421 = CARTESIAN_POINT ( 'NONE',  ( -287.8000000000000114, -190.0000000000000000, 24.00000000000000000 ) ) ;
#3422 = CARTESIAN_POINT ( 'NONE',  ( -293.5000000000000000, -203.5000000000000000, 24.00000000000000000 ) ) ;
#3423 = CARTESIAN_POINT ( 'NONE',  ( -287.8000000000000114, -202.0000000000000000, 22.39999999999999858 ) ) ;
#3424 = DIRECTION ( 'NONE',  ( 0.000000000000000000, 0.000000000000000000, -1.000000000000000000 ) ) ;
#3425 = APPROVAL ( #2318, '未' ) ;
#3426 = VERTEX_POINT ( 'NONE', #1075 ) ;
#3427 = VERTEX_POINT ( 'NONE', #1888 ) ;
#3428 = CARTESIAN_POINT ( 'NONE',  ( 0.000000000000000000, 0.000000000000000000, 0.000000000000000000 ) ) ;
#3429 = FACE_OUTER_BOUND ( 'NONE', #855, .T. ) ;
#3430 = ORIENTED_EDGE ( 'NONE', *, *, #1198, .T. ) ;
#3431 = ORIENTED_EDGE ( 'NONE', *, *, #1578, .T. ) ;
#3432 = EDGE_CURVE ( 'NONE', #2261, #2425, #3357, .T. ) ;
#3433 = FACE_OUTER_BOUND ( 'NONE', #3003, .T. ) ;
#3434 = ORIENTED_EDGE ( 'NONE', *, *, #2048, .T. ) ;
#3435 = CARTESIAN_POINT ( 'NONE',  ( 293.5000000000000000, -188.0000000000000000, 24.00000000000000000 ) ) ;
#3436 = FACE_OUTER_BOUND ( 'NONE', #1650, .T. ) ;
#3437 = DIRECTION ( 'NONE',  ( -0.000000000000000000, 1.000000000000000000, 0.000000000000000000 ) ) ;
#3438 = DIRECTION ( 'NONE',  ( 1.000000000000000000, 0.000000000000000000, -0.000000000000000000 ) ) ;
#3439 = DIRECTION ( 'NONE',  ( -1.000000000000000000, -0.000000000000000000, 0.000000000000000000 ) ) ;
#3440 = ORIENTED_EDGE ( 'NONE', *, *, #1396, .T. ) ;
#3441 = VERTEX_POINT ( 'NONE', #3396 ) ;
#3442 = CARTESIAN_POINT ( 'NONE',  ( -293.5000000000000000, -190.0000000000000000, 22.00000000000000000 ) ) ;
#3443 = DIRECTION ( 'NONE',  ( 0.000000000000000000, 0.000000000000000000, 1.000000000000000000 ) ) ;
#3444 = ORIENTED_EDGE ( 'NONE', *, *, #2678, .F. ) ;
#3445 = ORIENTED_EDGE ( 'NONE', *, *, #3043, .T. ) ;
#3446 = ADVANCED_FACE ( 'NONE', ( #1551 ), #1515, .F. ) ;
#3447 = CARTESIAN_POINT ( 'NONE',  ( -289.7999999999999545, 203.5000000000000000, 23.44322356371700167 ) ) ;
#3448 = AXIS2_PLACEMENT_3D ( 'NONE', #3356, #968, #2580 ) ;
#3449 = AXIS2_PLACEMENT_3D ( 'NONE', #1634, #1108, #2393 ) ;
#3450 = VERTEX_POINT ( 'NONE', #1436 ) ;
#3451 = ADVANCED_FACE ( 'NONE', ( #2575 ), #3318, .T. ) ;
#3452 = VECTOR ( 'NONE', #3330, 1000.000000000000000 ) ;
#3453 = VECTOR ( 'NONE', #1161, 1000.000000000000000 ) ;
#3454 = DIRECTION ( 'NONE',  ( 1.000000000000000000, 0.000000000000000000, -0.000000000000000000 ) ) ;
#3455 = DIRECTION ( 'NONE',  ( 1.000000000000000000, 0.000000000000000000, 0.000000000000000000 ) ) ;
#3456 = CIRCLE ( 'NONE', #3230, 2.000000000000001776 ) ;
#3457 = DIRECTION ( 'NONE',  ( 0.000000000000000000, 1.000000000000000000, 0.000000000000000000 ) ) ;
#3458 = CARTESIAN_POINT ( 'NONE',  ( 293.5000000000000000, 188.0000000000000000, 22.00000000000000000 ) ) ;
#3459 = AXIS2_PLACEMENT_3D ( 'NONE', #2115, #1278, #2346 ) ;
#3460 = DIRECTION ( 'NONE',  ( 0.000000000000000000, 0.000000000000000000, -1.000000000000000000 ) ) ;
#3461 =( GEOMETRIC_REPRESENTATION_CONTEXT ( 3 ) GLOBAL_UNCERTAINTY_ASSIGNED_CONTEXT ( ( #713 ) ) GLOBAL_UNIT_ASSIGNED_CONTEXT ( ( #1529, #1780, #164 ) ) REPRESENTATION_CONTEXT ( 'NONE', 'WORKASPACE' ) );
#3462 = ORIENTED_EDGE ( 'NONE', *, *, #3417, .T. ) ;
#3463 = ORIENTED_EDGE ( 'NONE', *, *, #899, .T. ) ;
#3464 = CARTESIAN_POINT ( 'NONE',  ( 289.8000000000000114, -202.0000000000000000, 24.00000000000000000 ) ) ;
#3465 = CARTESIAN_POINT ( 'NONE',  ( 289.7999999999999545, -203.5000000000000000, 26.00000000000000000 ) ) ;
#3466 = ORIENTED_EDGE ( 'NONE', *, *, #977, .T. ) ;
#3467 = ORIENTED_EDGE ( 'NONE', *, *, #1465, .F. ) ;
#3468 = PLANE ( 'NONE',  #3225 ) ;
#3469 = EDGE_CURVE ( 'NONE', #455, #3381, #2056, .T. ) ;
#3470 = ORIENTED_EDGE ( 'NONE', *, *, #3311, .T. ) ;
#3471 = DIRECTION ( 'NONE',  ( 0.000000000000000000, 0.000000000000000000, -1.000000000000000000 ) ) ;
#3472 = PLANE ( 'NONE',  #377 ) ;
#3473 = DIRECTION ( 'NONE',  ( 1.000000000000000000, 0.000000000000000000, -0.000000000000000000 ) ) ;
#3474 = ADVANCED_FACE ( 'NONE', ( #2515 ), #1808, .T. ) ;
#3475 = CARTESIAN_POINT ( 'NONE',  ( -289.7999999999999545, -203.5000000000000000, 22.00000000000000000 ) ) ;
#3476 = FACE_OUTER_BOUND ( 'NONE', #133, .T. ) ;
#3477 = LINE ( 'NONE', #2926, #2047 ) ;
#3478 = EDGE_CURVE ( 'NONE', #297, #1, #706, .T. ) ;
#3479 = ORIENTED_EDGE ( 'NONE', *, *, #2232, .T. ) ;
ENDSEC;
END-ISO-10303-21;
