ISO-10303-21;
HEADER;
FILE_DESCRIPTION (( 'STEP AP203' ),
    '1' );
FILE_NAME ('LidLatchDoublerPack_V09_5052.STEP',
    '2026-08-26T12:15:04',
    ( '' ),
    ( '' ),
    'SwSTEP 2.0',
    'SolidWorks 2025',
    '' );
FILE_SCHEMA (( 'CONFIG_CONTROL_DESIGN' ));
ENDSEC;

DATA;
#1 = DATE_AND_TIME ( #189, #2027 ) ;
#2 = ORIENTED_EDGE ( 'NONE', *, *, #1512, .T. ) ;
#3 = CARTESIAN_POINT ( 'NONE',  ( -291.5000000000000000, 202.0000000000000000, -18.00000000000000355 ) ) ;
#4 = CARTESIAN_POINT ( 'NONE',  ( -291.5000000000000000, 198.0000000000000000, 12.00000000000000000 ) ) ;
#5 = ORIENTED_EDGE ( 'NONE', *, *, #2308, .F. ) ;
#6 = CARTESIAN_POINT ( 'NONE',  ( 291.5000000000000000, 190.0000000000000000, -4.399999999999999467 ) ) ;
#7 = VERTEX_POINT ( 'NONE', #720 ) ;
#8 = FACE_OUTER_BOUND ( 'NONE', #1606, .T. ) ;
#9 = EDGE_CURVE ( 'NONE', #7, #2237, #1543, .T. ) ;
#10 = CARTESIAN_POINT ( 'NONE',  ( -289.1999999999999886, 202.0000000000000000, -18.00000000000000355 ) ) ;
#11 = ORIENTED_EDGE ( 'NONE', *, *, #1241, .F. ) ;
#12 = DIRECTION ( 'NONE',  ( 0.000000000000000000, 0.000000000000000000, 1.000000000000000000 ) ) ;
#13 = EDGE_CURVE ( 'NONE', #152, #2003, #1918, .T. ) ;
#14 = ORIENTED_EDGE ( 'NONE', *, *, #362, .F. ) ;
#15 = EDGE_LOOP ( 'NONE', ( #2476, #1153, #642, #242 ) ) ;
#16 = FACE_BOUND ( 'NONE', #273, .T. ) ;
#17 = PLANE ( 'NONE',  #1419 ) ;
#18 = EDGE_LOOP ( 'NONE', ( #1233, #499, #1460, #2414 ) ) ;
#19 = FACE_BOUND ( 'NONE', #1181, .T. ) ;
#20 = ORIENTED_EDGE ( 'NONE', *, *, #232, .T. ) ;
#21 = CARTESIAN_POINT ( 'NONE',  ( -289.5000000000000000, 190.0000000000000000, -4.399999999999999467 ) ) ;
#22 = ADVANCED_FACE ( 'NONE', ( #2142, #2350, #1333, #1320, #1519 ), #346, .T. ) ;
#23 = DIRECTION ( 'NONE',  ( -0.000000000000000000, 1.000000000000000000, 0.000000000000000000 ) ) ;
#24 = EDGE_LOOP ( 'NONE', ( #1634, #753, #2484, #342 ) ) ;
#25 = DIRECTION ( 'NONE',  ( -1.000000000000000000, -0.000000000000000000, 0.000000000000000000 ) ) ;
#26 = ORIENTED_EDGE ( 'NONE', *, *, #1360, .T. ) ;
#27 = EDGE_LOOP ( 'NONE', ( #1673, #11 ) ) ;
#28 = DIRECTION ( 'NONE',  ( 1.000000000000000000, 0.000000000000000000, -0.000000000000000000 ) ) ;
#29 = CARTESIAN_POINT ( 'NONE',  ( -291.5000000000000000, 196.0000000000000000, 14.00000000000000000 ) ) ;
#30 = AXIS2_PLACEMENT_3D ( 'NONE', #2415, #1845, #2223 ) ;
#31 = VECTOR ( 'NONE', #291, 1000.000000000000000 ) ;
#32 = DIRECTION ( 'NONE',  ( 1.000000000000000000, 0.000000000000000000, -0.000000000000000000 ) ) ;
#33 = VERTEX_POINT ( 'NONE', #939 ) ;
#34 = CARTESIAN_POINT ( 'NONE',  ( 289.1999999999999886, -190.0000000000000000, -18.00000000000000355 ) ) ;
#35 = AXIS2_PLACEMENT_3D ( 'NONE', #1811, #578, #1786 ) ;
#36 = CYLINDRICAL_SURFACE ( 'NONE', #1612, 1.600000000000000755 ) ;
#37 = ORIENTED_EDGE ( 'NONE', *, *, #792, .T. ) ;
#38 = CARTESIAN_POINT ( 'NONE',  ( 291.5000000000000000, 202.0000000000000000, -4.399999999999999467 ) ) ;
#39 = CIRCLE ( 'NONE', #1497, 1.600000000000000755 ) ;
#40 = ORIENTED_EDGE ( 'NONE', *, *, #1215, .T. ) ;
#41 = DIRECTION ( 'NONE',  ( -0.000000000000000000, 1.000000000000000000, 0.000000000000000000 ) ) ;
#42 = DIRECTION ( 'NONE',  ( -0.000000000000000000, 0.000000000000000000, -1.000000000000000000 ) ) ;
#43 = EDGE_CURVE ( 'NONE', #1127, #526, #1950, .T. ) ;
#44 = CARTESIAN_POINT ( 'NONE',  ( 289.1999999999999886, 202.0000000000000000, -6.000000000000000000 ) ) ;
#45 = LINE ( 'NONE', #847, #1820 ) ;
#46 = ADVANCED_FACE ( 'NONE', ( #557 ), #2153, .T. ) ;
#47 = ORIENTED_EDGE ( 'NONE', *, *, #2331, .F. ) ;
#48 = CARTESIAN_POINT ( 'NONE',  ( 291.5000000000000000, 194.0000000000000000, 14.00000000000000000 ) ) ;
#49 = DIRECTION ( 'NONE',  ( 0.000000000000000000, 0.000000000000000000, 1.000000000000000000 ) ) ;
#50 = ORIENTED_EDGE ( 'NONE', *, *, #1898, .F. ) ;
#51 = CARTESIAN_POINT ( 'NONE',  ( 289.5000000000000000, -185.0000000000000000, -54.00000000000000000 ) ) ;
#52 = ORIENTED_EDGE ( 'NONE', *, *, #1166, .F. ) ;
#53 = DIRECTION ( 'NONE',  ( 0.000000000000000000, 0.000000000000000000, -1.000000000000000000 ) ) ;
#54 = DIRECTION ( 'NONE',  ( 1.000000000000000000, 0.000000000000000000, -0.000000000000000000 ) ) ;
#55 = EDGE_CURVE ( 'NONE', #2003, #2071, #581, .T. ) ;
#56 = FACE_OUTER_BOUND ( 'NONE', #2439, .T. ) ;
#57 = DIRECTION ( 'NONE',  ( 1.000000000000000000, 0.000000000000000000, -0.000000000000000000 ) ) ;
#58 = ORIENTED_EDGE ( 'NONE', *, *, #1988, .F. ) ;
#59 = CARTESIAN_POINT ( 'NONE',  ( 291.5000000000000000, -202.0000000000000000, -6.000000000000000000 ) ) ;
#60 = CC_DESIGN_APPROVAL ( #2316, ( #733 ) ) ;
#61 = DIRECTION ( 'NONE',  ( 1.000000000000000000, 0.000000000000000000, -0.000000000000000000 ) ) ;
#62 = ORIENTED_EDGE ( 'NONE', *, *, #1615, .F. ) ;
#63 = CARTESIAN_POINT ( 'NONE',  ( 289.5000000000000000, 198.0000000000000000, 12.00000000000000000 ) ) ;
#64 = ORIENTED_EDGE ( 'NONE', *, *, #1096, .T. ) ;
#65 = LINE ( 'NONE', #474, #1105 ) ;
#66 = DIRECTION ( 'NONE',  ( 1.000000000000000000, 0.000000000000000000, -0.000000000000000000 ) ) ;
#67 = DIRECTION ( 'NONE',  ( 1.000000000000000000, 0.000000000000000000, -0.000000000000000000 ) ) ;
#68 = ORIENTED_EDGE ( 'NONE', *, *, #327, .F. ) ;
#69 = FACE_OUTER_BOUND ( 'NONE', #1569, .T. ) ;
#70 = AXIS2_PLACEMENT_3D ( 'NONE', #1067, #1714, #1309 ) ;
#71 = VECTOR ( 'NONE', #1781, 1000.000000000000000 ) ;
#72 = EDGE_LOOP ( 'NONE', ( #2169, #600, #1043, #2106 ) ) ;
#73 = DIRECTION ( 'NONE',  ( -1.000000000000000000, 0.000000000000000000, 0.000000000000000000 ) ) ;
#74 = VECTOR ( 'NONE', #283, 1000.000000000000000 ) ;
#75 = DIRECTION ( 'NONE',  ( -1.000000000000000000, 0.000000000000000000, 0.000000000000000000 ) ) ;
#76 = VECTOR ( 'NONE', #1428, 1000.000000000000000 ) ;
#77 = ORIENTED_EDGE ( 'NONE', *, *, #1205, .F. ) ;
#78 = DIRECTION ( 'NONE',  ( 0.000000000000000000, -1.000000000000000000, 0.000000000000000000 ) ) ;
#79 = AXIS2_PLACEMENT_3D ( 'NONE', #2009, #210, #1010 ) ;
#80 = EDGE_LOOP ( 'NONE', ( #1117, #1850 ) ) ;
#81 = PLANE ( 'NONE',  #1073 ) ;
#82 = DIRECTION ( 'NONE',  ( -1.000000000000000000, -0.000000000000000000, 0.000000000000000000 ) ) ;
#83 = AXIS2_PLACEMENT_3D ( 'NONE', #1456, #2076, #1023 ) ;
#84 = FACE_OUTER_BOUND ( 'NONE', #1720, .T. ) ;
#85 = VERTEX_POINT ( 'NONE', #2446 ) ;
#86 = LINE ( 'NONE', #1049, #1777 ) ;
#87 = ORIENTED_EDGE ( 'NONE', *, *, #1165, .F. ) ;
#88 = CARTESIAN_POINT ( 'NONE',  ( 287.3000000000000114, 196.0000000000000000, 12.00000000000000000 ) ) ;
#89 = ADVANCED_FACE ( 'NONE', ( #2581 ), #2386, .F. ) ;
#90 = ORIENTED_EDGE ( 'NONE', *, *, #2531, .T. ) ;
#91 = CYLINDRICAL_SURFACE ( 'NONE', #1999, 1.599999999999999867 ) ;
#92 = ORIENTED_EDGE ( 'NONE', *, *, #1509, .F. ) ;
#93 = DIRECTION ( 'NONE',  ( 1.000000000000000000, 0.000000000000000000, 0.000000000000000000 ) ) ;
#94 = ADVANCED_FACE ( 'NONE', ( #843 ), #868, .F. ) ;
#95 = DIRECTION ( 'NONE',  ( 0.000000000000000000, 0.000000000000000000, 1.000000000000000000 ) ) ;
#96 = APPLICATION_PROTOCOL_DEFINITION ( 'international standard', 'config_control_design', 1994, #1261 ) ;
#97 = ORIENTED_EDGE ( 'NONE', *, *, #2181, .F. ) ;
#98 = CARTESIAN_POINT ( 'NONE',  ( -289.1999999999999886, -190.0000000000000000, -18.00000000000000355 ) ) ;
#99 = ORIENTED_EDGE ( 'NONE', *, *, #515, .T. ) ;
#100 = EDGE_CURVE ( 'NONE', #1485, #152, #2465, .T. ) ;
#101 = CARTESIAN_POINT ( 'NONE',  ( -289.1999999999999886, -202.0000000000000000, -7.599999999999999645 ) ) ;
#102 = ORIENTED_EDGE ( 'NONE', *, *, #327, .T. ) ;
#103 = DIRECTION ( 'NONE',  ( 1.000000000000000000, 0.000000000000000000, 0.000000000000000000 ) ) ;
#104 = ORIENTED_EDGE ( 'NONE', *, *, #590, .F. ) ;
#105 = LINE ( 'NONE', #1302, #1404 ) ;
#106 = CARTESIAN_POINT ( 'NONE',  ( 291.5000000000000000, 202.0000000000000000, -7.599999999999999645 ) ) ;
#107 = EDGE_LOOP ( 'NONE', ( #560, #395, #2296, #312 ) ) ;
#108 = DIRECTION ( 'NONE',  ( 0.000000000000000000, 0.000000000000000000, -1.000000000000000000 ) ) ;
#109 = AXIS2_PLACEMENT_3D ( 'NONE', #895, #103, #711 ) ;
#110 = ORIENTED_EDGE ( 'NONE', *, *, #2335, .T. ) ;
#111 = DIRECTION ( 'NONE',  ( -1.000000000000000000, 0.000000000000000000, 0.000000000000000000 ) ) ;
#112 = AXIS2_PLACEMENT_3D ( 'NONE', #1901, #2483, #1508 ) ;
#113 = AXIS2_PLACEMENT_3D ( 'NONE', #2283, #488, #2087 ) ;
#114 = EDGE_LOOP ( 'NONE', ( #722, #1484, #378, #319 ) ) ;
#115 = DIRECTION ( 'NONE',  ( 0.000000000000000000, 0.000000000000000000, -1.000000000000000000 ) ) ;
#116 = AXIS2_PLACEMENT_3D ( 'NONE', #1938, #930, #533 ) ;
#117 = VECTOR ( 'NONE', #737, 1000.000000000000000 ) ;
#118 = VERTEX_POINT ( 'NONE', #1044 ) ;
#119 = LINE ( 'NONE', #540, #1997 ) ;
#120 = LINE ( 'NONE', #717, #758 ) ;
#121 = ORIENTED_EDGE ( 'NONE', *, *, #892, .T. ) ;
#122 = FACE_OUTER_BOUND ( 'NONE', #1081, .T. ) ;
#123 = CIRCLE ( 'NONE', #2546, 1.600000000000000755 ) ;
#124 = DIRECTION ( 'NONE',  ( 1.000000000000000000, 0.000000000000000000, 0.000000000000000000 ) ) ;
#125 = CARTESIAN_POINT ( 'NONE',  ( -289.3999999999999773, 198.0000000000000000, 12.00000000000000000 ) ) ;
#126 = CARTESIAN_POINT ( 'NONE',  ( 290.5000000000000000, 207.0000000000000284, -54.00000000000000000 ) ) ;
#127 = EDGE_CURVE ( 'NONE', #1572, #595, #1466, .T. ) ;
#128 = ORIENTED_EDGE ( 'NONE', *, *, #238, .T. ) ;
#129 = DIRECTION ( 'NONE',  ( 0.000000000000000000, 0.000000000000000000, 1.000000000000000000 ) ) ;
#130 = ORIENTED_EDGE ( 'NONE', *, *, #2404, .T. ) ;
#131 = FACE_OUTER_BOUND ( 'NONE', #1923, .T. ) ;
#132 = DIRECTION ( 'NONE',  ( -0.000000000000000000, 0.000000000000000000, -1.000000000000000000 ) ) ;
#133 = EDGE_CURVE ( 'NONE', #2199, #2256, #65, .T. ) ;
#134 = DIRECTION ( 'NONE',  ( 0.000000000000000000, 0.000000000000000000, -1.000000000000000000 ) ) ;
#135 = ORIENTED_EDGE ( 'NONE', *, *, #2491, .F. ) ;
#136 = DIRECTION ( 'NONE',  ( -1.000000000000000000, -0.000000000000000000, 0.000000000000000000 ) ) ;
#137 = ORIENTED_EDGE ( 'NONE', *, *, #339, .T. ) ;
#138 = DIRECTION ( 'NONE',  ( -0.000000000000000000, 1.000000000000000000, 0.000000000000000000 ) ) ;
#139 = ORIENTED_EDGE ( 'NONE', *, *, #1298, .T. ) ;
#140 = ORIENTED_EDGE ( 'NONE', *, *, #165, .F. ) ;
#141 = DIRECTION ( 'NONE',  ( -0.000000000000000000, 0.000000000000000000, -1.000000000000000000 ) ) ;
#142 = APPLICATION_CONTEXT ( 'configuration controlled 3d designs of mechanical parts and assemblies' ) ;
#143 = APPROVAL_STATUS ( 'not_yet_approved' ) ;
#144 = LINE ( 'NONE', #2348, #880 ) ;
#145 = EDGE_CURVE ( 'NONE', #1498, #980, #1446, .T. ) ;
#146 = DIRECTION ( 'NONE',  ( 0.000000000000000000, 0.000000000000000000, 1.000000000000000000 ) ) ;
#147 = ORIENTED_EDGE ( 'NONE', *, *, #232, .F. ) ;
#148 = DIRECTION ( 'NONE',  ( -0.000000000000000000, 1.000000000000000000, 0.000000000000000000 ) ) ;
#149 = ORIENTED_EDGE ( 'NONE', *, *, #2331, .T. ) ;
#150 = FACE_BOUND ( 'NONE', #607, .T. ) ;
#151 = AXIS2_PLACEMENT_3D ( 'NONE', #1630, #2440, #1582 ) ;
#152 = VERTEX_POINT ( 'NONE', #794 ) ;
#153 = CARTESIAN_POINT ( 'NONE',  ( -290.5000000000000000, 207.0000000000000284, -54.00000000000000000 ) ) ;
#154 = CARTESIAN_POINT ( 'NONE',  ( 287.3000000000000114, -196.0000000000000000, 12.00000000000000000 ) ) ;
#155 = CYLINDRICAL_SURFACE ( 'NONE', #2587, 1.600000000000000755 ) ;
#156 = VERTEX_POINT ( 'NONE', #643 ) ;
#157 = DIRECTION ( 'NONE',  ( 0.000000000000000000, -1.000000000000000000, 0.000000000000000000 ) ) ;
#158 = VECTOR ( 'NONE', #1643, 1000.000000000000000 ) ;
#159 = VECTOR ( 'NONE', #1061, 1000.000000000000000 ) ;
#160 = ORIENTED_EDGE ( 'NONE', *, *, #1512, .F. ) ;
#161 = CARTESIAN_POINT ( 'NONE',  ( 291.5000000000000000, 196.0000000000000000, 14.00000000000000000 ) ) ;
#162 = ADVANCED_FACE ( 'NONE', ( #2072 ), #1840, .T. ) ;
#163 = VERTEX_POINT ( 'NONE', #2566 ) ;
#164 = DIRECTION ( 'NONE',  ( -1.000000000000000000, -0.000000000000000000, 0.000000000000000000 ) ) ;
#165 = EDGE_CURVE ( 'NONE', #1210, #1063, #2329, .T. ) ;
#166 = FACE_BOUND ( 'NONE', #1507, .T. ) ;
#167 = DIRECTION ( 'NONE',  ( 0.000000000000000000, 0.000000000000000000, 1.000000000000000000 ) ) ;
#168 = ORIENTED_EDGE ( 'NONE', *, *, #1554, .F. ) ;
#169 = DIRECTION ( 'NONE',  ( -1.000000000000000000, 0.000000000000000000, 0.000000000000000000 ) ) ;
#170 = ADVANCED_FACE ( 'NONE', ( #1578 ), #1384, .F. ) ;
#171 = EDGE_LOOP ( 'NONE', ( #2547, #2394, #110, #2135 ) ) ;
#172 = CARTESIAN_POINT ( 'NONE',  ( 291.5000000000000000, 190.0000000000000000, -18.00000000000000355 ) ) ;
#173 = ORIENTED_EDGE ( 'NONE', *, *, #2364, .F. ) ;
#174 = PLANE ( 'NONE',  #1319 ) ;
#175 = EDGE_CURVE ( 'NONE', #1555, #1350, #779, .T. ) ;
#176 = ORIENTED_EDGE ( 'NONE', *, *, #1221, .T. ) ;
#177 = DIRECTION ( 'NONE',  ( 0.000000000000000000, 0.000000000000000000, 1.000000000000000000 ) ) ;
#178 = DIRECTION ( 'NONE',  ( 0.000000000000000000, 0.000000000000000000, -1.000000000000000000 ) ) ;
#179 = CARTESIAN_POINT ( 'NONE',  ( -289.1999999999999886, 190.0000000000000000, -6.000000000000000000 ) ) ;
#180 = LINE ( 'NONE', #795, #450 ) ;
#181 = EDGE_CURVE ( 'NONE', #356, #290, #2497, .T. ) ;
#182 = EDGE_LOOP ( 'NONE', ( #860, #1088 ) ) ;
#183 = FACE_BOUND ( 'NONE', #2355, .T. ) ;
#184 = VECTOR ( 'NONE', #1761, 1000.000000000000000 ) ;
#185 = DIRECTION ( 'NONE',  ( 0.000000000000000000, -0.000000000000000000, 1.000000000000000000 ) ) ;
#186 = ORIENTED_EDGE ( 'NONE', *, *, #2025, .F. ) ;
#187 = DIRECTION ( 'NONE',  ( 0.000000000000000000, 0.000000000000000000, 1.000000000000000000 ) ) ;
#188 = AXIS2_PLACEMENT_3D ( 'NONE', #2240, #1826, #53 ) ;
#189 = CALENDAR_DATE ( 2026, 26, 8 ) ;
#190 = VERTEX_POINT ( 'NONE', #1979 ) ;
#191 = CARTESIAN_POINT ( 'NONE',  ( 287.3000000000000114, 194.0000000000000000, 12.00000000000000000 ) ) ;
#192 = VECTOR ( 'NONE', #111, 1000.000000000000000 ) ;
#193 = AXIS2_PLACEMENT_3D ( 'NONE', #812, #25, #429 ) ;
#194 = VECTOR ( 'NONE', #32, 1000.000000000000000 ) ;
#195 = CARTESIAN_POINT ( 'NONE',  ( -291.5000000000000000, -194.0000000000000000, 14.00000000000000000 ) ) ;
#196 = EDGE_LOOP ( 'NONE', ( #1895, #615, #2342, #402, #786 ) ) ;
#197 = CARTESIAN_POINT ( 'NONE',  ( 290.5000000000000000, 196.0000000000000000, 12.00000000000000355 ) ) ;
#198 = DIRECTION ( 'NONE',  ( 1.000000000000000000, 0.000000000000000000, 0.000000000000000000 ) ) ;
#199 = CIRCLE ( 'NONE', #2541, 1.600000000000000755 ) ;
#200 = AXIS2_PLACEMENT_3D ( 'NONE', #417, #1631, #2016 ) ;
#201 = ORIENTED_EDGE ( 'NONE', *, *, #2406, .F. ) ;
#202 = ADVANCED_FACE ( 'NONE', ( #1635 ), #656, .T. ) ;
#203 = CYLINDRICAL_SURFACE ( 'NONE', #614, 1.600000000000000755 ) ;
#204 = AXIS2_PLACEMENT_3D ( 'NONE', #331, #2091, #518 ) ;
#205 = CARTESIAN_POINT ( 'NONE',  ( -290.5000000000000000, 207.0000000000000284, -54.00000000000000000 ) ) ;
#206 = ORIENTED_EDGE ( 'NONE', *, *, #408, .T. ) ;
#207 = CARTESIAN_POINT ( 'NONE',  ( -291.5000000000000000, 190.0000000000000000, -18.00000000000000355 ) ) ;
#208 = ORIENTED_EDGE ( 'NONE', *, *, #2139, .F. ) ;
#209 = EDGE_CURVE ( 'NONE', #1552, #2422, #442, .T. ) ;
#210 = DIRECTION ( 'NONE',  ( -0.000000000000000000, 0.000000000000000000, -1.000000000000000000 ) ) ;
#211 = DIRECTION ( 'NONE',  ( -1.000000000000000000, -0.000000000000000000, 0.000000000000000000 ) ) ;
#212 = EDGE_CURVE ( 'NONE', #1572, #1665, #2045, .T. ) ;
#213 = FACE_OUTER_BOUND ( 'NONE', #1425, .T. ) ;
#214 = ADVANCED_FACE ( 'NONE', ( #1851 ), #1867, .T. ) ;
#215 = ORIENTED_EDGE ( 'NONE', *, *, #892, .F. ) ;
#216 = DIRECTION ( 'NONE',  ( 0.000000000000000000, 0.000000000000000000, -1.000000000000000000 ) ) ;
#217 = LINE ( 'NONE', #2418, #1698 ) ;
#218 = VERTEX_POINT ( 'NONE', #1095 ) ;
#219 = CARTESIAN_POINT ( 'NONE',  ( 291.5000000000000000, 190.0000000000000000, -18.00000000000000355 ) ) ;
#220 = MANIFOLD_SOLID_BREP ( 'Left lower external lid doubler', #377 ) ;
#221 = EDGE_LOOP ( 'NONE', ( #1821, #47, #229, #1903 ) ) ;
#222 = FACE_OUTER_BOUND ( 'NONE', #549, .T. ) ;
#223 = DIRECTION ( 'NONE',  ( 0.000000000000000000, 0.000000000000000000, -1.000000000000000000 ) ) ;
#224 = CARTESIAN_POINT ( 'NONE',  ( 289.5000000000000000, -190.0000000000000000, -6.000000000000000000 ) ) ;
#225 = ORIENTED_EDGE ( 'NONE', *, *, #1694, .T. ) ;
#226 = CARTESIAN_POINT ( 'NONE',  ( 289.5000000000000000, 190.0000000000000000, -19.60000000000000142 ) ) ;
#227 = DIRECTION ( 'NONE',  ( -0.000000000000000000, 1.000000000000000000, 0.000000000000000000 ) ) ;
#228 = EDGE_CURVE ( 'NONE', #1347, #1239, #504, .T. ) ;
#229 = ORIENTED_EDGE ( 'NONE', *, *, #1625, .F. ) ;
#230 = LINE ( 'NONE', #2043, #2207 ) ;
#231 = EDGE_LOOP ( 'NONE', ( #1308, #1138, #885, #496 ) ) ;
#232 = EDGE_CURVE ( 'NONE', #1327, #1552, #1896, .T. ) ;
#233 = DIRECTION ( 'NONE',  ( 0.000000000000000000, 0.000000000000000000, 1.000000000000000000 ) ) ;
#234 = AXIS2_PLACEMENT_3D ( 'NONE', #624, #399, #2001 ) ;
#235 = FACE_OUTER_BOUND ( 'NONE', #297, .T. ) ;
#236 = CARTESIAN_POINT ( 'NONE',  ( -289.5000000000000000, 207.0000000000000284, 12.00000000000000355 ) ) ;
#237 = ORIENTED_EDGE ( 'NONE', *, *, #308, .F. ) ;
#238 = EDGE_CURVE ( 'NONE', #1192, #1886, #105, .T. ) ;
#239 = CARTESIAN_POINT ( 'NONE',  ( -289.1999999999999886, 190.0000000000000000, -18.00000000000000355 ) ) ;
#240 = CIRCLE ( 'NONE', #961, 1.600000000000000755 ) ;
#241 = LINE ( 'NONE', #1218, #1245 ) ;
#242 = ORIENTED_EDGE ( 'NONE', *, *, #1663, .T. ) ;
#243 = EDGE_CURVE ( 'NONE', #33, #1392, #1118, .T. ) ;
#244 = CARTESIAN_POINT ( 'NONE',  ( 289.5000000000000000, 190.0000000000000000, -7.600000000000000533 ) ) ;
#245 = VECTOR ( 'NONE', #75, 1000.000000000000000 ) ;
#246 = ADVANCED_FACE ( 'NONE', ( #2477 ), #1104, .F. ) ;
#247 = VECTOR ( 'NONE', #2553, 1000.000000000000000 ) ;
#248 = VERTEX_POINT ( 'NONE', #1085 ) ;
#249 = ADVANCED_BREP_SHAPE_REPRESENTATION ( 'LidLatchDoublerPack_V09_5052', ( #220, #1974, #1946, #1968, #2190 ), #1897 ) ;
#250 = CARTESIAN_POINT ( 'NONE',  ( 291.5000000000000000, 185.0000000000000000, -54.00000000000000000 ) ) ;
#251 = DIRECTION ( 'NONE',  ( 1.000000000000000000, 0.000000000000000000, -0.000000000000000000 ) ) ;
#252 = CARTESIAN_POINT ( 'NONE',  ( 289.1999999999999886, -190.0000000000000000, -19.60000000000000142 ) ) ;
#253 = DIRECTION ( 'NONE',  ( -0.000000000000000000, 0.000000000000000000, -1.000000000000000000 ) ) ;
#254 = ORIENTED_EDGE ( 'NONE', *, *, #1412, .F. ) ;
#255 = CYLINDRICAL_SURFACE ( 'NONE', #234, 1.599999999999999867 ) ;
#256 = ADVANCED_FACE ( 'NONE', ( #1291 ), #2524, .T. ) ;
#257 = CARTESIAN_POINT ( 'NONE',  ( -289.5000000000000000, 190.0000000000000000, -6.000000000000000000 ) ) ;
#258 = EDGE_LOOP ( 'NONE', ( #713, #340, #1900, #1177, #2061, #1591 ) ) ;
#259 = DIRECTION ( 'NONE',  ( 0.000000000000000000, 0.000000000000000000, -1.000000000000000000 ) ) ;
#260 = ORIENTED_EDGE ( 'NONE', *, *, #2097, .F. ) ;
#261 = CARTESIAN_POINT ( 'NONE',  ( -287.3000000000000114, 196.0000000000000000, 12.00000000000000000 ) ) ;
#262 = CC_DESIGN_PERSON_AND_ORGANIZATION_ASSIGNMENT ( #1784, #2160, ( #902 ) ) ;
#263 = FACE_OUTER_BOUND ( 'NONE', #765, .T. ) ;
#264 = CARTESIAN_POINT ( 'NONE',  ( -289.5000000000000000, -202.0000000000000000, -4.399999999999999467 ) ) ;
#265 = EDGE_LOOP ( 'NONE', ( #1701, #1857 ) ) ;
#266 = DIRECTION ( 'NONE',  ( 0.000000000000000000, 0.000000000000000000, 1.000000000000000000 ) ) ;
#267 = EDGE_LOOP ( 'NONE', ( #2543, #1725 ) ) ;
#268 = CARTESIAN_POINT ( 'NONE',  ( 289.1999999999999886, -202.0000000000000000, -4.400000000000000355 ) ) ;
#269 = EDGE_CURVE ( 'NONE', #1598, #969, #688, .T. ) ;
#270 = DIRECTION ( 'NONE',  ( 0.000000000000000000, 0.000000000000000000, 1.000000000000000000 ) ) ;
#271 = ORIENTED_EDGE ( 'NONE', *, *, #1126, .F. ) ;
#272 = DIRECTION ( 'NONE',  ( -1.000000000000000000, -0.000000000000000000, 0.000000000000000000 ) ) ;
#273 = EDGE_LOOP ( 'NONE', ( #2129, #135 ) ) ;
#274 = DIRECTION ( 'NONE',  ( -1.000000000000000000, -0.000000000000000000, 0.000000000000000000 ) ) ;
#275 = DIRECTION ( 'NONE',  ( 1.000000000000000000, 0.000000000000000000, 0.000000000000000000 ) ) ;
#276 = VECTOR ( 'NONE', #1424, 1000.000000000000000 ) ;
#277 = DIRECTION ( 'NONE',  ( 0.000000000000000000, 0.000000000000000000, -1.000000000000000000 ) ) ;
#278 = EDGE_CURVE ( 'NONE', #1665, #1764, #119, .T. ) ;
#279 = CYLINDRICAL_SURFACE ( 'NONE', #367, 1.599999999999999867 ) ;
#280 = VECTOR ( 'NONE', #944, 1000.000000000000000 ) ;
#281 = CIRCLE ( 'NONE', #113, 1.600000000000000755 ) ;
#282 = VERTEX_POINT ( 'NONE', #527 ) ;
#283 = DIRECTION ( 'NONE',  ( 0.000000000000000000, 0.000000000000000000, 1.000000000000000000 ) ) ;
#284 = VECTOR ( 'NONE', #1520, 1000.000000000000000 ) ;
#285 = ADVANCED_FACE ( 'NONE', ( #304, #2321, #909, #1674, #2136 ), #1909, .T. ) ;
#286 = CARTESIAN_POINT ( 'NONE',  ( 289.5000000000000000, 202.0000000000000000, -4.399999999999999467 ) ) ;
#287 = AXIS2_PLACEMENT_3D ( 'NONE', #1899, #467, #108 ) ;
#288 = ORIENTED_EDGE ( 'NONE', *, *, #1221, .F. ) ;
#289 = DIRECTION ( 'NONE',  ( 0.000000000000000000, 0.000000000000000000, 1.000000000000000000 ) ) ;
#290 = VERTEX_POINT ( 'NONE', #714 ) ;
#291 = DIRECTION ( 'NONE',  ( 1.000000000000000000, 0.000000000000000000, 0.000000000000000000 ) ) ;
#292 = CARTESIAN_POINT ( 'NONE',  ( -290.5000000000000000, -207.0000000000000284, -54.00000000000000000 ) ) ;
#293 = CIRCLE ( 'NONE', #505, 1.600000000000000755 ) ;
#294 = ADVANCED_FACE ( 'NONE', ( #2312 ), #923, .F. ) ;
#295 = VERTEX_POINT ( 'NONE', #1716 ) ;
#296 = FACE_OUTER_BOUND ( 'NONE', #929, .T. ) ;
#297 = EDGE_LOOP ( 'NONE', ( #52, #811, #1401, #1371 ) ) ;
#298 = EDGE_CURVE ( 'NONE', #743, #309, #699, .T. ) ;
#299 = CARTESIAN_POINT ( 'NONE',  ( 289.5000000000000000, -196.0000000000000000, 12.00000000000000355 ) ) ;
#300 = VERTEX_POINT ( 'NONE', #1328 ) ;
#301 = PLANE ( 'NONE',  #2334 ) ;
#302 = ADVANCED_FACE ( 'NONE', ( #131 ), #81, .T. ) ;
#303 = ORIENTED_EDGE ( 'NONE', *, *, #693, .T. ) ;
#304 = FACE_BOUND ( 'NONE', #2227, .T. ) ;
#305 = CARTESIAN_POINT ( 'NONE',  ( 291.5000000000000000, 185.0000000000000000, -54.00000000000000000 ) ) ;
#306 = ORIENTED_EDGE ( 'NONE', *, *, #393, .F. ) ;
#307 = LINE ( 'NONE', #1100, #2036 ) ;
#308 = EDGE_CURVE ( 'NONE', #2068, #118, #281, .T. ) ;
#309 = VERTEX_POINT ( 'NONE', #1490 ) ;
#310 = DIRECTION ( 'NONE',  ( -1.000000000000000000, 0.000000000000000000, 0.000000000000000000 ) ) ;
#311 = APPROVAL_PERSON_ORGANIZATION ( #366, #454, #390 ) ;
#312 = ORIENTED_EDGE ( 'NONE', *, *, #408, .F. ) ;
#313 = DIRECTION ( 'NONE',  ( 1.000000000000000000, 0.000000000000000000, -0.000000000000000000 ) ) ;
#314 = EDGE_CURVE ( 'NONE', #156, #1943, #705, .T. ) ;
#315 = EDGE_CURVE ( 'NONE', #85, #775, #1567, .T. ) ;
#316 = DIRECTION ( 'NONE',  ( 1.000000000000000000, 0.000000000000000000, -0.000000000000000000 ) ) ;
#317 = LINE ( 'NONE', #154, #1778 ) ;
#318 = VECTOR ( 'NONE', #1102, 1000.000000000000000 ) ;
#319 = ORIENTED_EDGE ( 'NONE', *, *, #1443, .F. ) ;
#320 = AXIS2_PLACEMENT_3D ( 'NONE', #2375, #274, #674 ) ;
#321 = CARTESIAN_POINT ( 'NONE',  ( 291.5000000000000000, -190.0000000000000000, -4.399999999999999467 ) ) ;
#322 = ADVANCED_FACE ( 'NONE', ( #589 ), #389, .T. ) ;
#323 = VERTEX_POINT ( 'NONE', #983 ) ;
#324 = CARTESIAN_POINT ( 'NONE',  ( 289.5000000000000000, -207.0000000000000284, 12.00000000000000355 ) ) ;
#325 = CIRCLE ( 'NONE', #995, 1.599999999999999867 ) ;
#326 = CIRCLE ( 'NONE', #2125, 1.600000000000000755 ) ;
#327 = EDGE_CURVE ( 'NONE', #2116, #782, #1726, .T. ) ;
#328 = VERTEX_POINT ( 'NONE', #2559 ) ;
#329 = DIRECTION ( 'NONE',  ( 0.000000000000000000, 0.000000000000000000, 1.000000000000000000 ) ) ;
#330 = EDGE_CURVE ( 'NONE', #1932, #1327, #1970, .T. ) ;
#331 = CARTESIAN_POINT ( 'NONE',  ( 289.5000000000000000, 202.0000000000000000, -18.00000000000000355 ) ) ;
#332 = DIRECTION ( 'NONE',  ( -0.000000000000000000, 0.000000000000000000, -1.000000000000000000 ) ) ;
#333 = VECTOR ( 'NONE', #1854, 1000.000000000000000 ) ;
#334 = CARTESIAN_POINT ( 'NONE',  ( 289.1999999999999886, 202.0000000000000000, -7.599999999999999645 ) ) ;
#335 = CARTESIAN_POINT ( 'NONE',  ( 289.5000000000000000, -196.0000000000000000, -54.00000000000000000 ) ) ;
#336 = CARTESIAN_POINT ( 'NONE',  ( -289.5000000000000000, -190.0000000000000000, -18.00000000000000355 ) ) ;
#337 = ORIENTED_EDGE ( 'NONE', *, *, #1292, .F. ) ;
#338 = FACE_BOUND ( 'NONE', #1397, .T. ) ;
#339 = EDGE_CURVE ( 'NONE', #534, #2056, #994, .T. ) ;
#340 = ORIENTED_EDGE ( 'NONE', *, *, #920, .T. ) ;
#341 = DIRECTION ( 'NONE',  ( 0.000000000000000000, 0.000000000000000000, 1.000000000000000000 ) ) ;
#342 = ORIENTED_EDGE ( 'NONE', *, *, #1554, .T. ) ;
#343 = ADVANCED_FACE ( 'NONE', ( #379 ), #2345, .T. ) ;
#344 = LINE ( 'NONE', #1106, #1827 ) ;
#345 = LINE ( 'NONE', #1109, #158 ) ;
#346 = PLANE ( 'NONE',  #361 ) ;
#347 = UNCERTAINTY_MEASURE_WITH_UNIT (LENGTH_MEASURE( 1.000000000000000082E-05 ), #888, 'distance_accuracy_value', 'NONE');
#348 = CARTESIAN_POINT ( 'NONE',  ( -291.5000000000000000, 207.0000000000000284, -54.00000000000000000 ) ) ;
#349 = ORIENTED_EDGE ( 'NONE', *, *, #1967, .F. ) ;
#350 = DIRECTION ( 'NONE',  ( 1.000000000000000000, 0.000000000000000000, 0.000000000000000000 ) ) ;
#351 = ORGANIZATION ( '未', '未', '' ) ;
#352 = ORIENTED_EDGE ( 'NONE', *, *, #925, .F. ) ;
#353 = DIRECTION ( 'NONE',  ( 0.000000000000000000, 0.000000000000000000, 1.000000000000000000 ) ) ;
#354 = LINE ( 'NONE', #1708, #621 ) ;
#355 = LINE ( 'NONE', #2162, #2341 ) ;
#356 = VERTEX_POINT ( 'NONE', #2591 ) ;
#357 = CARTESIAN_POINT ( 'NONE',  ( -289.3999999999999773, -194.0000000000000000, 12.00000000000000000 ) ) ;
#358 = ORIENTED_EDGE ( 'NONE', *, *, #1150, .F. ) ;
#359 = FACE_OUTER_BOUND ( 'NONE', #1792, .T. ) ;
#360 = AXIS2_PLACEMENT_3D ( 'NONE', #452, #2014, #836 ) ;
#361 = AXIS2_PLACEMENT_3D ( 'NONE', #335, #1124, #1928 ) ;
#362 = EDGE_CURVE ( 'NONE', #282, #825, #1987, .T. ) ;
#363 = ORIENTED_EDGE ( 'NONE', *, *, #1121, .T. ) ;
#364 = AXIS2_PLACEMENT_3D ( 'NONE', #2113, #93, #1277 ) ;
#365 = FACE_OUTER_BOUND ( 'NONE', #1006, .T. ) ;
#366 = PERSON_AND_ORGANIZATION ( #724, #351 ) ;
#367 = AXIS2_PLACEMENT_3D ( 'NONE', #2505, #2077, #1666 ) ;
#368 = PLANE ( 'NONE',  #1649 ) ;
#369 = VECTOR ( 'NONE', #949, 1000.000000000000000 ) ;
#370 = CARTESIAN_POINT ( 'NONE',  ( 289.3999999999999773, 194.0000000000000000, 12.00000000000000000 ) ) ;
#371 = ORIENTED_EDGE ( 'NONE', *, *, #515, .F. ) ;
#372 = DIRECTION ( 'NONE',  ( -1.000000000000000000, -0.000000000000000000, 0.000000000000000000 ) ) ;
#373 = AXIS2_PLACEMENT_3D ( 'NONE', #1985, #800, #1583 ) ;
#374 = CIRCLE ( 'NONE', #1373, 1.599999999999999867 ) ;
#375 = ORIENTED_EDGE ( 'NONE', *, *, #1707, .T. ) ;
#376 = DIRECTION ( 'NONE',  ( 0.000000000000000000, 0.000000000000000000, 1.000000000000000000 ) ) ;
#377 = CLOSED_SHELL ( 'NONE', ( #170, #2395, #1971, #1830, #2519, #1340, #1326, #738, #1013, #1877, #1686, #783, #1015, #1626, #1767, #256, #2562, #302, #1310, #1910 ) ) ;
#378 = ORIENTED_EDGE ( 'NONE', *, *, #2218, .T. ) ;
#379 = FACE_OUTER_BOUND ( 'NONE', #2319, .T. ) ;
#380 = ORIENTED_EDGE ( 'NONE', *, *, #1509, .T. ) ;
#381 = DIRECTION ( 'NONE',  ( 0.000000000000000000, 0.000000000000000000, 1.000000000000000000 ) ) ;
#382 = DIRECTION ( 'NONE',  ( 1.000000000000000000, 0.000000000000000000, -0.000000000000000000 ) ) ;
#383 = DIRECTION ( 'NONE',  ( 1.000000000000000000, 0.000000000000000000, -0.000000000000000000 ) ) ;
#384 = FACE_OUTER_BOUND ( 'NONE', #1839, .T. ) ;
#385 = ORIENTED_EDGE ( 'NONE', *, *, #1487, .F. ) ;
#386 = LINE ( 'NONE', #561, #1235 ) ;
#387 = DIRECTION ( 'NONE',  ( -1.000000000000000000, 0.000000000000000000, 0.000000000000000000 ) ) ;
#388 = ORIENTED_EDGE ( 'NONE', *, *, #2330, .T. ) ;
#389 = PLANE ( 'NONE',  #1107 ) ;
#390 = APPROVAL_ROLE ( '' ) ;
#391 = ORIENTED_EDGE ( 'NONE', *, *, #878, .F. ) ;
#392 = CARTESIAN_POINT ( 'NONE',  ( 289.1999999999999886, 202.0000000000000000, -18.00000000000000355 ) ) ;
#393 = EDGE_CURVE ( 'NONE', #1534, #1659, #1130, .T. ) ;
#394 = CARTESIAN_POINT ( 'NONE',  ( -287.3000000000000114, -198.0000000000000000, 12.00000000000000000 ) ) ;
#395 = ORIENTED_EDGE ( 'NONE', *, *, #590, .T. ) ;
#396 = DIRECTION ( 'NONE',  ( 0.000000000000000000, 0.000000000000000000, -1.000000000000000000 ) ) ;
#397 = LINE ( 'NONE', #2012, #1152 ) ;
#398 = ORIENTED_EDGE ( 'NONE', *, *, #976, .T. ) ;
#399 = DIRECTION ( 'NONE',  ( -1.000000000000000000, 0.000000000000000000, 0.000000000000000000 ) ) ;
#400 = AXIS2_PLACEMENT_3D ( 'NONE', #403, #439, #259 ) ;
#401 = DIRECTION ( 'NONE',  ( -1.000000000000000000, -0.000000000000000000, 0.000000000000000000 ) ) ;
#402 = ORIENTED_EDGE ( 'NONE', *, *, #878, .T. ) ;
#403 = CARTESIAN_POINT ( 'NONE',  ( -289.5000000000000000, -190.0000000000000000, -6.000000000000000000 ) ) ;
#404 = AXIS2_PLACEMENT_3D ( 'NONE', #172, #1362, #2343 ) ;
#405 = EDGE_CURVE ( 'NONE', #2157, #1713, #1865, .T. ) ;
#406 = EDGE_LOOP ( 'NONE', ( #2570, #418, #649, #1263 ) ) ;
#407 = ORIENTED_EDGE ( 'NONE', *, *, #2074, .F. ) ;
#408 = EDGE_CURVE ( 'NONE', #943, #1713, #754, .T. ) ;
#409 = DIRECTION ( 'NONE',  ( 0.000000000000000000, 0.000000000000000000, 1.000000000000000000 ) ) ;
#410 = VECTOR ( 'NONE', #1220, 1000.000000000000000 ) ;
#411 = DIRECTION ( 'NONE',  ( 1.000000000000000000, 0.000000000000000000, -0.000000000000000000 ) ) ;
#412 = FACE_BOUND ( 'NONE', #1296, .T. ) ;
#413 = VECTOR ( 'NONE', #66, 1000.000000000000000 ) ;
#414 = VERTEX_POINT ( 'NONE', #1585 ) ;
#415 = DIRECTION ( 'NONE',  ( -1.000000000000000000, -0.000000000000000000, 0.000000000000000000 ) ) ;
#416 = CIRCLE ( 'NONE', #1959, 1.599999999999999867 ) ;
#417 = CARTESIAN_POINT ( 'NONE',  ( -289.5000000000000000, 202.0000000000000000, -18.00000000000000355 ) ) ;
#418 = ORIENTED_EDGE ( 'NONE', *, *, #1481, .F. ) ;
#419 = DIRECTION ( 'NONE',  ( 0.000000000000000000, 0.000000000000000000, 1.000000000000000000 ) ) ;
#420 = ORIENTED_EDGE ( 'NONE', *, *, #133, .F. ) ;
#421 = ADVANCED_FACE ( 'NONE', ( #365 ), #174, .T. ) ;
#422 = CARTESIAN_POINT ( 'NONE',  ( 291.5000000000000000, -196.0000000000000000, -54.00000000000000000 ) ) ;
#423 = PLANE ( 'NONE',  #965 ) ;
#424 = DIRECTION ( 'NONE',  ( 0.000000000000000000, 0.000000000000000000, 1.000000000000000000 ) ) ;
#425 = EDGE_LOOP ( 'NONE', ( #2007, #1704 ) ) ;
#426 = FACE_OUTER_BOUND ( 'NONE', #196, .T. ) ;
#427 = DIRECTION ( 'NONE',  ( 0.000000000000000000, 0.000000000000000000, 1.000000000000000000 ) ) ;
#428 = EDGE_LOOP ( 'NONE', ( #1448, #2037, #5, #1033, #2082 ) ) ;
#429 = DIRECTION ( 'NONE',  ( 0.000000000000000000, 0.000000000000000000, 1.000000000000000000 ) ) ;
#430 = ORIENTED_EDGE ( 'NONE', *, *, #2449, .T. ) ;
#431 = CYLINDRICAL_SURFACE ( 'NONE', #2090, 1.599999999999999867 ) ;
#432 = FACE_OUTER_BOUND ( 'NONE', #24, .T. ) ;
#433 = PLANE ( 'NONE',  #2248 ) ;
#434 = ORIENTED_EDGE ( 'NONE', *, *, #1707, .F. ) ;
#435 = ADVANCED_FACE ( 'NONE', ( #1958 ), #552, .T. ) ;
#436 = LINE ( 'NONE', #596, #1072 ) ;
#437 = CARTESIAN_POINT ( 'NONE',  ( 289.5000000000000000, 196.0000000000000000, -54.00000000000000000 ) ) ;
#438 = ORIENTED_EDGE ( 'NONE', *, *, #2377, .T. ) ;
#439 = DIRECTION ( 'NONE',  ( 1.000000000000000000, 0.000000000000000000, -0.000000000000000000 ) ) ;
#440 = CIRCLE ( 'NONE', #404, 1.600000000000000755 ) ;
#441 = VERTEX_POINT ( 'NONE', #2537 ) ;
#442 = LINE ( 'NONE', #2257, #2373 ) ;
#443 = CARTESIAN_POINT ( 'NONE',  ( 289.1999999999999886, 190.0000000000000000, -18.00000000000000355 ) ) ;
#444 = VECTOR ( 'NONE', #1444, 1000.000000000000000 ) ;
#445 = AXIS2_PLACEMENT_3D ( 'NONE', #2356, #2383, #2550 ) ;
#446 = LINE ( 'NONE', #252, #159 ) ;
#447 = AXIS2_PLACEMENT_3D ( 'NONE', #126, #148, #2518 ) ;
#448 = CIRCLE ( 'NONE', #2249, 1.600000000000000755 ) ;
#449 = LINE ( 'NONE', #1638, #1077 ) ;
#450 = VECTOR ( 'NONE', #858, 1000.000000000000000 ) ;
#451 = ORIENTED_EDGE ( 'NONE', *, *, #339, .F. ) ;
#452 = CARTESIAN_POINT ( 'NONE',  ( -290.5000000000000000, 196.0000000000000000, 12.00000000000000355 ) ) ;
#453 = AXIS2_PLACEMENT_3D ( 'NONE', #1927, #124, #455 ) ;
#454 = APPROVAL ( #143, '未' ) ;
#455 = DIRECTION ( 'NONE',  ( 0.000000000000000000, 0.000000000000000000, -1.000000000000000000 ) ) ;
#456 = ORIENTED_EDGE ( 'NONE', *, *, #2359, .T. ) ;
#457 = DIRECTION ( 'NONE',  ( 0.000000000000000000, 0.000000000000000000, -1.000000000000000000 ) ) ;
#458 = VECTOR ( 'NONE', #999, 1000.000000000000000 ) ;
#459 = ORIENTED_EDGE ( 'NONE', *, *, #1076, .F. ) ;
#460 = DIRECTION ( 'NONE',  ( 0.000000000000000000, 0.000000000000000000, 1.000000000000000000 ) ) ;
#461 = ORIENTED_EDGE ( 'NONE', *, *, #2404, .F. ) ;
#462 = DIRECTION ( 'NONE',  ( -1.000000000000000000, -0.000000000000000000, 0.000000000000000000 ) ) ;
#463 = PRODUCT_DEFINITION_SHAPE ( 'NONE', 'NONE',  #733 ) ;
#464 = EDGE_CURVE ( 'NONE', #1140, #526, #741, .T. ) ;
#465 = CARTESIAN_POINT ( 'NONE',  ( 291.5000000000000000, 190.0000000000000000, -16.40000000000000213 ) ) ;
#466 = ORIENTED_EDGE ( 'NONE', *, *, #1481, .T. ) ;
#467 = DIRECTION ( 'NONE',  ( 1.000000000000000000, 0.000000000000000000, -0.000000000000000000 ) ) ;
#468 = VERTEX_POINT ( 'NONE', #1339 ) ;
#469 = LINE ( 'NONE', #1260, #2159 ) ;
#470 = CARTESIAN_POINT ( 'NONE',  ( -289.5000000000000000, 202.0000000000000000, -6.000000000000000000 ) ) ;
#471 = ORIENTED_EDGE ( 'NONE', *, *, #2308, .T. ) ;
#472 = LINE ( 'NONE', #1499, #538 ) ;
#473 = ORIENTED_EDGE ( 'NONE', *, *, #535, .T. ) ;
#474 = CARTESIAN_POINT ( 'NONE',  ( 289.3999999999999773, -194.0000000000000000, 12.00000000000000000 ) ) ;
#475 = EDGE_CURVE ( 'NONE', #2426, #563, #2158, .T. ) ;
#476 = CARTESIAN_POINT ( 'NONE',  ( 290.5000000000000000, -185.0000000000000000, -54.00000000000000000 ) ) ;
#477 = DIRECTION ( 'NONE',  ( 0.000000000000000000, 0.000000000000000000, 1.000000000000000000 ) ) ;
#478 = ORIENTED_EDGE ( 'NONE', *, *, #1292, .T. ) ;
#479 = DIRECTION ( 'NONE',  ( 1.000000000000000000, 0.000000000000000000, -0.000000000000000000 ) ) ;
#480 = EDGE_CURVE ( 'NONE', #118, #2068, #1068, .T. ) ;
#481 = ORIENTED_EDGE ( 'NONE', *, *, #2304, .T. ) ;
#482 = DIRECTION ( 'NONE',  ( 0.000000000000000000, 0.000000000000000000, 1.000000000000000000 ) ) ;
#483 = CARTESIAN_POINT ( 'NONE',  ( 289.5000000000000000, -202.0000000000000000, -18.00000000000000355 ) ) ;
#484 = ORIENTED_EDGE ( 'NONE', *, *, #1981, .T. ) ;
#485 = PLANE ( 'NONE',  #700 ) ;
#486 = EDGE_CURVE ( 'NONE', #782, #825, #564, .T. ) ;
#487 = ORIENTED_EDGE ( 'NONE', *, *, #228, .T. ) ;
#488 = DIRECTION ( 'NONE',  ( 1.000000000000000000, 0.000000000000000000, -0.000000000000000000 ) ) ;
#489 = CARTESIAN_POINT ( 'NONE',  ( -289.5000000000000000, 207.0000000000000284, -54.00000000000000000 ) ) ;
#490 = CIRCLE ( 'NONE', #2538, 1.599999999999999867 ) ;
#491 = EDGE_CURVE ( 'NONE', #980, #1498, #490, .T. ) ;
#492 = CARTESIAN_POINT ( 'NONE',  ( -287.3000000000000114, -194.0000000000000000, 14.00000000000000000 ) ) ;
#493 = VERTEX_POINT ( 'NONE', #63 ) ;
#494 = DIRECTION ( 'NONE',  ( 0.000000000000000000, -0.000000000000000000, 1.000000000000000000 ) ) ;
#495 = VECTOR ( 'NONE', #1058, 1000.000000000000000 ) ;
#496 = ORIENTED_EDGE ( 'NONE', *, *, #475, .T. ) ;
#497 = CARTESIAN_POINT ( 'NONE',  ( 287.3000000000000114, 198.0000000000000000, 12.00000000000000000 ) ) ;
#498 = AXIS2_PLACEMENT_3D ( 'NONE', #1186, #1172, #1980 ) ;
#499 = ORIENTED_EDGE ( 'NONE', *, *, #1166, .T. ) ;
#500 = EDGE_CURVE ( 'NONE', #882, #441, #1945, .T. ) ;
#501 = DIRECTION ( 'NONE',  ( -1.000000000000000000, -0.000000000000000000, 0.000000000000000000 ) ) ;
#502 = AXIS2_PLACEMENT_3D ( 'NONE', #2230, #42, #1022 ) ;
#503 = ORIENTED_EDGE ( 'NONE', *, *, #2406, .T. ) ;
#504 = LINE ( 'NONE', #886, #1771 ) ;
#505 = AXIS2_PLACEMENT_3D ( 'NONE', #1600, #67, #2450 ) ;
#506 = CARTESIAN_POINT ( 'NONE',  ( -289.5000000000000000, 190.0000000000000000, -6.000000000000000000 ) ) ;
#507 = ORIENTED_EDGE ( 'NONE', *, *, #1668, .T. ) ;
#508 = CARTESIAN_POINT ( 'NONE',  ( 291.5000000000000000, 207.0000000000000284, 12.00000000000000355 ) ) ;
#509 = EDGE_CURVE ( 'NONE', #328, #190, #612, .T. ) ;
#510 = ORIENTED_EDGE ( 'NONE', *, *, #9, .T. ) ;
#511 = DIRECTION ( 'NONE',  ( 0.000000000000000000, -1.000000000000000000, -0.000000000000000000 ) ) ;
#512 = EDGE_CURVE ( 'NONE', #282, #1789, #2431, .T. ) ;
#513 = EDGE_LOOP ( 'NONE', ( #104, #1883, #206, #1161 ) ) ;
#514 = DIRECTION ( 'NONE',  ( 1.000000000000000000, 0.000000000000000000, 0.000000000000000000 ) ) ;
#515 = EDGE_CURVE ( 'NONE', #1596, #1222, #1912, .T. ) ;
#516 = ORIENTED_EDGE ( 'NONE', *, *, #486, .F. ) ;
#517 = DIRECTION ( 'NONE',  ( -1.000000000000000000, 0.000000000000000000, 0.000000000000000000 ) ) ;
#518 = DIRECTION ( 'NONE',  ( 0.000000000000000000, 0.000000000000000000, 1.000000000000000000 ) ) ;
#519 = FACE_OUTER_BOUND ( 'NONE', #1479, .T. ) ;
#520 = DIRECTION ( 'NONE',  ( 0.000000000000000000, -1.000000000000000000, -0.000000000000000000 ) ) ;
#521 = DIRECTION ( 'NONE',  ( 0.000000000000000000, -1.000000000000000000, -0.000000000000000000 ) ) ;
#522 = EDGE_CURVE ( 'NONE', #323, #1051, #1251, .T. ) ;
#523 = VERTEX_POINT ( 'NONE', #38 ) ;
#524 = FACE_OUTER_BOUND ( 'NONE', #1616, .T. ) ;
#525 = ORIENTED_EDGE ( 'NONE', *, *, #1131, .F. ) ;
#526 = VERTEX_POINT ( 'NONE', #1434 ) ;
#527 = CARTESIAN_POINT ( 'NONE',  ( -291.5000000000000000, -185.0000000000000000, -54.00000000000000000 ) ) ;
#528 = APPROVAL_ROLE ( '' ) ;
#529 = PLANE ( 'NONE',  #1284 ) ;
#530 = AXIS2_PLACEMENT_3D ( 'NONE', #1093, #2511, #1922 ) ;
#531 = CARTESIAN_POINT ( 'NONE',  ( 291.5000000000000000, -207.0000000000000284, 12.00000000000000355 ) ) ;
#532 = ORIENTED_EDGE ( 'NONE', *, *, #2218, .F. ) ;
#533 = DIRECTION ( 'NONE',  ( -0.000000000000000000, 0.000000000000000000, -1.000000000000000000 ) ) ;
#534 = VERTEX_POINT ( 'NONE', #1607 ) ;
#535 = EDGE_CURVE ( 'NONE', #760, #1482, #230, .T. ) ;
#536 = CARTESIAN_POINT ( 'NONE',  ( 289.5000000000000000, 196.0000000000000000, 12.00000000000000355 ) ) ;
#537 = VECTOR ( 'NONE', #511, 1000.000000000000000 ) ;
#538 = VECTOR ( 'NONE', #723, 1000.000000000000000 ) ;
#539 = EDGE_LOOP ( 'NONE', ( #168, #734 ) ) ;
#540 = CARTESIAN_POINT ( 'NONE',  ( 290.5000000000000000, 185.0000000000000000, 12.00000000000000355 ) ) ;
#541 = AXIS2_PLACEMENT_3D ( 'NONE', #544, #132, #2540 ) ;
#542 = VECTOR ( 'NONE', #2429, 1000.000000000000000 ) ;
#543 = DIRECTION ( 'NONE',  ( 1.000000000000000000, 0.000000000000000000, 0.000000000000000000 ) ) ;
#544 = CARTESIAN_POINT ( 'NONE',  ( -290.5000000000000000, 196.0000000000000000, -54.00000000000000000 ) ) ;
#545 = VECTOR ( 'NONE', #1657, 1000.000000000000000 ) ;
#546 = CARTESIAN_POINT ( 'NONE',  ( 289.5000000000000000, -194.0000000000000000, 12.00000000000000000 ) ) ;
#547 = ORIENTED_EDGE ( 'NONE', *, *, #2533, .T. ) ;
#548 = CARTESIAN_POINT ( 'NONE',  ( 291.5000000000000000, -198.0000000000000000, 12.00000000000000000 ) ) ;
#549 = EDGE_LOOP ( 'NONE', ( #1433, #1797, #487, #303 ) ) ;
#550 = LINE ( 'NONE', #536, #745 ) ;
#551 = VERTEX_POINT ( 'NONE', #2004 ) ;
#552 = PLANE ( 'NONE',  #873 ) ;
#553 = CALENDAR_DATE ( 2026, 26, 8 ) ;
#554 = EDGE_CURVE ( 'NONE', #1545, #248, #2030, .T. ) ;
#555 = CARTESIAN_POINT ( 'NONE',  ( -290.5000000000000000, 196.0000000000000000, 12.00000000000000355 ) ) ;
#556 = CARTESIAN_POINT ( 'NONE',  ( 289.1999999999999886, -190.0000000000000000, -18.00000000000000355 ) ) ;
#557 = FACE_OUTER_BOUND ( 'NONE', #1475, .T. ) ;
#558 = DIRECTION ( 'NONE',  ( 0.000000000000000000, 0.000000000000000000, 1.000000000000000000 ) ) ;
#559 = ADVANCED_FACE ( 'NONE', ( #2420 ), #1055, .T. ) ;
#560 = ORIENTED_EDGE ( 'NONE', *, *, #2168, .T. ) ;
#561 = CARTESIAN_POINT ( 'NONE',  ( -289.5000000000000000, 196.0000000000000000, -54.00000000000000000 ) ) ;
#562 = SECURITY_CLASSIFICATION ( '', '', #1341 ) ;
#563 = VERTEX_POINT ( 'NONE', #51 ) ;
#564 = LINE ( 'NONE', #1351, #1773 ) ;
#565 = DATE_AND_TIME ( #553, #604 ) ;
#566 = LINE ( 'NONE', #1728, #1113 ) ;
#567 = CARTESIAN_POINT ( 'NONE',  ( -291.5000000000000000, -202.0000000000000000, -6.000000000000000000 ) ) ;
#568 = VERTEX_POINT ( 'NONE', #244 ) ;
#569 = DIRECTION ( 'NONE',  ( 1.000000000000000000, 0.000000000000000000, -0.000000000000000000 ) ) ;
#570 = ORIENTED_EDGE ( 'NONE', *, *, #1156, .F. ) ;
#571 = DIRECTION ( 'NONE',  ( 0.000000000000000000, 0.000000000000000000, 1.000000000000000000 ) ) ;
#572 = VECTOR ( 'NONE', #1642, 1000.000000000000000 ) ;
#573 = ORIENTED_EDGE ( 'NONE', *, *, #100, .F. ) ;
#574 = VECTOR ( 'NONE', #1882, 1000.000000000000000 ) ;
#575 = CARTESIAN_POINT ( 'NONE',  ( -291.5000000000000000, -185.0000000000000000, -54.00000000000000000 ) ) ;
#576 = PERSON_AND_ORGANIZATION_ROLE ( 'creator' ) ;
#577 = EDGE_LOOP ( 'NONE', ( #1689, #1547, #1361, #2339 ) ) ;
#578 = DIRECTION ( 'NONE',  ( 1.000000000000000000, 0.000000000000000000, 0.000000000000000000 ) ) ;
#579 = VECTOR ( 'NONE', #387, 1000.000000000000000 ) ;
#580 = DIRECTION ( 'NONE',  ( -1.000000000000000000, -0.000000000000000000, 0.000000000000000000 ) ) ;
#581 = LINE ( 'NONE', #1266, #1358 ) ;
#582 = DIRECTION ( 'NONE',  ( 0.000000000000000000, 0.000000000000000000, -1.000000000000000000 ) ) ;
#583 = VECTOR ( 'NONE', #977, 1000.000000000000000 ) ;
#584 = EDGE_LOOP ( 'NONE', ( #2585, #683, #2480, #1092 ) ) ;
#585 = EDGE_CURVE ( 'NONE', #775, #85, #326, .T. ) ;
#586 = DIRECTION ( 'NONE',  ( 1.000000000000000000, 0.000000000000000000, -0.000000000000000000 ) ) ;
#587 = LINE ( 'NONE', #810, #1368 ) ;
#588 = ORIENTED_EDGE ( 'NONE', *, *, #862, .T. ) ;
#589 = FACE_OUTER_BOUND ( 'NONE', #1876, .T. ) ;
#590 = EDGE_CURVE ( 'NONE', #2268, #2157, #641, .T. ) ;
#591 = DIRECTION ( 'NONE',  ( -0.000000000000000000, 1.000000000000000000, 0.000000000000000000 ) ) ;
#592 = CARTESIAN_POINT ( 'NONE',  ( -291.5000000000000000, -194.0000000000000000, 12.00000000000000000 ) ) ;
#593 = DIRECTION ( 'NONE',  ( -1.000000000000000000, 0.000000000000000000, 0.000000000000000000 ) ) ;
#594 = DIRECTION ( 'NONE',  ( -1.000000000000000000, 0.000000000000000000, 0.000000000000000000 ) ) ;
#595 = VERTEX_POINT ( 'NONE', #671 ) ;
#596 = CARTESIAN_POINT ( 'NONE',  ( 289.3999999999999773, 198.0000000000000000, 12.00000000000000000 ) ) ;
#597 = EDGE_CURVE ( 'NONE', #2428, #300, #2532, .T. ) ;
#598 = EDGE_CURVE ( 'NONE', #2419, #2536, #1209, .T. ) ;
#599 = CARTESIAN_POINT ( 'NONE',  ( 291.5000000000000000, -194.0000000000000000, 12.00000000000000000 ) ) ;
#600 = ORIENTED_EDGE ( 'NONE', *, *, #932, .F. ) ;
#601 = CARTESIAN_POINT ( 'NONE',  ( -289.1999999999999886, 190.0000000000000000, -4.400000000000000355 ) ) ;
#602 = ORIENTED_EDGE ( 'NONE', *, *, #1803, .T. ) ;
#603 = CARTESIAN_POINT ( 'NONE',  ( -289.1999999999999886, -202.0000000000000000, -18.00000000000000355 ) ) ;
#604 = LOCAL_TIME ( 20, 15, 4.000000000000000000, #701 ) ;
#605 = DIRECTION ( 'NONE',  ( 1.000000000000000000, 0.000000000000000000, -0.000000000000000000 ) ) ;
#606 = CARTESIAN_POINT ( 'NONE',  ( 289.3999999999999773, -198.0000000000000000, 12.00000000000000000 ) ) ;
#607 = EDGE_LOOP ( 'NONE', ( #2474, #952 ) ) ;
#608 = CYLINDRICAL_SURFACE ( 'NONE', #1948, 1.600000000000000755 ) ;
#609 = CIRCLE ( 'NONE', #1727, 1.599999999999999867 ) ;
#610 = FACE_BOUND ( 'NONE', #2020, .T. ) ;
#611 = ORIENTED_EDGE ( 'NONE', *, *, #2456, .F. ) ;
#612 = LINE ( 'NONE', #2238, #410 ) ;
#613 = CC_DESIGN_PERSON_AND_ORGANIZATION_ASSIGNMENT ( #1352, #576, ( #902 ) ) ;
#614 = AXIS2_PLACEMENT_3D ( 'NONE', #849, #1228, #2038 ) ;
#615 = ORIENTED_EDGE ( 'NONE', *, *, #1431, .T. ) ;
#616 = EDGE_LOOP ( 'NONE', ( #2556, #1084, #848, #2024 ) ) ;
#617 = CYLINDRICAL_SURFACE ( 'NONE', #666, 1.600000000000000755 ) ;
#618 = VECTOR ( 'NONE', #73, 1000.000000000000000 ) ;
#619 = CYLINDRICAL_SURFACE ( 'NONE', #2094, 1.600000000000000755 ) ;
#620 = DIRECTION ( 'NONE',  ( 0.000000000000000000, 0.000000000000000000, -1.000000000000000000 ) ) ;
#621 = VECTOR ( 'NONE', #729, 1000.000000000000000 ) ;
#622 = VECTOR ( 'NONE', #1422, 1000.000000000000000 ) ;
#623 = ORIENTED_EDGE ( 'NONE', *, *, #926, .F. ) ;
#624 = CARTESIAN_POINT ( 'NONE',  ( -289.1999999999999886, -202.0000000000000000, -6.000000000000000000 ) ) ;
#625 = CIRCLE ( 'NONE', #1783, 1.599999999999999867 ) ;
#626 = CARTESIAN_POINT ( 'NONE',  ( -289.1999999999999886, -202.0000000000000000, -4.400000000000000355 ) ) ;
#627 = ORIENTED_EDGE ( 'NONE', *, *, #1050, .T. ) ;
#628 = CARTESIAN_POINT ( 'NONE',  ( -289.1999999999999886, 190.0000000000000000, -7.599999999999999645 ) ) ;
#629 = ORIENTED_EDGE ( 'NONE', *, *, #2222, .T. ) ;
#630 = CYLINDRICAL_SURFACE ( 'NONE', #1365, 1.600000000000000755 ) ;
#631 = ADVANCED_FACE ( 'NONE', ( #2226 ), #2018, .F. ) ;
#632 = EDGE_CURVE ( 'NONE', #2509, #818, #1621, .T. ) ;
#633 = DIRECTION ( 'NONE',  ( 0.000000000000000000, 0.000000000000000000, 1.000000000000000000 ) ) ;
#634 = LINE ( 'NONE', #1579, #76 ) ;
#635 = ORIENTED_EDGE ( 'NONE', *, *, #598, .T. ) ;
#636 = EDGE_CURVE ( 'NONE', #1969, #969, #609, .T. ) ;
#637 = CARTESIAN_POINT ( 'NONE',  ( -291.5000000000000000, -202.0000000000000000, -7.600000000000000533 ) ) ;
#638 = EDGE_LOOP ( 'NONE', ( #2403, #660, #1557, #1323 ) ) ;
#639 = CARTESIAN_POINT ( 'NONE',  ( 291.5000000000000000, -190.0000000000000000, -19.60000000000000142 ) ) ;
#640 = EDGE_LOOP ( 'NONE', ( #1003, #371 ) ) ;
#641 = LINE ( 'NONE', #628, #2459 ) ;
#642 = ORIENTED_EDGE ( 'NONE', *, *, #298, .T. ) ;
#643 = CARTESIAN_POINT ( 'NONE',  ( -289.5000000000000000, 190.0000000000000000, -16.40000000000000213 ) ) ;
#644 = CYLINDRICAL_SURFACE ( 'NONE', #2378, 1.599999999999999867 ) ;
#645 = CARTESIAN_POINT ( 'NONE',  ( 289.5000000000000000, 196.0000000000000000, 12.00000000000000355 ) ) ;
#646 = EDGE_CURVE ( 'NONE', #295, #2163, #448, .T. ) ;
#647 = LOCAL_TIME ( 20, 15, 4.000000000000000000, #690 ) ;
#648 = CARTESIAN_POINT ( 'NONE',  ( -291.5000000000000000, -190.0000000000000000, -4.400000000000000355 ) ) ;
#649 = ORIENTED_EDGE ( 'NONE', *, *, #1431, .F. ) ;
#650 = DIRECTION ( 'NONE',  ( 1.000000000000000000, 0.000000000000000000, 0.000000000000000000 ) ) ;
#651 = CARTESIAN_POINT ( 'NONE',  ( -289.1999999999999886, 190.0000000000000000, -16.40000000000000213 ) ) ;
#652 = ORIENTED_EDGE ( 'NONE', *, *, #554, .F. ) ;
#653 = CARTESIAN_POINT ( 'NONE',  ( -287.3000000000000114, -194.0000000000000000, 12.00000000000000000 ) ) ;
#654 = VECTOR ( 'NONE', #571, 1000.000000000000000 ) ;
#655 = EDGE_LOOP ( 'NONE', ( #2370, #87, #2379, #890 ) ) ;
#656 = PLANE ( 'NONE',  #1818 ) ;
#657 = CARTESIAN_POINT ( 'NONE',  ( -291.5000000000000000, -190.0000000000000000, -18.00000000000000355 ) ) ;
#658 = AXIS2_PLACEMENT_3D ( 'NONE', #1539, #1168, #947 ) ;
#659 = DIRECTION ( 'NONE',  ( 0.000000000000000000, -1.000000000000000000, -0.000000000000000000 ) ) ;
#660 = ORIENTED_EDGE ( 'NONE', *, *, #1788, .T. ) ;
#661 = VECTOR ( 'NONE', #372, 1000.000000000000000 ) ;
#662 = AXIS2_PLACEMENT_3D ( 'NONE', #933, #919, #735 ) ;
#663 = LINE ( 'NONE', #1651, #1363 ) ;
#664 = ORIENTED_EDGE ( 'NONE', *, *, #1537, .T. ) ;
#665 = LINE ( 'NONE', #1091, #1565 ) ;
#666 = AXIS2_PLACEMENT_3D ( 'NONE', #603, #1416, #381 ) ;
#667 = CIRCLE ( 'NONE', #1743, 1.599999999999999867 ) ;
#668 = CARTESIAN_POINT ( 'NONE',  ( 291.5000000000000000, 190.0000000000000000, -6.000000000000000000 ) ) ;
#669 = EDGE_CURVE ( 'NONE', #743, #1094, #1409, .T. ) ;
#670 = EDGE_LOOP ( 'NONE', ( #1510, #611 ) ) ;
#671 = CARTESIAN_POINT ( 'NONE',  ( 291.5000000000000000, 207.0000000000000284, -54.00000000000000000 ) ) ;
#672 = AXIS2_PLACEMENT_3D ( 'NONE', #2516, #61, #2279 ) ;
#673 = ORIENTED_EDGE ( 'NONE', *, *, #2498, .F. ) ;
#674 = DIRECTION ( 'NONE',  ( 0.000000000000000000, 0.000000000000000000, 1.000000000000000000 ) ) ;
#675 = EDGE_CURVE ( 'NONE', #2353, #2509, #2099, .T. ) ;
#676 = DIRECTION ( 'NONE',  ( 0.000000000000000000, 0.000000000000000000, 1.000000000000000000 ) ) ;
#677 = FACE_OUTER_BOUND ( 'NONE', #2179, .T. ) ;
#678 = DIRECTION ( 'NONE',  ( -1.000000000000000000, -0.000000000000000000, 0.000000000000000000 ) ) ;
#679 = ORIENTED_EDGE ( 'NONE', *, *, #1739, .F. ) ;
#680 = EDGE_CURVE ( 'NONE', #526, #1140, #950, .T. ) ;
#681 = CARTESIAN_POINT ( 'NONE',  ( 291.5000000000000000, 194.0000000000000000, 12.00000000000000000 ) ) ;
#682 = DIRECTION ( 'NONE',  ( -1.000000000000000000, 0.000000000000000000, 0.000000000000000000 ) ) ;
#683 = ORIENTED_EDGE ( 'NONE', *, *, #2456, .T. ) ;
#684 = EDGE_CURVE ( 'NONE', #2287, #1311, #2475, .T. ) ;
#685 = CARTESIAN_POINT ( 'NONE',  ( -289.3999999999999773, 194.0000000000000000, 12.00000000000000000 ) ) ;
#686 = EDGE_CURVE ( 'NONE', #441, #882, #2407, .T. ) ;
#687 = ORIENTED_EDGE ( 'NONE', *, *, #907, .F. ) ;
#688 = LINE ( 'NONE', #2102, #31 ) ;
#689 = DIRECTION ( 'NONE',  ( 1.000000000000000000, 0.000000000000000000, 0.000000000000000000 ) ) ;
#690 = COORDINATED_UNIVERSAL_TIME_OFFSET ( 8, 0, .AHEAD. ) ;
#691 = ORIENTED_EDGE ( 'NONE', *, *, #500, .T. ) ;
#692 = CARTESIAN_POINT ( 'NONE',  ( -289.5000000000000000, -185.0000000000000000, 12.00000000000000355 ) ) ;
#693 = EDGE_CURVE ( 'NONE', #1239, #1051, #1762, .T. ) ;
#694 = ORIENTED_EDGE ( 'NONE', *, *, #1056, .F. ) ;
#695 = LINE ( 'NONE', #2096, #192 ) ;
#696 = EDGE_LOOP ( 'NONE', ( #525, #2221 ) ) ;
#697 = DIRECTION ( 'NONE',  ( -1.000000000000000000, -0.000000000000000000, 0.000000000000000000 ) ) ;
#698 = EDGE_LOOP ( 'NONE', ( #2042, #1149, #1069, #1366 ) ) ;
#699 = LINE ( 'NONE', #1705, #746 ) ;
#700 = AXIS2_PLACEMENT_3D ( 'NONE', #685, #78, #115 ) ;
#701 = COORDINATED_UNIVERSAL_TIME_OFFSET ( 8, 0, .AHEAD. ) ;
#702 = DIRECTION ( 'NONE',  ( 0.000000000000000000, 0.000000000000000000, 1.000000000000000000 ) ) ;
#703 = VECTOR ( 'NONE', #2107, 1000.000000000000000 ) ;
#704 = VECTOR ( 'NONE', #169, 1000.000000000000000 ) ;
#705 = CIRCLE ( 'NONE', #914, 1.600000000000000755 ) ;
#706 = ORIENTED_EDGE ( 'NONE', *, *, #686, .T. ) ;
#707 = CARTESIAN_POINT ( 'NONE',  ( -289.5000000000000000, 196.0000000000000000, 12.00000000000000355 ) ) ;
#708 = ADVANCED_FACE ( 'NONE', ( #1904 ), #91, .F. ) ;
#709 = AXIS2_PLACEMENT_3D ( 'NONE', #1678, #2452, #494 ) ;
#710 = ORIENTED_EDGE ( 'NONE', *, *, #2070, .T. ) ;
#711 = DIRECTION ( 'NONE',  ( 0.000000000000000000, 0.000000000000000000, -1.000000000000000000 ) ) ;
#712 = ORIENTED_EDGE ( 'NONE', *, *, #1639, .F. ) ;
#713 = ORIENTED_EDGE ( 'NONE', *, *, #1870, .T. ) ;
#714 = CARTESIAN_POINT ( 'NONE',  ( 291.5000000000000000, -202.0000000000000000, -16.40000000000000213 ) ) ;
#715 = CIRCLE ( 'NONE', #1458, 1.599999999999999867 ) ;
#716 = VECTOR ( 'NONE', #1978, 1000.000000000000000 ) ;
#717 = CARTESIAN_POINT ( 'NONE',  ( -291.5000000000000000, 196.0000000000000000, 12.00000000000000355 ) ) ;
#718 = PLANE ( 'NONE',  #2539 ) ;
#719 = EDGE_CURVE ( 'NONE', #1210, #980, #472, .T. ) ;
#720 = CARTESIAN_POINT ( 'NONE',  ( 291.5000000000000000, -198.0000000000000000, 12.00000000000000355 ) ) ;
#721 = LINE ( 'NONE', #2493, #572 ) ;
#722 = ORIENTED_EDGE ( 'NONE', *, *, #100, .T. ) ;
#723 = DIRECTION ( 'NONE',  ( -1.000000000000000000, 0.000000000000000000, 0.000000000000000000 ) ) ;
#724 = PERSON ( '未', '未', '未', ('未'), ('未'), ('未') ) ;
#725 = ORIENTED_EDGE ( 'NONE', *, *, #2222, .F. ) ;
#726 = ORIENTED_EDGE ( 'NONE', *, *, #1984, .F. ) ;
#727 = CARTESIAN_POINT ( 'NONE',  ( 289.3999999999999773, 196.0000000000000000, 14.00000000000000000 ) ) ;
#728 = DIRECTION ( 'NONE',  ( 1.000000000000000000, 0.000000000000000000, 0.000000000000000000 ) ) ;
#729 = DIRECTION ( 'NONE',  ( -1.000000000000000000, -0.000000000000000000, 0.000000000000000000 ) ) ;
#730 = CARTESIAN_POINT ( 'NONE',  ( -289.5000000000000000, -207.0000000000000284, -54.00000000000000000 ) ) ;
#731 = DIRECTION ( 'NONE',  ( -1.000000000000000000, -0.000000000000000000, 0.000000000000000000 ) ) ;
#732 = DIRECTION ( 'NONE',  ( 1.000000000000000000, 0.000000000000000000, -0.000000000000000000 ) ) ;
#733 = PRODUCT_DEFINITION ( '�', '', #902, #953 ) ;
#734 = ORIENTED_EDGE ( 'NONE', *, *, #2335, .F. ) ;
#735 = DIRECTION ( 'NONE',  ( 0.000000000000000000, 0.000000000000000000, -1.000000000000000000 ) ) ;
#736 = ORIENTED_EDGE ( 'NONE', *, *, #1056, .T. ) ;
#737 = DIRECTION ( 'NONE',  ( 0.000000000000000000, -1.000000000000000000, -0.000000000000000000 ) ) ;
#738 = ADVANCED_FACE ( 'NONE', ( #883, #1660, #1264, #1486, #2281 ), #301, .T. ) ;
#739 = CARTESIAN_POINT ( 'NONE',  ( -291.5000000000000000, -198.0000000000000000, 12.00000000000000000 ) ) ;
#740 = PLANE ( 'NONE',  #541 ) ;
#741 = CIRCLE ( 'NONE', #866, 1.599999999999999867 ) ;
#742 = CARTESIAN_POINT ( 'NONE',  ( -291.5000000000000000, 190.0000000000000000, -19.60000000000000142 ) ) ;
#743 = VERTEX_POINT ( 'NONE', #2318 ) ;
#744 = CARTESIAN_POINT ( 'NONE',  ( 291.5000000000000000, 207.0000000000000284, -54.00000000000000000 ) ) ;
#745 = VECTOR ( 'NONE', #138, 1000.000000000000000 ) ;
#746 = VECTOR ( 'NONE', #2513, 1000.000000000000000 ) ;
#747 = ORIENTED_EDGE ( 'NONE', *, *, #480, .F. ) ;
#748 = CARTESIAN_POINT ( 'NONE',  ( -291.5000000000000000, -198.0000000000000000, 14.00000000000000000 ) ) ;
#749 = VECTOR ( 'NONE', #482, 1000.000000000000000 ) ;
#750 = AXIS2_PLACEMENT_3D ( 'NONE', #219, #852, #1041 ) ;
#751 = EDGE_CURVE ( 'NONE', #1492, #1715, #1193, .T. ) ;
#752 = EDGE_CURVE ( 'NONE', #1892, #2445, #1229, .T. ) ;
#753 = ORIENTED_EDGE ( 'NONE', *, *, #2109, .T. ) ;
#754 = LINE ( 'NONE', #601, #184 ) ;
#755 = CIRCLE ( 'NONE', #1782, 1.599999999999999867 ) ;
#756 = ADVANCED_FACE ( 'NONE', ( #1862 ), #485, .T. ) ;
#757 = DIRECTION ( 'NONE',  ( 0.000000000000000000, 0.000000000000000000, -1.000000000000000000 ) ) ;
#758 = VECTOR ( 'NONE', #1717, 1000.000000000000000 ) ;
#759 = CYLINDRICAL_SURFACE ( 'NONE', #1119, 1.600000000000000755 ) ;
#760 = VERTEX_POINT ( 'NONE', #2111 ) ;
#761 = CARTESIAN_POINT ( 'NONE',  ( 291.5000000000000000, 202.0000000000000000, -19.60000000000000142 ) ) ;
#762 = EDGE_CURVE ( 'NONE', #2422, #328, #1474, .T. ) ;
#763 = ORIENTED_EDGE ( 'NONE', *, *, #1941, .T. ) ;
#764 = LINE ( 'NONE', #2557, #1766 ) ;
#765 = EDGE_LOOP ( 'NONE', ( #2086, #2468, #2461, #1641 ) ) ;
#766 = DIRECTION ( 'NONE',  ( 1.000000000000000000, 0.000000000000000000, -0.000000000000000000 ) ) ;
#767 = ADVANCED_FACE ( 'NONE', ( #2294 ), #2496, .F. ) ;
#768 = CARTESIAN_POINT ( 'NONE',  ( -289.5000000000000000, -196.0000000000000000, -54.00000000000000000 ) ) ;
#769 = CARTESIAN_POINT ( 'NONE',  ( -289.5000000000000000, 190.0000000000000000, -7.600000000000000533 ) ) ;
#770 = VERTEX_POINT ( 'NONE', #324 ) ;
#771 = CARTESIAN_POINT ( 'NONE',  ( -289.5000000000000000, -202.0000000000000000, -6.000000000000000000 ) ) ;
#772 = ORIENTED_EDGE ( 'NONE', *, *, #1870, .F. ) ;
#773 = LINE ( 'NONE', #784, #2120 ) ;
#774 = LOCAL_TIME ( 20, 15, 4.000000000000000000, #2393 ) ;
#775 = VERTEX_POINT ( 'NONE', #2310 ) ;
#776 = DIRECTION ( 'NONE',  ( 1.000000000000000000, 0.000000000000000000, -0.000000000000000000 ) ) ;
#777 = DIRECTION ( 'NONE',  ( -1.000000000000000000, -0.000000000000000000, 0.000000000000000000 ) ) ;
#778 = CARTESIAN_POINT ( 'NONE',  ( -289.3999999999999773, -194.0000000000000000, 12.00000000000000000 ) ) ;
#779 = LINE ( 'NONE', #2177, #495 ) ;
#780 = DIRECTION ( 'NONE',  ( 0.000000000000000000, 0.000000000000000000, 1.000000000000000000 ) ) ;
#781 = AXIS2_PLACEMENT_3D ( 'NONE', #1737, #586, #1759 ) ;
#782 = VERTEX_POINT ( 'NONE', #1671 ) ;
#783 = ADVANCED_FACE ( 'NONE', ( #524 ), #2485, .F. ) ;
#784 = CARTESIAN_POINT ( 'NONE',  ( 291.5000000000000000, 198.0000000000000000, 12.00000000000000000 ) ) ;
#785 = AXIS2_PLACEMENT_3D ( 'NONE', #771, #732, #1321 ) ;
#786 = ORIENTED_EDGE ( 'NONE', *, *, #133, .T. ) ;
#787 = DIRECTION ( 'NONE',  ( -1.000000000000000000, -0.000000000000000000, 0.000000000000000000 ) ) ;
#788 = APPROVAL_STATUS ( 'not_yet_approved' ) ;
#789 = DIRECTION ( 'NONE',  ( -1.000000000000000000, 0.000000000000000000, 0.000000000000000000 ) ) ;
#790 = CIRCLE ( 'NONE', #1829, 1.599999999999999867 ) ;
#791 = LINE ( 'NONE', #370, #458 ) ;
#792 = EDGE_CURVE ( 'NONE', #2492, #1187, #1275, .T. ) ;
#793 = ORIENTED_EDGE ( 'NONE', *, *, #2449, .F. ) ;
#794 = CARTESIAN_POINT ( 'NONE',  ( -287.3000000000000114, 198.0000000000000000, 12.00000000000000000 ) ) ;
#795 = CARTESIAN_POINT ( 'NONE',  ( 289.1999999999999886, -202.0000000000000000, -16.40000000000000213 ) ) ;
#796 = VECTOR ( 'NONE', #2467, 1000.000000000000000 ) ;
#797 = EDGE_CURVE ( 'NONE', #300, #2428, #440, .T. ) ;
#798 = EDGE_LOOP ( 'NONE', ( #978, #90, #471, #1501, #2191, #507, #2246, #20 ) ) ;
#799 = CYLINDRICAL_SURFACE ( 'NONE', #1403, 1.600000000000000755 ) ;
#800 = DIRECTION ( 'NONE',  ( 1.000000000000000000, 0.000000000000000000, -0.000000000000000000 ) ) ;
#801 = ORIENTED_EDGE ( 'NONE', *, *, #165, .T. ) ;
#802 = DIRECTION ( 'NONE',  ( 0.000000000000000000, 0.000000000000000000, 1.000000000000000000 ) ) ;
#803 = SHAPE_DEFINITION_REPRESENTATION ( #463, #249 ) ;
#804 = CARTESIAN_POINT ( 'NONE',  ( 289.5000000000000000, 185.0000000000000000, -54.00000000000000000 ) ) ;
#805 = CARTESIAN_POINT ( 'NONE',  ( -289.5000000000000000, -196.0000000000000000, -54.00000000000000000 ) ) ;
#806 = CARTESIAN_POINT ( 'NONE',  ( -289.5000000000000000, 196.0000000000000000, -54.00000000000000000 ) ) ;
#807 = ORIENTED_EDGE ( 'NONE', *, *, #597, .T. ) ;
#808 = EDGE_CURVE ( 'NONE', #1943, #2163, #1378, .T. ) ;
#809 = FACE_OUTER_BOUND ( 'NONE', #1580, .T. ) ;
#810 = CARTESIAN_POINT ( 'NONE',  ( -289.5000000000000000, -207.0000000000000284, -54.00000000000000000 ) ) ;
#811 = ORIENTED_EDGE ( 'NONE', *, *, #2255, .T. ) ;
#812 = CARTESIAN_POINT ( 'NONE',  ( -291.5000000000000000, -202.0000000000000000, -18.00000000000000355 ) ) ;
#813 = EDGE_LOOP ( 'NONE', ( #92, #1530, #736, #1807 ) ) ;
#814 = ORIENTED_EDGE ( 'NONE', *, *, #945, .F. ) ;
#815 = DIRECTION ( 'NONE',  ( -0.000000000000000000, 0.000000000000000000, -1.000000000000000000 ) ) ;
#816 = LINE ( 'NONE', #1427, #2214 ) ;
#817 = DIRECTION ( 'NONE',  ( 0.000000000000000000, 0.000000000000000000, 1.000000000000000000 ) ) ;
#818 = VERTEX_POINT ( 'NONE', #748 ) ;
#819 = CARTESIAN_POINT ( 'NONE',  ( 289.5000000000000000, -202.0000000000000000, -18.00000000000000355 ) ) ;
#820 = FACE_BOUND ( 'NONE', #425, .T. ) ;
#821 = ORIENTED_EDGE ( 'NONE', *, *, #1941, .F. ) ;
#822 = ADVANCED_FACE ( 'NONE', ( #2134, #150, #338, #183, #981 ), #1966, .T. ) ;
#823 = CARTESIAN_POINT ( 'NONE',  ( 289.5000000000000000, -190.0000000000000000, -18.00000000000000355 ) ) ;
#824 = AXIS2_PLACEMENT_3D ( 'NONE', #1038, #1804, #1387 ) ;
#825 = VERTEX_POINT ( 'NONE', #1348 ) ;
#826 = ORIENTED_EDGE ( 'NONE', *, *, #871, .T. ) ;
#827 = DIRECTION ( 'NONE',  ( -1.000000000000000000, -0.000000000000000000, 0.000000000000000000 ) ) ;
#828 = VECTOR ( 'NONE', #2130, 1000.000000000000000 ) ;
#829 = EDGE_CURVE ( 'NONE', #1760, #770, #970, .T. ) ;
#830 = AXIS2_PLACEMENT_3D ( 'NONE', #912, #1269, #266 ) ;
#831 = CARTESIAN_POINT ( 'NONE',  ( -289.3999999999999773, 196.0000000000000000, 12.00000000000000000 ) ) ;
#832 = DIRECTION ( 'NONE',  ( 0.000000000000000000, 0.000000000000000000, 1.000000000000000000 ) ) ;
#833 = CIRCLE ( 'NONE', #2299, 1.600000000000000755 ) ;
#834 = CIRCLE ( 'NONE', #2131, 1.600000000000000755 ) ;
#835 = ORIENTED_EDGE ( 'NONE', *, *, #1199, .F. ) ;
#836 = DIRECTION ( 'NONE',  ( 1.000000000000000000, 0.000000000000000000, -0.000000000000000000 ) ) ;
#837 = ORIENTED_EDGE ( 'NONE', *, *, #1199, .T. ) ;
#838 = EDGE_CURVE ( 'NONE', #1195, #1140, #764, .T. ) ;
#839 = DIRECTION ( 'NONE',  ( -1.000000000000000000, 0.000000000000000000, 0.000000000000000000 ) ) ;
#840 = EDGE_LOOP ( 'NONE', ( #2290, #225, #1197, #438, #1603 ) ) ;
#841 = DIRECTION ( 'NONE',  ( -1.000000000000000000, -0.000000000000000000, 0.000000000000000000 ) ) ;
#842 = ORIENTED_EDGE ( 'NONE', *, *, #829, .T. ) ;
#843 = FACE_OUTER_BOUND ( 'NONE', #513, .T. ) ;
#844 = PRODUCT_RELATED_PRODUCT_CATEGORY ( 'detail', '', ( #1853 ) ) ;
#845 = DIRECTION ( 'NONE',  ( 0.000000000000000000, 0.000000000000000000, 1.000000000000000000 ) ) ;
#846 = CARTESIAN_POINT ( 'NONE',  ( 289.5000000000000000, -190.0000000000000000, -6.000000000000000000 ) ) ;
#847 = CARTESIAN_POINT ( 'NONE',  ( -289.1999999999999886, -190.0000000000000000, -19.60000000000000142 ) ) ;
#848 = ORIENTED_EDGE ( 'NONE', *, *, #2172, .T. ) ;
#849 = CARTESIAN_POINT ( 'NONE',  ( 289.1999999999999886, 190.0000000000000000, -18.00000000000000355 ) ) ;
#850 = PLANE ( 'NONE',  #2545 ) ;
#851 = ORIENTED_EDGE ( 'NONE', *, *, #1314, .T. ) ;
#852 = DIRECTION ( 'NONE',  ( 1.000000000000000000, 0.000000000000000000, -0.000000000000000000 ) ) ;
#853 = EDGE_LOOP ( 'NONE', ( #673, #2293, #894, #160 ) ) ;
#854 = DIRECTION ( 'NONE',  ( 0.000000000000000000, 0.000000000000000000, 1.000000000000000000 ) ) ;
#855 = CARTESIAN_POINT ( 'NONE',  ( 289.5000000000000000, 207.0000000000000284, 12.00000000000000355 ) ) ;
#856 = DIRECTION ( 'NONE',  ( 1.000000000000000000, 0.000000000000000000, 0.000000000000000000 ) ) ;
#857 = ORIENTED_EDGE ( 'NONE', *, *, #1364, .F. ) ;
#858 = DIRECTION ( 'NONE',  ( 1.000000000000000000, 0.000000000000000000, 0.000000000000000000 ) ) ;
#859 = EDGE_CURVE ( 'NONE', #1817, #1939, #1983, .T. ) ;
#860 = ORIENTED_EDGE ( 'NONE', *, *, #680, .F. ) ;
#861 = LINE ( 'NONE', #268, #1191 ) ;
#862 = EDGE_CURVE ( 'NONE', #1659, #1990, #773, .T. ) ;
#863 = CARTESIAN_POINT ( 'NONE',  ( -291.5000000000000000, 194.0000000000000000, 14.00000000000000000 ) ) ;
#864 = ORIENTED_EDGE ( 'NONE', *, *, #1981, .F. ) ;
#865 = DIRECTION ( 'NONE',  ( -1.000000000000000000, -0.000000000000000000, 0.000000000000000000 ) ) ;
#866 = AXIS2_PLACEMENT_3D ( 'NONE', #1558, #2367, #960 ) ;
#867 = ORIENTED_EDGE ( 'NONE', *, *, #797, .F. ) ;
#868 = CYLINDRICAL_SURFACE ( 'NONE', #1230, 1.599999999999999867 ) ;
#869 = CARTESIAN_POINT ( 'NONE',  ( 287.3000000000000114, 194.0000000000000000, 14.00000000000000000 ) ) ;
#870 = CIRCLE ( 'NONE', #1814, 1.600000000000000755 ) ;
#871 = EDGE_CURVE ( 'NONE', #2492, #1018, #1570, .T. ) ;
#872 = LINE ( 'NONE', #645, #1875 ) ;
#873 = AXIS2_PLACEMENT_3D ( 'NONE', #1753, #1573, #972 ) ;
#874 = DIRECTION ( 'NONE',  ( 0.000000000000000000, 0.000000000000000000, 1.000000000000000000 ) ) ;
#875 = AXIS2_PLACEMENT_3D ( 'NONE', #1214, #817, #1628 ) ;
#876 = ADVANCED_FACE ( 'NONE', ( #359 ), #1546, .T. ) ;
#877 = ORIENTED_EDGE ( 'NONE', *, *, #330, .T. ) ;
#878 = EDGE_CURVE ( 'NONE', #1886, #2199, #1556, .T. ) ;
#879 = CARTESIAN_POINT ( 'NONE',  ( 291.5000000000000000, -185.0000000000000000, 12.00000000000000355 ) ) ;
#880 = VECTOR ( 'NONE', #927, 1000.000000000000000 ) ;
#881 = CARTESIAN_POINT ( 'NONE',  ( -289.5000000000000000, -202.0000000000000000, -19.60000000000000142 ) ) ;
#882 = VERTEX_POINT ( 'NONE', #990 ) ;
#883 = FACE_BOUND ( 'NONE', #1250, .T. ) ;
#884 = VECTOR ( 'NONE', #986, 1000.000000000000000 ) ;
#885 = ORIENTED_EDGE ( 'NONE', *, *, #2416, .F. ) ;
#886 = CARTESIAN_POINT ( 'NONE',  ( 289.1999999999999886, 202.0000000000000000, -19.60000000000000142 ) ) ;
#887 = DIRECTION ( 'NONE',  ( -0.000000000000000000, 0.000000000000000000, -1.000000000000000000 ) ) ;
#888 =( LENGTH_UNIT ( ) NAMED_UNIT ( * ) SI_UNIT ( .MILLI., .METRE. ) );
#889 = CARTESIAN_POINT ( 'NONE',  ( 290.5000000000000000, 207.0000000000000284, 12.00000000000000355 ) ) ;
#890 = ORIENTED_EDGE ( 'NONE', *, *, #1668, .F. ) ;
#891 = CARTESIAN_POINT ( 'NONE',  ( 289.1999999999999886, -202.0000000000000000, -19.60000000000000142 ) ) ;
#892 = EDGE_CURVE ( 'NONE', #2422, #1932, #386, .T. ) ;
#893 = APPROVAL ( #788, '未' ) ;
#894 = ORIENTED_EDGE ( 'NONE', *, *, #1096, .F. ) ;
#895 = CARTESIAN_POINT ( 'NONE',  ( 289.1999999999999886, 190.0000000000000000, -6.000000000000000000 ) ) ;
#896 = ORIENTED_EDGE ( 'NONE', *, *, #1965, .F. ) ;
#897 = DIRECTION ( 'NONE',  ( -1.000000000000000000, -0.000000000000000000, 0.000000000000000000 ) ) ;
#898 = PLANE ( 'NONE',  #962 ) ;
#899 = CALENDAR_DATE ( 2026, 26, 8 ) ;
#900 = ORIENTED_EDGE ( 'NONE', *, *, #1803, .F. ) ;
#901 = DIRECTION ( 'NONE',  ( -1.000000000000000000, 0.000000000000000000, 0.000000000000000000 ) ) ;
#902 = PRODUCT_DEFINITION_FORMATION_WITH_SPECIFIED_SOURCE ( '�', '', #1853, .NOT_KNOWN. ) ;
#903 = ORIENTED_EDGE ( 'NONE', *, *, #486, .T. ) ;
#904 = DIRECTION ( 'NONE',  ( -0.000000000000000000, 1.000000000000000000, 0.000000000000000000 ) ) ;
#905 = ORIENTED_EDGE ( 'NONE', *, *, #632, .F. ) ;
#906 = CARTESIAN_POINT ( 'NONE',  ( -291.5000000000000000, -202.0000000000000000, -18.00000000000000355 ) ) ;
#907 = EDGE_CURVE ( 'NONE', #1587, #2116, #1535, .T. ) ;
#908 = ORIENTED_EDGE ( 'NONE', *, *, #1252, .T. ) ;
#909 = FACE_BOUND ( 'NONE', #1748, .T. ) ;
#910 = EDGE_CURVE ( 'NONE', #2590, #2071, #1931, .T. ) ;
#911 = PERSON_AND_ORGANIZATION_ROLE ( 'design_owner' ) ;
#912 = CARTESIAN_POINT ( 'NONE',  ( 289.5000000000000000, -202.0000000000000000, -6.000000000000000000 ) ) ;
#913 = CIRCLE ( 'NONE', #112, 1.599999999999999867 ) ;
#914 = AXIS2_PLACEMENT_3D ( 'NONE', #1367, #1381, #2184 ) ;
#915 = ORIENTED_EDGE ( 'NONE', *, *, #2228, .T. ) ;
#916 = CARTESIAN_POINT ( 'NONE',  ( -289.5000000000000000, 202.0000000000000000, -19.60000000000000142 ) ) ;
#917 = VECTOR ( 'NONE', #1590, 1000.000000000000000 ) ;
#918 = ORIENTED_EDGE ( 'NONE', *, *, #2411, .T. ) ;
#919 = DIRECTION ( 'NONE',  ( 1.000000000000000000, 0.000000000000000000, -0.000000000000000000 ) ) ;
#920 = EDGE_CURVE ( 'NONE', #1764, #1009, #550, .T. ) ;
#921 = CIRCLE ( 'NONE', #373, 1.600000000000000755 ) ;
#922 = ORIENTED_EDGE ( 'NONE', *, *, #1395, .T. ) ;
#923 = CYLINDRICAL_SURFACE ( 'NONE', #2245, 1.600000000000000755 ) ;
#924 = VECTOR ( 'NONE', #605, 1000.000000000000000 ) ;
#925 = EDGE_CURVE ( 'NONE', #595, #414, #1336, .T. ) ;
#926 = EDGE_CURVE ( 'NONE', #2155, #1572, #1940, .T. ) ;
#927 = DIRECTION ( 'NONE',  ( 0.000000000000000000, 0.000000000000000000, 1.000000000000000000 ) ) ;
#928 = CARTESIAN_POINT ( 'NONE',  ( -289.1999999999999886, -190.0000000000000000, -7.599999999999999645 ) ) ;
#929 = EDGE_LOOP ( 'NONE', ( #385, #1964, #826, #1442 ) ) ;
#930 = DIRECTION ( 'NONE',  ( 1.000000000000000000, 0.000000000000000000, -0.000000000000000000 ) ) ;
#931 = ORIENTED_EDGE ( 'NONE', *, *, #1594, .T. ) ;
#932 = EDGE_CURVE ( 'NONE', #1990, #956, #1955, .T. ) ;
#933 = CARTESIAN_POINT ( 'NONE',  ( 291.5000000000000000, -190.0000000000000000, -6.000000000000000000 ) ) ;
#934 = ORIENTED_EDGE ( 'NONE', *, *, #2486, .F. ) ;
#935 = DIRECTION ( 'NONE',  ( 0.000000000000000000, 0.000000000000000000, 1.000000000000000000 ) ) ;
#936 = VERTEX_POINT ( 'NONE', #226 ) ;
#937 = LINE ( 'NONE', #2515, #1916 ) ;
#938 = DIRECTION ( 'NONE',  ( -1.000000000000000000, -0.000000000000000000, 0.000000000000000000 ) ) ;
#939 = CARTESIAN_POINT ( 'NONE',  ( 291.5000000000000000, -198.0000000000000000, 14.00000000000000000 ) ) ;
#940 = CARTESIAN_POINT ( 'NONE',  ( -287.3000000000000114, 198.0000000000000000, 14.00000000000000000 ) ) ;
#941 = ADVANCED_FACE ( 'NONE', ( #809 ), #799, .F. ) ;
#942 = ADVANCED_FACE ( 'NONE', ( #1026 ), #1206, .T. ) ;
#943 = VERTEX_POINT ( 'NONE', #21 ) ;
#944 = DIRECTION ( 'NONE',  ( 0.000000000000000000, 0.000000000000000000, 1.000000000000000000 ) ) ;
#945 = EDGE_CURVE ( 'NONE', #2256, #2325, #1835, .T. ) ;
#946 = ORIENTED_EDGE ( 'NONE', *, *, #646, .F. ) ;
#947 = DIRECTION ( 'NONE',  ( 1.000000000000000000, 0.000000000000000000, -0.000000000000000000 ) ) ;
#948 = ORIENTED_EDGE ( 'NONE', *, *, #1775, .T. ) ;
#949 = DIRECTION ( 'NONE',  ( 0.000000000000000000, -1.000000000000000000, -0.000000000000000000 ) ) ;
#950 = CIRCLE ( 'NONE', #662, 1.599999999999999867 ) ;
#951 = DIRECTION ( 'NONE',  ( 1.000000000000000000, 0.000000000000000000, -0.000000000000000000 ) ) ;
#952 = ORIENTED_EDGE ( 'NONE', *, *, #2435, .F. ) ;
#953 = DESIGN_CONTEXT ( 'detailed design', #142, 'design' ) ;
#954 = FACE_OUTER_BOUND ( 'NONE', #1780, .T. ) ;
#955 = ADVANCED_FACE ( 'NONE', ( #8 ), #608, .F. ) ;
#956 = VERTEX_POINT ( 'NONE', #48 ) ;
#957 = CARTESIAN_POINT ( 'NONE',  ( -289.5000000000000000, -190.0000000000000000, -18.00000000000000355 ) ) ;
#958 = CIRCLE ( 'NONE', #785, 1.599999999999999867 ) ;
#959 = ORIENTED_EDGE ( 'NONE', *, *, #1108, .F. ) ;
#960 = DIRECTION ( 'NONE',  ( 0.000000000000000000, 0.000000000000000000, -1.000000000000000000 ) ) ;
#961 = AXIS2_PLACEMENT_3D ( 'NONE', #1611, #827, #1212 ) ;
#962 = AXIS2_PLACEMENT_3D ( 'NONE', #476, #1045, #1071 ) ;
#963 = APPROVAL_ROLE ( '' ) ;
#964 = CARTESIAN_POINT ( 'NONE',  ( 289.3999999999999773, 194.0000000000000000, 12.00000000000000000 ) ) ;
#965 = AXIS2_PLACEMENT_3D ( 'NONE', #2424, #633, #1440 ) ;
#966 = LINE ( 'NONE', #805, #1002 ) ;
#967 = ORIENTED_EDGE ( 'NONE', *, *, #330, .F. ) ;
#968 = DIRECTION ( 'NONE',  ( 0.000000000000000000, 0.000000000000000000, -1.000000000000000000 ) ) ;
#969 = VERTEX_POINT ( 'NONE', #1004 ) ;
#970 = LINE ( 'NONE', #1751, #280 ) ;
#971 = VERTEX_POINT ( 'NONE', #1421 ) ;
#972 = DIRECTION ( 'NONE',  ( 0.000000000000000000, 0.000000000000000000, -1.000000000000000000 ) ) ;
#973 = ADVANCED_FACE ( 'NONE', ( #2247 ), #1592, .T. ) ;
#974 = CALENDAR_DATE ( 2026, 26, 8 ) ;
#975 = PLANE ( 'NONE',  #1735 ) ;
#976 = EDGE_CURVE ( 'NONE', #2029, #2173, #870, .T. ) ;
#977 = DIRECTION ( 'NONE',  ( 1.000000000000000000, 0.000000000000000000, 0.000000000000000000 ) ) ;
#978 = ORIENTED_EDGE ( 'NONE', *, *, #2015, .T. ) ;
#979 = CARTESIAN_POINT ( 'NONE',  ( 289.1999999999999886, 190.0000000000000000, -16.40000000000000213 ) ) ;
#980 = VERTEX_POINT ( 'NONE', #1248 ) ;
#981 = FACE_OUTER_BOUND ( 'NONE', #2054, .T. ) ;
#982 = ORIENTED_EDGE ( 'NONE', *, *, #669, .F. ) ;
#983 = CARTESIAN_POINT ( 'NONE',  ( 289.5000000000000000, 202.0000000000000000, -16.40000000000000213 ) ) ;
#984 = EDGE_CURVE ( 'NONE', #1659, #493, #436, .T. ) ;
#985 = PLANE ( 'NONE',  #502 ) ;
#986 = DIRECTION ( 'NONE',  ( 0.000000000000000000, 0.000000000000000000, 1.000000000000000000 ) ) ;
#987 = DIRECTION ( 'NONE',  ( 0.000000000000000000, 0.000000000000000000, 1.000000000000000000 ) ) ;
#988 = CARTESIAN_POINT ( 'NONE',  ( 291.5000000000000000, 196.0000000000000000, 12.00000000000000355 ) ) ;
#989 = ORIENTED_EDGE ( 'NONE', *, *, #1571, .T. ) ;
#990 = CARTESIAN_POINT ( 'NONE',  ( -291.5000000000000000, -202.0000000000000000, -16.40000000000000213 ) ) ;
#991 = CYLINDRICAL_SURFACE ( 'NONE', #1080, 1.599999999999999867 ) ;
#992 = VERTEX_POINT ( 'NONE', #2427 ) ;
#993 = VECTOR ( 'NONE', #1194, 1000.000000000000000 ) ;
#994 = LINE ( 'NONE', #1178, #1189 ) ;
#995 = AXIS2_PLACEMENT_3D ( 'NONE', #224, #1012, #424 ) ;
#996 = CALENDAR_DATE ( 2026, 26, 8 ) ;
#997 = CIRCLE ( 'NONE', #2502, 1.599999999999999867 ) ;
#998 = FACE_OUTER_BOUND ( 'NONE', #1740, .T. ) ;
#999 = DIRECTION ( 'NONE',  ( 1.000000000000000000, 0.000000000000000000, -0.000000000000000000 ) ) ;
#1000 = DIRECTION ( 'NONE',  ( -0.000000000000000000, 1.000000000000000000, 0.000000000000000000 ) ) ;
#1001 = CARTESIAN_POINT ( 'NONE',  ( -287.3000000000000114, 194.0000000000000000, 12.00000000000000000 ) ) ;
#1002 = VECTOR ( 'NONE', #1768, 1000.000000000000000 ) ;
#1003 = ORIENTED_EDGE ( 'NONE', *, *, #1042, .F. ) ;
#1004 = CARTESIAN_POINT ( 'NONE',  ( 291.5000000000000000, -202.0000000000000000, -7.599999999999999645 ) ) ;
#1005 = LINE ( 'NONE', #626, #622 ) ;
#1006 = EDGE_LOOP ( 'NONE', ( #1040, #623, #896, #352 ) ) ;
#1007 = DIRECTION ( 'NONE',  ( 1.000000000000000000, 0.000000000000000000, 0.000000000000000000 ) ) ;
#1008 = ORIENTED_EDGE ( 'NONE', *, *, #2271, .T. ) ;
#1009 = VERTEX_POINT ( 'NONE', #1793 ) ;
#1010 = DIRECTION ( 'NONE',  ( -1.000000000000000000, 0.000000000000000000, 0.000000000000000000 ) ) ;
#1011 = CARTESIAN_POINT ( 'NONE',  ( -289.5000000000000000, 185.0000000000000000, -54.00000000000000000 ) ) ;
#1012 = DIRECTION ( 'NONE',  ( -1.000000000000000000, -0.000000000000000000, 0.000000000000000000 ) ) ;
#1013 = ADVANCED_FACE ( 'NONE', ( #2401 ), #1016, .T. ) ;
#1014 = ORIENTED_EDGE ( 'NONE', *, *, #2364, .T. ) ;
#1015 = ADVANCED_FACE ( 'NONE', ( #1052 ), #255, .F. ) ;
#1016 = PLANE ( 'NONE',  #824 ) ;
#1017 = LINE ( 'NONE', #1805, #579 ) ;
#1018 = VERTEX_POINT ( 'NONE', #1604 ) ;
#1019 = DIRECTION ( 'NONE',  ( 0.000000000000000000, 0.000000000000000000, 1.000000000000000000 ) ) ;
#1020 = ADVANCED_FACE ( 'NONE', ( #1188 ), #203, .F. ) ;
#1021 = ORIENTED_EDGE ( 'NONE', *, *, #2322, .F. ) ;
#1022 = DIRECTION ( 'NONE',  ( -1.000000000000000000, 0.000000000000000000, 0.000000000000000000 ) ) ;
#1023 = DIRECTION ( 'NONE',  ( 0.000000000000000000, 0.000000000000000000, -1.000000000000000000 ) ) ;
#1024 = DIRECTION ( 'NONE',  ( 1.000000000000000000, 0.000000000000000000, -0.000000000000000000 ) ) ;
#1025 = ORIENTED_EDGE ( 'NONE', *, *, #1823, .T. ) ;
#1026 = FACE_OUTER_BOUND ( 'NONE', #1270, .T. ) ;
#1027 = DIRECTION ( 'NONE',  ( -0.000000000000000000, 1.000000000000000000, 0.000000000000000000 ) ) ;
#1028 = ORIENTED_EDGE ( 'NONE', *, *, #9, .F. ) ;
#1029 = CARTESIAN_POINT ( 'NONE',  ( -290.5000000000000000, -207.0000000000000284, 12.00000000000000355 ) ) ;
#1030 = CIRCLE ( 'NONE', #2494, 1.599999999999999867 ) ;
#1031 = VECTOR ( 'NONE', #460, 1000.000000000000000 ) ;
#1032 = ORIENTED_EDGE ( 'NONE', *, *, #2491, .T. ) ;
#1033 = ORIENTED_EDGE ( 'NONE', *, *, #910, .T. ) ;
#1034 = CARTESIAN_POINT ( 'NONE',  ( -291.5000000000000000, -207.0000000000000284, -54.00000000000000000 ) ) ;
#1035 = DIRECTION ( 'NONE',  ( 0.000000000000000000, 0.000000000000000000, 1.000000000000000000 ) ) ;
#1036 = DIRECTION ( 'NONE',  ( 1.000000000000000000, 0.000000000000000000, -0.000000000000000000 ) ) ;
#1037 = EDGE_LOOP ( 'NONE', ( #915, #363, #547, #948, #461, #903, #14, #2265 ) ) ;
#1038 = CARTESIAN_POINT ( 'NONE',  ( -290.5000000000000000, -185.0000000000000000, -54.00000000000000000 ) ) ;
#1039 = DIRECTION ( 'NONE',  ( 0.000000000000000000, 0.000000000000000000, 1.000000000000000000 ) ) ;
#1040 = ORIENTED_EDGE ( 'NONE', *, *, #127, .F. ) ;
#1041 = DIRECTION ( 'NONE',  ( 0.000000000000000000, 0.000000000000000000, -1.000000000000000000 ) ) ;
#1042 = EDGE_CURVE ( 'NONE', #1222, #1596, #1147, .T. ) ;
#1043 = ORIENTED_EDGE ( 'NONE', *, *, #1594, .F. ) ;
#1044 = CARTESIAN_POINT ( 'NONE',  ( 291.5000000000000000, -190.0000000000000000, -16.40000000000000213 ) ) ;
#1045 = DIRECTION ( 'NONE',  ( -0.000000000000000000, 1.000000000000000000, 0.000000000000000000 ) ) ;
#1046 = ADVANCED_FACE ( 'NONE', ( #426 ), #1217, .T. ) ;
#1047 = LINE ( 'NONE', #29, #333 ) ;
#1048 = VERTEX_POINT ( 'NONE', #637 ) ;
#1049 = CARTESIAN_POINT ( 'NONE',  ( 289.5000000000000000, 207.0000000000000284, -54.00000000000000000 ) ) ;
#1050 = EDGE_CURVE ( 'NONE', #770, #2056, #1430, .T. ) ;
#1051 = VERTEX_POINT ( 'NONE', #1307 ) ;
#1052 = FACE_OUTER_BOUND ( 'NONE', #1622, .T. ) ;
#1053 = DIRECTION ( 'NONE',  ( 0.000000000000000000, 0.000000000000000000, 1.000000000000000000 ) ) ;
#1054 = VERTEX_POINT ( 'NONE', #1297 ) ;
#1055 = PLANE ( 'NONE',  #2448 ) ;
#1056 = EDGE_CURVE ( 'NONE', #2029, #356, #1878, .T. ) ;
#1057 = VERTEX_POINT ( 'NONE', #2266 ) ;
#1058 = DIRECTION ( 'NONE',  ( 1.000000000000000000, 0.000000000000000000, 0.000000000000000000 ) ) ;
#1059 = CARTESIAN_POINT ( 'NONE',  ( 289.1999999999999886, 202.0000000000000000, -18.00000000000000355 ) ) ;
#1060 = EDGE_CURVE ( 'NONE', #936, #300, #469, .T. ) ;
#1061 = DIRECTION ( 'NONE',  ( 1.000000000000000000, 0.000000000000000000, 0.000000000000000000 ) ) ;
#1062 = CARTESIAN_POINT ( 'NONE',  ( 289.5000000000000000, -202.0000000000000000, -7.600000000000000533 ) ) ;
#1063 = VERTEX_POINT ( 'NONE', #2066 ) ;
#1064 = LINE ( 'NONE', #1858, #618 ) ;
#1065 = CARTESIAN_POINT ( 'NONE',  ( -289.5000000000000000, -194.0000000000000000, 12.00000000000000355 ) ) ;
#1066 = ORIENTED_EDGE ( 'NONE', *, *, #1663, .F. ) ;
#1067 = CARTESIAN_POINT ( 'NONE',  ( -289.5000000000000000, -202.0000000000000000, -6.000000000000000000 ) ) ;
#1068 = CIRCLE ( 'NONE', #1526, 1.600000000000000755 ) ;
#1069 = ORIENTED_EDGE ( 'NONE', *, *, #2139, .T. ) ;
#1070 = CARTESIAN_POINT ( 'NONE',  ( -289.1999999999999886, -190.0000000000000000, -6.000000000000000000 ) ) ;
#1071 = DIRECTION ( 'NONE',  ( 0.000000000000000000, -0.000000000000000000, 1.000000000000000000 ) ) ;
#1072 = VECTOR ( 'NONE', #415, 1000.000000000000000 ) ;
#1073 = AXIS2_PLACEMENT_3D ( 'NONE', #1662, #2297, #1476 ) ;
#1074 = CARTESIAN_POINT ( 'NONE',  ( 0.000000000000000000, 0.000000000000000000, 0.000000000000000000 ) ) ;
#1075 = CARTESIAN_POINT ( 'NONE',  ( -289.3999999999999773, -198.0000000000000000, 12.00000000000000000 ) ) ;
#1076 = EDGE_CURVE ( 'NONE', #969, #1969, #1030, .T. ) ;
#1077 = VECTOR ( 'NONE', #2063, 1000.000000000000000 ) ;
#1078 = VERTEX_POINT ( 'NONE', #2315 ) ;
#1079 = CARTESIAN_POINT ( 'NONE',  ( -289.5000000000000000, 202.0000000000000000, -7.600000000000000533 ) ) ;
#1080 = AXIS2_PLACEMENT_3D ( 'NONE', #1207, #839, #1779 ) ;
#1081 = EDGE_LOOP ( 'NONE', ( #2520, #2280, #2517, #1114, #503, #864 ) ) ;
#1082 = CARTESIAN_POINT ( 'NONE',  ( -291.5000000000000000, -190.0000000000000000, -6.000000000000000000 ) ) ;
#1083 = VECTOR ( 'NONE', #2565, 1000.000000000000000 ) ;
#1084 = ORIENTED_EDGE ( 'NONE', *, *, #1412, .T. ) ;
#1085 = CARTESIAN_POINT ( 'NONE',  ( -291.5000000000000000, -207.0000000000000284, 12.00000000000000355 ) ) ;
#1086 = LINE ( 'NONE', #1884, #1157 ) ;
#1087 =( NAMED_UNIT ( * ) SI_UNIT ( $, .STERADIAN. ) SOLID_ANGLE_UNIT ( ) );
#1088 = ORIENTED_EDGE ( 'NONE', *, *, #464, .F. ) ;
#1089 = CYLINDRICAL_SURFACE ( 'NONE', #1322, 1.600000000000000755 ) ;
#1090 = ORIENTED_EDGE ( 'NONE', *, *, #2058, .T. ) ;
#1091 = CARTESIAN_POINT ( 'NONE',  ( 289.5000000000000000, -196.0000000000000000, -54.00000000000000000 ) ) ;
#1092 = ORIENTED_EDGE ( 'NONE', *, *, #680, .T. ) ;
#1093 = CARTESIAN_POINT ( 'NONE',  ( -289.5000000000000000, 202.0000000000000000, -18.00000000000000355 ) ) ;
#1094 = VERTEX_POINT ( 'NONE', #916 ) ;
#1095 = CARTESIAN_POINT ( 'NONE',  ( -287.3000000000000114, 194.0000000000000000, 14.00000000000000000 ) ) ;
#1096 = EDGE_CURVE ( 'NONE', #1513, #1817, #1669, .T. ) ;
#1097 = CARTESIAN_POINT ( 'NONE',  ( -291.5000000000000000, 194.0000000000000000, 12.00000000000000355 ) ) ;
#1098 = LINE ( 'NONE', #1528, #369 ) ;
#1099 = EDGE_LOOP ( 'NONE', ( #1654, #1025, #1184, #2391 ) ) ;
#1100 = CARTESIAN_POINT ( 'NONE',  ( 289.3999999999999773, 194.0000000000000000, 12.00000000000000000 ) ) ;
#1101 = ORIENTED_EDGE ( 'NONE', *, *, #859, .T. ) ;
#1102 = DIRECTION ( 'NONE',  ( 0.000000000000000000, 0.000000000000000000, 1.000000000000000000 ) ) ;
#1103 = EDGE_LOOP ( 'NONE', ( #905, #1465, #2019, #1413 ) ) ;
#1104 = CYLINDRICAL_SURFACE ( 'NONE', #364, 1.600000000000000755 ) ;
#1105 = VECTOR ( 'NONE', #1254, 1000.000000000000000 ) ;
#1106 = CARTESIAN_POINT ( 'NONE',  ( -289.3999999999999773, 198.0000000000000000, 14.00000000000000000 ) ) ;
#1107 = AXIS2_PLACEMENT_3D ( 'NONE', #1390, #2170, #353 ) ;
#1108 = EDGE_CURVE ( 'NONE', #1892, #1048, #2117, .T. ) ;
#1109 = CARTESIAN_POINT ( 'NONE',  ( -289.1999999999999886, -202.0000000000000000, -16.40000000000000213 ) ) ;
#1110 = VECTOR ( 'NONE', #1645, 1000.000000000000000 ) ;
#1111 = EDGE_LOOP ( 'NONE', ( #2212, #2400, #679, #1028 ) ) ;
#1112 = DIRECTION ( 'NONE',  ( 0.000000000000000000, 0.000000000000000000, 1.000000000000000000 ) ) ;
#1113 = VECTOR ( 'NONE', #1353, 1000.000000000000000 ) ;
#1114 = ORIENTED_EDGE ( 'NONE', *, *, #1280, .T. ) ;
#1115 = DIRECTION ( 'NONE',  ( 0.000000000000000000, 0.000000000000000000, -1.000000000000000000 ) ) ;
#1116 = AXIS2_PLACEMENT_3D ( 'NONE', #470, #2250, #134 ) ;
#1117 = ORIENTED_EDGE ( 'NONE', *, *, #585, .F. ) ;
#1118 = LINE ( 'NONE', #1525, #574 ) ;
#1119 = AXIS2_PLACEMENT_3D ( 'NONE', #556, #1344, #178 ) ;
#1120 = ORIENTED_EDGE ( 'NONE', *, *, #1298, .F. ) ;
#1121 = EDGE_CURVE ( 'NONE', #248, #1815, #721, .T. ) ;
#1122 = DIRECTION ( 'NONE',  ( -1.000000000000000000, 0.000000000000000000, 0.000000000000000000 ) ) ;
#1123 = LINE ( 'NONE', #928, #1540 ) ;
#1124 = DIRECTION ( 'NONE',  ( -1.000000000000000000, -0.000000000000000000, 0.000000000000000000 ) ) ;
#1125 = LINE ( 'NONE', #979, #1911 ) ;
#1126 = EDGE_CURVE ( 'NONE', #1009, #551, #307, .T. ) ;
#1127 = VERTEX_POINT ( 'NONE', #2457 ) ;
#1128 = DIRECTION ( 'NONE',  ( 0.000000000000000000, -1.000000000000000000, -0.000000000000000000 ) ) ;
#1129 = EDGE_LOOP ( 'NONE', ( #1429, #635, #388, #1167 ) ) ;
#1130 = LINE ( 'NONE', #2571, #71 ) ;
#1131 = EDGE_CURVE ( 'NONE', #1644, #2252, #913, .T. ) ;
#1132 = DIRECTION ( 'NONE',  ( -0.000000000000000000, 1.000000000000000000, 0.000000000000000000 ) ) ;
#1133 = EDGE_CURVE ( 'NONE', #563, #1760, #665, .T. ) ;
#1134 = LINE ( 'NONE', #2460, #1956 ) ;
#1135 = CARTESIAN_POINT ( 'NONE',  ( 289.1999999999999886, -190.0000000000000000, -7.599999999999999645 ) ) ;
#1136 = LINE ( 'NONE', #1346, #1730 ) ;
#1137 = APPROVAL_PERSON_ORGANIZATION ( #1560, #893, #963 ) ;
#1138 = ORIENTED_EDGE ( 'NONE', *, *, #2284, .T. ) ;
#1139 = DIRECTION ( 'NONE',  ( -1.000000000000000000, -0.000000000000000000, 0.000000000000000000 ) ) ;
#1140 = VERTEX_POINT ( 'NONE', #321 ) ;
#1141 = DIRECTION ( 'NONE',  ( -1.000000000000000000, -0.000000000000000000, 0.000000000000000000 ) ) ;
#1142 = CARTESIAN_POINT ( 'NONE',  ( -291.5000000000000000, 190.0000000000000000, -4.400000000000000355 ) ) ;
#1143 = DIRECTION ( 'NONE',  ( -0.000000000000000000, 1.000000000000000000, 0.000000000000000000 ) ) ;
#1144 = AXIS2_PLACEMENT_3D ( 'NONE', #2026, #1816, #1617 ) ;
#1145 = CARTESIAN_POINT ( 'NONE',  ( 289.3999999999999773, 198.0000000000000000, 12.00000000000000000 ) ) ;
#1146 = LINE ( 'NONE', #744, #1237 ) ;
#1147 = CIRCLE ( 'NONE', #30, 1.599999999999999867 ) ;
#1148 = AXIS2_PLACEMENT_3D ( 'NONE', #1924, #1502, #2333 ) ;
#1149 = ORIENTED_EDGE ( 'NONE', *, *, #175, .T. ) ;
#1150 = EDGE_CURVE ( 'NONE', #1222, #1492, #695, .T. ) ;
#1151 = CARTESIAN_POINT ( 'NONE',  ( 290.5000000000000000, 185.0000000000000000, -54.00000000000000000 ) ) ;
#1152 = VECTOR ( 'NONE', #2413, 1000.000000000000000 ) ;
#1153 = ORIENTED_EDGE ( 'NONE', *, *, #2010, .T. ) ;
#1154 = DIRECTION ( 'NONE',  ( -1.000000000000000000, 0.000000000000000000, 0.000000000000000000 ) ) ;
#1155 = AXIS2_PLACEMENT_3D ( 'NONE', #1242, #462, #2274 ) ;
#1156 = EDGE_CURVE ( 'NONE', #1932, #1482, #1483, .T. ) ;
#1157 = VECTOR ( 'NONE', #1675, 1000.000000000000000 ) ;
#1158 = DIRECTION ( 'NONE',  ( 0.000000000000000000, 0.000000000000000000, 1.000000000000000000 ) ) ;
#1159 = AXIS2_PLACEMENT_3D ( 'NONE', #2103, #1303, #1315 ) ;
#1160 = DIRECTION ( 'NONE',  ( -1.000000000000000000, 0.000000000000000000, 0.000000000000000000 ) ) ;
#1161 = ORIENTED_EDGE ( 'NONE', *, *, #1898, .T. ) ;
#1162 = CARTESIAN_POINT ( 'NONE',  ( -289.5000000000000000, -190.0000000000000000, -4.399999999999999467 ) ) ;
#1163 = EDGE_LOOP ( 'NONE', ( #2529, #2382, #2194, #1681 ) ) ;
#1164 = DIRECTION ( 'NONE',  ( 0.000000000000000000, 0.000000000000000000, 1.000000000000000000 ) ) ;
#1165 = EDGE_CURVE ( 'NONE', #1482, #2003, #1680, .T. ) ;
#1166 = EDGE_CURVE ( 'NONE', #163, #1969, #861, .T. ) ;
#1167 = ORIENTED_EDGE ( 'NONE', *, *, #675, .F. ) ;
#1168 = DIRECTION ( 'NONE',  ( 0.000000000000000000, 0.000000000000000000, 1.000000000000000000 ) ) ;
#1169 = CARTESIAN_POINT ( 'NONE',  ( -291.5000000000000000, -198.0000000000000000, 12.00000000000000355 ) ) ;
#1170 = LINE ( 'NONE', #1731, #1500 ) ;
#1171 = DIRECTION ( 'NONE',  ( 0.000000000000000000, -0.000000000000000000, 1.000000000000000000 ) ) ;
#1172 = DIRECTION ( 'NONE',  ( -1.000000000000000000, 0.000000000000000000, 0.000000000000000000 ) ) ;
#1173 = EDGE_CURVE ( 'NONE', #1063, #1498, #1064, .T. ) ;
#1174 = ORIENTED_EDGE ( 'NONE', *, *, #512, .F. ) ;
#1175 = DIRECTION ( 'NONE',  ( 1.000000000000000000, 0.000000000000000000, -0.000000000000000000 ) ) ;
#1176 = LINE ( 'NONE', #2002, #2005 ) ;
#1177 = ORIENTED_EDGE ( 'NONE', *, *, #2074, .T. ) ;
#1178 = CARTESIAN_POINT ( 'NONE',  ( 289.3999999999999773, -198.0000000000000000, 12.00000000000000000 ) ) ;
#1179 = CC_DESIGN_PERSON_AND_ORGANIZATION_ASSIGNMENT ( #2286, #1676, ( #733 ) ) ;
#1180 = DATE_TIME_ROLE ( 'classification_date' ) ;
#1181 = EDGE_LOOP ( 'NONE', ( #1452, #140 ) ) ;
#1182 = DIRECTION ( 'NONE',  ( -1.000000000000000000, -0.000000000000000000, 0.000000000000000000 ) ) ;
#1183 = LINE ( 'NONE', #2152, #884 ) ;
#1184 = ORIENTED_EDGE ( 'NONE', *, *, #1414, .T. ) ;
#1185 = CARTESIAN_POINT ( 'NONE',  ( 289.3999999999999773, -198.0000000000000000, 12.00000000000000000 ) ) ;
#1186 = CARTESIAN_POINT ( 'NONE',  ( -289.1999999999999886, 190.0000000000000000, -6.000000000000000000 ) ) ;
#1187 = VERTEX_POINT ( 'NONE', #1271 ) ;
#1188 = FACE_OUTER_BOUND ( 'NONE', #1646, .T. ) ;
#1189 = VECTOR ( 'NONE', #776, 1000.000000000000000 ) ;
#1190 = CARTESIAN_POINT ( 'NONE',  ( -289.5000000000000000, 198.0000000000000000, 12.00000000000000355 ) ) ;
#1191 = VECTOR ( 'NONE', #1496, 1000.000000000000000 ) ;
#1192 = VERTEX_POINT ( 'NONE', #879 ) ;
#1193 = CIRCLE ( 'NONE', #2289, 1.599999999999999867 ) ;
#1194 = DIRECTION ( 'NONE',  ( 1.000000000000000000, 0.000000000000000000, 0.000000000000000000 ) ) ;
#1195 = VERTEX_POINT ( 'NONE', #1655 ) ;
#1196 = ORIENTED_EDGE ( 'NONE', *, *, #1988, .T. ) ;
#1197 = ORIENTED_EDGE ( 'NONE', *, *, #859, .F. ) ;
#1198 = FACE_OUTER_BOUND ( 'NONE', #18, .T. ) ;
#1199 = EDGE_CURVE ( 'NONE', #1513, #1078, #1471, .T. ) ;
#1200 = CARTESIAN_POINT ( 'NONE',  ( -287.3000000000000114, -196.0000000000000000, 14.00000000000000000 ) ) ;
#1201 = EDGE_LOOP ( 'NONE', ( #1561, #1377, #602, #1732 ) ) ;
#1202 = CARTESIAN_POINT ( 'NONE',  ( 287.3000000000000114, -198.0000000000000000, 14.00000000000000000 ) ) ;
#1203 = CIRCLE ( 'NONE', #1459, 1.600000000000000755 ) ;
#1204 = ORIENTED_EDGE ( 'NONE', *, *, #926, .T. ) ;
#1205 = EDGE_CURVE ( 'NONE', #551, #956, #2471, .T. ) ;
#1206 = PLANE ( 'NONE',  #151 ) ;
#1207 = CARTESIAN_POINT ( 'NONE',  ( -289.1999999999999886, 202.0000000000000000, -6.000000000000000000 ) ) ;
#1208 = EDGE_LOOP ( 'NONE', ( #237, #747 ) ) ;
#1209 = LINE ( 'NONE', #653, #276 ) ;
#1210 = VERTEX_POINT ( 'NONE', #1079 ) ;
#1211 = ORIENTED_EDGE ( 'NONE', *, *, #1902, .T. ) ;
#1212 = DIRECTION ( 'NONE',  ( 0.000000000000000000, 0.000000000000000000, 1.000000000000000000 ) ) ;
#1213 = CARTESIAN_POINT ( 'NONE',  ( -287.3000000000000114, -194.0000000000000000, 12.00000000000000000 ) ) ;
#1214 = CARTESIAN_POINT ( 'NONE',  ( 289.3999999999999773, -196.0000000000000000, 14.00000000000000000 ) ) ;
#1215 = EDGE_CURVE ( 'NONE', #2003, #2287, #2080, .T. ) ;
#1216 = VERTEX_POINT ( 'NONE', #1359 ) ;
#1217 = PLANE ( 'NONE',  #1144 ) ;
#1218 = CARTESIAN_POINT ( 'NONE',  ( 287.3000000000000114, -196.0000000000000000, 14.00000000000000000 ) ) ;
#1219 = ORIENTED_EDGE ( 'NONE', *, *, #1521, .F. ) ;
#1220 = DIRECTION ( 'NONE',  ( -1.000000000000000000, -0.000000000000000000, 0.000000000000000000 ) ) ;
#1221 = EDGE_CURVE ( 'NONE', #7, #33, #2362, .T. ) ;
#1222 = VERTEX_POINT ( 'NONE', #1162 ) ;
#1223 = ORIENTED_EDGE ( 'NONE', *, *, #598, .F. ) ;
#1224 = CARTESIAN_POINT ( 'NONE',  ( 289.5000000000000000, 185.0000000000000000, 12.00000000000000355 ) ) ;
#1225 = CARTESIAN_POINT ( 'NONE',  ( 291.5000000000000000, -185.0000000000000000, -54.00000000000000000 ) ) ;
#1226 = DIRECTION ( 'NONE',  ( 0.000000000000000000, 0.000000000000000000, -1.000000000000000000 ) ) ;
#1227 = ORIENTED_EDGE ( 'NONE', *, *, #932, .T. ) ;
#1228 = DIRECTION ( 'NONE',  ( 1.000000000000000000, 0.000000000000000000, 0.000000000000000000 ) ) ;
#1229 = CIRCLE ( 'NONE', #70, 1.599999999999999867 ) ;
#1230 = AXIS2_PLACEMENT_3D ( 'NONE', #179, #1647, #987 ) ;
#1231 = LINE ( 'NONE', #599, #2506 ) ;
#1232 = EDGE_CURVE ( 'NONE', #1287, #2428, #1125, .T. ) ;
#1233 = ORIENTED_EDGE ( 'NONE', *, *, #1586, .T. ) ;
#1234 = DIRECTION ( 'NONE',  ( 0.000000000000000000, -1.000000000000000000, -0.000000000000000000 ) ) ;
#1235 = VECTOR ( 'NONE', #2167, 1000.000000000000000 ) ;
#1236 = AXIS2_PLACEMENT_3D ( 'NONE', #2057, #593, #1566 ) ;
#1237 = VECTOR ( 'NONE', #2376, 1000.000000000000000 ) ;
#1238 = AXIS2_PLACEMENT_3D ( 'NONE', #727, #329, #313 ) ;
#1239 = VERTEX_POINT ( 'NONE', #761 ) ;
#1240 = DIRECTION ( 'NONE',  ( 1.000000000000000000, 0.000000000000000000, -0.000000000000000000 ) ) ;
#1241 = EDGE_CURVE ( 'NONE', #1187, #2492, #2295, .T. ) ;
#1242 = CARTESIAN_POINT ( 'NONE',  ( 289.5000000000000000, 190.0000000000000000, -6.000000000000000000 ) ) ;
#1243 = LINE ( 'NONE', #1225, #1653 ) ;
#1244 = CARTESIAN_POINT ( 'NONE',  ( 290.5000000000000000, -196.0000000000000000, -54.00000000000000000 ) ) ;
#1245 = VECTOR ( 'NONE', #1027, 1000.000000000000000 ) ;
#1246 = VECTOR ( 'NONE', #659, 1000.000000000000000 ) ;
#1247 = EDGE_LOOP ( 'NONE', ( #664, #710, #814, #1711 ) ) ;
#1248 = CARTESIAN_POINT ( 'NONE',  ( -291.5000000000000000, 202.0000000000000000, -7.600000000000000533 ) ) ;
#1249 = DIRECTION ( 'NONE',  ( -0.000000000000000000, 1.000000000000000000, 0.000000000000000000 ) ) ;
#1250 = EDGE_LOOP ( 'NONE', ( #1848, #58 ) ) ;
#1251 = LINE ( 'NONE', #1410, #993 ) ;
#1252 = EDGE_CURVE ( 'NONE', #2204, #441, #2351, .T. ) ;
#1253 = ORIENTED_EDGE ( 'NONE', *, *, #145, .F. ) ;
#1254 = DIRECTION ( 'NONE',  ( -1.000000000000000000, -0.000000000000000000, 0.000000000000000000 ) ) ;
#1255 = FACE_OUTER_BOUND ( 'NONE', #577, .T. ) ;
#1256 = CARTESIAN_POINT ( 'NONE',  ( 289.1999999999999886, -202.0000000000000000, -6.000000000000000000 ) ) ;
#1257 = EDGE_LOOP ( 'NONE', ( #1415, #478, #62, #2470 ) ) ;
#1258 = LINE ( 'NONE', #889, #1411 ) ;
#1259 = ORIENTED_EDGE ( 'NONE', *, *, #762, .F. ) ;
#1260 = CARTESIAN_POINT ( 'NONE',  ( 289.1999999999999886, 190.0000000000000000, -19.60000000000000142 ) ) ;
#1261 = APPLICATION_CONTEXT ( 'configuration controlled 3d designs of mechanical parts and assemblies' ) ;
#1262 = CARTESIAN_POINT ( 'NONE',  ( 289.5000000000000000, 185.0000000000000000, -54.00000000000000000 ) ) ;
#1263 = ORIENTED_EDGE ( 'NONE', *, *, #2070, .F. ) ;
#1264 = FACE_BOUND ( 'NONE', #265, .T. ) ;
#1265 = EDGE_LOOP ( 'NONE', ( #26, #2187, #1608, #1837 ) ) ;
#1266 = CARTESIAN_POINT ( 'NONE',  ( -289.5000000000000000, 196.0000000000000000, 12.00000000000000355 ) ) ;
#1267 = CARTESIAN_POINT ( 'NONE',  ( -289.5000000000000000, 190.0000000000000000, -19.60000000000000142 ) ) ;
#1268 = DIRECTION ( 'NONE',  ( -0.000000000000000000, 0.000000000000000000, -1.000000000000000000 ) ) ;
#1269 = DIRECTION ( 'NONE',  ( -1.000000000000000000, -0.000000000000000000, 0.000000000000000000 ) ) ;
#1270 = EDGE_LOOP ( 'NONE', ( #186, #532, #434, #1436 ) ) ;
#1271 = CARTESIAN_POINT ( 'NONE',  ( -289.5000000000000000, -190.0000000000000000, -19.60000000000000142 ) ) ;
#1272 = CARTESIAN_POINT ( 'NONE',  ( -287.3000000000000114, 196.0000000000000000, 14.00000000000000000 ) ) ;
#1273 = VERTEX_POINT ( 'NONE', #2164 ) ;
#1274 = CARTESIAN_POINT ( 'NONE',  ( 291.5000000000000000, 202.0000000000000000, -18.00000000000000355 ) ) ;
#1275 = CIRCLE ( 'NONE', #1563, 1.600000000000000755 ) ;
#1276 = ORIENTED_EDGE ( 'NONE', *, *, #2346, .F. ) ;
#1277 = DIRECTION ( 'NONE',  ( 0.000000000000000000, 0.000000000000000000, -1.000000000000000000 ) ) ;
#1278 = CARTESIAN_POINT ( 'NONE',  ( -291.5000000000000000, -190.0000000000000000, -18.00000000000000355 ) ) ;
#1279 = VECTOR ( 'NONE', #1139, 1000.000000000000000 ) ;
#1280 = EDGE_CURVE ( 'NONE', #2116, #1386, #1531, .T. ) ;
#1281 = LINE ( 'NONE', #2469, #1953 ) ;
#1282 = EDGE_LOOP ( 'NONE', ( #2101, #2363, #772, #1204 ) ) ;
#1283 = CARTESIAN_POINT ( 'NONE',  ( -289.3999999999999773, 198.0000000000000000, 12.00000000000000000 ) ) ;
#1284 = AXIS2_PLACEMENT_3D ( 'NONE', #2127, #332, #1122 ) ;
#1285 = AXIS2_PLACEMENT_3D ( 'NONE', #1059, #689, #1868 ) ;
#1286 = EDGE_CURVE ( 'NONE', #1048, #1273, #1687, .T. ) ;
#1287 = VERTEX_POINT ( 'NONE', #2530 ) ;
#1288 = CARTESIAN_POINT ( 'NONE',  ( -289.1999999999999886, -202.0000000000000000, -18.00000000000000355 ) ) ;
#1289 = AXIS2_PLACEMENT_3D ( 'NONE', #44, #543, #1925 ) ;
#1290 = ORIENTED_EDGE ( 'NONE', *, *, #597, .F. ) ;
#1291 = FACE_OUTER_BOUND ( 'NONE', #221, .T. ) ;
#1292 = EDGE_CURVE ( 'NONE', #825, #1587, #1136, .T. ) ;
#1293 = DIRECTION ( 'NONE',  ( 0.000000000000000000, 0.000000000000000000, 1.000000000000000000 ) ) ;
#1294 = VERTEX_POINT ( 'NONE', #940 ) ;
#1295 = CARTESIAN_POINT ( 'NONE',  ( 287.3000000000000114, 198.0000000000000000, 12.00000000000000000 ) ) ;
#1296 = EDGE_LOOP ( 'NONE', ( #982, #1942 ) ) ;
#1297 = CARTESIAN_POINT ( 'NONE',  ( -291.5000000000000000, -190.0000000000000000, -19.60000000000000142 ) ) ;
#1298 = EDGE_CURVE ( 'NONE', #2199, #1810, #1568, .T. ) ;
#1299 = ORIENTED_EDGE ( 'NONE', *, *, #2588, .F. ) ;
#1300 = DIRECTION ( 'NONE',  ( 0.000000000000000000, 0.000000000000000000, -1.000000000000000000 ) ) ;
#1301 = ORIENTED_EDGE ( 'NONE', *, *, #2064, .T. ) ;
#1302 = CARTESIAN_POINT ( 'NONE',  ( 291.5000000000000000, -196.0000000000000000, 12.00000000000000355 ) ) ;
#1303 = DIRECTION ( 'NONE',  ( 0.000000000000000000, 0.000000000000000000, 1.000000000000000000 ) ) ;
#1304 = FACE_OUTER_BOUND ( 'NONE', #2344, .T. ) ;
#1305 = CC_DESIGN_SECURITY_CLASSIFICATION ( #562, ( #902 ) ) ;
#1306 = ORIENTED_EDGE ( 'NONE', *, *, #475, .F. ) ;
#1307 = CARTESIAN_POINT ( 'NONE',  ( 291.5000000000000000, 202.0000000000000000, -16.40000000000000213 ) ) ;
#1308 = ORIENTED_EDGE ( 'NONE', *, *, #2346, .T. ) ;
#1309 = DIRECTION ( 'NONE',  ( 0.000000000000000000, 0.000000000000000000, -1.000000000000000000 ) ) ;
#1310 = ADVANCED_FACE ( 'NONE', ( #2326 ), #2143, .T. ) ;
#1311 = VERTEX_POINT ( 'NONE', #1544 ) ;
#1312 = CARTESIAN_POINT ( 'NONE',  ( -289.1999999999999886, 190.0000000000000000, -18.00000000000000355 ) ) ;
#1313 = VECTOR ( 'NONE', #1437, 1000.000000000000000 ) ;
#1314 = EDGE_CURVE ( 'NONE', #595, #1534, #1146, .T. ) ;
#1315 = DIRECTION ( 'NONE',  ( 1.000000000000000000, 0.000000000000000000, -0.000000000000000000 ) ) ;
#1316 = CARTESIAN_POINT ( 'NONE',  ( -291.5000000000000000, 202.0000000000000000, -18.00000000000000355 ) ) ;
#1317 = AXIS2_PLACEMENT_3D ( 'NONE', #2555, #558, #2154 ) ;
#1318 = DIRECTION ( 'NONE',  ( 0.000000000000000000, 0.000000000000000000, 1.000000000000000000 ) ) ;
#1319 = AXIS2_PLACEMENT_3D ( 'NONE', #2195, #141, #1154 ) ;
#1320 = FACE_BOUND ( 'NONE', #2147, .T. ) ;
#1321 = DIRECTION ( 'NONE',  ( 0.000000000000000000, 0.000000000000000000, -1.000000000000000000 ) ) ;
#1322 = AXIS2_PLACEMENT_3D ( 'NONE', #98, #901, #2302 ) ;
#1323 = ORIENTED_EDGE ( 'NONE', *, *, #797, .T. ) ;
#1324 = DIRECTION ( 'NONE',  ( -1.000000000000000000, 0.000000000000000000, 0.000000000000000000 ) ) ;
#1325 = AXIS2_PLACEMENT_3D ( 'NONE', #1477, #251, #887 ) ;
#1326 = ADVANCED_FACE ( 'NONE', ( #2340 ), #1334, .T. ) ;
#1327 = VERTEX_POINT ( 'NONE', #348 ) ;
#1328 = CARTESIAN_POINT ( 'NONE',  ( 291.5000000000000000, 190.0000000000000000, -19.60000000000000142 ) ) ;
#1329 = CIRCLE ( 'NONE', #204, 1.600000000000000755 ) ;
#1330 = ADVANCED_FACE ( 'NONE', ( #2178 ), #1376, .T. ) ;
#1331 = DIRECTION ( 'NONE',  ( 1.000000000000000000, 0.000000000000000000, -0.000000000000000000 ) ) ;
#1332 = LINE ( 'NONE', #1462, #1369 ) ;
#1333 = FACE_BOUND ( 'NONE', #2568, .T. ) ;
#1334 = PLANE ( 'NONE',  #2085 ) ;
#1335 = EDGE_LOOP ( 'NONE', ( #934, #2512, #430, #1834 ) ) ;
#1336 = LINE ( 'NONE', #2146, #1279 ) ;
#1337 = ADVANCED_FACE ( 'NONE', ( #384 ), #1749, .T. ) ;
#1338 = ORIENTED_EDGE ( 'NONE', *, *, #1936, .F. ) ;
#1339 = CARTESIAN_POINT ( 'NONE',  ( 291.5000000000000000, -194.0000000000000000, 14.00000000000000000 ) ) ;
#1340 = ADVANCED_FACE ( 'NONE', ( #954 ), #1733, .T. ) ;
#1341 = SECURITY_CLASSIFICATION_LEVEL ( 'unclassified' ) ;
#1342 = EDGE_CURVE ( 'NONE', #2445, #1892, #958, .T. ) ;
#1343 = DIRECTION ( 'NONE',  ( 0.000000000000000000, 0.000000000000000000, 1.000000000000000000 ) ) ;
#1344 = DIRECTION ( 'NONE',  ( 1.000000000000000000, 0.000000000000000000, 0.000000000000000000 ) ) ;
#1345 = ORIENTED_EDGE ( 'NONE', *, *, #1549, .T. ) ;
#1346 = CARTESIAN_POINT ( 'NONE',  ( -290.5000000000000000, -185.0000000000000000, 12.00000000000000355 ) ) ;
#1347 = VERTEX_POINT ( 'NONE', #1998 ) ;
#1348 = CARTESIAN_POINT ( 'NONE',  ( -291.5000000000000000, -185.0000000000000000, 12.00000000000000355 ) ) ;
#1349 = ORIENTED_EDGE ( 'NONE', *, *, #1888, .T. ) ;
#1350 = VERTEX_POINT ( 'NONE', #6 ) ;
#1351 = CARTESIAN_POINT ( 'NONE',  ( -291.5000000000000000, -196.0000000000000000, 12.00000000000000355 ) ) ;
#1352 = PERSON_AND_ORGANIZATION ( #724, #351 ) ;
#1353 = DIRECTION ( 'NONE',  ( -1.000000000000000000, -0.000000000000000000, 0.000000000000000000 ) ) ;
#1354 = DIRECTION ( 'NONE',  ( 0.000000000000000000, 0.000000000000000000, -1.000000000000000000 ) ) ;
#1355 = ADVANCED_FACE ( 'NONE', ( #19, #412, #2206, #1418, #213 ), #433, .T. ) ;
#1356 = VECTOR ( 'NONE', #2307, 1000.000000000000000 ) ;
#1357 = ORIENTED_EDGE ( 'NONE', *, *, #1581, .F. ) ;
#1358 = VECTOR ( 'NONE', #1770, 1000.000000000000000 ) ;
#1359 = CARTESIAN_POINT ( 'NONE',  ( -289.5000000000000000, -202.0000000000000000, -16.40000000000000213 ) ) ;
#1360 = EDGE_CURVE ( 'NONE', #1127, #1195, #325, .T. ) ;
#1361 = ORIENTED_EDGE ( 'NONE', *, *, #1286, .T. ) ;
#1362 = DIRECTION ( 'NONE',  ( 1.000000000000000000, 0.000000000000000000, -0.000000000000000000 ) ) ;
#1363 = VECTOR ( 'NONE', #874, 1000.000000000000000 ) ;
#1364 = EDGE_CURVE ( 'NONE', #551, #1665, #2220, .T. ) ;
#1365 = AXIS2_PLACEMENT_3D ( 'NONE', #392, #2396, #1394 ) ;
#1366 = ORIENTED_EDGE ( 'NONE', *, *, #1414, .F. ) ;
#1367 = CARTESIAN_POINT ( 'NONE',  ( -289.5000000000000000, 190.0000000000000000, -18.00000000000000355 ) ) ;
#1368 = VECTOR ( 'NONE', #2224, 1000.000000000000000 ) ;
#1369 = VECTOR ( 'NONE', #146, 1000.000000000000000 ) ;
#1370 = PERSON_AND_ORGANIZATION ( #724, #351 ) ;
#1371 = ORIENTED_EDGE ( 'NONE', *, *, #1076, .T. ) ;
#1372 = DIRECTION ( 'NONE',  ( -0.000000000000000000, 1.000000000000000000, 0.000000000000000000 ) ) ;
#1373 = AXIS2_PLACEMENT_3D ( 'NONE', #506, #316, #277 ) ;
#1374 = LINE ( 'NONE', #1200, #1083 ) ;
#1375 = DIRECTION ( 'NONE',  ( 0.000000000000000000, 0.000000000000000000, -1.000000000000000000 ) ) ;
#1376 = PLANE ( 'NONE',  #116 ) ;
#1377 = ORIENTED_EDGE ( 'NONE', *, *, #2031, .T. ) ;
#1378 = LINE ( 'NONE', #1724, #1993 ) ;
#1379 = DIRECTION ( 'NONE',  ( -1.000000000000000000, -0.000000000000000000, 0.000000000000000000 ) ) ;
#1380 = EDGE_LOOP ( 'NONE', ( #2366, #1299 ) ) ;
#1381 = DIRECTION ( 'NONE',  ( 1.000000000000000000, 0.000000000000000000, -0.000000000000000000 ) ) ;
#1382 = FACE_OUTER_BOUND ( 'NONE', #2561, .T. ) ;
#1383 = LINE ( 'NONE', #1564, #716 ) ;
#1384 = CYLINDRICAL_SURFACE ( 'NONE', #1908, 1.599999999999999867 ) ;
#1385 = LINE ( 'NONE', #606, #194 ) ;
#1386 = VERTEX_POINT ( 'NONE', #2399 ) ;
#1387 = DIRECTION ( 'NONE',  ( 0.000000000000000000, -0.000000000000000000, 1.000000000000000000 ) ) ;
#1388 = LINE ( 'NONE', #1819, #542 ) ;
#1389 = ORIENTED_EDGE ( 'NONE', *, *, #976, .F. ) ;
#1390 = CARTESIAN_POINT ( 'NONE',  ( 287.3000000000000114, 196.0000000000000000, 12.00000000000000000 ) ) ;
#1391 = ADVANCED_FACE ( 'NONE', ( #1772 ), #1801, .T. ) ;
#1392 = VERTEX_POINT ( 'NONE', #1202 ) ;
#1393 = EDGE_LOOP ( 'NONE', ( #842, #627, #1014, #139, #1276, #2229 ) ) ;
#1394 = DIRECTION ( 'NONE',  ( 0.000000000000000000, 0.000000000000000000, -1.000000000000000000 ) ) ;
#1395 = EDGE_CURVE ( 'NONE', #2056, #7, #1385, .T. ) ;
#1396 = CARTESIAN_POINT ( 'NONE',  ( 290.5000000000000000, -196.0000000000000000, 12.00000000000000355 ) ) ;
#1397 = EDGE_LOOP ( 'NONE', ( #2110, #208 ) ) ;
#1398 = CARTESIAN_POINT ( 'NONE',  ( 289.3999999999999773, -194.0000000000000000, 14.00000000000000000 ) ) ;
#1399 = AXIS2_PLACEMENT_3D ( 'NONE', #1933, #787, #802 ) ;
#1400 = AXIS2_PLACEMENT_3D ( 'NONE', #1145, #41, #1171 ) ;
#1401 = ORIENTED_EDGE ( 'NONE', *, *, #269, .T. ) ;
#1402 = DIRECTION ( 'NONE',  ( -1.000000000000000000, 0.000000000000000000, 0.000000000000000000 ) ) ;
#1403 = AXIS2_PLACEMENT_3D ( 'NONE', #34, #650, #216 ) ;
#1404 = VECTOR ( 'NONE', #2124, 1000.000000000000000 ) ;
#1405 = EDGE_CURVE ( 'NONE', #2252, #523, #397, .T. ) ;
#1406 = DIRECTION ( 'NONE',  ( 0.000000000000000000, 0.000000000000000000, 1.000000000000000000 ) ) ;
#1407 = VECTOR ( 'NONE', #1112, 1000.000000000000000 ) ;
#1408 = EDGE_LOOP ( 'NONE', ( #1021, #1667, #1174, #1758 ) ) ;
#1409 = CIRCLE ( 'NONE', #530, 1.600000000000000755 ) ;
#1410 = CARTESIAN_POINT ( 'NONE',  ( 289.1999999999999886, 202.0000000000000000, -16.40000000000000213 ) ) ;
#1411 = VECTOR ( 'NONE', #479, 1000.000000000000000 ) ;
#1412 = EDGE_CURVE ( 'NONE', #1943, #156, #1692, .T. ) ;
#1413 = ORIENTED_EDGE ( 'NONE', *, *, #1775, .F. ) ;
#1414 = EDGE_CURVE ( 'NONE', #568, #1057, #2425, .T. ) ;
#1415 = ORIENTED_EDGE ( 'NONE', *, *, #362, .T. ) ;
#1416 = DIRECTION ( 'NONE',  ( -1.000000000000000000, 0.000000000000000000, 0.000000000000000000 ) ) ;
#1417 = CARTESIAN_POINT ( 'NONE',  ( -289.1999999999999886, 202.0000000000000000, -18.00000000000000355 ) ) ;
#1418 = FACE_BOUND ( 'NONE', #2272, .T. ) ;
#1419 = AXIS2_PLACEMENT_3D ( 'NONE', #831, #1268, #2242 ) ;
#1420 = ORIENTED_EDGE ( 'NONE', *, *, #405, .F. ) ;
#1421 = CARTESIAN_POINT ( 'NONE',  ( 291.5000000000000000, -207.0000000000000284, -54.00000000000000000 ) ) ;
#1422 = DIRECTION ( 'NONE',  ( -1.000000000000000000, 0.000000000000000000, 0.000000000000000000 ) ) ;
#1423 = ORIENTED_EDGE ( 'NONE', *, *, #2172, .F. ) ;
#1424 = DIRECTION ( 'NONE',  ( 0.000000000000000000, 0.000000000000000000, 1.000000000000000000 ) ) ;
#1425 = EDGE_LOOP ( 'NONE', ( #121, #1696, #2032, #1975, #2332, #1259 ) ) ;
#1426 = FACE_OUTER_BOUND ( 'NONE', #2050, .T. ) ;
#1427 = CARTESIAN_POINT ( 'NONE',  ( 289.1999999999999886, -190.0000000000000000, -16.40000000000000213 ) ) ;
#1428 = DIRECTION ( 'NONE',  ( 0.000000000000000000, -1.000000000000000000, -0.000000000000000000 ) ) ;
#1429 = ORIENTED_EDGE ( 'NONE', *, *, #1625, .T. ) ;
#1430 = LINE ( 'NONE', #299, #1488 ) ;
#1431 = EDGE_CURVE ( 'NONE', #2325, #468, #1614, .T. ) ;
#1432 = FACE_OUTER_BOUND ( 'NONE', #1163, .T. ) ;
#1433 = ORIENTED_EDGE ( 'NONE', *, *, #522, .F. ) ;
#1434 = CARTESIAN_POINT ( 'NONE',  ( 291.5000000000000000, -190.0000000000000000, -7.599999999999999645 ) ) ;
#1435 = CC_DESIGN_APPROVAL ( #893, ( #902 ) ) ;
#1436 = ORIENTED_EDGE ( 'NONE', *, *, #2453, .F. ) ;
#1437 = DIRECTION ( 'NONE',  ( -0.000000000000000000, 1.000000000000000000, 0.000000000000000000 ) ) ;
#1438 = CARTESIAN_POINT ( 'NONE',  ( -289.1999999999999886, -202.0000000000000000, -6.000000000000000000 ) ) ;
#1439 = ADVANCED_FACE ( 'NONE', ( #1832 ), #2437, .T. ) ;
#1440 = DIRECTION ( 'NONE',  ( 1.000000000000000000, 0.000000000000000000, -0.000000000000000000 ) ) ;
#1441 = CARTESIAN_POINT ( 'NONE',  ( -291.5000000000000000, 202.0000000000000000, -4.400000000000000355 ) ) ;
#1442 = ORIENTED_EDGE ( 'NONE', *, *, #1967, .T. ) ;
#1443 = EDGE_CURVE ( 'NONE', #1485, #218, #1813, .T. ) ;
#1444 = DIRECTION ( 'NONE',  ( 0.000000000000000000, 0.000000000000000000, 1.000000000000000000 ) ) ;
#1445 = AXIS2_PLACEMENT_3D ( 'NONE', #1288, #310, #1702 ) ;
#1446 = CIRCLE ( 'NONE', #320, 1.599999999999999867 ) ;
#1447 = LINE ( 'NONE', #2081, #2006 ) ;
#1448 = ORIENTED_EDGE ( 'NONE', *, *, #1443, .T. ) ;
#1449 = DIRECTION ( 'NONE',  ( -1.000000000000000000, -0.000000000000000000, 0.000000000000000000 ) ) ;
#1450 = VECTOR ( 'NONE', #164, 1000.000000000000000 ) ;
#1451 = AXIS2_PLACEMENT_3D ( 'NONE', #1274, #2270, #1115 ) ;
#1452 = ORIENTED_EDGE ( 'NONE', *, *, #2151, .F. ) ;
#1453 = DIRECTION ( 'NONE',  ( 1.000000000000000000, 0.000000000000000000, -0.000000000000000000 ) ) ;
#1454 = CARTESIAN_POINT ( 'NONE',  ( -289.3999999999999773, 194.0000000000000000, 12.00000000000000000 ) ) ;
#1455 = VECTOR ( 'NONE', #1372, 1000.000000000000000 ) ;
#1456 = CARTESIAN_POINT ( 'NONE',  ( 290.5000000000000000, -207.0000000000000284, -54.00000000000000000 ) ) ;
#1457 = LINE ( 'NONE', #1843, #2089 ) ;
#1458 = AXIS2_PLACEMENT_3D ( 'NONE', #668, #1719, #2067 ) ;
#1459 = AXIS2_PLACEMENT_3D ( 'NONE', #2048, #2060, #223 ) ;
#1460 = ORIENTED_EDGE ( 'NONE', *, *, #636, .T. ) ;
#1461 = DIRECTION ( 'NONE',  ( 1.000000000000000000, 0.000000000000000000, 0.000000000000000000 ) ) ;
#1462 = CARTESIAN_POINT ( 'NONE',  ( -287.3000000000000114, 198.0000000000000000, 12.00000000000000000 ) ) ;
#1463 = ORIENTED_EDGE ( 'NONE', *, *, #632, .T. ) ;
#1464 = DIRECTION ( 'NONE',  ( 1.000000000000000000, 0.000000000000000000, -0.000000000000000000 ) ) ;
#1465 = ORIENTED_EDGE ( 'NONE', *, *, #2330, .F. ) ;
#1466 = LINE ( 'NONE', #2273, #1905 ) ;
#1467 = FACE_OUTER_BOUND ( 'NONE', #638, .T. ) ;
#1468 = DIRECTION ( 'NONE',  ( 0.000000000000000000, 0.000000000000000000, 1.000000000000000000 ) ) ;
#1469 = DIRECTION ( 'NONE',  ( 0.000000000000000000, 0.000000000000000000, 1.000000000000000000 ) ) ;
#1470 = ORIENTED_EDGE ( 'NONE', *, *, #509, .T. ) ;
#1471 = LINE ( 'NONE', #497, #74 ) ;
#1472 = CARTESIAN_POINT ( 'NONE',  ( 289.5000000000000000, 202.0000000000000000, -6.000000000000000000 ) ) ;
#1473 = EDGE_LOOP ( 'NONE', ( #946, #726 ) ) ;
#1474 = LINE ( 'NONE', #2083, #2202 ) ;
#1475 = EDGE_LOOP ( 'NONE', ( #837, #931, #2095, #1752, #2 ) ) ;
#1476 = DIRECTION ( 'NONE',  ( 0.000000000000000000, 0.000000000000000000, -1.000000000000000000 ) ) ;
#1477 = CARTESIAN_POINT ( 'NONE',  ( -287.3000000000000114, -196.0000000000000000, 12.00000000000000000 ) ) ;
#1478 = APPROVAL_DATE_TIME ( #2126, #2316 ) ;
#1479 = EDGE_LOOP ( 'NONE', ( #215, #1921, #147, #967 ) ) ;
#1480 = DIRECTION ( 'NONE',  ( 0.000000000000000000, 0.000000000000000000, 1.000000000000000000 ) ) ;
#1481 = EDGE_CURVE ( 'NONE', #468, #33, #634, .T. ) ;
#1482 = VERTEX_POINT ( 'NONE', #236 ) ;
#1483 = LINE ( 'NONE', #1697, #1407 ) ;
#1484 = ORIENTED_EDGE ( 'NONE', *, *, #2144, .T. ) ;
#1485 = VERTEX_POINT ( 'NONE', #2387 ) ;
#1486 = FACE_BOUND ( 'NONE', #2145, .T. ) ;
#1487 = EDGE_CURVE ( 'NONE', #1187, #1054, #45, .T. ) ;
#1488 = VECTOR ( 'NONE', #904, 1000.000000000000000 ) ;
#1489 = ORIENTED_EDGE ( 'NONE', *, *, #1691, .F. ) ;
#1490 = CARTESIAN_POINT ( 'NONE',  ( -291.5000000000000000, 202.0000000000000000, -16.40000000000000213 ) ) ;
#1491 = DIRECTION ( 'NONE',  ( 0.000000000000000000, 0.000000000000000000, -1.000000000000000000 ) ) ;
#1492 = VERTEX_POINT ( 'NONE', #648 ) ;
#1493 = AXIS2_PLACEMENT_3D ( 'NONE', #336, #569, #582 ) ;
#1494 = CARTESIAN_POINT ( 'NONE',  ( 289.5000000000000000, 190.0000000000000000, -4.399999999999999467 ) ) ;
#1495 = ORIENTED_EDGE ( 'NONE', *, *, #1364, .T. ) ;
#1496 = DIRECTION ( 'NONE',  ( 1.000000000000000000, 0.000000000000000000, 0.000000000000000000 ) ) ;
#1497 = AXIS2_PLACEMENT_3D ( 'NONE', #657, #2260, #845 ) ;
#1498 = VERTEX_POINT ( 'NONE', #1441 ) ;
#1499 = CARTESIAN_POINT ( 'NONE',  ( -289.1999999999999886, 202.0000000000000000, -7.599999999999999645 ) ) ;
#1500 = VECTOR ( 'NONE', #2542, 1000.000000000000000 ) ;
#1501 = ORIENTED_EDGE ( 'NONE', *, *, #2453, .T. ) ;
#1502 = DIRECTION ( 'NONE',  ( -0.000000000000000000, 0.000000000000000000, -1.000000000000000000 ) ) ;
#1503 = CLOSED_SHELL ( 'NONE', ( #1977, #2075, #1506, #955, #1672, #973, #1439, #285, #2039, #1699, #1355, #294, #94, #2510, #89, #2472, #942, #756, #1610, #1330 ) ) ;
#1504 =( NAMED_UNIT ( * ) PLANE_ANGLE_UNIT ( ) SI_UNIT ( $, .RADIAN. ) );
#1505 = PLANE ( 'NONE',  #709 ) ;
#1506 = ADVANCED_FACE ( 'NONE', ( #2582 ), #2244, .F. ) ;
#1507 = EDGE_LOOP ( 'NONE', ( #97, #2523 ) ) ;
#1508 = DIRECTION ( 'NONE',  ( 0.000000000000000000, 0.000000000000000000, 1.000000000000000000 ) ) ;
#1509 = EDGE_CURVE ( 'NONE', #2173, #290, #180, .T. ) ;
#1510 = ORIENTED_EDGE ( 'NONE', *, *, #1360, .F. ) ;
#1511 = DIRECTION ( 'NONE',  ( 0.000000000000000000, 0.000000000000000000, 1.000000000000000000 ) ) ;
#1512 = EDGE_CURVE ( 'NONE', #493, #1513, #449, .T. ) ;
#1513 = VERTEX_POINT ( 'NONE', #1295 ) ;
#1514 = CARTESIAN_POINT ( 'NONE',  ( -291.5000000000000000, 196.0000000000000000, -54.00000000000000000 ) ) ;
#1515 = FACE_OUTER_BOUND ( 'NONE', #1103, .T. ) ;
#1516 = EDGE_LOOP ( 'NONE', ( #349, #821 ) ) ;
#1517 = FACE_OUTER_BOUND ( 'NONE', #853, .T. ) ;
#1518 = DIRECTION ( 'NONE',  ( -1.000000000000000000, -0.000000000000000000, 0.000000000000000000 ) ) ;
#1519 = FACE_OUTER_BOUND ( 'NONE', #1393, .T. ) ;
#1520 = DIRECTION ( 'NONE',  ( 0.000000000000000000, -1.000000000000000000, -0.000000000000000000 ) ) ;
#1521 = EDGE_CURVE ( 'NONE', #1347, #323, #2579, .T. ) ;
#1522 = ORIENTED_EDGE ( 'NONE', *, *, #509, .F. ) ;
#1523 = DIRECTION ( 'NONE',  ( -1.000000000000000000, 0.000000000000000000, 0.000000000000000000 ) ) ;
#1524 = ORIENTED_EDGE ( 'NONE', *, *, #2181, .T. ) ;
#1525 = CARTESIAN_POINT ( 'NONE',  ( 289.3999999999999773, -198.0000000000000000, 14.00000000000000000 ) ) ;
#1526 = AXIS2_PLACEMENT_3D ( 'NONE', #1742, #766, #1548 ) ;
#1527 = CYLINDRICAL_SURFACE ( 'NONE', #1833, 1.600000000000000755 ) ;
#1528 = CARTESIAN_POINT ( 'NONE',  ( -289.5000000000000000, 196.0000000000000000, 12.00000000000000355 ) ) ;
#1529 = CYLINDRICAL_SURFACE ( 'NONE', #453, 1.599999999999999867 ) ;
#1530 = ORIENTED_EDGE ( 'NONE', *, *, #2217, .T. ) ;
#1531 = LINE ( 'NONE', #1712, #284 ) ;
#1532 = VECTOR ( 'NONE', #198, 1000.000000000000000 ) ;
#1533 = CIRCLE ( 'NONE', #1155, 1.599999999999999867 ) ;
#1534 = VERTEX_POINT ( 'NONE', #508 ) ;
#1535 = LINE ( 'NONE', #1776, #1863 ) ;
#1536 = CIRCLE ( 'NONE', #1874, 1.599999999999999867 ) ;
#1537 = EDGE_CURVE ( 'NONE', #534, #1392, #2288, .T. ) ;
#1538 = ORIENTED_EDGE ( 'NONE', *, *, #1739, .T. ) ;
#1539 = CARTESIAN_POINT ( 'NONE',  ( 290.5000000000000000, -196.0000000000000000, 12.00000000000000355 ) ) ;
#1540 = VECTOR ( 'NONE', #682, 1000.000000000000000 ) ;
#1541 = CARTESIAN_POINT ( 'NONE',  ( 291.5000000000000000, 185.0000000000000000, 12.00000000000000355 ) ) ;
#1542 = DIRECTION ( 'NONE',  ( 1.000000000000000000, 0.000000000000000000, -0.000000000000000000 ) ) ;
#1543 = LINE ( 'NONE', #2314, #2137 ) ;
#1544 = CARTESIAN_POINT ( 'NONE',  ( -291.5000000000000000, 198.0000000000000000, 14.00000000000000000 ) ) ;
#1545 = VERTEX_POINT ( 'NONE', #2481 ) ;
#1546 = PLANE ( 'NONE',  #2084 ) ;
#1547 = ORIENTED_EDGE ( 'NONE', *, *, #1108, .T. ) ;
#1548 = DIRECTION ( 'NONE',  ( 0.000000000000000000, 0.000000000000000000, -1.000000000000000000 ) ) ;
#1549 = EDGE_CURVE ( 'NONE', #1815, #1386, #1855, .T. ) ;
#1550 = DIRECTION ( 'NONE',  ( 0.000000000000000000, -1.000000000000000000, -0.000000000000000000 ) ) ;
#1551 = CARTESIAN_POINT ( 'NONE',  ( 290.5000000000000000, -207.0000000000000284, -54.00000000000000000 ) ) ;
#1552 = VERTEX_POINT ( 'NONE', #2264 ) ;
#1553 = CARTESIAN_POINT ( 'NONE',  ( 289.5000000000000000, -196.0000000000000000, 12.00000000000000355 ) ) ;
#1554 = EDGE_CURVE ( 'NONE', #2549, #523, #2298, .T. ) ;
#1555 = VERTEX_POINT ( 'NONE', #1494 ) ;
#1556 = LINE ( 'NONE', #2535, #1769 ) ;
#1557 = ORIENTED_EDGE ( 'NONE', *, *, #1060, .T. ) ;
#1558 = CARTESIAN_POINT ( 'NONE',  ( 291.5000000000000000, -190.0000000000000000, -6.000000000000000000 ) ) ;
#1559 = ADVANCED_FACE ( 'NONE', ( #1887 ), #718, .T. ) ;
#1560 = PERSON_AND_ORGANIZATION ( #724, #351 ) ;
#1561 = ORIENTED_EDGE ( 'NONE', *, *, #669, .T. ) ;
#1562 = PLANE ( 'NONE',  #2165 ) ;
#1563 = AXIS2_PLACEMENT_3D ( 'NONE', #957, #1175, #2548 ) ;
#1564 = CARTESIAN_POINT ( 'NONE',  ( -291.5000000000000000, 194.0000000000000000, 12.00000000000000000 ) ) ;
#1565 = VECTOR ( 'NONE', #521, 1000.000000000000000 ) ;
#1566 = DIRECTION ( 'NONE',  ( 0.000000000000000000, 0.000000000000000000, 1.000000000000000000 ) ) ;
#1567 = CIRCLE ( 'NONE', #445, 1.600000000000000755 ) ;
#1568 = LINE ( 'NONE', #1553, #2372 ) ;
#1569 = EDGE_LOOP ( 'NONE', ( #1723, #375, #2558, #2327, #40 ) ) ;
#1570 = LINE ( 'NONE', #2380, #2205 ) ;
#1571 = EDGE_CURVE ( 'NONE', #414, #1962, #86, .T. ) ;
#1572 = VERTEX_POINT ( 'NONE', #305 ) ;
#1573 = DIRECTION ( 'NONE',  ( 0.000000000000000000, -1.000000000000000000, 0.000000000000000000 ) ) ;
#1574 = AXIS2_PLACEMENT_3D ( 'NONE', #205, #23, #185 ) ;
#1575 = AXIS2_PLACEMENT_3D ( 'NONE', #567, #580, #1961 ) ;
#1576 = LINE ( 'NONE', #1976, #1455 ) ;
#1577 = LINE ( 'NONE', #592, #1920 ) ;
#1578 = FACE_OUTER_BOUND ( 'NONE', #2065, .T. ) ;
#1579 = CARTESIAN_POINT ( 'NONE',  ( 291.5000000000000000, -196.0000000000000000, 14.00000000000000000 ) ) ;
#1580 = EDGE_LOOP ( 'NONE', ( #1907, #1618, #2123, #793 ) ) ;
#1581 = EDGE_CURVE ( 'NONE', #1962, #1534, #1258, .T. ) ;
#1582 = DIRECTION ( 'NONE',  ( 1.000000000000000000, 0.000000000000000000, -0.000000000000000000 ) ) ;
#1583 = DIRECTION ( 'NONE',  ( 0.000000000000000000, 0.000000000000000000, -1.000000000000000000 ) ) ;
#1584 = ORIENTED_EDGE ( 'NONE', *, *, #2108, .F. ) ;
#1585 = CARTESIAN_POINT ( 'NONE',  ( 289.5000000000000000, 207.0000000000000284, -54.00000000000000000 ) ) ;
#1586 = EDGE_CURVE ( 'NONE', #1598, #163, #1734, .T. ) ;
#1587 = VERTEX_POINT ( 'NONE', #692 ) ;
#1588 = CARTESIAN_POINT ( 'NONE',  ( 289.5000000000000000, 190.0000000000000000, -6.000000000000000000 ) ) ;
#1589 = CARTESIAN_POINT ( 'NONE',  ( -289.1999999999999886, -190.0000000000000000, -18.00000000000000355 ) ) ;
#1590 = DIRECTION ( 'NONE',  ( 0.000000000000000000, -1.000000000000000000, -0.000000000000000000 ) ) ;
#1591 = ORIENTED_EDGE ( 'NONE', *, *, #1965, .T. ) ;
#1592 = PLANE ( 'NONE',  #360 ) ;
#1593 = ADVANCED_FACE ( 'NONE', ( #1693 ), #279, .F. ) ;
#1594 = EDGE_CURVE ( 'NONE', #1078, #1990, #1457, .T. ) ;
#1595 = CARTESIAN_POINT ( 'NONE',  ( -291.5000000000000000, 190.0000000000000000, -18.00000000000000355 ) ) ;
#1596 = VERTEX_POINT ( 'NONE', #2490 ) ;
#1597 = DIRECTION ( 'NONE',  ( 1.000000000000000000, 0.000000000000000000, -0.000000000000000000 ) ) ;
#1598 = VERTEX_POINT ( 'NONE', #1062 ) ;
#1599 = CARTESIAN_POINT ( 'NONE',  ( 291.5000000000000000, -194.0000000000000000, 12.00000000000000355 ) ) ;
#1600 = CARTESIAN_POINT ( 'NONE',  ( 291.5000000000000000, -202.0000000000000000, -18.00000000000000355 ) ) ;
#1601 = CARTESIAN_POINT ( 'NONE',  ( -289.5000000000000000, 190.0000000000000000, -18.00000000000000355 ) ) ;
#1602 = VECTOR ( 'NONE', #1944, 1000.000000000000000 ) ;
#1603 = ORIENTED_EDGE ( 'NONE', *, *, #1126, .T. ) ;
#1604 = CARTESIAN_POINT ( 'NONE',  ( -291.5000000000000000, -190.0000000000000000, -16.40000000000000213 ) ) ;
#1605 = FACE_OUTER_BOUND ( 'NONE', #258, .T. ) ;
#1606 = EDGE_LOOP ( 'NONE', ( #1661, #2239, #1986, #1423 ) ) ;
#1607 = CARTESIAN_POINT ( 'NONE',  ( 287.3000000000000114, -198.0000000000000000, 12.00000000000000000 ) ) ;
#1608 = ORIENTED_EDGE ( 'NONE', *, *, #464, .T. ) ;
#1609 = CIRCLE ( 'NONE', #2463, 1.599999999999999867 ) ;
#1610 = ADVANCED_FACE ( 'NONE', ( #69 ), #1505, .T. ) ;
#1611 = CARTESIAN_POINT ( 'NONE',  ( 289.5000000000000000, 190.0000000000000000, -18.00000000000000355 ) ) ;
#1612 = AXIS2_PLACEMENT_3D ( 'NONE', #10, #2141, #2267 ) ;
#1613 = DIRECTION ( 'NONE',  ( -0.000000000000000000, 1.000000000000000000, 0.000000000000000000 ) ) ;
#1614 = LINE ( 'NONE', #1398, #1952 ) ;
#1615 = EDGE_CURVE ( 'NONE', #2138, #1587, #663, .T. ) ;
#1616 = EDGE_LOOP ( 'NONE', ( #1802, #1090, #2409, #691 ) ) ;
#1617 = DIRECTION ( 'NONE',  ( 0.000000000000000000, -0.000000000000000000, 1.000000000000000000 ) ) ;
#1618 = ORIENTED_EDGE ( 'NONE', *, *, #2486, .T. ) ;
#1619 = DIRECTION ( 'NONE',  ( -1.000000000000000000, -0.000000000000000000, 0.000000000000000000 ) ) ;
#1620 = ORIENTED_EDGE ( 'NONE', *, *, #1121, .F. ) ;
#1621 = LINE ( 'NONE', #2405, #1640 ) ;
#1622 = EDGE_LOOP ( 'NONE', ( #959, #1736, #2361, #1795 ) ) ;
#1623 = DIRECTION ( 'NONE',  ( 0.000000000000000000, -1.000000000000000000, 0.000000000000000000 ) ) ;
#1624 = FACE_OUTER_BOUND ( 'NONE', #1129, .T. ) ;
#1625 = EDGE_CURVE ( 'NONE', #2353, #2419, #1281, .T. ) ;
#1626 = ADVANCED_FACE ( 'NONE', ( #296 ), #1089, .F. ) ;
#1627 = LINE ( 'NONE', #2034, #796 ) ;
#1628 = DIRECTION ( 'NONE',  ( 1.000000000000000000, 0.000000000000000000, -0.000000000000000000 ) ) ;
#1629 = ORIENTED_EDGE ( 'NONE', *, *, #238, .F. ) ;
#1630 = CARTESIAN_POINT ( 'NONE',  ( -289.3999999999999773, 196.0000000000000000, 14.00000000000000000 ) ) ;
#1631 = DIRECTION ( 'NONE',  ( 1.000000000000000000, 0.000000000000000000, -0.000000000000000000 ) ) ;
#1632 = ORIENTED_EDGE ( 'NONE', *, *, #500, .F. ) ;
#1633 = CARTESIAN_POINT ( 'NONE',  ( 289.1999999999999886, -190.0000000000000000, -6.000000000000000000 ) ) ;
#1634 = ORIENTED_EDGE ( 'NONE', *, *, #1405, .F. ) ;
#1635 = FACE_OUTER_BOUND ( 'NONE', #2311, .T. ) ;
#1636 = DIRECTION ( 'NONE',  ( -1.000000000000000000, -0.000000000000000000, 0.000000000000000000 ) ) ;
#1637 = CARTESIAN_POINT ( 'NONE',  ( -287.3000000000000114, -198.0000000000000000, 14.00000000000000000 ) ) ;
#1638 = CARTESIAN_POINT ( 'NONE',  ( 289.3999999999999773, 198.0000000000000000, 12.00000000000000000 ) ) ;
#1639 = EDGE_CURVE ( 'NONE', #2071, #328, #1098, .T. ) ;
#1640 = VECTOR ( 'NONE', #1449, 1000.000000000000000 ) ;
#1641 = ORIENTED_EDGE ( 'NONE', *, *, #228, .F. ) ;
#1642 = DIRECTION ( 'NONE',  ( -0.000000000000000000, 1.000000000000000000, 0.000000000000000000 ) ) ;
#1643 = DIRECTION ( 'NONE',  ( -1.000000000000000000, 0.000000000000000000, 0.000000000000000000 ) ) ;
#1644 = VERTEX_POINT ( 'NONE', #1718 ) ;
#1645 = DIRECTION ( 'NONE',  ( -1.000000000000000000, -0.000000000000000000, 0.000000000000000000 ) ) ;
#1646 = EDGE_LOOP ( 'NONE', ( #1349, #2133, #807, #1741 ) ) ;
#1647 = DIRECTION ( 'NONE',  ( -1.000000000000000000, 0.000000000000000000, 0.000000000000000000 ) ) ;
#1648 = DIRECTION ( 'NONE',  ( -1.000000000000000000, 0.000000000000000000, 0.000000000000000000 ) ) ;
#1649 = AXIS2_PLACEMENT_3D ( 'NONE', #555, #1343, #1331 ) ;
#1650 = FACE_OUTER_BOUND ( 'NONE', #15, .T. ) ;
#1651 = CARTESIAN_POINT ( 'NONE',  ( -289.5000000000000000, -185.0000000000000000, -54.00000000000000000 ) ) ;
#1652 = AXIS2_PLACEMENT_3D ( 'NONE', #443, #275, #2478 ) ;
#1653 = VECTOR ( 'NONE', #1468, 1000.000000000000000 ) ;
#1654 = ORIENTED_EDGE ( 'NONE', *, *, #175, .F. ) ;
#1655 = CARTESIAN_POINT ( 'NONE',  ( 289.5000000000000000, -190.0000000000000000, -4.399999999999999467 ) ) ;
#1656 = ADVANCED_FACE ( 'NONE', ( #2115 ), #1960, .T. ) ;
#1657 = DIRECTION ( 'NONE',  ( 0.000000000000000000, -1.000000000000000000, -0.000000000000000000 ) ) ;
#1658 = EDGE_CURVE ( 'NONE', #2138, #282, #937, .T. ) ;
#1659 = VERTEX_POINT ( 'NONE', #1947 ) ;
#1660 = FACE_BOUND ( 'NONE', #1516, .T. ) ;
#1661 = ORIENTED_EDGE ( 'NONE', *, *, #314, .T. ) ;
#1662 = CARTESIAN_POINT ( 'NONE',  ( -289.3999999999999773, -198.0000000000000000, 12.00000000000000000 ) ) ;
#1663 = EDGE_CURVE ( 'NONE', #309, #992, #199, .T. ) ;
#1664 = DIRECTION ( 'NONE',  ( -1.000000000000000000, -0.000000000000000000, 0.000000000000000000 ) ) ;
#1665 = VERTEX_POINT ( 'NONE', #1541 ) ;
#1666 = DIRECTION ( 'NONE',  ( 0.000000000000000000, 0.000000000000000000, -1.000000000000000000 ) ) ;
#1667 = ORIENTED_EDGE ( 'NONE', *, *, #1902, .F. ) ;
#1668 = EDGE_CURVE ( 'NONE', #2287, #760, #2161, .T. ) ;
#1669 = LINE ( 'NONE', #88, #1356 ) ;
#1670 = ORIENTED_EDGE ( 'NONE', *, *, #2284, .F. ) ;
#1671 = CARTESIAN_POINT ( 'NONE',  ( -291.5000000000000000, -194.0000000000000000, 12.00000000000000000 ) ) ;
#1672 = ADVANCED_FACE ( 'NONE', ( #1304 ), #368, .T. ) ;
#1673 = ORIENTED_EDGE ( 'NONE', *, *, #792, .F. ) ;
#1674 = FACE_BOUND ( 'NONE', #1473, .T. ) ;
#1675 = DIRECTION ( 'NONE',  ( 0.000000000000000000, -1.000000000000000000, -0.000000000000000000 ) ) ;
#1676 = PERSON_AND_ORGANIZATION_ROLE ( 'creator' ) ;
#1677 = ORIENTED_EDGE ( 'NONE', *, *, #1314, .F. ) ;
#1678 = CARTESIAN_POINT ( 'NONE',  ( -289.3999999999999773, 198.0000000000000000, 12.00000000000000000 ) ) ;
#1679 = ORIENTED_EDGE ( 'NONE', *, *, #2217, .F. ) ;
#1680 = LINE ( 'NONE', #707, #537 ) ;
#1681 = ORIENTED_EDGE ( 'NONE', *, *, #1173, .F. ) ;
#1682 = CARTESIAN_POINT ( 'NONE',  ( -291.5000000000000000, -196.0000000000000000, -54.00000000000000000 ) ) ;
#1683 = VECTOR ( 'NONE', #2291, 1000.000000000000000 ) ;
#1684 = ORIENTED_EDGE ( 'NONE', *, *, #1709, .T. ) ;
#1685 = DIRECTION ( 'NONE',  ( 1.000000000000000000, 0.000000000000000000, 0.000000000000000000 ) ) ;
#1686 = ADVANCED_FACE ( 'NONE', ( #2323, #2140, #2552, #166, #122 ), #975, .T. ) ;
#1687 = CIRCLE ( 'NONE', #1864, 1.599999999999999867 ) ;
#1688 = PLANE ( 'NONE',  #1159 ) ;
#1689 = ORIENTED_EDGE ( 'NONE', *, *, #1342, .T. ) ;
#1690 = EDGE_CURVE ( 'NONE', #1057, #1350, #997, .T. ) ;
#1691 = EDGE_CURVE ( 'NONE', #2256, #534, #317, .T. ) ;
#1692 = CIRCLE ( 'NONE', #2251, 1.600000000000000755 ) ;
#1693 = FACE_OUTER_BOUND ( 'NONE', #698, .T. ) ;
#1694 = EDGE_CURVE ( 'NONE', #956, #1939, #566, .T. ) ;
#1695 = AXIS2_PLACEMENT_3D ( 'NONE', #3, #2384, #2423 ) ;
#1696 = ORIENTED_EDGE ( 'NONE', *, *, #1156, .T. ) ;
#1697 = CARTESIAN_POINT ( 'NONE',  ( -289.5000000000000000, 207.0000000000000284, -54.00000000000000000 ) ) ;
#1698 = VECTOR ( 'NONE', #401, 1000.000000000000000 ) ;
#1699 = ADVANCED_FACE ( 'NONE', ( #519 ), #740, .T. ) ;
#1700 = CIRCLE ( 'NONE', #672, 1.600000000000000755 ) ;
#1701 = ORIENTED_EDGE ( 'NONE', *, *, #2292, .F. ) ;
#1702 = DIRECTION ( 'NONE',  ( 0.000000000000000000, 0.000000000000000000, 1.000000000000000000 ) ) ;
#1703 = CIRCLE ( 'NONE', #2047, 1.599999999999999867 ) ;
#1704 = ORIENTED_EDGE ( 'NONE', *, *, #1823, .F. ) ;
#1705 = CARTESIAN_POINT ( 'NONE',  ( -289.1999999999999886, 202.0000000000000000, -16.40000000000000213 ) ) ;
#1706 = PERSON_AND_ORGANIZATION ( #724, #351 ) ;
#1707 = EDGE_CURVE ( 'NONE', #1311, #1294, #344, .T. ) ;
#1708 = CARTESIAN_POINT ( 'NONE',  ( 290.5000000000000000, -207.0000000000000284, 12.00000000000000355 ) ) ;
#1709 = EDGE_CURVE ( 'NONE', #971, #2237, #144, .T. ) ;
#1710 = DIRECTION ( 'NONE',  ( -1.000000000000000000, -0.000000000000000000, 0.000000000000000000 ) ) ;
#1711 = ORIENTED_EDGE ( 'NONE', *, *, #1691, .T. ) ;
#1712 = CARTESIAN_POINT ( 'NONE',  ( -289.5000000000000000, -196.0000000000000000, 12.00000000000000355 ) ) ;
#1713 = VERTEX_POINT ( 'NONE', #1142 ) ;
#1714 = DIRECTION ( 'NONE',  ( 1.000000000000000000, 0.000000000000000000, -0.000000000000000000 ) ) ;
#1715 = VERTEX_POINT ( 'NONE', #2150 ) ;
#1716 = CARTESIAN_POINT ( 'NONE',  ( -291.5000000000000000, 190.0000000000000000, -16.40000000000000213 ) ) ;
#1717 = DIRECTION ( 'NONE',  ( -0.000000000000000000, 1.000000000000000000, 0.000000000000000000 ) ) ;
#1718 = CARTESIAN_POINT ( 'NONE',  ( 289.5000000000000000, 202.0000000000000000, -7.600000000000000533 ) ) ;
#1719 = DIRECTION ( 'NONE',  ( 1.000000000000000000, 0.000000000000000000, -0.000000000000000000 ) ) ;
#1720 = EDGE_LOOP ( 'NONE', ( #398, #380, #1032, #694 ) ) ;
#1721 = DIRECTION ( 'NONE',  ( -0.000000000000000000, 1.000000000000000000, 0.000000000000000000 ) ) ;
#1722 = CC_DESIGN_PERSON_AND_ORGANIZATION_ASSIGNMENT ( #1370, #1989, ( #562 ) ) ;
#1723 = ORIENTED_EDGE ( 'NONE', *, *, #684, .T. ) ;
#1724 = CARTESIAN_POINT ( 'NONE',  ( -289.1999999999999886, 190.0000000000000000, -19.60000000000000142 ) ) ;
#1725 = ORIENTED_EDGE ( 'NONE', *, *, #1788, .F. ) ;
#1726 = LINE ( 'NONE', #2392, #2574 ) ;
#1727 = AXIS2_PLACEMENT_3D ( 'NONE', #1838, #1464, #2253 ) ;
#1728 = CARTESIAN_POINT ( 'NONE',  ( 289.3999999999999773, 194.0000000000000000, 14.00000000000000000 ) ) ;
#1729 = AXIS2_PLACEMENT_3D ( 'NONE', #2188, #383, #396 ) ;
#1730 = VECTOR ( 'NONE', #1963, 1000.000000000000000 ) ;
#1731 = CARTESIAN_POINT ( 'NONE',  ( 289.5000000000000000, -185.0000000000000000, -54.00000000000000000 ) ) ;
#1732 = ORIENTED_EDGE ( 'NONE', *, *, #298, .F. ) ;
#1733 = PLANE ( 'NONE',  #1317 ) ;
#1734 = CIRCLE ( 'NONE', #830, 1.599999999999999867 ) ;
#1735 = AXIS2_PLACEMENT_3D ( 'NONE', #768, #1934, #1754 ) ;
#1736 = ORIENTED_EDGE ( 'NONE', *, *, #752, .T. ) ;
#1737 = CARTESIAN_POINT ( 'NONE',  ( 291.5000000000000000, 196.0000000000000000, -54.00000000000000000 ) ) ;
#1738 = CIRCLE ( 'NONE', #200, 1.600000000000000755 ) ;
#1739 = EDGE_CURVE ( 'NONE', #2237, #770, #354, .T. ) ;
#1740 = EDGE_LOOP ( 'NONE', ( #2500, #2495, #128, #1301, #466, #288, #510, #1750 ) ) ;
#1741 = ORIENTED_EDGE ( 'NONE', *, *, #1060, .F. ) ;
#1742 = CARTESIAN_POINT ( 'NONE',  ( 291.5000000000000000, -190.0000000000000000, -18.00000000000000355 ) ) ;
#1743 = AXIS2_PLACEMENT_3D ( 'NONE', #257, #951, #2338 ) ;
#1744 = ADVANCED_FACE ( 'NONE', ( #1517 ), #529, .T. ) ;
#1745 = COORDINATED_UNIVERSAL_TIME_OFFSET ( 8, 0, .AHEAD. ) ;
#1746 = CARTESIAN_POINT ( 'NONE',  ( -291.5000000000000000, 196.0000000000000000, 12.00000000000000355 ) ) ;
#1747 = PLANE ( 'NONE',  #2261 ) ;
#1748 = EDGE_LOOP ( 'NONE', ( #50, #1420 ) ) ;
#1749 = PLANE ( 'NONE',  #447 ) ;
#1750 = ORIENTED_EDGE ( 'NONE', *, *, #1709, .F. ) ;
#1751 = CARTESIAN_POINT ( 'NONE',  ( 289.5000000000000000, -207.0000000000000284, -54.00000000000000000 ) ) ;
#1752 = ORIENTED_EDGE ( 'NONE', *, *, #984, .T. ) ;
#1753 = CARTESIAN_POINT ( 'NONE',  ( 290.5000000000000000, 185.0000000000000000, -54.00000000000000000 ) ) ;
#1754 = DIRECTION ( 'NONE',  ( -0.000000000000000000, 0.000000000000000000, -1.000000000000000000 ) ) ;
#1755 = CARTESIAN_POINT ( 'NONE',  ( 290.5000000000000000, -185.0000000000000000, 12.00000000000000355 ) ) ;
#1756 = ORIENTED_EDGE ( 'NONE', *, *, #1806, .T. ) ;
#1757 = DIRECTION ( 'NONE',  ( 0.000000000000000000, -0.000000000000000000, 1.000000000000000000 ) ) ;
#1758 = ORIENTED_EDGE ( 'NONE', *, *, #1658, .F. ) ;
#1759 = DIRECTION ( 'NONE',  ( -0.000000000000000000, 0.000000000000000000, -1.000000000000000000 ) ) ;
#1760 = VERTEX_POINT ( 'NONE', #1926 ) ;
#1761 = DIRECTION ( 'NONE',  ( -1.000000000000000000, 0.000000000000000000, 0.000000000000000000 ) ) ;
#1762 = CIRCLE ( 'NONE', #1451, 1.600000000000000755 ) ;
#1763 = DATE_TIME_ROLE ( 'creation_date' ) ;
#1764 = VERTEX_POINT ( 'NONE', #1224 ) ;
#1765 = FACE_OUTER_BOUND ( 'NONE', #1408, .T. ) ;
#1766 = VECTOR ( 'NONE', #350, 1000.000000000000000 ) ;
#1767 = ADVANCED_FACE ( 'NONE', ( #1382 ), #431, .F. ) ;
#1768 = DIRECTION ( 'NONE',  ( -0.000000000000000000, 1.000000000000000000, 0.000000000000000000 ) ) ;
#1769 = VECTOR ( 'NONE', #2354, 1000.000000000000000 ) ;
#1770 = DIRECTION ( 'NONE',  ( 0.000000000000000000, -1.000000000000000000, -0.000000000000000000 ) ) ;
#1771 = VECTOR ( 'NONE', #1685, 1000.000000000000000 ) ;
#1772 = FACE_OUTER_BOUND ( 'NONE', #406, .T. ) ;
#1773 = VECTOR ( 'NONE', #1808, 1000.000000000000000 ) ;
#1774 = ORIENTED_EDGE ( 'NONE', *, *, #762, .T. ) ;
#1775 = EDGE_CURVE ( 'NONE', #818, #2309, #1576, .T. ) ;
#1776 = CARTESIAN_POINT ( 'NONE',  ( -289.5000000000000000, -196.0000000000000000, 12.00000000000000355 ) ) ;
#1777 = VECTOR ( 'NONE', #1480, 1000.000000000000000 ) ;
#1778 = VECTOR ( 'NONE', #1550, 1000.000000000000000 ) ;
#1779 = DIRECTION ( 'NONE',  ( 0.000000000000000000, 0.000000000000000000, 1.000000000000000000 ) ) ;
#1780 = EDGE_LOOP ( 'NONE', ( #68, #687, #337, #516 ) ) ;
#1781 = DIRECTION ( 'NONE',  ( 0.000000000000000000, -1.000000000000000000, -0.000000000000000000 ) ) ;
#1782 = AXIS2_PLACEMENT_3D ( 'NONE', #2434, #82, #95 ) ;
#1783 = AXIS2_PLACEMENT_3D ( 'NONE', #846, #1842, #477 ) ;
#1784 = PERSON_AND_ORGANIZATION ( #724, #351 ) ;
#1785 = ADVANCED_FACE ( 'NONE', ( #2174, #2216, #1798, #16, #998 ), #1562, .T. ) ;
#1786 = DIRECTION ( 'NONE',  ( 0.000000000000000000, 0.000000000000000000, -1.000000000000000000 ) ) ;
#1787 = LINE ( 'NONE', #2262, #1246 ) ;
#1788 = EDGE_CURVE ( 'NONE', #1287, #936, #240, .T. ) ;
#1789 = VERTEX_POINT ( 'NONE', #1034 ) ;
#1790 = CARTESIAN_POINT ( 'NONE',  ( -290.5000000000000000, 185.0000000000000000, -54.00000000000000000 ) ) ;
#1791 = ADVANCED_FACE ( 'NONE', ( #222 ), #630, .F. ) ;
#1792 = EDGE_LOOP ( 'NONE', ( #271, #2200, #2013, #857 ) ) ;
#1793 = CARTESIAN_POINT ( 'NONE',  ( 289.5000000000000000, 194.0000000000000000, 12.00000000000000355 ) ) ;
#1794 = FACE_OUTER_BOUND ( 'NONE', #1201, .T. ) ;
#1795 = ORIENTED_EDGE ( 'NONE', *, *, #2292, .T. ) ;
#1796 = DIRECTION ( 'NONE',  ( -1.000000000000000000, -0.000000000000000000, 0.000000000000000000 ) ) ;
#1797 = ORIENTED_EDGE ( 'NONE', *, *, #2560, .T. ) ;
#1798 = FACE_BOUND ( 'NONE', #2092, .T. ) ;
#1799 = CARTESIAN_POINT ( 'NONE',  ( 291.5000000000000000, -185.0000000000000000, -54.00000000000000000 ) ) ;
#1800 = ORIENTED_EDGE ( 'NONE', *, *, #243, .T. ) ;
#1801 = PLANE ( 'NONE',  #875 ) ;
#1802 = ORIENTED_EDGE ( 'NONE', *, *, #1252, .F. ) ;
#1803 = EDGE_CURVE ( 'NONE', #992, #309, #2417, .T. ) ;
#1804 = DIRECTION ( 'NONE',  ( -0.000000000000000000, 1.000000000000000000, 0.000000000000000000 ) ) ;
#1805 = CARTESIAN_POINT ( 'NONE',  ( -289.1999999999999886, 202.0000000000000000, -19.60000000000000142 ) ) ;
#1806 = EDGE_CURVE ( 'NONE', #1939, #1078, #1828, .T. ) ;
#1807 = ORIENTED_EDGE ( 'NONE', *, *, #181, .T. ) ;
#1808 = DIRECTION ( 'NONE',  ( -0.000000000000000000, 1.000000000000000000, 0.000000000000000000 ) ) ;
#1809 = ORIENTED_EDGE ( 'NONE', *, *, #491, .F. ) ;
#1810 = VERTEX_POINT ( 'NONE', #2185 ) ;
#1811 = CARTESIAN_POINT ( 'NONE',  ( 289.1999999999999886, -202.0000000000000000, -6.000000000000000000 ) ) ;
#1812 = DIRECTION ( 'NONE',  ( 0.000000000000000000, 0.000000000000000000, -1.000000000000000000 ) ) ;
#1813 = LINE ( 'NONE', #1001, #1824 ) ;
#1814 = AXIS2_PLACEMENT_3D ( 'NONE', #819, #2209, #2192 ) ;
#1815 = VERTEX_POINT ( 'NONE', #1169 ) ;
#1816 = DIRECTION ( 'NONE',  ( -0.000000000000000000, 1.000000000000000000, 0.000000000000000000 ) ) ;
#1817 = VERTEX_POINT ( 'NONE', #191 ) ;
#1818 = AXIS2_PLACEMENT_3D ( 'NONE', #197, #2433, #1453 ) ;
#1819 = CARTESIAN_POINT ( 'NONE',  ( -291.5000000000000000, 185.0000000000000000, -54.00000000000000000 ) ) ;
#1820 = VECTOR ( 'NONE', #594, 1000.000000000000000 ) ;
#1821 = ORIENTED_EDGE ( 'NONE', *, *, #1280, .F. ) ;
#1822 = CARTESIAN_POINT ( 'NONE',  ( -291.5000000000000000, -196.0000000000000000, -54.00000000000000000 ) ) ;
#1823 = EDGE_CURVE ( 'NONE', #1555, #568, #1609, .T. ) ;
#1824 = VECTOR ( 'NONE', #832, 1000.000000000000000 ) ;
#1825 = EDGE_LOOP ( 'NONE', ( #1954, #1620, #652, #201 ) ) ;
#1826 = DIRECTION ( 'NONE',  ( 1.000000000000000000, 0.000000000000000000, -0.000000000000000000 ) ) ;
#1827 = VECTOR ( 'NONE', #1915, 1000.000000000000000 ) ;
#1828 = LINE ( 'NONE', #2021, #2583 ) ;
#1829 = AXIS2_PLACEMENT_3D ( 'NONE', #1472, #1518, #1053 ) ;
#1830 = ADVANCED_FACE ( 'NONE', ( #1426 ), #617, .F. ) ;
#1831 = CYLINDRICAL_SURFACE ( 'NONE', #1289, 1.599999999999999867 ) ;
#1832 = FACE_OUTER_BOUND ( 'NONE', #1889, .T. ) ;
#1833 = AXIS2_PLACEMENT_3D ( 'NONE', #2114, #728, #1491 ) ;
#1834 = ORIENTED_EDGE ( 'NONE', *, *, #308, .T. ) ;
#1835 = LINE ( 'NONE', #2051, #444 ) ;
#1836 = CARTESIAN_POINT ( 'NONE',  ( 291.5000000000000000, 198.0000000000000000, 14.00000000000000000 ) ) ;
#1837 = ORIENTED_EDGE ( 'NONE', *, *, #43, .F. ) ;
#1838 = CARTESIAN_POINT ( 'NONE',  ( 291.5000000000000000, -202.0000000000000000, -6.000000000000000000 ) ) ;
#1839 = EDGE_LOOP ( 'NONE', ( #989, #2317, #1677, #2044 ) ) ;
#1840 = PLANE ( 'NONE',  #2121 ) ;
#1841 = CYLINDRICAL_SURFACE ( 'NONE', #1285, 1.600000000000000755 ) ;
#1842 = DIRECTION ( 'NONE',  ( -1.000000000000000000, -0.000000000000000000, 0.000000000000000000 ) ) ;
#1843 = CARTESIAN_POINT ( 'NONE',  ( 289.3999999999999773, 198.0000000000000000, 14.00000000000000000 ) ) ;
#1844 = ORIENTED_EDGE ( 'NONE', *, *, #314, .F. ) ;
#1845 = DIRECTION ( 'NONE',  ( 1.000000000000000000, 0.000000000000000000, -0.000000000000000000 ) ) ;
#1846 = ADVANCED_FACE ( 'NONE', ( #1992 ), #985, .T. ) ;
#1847 = LINE ( 'NONE', #651, #245 ) ;
#1848 = ORIENTED_EDGE ( 'NONE', *, *, #751, .F. ) ;
#1849 = CARTESIAN_POINT ( 'NONE',  ( -291.5000000000000000, 202.0000000000000000, -6.000000000000000000 ) ) ;
#1850 = ORIENTED_EDGE ( 'NONE', *, *, #315, .F. ) ;
#1851 = FACE_OUTER_BOUND ( 'NONE', #72, .T. ) ;
#1852 = FACE_OUTER_BOUND ( 'NONE', #231, .T. ) ;
#1853 = PRODUCT ( 'LidLatchDoublerPack_V09_5052', 'LidLatchDoublerPack_V09_5052', '', ( #1872 ) ) ;
#1854 = DIRECTION ( 'NONE',  ( -0.000000000000000000, 1.000000000000000000, 0.000000000000000000 ) ) ;
#1855 = LINE ( 'NONE', #1075, #2210 ) ;
#1856 = AXIS2_PLACEMENT_3D ( 'NONE', #1633, #1007, #457 ) ;
#1857 = ORIENTED_EDGE ( 'NONE', *, *, #1286, .F. ) ;
#1858 = CARTESIAN_POINT ( 'NONE',  ( -289.1999999999999886, 202.0000000000000000, -4.400000000000000355 ) ) ;
#1859 = ADVANCED_FACE ( 'NONE', ( #1198 ), #2371, .F. ) ;
#1860 = LINE ( 'NONE', #1272, #545 ) ;
#1861 = EDGE_LOOP ( 'NONE', ( #2306, #2320 ) ) ;
#1862 = FACE_OUTER_BOUND ( 'NONE', #428, .T. ) ;
#1863 = VECTOR ( 'NONE', #1128, 1000.000000000000000 ) ;
#1864 = AXIS2_PLACEMENT_3D ( 'NONE', #2544, #136, #780 ) ;
#1865 = CIRCLE ( 'NONE', #1399, 1.599999999999999867 ) ;
#1866 = ORIENTED_EDGE ( 'NONE', *, *, #1487, .T. ) ;
#1867 = PLANE ( 'NONE',  #1238 ) ;
#1868 = DIRECTION ( 'NONE',  ( 0.000000000000000000, 0.000000000000000000, -1.000000000000000000 ) ) ;
#1869 = AXIS2_PLACEMENT_3D ( 'NONE', #1873, #678, #1469 ) ;
#1870 = EDGE_CURVE ( 'NONE', #2155, #1764, #2201, .T. ) ;
#1871 = AXIS2_PLACEMENT_3D ( 'NONE', #964, #2563, #757 ) ;
#1872 = MECHANICAL_CONTEXT ( 'NONE', #1261, 'mechanical' ) ;
#1873 = CARTESIAN_POINT ( 'NONE',  ( 289.5000000000000000, 202.0000000000000000, -18.00000000000000355 ) ) ;
#1874 = AXIS2_PLACEMENT_3D ( 'NONE', #2236, #2193, #1039 ) ;
#1875 = VECTOR ( 'NONE', #1613, 1000.000000000000000 ) ;
#1876 = EDGE_LOOP ( 'NONE', ( #1101, #1756, #835, #64 ) ) ;
#1877 = ADVANCED_FACE ( 'NONE', ( #1765 ), #2576, .T. ) ;
#1878 = LINE ( 'NONE', #891, #703 ) ;
#1879 = ORIENTED_EDGE ( 'NONE', *, *, #13, .F. ) ;
#1880 = CARTESIAN_POINT ( 'NONE',  ( -291.5000000000000000, 198.0000000000000000, 12.00000000000000000 ) ) ;
#1881 = ORIENTED_EDGE ( 'NONE', *, *, #209, .T. ) ;
#1882 = DIRECTION ( 'NONE',  ( -1.000000000000000000, -0.000000000000000000, 0.000000000000000000 ) ) ;
#1883 = ORIENTED_EDGE ( 'NONE', *, *, #2588, .T. ) ;
#1884 = CARTESIAN_POINT ( 'NONE',  ( 289.5000000000000000, 196.0000000000000000, -54.00000000000000000 ) ) ;
#1885 = DIRECTION ( 'NONE',  ( 1.000000000000000000, 0.000000000000000000, 0.000000000000000000 ) ) ;
#1886 = VERTEX_POINT ( 'NONE', #1599 ) ;
#1887 = FACE_OUTER_BOUND ( 'NONE', #2455, .T. ) ;
#1888 = EDGE_CURVE ( 'NONE', #936, #1287, #833, .T. ) ;
#1889 = EDGE_LOOP ( 'NONE', ( #1774, #1470, #2451, #1881 ) ) ;
#1890 = DIRECTION ( 'NONE',  ( 1.000000000000000000, 0.000000000000000000, -0.000000000000000000 ) ) ;
#1891 = EDGE_CURVE ( 'NONE', #568, #1555, #1533, .T. ) ;
#1892 = VERTEX_POINT ( 'NONE', #2447 ) ;
#1893 = DIRECTION ( 'NONE',  ( 0.000000000000000000, 0.000000000000000000, 1.000000000000000000 ) ) ;
#1894 = ADVANCED_FACE ( 'NONE', ( #263 ), #1841, .F. ) ;
#1895 = ORIENTED_EDGE ( 'NONE', *, *, #945, .T. ) ;
#1896 = LINE ( 'NONE', #1514, #117 ) ;
#1897 =( GEOMETRIC_REPRESENTATION_CONTEXT ( 3 ) GLOBAL_UNCERTAINTY_ASSIGNED_CONTEXT ( ( #347 ) ) GLOBAL_UNIT_ASSIGNED_CONTEXT ( ( #888, #1504, #1087 ) ) REPRESENTATION_CONTEXT ( 'NONE', 'WORKASPACE' ) );
#1898 = EDGE_CURVE ( 'NONE', #1713, #2157, #755, .T. ) ;
#1899 = CARTESIAN_POINT ( 'NONE',  ( 291.5000000000000000, 202.0000000000000000, -6.000000000000000000 ) ) ;
#1900 = ORIENTED_EDGE ( 'NONE', *, *, #2498, .T. ) ;
#1901 = CARTESIAN_POINT ( 'NONE',  ( 289.5000000000000000, 202.0000000000000000, -6.000000000000000000 ) ) ;
#1902 = EDGE_CURVE ( 'NONE', #1789, #2183, #2059, .T. ) ;
#1903 = ORIENTED_EDGE ( 'NONE', *, *, #2271, .F. ) ;
#1904 = FACE_OUTER_BOUND ( 'NONE', #1265, .T. ) ;
#1905 = VECTOR ( 'NONE', #1000, 1000.000000000000000 ) ;
#1906 = ADVANCED_FACE ( 'NONE', ( #1852 ), #898, .T. ) ;
#1907 = ORIENTED_EDGE ( 'NONE', *, *, #585, .T. ) ;
#1908 = AXIS2_PLACEMENT_3D ( 'NONE', #1070, #1996, #854 ) ;
#1909 = PLANE ( 'NONE',  #2040 ) ;
#1910 = ADVANCED_FACE ( 'NONE', ( #1624 ), #2285, .T. ) ;
#1911 = VECTOR ( 'NONE', #1951, 1000.000000000000000 ) ;
#1912 = CIRCLE ( 'NONE', #400, 1.599999999999999867 ) ;
#1913 = DIRECTION ( 'NONE',  ( 0.000000000000000000, 0.000000000000000000, 1.000000000000000000 ) ) ;
#1914 = VECTOR ( 'NONE', #702, 1000.000000000000000 ) ;
#1915 = DIRECTION ( 'NONE',  ( 1.000000000000000000, 0.000000000000000000, -0.000000000000000000 ) ) ;
#1916 = VECTOR ( 'NONE', #2527, 1000.000000000000000 ) ;
#1917 = CARTESIAN_POINT ( 'NONE',  ( 289.5000000000000000, -202.0000000000000000, -6.000000000000000000 ) ) ;
#1918 = LINE ( 'NONE', #125, #2551 ) ;
#1919 = DIRECTION ( 'NONE',  ( -0.000000000000000000, 1.000000000000000000, 0.000000000000000000 ) ) ;
#1920 = VECTOR ( 'NONE', #1994, 1000.000000000000000 ) ;
#1921 = ORIENTED_EDGE ( 'NONE', *, *, #209, .F. ) ;
#1922 = DIRECTION ( 'NONE',  ( 0.000000000000000000, 0.000000000000000000, -1.000000000000000000 ) ) ;
#1923 = EDGE_LOOP ( 'NONE', ( #2277, #1463, #2301, #1345, #1008 ) ) ;
#1924 = CARTESIAN_POINT ( 'NONE',  ( -289.3999999999999773, -196.0000000000000000, 12.00000000000000000 ) ) ;
#1925 = DIRECTION ( 'NONE',  ( 0.000000000000000000, 0.000000000000000000, -1.000000000000000000 ) ) ;
#1926 = CARTESIAN_POINT ( 'NONE',  ( 289.5000000000000000, -207.0000000000000284, -54.00000000000000000 ) ) ;
#1927 = CARTESIAN_POINT ( 'NONE',  ( 289.1999999999999886, 202.0000000000000000, -6.000000000000000000 ) ) ;
#1928 = DIRECTION ( 'NONE',  ( 0.000000000000000000, 0.000000000000000000, 1.000000000000000000 ) ) ;
#1929 = CARTESIAN_POINT ( 'NONE',  ( -289.1999999999999886, -202.0000000000000000, -19.60000000000000142 ) ) ;
#1930 = ORIENTED_EDGE ( 'NONE', *, *, #2255, .F. ) ;
#1931 = LINE ( 'NONE', #2586, #1995 ) ;
#1932 = VERTEX_POINT ( 'NONE', #489 ) ;
#1933 = CARTESIAN_POINT ( 'NONE',  ( -291.5000000000000000, 190.0000000000000000, -6.000000000000000000 ) ) ;
#1934 = DIRECTION ( 'NONE',  ( 1.000000000000000000, 0.000000000000000000, -0.000000000000000000 ) ) ;
#1935 = CARTESIAN_POINT ( 'NONE',  ( -289.5000000000000000, -185.0000000000000000, -54.00000000000000000 ) ) ;
#1936 = EDGE_CURVE ( 'NONE', #2071, #1485, #2046, .T. ) ;
#1937 = DIRECTION ( 'NONE',  ( 1.000000000000000000, 0.000000000000000000, 0.000000000000000000 ) ) ;
#1938 = CARTESIAN_POINT ( 'NONE',  ( -287.3000000000000114, 196.0000000000000000, 12.00000000000000000 ) ) ;
#1939 = VERTEX_POINT ( 'NONE', #869 ) ;
#1940 = LINE ( 'NONE', #1151, #2573 ) ;
#1941 = EDGE_CURVE ( 'NONE', #1054, #1018, #834, .T. ) ;
#1942 = ORIENTED_EDGE ( 'NONE', *, *, #2010, .F. ) ;
#1943 = VERTEX_POINT ( 'NONE', #1267 ) ;
#1944 = DIRECTION ( 'NONE',  ( -1.000000000000000000, -0.000000000000000000, 0.000000000000000000 ) ) ;
#1945 = CIRCLE ( 'NONE', #193, 1.600000000000000755 ) ;
#1946 = MANIFOLD_SOLID_BREP ( 'Right lower external lid doubler', #2052 ) ;
#1947 = CARTESIAN_POINT ( 'NONE',  ( 291.5000000000000000, 198.0000000000000000, 12.00000000000000355 ) ) ;
#1948 = AXIS2_PLACEMENT_3D ( 'NONE', #239, #1402, #2389 ) ;
#1949 = FACE_OUTER_BOUND ( 'NONE', #1982, .T. ) ;
#1950 = LINE ( 'NONE', #1135, #2368 ) ;
#1951 = DIRECTION ( 'NONE',  ( 1.000000000000000000, 0.000000000000000000, 0.000000000000000000 ) ) ;
#1952 = VECTOR ( 'NONE', #2189, 1000.000000000000000 ) ;
#1953 = VECTOR ( 'NONE', #2093, 1000.000000000000000 ) ;
#1954 = ORIENTED_EDGE ( 'NONE', *, *, #1549, .F. ) ;
#1955 = LINE ( 'NONE', #161, #2122 ) ;
#1956 = VECTOR ( 'NONE', #1249, 1000.000000000000000 ) ;
#1957 = ORIENTED_EDGE ( 'NONE', *, *, #1042, .T. ) ;
#1958 = FACE_OUTER_BOUND ( 'NONE', #1282, .T. ) ;
#1959 = AXIS2_PLACEMENT_3D ( 'NONE', #2580, #382, #1354 ) ;
#1960 = PLANE ( 'NONE',  #1871 ) ;
#1961 = DIRECTION ( 'NONE',  ( 0.000000000000000000, 0.000000000000000000, 1.000000000000000000 ) ) ;
#1962 = VERTEX_POINT ( 'NONE', #855 ) ;
#1963 = DIRECTION ( 'NONE',  ( 1.000000000000000000, 0.000000000000000000, -0.000000000000000000 ) ) ;
#1964 = ORIENTED_EDGE ( 'NONE', *, *, #1241, .T. ) ;
#1965 = EDGE_CURVE ( 'NONE', #414, #2155, #1086, .T. ) ;
#1966 = PLANE ( 'NONE',  #781 ) ;
#1967 = EDGE_CURVE ( 'NONE', #1018, #1054, #39, .T. ) ;
#1968 = MANIFOLD_SOLID_BREP ( 'Right upper external lid doubler', #2175 ) ;
#1969 = VERTEX_POINT ( 'NONE', #2241 ) ;
#1970 = LINE ( 'NONE', #153, #1450 ) ;
#1971 = ADVANCED_FACE ( 'NONE', ( #1255 ), #644, .F. ) ;
#1972 = ADVANCED_FACE ( 'NONE', ( #1467 ), #2073, .F. ) ;
#1973 = DATE_AND_TIME ( #996, #774 ) ;
#1974 = MANIFOLD_SOLID_BREP ( 'Left upper external lid doubler', #1503 ) ;
#1975 = ORIENTED_EDGE ( 'NONE', *, *, #55, .T. ) ;
#1976 = CARTESIAN_POINT ( 'NONE',  ( -291.5000000000000000, -196.0000000000000000, 14.00000000000000000 ) ) ;
#1977 = ADVANCED_FACE ( 'NONE', ( #1432 ), #991, .F. ) ;
#1978 = DIRECTION ( 'NONE',  ( 0.000000000000000000, 0.000000000000000000, 1.000000000000000000 ) ) ;
#1979 = CARTESIAN_POINT ( 'NONE',  ( -291.5000000000000000, 185.0000000000000000, 12.00000000000000355 ) ) ;
#1980 = DIRECTION ( 'NONE',  ( 0.000000000000000000, 0.000000000000000000, 1.000000000000000000 ) ) ;
#1981 = EDGE_CURVE ( 'NONE', #2183, #1545, #587, .T. ) ;
#1982 = EDGE_LOOP ( 'NONE', ( #37, #1866, #763, #2263 ) ) ;
#1983 = LINE ( 'NONE', #2569, #654 ) ;
#1984 = EDGE_CURVE ( 'NONE', #2163, #295, #2584, .T. ) ;
#1985 = CARTESIAN_POINT ( 'NONE',  ( -289.5000000000000000, -202.0000000000000000, -18.00000000000000355 ) ) ;
#1986 = ORIENTED_EDGE ( 'NONE', *, *, #1984, .T. ) ;
#1987 = LINE ( 'NONE', #575, #2454 ) ;
#1988 = EDGE_CURVE ( 'NONE', #1715, #1492, #1536, .T. ) ;
#1989 = PERSON_AND_ORGANIZATION_ROLE ( 'classification_officer' ) ;
#1990 = VERTEX_POINT ( 'NONE', #1836 ) ;
#1991 = ADVANCED_FACE ( 'NONE', ( #2402, #610, #820, #2211, #1605 ), #850, .T. ) ;
#1992 = FACE_OUTER_BOUND ( 'NONE', #2487, .T. ) ;
#1993 = VECTOR ( 'NONE', #1324, 1000.000000000000000 ) ;
#1994 = DIRECTION ( 'NONE',  ( 0.000000000000000000, 0.000000000000000000, 1.000000000000000000 ) ) ;
#1995 = VECTOR ( 'NONE', #2156, 1000.000000000000000 ) ;
#1996 = DIRECTION ( 'NONE',  ( -1.000000000000000000, 0.000000000000000000, 0.000000000000000000 ) ) ;
#1997 = VECTOR ( 'NONE', #897, 1000.000000000000000 ) ;
#1998 = CARTESIAN_POINT ( 'NONE',  ( 289.5000000000000000, 202.0000000000000000, -19.60000000000000142 ) ) ;
#1999 = AXIS2_PLACEMENT_3D ( 'NONE', #2119, #514, #1300 ) ;
#2000 = EDGE_LOOP ( 'NONE', ( #130, #918, #1223, #149, #102 ) ) ;
#2001 = DIRECTION ( 'NONE',  ( 0.000000000000000000, 0.000000000000000000, 1.000000000000000000 ) ) ;
#2002 = CARTESIAN_POINT ( 'NONE',  ( 289.5000000000000000, 196.0000000000000000, 12.00000000000000355 ) ) ;
#2003 = VERTEX_POINT ( 'NONE', #1190 ) ;
#2004 = CARTESIAN_POINT ( 'NONE',  ( 291.5000000000000000, 194.0000000000000000, 12.00000000000000355 ) ) ;
#2005 = VECTOR ( 'NONE', #227, 1000.000000000000000 ) ;
#2006 = VECTOR ( 'NONE', #2324, 1000.000000000000000 ) ;
#2007 = ORIENTED_EDGE ( 'NONE', *, *, #1891, .F. ) ;
#2008 = ORIENTED_EDGE ( 'NONE', *, *, #719, .F. ) ;
#2009 = CARTESIAN_POINT ( 'NONE',  ( -290.5000000000000000, -196.0000000000000000, -54.00000000000000000 ) ) ;
#2010 = EDGE_CURVE ( 'NONE', #1094, #743, #1738, .T. ) ;
#2011 = FACE_OUTER_BOUND ( 'NONE', #1111, .T. ) ;
#2012 = CARTESIAN_POINT ( 'NONE',  ( 289.1999999999999886, 202.0000000000000000, -4.400000000000000355 ) ) ;
#2013 = ORIENTED_EDGE ( 'NONE', *, *, #278, .F. ) ;
#2014 = DIRECTION ( 'NONE',  ( 0.000000000000000000, 0.000000000000000000, 1.000000000000000000 ) ) ;
#2015 = EDGE_CURVE ( 'NONE', #1552, #190, #1388, .T. ) ;
#2016 = DIRECTION ( 'NONE',  ( 0.000000000000000000, 0.000000000000000000, -1.000000000000000000 ) ) ;
#2017 = ORIENTED_EDGE ( 'NONE', *, *, #127, .T. ) ;
#2018 = CYLINDRICAL_SURFACE ( 'NONE', #1856, 1.599999999999999867 ) ;
#2019 = ORIENTED_EDGE ( 'NONE', *, *, #2411, .F. ) ;
#2020 = EDGE_LOOP ( 'NONE', ( #1219, #2388 ) ) ;
#2021 = CARTESIAN_POINT ( 'NONE',  ( 287.3000000000000114, 196.0000000000000000, 14.00000000000000000 ) ) ;
#2022 = PLANE ( 'NONE',  #83 ) ;
#2023 = DIRECTION ( 'NONE',  ( -0.000000000000000000, 0.000000000000000000, -1.000000000000000000 ) ) ;
#2024 = ORIENTED_EDGE ( 'NONE', *, *, #646, .T. ) ;
#2025 = EDGE_CURVE ( 'NONE', #218, #2198, #217, .T. ) ;
#2026 = CARTESIAN_POINT ( 'NONE',  ( 289.3999999999999773, -194.0000000000000000, 12.00000000000000000 ) ) ;
#2027 = LOCAL_TIME ( 20, 15, 4.000000000000000000, #2347 ) ;
#2028 = CARTESIAN_POINT ( 'NONE',  ( -289.5000000000000000, 194.0000000000000000, 12.00000000000000355 ) ) ;
#2029 = VERTEX_POINT ( 'NONE', #2182 ) ;
#2030 = LINE ( 'NONE', #1029, #1110 ) ;
#2031 = EDGE_CURVE ( 'NONE', #1094, #992, #1017, .T. ) ;
#2032 = ORIENTED_EDGE ( 'NONE', *, *, #1165, .T. ) ;
#2033 = CARTESIAN_POINT ( 'NONE',  ( -289.1999999999999886, -190.0000000000000000, -6.000000000000000000 ) ) ;
#2034 = CARTESIAN_POINT ( 'NONE',  ( -289.3999999999999773, -194.0000000000000000, 14.00000000000000000 ) ) ;
#2035 = DIRECTION ( 'NONE',  ( 0.000000000000000000, -1.000000000000000000, 0.000000000000000000 ) ) ;
#2036 = VECTOR ( 'NONE', #2278, 1000.000000000000000 ) ;
#2037 = ORIENTED_EDGE ( 'NONE', *, *, #2025, .T. ) ;
#2038 = DIRECTION ( 'NONE',  ( 0.000000000000000000, 0.000000000000000000, -1.000000000000000000 ) ) ;
#2039 = ADVANCED_FACE ( 'NONE', ( #2041 ), #2589, .T. ) ;
#2040 = AXIS2_PLACEMENT_3D ( 'NONE', #2501, #2488, #341 ) ;
#2041 = FACE_OUTER_BOUND ( 'NONE', #2233, .T. ) ;
#2042 = ORIENTED_EDGE ( 'NONE', *, *, #1891, .T. ) ;
#2043 = CARTESIAN_POINT ( 'NONE',  ( -290.5000000000000000, 207.0000000000000284, 12.00000000000000355 ) ) ;
#2044 = ORIENTED_EDGE ( 'NONE', *, *, #925, .T. ) ;
#2045 = LINE ( 'NONE', #250, #1031 ) ;
#2046 = LINE ( 'NONE', #1454, #2303 ) ;
#2047 = AXIS2_PLACEMENT_3D ( 'NONE', #1917, #1710, #1318 ) ;
#2048 = CARTESIAN_POINT ( 'NONE',  ( 291.5000000000000000, 202.0000000000000000, -18.00000000000000355 ) ) ;
#2049 = DIRECTION ( 'NONE',  ( -1.000000000000000000, 0.000000000000000000, 0.000000000000000000 ) ) ;
#2050 = EDGE_LOOP ( 'NONE', ( #1524, #908, #706, #260 ) ) ;
#2051 = CARTESIAN_POINT ( 'NONE',  ( 287.3000000000000114, -194.0000000000000000, 12.00000000000000000 ) ) ;
#2052 = CLOSED_SHELL ( 'NONE', ( #708, #941, #1859, #2572, #2269, #343, #2438, #22, #1906, #1559, #1785, #246, #2441, #2352, #631, #1846, #1391, #162, #559, #1046 ) ) ;
#2053 = CARTESIAN_POINT ( 'NONE',  ( -291.5000000000000000, 190.0000000000000000, -7.600000000000000533 ) ) ;
#2054 = EDGE_LOOP ( 'NONE', ( #2017, #851, #2575, #588, #1227, #77, #1495, #2432 ) ) ;
#2055 = DIRECTION ( 'NONE',  ( -1.000000000000000000, -0.000000000000000000, 0.000000000000000000 ) ) ;
#2056 = VERTEX_POINT ( 'NONE', #2390 ) ;
#2057 = CARTESIAN_POINT ( 'NONE',  ( -289.1999999999999886, 202.0000000000000000, -6.000000000000000000 ) ) ;
#2058 = EDGE_CURVE ( 'NONE', #2204, #1216, #921, .T. ) ;
#2059 = LINE ( 'NONE', #292, #413 ) ;
#2060 = DIRECTION ( 'NONE',  ( 1.000000000000000000, 0.000000000000000000, -0.000000000000000000 ) ) ;
#2061 = ORIENTED_EDGE ( 'NONE', *, *, #1571, .F. ) ;
#2062 = EDGE_CURVE ( 'NONE', #2445, #1273, #1005, .T. ) ;
#2063 = DIRECTION ( 'NONE',  ( -1.000000000000000000, -0.000000000000000000, 0.000000000000000000 ) ) ;
#2064 = EDGE_CURVE ( 'NONE', #1886, #468, #1231, .T. ) ;
#2065 = EDGE_LOOP ( 'NONE', ( #1957, #629, #1196, #358 ) ) ;
#2066 = CARTESIAN_POINT ( 'NONE',  ( -289.5000000000000000, 202.0000000000000000, -4.399999999999999467 ) ) ;
#2067 = DIRECTION ( 'NONE',  ( 0.000000000000000000, 0.000000000000000000, -1.000000000000000000 ) ) ;
#2068 = VERTEX_POINT ( 'NONE', #639 ) ;
#2069 = DIRECTION ( 'NONE',  ( 0.000000000000000000, 0.000000000000000000, 1.000000000000000000 ) ) ;
#2070 = EDGE_CURVE ( 'NONE', #1392, #2325, #241, .T. ) ;
#2071 = VERTEX_POINT ( 'NONE', #2028 ) ;
#2072 = FACE_OUTER_BOUND ( 'NONE', #2408, .T. ) ;
#2073 = CYLINDRICAL_SURFACE ( 'NONE', #1652, 1.600000000000000755 ) ;
#2074 = EDGE_CURVE ( 'NONE', #493, #1962, #1176, .T. ) ;
#2075 = ADVANCED_FACE ( 'NONE', ( #1794 ), #36, .F. ) ;
#2076 = DIRECTION ( 'NONE',  ( 0.000000000000000000, -1.000000000000000000, 0.000000000000000000 ) ) ;
#2077 = DIRECTION ( 'NONE',  ( 1.000000000000000000, 0.000000000000000000, 0.000000000000000000 ) ) ;
#2078 = VECTOR ( 'NONE', #129, 1000.000000000000000 ) ;
#2079 = ORIENTED_EDGE ( 'NONE', *, *, #829, .F. ) ;
#2080 = LINE ( 'NONE', #1283, #661 ) ;
#2081 = CARTESIAN_POINT ( 'NONE',  ( -291.5000000000000000, -207.0000000000000284, -54.00000000000000000 ) ) ;
#2082 = ORIENTED_EDGE ( 'NONE', *, *, #1936, .T. ) ;
#2083 = CARTESIAN_POINT ( 'NONE',  ( -289.5000000000000000, 185.0000000000000000, -54.00000000000000000 ) ) ;
#2084 = AXIS2_PLACEMENT_3D ( 'NONE', #2328, #376, #2180 ) ;
#2085 = AXIS2_PLACEMENT_3D ( 'NONE', #2567, #157, #968 ) ;
#2086 = ORIENTED_EDGE ( 'NONE', *, *, #1521, .T. ) ;
#2087 = DIRECTION ( 'NONE',  ( 0.000000000000000000, 0.000000000000000000, -1.000000000000000000 ) ) ;
#2088 = DIRECTION ( 'NONE',  ( 0.000000000000000000, 0.000000000000000000, 1.000000000000000000 ) ) ;
#2089 = VECTOR ( 'NONE', #57, 1000.000000000000000 ) ;
#2090 = AXIS2_PLACEMENT_3D ( 'NONE', #2033, #789, #233 ) ;
#2091 = DIRECTION ( 'NONE',  ( -1.000000000000000000, -0.000000000000000000, 0.000000000000000000 ) ) ;
#2092 = EDGE_LOOP ( 'NONE', ( #459, #2554 ) ) ;
#2093 = DIRECTION ( 'NONE',  ( -0.000000000000000000, 1.000000000000000000, 0.000000000000000000 ) ) ;
#2094 = AXIS2_PLACEMENT_3D ( 'NONE', #1417, #2219, #1035 ) ;
#2095 = ORIENTED_EDGE ( 'NONE', *, *, #862, .F. ) ;
#2096 = CARTESIAN_POINT ( 'NONE',  ( -289.1999999999999886, -190.0000000000000000, -4.400000000000000355 ) ) ;
#2097 = EDGE_CURVE ( 'NONE', #1216, #882, #345, .T. ) ;
#2098 = ORIENTED_EDGE ( 'NONE', *, *, #910, .F. ) ;
#2099 = LINE ( 'NONE', #2521, #2078 ) ;
#2100 = ADVANCED_FACE ( 'NONE', ( #2473 ), #1529, .F. ) ;
#2101 = ORIENTED_EDGE ( 'NONE', *, *, #212, .T. ) ;
#2102 = CARTESIAN_POINT ( 'NONE',  ( 289.1999999999999886, -202.0000000000000000, -7.599999999999999645 ) ) ;
#2103 = CARTESIAN_POINT ( 'NONE',  ( -289.3999999999999773, -196.0000000000000000, 14.00000000000000000 ) ) ;
#2104 = ORIENTED_EDGE ( 'NONE', *, *, #554, .T. ) ;
#2105 = CARTESIAN_POINT ( 'NONE',  ( 287.3000000000000114, -198.0000000000000000, 12.00000000000000000 ) ) ;
#2106 = ORIENTED_EDGE ( 'NONE', *, *, #1806, .F. ) ;
#2107 = DIRECTION ( 'NONE',  ( 1.000000000000000000, 0.000000000000000000, 0.000000000000000000 ) ) ;
#2108 = EDGE_CURVE ( 'NONE', #971, #2426, #1134, .T. ) ;
#2109 = EDGE_CURVE ( 'NONE', #2252, #1644, #790, .T. ) ;
#2110 = ORIENTED_EDGE ( 'NONE', *, *, #1690, .F. ) ;
#2111 = CARTESIAN_POINT ( 'NONE',  ( -291.5000000000000000, 207.0000000000000284, 12.00000000000000355 ) ) ;
#2112 = ORIENTED_EDGE ( 'NONE', *, *, #2228, .F. ) ;
#2113 = CARTESIAN_POINT ( 'NONE',  ( 289.1999999999999886, -202.0000000000000000, -18.00000000000000355 ) ) ;
#2114 = CARTESIAN_POINT ( 'NONE',  ( 289.1999999999999886, -202.0000000000000000, -18.00000000000000355 ) ) ;
#2115 = FACE_OUTER_BOUND ( 'NONE', #840, .T. ) ;
#2116 = VERTEX_POINT ( 'NONE', #1065 ) ;
#2117 = LINE ( 'NONE', #101, #1683 ) ;
#2118 = ORIENTED_EDGE ( 'NONE', *, *, #1133, .F. ) ;
#2119 = CARTESIAN_POINT ( 'NONE',  ( 289.1999999999999886, -190.0000000000000000, -6.000000000000000000 ) ) ;
#2120 = VECTOR ( 'NONE', #1164, 1000.000000000000000 ) ;
#2121 = AXIS2_PLACEMENT_3D ( 'NONE', #1185, #1623, #1375 ) ;
#2122 = VECTOR ( 'NONE', #2234, 1000.000000000000000 ) ;
#2123 = ORIENTED_EDGE ( 'NONE', *, *, #480, .T. ) ;
#2124 = DIRECTION ( 'NONE',  ( 0.000000000000000000, -1.000000000000000000, -0.000000000000000000 ) ) ;
#2125 = AXIS2_PLACEMENT_3D ( 'NONE', #823, #841, #12 ) ;
#2126 = DATE_AND_TIME ( #899, #647 ) ;
#2127 = CARTESIAN_POINT ( 'NONE',  ( 289.3999999999999773, 196.0000000000000000, 12.00000000000000000 ) ) ;
#2128 = CARTESIAN_POINT ( 'NONE',  ( 287.3000000000000114, -194.0000000000000000, 12.00000000000000000 ) ) ;
#2129 = ORIENTED_EDGE ( 'NONE', *, *, #181, .F. ) ;
#2130 = DIRECTION ( 'NONE',  ( 0.000000000000000000, 0.000000000000000000, 1.000000000000000000 ) ) ;
#2131 = AXIS2_PLACEMENT_3D ( 'NONE', #1278, #1664, #2088 ) ;
#2132 = CIRCLE ( 'NONE', #1575, 1.599999999999999867 ) ;
#2133 = ORIENTED_EDGE ( 'NONE', *, *, #1232, .T. ) ;
#2134 = FACE_BOUND ( 'NONE', #539, .T. ) ;
#2135 = ORIENTED_EDGE ( 'NONE', *, *, #2259, .F. ) ;
#2136 = FACE_OUTER_BOUND ( 'NONE', #798, .T. ) ;
#2137 = VECTOR ( 'NONE', #520, 1000.000000000000000 ) ;
#2138 = VERTEX_POINT ( 'NONE', #1935 ) ;
#2139 = EDGE_CURVE ( 'NONE', #1350, #1057, #715, .T. ) ;
#2140 = FACE_BOUND ( 'NONE', #27, .T. ) ;
#2141 = DIRECTION ( 'NONE',  ( -1.000000000000000000, 0.000000000000000000, 0.000000000000000000 ) ) ;
#2142 = FACE_BOUND ( 'NONE', #670, .T. ) ;
#2143 = PLANE ( 'NONE',  #2458 ) ;
#2144 = EDGE_CURVE ( 'NONE', #152, #1294, #1332, .T. ) ;
#2145 = EDGE_LOOP ( 'NONE', ( #1632, #2166 ) ) ;
#2146 = CARTESIAN_POINT ( 'NONE',  ( 290.5000000000000000, 207.0000000000000284, -54.00000000000000000 ) ) ;
#2147 = EDGE_LOOP ( 'NONE', ( #1389, #1679 ) ) ;
#2148 = CARTESIAN_POINT ( 'NONE',  ( 290.5000000000000000, -185.0000000000000000, -54.00000000000000000 ) ) ;
#2149 = APPROVAL_DATE_TIME ( #1, #454 ) ;
#2150 = CARTESIAN_POINT ( 'NONE',  ( -291.5000000000000000, -190.0000000000000000, -7.600000000000000533 ) ) ;
#2151 = EDGE_CURVE ( 'NONE', #1063, #1210, #2258, .T. ) ;
#2152 = CARTESIAN_POINT ( 'NONE',  ( -291.5000000000000000, 207.0000000000000284, -54.00000000000000000 ) ) ;
#2153 = PLANE ( 'NONE',  #1400 ) ;
#2154 = DIRECTION ( 'NONE',  ( 1.000000000000000000, 0.000000000000000000, -0.000000000000000000 ) ) ;
#2155 = VERTEX_POINT ( 'NONE', #1262 ) ;
#2156 = DIRECTION ( 'NONE',  ( 1.000000000000000000, 0.000000000000000000, -0.000000000000000000 ) ) ;
#2157 = VERTEX_POINT ( 'NONE', #2053 ) ;
#2158 = LINE ( 'NONE', #2148, #1602 ) ;
#2159 = VECTOR ( 'NONE', #1461, 1000.000000000000000 ) ;
#2160 = PERSON_AND_ORGANIZATION_ROLE ( 'design_supplier' ) ;
#2161 = LINE ( 'NONE', #1746, #2254 ) ;
#2162 = CARTESIAN_POINT ( 'NONE',  ( 289.5000000000000000, -196.0000000000000000, 12.00000000000000355 ) ) ;
#2163 = VERTEX_POINT ( 'NONE', #742 ) ;
#2164 = CARTESIAN_POINT ( 'NONE',  ( -291.5000000000000000, -202.0000000000000000, -4.400000000000000355 ) ) ;
#2165 = AXIS2_PLACEMENT_3D ( 'NONE', #422, #28, #815 ) ;
#2166 = ORIENTED_EDGE ( 'NONE', *, *, #686, .F. ) ;
#2167 = DIRECTION ( 'NONE',  ( -0.000000000000000000, 1.000000000000000000, 0.000000000000000000 ) ) ;
#2168 = EDGE_CURVE ( 'NONE', #943, #2268, #667, .T. ) ;
#2169 = ORIENTED_EDGE ( 'NONE', *, *, #1694, .F. ) ;
#2170 = DIRECTION ( 'NONE',  ( -1.000000000000000000, -0.000000000000000000, 0.000000000000000000 ) ) ;
#2171 = VECTOR ( 'NONE', #411, 1000.000000000000000 ) ;
#2172 = EDGE_CURVE ( 'NONE', #156, #295, #1847, .T. ) ;
#2173 = VERTEX_POINT ( 'NONE', #2442 ) ;
#2174 = FACE_BOUND ( 'NONE', #182, .T. ) ;
#2175 = CLOSED_SHELL ( 'NONE', ( #2100, #1894, #1593, #1020, #876, #202, #435, #1991, #1337, #421, #822, #1972, #767, #1791, #2522, #1744, #214, #1656, #322, #46 ) ) ;
#2176 = LINE ( 'NONE', #778, #2381 ) ;
#2177 = CARTESIAN_POINT ( 'NONE',  ( 289.1999999999999886, 190.0000000000000000, -4.400000000000000355 ) ) ;
#2178 = FACE_OUTER_BOUND ( 'NONE', #114, .T. ) ;
#2179 = EDGE_LOOP ( 'NONE', ( #1684, #1538, #2079, #481 ) ) ;
#2180 = DIRECTION ( 'NONE',  ( 1.000000000000000000, 0.000000000000000000, -0.000000000000000000 ) ) ;
#2181 = EDGE_CURVE ( 'NONE', #1216, #2204, #1700, .T. ) ;
#2182 = CARTESIAN_POINT ( 'NONE',  ( 289.5000000000000000, -202.0000000000000000, -19.60000000000000142 ) ) ;
#2183 = VERTEX_POINT ( 'NONE', #730 ) ;
#2184 = DIRECTION ( 'NONE',  ( 0.000000000000000000, 0.000000000000000000, -1.000000000000000000 ) ) ;
#2185 = CARTESIAN_POINT ( 'NONE',  ( 289.5000000000000000, -185.0000000000000000, 12.00000000000000355 ) ) ;
#2186 = CARTESIAN_POINT ( 'NONE',  ( -289.3999999999999773, -198.0000000000000000, 12.00000000000000000 ) ) ;
#2187 = ORIENTED_EDGE ( 'NONE', *, *, #838, .T. ) ;
#2188 = CARTESIAN_POINT ( 'NONE',  ( 291.5000000000000000, -202.0000000000000000, -18.00000000000000355 ) ) ;
#2189 = DIRECTION ( 'NONE',  ( 1.000000000000000000, 0.000000000000000000, -0.000000000000000000 ) ) ;
#2190 = AXIS2_PLACEMENT_3D ( 'NONE', #1074, #1913, #1885 ) ;
#2191 = ORIENTED_EDGE ( 'NONE', *, *, #684, .F. ) ;
#2192 = DIRECTION ( 'NONE',  ( 0.000000000000000000, 0.000000000000000000, 1.000000000000000000 ) ) ;
#2193 = DIRECTION ( 'NONE',  ( -1.000000000000000000, -0.000000000000000000, 0.000000000000000000 ) ) ;
#2194 = ORIENTED_EDGE ( 'NONE', *, *, #491, .T. ) ;
#2195 = CARTESIAN_POINT ( 'NONE',  ( 290.5000000000000000, 196.0000000000000000, -54.00000000000000000 ) ) ;
#2196 = CC_DESIGN_PERSON_AND_ORGANIZATION_ASSIGNMENT ( #2300, #911, ( #1853 ) ) ;
#2197 = VECTOR ( 'NONE', #1234, 1000.000000000000000 ) ;
#2198 = VERTEX_POINT ( 'NONE', #863 ) ;
#2199 = VERTEX_POINT ( 'NONE', #546 ) ;
#2200 = ORIENTED_EDGE ( 'NONE', *, *, #920, .F. ) ;
#2201 = LINE ( 'NONE', #804, #2337 ) ;
#2202 = VECTOR ( 'NONE', #289, 1000.000000000000000 ) ;
#2203 = LINE ( 'NONE', #1551, #2171 ) ;
#2204 = VERTEX_POINT ( 'NONE', #881 ) ;
#2205 = VECTOR ( 'NONE', #1523, 1000.000000000000000 ) ;
#2206 = FACE_BOUND ( 'NONE', #1380, .T. ) ;
#2207 = VECTOR ( 'NONE', #1597, 1000.000000000000000 ) ;
#2208 = ORIENTED_EDGE ( 'NONE', *, *, #145, .T. ) ;
#2209 = DIRECTION ( 'NONE',  ( -1.000000000000000000, -0.000000000000000000, 0.000000000000000000 ) ) ;
#2210 = VECTOR ( 'NONE', #2276, 1000.000000000000000 ) ;
#2211 = FACE_BOUND ( 'NONE', #267, .T. ) ;
#2212 = ORIENTED_EDGE ( 'NONE', *, *, #1395, .F. ) ;
#2213 = CARTESIAN_POINT ( 'NONE',  ( 287.3000000000000114, -196.0000000000000000, 12.00000000000000000 ) ) ;
#2214 = VECTOR ( 'NONE', #2436, 1000.000000000000000 ) ;
#2215 = EDGE_LOOP ( 'NONE', ( #484, #2104, #2112, #1211 ) ) ;
#2216 = FACE_BOUND ( 'NONE', #1208, .T. ) ;
#2217 = EDGE_CURVE ( 'NONE', #2173, #2029, #123, .T. ) ;
#2218 = EDGE_CURVE ( 'NONE', #1294, #218, #1860, .T. ) ;
#2219 = DIRECTION ( 'NONE',  ( -1.000000000000000000, 0.000000000000000000, 0.000000000000000000 ) ) ;
#2220 = LINE ( 'NONE', #988, #917 ) ;
#2221 = ORIENTED_EDGE ( 'NONE', *, *, #2109, .F. ) ;
#2222 = EDGE_CURVE ( 'NONE', #1596, #1715, #1123, .T. ) ;
#2223 = DIRECTION ( 'NONE',  ( 0.000000000000000000, 0.000000000000000000, -1.000000000000000000 ) ) ;
#2224 = DIRECTION ( 'NONE',  ( 0.000000000000000000, 0.000000000000000000, 1.000000000000000000 ) ) ;
#2225 = ORIENTED_EDGE ( 'NONE', *, *, #1150, .T. ) ;
#2226 = FACE_OUTER_BOUND ( 'NONE', #584, .T. ) ;
#2227 = EDGE_LOOP ( 'NONE', ( #1253, #1809 ) ) ;
#2228 = EDGE_CURVE ( 'NONE', #1789, #248, #1447, .T. ) ;
#2229 = ORIENTED_EDGE ( 'NONE', *, *, #1133, .T. ) ;
#2230 = CARTESIAN_POINT ( 'NONE',  ( 289.3999999999999773, -196.0000000000000000, 12.00000000000000000 ) ) ;
#2231 = FACE_OUTER_BOUND ( 'NONE', #1825, .T. ) ;
#2232 = CARTESIAN_POINT ( 'NONE',  ( 289.1999999999999886, 190.0000000000000000, -7.599999999999999645 ) ) ;
#2233 = EDGE_LOOP ( 'NONE', ( #456, #473, #570, #877 ) ) ;
#2234 = DIRECTION ( 'NONE',  ( 0.000000000000000000, -1.000000000000000000, -0.000000000000000000 ) ) ;
#2235 = APPROVAL_PERSON_ORGANIZATION ( #1706, #2316, #528 ) ;
#2236 = CARTESIAN_POINT ( 'NONE',  ( -291.5000000000000000, -190.0000000000000000, -6.000000000000000000 ) ) ;
#2237 = VERTEX_POINT ( 'NONE', #531 ) ;
#2238 = CARTESIAN_POINT ( 'NONE',  ( -290.5000000000000000, 185.0000000000000000, 12.00000000000000355 ) ) ;
#2239 = ORIENTED_EDGE ( 'NONE', *, *, #808, .T. ) ;
#2240 = CARTESIAN_POINT ( 'NONE',  ( -289.5000000000000000, 202.0000000000000000, -6.000000000000000000 ) ) ;
#2241 = CARTESIAN_POINT ( 'NONE',  ( 291.5000000000000000, -202.0000000000000000, -4.399999999999999467 ) ) ;
#2242 = DIRECTION ( 'NONE',  ( -1.000000000000000000, 0.000000000000000000, 0.000000000000000000 ) ) ;
#2243 = ORIENTED_EDGE ( 'NONE', *, *, #2531, .F. ) ;
#2244 = CYLINDRICAL_SURFACE ( 'NONE', #498, 1.599999999999999867 ) ;
#2245 = AXIS2_PLACEMENT_3D ( 'NONE', #1312, #517, #935 ) ;
#2246 = ORIENTED_EDGE ( 'NONE', *, *, #2359, .F. ) ;
#2247 = FACE_OUTER_BOUND ( 'NONE', #655, .T. ) ;
#2248 = AXIS2_PLACEMENT_3D ( 'NONE', #806, #1036, #2023 ) ;
#2249 = AXIS2_PLACEMENT_3D ( 'NONE', #207, #1796, #1019 ) ;
#2250 = DIRECTION ( 'NONE',  ( 1.000000000000000000, 0.000000000000000000, -0.000000000000000000 ) ) ;
#2251 = AXIS2_PLACEMENT_3D ( 'NONE', #1601, #1024, #620 ) ;
#2252 = VERTEX_POINT ( 'NONE', #286 ) ;
#2253 = DIRECTION ( 'NONE',  ( 0.000000000000000000, 0.000000000000000000, -1.000000000000000000 ) ) ;
#2254 = VECTOR ( 'NONE', #1132, 1000.000000000000000 ) ;
#2255 = EDGE_CURVE ( 'NONE', #163, #1598, #1703, .T. ) ;
#2256 = VERTEX_POINT ( 'NONE', #2128 ) ;
#2257 = CARTESIAN_POINT ( 'NONE',  ( -290.5000000000000000, 185.0000000000000000, -54.00000000000000000 ) ) ;
#2258 = CIRCLE ( 'NONE', #1116, 1.599999999999999867 ) ;
#2259 = EDGE_CURVE ( 'NONE', #1644, #2549, #2528, .T. ) ;
#2260 = DIRECTION ( 'NONE',  ( -1.000000000000000000, -0.000000000000000000, 0.000000000000000000 ) ) ;
#2261 = AXIS2_PLACEMENT_3D ( 'NONE', #1396, #167, #1542 ) ;
#2262 = CARTESIAN_POINT ( 'NONE',  ( -289.5000000000000000, -196.0000000000000000, 12.00000000000000355 ) ) ;
#2263 = ORIENTED_EDGE ( 'NONE', *, *, #871, .F. ) ;
#2264 = CARTESIAN_POINT ( 'NONE',  ( -291.5000000000000000, 185.0000000000000000, -54.00000000000000000 ) ) ;
#2265 = ORIENTED_EDGE ( 'NONE', *, *, #512, .T. ) ;
#2266 = CARTESIAN_POINT ( 'NONE',  ( 291.5000000000000000, 190.0000000000000000, -7.599999999999999645 ) ) ;
#2267 = DIRECTION ( 'NONE',  ( 0.000000000000000000, 0.000000000000000000, 1.000000000000000000 ) ) ;
#2268 = VERTEX_POINT ( 'NONE', #769 ) ;
#2269 = ADVANCED_FACE ( 'NONE', ( #2011 ), #1747, .T. ) ;
#2270 = DIRECTION ( 'NONE',  ( 1.000000000000000000, 0.000000000000000000, -0.000000000000000000 ) ) ;
#2271 = EDGE_CURVE ( 'NONE', #1386, #2353, #2385, .T. ) ;
#2272 = EDGE_LOOP ( 'NONE', ( #1844, #254 ) ) ;
#2273 = CARTESIAN_POINT ( 'NONE',  ( 291.5000000000000000, 196.0000000000000000, -54.00000000000000000 ) ) ;
#2274 = DIRECTION ( 'NONE',  ( 0.000000000000000000, 0.000000000000000000, 1.000000000000000000 ) ) ;
#2275 = CYLINDRICAL_SURFACE ( 'NONE', #2421, 1.599999999999999867 ) ;
#2276 = DIRECTION ( 'NONE',  ( 1.000000000000000000, 0.000000000000000000, -0.000000000000000000 ) ) ;
#2277 = ORIENTED_EDGE ( 'NONE', *, *, #675, .T. ) ;
#2278 = DIRECTION ( 'NONE',  ( 1.000000000000000000, 0.000000000000000000, -0.000000000000000000 ) ) ;
#2279 = DIRECTION ( 'NONE',  ( 0.000000000000000000, 0.000000000000000000, -1.000000000000000000 ) ) ;
#2280 = ORIENTED_EDGE ( 'NONE', *, *, #1615, .T. ) ;
#2281 = FACE_OUTER_BOUND ( 'NONE', #1037, .T. ) ;
#2282 = ORIENTED_EDGE ( 'NONE', *, *, #1537, .F. ) ;
#2283 = CARTESIAN_POINT ( 'NONE',  ( 291.5000000000000000, -190.0000000000000000, -18.00000000000000355 ) ) ;
#2284 = EDGE_CURVE ( 'NONE', #1810, #1192, #2374, .T. ) ;
#2285 = PLANE ( 'NONE',  #1325 ) ;
#2286 = PERSON_AND_ORGANIZATION ( #724, #351 ) ;
#2287 = VERTEX_POINT ( 'NONE', #4 ) ;
#2288 = LINE ( 'NONE', #2105, #1914 ) ;
#2289 = AXIS2_PLACEMENT_3D ( 'NONE', #1082, #501, #1893 ) ;
#2290 = ORIENTED_EDGE ( 'NONE', *, *, #1205, .T. ) ;
#2291 = DIRECTION ( 'NONE',  ( -1.000000000000000000, 0.000000000000000000, 0.000000000000000000 ) ) ;
#2292 = EDGE_CURVE ( 'NONE', #1273, #1048, #2132, .T. ) ;
#2293 = ORIENTED_EDGE ( 'NONE', *, *, #2377, .F. ) ;
#2294 = FACE_OUTER_BOUND ( 'NONE', #1099, .T. ) ;
#2295 = CIRCLE ( 'NONE', #1493, 1.600000000000000755 ) ;
#2296 = ORIENTED_EDGE ( 'NONE', *, *, #405, .T. ) ;
#2297 = DIRECTION ( 'NONE',  ( 0.000000000000000000, -1.000000000000000000, 0.000000000000000000 ) ) ;
#2298 = CIRCLE ( 'NONE', #287, 1.599999999999999867 ) ;
#2299 = AXIS2_PLACEMENT_3D ( 'NONE', #2410, #1636, #676 ) ;
#2300 = PERSON_AND_ORGANIZATION ( #724, #351 ) ;
#2301 = ORIENTED_EDGE ( 'NONE', *, *, #2533, .F. ) ;
#2302 = DIRECTION ( 'NONE',  ( 0.000000000000000000, 0.000000000000000000, 1.000000000000000000 ) ) ;
#2303 = VECTOR ( 'NONE', #54, 1000.000000000000000 ) ;
#2304 = EDGE_CURVE ( 'NONE', #1760, #971, #2203, .T. ) ;
#2305 = VECTOR ( 'NONE', #1293, 1000.000000000000000 ) ;
#2306 = ORIENTED_EDGE ( 'NONE', *, *, #1342, .F. ) ;
#2307 = DIRECTION ( 'NONE',  ( 0.000000000000000000, -1.000000000000000000, -0.000000000000000000 ) ) ;
#2308 = EDGE_CURVE ( 'NONE', #2590, #2198, #1383, .T. ) ;
#2309 = VERTEX_POINT ( 'NONE', #195 ) ;
#2310 = CARTESIAN_POINT ( 'NONE',  ( 289.5000000000000000, -190.0000000000000000, -19.60000000000000142 ) ) ;
#2311 = EDGE_LOOP ( 'NONE', ( #2507, #306, #1357, #407 ) ) ;
#2312 = FACE_OUTER_BOUND ( 'NONE', #616, .T. ) ;
#2313 = DIRECTION ( 'NONE',  ( 0.000000000000000000, 0.000000000000000000, -1.000000000000000000 ) ) ;
#2314 = CARTESIAN_POINT ( 'NONE',  ( 291.5000000000000000, -196.0000000000000000, 12.00000000000000355 ) ) ;
#2315 = CARTESIAN_POINT ( 'NONE',  ( 287.3000000000000114, 198.0000000000000000, 14.00000000000000000 ) ) ;
#2316 = APPROVAL ( #2514, '未' ) ;
#2317 = ORIENTED_EDGE ( 'NONE', *, *, #1581, .T. ) ;
#2318 = CARTESIAN_POINT ( 'NONE',  ( -289.5000000000000000, 202.0000000000000000, -16.40000000000000213 ) ) ;
#2319 = EDGE_LOOP ( 'NONE', ( #391, #1629, #1670, #1120 ) ) ;
#2320 = ORIENTED_EDGE ( 'NONE', *, *, #752, .F. ) ;
#2321 = FACE_BOUND ( 'NONE', #2443, .T. ) ;
#2322 = EDGE_CURVE ( 'NONE', #2183, #2138, #966, .T. ) ;
#2323 = FACE_BOUND ( 'NONE', #640, .T. ) ;
#2324 = DIRECTION ( 'NONE',  ( 0.000000000000000000, 0.000000000000000000, 1.000000000000000000 ) ) ;
#2325 = VERTEX_POINT ( 'NONE', #2360 ) ;
#2326 = FACE_OUTER_BOUND ( 'NONE', #2000, .T. ) ;
#2327 = ORIENTED_EDGE ( 'NONE', *, *, #13, .T. ) ;
#2328 = CARTESIAN_POINT ( 'NONE',  ( 290.5000000000000000, 196.0000000000000000, 12.00000000000000355 ) ) ;
#2329 = CIRCLE ( 'NONE', #188, 1.599999999999999867 ) ;
#2330 = EDGE_CURVE ( 'NONE', #2536, #2509, #1374, .T. ) ;
#2331 = EDGE_CURVE ( 'NONE', #2419, #2116, #2176, .T. ) ;
#2332 = ORIENTED_EDGE ( 'NONE', *, *, #1639, .T. ) ;
#2333 = DIRECTION ( 'NONE',  ( -1.000000000000000000, 0.000000000000000000, 0.000000000000000000 ) ) ;
#2334 = AXIS2_PLACEMENT_3D ( 'NONE', #1682, #272, #1511 ) ;
#2335 = EDGE_CURVE ( 'NONE', #523, #2549, #416, .T. ) ;
#2336 = CARTESIAN_POINT ( 'NONE',  ( 291.5000000000000000, 190.0000000000000000, -6.000000000000000000 ) ) ;
#2337 = VECTOR ( 'NONE', #409, 1000.000000000000000 ) ;
#2338 = DIRECTION ( 'NONE',  ( 0.000000000000000000, 0.000000000000000000, -1.000000000000000000 ) ) ;
#2339 = ORIENTED_EDGE ( 'NONE', *, *, #2062, .F. ) ;
#2340 = FACE_OUTER_BOUND ( 'NONE', #2215, .T. ) ;
#2341 = VECTOR ( 'NONE', #1143, 1000.000000000000000 ) ;
#2342 = ORIENTED_EDGE ( 'NONE', *, *, #2064, .F. ) ;
#2343 = DIRECTION ( 'NONE',  ( 0.000000000000000000, 0.000000000000000000, -1.000000000000000000 ) ) ;
#2344 = EDGE_LOOP ( 'NONE', ( #2098, #2243, #1522, #712 ) ) ;
#2345 = PLANE ( 'NONE',  #658 ) ;
#2346 = EDGE_CURVE ( 'NONE', #563, #1810, #1170, .T. ) ;
#2347 = COORDINATED_UNIVERSAL_TIME_OFFSET ( 8, 0, .AHEAD. ) ;
#2348 = CARTESIAN_POINT ( 'NONE',  ( 291.5000000000000000, -207.0000000000000284, -54.00000000000000000 ) ) ;
#2349 = FACE_OUTER_BOUND ( 'NONE', #1335, .T. ) ;
#2350 = FACE_BOUND ( 'NONE', #80, .T. ) ;
#2351 = LINE ( 'NONE', #1929, #704 ) ;
#2352 = ADVANCED_FACE ( 'NONE', ( #2349 ), #759, .F. ) ;
#2353 = VERTEX_POINT ( 'NONE', #394 ) ;
#2354 = DIRECTION ( 'NONE',  ( -1.000000000000000000, -0.000000000000000000, 0.000000000000000000 ) ) ;
#2355 = EDGE_LOOP ( 'NONE', ( #867, #1290 ) ) ;
#2356 = CARTESIAN_POINT ( 'NONE',  ( 289.5000000000000000, -190.0000000000000000, -18.00000000000000355 ) ) ;
#2357 = APPROVAL_DATE_TIME ( #2369, #893 ) ;
#2358 = DIRECTION ( 'NONE',  ( 1.000000000000000000, 0.000000000000000000, -0.000000000000000000 ) ) ;
#2359 = EDGE_CURVE ( 'NONE', #1327, #760, #1183, .T. ) ;
#2360 = CARTESIAN_POINT ( 'NONE',  ( 287.3000000000000114, -194.0000000000000000, 14.00000000000000000 ) ) ;
#2361 = ORIENTED_EDGE ( 'NONE', *, *, #2062, .T. ) ;
#2362 = LINE ( 'NONE', #548, #828 ) ;
#2363 = ORIENTED_EDGE ( 'NONE', *, *, #278, .T. ) ;
#2364 = EDGE_CURVE ( 'NONE', #2056, #2199, #355, .T. ) ;
#2365 = DIRECTION ( 'NONE',  ( 1.000000000000000000, 0.000000000000000000, -0.000000000000000000 ) ) ;
#2366 = ORIENTED_EDGE ( 'NONE', *, *, #2168, .F. ) ;
#2367 = DIRECTION ( 'NONE',  ( 1.000000000000000000, 0.000000000000000000, -0.000000000000000000 ) ) ;
#2368 = VECTOR ( 'NONE', #1937, 1000.000000000000000 ) ;
#2369 = DATE_AND_TIME ( #974, #2564 ) ;
#2370 = ORIENTED_EDGE ( 'NONE', *, *, #1215, .F. ) ;
#2371 = CYLINDRICAL_SURFACE ( 'NONE', #35, 1.599999999999999867 ) ;
#2372 = VECTOR ( 'NONE', #1721, 1000.000000000000000 ) ;
#2373 = VECTOR ( 'NONE', #1240, 1000.000000000000000 ) ;
#2374 = LINE ( 'NONE', #1755, #924 ) ;
#2375 = CARTESIAN_POINT ( 'NONE',  ( -291.5000000000000000, 202.0000000000000000, -6.000000000000000000 ) ) ;
#2376 = DIRECTION ( 'NONE',  ( 0.000000000000000000, 0.000000000000000000, 1.000000000000000000 ) ) ;
#2377 = EDGE_CURVE ( 'NONE', #1817, #1009, #791, .T. ) ;
#2378 = AXIS2_PLACEMENT_3D ( 'NONE', #1438, #1648, #2466 ) ;
#2379 = ORIENTED_EDGE ( 'NONE', *, *, #535, .F. ) ;
#2380 = CARTESIAN_POINT ( 'NONE',  ( -289.1999999999999886, -190.0000000000000000, -16.40000000000000213 ) ) ;
#2381 = VECTOR ( 'NONE', #211, 1000.000000000000000 ) ;
#2382 = ORIENTED_EDGE ( 'NONE', *, *, #719, .T. ) ;
#2383 = DIRECTION ( 'NONE',  ( -1.000000000000000000, -0.000000000000000000, 0.000000000000000000 ) ) ;
#2384 = DIRECTION ( 'NONE',  ( -1.000000000000000000, -0.000000000000000000, 0.000000000000000000 ) ) ;
#2385 = LINE ( 'NONE', #2186, #247 ) ;
#2386 = CYLINDRICAL_SURFACE ( 'NONE', #1236, 1.599999999999999867 ) ;
#2387 = CARTESIAN_POINT ( 'NONE',  ( -287.3000000000000114, 194.0000000000000000, 12.00000000000000000 ) ) ;
#2388 = ORIENTED_EDGE ( 'NONE', *, *, #2560, .F. ) ;
#2389 = DIRECTION ( 'NONE',  ( 0.000000000000000000, 0.000000000000000000, 1.000000000000000000 ) ) ;
#2390 = CARTESIAN_POINT ( 'NONE',  ( 289.5000000000000000, -198.0000000000000000, 12.00000000000000355 ) ) ;
#2391 = ORIENTED_EDGE ( 'NONE', *, *, #1690, .T. ) ;
#2392 = CARTESIAN_POINT ( 'NONE',  ( -289.3999999999999773, -194.0000000000000000, 12.00000000000000000 ) ) ;
#2393 = COORDINATED_UNIVERSAL_TIME_OFFSET ( 8, 0, .AHEAD. ) ;
#2394 = ORIENTED_EDGE ( 'NONE', *, *, #1405, .T. ) ;
#2395 = ADVANCED_FACE ( 'NONE', ( #1949 ), #155, .F. ) ;
#2396 = DIRECTION ( 'NONE',  ( 1.000000000000000000, 0.000000000000000000, 0.000000000000000000 ) ) ;
#2397 = DIRECTION ( 'NONE',  ( 0.000000000000000000, 0.000000000000000000, 1.000000000000000000 ) ) ;
#2398 = ORIENTED_EDGE ( 'NONE', *, *, #751, .T. ) ;
#2399 = CARTESIAN_POINT ( 'NONE',  ( -289.5000000000000000, -198.0000000000000000, 12.00000000000000355 ) ) ;
#2400 = ORIENTED_EDGE ( 'NONE', *, *, #1050, .F. ) ;
#2401 = FACE_OUTER_BOUND ( 'NONE', #1257, .T. ) ;
#2402 = FACE_BOUND ( 'NONE', #696, .T. ) ;
#2403 = ORIENTED_EDGE ( 'NONE', *, *, #1232, .F. ) ;
#2404 = EDGE_CURVE ( 'NONE', #782, #2309, #1577, .T. ) ;
#2405 = CARTESIAN_POINT ( 'NONE',  ( -289.3999999999999773, -198.0000000000000000, 14.00000000000000000 ) ) ;
#2406 = EDGE_CURVE ( 'NONE', #1386, #1545, #1787, .T. ) ;
#2407 = CIRCLE ( 'NONE', #2577, 1.600000000000000755 ) ;
#2408 = EDGE_LOOP ( 'NONE', ( #176, #1800, #2282, #137, #922 ) ) ;
#2409 = ORIENTED_EDGE ( 'NONE', *, *, #2097, .T. ) ;
#2410 = CARTESIAN_POINT ( 'NONE',  ( 289.5000000000000000, 190.0000000000000000, -18.00000000000000355 ) ) ;
#2411 = EDGE_CURVE ( 'NONE', #2309, #2536, #1627, .T. ) ;
#2412 = CARTESIAN_POINT ( 'NONE',  ( -289.5000000000000000, -190.0000000000000000, -16.40000000000000213 ) ) ;
#2413 = DIRECTION ( 'NONE',  ( 1.000000000000000000, 0.000000000000000000, 0.000000000000000000 ) ) ;
#2414 = ORIENTED_EDGE ( 'NONE', *, *, #269, .F. ) ;
#2415 = CARTESIAN_POINT ( 'NONE',  ( -289.5000000000000000, -190.0000000000000000, -6.000000000000000000 ) ) ;
#2416 = EDGE_CURVE ( 'NONE', #2426, #1192, #1243, .T. ) ;
#2417 = CIRCLE ( 'NONE', #1695, 1.600000000000000755 ) ;
#2418 = CARTESIAN_POINT ( 'NONE',  ( -289.3999999999999773, 194.0000000000000000, 14.00000000000000000 ) ) ;
#2419 = VERTEX_POINT ( 'NONE', #1213 ) ;
#2420 = FACE_OUTER_BOUND ( 'NONE', #1247, .T. ) ;
#2421 = AXIS2_PLACEMENT_3D ( 'NONE', #1256, #856, #1812 ) ;
#2422 = VERTEX_POINT ( 'NONE', #1011 ) ;
#2423 = DIRECTION ( 'NONE',  ( 0.000000000000000000, 0.000000000000000000, 1.000000000000000000 ) ) ;
#2424 = CARTESIAN_POINT ( 'NONE',  ( -290.5000000000000000, -196.0000000000000000, 12.00000000000000355 ) ) ;
#2425 = LINE ( 'NONE', #2232, #1532 ) ;
#2426 = VERTEX_POINT ( 'NONE', #1799 ) ;
#2427 = CARTESIAN_POINT ( 'NONE',  ( -291.5000000000000000, 202.0000000000000000, -19.60000000000000142 ) ) ;
#2428 = VERTEX_POINT ( 'NONE', #465 ) ;
#2429 = DIRECTION ( 'NONE',  ( 0.000000000000000000, 0.000000000000000000, 1.000000000000000000 ) ) ;
#2430 = EDGE_LOOP ( 'NONE', ( #2008, #801, #2489, #2208 ) ) ;
#2431 = LINE ( 'NONE', #1822, #2197 ) ;
#2432 = ORIENTED_EDGE ( 'NONE', *, *, #212, .F. ) ;
#2433 = DIRECTION ( 'NONE',  ( 0.000000000000000000, 0.000000000000000000, 1.000000000000000000 ) ) ;
#2434 = CARTESIAN_POINT ( 'NONE',  ( -291.5000000000000000, 190.0000000000000000, -6.000000000000000000 ) ) ;
#2435 = EDGE_CURVE ( 'NONE', #1051, #1239, #1203, .T. ) ;
#2436 = DIRECTION ( 'NONE',  ( 1.000000000000000000, 0.000000000000000000, 0.000000000000000000 ) ) ;
#2437 = PLANE ( 'NONE',  #2499 ) ;
#2438 = ADVANCED_FACE ( 'NONE', ( #677 ), #2022, .T. ) ;
#2439 = EDGE_LOOP ( 'NONE', ( #2534, #1879, #573, #1338 ) ) ;
#2440 = DIRECTION ( 'NONE',  ( 0.000000000000000000, 0.000000000000000000, 1.000000000000000000 ) ) ;
#2441 = ADVANCED_FACE ( 'NONE', ( #235 ), #2275, .F. ) ;
#2442 = CARTESIAN_POINT ( 'NONE',  ( 289.5000000000000000, -202.0000000000000000, -16.40000000000000213 ) ) ;
#2443 = EDGE_LOOP ( 'NONE', ( #1066, #900 ) ) ;
#2444 = DIRECTION ( 'NONE',  ( 0.000000000000000000, 0.000000000000000000, 1.000000000000000000 ) ) ;
#2445 = VERTEX_POINT ( 'NONE', #264 ) ;
#2446 = CARTESIAN_POINT ( 'NONE',  ( 289.5000000000000000, -190.0000000000000000, -16.40000000000000213 ) ) ;
#2447 = CARTESIAN_POINT ( 'NONE',  ( -289.5000000000000000, -202.0000000000000000, -7.600000000000000533 ) ) ;
#2448 = AXIS2_PLACEMENT_3D ( 'NONE', #2213, #865, #419 ) ;
#2449 = EDGE_CURVE ( 'NONE', #775, #2068, #446, .T. ) ;
#2450 = DIRECTION ( 'NONE',  ( 0.000000000000000000, 0.000000000000000000, -1.000000000000000000 ) ) ;
#2451 = ORIENTED_EDGE ( 'NONE', *, *, #2015, .F. ) ;
#2452 = DIRECTION ( 'NONE',  ( -0.000000000000000000, 1.000000000000000000, 0.000000000000000000 ) ) ;
#2453 = EDGE_CURVE ( 'NONE', #2198, #1311, #1047, .T. ) ;
#2454 = VECTOR ( 'NONE', #187, 1000.000000000000000 ) ;
#2455 = EDGE_LOOP ( 'NONE', ( #1584, #2464, #2118, #1306 ) ) ;
#2456 = EDGE_CURVE ( 'NONE', #1195, #1127, #625, .T. ) ;
#2457 = CARTESIAN_POINT ( 'NONE',  ( 289.5000000000000000, -190.0000000000000000, -7.600000000000000533 ) ) ;
#2458 = AXIS2_PLACEMENT_3D ( 'NONE', #357, #1919, #1757 ) ;
#2459 = VECTOR ( 'NONE', #2462, 1000.000000000000000 ) ;
#2460 = CARTESIAN_POINT ( 'NONE',  ( 291.5000000000000000, -196.0000000000000000, -54.00000000000000000 ) ) ;
#2461 = ORIENTED_EDGE ( 'NONE', *, *, #2435, .T. ) ;
#2462 = DIRECTION ( 'NONE',  ( -1.000000000000000000, 0.000000000000000000, 0.000000000000000000 ) ) ;
#2463 = AXIS2_PLACEMENT_3D ( 'NONE', #1588, #1182, #177 ) ;
#2464 = ORIENTED_EDGE ( 'NONE', *, *, #2304, .F. ) ;
#2465 = LINE ( 'NONE', #261, #1313 ) ;
#2466 = DIRECTION ( 'NONE',  ( 0.000000000000000000, 0.000000000000000000, 1.000000000000000000 ) ) ;
#2467 = DIRECTION ( 'NONE',  ( 1.000000000000000000, 0.000000000000000000, -0.000000000000000000 ) ) ;
#2468 = ORIENTED_EDGE ( 'NONE', *, *, #522, .T. ) ;
#2469 = CARTESIAN_POINT ( 'NONE',  ( -287.3000000000000114, -196.0000000000000000, 12.00000000000000000 ) ) ;
#2470 = ORIENTED_EDGE ( 'NONE', *, *, #1658, .T. ) ;
#2471 = LINE ( 'NONE', #681, #749 ) ;
#2472 = ADVANCED_FACE ( 'NONE', ( #56 ), #17, .T. ) ;
#2473 = FACE_OUTER_BOUND ( 'NONE', #171, .T. ) ;
#2474 = ORIENTED_EDGE ( 'NONE', *, *, #693, .F. ) ;
#2475 = LINE ( 'NONE', #1880, #318 ) ;
#2476 = ORIENTED_EDGE ( 'NONE', *, *, #2031, .F. ) ;
#2477 = FACE_OUTER_BOUND ( 'NONE', #813, .T. ) ;
#2478 = DIRECTION ( 'NONE',  ( 0.000000000000000000, 0.000000000000000000, -1.000000000000000000 ) ) ;
#2479 = APPLICATION_PROTOCOL_DEFINITION ( 'international standard', 'config_control_design', 1994, #142 ) ;
#2480 = ORIENTED_EDGE ( 'NONE', *, *, #43, .T. ) ;
#2481 = CARTESIAN_POINT ( 'NONE',  ( -289.5000000000000000, -207.0000000000000284, 12.00000000000000355 ) ) ;
#2482 = ORIENTED_EDGE ( 'NONE', *, *, #1586, .F. ) ;
#2483 = DIRECTION ( 'NONE',  ( -1.000000000000000000, -0.000000000000000000, 0.000000000000000000 ) ) ;
#2484 = ORIENTED_EDGE ( 'NONE', *, *, #2259, .T. ) ;
#2485 = CYLINDRICAL_SURFACE ( 'NONE', #1445, 1.600000000000000755 ) ;
#2486 = EDGE_CURVE ( 'NONE', #85, #118, #816, .T. ) ;
#2487 = EDGE_LOOP ( 'NONE', ( #173, #451, #1489, #420 ) ) ;
#2488 = DIRECTION ( 'NONE',  ( -1.000000000000000000, -0.000000000000000000, 0.000000000000000000 ) ) ;
#2489 = ORIENTED_EDGE ( 'NONE', *, *, #1173, .T. ) ;
#2490 = CARTESIAN_POINT ( 'NONE',  ( -289.5000000000000000, -190.0000000000000000, -7.600000000000000533 ) ) ;
#2491 = EDGE_CURVE ( 'NONE', #290, #356, #293, .T. ) ;
#2492 = VERTEX_POINT ( 'NONE', #2412 ) ;
#2493 = CARTESIAN_POINT ( 'NONE',  ( -291.5000000000000000, -196.0000000000000000, 12.00000000000000355 ) ) ;
#2494 = AXIS2_PLACEMENT_3D ( 'NONE', #59, #1890, #2508 ) ;
#2495 = ORIENTED_EDGE ( 'NONE', *, *, #2416, .T. ) ;
#2496 = CYLINDRICAL_SURFACE ( 'NONE', #109, 1.599999999999999867 ) ;
#2497 = CIRCLE ( 'NONE', #1729, 1.600000000000000755 ) ;
#2498 = EDGE_CURVE ( 'NONE', #1009, #493, #872, .T. ) ;
#2499 = AXIS2_PLACEMENT_3D ( 'NONE', #1790, #2035, #1226 ) ;
#2500 = ORIENTED_EDGE ( 'NONE', *, *, #2108, .T. ) ;
#2501 = CARTESIAN_POINT ( 'NONE',  ( -291.5000000000000000, 196.0000000000000000, -54.00000000000000000 ) ) ;
#2502 = AXIS2_PLACEMENT_3D ( 'NONE', #2336, #2358, #2313 ) ;
#2503 = AXIS2_PLACEMENT_3D ( 'NONE', #1595, #1379, #49 ) ;
#2504 = CC_DESIGN_DATE_AND_TIME_ASSIGNMENT ( #1973, #1180, ( #562 ) ) ;
#2505 = CARTESIAN_POINT ( 'NONE',  ( 289.1999999999999886, 190.0000000000000000, -6.000000000000000000 ) ) ;
#2506 = VECTOR ( 'NONE', #427, 1000.000000000000000 ) ;
#2507 = ORIENTED_EDGE ( 'NONE', *, *, #984, .F. ) ;
#2508 = DIRECTION ( 'NONE',  ( 0.000000000000000000, 0.000000000000000000, -1.000000000000000000 ) ) ;
#2509 = VERTEX_POINT ( 'NONE', #1637 ) ;
#2510 = ADVANCED_FACE ( 'NONE', ( #1650 ), #619, .F. ) ;
#2511 = DIRECTION ( 'NONE',  ( 1.000000000000000000, 0.000000000000000000, -0.000000000000000000 ) ) ;
#2512 = ORIENTED_EDGE ( 'NONE', *, *, #315, .T. ) ;
#2513 = DIRECTION ( 'NONE',  ( -1.000000000000000000, 0.000000000000000000, 0.000000000000000000 ) ) ;
#2514 = APPROVAL_STATUS ( 'not_yet_approved' ) ;
#2515 = CARTESIAN_POINT ( 'NONE',  ( -290.5000000000000000, -185.0000000000000000, -54.00000000000000000 ) ) ;
#2516 = CARTESIAN_POINT ( 'NONE',  ( -289.5000000000000000, -202.0000000000000000, -18.00000000000000355 ) ) ;
#2517 = ORIENTED_EDGE ( 'NONE', *, *, #907, .T. ) ;
#2518 = DIRECTION ( 'NONE',  ( 0.000000000000000000, -0.000000000000000000, 1.000000000000000000 ) ) ;
#2519 = ADVANCED_FACE ( 'NONE', ( #2231 ), #423, .T. ) ;
#2520 = ORIENTED_EDGE ( 'NONE', *, *, #2322, .T. ) ;
#2521 = CARTESIAN_POINT ( 'NONE',  ( -287.3000000000000114, -198.0000000000000000, 12.00000000000000000 ) ) ;
#2522 = ADVANCED_FACE ( 'NONE', ( #432 ), #1831, .F. ) ;
#2523 = ORIENTED_EDGE ( 'NONE', *, *, #2058, .F. ) ;
#2524 = PLANE ( 'NONE',  #1148 ) ;
#2525 = CC_DESIGN_APPROVAL ( #454, ( #562 ) ) ;
#2526 = LINE ( 'NONE', #739, #2305 ) ;
#2527 = DIRECTION ( 'NONE',  ( -1.000000000000000000, -0.000000000000000000, 0.000000000000000000 ) ) ;
#2528 = LINE ( 'NONE', #334, #583 ) ;
#2529 = ORIENTED_EDGE ( 'NONE', *, *, #2151, .T. ) ;
#2530 = CARTESIAN_POINT ( 'NONE',  ( 289.5000000000000000, 190.0000000000000000, -16.40000000000000213 ) ) ;
#2531 = EDGE_CURVE ( 'NONE', #190, #2590, #120, .T. ) ;
#2532 = CIRCLE ( 'NONE', #750, 1.600000000000000755 ) ;
#2533 = EDGE_CURVE ( 'NONE', #1815, #818, #2526, .T. ) ;
#2534 = ORIENTED_EDGE ( 'NONE', *, *, #55, .F. ) ;
#2535 = CARTESIAN_POINT ( 'NONE',  ( 289.3999999999999773, -194.0000000000000000, 12.00000000000000000 ) ) ;
#2536 = VERTEX_POINT ( 'NONE', #492 ) ;
#2537 = CARTESIAN_POINT ( 'NONE',  ( -291.5000000000000000, -202.0000000000000000, -19.60000000000000142 ) ) ;
#2538 = AXIS2_PLACEMENT_3D ( 'NONE', #1849, #2055, #2444 ) ;
#2539 = AXIS2_PLACEMENT_3D ( 'NONE', #1244, #253, #2049 ) ;
#2540 = DIRECTION ( 'NONE',  ( -1.000000000000000000, 0.000000000000000000, 0.000000000000000000 ) ) ;
#2541 = AXIS2_PLACEMENT_3D ( 'NONE', #1316, #777, #1158 ) ;
#2542 = DIRECTION ( 'NONE',  ( 0.000000000000000000, 0.000000000000000000, 1.000000000000000000 ) ) ;
#2543 = ORIENTED_EDGE ( 'NONE', *, *, #1888, .F. ) ;
#2544 = CARTESIAN_POINT ( 'NONE',  ( -291.5000000000000000, -202.0000000000000000, -6.000000000000000000 ) ) ;
#2545 = AXIS2_PLACEMENT_3D ( 'NONE', #437, #1619, #1406 ) ;
#2546 = AXIS2_PLACEMENT_3D ( 'NONE', #483, #938, #270 ) ;
#2547 = ORIENTED_EDGE ( 'NONE', *, *, #1131, .T. ) ;
#2548 = DIRECTION ( 'NONE',  ( 0.000000000000000000, 0.000000000000000000, -1.000000000000000000 ) ) ;
#2549 = VERTEX_POINT ( 'NONE', #106 ) ;
#2550 = DIRECTION ( 'NONE',  ( 0.000000000000000000, 0.000000000000000000, 1.000000000000000000 ) ) ;
#2551 = VECTOR ( 'NONE', #731, 1000.000000000000000 ) ;
#2552 = FACE_BOUND ( 'NONE', #1861, .T. ) ;
#2553 = DIRECTION ( 'NONE',  ( 1.000000000000000000, 0.000000000000000000, -0.000000000000000000 ) ) ;
#2554 = ORIENTED_EDGE ( 'NONE', *, *, #636, .F. ) ;
#2555 = CARTESIAN_POINT ( 'NONE',  ( -290.5000000000000000, -196.0000000000000000, 12.00000000000000355 ) ) ;
#2556 = ORIENTED_EDGE ( 'NONE', *, *, #808, .F. ) ;
#2557 = CARTESIAN_POINT ( 'NONE',  ( 289.1999999999999886, -190.0000000000000000, -4.400000000000000355 ) ) ;
#2558 = ORIENTED_EDGE ( 'NONE', *, *, #2144, .F. ) ;
#2559 = CARTESIAN_POINT ( 'NONE',  ( -289.5000000000000000, 185.0000000000000000, 12.00000000000000355 ) ) ;
#2560 = EDGE_CURVE ( 'NONE', #323, #1347, #1329, .T. ) ;
#2561 = EDGE_LOOP ( 'NONE', ( #725, #99, #2225, #2398 ) ) ;
#2562 = ADVANCED_FACE ( 'NONE', ( #1515 ), #1688, .T. ) ;
#2563 = DIRECTION ( 'NONE',  ( 0.000000000000000000, -1.000000000000000000, 0.000000000000000000 ) ) ;
#2564 = LOCAL_TIME ( 20, 15, 4.000000000000000000, #1745 ) ;
#2565 = DIRECTION ( 'NONE',  ( 0.000000000000000000, -1.000000000000000000, -0.000000000000000000 ) ) ;
#2566 = CARTESIAN_POINT ( 'NONE',  ( 289.5000000000000000, -202.0000000000000000, -4.399999999999999467 ) ) ;
#2567 = CARTESIAN_POINT ( 'NONE',  ( -290.5000000000000000, -207.0000000000000284, -54.00000000000000000 ) ) ;
#2568 = EDGE_LOOP ( 'NONE', ( #2482, #1930 ) ) ;
#2569 = CARTESIAN_POINT ( 'NONE',  ( 287.3000000000000114, 194.0000000000000000, 12.00000000000000000 ) ) ;
#2570 = ORIENTED_EDGE ( 'NONE', *, *, #243, .F. ) ;
#2571 = CARTESIAN_POINT ( 'NONE',  ( 291.5000000000000000, 196.0000000000000000, 12.00000000000000355 ) ) ;
#2572 = ADVANCED_FACE ( 'NONE', ( #84 ), #1527, .F. ) ;
#2573 = VECTOR ( 'NONE', #2365, 1000.000000000000000 ) ;
#2574 = VECTOR ( 'NONE', #1141, 1000.000000000000000 ) ;
#2575 = ORIENTED_EDGE ( 'NONE', *, *, #393, .T. ) ;
#2576 = PLANE ( 'NONE',  #79 ) ;
#2577 = AXIS2_PLACEMENT_3D ( 'NONE', #906, #697, #2069 ) ;
#2578 = CC_DESIGN_DATE_AND_TIME_ASSIGNMENT ( #565, #1763, ( #733 ) ) ;
#2579 = CIRCLE ( 'NONE', #1869, 1.600000000000000755 ) ;
#2580 = CARTESIAN_POINT ( 'NONE',  ( 291.5000000000000000, 202.0000000000000000, -6.000000000000000000 ) ) ;
#2581 = FACE_OUTER_BOUND ( 'NONE', #2430, .T. ) ;
#2582 = FACE_OUTER_BOUND ( 'NONE', #107, .T. ) ;
#2583 = VECTOR ( 'NONE', #591, 1000.000000000000000 ) ;
#2584 = CIRCLE ( 'NONE', #2503, 1.600000000000000755 ) ;
#2585 = ORIENTED_EDGE ( 'NONE', *, *, #838, .F. ) ;
#2586 = CARTESIAN_POINT ( 'NONE',  ( -289.3999999999999773, 194.0000000000000000, 12.00000000000000000 ) ) ;
#2587 = AXIS2_PLACEMENT_3D ( 'NONE', #1589, #1160, #2397 ) ;
#2588 = EDGE_CURVE ( 'NONE', #2268, #943, #374, .T. ) ;
#2589 = PLANE ( 'NONE',  #1574 ) ;
#2590 = VERTEX_POINT ( 'NONE', #1097 ) ;
#2591 = CARTESIAN_POINT ( 'NONE',  ( 291.5000000000000000, -202.0000000000000000, -19.60000000000000142 ) ) ;
ENDSEC;
END-ISO-10303-21;
