ISO-10303-21;
HEADER;
FILE_DESCRIPTION (( 'STEP AP203' ),
    '1' );
FILE_NAME ('LidLatchCaseFastenerPack_V11_8xM3.STEP',
    '2026-08-29T08:01:36',
    ( '' ),
    ( '' ),
    'SwSTEP 2.0',
    'SolidWorks 2025',
    '' );
FILE_SCHEMA (( 'CONFIG_CONTROL_DESIGN' ));
ENDSEC;

DATA;
#1 = DIRECTION ( 'NONE',  ( -1.000000000000000000, 0.000000000000000000, 0.000000000000000000 ) ) ;
#2 = CARTESIAN_POINT ( 'NONE',  ( -292.1999999999999886, 200.0000000000000000, 24.00000000000000000 ) ) ;
#3 = ORIENTED_EDGE ( 'NONE', *, *, #960, .F. ) ;
#4 = AXIS2_PLACEMENT_3D ( 'NONE', #1198, #1836, #1042 ) ;
#5 = DIRECTION ( 'NONE',  ( 0.000000000000000000, 0.000000000000000000, -1.000000000000000000 ) ) ;
#6 = EDGE_CURVE ( 'NONE', #1750, #853, #1516, .T. ) ;
#7 = VECTOR ( 'NONE', #1573, 1000.000000000000000 ) ;
#8 = FACE_OUTER_BOUND ( 'NONE', #1887, .T. ) ;
#9 = CYLINDRICAL_SURFACE ( 'NONE', #1308, 1.399999999999998579 ) ;
#10 = AXIS2_PLACEMENT_3D ( 'NONE', #830, #1467, #1280 ) ;
#11 = ORIENTED_EDGE ( 'NONE', *, *, #458, .T. ) ;
#12 = CIRCLE ( 'NONE', #86, 1.399999999999998579 ) ;
#13 = EDGE_CURVE ( 'NONE', #97, #283, #751, .T. ) ;
#14 = DIRECTION ( 'NONE',  ( 1.000000000000000000, 0.000000000000000000, 0.000000000000000000 ) ) ;
#15 = DIRECTION ( 'NONE',  ( 1.000000000000000000, 0.000000000000000000, 0.000000000000000000 ) ) ;
#16 = ORIENTED_EDGE ( 'NONE', *, *, #1953, .T. ) ;
#17 = CARTESIAN_POINT ( 'NONE',  ( -271.0500000000000114, -188.0000000000000000, 24.00000000000000000 ) ) ;
#18 = FACE_BOUND ( 'NONE', #1614, .T. ) ;
#19 = DIRECTION ( 'NONE',  ( 0.000000000000000000, 0.000000000000000000, 1.000000000000000000 ) ) ;
#20 = EDGE_CURVE ( 'NONE', #823, #103, #670, .T. ) ;
#21 = EDGE_LOOP ( 'NONE', ( #1207, #911 ) ) ;
#22 = PERSON ( '未', '未', '未', ('未'), ('未'), ('未') ) ;
#23 = DIRECTION ( 'NONE',  ( -1.000000000000000000, 0.000000000000000000, 0.000000000000000000 ) ) ;
#24 = EDGE_CURVE ( 'NONE', #1220, #592, #1395, .T. ) ;
#25 = CARTESIAN_POINT ( 'NONE',  ( 271.0500000000000114, -188.0000000000000000, 24.00000000000000000 ) ) ;
#26 = DIRECTION ( 'NONE',  ( 0.000000000000000000, 0.000000000000000000, 1.000000000000000000 ) ) ;
#27 = EDGE_LOOP ( 'NONE', ( #1230, #1390, #448, #1506 ) ) ;
#28 = DIRECTION ( 'NONE',  ( 1.000000000000000000, 0.000000000000000000, 0.000000000000000000 ) ) ;
#29 = DIRECTION ( 'NONE',  ( -0.000000000000000000, 0.000000000000000000, -1.000000000000000000 ) ) ;
#30 = ORIENTED_EDGE ( 'NONE', *, *, #2021, .T. ) ;
#31 = DIRECTION ( 'NONE',  ( 0.000000000000000000, 0.000000000000000000, 1.000000000000000000 ) ) ;
#32 = ADVANCED_FACE ( 'NONE', ( #2039, #1051 ), #1387, .T. ) ;
#33 = CARTESIAN_POINT ( 'NONE',  ( -292.1999999999999886, -200.0000000000000000, 22.60000000000000142 ) ) ;
#34 = CARTESIAN_POINT ( 'NONE',  ( -292.1999999999999886, 188.0000000000000000, 24.00000000000000000 ) ) ;
#35 = CARTESIAN_POINT ( 'NONE',  ( 293.1999999999999886, -188.0000000000000000, 25.39999999999999858 ) ) ;
#36 = VERTEX_POINT ( 'NONE', #1379 ) ;
#37 = CARTESIAN_POINT ( 'NONE',  ( -292.1999999999999886, -188.0000000000000000, 21.25000000000000000 ) ) ;
#38 = CIRCLE ( 'NONE', #1402, 1.399999999999998579 ) ;
#39 = PLANE ( 'NONE',  #172 ) ;
#40 = EDGE_CURVE ( 'NONE', #1756, #1244, #639, .T. ) ;
#41 = CIRCLE ( 'NONE', #841, 2.749999999999999112 ) ;
#42 = DIRECTION ( 'NONE',  ( 1.000000000000000000, 0.000000000000000000, 0.000000000000000000 ) ) ;
#43 = AXIS2_PLACEMENT_3D ( 'NONE', #1405, #1559, #584 ) ;
#44 = AXIS2_PLACEMENT_3D ( 'NONE', #902, #612, #767 ) ;
#45 = CARTESIAN_POINT ( 'NONE',  ( 293.1999999999999886, 200.0000000000000000, 24.00000000000000000 ) ) ;
#46 = CIRCLE ( 'NONE', #1209, 2.749999999999999112 ) ;
#47 = PERSON_AND_ORGANIZATION ( #22, #262 ) ;
#48 = CYLINDRICAL_SURFACE ( 'NONE', #374, 1.399999999999998579 ) ;
#49 = DIRECTION ( 'NONE',  ( -1.000000000000000000, 0.000000000000000000, 0.000000000000000000 ) ) ;
#50 = AXIS2_PLACEMENT_3D ( 'NONE', #1458, #28, #1791 ) ;
#51 = ORIENTED_EDGE ( 'NONE', *, *, #1712, .T. ) ;
#52 = DIRECTION ( 'NONE',  ( 0.000000000000000000, 0.000000000000000000, -1.000000000000000000 ) ) ;
#53 = DIRECTION ( 'NONE',  ( 0.000000000000000000, 0.000000000000000000, -1.000000000000000000 ) ) ;
#54 = CARTESIAN_POINT ( 'NONE',  ( 292.1999999999999886, -200.0000000000000000, 24.00000000000000000 ) ) ;
#55 = EDGE_CURVE ( 'NONE', #803, #1167, #936, .T. ) ;
#56 = FACE_OUTER_BOUND ( 'NONE', #885, .T. ) ;
#57 = APPROVAL_STATUS ( 'not_yet_approved' ) ;
#58 = CARTESIAN_POINT ( 'NONE',  ( 293.1999999999999886, 188.0000000000000000, 25.39999999999999858 ) ) ;
#59 = EDGE_LOOP ( 'NONE', ( #2054, #1684, #241, #967 ) ) ;
#60 = FACE_OUTER_BOUND ( 'NONE', #1487, .T. ) ;
#61 = DIRECTION ( 'NONE',  ( 0.000000000000000000, 0.000000000000000000, 1.000000000000000000 ) ) ;
#62 = EDGE_CURVE ( 'NONE', #2033, #1457, #1696, .T. ) ;
#63 = CARTESIAN_POINT ( 'NONE',  ( -293.1999999999999886, -200.0000000000000000, 25.39999999999999858 ) ) ;
#64 = LINE ( 'NONE', #211, #1669 ) ;
#65 = PERSON_AND_ORGANIZATION_ROLE ( 'design_supplier' ) ;
#66 = CARTESIAN_POINT ( 'NONE',  ( 293.1999999999999886, -188.0000000000000000, 21.25000000000000000 ) ) ;
#67 = ORIENTED_EDGE ( 'NONE', *, *, #1822, .F. ) ;
#68 = CYLINDRICAL_SURFACE ( 'NONE', #1175, 1.399999999999998579 ) ;
#69 = DIRECTION ( 'NONE',  ( 0.000000000000000000, 0.000000000000000000, 1.000000000000000000 ) ) ;
#70 = PLANE ( 'NONE',  #1103 ) ;
#71 = ORIENTED_EDGE ( 'NONE', *, *, #162, .F. ) ;
#72 = UNCERTAINTY_MEASURE_WITH_UNIT (LENGTH_MEASURE( 1.000000000000000082E-05 ), #683, 'distance_accuracy_value', 'NONE');
#73 = EDGE_CURVE ( 'NONE', #1605, #718, #1165, .T. ) ;
#74 = AXIS2_PLACEMENT_3D ( 'NONE', #1586, #207, #158 ) ;
#75 = CIRCLE ( 'NONE', #1771, 1.399999999999998579 ) ;
#76 = CARTESIAN_POINT ( 'NONE',  ( 271.0500000000000114, 200.0000000000000000, 25.39999999999999858 ) ) ;
#77 = AXIS2_PLACEMENT_3D ( 'NONE', #330, #964, #505 ) ;
#78 = CARTESIAN_POINT ( 'NONE',  ( 0.000000000000000000, 0.000000000000000000, 0.000000000000000000 ) ) ;
#79 = CARTESIAN_POINT ( 'NONE',  ( -293.3000000000000114, 200.0000000000000000, 25.39999999999999858 ) ) ;
#80 = ADVANCED_FACE ( 'NONE', ( #1882 ), #288, .T. ) ;
#81 = ORIENTED_EDGE ( 'NONE', *, *, #1285, .T. ) ;
#82 = AXIS2_PLACEMENT_3D ( 'NONE', #1064, #2056, #624 ) ;
#83 = AXIS2_PLACEMENT_3D ( 'NONE', #1340, #1046, #383 ) ;
#84 = FACE_OUTER_BOUND ( 'NONE', #243, .T. ) ;
#85 = ORIENTED_EDGE ( 'NONE', *, *, #1563, .F. ) ;
#86 = AXIS2_PLACEMENT_3D ( 'NONE', #480, #15, #1590 ) ;
#87 = CARTESIAN_POINT ( 'NONE',  ( 271.0500000000000114, -188.0000000000000000, 25.39999999999999858 ) ) ;
#88 = ORIENTED_EDGE ( 'NONE', *, *, #264, .F. ) ;
#89 = CC_DESIGN_PERSON_AND_ORGANIZATION_ASSIGNMENT ( #47, #379, ( #124 ) ) ;
#90 = CARTESIAN_POINT ( 'NONE',  ( 271.0500000000000114, -188.0000000000000000, 22.60000000000000142 ) ) ;
#91 = EDGE_CURVE ( 'NONE', #1047, #1090, #1065, .T. ) ;
#92 = ORIENTED_EDGE ( 'NONE', *, *, #1937, .F. ) ;
#93 = EDGE_CURVE ( 'NONE', #1730, #1432, #603, .T. ) ;
#94 = DIRECTION ( 'NONE',  ( 0.000000000000000000, 0.000000000000000000, -1.000000000000000000 ) ) ;
#95 = EDGE_LOOP ( 'NONE', ( #864, #1691, #1385, #1111 ) ) ;
#96 = DIRECTION ( 'NONE',  ( 1.000000000000000000, -0.000000000000000000, -0.000000000000000000 ) ) ;
#97 = VERTEX_POINT ( 'NONE', #1407 ) ;
#98 = DIRECTION ( 'NONE',  ( 0.000000000000000000, 0.000000000000000000, 1.000000000000000000 ) ) ;
#99 = EDGE_CURVE ( 'NONE', #575, #1216, #1141, .T. ) ;
#100 = CARTESIAN_POINT ( 'NONE',  ( 292.1999999999999886, -200.0000000000000000, 24.00000000000000000 ) ) ;
#101 = ORIENTED_EDGE ( 'NONE', *, *, #1283, .F. ) ;
#102 = CARTESIAN_POINT ( 'NONE',  ( -293.1999999999999886, -200.0000000000000000, 24.00000000000000000 ) ) ;
#103 = VERTEX_POINT ( 'NONE', #928 ) ;
#104 = EDGE_CURVE ( 'NONE', #1709, #286, #1977, .T. ) ;
#105 = EDGE_LOOP ( 'NONE', ( #1868, #85 ) ) ;
#106 = VERTEX_POINT ( 'NONE', #134 ) ;
#107 = VECTOR ( 'NONE', #1013, 1000.000000000000000 ) ;
#108 = DIRECTION ( 'NONE',  ( -1.000000000000000000, -0.000000000000000000, -0.000000000000000000 ) ) ;
#109 = AXIS2_PLACEMENT_3D ( 'NONE', #1152, #1142, #355 ) ;
#110 = ORIENTED_EDGE ( 'NONE', *, *, #421, .T. ) ;
#111 = EDGE_CURVE ( 'NONE', #1972, #853, #38, .T. ) ;
#112 = CIRCLE ( 'NONE', #83, 1.399999999999998579 ) ;
#113 = CARTESIAN_POINT ( 'NONE',  ( 271.0500000000000114, 200.0000000000000000, 24.00000000000000000 ) ) ;
#114 = VERTEX_POINT ( 'NONE', #1743 ) ;
#115 = AXIS2_PLACEMENT_3D ( 'NONE', #817, #1245, #1936 ) ;
#116 = ADVANCED_FACE ( 'NONE', ( #771 ), #39, .T. ) ;
#117 = DIRECTION ( 'NONE',  ( 0.000000000000000000, 0.000000000000000000, 1.000000000000000000 ) ) ;
#118 = ORIENTED_EDGE ( 'NONE', *, *, #919, .T. ) ;
#119 = ORIENTED_EDGE ( 'NONE', *, *, #1646, .T. ) ;
#120 = DIRECTION ( 'NONE',  ( -1.000000000000000000, 0.000000000000000000, 0.000000000000000000 ) ) ;
#121 = ORIENTED_EDGE ( 'NONE', *, *, #6, .F. ) ;
#122 = DIRECTION ( 'NONE',  ( 1.000000000000000000, 0.000000000000000000, 0.000000000000000000 ) ) ;
#123 = EDGE_LOOP ( 'NONE', ( #1264, #871, #1675, #1345 ) ) ;
#124 = PRODUCT ( 'LidLatchCaseFastenerPack_V11_8xM3', 'LidLatchCaseFastenerPack_V11_8xM3', '', ( #398 ) ) ;
#125 = CARTESIAN_POINT ( 'NONE',  ( 292.1999999999999886, -188.0000000000000000, 26.75000000000000000 ) ) ;
#126 = ORIENTED_EDGE ( 'NONE', *, *, #1050, .F. ) ;
#127 = ORIENTED_EDGE ( 'NONE', *, *, #99, .T. ) ;
#128 = PLANE ( 'NONE',  #1744 ) ;
#129 = EDGE_LOOP ( 'NONE', ( #895, #1689, #1443, #622 ) ) ;
#130 = LINE ( 'NONE', #1400, #2051 ) ;
#131 = LINE ( 'NONE', #1583, #1913 ) ;
#132 = ORIENTED_EDGE ( 'NONE', *, *, #236, .F. ) ;
#133 = CARTESIAN_POINT ( 'NONE',  ( 293.1999999999999886, -188.0000000000000000, 24.00000000000000000 ) ) ;
#134 = CARTESIAN_POINT ( 'NONE',  ( -271.0500000000000114, 188.0000000000000000, 25.39999999999999858 ) ) ;
#135 = ORIENTED_EDGE ( 'NONE', *, *, #1582, .T. ) ;
#136 = AXIS2_PLACEMENT_3D ( 'NONE', #1729, #489, #452 ) ;
#137 = EDGE_CURVE ( 'NONE', #1251, #1148, #1270, .T. ) ;
#138 = DIRECTION ( 'NONE',  ( -1.000000000000000000, 0.000000000000000000, 0.000000000000000000 ) ) ;
#139 = FACE_BOUND ( 'NONE', #1790, .T. ) ;
#140 = ORIENTED_EDGE ( 'NONE', *, *, #857, .F. ) ;
#141 = AXIS2_PLACEMENT_3D ( 'NONE', #824, #1461, #31 ) ;
#142 = CARTESIAN_POINT ( 'NONE',  ( 293.3000000000000114, -188.0000000000000000, 24.00000000000000000 ) ) ;
#143 = DIRECTION ( 'NONE',  ( -1.000000000000000000, 0.000000000000000000, 0.000000000000000000 ) ) ;
#144 = ORIENTED_EDGE ( 'NONE', *, *, #534, .F. ) ;
#145 = CIRCLE ( 'NONE', #1274, 1.399999999999998579 ) ;
#146 = CIRCLE ( 'NONE', #1578, 1.399999999999998579 ) ;
#147 = LINE ( 'NONE', #1717, #1574 ) ;
#148 = DIRECTION ( 'NONE',  ( -1.000000000000000000, 0.000000000000000000, 0.000000000000000000 ) ) ;
#149 = ORIENTED_EDGE ( 'NONE', *, *, #477, .F. ) ;
#150 = EDGE_CURVE ( 'NONE', #406, #1698, #1370, .T. ) ;
#151 = CARTESIAN_POINT ( 'NONE',  ( -271.0500000000000114, 200.0000000000000000, 24.00000000000000000 ) ) ;
#152 = CARTESIAN_POINT ( 'NONE',  ( 293.1999999999999886, 200.0000000000000000, 24.00000000000000000 ) ) ;
#153 = VERTEX_POINT ( 'NONE', #1892 ) ;
#154 = EDGE_CURVE ( 'NONE', #286, #1709, #1601, .T. ) ;
#155 = DIRECTION ( 'NONE',  ( 1.000000000000000000, 0.000000000000000000, 0.000000000000000000 ) ) ;
#156 = ORIENTED_EDGE ( 'NONE', *, *, #1347, .F. ) ;
#157 = DIRECTION ( 'NONE',  ( 0.000000000000000000, 0.000000000000000000, 1.000000000000000000 ) ) ;
#158 = DIRECTION ( 'NONE',  ( 0.000000000000000000, 0.000000000000000000, -1.000000000000000000 ) ) ;
#159 = ORIENTED_EDGE ( 'NONE', *, *, #378, .T. ) ;
#160 = CARTESIAN_POINT ( 'NONE',  ( -293.1999999999999886, 188.0000000000000000, 25.39999999999999858 ) ) ;
#161 = CARTESIAN_POINT ( 'NONE',  ( -271.0500000000000114, 200.0000000000000000, 24.00000000000000000 ) ) ;
#162 = EDGE_CURVE ( 'NONE', #1989, #1403, #570, .T. ) ;
#163 = ORIENTED_EDGE ( 'NONE', *, *, #93, .T. ) ;
#164 = DIRECTION ( 'NONE',  ( 1.000000000000000000, 0.000000000000000000, 0.000000000000000000 ) ) ;
#165 = DIRECTION ( 'NONE',  ( 0.000000000000000000, 0.000000000000000000, -1.000000000000000000 ) ) ;
#166 = ADVANCED_FACE ( 'NONE', ( #1575 ), #986, .T. ) ;
#167 = ORIENTED_EDGE ( 'NONE', *, *, #1785, .T. ) ;
#168 = DIRECTION ( 'NONE',  ( 0.000000000000000000, 0.000000000000000000, 1.000000000000000000 ) ) ;
#169 = DIRECTION ( 'NONE',  ( 0.000000000000000000, 0.000000000000000000, -1.000000000000000000 ) ) ;
#170 = APPROVAL ( #1894, '未' ) ;
#171 = ORIENTED_EDGE ( 'NONE', *, *, #1248, .T. ) ;
#172 = AXIS2_PLACEMENT_3D ( 'NONE', #1955, #2050, #786 ) ;
#173 = CARTESIAN_POINT ( 'NONE',  ( 271.0500000000000114, -200.0000000000000000, 22.60000000000000142 ) ) ;
#174 = CIRCLE ( 'NONE', #340, 1.399999999999998579 ) ;
#175 = ADVANCED_FACE ( 'NONE', ( #1421, #628 ), #950, .T. ) ;
#176 = AXIS2_PLACEMENT_3D ( 'NONE', #827, #1650, #714 ) ;
#177 = DIRECTION ( 'NONE',  ( -0.000000000000000000, 0.000000000000000000, -1.000000000000000000 ) ) ;
#178 = CARTESIAN_POINT ( 'NONE',  ( 292.1999999999999886, 188.0000000000000000, 24.00000000000000000 ) ) ;
#179 = VECTOR ( 'NONE', #1556, 1000.000000000000000 ) ;
#180 = ADVANCED_FACE ( 'NONE', ( #1901 ), #831, .T. ) ;
#181 = ORIENTED_EDGE ( 'NONE', *, *, #1685, .T. ) ;
#182 = AXIS2_PLACEMENT_3D ( 'NONE', #1778, #1434, #642 ) ;
#183 = DIRECTION ( 'NONE',  ( 0.000000000000000000, 0.000000000000000000, 1.000000000000000000 ) ) ;
#184 = CYLINDRICAL_SURFACE ( 'NONE', #2044, 1.399999999999998579 ) ;
#185 = DIRECTION ( 'NONE',  ( 1.000000000000000000, 0.000000000000000000, 0.000000000000000000 ) ) ;
#186 = ORIENTED_EDGE ( 'NONE', *, *, #1122, .F. ) ;
#187 = FACE_OUTER_BOUND ( 'NONE', #815, .T. ) ;
#188 = PLANE ( 'NONE',  #272 ) ;
#189 = EDGE_CURVE ( 'NONE', #1810, #617, #1233, .T. ) ;
#190 = ORIENTED_EDGE ( 'NONE', *, *, #456, .F. ) ;
#191 = DIRECTION ( 'NONE',  ( 1.000000000000000000, 0.000000000000000000, 0.000000000000000000 ) ) ;
#192 = DIRECTION ( 'NONE',  ( 0.000000000000000000, 0.000000000000000000, 1.000000000000000000 ) ) ;
#193 = DIRECTION ( 'NONE',  ( 1.000000000000000000, 0.000000000000000000, 0.000000000000000000 ) ) ;
#194 = DIRECTION ( 'NONE',  ( 0.000000000000000000, 0.000000000000000000, -1.000000000000000000 ) ) ;
#195 = VERTEX_POINT ( 'NONE', #1018 ) ;
#196 = CARTESIAN_POINT ( 'NONE',  ( 292.1999999999999886, 200.0000000000000000, 24.00000000000000000 ) ) ;
#197 = DIRECTION ( 'NONE',  ( 0.000000000000000000, 0.000000000000000000, 1.000000000000000000 ) ) ;
#198 = PLANE ( 'NONE',  #1170 ) ;
#199 = CC_DESIGN_PERSON_AND_ORGANIZATION_ASSIGNMENT ( #702, #1998, ( #832 ) ) ;
#200 = DIRECTION ( 'NONE',  ( 0.000000000000000000, 0.000000000000000000, -1.000000000000000000 ) ) ;
#201 = DIRECTION ( 'NONE',  ( 0.000000000000000000, 0.000000000000000000, -1.000000000000000000 ) ) ;
#202 = FACE_OUTER_BOUND ( 'NONE', #238, .T. ) ;
#203 = ORIENTED_EDGE ( 'NONE', *, *, #627, .T. ) ;
#204 = ADVANCED_FACE ( 'NONE', ( #862 ), #532, .T. ) ;
#205 = CARTESIAN_POINT ( 'NONE',  ( 293.1999999999999886, -188.0000000000000000, 24.00000000000000000 ) ) ;
#206 = AXIS2_PLACEMENT_3D ( 'NONE', #1009, #1645, #219 ) ;
#207 = DIRECTION ( 'NONE',  ( 1.000000000000000000, 0.000000000000000000, 0.000000000000000000 ) ) ;
#208 = CIRCLE ( 'NONE', #1873, 1.399999999999998579 ) ;
#209 = DIRECTION ( 'NONE',  ( 0.000000000000000000, 0.000000000000000000, -1.000000000000000000 ) ) ;
#210 = VECTOR ( 'NONE', #2046, 1000.000000000000000 ) ;
#211 = CARTESIAN_POINT ( 'NONE',  ( 271.0500000000000114, -200.0000000000000000, 22.60000000000000142 ) ) ;
#212 = AXIS2_PLACEMENT_3D ( 'NONE', #861, #1025, #732 ) ;
#213 = ADVANCED_FACE ( 'NONE', ( #688 ), #1342, .T. ) ;
#214 = DIRECTION ( 'NONE',  ( -0.000000000000000000, 0.000000000000000000, 1.000000000000000000 ) ) ;
#215 = AXIS2_PLACEMENT_3D ( 'NONE', #828, #971, #169 ) ;
#216 = EDGE_LOOP ( 'NONE', ( #1940, #1595, #1258, #840 ) ) ;
#217 = EDGE_CURVE ( 'NONE', #1432, #153, #1131, .T. ) ;
#218 = DIRECTION ( 'NONE',  ( 1.000000000000000000, 0.000000000000000000, 0.000000000000000000 ) ) ;
#219 = DIRECTION ( 'NONE',  ( 0.000000000000000000, 0.000000000000000000, -1.000000000000000000 ) ) ;
#220 = DIRECTION ( 'NONE',  ( 0.000000000000000000, 0.000000000000000000, -1.000000000000000000 ) ) ;
#221 = DIRECTION ( 'NONE',  ( 0.000000000000000000, 0.000000000000000000, 1.000000000000000000 ) ) ;
#222 = PERSON_AND_ORGANIZATION_ROLE ( 'creator' ) ;
#223 = DIRECTION ( 'NONE',  ( 1.000000000000000000, 0.000000000000000000, 0.000000000000000000 ) ) ;
#224 = ORIENTED_EDGE ( 'NONE', *, *, #1747, .F. ) ;
#225 = EDGE_CURVE ( 'NONE', #36, #720, #511, .T. ) ;
#226 = DIRECTION ( 'NONE',  ( 1.000000000000000000, 0.000000000000000000, 0.000000000000000000 ) ) ;
#227 = DIRECTION ( 'NONE',  ( 0.000000000000000000, 0.000000000000000000, -1.000000000000000000 ) ) ;
#228 = FACE_OUTER_BOUND ( 'NONE', #1651, .T. ) ;
#229 = ORIENTED_EDGE ( 'NONE', *, *, #960, .T. ) ;
#230 = EDGE_CURVE ( 'NONE', #720, #823, #706, .T. ) ;
#231 = DIRECTION ( 'NONE',  ( -1.000000000000000000, 0.000000000000000000, 0.000000000000000000 ) ) ;
#232 = DIRECTION ( 'NONE',  ( -1.000000000000000000, 0.000000000000000000, 0.000000000000000000 ) ) ;
#233 = EDGE_LOOP ( 'NONE', ( #2027, #127, #416, #820 ) ) ;
#234 = DIRECTION ( 'NONE',  ( 1.000000000000000000, 0.000000000000000000, 0.000000000000000000 ) ) ;
#235 = VERTEX_POINT ( 'NONE', #393 ) ;
#236 = EDGE_CURVE ( 'NONE', #471, #1251, #1735, .T. ) ;
#237 = CYLINDRICAL_SURFACE ( 'NONE', #740, 1.399999999999998579 ) ;
#238 = EDGE_LOOP ( 'NONE', ( #266, #561, #1826, #768 ) ) ;
#239 = EDGE_CURVE ( 'NONE', #746, #1076, #2006, .T. ) ;
#240 = ADVANCED_FACE ( 'NONE', ( #855 ), #1490, .T. ) ;
#241 = ORIENTED_EDGE ( 'NONE', *, *, #1184, .T. ) ;
#242 = DATE_AND_TIME ( #1970, #1498 ) ;
#243 = EDGE_LOOP ( 'NONE', ( #994, #1195, #1734, #110 ) ) ;
#244 = AXIS2_PLACEMENT_3D ( 'NONE', #531, #1157, #1861 ) ;
#245 = CARTESIAN_POINT ( 'NONE',  ( -292.1999999999999886, -200.0000000000000000, 24.00000000000000000 ) ) ;
#246 = ORIENTED_EDGE ( 'NONE', *, *, #385, .F. ) ;
#247 = AXIS2_PLACEMENT_3D ( 'NONE', #2045, #499, #2055 ) ;
#248 = CARTESIAN_POINT ( 'NONE',  ( -293.1999999999999886, -188.0000000000000000, 24.00000000000000000 ) ) ;
#249 = ORIENTED_EDGE ( 'NONE', *, *, #1687, .F. ) ;
#250 = EDGE_CURVE ( 'NONE', #1952, #453, #1301, .T. ) ;
#251 = CARTESIAN_POINT ( 'NONE',  ( -292.1999999999999886, -188.0000000000000000, 24.00000000000000000 ) ) ;
#252 = ORIENTED_EDGE ( 'NONE', *, *, #1515, .T. ) ;
#253 = EDGE_CURVE ( 'NONE', #1181, #860, #989, .T. ) ;
#254 = CARTESIAN_POINT ( 'NONE',  ( 271.0500000000000114, 188.0000000000000000, 24.00000000000000000 ) ) ;
#255 = EDGE_LOOP ( 'NONE', ( #1722, #1641 ) ) ;
#256 = DIRECTION ( 'NONE',  ( 0.000000000000000000, 0.000000000000000000, -1.000000000000000000 ) ) ;
#257 = ORIENTED_EDGE ( 'NONE', *, *, #691, .T. ) ;
#258 = CC_DESIGN_DATE_AND_TIME_ASSIGNMENT ( #242, #1828, ( #1623 ) ) ;
#259 = ORIENTED_EDGE ( 'NONE', *, *, #385, .T. ) ;
#260 = EDGE_CURVE ( 'NONE', #114, #286, #1979, .T. ) ;
#261 = CARTESIAN_POINT ( 'NONE',  ( -293.1999999999999886, 188.0000000000000000, 22.60000000000000142 ) ) ;
#262 = ORGANIZATION ( '未', '未', '' ) ;
#263 = ORIENTED_EDGE ( 'NONE', *, *, #1053, .T. ) ;
#264 = EDGE_CURVE ( 'NONE', #1076, #1766, #64, .T. ) ;
#265 = CARTESIAN_POINT ( 'NONE',  ( -292.1999999999999886, 188.0000000000000000, 24.00000000000000000 ) ) ;
#266 = ORIENTED_EDGE ( 'NONE', *, *, #230, .F. ) ;
#267 = CARTESIAN_POINT ( 'NONE',  ( -271.0500000000000114, -200.0000000000000000, 24.00000000000000000 ) ) ;
#268 = AXIS2_PLACEMENT_3D ( 'NONE', #1561, #1482, #1238 ) ;
#269 = CARTESIAN_POINT ( 'NONE',  ( -293.1999999999999886, 200.0000000000000000, 24.00000000000000000 ) ) ;
#270 = EDGE_LOOP ( 'NONE', ( #1356, #318 ) ) ;
#271 = AXIS2_PLACEMENT_3D ( 'NONE', #518, #1625, #200 ) ;
#272 = AXIS2_PLACEMENT_3D ( 'NONE', #1281, #963, #1784 ) ;
#273 = CARTESIAN_POINT ( 'NONE',  ( -292.1999999999999886, 200.0000000000000000, 26.75000000000000000 ) ) ;
#274 = VECTOR ( 'NONE', #143, 1000.000000000000000 ) ;
#275 = EDGE_LOOP ( 'NONE', ( #429, #498 ) ) ;
#276 = DIRECTION ( 'NONE',  ( 1.000000000000000000, 0.000000000000000000, 0.000000000000000000 ) ) ;
#277 = ORIENTED_EDGE ( 'NONE', *, *, #1695, .F. ) ;
#278 = AXIS2_PLACEMENT_3D ( 'NONE', #1723, #284, #1304 ) ;
#279 = CARTESIAN_POINT ( 'NONE',  ( -271.0500000000000114, -188.0000000000000000, 25.39999999999999858 ) ) ;
#280 = ORIENTED_EDGE ( 'NONE', *, *, #450, .F. ) ;
#281 = DIRECTION ( 'NONE',  ( -1.000000000000000000, 0.000000000000000000, 0.000000000000000000 ) ) ;
#282 = CC_DESIGN_PERSON_AND_ORGANIZATION_ASSIGNMENT ( #851, #1326, ( #1623 ) ) ;
#283 = VERTEX_POINT ( 'NONE', #1969 ) ;
#284 = DIRECTION ( 'NONE',  ( -1.000000000000000000, 0.000000000000000000, 0.000000000000000000 ) ) ;
#285 = LINE ( 'NONE', #947, #179 ) ;
#286 = VERTEX_POINT ( 'NONE', #1657 ) ;
#287 = DIRECTION ( 'NONE',  ( -1.000000000000000000, 0.000000000000000000, 0.000000000000000000 ) ) ;
#288 = CYLINDRICAL_SURFACE ( 'NONE', #1907, 2.749999999999999112 ) ;
#289 = EDGE_CURVE ( 'NONE', #471, #1271, #1177, .T. ) ;
#290 = ORIENTED_EDGE ( 'NONE', *, *, #999, .T. ) ;
#291 = CARTESIAN_POINT ( 'NONE',  ( -292.1999999999999886, 188.0000000000000000, 26.75000000000000000 ) ) ;
#292 = DIRECTION ( 'NONE',  ( -1.000000000000000000, 0.000000000000000000, 0.000000000000000000 ) ) ;
#293 = VERTEX_POINT ( 'NONE', #76 ) ;
#294 = DIRECTION ( 'NONE',  ( -0.000000000000000000, 0.000000000000000000, -1.000000000000000000 ) ) ;
#295 = CARTESIAN_POINT ( 'NONE',  ( 293.3000000000000114, 188.0000000000000000, 22.60000000000000142 ) ) ;
#296 = ORIENTED_EDGE ( 'NONE', *, *, #91, .F. ) ;
#297 = EDGE_CURVE ( 'NONE', #1983, #1222, #1637, .T. ) ;
#298 = CARTESIAN_POINT ( 'NONE',  ( -292.1999999999999886, 188.0000000000000000, 24.00000000000000000 ) ) ;
#299 = DIRECTION ( 'NONE',  ( -1.000000000000000000, -0.000000000000000000, -0.000000000000000000 ) ) ;
#300 = ORIENTED_EDGE ( 'NONE', *, *, #1695, .T. ) ;
#301 = EDGE_CURVE ( 'NONE', #1251, #471, #174, .T. ) ;
#302 = AXIS2_PLACEMENT_3D ( 'NONE', #2052, #138, #1091 ) ;
#303 = DIRECTION ( 'NONE',  ( 1.000000000000000000, 0.000000000000000000, 0.000000000000000000 ) ) ;
#304 = CARTESIAN_POINT ( 'NONE',  ( 292.1999999999999886, 200.0000000000000000, 24.00000000000000000 ) ) ;
#305 = ORIENTED_EDGE ( 'NONE', *, *, #1765, .T. ) ;
#306 = CIRCLE ( 'NONE', #1473, 1.399999999999998579 ) ;
#307 = AXIS2_PLACEMENT_3D ( 'NONE', #1039, #1521, #220 ) ;
#308 = CARTESIAN_POINT ( 'NONE',  ( -271.0500000000000114, -200.0000000000000000, 25.39999999999999858 ) ) ;
#309 = EDGE_LOOP ( 'NONE', ( #926, #1060, #1542, #337 ) ) ;
#310 = VECTOR ( 'NONE', #1061, 1000.000000000000000 ) ;
#311 = AXIS2_PLACEMENT_3D ( 'NONE', #1077, #23, #183 ) ;
#312 = CARTESIAN_POINT ( 'NONE',  ( -292.1999999999999886, -200.0000000000000000, 21.25000000000000000 ) ) ;
#313 = DIRECTION ( 'NONE',  ( 0.000000000000000000, 0.000000000000000000, 1.000000000000000000 ) ) ;
#314 = EDGE_LOOP ( 'NONE', ( #869, #735 ) ) ;
#315 = ADVANCED_FACE ( 'NONE', ( #56 ), #1154, .T. ) ;
#316 = CARTESIAN_POINT ( 'NONE',  ( -271.0500000000000114, 200.0000000000000000, 22.60000000000000142 ) ) ;
#317 = CARTESIAN_POINT ( 'NONE',  ( 271.0500000000000114, -200.0000000000000000, 25.39999999999999858 ) ) ;
#318 = ORIENTED_EDGE ( 'NONE', *, *, #538, .T. ) ;
#319 = ADVANCED_FACE ( 'NONE', ( #1648 ), #980, .T. ) ;
#320 = FACE_OUTER_BOUND ( 'NONE', #309, .T. ) ;
#321 = CYLINDRICAL_SURFACE ( 'NONE', #1008, 1.399999999999998579 ) ;
#322 = ORIENTED_EDGE ( 'NONE', *, *, #217, .T. ) ;
#323 = EDGE_CURVE ( 'NONE', #453, #1952, #1909, .T. ) ;
#324 = DIRECTION ( 'NONE',  ( -1.000000000000000000, 0.000000000000000000, 0.000000000000000000 ) ) ;
#325 = DIRECTION ( 'NONE',  ( -1.000000000000000000, 0.000000000000000000, -0.000000000000000000 ) ) ;
#326 = ORIENTED_EDGE ( 'NONE', *, *, #378, .F. ) ;
#327 = CARTESIAN_POINT ( 'NONE',  ( -271.0500000000000114, -188.0000000000000000, 25.39999999999999858 ) ) ;
#328 = EDGE_CURVE ( 'NONE', #1833, #733, #408, .T. ) ;
#329 = FACE_OUTER_BOUND ( 'NONE', #481, .T. ) ;
#330 = CARTESIAN_POINT ( 'NONE',  ( -292.1999999999999886, -200.0000000000000000, 24.00000000000000000 ) ) ;
#331 = LOCAL_TIME ( 16, 1, 36.00000000000000000, #366 ) ;
#332 = EDGE_LOOP ( 'NONE', ( #186, #1338, #1872, #667 ) ) ;
#333 = DIRECTION ( 'NONE',  ( 0.000000000000000000, 0.000000000000000000, -1.000000000000000000 ) ) ;
#334 = CLOSED_SHELL ( 'NONE', ( #621, #1190, #180, #1416, #1006, #1192, #1886, #1770, #689, #1845 ) ) ;
#335 = CARTESIAN_POINT ( 'NONE',  ( 292.1999999999999886, 200.0000000000000000, 24.00000000000000000 ) ) ;
#336 = CARTESIAN_POINT ( 'NONE',  ( -292.1999999999999886, -188.0000000000000000, 24.00000000000000000 ) ) ;
#337 = ORIENTED_EDGE ( 'NONE', *, *, #1337, .F. ) ;
#338 = AXIS2_PLACEMENT_3D ( 'NONE', #1792, #1260, #1633 ) ;
#339 = DIRECTION ( 'NONE',  ( 0.000000000000000000, 0.000000000000000000, 1.000000000000000000 ) ) ;
#340 = AXIS2_PLACEMENT_3D ( 'NONE', #692, #1774, #701 ) ;
#341 = AXIS2_PLACEMENT_3D ( 'NONE', #1429, #1218, #1087 ) ;
#342 = CARTESIAN_POINT ( 'NONE',  ( 271.0500000000000114, 188.0000000000000000, 24.00000000000000000 ) ) ;
#343 = DIRECTION ( 'NONE',  ( -1.000000000000000000, 0.000000000000000000, 0.000000000000000000 ) ) ;
#344 = CIRCLE ( 'NONE', #44, 2.749999999999999112 ) ;
#345 = AXIS2_PLACEMENT_3D ( 'NONE', #205, #1600, #1298 ) ;
#346 = VERTEX_POINT ( 'NONE', #388 ) ;
#347 = AXIS2_PLACEMENT_3D ( 'NONE', #1124, #1618, #26 ) ;
#348 = CARTESIAN_POINT ( 'NONE',  ( 293.3000000000000114, 200.0000000000000000, 24.00000000000000000 ) ) ;
#349 = CARTESIAN_POINT ( 'NONE',  ( -271.0500000000000114, -188.0000000000000000, 24.00000000000000000 ) ) ;
#350 = CARTESIAN_POINT ( 'NONE',  ( 271.0500000000000114, -200.0000000000000000, 24.00000000000000000 ) ) ;
#351 = DIRECTION ( 'NONE',  ( 0.000000000000000000, 0.000000000000000000, 1.000000000000000000 ) ) ;
#352 = VERTEX_POINT ( 'NONE', #850 ) ;
#353 = DIRECTION ( 'NONE',  ( 0.000000000000000000, 0.000000000000000000, -1.000000000000000000 ) ) ;
#354 = CARTESIAN_POINT ( 'NONE',  ( -293.1999999999999886, -200.0000000000000000, 24.00000000000000000 ) ) ;
#355 = DIRECTION ( 'NONE',  ( 0.000000000000000000, 0.000000000000000000, -1.000000000000000000 ) ) ;
#356 = EDGE_CURVE ( 'NONE', #1244, #1756, #1838, .T. ) ;
#357 = CARTESIAN_POINT ( 'NONE',  ( 271.0500000000000114, 200.0000000000000000, 22.60000000000000142 ) ) ;
#358 = PLANE ( 'NONE',  #730 ) ;
#359 = DIRECTION ( 'NONE',  ( 0.000000000000000000, 0.000000000000000000, -1.000000000000000000 ) ) ;
#360 = CARTESIAN_POINT ( 'NONE',  ( -293.1999999999999886, 188.0000000000000000, 21.25000000000000000 ) ) ;
#361 = ORIENTED_EDGE ( 'NONE', *, *, #882, .T. ) ;
#362 = DIRECTION ( 'NONE',  ( 0.000000000000000000, 0.000000000000000000, -1.000000000000000000 ) ) ;
#363 = CARTESIAN_POINT ( 'NONE',  ( 271.0500000000000114, 188.0000000000000000, 25.39999999999999858 ) ) ;
#364 = PLANE ( 'NONE',  #1069 ) ;
#365 = FACE_OUTER_BOUND ( 'NONE', #643, .T. ) ;
#366 = COORDINATED_UNIVERSAL_TIME_OFFSET ( 8, 0, .AHEAD. ) ;
#367 = EDGE_CURVE ( 'NONE', #568, #1533, #1325, .T. ) ;
#368 = DIRECTION ( 'NONE',  ( 0.000000000000000000, 0.000000000000000000, -1.000000000000000000 ) ) ;
#369 = EDGE_LOOP ( 'NONE', ( #1884, #1906, #163, #322 ) ) ;
#370 = CARTESIAN_POINT ( 'NONE',  ( 271.0500000000000114, -188.0000000000000000, 24.00000000000000000 ) ) ;
#371 = CLOSED_SHELL ( 'NONE', ( #514, #240, #1116, #2067, #319, #1212, #1028, #1834, #1806, #440 ) ) ;
#372 = DIRECTION ( 'NONE',  ( 0.000000000000000000, 0.000000000000000000, -1.000000000000000000 ) ) ;
#373 = CARTESIAN_POINT ( 'NONE',  ( 292.1999999999999886, -200.0000000000000000, 21.25000000000000000 ) ) ;
#374 = AXIS2_PLACEMENT_3D ( 'NONE', #1777, #389, #859 ) ;
#375 = AXIS2_PLACEMENT_3D ( 'NONE', #1418, #1569, #1536 ) ;
#376 = CARTESIAN_POINT ( 'NONE',  ( -293.1999999999999886, 200.0000000000000000, 24.00000000000000000 ) ) ;
#377 = VECTOR ( 'NONE', #955, 1000.000000000000000 ) ;
#378 = EDGE_CURVE ( 'NONE', #1035, #625, #1333, .T. ) ;
#379 = PERSON_AND_ORGANIZATION_ROLE ( 'design_owner' ) ;
#380 = CYLINDRICAL_SURFACE ( 'NONE', #176, 1.399999999999998579 ) ;
#381 = AXIS2_PLACEMENT_3D ( 'NONE', #161, #1629, #1276 ) ;
#382 = ORIENTED_EDGE ( 'NONE', *, *, #189, .F. ) ;
#383 = DIRECTION ( 'NONE',  ( 0.000000000000000000, 0.000000000000000000, 1.000000000000000000 ) ) ;
#384 = DIRECTION ( 'NONE',  ( 0.000000000000000000, 0.000000000000000000, 1.000000000000000000 ) ) ;
#385 = EDGE_CURVE ( 'NONE', #235, #1016, #1005, .T. ) ;
#386 = CARTESIAN_POINT ( 'NONE',  ( 271.0500000000000114, -188.0000000000000000, 24.00000000000000000 ) ) ;
#387 = ORIENTED_EDGE ( 'NONE', *, *, #835, .F. ) ;
#388 = CARTESIAN_POINT ( 'NONE',  ( 292.1999999999999886, 188.0000000000000000, 25.39999999999999858 ) ) ;
#389 = DIRECTION ( 'NONE',  ( 1.000000000000000000, 0.000000000000000000, 0.000000000000000000 ) ) ;
#390 = ORIENTED_EDGE ( 'NONE', *, *, #1314, .F. ) ;
#391 = EDGE_CURVE ( 'NONE', #1680, #1858, #41, .T. ) ;
#392 = PLANE ( 'NONE',  #244 ) ;
#393 = CARTESIAN_POINT ( 'NONE',  ( -293.1999999999999886, -188.0000000000000000, 21.25000000000000000 ) ) ;
#394 = LINE ( 'NONE', #1026, #1408 ) ;
#395 = ORIENTED_EDGE ( 'NONE', *, *, #217, .F. ) ;
#396 = EDGE_CURVE ( 'NONE', #1698, #406, #1507, .T. ) ;
#397 = ORIENTED_EDGE ( 'NONE', *, *, #367, .T. ) ;
#398 = MECHANICAL_CONTEXT ( 'NONE', #901, 'mechanical' ) ;
#399 = EDGE_LOOP ( 'NONE', ( #564, #387 ) ) ;
#400 = APPROVAL_PERSON_ORGANIZATION ( #1410, #170, #1252 ) ;
#401 = DIRECTION ( 'NONE',  ( -1.000000000000000000, 0.000000000000000000, 0.000000000000000000 ) ) ;
#402 = ORIENTED_EDGE ( 'NONE', *, *, #253, .T. ) ;
#403 = ADVANCED_FACE ( 'NONE', ( #365 ), #1819, .T. ) ;
#404 = FACE_OUTER_BOUND ( 'NONE', #369, .T. ) ;
#405 = CLOSED_SHELL ( 'NONE', ( #547, #2058, #677, #1332, #315, #1742, #1365, #1266, #1196, #1321 ) ) ;
#406 = VERTEX_POINT ( 'NONE', #160 ) ;
#407 = AXIS2_PLACEMENT_3D ( 'NONE', #1904, #776, #952 ) ;
#408 = CIRCLE ( 'NONE', #1269, 2.749999999999999112 ) ;
#409 = CARTESIAN_POINT ( 'NONE',  ( -293.1999999999999886, 200.0000000000000000, 24.00000000000000000 ) ) ;
#410 = ADVANCED_FACE ( 'NONE', ( #1763 ), #806, .T. ) ;
#411 = CARTESIAN_POINT ( 'NONE',  ( -271.0500000000000114, 200.0000000000000000, 24.00000000000000000 ) ) ;
#412 = VERTEX_POINT ( 'NONE', #1413 ) ;
#413 = CIRCLE ( 'NONE', #1879, 1.399999999999998579 ) ;
#414 = CIRCLE ( 'NONE', #848, 2.749999999999999112 ) ;
#415 = CARTESIAN_POINT ( 'NONE',  ( -271.0500000000000114, 200.0000000000000000, 24.00000000000000000 ) ) ;
#416 = ORIENTED_EDGE ( 'NONE', *, *, #456, .T. ) ;
#417 = APPROVAL ( #57, '未' ) ;
#418 = FACE_OUTER_BOUND ( 'NONE', #609, .T. ) ;
#419 = ORIENTED_EDGE ( 'NONE', *, *, #591, .T. ) ;
#420 = DIRECTION ( 'NONE',  ( 1.000000000000000000, 0.000000000000000000, 0.000000000000000000 ) ) ;
#421 = EDGE_CURVE ( 'NONE', #1222, #1216, #439, .T. ) ;
#422 = DIRECTION ( 'NONE',  ( 1.000000000000000000, 0.000000000000000000, -0.000000000000000000 ) ) ;
#423 = EDGE_LOOP ( 'NONE', ( #16, #587, #1136, #1537 ) ) ;
#424 = CYLINDRICAL_SURFACE ( 'NONE', #1741, 2.749999999999999112 ) ;
#425 = VERTEX_POINT ( 'NONE', #630 ) ;
#426 = MANIFOLD_SOLID_BREP ( 'M3 A4-70 keeper through fastener', #966 ) ;
#427 = CARTESIAN_POINT ( 'NONE',  ( -293.1999999999999886, 188.0000000000000000, 26.75000000000000000 ) ) ;
#428 = VERTEX_POINT ( 'NONE', #1433 ) ;
#429 = ORIENTED_EDGE ( 'NONE', *, *, #1102, .T. ) ;
#430 = CARTESIAN_POINT ( 'NONE',  ( 292.1999999999999886, -188.0000000000000000, 22.60000000000000142 ) ) ;
#431 = CC_DESIGN_APPROVAL ( #417, ( #1623 ) ) ;
#432 = ORIENTED_EDGE ( 'NONE', *, *, #637, .F. ) ;
#433 = FACE_OUTER_BOUND ( 'NONE', #2061, .T. ) ;
#434 = EDGE_LOOP ( 'NONE', ( #1529, #249 ) ) ;
#435 = CYLINDRICAL_SURFACE ( 'NONE', #1840, 1.399999999999998579 ) ;
#436 = CARTESIAN_POINT ( 'NONE',  ( 292.1999999999999886, -200.0000000000000000, 26.75000000000000000 ) ) ;
#437 = VERTEX_POINT ( 'NONE', #1104 ) ;
#438 = COORDINATED_UNIVERSAL_TIME_OFFSET ( 8, 0, .AHEAD. ) ;
#439 = CIRCLE ( 'NONE', #938, 1.399999999999998579 ) ;
#440 = ADVANCED_FACE ( 'NONE', ( #492 ), #1262, .T. ) ;
#441 = AXIS2_PLACEMENT_3D ( 'NONE', #1350, #1180, #1950 ) ;
#442 = LINE ( 'NONE', #2042, #310 ) ;
#443 = CIRCLE ( 'NONE', #483, 2.749999999999999112 ) ;
#444 = EDGE_LOOP ( 'NONE', ( #1897, #728, #580, #686 ) ) ;
#445 = AXIS2_PLACEMENT_3D ( 'NONE', #415, #1353, #560 ) ;
#446 = PLANE ( 'NONE',  #1012 ) ;
#447 = DIRECTION ( 'NONE',  ( 0.000000000000000000, 0.000000000000000000, -1.000000000000000000 ) ) ;
#448 = ORIENTED_EDGE ( 'NONE', *, *, #1337, .T. ) ;
#449 = CIRCLE ( 'NONE', #813, 1.399999999999998579 ) ;
#450 = EDGE_CURVE ( 'NONE', #718, #1605, #1471, .T. ) ;
#451 = CYLINDRICAL_SURFACE ( 'NONE', #1876, 2.749999999999999112 ) ;
#452 = DIRECTION ( 'NONE',  ( 0.000000000000000000, 0.000000000000000000, -1.000000000000000000 ) ) ;
#453 = VERTEX_POINT ( 'NONE', #1589 ) ;
#454 = DIRECTION ( 'NONE',  ( 0.000000000000000000, 0.000000000000000000, 1.000000000000000000 ) ) ;
#455 = VERTEX_POINT ( 'NONE', #291 ) ;
#456 = EDGE_CURVE ( 'NONE', #1216, #1222, #1373, .T. ) ;
#457 = CYLINDRICAL_SURFACE ( 'NONE', #1781, 1.399999999999998579 ) ;
#458 = EDGE_CURVE ( 'NONE', #428, #1605, #1564, .T. ) ;
#459 = DIRECTION ( 'NONE',  ( -1.000000000000000000, 0.000000000000000000, 0.000000000000000000 ) ) ;
#460 = ORIENTED_EDGE ( 'NONE', *, *, #773, .F. ) ;
#461 = CARTESIAN_POINT ( 'NONE',  ( -292.1999999999999886, -188.0000000000000000, 26.75000000000000000 ) ) ;
#462 = CARTESIAN_POINT ( 'NONE',  ( -292.1999999999999886, 200.0000000000000000, 24.00000000000000000 ) ) ;
#463 = EDGE_LOOP ( 'NONE', ( #1062, #118, #723, #1354 ) ) ;
#464 = COORDINATED_UNIVERSAL_TIME_OFFSET ( 8, 0, .AHEAD. ) ;
#465 = MANIFOLD_SOLID_BREP ( '\X2\8f935165\X0\4', #371 ) ;
#466 = CARTESIAN_POINT ( 'NONE',  ( -293.1999999999999886, -188.0000000000000000, 25.39999999999999858 ) ) ;
#467 = FACE_OUTER_BOUND ( 'NONE', #2064, .T. ) ;
#468 = EDGE_LOOP ( 'NONE', ( #1070, #1821, #1049, #1399 ) ) ;
#469 = CC_DESIGN_APPROVAL ( #1739, ( #596 ) ) ;
#470 = FACE_BOUND ( 'NONE', #662, .T. ) ;
#471 = VERTEX_POINT ( 'NONE', #2062 ) ;
#472 = EDGE_CURVE ( 'NONE', #1702, #1533, #1303, .T. ) ;
#473 = CARTESIAN_POINT ( 'NONE',  ( -293.3000000000000114, -200.0000000000000000, 25.39999999999999858 ) ) ;
#474 = MANIFOLD_SOLID_BREP ( '\X2\8f935165\X0\3', #1635 ) ;
#475 = CARTESIAN_POINT ( 'NONE',  ( 293.3000000000000114, -188.0000000000000000, 24.00000000000000000 ) ) ;
#476 = AXIS2_PLACEMENT_3D ( 'NONE', #1816, #553, #61 ) ;
#477 = EDGE_CURVE ( 'NONE', #617, #1810, #543, .T. ) ;
#478 = AXIS2_PLACEMENT_3D ( 'NONE', #660, #193, #368 ) ;
#479 = CARTESIAN_POINT ( 'NONE',  ( 293.3000000000000114, 188.0000000000000000, 24.00000000000000000 ) ) ;
#480 = CARTESIAN_POINT ( 'NONE',  ( 271.0500000000000114, -200.0000000000000000, 24.00000000000000000 ) ) ;
#481 = EDGE_LOOP ( 'NONE', ( #1855, #1156, #1130, #67 ) ) ;
#482 = AXIS2_PLACEMENT_3D ( 'NONE', #802, #343, #497 ) ;
#483 = AXIS2_PLACEMENT_3D ( 'NONE', #1832, #1976, #1056 ) ;
#484 = DIRECTION ( 'NONE',  ( 1.000000000000000000, 0.000000000000000000, 0.000000000000000000 ) ) ;
#485 = MANIFOLD_SOLID_BREP ( '\X2\8f935165\X0\2', #1267 ) ;
#486 = VECTOR ( 'NONE', #915, 1000.000000000000000 ) ;
#487 = CIRCLE ( 'NONE', #1279, 2.749999999999999112 ) ;
#488 = LINE ( 'NONE', #1440, #1374 ) ;
#489 = DIRECTION ( 'NONE',  ( 1.000000000000000000, -0.000000000000000000, -0.000000000000000000 ) ) ;
#490 = EDGE_LOOP ( 'NONE', ( #1694, #1004 ) ) ;
#491 = ADVANCED_FACE ( 'NONE', ( #1919 ), #1938, .T. ) ;
#492 = FACE_OUTER_BOUND ( 'NONE', #216, .T. ) ;
#493 = CARTESIAN_POINT ( 'NONE',  ( -293.3000000000000114, 200.0000000000000000, 22.60000000000000142 ) ) ;
#494 = EDGE_LOOP ( 'NONE', ( #71, #1550 ) ) ;
#495 = FACE_OUTER_BOUND ( 'NONE', #2025, .T. ) ;
#496 = DIRECTION ( 'NONE',  ( -0.000000000000000000, 0.000000000000000000, 1.000000000000000000 ) ) ;
#497 = DIRECTION ( 'NONE',  ( 0.000000000000000000, 0.000000000000000000, 1.000000000000000000 ) ) ;
#498 = ORIENTED_EDGE ( 'NONE', *, *, #752, .T. ) ;
#499 = DIRECTION ( 'NONE',  ( 1.000000000000000000, -0.000000000000000000, -0.000000000000000000 ) ) ;
#500 = CARTESIAN_POINT ( 'NONE',  ( 271.0500000000000114, -200.0000000000000000, 24.00000000000000000 ) ) ;
#501 = FACE_OUTER_BOUND ( 'NONE', #494, .T. ) ;
#502 = ORIENTED_EDGE ( 'NONE', *, *, #62, .T. ) ;
#503 = DIRECTION ( 'NONE',  ( -1.000000000000000000, 0.000000000000000000, -0.000000000000000000 ) ) ;
#504 = DIRECTION ( 'NONE',  ( 1.000000000000000000, 0.000000000000000000, -0.000000000000000000 ) ) ;
#505 = DIRECTION ( 'NONE',  ( 0.000000000000000000, 0.000000000000000000, 1.000000000000000000 ) ) ;
#506 = ORIENTED_EDGE ( 'NONE', *, *, #1627, .F. ) ;
#507 = DIRECTION ( 'NONE',  ( 0.000000000000000000, 0.000000000000000000, -1.000000000000000000 ) ) ;
#508 = DIRECTION ( 'NONE',  ( 0.000000000000000000, 0.000000000000000000, -1.000000000000000000 ) ) ;
#509 = DIRECTION ( 'NONE',  ( 0.000000000000000000, 0.000000000000000000, 1.000000000000000000 ) ) ;
#510 = EDGE_LOOP ( 'NONE', ( #1693, #1659, #1686, #361 ) ) ;
#511 = CIRCLE ( 'NONE', #770, 2.749999999999999112 ) ;
#512 = DIRECTION ( 'NONE',  ( 1.000000000000000000, -0.000000000000000000, -0.000000000000000000 ) ) ;
#513 = DIRECTION ( 'NONE',  ( -1.000000000000000000, 0.000000000000000000, 0.000000000000000000 ) ) ;
#514 = ADVANCED_FACE ( 'NONE', ( #1720 ), #930, .T. ) ;
#515 = AXIS2_PLACEMENT_3D ( 'NONE', #1944, #513, #1803 ) ;
#516 = AXIS2_PLACEMENT_3D ( 'NONE', #854, #1169, #724 ) ;
#517 = AXIS2_PLACEMENT_3D ( 'NONE', #2063, #631, #1755 ) ;
#518 = CARTESIAN_POINT ( 'NONE',  ( -293.1999999999999886, -188.0000000000000000, 24.00000000000000000 ) ) ;
#519 = CARTESIAN_POINT ( 'NONE',  ( -293.3000000000000114, 188.0000000000000000, 24.00000000000000000 ) ) ;
#520 = LINE ( 'NONE', #1305, #873 ) ;
#521 = FACE_OUTER_BOUND ( 'NONE', #935, .T. ) ;
#522 = ORIENTED_EDGE ( 'NONE', *, *, #2005, .F. ) ;
#523 = FACE_OUTER_BOUND ( 'NONE', #423, .T. ) ;
#524 = DIRECTION ( 'NONE',  ( 0.000000000000000000, 0.000000000000000000, 1.000000000000000000 ) ) ;
#525 = DIRECTION ( 'NONE',  ( 1.000000000000000000, 0.000000000000000000, 0.000000000000000000 ) ) ;
#526 = ADVANCED_FACE ( 'NONE', ( #1597 ), #1928, .T. ) ;
#527 = CARTESIAN_POINT ( 'NONE',  ( 271.0500000000000114, 188.0000000000000000, 22.60000000000000142 ) ) ;
#528 = DIRECTION ( 'NONE',  ( 1.000000000000000000, 0.000000000000000000, 0.000000000000000000 ) ) ;
#529 = DIRECTION ( 'NONE',  ( -1.000000000000000000, -0.000000000000000000, -0.000000000000000000 ) ) ;
#530 = VERTEX_POINT ( 'NONE', #466 ) ;
#531 = CARTESIAN_POINT ( 'NONE',  ( -293.3000000000000114, -200.0000000000000000, 24.00000000000000000 ) ) ;
#532 = CYLINDRICAL_SURFACE ( 'NONE', #602, 1.399999999999998579 ) ;
#533 = PLANE ( 'NONE',  #576 ) ;
#534 = EDGE_CURVE ( 'NONE', #900, #1435, #208, .T. ) ;
#535 = DIRECTION ( 'NONE',  ( 0.000000000000000000, 0.000000000000000000, 1.000000000000000000 ) ) ;
#536 = APPROVAL_STATUS ( 'not_yet_approved' ) ;
#537 = DIRECTION ( 'NONE',  ( -1.000000000000000000, -0.000000000000000000, -0.000000000000000000 ) ) ;
#538 = EDGE_CURVE ( 'NONE', #575, #1983, #75, .T. ) ;
#539 = ORIENTED_EDGE ( 'NONE', *, *, #1874, .F. ) ;
#540 = CARTESIAN_POINT ( 'NONE',  ( 292.1999999999999886, 200.0000000000000000, 22.60000000000000142 ) ) ;
#541 = VECTOR ( 'NONE', #420, 1000.000000000000000 ) ;
#542 = DIRECTION ( 'NONE',  ( 0.000000000000000000, 0.000000000000000000, 1.000000000000000000 ) ) ;
#543 = CIRCLE ( 'NONE', #572, 1.399999999999998579 ) ;
#544 = DIRECTION ( 'NONE',  ( 1.000000000000000000, 0.000000000000000000, 0.000000000000000000 ) ) ;
#545 = CIRCLE ( 'NONE', #574, 1.399999999999998579 ) ;
#546 = AXIS2_PLACEMENT_3D ( 'NONE', #925, #1232, #447 ) ;
#547 = ADVANCED_FACE ( 'NONE', ( #1608 ), #184, .T. ) ;
#548 = CARTESIAN_POINT ( 'NONE',  ( -293.1999999999999886, 188.0000000000000000, 24.00000000000000000 ) ) ;
#549 = DIRECTION ( 'NONE',  ( 0.000000000000000000, 0.000000000000000000, -1.000000000000000000 ) ) ;
#550 = AXIS2_PLACEMENT_3D ( 'NONE', #1888, #825, #507 ) ;
#551 = ORIENTED_EDGE ( 'NONE', *, *, #1874, .T. ) ;
#552 = DIRECTION ( 'NONE',  ( 0.000000000000000000, 0.000000000000000000, -1.000000000000000000 ) ) ;
#553 = DIRECTION ( 'NONE',  ( -1.000000000000000000, -0.000000000000000000, -0.000000000000000000 ) ) ;
#554 = CARTESIAN_POINT ( 'NONE',  ( 292.1999999999999886, -188.0000000000000000, 21.25000000000000000 ) ) ;
#555 = EDGE_LOOP ( 'NONE', ( #563, #506 ) ) ;
#556 = DIRECTION ( 'NONE',  ( 0.000000000000000000, 0.000000000000000000, -1.000000000000000000 ) ) ;
#557 = CALENDAR_DATE ( 2026, 29, 8 ) ;
#558 = ORIENTED_EDGE ( 'NONE', *, *, #1911, .F. ) ;
#559 = EDGE_CURVE ( 'NONE', #1362, #725, #1235, .T. ) ;
#560 = DIRECTION ( 'NONE',  ( 0.000000000000000000, 0.000000000000000000, 1.000000000000000000 ) ) ;
#561 = ORIENTED_EDGE ( 'NONE', *, *, #1627, .T. ) ;
#562 = CARTESIAN_POINT ( 'NONE',  ( -292.1999999999999886, -188.0000000000000000, 24.00000000000000000 ) ) ;
#563 = ORIENTED_EDGE ( 'NONE', *, *, #225, .F. ) ;
#564 = ORIENTED_EDGE ( 'NONE', *, *, #610, .F. ) ;
#565 = APPLICATION_PROTOCOL_DEFINITION ( 'international standard', 'config_control_design', 1994, #901 ) ;
#566 = ORIENTED_EDGE ( 'NONE', *, *, #1063, .T. ) ;
#567 = DIRECTION ( 'NONE',  ( 1.000000000000000000, 0.000000000000000000, 0.000000000000000000 ) ) ;
#568 = VERTEX_POINT ( 'NONE', #1463 ) ;
#569 = DIRECTION ( 'NONE',  ( 0.000000000000000000, 0.000000000000000000, -1.000000000000000000 ) ) ;
#570 = CIRCLE ( 'NONE', #1870, 2.749999999999999112 ) ;
#571 = VERTEX_POINT ( 'NONE', #66 ) ;
#572 = AXIS2_PLACEMENT_3D ( 'NONE', #641, #1275, #1445 ) ;
#573 = EDGE_CURVE ( 'NONE', #1715, #1952, #520, .T. ) ;
#574 = AXIS2_PLACEMENT_3D ( 'NONE', #852, #694, #1494 ) ;
#575 = VERTEX_POINT ( 'NONE', #58 ) ;
#576 = AXIS2_PLACEMENT_3D ( 'NONE', #1290, #1459, #29 ) ;
#577 = VECTOR ( 'NONE', #120, 1000.000000000000000 ) ;
#578 = AXIS2_PLACEMENT_3D ( 'NONE', #1598, #1105, #1609 ) ;
#579 = DIRECTION ( 'NONE',  ( 0.000000000000000000, 0.000000000000000000, 1.000000000000000000 ) ) ;
#580 = ORIENTED_EDGE ( 'NONE', *, *, #1127, .T. ) ;
#581 = EDGE_CURVE ( 'NONE', #1858, #1680, #1636, .T. ) ;
#582 = CARTESIAN_POINT ( 'NONE',  ( -292.1999999999999886, -188.0000000000000000, 24.00000000000000000 ) ) ;
#583 = EDGE_LOOP ( 'NONE', ( #305, #1055 ) ) ;
#584 = DIRECTION ( 'NONE',  ( 0.000000000000000000, 0.000000000000000000, 1.000000000000000000 ) ) ;
#585 = DIRECTION ( 'NONE',  ( 1.000000000000000000, -0.000000000000000000, -0.000000000000000000 ) ) ;
#586 = PLANE ( 'NONE',  #780 ) ;
#587 = ORIENTED_EDGE ( 'NONE', *, *, #1352, .T. ) ;
#588 = LINE ( 'NONE', #748, #1844 ) ;
#589 = ORIENTED_EDGE ( 'NONE', *, *, #1153, .F. ) ;
#590 = DIRECTION ( 'NONE',  ( 0.000000000000000000, 0.000000000000000000, 1.000000000000000000 ) ) ;
#591 = EDGE_CURVE ( 'NONE', #1076, #746, #1037, .T. ) ;
#592 = VERTEX_POINT ( 'NONE', #868 ) ;
#593 = EDGE_LOOP ( 'NONE', ( #1376, #1530 ) ) ;
#594 = EDGE_CURVE ( 'NONE', #1850, #1200, #737, .T. ) ;
#595 = DIRECTION ( 'NONE',  ( -1.000000000000000000, -0.000000000000000000, -0.000000000000000000 ) ) ;
#596 = PRODUCT_DEFINITION_FORMATION_WITH_SPECIFIED_SOURCE ( '�', '', #124, .NOT_KNOWN. ) ;
#597 = EDGE_LOOP ( 'NONE', ( #1925, #1393, #946, #1095 ) ) ;
#598 = CYLINDRICAL_SURFACE ( 'NONE', #1728, 2.749999999999999112 ) ;
#599 = LINE ( 'NONE', #308, #210 ) ;
#600 = ORIENTED_EDGE ( 'NONE', *, *, #637, .T. ) ;
#601 = DIRECTION ( 'NONE',  ( -1.000000000000000000, 0.000000000000000000, 0.000000000000000000 ) ) ;
#602 = AXIS2_PLACEMENT_3D ( 'NONE', #1171, #1965, #53 ) ;
#603 = LINE ( 'NONE', #1468, #1835 ) ;
#604 = ORIENTED_EDGE ( 'NONE', *, *, #1488, .T. ) ;
#605 = VECTOR ( 'NONE', #1493, 1000.000000000000000 ) ;
#606 = AXIS2_PLACEMENT_3D ( 'NONE', #671, #1003, #201 ) ;
#607 = LINE ( 'NONE', #273, #1479 ) ;
#608 = VECTOR ( 'NONE', #995, 1000.000000000000000 ) ;
#609 = EDGE_LOOP ( 'NONE', ( #1566, #1203, #779, #1899 ) ) ;
#610 = EDGE_CURVE ( 'NONE', #455, #2047, #906, .T. ) ;
#611 = DIRECTION ( 'NONE',  ( 1.000000000000000000, 0.000000000000000000, -0.000000000000000000 ) ) ;
#612 = DIRECTION ( 'NONE',  ( 1.000000000000000000, 0.000000000000000000, 0.000000000000000000 ) ) ;
#613 = EDGE_LOOP ( 'NONE', ( #1893, #263, #673, #101 ) ) ;
#614 = AXIS2_PLACEMENT_3D ( 'NONE', #2, #1951, #509 ) ;
#615 = FACE_OUTER_BOUND ( 'NONE', #1115, .T. ) ;
#616 = CARTESIAN_POINT ( 'NONE',  ( 271.0500000000000114, 200.0000000000000000, 22.60000000000000142 ) ) ;
#617 = VERTEX_POINT ( 'NONE', #79 ) ;
#618 = DATE_AND_TIME ( #742, #1029 ) ;
#619 = DIRECTION ( 'NONE',  ( -1.000000000000000000, -0.000000000000000000, -0.000000000000000000 ) ) ;
#620 = LINE ( 'NONE', #789, #1676 ) ;
#621 = ADVANCED_FACE ( 'NONE', ( #1658 ), #380, .T. ) ;
#622 = ORIENTED_EDGE ( 'NONE', *, *, #55, .T. ) ;
#623 = DIRECTION ( 'NONE',  ( 0.000000000000000000, 0.000000000000000000, 1.000000000000000000 ) ) ;
#624 = DIRECTION ( 'NONE',  ( 0.000000000000000000, 0.000000000000000000, 1.000000000000000000 ) ) ;
#625 = VERTEX_POINT ( 'NONE', #703 ) ;
#626 = DIRECTION ( 'NONE',  ( -1.000000000000000000, 0.000000000000000000, 0.000000000000000000 ) ) ;
#627 = EDGE_CURVE ( 'NONE', #1032, #592, #1341, .T. ) ;
#628 = FACE_OUTER_BOUND ( 'NONE', #638, .T. ) ;
#629 = ORIENTED_EDGE ( 'NONE', *, *, #1994, .F. ) ;
#630 = CARTESIAN_POINT ( 'NONE',  ( -271.0500000000000114, -188.0000000000000000, 25.39999999999999858 ) ) ;
#631 = DIRECTION ( 'NONE',  ( 1.000000000000000000, 0.000000000000000000, 0.000000000000000000 ) ) ;
#632 = VERTEX_POINT ( 'NONE', #1134 ) ;
#633 = DIRECTION ( 'NONE',  ( 0.000000000000000000, 0.000000000000000000, -1.000000000000000000 ) ) ;
#634 = EDGE_CURVE ( 'NONE', #106, #1220, #908, .T. ) ;
#635 = FACE_OUTER_BOUND ( 'NONE', #921, .T. ) ;
#636 = DIRECTION ( 'NONE',  ( -1.000000000000000000, 0.000000000000000000, 0.000000000000000000 ) ) ;
#637 = EDGE_CURVE ( 'NONE', #725, #1362, #941, .T. ) ;
#638 = EDGE_LOOP ( 'NONE', ( #1772, #1288 ) ) ;
#639 = CIRCLE ( 'NONE', #1804, 1.399999999999998579 ) ;
#640 = AXIS2_PLACEMENT_3D ( 'NONE', #25, #14, #1123 ) ;
#641 = CARTESIAN_POINT ( 'NONE',  ( -293.3000000000000114, 200.0000000000000000, 24.00000000000000000 ) ) ;
#642 = DIRECTION ( 'NONE',  ( 0.000000000000000000, 0.000000000000000000, 1.000000000000000000 ) ) ;
#643 = EDGE_LOOP ( 'NONE', ( #1587, #784 ) ) ;
#644 = AXIS2_PLACEMENT_3D ( 'NONE', #1549, #1539, #1098 ) ;
#645 = AXIS2_PLACEMENT_3D ( 'NONE', #1375, #1995, #1663 ) ;
#646 = FACE_OUTER_BOUND ( 'NONE', #123, .T. ) ;
#647 = AXIS2_PLACEMENT_3D ( 'NONE', #245, #401, #1007 ) ;
#648 = FACE_OUTER_BOUND ( 'NONE', #1224, .T. ) ;
#649 = AXIS2_PLACEMENT_3D ( 'NONE', #1626, #1084, #1713 ) ;
#650 = CYLINDRICAL_SURFACE ( 'NONE', #482, 1.399999999999998579 ) ;
#651 = ORIENTED_EDGE ( 'NONE', *, *, #472, .F. ) ;
#652 = DIRECTION ( 'NONE',  ( 1.000000000000000000, 0.000000000000000000, 0.000000000000000000 ) ) ;
#653 = FACE_BOUND ( 'NONE', #1839, .T. ) ;
#654 = ORIENTED_EDGE ( 'NONE', *, *, #1926, .T. ) ;
#655 = DIRECTION ( 'NONE',  ( 0.000000000000000000, 0.000000000000000000, 1.000000000000000000 ) ) ;
#656 = FACE_OUTER_BOUND ( 'NONE', #1760, .T. ) ;
#657 = DIRECTION ( 'NONE',  ( 1.000000000000000000, 0.000000000000000000, 0.000000000000000000 ) ) ;
#658 = ORIENTED_EDGE ( 'NONE', *, *, #1582, .F. ) ;
#659 = CARTESIAN_POINT ( 'NONE',  ( -292.1999999999999886, -188.0000000000000000, 26.75000000000000000 ) ) ;
#660 = CARTESIAN_POINT ( 'NONE',  ( 292.1999999999999886, 200.0000000000000000, 24.00000000000000000 ) ) ;
#661 = CYLINDRICAL_SURFACE ( 'NONE', #182, 1.399999999999998579 ) ;
#662 = EDGE_LOOP ( 'NONE', ( #883, #1545 ) ) ;
#663 = EDGE_CURVE ( 'NONE', #1983, #575, #843, .T. ) ;
#664 = LINE ( 'NONE', #327, #608 ) ;
#665 = DIRECTION ( 'NONE',  ( -0.000000000000000000, 0.000000000000000000, 1.000000000000000000 ) ) ;
#666 = AXIS2_PLACEMENT_3D ( 'NONE', #411, #1199, #1044 ) ;
#667 = ORIENTED_EDGE ( 'NONE', *, *, #253, .F. ) ;
#668 = DIRECTION ( 'NONE',  ( -1.000000000000000000, 0.000000000000000000, 0.000000000000000000 ) ) ;
#669 = CARTESIAN_POINT ( 'NONE',  ( 293.3000000000000114, -200.0000000000000000, 25.39999999999999858 ) ) ;
#670 = CIRCLE ( 'NONE', #1002, 2.749999999999999112 ) ;
#671 = CARTESIAN_POINT ( 'NONE',  ( -292.1999999999999886, 188.0000000000000000, 24.00000000000000000 ) ) ;
#672 = DIRECTION ( 'NONE',  ( 1.000000000000000000, 0.000000000000000000, 0.000000000000000000 ) ) ;
#673 = ORIENTED_EDGE ( 'NONE', *, *, #1703, .T. ) ;
#674 = VECTOR ( 'NONE', #1959, 1000.000000000000000 ) ;
#675 = DIRECTION ( 'NONE',  ( 0.000000000000000000, 0.000000000000000000, 1.000000000000000000 ) ) ;
#676 = VECTOR ( 'NONE', #1613, 1000.000000000000000 ) ;
#677 = ADVANCED_FACE ( 'NONE', ( #1820 ), #48, .T. ) ;
#678 = DIRECTION ( 'NONE',  ( 0.000000000000000000, 0.000000000000000000, 1.000000000000000000 ) ) ;
#679 = CIRCLE ( 'NONE', #644, 2.749999999999999112 ) ;
#680 = CARTESIAN_POINT ( 'NONE',  ( -271.0500000000000114, -188.0000000000000000, 22.60000000000000142 ) ) ;
#681 = AXIS2_PLACEMENT_3D ( 'NONE', #1310, #1450, #339 ) ;
#682 = DIRECTION ( 'NONE',  ( 1.000000000000000000, -0.000000000000000000, -0.000000000000000000 ) ) ;
#683 =( LENGTH_UNIT ( ) NAMED_UNIT ( * ) SI_UNIT ( .MILLI., .METRE. ) );
#684 = FACE_OUTER_BOUND ( 'NONE', #1510, .T. ) ;
#685 = CARTESIAN_POINT ( 'NONE',  ( 292.1999999999999886, 200.0000000000000000, 26.75000000000000000 ) ) ;
#686 = ORIENTED_EDGE ( 'NONE', *, *, #999, .F. ) ;
#687 = FACE_OUTER_BOUND ( 'NONE', #2057, .T. ) ;
#688 = FACE_OUTER_BOUND ( 'NONE', #1843, .T. ) ;
#689 = ADVANCED_FACE ( 'NONE', ( #1982 ), #1023, .T. ) ;
#690 = CARTESIAN_POINT ( 'NONE',  ( 293.3000000000000114, -200.0000000000000000, 24.00000000000000000 ) ) ;
#691 = EDGE_CURVE ( 'NONE', #1271, #1148, #545, .T. ) ;
#692 = CARTESIAN_POINT ( 'NONE',  ( 293.1999999999999886, 200.0000000000000000, 24.00000000000000000 ) ) ;
#693 = DATE_AND_TIME ( #557, #331 ) ;
#694 = DIRECTION ( 'NONE',  ( -1.000000000000000000, -0.000000000000000000, -0.000000000000000000 ) ) ;
#695 = DESIGN_CONTEXT ( 'detailed design', #1151, 'design' ) ;
#696 = ORIENTED_EDGE ( 'NONE', *, *, #91, .T. ) ;
#697 = CARTESIAN_POINT ( 'NONE',  ( -292.1999999999999886, 200.0000000000000000, 22.60000000000000142 ) ) ;
#698 = CARTESIAN_POINT ( 'NONE',  ( -292.1999999999999886, 200.0000000000000000, 24.00000000000000000 ) ) ;
#699 = ADVANCED_FACE ( 'NONE', ( #684 ), #982, .T. ) ;
#700 = CARTESIAN_POINT ( 'NONE',  ( 293.1999999999999886, -200.0000000000000000, 24.00000000000000000 ) ) ;
#701 = DIRECTION ( 'NONE',  ( 0.000000000000000000, 0.000000000000000000, -1.000000000000000000 ) ) ;
#702 = PERSON_AND_ORGANIZATION ( #22, #262 ) ;
#703 = CARTESIAN_POINT ( 'NONE',  ( -292.1999999999999886, -188.0000000000000000, 22.60000000000000142 ) ) ;
#704 = ORIENTED_EDGE ( 'NONE', *, *, #1153, .T. ) ;
#705 = CARTESIAN_POINT ( 'NONE',  ( -293.1999999999999886, 188.0000000000000000, 24.00000000000000000 ) ) ;
#706 = LINE ( 'NONE', #1653, #1033 ) ;
#707 = CARTESIAN_POINT ( 'NONE',  ( 271.0500000000000114, 200.0000000000000000, 24.00000000000000000 ) ) ;
#708 = ORIENTED_EDGE ( 'NONE', *, *, #747, .T. ) ;
#709 = VECTOR ( 'NONE', #626, 1000.000000000000000 ) ;
#710 = CIRCLE ( 'NONE', #846, 2.749999999999999112 ) ;
#711 = DIRECTION ( 'NONE',  ( 1.000000000000000000, 0.000000000000000000, 0.000000000000000000 ) ) ;
#712 = AXIS2_PLACEMENT_3D ( 'NONE', #1524, #567, #884 ) ;
#713 = FACE_OUTER_BOUND ( 'NONE', #829, .T. ) ;
#714 = DIRECTION ( 'NONE',  ( 0.000000000000000000, 0.000000000000000000, -1.000000000000000000 ) ) ;
#715 = VECTOR ( 'NONE', #983, 1000.000000000000000 ) ;
#716 = ORIENTED_EDGE ( 'NONE', *, *, #1096, .F. ) ;
#717 = DIRECTION ( 'NONE',  ( 1.000000000000000000, 0.000000000000000000, 0.000000000000000000 ) ) ;
#718 = VERTEX_POINT ( 'NONE', #1486 ) ;
#719 = CARTESIAN_POINT ( 'NONE',  ( -293.3000000000000114, 188.0000000000000000, 22.60000000000000142 ) ) ;
#720 = VERTEX_POINT ( 'NONE', #1475 ) ;
#721 = ORIENTED_EDGE ( 'NONE', *, *, #391, .F. ) ;
#722 = PERSON_AND_ORGANIZATION ( #22, #262 ) ;
#723 = ORIENTED_EDGE ( 'NONE', *, *, #1765, .F. ) ;
#724 = DIRECTION ( 'NONE',  ( 0.000000000000000000, 0.000000000000000000, 1.000000000000000000 ) ) ;
#725 = VERTEX_POINT ( 'NONE', #1317 ) ;
#726 = EDGE_CURVE ( 'NONE', #1862, #1715, #2010, .T. ) ;
#727 = CARTESIAN_POINT ( 'NONE',  ( 292.1999999999999886, -200.0000000000000000, 24.00000000000000000 ) ) ;
#728 = ORIENTED_EDGE ( 'NONE', *, *, #13, .T. ) ;
#729 = ORIENTED_EDGE ( 'NONE', *, *, #1812, .F. ) ;
#730 = AXIS2_PLACEMENT_3D ( 'NONE', #519, #990, #924 ) ;
#731 = ADVANCED_FACE ( 'NONE', ( #615 ), #435, .T. ) ;
#732 = DIRECTION ( 'NONE',  ( 0.000000000000000000, 0.000000000000000000, 1.000000000000000000 ) ) ;
#733 = VERTEX_POINT ( 'NONE', #427 ) ;
#734 = CARTESIAN_POINT ( 'NONE',  ( 293.3000000000000114, 200.0000000000000000, 22.60000000000000142 ) ) ;
#735 = ORIENTED_EDGE ( 'NONE', *, *, #1958, .F. ) ;
#736 = EDGE_CURVE ( 'NONE', #1850, #1086, #907, .T. ) ;
#737 = CIRCLE ( 'NONE', #1534, 2.749999999999999112 ) ;
#738 = AXIS2_PLACEMENT_3D ( 'NONE', #949, #1585, #157 ) ;
#739 = ORIENTED_EDGE ( 'NONE', *, *, #20, .F. ) ;
#740 = AXIS2_PLACEMENT_3D ( 'NONE', #1185, #2016, #1194 ) ;
#741 = ORIENTED_EDGE ( 'NONE', *, *, #2065, .F. ) ;
#742 = CALENDAR_DATE ( 2026, 29, 8 ) ;
#743 = CIRCLE ( 'NONE', #1043, 1.399999999999998579 ) ;
#744 = AXIS2_PLACEMENT_3D ( 'NONE', #1749, #185, #194 ) ;
#745 = CARTESIAN_POINT ( 'NONE',  ( 293.3000000000000114, -200.0000000000000000, 22.60000000000000142 ) ) ;
#746 = VERTEX_POINT ( 'NONE', #1080 ) ;
#747 = EDGE_CURVE ( 'NONE', #900, #1525, #769, .T. ) ;
#748 = CARTESIAN_POINT ( 'NONE',  ( -271.0500000000000114, 200.0000000000000000, 25.39999999999999858 ) ) ;
#749 = EDGE_LOOP ( 'NONE', ( #126, #951 ) ) ;
#750 = PLANE ( 'NONE',  #1773 ) ;
#751 = LINE ( 'NONE', #436, #541 ) ;
#752 = EDGE_CURVE ( 'NONE', #412, #530, #1237, .T. ) ;
#753 = ORIENTED_EDGE ( 'NONE', *, *, #1283, .T. ) ;
#754 = DIRECTION ( 'NONE',  ( 1.000000000000000000, 0.000000000000000000, 0.000000000000000000 ) ) ;
#755 = ORIENTED_EDGE ( 'NONE', *, *, #1323, .T. ) ;
#756 = DIRECTION ( 'NONE',  ( -1.000000000000000000, -0.000000000000000000, -0.000000000000000000 ) ) ;
#757 = DIRECTION ( 'NONE',  ( 0.000000000000000000, 0.000000000000000000, -1.000000000000000000 ) ) ;
#758 = ORIENTED_EDGE ( 'NONE', *, *, #1857, .T. ) ;
#759 = EDGE_CURVE ( 'NONE', #571, #1086, #1671, .T. ) ;
#760 = CARTESIAN_POINT ( 'NONE',  ( 293.3000000000000114, -188.0000000000000000, 22.60000000000000142 ) ) ;
#761 = DIRECTION ( 'NONE',  ( 1.000000000000000000, 0.000000000000000000, 0.000000000000000000 ) ) ;
#762 = EDGE_LOOP ( 'NONE', ( #551, #708, #1557, #1867 ) ) ;
#763 = ADVANCED_FACE ( 'NONE', ( #1249 ), #451, .T. ) ;
#764 = DIRECTION ( 'NONE',  ( -1.000000000000000000, 0.000000000000000000, 0.000000000000000000 ) ) ;
#765 = ORIENTED_EDGE ( 'NONE', *, *, #634, .T. ) ;
#766 = CARTESIAN_POINT ( 'NONE',  ( -293.1999999999999886, -200.0000000000000000, 24.00000000000000000 ) ) ;
#767 = DIRECTION ( 'NONE',  ( 0.000000000000000000, 0.000000000000000000, -1.000000000000000000 ) ) ;
#768 = ORIENTED_EDGE ( 'NONE', *, *, #792, .T. ) ;
#769 = LINE ( 'NONE', #1236, #809 ) ;
#770 = AXIS2_PLACEMENT_3D ( 'NONE', #1824, #1183, #69 ) ;
#771 = FACE_OUTER_BOUND ( 'NONE', #105, .T. ) ;
#772 = ORIENTED_EDGE ( 'NONE', *, *, #559, .T. ) ;
#773 = EDGE_CURVE ( 'NONE', #1756, #1810, #147, .T. ) ;
#774 = AXIS2_PLACEMENT_3D ( 'NONE', #376, #1472, #221 ) ;
#775 = AXIS2_PLACEMENT_3D ( 'NONE', #690, #42, #1758 ) ;
#776 = DIRECTION ( 'NONE',  ( -1.000000000000000000, 0.000000000000000000, 0.000000000000000000 ) ) ;
#777 = DIRECTION ( 'NONE',  ( 1.000000000000000000, 0.000000000000000000, -0.000000000000000000 ) ) ;
#778 = CIRCLE ( 'NONE', #375, 1.399999999999998579 ) ;
#779 = ORIENTED_EDGE ( 'NONE', *, *, #1798, .T. ) ;
#780 = AXIS2_PLACEMENT_3D ( 'NONE', #922, #422, #931 ) ;
#781 = ADVANCED_FACE ( 'NONE', ( #937, #927 ), #750, .T. ) ;
#782 = CARTESIAN_POINT ( 'NONE',  ( -271.0500000000000114, -188.0000000000000000, 24.00000000000000000 ) ) ;
#783 = FACE_OUTER_BOUND ( 'NONE', #1020, .T. ) ;
#784 = ORIENTED_EDGE ( 'NONE', *, *, #1053, .F. ) ;
#785 = CARTESIAN_POINT ( 'NONE',  ( -293.1999999999999886, 200.0000000000000000, 21.25000000000000000 ) ) ;
#786 = DIRECTION ( 'NONE',  ( -0.000000000000000000, 0.000000000000000000, 1.000000000000000000 ) ) ;
#787 = ORIENTED_EDGE ( 'NONE', *, *, #239, .T. ) ;
#788 = DIRECTION ( 'NONE',  ( 0.000000000000000000, 0.000000000000000000, -1.000000000000000000 ) ) ;
#789 = CARTESIAN_POINT ( 'NONE',  ( -292.1999999999999886, -188.0000000000000000, 21.25000000000000000 ) ) ;
#790 = EDGE_LOOP ( 'NONE', ( #1300, #1655 ) ) ;
#791 = DIRECTION ( 'NONE',  ( -1.000000000000000000, 0.000000000000000000, 0.000000000000000000 ) ) ;
#792 = EDGE_CURVE ( 'NONE', #103, #823, #679, .T. ) ;
#793 = FACE_OUTER_BOUND ( 'NONE', #129, .T. ) ;
#794 = CARTESIAN_POINT ( 'NONE',  ( -293.3000000000000114, 200.0000000000000000, 24.00000000000000000 ) ) ;
#795 = ORIENTED_EDGE ( 'NONE', *, *, #40, .F. ) ;
#796 = DIRECTION ( 'NONE',  ( -1.000000000000000000, -0.000000000000000000, -0.000000000000000000 ) ) ;
#797 = FACE_OUTER_BOUND ( 'NONE', #749, .T. ) ;
#798 = EDGE_LOOP ( 'NONE', ( #395, #629 ) ) ;
#799 = CIRCLE ( 'NONE', #1973, 1.399999999999998579 ) ;
#800 = LINE ( 'NONE', #1954, #377 ) ;
#801 = FACE_OUTER_BOUND ( 'NONE', #961, .T. ) ;
#802 = CARTESIAN_POINT ( 'NONE',  ( -271.0500000000000114, 188.0000000000000000, 24.00000000000000000 ) ) ;
#803 = VERTEX_POINT ( 'NONE', #1740 ) ;
#804 = CLOSED_SHELL ( 'NONE', ( #204, #1577, #526, #1914, #699, #781, #1052, #1499, #116, #1112 ) ) ;
#805 = VECTOR ( 'NONE', #191, 1000.000000000000000 ) ;
#806 = PLANE ( 'NONE',  #407 ) ;
#807 = CARTESIAN_POINT ( 'NONE',  ( -271.0500000000000114, 188.0000000000000000, 22.60000000000000142 ) ) ;
#808 = ORIENTED_EDGE ( 'NONE', *, *, #1442, .F. ) ;
#809 = VECTOR ( 'NONE', #1881, 1000.000000000000000 ) ;
#810 = AXIS2_PLACEMENT_3D ( 'NONE', #1612, #512, #362 ) ;
#811 = CARTESIAN_POINT ( 'NONE',  ( -271.0500000000000114, 200.0000000000000000, 25.39999999999999858 ) ) ;
#812 = FACE_BOUND ( 'NONE', #593, .T. ) ;
#813 = AXIS2_PLACEMENT_3D ( 'NONE', #304, #945, #579 ) ;
#814 = DIRECTION ( 'NONE',  ( 1.000000000000000000, 0.000000000000000000, 0.000000000000000000 ) ) ;
#815 = EDGE_LOOP ( 'NONE', ( #984, #2030, #904, #1296 ) ) ;
#816 = EDGE_CURVE ( 'NONE', #2033, #1016, #1068, .T. ) ;
#817 = CARTESIAN_POINT ( 'NONE',  ( 271.0500000000000114, 188.0000000000000000, 24.00000000000000000 ) ) ;
#818 = CARTESIAN_POINT ( 'NONE',  ( 271.0500000000000114, 200.0000000000000000, 24.00000000000000000 ) ) ;
#819 = PLANE ( 'NONE',  #1677 ) ;
#820 = ORIENTED_EDGE ( 'NONE', *, *, #297, .F. ) ;
#821 = LINE ( 'NONE', #811, #976 ) ;
#822 = LINE ( 'NONE', #833, #1980 ) ;
#823 = VERTEX_POINT ( 'NONE', #785 ) ;
#824 = CARTESIAN_POINT ( 'NONE',  ( -293.3000000000000114, 200.0000000000000000, 24.00000000000000000 ) ) ;
#825 = DIRECTION ( 'NONE',  ( 1.000000000000000000, -0.000000000000000000, -0.000000000000000000 ) ) ;
#826 = ADVANCED_FACE ( 'NONE', ( #2028, #1727 ), #1692, .T. ) ;
#827 = CARTESIAN_POINT ( 'NONE',  ( 271.0500000000000114, -200.0000000000000000, 24.00000000000000000 ) ) ;
#828 = CARTESIAN_POINT ( 'NONE',  ( 292.1999999999999886, 188.0000000000000000, 24.00000000000000000 ) ) ;
#829 = EDGE_LOOP ( 'NONE', ( #460, #1495, #171, #929 ) ) ;
#830 = CARTESIAN_POINT ( 'NONE',  ( -271.0500000000000114, -200.0000000000000000, 24.00000000000000000 ) ) ;
#831 = CYLINDRICAL_SURFACE ( 'NONE', #74, 1.399999999999998579 ) ;
#832 = SECURITY_CLASSIFICATION ( '', '', #1179 ) ;
#833 = CARTESIAN_POINT ( 'NONE',  ( 292.1999999999999886, -200.0000000000000000, 21.25000000000000000 ) ) ;
#834 = CARTESIAN_POINT ( 'NONE',  ( 271.0500000000000114, 200.0000000000000000, 25.39999999999999858 ) ) ;
#835 = EDGE_CURVE ( 'NONE', #2047, #455, #1572, .T. ) ;
#836 = DIRECTION ( 'NONE',  ( 1.000000000000000000, 0.000000000000000000, 0.000000000000000000 ) ) ;
#837 = AXIS2_PLACEMENT_3D ( 'NONE', #1322, #1802, #372 ) ;
#838 = CARTESIAN_POINT ( 'NONE',  ( 292.1999999999999886, 200.0000000000000000, 24.00000000000000000 ) ) ;
#839 = CARTESIAN_POINT ( 'NONE',  ( -293.1999999999999886, -200.0000000000000000, 24.00000000000000000 ) ) ;
#840 = ORIENTED_EDGE ( 'NONE', *, *, #73, .F. ) ;
#841 = AXIS2_PLACEMENT_3D ( 'NONE', #45, #1484, #535 ) ;
#842 = CARTESIAN_POINT ( 'NONE',  ( 271.0500000000000114, -200.0000000000000000, 24.00000000000000000 ) ) ;
#843 = CIRCLE ( 'NONE', #1272, 1.399999999999998579 ) ;
#844 = DIRECTION ( 'NONE',  ( 1.000000000000000000, -0.000000000000000000, -0.000000000000000000 ) ) ;
#845 = EDGE_CURVE ( 'NONE', #425, #2020, #1225, .T. ) ;
#846 = AXIS2_PLACEMENT_3D ( 'NONE', #54, #1483, #1324 ) ;
#847 = CARTESIAN_POINT ( 'NONE',  ( -292.1999999999999886, 200.0000000000000000, 24.00000000000000000 ) ) ;
#848 = AXIS2_PLACEMENT_3D ( 'NONE', #705, #891, #1841 ) ;
#849 = CIRCLE ( 'NONE', #2018, 1.399999999999998579 ) ;
#850 = CARTESIAN_POINT ( 'NONE',  ( 271.0500000000000114, 188.0000000000000000, 25.39999999999999858 ) ) ;
#851 = PERSON_AND_ORGANIZATION ( #22, #262 ) ;
#852 = CARTESIAN_POINT ( 'NONE',  ( 293.3000000000000114, 200.0000000000000000, 24.00000000000000000 ) ) ;
#853 = VERTEX_POINT ( 'NONE', #760 ) ;
#854 = CARTESIAN_POINT ( 'NONE',  ( -271.0500000000000114, -200.0000000000000000, 24.00000000000000000 ) ) ;
#855 = FACE_OUTER_BOUND ( 'NONE', #597, .T. ) ;
#856 = LINE ( 'NONE', #1825, #1071 ) ;
#857 = EDGE_CURVE ( 'NONE', #1234, #195, #1394, .T. ) ;
#858 = DIRECTION ( 'NONE',  ( 0.000000000000000000, 0.000000000000000000, -1.000000000000000000 ) ) ;
#859 = DIRECTION ( 'NONE',  ( 0.000000000000000000, 0.000000000000000000, -1.000000000000000000 ) ) ;
#860 = VERTEX_POINT ( 'NONE', #473 ) ;
#861 = CARTESIAN_POINT ( 'NONE',  ( -292.1999999999999886, 200.0000000000000000, 24.00000000000000000 ) ) ;
#862 = FACE_OUTER_BOUND ( 'NONE', #1571, .T. ) ;
#863 = DIRECTION ( 'NONE',  ( 1.000000000000000000, 0.000000000000000000, 0.000000000000000000 ) ) ;
#864 = ORIENTED_EDGE ( 'NONE', *, *, #1716, .F. ) ;
#865 = CARTESIAN_POINT ( 'NONE',  ( 271.0500000000000114, -188.0000000000000000, 25.39999999999999858 ) ) ;
#866 = ADVANCED_BREP_SHAPE_REPRESENTATION ( 'LidLatchCaseFastenerPack_V11_8xM3', ( #426, #485, #474, #465, #1869, #1853, #1162, #1160, #1596 ), #2037 ) ;
#867 = APPROVAL_ROLE ( '' ) ;
#868 = CARTESIAN_POINT ( 'NONE',  ( -292.1999999999999886, 188.0000000000000000, 22.60000000000000142 ) ) ;
#869 = ORIENTED_EDGE ( 'NONE', *, *, #1551, .F. ) ;
#870 = FACE_OUTER_BOUND ( 'NONE', #332, .T. ) ;
#871 = ORIENTED_EDGE ( 'NONE', *, *, #594, .T. ) ;
#872 = AXIS2_PLACEMENT_3D ( 'NONE', #1497, #1158, #384 ) ;
#873 = VECTOR ( 'NONE', #232, 1000.000000000000000 ) ;
#874 = DIRECTION ( 'NONE',  ( 1.000000000000000000, 0.000000000000000000, 0.000000000000000000 ) ) ;
#875 = ORIENTED_EDGE ( 'NONE', *, *, #691, .F. ) ;
#876 = VECTOR ( 'NONE', #1900, 1000.000000000000000 ) ;
#877 = AXIS2_PLACEMENT_3D ( 'NONE', #196, #503, #1592 ) ;
#878 = VERTEX_POINT ( 'NONE', #312 ) ;
#879 = CIRCLE ( 'NONE', #2048, 2.749999999999999112 ) ;
#880 = APPROVAL_ROLE ( '' ) ;
#881 = CIRCLE ( 'NONE', #1918, 1.399999999999998579 ) ;
#882 = EDGE_CURVE ( 'NONE', #1766, #1917, #973, .T. ) ;
#883 = ORIENTED_EDGE ( 'NONE', *, *, #356, .T. ) ;
#884 = DIRECTION ( 'NONE',  ( 0.000000000000000000, 0.000000000000000000, -1.000000000000000000 ) ) ;
#885 = EDGE_LOOP ( 'NONE', ( #224, #875 ) ) ;
#886 = LINE ( 'NONE', #87, #2012 ) ;
#887 = EDGE_LOOP ( 'NONE', ( #1419, #1059 ) ) ;
#888 = ADVANCED_FACE ( 'NONE', ( #793 ), #9, .T. ) ;
#889 = DIRECTION ( 'NONE',  ( -1.000000000000000000, 0.000000000000000000, 0.000000000000000000 ) ) ;
#890 = ADVANCED_FACE ( 'NONE', ( #1759 ), #1119, .T. ) ;
#891 = DIRECTION ( 'NONE',  ( 1.000000000000000000, -0.000000000000000000, -0.000000000000000000 ) ) ;
#892 = ORIENTED_EDGE ( 'NONE', *, *, #13, .F. ) ;
#893 = DIRECTION ( 'NONE',  ( 1.000000000000000000, 0.000000000000000000, 0.000000000000000000 ) ) ;
#894 = VERTEX_POINT ( 'NONE', #1603 ) ;
#895 = ORIENTED_EDGE ( 'NONE', *, *, #1849, .F. ) ;
#896 = EDGE_LOOP ( 'NONE', ( #600, #1284, #916, #741 ) ) ;
#897 = SHAPE_DEFINITION_REPRESENTATION ( #2008, #866 ) ;
#898 = ADVANCED_FACE ( 'NONE', ( #635 ), #650, .T. ) ;
#899 = CARTESIAN_POINT ( 'NONE',  ( -292.1999999999999886, -200.0000000000000000, 21.25000000000000000 ) ) ;
#900 = VERTEX_POINT ( 'NONE', #1282 ) ;
#901 = APPLICATION_CONTEXT ( 'configuration controlled 3d designs of mechanical parts and assemblies' ) ;
#902 = CARTESIAN_POINT ( 'NONE',  ( 292.1999999999999886, -188.0000000000000000, 24.00000000000000000 ) ) ;
#903 = VECTOR ( 'NONE', #761, 1000.000000000000000 ) ;
#904 = ORIENTED_EDGE ( 'NONE', *, *, #328, .T. ) ;
#905 = ADVANCED_FACE ( 'NONE', ( #956 ), #1924, .T. ) ;
#906 = CIRCLE ( 'NONE', #1444, 2.749999999999999112 ) ;
#907 = LINE ( 'NONE', #125, #1041 ) ;
#908 = CIRCLE ( 'NONE', #441, 1.399999999999998579 ) ;
#909 = ORIENTED_EDGE ( 'NONE', *, *, #1968, .T. ) ;
#910 = AXIS2_PLACEMENT_3D ( 'NONE', #562, #1048, #1674 ) ;
#911 = ORIENTED_EDGE ( 'NONE', *, *, #236, .T. ) ;
#912 = AXIS2_PLACEMENT_3D ( 'NONE', #1681, #234, #1986 ) ;
#913 = CC_DESIGN_PERSON_AND_ORGANIZATION_ASSIGNMENT ( #1334, #222, ( #596 ) ) ;
#914 = VECTOR ( 'NONE', #1318, 1000.000000000000000 ) ;
#915 = DIRECTION ( 'NONE',  ( -1.000000000000000000, 0.000000000000000000, 0.000000000000000000 ) ) ;
#916 = ORIENTED_EDGE ( 'NONE', *, *, #391, .T. ) ;
#917 = CYLINDRICAL_SURFACE ( 'NONE', #1775, 1.399999999999998579 ) ;
#918 = ORIENTED_EDGE ( 'NONE', *, *, #137, .T. ) ;
#919 = EDGE_CURVE ( 'NONE', #293, #1702, #488, .T. ) ;
#920 = DIRECTION ( 'NONE',  ( -1.000000000000000000, 0.000000000000000000, 0.000000000000000000 ) ) ;
#921 = EDGE_LOOP ( 'NONE', ( #765, #1753, #1045, #1247 ) ) ;
#922 = CARTESIAN_POINT ( 'NONE',  ( -292.1999999999999886, 188.0000000000000000, 24.00000000000000000 ) ) ;
#923 = VERTEX_POINT ( 'NONE', #1291 ) ;
#924 = DIRECTION ( 'NONE',  ( 0.000000000000000000, 0.000000000000000000, 1.000000000000000000 ) ) ;
#925 = CARTESIAN_POINT ( 'NONE',  ( 292.1999999999999886, 188.0000000000000000, 24.00000000000000000 ) ) ;
#926 = ORIENTED_EDGE ( 'NONE', *, *, #726, .T. ) ;
#927 = FACE_OUTER_BOUND ( 'NONE', #790, .T. ) ;
#928 = CARTESIAN_POINT ( 'NONE',  ( -293.1999999999999886, 200.0000000000000000, 26.75000000000000000 ) ) ;
#929 = ORIENTED_EDGE ( 'NONE', *, *, #477, .T. ) ;
#930 = CYLINDRICAL_SURFACE ( 'NONE', #1099, 1.399999999999998579 ) ;
#931 = DIRECTION ( 'NONE',  ( -0.000000000000000000, 0.000000000000000000, -1.000000000000000000 ) ) ;
#932 = ORIENTED_EDGE ( 'NONE', *, *, #1217, .T. ) ;
#933 = CARTESIAN_POINT ( 'NONE',  ( 293.1999999999999886, 188.0000000000000000, 22.60000000000000142 ) ) ;
#934 = CARTESIAN_POINT ( 'NONE',  ( 293.1999999999999886, 200.0000000000000000, 22.60000000000000142 ) ) ;
#935 = EDGE_LOOP ( 'NONE', ( #979, #1093, #566, #972 ) ) ;
#936 = CIRCLE ( 'NONE', #4, 1.399999999999998579 ) ;
#937 = FACE_BOUND ( 'NONE', #1630, .T. ) ;
#938 = AXIS2_PLACEMENT_3D ( 'NONE', #479, #796, #1423 ) ;
#939 = DIRECTION ( 'NONE',  ( 0.000000000000000000, 0.000000000000000000, -1.000000000000000000 ) ) ;
#940 = EDGE_LOOP ( 'NONE', ( #419, #787 ) ) ;
#941 = CIRCLE ( 'NONE', #1535, 2.749999999999999112 ) ;
#942 = AXIS2_PLACEMENT_3D ( 'NONE', #582, #1363, #569 ) ;
#943 = EDGE_CURVE ( 'NONE', #1125, #346, #306, .T. ) ;
#944 = CARTESIAN_POINT ( 'NONE',  ( 293.1999999999999886, 188.0000000000000000, 24.00000000000000000 ) ) ;
#945 = DIRECTION ( 'NONE',  ( 1.000000000000000000, 0.000000000000000000, 0.000000000000000000 ) ) ;
#946 = ORIENTED_EDGE ( 'NONE', *, *, #20, .T. ) ;
#947 = CARTESIAN_POINT ( 'NONE',  ( 271.0500000000000114, 188.0000000000000000, 25.39999999999999858 ) ) ;
#948 = EDGE_LOOP ( 'NONE', ( #1066, #1829 ) ) ;
#949 = CARTESIAN_POINT ( 'NONE',  ( 293.3000000000000114, -200.0000000000000000, 24.00000000000000000 ) ) ;
#950 = PLANE ( 'NONE',  #338 ) ;
#951 = ORIENTED_EDGE ( 'NONE', *, *, #1593, .F. ) ;
#952 = DIRECTION ( 'NONE',  ( 0.000000000000000000, 0.000000000000000000, 1.000000000000000000 ) ) ;
#953 = PLANE ( 'NONE',  #381 ) ;
#954 = EDGE_LOOP ( 'NONE', ( #795, #2029, #1993, #1518 ) ) ;
#955 = DIRECTION ( 'NONE',  ( -1.000000000000000000, 0.000000000000000000, 0.000000000000000000 ) ) ;
#956 = FACE_OUTER_BOUND ( 'NONE', #2007, .T. ) ;
#957 = ORIENTED_EDGE ( 'NONE', *, *, #421, .F. ) ;
#958 = DIRECTION ( 'NONE',  ( 0.000000000000000000, 0.000000000000000000, 1.000000000000000000 ) ) ;
#959 = DIRECTION ( 'NONE',  ( -0.000000000000000000, 0.000000000000000000, 1.000000000000000000 ) ) ;
#960 = EDGE_CURVE ( 'NONE', #293, #568, #1101, .T. ) ;
#961 = EDGE_LOOP ( 'NONE', ( #1278, #167, #2036, #1189 ) ) ;
#962 = CARTESIAN_POINT ( 'NONE',  ( -293.1999999999999886, -200.0000000000000000, 21.25000000000000000 ) ) ;
#963 = DIRECTION ( 'NONE',  ( 1.000000000000000000, 0.000000000000000000, -0.000000000000000000 ) ) ;
#964 = DIRECTION ( 'NONE',  ( -1.000000000000000000, 0.000000000000000000, 0.000000000000000000 ) ) ;
#965 = ADVANCED_FACE ( 'NONE', ( #1752 ), #321, .T. ) ;
#966 = CLOSED_SHELL ( 'NONE', ( #1430, #1546, #1502, #731, #1638, #1902, #988, #890, #1038, #1428 ) ) ;
#967 = ORIENTED_EDGE ( 'NONE', *, *, #1558, .F. ) ;
#968 = AXIS2_PLACEMENT_3D ( 'NONE', #1000, #1021, #1163 ) ;
#969 = DIRECTION ( 'NONE',  ( 0.000000000000000000, 0.000000000000000000, -1.000000000000000000 ) ) ;
#970 = DIRECTION ( 'NONE',  ( -1.000000000000000000, -0.000000000000000000, -0.000000000000000000 ) ) ;
#971 = DIRECTION ( 'NONE',  ( 1.000000000000000000, 0.000000000000000000, 0.000000000000000000 ) ) ;
#972 = ORIENTED_EDGE ( 'NONE', *, *, #1273, .F. ) ;
#973 = CIRCLE ( 'NONE', #738, 1.399999999999998579 ) ;
#974 = CYLINDRICAL_SURFACE ( 'NONE', #1514, 1.399999999999998579 ) ;
#975 = ADVANCED_FACE ( 'NONE', ( #329 ), #1299, .T. ) ;
#976 = VECTOR ( 'NONE', #985, 1000.000000000000000 ) ;
#977 = LINE ( 'NONE', #1118, #676 ) ;
#978 = ADVANCED_FACE ( 'NONE', ( #648 ), #198, .T. ) ;
#979 = ORIENTED_EDGE ( 'NONE', *, *, #396, .F. ) ;
#980 = PLANE ( 'NONE',  #141 ) ;
#981 = DIRECTION ( 'NONE',  ( 0.000000000000000000, 0.000000000000000000, -1.000000000000000000 ) ) ;
#982 = PLANE ( 'NONE',  #1406 ) ;
#983 = DIRECTION ( 'NONE',  ( -1.000000000000000000, 0.000000000000000000, 0.000000000000000000 ) ) ;
#984 = ORIENTED_EDGE ( 'NONE', *, *, #610, .T. ) ;
#985 = DIRECTION ( 'NONE',  ( -1.000000000000000000, 0.000000000000000000, 0.000000000000000000 ) ) ;
#986 = CYLINDRICAL_SURFACE ( 'NONE', #1036, 1.399999999999998579 ) ;
#987 = CARTESIAN_POINT ( 'NONE',  ( -292.1999999999999886, 188.0000000000000000, 25.39999999999999858 ) ) ;
#988 = ADVANCED_FACE ( 'NONE', ( #1957, #1967 ), #188, .T. ) ;
#989 = LINE ( 'NONE', #1302, #1699 ) ;
#990 = DIRECTION ( 'NONE',  ( -1.000000000000000000, 0.000000000000000000, 0.000000000000000000 ) ) ;
#991 = CARTESIAN_POINT ( 'NONE',  ( 292.1999999999999886, -188.0000000000000000, 24.00000000000000000 ) ) ;
#992 = FACE_OUTER_BOUND ( 'NONE', #314, .T. ) ;
#993 = EDGE_CURVE ( 'NONE', #455, #733, #977, .T. ) ;
#994 = ORIENTED_EDGE ( 'NONE', *, *, #99, .F. ) ;
#995 = DIRECTION ( 'NONE',  ( -1.000000000000000000, 0.000000000000000000, 0.000000000000000000 ) ) ;
#996 = DIRECTION ( 'NONE',  ( 1.000000000000000000, 0.000000000000000000, 0.000000000000000000 ) ) ;
#997 = DIRECTION ( 'NONE',  ( -1.000000000000000000, 0.000000000000000000, 0.000000000000000000 ) ) ;
#998 = CC_DESIGN_DATE_AND_TIME_ASSIGNMENT ( #618, #1381, ( #832 ) ) ;
#999 = EDGE_CURVE ( 'NONE', #1072, #437, #822, .T. ) ;
#1000 = CARTESIAN_POINT ( 'NONE',  ( -271.0500000000000114, 188.0000000000000000, 24.00000000000000000 ) ) ;
#1001 = APPLICATION_PROTOCOL_DEFINITION ( 'international standard', 'config_control_design', 1994, #1151 ) ;
#1002 = AXIS2_PLACEMENT_3D ( 'NONE', #269, #1997, #1523 ) ;
#1003 = DIRECTION ( 'NONE',  ( -1.000000000000000000, 0.000000000000000000, 0.000000000000000000 ) ) ;
#1004 = ORIENTED_EDGE ( 'NONE', *, *, #396, .T. ) ;
#1005 = CIRCLE ( 'NONE', #271, 2.749999999999999112 ) ;
#1006 = ADVANCED_FACE ( 'NONE', ( #8 ), #1768, .T. ) ;
#1007 = DIRECTION ( 'NONE',  ( 0.000000000000000000, 0.000000000000000000, 1.000000000000000000 ) ) ;
#1008 = AXIS2_PLACEMENT_3D ( 'NONE', #1594, #997, #1128 ) ;
#1009 = CARTESIAN_POINT ( 'NONE',  ( 293.1999999999999886, -200.0000000000000000, 24.00000000000000000 ) ) ;
#1010 = CIRCLE ( 'NONE', #810, 1.399999999999998579 ) ;
#1011 = CARTESIAN_POINT ( 'NONE',  ( 293.1999999999999886, -200.0000000000000000, 22.60000000000000142 ) ) ;
#1012 = AXIS2_PLACEMENT_3D ( 'NONE', #782, #611, #294 ) ;
#1013 = DIRECTION ( 'NONE',  ( 1.000000000000000000, 0.000000000000000000, 0.000000000000000000 ) ) ;
#1014 =( NAMED_UNIT ( * ) PLANE_ANGLE_UNIT ( ) SI_UNIT ( $, .RADIAN. ) );
#1015 = DIRECTION ( 'NONE',  ( -1.000000000000000000, 0.000000000000000000, -0.000000000000000000 ) ) ;
#1016 = VERTEX_POINT ( 'NONE', #1602 ) ;
#1017 = DIRECTION ( 'NONE',  ( 0.000000000000000000, 0.000000000000000000, -1.000000000000000000 ) ) ;
#1018 = CARTESIAN_POINT ( 'NONE',  ( -293.3000000000000114, -200.0000000000000000, 22.60000000000000142 ) ) ;
#1019 = DIRECTION ( 'NONE',  ( 0.000000000000000000, 0.000000000000000000, -1.000000000000000000 ) ) ;
#1020 = EDGE_LOOP ( 'NONE', ( #1292, #739 ) ) ;
#1021 = DIRECTION ( 'NONE',  ( 1.000000000000000000, 0.000000000000000000, -0.000000000000000000 ) ) ;
#1022 = DIRECTION ( 'NONE',  ( 1.000000000000000000, 0.000000000000000000, 0.000000000000000000 ) ) ;
#1023 = PLANE ( 'NONE',  #1606 ) ;
#1024 = ORIENTED_EDGE ( 'NONE', *, *, #1712, .F. ) ;
#1025 = DIRECTION ( 'NONE',  ( -1.000000000000000000, 0.000000000000000000, 0.000000000000000000 ) ) ;
#1026 = CARTESIAN_POINT ( 'NONE',  ( 292.1999999999999886, 188.0000000000000000, 26.75000000000000000 ) ) ;
#1027 = ORIENTED_EDGE ( 'NONE', *, *, #1685, .F. ) ;
#1028 = ADVANCED_FACE ( 'NONE', ( #812, #1634 ), #364, .T. ) ;
#1029 = LOCAL_TIME ( 16, 1, 36.00000000000000000, #438 ) ;
#1030 = ORIENTED_EDGE ( 'NONE', *, *, #1437, .F. ) ;
#1031 =( NAMED_UNIT ( * ) SI_UNIT ( $, .STERADIAN. ) SOLID_ANGLE_UNIT ( ) );
#1032 = VERTEX_POINT ( 'NONE', #987 ) ;
#1033 = VECTOR ( 'NONE', #1987, 1000.000000000000000 ) ;
#1034 = DIRECTION ( 'NONE',  ( 0.000000000000000000, 0.000000000000000000, -1.000000000000000000 ) ) ;
#1035 = VERTEX_POINT ( 'NONE', #680 ) ;
#1036 = AXIS2_PLACEMENT_3D ( 'NONE', #1621, #148, #197 ) ;
#1037 = CIRCLE ( 'NONE', #1805, 1.399999999999998579 ) ;
#1038 = ADVANCED_FACE ( 'NONE', ( #1451 ), #533, .T. ) ;
#1039 = CARTESIAN_POINT ( 'NONE',  ( 292.1999999999999886, 188.0000000000000000, 24.00000000000000000 ) ) ;
#1040 = ORIENTED_EDGE ( 'NONE', *, *, #1588, .F. ) ;
#1041 = VECTOR ( 'NONE', #2049, 1000.000000000000000 ) ;
#1042 = DIRECTION ( 'NONE',  ( 0.000000000000000000, 0.000000000000000000, -1.000000000000000000 ) ) ;
#1043 = AXIS2_PLACEMENT_3D ( 'NONE', #2053, #2032, #1580 ) ;
#1044 = DIRECTION ( 'NONE',  ( 0.000000000000000000, 0.000000000000000000, 1.000000000000000000 ) ) ;
#1045 = ORIENTED_EDGE ( 'NONE', *, *, #627, .F. ) ;
#1046 = DIRECTION ( 'NONE',  ( -1.000000000000000000, -0.000000000000000000, -0.000000000000000000 ) ) ;
#1047 = VERTEX_POINT ( 'NONE', #1793 ) ;
#1048 = DIRECTION ( 'NONE',  ( -1.000000000000000000, 0.000000000000000000, 0.000000000000000000 ) ) ;
#1049 = ORIENTED_EDGE ( 'NONE', *, *, #6, .T. ) ;
#1050 = EDGE_CURVE ( 'NONE', #1072, #97, #710, .T. ) ;
#1051 = FACE_OUTER_BOUND ( 'NONE', #1107, .T. ) ;
#1052 = ADVANCED_FACE ( 'NONE', ( #18, #656 ), #1161, .T. ) ;
#1053 = EDGE_CURVE ( 'NONE', #1220, #106, #1811, .T. ) ;
#1054 = LINE ( 'NONE', #899, #1916 ) ;
#1055 = ORIENTED_EDGE ( 'NONE', *, *, #472, .T. ) ;
#1056 = DIRECTION ( 'NONE',  ( 0.000000000000000000, 0.000000000000000000, 1.000000000000000000 ) ) ;
#1057 = ORIENTED_EDGE ( 'NONE', *, *, #1285, .F. ) ;
#1058 = DIRECTION ( 'NONE',  ( 1.000000000000000000, -0.000000000000000000, -0.000000000000000000 ) ) ;
#1059 = ORIENTED_EDGE ( 'NONE', *, *, #1122, .T. ) ;
#1060 = ORIENTED_EDGE ( 'NONE', *, *, #573, .T. ) ;
#1061 = DIRECTION ( 'NONE',  ( -1.000000000000000000, 0.000000000000000000, 0.000000000000000000 ) ) ;
#1062 = ORIENTED_EDGE ( 'NONE', *, *, #1096, .T. ) ;
#1063 = EDGE_CURVE ( 'NONE', #1167, #803, #1842, .T. ) ;
#1064 = CARTESIAN_POINT ( 'NONE',  ( -293.1999999999999886, 200.0000000000000000, 24.00000000000000000 ) ) ;
#1065 = CIRCLE ( 'NONE', #136, 1.399999999999998579 ) ;
#1066 = ORIENTED_EDGE ( 'NONE', *, *, #55, .F. ) ;
#1067 = AXIS2_PLACEMENT_3D ( 'NONE', #698, #1330, #542 ) ;
#1068 = LINE ( 'NONE', #461, #709 ) ;
#1069 = AXIS2_PLACEMENT_3D ( 'NONE', #847, #504, #177 ) ;
#1070 = ORIENTED_EDGE ( 'NONE', *, *, #1138, .F. ) ;
#1071 = VECTOR ( 'NONE', #544, 1000.000000000000000 ) ;
#1072 = VERTEX_POINT ( 'NONE', #373 ) ;
#1073 = CIRCLE ( 'NONE', #712, 1.399999999999998579 ) ;
#1074 = AXIS2_PLACEMENT_3D ( 'NONE', #1885, #108, #454 ) ;
#1075 = LINE ( 'NONE', #1243, #577 ) ;
#1076 = VERTEX_POINT ( 'NONE', #1011 ) ;
#1077 = CARTESIAN_POINT ( 'NONE',  ( -292.1999999999999886, -200.0000000000000000, 24.00000000000000000 ) ) ;
#1078 = CARTESIAN_POINT ( 'NONE',  ( -271.0500000000000114, 188.0000000000000000, 22.60000000000000142 ) ) ;
#1079 = ORIENTED_EDGE ( 'NONE', *, *, #752, .F. ) ;
#1080 = CARTESIAN_POINT ( 'NONE',  ( 293.1999999999999886, -200.0000000000000000, 25.39999999999999858 ) ) ;
#1081 = DIRECTION ( 'NONE',  ( 0.000000000000000000, 0.000000000000000000, -1.000000000000000000 ) ) ;
#1082 = DIRECTION ( 'NONE',  ( -1.000000000000000000, 0.000000000000000000, 0.000000000000000000 ) ) ;
#1083 = ORIENTED_EDGE ( 'NONE', *, *, #1953, .F. ) ;
#1084 = DIRECTION ( 'NONE',  ( -1.000000000000000000, 0.000000000000000000, 0.000000000000000000 ) ) ;
#1085 = CARTESIAN_POINT ( 'NONE',  ( -293.1999999999999886, -200.0000000000000000, 22.60000000000000142 ) ) ;
#1086 = VERTEX_POINT ( 'NONE', #1647 ) ;
#1087 = DIRECTION ( 'NONE',  ( -0.000000000000000000, 0.000000000000000000, 1.000000000000000000 ) ) ;
#1088 = DIRECTION ( 'NONE',  ( 0.000000000000000000, 0.000000000000000000, 1.000000000000000000 ) ) ;
#1089 = ADVANCED_FACE ( 'NONE', ( #801 ), #1439, .T. ) ;
#1090 = VERTEX_POINT ( 'NONE', #1817 ) ;
#1091 = DIRECTION ( 'NONE',  ( 0.000000000000000000, 0.000000000000000000, 1.000000000000000000 ) ) ;
#1092 = CARTESIAN_POINT ( 'NONE',  ( 293.1999999999999886, -188.0000000000000000, 22.60000000000000142 ) ) ;
#1093 = ORIENTED_EDGE ( 'NONE', *, *, #1849, .T. ) ;
#1094 = CARTESIAN_POINT ( 'NONE',  ( -293.3000000000000114, -200.0000000000000000, 24.00000000000000000 ) ) ;
#1095 = ORIENTED_EDGE ( 'NONE', *, *, #1726, .F. ) ;
#1096 = EDGE_CURVE ( 'NONE', #568, #293, #1538, .T. ) ;
#1097 = VECTOR ( 'NONE', #1783, 1000.000000000000000 ) ;
#1098 = DIRECTION ( 'NONE',  ( 0.000000000000000000, 0.000000000000000000, -1.000000000000000000 ) ) ;
#1099 = AXIS2_PLACEMENT_3D ( 'NONE', #151, #324, #958 ) ;
#1100 = DIRECTION ( 'NONE',  ( 0.000000000000000000, 0.000000000000000000, 1.000000000000000000 ) ) ;
#1101 = CIRCLE ( 'NONE', #1639, 1.399999999999998579 ) ;
#1102 = EDGE_CURVE ( 'NONE', #530, #412, #1704, .T. ) ;
#1103 = AXIS2_PLACEMENT_3D ( 'NONE', #707, #1344, #1988 ) ;
#1104 = CARTESIAN_POINT ( 'NONE',  ( 293.1999999999999886, -200.0000000000000000, 21.25000000000000000 ) ) ;
#1105 = DIRECTION ( 'NONE',  ( 1.000000000000000000, 0.000000000000000000, 0.000000000000000000 ) ) ;
#1106 = AXIS2_PLACEMENT_3D ( 'NONE', #1329, #1814, #1017 ) ;
#1107 = EDGE_LOOP ( 'NONE', ( #92, #246 ) ) ;
#1108 = VECTOR ( 'NONE', #672, 1000.000000000000000 ) ;
#1109 = DIRECTION ( 'NONE',  ( 1.000000000000000000, 0.000000000000000000, 0.000000000000000000 ) ) ;
#1110 = DIRECTION ( 'NONE',  ( 0.000000000000000000, 0.000000000000000000, -1.000000000000000000 ) ) ;
#1111 = ORIENTED_EDGE ( 'NONE', *, *, #162, .T. ) ;
#1112 = ADVANCED_FACE ( 'NONE', ( #418 ), #1331, .T. ) ;
#1113 = CARTESIAN_POINT ( 'NONE',  ( 293.3000000000000114, 188.0000000000000000, 24.00000000000000000 ) ) ;
#1114 = LINE ( 'NONE', #317, #1883 ) ;
#1115 = EDGE_LOOP ( 'NONE', ( #140, #522, #402, #755 ) ) ;
#1116 = ADVANCED_FACE ( 'NONE', ( #1206 ), #237, .T. ) ;
#1117 = FACE_BOUND ( 'NONE', #583, .T. ) ;
#1118 = CARTESIAN_POINT ( 'NONE',  ( -292.1999999999999886, 188.0000000000000000, 26.75000000000000000 ) ) ;
#1119 = CYLINDRICAL_SURFACE ( 'NONE', #77, 2.749999999999999112 ) ;
#1120 = EDGE_LOOP ( 'NONE', ( #1364, #229, #397, #651 ) ) ;
#1121 = DIRECTION ( 'NONE',  ( 0.000000000000000000, 0.000000000000000000, 1.000000000000000000 ) ) ;
#1122 = EDGE_CURVE ( 'NONE', #1234, #1181, #413, .T. ) ;
#1123 = DIRECTION ( 'NONE',  ( 0.000000000000000000, 0.000000000000000000, -1.000000000000000000 ) ) ;
#1124 = CARTESIAN_POINT ( 'NONE',  ( 292.1999999999999886, 188.0000000000000000, 24.00000000000000000 ) ) ;
#1125 = VERTEX_POINT ( 'NONE', #1854 ) ;
#1126 = CYLINDRICAL_SURFACE ( 'NONE', #1880, 2.749999999999999112 ) ;
#1127 = EDGE_CURVE ( 'NONE', #283, #437, #443, .T. ) ;
#1128 = DIRECTION ( 'NONE',  ( 0.000000000000000000, 0.000000000000000000, 1.000000000000000000 ) ) ;
#1129 = DIRECTION ( 'NONE',  ( -1.000000000000000000, 0.000000000000000000, 0.000000000000000000 ) ) ;
#1130 = ORIENTED_EDGE ( 'NONE', *, *, #1360, .T. ) ;
#1131 = CIRCLE ( 'NONE', #476, 2.749999999999999112 ) ;
#1132 = AXIS2_PLACEMENT_3D ( 'NONE', #1327, #537, #1155 ) ;
#1133 = DIRECTION ( 'NONE',  ( 1.000000000000000000, 0.000000000000000000, 0.000000000000000000 ) ) ;
#1134 = CARTESIAN_POINT ( 'NONE',  ( 271.0500000000000114, 188.0000000000000000, 22.60000000000000142 ) ) ;
#1135 = CYLINDRICAL_SURFACE ( 'NONE', #744, 1.399999999999998579 ) ;
#1136 = ORIENTED_EDGE ( 'NONE', *, *, #943, .F. ) ;
#1137 = AXIS2_PLACEMENT_3D ( 'NONE', #1401, #484, #633 ) ;
#1138 = EDGE_CURVE ( 'NONE', #1859, #1972, #886, .T. ) ;
#1139 = FACE_OUTER_BOUND ( 'NONE', #27, .T. ) ;
#1140 = CIRCLE ( 'NONE', #212, 2.749999999999999112 ) ;
#1141 = LINE ( 'NONE', #363, #2041 ) ;
#1142 = DIRECTION ( 'NONE',  ( 1.000000000000000000, -0.000000000000000000, -0.000000000000000000 ) ) ;
#1143 = CIRCLE ( 'NONE', #247, 2.749999999999999112 ) ;
#1144 = DIRECTION ( 'NONE',  ( 1.000000000000000000, -0.000000000000000000, -0.000000000000000000 ) ) ;
#1145 = FACE_OUTER_BOUND ( 'NONE', #434, .T. ) ;
#1146 = CARTESIAN_POINT ( 'NONE',  ( 293.1999999999999886, 188.0000000000000000, 24.00000000000000000 ) ) ;
#1147 = CARTESIAN_POINT ( 'NONE',  ( 271.0500000000000114, -188.0000000000000000, 22.60000000000000142 ) ) ;
#1148 = VERTEX_POINT ( 'NONE', #734 ) ;
#1149 = CARTESIAN_POINT ( 'NONE',  ( 271.0500000000000114, 188.0000000000000000, 24.00000000000000000 ) ) ;
#1150 = DIRECTION ( 'NONE',  ( 1.000000000000000000, -0.000000000000000000, -0.000000000000000000 ) ) ;
#1151 = APPLICATION_CONTEXT ( 'configuration controlled 3d designs of mechanical parts and assemblies' ) ;
#1152 = CARTESIAN_POINT ( 'NONE',  ( -293.3000000000000114, 188.0000000000000000, 24.00000000000000000 ) ) ;
#1153 = EDGE_CURVE ( 'NONE', #625, #2020, #1642, .T. ) ;
#1154 = PLANE ( 'NONE',  #1339 ) ;
#1155 = DIRECTION ( 'NONE',  ( 0.000000000000000000, 0.000000000000000000, 1.000000000000000000 ) ) ;
#1156 = ORIENTED_EDGE ( 'NONE', *, *, #1314, .T. ) ;
#1157 = DIRECTION ( 'NONE',  ( -1.000000000000000000, 0.000000000000000000, 0.000000000000000000 ) ) ;
#1158 = DIRECTION ( 'NONE',  ( -1.000000000000000000, 0.000000000000000000, 0.000000000000000000 ) ) ;
#1159 = VECTOR ( 'NONE', #836, 1000.000000000000000 ) ;
#1160 = MANIFOLD_SOLID_BREP ( '\X2\8f935165\X0\8', #405 ) ;
#1161 = PLANE ( 'NONE',  #1576 ) ;
#1162 = MANIFOLD_SOLID_BREP ( '\X2\8f935165\X0\7', #1567 ) ;
#1163 = DIRECTION ( 'NONE',  ( -0.000000000000000000, 0.000000000000000000, -1.000000000000000000 ) ) ;
#1164 = CALENDAR_DATE ( 2026, 29, 8 ) ;
#1165 = CIRCLE ( 'NONE', #1667, 1.399999999999998579 ) ;
#1166 = DIRECTION ( 'NONE',  ( 1.000000000000000000, 0.000000000000000000, 0.000000000000000000 ) ) ;
#1167 = VERTEX_POINT ( 'NONE', #719 ) ;
#1168 = AXIS2_PLACEMENT_3D ( 'NONE', #1990, #668, #1786 ) ;
#1169 = DIRECTION ( 'NONE',  ( -1.000000000000000000, 0.000000000000000000, 0.000000000000000000 ) ) ;
#1170 = AXIS2_PLACEMENT_3D ( 'NONE', #342, #1923, #496 ) ;
#1171 = CARTESIAN_POINT ( 'NONE',  ( 271.0500000000000114, -188.0000000000000000, 24.00000000000000000 ) ) ;
#1172 = CIRCLE ( 'NONE', #1511, 1.399999999999998579 ) ;
#1173 = DIRECTION ( 'NONE',  ( 1.000000000000000000, 0.000000000000000000, 0.000000000000000000 ) ) ;
#1174 = ORIENTED_EDGE ( 'NONE', *, *, #943, .T. ) ;
#1175 = AXIS2_PLACEMENT_3D ( 'NONE', #254, #717, #552 ) ;
#1176 = CIRCLE ( 'NONE', #278, 2.749999999999999112 ) ;
#1177 = LINE ( 'NONE', #834, #674 ) ;
#1178 = ADVANCED_FACE ( 'NONE', ( #404 ), #1215, .T. ) ;
#1179 = SECURITY_CLASSIFICATION_LEVEL ( 'unclassified' ) ;
#1180 = DIRECTION ( 'NONE',  ( -1.000000000000000000, 0.000000000000000000, 0.000000000000000000 ) ) ;
#1181 = VERTEX_POINT ( 'NONE', #63 ) ;
#1182 = FACE_OUTER_BOUND ( 'NONE', #1415, .T. ) ;
#1183 = DIRECTION ( 'NONE',  ( -1.000000000000000000, 0.000000000000000000, 0.000000000000000000 ) ) ;
#1184 = EDGE_CURVE ( 'NONE', #1435, #923, #856, .T. ) ;
#1185 = CARTESIAN_POINT ( 'NONE',  ( -271.0500000000000114, 200.0000000000000000, 24.00000000000000000 ) ) ;
#1186 = VERTEX_POINT ( 'NONE', #1654 ) ;
#1187 = ORIENTED_EDGE ( 'NONE', *, *, #845, .T. ) ;
#1188 = APPROVAL_DATE_TIME ( #693, #417 ) ;
#1189 = ORIENTED_EDGE ( 'NONE', *, *, #1937, .T. ) ;
#1190 = ADVANCED_FACE ( 'NONE', ( #1500 ), #424, .T. ) ;
#1191 = CARTESIAN_POINT ( 'NONE',  ( 292.1999999999999886, -200.0000000000000000, 24.00000000000000000 ) ) ;
#1192 = ADVANCED_FACE ( 'NONE', ( #1355, #1846 ), #1491, .T. ) ;
#1193 = ORIENTED_EDGE ( 'NONE', *, *, #1812, .T. ) ;
#1194 = DIRECTION ( 'NONE',  ( 0.000000000000000000, 0.000000000000000000, 1.000000000000000000 ) ) ;
#1195 = ORIENTED_EDGE ( 'NONE', *, *, #663, .F. ) ;
#1196 = ADVANCED_FACE ( 'NONE', ( #228 ), #70, .T. ) ;
#1197 = LOCAL_TIME ( 16, 1, 36.00000000000000000, #1517 ) ;
#1198 = CARTESIAN_POINT ( 'NONE',  ( -293.3000000000000114, 188.0000000000000000, 24.00000000000000000 ) ) ;
#1199 = DIRECTION ( 'NONE',  ( -1.000000000000000000, 0.000000000000000000, 0.000000000000000000 ) ) ;
#1200 = VERTEX_POINT ( 'NONE', #554 ) ;
#1201 = AXIS2_PLACEMENT_3D ( 'NONE', #251, #889, #1100 ) ;
#1202 = FACE_OUTER_BOUND ( 'NONE', #798, .T. ) ;
#1203 = ORIENTED_EDGE ( 'NONE', *, *, #1563, .T. ) ;
#1204 = EDGE_CURVE ( 'NONE', #1678, #153, #394, .T. ) ;
#1205 = AXIS2_PLACEMENT_3D ( 'NONE', #1452, #657, #165 ) ;
#1206 = FACE_OUTER_BOUND ( 'NONE', #954, .T. ) ;
#1207 = ORIENTED_EDGE ( 'NONE', *, *, #301, .T. ) ;
#1208 = AXIS2_PLACEMENT_3D ( 'NONE', #842, #164, #353 ) ;
#1209 = AXIS2_PLACEMENT_3D ( 'NONE', #1688, #595, #1221 ) ;
#1210 = ORIENTED_EDGE ( 'NONE', *, *, #2015, .F. ) ;
#1211 = AXIS2_PLACEMENT_3D ( 'NONE', #370, #226, #94 ) ;
#1212 = ADVANCED_FACE ( 'NONE', ( #470, #783 ), #2026, .T. ) ;
#1213 = FACE_OUTER_BOUND ( 'NONE', #1725, .T. ) ;
#1214 = ORIENTED_EDGE ( 'NONE', *, *, #835, .T. ) ;
#1215 = CYLINDRICAL_SURFACE ( 'NONE', #307, 2.749999999999999112 ) ;
#1216 = VERTEX_POINT ( 'NONE', #2035 ) ;
#1217 = EDGE_CURVE ( 'NONE', #2020, #625, #1343, .T. ) ;
#1218 = DIRECTION ( 'NONE',  ( -1.000000000000000000, 0.000000000000000000, -0.000000000000000000 ) ) ;
#1219 = ORIENTED_EDGE ( 'NONE', *, *, #289, .T. ) ;
#1220 = VERTEX_POINT ( 'NONE', #1078 ) ;
#1221 = DIRECTION ( 'NONE',  ( 0.000000000000000000, 0.000000000000000000, 1.000000000000000000 ) ) ;
#1222 = VERTEX_POINT ( 'NONE', #295 ) ;
#1223 = CARTESIAN_POINT ( 'NONE',  ( 293.3000000000000114, 200.0000000000000000, 25.39999999999999858 ) ) ;
#1224 = EDGE_LOOP ( 'NONE', ( #1083, #390 ) ) ;
#1225 = LINE ( 'NONE', #279, #7 ) ;
#1226 = EDGE_LOOP ( 'NONE', ( #132, #1219, #257, #1255 ) ) ;
#1227 = ORIENTED_EDGE ( 'NONE', *, *, #111, .F. ) ;
#1228 = AXIS2_PLACEMENT_3D ( 'NONE', #1607, #756, #333 ) ;
#1229 = LINE ( 'NONE', #1871, #486 ) ;
#1230 = ORIENTED_EDGE ( 'NONE', *, *, #573, .F. ) ;
#1231 = CARTESIAN_POINT ( 'NONE',  ( 293.1999999999999886, -188.0000000000000000, 24.00000000000000000 ) ) ;
#1232 = DIRECTION ( 'NONE',  ( 1.000000000000000000, 0.000000000000000000, 0.000000000000000000 ) ) ;
#1233 = CIRCLE ( 'NONE', #1504, 1.399999999999998579 ) ;
#1234 = VERTEX_POINT ( 'NONE', #1085 ) ;
#1235 = CIRCLE ( 'NONE', #478, 2.749999999999999112 ) ;
#1236 = CARTESIAN_POINT ( 'NONE',  ( 271.0500000000000114, -200.0000000000000000, 25.39999999999999858 ) ) ;
#1237 = CIRCLE ( 'NONE', #1509, 1.399999999999998579 ) ;
#1238 = DIRECTION ( 'NONE',  ( 0.000000000000000000, 0.000000000000000000, 1.000000000000000000 ) ) ;
#1239 = AXIS2_PLACEMENT_3D ( 'NONE', #1246, #459, #1889 ) ;
#1240 = ORIENTED_EDGE ( 'NONE', *, *, #1204, .T. ) ;
#1241 = CIRCLE ( 'NONE', #516, 1.399999999999998579 ) ;
#1242 = AXIS2_PLACEMENT_3D ( 'NONE', #839, #49, #1962 ) ;
#1243 = CARTESIAN_POINT ( 'NONE',  ( -292.1999999999999886, -200.0000000000000000, 26.75000000000000000 ) ) ;
#1244 = VERTEX_POINT ( 'NONE', #1384 ) ;
#1245 = DIRECTION ( 'NONE',  ( 1.000000000000000000, 0.000000000000000000, 0.000000000000000000 ) ) ;
#1246 = CARTESIAN_POINT ( 'NONE',  ( -292.1999999999999886, -188.0000000000000000, 24.00000000000000000 ) ) ;
#1247 = ORIENTED_EDGE ( 'NONE', *, *, #1703, .F. ) ;
#1248 = EDGE_CURVE ( 'NONE', #1244, #617, #588, .T. ) ;
#1249 = FACE_OUTER_BOUND ( 'NONE', #2004, .T. ) ;
#1250 = CARTESIAN_POINT ( 'NONE',  ( -293.1999999999999886, 188.0000000000000000, 24.00000000000000000 ) ) ;
#1251 = VERTEX_POINT ( 'NONE', #934 ) ;
#1252 = APPROVAL_ROLE ( '' ) ;
#1253 = DIRECTION ( 'NONE',  ( 0.000000000000000000, 0.000000000000000000, 1.000000000000000000 ) ) ;
#1254 = CARTESIAN_POINT ( 'NONE',  ( -292.1999999999999886, -188.0000000000000000, 24.00000000000000000 ) ) ;
#1255 = ORIENTED_EDGE ( 'NONE', *, *, #137, .F. ) ;
#1256 = FACE_OUTER_BOUND ( 'NONE', #948, .T. ) ;
#1257 = FACE_OUTER_BOUND ( 'NONE', #1818, .T. ) ;
#1258 = ORIENTED_EDGE ( 'NONE', *, *, #1437, .T. ) ;
#1259 = CARTESIAN_POINT ( 'NONE',  ( -271.0500000000000114, -200.0000000000000000, 22.60000000000000142 ) ) ;
#1260 = DIRECTION ( 'NONE',  ( -1.000000000000000000, 0.000000000000000000, 0.000000000000000000 ) ) ;
#1261 = ORIENTED_EDGE ( 'NONE', *, *, #845, .F. ) ;
#1262 = CYLINDRICAL_SURFACE ( 'NONE', #302, 1.399999999999998579 ) ;
#1263 = CARTESIAN_POINT ( 'NONE',  ( -271.0500000000000114, -200.0000000000000000, 25.39999999999999858 ) ) ;
#1264 = ORIENTED_EDGE ( 'NONE', *, *, #736, .F. ) ;
#1265 = CYLINDRICAL_SURFACE ( 'NONE', #1137, 1.399999999999998579 ) ;
#1266 = ADVANCED_FACE ( 'NONE', ( #1257 ), #1724, .T. ) ;
#1267 = CLOSED_SHELL ( 'NONE', ( #965, #763, #213, #166, #410, #32, #1656, #1089, #1941, #1466 ) ) ;
#1268 = CARTESIAN_POINT ( 'NONE',  ( 271.0500000000000114, 200.0000000000000000, 24.00000000000000000 ) ) ;
#1269 = AXIS2_PLACEMENT_3D ( 'NONE', #1615, #1144, #556 ) ;
#1270 = LINE ( 'NONE', #616, #1097 ) ;
#1271 = VERTEX_POINT ( 'NONE', #1223 ) ;
#1272 = AXIS2_PLACEMENT_3D ( 'NONE', #1146, #2019, #1628 ) ;
#1273 = EDGE_CURVE ( 'NONE', #406, #803, #1736, .T. ) ;
#1274 = AXIS2_PLACEMENT_3D ( 'NONE', #265, #791, #757 ) ;
#1275 = DIRECTION ( 'NONE',  ( 1.000000000000000000, -0.000000000000000000, -0.000000000000000000 ) ) ;
#1276 = DIRECTION ( 'NONE',  ( -0.000000000000000000, 0.000000000000000000, -1.000000000000000000 ) ) ;
#1277 = CIRCLE ( 'NONE', #1074, 1.399999999999998579 ) ;
#1278 = ORIENTED_EDGE ( 'NONE', *, *, #1646, .F. ) ;
#1279 = AXIS2_PLACEMENT_3D ( 'NONE', #336, #1905, #351 ) ;
#1280 = DIRECTION ( 'NONE',  ( 0.000000000000000000, 0.000000000000000000, 1.000000000000000000 ) ) ;
#1281 = CARTESIAN_POINT ( 'NONE',  ( -292.1999999999999886, -200.0000000000000000, 24.00000000000000000 ) ) ;
#1282 = CARTESIAN_POINT ( 'NONE',  ( 271.0500000000000114, -200.0000000000000000, 25.39999999999999858 ) ) ;
#1283 = EDGE_CURVE ( 'NONE', #592, #1032, #145, .T. ) ;
#1284 = ORIENTED_EDGE ( 'NONE', *, *, #1911, .T. ) ;
#1285 = EDGE_CURVE ( 'NONE', #1200, #1850, #344, .T. ) ;
#1286 = DIRECTION ( 'NONE',  ( -1.000000000000000000, 0.000000000000000000, 0.000000000000000000 ) ) ;
#1287 = FACE_BOUND ( 'NONE', #887, .T. ) ;
#1288 = ORIENTED_EDGE ( 'NONE', *, *, #328, .F. ) ;
#1289 = FACE_OUTER_BOUND ( 'NONE', #1422, .T. ) ;
#1290 = CARTESIAN_POINT ( 'NONE',  ( -271.0500000000000114, -200.0000000000000000, 24.00000000000000000 ) ) ;
#1291 = CARTESIAN_POINT ( 'NONE',  ( 292.1999999999999886, -200.0000000000000000, 22.60000000000000142 ) ) ;
#1292 = ORIENTED_EDGE ( 'NONE', *, *, #792, .F. ) ;
#1293 = DIRECTION ( 'NONE',  ( -1.000000000000000000, -0.000000000000000000, -0.000000000000000000 ) ) ;
#1294 = DIRECTION ( 'NONE',  ( 1.000000000000000000, 0.000000000000000000, 0.000000000000000000 ) ) ;
#1295 = CYLINDRICAL_SURFACE ( 'NONE', #614, 2.749999999999999112 ) ;
#1296 = ORIENTED_EDGE ( 'NONE', *, *, #993, .F. ) ;
#1297 = AXIS2_PLACEMENT_3D ( 'NONE', #766, #1787, #1417 ) ;
#1298 = DIRECTION ( 'NONE',  ( 0.000000000000000000, 0.000000000000000000, 1.000000000000000000 ) ) ;
#1299 = CYLINDRICAL_SURFACE ( 'NONE', #1946, 1.399999999999998579 ) ;
#1300 = ORIENTED_EDGE ( 'NONE', *, *, #759, .F. ) ;
#1301 = CIRCLE ( 'NONE', #1737, 1.399999999999998579 ) ;
#1302 = CARTESIAN_POINT ( 'NONE',  ( -271.0500000000000114, -200.0000000000000000, 25.39999999999999858 ) ) ;
#1303 = CIRCLE ( 'NONE', #2009, 1.399999999999998579 ) ;
#1304 = DIRECTION ( 'NONE',  ( 0.000000000000000000, 0.000000000000000000, 1.000000000000000000 ) ) ;
#1305 = CARTESIAN_POINT ( 'NONE',  ( -271.0500000000000114, -200.0000000000000000, 22.60000000000000142 ) ) ;
#1306 = FACE_OUTER_BOUND ( 'NONE', #59, .T. ) ;
#1307 = VERTEX_POINT ( 'NONE', #1908 ) ;
#1308 = AXIS2_PLACEMENT_3D ( 'NONE', #1769, #1129, #19 ) ;
#1309 = AXIS2_PLACEMENT_3D ( 'NONE', #248, #1527, #1683 ) ;
#1310 = CARTESIAN_POINT ( 'NONE',  ( -271.0500000000000114, -200.0000000000000000, 24.00000000000000000 ) ) ;
#1311 = AXIS2_PLACEMENT_3D ( 'NONE', #1801, #1508, #1660 ) ;
#1312 = DIRECTION ( 'NONE',  ( 1.000000000000000000, 0.000000000000000000, 0.000000000000000000 ) ) ;
#1313 = DIRECTION ( 'NONE',  ( -1.000000000000000000, 0.000000000000000000, -0.000000000000000000 ) ) ;
#1314 = EDGE_CURVE ( 'NONE', #352, #632, #778, .T. ) ;
#1315 = DIRECTION ( 'NONE',  ( 0.000000000000000000, 0.000000000000000000, 1.000000000000000000 ) ) ;
#1316 = LINE ( 'NONE', #1349, #1159 ) ;
#1317 = CARTESIAN_POINT ( 'NONE',  ( 292.1999999999999886, 200.0000000000000000, 21.25000000000000000 ) ) ;
#1318 = DIRECTION ( 'NONE',  ( 1.000000000000000000, 0.000000000000000000, 0.000000000000000000 ) ) ;
#1319 = ORIENTED_EDGE ( 'NONE', *, *, #1994, .T. ) ;
#1320 = PLANE ( 'NONE',  #1705 ) ;
#1321 = ADVANCED_FACE ( 'NONE', ( #1898 ), #1265, .T. ) ;
#1322 = CARTESIAN_POINT ( 'NONE',  ( 293.1999999999999886, 200.0000000000000000, 24.00000000000000000 ) ) ;
#1323 = EDGE_CURVE ( 'NONE', #860, #195, #1172, .T. ) ;
#1324 = DIRECTION ( 'NONE',  ( 0.000000000000000000, 0.000000000000000000, -1.000000000000000000 ) ) ;
#1325 = LINE ( 'NONE', #357, #805 ) ;
#1326 = PERSON_AND_ORGANIZATION_ROLE ( 'creator' ) ;
#1327 = CARTESIAN_POINT ( 'NONE',  ( 293.1999999999999886, 200.0000000000000000, 24.00000000000000000 ) ) ;
#1328 = ORIENTED_EDGE ( 'NONE', *, *, #736, .T. ) ;
#1329 = CARTESIAN_POINT ( 'NONE',  ( 293.1999999999999886, 188.0000000000000000, 24.00000000000000000 ) ) ;
#1330 = DIRECTION ( 'NONE',  ( -1.000000000000000000, 0.000000000000000000, 0.000000000000000000 ) ) ;
#1331 = CYLINDRICAL_SURFACE ( 'NONE', #1673, 1.399999999999998579 ) ;
#1332 = ADVANCED_FACE ( 'NONE', ( #433 ), #917, .T. ) ;
#1333 = LINE ( 'NONE', #1795, #1570 ) ;
#1334 = PERSON_AND_ORGANIZATION ( #22, #262 ) ;
#1335 = AXIS2_PLACEMENT_3D ( 'NONE', #1250, #1150, #313 ) ;
#1336 = DIRECTION ( 'NONE',  ( 1.000000000000000000, 0.000000000000000000, 0.000000000000000000 ) ) ;
#1337 = EDGE_CURVE ( 'NONE', #1862, #453, #599, .T. ) ;
#1338 = ORIENTED_EDGE ( 'NONE', *, *, #857, .T. ) ;
#1339 = AXIS2_PLACEMENT_3D ( 'NONE', #348, #711, #1503 ) ;
#1340 = CARTESIAN_POINT ( 'NONE',  ( 293.3000000000000114, -200.0000000000000000, 24.00000000000000000 ) ) ;
#1341 = CIRCLE ( 'NONE', #606, 1.399999999999998579 ) ;
#1342 = CYLINDRICAL_SURFACE ( 'NONE', #872, 1.399999999999998579 ) ;
#1343 = CIRCLE ( 'NONE', #1239, 1.399999999999998579 ) ;
#1344 = DIRECTION ( 'NONE',  ( -1.000000000000000000, 0.000000000000000000, -0.000000000000000000 ) ) ;
#1345 = ORIENTED_EDGE ( 'NONE', *, *, #759, .T. ) ;
#1346 = CIRCLE ( 'NONE', #215, 2.749999999999999112 ) ;
#1347 = EDGE_CURVE ( 'NONE', #1678, #1730, #1377, .T. ) ;
#1348 = DIRECTION ( 'NONE',  ( -1.000000000000000000, 0.000000000000000000, 0.000000000000000000 ) ) ;
#1349 = CARTESIAN_POINT ( 'NONE',  ( 292.1999999999999886, 200.0000000000000000, 21.25000000000000000 ) ) ;
#1350 = CARTESIAN_POINT ( 'NONE',  ( -271.0500000000000114, 188.0000000000000000, 24.00000000000000000 ) ) ;
#1351 = ORIENTED_EDGE ( 'NONE', *, *, #1397, .F. ) ;
#1352 = EDGE_CURVE ( 'NONE', #352, #346, #285, .T. ) ;
#1353 = DIRECTION ( 'NONE',  ( -1.000000000000000000, 0.000000000000000000, 0.000000000000000000 ) ) ;
#1354 = ORIENTED_EDGE ( 'NONE', *, *, #367, .F. ) ;
#1355 = FACE_BOUND ( 'NONE', #940, .T. ) ;
#1356 = ORIENTED_EDGE ( 'NONE', *, *, #663, .T. ) ;
#1357 = DIRECTION ( 'NONE',  ( 0.000000000000000000, 0.000000000000000000, 1.000000000000000000 ) ) ;
#1358 = PERSON_AND_ORGANIZATION ( #22, #262 ) ;
#1359 = ORIENTED_EDGE ( 'NONE', *, *, #93, .F. ) ;
#1360 = EDGE_CURVE ( 'NONE', #632, #1125, #131, .T. ) ;
#1361 = CYLINDRICAL_SURFACE ( 'NONE', #647, 2.749999999999999112 ) ;
#1362 = VERTEX_POINT ( 'NONE', #1690 ) ;
#1363 = DIRECTION ( 'NONE',  ( -1.000000000000000000, 0.000000000000000000, 0.000000000000000000 ) ) ;
#1364 = ORIENTED_EDGE ( 'NONE', *, *, #919, .F. ) ;
#1365 = ADVANCED_FACE ( 'NONE', ( #1117, #495 ), #1757, .T. ) ;
#1366 = CIRCLE ( 'NONE', #1297, 1.399999999999998579 ) ;
#1367 = ORIENTED_EDGE ( 'NONE', *, *, #1323, .F. ) ;
#1368 = APPROVAL_DATE_TIME ( #2031, #170 ) ;
#1369 = CC_DESIGN_PERSON_AND_ORGANIZATION_ASSIGNMENT ( #1358, #65, ( #596 ) ) ;
#1370 = CIRCLE ( 'NONE', #1335, 1.399999999999998579 ) ;
#1371 = FACE_OUTER_BOUND ( 'NONE', #1745, .T. ) ;
#1372 = ORIENTED_EDGE ( 'NONE', *, *, #104, .T. ) ;
#1373 = CIRCLE ( 'NONE', #1604, 1.399999999999998579 ) ;
#1374 = VECTOR ( 'NONE', #2068, 1000.000000000000000 ) ;
#1375 = CARTESIAN_POINT ( 'NONE',  ( 271.0500000000000114, 200.0000000000000000, 24.00000000000000000 ) ) ;
#1376 = ORIENTED_EDGE ( 'NONE', *, *, #450, .T. ) ;
#1377 = CIRCLE ( 'NONE', #546, 2.749999999999999112 ) ;
#1378 = AXIS2_PLACEMENT_3D ( 'NONE', #1254, #777, #1565 ) ;
#1379 = CARTESIAN_POINT ( 'NONE',  ( -292.1999999999999886, 200.0000000000000000, 26.75000000000000000 ) ) ;
#1380 = ORIENTED_EDGE ( 'NONE', *, *, #1397, .T. ) ;
#1381 = DATE_TIME_ROLE ( 'classification_date' ) ;
#1382 = FACE_BOUND ( 'NONE', #1664, .T. ) ;
#1383 = EDGE_LOOP ( 'NONE', ( #1852, #1878, #1591, #121 ) ) ;
#1384 = CARTESIAN_POINT ( 'NONE',  ( -293.1999999999999886, 200.0000000000000000, 25.39999999999999858 ) ) ;
#1385 = ORIENTED_EDGE ( 'NONE', *, *, #1731, .T. ) ;
#1386 = CARTESIAN_POINT ( 'NONE',  ( -292.1999999999999886, -188.0000000000000000, 24.00000000000000000 ) ) ;
#1387 = PLANE ( 'NONE',  #1438 ) ;
#1388 = EDGE_LOOP ( 'NONE', ( #1935, #1040 ) ) ;
#1389 = FACE_OUTER_BOUND ( 'NONE', #1711, .T. ) ;
#1390 = ORIENTED_EDGE ( 'NONE', *, *, #1588, .T. ) ;
#1391 = CARTESIAN_POINT ( 'NONE',  ( -292.1999999999999886, 188.0000000000000000, 21.25000000000000000 ) ) ;
#1392 = DIRECTION ( 'NONE',  ( 0.000000000000000000, 0.000000000000000000, -1.000000000000000000 ) ) ;
#1393 = ORIENTED_EDGE ( 'NONE', *, *, #230, .T. ) ;
#1394 = LINE ( 'NONE', #1259, #876 ) ;
#1395 = LINE ( 'NONE', #1665, #1531 ) ;
#1396 = ORIENTED_EDGE ( 'NONE', *, *, #1593, .T. ) ;
#1397 = EDGE_CURVE ( 'NONE', #530, #1047, #664, .T. ) ;
#1398 = PLANE ( 'NONE',  #1378 ) ;
#1399 = ORIENTED_EDGE ( 'NONE', *, *, #2015, .T. ) ;
#1400 = CARTESIAN_POINT ( 'NONE',  ( 292.1999999999999886, -188.0000000000000000, 21.25000000000000000 ) ) ;
#1401 = CARTESIAN_POINT ( 'NONE',  ( 271.0500000000000114, 200.0000000000000000, 24.00000000000000000 ) ) ;
#1402 = AXIS2_PLACEMENT_3D ( 'NONE', #475, #299, #524 ) ;
#1403 = VERTEX_POINT ( 'NONE', #962 ) ;
#1404 = AXIS2_PLACEMENT_3D ( 'NONE', #1732, #1286, #1748 ) ;
#1405 = CARTESIAN_POINT ( 'NONE',  ( 293.1999999999999886, -188.0000000000000000, 24.00000000000000000 ) ) ;
#1406 = AXIS2_PLACEMENT_3D ( 'NONE', #1788, #223, #359 ) ;
#1407 = CARTESIAN_POINT ( 'NONE',  ( 292.1999999999999886, -200.0000000000000000, 26.75000000000000000 ) ) ;
#1408 = VECTOR ( 'NONE', #155, 1000.000000000000000 ) ;
#1409 = ORIENTED_EDGE ( 'NONE', *, *, #239, .F. ) ;
#1410 = PERSON_AND_ORGANIZATION ( #22, #262 ) ;
#1411 = EDGE_CURVE ( 'NONE', #195, #860, #1010, .T. ) ;
#1412 = CIRCLE ( 'NONE', #311, 2.749999999999999112 ) ;
#1413 = CARTESIAN_POINT ( 'NONE',  ( -293.1999999999999886, -188.0000000000000000, 22.60000000000000142 ) ) ;
#1414 = CARTESIAN_POINT ( 'NONE',  ( 293.1999999999999886, 200.0000000000000000, 26.75000000000000000 ) ) ;
#1415 = EDGE_LOOP ( 'NONE', ( #81, #1328, #2043, #1930 ) ) ;
#1416 = ADVANCED_FACE ( 'NONE', ( #1922 ), #1942, .T. ) ;
#1417 = DIRECTION ( 'NONE',  ( 0.000000000000000000, 0.000000000000000000, 1.000000000000000000 ) ) ;
#1418 = CARTESIAN_POINT ( 'NONE',  ( 271.0500000000000114, 188.0000000000000000, 24.00000000000000000 ) ) ;
#1419 = ORIENTED_EDGE ( 'NONE', *, *, #2005, .T. ) ;
#1420 = DIRECTION ( 'NONE',  ( 0.000000000000000000, 0.000000000000000000, 1.000000000000000000 ) ) ;
#1421 = FACE_BOUND ( 'NONE', #490, .T. ) ;
#1422 = EDGE_LOOP ( 'NONE', ( #326, #1661, #1187, #589 ) ) ;
#1423 = DIRECTION ( 'NONE',  ( 0.000000000000000000, 0.000000000000000000, 1.000000000000000000 ) ) ;
#1424 = CYLINDRICAL_SURFACE ( 'NONE', #517, 1.399999999999998579 ) ;
#1425 = EDGE_CURVE ( 'NONE', #1086, #571, #1948, .T. ) ;
#1426 = ORIENTED_EDGE ( 'NONE', *, *, #2065, .T. ) ;
#1427 = DIRECTION ( 'NONE',  ( 0.000000000000000000, 0.000000000000000000, -1.000000000000000000 ) ) ;
#1428 = ADVANCED_FACE ( 'NONE', ( #1139 ), #1632, .T. ) ;
#1429 = CARTESIAN_POINT ( 'NONE',  ( 292.1999999999999886, 188.0000000000000000, 24.00000000000000000 ) ) ;
#1430 = ADVANCED_FACE ( 'NONE', ( #320 ), #1782, .T. ) ;
#1431 = CARTESIAN_POINT ( 'NONE',  ( 292.1999999999999886, -188.0000000000000000, 24.00000000000000000 ) ) ;
#1432 = VERTEX_POINT ( 'NONE', #1751 ) ;
#1433 = CARTESIAN_POINT ( 'NONE',  ( -271.0500000000000114, 200.0000000000000000, 22.60000000000000142 ) ) ;
#1434 = DIRECTION ( 'NONE',  ( -1.000000000000000000, 0.000000000000000000, 0.000000000000000000 ) ) ;
#1435 = VERTEX_POINT ( 'NONE', #173 ) ;
#1436 = CARTESIAN_POINT ( 'NONE',  ( -292.1999999999999886, 188.0000000000000000, 24.00000000000000000 ) ) ;
#1437 = EDGE_CURVE ( 'NONE', #1186, #718, #821, .T. ) ;
#1438 = AXIS2_PLACEMENT_3D ( 'NONE', #1540, #1827, #1357 ) ;
#1439 = CYLINDRICAL_SURFACE ( 'NONE', #910, 2.749999999999999112 ) ;
#1440 = CARTESIAN_POINT ( 'NONE',  ( 271.0500000000000114, 200.0000000000000000, 25.39999999999999858 ) ) ;
#1441 = VECTOR ( 'NONE', #1, 1000.000000000000000 ) ;
#1442 = EDGE_CURVE ( 'NONE', #2047, #1833, #800, .T. ) ;
#1443 = ORIENTED_EDGE ( 'NONE', *, *, #1273, .T. ) ;
#1444 = AXIS2_PLACEMENT_3D ( 'NONE', #34, #1809, #1797 ) ;
#1445 = DIRECTION ( 'NONE',  ( 0.000000000000000000, 0.000000000000000000, -1.000000000000000000 ) ) ;
#1446 = DIRECTION ( 'NONE',  ( 1.000000000000000000, 0.000000000000000000, 0.000000000000000000 ) ) ;
#1447 = CIRCLE ( 'NONE', #1985, 1.399999999999998579 ) ;
#1448 = EDGE_LOOP ( 'NONE', ( #539, #144 ) ) ;
#1449 = CIRCLE ( 'NONE', #1708, 2.749999999999999112 ) ;
#1450 = DIRECTION ( 'NONE',  ( -1.000000000000000000, 0.000000000000000000, 0.000000000000000000 ) ) ;
#1451 = FACE_OUTER_BOUND ( 'NONE', #1388, .T. ) ;
#1452 = CARTESIAN_POINT ( 'NONE',  ( 292.1999999999999886, 188.0000000000000000, 24.00000000000000000 ) ) ;
#1453 = ORIENTED_EDGE ( 'NONE', *, *, #104, .F. ) ;
#1454 = CARTESIAN_POINT ( 'NONE',  ( -293.1999999999999886, -200.0000000000000000, 26.75000000000000000 ) ) ;
#1455 = DIRECTION ( 'NONE',  ( 0.000000000000000000, 0.000000000000000000, -1.000000000000000000 ) ) ;
#1456 = PLANE ( 'NONE',  #1242 ) ;
#1457 = VERTEX_POINT ( 'NONE', #37 ) ;
#1458 = CARTESIAN_POINT ( 'NONE',  ( 292.1999999999999886, -200.0000000000000000, 24.00000000000000000 ) ) ;
#1459 = DIRECTION ( 'NONE',  ( 1.000000000000000000, 0.000000000000000000, -0.000000000000000000 ) ) ;
#1460 = ORIENTED_EDGE ( 'NONE', *, *, #1956, .T. ) ;
#1461 = DIRECTION ( 'NONE',  ( -1.000000000000000000, 0.000000000000000000, 0.000000000000000000 ) ) ;
#1462 = CARTESIAN_POINT ( 'NONE',  ( 293.1999999999999886, 188.0000000000000000, 24.00000000000000000 ) ) ;
#1463 = CARTESIAN_POINT ( 'NONE',  ( 271.0500000000000114, 200.0000000000000000, 22.60000000000000142 ) ) ;
#1464 = CARTESIAN_POINT ( 'NONE',  ( 292.1999999999999886, -188.0000000000000000, 26.75000000000000000 ) ) ;
#1465 = ORIENTED_EDGE ( 'NONE', *, *, #1217, .F. ) ;
#1466 = ADVANCED_FACE ( 'NONE', ( #1289 ), #1620, .T. ) ;
#1467 = DIRECTION ( 'NONE',  ( -1.000000000000000000, 0.000000000000000000, 0.000000000000000000 ) ) ;
#1468 = CARTESIAN_POINT ( 'NONE',  ( 292.1999999999999886, 188.0000000000000000, 21.25000000000000000 ) ) ;
#1469 = CARTESIAN_POINT ( 'NONE',  ( 271.0500000000000114, 188.0000000000000000, 24.00000000000000000 ) ) ;
#1470 = AXIS2_PLACEMENT_3D ( 'NONE', #1431, #996, #1088 ) ;
#1471 = CIRCLE ( 'NONE', #1404, 1.399999999999998579 ) ;
#1472 = DIRECTION ( 'NONE',  ( 1.000000000000000000, -0.000000000000000000, -0.000000000000000000 ) ) ;
#1473 = AXIS2_PLACEMENT_3D ( 'NONE', #178, #814, #1934 ) ;
#1474 = ADVANCED_FACE ( 'NONE', ( #187 ), #1126, .T. ) ;
#1475 = CARTESIAN_POINT ( 'NONE',  ( -292.1999999999999886, 200.0000000000000000, 21.25000000000000000 ) ) ;
#1476 = LINE ( 'NONE', #685, #914 ) ;
#1477 = EDGE_LOOP ( 'NONE', ( #1174, #1619 ) ) ;
#1478 = AXIS2_PLACEMENT_3D ( 'NONE', #700, #1173, #1019 ) ;
#1479 = VECTOR ( 'NONE', #1082, 1000.000000000000000 ) ;
#1480 = DIRECTION ( 'NONE',  ( -1.000000000000000000, 0.000000000000000000, 0.000000000000000000 ) ) ;
#1481 = ADVANCED_FACE ( 'NONE', ( #523 ), #974, .T. ) ;
#1482 = DIRECTION ( 'NONE',  ( 1.000000000000000000, 0.000000000000000000, 0.000000000000000000 ) ) ;
#1483 = DIRECTION ( 'NONE',  ( 1.000000000000000000, 0.000000000000000000, 0.000000000000000000 ) ) ;
#1484 = DIRECTION ( 'NONE',  ( -1.000000000000000000, -0.000000000000000000, -0.000000000000000000 ) ) ;
#1485 = CARTESIAN_POINT ( 'NONE',  ( 292.1999999999999886, 200.0000000000000000, 24.00000000000000000 ) ) ;
#1486 = CARTESIAN_POINT ( 'NONE',  ( -292.1999999999999886, 200.0000000000000000, 25.39999999999999858 ) ) ;
#1487 = EDGE_LOOP ( 'NONE', ( #909, #1501, #1610, #1831 ) ) ;
#1488 = EDGE_CURVE ( 'NONE', #923, #1525, #1848, .T. ) ;
#1489 = DIRECTION ( 'NONE',  ( 1.000000000000000000, 0.000000000000000000, 0.000000000000000000 ) ) ;
#1490 = CYLINDRICAL_SURFACE ( 'NONE', #1067, 2.749999999999999112 ) ;
#1491 = PLANE ( 'NONE',  #1478 ) ;
#1492 = ADVANCED_FACE ( 'NONE', ( #687 ), #1320, .T. ) ;
#1493 = DIRECTION ( 'NONE',  ( 1.000000000000000000, 0.000000000000000000, 0.000000000000000000 ) ) ;
#1494 = DIRECTION ( 'NONE',  ( 0.000000000000000000, 0.000000000000000000, 1.000000000000000000 ) ) ;
#1495 = ORIENTED_EDGE ( 'NONE', *, *, #356, .F. ) ;
#1496 = CYLINDRICAL_SURFACE ( 'NONE', #912, 2.749999999999999112 ) ;
#1497 = CARTESIAN_POINT ( 'NONE',  ( -271.0500000000000114, -188.0000000000000000, 24.00000000000000000 ) ) ;
#1498 = LOCAL_TIME ( 16, 1, 36.00000000000000000, #1666 ) ;
#1499 = ADVANCED_FACE ( 'NONE', ( #646 ), #1496, .T. ) ;
#1500 = FACE_OUTER_BOUND ( 'NONE', #444, .T. ) ;
#1501 = ORIENTED_EDGE ( 'NONE', *, *, #1716, .T. ) ;
#1502 = ADVANCED_FACE ( 'NONE', ( #870 ), #1992, .T. ) ;
#1503 = DIRECTION ( 'NONE',  ( 0.000000000000000000, 0.000000000000000000, -1.000000000000000000 ) ) ;
#1504 = AXIS2_PLACEMENT_3D ( 'NONE', #794, #844, #227 ) ;
#1505 = CARTESIAN_POINT ( 'NONE',  ( 293.1999999999999886, -200.0000000000000000, 24.00000000000000000 ) ) ;
#1506 = ORIENTED_EDGE ( 'NONE', *, *, #250, .F. ) ;
#1507 = CIRCLE ( 'NONE', #1978, 1.399999999999998579 ) ;
#1508 = DIRECTION ( 'NONE',  ( -1.000000000000000000, 0.000000000000000000, 0.000000000000000000 ) ) ;
#1509 = AXIS2_PLACEMENT_3D ( 'NONE', #2038, #1058, #117 ) ;
#1510 = EDGE_LOOP ( 'NONE', ( #1210, #1227 ) ) ;
#1511 = AXIS2_PLACEMENT_3D ( 'NONE', #1094, #1547, #1427 ) ;
#1512 = DIRECTION ( 'NONE',  ( 0.000000000000000000, 0.000000000000000000, 1.000000000000000000 ) ) ;
#1513 = ORIENTED_EDGE ( 'NONE', *, *, #62, .F. ) ;
#1514 = AXIS2_PLACEMENT_3D ( 'NONE', #1149, #1932, #52 ) ;
#1515 = EDGE_CURVE ( 'NONE', #894, #114, #1779, .T. ) ;
#1516 = LINE ( 'NONE', #90, #903 ) ;
#1517 = COORDINATED_UNIVERSAL_TIME_OFFSET ( 8, 0, .AHEAD. ) ;
#1518 = ORIENTED_EDGE ( 'NONE', *, *, #1248, .F. ) ;
#1519 = CYLINDRICAL_SURFACE ( 'NONE', #2014, 2.749999999999999112 ) ;
#1520 = ORIENTED_EDGE ( 'NONE', *, *, #1411, .F. ) ;
#1521 = DIRECTION ( 'NONE',  ( 1.000000000000000000, 0.000000000000000000, 0.000000000000000000 ) ) ;
#1522 = ORIENTED_EDGE ( 'NONE', *, *, #1785, .F. ) ;
#1523 = DIRECTION ( 'NONE',  ( 0.000000000000000000, 0.000000000000000000, -1.000000000000000000 ) ) ;
#1524 = CARTESIAN_POINT ( 'NONE',  ( 271.0500000000000114, -188.0000000000000000, 24.00000000000000000 ) ) ;
#1525 = VERTEX_POINT ( 'NONE', #1974 ) ;
#1526 = ADVANCED_FACE ( 'NONE', ( #84 ), #68, .T. ) ;
#1527 = DIRECTION ( 'NONE',  ( 1.000000000000000000, -0.000000000000000000, -0.000000000000000000 ) ) ;
#1528 = ORIENTED_EDGE ( 'NONE', *, *, #154, .T. ) ;
#1529 = ORIENTED_EDGE ( 'NONE', *, *, #1926, .F. ) ;
#1530 = ORIENTED_EDGE ( 'NONE', *, *, #73, .T. ) ;
#1531 = VECTOR ( 'NONE', #1707, 1000.000000000000000 ) ;
#1532 = DIRECTION ( 'NONE',  ( 0.000000000000000000, 0.000000000000000000, -1.000000000000000000 ) ) ;
#1533 = VERTEX_POINT ( 'NONE', #540 ) ;
#1534 = AXIS2_PLACEMENT_3D ( 'NONE', #991, #1166, #1617 ) ;
#1535 = AXIS2_PLACEMENT_3D ( 'NONE', #838, #1336, #1640 ) ;
#1536 = DIRECTION ( 'NONE',  ( 0.000000000000000000, 0.000000000000000000, -1.000000000000000000 ) ) ;
#1537 = ORIENTED_EDGE ( 'NONE', *, *, #1360, .F. ) ;
#1538 = CIRCLE ( 'NONE', #645, 1.399999999999998579 ) ;
#1539 = DIRECTION ( 'NONE',  ( 1.000000000000000000, -0.000000000000000000, -0.000000000000000000 ) ) ;
#1540 = CARTESIAN_POINT ( 'NONE',  ( -293.1999999999999886, -188.0000000000000000, 24.00000000000000000 ) ) ;
#1541 = CIRCLE ( 'NONE', #649, 1.399999999999998579 ) ;
#1542 = ORIENTED_EDGE ( 'NONE', *, *, #323, .F. ) ;
#1543 = CARTESIAN_POINT ( 'NONE',  ( 292.1999999999999886, 188.0000000000000000, 21.25000000000000000 ) ) ;
#1544 = PRODUCT_RELATED_PRODUCT_CATEGORY ( 'detail', '', ( #124 ) ) ;
#1545 = ORIENTED_EDGE ( 'NONE', *, *, #40, .T. ) ;
#1546 = ADVANCED_FACE ( 'NONE', ( #60 ), #1361, .T. ) ;
#1547 = DIRECTION ( 'NONE',  ( 1.000000000000000000, -0.000000000000000000, -0.000000000000000000 ) ) ;
#1548 = ORIENTED_EDGE ( 'NONE', *, *, #816, .F. ) ;
#1549 = CARTESIAN_POINT ( 'NONE',  ( -293.1999999999999886, 200.0000000000000000, 24.00000000000000000 ) ) ;
#1550 = ORIENTED_EDGE ( 'NONE', *, *, #1966, .F. ) ;
#1551 = EDGE_CURVE ( 'NONE', #1186, #428, #1813, .T. ) ;
#1552 = ORIENTED_EDGE ( 'NONE', *, *, #250, .T. ) ;
#1553 = CARTESIAN_POINT ( 'NONE',  ( -271.0500000000000114, -188.0000000000000000, 24.00000000000000000 ) ) ;
#1554 = EDGE_LOOP ( 'NONE', ( #1581, #1552 ) ) ;
#1555 = DIRECTION ( 'NONE',  ( 1.000000000000000000, 0.000000000000000000, 0.000000000000000000 ) ) ;
#1556 = DIRECTION ( 'NONE',  ( 1.000000000000000000, 0.000000000000000000, 0.000000000000000000 ) ) ;
#1557 = ORIENTED_EDGE ( 'NONE', *, *, #1488, .F. ) ;
#1558 = EDGE_CURVE ( 'NONE', #1525, #923, #1447, .T. ) ;
#1559 = DIRECTION ( 'NONE',  ( -1.000000000000000000, -0.000000000000000000, -0.000000000000000000 ) ) ;
#1560 = EDGE_CURVE ( 'NONE', #733, #1833, #414, .T. ) ;
#1561 = CARTESIAN_POINT ( 'NONE',  ( 292.1999999999999886, -188.0000000000000000, 24.00000000000000000 ) ) ;
#1562 = EDGE_LOOP ( 'NONE', ( #654, #159, #1465, #1261 ) ) ;
#1563 = EDGE_CURVE ( 'NONE', #114, #894, #1073, .T. ) ;
#1564 = LINE ( 'NONE', #316, #1441 ) ;
#1565 = DIRECTION ( 'NONE',  ( -0.000000000000000000, 0.000000000000000000, -1.000000000000000000 ) ) ;
#1566 = ORIENTED_EDGE ( 'NONE', *, *, #260, .F. ) ;
#1567 = CLOSED_SHELL ( 'NONE', ( #1481, #905, #1860, #1526, #1492, #1624, #826, #1178, #978, #975 ) ) ;
#1568 = DIRECTION ( 'NONE',  ( -1.000000000000000000, -0.000000000000000000, -0.000000000000000000 ) ) ;
#1569 = DIRECTION ( 'NONE',  ( 1.000000000000000000, 0.000000000000000000, 0.000000000000000000 ) ) ;
#1570 = VECTOR ( 'NONE', #1947, 1000.000000000000000 ) ;
#1571 = EDGE_LOOP ( 'NONE', ( #252, #1738, #1453, #2040 ) ) ;
#1572 = CIRCLE ( 'NONE', #1910, 2.749999999999999112 ) ;
#1573 = DIRECTION ( 'NONE',  ( -1.000000000000000000, 0.000000000000000000, 0.000000000000000000 ) ) ;
#1574 = VECTOR ( 'NONE', #287, 1000.000000000000000 ) ;
#1575 = FACE_OUTER_BOUND ( 'NONE', #2002, .T. ) ;
#1576 = AXIS2_PLACEMENT_3D ( 'NONE', #1933, #1313, #665 ) ;
#1577 = ADVANCED_FACE ( 'NONE', ( #1182 ), #1519, .T. ) ;
#1578 = AXIS2_PLACEMENT_3D ( 'NONE', #1553, #764, #1733 ) ;
#1579 = CARTESIAN_POINT ( 'NONE',  ( -271.0500000000000114, 188.0000000000000000, 24.00000000000000000 ) ) ;
#1580 = DIRECTION ( 'NONE',  ( 0.000000000000000000, 0.000000000000000000, -1.000000000000000000 ) ) ;
#1581 = ORIENTED_EDGE ( 'NONE', *, *, #323, .T. ) ;
#1582 = EDGE_CURVE ( 'NONE', #1917, #1766, #112, .T. ) ;
#1583 = CARTESIAN_POINT ( 'NONE',  ( 271.0500000000000114, 188.0000000000000000, 22.60000000000000142 ) ) ;
#1584 = ORIENTED_EDGE ( 'NONE', *, *, #559, .F. ) ;
#1585 = DIRECTION ( 'NONE',  ( -1.000000000000000000, -0.000000000000000000, -0.000000000000000000 ) ) ;
#1586 = CARTESIAN_POINT ( 'NONE',  ( 271.0500000000000114, -200.0000000000000000, 24.00000000000000000 ) ) ;
#1587 = ORIENTED_EDGE ( 'NONE', *, *, #634, .F. ) ;
#1588 = EDGE_CURVE ( 'NONE', #1715, #1862, #1241, .T. ) ;
#1589 = CARTESIAN_POINT ( 'NONE',  ( -292.1999999999999886, -200.0000000000000000, 25.39999999999999858 ) ) ;
#1590 = DIRECTION ( 'NONE',  ( 0.000000000000000000, 0.000000000000000000, -1.000000000000000000 ) ) ;
#1591 = ORIENTED_EDGE ( 'NONE', *, *, #111, .T. ) ;
#1592 = DIRECTION ( 'NONE',  ( -0.000000000000000000, 0.000000000000000000, 1.000000000000000000 ) ) ;
#1593 = EDGE_CURVE ( 'NONE', #97, #1072, #879, .T. ) ;
#1594 = CARTESIAN_POINT ( 'NONE',  ( -271.0500000000000114, -188.0000000000000000, 24.00000000000000000 ) ) ;
#1595 = ORIENTED_EDGE ( 'NONE', *, *, #1958, .T. ) ;
#1596 = AXIS2_PLACEMENT_3D ( 'NONE', #78, #1960, #528 ) ;
#1597 = FACE_OUTER_BOUND ( 'NONE', #1383, .T. ) ;
#1598 = CARTESIAN_POINT ( 'NONE',  ( 292.1999999999999886, -200.0000000000000000, 24.00000000000000000 ) ) ;
#1599 = ORIENTED_EDGE ( 'NONE', *, *, #1551, .T. ) ;
#1600 = DIRECTION ( 'NONE',  ( -1.000000000000000000, -0.000000000000000000, -0.000000000000000000 ) ) ;
#1601 = CIRCLE ( 'NONE', #1470, 1.399999999999998579 ) ;
#1602 = CARTESIAN_POINT ( 'NONE',  ( -293.1999999999999886, -188.0000000000000000, 26.75000000000000000 ) ) ;
#1603 = CARTESIAN_POINT ( 'NONE',  ( 271.0500000000000114, -188.0000000000000000, 22.60000000000000142 ) ) ;
#1604 = AXIS2_PLACEMENT_3D ( 'NONE', #1113, #619, #168 ) ;
#1605 = VERTEX_POINT ( 'NONE', #697 ) ;
#1606 = AXIS2_PLACEMENT_3D ( 'NONE', #350, #1015, #214 ) ;
#1607 = CARTESIAN_POINT ( 'NONE',  ( 293.1999999999999886, -188.0000000000000000, 24.00000000000000000 ) ) ;
#1608 = FACE_OUTER_BOUND ( 'NONE', #463, .T. ) ;
#1609 = DIRECTION ( 'NONE',  ( 0.000000000000000000, 0.000000000000000000, -1.000000000000000000 ) ) ;
#1610 = ORIENTED_EDGE ( 'NONE', *, *, #1966, .T. ) ;
#1611 = CIRCLE ( 'NONE', #347, 1.399999999999998579 ) ;
#1612 = CARTESIAN_POINT ( 'NONE',  ( -293.3000000000000114, -200.0000000000000000, 24.00000000000000000 ) ) ;
#1613 = DIRECTION ( 'NONE',  ( -1.000000000000000000, 0.000000000000000000, 0.000000000000000000 ) ) ;
#1614 = EDGE_LOOP ( 'NONE', ( #1372, #1528 ) ) ;
#1615 = CARTESIAN_POINT ( 'NONE',  ( -293.1999999999999886, 188.0000000000000000, 24.00000000000000000 ) ) ;
#1616 = DIRECTION ( 'NONE',  ( -1.000000000000000000, 0.000000000000000000, 0.000000000000000000 ) ) ;
#1617 = DIRECTION ( 'NONE',  ( 0.000000000000000000, 0.000000000000000000, -1.000000000000000000 ) ) ;
#1618 = DIRECTION ( 'NONE',  ( 1.000000000000000000, 0.000000000000000000, 0.000000000000000000 ) ) ;
#1619 = ORIENTED_EDGE ( 'NONE', *, *, #1822, .T. ) ;
#1620 = CYLINDRICAL_SURFACE ( 'NONE', #1643, 1.399999999999998579 ) ;
#1621 = CARTESIAN_POINT ( 'NONE',  ( -271.0500000000000114, -188.0000000000000000, 24.00000000000000000 ) ) ;
#1622 = DIRECTION ( 'NONE',  ( 1.000000000000000000, 0.000000000000000000, 0.000000000000000000 ) ) ;
#1623 = PRODUCT_DEFINITION ( '�', '', #596, #695 ) ;
#1624 = ADVANCED_FACE ( 'NONE', ( #1670, #1202 ), #1823, .T. ) ;
#1625 = DIRECTION ( 'NONE',  ( 1.000000000000000000, -0.000000000000000000, -0.000000000000000000 ) ) ;
#1626 = CARTESIAN_POINT ( 'NONE',  ( -271.0500000000000114, 200.0000000000000000, 24.00000000000000000 ) ) ;
#1627 = EDGE_CURVE ( 'NONE', #720, #36, #1140, .T. ) ;
#1628 = DIRECTION ( 'NONE',  ( 0.000000000000000000, 0.000000000000000000, -1.000000000000000000 ) ) ;
#1629 = DIRECTION ( 'NONE',  ( 1.000000000000000000, 0.000000000000000000, -0.000000000000000000 ) ) ;
#1630 = EDGE_LOOP ( 'NONE', ( #1460, #30 ) ) ;
#1631 = CIRCLE ( 'NONE', #1228, 1.399999999999998579 ) ;
#1632 = CYLINDRICAL_SURFACE ( 'NONE', #10, 1.399999999999998579 ) ;
#1633 = DIRECTION ( 'NONE',  ( 0.000000000000000000, 0.000000000000000000, 1.000000000000000000 ) ) ;
#1634 = FACE_OUTER_BOUND ( 'NONE', #555, .T. ) ;
#1635 = CLOSED_SHELL ( 'NONE', ( #898, #1474, #1794, #888, #2000, #175, #1679, #80, #403, #491 ) ) ;
#1636 = CIRCLE ( 'NONE', #1132, 2.749999999999999112 ) ;
#1637 = LINE ( 'NONE', #527, #605 ) ;
#1638 = ADVANCED_FACE ( 'NONE', ( #1371 ), #392, .T. ) ;
#1639 = AXIS2_PLACEMENT_3D ( 'NONE', #1268, #1912, #1110 ) ;
#1640 = DIRECTION ( 'NONE',  ( 0.000000000000000000, 0.000000000000000000, -1.000000000000000000 ) ) ;
#1641 = ORIENTED_EDGE ( 'NONE', *, *, #1943, .F. ) ;
#1642 = CIRCLE ( 'NONE', #942, 1.399999999999998579 ) ;
#1643 = AXIS2_PLACEMENT_3D ( 'NONE', #17, #1480, #675 ) ;
#1644 = CARTESIAN_POINT ( 'NONE',  ( 292.1999999999999886, -188.0000000000000000, 24.00000000000000000 ) ) ;
#1645 = DIRECTION ( 'NONE',  ( -1.000000000000000000, -0.000000000000000000, -0.000000000000000000 ) ) ;
#1646 = EDGE_CURVE ( 'NONE', #1457, #235, #620, .T. ) ;
#1647 = CARTESIAN_POINT ( 'NONE',  ( 293.1999999999999886, -188.0000000000000000, 26.75000000000000000 ) ) ;
#1648 = FACE_OUTER_BOUND ( 'NONE', #1921, .T. ) ;
#1649 = APPROVAL_DATE_TIME ( #1808, #1739 ) ;
#1650 = DIRECTION ( 'NONE',  ( 1.000000000000000000, 0.000000000000000000, 0.000000000000000000 ) ) ;
#1651 = EDGE_LOOP ( 'NONE', ( #716, #3 ) ) ;
#1652 = DIRECTION ( 'NONE',  ( 0.000000000000000000, 0.000000000000000000, 1.000000000000000000 ) ) ;
#1653 = CARTESIAN_POINT ( 'NONE',  ( -292.1999999999999886, 200.0000000000000000, 21.25000000000000000 ) ) ;
#1654 = CARTESIAN_POINT ( 'NONE',  ( -271.0500000000000114, 200.0000000000000000, 25.39999999999999858 ) ) ;
#1655 = ORIENTED_EDGE ( 'NONE', *, *, #1425, .F. ) ;
#1656 = ADVANCED_FACE ( 'NONE', ( #1382, #1389 ), #1398, .T. ) ;
#1657 = CARTESIAN_POINT ( 'NONE',  ( 292.1999999999999886, -188.0000000000000000, 25.39999999999999858 ) ) ;
#1658 = FACE_OUTER_BOUND ( 'NONE', #762, .T. ) ;
#1659 = ORIENTED_EDGE ( 'NONE', *, *, #591, .F. ) ;
#1660 = DIRECTION ( 'NONE',  ( 0.000000000000000000, 0.000000000000000000, 1.000000000000000000 ) ) ;
#1661 = ORIENTED_EDGE ( 'NONE', *, *, #1687, .T. ) ;
#1662 = CC_DESIGN_APPROVAL ( #170, ( #832 ) ) ;
#1663 = DIRECTION ( 'NONE',  ( 0.000000000000000000, 0.000000000000000000, -1.000000000000000000 ) ) ;
#1664 = EDGE_LOOP ( 'NONE', ( #932, #704 ) ) ;
#1665 = CARTESIAN_POINT ( 'NONE',  ( -271.0500000000000114, 188.0000000000000000, 22.60000000000000142 ) ) ;
#1666 = COORDINATED_UNIVERSAL_TIME_OFFSET ( 8, 0, .AHEAD. ) ;
#1667 = AXIS2_PLACEMENT_3D ( 'NONE', #462, #2070, #1081 ) ;
#1668 = ORIENTED_EDGE ( 'NONE', *, *, #1747, .T. ) ;
#1669 = VECTOR ( 'NONE', #1807, 1000.000000000000000 ) ;
#1670 = FACE_BOUND ( 'NONE', #270, .T. ) ;
#1671 = CIRCLE ( 'NONE', #43, 2.749999999999999112 ) ;
#1672 = ORIENTED_EDGE ( 'NONE', *, *, #289, .F. ) ;
#1673 = AXIS2_PLACEMENT_3D ( 'NONE', #386, #874, #256 ) ;
#1674 = DIRECTION ( 'NONE',  ( 0.000000000000000000, 0.000000000000000000, 1.000000000000000000 ) ) ;
#1675 = ORIENTED_EDGE ( 'NONE', *, *, #1931, .T. ) ;
#1676 = VECTOR ( 'NONE', #281, 1000.000000000000000 ) ;
#1677 = AXIS2_PLACEMENT_3D ( 'NONE', #1920, #325, #959 ) ;
#1678 = VERTEX_POINT ( 'NONE', #1697 ) ;
#1679 = ADVANCED_FACE ( 'NONE', ( #139, #2024 ), #586, .T. ) ;
#1680 = VERTEX_POINT ( 'NONE', #1414 ) ;
#1681 = CARTESIAN_POINT ( 'NONE',  ( 292.1999999999999886, -188.0000000000000000, 24.00000000000000000 ) ) ;
#1682 = ORIENTED_EDGE ( 'NONE', *, *, #1560, .T. ) ;
#1683 = DIRECTION ( 'NONE',  ( 0.000000000000000000, 0.000000000000000000, 1.000000000000000000 ) ) ;
#1684 = ORIENTED_EDGE ( 'NONE', *, *, #534, .T. ) ;
#1685 = EDGE_CURVE ( 'NONE', #1090, #1047, #743, .T. ) ;
#1686 = ORIENTED_EDGE ( 'NONE', *, *, #264, .T. ) ;
#1687 = EDGE_CURVE ( 'NONE', #1035, #425, #146, .T. ) ;
#1688 = CARTESIAN_POINT ( 'NONE',  ( 293.1999999999999886, -200.0000000000000000, 24.00000000000000000 ) ) ;
#1689 = ORIENTED_EDGE ( 'NONE', *, *, #150, .F. ) ;
#1690 = CARTESIAN_POINT ( 'NONE',  ( 292.1999999999999886, 200.0000000000000000, 26.75000000000000000 ) ) ;
#1691 = ORIENTED_EDGE ( 'NONE', *, *, #1943, .T. ) ;
#1692 = PLANE ( 'NONE',  #341 ) ;
#1693 = ORIENTED_EDGE ( 'NONE', *, *, #1857, .F. ) ;
#1694 = ORIENTED_EDGE ( 'NONE', *, *, #150, .T. ) ;
#1695 = EDGE_CURVE ( 'NONE', #437, #283, #46, .T. ) ;
#1696 = CIRCLE ( 'NONE', #1201, 2.749999999999999112 ) ;
#1697 = CARTESIAN_POINT ( 'NONE',  ( 292.1999999999999886, 188.0000000000000000, 26.75000000000000000 ) ) ;
#1698 = VERTEX_POINT ( 'NONE', #261 ) ;
#1699 = VECTOR ( 'NONE', #1348, 1000.000000000000000 ) ;
#1700 = AXIS2_PLACEMENT_3D ( 'NONE', #1961, #1971, #1891 ) ;
#1701 = DIRECTION ( 'NONE',  ( -1.000000000000000000, 0.000000000000000000, 0.000000000000000000 ) ) ;
#1702 = VERTEX_POINT ( 'NONE', #1721 ) ;
#1703 = EDGE_CURVE ( 'NONE', #106, #1032, #1229, .T. ) ;
#1704 = CIRCLE ( 'NONE', #1309, 1.399999999999998579 ) ;
#1705 = AXIS2_PLACEMENT_3D ( 'NONE', #1964, #1109, #5 ) ;
#1706 = DIRECTION ( 'NONE',  ( 0.000000000000000000, 0.000000000000000000, -1.000000000000000000 ) ) ;
#1707 = DIRECTION ( 'NONE',  ( -1.000000000000000000, 0.000000000000000000, 0.000000000000000000 ) ) ;
#1708 = AXIS2_PLACEMENT_3D ( 'NONE', #1462, #1568, #623 ) ;
#1709 = VERTEX_POINT ( 'NONE', #430 ) ;
#1710 = FACE_BOUND ( 'NONE', #21, .T. ) ;
#1711 = EDGE_LOOP ( 'NONE', ( #1513, #1522 ) ) ;
#1712 = EDGE_CURVE ( 'NONE', #412, #1090, #442, .T. ) ;
#1713 = DIRECTION ( 'NONE',  ( 0.000000000000000000, 0.000000000000000000, 1.000000000000000000 ) ) ;
#1714 = CARTESIAN_POINT ( 'NONE',  ( 292.1999999999999886, 200.0000000000000000, 24.00000000000000000 ) ) ;
#1715 = VERTEX_POINT ( 'NONE', #1896 ) ;
#1716 = EDGE_CURVE ( 'NONE', #878, #1403, #1054, .T. ) ;
#1717 = CARTESIAN_POINT ( 'NONE',  ( -271.0500000000000114, 200.0000000000000000, 22.60000000000000142 ) ) ;
#1718 = DIRECTION ( 'NONE',  ( 1.000000000000000000, 0.000000000000000000, 0.000000000000000000 ) ) ;
#1719 = ORIENTED_EDGE ( 'NONE', *, *, #581, .F. ) ;
#1720 = FACE_OUTER_BOUND ( 'NONE', #2022, .T. ) ;
#1721 = CARTESIAN_POINT ( 'NONE',  ( 292.1999999999999886, 200.0000000000000000, 25.39999999999999858 ) ) ;
#1722 = ORIENTED_EDGE ( 'NONE', *, *, #1968, .F. ) ;
#1723 = CARTESIAN_POINT ( 'NONE',  ( -292.1999999999999886, -200.0000000000000000, 24.00000000000000000 ) ) ;
#1724 = CYLINDRICAL_SURFACE ( 'NONE', #1984, 2.749999999999999112 ) ;
#1725 = EDGE_LOOP ( 'NONE', ( #892, #1396, #290, #300 ) ) ;
#1726 = EDGE_CURVE ( 'NONE', #36, #103, #607, .T. ) ;
#1727 = FACE_OUTER_BOUND ( 'NONE', #1996, .T. ) ;
#1728 = AXIS2_PLACEMENT_3D ( 'NONE', #1485, #1022, #1837 ) ;
#1729 = CARTESIAN_POINT ( 'NONE',  ( -293.3000000000000114, -188.0000000000000000, 24.00000000000000000 ) ) ;
#1730 = VERTEX_POINT ( 'NONE', #1543 ) ;
#1731 = EDGE_CURVE ( 'NONE', #1307, #1989, #1075, .T. ) ;
#1732 = CARTESIAN_POINT ( 'NONE',  ( -292.1999999999999886, 200.0000000000000000, 24.00000000000000000 ) ) ;
#1733 = DIRECTION ( 'NONE',  ( 0.000000000000000000, 0.000000000000000000, 1.000000000000000000 ) ) ;
#1734 = ORIENTED_EDGE ( 'NONE', *, *, #297, .T. ) ;
#1735 = CIRCLE ( 'NONE', #837, 1.399999999999998579 ) ;
#1736 = LINE ( 'NONE', #1863, #274 ) ;
#1737 = AXIS2_PLACEMENT_3D ( 'NONE', #1975, #231, #858 ) ;
#1738 = ORIENTED_EDGE ( 'NONE', *, *, #260, .T. ) ;
#1739 = APPROVAL ( #536, '未' ) ;
#1740 = CARTESIAN_POINT ( 'NONE',  ( -293.3000000000000114, 188.0000000000000000, 25.39999999999999858 ) ) ;
#1741 = AXIS2_PLACEMENT_3D ( 'NONE', #727, #863, #2003 ) ;
#1742 = ADVANCED_FACE ( 'NONE', ( #1710, #467 ), #128, .T. ) ;
#1743 = CARTESIAN_POINT ( 'NONE',  ( 271.0500000000000114, -188.0000000000000000, 25.39999999999999858 ) ) ;
#1744 = AXIS2_PLACEMENT_3D ( 'NONE', #152, #754, #1532 ) ;
#1745 = EDGE_LOOP ( 'NONE', ( #1367, #1520 ) ) ;
#1746 = CIRCLE ( 'NONE', #115, 1.399999999999998579 ) ;
#1747 = EDGE_CURVE ( 'NONE', #1148, #1271, #1277, .T. ) ;
#1748 = DIRECTION ( 'NONE',  ( 0.000000000000000000, 0.000000000000000000, -1.000000000000000000 ) ) ;
#1749 = CARTESIAN_POINT ( 'NONE',  ( 271.0500000000000114, -200.0000000000000000, 24.00000000000000000 ) ) ;
#1750 = VERTEX_POINT ( 'NONE', #1092 ) ;
#1751 = CARTESIAN_POINT ( 'NONE',  ( 293.1999999999999886, 188.0000000000000000, 21.25000000000000000 ) ) ;
#1752 = FACE_OUTER_BOUND ( 'NONE', #1562, .T. ) ;
#1753 = ORIENTED_EDGE ( 'NONE', *, *, #24, .T. ) ;
#1754 = DIRECTION ( 'NONE',  ( -1.000000000000000000, 0.000000000000000000, 0.000000000000000000 ) ) ;
#1755 = DIRECTION ( 'NONE',  ( 0.000000000000000000, 0.000000000000000000, -1.000000000000000000 ) ) ;
#1756 = VERTEX_POINT ( 'NONE', #2011 ) ;
#1757 = PLANE ( 'NONE',  #877 ) ;
#1758 = DIRECTION ( 'NONE',  ( 0.000000000000000000, 0.000000000000000000, -1.000000000000000000 ) ) ;
#1759 = FACE_OUTER_BOUND ( 'NONE', #95, .T. ) ;
#1760 = EDGE_LOOP ( 'NONE', ( #1057, #1903 ) ) ;
#1761 = APPROVAL_PERSON_ORGANIZATION ( #722, #1739, #880 ) ;
#1762 = CARTESIAN_POINT ( 'NONE',  ( -292.1999999999999886, -188.0000000000000000, 25.39999999999999858 ) ) ;
#1763 = FACE_OUTER_BOUND ( 'NONE', #1799, .T. ) ;
#1764 = FACE_OUTER_BOUND ( 'NONE', #233, .T. ) ;
#1765 = EDGE_CURVE ( 'NONE', #1533, #1702, #449, .T. ) ;
#1766 = VERTEX_POINT ( 'NONE', #745 ) ;
#1767 = DIRECTION ( 'NONE',  ( -1.000000000000000000, 0.000000000000000000, 0.000000000000000000 ) ) ;
#1768 = PLANE ( 'NONE',  #775 ) ;
#1769 = CARTESIAN_POINT ( 'NONE',  ( -271.0500000000000114, 188.0000000000000000, 24.00000000000000000 ) ) ;
#1770 = ADVANCED_FACE ( 'NONE', ( #1213 ), #1851, .T. ) ;
#1771 = AXIS2_PLACEMENT_3D ( 'NONE', #944, #970, #788 ) ;
#1772 = ORIENTED_EDGE ( 'NONE', *, *, #1560, .F. ) ;
#1773 = AXIS2_PLACEMENT_3D ( 'NONE', #133, #2059, #1706 ) ;
#1774 = DIRECTION ( 'NONE',  ( -1.000000000000000000, -0.000000000000000000, -0.000000000000000000 ) ) ;
#1775 = AXIS2_PLACEMENT_3D ( 'NONE', #113, #122, #1392 ) ;
#1776 = FACE_OUTER_BOUND ( 'NONE', #468, .T. ) ;
#1777 = CARTESIAN_POINT ( 'NONE',  ( 271.0500000000000114, 200.0000000000000000, 24.00000000000000000 ) ) ;
#1778 = CARTESIAN_POINT ( 'NONE',  ( -271.0500000000000114, 188.0000000000000000, 24.00000000000000000 ) ) ;
#1779 = CIRCLE ( 'NONE', #1211, 1.399999999999998579 ) ;
#1780 = EDGE_LOOP ( 'NONE', ( #808, #1214, #1999, #1682 ) ) ;
#1781 = AXIS2_PLACEMENT_3D ( 'NONE', #1949, #1555, #969 ) ;
#1782 = CYLINDRICAL_SURFACE ( 'NONE', #681, 1.399999999999998579 ) ;
#1783 = DIRECTION ( 'NONE',  ( 1.000000000000000000, 0.000000000000000000, 0.000000000000000000 ) ) ;
#1784 = DIRECTION ( 'NONE',  ( -0.000000000000000000, 0.000000000000000000, -1.000000000000000000 ) ) ;
#1785 = EDGE_CURVE ( 'NONE', #1457, #2033, #487, .T. ) ;
#1786 = DIRECTION ( 'NONE',  ( 0.000000000000000000, 0.000000000000000000, -1.000000000000000000 ) ) ;
#1787 = DIRECTION ( 'NONE',  ( 1.000000000000000000, -0.000000000000000000, -0.000000000000000000 ) ) ;
#1788 = CARTESIAN_POINT ( 'NONE',  ( 293.3000000000000114, -188.0000000000000000, 24.00000000000000000 ) ) ;
#1789 = LINE ( 'NONE', #807, #715 ) ;
#1790 = EDGE_LOOP ( 'NONE', ( #203, #753 ) ) ;
#1791 = DIRECTION ( 'NONE',  ( 0.000000000000000000, 0.000000000000000000, 1.000000000000000000 ) ) ;
#1792 = CARTESIAN_POINT ( 'NONE',  ( -293.1999999999999886, 188.0000000000000000, 24.00000000000000000 ) ) ;
#1793 = CARTESIAN_POINT ( 'NONE',  ( -293.3000000000000114, -188.0000000000000000, 25.39999999999999858 ) ) ;
#1794 = ADVANCED_FACE ( 'NONE', ( #521 ), #661, .T. ) ;
#1795 = CARTESIAN_POINT ( 'NONE',  ( -271.0500000000000114, -188.0000000000000000, 22.60000000000000142 ) ) ;
#1796 = PERSON_AND_ORGANIZATION ( #22, #262 ) ;
#1797 = DIRECTION ( 'NONE',  ( 0.000000000000000000, 0.000000000000000000, 1.000000000000000000 ) ) ;
#1798 = EDGE_CURVE ( 'NONE', #894, #1709, #1929, .T. ) ;
#1799 = EDGE_LOOP ( 'NONE', ( #296, #1027 ) ) ;
#1800 = CC_DESIGN_SECURITY_CLASSIFICATION ( #832, ( #596 ) ) ;
#1801 = CARTESIAN_POINT ( 'NONE',  ( -271.0500000000000114, -200.0000000000000000, 24.00000000000000000 ) ) ;
#1802 = DIRECTION ( 'NONE',  ( -1.000000000000000000, -0.000000000000000000, -0.000000000000000000 ) ) ;
#1803 = DIRECTION ( 'NONE',  ( 0.000000000000000000, 0.000000000000000000, 1.000000000000000000 ) ) ;
#1804 = AXIS2_PLACEMENT_3D ( 'NONE', #409, #585, #98 ) ;
#1805 = AXIS2_PLACEMENT_3D ( 'NONE', #1505, #529, #549 ) ;
#1806 = ADVANCED_FACE ( 'NONE', ( #992 ), #953, .T. ) ;
#1807 = DIRECTION ( 'NONE',  ( 1.000000000000000000, 0.000000000000000000, 0.000000000000000000 ) ) ;
#1808 = DATE_AND_TIME ( #1164, #1197 ) ;
#1809 = DIRECTION ( 'NONE',  ( -1.000000000000000000, 0.000000000000000000, 0.000000000000000000 ) ) ;
#1810 = VERTEX_POINT ( 'NONE', #493 ) ;
#1811 = CIRCLE ( 'NONE', #515, 1.399999999999998579 ) ;
#1812 = EDGE_CURVE ( 'NONE', #1730, #1678, #1346, .T. ) ;
#1813 = CIRCLE ( 'NONE', #445, 1.399999999999998579 ) ;
#1814 = DIRECTION ( 'NONE',  ( 1.000000000000000000, 0.000000000000000000, 0.000000000000000000 ) ) ;
#1815 = CIRCLE ( 'NONE', #550, 2.749999999999999112 ) ;
#1816 = CARTESIAN_POINT ( 'NONE',  ( 293.1999999999999886, 188.0000000000000000, 24.00000000000000000 ) ) ;
#1817 = CARTESIAN_POINT ( 'NONE',  ( -293.3000000000000114, -188.0000000000000000, 22.60000000000000142 ) ) ;
#1818 = EDGE_LOOP ( 'NONE', ( #558, #772, #1426, #2071 ) ) ;
#1819 = PLANE ( 'NONE',  #968 ) ;
#1820 = FACE_OUTER_BOUND ( 'NONE', #1226, .T. ) ;
#1821 = ORIENTED_EDGE ( 'NONE', *, *, #1956, .F. ) ;
#1822 = EDGE_CURVE ( 'NONE', #346, #1125, #1611, .T. ) ;
#1823 = PLANE ( 'NONE',  #1106 ) ;
#1824 = CARTESIAN_POINT ( 'NONE',  ( -292.1999999999999886, 200.0000000000000000, 24.00000000000000000 ) ) ;
#1825 = CARTESIAN_POINT ( 'NONE',  ( 271.0500000000000114, -200.0000000000000000, 22.60000000000000142 ) ) ;
#1826 = ORIENTED_EDGE ( 'NONE', *, *, #1726, .T. ) ;
#1827 = DIRECTION ( 'NONE',  ( -1.000000000000000000, 0.000000000000000000, 0.000000000000000000 ) ) ;
#1828 = DATE_TIME_ROLE ( 'creation_date' ) ;
#1829 = ORIENTED_EDGE ( 'NONE', *, *, #1063, .F. ) ;
#1830 = DIRECTION ( 'NONE',  ( 0.000000000000000000, 0.000000000000000000, -1.000000000000000000 ) ) ;
#1831 = ORIENTED_EDGE ( 'NONE', *, *, #1731, .F. ) ;
#1832 = CARTESIAN_POINT ( 'NONE',  ( 293.1999999999999886, -200.0000000000000000, 24.00000000000000000 ) ) ;
#1833 = VERTEX_POINT ( 'NONE', #360 ) ;
#1834 = ADVANCED_FACE ( 'NONE', ( #202 ), #1295, .T. ) ;
#1835 = VECTOR ( 'NONE', #1718, 1000.000000000000000 ) ;
#1836 = DIRECTION ( 'NONE',  ( 1.000000000000000000, -0.000000000000000000, -0.000000000000000000 ) ) ;
#1837 = DIRECTION ( 'NONE',  ( 0.000000000000000000, 0.000000000000000000, -1.000000000000000000 ) ) ;
#1838 = CIRCLE ( 'NONE', #774, 1.399999999999998579 ) ;
#1839 = EDGE_LOOP ( 'NONE', ( #604, #1991 ) ) ;
#1840 = AXIS2_PLACEMENT_3D ( 'NONE', #267, #601, #1866 ) ;
#1841 = DIRECTION ( 'NONE',  ( 0.000000000000000000, 0.000000000000000000, -1.000000000000000000 ) ) ;
#1842 = CIRCLE ( 'NONE', #109, 1.399999999999998579 ) ;
#1843 = EDGE_LOOP ( 'NONE', ( #1079, #51, #181, #1351 ) ) ;
#1844 = VECTOR ( 'NONE', #1701, 1000.000000000000000 ) ;
#1845 = ADVANCED_FACE ( 'NONE', ( #1306 ), #1135, .T. ) ;
#1846 = FACE_OUTER_BOUND ( 'NONE', #2017, .T. ) ;
#1847 = EDGE_LOOP ( 'NONE', ( #1409, #758, #135, #88 ) ) ;
#1848 = CIRCLE ( 'NONE', #50, 1.399999999999998579 ) ;
#1849 = EDGE_CURVE ( 'NONE', #1698, #1167, #1789, .T. ) ;
#1850 = VERTEX_POINT ( 'NONE', #1464 ) ;
#1851 = CYLINDRICAL_SURFACE ( 'NONE', #578, 2.749999999999999112 ) ;
#1852 = ORIENTED_EDGE ( 'NONE', *, *, #2021, .F. ) ;
#1853 = MANIFOLD_SOLID_BREP ( '\X2\8f935165\X0\6', #804 ) ;
#1854 = CARTESIAN_POINT ( 'NONE',  ( 292.1999999999999886, 188.0000000000000000, 22.60000000000000142 ) ) ;
#1855 = ORIENTED_EDGE ( 'NONE', *, *, #1352, .F. ) ;
#1856 = DIRECTION ( 'NONE',  ( -1.000000000000000000, 0.000000000000000000, 0.000000000000000000 ) ) ;
#1857 = EDGE_CURVE ( 'NONE', #746, #1917, #1114, .T. ) ;
#1858 = VERTEX_POINT ( 'NONE', #1939 ) ;
#1859 = VERTEX_POINT ( 'NONE', #35 ) ;
#1860 = ADVANCED_FACE ( 'NONE', ( #1764 ), #1424, .T. ) ;
#1861 = DIRECTION ( 'NONE',  ( 0.000000000000000000, 0.000000000000000000, 1.000000000000000000 ) ) ;
#1862 = VERTEX_POINT ( 'NONE', #1263 ) ;
#1863 = CARTESIAN_POINT ( 'NONE',  ( -271.0500000000000114, 188.0000000000000000, 25.39999999999999858 ) ) ;
#1864 = ORIENTED_EDGE ( 'NONE', *, *, #1102, .F. ) ;
#1865 = APPROVAL_PERSON_ORGANIZATION ( #1796, #417, #867 ) ;
#1866 = DIRECTION ( 'NONE',  ( 0.000000000000000000, 0.000000000000000000, 1.000000000000000000 ) ) ;
#1867 = ORIENTED_EDGE ( 'NONE', *, *, #1184, .F. ) ;
#1868 = ORIENTED_EDGE ( 'NONE', *, *, #1515, .F. ) ;
#1869 = MANIFOLD_SOLID_BREP ( '\X2\8f935165\X0\5', #334 ) ;
#1870 = AXIS2_PLACEMENT_3D ( 'NONE', #354, #2060, #939 ) ;
#1871 = CARTESIAN_POINT ( 'NONE',  ( -271.0500000000000114, 188.0000000000000000, 25.39999999999999858 ) ) ;
#1872 = ORIENTED_EDGE ( 'NONE', *, *, #1411, .T. ) ;
#1873 = AXIS2_PLACEMENT_3D ( 'NONE', #500, #303, #508 ) ;
#1874 = EDGE_CURVE ( 'NONE', #1435, #900, #12, .T. ) ;
#1875 = CARTESIAN_POINT ( 'NONE',  ( 293.3000000000000114, -188.0000000000000000, 25.39999999999999858 ) ) ;
#1876 = AXIS2_PLACEMENT_3D ( 'NONE', #1386, #920, #1420 ) ;
#1877 = DIRECTION ( 'NONE',  ( 0.000000000000000000, 0.000000000000000000, -1.000000000000000000 ) ) ;
#1878 = ORIENTED_EDGE ( 'NONE', *, *, #1138, .T. ) ;
#1879 = AXIS2_PLACEMENT_3D ( 'NONE', #102, #96, #1512 ) ;
#1880 = AXIS2_PLACEMENT_3D ( 'NONE', #1436, #1767, #655 ) ;
#1881 = DIRECTION ( 'NONE',  ( 1.000000000000000000, 0.000000000000000000, 0.000000000000000000 ) ) ;
#1882 = FACE_OUTER_BOUND ( 'NONE', #1780, .T. ) ;
#1883 = VECTOR ( 'NONE', #1446, 1000.000000000000000 ) ;
#1884 = ORIENTED_EDGE ( 'NONE', *, *, #1204, .F. ) ;
#1885 = CARTESIAN_POINT ( 'NONE',  ( 293.3000000000000114, 200.0000000000000000, 24.00000000000000000 ) ) ;
#1886 = ADVANCED_FACE ( 'NONE', ( #653, #797 ), #819, .T. ) ;
#1887 = EDGE_LOOP ( 'NONE', ( #1963, #658 ) ) ;
#1888 = CARTESIAN_POINT ( 'NONE',  ( -293.1999999999999886, -200.0000000000000000, 24.00000000000000000 ) ) ;
#1889 = DIRECTION ( 'NONE',  ( 0.000000000000000000, 0.000000000000000000, -1.000000000000000000 ) ) ;
#1890 = ORIENTED_EDGE ( 'NONE', *, *, #1127, .F. ) ;
#1891 = DIRECTION ( 'NONE',  ( 0.000000000000000000, 0.000000000000000000, 1.000000000000000000 ) ) ;
#1892 = CARTESIAN_POINT ( 'NONE',  ( 293.1999999999999886, 188.0000000000000000, 26.75000000000000000 ) ) ;
#1893 = ORIENTED_EDGE ( 'NONE', *, *, #24, .F. ) ;
#1894 = APPROVAL_STATUS ( 'not_yet_approved' ) ;
#1895 = DIRECTION ( 'NONE',  ( 0.000000000000000000, 0.000000000000000000, 1.000000000000000000 ) ) ;
#1896 = CARTESIAN_POINT ( 'NONE',  ( -271.0500000000000114, -200.0000000000000000, 22.60000000000000142 ) ) ;
#1897 = ORIENTED_EDGE ( 'NONE', *, *, #1050, .T. ) ;
#1898 = FACE_OUTER_BOUND ( 'NONE', #1120, .T. ) ;
#1899 = ORIENTED_EDGE ( 'NONE', *, *, #154, .F. ) ;
#1900 = DIRECTION ( 'NONE',  ( -1.000000000000000000, 0.000000000000000000, 0.000000000000000000 ) ) ;
#1901 = FACE_OUTER_BOUND ( 'NONE', #1847, .T. ) ;
#1902 = ADVANCED_FACE ( 'NONE', ( #1287, #501 ), #1456, .T. ) ;
#1903 = ORIENTED_EDGE ( 'NONE', *, *, #594, .F. ) ;
#1904 = CARTESIAN_POINT ( 'NONE',  ( -293.3000000000000114, -188.0000000000000000, 24.00000000000000000 ) ) ;
#1905 = DIRECTION ( 'NONE',  ( -1.000000000000000000, 0.000000000000000000, 0.000000000000000000 ) ) ;
#1906 = ORIENTED_EDGE ( 'NONE', *, *, #1347, .T. ) ;
#1907 = AXIS2_PLACEMENT_3D ( 'NONE', #1915, #636, #678 ) ;
#1908 = CARTESIAN_POINT ( 'NONE',  ( -292.1999999999999886, -200.0000000000000000, 26.75000000000000000 ) ) ;
#1909 = CIRCLE ( 'NONE', #1168, 1.399999999999998579 ) ;
#1910 = AXIS2_PLACEMENT_3D ( 'NONE', #298, #1856, #590 ) ;
#1911 = EDGE_CURVE ( 'NONE', #1362, #1680, #1476, .T. ) ;
#1912 = DIRECTION ( 'NONE',  ( 1.000000000000000000, 0.000000000000000000, 0.000000000000000000 ) ) ;
#1913 = VECTOR ( 'NONE', #2066, 1000.000000000000000 ) ;
#1914 = ADVANCED_FACE ( 'NONE', ( #1776 ), #457, .T. ) ;
#1915 = CARTESIAN_POINT ( 'NONE',  ( -292.1999999999999886, 188.0000000000000000, 24.00000000000000000 ) ) ;
#1916 = VECTOR ( 'NONE', #292, 1000.000000000000000 ) ;
#1917 = VERTEX_POINT ( 'NONE', #669 ) ;
#1918 = AXIS2_PLACEMENT_3D ( 'NONE', #349, #1616, #192 ) ;
#1919 = FACE_OUTER_BOUND ( 'NONE', #613, .T. ) ;
#1920 = CARTESIAN_POINT ( 'NONE',  ( 292.1999999999999886, -200.0000000000000000, 24.00000000000000000 ) ) ;
#1921 = EDGE_LOOP ( 'NONE', ( #149, #382 ) ) ;
#1922 = FACE_OUTER_BOUND ( 'NONE', #510, .T. ) ;
#1923 = DIRECTION ( 'NONE',  ( -1.000000000000000000, 0.000000000000000000, -0.000000000000000000 ) ) ;
#1924 = CYLINDRICAL_SURFACE ( 'NONE', #1205, 2.749999999999999112 ) ;
#1925 = ORIENTED_EDGE ( 'NONE', *, *, #225, .T. ) ;
#1926 = EDGE_CURVE ( 'NONE', #425, #1035, #881, .T. ) ;
#1927 = DIRECTION ( 'NONE',  ( -1.000000000000000000, -0.000000000000000000, -0.000000000000000000 ) ) ;
#1928 = CYLINDRICAL_SURFACE ( 'NONE', #640, 1.399999999999998579 ) ;
#1929 = LINE ( 'NONE', #1147, #1108 ) ;
#1930 = ORIENTED_EDGE ( 'NONE', *, *, #1931, .F. ) ;
#1931 = EDGE_CURVE ( 'NONE', #1200, #571, #130, .T. ) ;
#1932 = DIRECTION ( 'NONE',  ( 1.000000000000000000, 0.000000000000000000, 0.000000000000000000 ) ) ;
#1933 = CARTESIAN_POINT ( 'NONE',  ( 292.1999999999999886, -188.0000000000000000, 24.00000000000000000 ) ) ;
#1934 = DIRECTION ( 'NONE',  ( 0.000000000000000000, 0.000000000000000000, 1.000000000000000000 ) ) ;
#1935 = ORIENTED_EDGE ( 'NONE', *, *, #726, .F. ) ;
#1936 = DIRECTION ( 'NONE',  ( 0.000000000000000000, 0.000000000000000000, -1.000000000000000000 ) ) ;
#1937 = EDGE_CURVE ( 'NONE', #1016, #235, #1143, .T. ) ;
#1938 = CYLINDRICAL_SURFACE ( 'NONE', #1945, 1.399999999999998579 ) ;
#1939 = CARTESIAN_POINT ( 'NONE',  ( 293.1999999999999886, 200.0000000000000000, 21.25000000000000000 ) ) ;
#1940 = ORIENTED_EDGE ( 'NONE', *, *, #458, .F. ) ;
#1941 = ADVANCED_FACE ( 'NONE', ( #1145 ), #446, .T. ) ;
#1942 = CYLINDRICAL_SURFACE ( 'NONE', #1208, 1.399999999999998579 ) ;
#1943 = EDGE_CURVE ( 'NONE', #878, #1307, #1412, .T. ) ;
#1944 = CARTESIAN_POINT ( 'NONE',  ( -271.0500000000000114, 188.0000000000000000, 24.00000000000000000 ) ) ;
#1945 = AXIS2_PLACEMENT_3D ( 'NONE', #1579, #1754, #1895 ) ;
#1946 = AXIS2_PLACEMENT_3D ( 'NONE', #1469, #1622, #209 ) ;
#1947 = DIRECTION ( 'NONE',  ( -1.000000000000000000, 0.000000000000000000, 0.000000000000000000 ) ) ;
#1948 = CIRCLE ( 'NONE', #345, 2.749999999999999112 ) ;
#1949 = CARTESIAN_POINT ( 'NONE',  ( 271.0500000000000114, -188.0000000000000000, 24.00000000000000000 ) ) ;
#1950 = DIRECTION ( 'NONE',  ( 0.000000000000000000, 0.000000000000000000, 1.000000000000000000 ) ) ;
#1951 = DIRECTION ( 'NONE',  ( -1.000000000000000000, 0.000000000000000000, 0.000000000000000000 ) ) ;
#1952 = VERTEX_POINT ( 'NONE', #33 ) ;
#1953 = EDGE_CURVE ( 'NONE', #632, #352, #1746, .T. ) ;
#1954 = CARTESIAN_POINT ( 'NONE',  ( -292.1999999999999886, 188.0000000000000000, 21.25000000000000000 ) ) ;
#1955 = CARTESIAN_POINT ( 'NONE',  ( 271.0500000000000114, -188.0000000000000000, 24.00000000000000000 ) ) ;
#1956 = EDGE_CURVE ( 'NONE', #1750, #1859, #849, .T. ) ;
#1957 = FACE_BOUND ( 'NONE', #1554, .T. ) ;
#1958 = EDGE_CURVE ( 'NONE', #428, #1186, #1541, .T. ) ;
#1959 = DIRECTION ( 'NONE',  ( 1.000000000000000000, 0.000000000000000000, 0.000000000000000000 ) ) ;
#1960 = DIRECTION ( 'NONE',  ( 0.000000000000000000, 0.000000000000000000, 1.000000000000000000 ) ) ;
#1961 = CARTESIAN_POINT ( 'NONE',  ( -271.0500000000000114, -200.0000000000000000, 24.00000000000000000 ) ) ;
#1962 = DIRECTION ( 'NONE',  ( 0.000000000000000000, 0.000000000000000000, 1.000000000000000000 ) ) ;
#1963 = ORIENTED_EDGE ( 'NONE', *, *, #882, .F. ) ;
#1964 = CARTESIAN_POINT ( 'NONE',  ( 293.3000000000000114, 188.0000000000000000, 24.00000000000000000 ) ) ;
#1965 = DIRECTION ( 'NONE',  ( 1.000000000000000000, 0.000000000000000000, 0.000000000000000000 ) ) ;
#1966 = EDGE_CURVE ( 'NONE', #1403, #1989, #1815, .T. ) ;
#1967 = FACE_OUTER_BOUND ( 'NONE', #255, .T. ) ;
#1968 = EDGE_CURVE ( 'NONE', #1307, #878, #1176, .T. ) ;
#1969 = CARTESIAN_POINT ( 'NONE',  ( 293.1999999999999886, -200.0000000000000000, 26.75000000000000000 ) ) ;
#1970 = CALENDAR_DATE ( 2026, 29, 8 ) ;
#1971 = DIRECTION ( 'NONE',  ( -1.000000000000000000, 0.000000000000000000, 0.000000000000000000 ) ) ;
#1972 = VERTEX_POINT ( 'NONE', #1875 ) ;
#1973 = AXIS2_PLACEMENT_3D ( 'NONE', #142, #1927, #1121 ) ;
#1974 = CARTESIAN_POINT ( 'NONE',  ( 292.1999999999999886, -200.0000000000000000, 25.39999999999999858 ) ) ;
#1975 = CARTESIAN_POINT ( 'NONE',  ( -292.1999999999999886, -200.0000000000000000, 24.00000000000000000 ) ) ;
#1976 = DIRECTION ( 'NONE',  ( -1.000000000000000000, -0.000000000000000000, -0.000000000000000000 ) ) ;
#1977 = CIRCLE ( 'NONE', #268, 1.399999999999998579 ) ;
#1978 = AXIS2_PLACEMENT_3D ( 'NONE', #548, #682, #1315 ) ;
#1979 = LINE ( 'NONE', #865, #107 ) ;
#1980 = VECTOR ( 'NONE', #525, 1000.000000000000000 ) ;
#1981 = CYLINDRICAL_SURFACE ( 'NONE', #666, 1.399999999999998579 ) ;
#1982 = FACE_OUTER_BOUND ( 'NONE', #1448, .T. ) ;
#1983 = VERTEX_POINT ( 'NONE', #933 ) ;
#1984 = AXIS2_PLACEMENT_3D ( 'NONE', #1714, #276, #1877 ) ;
#1985 = AXIS2_PLACEMENT_3D ( 'NONE', #1191, #2001, #1652 ) ;
#1986 = DIRECTION ( 'NONE',  ( 0.000000000000000000, 0.000000000000000000, -1.000000000000000000 ) ) ;
#1987 = DIRECTION ( 'NONE',  ( -1.000000000000000000, 0.000000000000000000, 0.000000000000000000 ) ) ;
#1988 = DIRECTION ( 'NONE',  ( -0.000000000000000000, 0.000000000000000000, 1.000000000000000000 ) ) ;
#1989 = VERTEX_POINT ( 'NONE', #1454 ) ;
#1990 = CARTESIAN_POINT ( 'NONE',  ( -292.1999999999999886, -200.0000000000000000, 24.00000000000000000 ) ) ;
#1991 = ORIENTED_EDGE ( 'NONE', *, *, #1558, .T. ) ;
#1992 = CYLINDRICAL_SURFACE ( 'NONE', #1311, 1.399999999999998579 ) ;
#1993 = ORIENTED_EDGE ( 'NONE', *, *, #189, .T. ) ;
#1994 = EDGE_CURVE ( 'NONE', #153, #1432, #1449, .T. ) ;
#1995 = DIRECTION ( 'NONE',  ( 1.000000000000000000, 0.000000000000000000, 0.000000000000000000 ) ) ;
#1996 = EDGE_LOOP ( 'NONE', ( #729, #156 ) ) ;
#1997 = DIRECTION ( 'NONE',  ( 1.000000000000000000, -0.000000000000000000, -0.000000000000000000 ) ) ;
#1998 = PERSON_AND_ORGANIZATION_ROLE ( 'classification_officer' ) ;
#1999 = ORIENTED_EDGE ( 'NONE', *, *, #993, .T. ) ;
#2000 = ADVANCED_FACE ( 'NONE', ( #1256 ), #358, .T. ) ;
#2001 = DIRECTION ( 'NONE',  ( 1.000000000000000000, 0.000000000000000000, 0.000000000000000000 ) ) ;
#2002 = EDGE_LOOP ( 'NONE', ( #1024, #1864, #1380, #696 ) ) ;
#2003 = DIRECTION ( 'NONE',  ( 0.000000000000000000, 0.000000000000000000, -1.000000000000000000 ) ) ;
#2004 = EDGE_LOOP ( 'NONE', ( #502, #119, #259, #1548 ) ) ;
#2005 = EDGE_CURVE ( 'NONE', #1181, #1234, #1366, .T. ) ;
#2006 = CIRCLE ( 'NONE', #206, 1.399999999999998579 ) ;
#2007 = EDGE_LOOP ( 'NONE', ( #1193, #1240, #1319, #1359 ) ) ;
#2008 = PRODUCT_DEFINITION_SHAPE ( 'NONE', 'NONE',  #1623 ) ;
#2009 = AXIS2_PLACEMENT_3D ( 'NONE', #335, #652, #1253 ) ;
#2010 = CIRCLE ( 'NONE', #1700, 1.399999999999998579 ) ;
#2011 = CARTESIAN_POINT ( 'NONE',  ( -293.1999999999999886, 200.0000000000000000, 22.60000000000000142 ) ) ;
#2012 = VECTOR ( 'NONE', #893, 1000.000000000000000 ) ;
#2013 = ORIENTED_EDGE ( 'NONE', *, *, #301, .F. ) ;
#2014 = AXIS2_PLACEMENT_3D ( 'NONE', #1644, #218, #1830 ) ;
#2015 = EDGE_CURVE ( 'NONE', #853, #1972, #799, .T. ) ;
#2016 = DIRECTION ( 'NONE',  ( -1.000000000000000000, 0.000000000000000000, 0.000000000000000000 ) ) ;
#2017 = EDGE_LOOP ( 'NONE', ( #277, #1890 ) ) ;
#2018 = AXIS2_PLACEMENT_3D ( 'NONE', #1231, #1293, #981 ) ;
#2019 = DIRECTION ( 'NONE',  ( -1.000000000000000000, -0.000000000000000000, -0.000000000000000000 ) ) ;
#2020 = VERTEX_POINT ( 'NONE', #1762 ) ;
#2021 = EDGE_CURVE ( 'NONE', #1859, #1750, #1631, .T. ) ;
#2022 = EDGE_LOOP ( 'NONE', ( #1599, #11, #280, #1030 ) ) ;
#2023 = CALENDAR_DATE ( 2026, 29, 8 ) ;
#2024 = FACE_OUTER_BOUND ( 'NONE', #399, .T. ) ;
#2025 = EDGE_LOOP ( 'NONE', ( #432, #1584 ) ) ;
#2026 = PLANE ( 'NONE',  #82 ) ;
#2027 = ORIENTED_EDGE ( 'NONE', *, *, #538, .F. ) ;
#2028 = FACE_BOUND ( 'NONE', #1477, .T. ) ;
#2029 = ORIENTED_EDGE ( 'NONE', *, *, #773, .T. ) ;
#2030 = ORIENTED_EDGE ( 'NONE', *, *, #1442, .T. ) ;
#2031 = DATE_AND_TIME ( #2023, #2069 ) ;
#2032 = DIRECTION ( 'NONE',  ( 1.000000000000000000, -0.000000000000000000, -0.000000000000000000 ) ) ;
#2033 = VERTEX_POINT ( 'NONE', #659 ) ;
#2034 = FACE_OUTER_BOUND ( 'NONE', #896, .T. ) ;
#2035 = CARTESIAN_POINT ( 'NONE',  ( 293.3000000000000114, 188.0000000000000000, 25.39999999999999858 ) ) ;
#2036 = ORIENTED_EDGE ( 'NONE', *, *, #816, .T. ) ;
#2037 =( GEOMETRIC_REPRESENTATION_CONTEXT ( 3 ) GLOBAL_UNCERTAINTY_ASSIGNED_CONTEXT ( ( #72 ) ) GLOBAL_UNIT_ASSIGNED_CONTEXT ( ( #683, #1014, #1031 ) ) REPRESENTATION_CONTEXT ( 'NONE', 'WORKASPACE' ) );
#2038 = CARTESIAN_POINT ( 'NONE',  ( -293.1999999999999886, -188.0000000000000000, 24.00000000000000000 ) ) ;
#2039 = FACE_BOUND ( 'NONE', #275, .T. ) ;
#2040 = ORIENTED_EDGE ( 'NONE', *, *, #1798, .F. ) ;
#2041 = VECTOR ( 'NONE', #1312, 1000.000000000000000 ) ;
#2042 = CARTESIAN_POINT ( 'NONE',  ( -271.0500000000000114, -188.0000000000000000, 22.60000000000000142 ) ) ;
#2043 = ORIENTED_EDGE ( 'NONE', *, *, #1425, .T. ) ;
#2044 = AXIS2_PLACEMENT_3D ( 'NONE', #818, #1294, #1455 ) ;
#2045 = CARTESIAN_POINT ( 'NONE',  ( -293.1999999999999886, -188.0000000000000000, 24.00000000000000000 ) ) ;
#2046 = DIRECTION ( 'NONE',  ( -1.000000000000000000, 0.000000000000000000, 0.000000000000000000 ) ) ;
#2047 = VERTEX_POINT ( 'NONE', #1391 ) ;
#2048 = AXIS2_PLACEMENT_3D ( 'NONE', #100, #1489, #1034 ) ;
#2049 = DIRECTION ( 'NONE',  ( 1.000000000000000000, 0.000000000000000000, 0.000000000000000000 ) ) ;
#2050 = DIRECTION ( 'NONE',  ( -1.000000000000000000, 0.000000000000000000, -0.000000000000000000 ) ) ;
#2051 = VECTOR ( 'NONE', #1133, 1000.000000000000000 ) ;
#2052 = CARTESIAN_POINT ( 'NONE',  ( -271.0500000000000114, 200.0000000000000000, 24.00000000000000000 ) ) ;
#2053 = CARTESIAN_POINT ( 'NONE',  ( -293.3000000000000114, -188.0000000000000000, 24.00000000000000000 ) ) ;
#2054 = ORIENTED_EDGE ( 'NONE', *, *, #747, .F. ) ;
#2055 = DIRECTION ( 'NONE',  ( 0.000000000000000000, 0.000000000000000000, -1.000000000000000000 ) ) ;
#2056 = DIRECTION ( 'NONE',  ( -1.000000000000000000, 0.000000000000000000, 0.000000000000000000 ) ) ;
#2057 = EDGE_LOOP ( 'NONE', ( #957, #190 ) ) ;
#2058 = ADVANCED_FACE ( 'NONE', ( #2034 ), #598, .T. ) ;
#2059 = DIRECTION ( 'NONE',  ( 1.000000000000000000, 0.000000000000000000, 0.000000000000000000 ) ) ;
#2060 = DIRECTION ( 'NONE',  ( 1.000000000000000000, -0.000000000000000000, -0.000000000000000000 ) ) ;
#2061 = EDGE_LOOP ( 'NONE', ( #1672, #2013, #918, #1668 ) ) ;
#2062 = CARTESIAN_POINT ( 'NONE',  ( 293.1999999999999886, 200.0000000000000000, 25.39999999999999858 ) ) ;
#2063 = CARTESIAN_POINT ( 'NONE',  ( 271.0500000000000114, 188.0000000000000000, 24.00000000000000000 ) ) ;
#2064 = EDGE_LOOP ( 'NONE', ( #1719, #721 ) ) ;
#2065 = EDGE_CURVE ( 'NONE', #725, #1858, #1316, .T. ) ;
#2066 = DIRECTION ( 'NONE',  ( 1.000000000000000000, 0.000000000000000000, 0.000000000000000000 ) ) ;
#2067 = ADVANCED_FACE ( 'NONE', ( #713 ), #1981, .T. ) ;
#2068 = DIRECTION ( 'NONE',  ( 1.000000000000000000, 0.000000000000000000, 0.000000000000000000 ) ) ;
#2069 = LOCAL_TIME ( 16, 1, 36.00000000000000000, #464 ) ;
#2070 = DIRECTION ( 'NONE',  ( -1.000000000000000000, 0.000000000000000000, 0.000000000000000000 ) ) ;
#2071 = ORIENTED_EDGE ( 'NONE', *, *, #581, .T. ) ;
ENDSEC;
END-ISO-10303-21;
