ISO-10303-21;
HEADER;
FILE_DESCRIPTION (( 'STEP AP203' ),
    '1' );
FILE_NAME ('LidLatchBodyPack_V11_SouthcoV7_31x72.STEP',
    '2026-08-29T08:01:42',
    ( '' ),
    ( '' ),
    'SwSTEP 2.0',
    'SolidWorks 2025',
    '' );
FILE_SCHEMA (( 'CONFIG_CONTROL_DESIGN' ));
ENDSEC;

DATA;
#1 = CARTESIAN_POINT ( 'NONE',  ( 291.5000000000000000, 188.0000000000000000, -6.000000000000000000 ) ) ;
#2 = VECTOR ( 'NONE', #1497, 1000.000000000000000 ) ;
#3 = ORIENTED_EDGE ( 'NONE', *, *, #1400, .F. ) ;
#4 = DIRECTION ( 'NONE',  ( 0.000000000000000000, 0.000000000000000000, -1.000000000000000000 ) ) ;
#5 = CARTESIAN_POINT ( 'NONE',  ( -294.5000000000000000, -188.0000000000000000, -7.700000000000000178 ) ) ;
#6 = EDGE_CURVE ( 'NONE', #1183, #1095, #409, .T. ) ;
#7 = CARTESIAN_POINT ( 'NONE',  ( 294.5000000000000000, 209.5000000000000284, 14.00000000000000533 ) ) ;
#8 = ADVANCED_FACE ( 'NONE', ( #132 ), #1275, .F. ) ;
#9 = DIRECTION ( 'NONE',  ( 1.000000000000000000, 0.000000000000000000, 0.000000000000000000 ) ) ;
#10 = ORIENTED_EDGE ( 'NONE', *, *, #1017, .T. ) ;
#11 = DIRECTION ( 'NONE',  ( 1.000000000000000000, 0.000000000000000000, 0.000000000000000000 ) ) ;
#12 = CALENDAR_DATE ( 2026, 29, 8 ) ;
#13 = DIRECTION ( 'NONE',  ( -1.000000000000000000, 0.000000000000000000, 0.000000000000000000 ) ) ;
#14 = APPROVAL ( #1020, '未' ) ;
#15 = EDGE_CURVE ( 'NONE', #1095, #57, #1859, .T. ) ;
#16 = DIRECTION ( 'NONE',  ( 0.000000000000000000, 0.000000000000000000, 1.000000000000000000 ) ) ;
#17 = ADVANCED_FACE ( 'NONE', ( #537, #568, #1553, #1108, #1136 ), #430, .T. ) ;
#18 = APPLICATION_CONTEXT ( 'configuration controlled 3d designs of mechanical parts and assemblies' ) ;
#19 = EDGE_LOOP ( 'NONE', ( #65, #1011 ) ) ;
#20 = DIRECTION ( 'NONE',  ( 0.000000000000000000, 0.000000000000000000, 1.000000000000000000 ) ) ;
#21 = DIRECTION ( 'NONE',  ( 1.000000000000000000, 0.000000000000000000, -0.000000000000000000 ) ) ;
#22 = DIRECTION ( 'NONE',  ( 0.000000000000000000, 0.000000000000000000, 1.000000000000000000 ) ) ;
#23 = ORIENTED_EDGE ( 'NONE', *, *, #607, .T. ) ;
#24 = ADVANCED_FACE ( 'NONE', ( #110 ), #1250, .F. ) ;
#25 = CIRCLE ( 'NONE', #1684, 1.700000000000000178 ) ;
#26 = VECTOR ( 'NONE', #802, 1000.000000000000000 ) ;
#27 = ORIENTED_EDGE ( 'NONE', *, *, #475, .F. ) ;
#28 = CARTESIAN_POINT ( 'NONE',  ( -293.0000000000000000, 178.5000000000000000, -58.00000000000000000 ) ) ;
#29 =( GEOMETRIC_REPRESENTATION_CONTEXT ( 3 ) GLOBAL_UNCERTAINTY_ASSIGNED_CONTEXT ( ( #1273 ) ) GLOBAL_UNIT_ASSIGNED_CONTEXT ( ( #1397, #393, #1549 ) ) REPRESENTATION_CONTEXT ( 'NONE', 'WORKASPACE' ) );
#30 = DIRECTION ( 'NONE',  ( -0.000000000000000000, 1.000000000000000000, 0.000000000000000000 ) ) ;
#31 = VERTEX_POINT ( 'NONE', #1496 ) ;
#32 = ADVANCED_FACE ( 'NONE', ( #1218 ), #1665, .T. ) ;
#33 = CARTESIAN_POINT ( 'NONE',  ( -291.1999999999999886, 188.0000000000000000, -18.00000000000000355 ) ) ;
#34 = DIRECTION ( 'NONE',  ( 0.000000000000000000, 0.000000000000000000, 1.000000000000000000 ) ) ;
#35 = EDGE_LOOP ( 'NONE', ( #1215, #36, #1758, #811 ) ) ;
#36 = ORIENTED_EDGE ( 'NONE', *, *, #822, .T. ) ;
#37 = VERTEX_POINT ( 'NONE', #1778 ) ;
#38 = CARTESIAN_POINT ( 'NONE',  ( 291.1999999999999886, 188.0000000000000000, -6.000000000000000000 ) ) ;
#39 = CARTESIAN_POINT ( 'NONE',  ( 291.1999999999999886, -200.0000000000000000, -18.00000000000000355 ) ) ;
#40 = EDGE_LOOP ( 'NONE', ( #1782, #1431 ) ) ;
#41 = EDGE_CURVE ( 'NONE', #236, #689, #233, .T. ) ;
#42 = CARTESIAN_POINT ( 'NONE',  ( -291.5000000000000000, -188.0000000000000000, -6.000000000000000000 ) ) ;
#43 = ORIENTED_EDGE ( 'NONE', *, *, #358, .T. ) ;
#44 = LINE ( 'NONE', #1658, #633 ) ;
#45 = ORIENTED_EDGE ( 'NONE', *, *, #1599, .F. ) ;
#46 = ORIENTED_EDGE ( 'NONE', *, *, #795, .T. ) ;
#47 = CARTESIAN_POINT ( 'NONE',  ( -294.5000000000000000, 200.0000000000000000, -6.000000000000000000 ) ) ;
#48 = ORIENTED_EDGE ( 'NONE', *, *, #930, .F. ) ;
#49 = EDGE_CURVE ( 'NONE', #1418, #622, #99, .T. ) ;
#50 = CARTESIAN_POINT ( 'NONE',  ( -291.5000000000000000, 200.0000000000000000, -7.700000000000000178 ) ) ;
#51 = VERTEX_POINT ( 'NONE', #378 ) ;
#52 = CARTESIAN_POINT ( 'NONE',  ( -291.5000000000000000, -194.0000000000000000, -58.00000000000000000 ) ) ;
#53 = ORIENTED_EDGE ( 'NONE', *, *, #426, .T. ) ;
#54 = ORIENTED_EDGE ( 'NONE', *, *, #625, .T. ) ;
#55 = CIRCLE ( 'NONE', #1464, 1.700000000000000178 ) ;
#56 = FACE_OUTER_BOUND ( 'NONE', #354, .T. ) ;
#57 = VERTEX_POINT ( 'NONE', #1788 ) ;
#58 = AXIS2_PLACEMENT_3D ( 'NONE', #248, #560, #825 ) ;
#59 = CARTESIAN_POINT ( 'NONE',  ( -291.5000000000000000, 200.0000000000000000, -4.299999999999999822 ) ) ;
#60 = VECTOR ( 'NONE', #588, 1000.000000000000000 ) ;
#61 = CYLINDRICAL_SURFACE ( 'NONE', #752, 1.700000000000000178 ) ;
#62 = EDGE_CURVE ( 'NONE', #1641, #1482, #1683, .T. ) ;
#63 = ORIENTED_EDGE ( 'NONE', *, *, #1551, .F. ) ;
#64 = DIRECTION ( 'NONE',  ( 1.000000000000000000, 0.000000000000000000, -0.000000000000000000 ) ) ;
#65 = ORIENTED_EDGE ( 'NONE', *, *, #1216, .F. ) ;
#66 = ADVANCED_FACE ( 'NONE', ( #957, #357, #497, #790, #69 ), #87, .T. ) ;
#67 = ORIENTED_EDGE ( 'NONE', *, *, #1362, .F. ) ;
#68 = DIRECTION ( 'NONE',  ( 0.000000000000000000, 0.000000000000000000, 1.000000000000000000 ) ) ;
#69 = FACE_OUTER_BOUND ( 'NONE', #413, .T. ) ;
#70 = DIRECTION ( 'NONE',  ( 0.000000000000000000, 0.000000000000000000, -1.000000000000000000 ) ) ;
#71 = EDGE_LOOP ( 'NONE', ( #1479, #531, #193, #1307 ) ) ;
#72 = DIRECTION ( 'NONE',  ( 1.000000000000000000, 0.000000000000000000, -0.000000000000000000 ) ) ;
#73 = ORIENTED_EDGE ( 'NONE', *, *, #741, .F. ) ;
#74 = EDGE_CURVE ( 'NONE', #1453, #31, #1635, .T. ) ;
#75 = DIRECTION ( 'NONE',  ( 0.000000000000000000, 0.000000000000000000, -1.000000000000000000 ) ) ;
#76 = ORIENTED_EDGE ( 'NONE', *, *, #1575, .F. ) ;
#77 = EDGE_CURVE ( 'NONE', #637, #1723, #1797, .T. ) ;
#78 = FACE_OUTER_BOUND ( 'NONE', #826, .T. ) ;
#79 = CARTESIAN_POINT ( 'NONE',  ( -291.1999999999999886, -188.0000000000000000, -16.30000000000000071 ) ) ;
#80 = DIRECTION ( 'NONE',  ( 0.000000000000000000, 0.000000000000000000, 1.000000000000000000 ) ) ;
#81 = CYLINDRICAL_SURFACE ( 'NONE', #935, 1.700000000000000178 ) ;
#82 = ORIENTED_EDGE ( 'NONE', *, *, #219, .T. ) ;
#83 = DIRECTION ( 'NONE',  ( -1.000000000000000000, 0.000000000000000000, 0.000000000000000000 ) ) ;
#84 = EDGE_CURVE ( 'NONE', #591, #1046, #176, .T. ) ;
#85 = LINE ( 'NONE', #1830, #518 ) ;
#86 = AXIS2_PLACEMENT_3D ( 'NONE', #1293, #1272, #585 ) ;
#87 = PLANE ( 'NONE',  #1140 ) ;
#88 = DIRECTION ( 'NONE',  ( 1.000000000000000000, 0.000000000000000000, -0.000000000000000000 ) ) ;
#89 = AXIS2_PLACEMENT_3D ( 'NONE', #911, #635, #1664 ) ;
#90 = EDGE_CURVE ( 'NONE', #230, #740, #118, .T. ) ;
#91 = CIRCLE ( 'NONE', #875, 1.700000000000000178 ) ;
#92 = AXIS2_PLACEMENT_3D ( 'NONE', #868, #11, #1594 ) ;
#93 = DIRECTION ( 'NONE',  ( 0.000000000000000000, 0.000000000000000000, 1.000000000000000000 ) ) ;
#94 = AXIS2_PLACEMENT_3D ( 'NONE', #296, #268, #1436 ) ;
#95 = EDGE_LOOP ( 'NONE', ( #1831, #1197, #582, #1516 ) ) ;
#96 = PLANE ( 'NONE',  #1289 ) ;
#97 = DIRECTION ( 'NONE',  ( 0.000000000000000000, 0.000000000000000000, 1.000000000000000000 ) ) ;
#98 = ADVANCED_FACE ( 'NONE', ( #1227 ), #1368, .F. ) ;
#99 = LINE ( 'NONE', #1672, #271 ) ;
#100 = COORDINATED_UNIVERSAL_TIME_OFFSET ( 8, 0, .AHEAD. ) ;
#101 = LINE ( 'NONE', #969, #1835 ) ;
#102 = EDGE_CURVE ( 'NONE', #446, #1135, #329, .T. ) ;
#103 = CARTESIAN_POINT ( 'NONE',  ( 291.5000000000000000, 194.0000000000000000, -58.00000000000000000 ) ) ;
#104 = CARTESIAN_POINT ( 'NONE',  ( 291.1999999999999886, -188.0000000000000000, -6.000000000000000000 ) ) ;
#105 = LINE ( 'NONE', #402, #482 ) ;
#106 = VERTEX_POINT ( 'NONE', #677 ) ;
#107 = DIRECTION ( 'NONE',  ( 0.000000000000000000, 0.000000000000000000, -1.000000000000000000 ) ) ;
#108 = DIRECTION ( 'NONE',  ( 0.000000000000000000, 0.000000000000000000, 1.000000000000000000 ) ) ;
#109 = EDGE_CURVE ( 'NONE', #1434, #715, #1564, .T. ) ;
#110 = FACE_OUTER_BOUND ( 'NONE', #1035, .T. ) ;
#111 = FACE_OUTER_BOUND ( 'NONE', #324, .T. ) ;
#112 = MANIFOLD_SOLID_BREP ( '\X2\8f935165\X0\3', #240 ) ;
#113 = LINE ( 'NONE', #1122, #121 ) ;
#114 = EDGE_LOOP ( 'NONE', ( #781, #256, #428, #1838 ) ) ;
#115 = DIRECTION ( 'NONE',  ( 0.000000000000000000, 0.000000000000000000, 1.000000000000000000 ) ) ;
#116 = CARTESIAN_POINT ( 'NONE',  ( 294.5000000000000000, 188.0000000000000000, -18.00000000000000355 ) ) ;
#117 = FACE_OUTER_BOUND ( 'NONE', #562, .T. ) ;
#118 = CIRCLE ( 'NONE', #514, 1.700000000000000178 ) ;
#119 = EDGE_LOOP ( 'NONE', ( #172, #1149 ) ) ;
#120 = AXIS2_PLACEMENT_3D ( 'NONE', #1800, #510, #227 ) ;
#121 = VECTOR ( 'NONE', #1402, 1000.000000000000000 ) ;
#122 = VERTEX_POINT ( 'NONE', #59 ) ;
#123 = AXIS2_PLACEMENT_3D ( 'NONE', #130, #405, #1260 ) ;
#124 = CARTESIAN_POINT ( 'NONE',  ( -291.5000000000000000, -188.0000000000000000, -4.299999999999999822 ) ) ;
#125 = CIRCLE ( 'NONE', #1416, 1.700000000000000178 ) ;
#126 = EDGE_CURVE ( 'NONE', #637, #473, #1805, .T. ) ;
#127 = CARTESIAN_POINT ( 'NONE',  ( 294.5000000000000000, -188.0000000000000000, -18.00000000000000355 ) ) ;
#128 = ORIENTED_EDGE ( 'NONE', *, *, #1461, .F. ) ;
#129 = LINE ( 'NONE', #1124, #724 ) ;
#130 = CARTESIAN_POINT ( 'NONE',  ( 294.5000000000000000, 188.0000000000000000, -6.000000000000000000 ) ) ;
#131 = PLANE ( 'NONE',  #899 ) ;
#132 = FACE_OUTER_BOUND ( 'NONE', #195, .T. ) ;
#133 = EDGE_CURVE ( 'NONE', #491, #222, #1530, .T. ) ;
#134 = CARTESIAN_POINT ( 'NONE',  ( -294.5000000000000000, 200.0000000000000000, -6.000000000000000000 ) ) ;
#135 = DIRECTION ( 'NONE',  ( -0.000000000000000000, 1.000000000000000000, 0.000000000000000000 ) ) ;
#136 = EDGE_CURVE ( 'NONE', #571, #591, #799, .T. ) ;
#137 = ORIENTED_EDGE ( 'NONE', *, *, #136, .T. ) ;
#138 = MANIFOLD_SOLID_BREP ( '\X2\8f935165\X0\4', #450 ) ;
#139 = DIRECTION ( 'NONE',  ( -0.000000000000000000, 0.000000000000000000, -1.000000000000000000 ) ) ;
#140 = CARTESIAN_POINT ( 'NONE',  ( -294.5000000000000000, -188.0000000000000000, -19.70000000000000284 ) ) ;
#141 = ORIENTED_EDGE ( 'NONE', *, *, #226, .T. ) ;
#142 = DIRECTION ( 'NONE',  ( -1.000000000000000000, -0.000000000000000000, 0.000000000000000000 ) ) ;
#143 = CARTESIAN_POINT ( 'NONE',  ( -294.5000000000000000, -194.0000000000000000, -58.00000000000000000 ) ) ;
#144 = EDGE_CURVE ( 'NONE', #1032, #1792, #662, .T. ) ;
#145 = VERTEX_POINT ( 'NONE', #1854 ) ;
#146 = CARTESIAN_POINT ( 'NONE',  ( -294.5000000000000000, -200.0000000000000000, -6.000000000000000000 ) ) ;
#147 = LINE ( 'NONE', #308, #1722 ) ;
#148 = EDGE_CURVE ( 'NONE', #1302, #1463, #129, .T. ) ;
#149 = VECTOR ( 'NONE', #80, 1000.000000000000000 ) ;
#150 = AXIS2_PLACEMENT_3D ( 'NONE', #563, #983, #1572 ) ;
#151 = CARTESIAN_POINT ( 'NONE',  ( 294.5000000000000000, 200.0000000000000000, -18.00000000000000355 ) ) ;
#152 = VECTOR ( 'NONE', #392, 1000.000000000000000 ) ;
#153 = PRODUCT_DEFINITION_SHAPE ( 'NONE', 'NONE',  #1407 ) ;
#154 = AXIS2_PLACEMENT_3D ( 'NONE', #1751, #1321, #326 ) ;
#155 = FACE_OUTER_BOUND ( 'NONE', #71, .T. ) ;
#156 = ORIENTED_EDGE ( 'NONE', *, *, #1632, .T. ) ;
#157 = DIRECTION ( 'NONE',  ( 0.000000000000000000, 0.000000000000000000, 1.000000000000000000 ) ) ;
#158 = PERSON_AND_ORGANIZATION_ROLE ( 'creator' ) ;
#159 = DIRECTION ( 'NONE',  ( 0.000000000000000000, 0.000000000000000000, 1.000000000000000000 ) ) ;
#160 = ADVANCED_FACE ( 'NONE', ( #844 ), #975, .F. ) ;
#161 = LINE ( 'NONE', #1162, #1383 ) ;
#162 = ORIENTED_EDGE ( 'NONE', *, *, #866, .F. ) ;
#163 = DIRECTION ( 'NONE',  ( 1.000000000000000000, 0.000000000000000000, -0.000000000000000000 ) ) ;
#164 = DIRECTION ( 'NONE',  ( 1.000000000000000000, 0.000000000000000000, -0.000000000000000000 ) ) ;
#165 = EDGE_CURVE ( 'NONE', #1046, #591, #1773, .T. ) ;
#166 = LINE ( 'NONE', #1438, #1469 ) ;
#167 = EDGE_LOOP ( 'NONE', ( #376, #1127, #1485, #1609 ) ) ;
#168 = EDGE_LOOP ( 'NONE', ( #742, #645 ) ) ;
#169 = LINE ( 'NONE', #743, #60 ) ;
#170 = SHAPE_DEFINITION_REPRESENTATION ( #153, #1388 ) ;
#171 = DIRECTION ( 'NONE',  ( 0.000000000000000000, 0.000000000000000000, 1.000000000000000000 ) ) ;
#172 = ORIENTED_EDGE ( 'NONE', *, *, #690, .F. ) ;
#173 = CARTESIAN_POINT ( 'NONE',  ( -291.5000000000000000, -200.0000000000000000, -18.00000000000000355 ) ) ;
#174 = ORIENTED_EDGE ( 'NONE', *, *, #504, .T. ) ;
#175 = VECTOR ( 'NONE', #1406, 1000.000000000000000 ) ;
#176 = CIRCLE ( 'NONE', #1868, 1.700000000000000178 ) ;
#177 = AXIS2_PLACEMENT_3D ( 'NONE', #173, #580, #469 ) ;
#178 = AXIS2_PLACEMENT_3D ( 'NONE', #143, #1297, #1721 ) ;
#179 = ORIENTED_EDGE ( 'NONE', *, *, #283, .T. ) ;
#180 = VECTOR ( 'NONE', #620, 1000.000000000000000 ) ;
#181 = ORIENTED_EDGE ( 'NONE', *, *, #126, .T. ) ;
#182 = ADVANCED_FACE ( 'NONE', ( #1709 ), #404, .T. ) ;
#183 = FACE_BOUND ( 'NONE', #1538, .T. ) ;
#184 = DIRECTION ( 'NONE',  ( -0.000000000000000000, 0.000000000000000000, -1.000000000000000000 ) ) ;
#185 = CIRCLE ( 'NONE', #595, 1.700000000000000178 ) ;
#186 = ORIENTED_EDGE ( 'NONE', *, *, #1278, .T. ) ;
#187 = CARTESIAN_POINT ( 'NONE',  ( 294.5000000000000000, -209.5000000000000284, -58.00000000000000000 ) ) ;
#188 = ORIENTED_EDGE ( 'NONE', *, *, #717, .T. ) ;
#189 = CARTESIAN_POINT ( 'NONE',  ( -291.5000000000000000, 188.0000000000000000, -19.70000000000000284 ) ) ;
#190 = ORIENTED_EDGE ( 'NONE', *, *, #459, .T. ) ;
#191 = ORIENTED_EDGE ( 'NONE', *, *, #930, .T. ) ;
#192 = DIRECTION ( 'NONE',  ( 0.000000000000000000, 0.000000000000000000, -1.000000000000000000 ) ) ;
#193 = ORIENTED_EDGE ( 'NONE', *, *, #62, .T. ) ;
#194 = DIRECTION ( 'NONE',  ( 0.000000000000000000, -1.000000000000000000, 0.000000000000000000 ) ) ;
#195 = EDGE_LOOP ( 'NONE', ( #944, #649, #174, #651 ) ) ;
#196 = DIRECTION ( 'NONE',  ( 0.000000000000000000, 0.000000000000000000, 1.000000000000000000 ) ) ;
#197 = EDGE_LOOP ( 'NONE', ( #885, #721 ) ) ;
#198 = VERTEX_POINT ( 'NONE', #1825 ) ;
#199 = EDGE_CURVE ( 'NONE', #1679, #478, #902, .T. ) ;
#200 = FACE_BOUND ( 'NONE', #168, .T. ) ;
#201 = ORIENTED_EDGE ( 'NONE', *, *, #607, .F. ) ;
#202 = CARTESIAN_POINT ( 'NONE',  ( 291.5000000000000000, -188.0000000000000000, -6.000000000000000000 ) ) ;
#203 = CARTESIAN_POINT ( 'NONE',  ( -294.5000000000000000, 188.0000000000000000, -16.30000000000000071 ) ) ;
#204 = ORIENTED_EDGE ( 'NONE', *, *, #1632, .F. ) ;
#205 = EDGE_CURVE ( 'NONE', #1695, #886, #1692, .T. ) ;
#206 = DIRECTION ( 'NONE',  ( -1.000000000000000000, -0.000000000000000000, 0.000000000000000000 ) ) ;
#207 = ORIENTED_EDGE ( 'NONE', *, *, #287, .F. ) ;
#208 = ORIENTED_EDGE ( 'NONE', *, *, #1760, .F. ) ;
#209 = VECTOR ( 'NONE', #829, 1000.000000000000000 ) ;
#210 = DIRECTION ( 'NONE',  ( 0.000000000000000000, 0.000000000000000000, -1.000000000000000000 ) ) ;
#211 = DIRECTION ( 'NONE',  ( 1.000000000000000000, 0.000000000000000000, -0.000000000000000000 ) ) ;
#212 = APPROVAL ( #1693, '未' ) ;
#213 = CIRCLE ( 'NONE', #846, 1.700000000000000178 ) ;
#214 = CIRCLE ( 'NONE', #1504, 1.700000000000000178 ) ;
#215 = CARTESIAN_POINT ( 'NONE',  ( 291.5000000000000000, 188.0000000000000000, -19.70000000000000284 ) ) ;
#216 = EDGE_CURVE ( 'NONE', #1334, #1302, #250, .T. ) ;
#217 = ORIENTED_EDGE ( 'NONE', *, *, #1295, .T. ) ;
#218 = DIRECTION ( 'NONE',  ( -0.000000000000000000, 1.000000000000000000, 0.000000000000000000 ) ) ;
#219 = EDGE_CURVE ( 'NONE', #772, #1172, #699, .T. ) ;
#220 = EDGE_LOOP ( 'NONE', ( #337, #1163 ) ) ;
#221 = DIRECTION ( 'NONE',  ( 0.000000000000000000, 0.000000000000000000, -1.000000000000000000 ) ) ;
#222 = VERTEX_POINT ( 'NONE', #1832 ) ;
#223 = CARTESIAN_POINT ( 'NONE',  ( -291.5000000000000000, 188.0000000000000000, -6.000000000000000000 ) ) ;
#224 = DIRECTION ( 'NONE',  ( 0.000000000000000000, 0.000000000000000000, 1.000000000000000000 ) ) ;
#225 = DIRECTION ( 'NONE',  ( -1.000000000000000000, 0.000000000000000000, 0.000000000000000000 ) ) ;
#226 = EDGE_CURVE ( 'NONE', #622, #1000, #696, .T. ) ;
#227 = DIRECTION ( 'NONE',  ( 0.000000000000000000, 0.000000000000000000, 1.000000000000000000 ) ) ;
#228 = ORIENTED_EDGE ( 'NONE', *, *, #1308, .F. ) ;
#229 = PLANE ( 'NONE',  #1531 ) ;
#230 = VERTEX_POINT ( 'NONE', #1396 ) ;
#231 = EDGE_CURVE ( 'NONE', #222, #491, #1112, .T. ) ;
#232 = DIRECTION ( 'NONE',  ( -1.000000000000000000, -0.000000000000000000, 0.000000000000000000 ) ) ;
#233 = LINE ( 'NONE', #1092, #1288 ) ;
#234 = CARTESIAN_POINT ( 'NONE',  ( -291.1999999999999886, 200.0000000000000000, -18.00000000000000355 ) ) ;
#235 = DIRECTION ( 'NONE',  ( 0.000000000000000000, 0.000000000000000000, 1.000000000000000000 ) ) ;
#236 = VERTEX_POINT ( 'NONE', #1404 ) ;
#237 = FACE_OUTER_BOUND ( 'NONE', #615, .T. ) ;
#238 = CARTESIAN_POINT ( 'NONE',  ( 291.5000000000000000, 200.0000000000000000, -19.70000000000000284 ) ) ;
#239 = ADVANCED_FACE ( 'NONE', ( #257 ), #542, .F. ) ;
#240 = CLOSED_SHELL ( 'NONE', ( #1282, #8, #98, #1866, #950, #1229, #1476, #998, #619, #1151, #1148, #1268, #708, #1062 ) ) ;
#241 = CARTESIAN_POINT ( 'NONE',  ( -294.5000000000000000, -188.0000000000000000, -18.00000000000000355 ) ) ;
#242 = COORDINATED_UNIVERSAL_TIME_OFFSET ( 8, 0, .AHEAD. ) ;
#243 = AXIS2_PLACEMENT_3D ( 'NONE', #1717, #1121, #432 ) ;
#244 = LINE ( 'NONE', #529, #209 ) ;
#245 = AXIS2_PLACEMENT_3D ( 'NONE', #730, #9, #1569 ) ;
#246 = ORIENTED_EDGE ( 'NONE', *, *, #1008, .T. ) ;
#247 = CARTESIAN_POINT ( 'NONE',  ( 294.5000000000000000, -200.0000000000000000, -7.700000000000000178 ) ) ;
#248 = CARTESIAN_POINT ( 'NONE',  ( -291.5000000000000000, 188.0000000000000000, -18.00000000000000355 ) ) ;
#249 = EDGE_LOOP ( 'NONE', ( #1849, #842, #1561, #217 ) ) ;
#250 = LINE ( 'NONE', #554, #427 ) ;
#251 = LINE ( 'NONE', #819, #431 ) ;
#252 = CARTESIAN_POINT ( 'NONE',  ( -291.5000000000000000, -200.0000000000000000, -4.299999999999999822 ) ) ;
#253 = EDGE_LOOP ( 'NONE', ( #603, #794, #190, #1159 ) ) ;
#254 = DIRECTION ( 'NONE',  ( 0.000000000000000000, 0.000000000000000000, 1.000000000000000000 ) ) ;
#255 = CARTESIAN_POINT ( 'NONE',  ( -294.5000000000000000, 188.0000000000000000, -6.000000000000000000 ) ) ;
#256 = ORIENTED_EDGE ( 'NONE', *, *, #1770, .T. ) ;
#257 = FACE_OUTER_BOUND ( 'NONE', #1675, .T. ) ;
#258 = FACE_OUTER_BOUND ( 'NONE', #1449, .T. ) ;
#259 = DESIGN_CONTEXT ( 'detailed design', #349, 'design' ) ;
#260 = ORIENTED_EDGE ( 'NONE', *, *, #655, .T. ) ;
#261 = CARTESIAN_POINT ( 'NONE',  ( -291.1999999999999886, 200.0000000000000000, -18.00000000000000355 ) ) ;
#262 = EDGE_CURVE ( 'NONE', #462, #1409, #279, .T. ) ;
#263 = CARTESIAN_POINT ( 'NONE',  ( -294.5000000000000000, 200.0000000000000000, -18.00000000000000355 ) ) ;
#264 = CARTESIAN_POINT ( 'NONE',  ( -294.5000000000000000, -200.0000000000000000, -18.00000000000000355 ) ) ;
#265 = ORIENTED_EDGE ( 'NONE', *, *, #84, .F. ) ;
#266 = CARTESIAN_POINT ( 'NONE',  ( -293.0000000000000000, -209.5000000000000284, -58.00000000000000000 ) ) ;
#267 = DIRECTION ( 'NONE',  ( 1.000000000000000000, 0.000000000000000000, -0.000000000000000000 ) ) ;
#268 = DIRECTION ( 'NONE',  ( -1.000000000000000000, -0.000000000000000000, 0.000000000000000000 ) ) ;
#269 = CC_DESIGN_PERSON_AND_ORGANIZATION_ASSIGNMENT ( #313, #1312, ( #1447 ) ) ;
#270 = AXIS2_PLACEMENT_3D ( 'NONE', #1865, #863, #290 ) ;
#271 = VECTOR ( 'NONE', #1359, 1000.000000000000000 ) ;
#272 = CIRCLE ( 'NONE', #1811, 1.700000000000000178 ) ;
#273 = CIRCLE ( 'NONE', #873, 1.700000000000000178 ) ;
#274 = ORIENTED_EDGE ( 'NONE', *, *, #1760, .T. ) ;
#275 = ADVANCED_FACE ( 'NONE', ( #967, #1539, #377, #200, #1345 ), #1075, .T. ) ;
#276 = CYLINDRICAL_SURFACE ( 'NONE', #243, 1.700000000000000178 ) ;
#277 = CARTESIAN_POINT ( 'NONE',  ( -294.5000000000000000, 200.0000000000000000, -4.299999999999999822 ) ) ;
#278 = ORIENTED_EDGE ( 'NONE', *, *, #1001, .T. ) ;
#279 = LINE ( 'NONE', #1680, #152 ) ;
#280 = DATE_TIME_ROLE ( 'creation_date' ) ;
#281 = CARTESIAN_POINT ( 'NONE',  ( -294.5000000000000000, -178.5000000000000000, -58.00000000000000000 ) ) ;
#282 = ORIENTED_EDGE ( 'NONE', *, *, #539, .T. ) ;
#283 = EDGE_CURVE ( 'NONE', #1135, #446, #1353, .T. ) ;
#284 = DIRECTION ( 'NONE',  ( 1.000000000000000000, 0.000000000000000000, -0.000000000000000000 ) ) ;
#285 = CARTESIAN_POINT ( 'NONE',  ( 291.1999999999999886, 200.0000000000000000, -6.000000000000000000 ) ) ;
#286 = ORIENTED_EDGE ( 'NONE', *, *, #1839, .F. ) ;
#287 = EDGE_CURVE ( 'NONE', #525, #1513, #1622, .T. ) ;
#288 = CARTESIAN_POINT ( 'NONE',  ( -294.5000000000000000, -209.5000000000000284, -58.00000000000000000 ) ) ;
#289 = APPROVAL_DATE_TIME ( #1588, #663 ) ;
#290 = DIRECTION ( 'NONE',  ( 0.000000000000000000, 0.000000000000000000, -1.000000000000000000 ) ) ;
#291 = DIRECTION ( 'NONE',  ( 0.000000000000000000, 0.000000000000000000, 1.000000000000000000 ) ) ;
#292 = DIRECTION ( 'NONE',  ( 1.000000000000000000, 0.000000000000000000, 0.000000000000000000 ) ) ;
#293 = VERTEX_POINT ( 'NONE', #1064 ) ;
#294 = CARTESIAN_POINT ( 'NONE',  ( 291.5000000000000000, -200.0000000000000000, -6.000000000000000000 ) ) ;
#295 = CALENDAR_DATE ( 2026, 29, 8 ) ;
#296 = CARTESIAN_POINT ( 'NONE',  ( -294.5000000000000000, 200.0000000000000000, -18.00000000000000355 ) ) ;
#297 = ADVANCED_FACE ( 'NONE', ( #78 ), #1192, .F. ) ;
#298 = FACE_OUTER_BOUND ( 'NONE', #1460, .T. ) ;
#299 = CIRCLE ( 'NONE', #596, 1.700000000000000178 ) ;
#300 = VECTOR ( 'NONE', #1326, 1000.000000000000000 ) ;
#301 = PRODUCT ( 'LidLatchBodyPack_V11_SouthcoV7_31x72', 'LidLatchBodyPack_V11_SouthcoV7_31x72', '', ( #1833 ) ) ;
#302 = AXIS2_PLACEMENT_3D ( 'NONE', #1093, #406, #1101 ) ;
#303 = AXIS2_PLACEMENT_3D ( 'NONE', #836, #1847, #1405 ) ;
#304 = VERTEX_POINT ( 'NONE', #1217 ) ;
#305 = EDGE_CURVE ( 'NONE', #473, #637, #1024, .T. ) ;
#306 = CARTESIAN_POINT ( 'NONE',  ( -291.5000000000000000, -194.0000000000000000, 14.00000000000000533 ) ) ;
#307 = SECURITY_CLASSIFICATION_LEVEL ( 'unclassified' ) ;
#308 = CARTESIAN_POINT ( 'NONE',  ( -293.0000000000000000, 209.5000000000000284, -58.00000000000000000 ) ) ;
#309 = FACE_BOUND ( 'NONE', #40, .T. ) ;
#310 = ORIENTED_EDGE ( 'NONE', *, *, #1480, .F. ) ;
#311 = ORIENTED_EDGE ( 'NONE', *, *, #670, .T. ) ;
#312 = DIRECTION ( 'NONE',  ( 0.000000000000000000, 0.000000000000000000, -1.000000000000000000 ) ) ;
#313 = PERSON_AND_ORGANIZATION ( #1341, #1627 ) ;
#314 = DIRECTION ( 'NONE',  ( 1.000000000000000000, 0.000000000000000000, 0.000000000000000000 ) ) ;
#315 = ORIENTED_EDGE ( 'NONE', *, *, #226, .F. ) ;
#316 = DIRECTION ( 'NONE',  ( -1.000000000000000000, 0.000000000000000000, 0.000000000000000000 ) ) ;
#317 = EDGE_CURVE ( 'NONE', #1004, #1753, #1593, .T. ) ;
#318 = ORIENTED_EDGE ( 'NONE', *, *, #530, .F. ) ;
#319 = ORIENTED_EDGE ( 'NONE', *, *, #1179, .T. ) ;
#320 = ORIENTED_EDGE ( 'NONE', *, *, #1755, .F. ) ;
#321 = LINE ( 'NONE', #896, #577 ) ;
#322 = DATE_AND_TIME ( #12, #1570 ) ;
#323 = FACE_BOUND ( 'NONE', #1556, .T. ) ;
#324 = EDGE_LOOP ( 'NONE', ( #1325, #260, #1382, #548 ) ) ;
#325 = DIRECTION ( 'NONE',  ( -1.000000000000000000, 0.000000000000000000, 0.000000000000000000 ) ) ;
#326 = DIRECTION ( 'NONE',  ( 0.000000000000000000, 0.000000000000000000, -1.000000000000000000 ) ) ;
#327 = ORIENTED_EDGE ( 'NONE', *, *, #77, .T. ) ;
#328 = VECTOR ( 'NONE', #857, 1000.000000000000000 ) ;
#329 = CIRCLE ( 'NONE', #365, 1.700000000000000178 ) ;
#330 = EDGE_CURVE ( 'NONE', #57, #1628, #1486, .T. ) ;
#331 = AXIS2_PLACEMENT_3D ( 'NONE', #1137, #824, #832 ) ;
#332 = AXIS2_PLACEMENT_3D ( 'NONE', #1301, #751, #1740 ) ;
#333 = ORIENTED_EDGE ( 'NONE', *, *, #1862, .T. ) ;
#334 = VECTOR ( 'NONE', #1311, 1000.000000000000000 ) ;
#335 = DIRECTION ( 'NONE',  ( -1.000000000000000000, -0.000000000000000000, 0.000000000000000000 ) ) ;
#336 = LOCAL_TIME ( 16, 1, 42.00000000000000000, #584 ) ;
#337 = ORIENTED_EDGE ( 'NONE', *, *, #90, .F. ) ;
#338 = CARTESIAN_POINT ( 'NONE',  ( -293.0000000000000000, 194.0000000000000000, -58.00000000000000000 ) ) ;
#339 = VERTEX_POINT ( 'NONE', #1206 ) ;
#340 = CARTESIAN_POINT ( 'NONE',  ( -291.5000000000000000, -200.0000000000000000, -16.30000000000000071 ) ) ;
#341 = ORIENTED_EDGE ( 'NONE', *, *, #262, .F. ) ;
#342 = ADVANCED_FACE ( 'NONE', ( #947 ), #1478, .F. ) ;
#343 = EDGE_LOOP ( 'NONE', ( #621, #46, #1207, #1188 ) ) ;
#344 = DIRECTION ( 'NONE',  ( 0.000000000000000000, 0.000000000000000000, 1.000000000000000000 ) ) ;
#345 = ORIENTED_EDGE ( 'NONE', *, *, #74, .T. ) ;
#346 = ADVANCED_FACE ( 'NONE', ( #506 ), #1642, .T. ) ;
#347 = DIRECTION ( 'NONE',  ( 1.000000000000000000, 0.000000000000000000, -0.000000000000000000 ) ) ;
#348 = LINE ( 'NONE', #746, #1167 ) ;
#349 = APPLICATION_CONTEXT ( 'configuration controlled 3d designs of mechanical parts and assemblies' ) ;
#350 = EDGE_LOOP ( 'NONE', ( #128, #494 ) ) ;
#351 = CARTESIAN_POINT ( 'NONE',  ( -293.0000000000000000, 178.5000000000000000, -58.00000000000000000 ) ) ;
#352 = ORIENTED_EDGE ( 'NONE', *, *, #1012, .F. ) ;
#353 = EDGE_CURVE ( 'NONE', #1663, #613, #632, .T. ) ;
#354 = EDGE_LOOP ( 'NONE', ( #181, #1754, #53, #788 ) ) ;
#355 = DIRECTION ( 'NONE',  ( 1.000000000000000000, 0.000000000000000000, -0.000000000000000000 ) ) ;
#356 = ORIENTED_EDGE ( 'NONE', *, *, #1424, .F. ) ;
#357 = FACE_BOUND ( 'NONE', #1258, .T. ) ;
#358 = EDGE_CURVE ( 'NONE', #916, #1787, #366, .T. ) ;
#359 = CARTESIAN_POINT ( 'NONE',  ( -293.0000000000000000, 194.0000000000000000, 14.00000000000000533 ) ) ;
#360 = ORIENTED_EDGE ( 'NONE', *, *, #317, .T. ) ;
#361 = DIRECTION ( 'NONE',  ( -1.000000000000000000, 0.000000000000000000, 0.000000000000000000 ) ) ;
#362 = ORIENTED_EDGE ( 'NONE', *, *, #903, .T. ) ;
#363 = CARTESIAN_POINT ( 'NONE',  ( -291.5000000000000000, -188.0000000000000000, -19.70000000000000284 ) ) ;
#364 = ORIENTED_EDGE ( 'NONE', *, *, #1536, .F. ) ;
#365 = AXIS2_PLACEMENT_3D ( 'NONE', #1067, #1077, #1652 ) ;
#366 = LINE ( 'NONE', #1774, #575 ) ;
#367 = AXIS2_PLACEMENT_3D ( 'NONE', #33, #325, #1759 ) ;
#368 = VECTOR ( 'NONE', #1678, 1000.000000000000000 ) ;
#369 = ADVANCED_FACE ( 'NONE', ( #1055 ), #1651, .F. ) ;
#370 = DIRECTION ( 'NONE',  ( -1.000000000000000000, -0.000000000000000000, 0.000000000000000000 ) ) ;
#371 = CARTESIAN_POINT ( 'NONE',  ( -291.1999999999999886, -200.0000000000000000, -7.700000000000000178 ) ) ;
#372 = DIRECTION ( 'NONE',  ( -1.000000000000000000, -0.000000000000000000, 0.000000000000000000 ) ) ;
#373 = ORIENTED_EDGE ( 'NONE', *, *, #1078, .T. ) ;
#374 = EDGE_CURVE ( 'NONE', #461, #898, #1532, .T. ) ;
#375 = CARTESIAN_POINT ( 'NONE',  ( 291.5000000000000000, 178.5000000000000000, -58.00000000000000000 ) ) ;
#376 = ORIENTED_EDGE ( 'NONE', *, *, #1567, .T. ) ;
#377 = FACE_BOUND ( 'NONE', #541, .T. ) ;
#378 = CARTESIAN_POINT ( 'NONE',  ( 294.5000000000000000, 188.0000000000000000, -16.30000000000000071 ) ) ;
#379 = FACE_BOUND ( 'NONE', #982, .T. ) ;
#380 = CARTESIAN_POINT ( 'NONE',  ( -294.5000000000000000, -200.0000000000000000, -6.000000000000000000 ) ) ;
#381 = ORIENTED_EDGE ( 'NONE', *, *, #1567, .F. ) ;
#382 = ADVANCED_FACE ( 'NONE', ( #1633 ), #1226, .T. ) ;
#383 = PLANE ( 'NONE',  #1352 ) ;
#384 = FACE_BOUND ( 'NONE', #197, .T. ) ;
#385 = DIRECTION ( 'NONE',  ( 1.000000000000000000, 0.000000000000000000, -0.000000000000000000 ) ) ;
#386 = DIRECTION ( 'NONE',  ( 0.000000000000000000, -1.000000000000000000, -0.000000000000000000 ) ) ;
#387 = ORIENTED_EDGE ( 'NONE', *, *, #440, .F. ) ;
#388 = DIRECTION ( 'NONE',  ( 1.000000000000000000, 0.000000000000000000, 0.000000000000000000 ) ) ;
#389 = CYLINDRICAL_SURFACE ( 'NONE', #1198, 1.700000000000000178 ) ;
#390 = VECTOR ( 'NONE', #1249, 1000.000000000000000 ) ;
#391 = EDGE_LOOP ( 'NONE', ( #993, #373, #777, #922 ) ) ;
#392 = DIRECTION ( 'NONE',  ( 0.000000000000000000, -1.000000000000000000, -0.000000000000000000 ) ) ;
#393 =( NAMED_UNIT ( * ) PLANE_ANGLE_UNIT ( ) SI_UNIT ( $, .RADIAN. ) );
#394 = AXIS2_PLACEMENT_3D ( 'NONE', #39, #314, #221 ) ;
#395 = LINE ( 'NONE', #687, #149 ) ;
#396 = CIRCLE ( 'NONE', #1685, 1.700000000000000178 ) ;
#397 = AXIS2_PLACEMENT_3D ( 'NONE', #380, #782, #951 ) ;
#398 = VECTOR ( 'NONE', #570, 1000.000000000000000 ) ;
#399 = ORIENTED_EDGE ( 'NONE', *, *, #15, .F. ) ;
#400 = LINE ( 'NONE', #1860, #452 ) ;
#401 = ADVANCED_FACE ( 'NONE', ( #56 ), #926, .F. ) ;
#402 = CARTESIAN_POINT ( 'NONE',  ( 291.1999999999999886, 200.0000000000000000, -7.700000000000000178 ) ) ;
#403 = EDGE_LOOP ( 'NONE', ( #470, #1766, #485, #364 ) ) ;
#404 = PLANE ( 'NONE',  #1414 ) ;
#405 = DIRECTION ( 'NONE',  ( 1.000000000000000000, 0.000000000000000000, -0.000000000000000000 ) ) ;
#406 = DIRECTION ( 'NONE',  ( -1.000000000000000000, 0.000000000000000000, 0.000000000000000000 ) ) ;
#407 = EDGE_CURVE ( 'NONE', #37, #525, #1254, .T. ) ;
#408 = VERTEX_POINT ( 'NONE', #807 ) ;
#409 = LINE ( 'NONE', #103, #843 ) ;
#410 = DIRECTION ( 'NONE',  ( 1.000000000000000000, 0.000000000000000000, 0.000000000000000000 ) ) ;
#411 = DIRECTION ( 'NONE',  ( -1.000000000000000000, 0.000000000000000000, 0.000000000000000000 ) ) ;
#412 = CC_DESIGN_PERSON_AND_ORGANIZATION_ASSIGNMENT ( #1456, #1292, ( #1053 ) ) ;
#413 = EDGE_LOOP ( 'NONE', ( #974, #1231, #188, #162 ) ) ;
#414 = CARTESIAN_POINT ( 'NONE',  ( 291.1999999999999886, 200.0000000000000000, -18.00000000000000355 ) ) ;
#415 = ADVANCED_FACE ( 'NONE', ( #1707 ), #389, .F. ) ;
#416 = LINE ( 'NONE', #522, #1563 ) ;
#417 = ORIENTED_EDGE ( 'NONE', *, *, #148, .T. ) ;
#418 = DIRECTION ( 'NONE',  ( 0.000000000000000000, 0.000000000000000000, -1.000000000000000000 ) ) ;
#419 = DIRECTION ( 'NONE',  ( 0.000000000000000000, 0.000000000000000000, 1.000000000000000000 ) ) ;
#420 = CARTESIAN_POINT ( 'NONE',  ( -291.1999999999999886, -188.0000000000000000, -18.00000000000000355 ) ) ;
#421 = EDGE_LOOP ( 'NONE', ( #1790, #966, #1867, #805 ) ) ;
#422 = CARTESIAN_POINT ( 'NONE',  ( 291.1999999999999886, 188.0000000000000000, -19.70000000000000284 ) ) ;
#423 = PERSON_AND_ORGANIZATION_ROLE ( 'creator' ) ;
#424 = CARTESIAN_POINT ( 'NONE',  ( -293.0000000000000000, -178.5000000000000000, 14.00000000000000533 ) ) ;
#425 = VECTOR ( 'NONE', #1510, 1000.000000000000000 ) ;
#426 = EDGE_CURVE ( 'NONE', #1080, #1723, #936, .T. ) ;
#427 = VECTOR ( 'NONE', #685, 1000.000000000000000 ) ;
#428 = ORIENTED_EDGE ( 'NONE', *, *, #353, .T. ) ;
#429 = AXIS2_PLACEMENT_3D ( 'NONE', #338, #1781, #1645 ) ;
#430 = PLANE ( 'NONE',  #1621 ) ;
#431 = VECTOR ( 'NONE', #1100, 1000.000000000000000 ) ;
#432 = DIRECTION ( 'NONE',  ( 0.000000000000000000, 0.000000000000000000, -1.000000000000000000 ) ) ;
#433 = EDGE_CURVE ( 'NONE', #222, #1482, #105, .T. ) ;
#434 = FACE_OUTER_BOUND ( 'NONE', #167, .T. ) ;
#435 = ORIENTED_EDGE ( 'NONE', *, *, #199, .T. ) ;
#436 = DIRECTION ( 'NONE',  ( 0.000000000000000000, 0.000000000000000000, 1.000000000000000000 ) ) ;
#437 = DIRECTION ( 'NONE',  ( -1.000000000000000000, -0.000000000000000000, 0.000000000000000000 ) ) ;
#438 = ORIENTED_EDGE ( 'NONE', *, *, #1408, .T. ) ;
#439 = FACE_BOUND ( 'NONE', #1763, .T. ) ;
#440 = EDGE_CURVE ( 'NONE', #1063, #1059, #113, .T. ) ;
#441 = PLANE ( 'NONE',  #178 ) ;
#442 = VERTEX_POINT ( 'NONE', #1545 ) ;
#443 = CARTESIAN_POINT ( 'NONE',  ( 294.5000000000000000, -188.0000000000000000, -4.299999999999999822 ) ) ;
#444 = DIRECTION ( 'NONE',  ( -1.000000000000000000, -0.000000000000000000, 0.000000000000000000 ) ) ;
#445 = DIRECTION ( 'NONE',  ( 0.000000000000000000, -0.000000000000000000, 1.000000000000000000 ) ) ;
#446 = VERTEX_POINT ( 'NONE', #238 ) ;
#447 = DIRECTION ( 'NONE',  ( 0.000000000000000000, 0.000000000000000000, 1.000000000000000000 ) ) ;
#448 = LINE ( 'NONE', #1574, #871 ) ;
#449 = CIRCLE ( 'NONE', #1653, 1.700000000000000178 ) ;
#450 = CLOSED_SHELL ( 'NONE', ( #578, #160, #592, #735, #382, #1807, #830, #1374, #1822, #688, #1736, #342, #297, #369 ) ) ;
#451 = LINE ( 'NONE', #610, #1808 ) ;
#452 = VECTOR ( 'NONE', #1251, 1000.000000000000000 ) ;
#453 = AXIS2_PLACEMENT_3D ( 'NONE', #1495, #789, #68 ) ;
#454 = VECTOR ( 'NONE', #361, 1000.000000000000000 ) ;
#455 = CC_DESIGN_APPROVAL ( #14, ( #1053 ) ) ;
#456 = ORIENTED_EDGE ( 'NONE', *, *, #1591, .F. ) ;
#457 = CARTESIAN_POINT ( 'NONE',  ( 291.5000000000000000, 188.0000000000000000, -18.00000000000000355 ) ) ;
#458 = CARTESIAN_POINT ( 'NONE',  ( 293.0000000000000000, -209.5000000000000284, 14.00000000000000533 ) ) ;
#459 = EDGE_CURVE ( 'NONE', #754, #1764, #1098, .T. ) ;
#460 = CYLINDRICAL_SURFACE ( 'NONE', #1317, 1.700000000000000178 ) ;
#461 = VERTEX_POINT ( 'NONE', #964 ) ;
#462 = VERTEX_POINT ( 'NONE', #540 ) ;
#463 = ORIENTED_EDGE ( 'NONE', *, *, #1770, .F. ) ;
#464 = DIRECTION ( 'NONE',  ( 1.000000000000000000, 0.000000000000000000, 0.000000000000000000 ) ) ;
#465 = CARTESIAN_POINT ( 'NONE',  ( 291.1999999999999886, -200.0000000000000000, -16.30000000000000071 ) ) ;
#466 = ORIENTED_EDGE ( 'NONE', *, *, #1395, .T. ) ;
#467 = DIRECTION ( 'NONE',  ( 0.000000000000000000, 0.000000000000000000, 1.000000000000000000 ) ) ;
#468 = EDGE_CURVE ( 'NONE', #1730, #1333, #981, .T. ) ;
#469 = DIRECTION ( 'NONE',  ( 0.000000000000000000, 0.000000000000000000, -1.000000000000000000 ) ) ;
#470 = ORIENTED_EDGE ( 'NONE', *, *, #1323, .F. ) ;
#471 = ORIENTED_EDGE ( 'NONE', *, *, #1001, .F. ) ;
#472 = DIRECTION ( 'NONE',  ( 0.000000000000000000, 0.000000000000000000, -1.000000000000000000 ) ) ;
#473 = VERTEX_POINT ( 'NONE', #1698 ) ;
#474 = CARTESIAN_POINT ( 'NONE',  ( -291.5000000000000000, -188.0000000000000000, -6.000000000000000000 ) ) ;
#475 = EDGE_CURVE ( 'NONE', #1333, #1463, #815, .T. ) ;
#476 = ORIENTED_EDGE ( 'NONE', *, *, #616, .F. ) ;
#477 = DIRECTION ( 'NONE',  ( 0.000000000000000000, 0.000000000000000000, -1.000000000000000000 ) ) ;
#478 = VERTEX_POINT ( 'NONE', #1415 ) ;
#479 = VECTOR ( 'NONE', #225, 1000.000000000000000 ) ;
#480 = AXIS2_PLACEMENT_3D ( 'NONE', #647, #211, #779 ) ;
#481 = VECTOR ( 'NONE', #83, 1000.000000000000000 ) ;
#482 = VECTOR ( 'NONE', #972, 1000.000000000000000 ) ;
#483 = EDGE_CURVE ( 'NONE', #1427, #1034, #848, .T. ) ;
#484 = CIRCLE ( 'NONE', #1025, 1.700000000000000178 ) ;
#485 = ORIENTED_EDGE ( 'NONE', *, *, #550, .F. ) ;
#486 = AXIS2_PLACEMENT_3D ( 'NONE', #285, #292, #1729 ) ;
#487 = DIRECTION ( 'NONE',  ( -1.000000000000000000, -0.000000000000000000, 0.000000000000000000 ) ) ;
#488 = VERTEX_POINT ( 'NONE', #841 ) ;
#489 = DIRECTION ( 'NONE',  ( -0.000000000000000000, 1.000000000000000000, 0.000000000000000000 ) ) ;
#490 = DIRECTION ( 'NONE',  ( 1.000000000000000000, 0.000000000000000000, -0.000000000000000000 ) ) ;
#491 = VERTEX_POINT ( 'NONE', #990 ) ;
#492 = DIRECTION ( 'NONE',  ( 0.000000000000000000, 0.000000000000000000, 1.000000000000000000 ) ) ;
#493 = EDGE_LOOP ( 'NONE', ( #1505, #1650, #1339, #1337 ) ) ;
#494 = ORIENTED_EDGE ( 'NONE', *, *, #62, .F. ) ;
#495 = DIRECTION ( 'NONE',  ( -0.000000000000000000, 0.000000000000000000, -1.000000000000000000 ) ) ;
#496 = ORIENTED_EDGE ( 'NONE', *, *, #910, .F. ) ;
#497 = FACE_BOUND ( 'NONE', #1128, .T. ) ;
#498 = FACE_OUTER_BOUND ( 'NONE', #1470, .T. ) ;
#499 = ORIENTED_EDGE ( 'NONE', *, *, #1216, .T. ) ;
#500 = CARTESIAN_POINT ( 'NONE',  ( 291.5000000000000000, -188.0000000000000000, -6.000000000000000000 ) ) ;
#501 = ORIENTED_EDGE ( 'NONE', *, *, #1096, .T. ) ;
#502 = ORIENTED_EDGE ( 'NONE', *, *, #358, .F. ) ;
#503 = DIRECTION ( 'NONE',  ( -1.000000000000000000, -0.000000000000000000, 0.000000000000000000 ) ) ;
#504 = EDGE_CURVE ( 'NONE', #1513, #1356, #396, .T. ) ;
#505 = EDGE_LOOP ( 'NONE', ( #1500, #1617, #360, #1454 ) ) ;
#506 = FACE_OUTER_BOUND ( 'NONE', #627, .T. ) ;
#507 = DIRECTION ( 'NONE',  ( 0.000000000000000000, 0.000000000000000000, 1.000000000000000000 ) ) ;
#508 = PLANE ( 'NONE',  #877 ) ;
#509 = ORIENTED_EDGE ( 'NONE', *, *, #1690, .F. ) ;
#510 = DIRECTION ( 'NONE',  ( -1.000000000000000000, 0.000000000000000000, 0.000000000000000000 ) ) ;
#511 = EDGE_LOOP ( 'NONE', ( #1366, #1028, #1705, #1052 ) ) ;
#512 = CARTESIAN_POINT ( 'NONE',  ( -291.5000000000000000, -178.5000000000000000, -58.00000000000000000 ) ) ;
#513 = AXIS2_PLACEMENT_3D ( 'NONE', #234, #1834, #1236 ) ;
#514 = AXIS2_PLACEMENT_3D ( 'NONE', #528, #948, #808 ) ;
#515 = ORIENTED_EDGE ( 'NONE', *, *, #1575, .T. ) ;
#516 = DIRECTION ( 'NONE',  ( 1.000000000000000000, 0.000000000000000000, 0.000000000000000000 ) ) ;
#517 = AXIS2_PLACEMENT_3D ( 'NONE', #1230, #72, #943 ) ;
#518 = VECTOR ( 'NONE', #666, 1000.000000000000000 ) ;
#519 = DIRECTION ( 'NONE',  ( 0.000000000000000000, 0.000000000000000000, 1.000000000000000000 ) ) ;
#520 = CIRCLE ( 'NONE', #123, 1.700000000000000178 ) ;
#521 = AXIS2_PLACEMENT_3D ( 'NONE', #1756, #163, #4 ) ;
#522 = CARTESIAN_POINT ( 'NONE',  ( 293.0000000000000000, 178.5000000000000000, 14.00000000000000533 ) ) ;
#523 = ADVANCED_FACE ( 'NONE', ( #706 ), #1537, .F. ) ;
#524 = DIRECTION ( 'NONE',  ( 1.000000000000000000, 0.000000000000000000, -0.000000000000000000 ) ) ;
#525 = VERTEX_POINT ( 'NONE', #1671 ) ;
#526 = CYLINDRICAL_SURFACE ( 'NONE', #394, 1.700000000000000178 ) ;
#527 = FACE_BOUND ( 'NONE', #861, .T. ) ;
#528 = CARTESIAN_POINT ( 'NONE',  ( -291.5000000000000000, 200.0000000000000000, -18.00000000000000355 ) ) ;
#529 = CARTESIAN_POINT ( 'NONE',  ( 291.5000000000000000, 209.5000000000000284, -58.00000000000000000 ) ) ;
#530 = EDGE_CURVE ( 'NONE', #1361, #145, #273, .T. ) ;
#531 = ORIENTED_EDGE ( 'NONE', *, *, #1690, .T. ) ;
#532 = DIRECTION ( 'NONE',  ( -1.000000000000000000, 0.000000000000000000, 0.000000000000000000 ) ) ;
#533 = DIRECTION ( 'NONE',  ( 0.000000000000000000, 0.000000000000000000, 1.000000000000000000 ) ) ;
#534 = DIRECTION ( 'NONE',  ( -1.000000000000000000, -0.000000000000000000, 0.000000000000000000 ) ) ;
#535 = DIRECTION ( 'NONE',  ( -1.000000000000000000, 0.000000000000000000, 0.000000000000000000 ) ) ;
#536 = EDGE_CURVE ( 'NONE', #1487, #1727, #749, .T. ) ;
#537 = FACE_BOUND ( 'NONE', #19, .T. ) ;
#538 = PLANE ( 'NONE',  #1440 ) ;
#539 = EDGE_CURVE ( 'NONE', #1669, #488, #994, .T. ) ;
#540 = CARTESIAN_POINT ( 'NONE',  ( -294.5000000000000000, 209.5000000000000284, -58.00000000000000000 ) ) ;
#541 = EDGE_LOOP ( 'NONE', ( #1119, #1222 ) ) ;
#542 = CYLINDRICAL_SURFACE ( 'NONE', #1143, 1.700000000000000178 ) ;
#543 = PERSON_AND_ORGANIZATION ( #1341, #1627 ) ;
#544 = VECTOR ( 'NONE', #388, 1000.000000000000000 ) ;
#545 = CARTESIAN_POINT ( 'NONE',  ( 294.5000000000000000, 188.0000000000000000, -6.000000000000000000 ) ) ;
#546 = AXIS2_PLACEMENT_3D ( 'NONE', #1517, #355, #495 ) ;
#547 = ORIENTED_EDGE ( 'NONE', *, *, #330, .T. ) ;
#548 = ORIENTED_EDGE ( 'NONE', *, *, #530, .T. ) ;
#549 = FACE_OUTER_BOUND ( 'NONE', #1484, .T. ) ;
#550 = EDGE_CURVE ( 'NONE', #442, #106, #85, .T. ) ;
#551 = DIRECTION ( 'NONE',  ( -1.000000000000000000, -0.000000000000000000, 0.000000000000000000 ) ) ;
#552 = ADVANCED_FACE ( 'NONE', ( #1234, #1816, #527, #384, #956 ), #441, .T. ) ;
#553 = ORIENTED_EDGE ( 'NONE', *, *, #1605, .T. ) ;
#554 = CARTESIAN_POINT ( 'NONE',  ( 291.5000000000000000, -178.5000000000000000, -58.00000000000000000 ) ) ;
#555 = APPLICATION_PROTOCOL_DEFINITION ( 'international standard', 'config_control_design', 1994, #18 ) ;
#556 = DIRECTION ( 'NONE',  ( 0.000000000000000000, 0.000000000000000000, 1.000000000000000000 ) ) ;
#557 = ORIENTED_EDGE ( 'NONE', *, *, #1355, .T. ) ;
#558 = ORIENTED_EDGE ( 'NONE', *, *, #205, .F. ) ;
#559 = FACE_OUTER_BOUND ( 'NONE', #718, .T. ) ;
#560 = DIRECTION ( 'NONE',  ( 1.000000000000000000, 0.000000000000000000, -0.000000000000000000 ) ) ;
#561 = ADVANCED_FACE ( 'NONE', ( #865 ), #1010, .F. ) ;
#562 = EDGE_LOOP ( 'NONE', ( #1477, #1648, #1182, #201 ) ) ;
#563 = CARTESIAN_POINT ( 'NONE',  ( -294.5000000000000000, -188.0000000000000000, -18.00000000000000355 ) ) ;
#564 = DATE_AND_TIME ( #1855, #1026 ) ;
#565 = FACE_OUTER_BOUND ( 'NONE', #1522, .T. ) ;
#566 = EDGE_CURVE ( 'NONE', #879, #754, #1446, .T. ) ;
#567 = ORIENTED_EDGE ( 'NONE', *, *, #1022, .T. ) ;
#568 = FACE_BOUND ( 'NONE', #919, .T. ) ;
#569 = CYLINDRICAL_SURFACE ( 'NONE', #1082, 1.700000000000000178 ) ;
#570 = DIRECTION ( 'NONE',  ( -1.000000000000000000, 0.000000000000000000, 0.000000000000000000 ) ) ;
#571 = VERTEX_POINT ( 'NONE', #1585 ) ;
#572 = DIRECTION ( 'NONE',  ( -1.000000000000000000, -0.000000000000000000, 0.000000000000000000 ) ) ;
#573 = CC_DESIGN_PERSON_AND_ORGANIZATION_ASSIGNMENT ( #543, #1558, ( #301 ) ) ;
#574 = FACE_OUTER_BOUND ( 'NONE', #249, .T. ) ;
#575 = VECTOR ( 'NONE', #487, 1000.000000000000000 ) ;
#576 = AXIS2_PLACEMENT_3D ( 'NONE', #1157, #1009, #16 ) ;
#577 = VECTOR ( 'NONE', #20, 1000.000000000000000 ) ;
#578 = ADVANCED_FACE ( 'NONE', ( #155 ), #1152, .F. ) ;
#579 = AXIS2_PLACEMENT_3D ( 'NONE', #913, #1180, #1040 ) ;
#580 = DIRECTION ( 'NONE',  ( 1.000000000000000000, 0.000000000000000000, -0.000000000000000000 ) ) ;
#581 = DIRECTION ( 'NONE',  ( 0.000000000000000000, 0.000000000000000000, 1.000000000000000000 ) ) ;
#582 = ORIENTED_EDGE ( 'NONE', *, *, #1211, .F. ) ;
#583 = CYLINDRICAL_SURFACE ( 'NONE', #92, 1.700000000000000178 ) ;
#584 = COORDINATED_UNIVERSAL_TIME_OFFSET ( 8, 0, .AHEAD. ) ;
#585 = DIRECTION ( 'NONE',  ( 0.000000000000000000, -0.000000000000000000, 1.000000000000000000 ) ) ;
#586 = DIRECTION ( 'NONE',  ( 1.000000000000000000, 0.000000000000000000, 0.000000000000000000 ) ) ;
#587 = ORIENTED_EDGE ( 'NONE', *, *, #566, .F. ) ;
#588 = DIRECTION ( 'NONE',  ( 1.000000000000000000, 0.000000000000000000, -0.000000000000000000 ) ) ;
#589 = CARTESIAN_POINT ( 'NONE',  ( 293.0000000000000000, -178.5000000000000000, -58.00000000000000000 ) ) ;
#590 = CARTESIAN_POINT ( 'NONE',  ( 291.5000000000000000, -200.0000000000000000, -18.00000000000000355 ) ) ;
#591 = VERTEX_POINT ( 'NONE', #1138 ) ;
#592 = ADVANCED_FACE ( 'NONE', ( #434 ), #860, .F. ) ;
#593 = CARTESIAN_POINT ( 'NONE',  ( 294.5000000000000000, 188.0000000000000000, -4.299999999999999822 ) ) ;
#594 = DIRECTION ( 'NONE',  ( 1.000000000000000000, 0.000000000000000000, 0.000000000000000000 ) ) ;
#595 = AXIS2_PLACEMENT_3D ( 'NONE', #997, #723, #1589 ) ;
#596 = AXIS2_PLACEMENT_3D ( 'NONE', #1177, #1507, #760 ) ;
#597 = AXIS2_PLACEMENT_3D ( 'NONE', #1806, #370, #1387 ) ;
#598 = CARTESIAN_POINT ( 'NONE',  ( 294.5000000000000000, 200.0000000000000000, -7.700000000000000178 ) ) ;
#599 = CIRCLE ( 'NONE', #154, 1.700000000000000178 ) ;
#600 = VECTOR ( 'NONE', #675, 1000.000000000000000 ) ;
#601 = EDGE_LOOP ( 'NONE', ( #320, #1048, #1346, #1708 ) ) ;
#602 = EDGE_LOOP ( 'NONE', ( #3, #775 ) ) ;
#603 = ORIENTED_EDGE ( 'NONE', *, *, #988, .F. ) ;
#604 = FACE_BOUND ( 'NONE', #757, .T. ) ;
#605 = CALENDAR_DATE ( 2026, 29, 8 ) ;
#606 = DIRECTION ( 'NONE',  ( 1.000000000000000000, 0.000000000000000000, -0.000000000000000000 ) ) ;
#607 = EDGE_CURVE ( 'NONE', #230, #304, #1433, .T. ) ;
#608 = ORIENTED_EDGE ( 'NONE', *, *, #1308, .T. ) ;
#609 = CARTESIAN_POINT ( 'NONE',  ( 291.5000000000000000, -188.0000000000000000, -7.700000000000000178 ) ) ;
#610 = CARTESIAN_POINT ( 'NONE',  ( -294.5000000000000000, 209.5000000000000284, -58.00000000000000000 ) ) ;
#611 = ORIENTED_EDGE ( 'NONE', *, *, #676, .F. ) ;
#612 = EDGE_LOOP ( 'NONE', ( #1142, #1441, #333, #558 ) ) ;
#613 = VERTEX_POINT ( 'NONE', #277 ) ;
#614 = DIRECTION ( 'NONE',  ( 1.000000000000000000, 0.000000000000000000, 0.000000000000000000 ) ) ;
#615 = EDGE_LOOP ( 'NONE', ( #1184, #315, #889, #1186 ) ) ;
#616 = EDGE_CURVE ( 'NONE', #1787, #198, #1861, .T. ) ;
#617 = DIRECTION ( 'NONE',  ( -1.000000000000000000, 0.000000000000000000, 0.000000000000000000 ) ) ;
#618 = ORIENTED_EDGE ( 'NONE', *, *, #148, .F. ) ;
#619 = ADVANCED_FACE ( 'NONE', ( #714 ), #1003, .T. ) ;
#620 = DIRECTION ( 'NONE',  ( -1.000000000000000000, 0.000000000000000000, 0.000000000000000000 ) ) ;
#621 = ORIENTED_EDGE ( 'NONE', *, *, #1400, .T. ) ;
#622 = VERTEX_POINT ( 'NONE', #288 ) ;
#623 = DIRECTION ( 'NONE',  ( 0.000000000000000000, 0.000000000000000000, 1.000000000000000000 ) ) ;
#624 = ORIENTED_EDGE ( 'NONE', *, *, #231, .F. ) ;
#625 = EDGE_CURVE ( 'NONE', #1074, #571, #1201, .T. ) ;
#626 = LINE ( 'NONE', #1654, #1747 ) ;
#627 = EDGE_LOOP ( 'NONE', ( #10, #1704, #387, #501 ) ) ;
#628 = CARTESIAN_POINT ( 'NONE',  ( 294.5000000000000000, -200.0000000000000000, -18.00000000000000355 ) ) ;
#629 = EDGE_LOOP ( 'NONE', ( #496, #1315 ) ) ;
#630 = AXIS2_PLACEMENT_3D ( 'NONE', #738, #1304, #1015 ) ;
#631 = VECTOR ( 'NONE', #971, 1000.000000000000000 ) ;
#632 = CIRCLE ( 'NONE', #1810, 1.700000000000000178 ) ;
#633 = VECTOR ( 'NONE', #235, 1000.000000000000000 ) ;
#634 = VERTEX_POINT ( 'NONE', #443 ) ;
#635 = DIRECTION ( 'NONE',  ( -1.000000000000000000, -0.000000000000000000, 0.000000000000000000 ) ) ;
#636 = APPROVAL_PERSON_ORGANIZATION ( #1006, #14, #1155 ) ;
#637 = VERTEX_POINT ( 'NONE', #1037 ) ;
#638 = DIRECTION ( 'NONE',  ( -1.000000000000000000, -0.000000000000000000, 0.000000000000000000 ) ) ;
#639 = FACE_OUTER_BOUND ( 'NONE', #1562, .T. ) ;
#640 = ORIENTED_EDGE ( 'NONE', *, *, #1412, .T. ) ;
#641 = EDGE_CURVE ( 'NONE', #1409, #236, #1746, .T. ) ;
#642 = DIRECTION ( 'NONE',  ( 0.000000000000000000, 0.000000000000000000, -1.000000000000000000 ) ) ;
#643 = ORIENTED_EDGE ( 'NONE', *, *, #483, .T. ) ;
#644 = CARTESIAN_POINT ( 'NONE',  ( 293.0000000000000000, 209.5000000000000284, 14.00000000000000533 ) ) ;
#645 = ORIENTED_EDGE ( 'NONE', *, *, #536, .F. ) ;
#646 = CARTESIAN_POINT ( 'NONE',  ( 291.1999999999999886, 200.0000000000000000, -6.000000000000000000 ) ) ;
#647 = CARTESIAN_POINT ( 'NONE',  ( 294.5000000000000000, 200.0000000000000000, -6.000000000000000000 ) ) ;
#648 = CARTESIAN_POINT ( 'NONE',  ( 291.1999999999999886, 188.0000000000000000, -18.00000000000000355 ) ) ;
#649 = ORIENTED_EDGE ( 'NONE', *, *, #287, .T. ) ;
#650 = CARTESIAN_POINT ( 'NONE',  ( -291.1999999999999886, 188.0000000000000000, -19.70000000000000284 ) ) ;
#651 = ORIENTED_EDGE ( 'NONE', *, *, #1605, .F. ) ;
#652 = CARTESIAN_POINT ( 'NONE',  ( 293.0000000000000000, 209.5000000000000284, -58.00000000000000000 ) ) ;
#653 = ORIENTED_EDGE ( 'NONE', *, *, #374, .F. ) ;
#654 = DIRECTION ( 'NONE',  ( -0.000000000000000000, 1.000000000000000000, 0.000000000000000000 ) ) ;
#655 = EDGE_CURVE ( 'NONE', #488, #1669, #1417, .T. ) ;
#656 = CARTESIAN_POINT ( 'NONE',  ( -291.5000000000000000, 188.0000000000000000, -6.000000000000000000 ) ) ;
#657 = DIRECTION ( 'NONE',  ( -1.000000000000000000, 0.000000000000000000, 0.000000000000000000 ) ) ;
#658 = CARTESIAN_POINT ( 'NONE',  ( -294.5000000000000000, 194.0000000000000000, 14.00000000000000533 ) ) ;
#659 = ORIENTED_EDGE ( 'NONE', *, *, #550, .T. ) ;
#660 = DIRECTION ( 'NONE',  ( -0.000000000000000000, 0.000000000000000000, -1.000000000000000000 ) ) ;
#661 = AXIS2_PLACEMENT_3D ( 'NONE', #809, #657, #1682 ) ;
#662 = CIRCLE ( 'NONE', #1716, 1.700000000000000178 ) ;
#663 = APPROVAL ( #1429, '未' ) ;
#664 = CIRCLE ( 'NONE', #1049, 1.700000000000000178 ) ;
#665 = VECTOR ( 'NONE', #768, 1000.000000000000000 ) ;
#666 = DIRECTION ( 'NONE',  ( 1.000000000000000000, 0.000000000000000000, -0.000000000000000000 ) ) ;
#667 = CIRCLE ( 'NONE', #332, 1.700000000000000178 ) ;
#668 = AXIS2_PLACEMENT_3D ( 'NONE', #1164, #464, #1144 ) ;
#669 = DIRECTION ( 'NONE',  ( 0.000000000000000000, 0.000000000000000000, -1.000000000000000000 ) ) ;
#670 = EDGE_CURVE ( 'NONE', #57, #31, #1435, .T. ) ;
#671 = CARTESIAN_POINT ( 'NONE',  ( -291.1999999999999886, -200.0000000000000000, -19.70000000000000284 ) ) ;
#672 = CARTESIAN_POINT ( 'NONE',  ( -291.5000000000000000, 209.5000000000000284, -58.00000000000000000 ) ) ;
#673 = VERTEX_POINT ( 'NONE', #1154 ) ;
#674 = FACE_BOUND ( 'NONE', #1845, .T. ) ;
#675 = DIRECTION ( 'NONE',  ( 0.000000000000000000, 0.000000000000000000, 1.000000000000000000 ) ) ;
#676 = EDGE_CURVE ( 'NONE', #1088, #1371, #1660, .T. ) ;
#677 = CARTESIAN_POINT ( 'NONE',  ( -291.5000000000000000, 209.5000000000000284, 14.00000000000000533 ) ) ;
#678 = DIRECTION ( 'NONE',  ( -1.000000000000000000, 0.000000000000000000, 0.000000000000000000 ) ) ;
#679 = CARTESIAN_POINT ( 'NONE',  ( 294.5000000000000000, -200.0000000000000000, -16.30000000000000071 ) ) ;
#680 = DIRECTION ( 'NONE',  ( 1.000000000000000000, 0.000000000000000000, 0.000000000000000000 ) ) ;
#681 = EDGE_CURVE ( 'NONE', #1686, #122, #1089, .T. ) ;
#682 = CARTESIAN_POINT ( 'NONE',  ( 294.5000000000000000, -188.0000000000000000, -6.000000000000000000 ) ) ;
#683 = CARTESIAN_POINT ( 'NONE',  ( 294.5000000000000000, -178.5000000000000000, -58.00000000000000000 ) ) ;
#684 = ORIENTED_EDGE ( 'NONE', *, *, #1618, .T. ) ;
#685 = DIRECTION ( 'NONE',  ( 0.000000000000000000, 0.000000000000000000, 1.000000000000000000 ) ) ;
#686 = FACE_OUTER_BOUND ( 'NONE', #999, .T. ) ;
#687 = CARTESIAN_POINT ( 'NONE',  ( -291.5000000000000000, -209.5000000000000284, -58.00000000000000000 ) ) ;
#688 = ADVANCED_FACE ( 'NONE', ( #1443, #604, #183, #1582, #1603 ), #1291, .T. ) ;
#689 = VERTEX_POINT ( 'NONE', #1299 ) ;
#690 = EDGE_CURVE ( 'NONE', #1753, #1004, #876, .T. ) ;
#691 = CARTESIAN_POINT ( 'NONE',  ( 293.0000000000000000, -209.5000000000000284, -58.00000000000000000 ) ) ;
#692 = CARTESIAN_POINT ( 'NONE',  ( 291.1999999999999886, 188.0000000000000000, -7.700000000000000178 ) ) ;
#693 = VECTOR ( 'NONE', #1612, 1000.000000000000000 ) ;
#694 = ORIENTED_EDGE ( 'NONE', *, *, #1591, .T. ) ;
#695 = AXIS2_PLACEMENT_3D ( 'NONE', #703, #680, #418 ) ;
#696 = LINE ( 'NONE', #266, #1719 ) ;
#697 = VECTOR ( 'NONE', #773, 1000.000000000000000 ) ;
#698 = FACE_OUTER_BOUND ( 'NONE', #421, .T. ) ;
#699 = CIRCLE ( 'NONE', #1471, 1.700000000000000178 ) ;
#700 = VECTOR ( 'NONE', #1490, 1000.000000000000000 ) ;
#701 = CC_DESIGN_APPROVAL ( #212, ( #1407 ) ) ;
#702 = ORIENTED_EDGE ( 'NONE', *, *, #433, .T. ) ;
#703 = CARTESIAN_POINT ( 'NONE',  ( 291.1999999999999886, -188.0000000000000000, -18.00000000000000355 ) ) ;
#704 = EDGE_CURVE ( 'NONE', #1801, #1730, #169, .T. ) ;
#705 = CARTESIAN_POINT ( 'NONE',  ( -293.0000000000000000, 178.5000000000000000, 14.00000000000000533 ) ) ;
#706 = FACE_OUTER_BOUND ( 'NONE', #758, .T. ) ;
#707 = EDGE_LOOP ( 'NONE', ( #917, #310 ) ) ;
#708 = ADVANCED_FACE ( 'NONE', ( #737 ), #583, .F. ) ;
#709 = CARTESIAN_POINT ( 'NONE',  ( 291.5000000000000000, 200.0000000000000000, -6.000000000000000000 ) ) ;
#710 = LINE ( 'NONE', #1583, #1377 ) ;
#711 = ORIENTED_EDGE ( 'NONE', *, *, #74, .F. ) ;
#712 = ORIENTED_EDGE ( 'NONE', *, *, #1560, .F. ) ;
#713 = DIRECTION ( 'NONE',  ( 0.000000000000000000, 0.000000000000000000, -1.000000000000000000 ) ) ;
#714 = FACE_OUTER_BOUND ( 'NONE', #1607, .T. ) ;
#715 = VERTEX_POINT ( 'NONE', #1864 ) ;
#716 = CARTESIAN_POINT ( 'NONE',  ( -291.5000000000000000, -178.5000000000000000, 14.00000000000000533 ) ) ;
#717 = EDGE_CURVE ( 'NONE', #1059, #916, #1610, .T. ) ;
#718 = EDGE_LOOP ( 'NONE', ( #82, #1803, #515, #924 ) ) ;
#719 = DIRECTION ( 'NONE',  ( 0.000000000000000000, 0.000000000000000000, 1.000000000000000000 ) ) ;
#720 = CARTESIAN_POINT ( 'NONE',  ( -291.1999999999999886, 188.0000000000000000, -6.000000000000000000 ) ) ;
#721 = ORIENTED_EDGE ( 'NONE', *, *, #1255, .F. ) ;
#722 = DIRECTION ( 'NONE',  ( 0.000000000000000000, 0.000000000000000000, 1.000000000000000000 ) ) ;
#723 = DIRECTION ( 'NONE',  ( -1.000000000000000000, -0.000000000000000000, 0.000000000000000000 ) ) ;
#724 = VECTOR ( 'NONE', #1701, 1000.000000000000000 ) ;
#725 = VECTOR ( 'NONE', #1844, 1000.000000000000000 ) ;
#726 = VECTOR ( 'NONE', #218, 1000.000000000000000 ) ;
#727 = VECTOR ( 'NONE', #157, 1000.000000000000000 ) ;
#728 = VECTOR ( 'NONE', #1511, 1000.000000000000000 ) ;
#729 = CARTESIAN_POINT ( 'NONE',  ( 294.5000000000000000, -178.5000000000000000, 14.00000000000000533 ) ) ;
#730 = CARTESIAN_POINT ( 'NONE',  ( 291.1999999999999886, 188.0000000000000000, -6.000000000000000000 ) ) ;
#731 = ORIENTED_EDGE ( 'NONE', *, *, #102, .F. ) ;
#732 = DIRECTION ( 'NONE',  ( 1.000000000000000000, 0.000000000000000000, -0.000000000000000000 ) ) ;
#733 = CARTESIAN_POINT ( 'NONE',  ( -291.1999999999999886, -200.0000000000000000, -16.30000000000000071 ) ) ;
#734 = DIRECTION ( 'NONE',  ( 0.000000000000000000, 0.000000000000000000, -1.000000000000000000 ) ) ;
#735 = ADVANCED_FACE ( 'NONE', ( #1303 ), #1175, .F. ) ;
#736 = EDGE_LOOP ( 'NONE', ( #1634, #1771, #186, #73 ) ) ;
#737 = FACE_OUTER_BOUND ( 'NONE', #1061, .T. ) ;
#738 = CARTESIAN_POINT ( 'NONE',  ( 294.5000000000000000, 188.0000000000000000, -18.00000000000000355 ) ) ;
#739 = DIRECTION ( 'NONE',  ( 0.000000000000000000, 0.000000000000000000, -1.000000000000000000 ) ) ;
#740 = VERTEX_POINT ( 'NONE', #1731 ) ;
#741 = EDGE_CURVE ( 'NONE', #236, #408, #321, .T. ) ;
#742 = ORIENTED_EDGE ( 'NONE', *, *, #1428, .F. ) ;
#743 = CARTESIAN_POINT ( 'NONE',  ( 293.0000000000000000, -209.5000000000000284, -58.00000000000000000 ) ) ;
#744 = CARTESIAN_POINT ( 'NONE',  ( -294.5000000000000000, -200.0000000000000000, -4.299999999999999822 ) ) ;
#745 = VERTEX_POINT ( 'NONE', #593 ) ;
#746 = CARTESIAN_POINT ( 'NONE',  ( 291.5000000000000000, 178.5000000000000000, -58.00000000000000000 ) ) ;
#747 = VECTOR ( 'NONE', #1828, 1000.000000000000000 ) ;
#748 = VECTOR ( 'NONE', #1851, 1000.000000000000000 ) ;
#749 = CIRCLE ( 'NONE', #58, 1.700000000000000178 ) ;
#750 = MANIFOLD_SOLID_BREP ( 'Southco V7 small 31 x 72 mm closed-body envelope', #1498 ) ;
#751 = DIRECTION ( 'NONE',  ( 1.000000000000000000, 0.000000000000000000, -0.000000000000000000 ) ) ;
#752 = AXIS2_PLACEMENT_3D ( 'NONE', #1338, #617, #467 ) ;
#753 = AXIS2_PLACEMENT_3D ( 'NONE', #855, #1557, #827 ) ;
#754 = VERTEX_POINT ( 'NONE', #1466 ) ;
#755 = EDGE_CURVE ( 'NONE', #339, #1695, #1720, .T. ) ;
#756 = AXIS2_PLACEMENT_3D ( 'NONE', #1455, #732, #1013 ) ;
#757 = EDGE_LOOP ( 'NONE', ( #712, #1784 ) ) ;
#758 = EDGE_LOOP ( 'NONE', ( #67, #54, #137, #1696 ) ) ;
#759 = CARTESIAN_POINT ( 'NONE',  ( 294.5000000000000000, 194.0000000000000000, -58.00000000000000000 ) ) ;
#760 = DIRECTION ( 'NONE',  ( 0.000000000000000000, 0.000000000000000000, -1.000000000000000000 ) ) ;
#761 = ORIENTED_EDGE ( 'NONE', *, *, #1677, .F. ) ;
#762 = ADVANCED_FACE ( 'NONE', ( #1005 ), #1541, .F. ) ;
#763 = CARTESIAN_POINT ( 'NONE',  ( -291.5000000000000000, 188.0000000000000000, -16.30000000000000071 ) ) ;
#764 = ORIENTED_EDGE ( 'NONE', *, *, #305, .T. ) ;
#765 = CARTESIAN_POINT ( 'NONE',  ( 294.5000000000000000, -188.0000000000000000, -16.30000000000000071 ) ) ;
#766 = ORIENTED_EDGE ( 'NONE', *, *, #1489, .T. ) ;
#767 = ORIENTED_EDGE ( 'NONE', *, *, #883, .T. ) ;
#768 = DIRECTION ( 'NONE',  ( 1.000000000000000000, 0.000000000000000000, 0.000000000000000000 ) ) ;
#769 = VERTEX_POINT ( 'NONE', #1398 ) ;
#770 = EDGE_CURVE ( 'NONE', #745, #1764, #214, .T. ) ;
#771 = DIRECTION ( 'NONE',  ( 0.000000000000000000, 0.000000000000000000, -1.000000000000000000 ) ) ;
#772 = VERTEX_POINT ( 'NONE', #252 ) ;
#773 = DIRECTION ( 'NONE',  ( 1.000000000000000000, 0.000000000000000000, 0.000000000000000000 ) ) ;
#774 = EDGE_LOOP ( 'NONE', ( #204, #1602 ) ) ;
#775 = ORIENTED_EDGE ( 'NONE', *, *, #1489, .F. ) ;
#776 = DIRECTION ( 'NONE',  ( 1.000000000000000000, 0.000000000000000000, -0.000000000000000000 ) ) ;
#777 = ORIENTED_EDGE ( 'NONE', *, *, #1640, .F. ) ;
#778 = EDGE_CURVE ( 'NONE', #1334, #1801, #1819, .T. ) ;
#779 = DIRECTION ( 'NONE',  ( 0.000000000000000000, 0.000000000000000000, -1.000000000000000000 ) ) ;
#780 = FACE_OUTER_BOUND ( 'NONE', #1043, .T. ) ;
#781 = ORIENTED_EDGE ( 'NONE', *, *, #910, .T. ) ;
#782 = DIRECTION ( 'NONE',  ( -1.000000000000000000, -0.000000000000000000, 0.000000000000000000 ) ) ;
#783 = ORIENTED_EDGE ( 'NONE', *, *, #1640, .T. ) ;
#784 = VECTOR ( 'NONE', #1732, 1000.000000000000000 ) ;
#785 = VECTOR ( 'NONE', #1430, 1000.000000000000000 ) ;
#786 = AXIS2_PLACEMENT_3D ( 'NONE', #940, #335, #918 ) ;
#787 = CIRCLE ( 'NONE', #1655, 1.700000000000000178 ) ;
#788 = ORIENTED_EDGE ( 'NONE', *, *, #77, .F. ) ;
#789 = DIRECTION ( 'NONE',  ( -1.000000000000000000, 0.000000000000000000, 0.000000000000000000 ) ) ;
#790 = FACE_BOUND ( 'NONE', #602, .T. ) ;
#791 = DIRECTION ( 'NONE',  ( 0.000000000000000000, 0.000000000000000000, -1.000000000000000000 ) ) ;
#792 = ORIENTED_EDGE ( 'NONE', *, *, #801, .F. ) ;
#793 = LINE ( 'NONE', #1199, #697 ) ;
#794 = ORIENTED_EDGE ( 'NONE', *, *, #566, .T. ) ;
#795 = EDGE_CURVE ( 'NONE', #769, #1034, #837, .T. ) ;
#796 = CARTESIAN_POINT ( 'NONE',  ( -291.5000000000000000, -188.0000000000000000, -18.00000000000000355 ) ) ;
#797 = ORIENTED_EDGE ( 'NONE', *, *, #965, .F. ) ;
#798 = CARTESIAN_POINT ( 'NONE',  ( 294.5000000000000000, -200.0000000000000000, -18.00000000000000355 ) ) ;
#799 = LINE ( 'NONE', #79, #1378 ) ;
#800 = CARTESIAN_POINT ( 'NONE',  ( 291.5000000000000000, -194.0000000000000000, -58.00000000000000000 ) ) ;
#801 = EDGE_CURVE ( 'NONE', #1727, #1679, #985, .T. ) ;
#802 = DIRECTION ( 'NONE',  ( 1.000000000000000000, 0.000000000000000000, 0.000000000000000000 ) ) ;
#803 = ORIENTED_EDGE ( 'NONE', *, *, #1078, .F. ) ;
#804 = CARTESIAN_POINT ( 'NONE',  ( -291.1999999999999886, -200.0000000000000000, -6.000000000000000000 ) ) ;
#805 = ORIENTED_EDGE ( 'NONE', *, *, #6, .T. ) ;
#806 = EDGE_CURVE ( 'NONE', #478, #1679, #1529, .T. ) ;
#807 = CARTESIAN_POINT ( 'NONE',  ( -291.5000000000000000, 178.5000000000000000, 14.00000000000000533 ) ) ;
#808 = DIRECTION ( 'NONE',  ( 0.000000000000000000, 0.000000000000000000, -1.000000000000000000 ) ) ;
#809 = CARTESIAN_POINT ( 'NONE',  ( -291.1999999999999886, -188.0000000000000000, -18.00000000000000355 ) ) ;
#810 = LINE ( 'NONE', #1820, #700 ) ;
#811 = ORIENTED_EDGE ( 'NONE', *, *, #1284, .F. ) ;
#812 = CARTESIAN_POINT ( 'NONE',  ( -293.0000000000000000, -178.5000000000000000, -58.00000000000000000 ) ) ;
#813 = EDGE_CURVE ( 'NONE', #1183, #1102, #244, .T. ) ;
#814 = AXIS2_PLACEMENT_3D ( 'NONE', #263, #1129, #419 ) ;
#815 = LINE ( 'NONE', #683, #600 ) ;
#816 = VECTOR ( 'NONE', #1521, 1000.000000000000000 ) ;
#817 = AXIS2_PLACEMENT_3D ( 'NONE', #457, #1724, #436 ) ;
#818 = DIRECTION ( 'NONE',  ( 0.000000000000000000, 0.000000000000000000, -1.000000000000000000 ) ) ;
#819 = CARTESIAN_POINT ( 'NONE',  ( 294.5000000000000000, -194.0000000000000000, 14.00000000000000533 ) ) ;
#820 = LOCAL_TIME ( 16, 1, 42.00000000000000000, #1738 ) ;
#821 = DIRECTION ( 'NONE',  ( 0.000000000000000000, 0.000000000000000000, 1.000000000000000000 ) ) ;
#822 = EDGE_CURVE ( 'NONE', #1032, #634, #101, .T. ) ;
#823 = ORIENTED_EDGE ( 'NONE', *, *, #330, .F. ) ;
#824 = DIRECTION ( 'NONE',  ( 1.000000000000000000, 0.000000000000000000, -0.000000000000000000 ) ) ;
#825 = DIRECTION ( 'NONE',  ( 0.000000000000000000, 0.000000000000000000, -1.000000000000000000 ) ) ;
#826 = EDGE_LOOP ( 'NONE', ( #63, #179, #557, #1269 ) ) ;
#827 = DIRECTION ( 'NONE',  ( 0.000000000000000000, 0.000000000000000000, 1.000000000000000000 ) ) ;
#828 = DIRECTION ( 'NONE',  ( 0.000000000000000000, 0.000000000000000000, -1.000000000000000000 ) ) ;
#829 = DIRECTION ( 'NONE',  ( 0.000000000000000000, 0.000000000000000000, 1.000000000000000000 ) ) ;
#830 = ADVANCED_FACE ( 'NONE', ( #958, #977, #379, #1369, #698 ), #1107, .T. ) ;
#831 = DIRECTION ( 'NONE',  ( -1.000000000000000000, -0.000000000000000000, 0.000000000000000000 ) ) ;
#832 = DIRECTION ( 'NONE',  ( 0.000000000000000000, 0.000000000000000000, -1.000000000000000000 ) ) ;
#833 = DIRECTION ( 'NONE',  ( -1.000000000000000000, -0.000000000000000000, 0.000000000000000000 ) ) ;
#834 = ORIENTED_EDGE ( 'NONE', *, *, #1657, .F. ) ;
#835 = DIRECTION ( 'NONE',  ( -1.000000000000000000, 0.000000000000000000, 0.000000000000000000 ) ) ;
#836 = CARTESIAN_POINT ( 'NONE',  ( 0.000000000000000000, 0.000000000000000000, 0.000000000000000000 ) ) ;
#837 = LINE ( 'NONE', #671, #1309 ) ;
#838 = ORIENTED_EDGE ( 'NONE', *, *, #6, .F. ) ;
#839 = DIRECTION ( 'NONE',  ( -1.000000000000000000, 0.000000000000000000, 0.000000000000000000 ) ) ;
#840 = CYLINDRICAL_SURFACE ( 'NONE', #932, 1.700000000000000178 ) ;
#841 = CARTESIAN_POINT ( 'NONE',  ( 291.5000000000000000, -200.0000000000000000, -4.299999999999999822 ) ) ;
#842 = ORIENTED_EDGE ( 'NONE', *, *, #144, .T. ) ;
#843 = VECTOR ( 'NONE', #1423, 1000.000000000000000 ) ;
#844 = FACE_OUTER_BOUND ( 'NONE', #1700, .T. ) ;
#845 = PERSON_AND_ORGANIZATION ( #1341, #1627 ) ;
#846 = AXIS2_PLACEMENT_3D ( 'NONE', #590, #1452, #22 ) ;
#847 = PLANE ( 'NONE',  #86 ) ;
#848 = CIRCLE ( 'NONE', #1656, 1.700000000000000178 ) ;
#849 = EDGE_LOOP ( 'NONE', ( #502, #1213, #1814, #476 ) ) ;
#850 = ORIENTED_EDGE ( 'NONE', *, *, #778, .T. ) ;
#851 = DIRECTION ( 'NONE',  ( 0.000000000000000000, 0.000000000000000000, 1.000000000000000000 ) ) ;
#852 = EDGE_CURVE ( 'NONE', #488, #145, #1118, .T. ) ;
#853 = CARTESIAN_POINT ( 'NONE',  ( -294.5000000000000000, -194.0000000000000000, 14.00000000000000533 ) ) ;
#854 = EDGE_LOOP ( 'NONE', ( #1552, #417, #27, #191 ) ) ;
#855 = CARTESIAN_POINT ( 'NONE',  ( -294.5000000000000000, 188.0000000000000000, -18.00000000000000355 ) ) ;
#856 = PERSON_AND_ORGANIZATION ( #1341, #1627 ) ;
#857 = DIRECTION ( 'NONE',  ( -1.000000000000000000, 0.000000000000000000, 0.000000000000000000 ) ) ;
#858 = ORIENTED_EDGE ( 'NONE', *, *, #801, .T. ) ;
#859 = DIRECTION ( 'NONE',  ( 0.000000000000000000, 0.000000000000000000, -1.000000000000000000 ) ) ;
#860 = CYLINDRICAL_SURFACE ( 'NONE', #245, 1.700000000000000178 ) ;
#861 = EDGE_LOOP ( 'NONE', ( #611, #76 ) ) ;
#862 = DIRECTION ( 'NONE',  ( 1.000000000000000000, 0.000000000000000000, -0.000000000000000000 ) ) ;
#863 = DIRECTION ( 'NONE',  ( 1.000000000000000000, 0.000000000000000000, 0.000000000000000000 ) ) ;
#864 = DIRECTION ( 'NONE',  ( 0.000000000000000000, 0.000000000000000000, 1.000000000000000000 ) ) ;
#865 = FACE_OUTER_BOUND ( 'NONE', #1115, .T. ) ;
#866 = EDGE_CURVE ( 'NONE', #1000, #916, #395, .T. ) ;
#867 = EDGE_LOOP ( 'NONE', ( #282, #1306, #1174, #352 ) ) ;
#868 = CARTESIAN_POINT ( 'NONE',  ( 291.1999999999999886, -188.0000000000000000, -18.00000000000000355 ) ) ;
#869 = APPROVAL_DATE_TIME ( #322, #14 ) ;
#870 = CARTESIAN_POINT ( 'NONE',  ( -291.5000000000000000, -209.5000000000000284, -58.00000000000000000 ) ) ;
#871 = VECTOR ( 'NONE', #594, 1000.000000000000000 ) ;
#872 = VECTOR ( 'NONE', #851, 1000.000000000000000 ) ;
#873 = AXIS2_PLACEMENT_3D ( 'NONE', #1267, #1130, #1852 ) ;
#874 = ADVANCED_FACE ( 'NONE', ( #258 ), #1827, .F. ) ;
#875 = AXIS2_PLACEMENT_3D ( 'NONE', #500, #1070, #1370 ) ;
#876 = CIRCLE ( 'NONE', #1813, 1.700000000000000178 ) ;
#877 = AXIS2_PLACEMENT_3D ( 'NONE', #359, #1481, #1798 ) ;
#878 = CARTESIAN_POINT ( 'NONE',  ( -294.5000000000000000, -200.0000000000000000, -16.30000000000000071 ) ) ;
#879 = VERTEX_POINT ( 'NONE', #1848 ) ;
#880 = DIRECTION ( 'NONE',  ( -0.000000000000000000, 0.000000000000000000, -1.000000000000000000 ) ) ;
#881 = CC_DESIGN_DATE_AND_TIME_ASSIGNMENT ( #1573, #280, ( #1407 ) ) ;
#882 = CARTESIAN_POINT ( 'NONE',  ( 291.1999999999999886, -200.0000000000000000, -7.700000000000000178 ) ) ;
#883 = EDGE_CURVE ( 'NONE', #1730, #1691, #1694, .T. ) ;
#884 = PLANE ( 'NONE',  #576 ) ;
#885 = ORIENTED_EDGE ( 'NONE', *, *, #483, .F. ) ;
#886 = VERTEX_POINT ( 'NONE', #1228 ) ;
#887 = CARTESIAN_POINT ( 'NONE',  ( 294.5000000000000000, 178.5000000000000000, -58.00000000000000000 ) ) ;
#888 = CARTESIAN_POINT ( 'NONE',  ( -294.5000000000000000, 178.5000000000000000, 14.00000000000000533 ) ) ;
#889 = ORIENTED_EDGE ( 'NONE', *, *, #49, .F. ) ;
#890 = EDGE_CURVE ( 'NONE', #122, #613, #1550, .T. ) ;
#891 = FACE_BOUND ( 'NONE', #707, .T. ) ;
#892 = ORIENTED_EDGE ( 'NONE', *, *, #133, .T. ) ;
#893 = ADVANCED_FACE ( 'NONE', ( #117 ), #1703, .F. ) ;
#894 = EDGE_LOOP ( 'NONE', ( #653, #1054 ) ) ;
#895 = EDGE_LOOP ( 'NONE', ( #1533, #1601 ) ) ;
#896 = CARTESIAN_POINT ( 'NONE',  ( -291.5000000000000000, 178.5000000000000000, -58.00000000000000000 ) ) ;
#897 = CARTESIAN_POINT ( 'NONE',  ( -291.5000000000000000, -188.0000000000000000, -7.700000000000000178 ) ) ;
#898 = VERTEX_POINT ( 'NONE', #679 ) ;
#899 = AXIS2_PLACEMENT_3D ( 'NONE', #1739, #1134, #164 ) ;
#900 = FACE_OUTER_BOUND ( 'NONE', #1776, .T. ) ;
#901 = AXIS2_PLACEMENT_3D ( 'NONE', #134, #1425, #254 ) ;
#902 = CIRCLE ( 'NONE', #753, 1.700000000000000178 ) ;
#903 = EDGE_CURVE ( 'NONE', #31, #1403, #416, .T. ) ;
#904 = FACE_OUTER_BOUND ( 'NONE', #1285, .T. ) ;
#905 = CIRCLE ( 'NONE', #1200, 1.700000000000000178 ) ;
#906 = AXIS2_PLACEMENT_3D ( 'NONE', #146, #1737, #722 ) ;
#907 = EDGE_LOOP ( 'NONE', ( #1631, #1475, #684, #356 ) ) ;
#908 = CIRCLE ( 'NONE', #94, 1.700000000000000178 ) ;
#909 = ORIENTED_EDGE ( 'NONE', *, *, #15, .T. ) ;
#910 = EDGE_CURVE ( 'NONE', #122, #1686, #55, .T. ) ;
#911 = CARTESIAN_POINT ( 'NONE',  ( -294.5000000000000000, -188.0000000000000000, -6.000000000000000000 ) ) ;
#912 = ORIENTED_EDGE ( 'NONE', *, *, #1335, .F. ) ;
#913 = CARTESIAN_POINT ( 'NONE',  ( -291.5000000000000000, -200.0000000000000000, -6.000000000000000000 ) ) ;
#914 = ORIENTED_EDGE ( 'NONE', *, *, #883, .F. ) ;
#915 = LINE ( 'NONE', #650, #180 ) ;
#916 = VERTEX_POINT ( 'NONE', #1725 ) ;
#917 = ORIENTED_EDGE ( 'NONE', *, *, #109, .F. ) ;
#918 = DIRECTION ( 'NONE',  ( 0.000000000000000000, 0.000000000000000000, 1.000000000000000000 ) ) ;
#919 = EDGE_LOOP ( 'NONE', ( #797, #912 ) ) ;
#920 = DIRECTION ( 'NONE',  ( -1.000000000000000000, -0.000000000000000000, 0.000000000000000000 ) ) ;
#921 = CARTESIAN_POINT ( 'NONE',  ( 294.5000000000000000, 188.0000000000000000, -7.700000000000000178 ) ) ;
#922 = ORIENTED_EDGE ( 'NONE', *, *, #1204, .T. ) ;
#923 = DIRECTION ( 'NONE',  ( 0.000000000000000000, 0.000000000000000000, -1.000000000000000000 ) ) ;
#924 = ORIENTED_EDGE ( 'NONE', *, *, #1029, .F. ) ;
#925 = ORIENTED_EDGE ( 'NONE', *, *, #681, .T. ) ;
#926 = CYLINDRICAL_SURFACE ( 'NONE', #453, 1.700000000000000178 ) ;
#927 = DIRECTION ( 'NONE',  ( -1.000000000000000000, -0.000000000000000000, 0.000000000000000000 ) ) ;
#928 = LINE ( 'NONE', #371, #2 ) ;
#929 = EDGE_LOOP ( 'NONE', ( #1613, #1543 ) ) ;
#930 = EDGE_CURVE ( 'NONE', #1333, #1334, #1165, .T. ) ;
#931 = CYLINDRICAL_SURFACE ( 'NONE', #120, 1.700000000000000178 ) ;
#932 = AXIS2_PLACEMENT_3D ( 'NONE', #1286, #532, #1413 ) ;
#933 = AXIS2_PLACEMENT_3D ( 'NONE', #1235, #519, #1208 ) ;
#934 = ORIENTED_EDGE ( 'NONE', *, *, #475, .T. ) ;
#935 = AXIS2_PLACEMENT_3D ( 'NONE', #1503, #1363, #1060 ) ;
#936 = CIRCLE ( 'NONE', #1777, 1.700000000000000178 ) ;
#937 = CARTESIAN_POINT ( 'NONE',  ( -294.5000000000000000, 178.5000000000000000, -58.00000000000000000 ) ) ;
#938 = VECTOR ( 'NONE', #678, 1000.000000000000000 ) ;
#939 = ORIENTED_EDGE ( 'NONE', *, *, #1066, .F. ) ;
#940 = CARTESIAN_POINT ( 'NONE',  ( 291.5000000000000000, 200.0000000000000000, -18.00000000000000355 ) ) ;
#941 = CARTESIAN_POINT ( 'NONE',  ( -291.1999999999999886, 188.0000000000000000, -4.299999999999999822 ) ) ;
#942 = CARTESIAN_POINT ( 'NONE',  ( -291.1999999999999886, 200.0000000000000000, -7.700000000000000178 ) ) ;
#943 = DIRECTION ( 'NONE',  ( 0.000000000000000000, 0.000000000000000000, -1.000000000000000000 ) ) ;
#944 = ORIENTED_EDGE ( 'NONE', *, *, #407, .T. ) ;
#945 = LINE ( 'NONE', #812, #1718 ) ;
#946 = ORIENTED_EDGE ( 'NONE', *, *, #1295, .F. ) ;
#947 = FACE_OUTER_BOUND ( 'NONE', #253, .T. ) ;
#948 = DIRECTION ( 'NONE',  ( 1.000000000000000000, 0.000000000000000000, -0.000000000000000000 ) ) ;
#949 = CARTESIAN_POINT ( 'NONE',  ( 291.5000000000000000, 194.0000000000000000, -58.00000000000000000 ) ) ;
#950 = ADVANCED_FACE ( 'NONE', ( #565 ), #131, .T. ) ;
#951 = DIRECTION ( 'NONE',  ( 0.000000000000000000, 0.000000000000000000, 1.000000000000000000 ) ) ;
#952 = ORIENTED_EDGE ( 'NONE', *, *, #1076, .T. ) ;
#953 = EDGE_CURVE ( 'NONE', #689, #462, #147, .T. ) ;
#954 = DIRECTION ( 'NONE',  ( 1.000000000000000000, 0.000000000000000000, -0.000000000000000000 ) ) ;
#955 = EDGE_CURVE ( 'NONE', #886, #51, #1233, .T. ) ;
#956 = FACE_OUTER_BOUND ( 'NONE', #1263, .T. ) ;
#957 = FACE_BOUND ( 'NONE', #1120, .T. ) ;
#958 = FACE_BOUND ( 'NONE', #1493, .T. ) ;
#959 = EDGE_LOOP ( 'NONE', ( #466, #659, #1247, #1646 ) ) ;
#960 = CARTESIAN_POINT ( 'NONE',  ( 294.5000000000000000, -188.0000000000000000, -19.70000000000000284 ) ) ;
#961 = AXIS2_PLACEMENT_3D ( 'NONE', #949, #1528, #821 ) ;
#962 = AXIS2_PLACEMENT_3D ( 'NONE', #414, #1846, #1241 ) ;
#963 = VECTOR ( 'NONE', #1259, 1000.000000000000000 ) ;
#964 = CARTESIAN_POINT ( 'NONE',  ( 294.5000000000000000, -200.0000000000000000, -19.70000000000000284 ) ) ;
#965 = EDGE_CURVE ( 'NONE', #304, #673, #908, .T. ) ;
#966 = ORIENTED_EDGE ( 'NONE', *, *, #1340, .T. ) ;
#967 = FACE_BOUND ( 'NONE', #629, .T. ) ;
#968 = CIRCLE ( 'NONE', #579, 1.700000000000000178 ) ;
#969 = CARTESIAN_POINT ( 'NONE',  ( 291.1999999999999886, -188.0000000000000000, -4.299999999999999822 ) ) ;
#970 = CARTESIAN_POINT ( 'NONE',  ( -294.5000000000000000, 194.0000000000000000, -58.00000000000000000 ) ) ;
#971 = DIRECTION ( 'NONE',  ( -1.000000000000000000, 0.000000000000000000, 0.000000000000000000 ) ) ;
#972 = DIRECTION ( 'NONE',  ( 1.000000000000000000, 0.000000000000000000, 0.000000000000000000 ) ) ;
#973 = EDGE_CURVE ( 'NONE', #1695, #339, #185, .T. ) ;
#974 = ORIENTED_EDGE ( 'NONE', *, *, #1579, .T. ) ;
#975 = CYLINDRICAL_SURFACE ( 'NONE', #962, 1.700000000000000178 ) ;
#976 = DIRECTION ( 'NONE',  ( 1.000000000000000000, 0.000000000000000000, 0.000000000000000000 ) ) ;
#977 = FACE_BOUND ( 'NONE', #1712, .T. ) ;
#978 = ORIENTED_EDGE ( 'NONE', *, *, #49, .T. ) ;
#979 = ORIENTED_EDGE ( 'NONE', *, *, #616, .T. ) ;
#980 = CARTESIAN_POINT ( 'NONE',  ( 291.5000000000000000, -178.5000000000000000, 14.00000000000000533 ) ) ;
#981 = LINE ( 'NONE', #1256, #725 ) ;
#982 = EDGE_LOOP ( 'NONE', ( #381, #587 ) ) ;
#983 = DIRECTION ( 'NONE',  ( -1.000000000000000000, -0.000000000000000000, 0.000000000000000000 ) ) ;
#984 = PLANE ( 'NONE',  #1659 ) ;
#985 = LINE ( 'NONE', #1125, #479 ) ;
#986 = EDGE_LOOP ( 'NONE', ( #1547, #934, #1863, #914 ) ) ;
#987 = EDGE_LOOP ( 'NONE', ( #1391, #1785, #1351, #1039 ) ) ;
#988 = EDGE_CURVE ( 'NONE', #879, #745, #448, .T. ) ;
#989 = LINE ( 'NONE', #1109, #1870 ) ;
#990 = CARTESIAN_POINT ( 'NONE',  ( 291.5000000000000000, 200.0000000000000000, -4.299999999999999822 ) ) ;
#991 = AXIS2_PLACEMENT_3D ( 'NONE', #1099, #920, #224 ) ;
#992 = VECTOR ( 'NONE', #719, 1000.000000000000000 ) ;
#993 = ORIENTED_EDGE ( 'NONE', *, *, #813, .T. ) ;
#994 = CIRCLE ( 'NONE', #1318, 1.700000000000000178 ) ;
#995 = DIRECTION ( 'NONE',  ( 1.000000000000000000, 0.000000000000000000, -0.000000000000000000 ) ) ;
#996 = AXIS2_PLACEMENT_3D ( 'NONE', #474, #1330, #70 ) ;
#997 = CARTESIAN_POINT ( 'NONE',  ( 291.5000000000000000, 188.0000000000000000, -18.00000000000000355 ) ) ;
#998 = ADVANCED_FACE ( 'NONE', ( #1748 ), #847, .T. ) ;
#999 = EDGE_LOOP ( 'NONE', ( #823, #399, #838, #1752 ) ) ;
#1000 = VERTEX_POINT ( 'NONE', #870 ) ;
#1001 = EDGE_CURVE ( 'NONE', #1691, #1394, #1711, .T. ) ;
#1002 = FACE_OUTER_BOUND ( 'NONE', #35, .T. ) ;
#1003 = PLANE ( 'NONE',  #1780 ) ;
#1004 = VERTEX_POINT ( 'NONE', #5 ) ;
#1005 = FACE_OUTER_BOUND ( 'NONE', #505, .T. ) ;
#1006 = PERSON_AND_ORGANIZATION ( #1341, #1627 ) ;
#1007 = CARTESIAN_POINT ( 'NONE',  ( 294.5000000000000000, -188.0000000000000000, -18.00000000000000355 ) ) ;
#1008 = EDGE_CURVE ( 'NONE', #1356, #1513, #1349, .T. ) ;
#1009 = DIRECTION ( 'NONE',  ( -1.000000000000000000, -0.000000000000000000, 0.000000000000000000 ) ) ;
#1010 = CYLINDRICAL_SURFACE ( 'NONE', #1170, 1.700000000000000178 ) ;
#1011 = ORIENTED_EDGE ( 'NONE', *, *, #353, .F. ) ;
#1012 = EDGE_CURVE ( 'NONE', #1669, #1361, #1146, .T. ) ;
#1013 = DIRECTION ( 'NONE',  ( -0.000000000000000000, 0.000000000000000000, -1.000000000000000000 ) ) ;
#1014 = PERSON_AND_ORGANIZATION ( #1341, #1627 ) ;
#1015 = DIRECTION ( 'NONE',  ( 0.000000000000000000, 0.000000000000000000, -1.000000000000000000 ) ) ;
#1016 = DIRECTION ( 'NONE',  ( 1.000000000000000000, 0.000000000000000000, -0.000000000000000000 ) ) ;
#1017 = EDGE_CURVE ( 'NONE', #1418, #198, #1156, .T. ) ;
#1018 = ORIENTED_EDGE ( 'NONE', *, *, #1355, .F. ) ;
#1019 = DIRECTION ( 'NONE',  ( -1.000000000000000000, -0.000000000000000000, 0.000000000000000000 ) ) ;
#1020 = APPROVAL_STATUS ( 'not_yet_approved' ) ;
#1021 = LINE ( 'NONE', #733, #328 ) ;
#1022 = EDGE_CURVE ( 'NONE', #1637, #1427, #1021, .T. ) ;
#1023 = AXIS2_PLACEMENT_3D ( 'NONE', #1584, #1761, #445 ) ;
#1024 = CIRCLE ( 'NONE', #1502, 1.700000000000000178 ) ;
#1025 = AXIS2_PLACEMENT_3D ( 'NONE', #628, #64, #477 ) ;
#1026 = LOCAL_TIME ( 16, 1, 42.00000000000000000, #100 ) ;
#1027 = CARTESIAN_POINT ( 'NONE',  ( -291.5000000000000000, 188.0000000000000000, -18.00000000000000355 ) ) ;
#1028 = ORIENTED_EDGE ( 'NONE', *, *, #755, .T. ) ;
#1029 = EDGE_CURVE ( 'NONE', #772, #1088, #710, .T. ) ;
#1030 = DIRECTION ( 'NONE',  ( -1.000000000000000000, 0.000000000000000000, 0.000000000000000000 ) ) ;
#1031 = DIRECTION ( 'NONE',  ( 1.000000000000000000, 0.000000000000000000, -0.000000000000000000 ) ) ;
#1032 = VERTEX_POINT ( 'NONE', #1161 ) ;
#1033 = CARTESIAN_POINT ( 'NONE',  ( -291.1999999999999886, -200.0000000000000000, -18.00000000000000355 ) ) ;
#1034 = VERTEX_POINT ( 'NONE', #1451 ) ;
#1035 = EDGE_LOOP ( 'NONE', ( #1762, #952, #23, #1581 ) ) ;
#1036 = ORIENTED_EDGE ( 'NONE', *, *, #973, .F. ) ;
#1037 = CARTESIAN_POINT ( 'NONE',  ( -291.5000000000000000, 188.0000000000000000, -4.299999999999999822 ) ) ;
#1038 = FACE_OUTER_BOUND ( 'NONE', #601, .T. ) ;
#1039 = ORIENTED_EDGE ( 'NONE', *, *, #262, .T. ) ;
#1040 = DIRECTION ( 'NONE',  ( 0.000000000000000000, 0.000000000000000000, -1.000000000000000000 ) ) ;
#1041 = CARTESIAN_POINT ( 'NONE',  ( 291.5000000000000000, 178.5000000000000000, 14.00000000000000533 ) ) ;
#1042 = EDGE_CURVE ( 'NONE', #198, #1059, #1856, .T. ) ;
#1043 = EDGE_LOOP ( 'NONE', ( #1202, #1044, #1735, #792 ) ) ;
#1044 = ORIENTED_EDGE ( 'NONE', *, *, #1599, .T. ) ;
#1045 = DIRECTION ( 'NONE',  ( 1.000000000000000000, 0.000000000000000000, -0.000000000000000000 ) ) ;
#1046 = VERTEX_POINT ( 'NONE', #140 ) ;
#1047 = CARTESIAN_POINT ( 'NONE',  ( 291.5000000000000000, -209.5000000000000284, -58.00000000000000000 ) ) ;
#1048 = ORIENTED_EDGE ( 'NONE', *, *, #1796, .T. ) ;
#1049 = AXIS2_PLACEMENT_3D ( 'NONE', #151, #1150, #739 ) ;
#1050 = CARTESIAN_POINT ( 'NONE',  ( 294.5000000000000000, 209.5000000000000284, -58.00000000000000000 ) ) ;
#1051 = VECTOR ( 'NONE', #386, 1000.000000000000000 ) ;
#1052 = ORIENTED_EDGE ( 'NONE', *, *, #955, .T. ) ;
#1053 = SECURITY_CLASSIFICATION ( '', '', #307 ) ;
#1054 = ORIENTED_EDGE ( 'NONE', *, *, #1618, .F. ) ;
#1055 = FACE_OUTER_BOUND ( 'NONE', #1279, .T. ) ;
#1056 = ORIENTED_EDGE ( 'NONE', *, *, #283, .F. ) ;
#1057 = CARTESIAN_POINT ( 'NONE',  ( -291.5000000000000000, -194.0000000000000000, -58.00000000000000000 ) ) ;
#1058 = CYLINDRICAL_SURFACE ( 'NONE', #1145, 1.700000000000000178 ) ;
#1059 = VERTEX_POINT ( 'NONE', #716 ) ;
#1060 = DIRECTION ( 'NONE',  ( 0.000000000000000000, 0.000000000000000000, 1.000000000000000000 ) ) ;
#1061 = EDGE_LOOP ( 'NONE', ( #207, #1571, #553, #246 ) ) ;
#1062 = ADVANCED_FACE ( 'NONE', ( #574 ), #1283, .F. ) ;
#1063 = VERTEX_POINT ( 'NONE', #512 ) ;
#1064 = CARTESIAN_POINT ( 'NONE',  ( 294.5000000000000000, -188.0000000000000000, -7.700000000000000178 ) ) ;
#1065 = VERTEX_POINT ( 'NONE', #1457 ) ;
#1066 = EDGE_CURVE ( 'NONE', #473, #1080, #1802, .T. ) ;
#1067 = CARTESIAN_POINT ( 'NONE',  ( 291.5000000000000000, 200.0000000000000000, -18.00000000000000355 ) ) ;
#1068 = DIRECTION ( 'NONE',  ( 1.000000000000000000, 0.000000000000000000, 0.000000000000000000 ) ) ;
#1069 = ORIENTED_EDGE ( 'NONE', *, *, #1362, .T. ) ;
#1070 = DIRECTION ( 'NONE',  ( -1.000000000000000000, -0.000000000000000000, 0.000000000000000000 ) ) ;
#1071 = VERTEX_POINT ( 'NONE', #897 ) ;
#1072 = LINE ( 'NONE', #937, #872 ) ;
#1073 = CC_DESIGN_PERSON_AND_ORGANIZATION_ASSIGNMENT ( #1106, #423, ( #1407 ) ) ;
#1074 = VERTEX_POINT ( 'NONE', #363 ) ;
#1075 = PLANE ( 'NONE',  #546 ) ;
#1076 = EDGE_CURVE ( 'NONE', #740, #230, #299, .T. ) ;
#1077 = DIRECTION ( 'NONE',  ( -1.000000000000000000, -0.000000000000000000, 0.000000000000000000 ) ) ;
#1078 = EDGE_CURVE ( 'NONE', #1102, #1453, #1365, .T. ) ;
#1079 = LINE ( 'NONE', #942, #728 ) ;
#1080 = VERTEX_POINT ( 'NONE', #1086 ) ;
#1081 = CARTESIAN_POINT ( 'NONE',  ( -294.5000000000000000, 200.0000000000000000, -7.700000000000000178 ) ) ;
#1082 = AXIS2_PLACEMENT_3D ( 'NONE', #104, #410, #859 ) ;
#1083 = ORIENTED_EDGE ( 'NONE', *, *, #1340, .F. ) ;
#1084 = CIRCLE ( 'NONE', #996, 1.700000000000000178 ) ;
#1085 = AXIS2_PLACEMENT_3D ( 'NONE', #420, #1246, #1113 ) ;
#1086 = CARTESIAN_POINT ( 'NONE',  ( -294.5000000000000000, 188.0000000000000000, -7.700000000000000178 ) ) ;
#1087 = CC_DESIGN_APPROVAL ( #663, ( #1447 ) ) ;
#1088 = VERTEX_POINT ( 'NONE', #744 ) ;
#1089 = CIRCLE ( 'NONE', #521, 1.700000000000000178 ) ;
#1090 = DIRECTION ( 'NONE',  ( 0.000000000000000000, 0.000000000000000000, -1.000000000000000000 ) ) ;
#1091 = ADVANCED_FACE ( 'NONE', ( #237 ), #383, .T. ) ;
#1092 = CARTESIAN_POINT ( 'NONE',  ( -291.5000000000000000, 194.0000000000000000, -58.00000000000000000 ) ) ;
#1093 = CARTESIAN_POINT ( 'NONE',  ( -291.1999999999999886, -188.0000000000000000, -6.000000000000000000 ) ) ;
#1094 = CARTESIAN_POINT ( 'NONE',  ( 291.5000000000000000, 188.0000000000000000, -6.000000000000000000 ) ) ;
#1095 = VERTEX_POINT ( 'NONE', #375 ) ;
#1096 = EDGE_CURVE ( 'NONE', #1063, #1418, #945, .T. ) ;
#1097 = FACE_BOUND ( 'NONE', #1661, .T. ) ;
#1098 = LINE ( 'NONE', #692, #368 ) ;
#1099 = CARTESIAN_POINT ( 'NONE',  ( 291.5000000000000000, 200.0000000000000000, -6.000000000000000000 ) ) ;
#1100 = DIRECTION ( 'NONE',  ( 0.000000000000000000, -1.000000000000000000, -0.000000000000000000 ) ) ;
#1101 = DIRECTION ( 'NONE',  ( 0.000000000000000000, 0.000000000000000000, 1.000000000000000000 ) ) ;
#1102 = VERTEX_POINT ( 'NONE', #1649 ) ;
#1103 = CARTESIAN_POINT ( 'NONE',  ( 294.5000000000000000, -178.5000000000000000, -58.00000000000000000 ) ) ;
#1104 = CARTESIAN_POINT ( 'NONE',  ( -291.1999999999999886, -200.0000000000000000, -18.00000000000000355 ) ) ;
#1105 = DIRECTION ( 'NONE',  ( 0.000000000000000000, 0.000000000000000000, 1.000000000000000000 ) ) ;
#1106 = PERSON_AND_ORGANIZATION ( #1341, #1627 ) ;
#1107 = PLANE ( 'NONE',  #961 ) ;
#1108 = FACE_BOUND ( 'NONE', #895, .T. ) ;
#1109 = CARTESIAN_POINT ( 'NONE',  ( 291.5000000000000000, 194.0000000000000000, 14.00000000000000533 ) ) ;
#1110 = VECTOR ( 'NONE', #1445, 1000.000000000000000 ) ;
#1111 = CIRCLE ( 'NONE', #901, 1.700000000000000178 ) ;
#1112 = CIRCLE ( 'NONE', #1568, 1.700000000000000178 ) ;
#1113 = DIRECTION ( 'NONE',  ( 0.000000000000000000, 0.000000000000000000, 1.000000000000000000 ) ) ;
#1114 = VECTOR ( 'NONE', #93, 1000.000000000000000 ) ;
#1115 = EDGE_LOOP ( 'NONE', ( #939, #764, #327, #156 ) ) ;
#1116 = CARTESIAN_POINT ( 'NONE',  ( -291.5000000000000000, -200.0000000000000000, -6.000000000000000000 ) ) ;
#1117 = APPLICATION_PROTOCOL_DEFINITION ( 'international standard', 'config_control_design', 1994, #349 ) ;
#1118 = LINE ( 'NONE', #1262, #175 ) ;
#1119 = ORIENTED_EDGE ( 'NONE', *, *, #126, .F. ) ;
#1120 = EDGE_LOOP ( 'NONE', ( #1298, #208 ) ) ;
#1121 = DIRECTION ( 'NONE',  ( 1.000000000000000000, 0.000000000000000000, 0.000000000000000000 ) ) ;
#1122 = CARTESIAN_POINT ( 'NONE',  ( -291.5000000000000000, -178.5000000000000000, -58.00000000000000000 ) ) ;
#1123 = EDGE_LOOP ( 'NONE', ( #547, #783, #345, #1153 ) ) ;
#1124 = CARTESIAN_POINT ( 'NONE',  ( 293.0000000000000000, -178.5000000000000000, 14.00000000000000533 ) ) ;
#1125 = CARTESIAN_POINT ( 'NONE',  ( -291.1999999999999886, 188.0000000000000000, -16.30000000000000071 ) ) ;
#1126 = ADVANCED_FACE ( 'NONE', ( #1604 ), #96, .T. ) ;
#1127 = ORIENTED_EDGE ( 'NONE', *, *, #988, .T. ) ;
#1128 = EDGE_LOOP ( 'NONE', ( #1344, #1577 ) ) ;
#1129 = DIRECTION ( 'NONE',  ( -1.000000000000000000, -0.000000000000000000, 0.000000000000000000 ) ) ;
#1130 = DIRECTION ( 'NONE',  ( 1.000000000000000000, 0.000000000000000000, -0.000000000000000000 ) ) ;
#1131 = ORIENTED_EDGE ( 'NONE', *, *, #536, .T. ) ;
#1132 = DIRECTION ( 'NONE',  ( 0.000000000000000000, -1.000000000000000000, 0.000000000000000000 ) ) ;
#1133 = DIRECTION ( 'NONE',  ( 0.000000000000000000, 0.000000000000000000, -1.000000000000000000 ) ) ;
#1134 = DIRECTION ( 'NONE',  ( 0.000000000000000000, 0.000000000000000000, 1.000000000000000000 ) ) ;
#1135 = VERTEX_POINT ( 'NONE', #1815 ) ;
#1136 = FACE_OUTER_BOUND ( 'NONE', #987, .T. ) ;
#1137 = CARTESIAN_POINT ( 'NONE',  ( 294.5000000000000000, -188.0000000000000000, -6.000000000000000000 ) ) ;
#1138 = CARTESIAN_POINT ( 'NONE',  ( -294.5000000000000000, -188.0000000000000000, -16.30000000000000071 ) ) ;
#1139 = VECTOR ( 'NONE', #159, 1000.000000000000000 ) ;
#1140 = AXIS2_PLACEMENT_3D ( 'NONE', #1057, #385, #1526 ) ;
#1141 = CIRCLE ( 'NONE', #331, 1.700000000000000178 ) ;
#1142 = ORIENTED_EDGE ( 'NONE', *, *, #973, .T. ) ;
#1143 = AXIS2_PLACEMENT_3D ( 'NONE', #1270, #835, #115 ) ;
#1144 = DIRECTION ( 'NONE',  ( 0.000000000000000000, 0.000000000000000000, -1.000000000000000000 ) ) ;
#1145 = AXIS2_PLACEMENT_3D ( 'NONE', #648, #1068, #1636 ) ;
#1146 = LINE ( 'NONE', #882, #784 ) ;
#1147 = VECTOR ( 'NONE', #1160, 1000.000000000000000 ) ;
#1148 = ADVANCED_FACE ( 'NONE', ( #1327 ), #526, .F. ) ;
#1149 = ORIENTED_EDGE ( 'NONE', *, *, #317, .F. ) ;
#1150 = DIRECTION ( 'NONE',  ( 1.000000000000000000, 0.000000000000000000, -0.000000000000000000 ) ) ;
#1151 = ADVANCED_FACE ( 'NONE', ( #674, #323, #1097, #1223, #1239 ), #229, .T. ) ;
#1152 = CYLINDRICAL_SURFACE ( 'NONE', #486, 1.700000000000000178 ) ;
#1153 = ORIENTED_EDGE ( 'NONE', *, *, #670, .F. ) ;
#1154 = CARTESIAN_POINT ( 'NONE',  ( -294.5000000000000000, 200.0000000000000000, -19.70000000000000284 ) ) ;
#1155 = APPROVAL_ROLE ( '' ) ;
#1156 = LINE ( 'NONE', #281, #1139 ) ;
#1157 = CARTESIAN_POINT ( 'NONE',  ( 291.5000000000000000, -194.0000000000000000, -58.00000000000000000 ) ) ;
#1158 = ADVANCED_FACE ( 'NONE', ( #1038 ), #1823, .F. ) ;
#1159 = ORIENTED_EDGE ( 'NONE', *, *, #1817, .T. ) ;
#1160 = DIRECTION ( 'NONE',  ( 1.000000000000000000, 0.000000000000000000, -0.000000000000000000 ) ) ;
#1161 = CARTESIAN_POINT ( 'NONE',  ( 291.5000000000000000, -188.0000000000000000, -4.299999999999999822 ) ) ;
#1162 = CARTESIAN_POINT ( 'NONE',  ( 291.1999999999999886, -200.0000000000000000, -19.70000000000000284 ) ) ;
#1163 = ORIENTED_EDGE ( 'NONE', *, *, #1076, .F. ) ;
#1164 = CARTESIAN_POINT ( 'NONE',  ( 291.1999999999999886, 188.0000000000000000, -18.00000000000000355 ) ) ;
#1165 = LINE ( 'NONE', #589, #1411 ) ;
#1166 = CIRCLE ( 'NONE', #177, 1.700000000000000178 ) ;
#1167 = VECTOR ( 'NONE', #1360, 1000.000000000000000 ) ;
#1168 = AXIS2_PLACEMENT_3D ( 'NONE', #646, #1509, #472 ) ;
#1169 = CIRCLE ( 'NONE', #1598, 1.700000000000000178 ) ;
#1170 = AXIS2_PLACEMENT_3D ( 'NONE', #720, #1439, #581 ) ;
#1171 = FACE_OUTER_BOUND ( 'NONE', #391, .T. ) ;
#1172 = VERTEX_POINT ( 'NONE', #1372 ) ;
#1173 = ORIENTED_EDGE ( 'NONE', *, *, #755, .F. ) ;
#1174 = ORIENTED_EDGE ( 'NONE', *, *, #1546, .T. ) ;
#1175 = CYLINDRICAL_SURFACE ( 'NONE', #668, 1.700000000000000178 ) ;
#1176 = DATE_AND_TIME ( #295, #336 ) ;
#1177 = CARTESIAN_POINT ( 'NONE',  ( -291.5000000000000000, 200.0000000000000000, -18.00000000000000355 ) ) ;
#1178 = VERTEX_POINT ( 'NONE', #888 ) ;
#1179 = EDGE_CURVE ( 'NONE', #571, #1074, #25, .T. ) ;
#1180 = DIRECTION ( 'NONE',  ( 1.000000000000000000, 0.000000000000000000, -0.000000000000000000 ) ) ;
#1181 = DIRECTION ( 'NONE',  ( 1.000000000000000000, 0.000000000000000000, 0.000000000000000000 ) ) ;
#1182 = ORIENTED_EDGE ( 'NONE', *, *, #1335, .T. ) ;
#1183 = VERTEX_POINT ( 'NONE', #1214 ) ;
#1184 = ORIENTED_EDGE ( 'NONE', *, *, #1579, .F. ) ;
#1185 = CARTESIAN_POINT ( 'NONE',  ( -293.0000000000000000, -178.5000000000000000, -58.00000000000000000 ) ) ;
#1186 = ORIENTED_EDGE ( 'NONE', *, *, #1096, .F. ) ;
#1187 = DIRECTION ( 'NONE',  ( 1.000000000000000000, 0.000000000000000000, 0.000000000000000000 ) ) ;
#1188 = ORIENTED_EDGE ( 'NONE', *, *, #1022, .F. ) ;
#1189 = LINE ( 'NONE', #1354, #26 ) ;
#1190 = ORIENTED_EDGE ( 'NONE', *, *, #133, .F. ) ;
#1191 = ORIENTED_EDGE ( 'NONE', *, *, #690, .T. ) ;
#1192 = CYLINDRICAL_SURFACE ( 'NONE', #1442, 1.700000000000000178 ) ;
#1193 = ORIENTED_EDGE ( 'NONE', *, *, #1179, .F. ) ;
#1194 = VECTOR ( 'NONE', #556, 1000.000000000000000 ) ;
#1195 = CARTESIAN_POINT ( 'NONE',  ( -294.5000000000000000, -188.0000000000000000, -4.299999999999999822 ) ) ;
#1196 = EDGE_CURVE ( 'NONE', #715, #898, #1757, .T. ) ;
#1197 = ORIENTED_EDGE ( 'NONE', *, *, #1323, .T. ) ;
#1198 = AXIS2_PLACEMENT_3D ( 'NONE', #1104, #411, #1393 ) ;
#1199 = CARTESIAN_POINT ( 'NONE',  ( 291.1999999999999886, 200.0000000000000000, -16.30000000000000071 ) ) ;
#1200 = AXIS2_PLACEMENT_3D ( 'NONE', #1094, #206, #196 ) ;
#1201 = CIRCLE ( 'NONE', #1841, 1.700000000000000178 ) ;
#1202 = ORIENTED_EDGE ( 'NONE', *, *, #1428, .T. ) ;
#1203 = APPROVAL_PERSON_ORGANIZATION ( #845, #212, #1271 ) ;
#1204 = EDGE_CURVE ( 'NONE', #1628, #1183, #1793, .T. ) ;
#1205 = ORIENTED_EDGE ( 'NONE', *, *, #890, .T. ) ;
#1206 = CARTESIAN_POINT ( 'NONE',  ( 291.5000000000000000, 188.0000000000000000, -16.30000000000000071 ) ) ;
#1207 = ORIENTED_EDGE ( 'NONE', *, *, #1255, .T. ) ;
#1208 = DIRECTION ( 'NONE',  ( 1.000000000000000000, 0.000000000000000000, -0.000000000000000000 ) ) ;
#1209 = PLANE ( 'NONE',  #429 ) ;
#1210 = ORIENTED_EDGE ( 'NONE', *, *, #468, .F. ) ;
#1211 = EDGE_CURVE ( 'NONE', #1409, #1178, #1072, .T. ) ;
#1212 = DIRECTION ( 'NONE',  ( 0.000000000000000000, 0.000000000000000000, 1.000000000000000000 ) ) ;
#1213 = ORIENTED_EDGE ( 'NONE', *, *, #717, .F. ) ;
#1214 = CARTESIAN_POINT ( 'NONE',  ( 291.5000000000000000, 209.5000000000000284, -58.00000000000000000 ) ) ;
#1215 = ORIENTED_EDGE ( 'NONE', *, *, #1657, .T. ) ;
#1216 = EDGE_CURVE ( 'NONE', #613, #1663, #1111, .T. ) ;
#1217 = CARTESIAN_POINT ( 'NONE',  ( -294.5000000000000000, 200.0000000000000000, -16.30000000000000071 ) ) ;
#1218 = FACE_OUTER_BOUND ( 'NONE', #849, .T. ) ;
#1219 = FACE_OUTER_BOUND ( 'NONE', #403, .T. ) ;
#1220 = ORIENTED_EDGE ( 'NONE', *, *, #144, .F. ) ;
#1221 = CARTESIAN_POINT ( 'NONE',  ( -294.5000000000000000, 188.0000000000000000, -6.000000000000000000 ) ) ;
#1222 = ORIENTED_EDGE ( 'NONE', *, *, #305, .F. ) ;
#1223 = FACE_BOUND ( 'NONE', #894, .T. ) ;
#1224 = EDGE_CURVE ( 'NONE', #634, #293, #1141, .T. ) ;
#1225 = EDGE_LOOP ( 'NONE', ( #1274, #1850 ) ) ;
#1226 = PLANE ( 'NONE',  #1624 ) ;
#1227 = FACE_OUTER_BOUND ( 'NONE', #867, .T. ) ;
#1228 = CARTESIAN_POINT ( 'NONE',  ( 294.5000000000000000, 188.0000000000000000, -19.70000000000000284 ) ) ;
#1229 = ADVANCED_FACE ( 'NONE', ( #549 ), #538, .T. ) ;
#1230 = CARTESIAN_POINT ( 'NONE',  ( 294.5000000000000000, 200.0000000000000000, -18.00000000000000355 ) ) ;
#1231 = ORIENTED_EDGE ( 'NONE', *, *, #440, .T. ) ;
#1232 = DIRECTION ( 'NONE',  ( 0.000000000000000000, -0.000000000000000000, 1.000000000000000000 ) ) ;
#1233 = CIRCLE ( 'NONE', #630, 1.700000000000000178 ) ;
#1234 = FACE_BOUND ( 'NONE', #119, .T. ) ;
#1235 = CARTESIAN_POINT ( 'NONE',  ( -293.0000000000000000, -194.0000000000000000, 14.00000000000000533 ) ) ;
#1236 = DIRECTION ( 'NONE',  ( 0.000000000000000000, 0.000000000000000000, 1.000000000000000000 ) ) ;
#1237 = LINE ( 'NONE', #672, #1114 ) ;
#1238 = ORIENTED_EDGE ( 'NONE', *, *, #1017, .F. ) ;
#1239 = FACE_OUTER_BOUND ( 'NONE', #986, .T. ) ;
#1240 = DIRECTION ( 'NONE',  ( 1.000000000000000000, 0.000000000000000000, -0.000000000000000000 ) ) ;
#1241 = DIRECTION ( 'NONE',  ( 0.000000000000000000, 0.000000000000000000, -1.000000000000000000 ) ) ;
#1242 = CALENDAR_DATE ( 2026, 29, 8 ) ;
#1243 = DIRECTION ( 'NONE',  ( -1.000000000000000000, -0.000000000000000000, 0.000000000000000000 ) ) ;
#1244 = ORIENTED_EDGE ( 'NONE', *, *, #504, .F. ) ;
#1245 = LINE ( 'NONE', #1688, #631 ) ;
#1246 = DIRECTION ( 'NONE',  ( -1.000000000000000000, 0.000000000000000000, 0.000000000000000000 ) ) ;
#1247 = ORIENTED_EDGE ( 'NONE', *, *, #1674, .F. ) ;
#1248 = DIRECTION ( 'NONE',  ( 0.000000000000000000, 0.000000000000000000, -1.000000000000000000 ) ) ;
#1249 = DIRECTION ( 'NONE',  ( -1.000000000000000000, 0.000000000000000000, 0.000000000000000000 ) ) ;
#1250 = CYLINDRICAL_SURFACE ( 'NONE', #1743, 1.700000000000000178 ) ;
#1251 = DIRECTION ( 'NONE',  ( 0.000000000000000000, -1.000000000000000000, -0.000000000000000000 ) ) ;
#1252 = CLOSED_SHELL ( 'NONE', ( #1542, #893, #401, #1726, #1750, #1524, #17, #1126, #1741, #275, #1699, #561, #24, #1666 ) ) ;
#1253 = AXIS2_PLACEMENT_3D ( 'NONE', #804, #1313, #171 ) ;
#1254 = CIRCLE ( 'NONE', #1745, 1.700000000000000178 ) ;
#1255 = EDGE_CURVE ( 'NONE', #1034, #1427, #449, .T. ) ;
#1256 = CARTESIAN_POINT ( 'NONE',  ( 294.5000000000000000, -194.0000000000000000, -58.00000000000000000 ) ) ;
#1257 = CIRCLE ( 'NONE', #517, 1.700000000000000178 ) ;
#1258 = EDGE_LOOP ( 'NONE', ( #1193, #1608 ) ) ;
#1259 = DIRECTION ( 'NONE',  ( 1.000000000000000000, 0.000000000000000000, 0.000000000000000000 ) ) ;
#1260 = DIRECTION ( 'NONE',  ( 0.000000000000000000, 0.000000000000000000, -1.000000000000000000 ) ) ;
#1261 = LOCAL_TIME ( 16, 1, 42.00000000000000000, #242 ) ;
#1262 = CARTESIAN_POINT ( 'NONE',  ( 291.1999999999999886, -200.0000000000000000, -4.299999999999999822 ) ) ;
#1263 = EDGE_LOOP ( 'NONE', ( #694, #979, #1238, #978 ) ) ;
#1264 = DIRECTION ( 'NONE',  ( 0.000000000000000000, 0.000000000000000000, 1.000000000000000000 ) ) ;
#1265 = CC_DESIGN_DATE_AND_TIME_ASSIGNMENT ( #1176, #1467, ( #1053 ) ) ;
#1266 = LINE ( 'NONE', #1578, #1380 ) ;
#1267 = CARTESIAN_POINT ( 'NONE',  ( 294.5000000000000000, -200.0000000000000000, -6.000000000000000000 ) ) ;
#1268 = ADVANCED_FACE ( 'NONE', ( #111 ), #276, .F. ) ;
#1269 = ORIENTED_EDGE ( 'NONE', *, *, #1560, .T. ) ;
#1270 = CARTESIAN_POINT ( 'NONE',  ( -291.1999999999999886, -188.0000000000000000, -6.000000000000000000 ) ) ;
#1271 = APPROVAL_ROLE ( '' ) ;
#1272 = DIRECTION ( 'NONE',  ( -0.000000000000000000, 1.000000000000000000, 0.000000000000000000 ) ) ;
#1273 = UNCERTAINTY_MEASURE_WITH_UNIT (LENGTH_MEASURE( 1.000000000000000082E-05 ), #1397, 'distance_accuracy_value', 'NONE');
#1274 = ORIENTED_EDGE ( 'NONE', *, *, #955, .F. ) ;
#1275 = CYLINDRICAL_SURFACE ( 'NONE', #695, 1.700000000000000178 ) ;
#1276 = DIRECTION ( 'NONE',  ( 0.000000000000000000, 0.000000000000000000, 1.000000000000000000 ) ) ;
#1277 = DIRECTION ( 'NONE',  ( 0.000000000000000000, 0.000000000000000000, 1.000000000000000000 ) ) ;
#1278 = EDGE_CURVE ( 'NONE', #106, #408, #400, .T. ) ;
#1279 = EDGE_LOOP ( 'NONE', ( #509, #892, #702, #1623 ) ) ;
#1280 = DIRECTION ( 'NONE',  ( 0.000000000000000000, 0.000000000000000000, 1.000000000000000000 ) ) ;
#1281 = APPROVAL_ROLE ( '' ) ;
#1282 = ADVANCED_FACE ( 'NONE', ( #1002 ), #569, .F. ) ;
#1283 = CYLINDRICAL_SURFACE ( 'NONE', #270, 1.700000000000000178 ) ;
#1284 = EDGE_CURVE ( 'NONE', #1792, #293, #1266, .T. ) ;
#1285 = EDGE_LOOP ( 'NONE', ( #1630, #766, #567, #643 ) ) ;
#1286 = CARTESIAN_POINT ( 'NONE',  ( -291.1999999999999886, -200.0000000000000000, -6.000000000000000000 ) ) ;
#1287 = DIRECTION ( 'NONE',  ( -1.000000000000000000, -0.000000000000000000, 0.000000000000000000 ) ) ;
#1288 = VECTOR ( 'NONE', #489, 1000.000000000000000 ) ;
#1289 = AXIS2_PLACEMENT_3D ( 'NONE', #1515, #30, #1232 ) ;
#1290 = ORIENTED_EDGE ( 'NONE', *, *, #1677, .T. ) ;
#1291 = PLANE ( 'NONE',  #756 ) ;
#1292 = PERSON_AND_ORGANIZATION_ROLE ( 'classification_officer' ) ;
#1293 = CARTESIAN_POINT ( 'NONE',  ( 293.0000000000000000, -178.5000000000000000, -58.00000000000000000 ) ) ;
#1294 = AXIS2_PLACEMENT_3D ( 'NONE', #1626, #194, #771 ) ;
#1295 = EDGE_CURVE ( 'NONE', #293, #634, #1775, .T. ) ;
#1296 = CARTESIAN_POINT ( 'NONE',  ( 291.5000000000000000, -209.5000000000000284, 14.00000000000000533 ) ) ;
#1297 = DIRECTION ( 'NONE',  ( -1.000000000000000000, -0.000000000000000000, 0.000000000000000000 ) ) ;
#1298 = ORIENTED_EDGE ( 'NONE', *, *, #1733, .F. ) ;
#1299 = CARTESIAN_POINT ( 'NONE',  ( -291.5000000000000000, 209.5000000000000284, -58.00000000000000000 ) ) ;
#1300 = DIRECTION ( 'NONE',  ( 0.000000000000000000, 0.000000000000000000, -1.000000000000000000 ) ) ;
#1301 = CARTESIAN_POINT ( 'NONE',  ( 294.5000000000000000, 200.0000000000000000, -6.000000000000000000 ) ) ;
#1302 = VERTEX_POINT ( 'NONE', #980 ) ;
#1303 = FACE_OUTER_BOUND ( 'NONE', #612, .T. ) ;
#1304 = DIRECTION ( 'NONE',  ( 1.000000000000000000, 0.000000000000000000, -0.000000000000000000 ) ) ;
#1305 = CARTESIAN_POINT ( 'NONE',  ( -294.5000000000000000, -178.5000000000000000, -58.00000000000000000 ) ) ;
#1306 = ORIENTED_EDGE ( 'NONE', *, *, #852, .T. ) ;
#1307 = ORIENTED_EDGE ( 'NONE', *, *, #433, .F. ) ;
#1308 = EDGE_CURVE ( 'NONE', #1801, #1394, #1706, .T. ) ;
#1309 = VECTOR ( 'NONE', #535, 1000.000000000000000 ) ;
#1310 = VECTOR ( 'NONE', #1518, 1000.000000000000000 ) ;
#1311 = DIRECTION ( 'NONE',  ( 0.000000000000000000, -1.000000000000000000, -0.000000000000000000 ) ) ;
#1312 = PERSON_AND_ORGANIZATION_ROLE ( 'design_supplier' ) ;
#1313 = DIRECTION ( 'NONE',  ( -1.000000000000000000, 0.000000000000000000, 0.000000000000000000 ) ) ;
#1314 = CIRCLE ( 'NONE', #814, 1.700000000000000178 ) ;
#1315 = ORIENTED_EDGE ( 'NONE', *, *, #681, .F. ) ;
#1316 = AXIS2_PLACEMENT_3D ( 'NONE', #1375, #1347, #818 ) ;
#1317 = AXIS2_PLACEMENT_3D ( 'NONE', #1033, #316, #34 ) ;
#1318 = AXIS2_PLACEMENT_3D ( 'NONE', #1689, #232, #1373 ) ;
#1319 = CARTESIAN_POINT ( 'NONE',  ( -294.5000000000000000, -209.5000000000000284, 14.00000000000000533 ) ) ;
#1320 = APPROVAL_PERSON_ORGANIZATION ( #856, #663, #1281 ) ;
#1321 = DIRECTION ( 'NONE',  ( 1.000000000000000000, 0.000000000000000000, -0.000000000000000000 ) ) ;
#1322 = EDGE_LOOP ( 'NONE', ( #265, #1576 ) ) ;
#1323 = EDGE_CURVE ( 'NONE', #408, #1178, #1554, .T. ) ;
#1324 = ORIENTED_EDGE ( 'NONE', *, *, #903, .F. ) ;
#1325 = ORIENTED_EDGE ( 'NONE', *, *, #852, .F. ) ;
#1326 = DIRECTION ( 'NONE',  ( -0.000000000000000000, 1.000000000000000000, 0.000000000000000000 ) ) ;
#1327 = FACE_OUTER_BOUND ( 'NONE', #493, .T. ) ;
#1328 = ADVANCED_FACE ( 'NONE', ( #559 ), #840, .F. ) ;
#1329 = VERTEX_POINT ( 'NONE', #124 ) ;
#1330 = DIRECTION ( 'NONE',  ( 1.000000000000000000, 0.000000000000000000, -0.000000000000000000 ) ) ;
#1331 = ORIENTED_EDGE ( 'NONE', *, *, #216, .F. ) ;
#1332 = LINE ( 'NONE', #52, #816 ) ;
#1333 = VERTEX_POINT ( 'NONE', #1103 ) ;
#1334 = VERTEX_POINT ( 'NONE', #1829 ) ;
#1335 = EDGE_CURVE ( 'NONE', #673, #304, #1314, .T. ) ;
#1336 = DIRECTION ( 'NONE',  ( 0.000000000000000000, -0.000000000000000000, 1.000000000000000000 ) ) ;
#1337 = ORIENTED_EDGE ( 'NONE', *, *, #374, .T. ) ;
#1338 = CARTESIAN_POINT ( 'NONE',  ( -291.1999999999999886, 188.0000000000000000, -18.00000000000000355 ) ) ;
#1339 = ORIENTED_EDGE ( 'NONE', *, *, #1424, .T. ) ;
#1340 = EDGE_CURVE ( 'NONE', #1403, #1102, #989, .T. ) ;
#1341 = PERSON ( '未', '未', '未', ('未'), ('未'), ('未') ) ;
#1342 = LINE ( 'NONE', #658, #726 ) ;
#1343 = ORIENTED_EDGE ( 'NONE', *, *, #1714, .F. ) ;
#1344 = ORIENTED_EDGE ( 'NONE', *, *, #219, .F. ) ;
#1345 = FACE_OUTER_BOUND ( 'NONE', #736, .T. ) ;
#1346 = ORIENTED_EDGE ( 'NONE', *, *, #1029, .T. ) ;
#1347 = DIRECTION ( 'NONE',  ( 1.000000000000000000, 0.000000000000000000, 0.000000000000000000 ) ) ;
#1348 = PRODUCT_RELATED_PRODUCT_CATEGORY ( 'detail', '', ( #301 ) ) ;
#1349 = CIRCLE ( 'NONE', #1620, 1.700000000000000178 ) ;
#1350 = FACE_OUTER_BOUND ( 'NONE', #511, .T. ) ;
#1351 = ORIENTED_EDGE ( 'NONE', *, *, #1395, .F. ) ;
#1352 = AXIS2_PLACEMENT_3D ( 'NONE', #1662, #660, #1670 ) ;
#1353 = CIRCLE ( 'NONE', #786, 1.700000000000000178 ) ;
#1354 = CARTESIAN_POINT ( 'NONE',  ( 291.1999999999999886, -188.0000000000000000, -19.70000000000000284 ) ) ;
#1355 = EDGE_CURVE ( 'NONE', #446, #1065, #1565, .T. ) ;
#1356 = VERTEX_POINT ( 'NONE', #960 ) ;
#1357 = ORIENTED_EDGE ( 'NONE', *, *, #41, .F. ) ;
#1358 = DIRECTION ( 'NONE',  ( 1.000000000000000000, 0.000000000000000000, -0.000000000000000000 ) ) ;
#1359 = DIRECTION ( 'NONE',  ( 0.000000000000000000, -1.000000000000000000, -0.000000000000000000 ) ) ;
#1360 = DIRECTION ( 'NONE',  ( 0.000000000000000000, 0.000000000000000000, 1.000000000000000000 ) ) ;
#1361 = VERTEX_POINT ( 'NONE', #247 ) ;
#1362 = EDGE_CURVE ( 'NONE', #1074, #1046, #1245, .T. ) ;
#1363 = DIRECTION ( 'NONE',  ( -1.000000000000000000, 0.000000000000000000, 0.000000000000000000 ) ) ;
#1364 = ORIENTED_EDGE ( 'NONE', *, *, #704, .T. ) ;
#1365 = LINE ( 'NONE', #644, #1836 ) ;
#1366 = ORIENTED_EDGE ( 'NONE', *, *, #1437, .F. ) ;
#1367 = CARTESIAN_POINT ( 'NONE',  ( 291.1999999999999886, 200.0000000000000000, -18.00000000000000355 ) ) ;
#1368 = CYLINDRICAL_SURFACE ( 'NONE', #1316, 1.700000000000000178 ) ;
#1369 = FACE_BOUND ( 'NONE', #1462, .T. ) ;
#1370 = DIRECTION ( 'NONE',  ( 0.000000000000000000, 0.000000000000000000, 1.000000000000000000 ) ) ;
#1371 = VERTEX_POINT ( 'NONE', #1544 ) ;
#1372 = CARTESIAN_POINT ( 'NONE',  ( -291.5000000000000000, -200.0000000000000000, -7.700000000000000178 ) ) ;
#1373 = DIRECTION ( 'NONE',  ( 0.000000000000000000, 0.000000000000000000, 1.000000000000000000 ) ) ;
#1374 = ADVANCED_FACE ( 'NONE', ( #1171 ), #1734, .T. ) ;
#1375 = CARTESIAN_POINT ( 'NONE',  ( 291.1999999999999886, -200.0000000000000000, -6.000000000000000000 ) ) ;
#1376 = CARTESIAN_POINT ( 'NONE',  ( -291.1999999999999886, 200.0000000000000000, -4.299999999999999822 ) ) ;
#1377 = VECTOR ( 'NONE', #13, 1000.000000000000000 ) ;
#1378 = VECTOR ( 'NONE', #1488, 1000.000000000000000 ) ;
#1379 = CARTESIAN_POINT ( 'NONE',  ( 291.5000000000000000, -200.0000000000000000, -7.700000000000000178 ) ) ;
#1380 = VECTOR ( 'NONE', #1842, 1000.000000000000000 ) ;
#1381 = AXIS2_PLACEMENT_3D ( 'NONE', #38, #516, #210 ) ;
#1382 = ORIENTED_EDGE ( 'NONE', *, *, #1012, .T. ) ;
#1383 = VECTOR ( 'NONE', #1181, 1000.000000000000000 ) ;
#1384 = DIRECTION ( 'NONE',  ( -1.000000000000000000, -0.000000000000000000, 0.000000000000000000 ) ) ;
#1385 = DIRECTION ( 'NONE',  ( -1.000000000000000000, -0.000000000000000000, 0.000000000000000000 ) ) ;
#1386 = MANIFOLD_SOLID_BREP ( '\X2\8f935165\X0\2', #1252 ) ;
#1387 = DIRECTION ( 'NONE',  ( 0.000000000000000000, 0.000000000000000000, 1.000000000000000000 ) ) ;
#1388 = ADVANCED_BREP_SHAPE_REPRESENTATION ( 'LidLatchBodyPack_V11_SouthcoV7_31x72', ( #750, #1386, #112, #138, #303 ), #29 ) ;
#1389 = CARTESIAN_POINT ( 'NONE',  ( 291.1999999999999886, -200.0000000000000000, -18.00000000000000355 ) ) ;
#1390 = CARTESIAN_POINT ( 'NONE',  ( 294.5000000000000000, -209.5000000000000284, -58.00000000000000000 ) ) ;
#1391 = ORIENTED_EDGE ( 'NONE', *, *, #1211, .T. ) ;
#1392 = CARTESIAN_POINT ( 'NONE',  ( -294.5000000000000000, -200.0000000000000000, -18.00000000000000355 ) ) ;
#1393 = DIRECTION ( 'NONE',  ( 0.000000000000000000, 0.000000000000000000, 1.000000000000000000 ) ) ;
#1394 = VERTEX_POINT ( 'NONE', #1296 ) ;
#1395 = EDGE_CURVE ( 'NONE', #462, #442, #451, .T. ) ;
#1396 = CARTESIAN_POINT ( 'NONE',  ( -291.5000000000000000, 200.0000000000000000, -16.30000000000000071 ) ) ;
#1397 =( LENGTH_UNIT ( ) NAMED_UNIT ( * ) SI_UNIT ( .MILLI., .METRE. ) );
#1398 = CARTESIAN_POINT ( 'NONE',  ( -291.5000000000000000, -200.0000000000000000, -19.70000000000000284 ) ) ;
#1399 = DIRECTION ( 'NONE',  ( 0.000000000000000000, 0.000000000000000000, 1.000000000000000000 ) ) ;
#1400 = EDGE_CURVE ( 'NONE', #1637, #769, #1166, .T. ) ;
#1401 = DIRECTION ( 'NONE',  ( 0.000000000000000000, -1.000000000000000000, 0.000000000000000000 ) ) ;
#1402 = DIRECTION ( 'NONE',  ( 0.000000000000000000, 0.000000000000000000, 1.000000000000000000 ) ) ;
#1403 = VERTEX_POINT ( 'NONE', #1041 ) ;
#1404 = CARTESIAN_POINT ( 'NONE',  ( -291.5000000000000000, 178.5000000000000000, -58.00000000000000000 ) ) ;
#1405 = DIRECTION ( 'NONE',  ( 1.000000000000000000, 0.000000000000000000, 0.000000000000000000 ) ) ;
#1406 = DIRECTION ( 'NONE',  ( 1.000000000000000000, 0.000000000000000000, 0.000000000000000000 ) ) ;
#1407 = PRODUCT_DEFINITION ( '�', '', #1447, #259 ) ;
#1408 = EDGE_CURVE ( 'NONE', #1329, #1753, #166, .T. ) ;
#1409 = VERTEX_POINT ( 'NONE', #1448 ) ;
#1410 = CARTESIAN_POINT ( 'NONE',  ( 293.0000000000000000, 178.5000000000000000, -58.00000000000000000 ) ) ;
#1411 = VECTOR ( 'NONE', #444, 1000.000000000000000 ) ;
#1412 = EDGE_CURVE ( 'NONE', #1508, #1065, #664, .T. ) ;
#1413 = DIRECTION ( 'NONE',  ( 0.000000000000000000, 0.000000000000000000, 1.000000000000000000 ) ) ;
#1414 = AXIS2_PLACEMENT_3D ( 'NONE', #1419, #1132, #107 ) ;
#1415 = CARTESIAN_POINT ( 'NONE',  ( -294.5000000000000000, 188.0000000000000000, -19.70000000000000284 ) ) ;
#1416 = AXIS2_PLACEMENT_3D ( 'NONE', #42, #490, #791 ) ;
#1417 = CIRCLE ( 'NONE', #1749, 1.700000000000000178 ) ;
#1418 = VERTEX_POINT ( 'NONE', #1305 ) ;
#1419 = CARTESIAN_POINT ( 'NONE',  ( -293.0000000000000000, -209.5000000000000284, -58.00000000000000000 ) ) ;
#1420 = FACE_OUTER_BOUND ( 'NONE', #907, .T. ) ;
#1421 = CARTESIAN_POINT ( 'NONE',  ( -291.5000000000000000, 200.0000000000000000, -6.000000000000000000 ) ) ;
#1422 = ORIENTED_EDGE ( 'NONE', *, *, #1008, .F. ) ;
#1423 = DIRECTION ( 'NONE',  ( 0.000000000000000000, -1.000000000000000000, -0.000000000000000000 ) ) ;
#1424 = EDGE_CURVE ( 'NONE', #1434, #461, #161, .T. ) ;
#1425 = DIRECTION ( 'NONE',  ( -1.000000000000000000, -0.000000000000000000, 0.000000000000000000 ) ) ;
#1426 = CARTESIAN_POINT ( 'NONE',  ( -291.1999999999999886, 200.0000000000000000, -16.30000000000000071 ) ) ;
#1427 = VERTEX_POINT ( 'NONE', #878 ) ;
#1428 = EDGE_CURVE ( 'NONE', #1727, #1487, #272, .T. ) ;
#1429 = APPROVAL_STATUS ( 'not_yet_approved' ) ;
#1430 = DIRECTION ( 'NONE',  ( 1.000000000000000000, 0.000000000000000000, -0.000000000000000000 ) ) ;
#1431 = ORIENTED_EDGE ( 'NONE', *, *, #1514, .F. ) ;
#1432 = CARTESIAN_POINT ( 'NONE',  ( 291.5000000000000000, -209.5000000000000284, -58.00000000000000000 ) ) ;
#1433 = LINE ( 'NONE', #1426, #398 ) ;
#1434 = VERTEX_POINT ( 'NONE', #1600 ) ;
#1435 = LINE ( 'NONE', #887, #727 ) ;
#1436 = DIRECTION ( 'NONE',  ( 0.000000000000000000, 0.000000000000000000, 1.000000000000000000 ) ) ;
#1437 = EDGE_CURVE ( 'NONE', #339, #51, #1616, .T. ) ;
#1438 = CARTESIAN_POINT ( 'NONE',  ( -291.1999999999999886, -188.0000000000000000, -4.299999999999999822 ) ) ;
#1439 = DIRECTION ( 'NONE',  ( -1.000000000000000000, 0.000000000000000000, 0.000000000000000000 ) ) ;
#1440 = AXIS2_PLACEMENT_3D ( 'NONE', #691, #1401, #713 ) ;
#1441 = ORIENTED_EDGE ( 'NONE', *, *, #1437, .T. ) ;
#1442 = AXIS2_PLACEMENT_3D ( 'NONE', #1367, #614, #1090 ) ;
#1443 = FACE_BOUND ( 'NONE', #350, .T. ) ;
#1444 = CIRCLE ( 'NONE', #1840, 1.700000000000000178 ) ;
#1445 = DIRECTION ( 'NONE',  ( -1.000000000000000000, -0.000000000000000000, 0.000000000000000000 ) ) ;
#1446 = CIRCLE ( 'NONE', #1597, 1.700000000000000178 ) ;
#1447 = PRODUCT_DEFINITION_FORMATION_WITH_SPECIFIED_SOURCE ( '�', '', #301, .NOT_KNOWN. ) ;
#1448 = CARTESIAN_POINT ( 'NONE',  ( -294.5000000000000000, 178.5000000000000000, -58.00000000000000000 ) ) ;
#1449 = EDGE_LOOP ( 'NONE', ( #319, #1069, #1794, #1713 ) ) ;
#1450 = CARTESIAN_POINT ( 'NONE',  ( -294.5000000000000000, -188.0000000000000000, -6.000000000000000000 ) ) ;
#1451 = CARTESIAN_POINT ( 'NONE',  ( -294.5000000000000000, -200.0000000000000000, -19.70000000000000284 ) ) ;
#1452 = DIRECTION ( 'NONE',  ( -1.000000000000000000, -0.000000000000000000, 0.000000000000000000 ) ) ;
#1453 = VERTEX_POINT ( 'NONE', #7 ) ;
#1454 = ORIENTED_EDGE ( 'NONE', *, *, #1408, .F. ) ;
#1455 = CARTESIAN_POINT ( 'NONE',  ( 294.5000000000000000, 194.0000000000000000, -58.00000000000000000 ) ) ;
#1456 = PERSON_AND_ORGANIZATION ( #1341, #1627 ) ;
#1457 = CARTESIAN_POINT ( 'NONE',  ( 294.5000000000000000, 200.0000000000000000, -19.70000000000000284 ) ) ;
#1458 = ORIENTED_EDGE ( 'NONE', *, *, #641, .F. ) ;
#1459 = FACE_BOUND ( 'NONE', #929, .T. ) ;
#1460 = EDGE_LOOP ( 'NONE', ( #608, #1290, #1331, #850 ) ) ;
#1461 = EDGE_CURVE ( 'NONE', #1482, #1641, #667, .T. ) ;
#1462 = EDGE_LOOP ( 'NONE', ( #1036, #1173 ) ) ;
#1463 = VERTEX_POINT ( 'NONE', #729 ) ;
#1464 = AXIS2_PLACEMENT_3D ( 'NONE', #1421, #21, #1300 ) ;
#1465 = AXIS2_PLACEMENT_3D ( 'NONE', #656, #347, #669 ) ;
#1466 = CARTESIAN_POINT ( 'NONE',  ( 291.5000000000000000, 188.0000000000000000, -7.700000000000000178 ) ) ;
#1467 = DATE_TIME_ROLE ( 'classification_date' ) ;
#1468 = CARTESIAN_POINT ( 'NONE',  ( 294.5000000000000000, -194.0000000000000000, -58.00000000000000000 ) ) ;
#1469 = VECTOR ( 'NONE', #1590, 1000.000000000000000 ) ;
#1470 = EDGE_LOOP ( 'NONE', ( #45, #1131, #858, #435 ) ) ;
#1471 = AXIS2_PLACEMENT_3D ( 'NONE', #1116, #1548, #1248 ) ;
#1472 = AXIS2_PLACEMENT_3D ( 'NONE', #1221, #372, #1212 ) ;
#1473 = PLANE ( 'NONE',  #1294 ) ;
#1474 = CARTESIAN_POINT ( 'NONE',  ( 294.5000000000000000, 200.0000000000000000, -16.30000000000000071 ) ) ;
#1475 = ORIENTED_EDGE ( 'NONE', *, *, #1196, .T. ) ;
#1476 = ADVANCED_FACE ( 'NONE', ( #439, #309, #1459, #891, #298 ), #884, .T. ) ;
#1477 = ORIENTED_EDGE ( 'NONE', *, *, #90, .T. ) ;
#1478 = CYLINDRICAL_SURFACE ( 'NONE', #1381, 1.700000000000000178 ) ;
#1479 = ORIENTED_EDGE ( 'NONE', *, *, #231, .T. ) ;
#1480 = EDGE_CURVE ( 'NONE', #715, #1434, #213, .T. ) ;
#1481 = DIRECTION ( 'NONE',  ( 0.000000000000000000, 0.000000000000000000, 1.000000000000000000 ) ) ;
#1482 = VERTEX_POINT ( 'NONE', #598 ) ;
#1483 = CARTESIAN_POINT ( 'NONE',  ( 294.5000000000000000, 200.0000000000000000, -4.299999999999999822 ) ) ;
#1484 = EDGE_LOOP ( 'NONE', ( #767, #278, #228, #1364 ) ) ;
#1485 = ORIENTED_EDGE ( 'NONE', *, *, #770, .T. ) ;
#1486 = LINE ( 'NONE', #759, #300 ) ;
#1487 = VERTEX_POINT ( 'NONE', #189 ) ;
#1488 = DIRECTION ( 'NONE',  ( -1.000000000000000000, 0.000000000000000000, 0.000000000000000000 ) ) ;
#1489 = EDGE_CURVE ( 'NONE', #769, #1637, #599, .T. ) ;
#1490 = DIRECTION ( 'NONE',  ( -0.000000000000000000, 1.000000000000000000, 0.000000000000000000 ) ) ;
#1491 = ORIENTED_EDGE ( 'NONE', *, *, #953, .F. ) ;
#1492 = PLANE ( 'NONE',  #1625 ) ;
#1493 = EDGE_LOOP ( 'NONE', ( #624, #1190 ) ) ;
#1494 = EDGE_LOOP ( 'NONE', ( #1643, #43, #456, #141 ) ) ;
#1495 = CARTESIAN_POINT ( 'NONE',  ( -291.1999999999999886, 188.0000000000000000, -6.000000000000000000 ) ) ;
#1496 = CARTESIAN_POINT ( 'NONE',  ( 294.5000000000000000, 178.5000000000000000, 14.00000000000000533 ) ) ;
#1497 = DIRECTION ( 'NONE',  ( -1.000000000000000000, 0.000000000000000000, 0.000000000000000000 ) ) ;
#1498 = CLOSED_SHELL ( 'NONE', ( #762, #874, #1328, #415, #32, #182, #552, #346, #1091, #66, #1499, #1158, #523, #239 ) ) ;
#1499 = ADVANCED_FACE ( 'NONE', ( #904 ), #460, .F. ) ;
#1500 = ORIENTED_EDGE ( 'NONE', *, *, #1733, .T. ) ;
#1501 = VECTOR ( 'NONE', #503, 1000.000000000000000 ) ;
#1502 = AXIS2_PLACEMENT_3D ( 'NONE', #223, #1358, #192 ) ;
#1503 = CARTESIAN_POINT ( 'NONE',  ( -291.1999999999999886, 200.0000000000000000, -6.000000000000000000 ) ) ;
#1504 = AXIS2_PLACEMENT_3D ( 'NONE', #545, #88, #1809 ) ;
#1505 = ORIENTED_EDGE ( 'NONE', *, *, #1196, .F. ) ;
#1506 = CC_DESIGN_SECURITY_CLASSIFICATION ( #1053, ( #1447 ) ) ;
#1507 = DIRECTION ( 'NONE',  ( 1.000000000000000000, 0.000000000000000000, -0.000000000000000000 ) ) ;
#1508 = VERTEX_POINT ( 'NONE', #1474 ) ;
#1509 = DIRECTION ( 'NONE',  ( 1.000000000000000000, 0.000000000000000000, 0.000000000000000000 ) ) ;
#1510 = DIRECTION ( 'NONE',  ( -1.000000000000000000, 0.000000000000000000, 0.000000000000000000 ) ) ;
#1511 = DIRECTION ( 'NONE',  ( -1.000000000000000000, 0.000000000000000000, 0.000000000000000000 ) ) ;
#1512 = DIRECTION ( 'NONE',  ( 0.000000000000000000, -1.000000000000000000, 0.000000000000000000 ) ) ;
#1513 = VERTEX_POINT ( 'NONE', #765 ) ;
#1514 = EDGE_CURVE ( 'NONE', #525, #37, #1444, .T. ) ;
#1515 = CARTESIAN_POINT ( 'NONE',  ( -293.0000000000000000, 209.5000000000000284, -58.00000000000000000 ) ) ;
#1516 = ORIENTED_EDGE ( 'NONE', *, *, #641, .T. ) ;
#1517 = CARTESIAN_POINT ( 'NONE',  ( -291.5000000000000000, 194.0000000000000000, -58.00000000000000000 ) ) ;
#1518 = DIRECTION ( 'NONE',  ( 0.000000000000000000, -1.000000000000000000, -0.000000000000000000 ) ) ;
#1519 = DIRECTION ( 'NONE',  ( -1.000000000000000000, -0.000000000000000000, 0.000000000000000000 ) ) ;
#1520 = CC_DESIGN_PERSON_AND_ORGANIZATION_ASSIGNMENT ( #1014, #158, ( #1447 ) ) ;
#1521 = DIRECTION ( 'NONE',  ( -0.000000000000000000, 1.000000000000000000, 0.000000000000000000 ) ) ;
#1522 = EDGE_LOOP ( 'NONE', ( #471, #1772, #618, #761 ) ) ;
#1523 = CARTESIAN_POINT ( 'NONE',  ( -291.1999999999999886, 188.0000000000000000, -7.700000000000000178 ) ) ;
#1524 = ADVANCED_FACE ( 'NONE', ( #1668 ), #1492, .T. ) ;
#1525 = DIRECTION ( 'NONE',  ( 0.000000000000000000, 0.000000000000000000, 1.000000000000000000 ) ) ;
#1526 = DIRECTION ( 'NONE',  ( -0.000000000000000000, 0.000000000000000000, -1.000000000000000000 ) ) ;
#1527 = CYLINDRICAL_SURFACE ( 'NONE', #1843, 1.700000000000000178 ) ;
#1528 = DIRECTION ( 'NONE',  ( -1.000000000000000000, -0.000000000000000000, 0.000000000000000000 ) ) ;
#1529 = CIRCLE ( 'NONE', #1715, 1.700000000000000178 ) ;
#1530 = CIRCLE ( 'NONE', #991, 1.700000000000000178 ) ;
#1531 = AXIS2_PLACEMENT_3D ( 'NONE', #1468, #1031, #184 ) ;
#1532 = CIRCLE ( 'NONE', #1566, 1.700000000000000178 ) ;
#1533 = ORIENTED_EDGE ( 'NONE', *, *, #199, .F. ) ;
#1534 = VECTOR ( 'NONE', #135, 1000.000000000000000 ) ;
#1535 = DIRECTION ( 'NONE',  ( -0.000000000000000000, 1.000000000000000000, 0.000000000000000000 ) ) ;
#1536 = EDGE_CURVE ( 'NONE', #1178, #442, #1342, .T. ) ;
#1537 = CYLINDRICAL_SURFACE ( 'NONE', #1085, 1.700000000000000178 ) ;
#1538 = EDGE_LOOP ( 'NONE', ( #1586, #1858 ) ) ;
#1539 = FACE_BOUND ( 'NONE', #220, .T. ) ;
#1540 = CARTESIAN_POINT ( 'NONE',  ( -291.1999999999999886, -188.0000000000000000, -7.700000000000000178 ) ) ;
#1541 = CYLINDRICAL_SURFACE ( 'NONE', #302, 1.700000000000000178 ) ;
#1542 = ADVANCED_FACE ( 'NONE', ( #1812 ), #81, .F. ) ;
#1543 = ORIENTED_EDGE ( 'NONE', *, *, #655, .F. ) ;
#1544 = CARTESIAN_POINT ( 'NONE',  ( -294.5000000000000000, -200.0000000000000000, -7.700000000000000178 ) ) ;
#1545 = CARTESIAN_POINT ( 'NONE',  ( -294.5000000000000000, 209.5000000000000284, 14.00000000000000533 ) ) ;
#1546 = EDGE_CURVE ( 'NONE', #145, #1361, #787, .T. ) ;
#1547 = ORIENTED_EDGE ( 'NONE', *, *, #468, .T. ) ;
#1548 = DIRECTION ( 'NONE',  ( 1.000000000000000000, 0.000000000000000000, -0.000000000000000000 ) ) ;
#1549 =( NAMED_UNIT ( * ) SI_UNIT ( $, .STERADIAN. ) SOLID_ANGLE_UNIT ( ) );
#1550 = LINE ( 'NONE', #1376, #390 ) ;
#1551 = EDGE_CURVE ( 'NONE', #1135, #1508, #793, .T. ) ;
#1552 = ORIENTED_EDGE ( 'NONE', *, *, #216, .T. ) ;
#1553 = FACE_BOUND ( 'NONE', #774, .T. ) ;
#1554 = LINE ( 'NONE', #705, #748 ) ;
#1555 = CARTESIAN_POINT ( 'NONE',  ( 291.5000000000000000, -188.0000000000000000, -18.00000000000000355 ) ) ;
#1556 = EDGE_LOOP ( 'NONE', ( #1422, #1244 ) ) ;
#1557 = DIRECTION ( 'NONE',  ( -1.000000000000000000, -0.000000000000000000, 0.000000000000000000 ) ) ;
#1558 = PERSON_AND_ORGANIZATION_ROLE ( 'design_owner' ) ;
#1559 = DIRECTION ( 'NONE',  ( 0.000000000000000000, 0.000000000000000000, -1.000000000000000000 ) ) ;
#1560 = EDGE_CURVE ( 'NONE', #1065, #1508, #1257, .T. ) ;
#1561 = ORIENTED_EDGE ( 'NONE', *, *, #1284, .T. ) ;
#1562 = EDGE_LOOP ( 'NONE', ( #1357, #1458, #341, #1491 ) ) ;
#1563 = VECTOR ( 'NONE', #1519, 1000.000000000000000 ) ;
#1564 = CIRCLE ( 'NONE', #597, 1.700000000000000178 ) ;
#1565 = LINE ( 'NONE', #1676, #544 ) ;
#1566 = AXIS2_PLACEMENT_3D ( 'NONE', #798, #1045, #1795 ) ;
#1567 = EDGE_CURVE ( 'NONE', #754, #879, #905, .T. ) ;
#1568 = AXIS2_PLACEMENT_3D ( 'NONE', #709, #534, #1105 ) ;
#1569 = DIRECTION ( 'NONE',  ( 0.000000000000000000, 0.000000000000000000, -1.000000000000000000 ) ) ;
#1570 = LOCAL_TIME ( 16, 1, 42.00000000000000000, #1611 ) ;
#1571 = ORIENTED_EDGE ( 'NONE', *, *, #1514, .T. ) ;
#1572 = DIRECTION ( 'NONE',  ( 0.000000000000000000, 0.000000000000000000, 1.000000000000000000 ) ) ;
#1573 = DATE_AND_TIME ( #1242, #1261 ) ;
#1574 = CARTESIAN_POINT ( 'NONE',  ( 291.1999999999999886, 188.0000000000000000, -4.299999999999999822 ) ) ;
#1575 = EDGE_CURVE ( 'NONE', #1371, #1088, #1779, .T. ) ;
#1576 = ORIENTED_EDGE ( 'NONE', *, *, #165, .F. ) ;
#1577 = ORIENTED_EDGE ( 'NONE', *, *, #1796, .F. ) ;
#1578 = CARTESIAN_POINT ( 'NONE',  ( 291.1999999999999886, -188.0000000000000000, -7.700000000000000178 ) ) ;
#1579 = EDGE_CURVE ( 'NONE', #1000, #1063, #1332, .T. ) ;
#1580 = CARTESIAN_POINT ( 'NONE',  ( 293.0000000000000000, -194.0000000000000000, -58.00000000000000000 ) ) ;
#1581 = ORIENTED_EDGE ( 'NONE', *, *, #965, .T. ) ;
#1582 = FACE_BOUND ( 'NONE', #1225, .T. ) ;
#1583 = CARTESIAN_POINT ( 'NONE',  ( -291.1999999999999886, -200.0000000000000000, -4.299999999999999822 ) ) ;
#1584 = CARTESIAN_POINT ( 'NONE',  ( 293.0000000000000000, 209.5000000000000284, -58.00000000000000000 ) ) ;
#1585 = CARTESIAN_POINT ( 'NONE',  ( -291.5000000000000000, -188.0000000000000000, -16.30000000000000071 ) ) ;
#1586 = ORIENTED_EDGE ( 'NONE', *, *, #1817, .F. ) ;
#1587 = CARTESIAN_POINT ( 'NONE',  ( -291.5000000000000000, -188.0000000000000000, -18.00000000000000355 ) ) ;
#1588 = DATE_AND_TIME ( #605, #820 ) ;
#1589 = DIRECTION ( 'NONE',  ( 0.000000000000000000, 0.000000000000000000, 1.000000000000000000 ) ) ;
#1590 = DIRECTION ( 'NONE',  ( -1.000000000000000000, 0.000000000000000000, 0.000000000000000000 ) ) ;
#1591 = EDGE_CURVE ( 'NONE', #622, #1787, #44, .T. ) ;
#1592 = ORIENTED_EDGE ( 'NONE', *, *, #704, .F. ) ;
#1593 = CIRCLE ( 'NONE', #89, 1.700000000000000178 ) ;
#1594 = DIRECTION ( 'NONE',  ( 0.000000000000000000, 0.000000000000000000, -1.000000000000000000 ) ) ;
#1595 = VECTOR ( 'NONE', #586, 1000.000000000000000 ) ;
#1596 = DIRECTION ( 'NONE',  ( 1.000000000000000000, 0.000000000000000000, -0.000000000000000000 ) ) ;
#1597 = AXIS2_PLACEMENT_3D ( 'NONE', #1, #1287, #1277 ) ;
#1598 = AXIS2_PLACEMENT_3D ( 'NONE', #116, #267, #1133 ) ;
#1599 = EDGE_CURVE ( 'NONE', #1487, #478, #915, .T. ) ;
#1600 = CARTESIAN_POINT ( 'NONE',  ( 291.5000000000000000, -200.0000000000000000, -19.70000000000000284 ) ) ;
#1601 = ORIENTED_EDGE ( 'NONE', *, *, #806, .F. ) ;
#1602 = ORIENTED_EDGE ( 'NONE', *, *, #426, .F. ) ;
#1603 = FACE_OUTER_BOUND ( 'NONE', #1123, .T. ) ;
#1604 = FACE_OUTER_BOUND ( 'NONE', #959, .T. ) ;
#1605 = EDGE_CURVE ( 'NONE', #37, #1356, #1189, .T. ) ;
#1606 = CARTESIAN_POINT ( 'NONE',  ( 291.1999999999999886, 188.0000000000000000, -16.30000000000000071 ) ) ;
#1607 = EDGE_LOOP ( 'NONE', ( #1210, #1592, #1639, #48 ) ) ;
#1608 = ORIENTED_EDGE ( 'NONE', *, *, #625, .F. ) ;
#1609 = ORIENTED_EDGE ( 'NONE', *, *, #459, .F. ) ;
#1610 = LINE ( 'NONE', #306, #334 ) ;
#1611 = COORDINATED_UNIVERSAL_TIME_OFFSET ( 8, 0, .AHEAD. ) ;
#1612 = DIRECTION ( 'NONE',  ( 1.000000000000000000, 0.000000000000000000, 0.000000000000000000 ) ) ;
#1613 = ORIENTED_EDGE ( 'NONE', *, *, #539, .F. ) ;
#1614 = CARTESIAN_POINT ( 'NONE',  ( -294.5000000000000000, 188.0000000000000000, -4.299999999999999822 ) ) ;
#1615 = EDGE_CURVE ( 'NONE', #740, #673, #1783, .T. ) ;
#1616 = LINE ( 'NONE', #1606, #1595 ) ;
#1617 = ORIENTED_EDGE ( 'NONE', *, *, #1839, .T. ) ;
#1618 = EDGE_CURVE ( 'NONE', #898, #461, #484, .T. ) ;
#1619 = EDGE_LOOP ( 'NONE', ( #463, #925, #1205, #499 ) ) ;
#1620 = AXIS2_PLACEMENT_3D ( 'NONE', #1007, #1596, #1559 ) ;
#1621 = AXIS2_PLACEMENT_3D ( 'NONE', #970, #831, #1399 ) ;
#1622 = LINE ( 'NONE', #1786, #665 ) ;
#1623 = ORIENTED_EDGE ( 'NONE', *, *, #1461, .T. ) ;
#1624 = AXIS2_PLACEMENT_3D ( 'NONE', #1804, #344, #776 ) ;
#1625 = AXIS2_PLACEMENT_3D ( 'NONE', #351, #1512, #642 ) ;
#1626 = CARTESIAN_POINT ( 'NONE',  ( 293.0000000000000000, 178.5000000000000000, -58.00000000000000000 ) ) ;
#1627 = ORGANIZATION ( '未', '未', '' ) ;
#1628 = VERTEX_POINT ( 'NONE', #1050 ) ;
#1629 = CARTESIAN_POINT ( 'NONE',  ( 294.5000000000000000, 209.5000000000000284, -58.00000000000000000 ) ) ;
#1630 = ORIENTED_EDGE ( 'NONE', *, *, #795, .F. ) ;
#1631 = ORIENTED_EDGE ( 'NONE', *, *, #109, .T. ) ;
#1632 = EDGE_CURVE ( 'NONE', #1723, #1080, #1871, .T. ) ;
#1633 = FACE_OUTER_BOUND ( 'NONE', #1799, .T. ) ;
#1634 = ORIENTED_EDGE ( 'NONE', *, *, #41, .T. ) ;
#1635 = LINE ( 'NONE', #1818, #1310 ) ;
#1636 = DIRECTION ( 'NONE',  ( 0.000000000000000000, 0.000000000000000000, -1.000000000000000000 ) ) ;
#1637 = VERTEX_POINT ( 'NONE', #340 ) ;
#1638 = CARTESIAN_POINT ( 'NONE',  ( 294.5000000000000000, -200.0000000000000000, -6.000000000000000000 ) ) ;
#1639 = ORIENTED_EDGE ( 'NONE', *, *, #778, .F. ) ;
#1640 = EDGE_CURVE ( 'NONE', #1628, #1453, #1791, .T. ) ;
#1641 = VERTEX_POINT ( 'NONE', #1483 ) ;
#1642 = PLANE ( 'NONE',  #1837 ) ;
#1643 = ORIENTED_EDGE ( 'NONE', *, *, #866, .T. ) ;
#1644 = DIRECTION ( 'NONE',  ( 0.000000000000000000, 0.000000000000000000, 1.000000000000000000 ) ) ;
#1645 = DIRECTION ( 'NONE',  ( -1.000000000000000000, 0.000000000000000000, 0.000000000000000000 ) ) ;
#1646 = ORIENTED_EDGE ( 'NONE', *, *, #953, .T. ) ;
#1647 = FACE_OUTER_BOUND ( 'NONE', #1619, .T. ) ;
#1648 = ORIENTED_EDGE ( 'NONE', *, *, #1615, .T. ) ;
#1649 = CARTESIAN_POINT ( 'NONE',  ( 291.5000000000000000, 209.5000000000000284, 14.00000000000000533 ) ) ;
#1650 = ORIENTED_EDGE ( 'NONE', *, *, #1480, .T. ) ;
#1651 = CYLINDRICAL_SURFACE ( 'NONE', #1168, 1.700000000000000178 ) ;
#1652 = DIRECTION ( 'NONE',  ( 0.000000000000000000, 0.000000000000000000, 1.000000000000000000 ) ) ;
#1653 = AXIS2_PLACEMENT_3D ( 'NONE', #1392, #142, #1276 ) ;
#1654 = CARTESIAN_POINT ( 'NONE',  ( 291.1999999999999886, 200.0000000000000000, -4.299999999999999822 ) ) ;
#1655 = AXIS2_PLACEMENT_3D ( 'NONE', #1638, #524, #923 ) ;
#1656 = AXIS2_PLACEMENT_3D ( 'NONE', #264, #1385, #533 ) ;
#1657 = EDGE_CURVE ( 'NONE', #1792, #1032, #91, .T. ) ;
#1658 = CARTESIAN_POINT ( 'NONE',  ( -294.5000000000000000, -209.5000000000000284, -58.00000000000000000 ) ) ;
#1659 = AXIS2_PLACEMENT_3D ( 'NONE', #1702, #139, #1681 ) ;
#1660 = CIRCLE ( 'NONE', #906, 1.700000000000000178 ) ;
#1661 = EDGE_LOOP ( 'NONE', ( #318, #1853 ) ) ;
#1662 = CARTESIAN_POINT ( 'NONE',  ( -293.0000000000000000, -194.0000000000000000, -58.00000000000000000 ) ) ;
#1663 = VERTEX_POINT ( 'NONE', #1081 ) ;
#1664 = DIRECTION ( 'NONE',  ( 0.000000000000000000, 0.000000000000000000, 1.000000000000000000 ) ) ;
#1665 = PLANE ( 'NONE',  #933 ) ;
#1666 = ADVANCED_FACE ( 'NONE', ( #1647 ), #931, .F. ) ;
#1667 = DIRECTION ( 'NONE',  ( 1.000000000000000000, 0.000000000000000000, 0.000000000000000000 ) ) ;
#1668 = FACE_OUTER_BOUND ( 'NONE', #95, .T. ) ;
#1669 = VERTEX_POINT ( 'NONE', #1379 ) ;
#1670 = DIRECTION ( 'NONE',  ( -1.000000000000000000, 0.000000000000000000, 0.000000000000000000 ) ) ;
#1671 = CARTESIAN_POINT ( 'NONE',  ( 291.5000000000000000, -188.0000000000000000, -16.30000000000000071 ) ) ;
#1672 = CARTESIAN_POINT ( 'NONE',  ( -294.5000000000000000, -194.0000000000000000, -58.00000000000000000 ) ) ;
#1673 = CARTESIAN_POINT ( 'NONE',  ( -294.5000000000000000, 188.0000000000000000, -18.00000000000000355 ) ) ;
#1674 = EDGE_CURVE ( 'NONE', #689, #106, #1237, .T. ) ;
#1675 = EDGE_LOOP ( 'NONE', ( #286, #274, #438, #1191 ) ) ;
#1676 = CARTESIAN_POINT ( 'NONE',  ( 291.1999999999999886, 200.0000000000000000, -19.70000000000000284 ) ) ;
#1677 = EDGE_CURVE ( 'NONE', #1394, #1302, #810, .T. ) ;
#1678 = DIRECTION ( 'NONE',  ( 1.000000000000000000, 0.000000000000000000, 0.000000000000000000 ) ) ;
#1679 = VERTEX_POINT ( 'NONE', #203 ) ;
#1680 = CARTESIAN_POINT ( 'NONE',  ( -294.5000000000000000, 194.0000000000000000, -58.00000000000000000 ) ) ;
#1681 = DIRECTION ( 'NONE',  ( -1.000000000000000000, 0.000000000000000000, 0.000000000000000000 ) ) ;
#1682 = DIRECTION ( 'NONE',  ( 0.000000000000000000, 0.000000000000000000, 1.000000000000000000 ) ) ;
#1683 = CIRCLE ( 'NONE', #480, 1.700000000000000178 ) ;
#1684 = AXIS2_PLACEMENT_3D ( 'NONE', #796, #606, #75 ) ;
#1685 = AXIS2_PLACEMENT_3D ( 'NONE', #127, #1240, #1824 ) ;
#1686 = VERTEX_POINT ( 'NONE', #50 ) ;
#1687 = VECTOR ( 'NONE', #492, 1000.000000000000000 ) ;
#1688 = CARTESIAN_POINT ( 'NONE',  ( -291.1999999999999886, -188.0000000000000000, -19.70000000000000284 ) ) ;
#1689 = CARTESIAN_POINT ( 'NONE',  ( 291.5000000000000000, -200.0000000000000000, -6.000000000000000000 ) ) ;
#1690 = EDGE_CURVE ( 'NONE', #491, #1641, #626, .T. ) ;
#1691 = VERTEX_POINT ( 'NONE', #1767 ) ;
#1692 = LINE ( 'NONE', #422, #963 ) ;
#1693 = APPROVAL_STATUS ( 'not_yet_approved' ) ;
#1694 = LINE ( 'NONE', #1390, #1194 ) ;
#1695 = VERTEX_POINT ( 'NONE', #215 ) ;
#1696 = ORIENTED_EDGE ( 'NONE', *, *, #84, .T. ) ;
#1697 = DIRECTION ( 'NONE',  ( 0.000000000000000000, 0.000000000000000000, -1.000000000000000000 ) ) ;
#1698 = CARTESIAN_POINT ( 'NONE',  ( -291.5000000000000000, 188.0000000000000000, -7.700000000000000178 ) ) ;
#1699 = ADVANCED_FACE ( 'NONE', ( #498 ), #1789, .F. ) ;
#1700 = EDGE_LOOP ( 'NONE', ( #1768, #1744, #640, #1018 ) ) ;
#1701 = DIRECTION ( 'NONE',  ( 1.000000000000000000, 0.000000000000000000, -0.000000000000000000 ) ) ;
#1702 = CARTESIAN_POINT ( 'NONE',  ( 293.0000000000000000, 194.0000000000000000, -58.00000000000000000 ) ) ;
#1703 = CYLINDRICAL_SURFACE ( 'NONE', #513, 1.700000000000000178 ) ;
#1704 = ORIENTED_EDGE ( 'NONE', *, *, #1042, .T. ) ;
#1705 = ORIENTED_EDGE ( 'NONE', *, *, #205, .T. ) ;
#1706 = LINE ( 'NONE', #1432, #992 ) ;
#1707 = FACE_OUTER_BOUND ( 'NONE', #343, .T. ) ;
#1708 = ORIENTED_EDGE ( 'NONE', *, *, #676, .T. ) ;
#1709 = FACE_OUTER_BOUND ( 'NONE', #1494, .T. ) ;
#1710 = APPROVAL_DATE_TIME ( #564, #212 ) ;
#1711 = LINE ( 'NONE', #458, #1110 ) ;
#1712 = EDGE_LOOP ( 'NONE', ( #731, #1056 ) ) ;
#1713 = ORIENTED_EDGE ( 'NONE', *, *, #136, .F. ) ;
#1714 = EDGE_CURVE ( 'NONE', #1095, #1403, #348, .T. ) ;
#1715 = AXIS2_PLACEMENT_3D ( 'NONE', #1673, #1243, #108 ) ;
#1716 = AXIS2_PLACEMENT_3D ( 'NONE', #202, #638, #1644 ) ;
#1717 = CARTESIAN_POINT ( 'NONE',  ( 291.1999999999999886, -200.0000000000000000, -6.000000000000000000 ) ) ;
#1718 = VECTOR ( 'NONE', #1384, 1000.000000000000000 ) ;
#1719 = VECTOR ( 'NONE', #995, 1000.000000000000000 ) ;
#1720 = CIRCLE ( 'NONE', #817, 1.700000000000000178 ) ;
#1721 = DIRECTION ( 'NONE',  ( 0.000000000000000000, 0.000000000000000000, 1.000000000000000000 ) ) ;
#1722 = VECTOR ( 'NONE', #437, 1000.000000000000000 ) ;
#1723 = VERTEX_POINT ( 'NONE', #1614 ) ;
#1724 = DIRECTION ( 'NONE',  ( -1.000000000000000000, -0.000000000000000000, 0.000000000000000000 ) ) ;
#1725 = CARTESIAN_POINT ( 'NONE',  ( -291.5000000000000000, -209.5000000000000284, 14.00000000000000533 ) ) ;
#1726 = ADVANCED_FACE ( 'NONE', ( #780 ), #61, .F. ) ;
#1727 = VERTEX_POINT ( 'NONE', #763 ) ;
#1728 = DIRECTION ( 'NONE',  ( -1.000000000000000000, -0.000000000000000000, 0.000000000000000000 ) ) ;
#1729 = DIRECTION ( 'NONE',  ( 0.000000000000000000, 0.000000000000000000, -1.000000000000000000 ) ) ;
#1730 = VERTEX_POINT ( 'NONE', #187 ) ;
#1731 = CARTESIAN_POINT ( 'NONE',  ( -291.5000000000000000, 200.0000000000000000, -19.70000000000000284 ) ) ;
#1732 = DIRECTION ( 'NONE',  ( 1.000000000000000000, 0.000000000000000000, 0.000000000000000000 ) ) ;
#1733 = EDGE_CURVE ( 'NONE', #1329, #1071, #1084, .T. ) ;
#1734 = PLANE ( 'NONE',  #1023 ) ;
#1735 = ORIENTED_EDGE ( 'NONE', *, *, #806, .T. ) ;
#1736 = ADVANCED_FACE ( 'NONE', ( #1350 ), #1058, .F. ) ;
#1737 = DIRECTION ( 'NONE',  ( -1.000000000000000000, -0.000000000000000000, 0.000000000000000000 ) ) ;
#1738 = COORDINATED_UNIVERSAL_TIME_OFFSET ( 8, 0, .AHEAD. ) ;
#1739 = CARTESIAN_POINT ( 'NONE',  ( 293.0000000000000000, -194.0000000000000000, 14.00000000000000533 ) ) ;
#1740 = DIRECTION ( 'NONE',  ( 0.000000000000000000, 0.000000000000000000, -1.000000000000000000 ) ) ;
#1741 = ADVANCED_FACE ( 'NONE', ( #639 ), #1209, .T. ) ;
#1742 = AXIS2_PLACEMENT_3D ( 'NONE', #682, #284, #1697 ) ;
#1743 = AXIS2_PLACEMENT_3D ( 'NONE', #261, #839, #1264 ) ;
#1744 = ORIENTED_EDGE ( 'NONE', *, *, #1551, .T. ) ;
#1745 = AXIS2_PLACEMENT_3D ( 'NONE', #1555, #833, #1525 ) ;
#1746 = LINE ( 'NONE', #28, #1147 ) ;
#1747 = VECTOR ( 'NONE', #1187, 1000.000000000000000 ) ;
#1748 = FACE_OUTER_BOUND ( 'NONE', #854, .T. ) ;
#1749 = AXIS2_PLACEMENT_3D ( 'NONE', #294, #572, #447 ) ;
#1750 = ADVANCED_FACE ( 'NONE', ( #1219 ), #508, .T. ) ;
#1751 = CARTESIAN_POINT ( 'NONE',  ( -291.5000000000000000, -200.0000000000000000, -18.00000000000000355 ) ) ;
#1752 = ORIENTED_EDGE ( 'NONE', *, *, #1204, .F. ) ;
#1753 = VERTEX_POINT ( 'NONE', #1195 ) ;
#1754 = ORIENTED_EDGE ( 'NONE', *, *, #1066, .T. ) ;
#1755 = EDGE_CURVE ( 'NONE', #1172, #1371, #928, .T. ) ;
#1756 = CARTESIAN_POINT ( 'NONE',  ( -291.5000000000000000, 200.0000000000000000, -6.000000000000000000 ) ) ;
#1757 = LINE ( 'NONE', #465, #693 ) ;
#1758 = ORIENTED_EDGE ( 'NONE', *, *, #1224, .T. ) ;
#1759 = DIRECTION ( 'NONE',  ( 0.000000000000000000, 0.000000000000000000, 1.000000000000000000 ) ) ;
#1760 = EDGE_CURVE ( 'NONE', #1071, #1329, #125, .T. ) ;
#1761 = DIRECTION ( 'NONE',  ( -0.000000000000000000, 1.000000000000000000, 0.000000000000000000 ) ) ;
#1762 = ORIENTED_EDGE ( 'NONE', *, *, #1615, .F. ) ;
#1763 = EDGE_LOOP ( 'NONE', ( #834, #1220 ) ) ;
#1764 = VERTEX_POINT ( 'NONE', #921 ) ;
#1765 = DIRECTION ( 'NONE',  ( -1.000000000000000000, -0.000000000000000000, 0.000000000000000000 ) ) ;
#1766 = ORIENTED_EDGE ( 'NONE', *, *, #1278, .F. ) ;
#1767 = CARTESIAN_POINT ( 'NONE',  ( 294.5000000000000000, -209.5000000000000284, 14.00000000000000533 ) ) ;
#1768 = ORIENTED_EDGE ( 'NONE', *, *, #102, .T. ) ;
#1769 = CARTESIAN_POINT ( 'NONE',  ( -291.1999999999999886, 200.0000000000000000, -19.70000000000000284 ) ) ;
#1770 = EDGE_CURVE ( 'NONE', #1686, #1663, #1079, .T. ) ;
#1771 = ORIENTED_EDGE ( 'NONE', *, *, #1674, .T. ) ;
#1772 = ORIENTED_EDGE ( 'NONE', *, *, #1857, .F. ) ;
#1773 = CIRCLE ( 'NONE', #150, 1.700000000000000178 ) ;
#1774 = CARTESIAN_POINT ( 'NONE',  ( -293.0000000000000000, -209.5000000000000284, 14.00000000000000533 ) ) ;
#1775 = CIRCLE ( 'NONE', #1742, 1.700000000000000178 ) ;
#1776 = EDGE_LOOP ( 'NONE', ( #311, #362, #1343, #909 ) ) ;
#1777 = AXIS2_PLACEMENT_3D ( 'NONE', #255, #551, #97 ) ;
#1778 = CARTESIAN_POINT ( 'NONE',  ( 291.5000000000000000, -188.0000000000000000, -19.70000000000000284 ) ) ;
#1779 = CIRCLE ( 'NONE', #397, 1.700000000000000178 ) ;
#1780 = AXIS2_PLACEMENT_3D ( 'NONE', #1580, #880, #1030 ) ;
#1781 = DIRECTION ( 'NONE',  ( -0.000000000000000000, 0.000000000000000000, -1.000000000000000000 ) ) ;
#1782 = ORIENTED_EDGE ( 'NONE', *, *, #407, .F. ) ;
#1783 = LINE ( 'NONE', #1769, #454 ) ;
#1784 = ORIENTED_EDGE ( 'NONE', *, *, #1412, .F. ) ;
#1785 = ORIENTED_EDGE ( 'NONE', *, *, #1536, .T. ) ;
#1786 = CARTESIAN_POINT ( 'NONE',  ( 291.1999999999999886, -188.0000000000000000, -16.30000000000000071 ) ) ;
#1787 = VERTEX_POINT ( 'NONE', #1319 ) ;
#1788 = CARTESIAN_POINT ( 'NONE',  ( 294.5000000000000000, 178.5000000000000000, -58.00000000000000000 ) ) ;
#1789 = CYLINDRICAL_SURFACE ( 'NONE', #367, 1.700000000000000178 ) ;
#1790 = ORIENTED_EDGE ( 'NONE', *, *, #1714, .T. ) ;
#1791 = LINE ( 'NONE', #1629, #1687 ) ;
#1792 = VERTEX_POINT ( 'NONE', #609 ) ;
#1793 = LINE ( 'NONE', #652, #1501 ) ;
#1794 = ORIENTED_EDGE ( 'NONE', *, *, #165, .T. ) ;
#1795 = DIRECTION ( 'NONE',  ( 0.000000000000000000, 0.000000000000000000, -1.000000000000000000 ) ) ;
#1796 = EDGE_CURVE ( 'NONE', #1172, #772, #968, .T. ) ;
#1797 = LINE ( 'NONE', #941, #425 ) ;
#1798 = DIRECTION ( 'NONE',  ( 1.000000000000000000, 0.000000000000000000, -0.000000000000000000 ) ) ;
#1799 = EDGE_LOOP ( 'NONE', ( #1324, #711, #803, #1083 ) ) ;
#1800 = CARTESIAN_POINT ( 'NONE',  ( -291.1999999999999886, 200.0000000000000000, -6.000000000000000000 ) ) ;
#1801 = VERTEX_POINT ( 'NONE', #1047 ) ;
#1802 = LINE ( 'NONE', #1523, #481 ) ;
#1803 = ORIENTED_EDGE ( 'NONE', *, *, #1755, .T. ) ;
#1804 = CARTESIAN_POINT ( 'NONE',  ( 293.0000000000000000, 194.0000000000000000, 14.00000000000000533 ) ) ;
#1805 = CIRCLE ( 'NONE', #1465, 1.700000000000000178 ) ;
#1806 = CARTESIAN_POINT ( 'NONE',  ( 291.5000000000000000, -200.0000000000000000, -18.00000000000000355 ) ) ;
#1807 = ADVANCED_FACE ( 'NONE', ( #900 ), #1473, .T. ) ;
#1808 = VECTOR ( 'NONE', #864, 1000.000000000000000 ) ;
#1809 = DIRECTION ( 'NONE',  ( 0.000000000000000000, 0.000000000000000000, -1.000000000000000000 ) ) ;
#1810 = AXIS2_PLACEMENT_3D ( 'NONE', #47, #1765, #623 ) ;
#1811 = AXIS2_PLACEMENT_3D ( 'NONE', #1027, #1016, #734 ) ;
#1812 = FACE_OUTER_BOUND ( 'NONE', #114, .T. ) ;
#1813 = AXIS2_PLACEMENT_3D ( 'NONE', #1450, #1019, #1280 ) ;
#1814 = ORIENTED_EDGE ( 'NONE', *, *, #1042, .F. ) ;
#1815 = CARTESIAN_POINT ( 'NONE',  ( 291.5000000000000000, 200.0000000000000000, -16.30000000000000071 ) ) ;
#1816 = FACE_BOUND ( 'NONE', #1322, .T. ) ;
#1817 = EDGE_CURVE ( 'NONE', #1764, #745, #520, .T. ) ;
#1818 = CARTESIAN_POINT ( 'NONE',  ( 294.5000000000000000, 194.0000000000000000, 14.00000000000000533 ) ) ;
#1819 = LINE ( 'NONE', #800, #1051 ) ;
#1820 = CARTESIAN_POINT ( 'NONE',  ( 291.5000000000000000, -194.0000000000000000, 14.00000000000000533 ) ) ;
#1821 = ORIENTED_EDGE ( 'NONE', *, *, #1224, .F. ) ;
#1822 = ADVANCED_FACE ( 'NONE', ( #686 ), #984, .T. ) ;
#1823 = CYLINDRICAL_SURFACE ( 'NONE', #1253, 1.700000000000000178 ) ;
#1824 = DIRECTION ( 'NONE',  ( 0.000000000000000000, 0.000000000000000000, -1.000000000000000000 ) ) ;
#1825 = CARTESIAN_POINT ( 'NONE',  ( -294.5000000000000000, -178.5000000000000000, 14.00000000000000533 ) ) ;
#1826 = LINE ( 'NONE', #1540, #938 ) ;
#1827 = CYLINDRICAL_SURFACE ( 'NONE', #661, 1.700000000000000178 ) ;
#1828 = DIRECTION ( 'NONE',  ( 1.000000000000000000, 0.000000000000000000, -0.000000000000000000 ) ) ;
#1829 = CARTESIAN_POINT ( 'NONE',  ( 291.5000000000000000, -178.5000000000000000, -58.00000000000000000 ) ) ;
#1830 = CARTESIAN_POINT ( 'NONE',  ( -293.0000000000000000, 209.5000000000000284, 14.00000000000000533 ) ) ;
#1831 = ORIENTED_EDGE ( 'NONE', *, *, #741, .T. ) ;
#1832 = CARTESIAN_POINT ( 'NONE',  ( 291.5000000000000000, 200.0000000000000000, -7.700000000000000178 ) ) ;
#1833 = MECHANICAL_CONTEXT ( 'NONE', #18, 'mechanical' ) ;
#1834 = DIRECTION ( 'NONE',  ( -1.000000000000000000, 0.000000000000000000, 0.000000000000000000 ) ) ;
#1835 = VECTOR ( 'NONE', #1667, 1000.000000000000000 ) ;
#1836 = VECTOR ( 'NONE', #954, 1000.000000000000000 ) ;
#1837 = AXIS2_PLACEMENT_3D ( 'NONE', #1185, #654, #1336 ) ;
#1838 = ORIENTED_EDGE ( 'NONE', *, *, #890, .F. ) ;
#1839 = EDGE_CURVE ( 'NONE', #1071, #1004, #1826, .T. ) ;
#1840 = AXIS2_PLACEMENT_3D ( 'NONE', #1869, #1728, #291 ) ;
#1841 = AXIS2_PLACEMENT_3D ( 'NONE', #1587, #862, #312 ) ;
#1842 = DIRECTION ( 'NONE',  ( 1.000000000000000000, 0.000000000000000000, 0.000000000000000000 ) ) ;
#1843 = AXIS2_PLACEMENT_3D ( 'NONE', #1389, #976, #828 ) ;
#1844 = DIRECTION ( 'NONE',  ( -0.000000000000000000, 1.000000000000000000, 0.000000000000000000 ) ) ;
#1845 = EDGE_LOOP ( 'NONE', ( #946, #1821 ) ) ;
#1846 = DIRECTION ( 'NONE',  ( 1.000000000000000000, 0.000000000000000000, 0.000000000000000000 ) ) ;
#1847 = DIRECTION ( 'NONE',  ( 0.000000000000000000, 0.000000000000000000, 1.000000000000000000 ) ) ;
#1848 = CARTESIAN_POINT ( 'NONE',  ( 291.5000000000000000, 188.0000000000000000, -4.299999999999999822 ) ) ;
#1849 = ORIENTED_EDGE ( 'NONE', *, *, #822, .F. ) ;
#1850 = ORIENTED_EDGE ( 'NONE', *, *, #1862, .F. ) ;
#1851 = DIRECTION ( 'NONE',  ( -1.000000000000000000, -0.000000000000000000, 0.000000000000000000 ) ) ;
#1852 = DIRECTION ( 'NONE',  ( 0.000000000000000000, 0.000000000000000000, -1.000000000000000000 ) ) ;
#1853 = ORIENTED_EDGE ( 'NONE', *, *, #1546, .F. ) ;
#1854 = CARTESIAN_POINT ( 'NONE',  ( 294.5000000000000000, -200.0000000000000000, -4.299999999999999822 ) ) ;
#1855 = CALENDAR_DATE ( 2026, 29, 8 ) ;
#1856 = LINE ( 'NONE', #424, #785 ) ;
#1857 = EDGE_CURVE ( 'NONE', #1463, #1691, #251, .T. ) ;
#1858 = ORIENTED_EDGE ( 'NONE', *, *, #770, .F. ) ;
#1859 = LINE ( 'NONE', #1410, #747 ) ;
#1860 = CARTESIAN_POINT ( 'NONE',  ( -291.5000000000000000, 194.0000000000000000, 14.00000000000000533 ) ) ;
#1861 = LINE ( 'NONE', #853, #1534 ) ;
#1862 = EDGE_CURVE ( 'NONE', #51, #886, #1169, .T. ) ;
#1863 = ORIENTED_EDGE ( 'NONE', *, *, #1857, .T. ) ;
#1864 = CARTESIAN_POINT ( 'NONE',  ( 291.5000000000000000, -200.0000000000000000, -16.30000000000000071 ) ) ;
#1865 = CARTESIAN_POINT ( 'NONE',  ( 291.1999999999999886, -188.0000000000000000, -6.000000000000000000 ) ) ;
#1866 = ADVANCED_FACE ( 'NONE', ( #1420 ), #1527, .F. ) ;
#1867 = ORIENTED_EDGE ( 'NONE', *, *, #813, .F. ) ;
#1868 = AXIS2_PLACEMENT_3D ( 'NONE', #241, #927, #507 ) ;
#1869 = CARTESIAN_POINT ( 'NONE',  ( 291.5000000000000000, -188.0000000000000000, -18.00000000000000355 ) ) ;
#1870 = VECTOR ( 'NONE', #1535, 1000.000000000000000 ) ;
#1871 = CIRCLE ( 'NONE', #1472, 1.700000000000000178 ) ;
ENDSEC;
END-ISO-10303-21;
