ISO-10303-21;
HEADER;
FILE_DESCRIPTION (( 'STEP AP203' ),
    '1' );
FILE_NAME ('RearDigital_3xDIN_2xUSBD_2xTRS35.STEP',
    '2026-08-25T11:06:23',
    ( '' ),
    ( '' ),
    'SwSTEP 2.0',
    'SolidWorks 2025',
    '' );
FILE_SCHEMA (( 'CONFIG_CONTROL_DESIGN' ));
ENDSEC;

DATA;
#1 = ORIENTED_EDGE ( 'NONE', *, *, #425, .T. ) ;
#2 = APPROVAL_DATE_TIME ( #1346, #1174 ) ;
#3 = ORIENTED_EDGE ( 'NONE', *, *, #1623, .T. ) ;
#4 = CIRCLE ( 'NONE', #1070, 7.500000000000000000 ) ;
#5 = DIRECTION ( 'NONE',  ( 1.000000000000000000, 0.000000000000000000, 0.000000000000000000 ) ) ;
#6 = FACE_BOUND ( 'NONE', #1750, .T. ) ;
#7 = CIRCLE ( 'NONE', #1298, 1.600000000000000755 ) ;
#8 = DIRECTION ( 'NONE',  ( -1.000000000000000000, 0.000000000000000000, 0.000000000000000000 ) ) ;
#9 = VERTEX_POINT ( 'NONE', #957 ) ;
#10 = DIRECTION ( 'NONE',  ( 0.000000000000000000, 0.000000000000000000, 1.000000000000000000 ) ) ;
#11 = AXIS2_PLACEMENT_3D ( 'NONE', #216, #798, #1616 ) ;
#12 = CARTESIAN_POINT ( 'NONE',  ( -51.89999999999999858, -39.00000000000000000, 2.000000000000000000 ) ) ;
#13 = EDGE_CURVE ( 'NONE', #1079, #540, #815, .T. ) ;
#14 = APPLICATION_PROTOCOL_DEFINITION ( 'international standard', 'config_control_design', 1994, #1780 ) ;
#15 = VERTEX_POINT ( 'NONE', #1358 ) ;
#16 = CYLINDRICAL_SURFACE ( 'NONE', #1351, 7.500000000000000000 ) ;
#17 = FACE_BOUND ( 'NONE', #1406, .T. ) ;
#18 = FACE_OUTER_BOUND ( 'NONE', #526, .T. ) ;
#19 = ORIENTED_EDGE ( 'NONE', *, *, #1316, .T. ) ;
#20 = CARTESIAN_POINT ( 'NONE',  ( 32.30000000000000426, 27.00000000000000000, 0.000000000000000000 ) ) ;
#21 = EDGE_LOOP ( 'NONE', ( #1234, #674, #180, #728 ) ) ;
#22 = EDGE_CURVE ( 'NONE', #1260, #719, #135, .T. ) ;
#23 = ORIENTED_EDGE ( 'NONE', *, *, #585, .T. ) ;
#24 = CARTESIAN_POINT ( 'NONE',  ( -72.00000000000001421, -46.00000000000000000, -0.2999999999999999889 ) ) ;
#25 = DIRECTION ( 'NONE',  ( 1.000000000000000000, 0.000000000000000000, 0.000000000000000000 ) ) ;
#26 = DIRECTION ( 'NONE',  ( 0.000000000000000000, 0.000000000000000000, 1.000000000000000000 ) ) ;
#27 = VERTEX_POINT ( 'NONE', #12 ) ;
#28 = CARTESIAN_POINT ( 'NONE',  ( -70.30000000000001137, -46.00000000000000000, -0.2999999999999999889 ) ) ;
#29 = DIRECTION ( 'NONE',  ( 0.000000000000000000, 0.000000000000000000, 1.000000000000000000 ) ) ;
#30 = ORIENTED_EDGE ( 'NONE', *, *, #1789, .F. ) ;
#31 = VECTOR ( 'NONE', #1179, 1000.000000000000000 ) ;
#32 = CYLINDRICAL_SURFACE ( 'NONE', #980, 1.599999999999997202 ) ;
#33 = CIRCLE ( 'NONE', #1463, 1.599999999999997202 ) ;
#34 = EDGE_CURVE ( 'NONE', #1734, #832, #561, .T. ) ;
#35 = CARTESIAN_POINT ( 'NONE',  ( -72.00000000000001421, 46.00000000000000000, -0.2999999999999999889 ) ) ;
#36 = AXIS2_PLACEMENT_3D ( 'NONE', #1410, #181, #736 ) ;
#37 = VERTEX_POINT ( 'NONE', #1505 ) ;
#38 = DIRECTION ( 'NONE',  ( 1.000000000000000000, 0.000000000000000000, 0.000000000000000000 ) ) ;
#39 = AXIS2_PLACEMENT_3D ( 'NONE', #574, #1159, #1143 ) ;
#40 = FACE_BOUND ( 'NONE', #1524, .T. ) ;
#41 = VECTOR ( 'NONE', #471, 1000.000000000000000 ) ;
#42 = EDGE_LOOP ( 'NONE', ( #894, #145, #802, #735 ) ) ;
#43 = DIRECTION ( 'NONE',  ( 1.000000000000000000, 0.000000000000000000, 0.000000000000000000 ) ) ;
#44 = DIRECTION ( 'NONE',  ( 0.000000000000000000, 0.000000000000000000, 1.000000000000000000 ) ) ;
#45 = DIRECTION ( 'NONE',  ( -1.000000000000000000, 0.000000000000000000, 0.000000000000000000 ) ) ;
#46 = ORIENTED_EDGE ( 'NONE', *, *, #1789, .T. ) ;
#47 = DIRECTION ( 'NONE',  ( 1.000000000000000000, 0.000000000000000000, 0.000000000000000000 ) ) ;
#48 = ADVANCED_FACE ( 'NONE', ( #1222, #1639, #423, #270, #975, #288, #845, #1387, #882, #1154, #1011, #1550, #1148, #896, #1423, #40, #195, #49, #753, #1404, #1700, #598 ), #1288, .T. ) ;
#49 = FACE_BOUND ( 'NONE', #375, .T. ) ;
#50 = DIRECTION ( 'NONE',  ( -1.000000000000000000, 0.000000000000000000, 0.000000000000000000 ) ) ;
#51 = ORIENTED_EDGE ( 'NONE', *, *, #1732, .F. ) ;
#52 = DIRECTION ( 'NONE',  ( 1.000000000000000000, 0.000000000000000000, 0.000000000000000000 ) ) ;
#53 = CARTESIAN_POINT ( 'NONE',  ( 72.00000000000001421, 46.00000000000000000, -0.2999999999999999889 ) ) ;
#54 = ORIENTED_EDGE ( 'NONE', *, *, #649, .T. ) ;
#55 = DIRECTION ( 'NONE',  ( -0.000000000000000000, -0.000000000000000000, -1.000000000000000000 ) ) ;
#56 = ADVANCED_FACE ( 'NONE', ( #57 ), #606, .F. ) ;
#57 = FACE_OUTER_BOUND ( 'NONE', #476, .T. ) ;
#58 = EDGE_CURVE ( 'NONE', #719, #1263, #207, .T. ) ;
#59 = ORIENTED_EDGE ( 'NONE', *, *, #828, .F. ) ;
#60 = CARTESIAN_POINT ( 'NONE',  ( -7.500000000000000000, 27.00000000000000000, 0.000000000000000000 ) ) ;
#61 = AXIS2_PLACEMENT_3D ( 'NONE', #1309, #1454, #644 ) ;
#62 = DIRECTION ( 'NONE',  ( -0.000000000000000000, -0.000000000000000000, -1.000000000000000000 ) ) ;
#63 = ORIENTED_EDGE ( 'NONE', *, *, #1652, .T. ) ;
#64 = CIRCLE ( 'NONE', #1583, 1.699999999999993072 ) ;
#65 = AXIS2_PLACEMENT_3D ( 'NONE', #1558, #890, #738 ) ;
#66 = CARTESIAN_POINT ( 'NONE',  ( -57.70000000000000284, 27.00000000000000000, -0.2999999999999999889 ) ) ;
#67 = DIRECTION ( 'NONE',  ( 0.000000000000000000, 0.000000000000000000, 1.000000000000000000 ) ) ;
#68 = AXIS2_PLACEMENT_3D ( 'NONE', #1219, #26, #963 ) ;
#69 = ORIENTED_EDGE ( 'NONE', *, *, #1395, .T. ) ;
#70 = EDGE_CURVE ( 'NONE', #1630, #317, #33, .T. ) ;
#71 = CIRCLE ( 'NONE', #438, 1.600000000000000755 ) ;
#72 = CARTESIAN_POINT ( 'NONE',  ( 73.70000000000000284, 46.00000000000000000, -0.2999999999999999889 ) ) ;
#73 = DIRECTION ( 'NONE',  ( -0.000000000000000000, -0.000000000000000000, -1.000000000000000000 ) ) ;
#74 = ORIENTED_EDGE ( 'NONE', *, *, #259, .T. ) ;
#75 = DIRECTION ( 'NONE',  ( 0.000000000000000000, 0.000000000000000000, 1.000000000000000000 ) ) ;
#76 = ORIENTED_EDGE ( 'NONE', *, *, #116, .T. ) ;
#77 = LINE ( 'NONE', #627, #110 ) ;
#78 = EDGE_CURVE ( 'NONE', #227, #15, #1438, .T. ) ;
#79 = DIRECTION ( 'NONE',  ( -1.000000000000000000, 0.000000000000000000, 0.000000000000000000 ) ) ;
#80 = DIRECTION ( 'NONE',  ( -0.000000000000000000, -0.000000000000000000, -1.000000000000000000 ) ) ;
#81 = EDGE_LOOP ( 'NONE', ( #248, #1106 ) ) ;
#82 = DIRECTION ( 'NONE',  ( 0.000000000000000000, 0.000000000000000000, 1.000000000000000000 ) ) ;
#83 = CARTESIAN_POINT ( 'NONE',  ( 7.500000000000000000, 27.00000000000000000, -0.2999999999999999889 ) ) ;
#84 = CARTESIAN_POINT ( 'NONE',  ( -70.30000000000001137, -46.00000000000000000, 2.000000000000000000 ) ) ;
#85 = CIRCLE ( 'NONE', #61, 7.500000000000000000 ) ;
#86 = EDGE_CURVE ( 'NONE', #998, #1722, #475, .T. ) ;
#87 = ORIENTED_EDGE ( 'NONE', *, *, #1013, .T. ) ;
#88 = CARTESIAN_POINT ( 'NONE',  ( -80.00000000000000000, 52.50000000000000000, 0.000000000000000000 ) ) ;
#89 = CIRCLE ( 'NONE', #1737, 1.699999999999993072 ) ;
#90 = ORIENTED_EDGE ( 'NONE', *, *, #885, .T. ) ;
#91 = CIRCLE ( 'NONE', #233, 1.599999999999997202 ) ;
#92 = CARTESIAN_POINT ( 'NONE',  ( 52.50000000000000000, 27.00000000000000000, 0.000000000000000000 ) ) ;
#93 = VERTEX_POINT ( 'NONE', #469 ) ;
#94 = CIRCLE ( 'NONE', #1328, 7.500000000000000000 ) ;
#95 = DIRECTION ( 'NONE',  ( 0.000000000000000000, 0.000000000000000000, 1.000000000000000000 ) ) ;
#96 = EDGE_CURVE ( 'NONE', #569, #701, #146, .T. ) ;
#97 = ORIENTED_EDGE ( 'NONE', *, *, #1265, .F. ) ;
#98 = LINE ( 'NONE', #1186, #462 ) ;
#99 = EDGE_LOOP ( 'NONE', ( #414, #595 ) ) ;
#100 = DIRECTION ( 'NONE',  ( 1.000000000000000000, 0.000000000000000000, 0.000000000000000000 ) ) ;
#101 = PLANE ( 'NONE',  #903 ) ;
#102 = VERTEX_POINT ( 'NONE', #1022 ) ;
#103 = LINE ( 'NONE', #1042, #1618 ) ;
#104 = CARTESIAN_POINT ( 'NONE',  ( 39.90000000000000568, -3.000000000000000000, 2.000000000000000000 ) ) ;
#105 = EDGE_CURVE ( 'NONE', #1263, #719, #1710, .T. ) ;
#106 = ORIENTED_EDGE ( 'NONE', *, *, #78, .T. ) ;
#107 = ORIENTED_EDGE ( 'NONE', *, *, #1054, .T. ) ;
#108 = CARTESIAN_POINT ( 'NONE',  ( -9.500000000000000000, 27.00000000000000000, 2.000000000000000000 ) ) ;
#109 = EDGE_LOOP ( 'NONE', ( #1071, #1076 ) ) ;
#110 = VECTOR ( 'NONE', #1172, 1000.000000000000000 ) ;
#111 = CARTESIAN_POINT ( 'NONE',  ( 45.00000000000000000, 27.00000000000000000, 0.000000000000000000 ) ) ;
#112 = ORIENTED_EDGE ( 'NONE', *, *, #1047, .F. ) ;
#113 = AXIS2_PLACEMENT_3D ( 'NONE', #171, #725, #1271 ) ;
#114 = AXIS2_PLACEMENT_3D ( 'NONE', #578, #441, #995 ) ;
#115 = CALENDAR_DATE ( 2026, 25, 8 ) ;
#116 = EDGE_CURVE ( 'NONE', #385, #659, #1155, .T. ) ;
#117 = ORIENTED_EDGE ( 'NONE', *, *, #472, .F. ) ;
#118 = AXIS2_PLACEMENT_3D ( 'NONE', #536, #140, #8 ) ;
#119 = DIRECTION ( 'NONE',  ( -1.000000000000000000, 0.000000000000000000, 0.000000000000000000 ) ) ;
#120 = FACE_BOUND ( 'NONE', #571, .T. ) ;
#121 = CIRCLE ( 'NONE', #380, 3.099999999999998757 ) ;
#122 = CIRCLE ( 'NONE', #1743, 1.699999999999993072 ) ;
#123 = DIRECTION ( 'NONE',  ( 1.000000000000000000, 0.000000000000000000, 0.000000000000000000 ) ) ;
#124 = ORIENTED_EDGE ( 'NONE', *, *, #13, .T. ) ;
#125 = CARTESIAN_POINT ( 'NONE',  ( 33.89999999999999858, 27.00000000000000000, -0.2999999999999999889 ) ) ;
#126 = DIRECTION ( 'NONE',  ( 0.000000000000000000, 0.000000000000000000, 1.000000000000000000 ) ) ;
#127 = APPROVAL_ROLE ( '' ) ;
#128 = ORIENTED_EDGE ( 'NONE', *, *, #503, .T. ) ;
#129 = ADVANCED_FACE ( 'NONE', ( #1281 ), #1721, .F. ) ;
#130 = FACE_OUTER_BOUND ( 'NONE', #157, .T. ) ;
#131 = CARTESIAN_POINT ( 'NONE',  ( 32.30000000000000426, 27.00000000000000000, 2.000000000000000000 ) ) ;
#132 = DIRECTION ( 'NONE',  ( 0.000000000000000000, 0.000000000000000000, 1.000000000000000000 ) ) ;
#133 = VERTEX_POINT ( 'NONE', #1130 ) ;
#134 = LINE ( 'NONE', #1229, #1439 ) ;
#135 = LINE ( 'NONE', #697, #173 ) ;
#136 = CALENDAR_DATE ( 2026, 25, 8 ) ;
#137 = EDGE_LOOP ( 'NONE', ( #1738, #1228, #523, #87 ) ) ;
#138 = DIRECTION ( 'NONE',  ( -0.000000000000000000, -0.000000000000000000, -1.000000000000000000 ) ) ;
#139 = DIRECTION ( 'NONE',  ( 0.000000000000000000, 0.000000000000000000, 1.000000000000000000 ) ) ;
#140 = DIRECTION ( 'NONE',  ( -0.000000000000000000, -0.000000000000000000, -1.000000000000000000 ) ) ;
#141 = ORIENTED_EDGE ( 'NONE', *, *, #1779, .F. ) ;
#142 = LINE ( 'NONE', #663, #1764 ) ;
#143 = ADVANCED_FACE ( 'NONE', ( #1685 ), #444, .F. ) ;
#144 = DIRECTION ( 'NONE',  ( 0.000000000000000000, 0.000000000000000000, 1.000000000000000000 ) ) ;
#145 = ORIENTED_EDGE ( 'NONE', *, *, #1668, .T. ) ;
#146 = CIRCLE ( 'NONE', #489, 1.699999999999993072 ) ;
#147 = CARTESIAN_POINT ( 'NONE',  ( -39.90000000000000568, -27.00000000000000000, 2.000000000000000000 ) ) ;
#148 = FACE_BOUND ( 'NONE', #1224, .T. ) ;
#149 = AXIS2_PLACEMENT_3D ( 'NONE', #1403, #170, #38 ) ;
#150 = AXIS2_PLACEMENT_3D ( 'NONE', #1312, #1726, #350 ) ;
#151 = CYLINDRICAL_SURFACE ( 'NONE', #1302, 3.099999999999998757 ) ;
#152 = ORIENTED_EDGE ( 'NONE', *, *, #382, .F. ) ;
#153 = CYLINDRICAL_SURFACE ( 'NONE', #551, 7.500000000000000000 ) ;
#154 = AXIS2_PLACEMENT_3D ( 'NONE', #1085, #941, #704 ) ;
#155 = ADVANCED_FACE ( 'NONE', ( #1544 ), #863, .F. ) ;
#156 = EDGE_LOOP ( 'NONE', ( #330, #647, #577, #379 ) ) ;
#157 = EDGE_LOOP ( 'NONE', ( #827, #858, #429, #1393 ) ) ;
#158 = CARTESIAN_POINT ( 'NONE',  ( -72.00000000000001421, 46.00000000000000000, 2.000000000000000000 ) ) ;
#159 = CARTESIAN_POINT ( 'NONE',  ( -44.00000000000000000, -14.99999999999999822, 2.000000000000000000 ) ) ;
#160 = DIRECTION ( 'NONE',  ( 0.000000000000000000, 0.000000000000000000, 1.000000000000000000 ) ) ;
#161 = ORIENTED_EDGE ( 'NONE', *, *, #297, .T. ) ;
#162 = CARTESIAN_POINT ( 'NONE',  ( 57.70000000000000284, 27.00000000000000000, 2.000000000000000000 ) ) ;
#163 = ADVANCED_FACE ( 'NONE', ( #1694 ), #1003, .F. ) ;
#164 = VERTEX_POINT ( 'NONE', #1728 ) ;
#165 = ORIENTED_EDGE ( 'NONE', *, *, #649, .F. ) ;
#166 = EDGE_CURVE ( 'NONE', #227, #1649, #481, .T. ) ;
#167 = CARTESIAN_POINT ( 'NONE',  ( 0.000000000000000000, 27.00000000000000000, 2.000000000000000000 ) ) ;
#168 = FACE_OUTER_BOUND ( 'NONE', #1656, .T. ) ;
#169 = ORIENTED_EDGE ( 'NONE', *, *, #1277, .F. ) ;
#170 = DIRECTION ( 'NONE',  ( 0.000000000000000000, 0.000000000000000000, 1.000000000000000000 ) ) ;
#171 = CARTESIAN_POINT ( 'NONE',  ( -72.00000000000001421, 46.00000000000000000, -0.2999999999999999889 ) ) ;
#172 = EDGE_LOOP ( 'NONE', ( #929, #1204 ) ) ;
#173 = VECTOR ( 'NONE', #1244, 1000.000000000000000 ) ;
#174 = DIRECTION ( 'NONE',  ( 0.000000000000000000, 0.000000000000000000, 1.000000000000000000 ) ) ;
#175 = ADVANCED_FACE ( 'NONE', ( #1046 ), #240, .F. ) ;
#176 = CYLINDRICAL_SURFACE ( 'NONE', #615, 1.699999999999993072 ) ;
#177 = AXIS2_PLACEMENT_3D ( 'NONE', #363, #1621, #1329 ) ;
#178 = FACE_OUTER_BOUND ( 'NONE', #290, .T. ) ;
#179 = AXIS2_PLACEMENT_3D ( 'NONE', #158, #730, #43 ) ;
#180 = ORIENTED_EDGE ( 'NONE', *, *, #945, .F. ) ;
#181 = DIRECTION ( 'NONE',  ( -0.000000000000000000, -0.000000000000000000, -1.000000000000000000 ) ) ;
#182 = VECTOR ( 'NONE', #1096, 1000.000000000000000 ) ;
#183 = VECTOR ( 'NONE', #1659, 1000.000000000000000 ) ;
#184 = DIRECTION ( 'NONE',  ( 1.000000000000000000, 0.000000000000000000, 0.000000000000000000 ) ) ;
#185 = CARTESIAN_POINT ( 'NONE',  ( -72.00000000000001421, -46.00000000000000000, 2.000000000000000000 ) ) ;
#186 = ORIENTED_EDGE ( 'NONE', *, *, #1652, .F. ) ;
#187 = DIRECTION ( 'NONE',  ( 0.000000000000000000, -1.000000000000000000, 0.000000000000000000 ) ) ;
#188 = DIRECTION ( 'NONE',  ( -0.000000000000000000, -0.000000000000000000, -1.000000000000000000 ) ) ;
#189 = EDGE_CURVE ( 'NONE', #811, #1747, #319, .T. ) ;
#190 = CARTESIAN_POINT ( 'NONE',  ( 32.00000000000000000, -15.00000000000000000, -0.2999999999999999889 ) ) ;
#191 = ORIENTED_EDGE ( 'NONE', *, *, #105, .T. ) ;
#192 = CARTESIAN_POINT ( 'NONE',  ( -39.90000000000000568, -27.00000000000000000, 0.000000000000000000 ) ) ;
#193 = CC_DESIGN_PERSON_AND_ORGANIZATION_ASSIGNMENT ( #552, #1082, ( #1733 ) ) ;
#194 = EDGE_CURVE ( 'NONE', #530, #1784, #64, .T. ) ;
#195 = FACE_BOUND ( 'NONE', #1285, .T. ) ;
#196 = DIRECTION ( 'NONE',  ( -0.000000000000000000, -0.000000000000000000, -1.000000000000000000 ) ) ;
#197 = ORIENTED_EDGE ( 'NONE', *, *, #828, .T. ) ;
#198 = CARTESIAN_POINT ( 'NONE',  ( -33.89999999999999858, 27.00000000000000000, -0.2999999999999999889 ) ) ;
#199 = DIRECTION ( 'NONE',  ( 1.000000000000000000, 0.000000000000000000, 0.000000000000000000 ) ) ;
#200 = EDGE_LOOP ( 'NONE', ( #1687, #668 ) ) ;
#201 = EDGE_CURVE ( 'NONE', #1673, #504, #1037, .T. ) ;
#202 = DIRECTION ( 'NONE',  ( -1.000000000000000000, 0.000000000000000000, 0.000000000000000000 ) ) ;
#203 = DIRECTION ( 'NONE',  ( 0.000000000000000000, 0.000000000000000000, 1.000000000000000000 ) ) ;
#204 = EDGE_LOOP ( 'NONE', ( #1625, #864 ) ) ;
#205 = CARTESIAN_POINT ( 'NONE',  ( -22.50000000000000000, -3.000000000000000000, 2.000000000000000000 ) ) ;
#206 = CARTESIAN_POINT ( 'NONE',  ( -73.70000000000000284, -46.00000000000000000, 2.000000000000000000 ) ) ;
#207 = CIRCLE ( 'NONE', #65, 1.600000000000000755 ) ;
#208 = AXIS2_PLACEMENT_3D ( 'NONE', #820, #1217, #1360 ) ;
#209 = CARTESIAN_POINT ( 'NONE',  ( 72.00000000000001421, -46.00000000000000000, 0.000000000000000000 ) ) ;
#210 = AXIS2_PLACEMENT_3D ( 'NONE', #493, #547, #833 ) ;
#211 = ADVANCED_FACE ( 'NONE', ( #348 ), #765, .F. ) ;
#212 = CIRCLE ( 'NONE', #1018, 1.600000000000000755 ) ;
#213 = VERTEX_POINT ( 'NONE', #1335 ) ;
#214 = CARTESIAN_POINT ( 'NONE',  ( 43.10000000000000142, -3.000000000000000000, 2.000000000000000000 ) ) ;
#215 = FACE_OUTER_BOUND ( 'NONE', #1133, .T. ) ;
#216 = CARTESIAN_POINT ( 'NONE',  ( -55.00000000000000000, -39.00000000000000000, -0.2999999999999999889 ) ) ;
#217 = ORIENTED_EDGE ( 'NONE', *, *, #1693, .T. ) ;
#218 = DIRECTION ( 'NONE',  ( 1.000000000000000000, 0.000000000000000000, 0.000000000000000000 ) ) ;
#219 = EDGE_LOOP ( 'NONE', ( #511, #470, #124, #960 ) ) ;
#220 = CARTESIAN_POINT ( 'NONE',  ( 44.00000000000000000, -15.00000000000000000, -0.2999999999999999889 ) ) ;
#221 = EDGE_CURVE ( 'NONE', #164, #280, #632, .T. ) ;
#222 = CARTESIAN_POINT ( 'NONE',  ( -37.50000000000000000, 27.00000000000000000, -0.2999999999999999889 ) ) ;
#223 = CARTESIAN_POINT ( 'NONE',  ( 51.89999999999999858, -39.00000000000000000, -0.2999999999999999889 ) ) ;
#224 = DIRECTION ( 'NONE',  ( 0.000000000000000000, 0.000000000000000000, 1.000000000000000000 ) ) ;
#225 = ORIENTED_EDGE ( 'NONE', *, *, #96, .T. ) ;
#226 = DIRECTION ( 'NONE',  ( -1.000000000000000000, 0.000000000000000000, 0.000000000000000000 ) ) ;
#227 = VERTEX_POINT ( 'NONE', #1591 ) ;
#228 = EDGE_CURVE ( 'NONE', #542, #832, #1411, .T. ) ;
#229 = DIRECTION ( 'NONE',  ( 1.000000000000000000, 0.000000000000000000, -0.000000000000000000 ) ) ;
#230 = DIRECTION ( 'NONE',  ( 1.000000000000000000, 0.000000000000000000, 0.000000000000000000 ) ) ;
#231 = AXIS2_PLACEMENT_3D ( 'NONE', #1061, #1307, #1176 ) ;
#232 = ORIENTED_EDGE ( 'NONE', *, *, #618, .T. ) ;
#233 = AXIS2_PLACEMENT_3D ( 'NONE', #910, #1483, #635 ) ;
#234 = DIRECTION ( 'NONE',  ( 0.000000000000000000, 0.000000000000000000, 1.000000000000000000 ) ) ;
#235 = CARTESIAN_POINT ( 'NONE',  ( 80.00000000000000000, 0.000000000000000000, 0.000000000000000000 ) ) ;
#236 = ORIENTED_EDGE ( 'NONE', *, *, #1114, .T. ) ;
#237 = AXIS2_PLACEMENT_3D ( 'NONE', #1033, #517, #1597 ) ;
#238 = DIRECTION ( 'NONE',  ( 0.000000000000000000, 0.000000000000000000, 1.000000000000000000 ) ) ;
#239 = EDGE_CURVE ( 'NONE', #133, #280, #1270, .T. ) ;
#240 = CYLINDRICAL_SURFACE ( 'NONE', #258, 1.599999999999997202 ) ;
#241 = CC_DESIGN_DATE_AND_TIME_ASSIGNMENT ( #947, #405, ( #1733 ) ) ;
#242 = ORIENTED_EDGE ( 'NONE', *, *, #1746, .F. ) ;
#243 = ORIENTED_EDGE ( 'NONE', *, *, #1336, .F. ) ;
#244 = CYLINDRICAL_SURFACE ( 'NONE', #11, 3.099999999999998757 ) ;
#245 = EDGE_LOOP ( 'NONE', ( #1122, #1367 ) ) ;
#246 = DIRECTION ( 'NONE',  ( 0.000000000000000000, 0.000000000000000000, 1.000000000000000000 ) ) ;
#247 = EDGE_CURVE ( 'NONE', #908, #1201, #770, .T. ) ;
#248 = ORIENTED_EDGE ( 'NONE', *, *, #907, .F. ) ;
#249 = DATE_TIME_ROLE ( 'creation_date' ) ;
#250 = ORIENTED_EDGE ( 'NONE', *, *, #937, .T. ) ;
#251 = DIRECTION ( 'NONE',  ( 0.000000000000000000, 0.000000000000000000, 1.000000000000000000 ) ) ;
#252 = CYLINDRICAL_SURFACE ( 'NONE', #1586, 1.600000000000000755 ) ;
#253 = EDGE_LOOP ( 'NONE', ( #1729, #1, #614, #1481 ) ) ;
#254 = CIRCLE ( 'NONE', #1578, 1.699999999999993072 ) ;
#255 = DIRECTION ( 'NONE',  ( -1.000000000000000000, 0.000000000000000000, 0.000000000000000000 ) ) ;
#256 = VECTOR ( 'NONE', #144, 1000.000000000000000 ) ;
#257 = ORIENTED_EDGE ( 'NONE', *, *, #1034, .T. ) ;
#258 = AXIS2_PLACEMENT_3D ( 'NONE', #1472, #75, #1318 ) ;
#259 = EDGE_CURVE ( 'NONE', #1747, #1292, #656, .T. ) ;
#260 = AXIS2_PLACEMENT_3D ( 'NONE', #1786, #543, #961 ) ;
#261 = PERSON_AND_ORGANIZATION ( #1688, #486 ) ;
#262 = ORIENTED_EDGE ( 'NONE', *, *, #351, .T. ) ;
#263 = AXIS2_PLACEMENT_3D ( 'NONE', #1754, #563, #1669 ) ;
#264 = DIRECTION ( 'NONE',  ( 0.000000000000000000, 0.000000000000000000, 1.000000000000000000 ) ) ;
#265 = DIRECTION ( 'NONE',  ( 0.000000000000000000, 0.000000000000000000, 1.000000000000000000 ) ) ;
#266 = CIRCLE ( 'NONE', #1276, 7.500000000000000000 ) ;
#267 = DIRECTION ( 'NONE',  ( -1.000000000000000000, 0.000000000000000000, 0.000000000000000000 ) ) ;
#268 = EDGE_LOOP ( 'NONE', ( #448, #1045, #1190, #433 ) ) ;
#269 = DIRECTION ( 'NONE',  ( -0.000000000000000000, 1.000000000000000000, 0.000000000000000000 ) ) ;
#270 = FACE_BOUND ( 'NONE', #337, .T. ) ;
#271 = SECURITY_CLASSIFICATION_LEVEL ( 'unclassified' ) ;
#272 = ORIENTED_EDGE ( 'NONE', *, *, #1678, .T. ) ;
#273 = DIRECTION ( 'NONE',  ( 0.000000000000000000, 0.000000000000000000, 1.000000000000000000 ) ) ;
#274 = FACE_OUTER_BOUND ( 'NONE', #483, .T. ) ;
#275 = CC_DESIGN_DATE_AND_TIME_ASSIGNMENT ( #1655, #249, ( #1470 ) ) ;
#276 = CARTESIAN_POINT ( 'NONE',  ( -35.50000000000000000, 27.00000000000000000, -0.2999999999999999889 ) ) ;
#277 = ORIENTED_EDGE ( 'NONE', *, *, #514, .T. ) ;
#278 = DIRECTION ( 'NONE',  ( 1.000000000000000000, 0.000000000000000000, 0.000000000000000000 ) ) ;
#279 = ORIENTED_EDGE ( 'NONE', *, *, #194, .T. ) ;
#280 = VERTEX_POINT ( 'NONE', #1313 ) ;
#281 = DIRECTION ( 'NONE',  ( -1.000000000000000000, 0.000000000000000000, 0.000000000000000000 ) ) ;
#282 = FACE_BOUND ( 'NONE', #533, .T. ) ;
#283 = EDGE_CURVE ( 'NONE', #1209, #1267, #1068, .T. ) ;
#284 = CARTESIAN_POINT ( 'NONE',  ( 32.00000000000000000, -15.00000000000000000, 2.000000000000000000 ) ) ;
#285 = ORIENTED_EDGE ( 'NONE', *, *, #358, .T. ) ;
#286 = CARTESIAN_POINT ( 'NONE',  ( -7.500000000000000000, 27.00000000000000000, -0.2999999999999999889 ) ) ;
#287 =( GEOMETRIC_REPRESENTATION_CONTEXT ( 3 ) GLOBAL_UNCERTAINTY_ASSIGNED_CONTEXT ( ( #1059 ) ) GLOBAL_UNIT_ASSIGNED_CONTEXT ( ( #1338, #541, #836 ) ) REPRESENTATION_CONTEXT ( 'NONE', 'WORKASPACE' ) );
#288 = FACE_BOUND ( 'NONE', #1720, .T. ) ;
#289 = CIRCLE ( 'NONE', #1321, 1.599999999999997202 ) ;
#290 = EDGE_LOOP ( 'NONE', ( #1220, #1642, #306, #1389 ) ) ;
#291 = AXIS2_PLACEMENT_3D ( 'NONE', #573, #969, #838 ) ;
#292 = DIRECTION ( 'NONE',  ( 1.000000000000000000, 0.000000000000000000, 0.000000000000000000 ) ) ;
#293 = FACE_OUTER_BOUND ( 'NONE', #1487, .T. ) ;
#294 = CIRCLE ( 'NONE', #36, 1.600000000000000755 ) ;
#295 = AXIS2_PLACEMENT_3D ( 'NONE', #872, #1413, #50 ) ;
#296 = CARTESIAN_POINT ( 'NONE',  ( -11.09999999999999964, 27.00000000000000000, -0.2999999999999999889 ) ) ;
#297 = EDGE_CURVE ( 'NONE', #1409, #1453, #1529, .T. ) ;
#298 = ORIENTED_EDGE ( 'NONE', *, *, #472, .T. ) ;
#299 = CARTESIAN_POINT ( 'NONE',  ( 70.30000000000001137, -46.00000000000000000, -0.2999999999999999889 ) ) ;
#300 = AXIS2_PLACEMENT_3D ( 'NONE', #535, #1634, #950 ) ;
#301 = EDGE_CURVE ( 'NONE', #15, #891, #98, .T. ) ;
#302 = ORIENTED_EDGE ( 'NONE', *, *, #1297, .F. ) ;
#303 = VERTEX_POINT ( 'NONE', #1599 ) ;
#304 = DIRECTION ( 'NONE',  ( 0.000000000000000000, 0.000000000000000000, 1.000000000000000000 ) ) ;
#305 = CYLINDRICAL_SURFACE ( 'NONE', #705, 1.599999999999997202 ) ;
#306 = ORIENTED_EDGE ( 'NONE', *, *, #1702, .T. ) ;
#307 = FACE_OUTER_BOUND ( 'NONE', #678, .T. ) ;
#308 = DIRECTION ( 'NONE',  ( 1.000000000000000000, 0.000000000000000000, 0.000000000000000000 ) ) ;
#309 = EDGE_CURVE ( 'NONE', #572, #497, #289, .T. ) ;
#310 = ORIENTED_EDGE ( 'NONE', *, *, #575, .T. ) ;
#311 = DIRECTION ( 'NONE',  ( 1.000000000000000000, 0.000000000000000000, 0.000000000000000000 ) ) ;
#312 = DIRECTION ( 'NONE',  ( 0.000000000000000000, 0.000000000000000000, 1.000000000000000000 ) ) ;
#313 = ORIENTED_EDGE ( 'NONE', *, *, #1305, .F. ) ;
#314 = DIRECTION ( 'NONE',  ( 1.000000000000000000, 0.000000000000000000, 0.000000000000000000 ) ) ;
#315 = CARTESIAN_POINT ( 'NONE',  ( 56.10000000000000142, 27.00000000000000000, -0.2999999999999999889 ) ) ;
#316 = ADVANCED_FACE ( 'NONE', ( #1753 ), #1200, .F. ) ;
#317 = VERTEX_POINT ( 'NONE', #104 ) ;
#318 = DIRECTION ( 'NONE',  ( 1.000000000000000000, 0.000000000000000000, 0.000000000000000000 ) ) ;
#319 = CIRCLE ( 'NONE', #1205, 7.500000000000000000 ) ;
#320 = CARTESIAN_POINT ( 'NONE',  ( -56.10000000000000142, 27.00000000000000000, 0.000000000000000000 ) ) ;
#321 = CIRCLE ( 'NONE', #1131, 3.099999999999998757 ) ;
#322 = ORIENTED_EDGE ( 'NONE', *, *, #1492, .F. ) ;
#323 = LINE ( 'NONE', #716, #901 ) ;
#324 = AXIS2_PLACEMENT_3D ( 'NONE', #1554, #73, #734 ) ;
#325 = DIRECTION ( 'NONE',  ( 0.000000000000000000, 0.000000000000000000, 1.000000000000000000 ) ) ;
#326 = ORIENTED_EDGE ( 'NONE', *, *, #451, .T. ) ;
#327 = DIRECTION ( 'NONE',  ( 0.000000000000000000, 0.000000000000000000, 1.000000000000000000 ) ) ;
#328 = EDGE_CURVE ( 'NONE', #1098, #1374, #952, .T. ) ;
#329 = CARTESIAN_POINT ( 'NONE',  ( 12.70000000000000107, 27.00000000000000000, 2.000000000000000000 ) ) ;
#330 = ORIENTED_EDGE ( 'NONE', *, *, #283, .T. ) ;
#331 = CARTESIAN_POINT ( 'NONE',  ( 32.00000000000000000, -15.00000000000000000, 0.000000000000000000 ) ) ;
#332 = ORIENTED_EDGE ( 'NONE', *, *, #105, .F. ) ;
#333 = DIRECTION ( 'NONE',  ( 1.000000000000000000, 0.000000000000000000, 0.000000000000000000 ) ) ;
#334 = CARTESIAN_POINT ( 'NONE',  ( -24.10000000000000142, -3.000000000000000000, 2.000000000000000000 ) ) ;
#335 = VERTEX_POINT ( 'NONE', #824 ) ;
#336 = EDGE_CURVE ( 'NONE', #1691, #1083, #134, .T. ) ;
#337 = EDGE_LOOP ( 'NONE', ( #117, #780 ) ) ;
#338 = DIRECTION ( 'NONE',  ( 0.000000000000000000, 0.000000000000000000, 1.000000000000000000 ) ) ;
#339 = EDGE_LOOP ( 'NONE', ( #1425, #655, #1038, #243 ) ) ;
#340 = ADVANCED_BREP_SHAPE_REPRESENTATION ( 'RearDigital_3xDIN_2xUSBD_2xTRS35', ( #394, #608 ), #287 ) ;
#341 = LINE ( 'NONE', #1611, #1064 ) ;
#342 = APPROVAL_PERSON_ORGANIZATION ( #803, #915, #127 ) ;
#343 = EDGE_CURVE ( 'NONE', #1188, #1306, #1178, .T. ) ;
#344 = DIRECTION ( 'NONE',  ( -1.000000000000000000, 0.000000000000000000, 0.000000000000000000 ) ) ;
#345 = AXIS2_PLACEMENT_3D ( 'NONE', #1080, #269, #1671 ) ;
#346 = CIRCLE ( 'NONE', #260, 3.099999999999998757 ) ;
#347 = EDGE_LOOP ( 'NONE', ( #1715, #1364 ) ) ;
#348 = FACE_OUTER_BOUND ( 'NONE', #683, .T. ) ;
#349 = AXIS2_PLACEMENT_3D ( 'NONE', #1741, #360, #500 ) ;
#350 = DIRECTION ( 'NONE',  ( -1.000000000000000000, 0.000000000000000000, 0.000000000000000000 ) ) ;
#351 = EDGE_CURVE ( 'NONE', #572, #1092, #1489, .T. ) ;
#352 = ORIENTED_EDGE ( 'NONE', *, *, #528, .F. ) ;
#353 = AXIS2_PLACEMENT_3D ( 'NONE', #198, #1264, #991 ) ;
#354 = CARTESIAN_POINT ( 'NONE',  ( -57.70000000000000284, 27.00000000000000000, 2.000000000000000000 ) ) ;
#355 = DIRECTION ( 'NONE',  ( 0.000000000000000000, 0.000000000000000000, 1.000000000000000000 ) ) ;
#356 = CARTESIAN_POINT ( 'NONE',  ( 9.500000000000000000, 27.00000000000000000, -0.2999999999999999889 ) ) ;
#357 = ORIENTED_EDGE ( 'NONE', *, *, #733, .F. ) ;
#358 = EDGE_CURVE ( 'NONE', #1545, #480, #834, .T. ) ;
#359 = DIRECTION ( 'NONE',  ( 0.000000000000000000, 0.000000000000000000, 1.000000000000000000 ) ) ;
#360 = DIRECTION ( 'NONE',  ( -0.000000000000000000, -0.000000000000000000, -1.000000000000000000 ) ) ;
#361 = DIRECTION ( 'NONE',  ( 1.000000000000000000, 0.000000000000000000, -0.000000000000000000 ) ) ;
#362 = ORIENTED_EDGE ( 'NONE', *, *, #1756, .F. ) ;
#363 = CARTESIAN_POINT ( 'NONE',  ( -33.89999999999999858, 27.00000000000000000, 2.000000000000000000 ) ) ;
#364 = ORIENTED_EDGE ( 'NONE', *, *, #1569, .T. ) ;
#365 = DIRECTION ( 'NONE',  ( 0.000000000000000000, 0.000000000000000000, 1.000000000000000000 ) ) ;
#366 = EDGE_CURVE ( 'NONE', #805, #842, #548, .T. ) ;
#367 = DIRECTION ( 'NONE',  ( 1.000000000000000000, 0.000000000000000000, 0.000000000000000000 ) ) ;
#368 = EDGE_LOOP ( 'NONE', ( #76, #1573, #250, #186 ) ) ;
#369 = AXIS2_PLACEMENT_3D ( 'NONE', #1332, #1757, #512 ) ;
#370 = CARTESIAN_POINT ( 'NONE',  ( 0.000000000000000000, 27.00000000000000000, 2.000000000000000000 ) ) ;
#371 = ADVANCED_FACE ( 'NONE', ( #1342 ), #1513, .T. ) ;
#372 = CIRCLE ( 'NONE', #807, 1.599999999999997202 ) ;
#373 = DIRECTION ( 'NONE',  ( 1.000000000000000000, 0.000000000000000000, 0.000000000000000000 ) ) ;
#374 = AXIS2_PLACEMENT_3D ( 'NONE', #466, #1009, #47 ) ;
#375 = EDGE_LOOP ( 'NONE', ( #918, #1062 ) ) ;
#376 = CIRCLE ( 'NONE', #1183, 7.500000000000000000 ) ;
#377 = CYLINDRICAL_SURFACE ( 'NONE', #400, 11.99999999999999645 ) ;
#378 = CARTESIAN_POINT ( 'NONE',  ( -37.50000000000000000, 27.00000000000000000, 0.000000000000000000 ) ) ;
#379 = ORIENTED_EDGE ( 'NONE', *, *, #1167, .F. ) ;
#380 = AXIS2_PLACEMENT_3D ( 'NONE', #1547, #1401, #473 ) ;
#381 = LINE ( 'NONE', #1058, #642 ) ;
#382 = EDGE_CURVE ( 'NONE', #848, #1292, #1039, .T. ) ;
#383 = ORIENTED_EDGE ( 'NONE', *, *, #1678, .F. ) ;
#384 = DIRECTION ( 'NONE',  ( 0.000000000000000000, 0.000000000000000000, 1.000000000000000000 ) ) ;
#385 = VERTEX_POINT ( 'NONE', #1210 ) ;
#386 = DIRECTION ( 'NONE',  ( 0.000000000000000000, 0.000000000000000000, 1.000000000000000000 ) ) ;
#387 = VERTEX_POINT ( 'NONE', #1365 ) ;
#388 = DIRECTION ( 'NONE',  ( -0.000000000000000000, -0.000000000000000000, -1.000000000000000000 ) ) ;
#389 = ADVANCED_FACE ( 'NONE', ( #1650 ), #153, .F. ) ;
#390 = ORIENTED_EDGE ( 'NONE', *, *, #1066, .T. ) ;
#391 = CARTESIAN_POINT ( 'NONE',  ( -43.10000000000000142, -27.00000000000000000, -0.2999999999999999889 ) ) ;
#392 = CARTESIAN_POINT ( 'NONE',  ( -20.00000000000000000, -15.00000000000000000, -0.2999999999999999889 ) ) ;
#393 = CALENDAR_DATE ( 2026, 25, 8 ) ;
#394 = MANIFOLD_SOLID_BREP ( 'Three MIDI DIN-5, two USB D-format and two 3.5 mm apertures', #1436 ) ;
#395 = ORIENTED_EDGE ( 'NONE', *, *, #1185, .F. ) ;
#396 = CARTESIAN_POINT ( 'NONE',  ( -55.00000000000000000, -39.00000000000000000, 0.000000000000000000 ) ) ;
#397 = FACE_BOUND ( 'NONE', #1782, .T. ) ;
#398 = CYLINDRICAL_SURFACE ( 'NONE', #1442, 1.600000000000000755 ) ;
#399 = VERTEX_POINT ( 'NONE', #20 ) ;
#400 = AXIS2_PLACEMENT_3D ( 'NONE', #778, #919, #1748 ) ;
#401 = DIRECTION ( 'NONE',  ( -0.000000000000000000, 1.000000000000000000, 0.000000000000000000 ) ) ;
#402 = ORIENTED_EDGE ( 'NONE', *, *, #971, .F. ) ;
#403 = AXIS2_PLACEMENT_3D ( 'NONE', #538, #965, #1099 ) ;
#404 = ADVANCED_FACE ( 'NONE', ( #1479 ), #570, .F. ) ;
#405 = DATE_TIME_ROLE ( 'classification_date' ) ;
#406 = EDGE_LOOP ( 'NONE', ( #152, #112 ) ) ;
#407 = CIRCLE ( 'NONE', #68, 7.500000000000000000 ) ;
#408 = DIRECTION ( 'NONE',  ( -0.000000000000000000, -0.000000000000000000, -1.000000000000000000 ) ) ;
#409 = CARTESIAN_POINT ( 'NONE',  ( 41.50000000000000000, -3.000000000000000000, -0.2999999999999999889 ) ) ;
#410 = AXIS2_PLACEMENT_3D ( 'NONE', #916, #1468, #1311 ) ;
#411 = DIRECTION ( 'NONE',  ( 0.000000000000000000, 0.000000000000000000, 1.000000000000000000 ) ) ;
#412 = VERTEX_POINT ( 'NONE', #1637 ) ;
#413 = DIRECTION ( 'NONE',  ( -0.000000000000000000, -0.000000000000000000, -1.000000000000000000 ) ) ;
#414 = ORIENTED_EDGE ( 'NONE', *, *, #1480, .F. ) ;
#415 = APPROVAL_STATUS ( 'not_yet_approved' ) ;
#416 = EDGE_CURVE ( 'NONE', #506, #1755, #4, .T. ) ;
#417 = ORIENTED_EDGE ( 'NONE', *, *, #562, .F. ) ;
#418 = CYLINDRICAL_SURFACE ( 'NONE', #1272, 7.500000000000000000 ) ;
#419 = CARTESIAN_POINT ( 'NONE',  ( 35.50000000000000000, 27.00000000000000000, 2.000000000000000000 ) ) ;
#420 = DIRECTION ( 'NONE',  ( 0.000000000000000000, 0.000000000000000000, 1.000000000000000000 ) ) ;
#421 = ORIENTED_EDGE ( 'NONE', *, *, #1185, .T. ) ;
#422 = DIRECTION ( 'NONE',  ( -1.000000000000000000, 0.000000000000000000, 0.000000000000000000 ) ) ;
#423 = FACE_BOUND ( 'NONE', #81, .T. ) ;
#424 = ORIENTED_EDGE ( 'NONE', *, *, #907, .T. ) ;
#425 = EDGE_CURVE ( 'NONE', #740, #504, #142, .T. ) ;
#426 = DIRECTION ( 'NONE',  ( 1.000000000000000000, 0.000000000000000000, 0.000000000000000000 ) ) ;
#427 = CARTESIAN_POINT ( 'NONE',  ( 22.50000000000000000, -27.00000000000000000, 0.000000000000000000 ) ) ;
#428 = CARTESIAN_POINT ( 'NONE',  ( -80.00000000000000000, -52.50000000000000000, 0.000000000000000000 ) ) ;
#429 = ORIENTED_EDGE ( 'NONE', *, *, #922, .T. ) ;
#430 = DIRECTION ( 'NONE',  ( -0.000000000000000000, -0.000000000000000000, -1.000000000000000000 ) ) ;
#431 = AXIS2_PLACEMENT_3D ( 'NONE', #610, #1730, #1040 ) ;
#432 = ORIENTED_EDGE ( 'NONE', *, *, #343, .T. ) ;
#433 = ORIENTED_EDGE ( 'NONE', *, *, #336, .F. ) ;
#434 = VECTOR ( 'NONE', #694, 1000.000000000000000 ) ;
#435 = CARTESIAN_POINT ( 'NONE',  ( -55.00000000000000000, -39.00000000000000000, 2.000000000000000000 ) ) ;
#436 = FACE_OUTER_BOUND ( 'NONE', #784, .T. ) ;
#437 = CIRCLE ( 'NONE', #118, 1.699999999999993072 ) ;
#438 = AXIS2_PLACEMENT_3D ( 'NONE', #427, #1528, #808 ) ;
#439 = DIRECTION ( 'NONE',  ( 0.000000000000000000, 0.000000000000000000, 1.000000000000000000 ) ) ;
#440 = EDGE_LOOP ( 'NONE', ( #657, #465 ) ) ;
#441 = DIRECTION ( 'NONE',  ( -0.000000000000000000, -0.000000000000000000, -1.000000000000000000 ) ) ;
#442 = EDGE_CURVE ( 'NONE', #645, #1263, #1773, .T. ) ;
#443 = AXIS2_PLACEMENT_3D ( 'NONE', #892, #1275, #601 ) ;
#444 = CYLINDRICAL_SURFACE ( 'NONE', #1495, 1.599999999999997202 ) ;
#445 = EDGE_LOOP ( 'NONE', ( #298, #1627, #973, #964 ) ) ;
#446 = DIRECTION ( 'NONE',  ( 0.000000000000000000, 0.000000000000000000, 1.000000000000000000 ) ) ;
#447 = DIRECTION ( 'NONE',  ( 0.000000000000000000, 0.000000000000000000, 1.000000000000000000 ) ) ;
#448 = ORIENTED_EDGE ( 'NONE', *, *, #1087, .T. ) ;
#449 = CARTESIAN_POINT ( 'NONE',  ( 37.50000000000000000, 27.00000000000000000, 0.000000000000000000 ) ) ;
#450 = APPLICATION_CONTEXT ( 'configuration controlled 3d designs of mechanical parts and assemblies' ) ;
#451 = EDGE_CURVE ( 'NONE', #709, #1169, #531, .T. ) ;
#452 = DIRECTION ( 'NONE',  ( 0.000000000000000000, 0.000000000000000000, 1.000000000000000000 ) ) ;
#453 = ORIENTED_EDGE ( 'NONE', *, *, #1654, .F. ) ;
#454 = DIRECTION ( 'NONE',  ( 1.000000000000000000, 0.000000000000000000, 0.000000000000000000 ) ) ;
#455 = DIRECTION ( 'NONE',  ( -0.000000000000000000, -0.000000000000000000, -1.000000000000000000 ) ) ;
#456 = EDGE_LOOP ( 'NONE', ( #1199, #1331 ) ) ;
#457 = DIRECTION ( 'NONE',  ( 0.000000000000000000, 0.000000000000000000, 1.000000000000000000 ) ) ;
#458 = CARTESIAN_POINT ( 'NONE',  ( 33.89999999999999858, 27.00000000000000000, -0.2999999999999999889 ) ) ;
#459 = DIRECTION ( 'NONE',  ( 1.000000000000000000, 0.000000000000000000, 0.000000000000000000 ) ) ;
#460 = ORIENTED_EDGE ( 'NONE', *, *, #96, .F. ) ;
#461 = DIRECTION ( 'NONE',  ( 1.000000000000000000, 0.000000000000000000, 0.000000000000000000 ) ) ;
#462 = VECTOR ( 'NONE', #1052, 1000.000000000000000 ) ;
#463 = FACE_OUTER_BOUND ( 'NONE', #268, .T. ) ;
#464 = CIRCLE ( 'NONE', #1712, 1.599999999999997202 ) ;
#465 = ORIENTED_EDGE ( 'NONE', *, *, #755, .F. ) ;
#466 = CARTESIAN_POINT ( 'NONE',  ( -41.50000000000000000, -27.00000000000000000, 2.000000000000000000 ) ) ;
#467 = CIRCLE ( 'NONE', #1352, 1.699999999999993072 ) ;
#468 = AXIS2_PLACEMENT_3D ( 'NONE', #53, #1144, #199 ) ;
#469 = CARTESIAN_POINT ( 'NONE',  ( 73.70000000000000284, 46.00000000000000000, 2.000000000000000000 ) ) ;
#470 = ORIENTED_EDGE ( 'NONE', *, *, #1231, .T. ) ;
#471 = DIRECTION ( 'NONE',  ( 0.000000000000000000, 0.000000000000000000, 1.000000000000000000 ) ) ;
#472 = EDGE_CURVE ( 'NONE', #1594, #1514, #89, .T. ) ;
#473 = DIRECTION ( 'NONE',  ( -1.000000000000000000, 0.000000000000000000, 0.000000000000000000 ) ) ;
#474 = ORIENTED_EDGE ( 'NONE', *, *, #1126, .T. ) ;
#475 = LINE ( 'NONE', #66, #810 ) ;
#476 = EDGE_LOOP ( 'NONE', ( #932, #1622, #861, #395 ) ) ;
#477 = CARTESIAN_POINT ( 'NONE',  ( 43.10000000000000142, -3.000000000000000000, -0.2999999999999999889 ) ) ;
#478 = EDGE_CURVE ( 'NONE', #93, #1323, #1158, .T. ) ;
#479 = CARTESIAN_POINT ( 'NONE',  ( -52.50000000000000000, 27.00000000000000000, 2.000000000000000000 ) ) ;
#480 = VERTEX_POINT ( 'NONE', #812 ) ;
#481 = LINE ( 'NONE', #1581, #727 ) ;
#482 = CARTESIAN_POINT ( 'NONE',  ( -72.00000000000001421, -46.00000000000000000, 0.000000000000000000 ) ) ;
#483 = EDGE_LOOP ( 'NONE', ( #1537, #766, #1560, #383 ) ) ;
#484 = LINE ( 'NONE', #72, #840 ) ;
#485 = CARTESIAN_POINT ( 'NONE',  ( 72.00000000000001421, -46.00000000000000000, -0.2999999999999999889 ) ) ;
#486 = ORGANIZATION ( '未', '未', '' ) ;
#487 = AXIS2_PLACEMENT_3D ( 'NONE', #1294, #1431, #747 ) ;
#488 = LINE ( 'NONE', #933, #816 ) ;
#489 = AXIS2_PLACEMENT_3D ( 'NONE', #1164, #452, #717 ) ;
#490 = CIRCLE ( 'NONE', #179, 1.699999999999993072 ) ;
#491 = ADVANCED_FACE ( 'NONE', ( #1791 ), #1523, .F. ) ;
#492 = ORIENTED_EDGE ( 'NONE', *, *, #1297, .T. ) ;
#493 = CARTESIAN_POINT ( 'NONE',  ( -22.50000000000000000, -3.000000000000000000, 2.000000000000000000 ) ) ;
#494 = DIRECTION ( 'NONE',  ( 0.000000000000000000, 0.000000000000000000, 1.000000000000000000 ) ) ;
#495 = AXIS2_PLACEMENT_3D ( 'NONE', #190, #1707, #993 ) ;
#496 = AXIS2_PLACEMENT_3D ( 'NONE', #612, #1161, #1408 ) ;
#497 = VERTEX_POINT ( 'NONE', #192 ) ;
#498 = AXIS2_PLACEMENT_3D ( 'NONE', #1434, #44, #713 ) ;
#499 = DIRECTION ( 'NONE',  ( 0.000000000000000000, -1.000000000000000000, -0.000000000000000000 ) ) ;
#500 = DIRECTION ( 'NONE',  ( -1.000000000000000000, 0.000000000000000000, 0.000000000000000000 ) ) ;
#501 = CARTESIAN_POINT ( 'NONE',  ( 55.00000000000000000, -39.00000000000000000, -0.2999999999999999889 ) ) ;
#502 = DIRECTION ( 'NONE',  ( 0.000000000000000000, 0.000000000000000000, 1.000000000000000000 ) ) ;
#503 = EDGE_CURVE ( 'NONE', #701, #569, #955, .T. ) ;
#504 = VERTEX_POINT ( 'NONE', #1280 ) ;
#505 = CARTESIAN_POINT ( 'NONE',  ( 80.00000000000000000, 0.000000000000000000, 2.000000000000000000 ) ) ;
#506 = VERTEX_POINT ( 'NONE', #449 ) ;
#507 = CARTESIAN_POINT ( 'NONE',  ( 0.000000000000000000, 52.50000000000000000, 2.000000000000000000 ) ) ;
#508 = CARTESIAN_POINT ( 'NONE',  ( 80.00000000000000000, 52.50000000000000000, 2.000000000000000000 ) ) ;
#509 = EDGE_LOOP ( 'NONE', ( #1383, #921 ) ) ;
#510 = CARTESIAN_POINT ( 'NONE',  ( 72.00000000000001421, 46.00000000000000000, -0.2999999999999999889 ) ) ;
#511 = ORIENTED_EDGE ( 'NONE', *, *, #1017, .F. ) ;
#512 = DIRECTION ( 'NONE',  ( 1.000000000000000000, 0.000000000000000000, 0.000000000000000000 ) ) ;
#513 = DIRECTION ( 'NONE',  ( 1.000000000000000000, 0.000000000000000000, 0.000000000000000000 ) ) ;
#514 = EDGE_CURVE ( 'NONE', #530, #701, #1021, .T. ) ;
#515 = VERTEX_POINT ( 'NONE', #1692 ) ;
#516 = APPROVAL_PERSON_ORGANIZATION ( #1223, #1718, #1506 ) ;
#517 = DIRECTION ( 'NONE',  ( 0.000000000000000000, 0.000000000000000000, 1.000000000000000000 ) ) ;
#518 = VECTOR ( 'NONE', #776, 1000.000000000000000 ) ;
#519 = VERTEX_POINT ( 'NONE', #869 ) ;
#520 = DIRECTION ( 'NONE',  ( 1.000000000000000000, 0.000000000000000000, 0.000000000000000000 ) ) ;
#521 = AXIS2_PLACEMENT_3D ( 'NONE', #1518, #670, #1675 ) ;
#522 = CIRCLE ( 'NONE', #956, 1.599999999999997202 ) ;
#523 = ORIENTED_EDGE ( 'NONE', *, *, #336, .T. ) ;
#524 = CIRCLE ( 'NONE', #263, 1.599999999999997202 ) ;
#525 = DIRECTION ( 'NONE',  ( 1.000000000000000000, 0.000000000000000000, 0.000000000000000000 ) ) ;
#526 = EDGE_LOOP ( 'NONE', ( #432, #1251, #1333, #794 ) ) ;
#527 = AXIS2_PLACEMENT_3D ( 'NONE', #1751, #1051, #344 ) ;
#528 = EDGE_CURVE ( 'NONE', #1747, #811, #1584, .T. ) ;
#529 = FACE_BOUND ( 'NONE', #1028, .T. ) ;
#530 = VERTEX_POINT ( 'NONE', #1002 ) ;
#531 = LINE ( 'NONE', #1221, #729 ) ;
#532 = EDGE_LOOP ( 'NONE', ( #546, #1774, #550, #362 ) ) ;
#533 = EDGE_LOOP ( 'NONE', ( #332, #1466 ) ) ;
#534 = CYLINDRICAL_SURFACE ( 'NONE', #291, 7.500000000000000000 ) ;
#535 = CARTESIAN_POINT ( 'NONE',  ( 22.50000000000000000, -27.00000000000000000, -0.2999999999999999889 ) ) ;
#536 = CARTESIAN_POINT ( 'NONE',  ( -72.00000000000001421, 46.00000000000000000, 0.000000000000000000 ) ) ;
#537 = ORIENTED_EDGE ( 'NONE', *, *, #1779, .T. ) ;
#538 = CARTESIAN_POINT ( 'NONE',  ( -45.00000000000000000, 27.00000000000000000, 2.000000000000000000 ) ) ;
#539 = EDGE_CURVE ( 'NONE', #1247, #1323, #1532, .T. ) ;
#540 = VERTEX_POINT ( 'NONE', #1709 ) ;
#541 =( NAMED_UNIT ( * ) PLANE_ANGLE_UNIT ( ) SI_UNIT ( $, .RADIAN. ) );
#542 = VERTEX_POINT ( 'NONE', #162 ) ;
#543 = DIRECTION ( 'NONE',  ( 0.000000000000000000, 0.000000000000000000, 1.000000000000000000 ) ) ;
#544 = DIRECTION ( 'NONE',  ( 0.000000000000000000, 0.000000000000000000, 1.000000000000000000 ) ) ;
#545 = FACE_OUTER_BOUND ( 'NONE', #339, .T. ) ;
#546 = ORIENTED_EDGE ( 'NONE', *, *, #78, .F. ) ;
#547 = DIRECTION ( 'NONE',  ( 0.000000000000000000, 0.000000000000000000, 1.000000000000000000 ) ) ;
#548 = LINE ( 'NONE', #954, #1677 ) ;
#549 = EDGE_CURVE ( 'NONE', #693, #1092, #1646, .T. ) ;
#550 = ORIENTED_EDGE ( 'NONE', *, *, #895, .F. ) ;
#551 = AXIS2_PLACEMENT_3D ( 'NONE', #1355, #1252, #278 ) ;
#552 = PERSON_AND_ORGANIZATION ( #1688, #486 ) ;
#553 = ORIENTED_EDGE ( 'NONE', *, *, #194, .F. ) ;
#554 = VECTOR ( 'NONE', #1056, 1000.000000000000000 ) ;
#555 = DIRECTION ( 'NONE',  ( 1.000000000000000000, 0.000000000000000000, 0.000000000000000000 ) ) ;
#556 = FACE_BOUND ( 'NONE', #200, .T. ) ;
#557 = CARTESIAN_POINT ( 'NONE',  ( 55.00000000000000000, -39.00000000000000000, 0.000000000000000000 ) ) ;
#558 = EDGE_LOOP ( 'NONE', ( #723, #1398 ) ) ;
#559 = DIRECTION ( 'NONE',  ( 1.000000000000000000, 0.000000000000000000, 0.000000000000000000 ) ) ;
#560 = EDGE_CURVE ( 'NONE', #592, #542, #323, .T. ) ;
#561 = LINE ( 'NONE', #1663, #1268 ) ;
#562 = EDGE_CURVE ( 'NONE', #645, #1260, #7, .T. ) ;
#563 = DIRECTION ( 'NONE',  ( -0.000000000000000000, -0.000000000000000000, -1.000000000000000000 ) ) ;
#564 = ORIENTED_EDGE ( 'NONE', *, *, #1480, .T. ) ;
#565 = CC_DESIGN_PERSON_AND_ORGANIZATION_ASSIGNMENT ( #1775, #1515, ( #1236 ) ) ;
#566 = DIRECTION ( 'NONE',  ( 0.000000000000000000, 0.000000000000000000, 1.000000000000000000 ) ) ;
#567 = FACE_BOUND ( 'NONE', #1255, .T. ) ;
#568 = DIRECTION ( 'NONE',  ( 0.000000000000000000, 0.000000000000000000, 1.000000000000000000 ) ) ;
#569 = VERTEX_POINT ( 'NONE', #596 ) ;
#570 = CYLINDRICAL_SURFACE ( 'NONE', #924, 7.500000000000000000 ) ;
#571 = EDGE_LOOP ( 'NONE', ( #1580, #600 ) ) ;
#572 = VERTEX_POINT ( 'NONE', #1682 ) ;
#573 = CARTESIAN_POINT ( 'NONE',  ( 45.00000000000000000, 27.00000000000000000, -0.2999999999999999889 ) ) ;
#574 = CARTESIAN_POINT ( 'NONE',  ( -72.00000000000001421, 46.00000000000000000, 2.000000000000000000 ) ) ;
#575 = EDGE_CURVE ( 'NONE', #1594, #1374, #1699, .T. ) ;
#576 = FACE_OUTER_BOUND ( 'NONE', #1551, .T. ) ;
#577 = ORIENTED_EDGE ( 'NONE', *, *, #1593, .T. ) ;
#578 = CARTESIAN_POINT ( 'NONE',  ( -11.09999999999999964, 27.00000000000000000, 0.000000000000000000 ) ) ;
#579 = CC_DESIGN_APPROVAL ( #1718, ( #1733 ) ) ;
#580 = DIRECTION ( 'NONE',  ( 1.000000000000000000, 0.000000000000000000, 0.000000000000000000 ) ) ;
#581 = VERTEX_POINT ( 'NONE', #1422 ) ;
#582 = CIRCLE ( 'NONE', #783, 3.099999999999998757 ) ;
#583 = CARTESIAN_POINT ( 'NONE',  ( 22.50000000000000000, -27.00000000000000000, 2.000000000000000000 ) ) ;
#584 = AXIS2_PLACEMENT_3D ( 'NONE', #185, #739, #459 ) ;
#585 = EDGE_CURVE ( 'NONE', #1260, #645, #1680, .T. ) ;
#586 = AXIS2_PLACEMENT_3D ( 'NONE', #409, #962, #1510 ) ;
#587 = DIRECTION ( 'NONE',  ( -1.000000000000000000, 0.000000000000000000, 0.000000000000000000 ) ) ;
#588 = EDGE_LOOP ( 'NONE', ( #763, #3, #63, #1670 ) ) ;
#589 = CARTESIAN_POINT ( 'NONE',  ( 45.00000000000000000, 27.00000000000000000, -0.2999999999999999889 ) ) ;
#590 = AXIS2_PLACEMENT_3D ( 'NONE', #1539, #304, #454 ) ;
#591 = DIRECTION ( 'NONE',  ( 1.000000000000000000, 0.000000000000000000, 0.000000000000000000 ) ) ;
#592 = VERTEX_POINT ( 'NONE', #1542 ) ;
#593 = DIRECTION ( 'NONE',  ( 1.000000000000000000, 0.000000000000000000, 0.000000000000000000 ) ) ;
#594 = CARTESIAN_POINT ( 'NONE',  ( 58.10000000000000142, -39.00000000000000000, 0.000000000000000000 ) ) ;
#595 = ORIENTED_EDGE ( 'NONE', *, *, #746, .F. ) ;
#596 = CARTESIAN_POINT ( 'NONE',  ( 73.70000000000000284, -46.00000000000000000, 2.000000000000000000 ) ) ;
#597 = ADVANCED_FACE ( 'NONE', ( #307 ), #862, .F. ) ;
#598 = FACE_OUTER_BOUND ( 'NONE', #532, .T. ) ;
#599 = CARTESIAN_POINT ( 'NONE',  ( -37.50000000000000000, 27.00000000000000000, 2.000000000000000000 ) ) ;
#600 = ORIENTED_EDGE ( 'NONE', *, *, #1569, .F. ) ;
#601 = DIRECTION ( 'NONE',  ( -1.000000000000000000, 0.000000000000000000, 0.000000000000000000 ) ) ;
#602 = CARTESIAN_POINT ( 'NONE',  ( -56.10000000000000142, 27.00000000000000000, 2.000000000000000000 ) ) ;
#603 = FACE_OUTER_BOUND ( 'NONE', #588, .T. ) ;
#604 = ORIENTED_EDGE ( 'NONE', *, *, #228, .T. ) ;
#605 = DIRECTION ( 'NONE',  ( 0.000000000000000000, 0.000000000000000000, 1.000000000000000000 ) ) ;
#606 = CYLINDRICAL_SURFACE ( 'NONE', #661, 1.599999999999997202 ) ;
#607 = ADVANCED_FACE ( 'NONE', ( #1549 ), #724, .F. ) ;
#608 = AXIS2_PLACEMENT_3D ( 'NONE', #1765, #700, #525 ) ;
#609 = ORIENTED_EDGE ( 'NONE', *, *, #692, .T. ) ;
#610 = CARTESIAN_POINT ( 'NONE',  ( 32.00000000000000000, -15.00000000000000000, 0.000000000000000000 ) ) ;
#611 = VECTOR ( 'NONE', #1412, 1000.000000000000000 ) ;
#612 = CARTESIAN_POINT ( 'NONE',  ( -32.00000000000000000, -15.00000000000000000, 0.000000000000000000 ) ) ;
#613 = VECTOR ( 'NONE', #605, 1000.000000000000000 ) ;
#614 = ORIENTED_EDGE ( 'NONE', *, *, #201, .F. ) ;
#615 = AXIS2_PLACEMENT_3D ( 'NONE', #485, #1456, #513 ) ;
#616 = VECTOR ( 'NONE', #251, 1000.000000000000000 ) ;
#617 = DIRECTION ( 'NONE',  ( 1.000000000000000000, 0.000000000000000000, 0.000000000000000000 ) ) ;
#618 = EDGE_CURVE ( 'NONE', #805, #37, #294, .T. ) ;
#619 = ORIENTED_EDGE ( 'NONE', *, *, #664, .T. ) ;
#620 = DIRECTION ( 'NONE',  ( 1.000000000000000000, 0.000000000000000000, 0.000000000000000000 ) ) ;
#621 = CARTESIAN_POINT ( 'NONE',  ( 33.89999999999999858, 27.00000000000000000, 0.000000000000000000 ) ) ;
#622 = CARTESIAN_POINT ( 'NONE',  ( -80.00000000000000000, 0.000000000000000000, 0.000000000000000000 ) ) ;
#623 = ORIENTED_EDGE ( 'NONE', *, *, #34, .T. ) ;
#624 = DIRECTION ( 'NONE',  ( 1.000000000000000000, 0.000000000000000000, 0.000000000000000000 ) ) ;
#625 = CYLINDRICAL_SURFACE ( 'NONE', #1469, 1.599999999999997202 ) ;
#626 = ORIENTED_EDGE ( 'NONE', *, *, #922, .F. ) ;
#627 = CARTESIAN_POINT ( 'NONE',  ( 73.70000000000000284, -46.00000000000000000, -0.2999999999999999889 ) ) ;
#628 = DIRECTION ( 'NONE',  ( 1.000000000000000000, 0.000000000000000000, 0.000000000000000000 ) ) ;
#629 = EDGE_CURVE ( 'NONE', #1453, #1409, #1015, .T. ) ;
#630 = FACE_OUTER_BOUND ( 'NONE', #253, .T. ) ;
#631 = DIRECTION ( 'NONE',  ( 0.000000000000000000, -1.000000000000000000, -0.000000000000000000 ) ) ;
#632 = LINE ( 'NONE', #640, #846 ) ;
#633 = ORIENTED_EDGE ( 'NONE', *, *, #189, .T. ) ;
#634 = CARTESIAN_POINT ( 'NONE',  ( 0.000000000000000000, 52.50000000000000000, 0.000000000000000000 ) ) ;
#635 = DIRECTION ( 'NONE',  ( -1.000000000000000000, 0.000000000000000000, 0.000000000000000000 ) ) ;
#636 = FACE_BOUND ( 'NONE', #245, .T. ) ;
#637 = AXIS2_PLACEMENT_3D ( 'NONE', #1735, #224, #373 ) ;
#638 = EDGE_CURVE ( 'NONE', #1755, #744, #1538, .T. ) ;
#639 = CIRCLE ( 'NONE', #1242, 1.699999999999993072 ) ;
#640 = CARTESIAN_POINT ( 'NONE',  ( -32.30000000000000426, 27.00000000000000000, -0.2999999999999999889 ) ) ;
#641 = VECTOR ( 'NONE', #809, 1000.000000000000000 ) ;
#642 = VECTOR ( 'NONE', #229, 1000.000000000000000 ) ;
#643 = ORIENTED_EDGE ( 'NONE', *, *, #684, .F. ) ;
#644 = DIRECTION ( 'NONE',  ( 1.000000000000000000, 0.000000000000000000, 0.000000000000000000 ) ) ;
#645 = VERTEX_POINT ( 'NONE', #806 ) ;
#646 = DIRECTION ( 'NONE',  ( -0.000000000000000000, -0.000000000000000000, -1.000000000000000000 ) ) ;
#647 = ORIENTED_EDGE ( 'NONE', *, *, #1370, .T. ) ;
#648 = DIRECTION ( 'NONE',  ( -0.000000000000000000, -0.000000000000000000, -1.000000000000000000 ) ) ;
#649 = EDGE_CURVE ( 'NONE', #1784, #530, #1385, .T. ) ;
#650 = VERTEX_POINT ( 'NONE', #1116 ) ;
#651 = LINE ( 'NONE', #477, #920 ) ;
#652 = DIRECTION ( 'NONE',  ( 1.000000000000000000, 0.000000000000000000, -0.000000000000000000 ) ) ;
#653 = ORIENTED_EDGE ( 'NONE', *, *, #1746, .T. ) ;
#654 = CARTESIAN_POINT ( 'NONE',  ( -24.10000000000000142, -3.000000000000000000, 0.000000000000000000 ) ) ;
#655 = ORIENTED_EDGE ( 'NONE', *, *, #1629, .T. ) ;
#656 = LINE ( 'NONE', #906, #1348 ) ;
#657 = ORIENTED_EDGE ( 'NONE', *, *, #1013, .F. ) ;
#658 = ADVANCED_FACE ( 'NONE', ( #1225 ), #534, .F. ) ;
#659 = VERTEX_POINT ( 'NONE', #1257 ) ;
#660 = LINE ( 'NONE', #1577, #1303 ) ;
#661 = AXIS2_PLACEMENT_3D ( 'NONE', #458, #338, #617 ) ;
#662 = ORIENTED_EDGE ( 'NONE', *, *, #720, .F. ) ;
#663 = CARTESIAN_POINT ( 'NONE',  ( -80.00000000000000000, 0.000000000000000000, 2.000000000000000000 ) ) ;
#664 = EDGE_CURVE ( 'NONE', #164, #1119, #1614, .T. ) ;
#665 = AXIS2_PLACEMENT_3D ( 'NONE', #284, #420, #123 ) ;
#666 = ORIENTED_EDGE ( 'NONE', *, *, #773, .T. ) ;
#667 = DATE_AND_TIME ( #115, #1491 ) ;
#668 = ORIENTED_EDGE ( 'NONE', *, *, #328, .F. ) ;
#669 = CIRCLE ( 'NONE', #498, 1.600000000000000755 ) ;
#670 = DIRECTION ( 'NONE',  ( -0.000000000000000000, -0.000000000000000000, -1.000000000000000000 ) ) ;
#671 = FACE_BOUND ( 'NONE', #771, .T. ) ;
#672 = ADVANCED_FACE ( 'NONE', ( #1107 ), #1633, .F. ) ;
#673 = DIRECTION ( 'NONE',  ( 1.000000000000000000, 0.000000000000000000, 0.000000000000000000 ) ) ;
#674 = ORIENTED_EDGE ( 'NONE', *, *, #1399, .T. ) ;
#675 = DIRECTION ( 'NONE',  ( 0.000000000000000000, 0.000000000000000000, 1.000000000000000000 ) ) ;
#676 = EDGE_LOOP ( 'NONE', ( #748, #285, #1102, #1494 ) ) ;
#677 = MECHANICAL_CONTEXT ( 'NONE', #450, 'mechanical' ) ;
#678 = EDGE_LOOP ( 'NONE', ( #51, #474, #707, #1522 ) ) ;
#679 = DIRECTION ( 'NONE',  ( 0.000000000000000000, 0.000000000000000000, 1.000000000000000000 ) ) ;
#680 = FACE_OUTER_BOUND ( 'NONE', #983, .T. ) ;
#681 = EDGE_CURVE ( 'NONE', #27, #1703, #759, .T. ) ;
#682 = DIRECTION ( 'NONE',  ( 0.000000000000000000, 0.000000000000000000, 1.000000000000000000 ) ) ;
#683 = EDGE_LOOP ( 'NONE', ( #1473, #1695, #217, #1762 ) ) ;
#684 = EDGE_CURVE ( 'NONE', #506, #946, #829, .T. ) ;
#685 = DIRECTION ( 'NONE',  ( 0.000000000000000000, 0.000000000000000000, 1.000000000000000000 ) ) ;
#686 = ORIENTED_EDGE ( 'NONE', *, *, #1572, .T. ) ;
#687 = DATE_AND_TIME ( #136, #1461 ) ;
#688 = ORIENTED_EDGE ( 'NONE', *, *, #1063, .T. ) ;
#689 = CARTESIAN_POINT ( 'NONE',  ( 70.30000000000001137, -46.00000000000000000, 2.000000000000000000 ) ) ;
#690 = FACE_BOUND ( 'NONE', #440, .T. ) ;
#691 = DIRECTION ( 'NONE',  ( 1.000000000000000000, 0.000000000000000000, 0.000000000000000000 ) ) ;
#692 = EDGE_CURVE ( 'NONE', #1347, #1053, #321, .T. ) ;
#693 = VERTEX_POINT ( 'NONE', #147 ) ;
#694 = DIRECTION ( 'NONE',  ( 0.000000000000000000, 0.000000000000000000, 1.000000000000000000 ) ) ;
#695 = EDGE_CURVE ( 'NONE', #832, #542, #986, .T. ) ;
#696 = CC_DESIGN_PERSON_AND_ORGANIZATION_ASSIGNMENT ( #1624, #1482, ( #982 ) ) ;
#697 = CARTESIAN_POINT ( 'NONE',  ( -12.70000000000000107, 27.00000000000000000, -0.2999999999999999889 ) ) ;
#698 = VECTOR ( 'NONE', #843, 1000.000000000000000 ) ;
#699 = VECTOR ( 'NONE', #1777, 1000.000000000000000 ) ;
#700 = DIRECTION ( 'NONE',  ( 0.000000000000000000, 0.000000000000000000, 1.000000000000000000 ) ) ;
#701 = VERTEX_POINT ( 'NONE', #689 ) ;
#702 = CIRCLE ( 'NONE', #295, 1.600000000000000755 ) ;
#703 = CARTESIAN_POINT ( 'NONE',  ( -12.70000000000000107, 27.00000000000000000, 2.000000000000000000 ) ) ;
#704 = DIRECTION ( 'NONE',  ( 1.000000000000000000, 0.000000000000000000, 0.000000000000000000 ) ) ;
#705 = AXIS2_PLACEMENT_3D ( 'NONE', #1007, #1019, #1420 ) ;
#706 = CARTESIAN_POINT ( 'NONE',  ( -57.70000000000000284, 27.00000000000000000, 0.000000000000000000 ) ) ;
#707 = ORIENTED_EDGE ( 'NONE', *, *, #1344, .T. ) ;
#708 = DIRECTION ( 'NONE',  ( -1.000000000000000000, 0.000000000000000000, 0.000000000000000000 ) ) ;
#709 = VERTEX_POINT ( 'NONE', #1235 ) ;
#710 = ADVANCED_FACE ( 'NONE', ( #1496 ), #1658, .F. ) ;
#711 = ORIENTED_EDGE ( 'NONE', *, *, #562, .T. ) ;
#712 = DIRECTION ( 'NONE',  ( 1.000000000000000000, 0.000000000000000000, 0.000000000000000000 ) ) ;
#713 = DIRECTION ( 'NONE',  ( 1.000000000000000000, 0.000000000000000000, 0.000000000000000000 ) ) ;
#714 = DIRECTION ( 'NONE',  ( -0.000000000000000000, -0.000000000000000000, -1.000000000000000000 ) ) ;
#715 = ORIENTED_EDGE ( 'NONE', *, *, #22, .T. ) ;
#716 = CARTESIAN_POINT ( 'NONE',  ( 57.70000000000000284, 27.00000000000000000, -0.2999999999999999889 ) ) ;
#717 = DIRECTION ( 'NONE',  ( 1.000000000000000000, 0.000000000000000000, 0.000000000000000000 ) ) ;
#718 = ADVANCED_FACE ( 'NONE', ( #130 ), #16, .F. ) ;
#719 = VERTEX_POINT ( 'NONE', #703 ) ;
#720 = EDGE_CURVE ( 'NONE', #1703, #27, #346, .T. ) ;
#721 = CARTESIAN_POINT ( 'NONE',  ( -70.30000000000001137, -46.00000000000000000, 0.000000000000000000 ) ) ;
#722 = CYLINDRICAL_SURFACE ( 'NONE', #1044, 12.00000000000000000 ) ;
#723 = ORIENTED_EDGE ( 'NONE', *, *, #1724, .F. ) ;
#724 = CYLINDRICAL_SURFACE ( 'NONE', #813, 7.500000000000000000 ) ;
#725 = DIRECTION ( 'NONE',  ( 0.000000000000000000, 0.000000000000000000, 1.000000000000000000 ) ) ;
#726 = ADVANCED_FACE ( 'NONE', ( #1509 ), #418, .F. ) ;
#727 = VECTOR ( 'NONE', #494, 1000.000000000000000 ) ;
#728 = ORIENTED_EDGE ( 'NONE', *, *, #1310, .T. ) ;
#729 = VECTOR ( 'NONE', #1628, 1000.000000000000000 ) ;
#730 = DIRECTION ( 'NONE',  ( 0.000000000000000000, 0.000000000000000000, 1.000000000000000000 ) ) ;
#731 = DIRECTION ( 'NONE',  ( -0.000000000000000000, -0.000000000000000000, -1.000000000000000000 ) ) ;
#732 = AXIS2_PLACEMENT_3D ( 'NONE', #320, #455, #587 ) ;
#733 = EDGE_CURVE ( 'NONE', #994, #387, #582, .T. ) ;
#734 = DIRECTION ( 'NONE',  ( -1.000000000000000000, 0.000000000000000000, 0.000000000000000000 ) ) ;
#735 = ORIENTED_EDGE ( 'NONE', *, *, #1488, .T. ) ;
#736 = DIRECTION ( 'NONE',  ( -1.000000000000000000, 0.000000000000000000, 0.000000000000000000 ) ) ;
#737 = CIRCLE ( 'NONE', #1589, 1.599999999999997202 ) ;
#738 = DIRECTION ( 'NONE',  ( 1.000000000000000000, 0.000000000000000000, 0.000000000000000000 ) ) ;
#739 = DIRECTION ( 'NONE',  ( 0.000000000000000000, 0.000000000000000000, 1.000000000000000000 ) ) ;
#740 = VERTEX_POINT ( 'NONE', #850 ) ;
#741 = CARTESIAN_POINT ( 'NONE',  ( -33.89999999999999858, 27.00000000000000000, 2.000000000000000000 ) ) ;
#742 = DIRECTION ( 'NONE',  ( -1.000000000000000000, 0.000000000000000000, 0.000000000000000000 ) ) ;
#743 = CARTESIAN_POINT ( 'NONE',  ( -20.89999999999999858, -3.000000000000000000, 0.000000000000000000 ) ) ;
#744 = VERTEX_POINT ( 'NONE', #1390 ) ;
#745 = DIRECTION ( 'NONE',  ( -0.000000000000000000, -0.000000000000000000, -1.000000000000000000 ) ) ;
#746 = EDGE_CURVE ( 'NONE', #335, #938, #490, .T. ) ;
#747 = DIRECTION ( 'NONE',  ( -1.000000000000000000, 0.000000000000000000, 0.000000000000000000 ) ) ;
#748 = ORIENTED_EDGE ( 'NONE', *, *, #1026, .T. ) ;
#749 = FACE_OUTER_BOUND ( 'NONE', #1490, .T. ) ;
#750 = DIRECTION ( 'NONE',  ( 1.000000000000000000, 0.000000000000000000, 0.000000000000000000 ) ) ;
#751 = EDGE_LOOP ( 'NONE', ( #402, #756, #421, #161 ) ) ;
#752 = EDGE_CURVE ( 'NONE', #1152, #1247, #639, .T. ) ;
#753 = FACE_BOUND ( 'NONE', #456, .T. ) ;
#754 = LOCAL_TIME ( 19, 6, 23.00000000000000000, #795 ) ;
#755 = EDGE_CURVE ( 'NONE', #1722, #1083, #464, .T. ) ;
#756 = ORIENTED_EDGE ( 'NONE', *, *, #934, .T. ) ;
#757 = AXIS2_PLACEMENT_3D ( 'NONE', #1120, #413, #708 ) ;
#758 = FACE_OUTER_BOUND ( 'NONE', #368, .T. ) ;
#759 = CIRCLE ( 'NONE', #1324, 3.099999999999998757 ) ;
#760 = DIRECTION ( 'NONE',  ( 0.000000000000000000, 0.000000000000000000, 1.000000000000000000 ) ) ;
#761 = CIRCLE ( 'NONE', #1208, 7.500000000000000000 ) ;
#762 = CIRCLE ( 'NONE', #1503, 7.500000000000000000 ) ;
#763 = ORIENTED_EDGE ( 'NONE', *, *, #876, .F. ) ;
#764 = CIRCLE ( 'NONE', #237, 12.00000000000000000 ) ;
#765 = CYLINDRICAL_SURFACE ( 'NONE', #1012, 1.699999999999993072 ) ;
#766 = ORIENTED_EDGE ( 'NONE', *, *, #979, .T. ) ;
#767 = ADVANCED_FACE ( 'NONE', ( #215 ), #176, .F. ) ;
#768 = CARTESIAN_POINT ( 'NONE',  ( -80.00000000000000000, 52.50000000000000000, 0.000000000000000000 ) ) ;
#769 = DIRECTION ( 'NONE',  ( -1.000000000000000000, 0.000000000000000000, 0.000000000000000000 ) ) ;
#770 = LINE ( 'NONE', #356, #1381 ) ;
#771 = EDGE_LOOP ( 'NONE', ( #1175, #898 ) ) ;
#772 = LINE ( 'NONE', #909, #1010 ) ;
#773 = EDGE_CURVE ( 'NONE', #943, #581, #804, .T. ) ;
#774 = CYLINDRICAL_SURFACE ( 'NONE', #1559, 1.600000000000000755 ) ;
#775 = CYLINDRICAL_SURFACE ( 'NONE', #1536, 3.099999999999998757 ) ;
#776 = DIRECTION ( 'NONE',  ( 0.000000000000000000, 0.000000000000000000, 1.000000000000000000 ) ) ;
#777 = EDGE_LOOP ( 'NONE', ( #1653, #492, #935, #1141 ) ) ;
#778 = CARTESIAN_POINT ( 'NONE',  ( 32.00000000000000000, -15.00000000000000000, -0.2999999999999999889 ) ) ;
#779 = CC_DESIGN_APPROVAL ( #1174, ( #1470 ) ) ;
#780 = ORIENTED_EDGE ( 'NONE', *, *, #856, .F. ) ;
#781 = DIRECTION ( 'NONE',  ( -1.000000000000000000, -0.000000000000000000, 0.000000000000000000 ) ) ;
#782 = PRODUCT_RELATED_PRODUCT_CATEGORY ( 'detail', '', ( #982 ) ) ;
#783 = AXIS2_PLACEMENT_3D ( 'NONE', #977, #1527, #292 ) ;
#784 = EDGE_LOOP ( 'NONE', ( #619, #257, #1606, #1402 ) ) ;
#785 = CARTESIAN_POINT ( 'NONE',  ( 56.10000000000000142, 27.00000000000000000, 2.000000000000000000 ) ) ;
#786 = CIRCLE ( 'NONE', #349, 1.599999999999997202 ) ;
#787 = CIRCLE ( 'NONE', #410, 1.600000000000000755 ) ;
#788 = ORIENTED_EDGE ( 'NONE', *, *, #1517, .F. ) ;
#789 = CARTESIAN_POINT ( 'NONE',  ( 73.70000000000000284, -46.00000000000000000, 0.000000000000000000 ) ) ;
#790 = ORIENTED_EDGE ( 'NONE', *, *, #416, .T. ) ;
#791 = CARTESIAN_POINT ( 'NONE',  ( 51.89999999999999858, -39.00000000000000000, 0.000000000000000000 ) ) ;
#792 = EDGE_CURVE ( 'NONE', #797, #650, #91, .T. ) ;
#793 = DIRECTION ( 'NONE',  ( -1.000000000000000000, 0.000000000000000000, 0.000000000000000000 ) ) ;
#794 = ORIENTED_EDGE ( 'NONE', *, *, #1344, .F. ) ;
#795 = COORDINATED_UNIVERSAL_TIME_OFFSET ( 8, 0, .AHEAD. ) ;
#796 = FACE_OUTER_BOUND ( 'NONE', #1110, .T. ) ;
#797 = VERTEX_POINT ( 'NONE', #931 ) ;
#798 = DIRECTION ( 'NONE',  ( 0.000000000000000000, 0.000000000000000000, 1.000000000000000000 ) ) ;
#799 = ADVANCED_FACE ( 'NONE', ( #796 ), #774, .F. ) ;
#800 = ORIENTED_EDGE ( 'NONE', *, *, #503, .F. ) ;
#801 = CARTESIAN_POINT ( 'NONE',  ( 0.000000000000000000, 27.00000000000000000, -0.2999999999999999889 ) ) ;
#802 = ORIENTED_EDGE ( 'NONE', *, *, #221, .T. ) ;
#803 = PERSON_AND_ORGANIZATION ( #1688, #486 ) ;
#804 = LINE ( 'NONE', #83, #554 ) ;
#805 = VERTEX_POINT ( 'NONE', #1180 ) ;
#806 = CARTESIAN_POINT ( 'NONE',  ( -9.500000000000000000, 27.00000000000000000, 0.000000000000000000 ) ) ;
#807 = AXIS2_PLACEMENT_3D ( 'NONE', #1049, #1055, #226 ) ;
#808 = DIRECTION ( 'NONE',  ( -1.000000000000000000, 0.000000000000000000, 0.000000000000000000 ) ) ;
#809 = DIRECTION ( 'NONE',  ( 0.000000000000000000, 0.000000000000000000, 1.000000000000000000 ) ) ;
#810 = VECTOR ( 'NONE', #1711, 1000.000000000000000 ) ;
#811 = VERTEX_POINT ( 'NONE', #378 ) ;
#812 = CARTESIAN_POINT ( 'NONE',  ( -7.500000000000000000, 27.00000000000000000, 2.000000000000000000 ) ) ;
#813 = AXIS2_PLACEMENT_3D ( 'NONE', #589, #1138, #314 ) ;
#814 = VECTOR ( 'NONE', #1500, 1000.000000000000000 ) ;
#815 = LINE ( 'NONE', #392, #256 ) ;
#816 = VECTOR ( 'NONE', #1325, 1000.000000000000000 ) ;
#817 = EDGE_CURVE ( 'NONE', #1734, #592, #786, .T. ) ;
#818 = ORIENTED_EDGE ( 'NONE', *, *, #856, .T. ) ;
#819 = VECTOR ( 'NONE', #1283, 1000.000000000000000 ) ;
#820 = CARTESIAN_POINT ( 'NONE',  ( 56.10000000000000142, 27.00000000000000000, -0.2999999999999999889 ) ) ;
#821 = DIRECTION ( 'NONE',  ( 1.000000000000000000, 0.000000000000000000, 0.000000000000000000 ) ) ;
#822 = CARTESIAN_POINT ( 'NONE',  ( 32.30000000000000426, 27.00000000000000000, -0.2999999999999999889 ) ) ;
#823 = EDGE_LOOP ( 'NONE', ( #97, #1478 ) ) ;
#824 = CARTESIAN_POINT ( 'NONE',  ( -73.70000000000000284, 46.00000000000000000, 2.000000000000000000 ) ) ;
#825 = ORIENTED_EDGE ( 'NONE', *, *, #442, .F. ) ;
#826 = COORDINATED_UNIVERSAL_TIME_OFFSET ( 8, 0, .AHEAD. ) ;
#827 = ORIENTED_EDGE ( 'NONE', *, *, #259, .F. ) ;
#828 = EDGE_CURVE ( 'NONE', #1092, #693, #1132, .T. ) ;
#829 = LINE ( 'NONE', #990, #1181 ) ;
#830 = CYLINDRICAL_SURFACE ( 'NONE', #1588, 1.599999999999997202 ) ;
#831 = DIRECTION ( 'NONE',  ( 1.000000000000000000, 0.000000000000000000, 0.000000000000000000 ) ) ;
#832 = VERTEX_POINT ( 'NONE', #1596 ) ;
#833 = DIRECTION ( 'NONE',  ( 1.000000000000000000, 0.000000000000000000, 0.000000000000000000 ) ) ;
#834 = LINE ( 'NONE', #286, #698 ) ;
#835 = ORIENTED_EDGE ( 'NONE', *, *, #1362, .F. ) ;
#836 =( NAMED_UNIT ( * ) SI_UNIT ( $, .STERADIAN. ) SOLID_ANGLE_UNIT ( ) );
#837 = EDGE_LOOP ( 'NONE', ( #106, #883, #1232, #854 ) ) ;
#838 = DIRECTION ( 'NONE',  ( 1.000000000000000000, 0.000000000000000000, 0.000000000000000000 ) ) ;
#839 = PLANE ( 'NONE',  #878 ) ;
#840 = VECTOR ( 'NONE', #82, 1000.000000000000000 ) ;
#841 = CARTESIAN_POINT ( 'NONE',  ( 37.50000000000000000, 27.00000000000000000, 2.000000000000000000 ) ) ;
#842 = VERTEX_POINT ( 'NONE', #1749 ) ;
#843 = DIRECTION ( 'NONE',  ( 0.000000000000000000, 0.000000000000000000, 1.000000000000000000 ) ) ;
#844 = ADVANCED_FACE ( 'NONE', ( #1465 ), #101, .T. ) ;
#845 = FACE_BOUND ( 'NONE', #1282, .T. ) ;
#846 = VECTOR ( 'NONE', #936, 1000.000000000000000 ) ;
#847 = VECTOR ( 'NONE', #457, 1000.000000000000000 ) ;
#848 = VERTEX_POINT ( 'NONE', #599 ) ;
#849 = VECTOR ( 'NONE', #1363, 1000.000000000000000 ) ;
#850 = CARTESIAN_POINT ( 'NONE',  ( -80.00000000000000000, -52.50000000000000000, 2.000000000000000000 ) ) ;
#851 = FACE_BOUND ( 'NONE', #406, .T. ) ;
#852 = CIRCLE ( 'NONE', #1561, 1.599999999999997202 ) ;
#853 = CARTESIAN_POINT ( 'NONE',  ( 35.50000000000000000, 27.00000000000000000, 0.000000000000000000 ) ) ;
#854 = ORIENTED_EDGE ( 'NONE', *, *, #166, .F. ) ;
#855 = CARTESIAN_POINT ( 'NONE',  ( 70.30000000000001137, 46.00000000000000000, -0.2999999999999999889 ) ) ;
#856 = EDGE_CURVE ( 'NONE', #1514, #1594, #467, .T. ) ;
#857 = ORIENTED_EDGE ( 'NONE', *, *, #695, .F. ) ;
#858 = ORIENTED_EDGE ( 'NONE', *, *, #528, .T. ) ;
#859 = DIRECTION ( 'NONE',  ( -1.000000000000000000, 0.000000000000000000, 0.000000000000000000 ) ) ;
#860 = CARTESIAN_POINT ( 'NONE',  ( 35.50000000000000000, 27.00000000000000000, -0.2999999999999999889 ) ) ;
#861 = ORIENTED_EDGE ( 'NONE', *, *, #629, .T. ) ;
#862 = CYLINDRICAL_SURFACE ( 'NONE', #149, 1.600000000000000755 ) ;
#863 = CYLINDRICAL_SURFACE ( 'NONE', #113, 1.699999999999993072 ) ;
#864 = ORIENTED_EDGE ( 'NONE', *, *, #1397, .F. ) ;
#865 = ADVANCED_FACE ( 'NONE', ( #1023 ), #625, .F. ) ;
#866 = CARTESIAN_POINT ( 'NONE',  ( 72.00000000000001421, 46.00000000000000000, 0.000000000000000000 ) ) ;
#867 = CARTESIAN_POINT ( 'NONE',  ( 11.09999999999999964, 27.00000000000000000, 2.000000000000000000 ) ) ;
#868 = EDGE_LOOP ( 'NONE', ( #633, #74, #1681, #626 ) ) ;
#869 = CARTESIAN_POINT ( 'NONE',  ( 44.00000000000000000, -15.00000000000000000, 2.000000000000000000 ) ) ;
#870 = CIRCLE ( 'NONE', #431, 12.00000000000000000 ) ;
#871 = CARTESIAN_POINT ( 'NONE',  ( 41.50000000000000000, -3.000000000000000000, 2.000000000000000000 ) ) ;
#872 = CARTESIAN_POINT ( 'NONE',  ( 11.09999999999999964, 27.00000000000000000, 0.000000000000000000 ) ) ;
#873 = ORIENTED_EDGE ( 'NONE', *, *, #309, .T. ) ;
#874 = AXIS2_PLACEMENT_3D ( 'NONE', #1146, #1123, #1084 ) ;
#875 = LINE ( 'NONE', #1562, #819 ) ;
#876 = EDGE_CURVE ( 'NONE', #659, #213, #1582, .T. ) ;
#877 = AXIS2_PLACEMENT_3D ( 'NONE', #887, #62, #1291 ) ;
#878 = AXIS2_PLACEMENT_3D ( 'NONE', #1379, #1108, #1787 ) ;
#879 = FACE_OUTER_BOUND ( 'NONE', #219, .T. ) ;
#880 = ORIENTED_EDGE ( 'NONE', *, *, #695, .T. ) ;
#881 = DIRECTION ( 'NONE',  ( 0.000000000000000000, 0.000000000000000000, 1.000000000000000000 ) ) ;
#882 = FACE_BOUND ( 'NONE', #1665, .T. ) ;
#883 = ORIENTED_EDGE ( 'NONE', *, *, #301, .T. ) ;
#884 = DIRECTION ( 'NONE',  ( -1.000000000000000000, 0.000000000000000000, 0.000000000000000000 ) ) ;
#885 = EDGE_CURVE ( 'NONE', #709, #908, #702, .T. ) ;
#886 = EDGE_CURVE ( 'NONE', #1374, #1098, #927, .T. ) ;
#887 = CARTESIAN_POINT ( 'NONE',  ( 45.00000000000000000, 27.00000000000000000, 0.000000000000000000 ) ) ;
#888 = ORIENTED_EDGE ( 'NONE', *, *, #1327, .T. ) ;
#889 = EDGE_CURVE ( 'NONE', #102, #1090, #1739, .T. ) ;
#890 = DIRECTION ( 'NONE',  ( 0.000000000000000000, 0.000000000000000000, 1.000000000000000000 ) ) ;
#891 = VERTEX_POINT ( 'NONE', #508 ) ;
#892 = CARTESIAN_POINT ( 'NONE',  ( -32.00000000000000000, -15.00000000000000000, 0.000000000000000000 ) ) ;
#893 = CYLINDRICAL_SURFACE ( 'NONE', #495, 11.99999999999999645 ) ;
#894 = ORIENTED_EDGE ( 'NONE', *, *, #1034, .F. ) ;
#895 = EDGE_CURVE ( 'NONE', #1673, #515, #1619, .T. ) ;
#896 = FACE_BOUND ( 'NONE', #1600, .T. ) ;
#897 = AXIS2_PLACEMENT_3D ( 'NONE', #1740, #900, #1601 ) ;
#898 = ORIENTED_EDGE ( 'NONE', *, *, #1638, .F. ) ;
#899 = VECTOR ( 'NONE', #10, 1000.000000000000000 ) ;
#900 = DIRECTION ( 'NONE',  ( 0.000000000000000000, 0.000000000000000000, 1.000000000000000000 ) ) ;
#901 = VECTOR ( 'NONE', #1556, 1000.000000000000000 ) ;
#902 = LINE ( 'NONE', #507, #1184 ) ;
#903 = AXIS2_PLACEMENT_3D ( 'NONE', #235, #652, #1612 ) ;
#904 = AXIS2_PLACEMENT_3D ( 'NONE', #1497, #265, #821 ) ;
#905 = EDGE_LOOP ( 'NONE', ( #1337, #1024, #46, #1194 ) ) ;
#906 = CARTESIAN_POINT ( 'NONE',  ( -52.50000000000000000, 27.00000000000000000, -0.2999999999999999889 ) ) ;
#907 = EDGE_CURVE ( 'NONE', #9, #412, #1713, .T. ) ;
#908 = VERTEX_POINT ( 'NONE', #1609 ) ;
#909 = CARTESIAN_POINT ( 'NONE',  ( -24.10000000000000142, -3.000000000000000000, -0.2999999999999999889 ) ) ;
#910 = CARTESIAN_POINT ( 'NONE',  ( 41.50000000000000000, -3.000000000000000000, 0.000000000000000000 ) ) ;
#911 = CARTESIAN_POINT ( 'NONE',  ( -58.10000000000000142, -39.00000000000000000, 0.000000000000000000 ) ) ;
#912 = DIRECTION ( 'NONE',  ( -1.000000000000000000, 0.000000000000000000, 0.000000000000000000 ) ) ;
#913 = ORIENTED_EDGE ( 'NONE', *, *, #1593, .F. ) ;
#914 = LINE ( 'NONE', #505, #1094 ) ;
#915 = APPROVAL ( #415, '未' ) ;
#916 = CARTESIAN_POINT ( 'NONE',  ( 11.09999999999999964, 27.00000000000000000, 2.000000000000000000 ) ) ;
#917 = DIRECTION ( 'NONE',  ( 0.000000000000000000, 0.000000000000000000, 1.000000000000000000 ) ) ;
#918 = ORIENTED_EDGE ( 'NONE', *, *, #1026, .F. ) ;
#919 = DIRECTION ( 'NONE',  ( 0.000000000000000000, 0.000000000000000000, 1.000000000000000000 ) ) ;
#920 = VECTOR ( 'NONE', #1300, 1000.000000000000000 ) ;
#921 = ORIENTED_EDGE ( 'NONE', *, *, #618, .F. ) ;
#922 = EDGE_CURVE ( 'NONE', #811, #848, #1706, .T. ) ;
#923 = CARTESIAN_POINT ( 'NONE',  ( 41.50000000000000000, -3.000000000000000000, 0.000000000000000000 ) ) ;
#924 = AXIS2_PLACEMENT_3D ( 'NONE', #801, #1089, #1373 ) ;
#925 = AXIS2_PLACEMENT_3D ( 'NONE', #1394, #1286, #1269 ) ;
#926 = DIRECTION ( 'NONE',  ( 0.000000000000000000, 0.000000000000000000, 1.000000000000000000 ) ) ;
#927 = CIRCLE ( 'NONE', #584, 1.699999999999993072 ) ;
#928 = AXIS2_PLACEMENT_3D ( 'NONE', #1069, #781, #1731 ) ;
#929 = ORIENTED_EDGE ( 'NONE', *, *, #1087, .F. ) ;
#930 = LINE ( 'NONE', #220, #1640 ) ;
#931 = CARTESIAN_POINT ( 'NONE',  ( 43.10000000000000142, -3.000000000000000000, 0.000000000000000000 ) ) ;
#932 = ORIENTED_EDGE ( 'NONE', *, *, #1157, .T. ) ;
#933 = CARTESIAN_POINT ( 'NONE',  ( -51.89999999999999858, -39.00000000000000000, -0.2999999999999999889 ) ) ;
#934 = EDGE_CURVE ( 'NONE', #399, #940, #524, .T. ) ;
#935 = ORIENTED_EDGE ( 'NONE', *, *, #301, .F. ) ;
#936 = DIRECTION ( 'NONE',  ( 0.000000000000000000, 0.000000000000000000, 1.000000000000000000 ) ) ;
#937 = EDGE_CURVE ( 'NONE', #213, #519, #1617, .T. ) ;
#938 = VERTEX_POINT ( 'NONE', #1660 ) ;
#939 = CALENDAR_DATE ( 2026, 25, 8 ) ;
#940 = VERTEX_POINT ( 'NONE', #853 ) ;
#941 = DIRECTION ( 'NONE',  ( 0.000000000000000000, 0.000000000000000000, 1.000000000000000000 ) ) ;
#942 = CARTESIAN_POINT ( 'NONE',  ( 58.10000000000000142, -39.00000000000000000, 2.000000000000000000 ) ) ;
#943 = VERTEX_POINT ( 'NONE', #1635 ) ;
#944 = DIRECTION ( 'NONE',  ( 1.000000000000000000, 0.000000000000000000, 0.000000000000000000 ) ) ;
#945 = EDGE_CURVE ( 'NONE', #515, #740, #1086, .T. ) ;
#946 = VERTEX_POINT ( 'NONE', #841 ) ;
#947 = DATE_AND_TIME ( #393, #1345 ) ;
#948 = EDGE_LOOP ( 'NONE', ( #1708, #1213 ) ) ;
#949 = DIRECTION ( 'NONE',  ( 0.000000000000000000, 0.000000000000000000, 1.000000000000000000 ) ) ;
#950 = DIRECTION ( 'NONE',  ( 1.000000000000000000, 0.000000000000000000, 0.000000000000000000 ) ) ;
#951 = DIRECTION ( 'NONE',  ( 0.000000000000000000, 0.000000000000000000, 1.000000000000000000 ) ) ;
#952 = CIRCLE ( 'NONE', #1643, 1.699999999999993072 ) ;
#953 = ORIENTED_EDGE ( 'NONE', *, *, #937, .F. ) ;
#954 = CARTESIAN_POINT ( 'NONE',  ( 20.89999999999999858, -27.00000000000000000, -0.2999999999999999889 ) ) ;
#955 = CIRCLE ( 'NONE', #925, 1.699999999999993072 ) ;
#956 = AXIS2_PLACEMENT_3D ( 'NONE', #1238, #568, #972 ) ;
#957 = CARTESIAN_POINT ( 'NONE',  ( -70.30000000000001137, 46.00000000000000000, 0.000000000000000000 ) ) ;
#958 = ADVANCED_FACE ( 'NONE', ( #576 ), #398, .F. ) ;
#959 = APPROVAL_STATUS ( 'not_yet_approved' ) ;
#960 = ORIENTED_EDGE ( 'NONE', *, *, #1277, .T. ) ;
#961 = DIRECTION ( 'NONE',  ( 1.000000000000000000, 0.000000000000000000, 0.000000000000000000 ) ) ;
#962 = DIRECTION ( 'NONE',  ( 0.000000000000000000, 0.000000000000000000, 1.000000000000000000 ) ) ;
#963 = DIRECTION ( 'NONE',  ( 1.000000000000000000, 0.000000000000000000, 0.000000000000000000 ) ) ;
#964 = ORIENTED_EDGE ( 'NONE', *, *, #575, .F. ) ;
#965 = DIRECTION ( 'NONE',  ( 0.000000000000000000, 0.000000000000000000, 1.000000000000000000 ) ) ;
#966 = ORIENTED_EDGE ( 'NONE', *, *, #549, .F. ) ;
#967 = PERSON_AND_ORGANIZATION ( #1688, #486 ) ;
#968 = ORIENTED_EDGE ( 'NONE', *, *, #1552, .T. ) ;
#969 = DIRECTION ( 'NONE',  ( 0.000000000000000000, 0.000000000000000000, 1.000000000000000000 ) ) ;
#970 = DIRECTION ( 'NONE',  ( -1.000000000000000000, 0.000000000000000000, 0.000000000000000000 ) ) ;
#971 = EDGE_CURVE ( 'NONE', #399, #1453, #1380, .T. ) ;
#972 = DIRECTION ( 'NONE',  ( 1.000000000000000000, 0.000000000000000000, 0.000000000000000000 ) ) ;
#973 = ORIENTED_EDGE ( 'NONE', *, *, #328, .T. ) ;
#974 = CARTESIAN_POINT ( 'NONE',  ( 72.00000000000001421, 46.00000000000000000, 2.000000000000000000 ) ) ;
#975 = FACE_BOUND ( 'NONE', #1610, .T. ) ;
#976 = ORIENTED_EDGE ( 'NONE', *, *, #1362, .T. ) ;
#977 = CARTESIAN_POINT ( 'NONE',  ( 55.00000000000000000, -39.00000000000000000, 2.000000000000000000 ) ) ;
#978 = CARTESIAN_POINT ( 'NONE',  ( -73.70000000000000284, 46.00000000000000000, -0.2999999999999999889 ) ) ;
#979 = EDGE_CURVE ( 'NONE', #650, #317, #1371, .T. ) ;
#980 = AXIS2_PLACEMENT_3D ( 'NONE', #1689, #446, #318 ) ;
#981 = CARTESIAN_POINT ( 'NONE',  ( 39.90000000000000568, -3.000000000000000000, -0.2999999999999999889 ) ) ;
#982 = PRODUCT ( 'RearDigital_3xDIN_2xUSBD_2xTRS35', 'RearDigital_3xDIN_2xUSBD_2xTRS35', '', ( #677 ) ) ;
#983 = EDGE_LOOP ( 'NONE', ( #1437, #19, #272, #1067 ) ) ;
#984 = DIRECTION ( 'NONE',  ( -1.000000000000000000, 0.000000000000000000, 0.000000000000000000 ) ) ;
#985 = ORIENTED_EDGE ( 'NONE', *, *, #1488, .F. ) ;
#986 = CIRCLE ( 'NONE', #1414, 1.599999999999997202 ) ;
#987 = VECTOR ( 'NONE', #631, 1000.000000000000000 ) ;
#988 = ORIENTED_EDGE ( 'NONE', *, *, #560, .F. ) ;
#989 = AXIS2_PLACEMENT_3D ( 'NONE', #923, #1334, #79 ) ;
#990 = CARTESIAN_POINT ( 'NONE',  ( 37.50000000000000000, 27.00000000000000000, -0.2999999999999999889 ) ) ;
#991 = DIRECTION ( 'NONE',  ( 1.000000000000000000, 0.000000000000000000, 0.000000000000000000 ) ) ;
#992 = CIRCLE ( 'NONE', #1212, 1.599999999999997202 ) ;
#993 = DIRECTION ( 'NONE',  ( 1.000000000000000000, 0.000000000000000000, 0.000000000000000000 ) ) ;
#994 = VERTEX_POINT ( 'NONE', #942 ) ;
#995 = DIRECTION ( 'NONE',  ( -1.000000000000000000, 0.000000000000000000, 0.000000000000000000 ) ) ;
#996 = ADVANCED_FACE ( 'NONE', ( #545 ), #151, .F. ) ;
#997 = DIRECTION ( 'NONE',  ( 0.000000000000000000, 0.000000000000000000, 1.000000000000000000 ) ) ;
#998 = VERTEX_POINT ( 'NONE', #706 ) ;
#999 = PLANE ( 'NONE',  #1376 ) ;
#1000 = DIRECTION ( 'NONE',  ( 1.000000000000000000, 0.000000000000000000, 0.000000000000000000 ) ) ;
#1001 = ORIENTED_EDGE ( 'NONE', *, *, #1629, .F. ) ;
#1002 = CARTESIAN_POINT ( 'NONE',  ( 70.30000000000001137, -46.00000000000000000, 0.000000000000000000 ) ) ;
#1003 = CYLINDRICAL_SURFACE ( 'NONE', #1097, 1.600000000000000755 ) ;
#1004 = ADVANCED_FACE ( 'NONE', ( #18 ), #252, .F. ) ;
#1005 = EDGE_LOOP ( 'NONE', ( #1001, #609, #1145, #1197 ) ) ;
#1006 = FACE_OUTER_BOUND ( 'NONE', #1516, .T. ) ;
#1007 = CARTESIAN_POINT ( 'NONE',  ( -56.10000000000000142, 27.00000000000000000, -0.2999999999999999889 ) ) ;
#1008 = EDGE_LOOP ( 'NONE', ( #1457, #953 ) ) ;
#1009 = DIRECTION ( 'NONE',  ( 0.000000000000000000, 0.000000000000000000, 1.000000000000000000 ) ) ;
#1010 = VECTOR ( 'NONE', #1032, 1000.000000000000000 ) ;
#1011 = FACE_BOUND ( 'NONE', #347, .T. ) ;
#1012 = AXIS2_PLACEMENT_3D ( 'NONE', #510, #384, #624 ) ;
#1013 = EDGE_CURVE ( 'NONE', #1083, #1722, #522, .T. ) ;
#1014 = ORIENTED_EDGE ( 'NONE', *, *, #817, .T. ) ;
#1015 = CIRCLE ( 'NONE', #874, 1.599999999999997202 ) ;
#1016 = DIRECTION ( 'NONE',  ( 0.000000000000000000, 0.000000000000000000, 1.000000000000000000 ) ) ;
#1017 = EDGE_CURVE ( 'NONE', #303, #1416, #1118, .T. ) ;
#1018 = AXIS2_PLACEMENT_3D ( 'NONE', #1198, #646, #1759 ) ;
#1019 = DIRECTION ( 'NONE',  ( 0.000000000000000000, 0.000000000000000000, 1.000000000000000000 ) ) ;
#1020 = EDGE_LOOP ( 'NONE', ( #165, #553 ) ) ;
#1021 = LINE ( 'NONE', #299, #847 ) ;
#1022 = CARTESIAN_POINT ( 'NONE',  ( -20.89999999999999858, -3.000000000000000000, 2.000000000000000000 ) ) ;
#1023 = FACE_OUTER_BOUND ( 'NONE', #137, .T. ) ;
#1024 = ORIENTED_EDGE ( 'NONE', *, *, #1017, .T. ) ;
#1025 = CARTESIAN_POINT ( 'NONE',  ( 11.09999999999999964, 27.00000000000000000, -0.2999999999999999889 ) ) ;
#1026 = EDGE_CURVE ( 'NONE', #943, #1545, #376, .T. ) ;
#1027 = CARTESIAN_POINT ( 'NONE',  ( -35.50000000000000000, 27.00000000000000000, 0.000000000000000000 ) ) ;
#1028 = EDGE_LOOP ( 'NONE', ( #1508, #857 ) ) ;
#1029 = ORIENTED_EDGE ( 'NONE', *, *, #1193, .F. ) ;
#1030 = CARTESIAN_POINT ( 'NONE',  ( -41.50000000000000000, -27.00000000000000000, -0.2999999999999999889 ) ) ;
#1031 = ORIENTED_EDGE ( 'NONE', *, *, #416, .F. ) ;
#1032 = DIRECTION ( 'NONE',  ( 0.000000000000000000, 0.000000000000000000, 1.000000000000000000 ) ) ;
#1033 = CARTESIAN_POINT ( 'NONE',  ( -32.00000000000000000, -15.00000000000000000, 2.000000000000000000 ) ) ;
#1034 = EDGE_CURVE ( 'NONE', #1119, #133, #1259, .T. ) ;
#1035 = ADVANCED_FACE ( 'NONE', ( #1788 ), #1648, .F. ) ;
#1036 = ORIENTED_EDGE ( 'NONE', *, *, #549, .T. ) ;
#1037 = LINE ( 'NONE', #88, #518 ) ;
#1038 = ORIENTED_EDGE ( 'NONE', *, *, #720, .T. ) ;
#1039 = CIRCLE ( 'NONE', #403, 7.500000000000000000 ) ;
#1040 = DIRECTION ( 'NONE',  ( -1.000000000000000000, 0.000000000000000000, 0.000000000000000000 ) ) ;
#1041 = AXIS2_PLACEMENT_3D ( 'NONE', #1349, #408, #281 ) ;
#1042 = CARTESIAN_POINT ( 'NONE',  ( -20.89999999999999858, -3.000000000000000000, -0.2999999999999999889 ) ) ;
#1043 = CIRCLE ( 'NONE', #1415, 3.099999999999998757 ) ;
#1044 = AXIS2_PLACEMENT_3D ( 'NONE', #1690, #760, #1278 ) ;
#1045 = ORIENTED_EDGE ( 'NONE', *, *, #86, .T. ) ;
#1046 = FACE_OUTER_BOUND ( 'NONE', #42, .T. ) ;
#1047 = EDGE_CURVE ( 'NONE', #1292, #848, #407, .T. ) ;
#1048 = ORIENTED_EDGE ( 'NONE', *, *, #1405, .F. ) ;
#1049 = CARTESIAN_POINT ( 'NONE',  ( -33.89999999999999858, 27.00000000000000000, 0.000000000000000000 ) ) ;
#1050 = DIRECTION ( 'NONE',  ( 0.000000000000000000, 0.000000000000000000, 1.000000000000000000 ) ) ;
#1051 = DIRECTION ( 'NONE',  ( -0.000000000000000000, -0.000000000000000000, -1.000000000000000000 ) ) ;
#1052 = DIRECTION ( 'NONE',  ( 0.000000000000000000, 0.000000000000000000, 1.000000000000000000 ) ) ;
#1053 = VERTEX_POINT ( 'NONE', #1227 ) ;
#1054 = EDGE_CURVE ( 'NONE', #946, #744, #761, .T. ) ;
#1055 = DIRECTION ( 'NONE',  ( -0.000000000000000000, -0.000000000000000000, -1.000000000000000000 ) ) ;
#1056 = DIRECTION ( 'NONE',  ( 0.000000000000000000, 0.000000000000000000, 1.000000000000000000 ) ) ;
#1057 = ORIENTED_EDGE ( 'NONE', *, *, #1543, .F. ) ;
#1058 = CARTESIAN_POINT ( 'NONE',  ( 0.000000000000000000, -52.50000000000000000, 0.000000000000000000 ) ) ;
#1059 = UNCERTAINTY_MEASURE_WITH_UNIT (LENGTH_MEASURE( 1.000000000000000082E-05 ), #1338, 'distance_accuracy_value', 'NONE');
#1060 = ORIENTED_EDGE ( 'NONE', *, *, #1256, .F. ) ;
#1061 = CARTESIAN_POINT ( 'NONE',  ( 55.00000000000000000, -39.00000000000000000, 0.000000000000000000 ) ) ;
#1062 = ORIENTED_EDGE ( 'NONE', *, *, #1395, .F. ) ;
#1063 = EDGE_CURVE ( 'NONE', #412, #9, #437, .T. ) ;
#1064 = VECTOR ( 'NONE', #365, 1000.000000000000000 ) ;
#1065 = CARTESIAN_POINT ( 'NONE',  ( 80.00000000000000000, -52.50000000000000000, 2.000000000000000000 ) ) ;
#1066 = EDGE_CURVE ( 'NONE', #1267, #1209, #1043, .T. ) ;
#1067 = ORIENTED_EDGE ( 'NONE', *, *, #70, .T. ) ;
#1068 = CIRCLE ( 'NONE', #231, 3.099999999999998757 ) ;
#1069 = CARTESIAN_POINT ( 'NONE',  ( -80.00000000000000000, 0.000000000000000000, 0.000000000000000000 ) ) ;
#1070 = AXIS2_PLACEMENT_3D ( 'NONE', #111, #430, #255 ) ;
#1071 = ORIENTED_EDGE ( 'NONE', *, *, #1230, .F. ) ;
#1072 = CARTESIAN_POINT ( 'NONE',  ( -72.00000000000001421, -46.00000000000000000, 2.000000000000000000 ) ) ;
#1073 = AXIS2_PLACEMENT_3D ( 'NONE', #1206, #544, #1350 ) ;
#1074 = ORIENTED_EDGE ( 'NONE', *, *, #1167, .T. ) ;
#1075 = APPLICATION_PROTOCOL_DEFINITION ( 'international standard', 'config_control_design', 1994, #450 ) ;
#1076 = ORIENTED_EDGE ( 'NONE', *, *, #1327, .F. ) ;
#1077 = FACE_OUTER_BOUND ( 'NONE', #1620, .T. ) ;
#1078 = ADVANCED_FACE ( 'NONE', ( #603 ), #893, .F. ) ;
#1079 = VERTEX_POINT ( 'NONE', #1435 ) ;
#1080 = CARTESIAN_POINT ( 'NONE',  ( 0.000000000000000000, 52.50000000000000000, 0.000000000000000000 ) ) ;
#1081 = EDGE_LOOP ( 'NONE', ( #1156, #23, #1121, #191 ) ) ;
#1082 = PERSON_AND_ORGANIZATION_ROLE ( 'classification_officer' ) ;
#1083 = VERTEX_POINT ( 'NONE', #1266 ) ;
#1084 = DIRECTION ( 'NONE',  ( 1.000000000000000000, 0.000000000000000000, 0.000000000000000000 ) ) ;
#1085 = CARTESIAN_POINT ( 'NONE',  ( 41.50000000000000000, -3.000000000000000000, 2.000000000000000000 ) ) ;
#1086 = LINE ( 'NONE', #428, #182 ) ;
#1087 = EDGE_CURVE ( 'NONE', #1691, #998, #1499, .T. ) ;
#1088 = ORIENTED_EDGE ( 'NONE', *, *, #1399, .F. ) ;
#1089 = DIRECTION ( 'NONE',  ( 0.000000000000000000, 0.000000000000000000, 1.000000000000000000 ) ) ;
#1090 = VERTEX_POINT ( 'NONE', #334 ) ;
#1091 = PERSON_AND_ORGANIZATION ( #1688, #486 ) ;
#1092 = VERTEX_POINT ( 'NONE', #1136 ) ;
#1093 = DIRECTION ( 'NONE',  ( 1.000000000000000000, 0.000000000000000000, 0.000000000000000000 ) ) ;
#1094 = VECTOR ( 'NONE', #499, 1000.000000000000000 ) ;
#1095 = CARTESIAN_POINT ( 'NONE',  ( 0.000000000000000000, -52.50000000000000000, 2.000000000000000000 ) ) ;
#1096 = DIRECTION ( 'NONE',  ( 0.000000000000000000, 0.000000000000000000, 1.000000000000000000 ) ) ;
#1097 = AXIS2_PLACEMENT_3D ( 'NONE', #1745, #917, #230 ) ;
#1098 = VERTEX_POINT ( 'NONE', #206 ) ;
#1099 = DIRECTION ( 'NONE',  ( 1.000000000000000000, 0.000000000000000000, 0.000000000000000000 ) ) ;
#1100 = VECTOR ( 'NONE', #881, 1000.000000000000000 ) ;
#1101 = CIRCLE ( 'NONE', #324, 1.600000000000000755 ) ;
#1102 = ORIENTED_EDGE ( 'NONE', *, *, #1533, .T. ) ;
#1103 = CC_DESIGN_PERSON_AND_ORGANIZATION_ASSIGNMENT ( #967, #1493, ( #1236 ) ) ;
#1104 = AXIS2_PLACEMENT_3D ( 'NONE', #867, #1719, #750 ) ;
#1105 = COORDINATED_UNIVERSAL_TIME_OFFSET ( 8, 0, .AHEAD. ) ;
#1106 = ORIENTED_EDGE ( 'NONE', *, *, #1063, .F. ) ;
#1107 = FACE_OUTER_BOUND ( 'NONE', #445, .T. ) ;
#1108 = DIRECTION ( 'NONE',  ( 0.000000000000000000, 0.000000000000000000, 1.000000000000000000 ) ) ;
#1109 = DIRECTION ( 'NONE',  ( -0.000000000000000000, -0.000000000000000000, -1.000000000000000000 ) ) ;
#1110 = EDGE_LOOP ( 'NONE', ( #1525, #1112, #364, #788 ) ) ;
#1111 = CARTESIAN_POINT ( 'NONE',  ( -9.500000000000000000, 27.00000000000000000, -0.2999999999999999889 ) ) ;
#1112 = ORIENTED_EDGE ( 'NONE', *, *, #366, .T. ) ;
#1113 = APPROVAL_STATUS ( 'not_yet_approved' ) ;
#1114 = EDGE_CURVE ( 'NONE', #1755, #506, #1647, .T. ) ;
#1115 = ORIENTED_EDGE ( 'NONE', *, *, #1230, .T. ) ;
#1116 = CARTESIAN_POINT ( 'NONE',  ( 39.90000000000000568, -3.000000000000000000, 0.000000000000000000 ) ) ;
#1117 = LINE ( 'NONE', #1095, #183 ) ;
#1118 = LINE ( 'NONE', #1530, #814 ) ;
#1119 = VERTEX_POINT ( 'NONE', #1027 ) ;
#1120 = CARTESIAN_POINT ( 'NONE',  ( -22.50000000000000000, -3.000000000000000000, 0.000000000000000000 ) ) ;
#1121 = ORIENTED_EDGE ( 'NONE', *, *, #442, .T. ) ;
#1122 = ORIENTED_EDGE ( 'NONE', *, *, #478, .F. ) ;
#1123 = DIRECTION ( 'NONE',  ( 0.000000000000000000, 0.000000000000000000, 1.000000000000000000 ) ) ;
#1124 = CARTESIAN_POINT ( 'NONE',  ( -41.50000000000000000, -27.00000000000000000, 0.000000000000000000 ) ) ;
#1125 = CC_DESIGN_APPROVAL ( #915, ( #1236 ) ) ;
#1126 = EDGE_CURVE ( 'NONE', #1306, #1188, #1101, .T. ) ;
#1127 = CARTESIAN_POINT ( 'NONE',  ( 0.000000000000000000, 27.00000000000000000, 0.000000000000000000 ) ) ;
#1128 = ORIENTED_EDGE ( 'NONE', *, *, #585, .F. ) ;
#1129 = CARTESIAN_POINT ( 'NONE',  ( -45.00000000000000000, 27.00000000000000000, 0.000000000000000000 ) ) ;
#1130 = CARTESIAN_POINT ( 'NONE',  ( -35.50000000000000000, 27.00000000000000000, 2.000000000000000000 ) ) ;
#1131 = AXIS2_PLACEMENT_3D ( 'NONE', #396, #138, #119 ) ;
#1132 = CIRCLE ( 'NONE', #1683, 1.599999999999997202 ) ;
#1133 = EDGE_LOOP ( 'NONE', ( #1396, #279, #653, #225 ) ) ;
#1134 = FACE_OUTER_BOUND ( 'NONE', #21, .T. ) ;
#1135 = CIRCLE ( 'NONE', #590, 3.099999999999998757 ) ;
#1136 = CARTESIAN_POINT ( 'NONE',  ( -43.10000000000000142, -27.00000000000000000, 2.000000000000000000 ) ) ;
#1137 = EDGE_LOOP ( 'NONE', ( #1760, #69, #666, #1772 ) ) ;
#1138 = DIRECTION ( 'NONE',  ( 0.000000000000000000, 0.000000000000000000, 1.000000000000000000 ) ) ;
#1139 = ADVANCED_FACE ( 'NONE', ( #879 ), #722, .F. ) ;
#1140 = CARTESIAN_POINT ( 'NONE',  ( 80.00000000000000000, 0.000000000000000000, 0.000000000000000000 ) ) ;
#1141 = ORIENTED_EDGE ( 'NONE', *, *, #1756, .T. ) ;
#1142 = CARTESIAN_POINT ( 'NONE',  ( 72.00000000000001421, 46.00000000000000000, 0.000000000000000000 ) ) ;
#1143 = DIRECTION ( 'NONE',  ( 1.000000000000000000, 0.000000000000000000, 0.000000000000000000 ) ) ;
#1144 = DIRECTION ( 'NONE',  ( 0.000000000000000000, 0.000000000000000000, 1.000000000000000000 ) ) ;
#1145 = ORIENTED_EDGE ( 'NONE', *, *, #1336, .T. ) ;
#1146 = CARTESIAN_POINT ( 'NONE',  ( 33.89999999999999858, 27.00000000000000000, 2.000000000000000000 ) ) ;
#1147 = ADVANCED_FACE ( 'NONE', ( #463 ), #305, .F. ) ;
#1148 = FACE_BOUND ( 'NONE', #823, .T. ) ;
#1149 = ORIENTED_EDGE ( 'NONE', *, *, #239, .F. ) ;
#1150 = FACE_OUTER_BOUND ( 'NONE', #1163, .T. ) ;
#1151 = CARTESIAN_POINT ( 'NONE',  ( 9.500000000000000000, 27.00000000000000000, 2.000000000000000000 ) ) ;
#1152 = VERTEX_POINT ( 'NONE', #1697 ) ;
#1153 = DIRECTION ( 'NONE',  ( -1.000000000000000000, 0.000000000000000000, 0.000000000000000000 ) ) ;
#1154 = FACE_BOUND ( 'NONE', #948, .T. ) ;
#1155 = CIRCLE ( 'NONE', #1763, 12.00000000000000000 ) ;
#1156 = ORIENTED_EDGE ( 'NONE', *, *, #22, .F. ) ;
#1157 = EDGE_CURVE ( 'NONE', #940, #399, #1417, .T. ) ;
#1158 = CIRCLE ( 'NONE', #1440, 1.699999999999993072 ) ;
#1159 = DIRECTION ( 'NONE',  ( 0.000000000000000000, 0.000000000000000000, 1.000000000000000000 ) ) ;
#1160 = DIRECTION ( 'NONE',  ( 0.000000000000000000, 0.000000000000000000, 1.000000000000000000 ) ) ;
#1161 = DIRECTION ( 'NONE',  ( -0.000000000000000000, -0.000000000000000000, -1.000000000000000000 ) ) ;
#1162 = EDGE_LOOP ( 'NONE', ( #1314, #352 ) ) ;
#1163 = EDGE_LOOP ( 'NONE', ( #54, #277, #128, #242 ) ) ;
#1164 = CARTESIAN_POINT ( 'NONE',  ( 72.00000000000001421, -46.00000000000000000, 2.000000000000000000 ) ) ;
#1165 = EDGE_LOOP ( 'NONE', ( #1215, #873, #1790, #1036 ) ) ;
#1166 = DIRECTION ( 'NONE',  ( 0.000000000000000000, 0.000000000000000000, 1.000000000000000000 ) ) ;
#1167 = EDGE_CURVE ( 'NONE', #1209, #994, #1540, .T. ) ;
#1168 = CARTESIAN_POINT ( 'NONE',  ( 58.10000000000000142, -39.00000000000000000, -0.2999999999999999889 ) ) ;
#1169 = VERTEX_POINT ( 'NONE', #329 ) ;
#1170 = DIRECTION ( 'NONE',  ( 0.000000000000000000, 0.000000000000000000, 1.000000000000000000 ) ) ;
#1171 = EDGE_LOOP ( 'NONE', ( #1428, #232, #1441, #968 ) ) ;
#1172 = DIRECTION ( 'NONE',  ( 0.000000000000000000, 0.000000000000000000, 1.000000000000000000 ) ) ;
#1173 = PLANE ( 'NONE',  #928 ) ;
#1174 = APPROVAL ( #1113, '未' ) ;
#1175 = ORIENTED_EDGE ( 'NONE', *, *, #889, .F. ) ;
#1176 = DIRECTION ( 'NONE',  ( -1.000000000000000000, 0.000000000000000000, 0.000000000000000000 ) ) ;
#1177 = EDGE_LOOP ( 'NONE', ( #966, #59 ) ) ;
#1178 = CIRCLE ( 'NONE', #757, 1.600000000000000755 ) ;
#1179 = DIRECTION ( 'NONE',  ( -1.000000000000000000, -0.000000000000000000, 0.000000000000000000 ) ) ;
#1180 = CARTESIAN_POINT ( 'NONE',  ( 20.89999999999999858, -27.00000000000000000, 0.000000000000000000 ) ) ;
#1181 = VECTOR ( 'NONE', #1377, 1000.000000000000000 ) ;
#1182 = FACE_OUTER_BOUND ( 'NONE', #1289, .T. ) ;
#1183 = AXIS2_PLACEMENT_3D ( 'NONE', #1127, #714, #267 ) ;
#1184 = VECTOR ( 'NONE', #361, 1000.000000000000000 ) ;
#1185 = EDGE_CURVE ( 'NONE', #940, #1409, #1564, .T. ) ;
#1186 = CARTESIAN_POINT ( 'NONE',  ( 80.00000000000000000, 52.50000000000000000, 0.000000000000000000 ) ) ;
#1187 = DIRECTION ( 'NONE',  ( 0.000000000000000000, 0.000000000000000000, 1.000000000000000000 ) ) ;
#1188 = VERTEX_POINT ( 'NONE', #743 ) ;
#1189 = LINE ( 'NONE', #1464, #1319 ) ;
#1190 = ORIENTED_EDGE ( 'NONE', *, *, #755, .T. ) ;
#1191 = CARTESIAN_POINT ( 'NONE',  ( 70.30000000000001137, 46.00000000000000000, 0.000000000000000000 ) ) ;
#1192 = DIRECTION ( 'NONE',  ( -1.000000000000000000, 0.000000000000000000, 0.000000000000000000 ) ) ;
#1193 = EDGE_CURVE ( 'NONE', #1053, #1347, #121, .T. ) ;
#1194 = ORIENTED_EDGE ( 'NONE', *, *, #13, .F. ) ;
#1195 = CC_DESIGN_PERSON_AND_ORGANIZATION_ASSIGNMENT ( #261, #1664, ( #1470 ) ) ;
#1196 = CARTESIAN_POINT ( 'NONE',  ( -52.50000000000000000, 27.00000000000000000, 0.000000000000000000 ) ) ;
#1197 = ORIENTED_EDGE ( 'NONE', *, *, #681, .T. ) ;
#1198 = CARTESIAN_POINT ( 'NONE',  ( 11.09999999999999964, 27.00000000000000000, 0.000000000000000000 ) ) ;
#1199 = ORIENTED_EDGE ( 'NONE', *, *, #664, .F. ) ;
#1200 = CYLINDRICAL_SURFACE ( 'NONE', #1296, 3.099999999999998757 ) ;
#1201 = VERTEX_POINT ( 'NONE', #1151 ) ;
#1202 = APPROVAL_PERSON_ORGANIZATION ( #1091, #1174, #1246 ) ;
#1203 = ADVANCED_FACE ( 'NONE', ( #168 ), #1284, .F. ) ;
#1204 = ORIENTED_EDGE ( 'NONE', *, *, #1243, .F. ) ;
#1205 = AXIS2_PLACEMENT_3D ( 'NONE', #1447, #80, #912 ) ;
#1206 = CARTESIAN_POINT ( 'NONE',  ( -72.00000000000001421, -46.00000000000000000, -0.2999999999999999889 ) ) ;
#1207 = AXIS2_PLACEMENT_3D ( 'NONE', #125, #675, #1783 ) ;
#1208 = AXIS2_PLACEMENT_3D ( 'NONE', #1781, #1679, #1486 ) ;
#1209 = VERTEX_POINT ( 'NONE', #594 ) ;
#1210 = CARTESIAN_POINT ( 'NONE',  ( 44.00000000000000000, -15.00000000000000000, 0.000000000000000000 ) ) ;
#1211 = VECTOR ( 'NONE', #1317, 1000.000000000000000 ) ;
#1212 = AXIS2_PLACEMENT_3D ( 'NONE', #1124, #1696, #884 ) ;
#1213 = ORIENTED_EDGE ( 'NONE', *, *, #1126, .F. ) ;
#1214 = APPROVAL_DATE_TIME ( #667, #915 ) ;
#1215 = ORIENTED_EDGE ( 'NONE', *, *, #351, .F. ) ;
#1216 = ADVANCED_FACE ( 'NONE', ( #178 ), #1427, .F. ) ;
#1217 = DIRECTION ( 'NONE',  ( 0.000000000000000000, 0.000000000000000000, 1.000000000000000000 ) ) ;
#1218 = FACE_OUTER_BOUND ( 'NONE', #1171, .T. ) ;
#1219 = CARTESIAN_POINT ( 'NONE',  ( -45.00000000000000000, 27.00000000000000000, 2.000000000000000000 ) ) ;
#1220 = ORIENTED_EDGE ( 'NONE', *, *, #752, .T. ) ;
#1221 = CARTESIAN_POINT ( 'NONE',  ( 12.70000000000000107, 27.00000000000000000, -0.2999999999999999889 ) ) ;
#1222 = FACE_BOUND ( 'NONE', #1535, .T. ) ;
#1223 = PERSON_AND_ORGANIZATION ( #1688, #486 ) ;
#1224 = EDGE_LOOP ( 'NONE', ( #1585, #1366 ) ) ;
#1225 = FACE_OUTER_BOUND ( 'NONE', #1785, .T. ) ;
#1226 = FACE_BOUND ( 'NONE', #1541, .T. ) ;
#1227 = CARTESIAN_POINT ( 'NONE',  ( -51.89999999999999858, -39.00000000000000000, 0.000000000000000000 ) ) ;
#1228 = ORIENTED_EDGE ( 'NONE', *, *, #1243, .T. ) ;
#1229 = CARTESIAN_POINT ( 'NONE',  ( -54.50000000000000711, 27.00000000000000000, -0.2999999999999999889 ) ) ;
#1230 = EDGE_CURVE ( 'NONE', #1169, #1201, #1742, .T. ) ;
#1231 = EDGE_CURVE ( 'NONE', #303, #1079, #1444, .T. ) ;
#1232 = ORIENTED_EDGE ( 'NONE', *, *, #1654, .T. ) ;
#1233 = APPROVAL_DATE_TIME ( #687, #1718 ) ;
#1234 = ORIENTED_EDGE ( 'NONE', *, *, #166, .T. ) ;
#1235 = CARTESIAN_POINT ( 'NONE',  ( 12.70000000000000107, 27.00000000000000000, 0.000000000000000000 ) ) ;
#1236 = PRODUCT_DEFINITION_FORMATION_WITH_SPECIFIED_SOURCE ( '�', '', #982, .NOT_KNOWN. ) ;
#1237 = CARTESIAN_POINT ( 'NONE',  ( 0.000000000000000000, 27.00000000000000000, 0.000000000000000000 ) ) ;
#1238 = CARTESIAN_POINT ( 'NONE',  ( -56.10000000000000142, 27.00000000000000000, 2.000000000000000000 ) ) ;
#1239 = AXIS2_PLACEMENT_3D ( 'NONE', #1262, #29, #184 ) ;
#1240 = ORIENTED_EDGE ( 'NONE', *, *, #733, .T. ) ;
#1241 = DIRECTION ( 'NONE',  ( -0.000000000000000000, -0.000000000000000000, -1.000000000000000000 ) ) ;
#1242 = AXIS2_PLACEMENT_3D ( 'NONE', #1142, #188, #742 ) ;
#1243 = EDGE_CURVE ( 'NONE', #998, #1691, #852, .T. ) ;
#1244 = DIRECTION ( 'NONE',  ( 0.000000000000000000, 0.000000000000000000, 1.000000000000000000 ) ) ;
#1245 = VECTOR ( 'NONE', #439, 1000.000000000000000 ) ;
#1246 = APPROVAL_ROLE ( '' ) ;
#1247 = VERTEX_POINT ( 'NONE', #1191 ) ;
#1248 = CARTESIAN_POINT ( 'NONE',  ( 0.000000000000000000, 27.00000000000000000, -0.2999999999999999889 ) ) ;
#1249 = FACE_BOUND ( 'NONE', #558, .T. ) ;
#1250 = CARTESIAN_POINT ( 'NONE',  ( -55.00000000000000000, -39.00000000000000000, -0.2999999999999999889 ) ) ;
#1251 = ORIENTED_EDGE ( 'NONE', *, *, #1732, .T. ) ;
#1252 = DIRECTION ( 'NONE',  ( 0.000000000000000000, 0.000000000000000000, 1.000000000000000000 ) ) ;
#1253 = EDGE_LOOP ( 'NONE', ( #460, #800 ) ) ;
#1254 = ADVANCED_FACE ( 'NONE', ( #1182 ), #775, .F. ) ;
#1255 = EDGE_LOOP ( 'NONE', ( #313, #1698 ) ) ;
#1256 = EDGE_CURVE ( 'NONE', #497, #693, #660, .T. ) ;
#1257 = CARTESIAN_POINT ( 'NONE',  ( 20.00000000000000000, -14.99999999999999822, 0.000000000000000000 ) ) ;
#1258 = CARTESIAN_POINT ( 'NONE',  ( 72.00000000000001421, -46.00000000000000000, -0.2999999999999999889 ) ) ;
#1259 = LINE ( 'NONE', #276, #849 ) ;
#1260 = VERTEX_POINT ( 'NONE', #1590 ) ;
#1261 = CARTESIAN_POINT ( 'NONE',  ( -11.09999999999999964, 27.00000000000000000, 0.000000000000000000 ) ) ;
#1262 = CARTESIAN_POINT ( 'NONE',  ( -11.09999999999999964, 27.00000000000000000, 2.000000000000000000 ) ) ;
#1263 = VERTEX_POINT ( 'NONE', #108 ) ;
#1264 = DIRECTION ( 'NONE',  ( 0.000000000000000000, 0.000000000000000000, 1.000000000000000000 ) ) ;
#1265 = EDGE_CURVE ( 'NONE', #592, #1734, #1471, .T. ) ;
#1266 = CARTESIAN_POINT ( 'NONE',  ( -54.50000000000000711, 27.00000000000000000, 2.000000000000000000 ) ) ;
#1267 = VERTEX_POINT ( 'NONE', #791 ) ;
#1268 = VECTOR ( 'NONE', #126, 1000.000000000000000 ) ;
#1269 = DIRECTION ( 'NONE',  ( 1.000000000000000000, 0.000000000000000000, 0.000000000000000000 ) ) ;
#1270 = CIRCLE ( 'NONE', #177, 1.599999999999997202 ) ;
#1271 = DIRECTION ( 'NONE',  ( 1.000000000000000000, 0.000000000000000000, 0.000000000000000000 ) ) ;
#1272 = AXIS2_PLACEMENT_3D ( 'NONE', #1248, #566, #426 ) ;
#1273 = ORIENTED_EDGE ( 'NONE', *, *, #58, .T. ) ;
#1274 = VECTOR ( 'NONE', #447, 1000.000000000000000 ) ;
#1275 = DIRECTION ( 'NONE',  ( -0.000000000000000000, -0.000000000000000000, -1.000000000000000000 ) ) ;
#1276 = AXIS2_PLACEMENT_3D ( 'NONE', #167, #1676, #333 ) ;
#1277 = EDGE_CURVE ( 'NONE', #540, #1416, #764, .T. ) ;
#1278 = DIRECTION ( 'NONE',  ( 1.000000000000000000, 0.000000000000000000, 0.000000000000000000 ) ) ;
#1279 = EDGE_LOOP ( 'NONE', ( #711, #715, #1273, #825 ) ) ;
#1280 = CARTESIAN_POINT ( 'NONE',  ( -80.00000000000000000, 52.50000000000000000, 2.000000000000000000 ) ) ;
#1281 = FACE_OUTER_BOUND ( 'NONE', #1165, .T. ) ;
#1282 = EDGE_LOOP ( 'NONE', ( #1448, #1372 ) ) ;
#1283 = DIRECTION ( 'NONE',  ( 0.000000000000000000, 0.000000000000000000, 1.000000000000000000 ) ) ;
#1284 = CYLINDRICAL_SURFACE ( 'NONE', #1388, 1.699999999999993072 ) ;
#1285 = EDGE_LOOP ( 'NONE', ( #417, #1128 ) ) ;
#1286 = DIRECTION ( 'NONE',  ( 0.000000000000000000, 0.000000000000000000, 1.000000000000000000 ) ) ;
#1287 = ADVANCED_FACE ( 'NONE', ( #1725 ), #244, .F. ) ;
#1288 = PLANE ( 'NONE',  #487 ) ;
#1289 = EDGE_LOOP ( 'NONE', ( #1565, #390, #1074, #1240 ) ) ;
#1290 = DIRECTION ( 'NONE',  ( 0.000000000000000000, 0.000000000000000000, -1.000000000000000000 ) ) ;
#1291 = DIRECTION ( 'NONE',  ( -1.000000000000000000, 0.000000000000000000, 0.000000000000000000 ) ) ;
#1292 = VERTEX_POINT ( 'NONE', #479 ) ;
#1293 = CIRCLE ( 'NONE', #369, 12.00000000000000000 ) ;
#1294 = CARTESIAN_POINT ( 'NONE',  ( 0.000000000000000000, 0.000000000000000000, 0.000000000000000000 ) ) ;
#1295 = DIRECTION ( 'NONE',  ( 1.000000000000000000, 0.000000000000000000, 0.000000000000000000 ) ) ;
#1296 = AXIS2_PLACEMENT_3D ( 'NONE', #1608, #926, #520 ) ;
#1297 = EDGE_CURVE ( 'NONE', #504, #891, #902, .T. ) ;
#1298 = AXIS2_PLACEMENT_3D ( 'NONE', #1261, #55, #1153 ) ;
#1299 = ORIENTED_EDGE ( 'NONE', *, *, #425, .F. ) ;
#1300 = DIRECTION ( 'NONE',  ( 0.000000000000000000, 0.000000000000000000, 1.000000000000000000 ) ) ;
#1301 = DIRECTION ( 'NONE',  ( 1.000000000000000000, 0.000000000000000000, 0.000000000000000000 ) ) ;
#1302 = AXIS2_PLACEMENT_3D ( 'NONE', #1250, #951, #831 ) ;
#1303 = VECTOR ( 'NONE', #238, 1000.000000000000000 ) ;
#1304 = DIRECTION ( 'NONE',  ( -0.000000000000000000, -0.000000000000000000, -1.000000000000000000 ) ) ;
#1305 = EDGE_CURVE ( 'NONE', #581, #480, #762, .T. ) ;
#1306 = VERTEX_POINT ( 'NONE', #654 ) ;
#1307 = DIRECTION ( 'NONE',  ( -0.000000000000000000, -0.000000000000000000, -1.000000000000000000 ) ) ;
#1308 = ORIENTED_EDGE ( 'NONE', *, *, #1265, .T. ) ;
#1309 = CARTESIAN_POINT ( 'NONE',  ( 45.00000000000000000, 27.00000000000000000, 2.000000000000000000 ) ) ;
#1310 = EDGE_CURVE ( 'NONE', #515, #227, #381, .T. ) ;
#1311 = DIRECTION ( 'NONE',  ( 1.000000000000000000, 0.000000000000000000, 0.000000000000000000 ) ) ;
#1312 = CARTESIAN_POINT ( 'NONE',  ( -72.00000000000001421, 46.00000000000000000, 0.000000000000000000 ) ) ;
#1313 = CARTESIAN_POINT ( 'NONE',  ( -32.30000000000000426, 27.00000000000000000, 2.000000000000000000 ) ) ;
#1314 = ORIENTED_EDGE ( 'NONE', *, *, #189, .F. ) ;
#1315 = LINE ( 'NONE', #634, #31 ) ;
#1316 = EDGE_CURVE ( 'NONE', #650, #797, #1770, .T. ) ;
#1317 = DIRECTION ( 'NONE',  ( 0.000000000000000000, 0.000000000000000000, 1.000000000000000000 ) ) ;
#1318 = DIRECTION ( 'NONE',  ( 1.000000000000000000, 0.000000000000000000, 0.000000000000000000 ) ) ;
#1319 = VECTOR ( 'NONE', #234, 1000.000000000000000 ) ;
#1320 = ORIENTED_EDGE ( 'NONE', *, *, #116, .F. ) ;
#1321 = AXIS2_PLACEMENT_3D ( 'NONE', #1761, #1460, #1192 ) ;
#1322 = CARTESIAN_POINT ( 'NONE',  ( 54.50000000000000711, 27.00000000000000000, 0.000000000000000000 ) ) ;
#1323 = VERTEX_POINT ( 'NONE', #1605 ) ;
#1324 = AXIS2_PLACEMENT_3D ( 'NONE', #435, #949, #1093 ) ;
#1325 = DIRECTION ( 'NONE',  ( 0.000000000000000000, 0.000000000000000000, 1.000000000000000000 ) ) ;
#1326 = AXIS2_PLACEMENT_3D ( 'NONE', #296, #132, #1353 ) ;
#1327 = EDGE_CURVE ( 'NONE', #1201, #1169, #787, .T. ) ;
#1328 = AXIS2_PLACEMENT_3D ( 'NONE', #1237, #388, #970 ) ;
#1329 = DIRECTION ( 'NONE',  ( 1.000000000000000000, 0.000000000000000000, 0.000000000000000000 ) ) ;
#1330 = ADVANCED_FACE ( 'NONE', ( #630 ), #1173, .T. ) ;
#1331 = ORIENTED_EDGE ( 'NONE', *, *, #1668, .F. ) ;
#1332 = CARTESIAN_POINT ( 'NONE',  ( -32.00000000000000000, -15.00000000000000000, 2.000000000000000000 ) ) ;
#1333 = ORIENTED_EDGE ( 'NONE', *, *, #1638, .T. ) ;
#1334 = DIRECTION ( 'NONE',  ( -0.000000000000000000, -0.000000000000000000, -1.000000000000000000 ) ) ;
#1335 = CARTESIAN_POINT ( 'NONE',  ( 20.00000000000000000, -14.99999999999999822, 2.000000000000000000 ) ) ;
#1336 = EDGE_CURVE ( 'NONE', #1053, #27, #488, .T. ) ;
#1337 = ORIENTED_EDGE ( 'NONE', *, *, #1543, .T. ) ;
#1338 =( LENGTH_UNIT ( ) NAMED_UNIT ( * ) SI_UNIT ( .MILLI., .METRE. ) );
#1339 = ORIENTED_EDGE ( 'NONE', *, *, #1724, .T. ) ;
#1340 = DIRECTION ( 'NONE',  ( 1.000000000000000000, 0.000000000000000000, 0.000000000000000000 ) ) ;
#1341 = ORIENTED_EDGE ( 'NONE', *, *, #638, .T. ) ;
#1342 = FACE_OUTER_BOUND ( 'NONE', #777, .T. ) ;
#1343 = ORIENTED_EDGE ( 'NONE', *, *, #638, .F. ) ;
#1344 = EDGE_CURVE ( 'NONE', #1188, #102, #103, .T. ) ;
#1345 = LOCAL_TIME ( 19, 6, 23.00000000000000000, #1631 ) ;
#1346 = DATE_AND_TIME ( #939, #754 ) ;
#1347 = VERTEX_POINT ( 'NONE', #911 ) ;
#1348 = VECTOR ( 'NONE', #502, 1000.000000000000000 ) ;
#1349 = CARTESIAN_POINT ( 'NONE',  ( 72.00000000000001421, -46.00000000000000000, 0.000000000000000000 ) ) ;
#1350 = DIRECTION ( 'NONE',  ( 1.000000000000000000, 0.000000000000000000, 0.000000000000000000 ) ) ;
#1351 = AXIS2_PLACEMENT_3D ( 'NONE', #1666, #679, #5 ) ;
#1352 = AXIS2_PLACEMENT_3D ( 'NONE', #482, #196, #1701 ) ;
#1353 = DIRECTION ( 'NONE',  ( 1.000000000000000000, 0.000000000000000000, 0.000000000000000000 ) ) ;
#1354 = ORIENTED_EDGE ( 'NONE', *, *, #1507, .F. ) ;
#1355 = CARTESIAN_POINT ( 'NONE',  ( -45.00000000000000000, 27.00000000000000000, -0.2999999999999999889 ) ) ;
#1356 = CIRCLE ( 'NONE', #39, 1.699999999999993072 ) ;
#1357 = CIRCLE ( 'NONE', #443, 11.99999999999999645 ) ;
#1358 = CARTESIAN_POINT ( 'NONE',  ( 80.00000000000000000, 52.50000000000000000, 0.000000000000000000 ) ) ;
#1359 = EDGE_LOOP ( 'NONE', ( #1308, #623, #880, #988 ) ) ;
#1360 = DIRECTION ( 'NONE',  ( 1.000000000000000000, 0.000000000000000000, 0.000000000000000000 ) ) ;
#1361 = FACE_BOUND ( 'NONE', #99, .T. ) ;
#1362 = EDGE_CURVE ( 'NONE', #908, #709, #212, .T. ) ;
#1363 = DIRECTION ( 'NONE',  ( 0.000000000000000000, 0.000000000000000000, 1.000000000000000000 ) ) ;
#1364 = ORIENTED_EDGE ( 'NONE', *, *, #309, .F. ) ;
#1365 = CARTESIAN_POINT ( 'NONE',  ( 51.89999999999999858, -39.00000000000000000, 2.000000000000000000 ) ) ;
#1366 = ORIENTED_EDGE ( 'NONE', *, *, #629, .F. ) ;
#1367 = ORIENTED_EDGE ( 'NONE', *, *, #1702, .F. ) ;
#1368 = CARTESIAN_POINT ( 'NONE',  ( 52.50000000000000000, 27.00000000000000000, -0.2999999999999999889 ) ) ;
#1369 = CARTESIAN_POINT ( 'NONE',  ( 41.50000000000000000, -3.000000000000000000, -0.2999999999999999889 ) ) ;
#1370 = EDGE_CURVE ( 'NONE', #1267, #387, #1451, .T. ) ;
#1371 = LINE ( 'NONE', #981, #641 ) ;
#1372 = ORIENTED_EDGE ( 'NONE', *, *, #1316, .F. ) ;
#1373 = DIRECTION ( 'NONE',  ( 1.000000000000000000, 0.000000000000000000, 0.000000000000000000 ) ) ;
#1374 = VERTEX_POINT ( 'NONE', #84 ) ;
#1375 = ORIENTED_EDGE ( 'NONE', *, *, #684, .T. ) ;
#1376 = AXIS2_PLACEMENT_3D ( 'NONE', #1418, #187, #1290 ) ;
#1377 = DIRECTION ( 'NONE',  ( 0.000000000000000000, 0.000000000000000000, 1.000000000000000000 ) ) ;
#1378 = CIRCLE ( 'NONE', #1607, 1.600000000000000755 ) ;
#1379 = CARTESIAN_POINT ( 'NONE',  ( 0.000000000000000000, 0.000000000000000000, 2.000000000000000000 ) ) ;
#1380 = LINE ( 'NONE', #822, #1534 ) ;
#1381 = VECTOR ( 'NONE', #1452, 1000.000000000000000 ) ;
#1382 = ADVANCED_FACE ( 'NONE', ( #636, #1744, #1361, #556, #17, #1226, #1769, #120, #1485, #671, #1519, #6, #529, #148, #1249, #1626, #282, #567, #397, #690, #851, #1077 ), #839, .T. ) ;
#1383 = ORIENTED_EDGE ( 'NONE', *, *, #1419, .F. ) ;
#1384 = DIRECTION ( 'NONE',  ( 0.000000000000000000, 0.000000000000000000, 1.000000000000000000 ) ) ;
#1385 = CIRCLE ( 'NONE', #1041, 1.699999999999993072 ) ;
#1386 = VECTOR ( 'NONE', #67, 1000.000000000000000 ) ;
#1387 = FACE_BOUND ( 'NONE', #509, .T. ) ;
#1388 = AXIS2_PLACEMENT_3D ( 'NONE', #35, #312, #1000 ) ;
#1389 = ORIENTED_EDGE ( 'NONE', *, *, #1693, .F. ) ;
#1390 = CARTESIAN_POINT ( 'NONE',  ( 52.50000000000000000, 27.00000000000000000, 2.000000000000000000 ) ) ;
#1391 = CYLINDRICAL_SURFACE ( 'NONE', #1073, 1.699999999999993072 ) ;
#1392 = CARTESIAN_POINT ( 'NONE',  ( 11.09999999999999964, 27.00000000000000000, -0.2999999999999999889 ) ) ;
#1393 = ORIENTED_EDGE ( 'NONE', *, *, #382, .T. ) ;
#1394 = CARTESIAN_POINT ( 'NONE',  ( 72.00000000000001421, -46.00000000000000000, 2.000000000000000000 ) ) ;
#1395 = EDGE_CURVE ( 'NONE', #1545, #943, #94, .T. ) ;
#1396 = ORIENTED_EDGE ( 'NONE', *, *, #514, .F. ) ;
#1397 = EDGE_CURVE ( 'NONE', #317, #1630, #1716, .T. ) ;
#1398 = ORIENTED_EDGE ( 'NONE', *, *, #1054, .F. ) ;
#1399 = EDGE_CURVE ( 'NONE', #1649, #740, #1117, .T. ) ;
#1400 = DIRECTION ( 'NONE',  ( 0.000000000000000000, 0.000000000000000000, 1.000000000000000000 ) ) ;
#1401 = DIRECTION ( 'NONE',  ( -0.000000000000000000, -0.000000000000000000, -1.000000000000000000 ) ) ;
#1402 = ORIENTED_EDGE ( 'NONE', *, *, #221, .F. ) ;
#1403 = CARTESIAN_POINT ( 'NONE',  ( -22.50000000000000000, -3.000000000000000000, -0.2999999999999999889 ) ) ;
#1404 = FACE_BOUND ( 'NONE', #172, .T. ) ;
#1405 = EDGE_CURVE ( 'NONE', #412, #335, #1667, .T. ) ;
#1406 = EDGE_LOOP ( 'NONE', ( #357, #913 ) ) ;
#1407 = CARTESIAN_POINT ( 'NONE',  ( 24.10000000000000142, -27.00000000000000000, -0.2999999999999999889 ) ) ;
#1408 = DIRECTION ( 'NONE',  ( -1.000000000000000000, 0.000000000000000000, 0.000000000000000000 ) ) ;
#1409 = VERTEX_POINT ( 'NONE', #419 ) ;
#1410 = CARTESIAN_POINT ( 'NONE',  ( 22.50000000000000000, -27.00000000000000000, 0.000000000000000000 ) ) ;
#1411 = CIRCLE ( 'NONE', #1557, 1.599999999999997202 ) ;
#1412 = DIRECTION ( 'NONE',  ( -0.000000000000000000, 1.000000000000000000, 0.000000000000000000 ) ) ;
#1413 = DIRECTION ( 'NONE',  ( -0.000000000000000000, -0.000000000000000000, -1.000000000000000000 ) ) ;
#1414 = AXIS2_PLACEMENT_3D ( 'NONE', #1644, #264, #712 ) ;
#1415 = AXIS2_PLACEMENT_3D ( 'NONE', #557, #1109, #1521 ) ;
#1416 = VERTEX_POINT ( 'NONE', #159 ) ;
#1417 = CIRCLE ( 'NONE', #1651, 1.599999999999997202 ) ;
#1418 = CARTESIAN_POINT ( 'NONE',  ( 0.000000000000000000, -52.50000000000000000, 0.000000000000000000 ) ) ;
#1419 = EDGE_CURVE ( 'NONE', #37, #805, #71, .T. ) ;
#1420 = DIRECTION ( 'NONE',  ( 1.000000000000000000, 0.000000000000000000, 0.000000000000000000 ) ) ;
#1421 = ORIENTED_EDGE ( 'NONE', *, *, #1114, .F. ) ;
#1422 = CARTESIAN_POINT ( 'NONE',  ( 7.500000000000000000, 27.00000000000000000, 2.000000000000000000 ) ) ;
#1423 = FACE_BOUND ( 'NONE', #1727, .T. ) ;
#1424 = SHAPE_DEFINITION_REPRESENTATION ( #1674, #340 ) ;
#1425 = ORIENTED_EDGE ( 'NONE', *, *, #1193, .T. ) ;
#1426 = CYLINDRICAL_SURFACE ( 'NONE', #353, 1.599999999999997202 ) ;
#1427 = CYLINDRICAL_SURFACE ( 'NONE', #468, 1.699999999999993072 ) ;
#1428 = ORIENTED_EDGE ( 'NONE', *, *, #366, .F. ) ;
#1429 = ADVANCED_FACE ( 'NONE', ( #293 ), #1391, .F. ) ;
#1430 = ADVANCED_FACE ( 'NONE', ( #1218 ), #1778, .F. ) ;
#1431 = DIRECTION ( 'NONE',  ( -0.000000000000000000, 0.000000000000000000, -1.000000000000000000 ) ) ;
#1432 = CARTESIAN_POINT ( 'NONE',  ( -56.10000000000000142, 27.00000000000000000, -0.2999999999999999889 ) ) ;
#1433 = EDGE_LOOP ( 'NONE', ( #1057, #1575 ) ) ;
#1434 = CARTESIAN_POINT ( 'NONE',  ( 22.50000000000000000, -27.00000000000000000, 2.000000000000000000 ) ) ;
#1435 = CARTESIAN_POINT ( 'NONE',  ( -20.00000000000000000, -15.00000000000000000, 0.000000000000000000 ) ) ;
#1436 = CLOSED_SHELL ( 'NONE', ( #1216, #1563, #155, #672, #316, #996, #1477, #799, #1714, #1004, #1603, #1657, #710, #56, #607, #958, #1035, #404, #1579, #1147, #389, #1382, #1615, #1330, #371, #48, #844, #718, #865, #175, #726, #163, #1520, #658, #491, #143, #1139, #129, #597, #1078, #1430, #1455, #1287, #1254, #1429, #1203, #767, #211 ) ) ;
#1437 = ORIENTED_EDGE ( 'NONE', *, *, #979, .F. ) ;
#1438 = LINE ( 'NONE', #1140, #611 ) ;
#1439 = VECTOR ( 'NONE', #1384, 1000.000000000000000 ) ;
#1440 = AXIS2_PLACEMENT_3D ( 'NONE', #974, #685, #944 ) ;
#1441 = ORIENTED_EDGE ( 'NONE', *, *, #1517, .T. ) ;
#1442 = AXIS2_PLACEMENT_3D ( 'NONE', #1392, #160, #691 ) ;
#1443 = DIRECTION ( 'NONE',  ( 0.000000000000000000, 0.000000000000000000, 1.000000000000000000 ) ) ;
#1444 = CIRCLE ( 'NONE', #496, 11.99999999999999645 ) ;
#1445 = AXIS2_PLACEMENT_3D ( 'NONE', #1025, #174, #52 ) ;
#1446 = DIRECTION ( 'NONE',  ( 1.000000000000000000, 0.000000000000000000, 0.000000000000000000 ) ) ;
#1447 = CARTESIAN_POINT ( 'NONE',  ( -45.00000000000000000, 27.00000000000000000, 0.000000000000000000 ) ) ;
#1448 = ORIENTED_EDGE ( 'NONE', *, *, #792, .F. ) ;
#1449 = EDGE_CURVE ( 'NONE', #519, #213, #1684, .T. ) ;
#1450 = CYLINDRICAL_SURFACE ( 'NONE', #897, 12.00000000000000000 ) ;
#1451 = LINE ( 'NONE', #223, #1211 ) ;
#1452 = DIRECTION ( 'NONE',  ( 0.000000000000000000, 0.000000000000000000, 1.000000000000000000 ) ) ;
#1453 = VERTEX_POINT ( 'NONE', #131 ) ;
#1454 = DIRECTION ( 'NONE',  ( 0.000000000000000000, 0.000000000000000000, 1.000000000000000000 ) ) ;
#1455 = ADVANCED_FACE ( 'NONE', ( #680 ), #1645, .F. ) ;
#1456 = DIRECTION ( 'NONE',  ( 0.000000000000000000, 0.000000000000000000, 1.000000000000000000 ) ) ;
#1457 = ORIENTED_EDGE ( 'NONE', *, *, #1449, .F. ) ;
#1458 = DIRECTION ( 'NONE',  ( -0.000000000000000000, -0.000000000000000000, -1.000000000000000000 ) ) ;
#1459 = ORIENTED_EDGE ( 'NONE', *, *, #34, .F. ) ;
#1460 = DIRECTION ( 'NONE',  ( -0.000000000000000000, -0.000000000000000000, -1.000000000000000000 ) ) ;
#1461 = LOCAL_TIME ( 19, 6, 23.00000000000000000, #826 ) ;
#1462 = ORIENTED_EDGE ( 'NONE', *, *, #451, .F. ) ;
#1463 = AXIS2_PLACEMENT_3D ( 'NONE', #871, #325, #591 ) ;
#1464 = CARTESIAN_POINT ( 'NONE',  ( -70.30000000000001137, 46.00000000000000000, -0.2999999999999999889 ) ) ;
#1465 = FACE_OUTER_BOUND ( 'NONE', #837, .T. ) ;
#1466 = ORIENTED_EDGE ( 'NONE', *, *, #58, .F. ) ;
#1467 = AXIS2_PLACEMENT_3D ( 'NONE', #1129, #745, #984 ) ;
#1468 = DIRECTION ( 'NONE',  ( 0.000000000000000000, 0.000000000000000000, 1.000000000000000000 ) ) ;
#1469 = AXIS2_PLACEMENT_3D ( 'NONE', #1432, #203, #1295 ) ;
#1470 = PRODUCT_DEFINITION ( '�', '', #1236, #1598 ) ;
#1471 = CIRCLE ( 'NONE', #527, 1.599999999999997202 ) ;
#1472 = CARTESIAN_POINT ( 'NONE',  ( -33.89999999999999858, 27.00000000000000000, -0.2999999999999999889 ) ) ;
#1473 = ORIENTED_EDGE ( 'NONE', *, *, #539, .F. ) ;
#1474 = CALENDAR_DATE ( 2026, 25, 8 ) ;
#1475 = ORIENTED_EDGE ( 'NONE', *, *, #1066, .F. ) ;
#1476 = DIRECTION ( 'NONE',  ( 0.000000000000000000, 0.000000000000000000, 1.000000000000000000 ) ) ;
#1477 = ADVANCED_FACE ( 'NONE', ( #274 ), #830, .F. ) ;
#1478 = ORIENTED_EDGE ( 'NONE', *, *, #817, .F. ) ;
#1479 = FACE_OUTER_BOUND ( 'NONE', #676, .T. ) ;
#1480 = EDGE_CURVE ( 'NONE', #938, #335, #1356, .T. ) ;
#1481 = ORIENTED_EDGE ( 'NONE', *, *, #895, .T. ) ;
#1482 = PERSON_AND_ORGANIZATION_ROLE ( 'design_owner' ) ;
#1483 = DIRECTION ( 'NONE',  ( -0.000000000000000000, -0.000000000000000000, -1.000000000000000000 ) ) ;
#1484 = ORIENTED_EDGE ( 'NONE', *, *, #283, .F. ) ;
#1485 = FACE_BOUND ( 'NONE', #1008, .T. ) ;
#1486 = DIRECTION ( 'NONE',  ( 1.000000000000000000, 0.000000000000000000, 0.000000000000000000 ) ) ;
#1487 = EDGE_LOOP ( 'NONE', ( #1354, #818, #310, #1776 ) ) ;
#1488 = EDGE_CURVE ( 'NONE', #280, #133, #737, .T. ) ;
#1489 = LINE ( 'NONE', #391, #899 ) ;
#1490 = EDGE_LOOP ( 'NONE', ( #686, #262, #197, #1060 ) ) ;
#1491 = LOCAL_TIME ( 19, 6, 23.00000000000000000, #1641 ) ;
#1492 = EDGE_CURVE ( 'NONE', #1247, #1152, #122, .T. ) ;
#1493 = PERSON_AND_ORGANIZATION_ROLE ( 'creator' ) ;
#1494 = ORIENTED_EDGE ( 'NONE', *, *, #773, .F. ) ;
#1495 = AXIS2_PLACEMENT_3D ( 'NONE', #315, #997, #308 ) ;
#1496 = FACE_OUTER_BOUND ( 'NONE', #1359, .T. ) ;
#1497 = CARTESIAN_POINT ( 'NONE',  ( 32.00000000000000000, -15.00000000000000000, 2.000000000000000000 ) ) ;
#1498 = AXIS2_PLACEMENT_3D ( 'NONE', #24, #273, #555 ) ;
#1499 = CIRCLE ( 'NONE', #732, 1.599999999999997202 ) ;
#1500 = DIRECTION ( 'NONE',  ( 0.000000000000000000, 0.000000000000000000, 1.000000000000000000 ) ) ;
#1501 = ORIENTED_EDGE ( 'NONE', *, *, #746, .T. ) ;
#1502 = DIRECTION ( 'NONE',  ( 0.000000000000000000, 0.000000000000000000, 1.000000000000000000 ) ) ;
#1503 = AXIS2_PLACEMENT_3D ( 'NONE', #370, #1476, #1446 ) ;
#1504 = AXIS2_PLACEMENT_3D ( 'NONE', #1258, #327, #25 ) ;
#1505 = CARTESIAN_POINT ( 'NONE',  ( 24.10000000000000142, -27.00000000000000000, 0.000000000000000000 ) ) ;
#1506 = APPROVAL_ROLE ( '' ) ;
#1507 = EDGE_CURVE ( 'NONE', #1514, #1098, #875, .T. ) ;
#1508 = ORIENTED_EDGE ( 'NONE', *, *, #228, .F. ) ;
#1509 = FACE_OUTER_BOUND ( 'NONE', #1137, .T. ) ;
#1510 = DIRECTION ( 'NONE',  ( 1.000000000000000000, 0.000000000000000000, 0.000000000000000000 ) ) ;
#1511 = CARTESIAN_POINT ( 'NONE',  ( -22.50000000000000000, -3.000000000000000000, -0.2999999999999999889 ) ) ;
#1512 = ORIENTED_EDGE ( 'NONE', *, *, #560, .T. ) ;
#1513 = PLANE ( 'NONE',  #345 ) ;
#1514 = VERTEX_POINT ( 'NONE', #1717 ) ;
#1515 = PERSON_AND_ORGANIZATION_ROLE ( 'design_supplier' ) ;
#1516 = EDGE_LOOP ( 'NONE', ( #1555, #976, #326, #1115 ) ) ;
#1517 = EDGE_CURVE ( 'NONE', #37, #1531, #1568, .T. ) ;
#1518 = CARTESIAN_POINT ( 'NONE',  ( -33.89999999999999858, 27.00000000000000000, 0.000000000000000000 ) ) ;
#1519 = FACE_BOUND ( 'NONE', #1177, .T. ) ;
#1520 = ADVANCED_FACE ( 'NONE', ( #1006 ), #1553, .F. ) ;
#1521 = DIRECTION ( 'NONE',  ( -1.000000000000000000, 0.000000000000000000, 0.000000000000000000 ) ) ;
#1522 = ORIENTED_EDGE ( 'NONE', *, *, #889, .T. ) ;
#1523 = CYLINDRICAL_SURFACE ( 'NONE', #1207, 1.599999999999997202 ) ;
#1524 = EDGE_LOOP ( 'NONE', ( #1752, #835 ) ) ;
#1525 = ORIENTED_EDGE ( 'NONE', *, *, #1419, .T. ) ;
#1526 = LOCAL_TIME ( 19, 6, 23.00000000000000000, #1105 ) ;
#1527 = DIRECTION ( 'NONE',  ( 0.000000000000000000, 0.000000000000000000, 1.000000000000000000 ) ) ;
#1528 = DIRECTION ( 'NONE',  ( -0.000000000000000000, -0.000000000000000000, -1.000000000000000000 ) ) ;
#1529 = CIRCLE ( 'NONE', #637, 1.599999999999997202 ) ;
#1530 = CARTESIAN_POINT ( 'NONE',  ( -44.00000000000000000, -14.99999999999999822, -0.2999999999999999889 ) ) ;
#1531 = VERTEX_POINT ( 'NONE', #1546 ) ;
#1532 = LINE ( 'NONE', #855, #613 ) ;
#1533 = EDGE_CURVE ( 'NONE', #480, #581, #266, .T. ) ;
#1534 = VECTOR ( 'NONE', #682, 1000.000000000000000 ) ;
#1535 = EDGE_LOOP ( 'NONE', ( #1567, #322 ) ) ;
#1536 = AXIS2_PLACEMENT_3D ( 'NONE', #501, #95, #1340 ) ;
#1537 = ORIENTED_EDGE ( 'NONE', *, *, #792, .T. ) ;
#1538 = LINE ( 'NONE', #1368, #699 ) ;
#1539 = CARTESIAN_POINT ( 'NONE',  ( 55.00000000000000000, -39.00000000000000000, 2.000000000000000000 ) ) ;
#1540 = LINE ( 'NONE', #1168, #1245 ) ;
#1541 = EDGE_LOOP ( 'NONE', ( #1672, #662 ) ) ;
#1542 = CARTESIAN_POINT ( 'NONE',  ( 57.70000000000000284, 27.00000000000000000, 0.000000000000000000 ) ) ;
#1543 = EDGE_CURVE ( 'NONE', #1079, #303, #1357, .T. ) ;
#1544 = FACE_OUTER_BOUND ( 'NONE', #1636, .T. ) ;
#1545 = VERTEX_POINT ( 'NONE', #60 ) ;
#1546 = CARTESIAN_POINT ( 'NONE',  ( 24.10000000000000142, -27.00000000000000000, 2.000000000000000000 ) ) ;
#1547 = CARTESIAN_POINT ( 'NONE',  ( -55.00000000000000000, -39.00000000000000000, 0.000000000000000000 ) ) ;
#1548 = ORIENTED_EDGE ( 'NONE', *, *, #692, .F. ) ;
#1549 = FACE_OUTER_BOUND ( 'NONE', #1604, .T. ) ;
#1550 = FACE_BOUND ( 'NONE', #1433, .T. ) ;
#1551 = EDGE_LOOP ( 'NONE', ( #90, #1767, #888, #1462 ) ) ;
#1552 = EDGE_CURVE ( 'NONE', #1531, #842, #669, .T. ) ;
#1553 = CYLINDRICAL_SURFACE ( 'NONE', #1445, 1.600000000000000755 ) ;
#1554 = CARTESIAN_POINT ( 'NONE',  ( -22.50000000000000000, -3.000000000000000000, 0.000000000000000000 ) ) ;
#1555 = ORIENTED_EDGE ( 'NONE', *, *, #247, .F. ) ;
#1556 = DIRECTION ( 'NONE',  ( 0.000000000000000000, 0.000000000000000000, 1.000000000000000000 ) ) ;
#1557 = AXIS2_PLACEMENT_3D ( 'NONE', #785, #1170, #218 ) ;
#1558 = CARTESIAN_POINT ( 'NONE',  ( -11.09999999999999964, 27.00000000000000000, 2.000000000000000000 ) ) ;
#1559 = AXIS2_PLACEMENT_3D ( 'NONE', #1602, #386, #628 ) ;
#1560 = ORIENTED_EDGE ( 'NONE', *, *, #1397, .T. ) ;
#1561 = AXIS2_PLACEMENT_3D ( 'NONE', #1570, #1458, #769 ) ;
#1562 = CARTESIAN_POINT ( 'NONE',  ( -73.70000000000000284, -46.00000000000000000, -0.2999999999999999889 ) ) ;
#1563 = ADVANCED_FACE ( 'NONE', ( #1150 ), #1704, .F. ) ;
#1564 = LINE ( 'NONE', #860, #1274 ) ;
#1565 = ORIENTED_EDGE ( 'NONE', *, *, #1370, .F. ) ;
#1566 = DIRECTION ( 'NONE',  ( -0.000000000000000000, -0.000000000000000000, -1.000000000000000000 ) ) ;
#1567 = ORIENTED_EDGE ( 'NONE', *, *, #752, .F. ) ;
#1568 = LINE ( 'NONE', #1407, #41 ) ;
#1569 = EDGE_CURVE ( 'NONE', #842, #1531, #1686, .T. ) ;
#1570 = CARTESIAN_POINT ( 'NONE',  ( -56.10000000000000142, 27.00000000000000000, 0.000000000000000000 ) ) ;
#1571 = EDGE_LOOP ( 'NONE', ( #1459, #1014, #1512, #604 ) ) ;
#1572 = EDGE_CURVE ( 'NONE', #497, #572, #992, .T. ) ;
#1573 = ORIENTED_EDGE ( 'NONE', *, *, #876, .T. ) ;
#1574 = DIRECTION ( 'NONE',  ( 0.000000000000000000, 0.000000000000000000, 1.000000000000000000 ) ) ;
#1575 = ORIENTED_EDGE ( 'NONE', *, *, #1231, .F. ) ;
#1576 = CARTESIAN_POINT ( 'NONE',  ( 72.00000000000001421, 46.00000000000000000, 2.000000000000000000 ) ) ;
#1577 = CARTESIAN_POINT ( 'NONE',  ( -39.90000000000000568, -27.00000000000000000, -0.2999999999999999889 ) ) ;
#1578 = AXIS2_PLACEMENT_3D ( 'NONE', #1576, #359, #620 ) ;
#1579 = ADVANCED_FACE ( 'NONE', ( #436 ), #1426, .F. ) ;
#1580 = ORIENTED_EDGE ( 'NONE', *, *, #1552, .F. ) ;
#1581 = CARTESIAN_POINT ( 'NONE',  ( 80.00000000000000000, -52.50000000000000000, 0.000000000000000000 ) ) ;
#1582 = LINE ( 'NONE', #1592, #1386 ) ;
#1583 = AXIS2_PLACEMENT_3D ( 'NONE', #209, #648, #793 ) ;
#1584 = CIRCLE ( 'NONE', #1467, 7.500000000000000000 ) ;
#1585 = ORIENTED_EDGE ( 'NONE', *, *, #297, .F. ) ;
#1586 = AXIS2_PLACEMENT_3D ( 'NONE', #1511, #411, #673 ) ;
#1587 = CARTESIAN_POINT ( 'NONE',  ( -54.50000000000000711, 27.00000000000000000, 0.000000000000000000 ) ) ;
#1588 = AXIS2_PLACEMENT_3D ( 'NONE', #1369, #139, #311 ) ;
#1589 = AXIS2_PLACEMENT_3D ( 'NONE', #741, #1016, #461 ) ;
#1590 = CARTESIAN_POINT ( 'NONE',  ( -12.70000000000000107, 27.00000000000000000, 0.000000000000000000 ) ) ;
#1591 = CARTESIAN_POINT ( 'NONE',  ( 80.00000000000000000, -52.50000000000000000, 0.000000000000000000 ) ) ;
#1592 = CARTESIAN_POINT ( 'NONE',  ( 20.00000000000000000, -14.99999999999999822, -0.2999999999999999889 ) ) ;
#1593 = EDGE_CURVE ( 'NONE', #387, #994, #1135, .T. ) ;
#1594 = VERTEX_POINT ( 'NONE', #721 ) ;
#1595 = CARTESIAN_POINT ( 'NONE',  ( -58.10000000000000142, -39.00000000000000000, 2.000000000000000000 ) ) ;
#1596 = CARTESIAN_POINT ( 'NONE',  ( 54.50000000000000711, 27.00000000000000000, 2.000000000000000000 ) ) ;
#1597 = DIRECTION ( 'NONE',  ( 1.000000000000000000, 0.000000000000000000, 0.000000000000000000 ) ) ;
#1598 = DESIGN_CONTEXT ( 'detailed design', #1780, 'design' ) ;
#1599 = CARTESIAN_POINT ( 'NONE',  ( -44.00000000000000000, -14.99999999999999822, 0.000000000000000000 ) ) ;
#1600 = EDGE_LOOP ( 'NONE', ( #1661, #1632 ) ) ;
#1601 = DIRECTION ( 'NONE',  ( 1.000000000000000000, 0.000000000000000000, 0.000000000000000000 ) ) ;
#1602 = CARTESIAN_POINT ( 'NONE',  ( 22.50000000000000000, -27.00000000000000000, -0.2999999999999999889 ) ) ;
#1603 = ADVANCED_FACE ( 'NONE', ( #749 ), #32, .F. ) ;
#1604 = EDGE_LOOP ( 'NONE', ( #236, #1375, #107, #1343 ) ) ;
#1605 = CARTESIAN_POINT ( 'NONE',  ( 70.30000000000001137, 46.00000000000000000, 2.000000000000000000 ) ) ;
#1606 = ORIENTED_EDGE ( 'NONE', *, *, #239, .T. ) ;
#1607 = AXIS2_PLACEMENT_3D ( 'NONE', #205, #1166, #100 ) ;
#1608 = CARTESIAN_POINT ( 'NONE',  ( 55.00000000000000000, -39.00000000000000000, -0.2999999999999999889 ) ) ;
#1609 = CARTESIAN_POINT ( 'NONE',  ( 9.500000000000000000, 27.00000000000000000, 0.000000000000000000 ) ) ;
#1610 = EDGE_LOOP ( 'NONE', ( #1484, #1475 ) ) ;
#1611 = CARTESIAN_POINT ( 'NONE',  ( -58.10000000000000142, -39.00000000000000000, -0.2999999999999999889 ) ) ;
#1612 = DIRECTION ( 'NONE',  ( -0.000000000000000000, 0.000000000000000000, -1.000000000000000000 ) ) ;
#1613 = ORIENTED_EDGE ( 'NONE', *, *, #1623, .F. ) ;
#1614 = CIRCLE ( 'NONE', #521, 1.599999999999997202 ) ;
#1615 = ADVANCED_FACE ( 'NONE', ( #1134 ), #999, .T. ) ;
#1616 = DIRECTION ( 'NONE',  ( 1.000000000000000000, 0.000000000000000000, 0.000000000000000000 ) ) ;
#1617 = CIRCLE ( 'NONE', #665, 11.99999999999999645 ) ;
#1618 = VECTOR ( 'NONE', #355, 1000.000000000000000 ) ;
#1619 = LINE ( 'NONE', #622, #987 ) ;
#1620 = EDGE_LOOP ( 'NONE', ( #1088, #453, #302, #1299 ) ) ;
#1621 = DIRECTION ( 'NONE',  ( 0.000000000000000000, 0.000000000000000000, 1.000000000000000000 ) ) ;
#1622 = ORIENTED_EDGE ( 'NONE', *, *, #971, .T. ) ;
#1623 = EDGE_CURVE ( 'NONE', #659, #385, #870, .T. ) ;
#1624 = PERSON_AND_ORGANIZATION ( #1688, #486 ) ;
#1625 = ORIENTED_EDGE ( 'NONE', *, *, #70, .F. ) ;
#1626 = FACE_BOUND ( 'NONE', #109, .T. ) ;
#1627 = ORIENTED_EDGE ( 'NONE', *, *, #1507, .T. ) ;
#1628 = DIRECTION ( 'NONE',  ( 0.000000000000000000, 0.000000000000000000, 1.000000000000000000 ) ) ;
#1629 = EDGE_CURVE ( 'NONE', #1347, #1703, #341, .T. ) ;
#1630 = VERTEX_POINT ( 'NONE', #214 ) ;
#1631 = COORDINATED_UNIVERSAL_TIME_OFFSET ( 8, 0, .AHEAD. ) ;
#1632 = ORIENTED_EDGE ( 'NONE', *, *, #934, .F. ) ;
#1633 = CYLINDRICAL_SURFACE ( 'NONE', #1498, 1.699999999999993072 ) ;
#1634 = DIRECTION ( 'NONE',  ( 0.000000000000000000, 0.000000000000000000, 1.000000000000000000 ) ) ;
#1635 = CARTESIAN_POINT ( 'NONE',  ( 7.500000000000000000, 27.00000000000000000, 0.000000000000000000 ) ) ;
#1636 = EDGE_LOOP ( 'NONE', ( #424, #1758, #1501, #141 ) ) ;
#1637 = CARTESIAN_POINT ( 'NONE',  ( -73.70000000000000284, 46.00000000000000000, 0.000000000000000000 ) ) ;
#1638 = EDGE_CURVE ( 'NONE', #1090, #102, #1378, .T. ) ;
#1639 = FACE_BOUND ( 'NONE', #1020, .T. ) ;
#1640 = VECTOR ( 'NONE', #1443, 1000.000000000000000 ) ;
#1641 = COORDINATED_UNIVERSAL_TIME_OFFSET ( 8, 0, .AHEAD. ) ;
#1642 = ORIENTED_EDGE ( 'NONE', *, *, #539, .T. ) ;
#1643 = AXIS2_PLACEMENT_3D ( 'NONE', #1072, #246, #559 ) ;
#1644 = CARTESIAN_POINT ( 'NONE',  ( 56.10000000000000142, 27.00000000000000000, 2.000000000000000000 ) ) ;
#1645 = CYLINDRICAL_SURFACE ( 'NONE', #586, 1.599999999999997202 ) ;
#1646 = CIRCLE ( 'NONE', #374, 1.599999999999997202 ) ;
#1647 = CIRCLE ( 'NONE', #877, 7.500000000000000000 ) ;
#1648 = CYLINDRICAL_SURFACE ( 'NONE', #1326, 1.600000000000000755 ) ;
#1649 = VERTEX_POINT ( 'NONE', #1065 ) ;
#1650 = FACE_OUTER_BOUND ( 'NONE', #868, .T. ) ;
#1651 = AXIS2_PLACEMENT_3D ( 'NONE', #621, #1304, #45 ) ;
#1652 = EDGE_CURVE ( 'NONE', #385, #519, #930, .T. ) ;
#1653 = ORIENTED_EDGE ( 'NONE', *, *, #201, .T. ) ;
#1654 = EDGE_CURVE ( 'NONE', #891, #1649, #914, .T. ) ;
#1655 = DATE_AND_TIME ( #1474, #1526 ) ;
#1656 = EDGE_LOOP ( 'NONE', ( #1048, #688, #537, #564 ) ) ;
#1657 = ADVANCED_FACE ( 'NONE', ( #1723 ), #1450, .F. ) ;
#1658 = CYLINDRICAL_SURFACE ( 'NONE', #208, 1.599999999999997202 ) ;
#1659 = DIRECTION ( 'NONE',  ( -1.000000000000000000, -0.000000000000000000, 0.000000000000000000 ) ) ;
#1660 = CARTESIAN_POINT ( 'NONE',  ( -70.30000000000001137, 46.00000000000000000, 2.000000000000000000 ) ) ;
#1661 = ORIENTED_EDGE ( 'NONE', *, *, #1157, .F. ) ;
#1662 = CARTESIAN_POINT ( 'NONE',  ( -72.00000000000001421, -46.00000000000000000, 0.000000000000000000 ) ) ;
#1663 = CARTESIAN_POINT ( 'NONE',  ( 54.50000000000000711, 27.00000000000000000, -0.2999999999999999889 ) ) ;
#1664 = PERSON_AND_ORGANIZATION_ROLE ( 'creator' ) ;
#1665 = EDGE_LOOP ( 'NONE', ( #1320, #1613 ) ) ;
#1666 = CARTESIAN_POINT ( 'NONE',  ( -45.00000000000000000, 27.00000000000000000, -0.2999999999999999889 ) ) ;
#1667 = LINE ( 'NONE', #978, #616 ) ;
#1668 = EDGE_CURVE ( 'NONE', #1119, #164, #372, .T. ) ;
#1669 = DIRECTION ( 'NONE',  ( -1.000000000000000000, 0.000000000000000000, 0.000000000000000000 ) ) ;
#1670 = ORIENTED_EDGE ( 'NONE', *, *, #1449, .T. ) ;
#1671 = DIRECTION ( 'NONE',  ( 0.000000000000000000, -0.000000000000000000, 1.000000000000000000 ) ) ;
#1672 = ORIENTED_EDGE ( 'NONE', *, *, #681, .F. ) ;
#1673 = VERTEX_POINT ( 'NONE', #768 ) ;
#1674 = PRODUCT_DEFINITION_SHAPE ( 'NONE', 'NONE',  #1470 ) ;
#1675 = DIRECTION ( 'NONE',  ( -1.000000000000000000, 0.000000000000000000, 0.000000000000000000 ) ) ;
#1676 = DIRECTION ( 'NONE',  ( 0.000000000000000000, 0.000000000000000000, 1.000000000000000000 ) ) ;
#1677 = VECTOR ( 'NONE', #1502, 1000.000000000000000 ) ;
#1678 = EDGE_CURVE ( 'NONE', #797, #1630, #651, .T. ) ;
#1679 = DIRECTION ( 'NONE',  ( 0.000000000000000000, 0.000000000000000000, 1.000000000000000000 ) ) ;
#1680 = CIRCLE ( 'NONE', #114, 1.600000000000000755 ) ;
#1681 = ORIENTED_EDGE ( 'NONE', *, *, #1047, .T. ) ;
#1682 = CARTESIAN_POINT ( 'NONE',  ( -43.10000000000000142, -27.00000000000000000, 0.000000000000000000 ) ) ;
#1683 = AXIS2_PLACEMENT_3D ( 'NONE', #1766, #1050, #367 ) ;
#1684 = CIRCLE ( 'NONE', #904, 11.99999999999999645 ) ;
#1685 = FACE_OUTER_BOUND ( 'NONE', #1571, .T. ) ;
#1686 = CIRCLE ( 'NONE', #1771, 1.600000000000000755 ) ;
#1687 = ORIENTED_EDGE ( 'NONE', *, *, #886, .F. ) ;
#1688 = PERSON ( '未', '未', '未', ('未'), ('未'), ('未') ) ;
#1689 = CARTESIAN_POINT ( 'NONE',  ( -41.50000000000000000, -27.00000000000000000, -0.2999999999999999889 ) ) ;
#1690 = CARTESIAN_POINT ( 'NONE',  ( -32.00000000000000000, -15.00000000000000000, -0.2999999999999999889 ) ) ;
#1691 = VERTEX_POINT ( 'NONE', #1587 ) ;
#1692 = CARTESIAN_POINT ( 'NONE',  ( -80.00000000000000000, -52.50000000000000000, 0.000000000000000000 ) ) ;
#1693 = EDGE_CURVE ( 'NONE', #1152, #93, #484, .T. ) ;
#1694 = FACE_OUTER_BOUND ( 'NONE', #1081, .T. ) ;
#1695 = ORIENTED_EDGE ( 'NONE', *, *, #1492, .T. ) ;
#1696 = DIRECTION ( 'NONE',  ( -0.000000000000000000, -0.000000000000000000, -1.000000000000000000 ) ) ;
#1697 = CARTESIAN_POINT ( 'NONE',  ( 73.70000000000000284, 46.00000000000000000, 0.000000000000000000 ) ) ;
#1698 = ORIENTED_EDGE ( 'NONE', *, *, #1533, .F. ) ;
#1699 = LINE ( 'NONE', #28, #1100 ) ;
#1700 = FACE_BOUND ( 'NONE', #1162, .T. ) ;
#1701 = DIRECTION ( 'NONE',  ( -1.000000000000000000, 0.000000000000000000, 0.000000000000000000 ) ) ;
#1702 = EDGE_CURVE ( 'NONE', #1323, #93, #254, .T. ) ;
#1703 = VERTEX_POINT ( 'NONE', #1595 ) ;
#1704 = CYLINDRICAL_SURFACE ( 'NONE', #1504, 1.699999999999993072 ) ;
#1705 = CC_DESIGN_SECURITY_CLASSIFICATION ( #1733, ( #1236 ) ) ;
#1706 = LINE ( 'NONE', #222, #1768 ) ;
#1707 = DIRECTION ( 'NONE',  ( 0.000000000000000000, 0.000000000000000000, 1.000000000000000000 ) ) ;
#1708 = ORIENTED_EDGE ( 'NONE', *, *, #343, .F. ) ;
#1709 = CARTESIAN_POINT ( 'NONE',  ( -20.00000000000000000, -15.00000000000000000, 2.000000000000000000 ) ) ;
#1710 = CIRCLE ( 'NONE', #1239, 1.600000000000000755 ) ;
#1711 = DIRECTION ( 'NONE',  ( 0.000000000000000000, 0.000000000000000000, 1.000000000000000000 ) ) ;
#1712 = AXIS2_PLACEMENT_3D ( 'NONE', #602, #1160, #1301 ) ;
#1713 = CIRCLE ( 'NONE', #150, 1.699999999999993072 ) ;
#1714 = ADVANCED_FACE ( 'NONE', ( #758 ), #377, .F. ) ;
#1715 = ORIENTED_EDGE ( 'NONE', *, *, #1572, .F. ) ;
#1716 = CIRCLE ( 'NONE', #154, 1.599999999999997202 ) ;
#1717 = CARTESIAN_POINT ( 'NONE',  ( -73.70000000000000284, -46.00000000000000000, 0.000000000000000000 ) ) ;
#1718 = APPROVAL ( #959, '未' ) ;
#1719 = DIRECTION ( 'NONE',  ( 0.000000000000000000, 0.000000000000000000, 1.000000000000000000 ) ) ;
#1720 = EDGE_LOOP ( 'NONE', ( #1029, #1548 ) ) ;
#1721 = CYLINDRICAL_SURFACE ( 'NONE', #1736, 1.599999999999997202 ) ;
#1722 = VERTEX_POINT ( 'NONE', #354 ) ;
#1723 = FACE_OUTER_BOUND ( 'NONE', #905, .T. ) ;
#1724 = EDGE_CURVE ( 'NONE', #744, #946, #85, .T. ) ;
#1725 = FACE_OUTER_BOUND ( 'NONE', #1005, .T. ) ;
#1726 = DIRECTION ( 'NONE',  ( -0.000000000000000000, -0.000000000000000000, -1.000000000000000000 ) ) ;
#1727 = EDGE_LOOP ( 'NONE', ( #1421, #1031 ) ) ;
#1728 = CARTESIAN_POINT ( 'NONE',  ( -32.30000000000000426, 27.00000000000000000, 0.000000000000000000 ) ) ;
#1729 = ORIENTED_EDGE ( 'NONE', *, *, #945, .T. ) ;
#1730 = DIRECTION ( 'NONE',  ( -0.000000000000000000, -0.000000000000000000, -1.000000000000000000 ) ) ;
#1731 = DIRECTION ( 'NONE',  ( 0.000000000000000000, 0.000000000000000000, 1.000000000000000000 ) ) ;
#1732 = EDGE_CURVE ( 'NONE', #1306, #1090, #772, .T. ) ;
#1733 = SECURITY_CLASSIFICATION ( '', '', #271 ) ;
#1734 = VERTEX_POINT ( 'NONE', #1322 ) ;
#1735 = CARTESIAN_POINT ( 'NONE',  ( 33.89999999999999858, 27.00000000000000000, 2.000000000000000000 ) ) ;
#1736 = AXIS2_PLACEMENT_3D ( 'NONE', #1030, #1574, #580 ) ;
#1737 = AXIS2_PLACEMENT_3D ( 'NONE', #1662, #1241, #422 ) ;
#1738 = ORIENTED_EDGE ( 'NONE', *, *, #86, .F. ) ;
#1739 = CIRCLE ( 'NONE', #210, 1.600000000000000755 ) ;
#1740 = CARTESIAN_POINT ( 'NONE',  ( -32.00000000000000000, -15.00000000000000000, -0.2999999999999999889 ) ) ;
#1741 = CARTESIAN_POINT ( 'NONE',  ( 56.10000000000000142, 27.00000000000000000, 0.000000000000000000 ) ) ;
#1742 = CIRCLE ( 'NONE', #1104, 1.600000000000000755 ) ;
#1743 = AXIS2_PLACEMENT_3D ( 'NONE', #866, #731, #859 ) ;
#1744 = FACE_BOUND ( 'NONE', #1253, .T. ) ;
#1745 = CARTESIAN_POINT ( 'NONE',  ( -11.09999999999999964, 27.00000000000000000, -0.2999999999999999889 ) ) ;
#1746 = EDGE_CURVE ( 'NONE', #1784, #569, #77, .T. ) ;
#1747 = VERTEX_POINT ( 'NONE', #1196 ) ;
#1748 = DIRECTION ( 'NONE',  ( 1.000000000000000000, 0.000000000000000000, 0.000000000000000000 ) ) ;
#1749 = CARTESIAN_POINT ( 'NONE',  ( 20.89999999999999858, -27.00000000000000000, 2.000000000000000000 ) ) ;
#1750 = EDGE_LOOP ( 'NONE', ( #169, #30 ) ) ;
#1751 = CARTESIAN_POINT ( 'NONE',  ( 56.10000000000000142, 27.00000000000000000, 0.000000000000000000 ) ) ;
#1752 = ORIENTED_EDGE ( 'NONE', *, *, #885, .F. ) ;
#1753 = FACE_OUTER_BOUND ( 'NONE', #156, .T. ) ;
#1754 = CARTESIAN_POINT ( 'NONE',  ( 33.89999999999999858, 27.00000000000000000, 0.000000000000000000 ) ) ;
#1755 = VERTEX_POINT ( 'NONE', #92 ) ;
#1756 = EDGE_CURVE ( 'NONE', #15, #1673, #1315, .T. ) ;
#1757 = DIRECTION ( 'NONE',  ( 0.000000000000000000, 0.000000000000000000, 1.000000000000000000 ) ) ;
#1758 = ORIENTED_EDGE ( 'NONE', *, *, #1405, .T. ) ;
#1759 = DIRECTION ( 'NONE',  ( -1.000000000000000000, 0.000000000000000000, 0.000000000000000000 ) ) ;
#1760 = ORIENTED_EDGE ( 'NONE', *, *, #358, .F. ) ;
#1761 = CARTESIAN_POINT ( 'NONE',  ( -41.50000000000000000, -27.00000000000000000, 0.000000000000000000 ) ) ;
#1762 = ORIENTED_EDGE ( 'NONE', *, *, #478, .T. ) ;
#1763 = AXIS2_PLACEMENT_3D ( 'NONE', #331, #1566, #202 ) ;
#1764 = VECTOR ( 'NONE', #401, 1000.000000000000000 ) ;
#1765 = CARTESIAN_POINT ( 'NONE',  ( 0.000000000000000000, 0.000000000000000000, 0.000000000000000000 ) ) ;
#1766 = CARTESIAN_POINT ( 'NONE',  ( -41.50000000000000000, -27.00000000000000000, 2.000000000000000000 ) ) ;
#1767 = ORIENTED_EDGE ( 'NONE', *, *, #247, .T. ) ;
#1768 = VECTOR ( 'NONE', #1187, 1000.000000000000000 ) ;
#1769 = FACE_BOUND ( 'NONE', #204, .T. ) ;
#1770 = CIRCLE ( 'NONE', #989, 1.599999999999997202 ) ;
#1771 = AXIS2_PLACEMENT_3D ( 'NONE', #583, #1400, #593 ) ;
#1772 = ORIENTED_EDGE ( 'NONE', *, *, #1305, .T. ) ;
#1773 = LINE ( 'NONE', #1111, #434 ) ;
#1774 = ORIENTED_EDGE ( 'NONE', *, *, #1310, .F. ) ;
#1775 = PERSON_AND_ORGANIZATION ( #1688, #486 ) ;
#1776 = ORIENTED_EDGE ( 'NONE', *, *, #886, .T. ) ;
#1777 = DIRECTION ( 'NONE',  ( 0.000000000000000000, 0.000000000000000000, 1.000000000000000000 ) ) ;
#1778 = CYLINDRICAL_SURFACE ( 'NONE', #300, 1.600000000000000755 ) ;
#1779 = EDGE_CURVE ( 'NONE', #9, #938, #1189, .T. ) ;
#1780 = APPLICATION_CONTEXT ( 'configuration controlled 3d designs of mechanical parts and assemblies' ) ;
#1781 = CARTESIAN_POINT ( 'NONE',  ( 45.00000000000000000, 27.00000000000000000, 2.000000000000000000 ) ) ;
#1782 = EDGE_LOOP ( 'NONE', ( #985, #1149 ) ) ;
#1783 = DIRECTION ( 'NONE',  ( 1.000000000000000000, 0.000000000000000000, 0.000000000000000000 ) ) ;
#1784 = VERTEX_POINT ( 'NONE', #789 ) ;
#1785 = EDGE_LOOP ( 'NONE', ( #643, #790, #1341, #1339 ) ) ;
#1786 = CARTESIAN_POINT ( 'NONE',  ( -55.00000000000000000, -39.00000000000000000, 2.000000000000000000 ) ) ;
#1787 = DIRECTION ( 'NONE',  ( 1.000000000000000000, 0.000000000000000000, -0.000000000000000000 ) ) ;
#1788 = FACE_OUTER_BOUND ( 'NONE', #1279, .T. ) ;
#1789 = EDGE_CURVE ( 'NONE', #1416, #540, #1293, .T. ) ;
#1790 = ORIENTED_EDGE ( 'NONE', *, *, #1256, .T. ) ;
#1791 = FACE_OUTER_BOUND ( 'NONE', #751, .T. ) ;
ENDSEC;
END-ISO-10303-21;
