ISO-10303-21;
HEADER;
FILE_DESCRIPTION (( 'STEP AP203' ),
    '1' );
FILE_NAME ('RearKickstand_V11_262mm_Bushed.STEP',
    '2026-08-29T07:59:51',
    ( '' ),
    ( '' ),
    'SwSTEP 2.0',
    'SolidWorks 2025',
    '' );
FILE_SCHEMA (( 'CONFIG_CONTROL_DESIGN' ));
ENDSEC;

DATA;
#1 = CARTESIAN_POINT ( 'NONE',  ( -3.100000000000000533, -105.0000000000000000, -44.20000000000000284 ) ) ;
#2 = DIRECTION ( 'NONE',  ( -1.000000000000000000, -0.000000000000000000, -0.000000000000000000 ) ) ;
#3 = LINE ( 'NONE', #38, #1595 ) ;
#4 = DATE_AND_TIME ( #1160, #213 ) ;
#5 = ORIENTED_EDGE ( 'NONE', *, *, #1371, .F. ) ;
#6 = EDGE_CURVE ( 'NONE', #534, #1481, #947, .T. ) ;
#7 = ORIENTED_EDGE ( 'NONE', *, *, #579, .F. ) ;
#8 = DIRECTION ( 'NONE',  ( 0.000000000000000000, -1.000000000000000000, 0.000000000000000000 ) ) ;
#9 = AXIS2_PLACEMENT_3D ( 'NONE', #733, #1478, #1208 ) ;
#10 = LINE ( 'NONE', #389, #1146 ) ;
#11 = ADVANCED_FACE ( 'NONE', ( #661 ), #1182, .F. ) ;
#12 = CIRCLE ( 'NONE', #260, 5.100000000000000533 ) ;
#13 = FACE_OUTER_BOUND ( 'NONE', #1284, .T. ) ;
#14 = AXIS2_PLACEMENT_3D ( 'NONE', #643, #502, #247 ) ;
#15 = VECTOR ( 'NONE', #1502, 1000.000000000000000 ) ;
#16 = VERTEX_POINT ( 'NONE', #1547 ) ;
#17 = EDGE_LOOP ( 'NONE', ( #712, #1494 ) ) ;
#18 = EDGE_CURVE ( 'NONE', #1314, #1398, #1320, .T. ) ;
#19 = ADVANCED_FACE ( 'NONE', ( #13 ), #930, .F. ) ;
#20 = CARTESIAN_POINT ( 'NONE',  ( 0.000000000000000000, -120.0000000000000000, -49.00000000000000000 ) ) ;
#21 = CARTESIAN_POINT ( 'NONE',  ( 0.000000000000000000, 169.0000000000000000, -7.000000000000000000 ) ) ;
#22 = DIRECTION ( 'NONE',  ( 1.000000000000000000, 0.000000000000000000, 0.000000000000000000 ) ) ;
#23 = EDGE_LOOP ( 'NONE', ( #880, #1274, #215, #674 ) ) ;
#24 = ORIENTED_EDGE ( 'NONE', *, *, #808, .T. ) ;
#25 = DIRECTION ( 'NONE',  ( -0.000000000000000000, 0.000000000000000000, -1.000000000000000000 ) ) ;
#26 = CARTESIAN_POINT ( 'NONE',  ( -4.000000000000000000, -93.00000000000000000, -9.874507866387540744 ) ) ;
#27 = CARTESIAN_POINT ( 'NONE',  ( -4.400000000000000355, -100.7000000000000028, -30.02010101267765663 ) ) ;
#28 = CALENDAR_DATE ( 2026, 29, 8 ) ;
#29 = LINE ( 'NONE', #548, #859 ) ;
#30 = VERTEX_POINT ( 'NONE', #1445 ) ;
#31 = EDGE_CURVE ( 'NONE', #1108, #1294, #1043, .T. ) ;
#32 = APPLICATION_CONTEXT ( 'configuration controlled 3d designs of mechanical parts and assemblies' ) ;
#33 = DIRECTION ( 'NONE',  ( 0.000000000000000000, 0.000000000000000000, 1.000000000000000000 ) ) ;
#34 = DIRECTION ( 'NONE',  ( 0.000000000000000000, 0.000000000000000000, -1.000000000000000000 ) ) ;
#35 = EDGE_CURVE ( 'NONE', #30, #626, #144, .T. ) ;
#36 = VECTOR ( 'NONE', #704, 1000.000000000000000 ) ;
#37 = ORIENTED_EDGE ( 'NONE', *, *, #651, .F. ) ;
#38 = CARTESIAN_POINT ( 'NONE',  ( 0.000000000000000000, 187.0000000000000000, -3.000000000000000000 ) ) ;
#39 = ADVANCED_FACE ( 'NONE', ( #288 ), #1158, .F. ) ;
#40 = CIRCLE ( 'NONE', #665, 5.100000000000000533 ) ;
#41 = DIRECTION ( 'NONE',  ( 0.000000000000000000, 0.000000000000000000, -1.000000000000000000 ) ) ;
#42 = VERTEX_POINT ( 'NONE', #1429 ) ;
#43 = VECTOR ( 'NONE', #748, 1000.000000000000000 ) ;
#44 = CYLINDRICAL_SURFACE ( 'NONE', #727, 3.099999999999998757 ) ;
#45 = CARTESIAN_POINT ( 'NONE',  ( -4.000000000000000000, -105.0000000000000000, -35.10000000000000142 ) ) ;
#46 = ORIENTED_EDGE ( 'NONE', *, *, #1093, .T. ) ;
#47 = CARTESIAN_POINT ( 'NONE',  ( 0.000000000000000000, 43.00000000000000000, 19.00000000000000355 ) ) ;
#48 = PLANE ( 'NONE',  #1068 ) ;
#49 = EDGE_CURVE ( 'NONE', #1586, #770, #123, .T. ) ;
#50 = ORIENTED_EDGE ( 'NONE', *, *, #1069, .F. ) ;
#51 = VERTEX_POINT ( 'NONE', #680 ) ;
#52 = CARTESIAN_POINT ( 'NONE',  ( -4.400000000000000355, -75.00000000000000000, -0.09999999999999939493 ) ) ;
#53 = VERTEX_POINT ( 'NONE', #686 ) ;
#54 = LINE ( 'NONE', #318, #43 ) ;
#55 = ORIENTED_EDGE ( 'NONE', *, *, #74, .T. ) ;
#56 = DIRECTION ( 'NONE',  ( 0.000000000000000000, 0.000000000000000000, -1.000000000000000000 ) ) ;
#57 = LINE ( 'NONE', #1473, #316 ) ;
#58 = ORIENTED_EDGE ( 'NONE', *, *, #1316, .F. ) ;
#59 = DIRECTION ( 'NONE',  ( 0.000000000000000000, -1.000000000000000000, 0.000000000000000000 ) ) ;
#60 = CARTESIAN_POINT ( 'NONE',  ( 0.000000000000000000, 177.0000000000000000, 15.00000000000000355 ) ) ;
#61 = CARTESIAN_POINT ( 'NONE',  ( -4.400000000000000355, -105.0000000000000000, -35.10000000000000142 ) ) ;
#62 = DIRECTION ( 'NONE',  ( 1.000000000000000000, 0.000000000000000000, 0.000000000000000000 ) ) ;
#63 = ORIENTED_EDGE ( 'NONE', *, *, #1458, .T. ) ;
#64 = FACE_OUTER_BOUND ( 'NONE', #184, .T. ) ;
#65 = DIRECTION ( 'NONE',  ( -1.000000000000000000, -0.000000000000000000, -0.000000000000000000 ) ) ;
#66 = AXIS2_PLACEMENT_3D ( 'NONE', #729, #872, #863 ) ;
#67 = VERTEX_POINT ( 'NONE', #1191 ) ;
#68 = VECTOR ( 'NONE', #1653, 1000.000000000000000 ) ;
#69 = ORIENTED_EDGE ( 'NONE', *, *, #640, .F. ) ;
#70 = PLANE ( 'NONE',  #375 ) ;
#71 = VECTOR ( 'NONE', #214, 1000.000000000000000 ) ;
#72 = CARTESIAN_POINT ( 'NONE',  ( 4.000000000000000000, -75.00000000000000000, 6.000000000000000000 ) ) ;
#73 = VECTOR ( 'NONE', #297, 1000.000000000000000 ) ;
#74 = EDGE_CURVE ( 'NONE', #918, #1147, #3, .T. ) ;
#75 = EDGE_CURVE ( 'NONE', #497, #1449, #1492, .T. ) ;
#76 = CC_DESIGN_APPROVAL ( #631, ( #1285 ) ) ;
#77 = CARTESIAN_POINT ( 'NONE',  ( 0.000000000000000000, 172.0000000000000000, -2.000000000000000000 ) ) ;
#78 = VERTEX_POINT ( 'NONE', #939 ) ;
#79 = PLANE ( 'NONE',  #1122 ) ;
#80 = CARTESIAN_POINT ( 'NONE',  ( -4.400000000000000355, -105.0000000000000000, -34.25000000000000000 ) ) ;
#81 = ORIENTED_EDGE ( 'NONE', *, *, #676, .F. ) ;
#82 = ORIENTED_EDGE ( 'NONE', *, *, #49, .T. ) ;
#83 = CARTESIAN_POINT ( 'NONE',  ( 4.000000000000000888, -93.78331157592694467, -38.68061996615960396 ) ) ;
#84 = LINE ( 'NONE', #355, #1593 ) ;
#85 = EDGE_CURVE ( 'NONE', #1270, #78, #556, .T. ) ;
#86 = FACE_OUTER_BOUND ( 'NONE', #810, .T. ) ;
#87 = CARTESIAN_POINT ( 'NONE',  ( 0.000000000000000000, 182.0000000000000000, 15.00000000000000355 ) ) ;
#88 = DIRECTION ( 'NONE',  ( -1.000000000000000000, 0.000000000000000000, 0.000000000000000000 ) ) ;
#89 = VERTEX_POINT ( 'NONE', #1299 ) ;
#90 = CARTESIAN_POINT ( 'NONE',  ( 3.100000000000000533, -100.7000000000000028, -44.20000000000000284 ) ) ;
#91 = LINE ( 'NONE', #1378, #526 ) ;
#92 = ADVANCED_FACE ( 'NONE', ( #670 ), #1311, .T. ) ;
#93 = PLANE ( 'NONE',  #779 ) ;
#94 = ORIENTED_EDGE ( 'NONE', *, *, #920, .T. ) ;
#95 = LINE ( 'NONE', #612, #1387 ) ;
#96 = DIRECTION ( 'NONE',  ( 1.000000000000000000, 0.000000000000000000, -0.000000000000000000 ) ) ;
#97 = EDGE_CURVE ( 'NONE', #42, #1663, #309, .T. ) ;
#98 = ORIENTED_EDGE ( 'NONE', *, *, #567, .F. ) ;
#99 = CARTESIAN_POINT ( 'NONE',  ( -4.000000000000000000, 169.0000000000000000, 19.00000000000000355 ) ) ;
#100 = CARTESIAN_POINT ( 'NONE',  ( -3.500000000000000000, -105.0000000000000000, -32.00000000000000000 ) ) ;
#101 = VECTOR ( 'NONE', #1435, 1000.000000000000000 ) ;
#102 = VECTOR ( 'NONE', #953, 1000.000000000000000 ) ;
#103 = CIRCLE ( 'NONE', #1466, 2.250000000000001776 ) ;
#104 = VERTEX_POINT ( 'NONE', #1453 ) ;
#105 = DIRECTION ( 'NONE',  ( 0.000000000000000000, 0.000000000000000000, 1.000000000000000000 ) ) ;
#106 = AXIS2_PLACEMENT_3D ( 'NONE', #1062, #304, #197 ) ;
#107 = LOCAL_TIME ( 15, 59, 51.00000000000000000, #523 ) ;
#108 = DIRECTION ( 'NONE',  ( 1.000000000000000000, 0.000000000000000000, 0.000000000000000000 ) ) ;
#109 = EDGE_LOOP ( 'NONE', ( #381, #1168, #570, #132, #269, #1276 ) ) ;
#110 = ADVANCED_FACE ( 'NONE', ( #1177 ), #1567, .F. ) ;
#111 = ORIENTED_EDGE ( 'NONE', *, *, #971, .T. ) ;
#112 = FACE_OUTER_BOUND ( 'NONE', #1318, .T. ) ;
#113 = DIRECTION ( 'NONE',  ( -1.000000000000000000, -0.000000000000000000, 0.000000000000000000 ) ) ;
#114 = ORIENTED_EDGE ( 'NONE', *, *, #717, .T. ) ;
#115 = CARTESIAN_POINT ( 'NONE',  ( 4.000000000000000000, -93.00000000000000000, -9.874507866387540744 ) ) ;
#116 = ORIENTED_EDGE ( 'NONE', *, *, #1134, .F. ) ;
#117 = EDGE_CURVE ( 'NONE', #157, #518, #776, .T. ) ;
#118 = DIRECTION ( 'NONE',  ( -1.000000000000000000, 0.000000000000000000, 0.000000000000000000 ) ) ;
#119 = LINE ( 'NONE', #1413, #1520 ) ;
#120 = VERTEX_POINT ( 'NONE', #196 ) ;
#121 = DIRECTION ( 'NONE',  ( 0.000000000000000000, 0.000000000000000000, 1.000000000000000000 ) ) ;
#122 = ORIENTED_EDGE ( 'NONE', *, *, #1130, .F. ) ;
#123 = CIRCLE ( 'NONE', #932, 6.099999999999999645 ) ;
#124 = CIRCLE ( 'NONE', #989, 5.100000000000000533 ) ;
#125 = LINE ( 'NONE', #1027, #1441 ) ;
#126 = ADVANCED_FACE ( 'NONE', ( #1085 ), #79, .T. ) ;
#127 = AXIS2_PLACEMENT_3D ( 'NONE', #509, #1137, #1543 ) ;
#128 = VECTOR ( 'NONE', #714, 1000.000000000000000 ) ;
#129 = CARTESIAN_POINT ( 'NONE',  ( -4.000000000000000000, -91.21243413507215791, -34.27600997387834525 ) ) ;
#130 = EDGE_LOOP ( 'NONE', ( #722, #1153, #1097, #98 ) ) ;
#131 = PERSON_AND_ORGANIZATION ( #1300, #862 ) ;
#132 = ORIENTED_EDGE ( 'NONE', *, *, #1408, .F. ) ;
#133 = DIRECTION ( 'NONE',  ( 0.000000000000000000, 0.000000000000000000, 1.000000000000000000 ) ) ;
#134 = LINE ( 'NONE', #248, #527 ) ;
#135 = ADVANCED_FACE ( 'NONE', ( #1240 ), #1354, .T. ) ;
#136 = ORIENTED_EDGE ( 'NONE', *, *, #874, .T. ) ;
#137 = EDGE_LOOP ( 'NONE', ( #1419, #367, #507, #533 ) ) ;
#138 = DIRECTION ( 'NONE',  ( 0.000000000000000000, -1.000000000000000000, -0.000000000000000000 ) ) ;
#139 = DIRECTION ( 'NONE',  ( -1.000000000000000000, -0.000000000000000000, 0.000000000000000000 ) ) ;
#140 = CARTESIAN_POINT ( 'NONE',  ( -3.000000000000000000, 177.0000000000000000, -2.000000000000000000 ) ) ;
#141 = EDGE_CURVE ( 'NONE', #67, #1357, #868, .T. ) ;
#142 = EDGE_CURVE ( 'NONE', #634, #1314, #335, .T. ) ;
#143 = ORIENTED_EDGE ( 'NONE', *, *, #1288, .F. ) ;
#144 = CIRCLE ( 'NONE', #1090, 24.00000000000000000 ) ;
#145 = CARTESIAN_POINT ( 'NONE',  ( 0.000000000000000000, -95.13903057035071242, -38.08616610690037163 ) ) ;
#146 = AXIS2_PLACEMENT_3D ( 'NONE', #1530, #922, #1042 ) ;
#147 = CARTESIAN_POINT ( 'NONE',  ( 3.799999999999999822, 182.0000000000000000, -3.000000000000000000 ) ) ;
#148 = VECTOR ( 'NONE', #1351, 1000.000000000000000 ) ;
#149 = DIRECTION ( 'NONE',  ( 0.000000000000000000, -1.000000000000000000, -0.000000000000000000 ) ) ;
#150 = AXIS2_PLACEMENT_3D ( 'NONE', #374, #766, #792 ) ;
#151 = DATE_AND_TIME ( #1312, #453 ) ;
#152 = VECTOR ( 'NONE', #629, 1000.000000000000000 ) ;
#153 = ORIENTED_EDGE ( 'NONE', *, *, #617, .F. ) ;
#154 = APPROVAL ( #385, '未' ) ;
#155 = CARTESIAN_POINT ( 'NONE',  ( -4.000000000000000000, -62.78558120625428529, 21.99399804711102036 ) ) ;
#156 = LINE ( 'NONE', #26, #102 ) ;
#157 = VERTEX_POINT ( 'NONE', #351 ) ;
#158 = CARTESIAN_POINT ( 'NONE',  ( 0.000000000000000000, -106.5000000000000000, -49.00000000000000000 ) ) ;
#159 = VERTEX_POINT ( 'NONE', #1338 ) ;
#160 = CARTESIAN_POINT ( 'NONE',  ( -4.000000000000000000, -120.0000000000000000, 5.999999999999998224 ) ) ;
#161 = EDGE_CURVE ( 'NONE', #518, #157, #1330, .T. ) ;
#162 = EDGE_LOOP ( 'NONE', ( #313, #885 ) ) ;
#163 = EDGE_CURVE ( 'NONE', #1542, #1280, #719, .T. ) ;
#164 = DIRECTION ( 'NONE',  ( 0.000000000000000000, 0.000000000000000000, 1.000000000000000000 ) ) ;
#165 = ADVANCED_FACE ( 'NONE', ( #1486, #1114 ), #1472, .F. ) ;
#166 = DIRECTION ( 'NONE',  ( -1.000000000000000000, -0.000000000000000000, -0.000000000000000000 ) ) ;
#167 = DIRECTION ( 'NONE',  ( 0.000000000000000000, 0.000000000000000000, 1.000000000000000000 ) ) ;
#168 = PERSON_AND_ORGANIZATION ( #1300, #862 ) ;
#169 = DIRECTION ( 'NONE',  ( 0.000000000000000000, 0.000000000000000000, -1.000000000000000000 ) ) ;
#170 = EDGE_LOOP ( 'NONE', ( #512, #588, #251, #600 ) ) ;
#171 = CARTESIAN_POINT ( 'NONE',  ( -4.400000000000000355, -93.00000000000000000, -39.05247396710019103 ) ) ;
#172 = ADVANCED_FACE ( 'NONE', ( #1346 ), #175, .F. ) ;
#173 = LINE ( 'NONE', #702, #778 ) ;
#174 = AXIS2_PLACEMENT_3D ( 'NONE', #1214, #599, #1236 ) ;
#175 = CYLINDRICAL_SURFACE ( 'NONE', #1361, 2.250000000000001776 ) ;
#176 = VECTOR ( 'NONE', #2, 1000.000000000000000 ) ;
#177 = CARTESIAN_POINT ( 'NONE',  ( 3.100000000000000533, -105.0000000000000000, -32.00000000000000000 ) ) ;
#178 = DESIGN_CONTEXT ( 'detailed design', #1444, 'design' ) ;
#179 = ORIENTED_EDGE ( 'NONE', *, *, #357, .F. ) ;
#180 = VECTOR ( 'NONE', #317, 1000.000000000000000 ) ;
#181 = AXIS2_PLACEMENT_3D ( 'NONE', #1417, #1030, #1025 ) ;
#182 = CC_DESIGN_APPROVAL ( #154, ( #929 ) ) ;
#183 = CARTESIAN_POINT ( 'NONE',  ( -3.799999999999999822, 187.0000000000000000, -3.000000000000000000 ) ) ;
#184 = EDGE_LOOP ( 'NONE', ( #1259, #648, #432, #114 ) ) ;
#185 = DIRECTION ( 'NONE',  ( -1.000000000000000000, -0.000000000000000000, 0.000000000000000000 ) ) ;
#186 = ORIENTED_EDGE ( 'NONE', *, *, #1400, .F. ) ;
#187 = DIRECTION ( 'NONE',  ( 1.000000000000000000, 0.000000000000000000, 0.000000000000000000 ) ) ;
#188 = CARTESIAN_POINT ( 'NONE',  ( 4.000000000000000000, -93.00000000000000000, -49.00000000000000000 ) ) ;
#189 = EDGE_CURVE ( 'NONE', #1357, #797, #310, .T. ) ;
#190 = ORIENTED_EDGE ( 'NONE', *, *, #1161, .F. ) ;
#191 = FACE_BOUND ( 'NONE', #630, .T. ) ;
#192 = CARTESIAN_POINT ( 'NONE',  ( -4.000000000000000000, -62.78558120625428529, 25.19399804711102320 ) ) ;
#193 = CARTESIAN_POINT ( 'NONE',  ( 4.000000000000000888, -93.00000000000000000, -39.05247396710019103 ) ) ;
#194 = LINE ( 'NONE', #1326, #475 ) ;
#195 = VERTEX_POINT ( 'NONE', #1591 ) ;
#196 = CARTESIAN_POINT ( 'NONE',  ( -4.000000000000000000, -57.00000000000000000, 0.2000000000000000944 ) ) ;
#197 = DIRECTION ( 'NONE',  ( 0.000000000000000000, 0.000000000000000000, -1.000000000000000000 ) ) ;
#198 = ORIENTED_EDGE ( 'NONE', *, *, #1518, .T. ) ;
#199 = ADVANCED_FACE ( 'NONE', ( #1220 ), #1232, .F. ) ;
#200 = DIRECTION ( 'NONE',  ( 1.000000000000000000, 0.000000000000000000, -0.000000000000000000 ) ) ;
#201 = EDGE_CURVE ( 'NONE', #51, #752, #987, .T. ) ;
#202 = DIRECTION ( 'NONE',  ( 0.000000000000000000, 0.000000000000000000, 1.000000000000000000 ) ) ;
#203 = CARTESIAN_POINT ( 'NONE',  ( 0.000000000000000000, -100.7000000000000028, -44.20000000000000284 ) ) ;
#204 = CARTESIAN_POINT ( 'NONE',  ( 4.000000000000000888, -91.21243413507215791, -34.27600997387834525 ) ) ;
#205 = CYLINDRICAL_SURFACE ( 'NONE', #1438, 3.200000000000000622 ) ;
#206 = VECTOR ( 'NONE', #828, 1000.000000000000000 ) ;
#207 = ORIENTED_EDGE ( 'NONE', *, *, #561, .T. ) ;
#208 = CIRCLE ( 'NONE', #582, 3.099999999999998757 ) ;
#209 = DIRECTION ( 'NONE',  ( 0.000000000000000000, 0.000000000000000000, 1.000000000000000000 ) ) ;
#210 = DIRECTION ( 'NONE',  ( -1.000000000000000000, -0.000000000000000000, 0.000000000000000000 ) ) ;
#211 = EDGE_CURVE ( 'NONE', #1654, #1471, #844, .T. ) ;
#212 = VECTOR ( 'NONE', #1308, 1000.000000000000000 ) ;
#213 = LOCAL_TIME ( 15, 59, 51.00000000000000000, #403 ) ;
#214 = DIRECTION ( 'NONE',  ( -0.000000000000000000, 1.000000000000000000, 0.000000000000000000 ) ) ;
#215 = ORIENTED_EDGE ( 'NONE', *, *, #232, .T. ) ;
#216 = DIRECTION ( 'NONE',  ( -1.000000000000000000, -0.000000000000000000, 0.000000000000000000 ) ) ;
#217 = DIRECTION ( 'NONE',  ( 0.000000000000000000, -0.000000000000000000, 1.000000000000000000 ) ) ;
#218 = EDGE_LOOP ( 'NONE', ( #839, #658, #1205, #1626 ) ) ;
#219 = CARTESIAN_POINT ( 'NONE',  ( -4.400000000000000355, -93.64098626453466068, -33.21114167026293984 ) ) ;
#220 = ADVANCED_FACE ( 'NONE', ( #64 ), #964, .T. ) ;
#221 = DIRECTION ( 'NONE',  ( 0.000000000000000000, 0.000000000000000000, 1.000000000000000000 ) ) ;
#222 = ORIENTED_EDGE ( 'NONE', *, *, #1116, .T. ) ;
#223 = CARTESIAN_POINT ( 'NONE',  ( 4.000000000000000888, -75.00000000000000000, -0.09999999999999939493 ) ) ;
#224 = ADVANCED_FACE ( 'NONE', ( #837 ), #584, .F. ) ;
#225 = ORIENTED_EDGE ( 'NONE', *, *, #1047, .T. ) ;
#226 = DIRECTION ( 'NONE',  ( 0.000000000000000000, 0.000000000000000000, 1.000000000000000000 ) ) ;
#227 = CARTESIAN_POINT ( 'NONE',  ( 0.000000000000000000, -109.2999999999999972, -44.20000000000000284 ) ) ;
#228 = ORIENTED_EDGE ( 'NONE', *, *, #211, .T. ) ;
#229 = DIRECTION ( 'NONE',  ( 1.000000000000000000, 0.000000000000000000, -0.000000000000000000 ) ) ;
#230 = LINE ( 'NONE', #746, #1013 ) ;
#231 = FACE_BOUND ( 'NONE', #362, .T. ) ;
#232 = EDGE_CURVE ( 'NONE', #1594, #448, #95, .T. ) ;
#233 = DIRECTION ( 'NONE',  ( 0.000000000000000000, 0.000000000000000000, -1.000000000000000000 ) ) ;
#234 = VERTEX_POINT ( 'NONE', #1374 ) ;
#235 = CARTESIAN_POINT ( 'NONE',  ( 3.000000000000000000, 169.0000000000000000, -7.000000000000000000 ) ) ;
#236 = VERTEX_POINT ( 'NONE', #742 ) ;
#237 = CIRCLE ( 'NONE', #1253, 24.00000000000000000 ) ;
#238 = AXIS2_PLACEMENT_3D ( 'NONE', #434, #562, #1078 ) ;
#239 = ADVANCED_FACE ( 'NONE', ( #1246, #1004, #1120, #479, #708 ), #1089, .T. ) ;
#240 = LINE ( 'NONE', #1266, #1572 ) ;
#241 = VECTOR ( 'NONE', #468, 1000.000000000000000 ) ;
#242 = CARTESIAN_POINT ( 'NONE',  ( 0.000000000000000000, 169.0000000000000000, -7.000000000000000000 ) ) ;
#243 = VERTEX_POINT ( 'NONE', #1503 ) ;
#244 = CARTESIAN_POINT ( 'NONE',  ( 3.100000000000000533, -109.2999999999999972, -19.80000000000000426 ) ) ;
#245 = EDGE_CURVE ( 'NONE', #1646, #302, #237, .T. ) ;
#246 = EDGE_LOOP ( 'NONE', ( #522, #1150, #967, #1222 ) ) ;
#247 = DIRECTION ( 'NONE',  ( 0.000000000000000000, 0.000000000000000000, -1.000000000000000000 ) ) ;
#248 = CARTESIAN_POINT ( 'NONE',  ( -4.400000000000000355, -57.00000000000000000, 0.2000000000000000944 ) ) ;
#249 = ORIENTED_EDGE ( 'NONE', *, *, #1012, .T. ) ;
#250 = PERSON_AND_ORGANIZATION_ROLE ( 'design_owner' ) ;
#251 = ORIENTED_EDGE ( 'NONE', *, *, #299, .T. ) ;
#252 = EDGE_CURVE ( 'NONE', #53, #1031, #364, .T. ) ;
#253 = LINE ( 'NONE', #1, #1017 ) ;
#254 = DIRECTION ( 'NONE',  ( 0.000000000000000000, 0.000000000000000000, 1.000000000000000000 ) ) ;
#255 = ORIENTED_EDGE ( 'NONE', *, *, #1469, .T. ) ;
#256 = EDGE_LOOP ( 'NONE', ( #24, #222, #975, #1373 ) ) ;
#257 = CARTESIAN_POINT ( 'NONE',  ( -4.400000000000000355, -105.0000000000000000, -32.00000000000000000 ) ) ;
#258 = VERTEX_POINT ( 'NONE', #1623 ) ;
#259 = VERTEX_POINT ( 'NONE', #192 ) ;
#260 = AXIS2_PLACEMENT_3D ( 'NONE', #915, #139, #1428 ) ;
#261 = EDGE_CURVE ( 'NONE', #78, #1031, #636, .T. ) ;
#262 = DIRECTION ( 'NONE',  ( 0.000000000000000000, 0.000000000000000000, -1.000000000000000000 ) ) ;
#263 = VECTOR ( 'NONE', #569, 1000.000000000000000 ) ;
#264 = VECTOR ( 'NONE', #65, 1000.000000000000000 ) ;
#265 = LINE ( 'NONE', #383, #176 ) ;
#266 = ORIENTED_EDGE ( 'NONE', *, *, #1023, .F. ) ;
#267 = DIRECTION ( 'NONE',  ( 0.000000000000000000, 0.000000000000000000, -1.000000000000000000 ) ) ;
#268 = ORIENTED_EDGE ( 'NONE', *, *, #495, .T. ) ;
#269 = ORIENTED_EDGE ( 'NONE', *, *, #638, .T. ) ;
#270 = DIRECTION ( 'NONE',  ( 1.000000000000000000, 0.000000000000000000, -0.000000000000000000 ) ) ;
#271 = EDGE_CURVE ( 'NONE', #1398, #1382, #1343, .T. ) ;
#272 = LINE ( 'NONE', #1157, #933 ) ;
#273 = DIRECTION ( 'NONE',  ( 0.000000000000000000, 0.000000000000000000, -1.000000000000000000 ) ) ;
#274 = ORIENTED_EDGE ( 'NONE', *, *, #1032, .T. ) ;
#275 = APPROVAL_ROLE ( '' ) ;
#276 = ORIENTED_EDGE ( 'NONE', *, *, #31, .T. ) ;
#277 = DIRECTION ( 'NONE',  ( 0.000000000000000000, -1.000000000000000000, -0.000000000000000000 ) ) ;
#278 = CARTESIAN_POINT ( 'NONE',  ( 4.000000000000000888, -93.00000000000000000, -27.86311838666378904 ) ) ;
#279 = EDGE_CURVE ( 'NONE', #159, #258, #84, .T. ) ;
#280 = CARTESIAN_POINT ( 'NONE',  ( 4.000000000000000888, -75.00000000000000000, 6.000000000000000000 ) ) ;
#281 = ORIENTED_EDGE ( 'NONE', *, *, #1411, .T. ) ;
#282 = CIRCLE ( 'NONE', #851, 2.250000000000001776 ) ;
#283 = LINE ( 'NONE', #802, #212 ) ;
#284 = VECTOR ( 'NONE', #411, 1000.000000000000000 ) ;
#285 = EDGE_CURVE ( 'NONE', #1481, #1063, #718, .T. ) ;
#286 = CYLINDRICAL_SURFACE ( 'NONE', #529, 5.100000000000000533 ) ;
#287 = VECTOR ( 'NONE', #551, 1000.000000000000000 ) ;
#288 = FACE_OUTER_BOUND ( 'NONE', #860, .T. ) ;
#289 = ORIENTED_EDGE ( 'NONE', *, *, #189, .F. ) ;
#290 = AXIS2_PLACEMENT_3D ( 'NONE', #331, #1482, #1119 ) ;
#291 = ORIENTED_EDGE ( 'NONE', *, *, #232, .F. ) ;
#292 = EDGE_CURVE ( 'NONE', #259, #444, #91, .T. ) ;
#293 = DIRECTION ( 'NONE',  ( -1.000000000000000000, 0.000000000000000000, 0.000000000000000000 ) ) ;
#294 = FACE_OUTER_BOUND ( 'NONE', #1383, .T. ) ;
#295 = CARTESIAN_POINT ( 'NONE',  ( 4.000000000000000000, -75.00000000000000000, 6.000000000000000000 ) ) ;
#296 = PERSON_AND_ORGANIZATION_ROLE ( 'creator' ) ;
#297 = DIRECTION ( 'NONE',  ( 1.000000000000000000, 0.000000000000000000, 0.000000000000000000 ) ) ;
#298 = ORIENTED_EDGE ( 'NONE', *, *, #1226, .F. ) ;
#299 = EDGE_CURVE ( 'NONE', #963, #236, #1298, .T. ) ;
#300 = PLANE ( 'NONE',  #585 ) ;
#301 = LINE ( 'NONE', #685, #616 ) ;
#302 = VERTEX_POINT ( 'NONE', #969 ) ;
#303 = CARTESIAN_POINT ( 'NONE',  ( -4.400000000000000355, -94.82974190559771444, -32.62358522920136039 ) ) ;
#304 = DIRECTION ( 'NONE',  ( 1.000000000000000000, 0.000000000000000000, 0.000000000000000000 ) ) ;
#305 = ORIENTED_EDGE ( 'NONE', *, *, #819, .T. ) ;
#306 = LINE ( 'NONE', #52, #1625 ) ;
#307 = CLOSED_SHELL ( 'NONE', ( #199, #477, #663, #1660, #172, #224, #1647, #378, #1306, #788, #126, #239, #394, #454, #461, #441, #220, #943, #1533, #796, #1159, #135, #1513, #503, #1580, #1111, #568, #921, #1039, #1538, #92, #19, #39, #747, #1082, #165, #592, #697, #795, #864, #1238, #1393, #750, #110, #1271, #1480, #1392, #514, #1635, #11 ) ) ;
#308 = CARTESIAN_POINT ( 'NONE',  ( 0.000000000000000000, -105.0000000000000000, -19.80000000000000426 ) ) ;
#309 = CIRCLE ( 'NONE', #884, 24.00000000000000000 ) ;
#310 = LINE ( 'NONE', #1499, #958 ) ;
#311 = CIRCLE ( 'NONE', #552, 9.999999999999998224 ) ;
#312 = DIRECTION ( 'NONE',  ( 1.000000000000000000, 0.000000000000000000, 0.000000000000000000 ) ) ;
#313 = ORIENTED_EDGE ( 'NONE', *, *, #1269, .F. ) ;
#314 = VECTOR ( 'NONE', #1521, 1000.000000000000000 ) ;
#315 = CARTESIAN_POINT ( 'NONE',  ( -3.799999999999999822, 182.0000000000000000, -3.000000000000000000 ) ) ;
#316 = VECTOR ( 'NONE', #322, 1000.000000000000000 ) ;
#317 = DIRECTION ( 'NONE',  ( -1.000000000000000000, -0.000000000000000000, 0.000000000000000000 ) ) ;
#318 = CARTESIAN_POINT ( 'NONE',  ( -3.799999999999999822, 177.0000000000000000, -3.000000000000000000 ) ) ;
#319 = EDGE_CURVE ( 'NONE', #448, #703, #230, .T. ) ;
#320 = CARTESIAN_POINT ( 'NONE',  ( -4.000000000000000000, -62.78558120625428529, 21.99399804711102036 ) ) ;
#321 = EDGE_CURVE ( 'NONE', #621, #1536, #580, .T. ) ;
#322 = DIRECTION ( 'NONE',  ( -0.000000000000000000, 1.000000000000000000, 0.000000000000000000 ) ) ;
#323 = EDGE_LOOP ( 'NONE', ( #832, #94, #1291, #1517 ) ) ;
#324 = CARTESIAN_POINT ( 'NONE',  ( -3.500000000000000000, -105.0000000000000000, -35.10000000000000142 ) ) ;
#325 = DIRECTION ( 'NONE',  ( 0.000000000000000000, 0.000000000000000000, 1.000000000000000000 ) ) ;
#326 = DIRECTION ( 'NONE',  ( 1.000000000000000000, 0.000000000000000000, -0.000000000000000000 ) ) ;
#327 = ORIENTED_EDGE ( 'NONE', *, *, #75, .F. ) ;
#328 = DIRECTION ( 'NONE',  ( 0.000000000000000000, 0.000000000000000000, -1.000000000000000000 ) ) ;
#329 = DIRECTION ( 'NONE',  ( -1.000000000000000000, -0.000000000000000000, 0.000000000000000000 ) ) ;
#330 = EDGE_LOOP ( 'NONE', ( #50, #58 ) ) ;
#331 = CARTESIAN_POINT ( 'NONE',  ( -3.000000000000000000, 172.0000000000000000, -2.000000000000000000 ) ) ;
#332 = DIRECTION ( 'NONE',  ( -1.000000000000000000, -0.000000000000000000, -0.000000000000000000 ) ) ;
#333 = DIRECTION ( 'NONE',  ( -0.000000000000000000, 0.000000000000000000, -1.000000000000000000 ) ) ;
#334 = ORIENTED_EDGE ( 'NONE', *, *, #544, .T. ) ;
#335 = LINE ( 'NONE', #713, #206 ) ;
#336 = EDGE_CURVE ( 'NONE', #1640, #1376, #282, .T. ) ;
#337 = CARTESIAN_POINT ( 'NONE',  ( -4.000000000000000000, -75.00000000000000000, 6.000000000000000000 ) ) ;
#338 = AXIS2_PLACEMENT_3D ( 'NONE', #532, #655, #539 ) ;
#339 = ORIENTED_EDGE ( 'NONE', *, *, #344, .T. ) ;
#340 = AXIS2_PLACEMENT_3D ( 'NONE', #553, #166, #811 ) ;
#341 = ORIENTED_EDGE ( 'NONE', *, *, #555, .T. ) ;
#342 = DIRECTION ( 'NONE',  ( 0.000000000000000000, -0.000000000000000000, 1.000000000000000000 ) ) ;
#343 = AXIS2_PLACEMENT_3D ( 'NONE', #416, #1055, #1457 ) ;
#344 = EDGE_CURVE ( 'NONE', #1640, #549, #841, .T. ) ;
#345 = CARTESIAN_POINT ( 'NONE',  ( 3.100000000000000533, -100.7000000000000028, -44.20000000000000284 ) ) ;
#346 = EDGE_CURVE ( 'NONE', #1556, #870, #886, .T. ) ;
#347 = VECTOR ( 'NONE', #1475, 1000.000000000000000 ) ;
#348 = VERTEX_POINT ( 'NONE', #1110 ) ;
#349 = CYLINDRICAL_SURFACE ( 'NONE', #1171, 24.00000000000000000 ) ;
#350 = ORIENTED_EDGE ( 'NONE', *, *, #525, .T. ) ;
#351 = CARTESIAN_POINT ( 'NONE',  ( 4.000000000000000888, -105.0000000000000000, -34.25000000000000000 ) ) ;
#352 = DIRECTION ( 'NONE',  ( -0.000000000000000000, 0.000000000000000000, -1.000000000000000000 ) ) ;
#353 = ORIENTED_EDGE ( 'NONE', *, *, #1040, .T. ) ;
#354 = DIRECTION ( 'NONE',  ( -0.000000000000000000, 1.000000000000000000, 0.000000000000000000 ) ) ;
#355 = CARTESIAN_POINT ( 'NONE',  ( 3.000000000000000000, 172.0000000000000000, -2.000000000000000000 ) ) ;
#356 = ORIENTED_EDGE ( 'NONE', *, *, #555, .F. ) ;
#357 = EDGE_CURVE ( 'NONE', #16, #549, #1465, .T. ) ;
#358 = VERTEX_POINT ( 'NONE', #977 ) ;
#359 = CARTESIAN_POINT ( 'NONE',  ( -4.000000000000000000, -93.00000000000000000, -49.00000000000000000 ) ) ;
#360 = CARTESIAN_POINT ( 'NONE',  ( 4.000000000000000888, -62.78558120625428529, 18.79399804711101751 ) ) ;
#361 = ORIENTED_EDGE ( 'NONE', *, *, #1012, .F. ) ;
#362 = EDGE_LOOP ( 'NONE', ( #791, #775 ) ) ;
#363 =( NAMED_UNIT ( * ) PLANE_ANGLE_UNIT ( ) SI_UNIT ( $, .RADIAN. ) );
#364 = LINE ( 'NONE', #345, #799 ) ;
#365 = CARTESIAN_POINT ( 'NONE',  ( 3.799999999999999822, 187.0000000000000000, -3.000000000000000000 ) ) ;
#366 = DIRECTION ( 'NONE',  ( -1.000000000000000000, -0.000000000000000000, -0.000000000000000000 ) ) ;
#367 = ORIENTED_EDGE ( 'NONE', *, *, #578, .T. ) ;
#368 = CYLINDRICAL_SURFACE ( 'NONE', #1527, 3.200000000000000622 ) ;
#369 = VECTOR ( 'NONE', #1617, 1000.000000000000000 ) ;
#370 = ORIENTED_EDGE ( 'NONE', *, *, #252, .T. ) ;
#371 = VECTOR ( 'NONE', #946, 1000.000000000000000 ) ;
#372 = AXIS2_PLACEMENT_3D ( 'NONE', #428, #1452, #961 ) ;
#373 = AXIS2_PLACEMENT_3D ( 'NONE', #1287, #1421, #133 ) ;
#374 = CARTESIAN_POINT ( 'NONE',  ( 4.000000000000000888, -62.78558120625428529, 21.99399804711102036 ) ) ;
#375 = AXIS2_PLACEMENT_3D ( 'NONE', #589, #354, #1606 ) ;
#376 = PLANE ( 'NONE',  #146 ) ;
#377 = EDGE_CURVE ( 'NONE', #1002, #1436, #1483, .T. ) ;
#378 = ADVANCED_FACE ( 'NONE', ( #1360 ), #1370, .T. ) ;
#379 = ORIENTED_EDGE ( 'NONE', *, *, #696, .T. ) ;
#380 = CARTESIAN_POINT ( 'NONE',  ( 0.000000000000000000, 0.000000000000000000, 0.000000000000000000 ) ) ;
#381 = ORIENTED_EDGE ( 'NONE', *, *, #1511, .F. ) ;
#382 = PLANE ( 'NONE',  #14 ) ;
#383 = CARTESIAN_POINT ( 'NONE',  ( 0.000000000000000000, -96.47596350797901721, -37.45058786394822192 ) ) ;
#384 = ORIENTED_EDGE ( 'NONE', *, *, #607, .T. ) ;
#385 = APPROVAL_STATUS ( 'not_yet_approved' ) ;
#386 = ORIENTED_EDGE ( 'NONE', *, *, #1130, .T. ) ;
#387 = PRODUCT ( 'RearKickstand_V11_262mm_Bushed', 'RearKickstand_V11_262mm_Bushed', '', ( #491 ) ) ;
#388 = CARTESIAN_POINT ( 'NONE',  ( 4.000000000000000888, -75.00000000000000000, 6.000000000000000000 ) ) ;
#389 = CARTESIAN_POINT ( 'NONE',  ( 3.799999999999999822, 182.0000000000000000, -3.000000000000000000 ) ) ;
#390 = ORIENTED_EDGE ( 'NONE', *, *, #1610, .F. ) ;
#391 = CARTESIAN_POINT ( 'NONE',  ( -3.500000000000000000, -105.0000000000000000, -32.00000000000000000 ) ) ;
#392 = ORIENTED_EDGE ( 'NONE', *, *, #1211, .T. ) ;
#393 = VECTOR ( 'NONE', #1598, 1000.000000000000000 ) ;
#394 = ADVANCED_FACE ( 'NONE', ( #1487, #734 ), #1375, .T. ) ;
#395 = ORIENTED_EDGE ( 'NONE', *, *, #1116, .F. ) ;
#396 = AXIS2_PLACEMENT_3D ( 'NONE', #620, #113, #1014 ) ;
#397 = LINE ( 'NONE', #914, #1307 ) ;
#398 = AXIS2_PLACEMENT_3D ( 'NONE', #731, #488, #611 ) ;
#399 = CIRCLE ( 'NONE', #1524, 3.200000000000001510 ) ;
#400 = CARTESIAN_POINT ( 'NONE',  ( -4.000000000000000000, -93.78331157592694467, -38.68061996615960396 ) ) ;
#401 = CARTESIAN_POINT ( 'NONE',  ( -4.000000000000000000, -62.78558120625428529, 21.99399804711102036 ) ) ;
#402 = ORIENTED_EDGE ( 'NONE', *, *, #495, .F. ) ;
#403 = COORDINATED_UNIVERSAL_TIME_OFFSET ( 8, 0, .AHEAD. ) ;
#404 = ORIENTED_EDGE ( 'NONE', *, *, #1226, .T. ) ;
#405 = CARTESIAN_POINT ( 'NONE',  ( 0.000000000000000000, -93.03687863233153621, -27.84910711286516261 ) ) ;
#406 = CARTESIAN_POINT ( 'NONE',  ( -3.100000000000000533, -105.0000000000000000, -34.25000000000000000 ) ) ;
#407 = CARTESIAN_POINT ( 'NONE',  ( -4.400000000000000355, -105.0000000000000000, -32.00000000000000000 ) ) ;
#408 = ORIENTED_EDGE ( 'NONE', *, *, #1422, .F. ) ;
#409 = EDGE_LOOP ( 'NONE', ( #1101, #268, #1431, #37 ) ) ;
#410 = CARTESIAN_POINT ( 'NONE',  ( 4.000000000000000888, -57.00000000000000000, 0.2000000000000000944 ) ) ;
#411 = DIRECTION ( 'NONE',  ( 1.000000000000000000, 0.000000000000000000, 0.000000000000000000 ) ) ;
#412 = DIRECTION ( 'NONE',  ( 1.000000000000000000, 0.000000000000000000, 0.000000000000000000 ) ) ;
#413 = ORIENTED_EDGE ( 'NONE', *, *, #271, .T. ) ;
#414 = EDGE_LOOP ( 'NONE', ( #602, #913, #942, #944, #836, #266 ) ) ;
#415 = VECTOR ( 'NONE', #429, 1000.000000000000000 ) ;
#416 = CARTESIAN_POINT ( 'NONE',  ( -4.000000000000000000, -75.00000000000000000, 6.000000000000000000 ) ) ;
#417 = AXIS2_PLACEMENT_3D ( 'NONE', #1614, #1244, #609 ) ;
#418 = DIRECTION ( 'NONE',  ( 0.000000000000000000, 0.000000000000000000, -1.000000000000000000 ) ) ;
#419 = VECTOR ( 'NONE', #1180, 1000.000000000000000 ) ;
#420 = DIRECTION ( 'NONE',  ( 1.000000000000000000, 0.000000000000000000, 0.000000000000000000 ) ) ;
#421 = ORIENTED_EDGE ( 'NONE', *, *, #1490, .F. ) ;
#422 = AXIS2_PLACEMENT_3D ( 'NONE', #257, #1003, #1509 ) ;
#423 = PERSON_AND_ORGANIZATION ( #1300, #862 ) ;
#424 = DIRECTION ( 'NONE',  ( -0.000000000000000000, 1.000000000000000000, 0.000000000000000000 ) ) ;
#425 = EDGE_CURVE ( 'NONE', #895, #1304, #1115, .T. ) ;
#426 = ORIENTED_EDGE ( 'NONE', *, *, #1170, .F. ) ;
#427 = LINE ( 'NONE', #1467, #180 ) ;
#428 = CARTESIAN_POINT ( 'NONE',  ( -4.000000000000000000, -75.00000000000000000, 6.000000000000000000 ) ) ;
#429 = DIRECTION ( 'NONE',  ( 1.000000000000000000, 0.000000000000000000, 0.000000000000000000 ) ) ;
#430 = VERTEX_POINT ( 'NONE', #496 ) ;
#431 = DIRECTION ( 'NONE',  ( -1.000000000000000000, -0.000000000000000000, 0.000000000000000000 ) ) ;
#432 = ORIENTED_EDGE ( 'NONE', *, *, #75, .T. ) ;
#433 = DIRECTION ( 'NONE',  ( 1.000000000000000000, 0.000000000000000000, -0.000000000000000000 ) ) ;
#434 = CARTESIAN_POINT ( 'NONE',  ( -4.000000000000000000, -57.00000000000000000, -3.000000000000000000 ) ) ;
#435 = DIRECTION ( 'NONE',  ( 0.000000000000000000, 0.000000000000000000, -1.000000000000000000 ) ) ;
#436 = DIRECTION ( 'NONE',  ( 1.000000000000000000, 0.000000000000000000, -0.000000000000000000 ) ) ;
#437 = EDGE_LOOP ( 'NONE', ( #1323, #1430, #594, #1415 ) ) ;
#438 = DIRECTION ( 'NONE',  ( 0.000000000000000000, -1.000000000000000000, -0.000000000000000000 ) ) ;
#439 = EDGE_CURVE ( 'NONE', #302, #358, #311, .T. ) ;
#440 = DIRECTION ( 'NONE',  ( 1.000000000000000000, 0.000000000000000000, 0.000000000000000000 ) ) ;
#441 = ADVANCED_FACE ( 'NONE', ( #982 ), #1241, .T. ) ;
#442 = CARTESIAN_POINT ( 'NONE',  ( -4.400000000000000355, -75.00000000000000000, 6.000000000000000000 ) ) ;
#443 = AXIS2_PLACEMENT_3D ( 'NONE', #1366, #187, #56 ) ;
#444 = VERTEX_POINT ( 'NONE', #761 ) ;
#445 = CARTESIAN_POINT ( 'NONE',  ( 0.000000000000000000, -109.2999999999999972, -19.80000000000000426 ) ) ;
#446 = VECTOR ( 'NONE', #484, 1000.000000000000000 ) ;
#447 = DIRECTION ( 'NONE',  ( 0.000000000000000000, 0.000000000000000000, -1.000000000000000000 ) ) ;
#448 = VERTEX_POINT ( 'NONE', #749 ) ;
#449 = CIRCLE ( 'NONE', #127, 24.00000000000000000 ) ;
#450 = CARTESIAN_POINT ( 'NONE',  ( 4.000000000000000888, -93.03687863233153621, -27.84910711286516616 ) ) ;
#451 = AXIS2_PLACEMENT_3D ( 'NONE', #1347, #436, #169 ) ;
#452 = DIRECTION ( 'NONE',  ( 1.000000000000000000, 0.000000000000000000, 0.000000000000000000 ) ) ;
#453 = LOCAL_TIME ( 15, 59, 51.00000000000000000, #1425 ) ;
#454 = ADVANCED_FACE ( 'NONE', ( #596 ), #875, .T. ) ;
#455 = DIRECTION ( 'NONE',  ( -0.000000000000000000, 0.000000000000000000, -1.000000000000000000 ) ) ;
#456 = CARTESIAN_POINT ( 'NONE',  ( -4.400000000000000355, -105.0000000000000000, -32.00000000000000000 ) ) ;
#457 = LINE ( 'NONE', #815, #1395 ) ;
#458 = ORIENTED_EDGE ( 'NONE', *, *, #1161, .T. ) ;
#459 = CARTESIAN_POINT ( 'NONE',  ( 4.000000000000000000, -120.0000000000000000, 5.999999999999998224 ) ) ;
#460 = CARTESIAN_POINT ( 'NONE',  ( -4.000000000000000000, -94.82974190559771444, -32.62358522920136039 ) ) ;
#461 = ADVANCED_FACE ( 'NONE', ( #1643, #1258, #743, #1267, #1248 ), #883, .T. ) ;
#462 = DIRECTION ( 'NONE',  ( 0.000000000000000000, 0.000000000000000000, -1.000000000000000000 ) ) ;
#463 = CARTESIAN_POINT ( 'NONE',  ( -4.400000000000000355, -105.0000000000000000, -32.00000000000000000 ) ) ;
#464 = LINE ( 'NONE', #1406, #1389 ) ;
#465 = EDGE_CURVE ( 'NONE', #1270, #540, #857, .T. ) ;
#466 = EDGE_CURVE ( 'NONE', #823, #195, #40, .T. ) ;
#467 = VERTEX_POINT ( 'NONE', #1007 ) ;
#468 = DIRECTION ( 'NONE',  ( 0.000000000000000000, -1.000000000000000000, -0.000000000000000000 ) ) ;
#469 = DIRECTION ( 'NONE',  ( 0.000000000000000000, 0.000000000000000000, -1.000000000000000000 ) ) ;
#470 = PLANE ( 'NONE',  #667 ) ;
#471 = DIRECTION ( 'NONE',  ( 1.000000000000000000, 0.000000000000000000, 0.000000000000000000 ) ) ;
#472 = FACE_OUTER_BOUND ( 'NONE', #1402, .T. ) ;
#473 = AXIS2_PLACEMENT_3D ( 'NONE', #573, #216, #1603 ) ;
#474 = ORIENTED_EDGE ( 'NONE', *, *, #675, .T. ) ;
#475 = VECTOR ( 'NONE', #835, 1000.000000000000000 ) ;
#476 = LINE ( 'NONE', #861, #803 ) ;
#477 = ADVANCED_FACE ( 'NONE', ( #869 ), #205, .F. ) ;
#478 = AXIS2_PLACEMENT_3D ( 'NONE', #919, #25, #293 ) ;
#479 = FACE_BOUND ( 'NONE', #1072, .T. ) ;
#480 = AXIS2_PLACEMENT_3D ( 'NONE', #155, #1317, #164 ) ;
#481 = ORIENTED_EDGE ( 'NONE', *, *, #346, .F. ) ;
#482 = DIRECTION ( 'NONE',  ( 1.000000000000000000, 0.000000000000000000, -0.000000000000000000 ) ) ;
#483 = VERTEX_POINT ( 'NONE', #1367 ) ;
#484 = DIRECTION ( 'NONE',  ( 1.000000000000000000, 0.000000000000000000, 0.000000000000000000 ) ) ;
#485 = EDGE_LOOP ( 'NONE', ( #610, #116 ) ) ;
#486 = CARTESIAN_POINT ( 'NONE',  ( 4.000000000000000000, -99.00000000000000000, 5.999999999999998224 ) ) ;
#487 = CARTESIAN_POINT ( 'NONE',  ( -3.100000000000000533, -105.0000000000000000, -32.00000000000000000 ) ) ;
#488 = DIRECTION ( 'NONE',  ( -1.000000000000000000, -0.000000000000000000, 0.000000000000000000 ) ) ;
#489 = DIRECTION ( 'NONE',  ( 0.000000000000000000, 0.000000000000000000, 1.000000000000000000 ) ) ;
#490 = ORIENTED_EDGE ( 'NONE', *, *, #1337, .T. ) ;
#491 = MECHANICAL_CONTEXT ( 'NONE', #32, 'mechanical' ) ;
#492 = VERTEX_POINT ( 'NONE', #360 ) ;
#493 = EDGE_CURVE ( 'NONE', #104, #963, #910, .T. ) ;
#494 = CARTESIAN_POINT ( 'NONE',  ( 3.100000000000000533, -100.7000000000000028, -33.97989898732234337 ) ) ;
#495 = EDGE_CURVE ( 'NONE', #42, #626, #1381, .T. ) ;
#496 = CARTESIAN_POINT ( 'NONE',  ( 4.000000000000000000, 169.0000000000000000, -7.000000000000000000 ) ) ;
#497 = VERTEX_POINT ( 'NONE', #1000 ) ;
#498 = AXIS2_PLACEMENT_3D ( 'NONE', #401, #420, #805 ) ;
#499 = EDGE_LOOP ( 'NONE', ( #1053, #1631, #524, #1127 ) ) ;
#500 = AXIS2_PLACEMENT_3D ( 'NONE', #100, #1131, #202 ) ;
#501 = AXIS2_PLACEMENT_3D ( 'NONE', #759, #1477, #326 ) ;
#502 = DIRECTION ( 'NONE',  ( 0.000000000000000000, -1.000000000000000000, 0.000000000000000000 ) ) ;
#503 = ADVANCED_FACE ( 'NONE', ( #472 ), #993, .T. ) ;
#504 = DIRECTION ( 'NONE',  ( -0.000000000000000000, 1.000000000000000000, 0.000000000000000000 ) ) ;
#505 = ORIENTED_EDGE ( 'NONE', *, *, #1263, .F. ) ;
#506 = DIRECTION ( 'NONE',  ( 1.000000000000000000, 0.000000000000000000, 0.000000000000000000 ) ) ;
#507 = ORIENTED_EDGE ( 'NONE', *, *, #1134, .T. ) ;
#508 = EDGE_CURVE ( 'NONE', #1045, #157, #1233, .T. ) ;
#509 = CARTESIAN_POINT ( 'NONE',  ( -4.000000000000000000, -75.00000000000000000, 6.000000000000000000 ) ) ;
#510 = EDGE_CURVE ( 'NONE', #895, #1471, #464, .T. ) ;
#511 = DIRECTION ( 'NONE',  ( -1.000000000000000000, -0.000000000000000000, 0.000000000000000000 ) ) ;
#512 = ORIENTED_EDGE ( 'NONE', *, *, #624, .T. ) ;
#513 = ORIENTED_EDGE ( 'NONE', *, *, #1316, .T. ) ;
#514 = ADVANCED_FACE ( 'NONE', ( #1028 ), #1537, .F. ) ;
#515 = CARTESIAN_POINT ( 'NONE',  ( 4.000000000000000000, -93.00000000000000000, -49.00000000000000000 ) ) ;
#516 = EDGE_CURVE ( 'NONE', #656, #918, #10, .T. ) ;
#517 = ORIENTED_EDGE ( 'NONE', *, *, #1288, .T. ) ;
#518 = VERTEX_POINT ( 'NONE', #1525 ) ;
#519 = DIRECTION ( 'NONE',  ( 1.000000000000000000, 0.000000000000000000, -0.000000000000000000 ) ) ;
#520 = PLANE ( 'NONE',  #721 ) ;
#521 = DIRECTION ( 'NONE',  ( -1.000000000000000000, -0.000000000000000000, 0.000000000000000000 ) ) ;
#522 = ORIENTED_EDGE ( 'NONE', *, *, #696, .F. ) ;
#523 = COORDINATED_UNIVERSAL_TIME_OFFSET ( 8, 0, .AHEAD. ) ;
#524 = ORIENTED_EDGE ( 'NONE', *, *, #1263, .T. ) ;
#525 = EDGE_CURVE ( 'NONE', #876, #559, #124, .T. ) ;
#526 = VECTOR ( 'NONE', #452, 1000.000000000000000 ) ;
#527 = VECTOR ( 'NONE', #1553, 1000.000000000000000 ) ;
#528 = CARTESIAN_POINT ( 'NONE',  ( 3.100000000000000533, -105.0000000000000000, -34.25000000000000000 ) ) ;
#529 = AXIS2_PLACEMENT_3D ( 'NONE', #1470, #1189, #34 ) ;
#530 = AXIS2_PLACEMENT_3D ( 'NONE', #681, #431, #830 ) ;
#531 = DIRECTION ( 'NONE',  ( -0.000000000000000000, 0.000000000000000000, -1.000000000000000000 ) ) ;
#532 = CARTESIAN_POINT ( 'NONE',  ( -4.400000000000000355, -105.0000000000000000, -32.00000000000000000 ) ) ;
#533 = ORIENTED_EDGE ( 'NONE', *, *, #1093, .F. ) ;
#534 = VERTEX_POINT ( 'NONE', #1022 ) ;
#535 = ORIENTED_EDGE ( 'NONE', *, *, #516, .F. ) ;
#536 = DIRECTION ( 'NONE',  ( 1.000000000000000000, 0.000000000000000000, -0.000000000000000000 ) ) ;
#537 = ORIENTED_EDGE ( 'NONE', *, *, #141, .T. ) ;
#538 = DIRECTION ( 'NONE',  ( 0.000000000000000000, -1.000000000000000000, -0.000000000000000000 ) ) ;
#539 = DIRECTION ( 'NONE',  ( 0.000000000000000000, 0.000000000000000000, -1.000000000000000000 ) ) ;
#540 = VERTEX_POINT ( 'NONE', #1293 ) ;
#541 = COORDINATED_UNIVERSAL_TIME_OFFSET ( 8, 0, .AHEAD. ) ;
#542 = ORIENTED_EDGE ( 'NONE', *, *, #937, .F. ) ;
#543 = DIRECTION ( 'NONE',  ( -0.000000000000000000, 0.000000000000000000, -1.000000000000000000 ) ) ;
#544 = EDGE_CURVE ( 'NONE', #430, #606, #272, .T. ) ;
#545 = DIRECTION ( 'NONE',  ( 0.000000000000000000, 0.000000000000000000, 1.000000000000000000 ) ) ;
#546 = DIRECTION ( 'NONE',  ( -0.000000000000000000, 0.000000000000000000, -1.000000000000000000 ) ) ;
#547 = DATE_AND_TIME ( #687, #671 ) ;
#548 = CARTESIAN_POINT ( 'NONE',  ( -4.000000000000000000, 43.00000000000000000, 19.00000000000000355 ) ) ;
#549 = VERTEX_POINT ( 'NONE', #406 ) ;
#550 = VECTOR ( 'NONE', #149, 1000.000000000000000 ) ;
#551 = DIRECTION ( 'NONE',  ( 0.000000000000000000, 0.000000000000000000, 1.000000000000000000 ) ) ;
#552 = AXIS2_PLACEMENT_3D ( 'NONE', #627, #366, #1133 ) ;
#553 = CARTESIAN_POINT ( 'NONE',  ( 4.000000000000000000, -75.00000000000000000, 6.000000000000000000 ) ) ;
#554 = CIRCLE ( 'NONE', #343, 24.00000000000000000 ) ;
#555 = EDGE_CURVE ( 'NONE', #1646, #1436, #787, .T. ) ;
#556 = LINE ( 'NONE', #27, #415 ) ;
#557 = CIRCLE ( 'NONE', #1260, 6.099999999999999645 ) ;
#558 = DIRECTION ( 'NONE',  ( -1.000000000000000000, -0.000000000000000000, -0.000000000000000000 ) ) ;
#559 = VERTEX_POINT ( 'NONE', #400 ) ;
#560 = DIRECTION ( 'NONE',  ( -1.000000000000000000, -0.000000000000000000, -0.000000000000000000 ) ) ;
#561 = EDGE_CURVE ( 'NONE', #950, #1586, #119, .T. ) ;
#562 = DIRECTION ( 'NONE',  ( -1.000000000000000000, -0.000000000000000000, 0.000000000000000000 ) ) ;
#563 = ORIENTED_EDGE ( 'NONE', *, *, #1558, .T. ) ;
#564 = DIRECTION ( 'NONE',  ( 1.000000000000000000, 0.000000000000000000, -0.000000000000000000 ) ) ;
#565 = CYLINDRICAL_SURFACE ( 'NONE', #668, 6.099999999999999645 ) ;
#566 = ORIENTED_EDGE ( 'NONE', *, *, #1400, .T. ) ;
#567 = EDGE_CURVE ( 'NONE', #823, #963, #265, .T. ) ;
#568 = ADVANCED_FACE ( 'NONE', ( #1164 ), #520, .T. ) ;
#569 = DIRECTION ( 'NONE',  ( -0.000000000000000000, 1.000000000000000000, 0.000000000000000000 ) ) ;
#570 = ORIENTED_EDGE ( 'NONE', *, *, #252, .F. ) ;
#571 = DIRECTION ( 'NONE',  ( 0.000000000000000000, -1.000000000000000000, -0.000000000000000000 ) ) ;
#572 = ORIENTED_EDGE ( 'NONE', *, *, #920, .F. ) ;
#573 = CARTESIAN_POINT ( 'NONE',  ( -4.000000000000000000, -105.0000000000000000, -32.00000000000000000 ) ) ;
#574 = CARTESIAN_POINT ( 'NONE',  ( -4.400000000000000355, -75.00000000000000000, 6.000000000000000000 ) ) ;
#575 = ORIENTED_EDGE ( 'NONE', *, *, #261, .F. ) ;
#576 = CYLINDRICAL_SURFACE ( 'NONE', #1099, 5.100000000000000533 ) ;
#577 = DIRECTION ( 'NONE',  ( -1.000000000000000000, -0.000000000000000000, 0.000000000000000000 ) ) ;
#578 = EDGE_CURVE ( 'NONE', #120, #1242, #134, .T. ) ;
#579 = EDGE_CURVE ( 'NONE', #1436, #1357, #1423, .T. ) ;
#580 = CIRCLE ( 'NONE', #1519, 5.100000000000000533 ) ;
#581 = DIRECTION ( 'NONE',  ( 1.000000000000000000, 0.000000000000000000, 0.000000000000000000 ) ) ;
#582 = AXIS2_PLACEMENT_3D ( 'NONE', #820, #185, #545 ) ;
#583 = ORIENTED_EDGE ( 'NONE', *, *, #321, .F. ) ;
#584 = CYLINDRICAL_SURFACE ( 'NONE', #908, 2.250000000000001776 ) ;
#585 = AXIS2_PLACEMENT_3D ( 'NONE', #952, #1563, #543 ) ;
#586 = LINE ( 'NONE', #1592, #73 ) ;
#587 = ORIENTED_EDGE ( 'NONE', *, *, #1339, .F. ) ;
#588 = ORIENTED_EDGE ( 'NONE', *, *, #567, .T. ) ;
#589 = CARTESIAN_POINT ( 'NONE',  ( 0.000000000000000000, 187.0000000000000000, -3.000000000000000000 ) ) ;
#590 = CIRCLE ( 'NONE', #1468, 2.250000000000001776 ) ;
#591 = DIRECTION ( 'NONE',  ( -1.000000000000000000, -0.000000000000000000, -0.000000000000000000 ) ) ;
#592 = ADVANCED_FACE ( 'NONE', ( #1035 ), #376, .F. ) ;
#593 = FACE_BOUND ( 'NONE', #1526, .T. ) ;
#594 = ORIENTED_EDGE ( 'NONE', *, *, #18, .T. ) ;
#595 = DIRECTION ( 'NONE',  ( 0.000000000000000000, 0.000000000000000000, 1.000000000000000000 ) ) ;
#596 = FACE_OUTER_BOUND ( 'NONE', #1488, .T. ) ;
#597 = ORIENTED_EDGE ( 'NONE', *, *, #561, .F. ) ;
#598 = CARTESIAN_POINT ( 'NONE',  ( 4.000000000000000888, -92.43484196985860990, -33.76212123976859658 ) ) ;
#599 = DIRECTION ( 'NONE',  ( -1.000000000000000000, -0.000000000000000000, 0.000000000000000000 ) ) ;
#600 = ORIENTED_EDGE ( 'NONE', *, *, #1469, .F. ) ;
#601 = DIRECTION ( 'NONE',  ( -1.000000000000000000, -0.000000000000000000, 0.000000000000000000 ) ) ;
#602 = ORIENTED_EDGE ( 'NONE', *, *, #1117, .T. ) ;
#603 = CARTESIAN_POINT ( 'NONE',  ( -4.000000000000000000, -120.0000000000000000, -49.00000000000000000 ) ) ;
#604 = EDGE_CURVE ( 'NONE', #430, #706, #773, .T. ) ;
#605 = CARTESIAN_POINT ( 'NONE',  ( -4.000000000000000000, -75.00000000000000000, -18.00000000000000355 ) ) ;
#606 = VERTEX_POINT ( 'NONE', #892 ) ;
#607 = EDGE_CURVE ( 'NONE', #1202, #67, #653, .T. ) ;
#608 = FACE_OUTER_BOUND ( 'NONE', #23, .T. ) ;
#609 = DIRECTION ( 'NONE',  ( 0.000000000000000000, -0.000000000000000000, 1.000000000000000000 ) ) ;
#610 = ORIENTED_EDGE ( 'NONE', *, *, #1315, .F. ) ;
#611 = DIRECTION ( 'NONE',  ( 0.000000000000000000, 0.000000000000000000, 1.000000000000000000 ) ) ;
#612 = CARTESIAN_POINT ( 'NONE',  ( -3.000000000000000000, 169.0000000000000000, -7.000000000000000000 ) ) ;
#613 = CARTESIAN_POINT ( 'NONE',  ( 4.000000000000000888, -93.64098626453466068, -33.21114167026293984 ) ) ;
#614 = VECTOR ( 'NONE', #577, 1000.000000000000000 ) ;
#615 = ORIENTED_EDGE ( 'NONE', *, *, #1558, .F. ) ;
#616 = VECTOR ( 'NONE', #571, 1000.000000000000000 ) ;
#617 = EDGE_CURVE ( 'NONE', #1341, #1270, #12, .T. ) ;
#618 = DIRECTION ( 'NONE',  ( 1.000000000000000000, 0.000000000000000000, -0.000000000000000000 ) ) ;
#619 = CARTESIAN_POINT ( 'NONE',  ( 4.000000000000000888, -96.47596350797901721, -37.45058786394822903 ) ) ;
#620 = CARTESIAN_POINT ( 'NONE',  ( -4.000000000000000000, -93.64098626453466068, -33.21114167026293984 ) ) ;
#621 = VERTEX_POINT ( 'NONE', #278 ) ;
#622 = EDGE_CURVE ( 'NONE', #1063, #258, #793, .T. ) ;
#623 = ORIENTED_EDGE ( 'NONE', *, *, #651, .T. ) ;
#624 = EDGE_CURVE ( 'NONE', #234, #823, #800, .T. ) ;
#625 = CARTESIAN_POINT ( 'NONE',  ( -4.000000000000000000, -96.47596350797901721, -37.45058786394822903 ) ) ;
#626 = VERTEX_POINT ( 'NONE', #633 ) ;
#627 = CARTESIAN_POINT ( 'NONE',  ( 4.000000000000000000, -62.78558120625428529, 21.99399804711102036 ) ) ;
#628 = ORIENTED_EDGE ( 'NONE', *, *, #781, .F. ) ;
#629 = DIRECTION ( 'NONE',  ( 0.000000000000000000, 0.000000000000000000, -1.000000000000000000 ) ) ;
#630 = EDGE_LOOP ( 'NONE', ( #1187, #1644, #1067, #379 ) ) ;
#631 = APPROVAL ( #1561, '未' ) ;
#632 = DIRECTION ( 'NONE',  ( 0.000000000000000000, -1.000000000000000000, -0.000000000000000000 ) ) ;
#633 = CARTESIAN_POINT ( 'NONE',  ( 4.000000000000000000, -75.00000000000000000, -18.00000000000000355 ) ) ;
#634 = VERTEX_POINT ( 'NONE', #1218 ) ;
#635 = CYLINDRICAL_SURFACE ( 'NONE', #422, 3.099999999999998757 ) ;
#636 = CIRCLE ( 'NONE', #66, 5.100000000000000533 ) ;
#637 = ORIENTED_EDGE ( 'NONE', *, *, #1422, .T. ) ;
#638 = EDGE_CURVE ( 'NONE', #1304, #1654, #1181, .T. ) ;
#639 = VECTOR ( 'NONE', #849, 1000.000000000000000 ) ;
#640 = EDGE_CURVE ( 'NONE', #752, #51, #208, .T. ) ;
#641 = CIRCLE ( 'NONE', #1148, 5.100000000000000533 ) ;
#642 = AXIS2_PLACEMENT_3D ( 'NONE', #391, #763, #1662 ) ;
#643 = CARTESIAN_POINT ( 'NONE',  ( 0.000000000000000000, -120.0000000000000000, -49.00000000000000000 ) ) ;
#644 = LOCAL_TIME ( 15, 59, 51.00000000000000000, #814 ) ;
#645 = EDGE_CURVE ( 'NONE', #1536, #234, #1196, .T. ) ;
#646 = CARTESIAN_POINT ( 'NONE',  ( -4.400000000000000355, -91.21243413507215791, -34.27600997387834525 ) ) ;
#647 = ORIENTED_EDGE ( 'NONE', *, *, #902, .T. ) ;
#648 = ORIENTED_EDGE ( 'NONE', *, *, #1348, .T. ) ;
#649 = APPROVAL_ROLE ( '' ) ;
#650 = ORIENTED_EDGE ( 'NONE', *, *, #1348, .F. ) ;
#651 = EDGE_CURVE ( 'NONE', #1294, #1590, #156, .T. ) ;
#652 = DIRECTION ( 'NONE',  ( 1.000000000000000000, 0.000000000000000000, -0.000000000000000000 ) ) ;
#653 = LINE ( 'NONE', #897, #1169 ) ;
#654 = CC_DESIGN_PERSON_AND_ORGANIZATION_ASSIGNMENT ( #1275, #250, ( #387 ) ) ;
#655 = DIRECTION ( 'NONE',  ( 1.000000000000000000, 0.000000000000000000, 0.000000000000000000 ) ) ;
#656 = VERTEX_POINT ( 'NONE', #1582 ) ;
#657 = PERSON_AND_ORGANIZATION_ROLE ( 'creator' ) ;
#658 = ORIENTED_EDGE ( 'NONE', *, *, #18, .F. ) ;
#659 = DIRECTION ( 'NONE',  ( 1.000000000000000000, 0.000000000000000000, 0.000000000000000000 ) ) ;
#660 = DIRECTION ( 'NONE',  ( 0.000000000000000000, 0.000000000000000000, -1.000000000000000000 ) ) ;
#661 = FACE_OUTER_BOUND ( 'NONE', #499, .T. ) ;
#662 = ORIENTED_EDGE ( 'NONE', *, *, #1601, .T. ) ;
#663 = ADVANCED_FACE ( 'NONE', ( #1564 ), #710, .F. ) ;
#664 = AXIS2_PLACEMENT_3D ( 'NONE', #407, #22, #1576 ) ;
#665 = AXIS2_PLACEMENT_3D ( 'NONE', #613, #1391, #1630 ) ;
#666 = LINE ( 'NONE', #20, #934 ) ;
#667 = AXIS2_PLACEMENT_3D ( 'NONE', #77, #333, #1506 ) ;
#668 = AXIS2_PLACEMENT_3D ( 'NONE', #574, #1209, #1204 ) ;
#669 = DIRECTION ( 'NONE',  ( 1.000000000000000000, 0.000000000000000000, -0.000000000000000000 ) ) ;
#670 = FACE_OUTER_BOUND ( 'NONE', #994, .T. ) ;
#671 = LOCAL_TIME ( 15, 59, 51.00000000000000000, #541 ) ;
#672 = EDGE_LOOP ( 'NONE', ( #1605, #1571, #587, #55 ) ) ;
#673 = PERSON_AND_ORGANIZATION ( #1300, #862 ) ;
#674 = ORIENTED_EDGE ( 'NONE', *, *, #937, .T. ) ;
#675 = EDGE_CURVE ( 'NONE', #1002, #483, #173, .T. ) ;
#676 = EDGE_CURVE ( 'NONE', #626, #1590, #1597, .T. ) ;
#677 = DIRECTION ( 'NONE',  ( 0.000000000000000000, 0.000000000000000000, -1.000000000000000000 ) ) ;
#678 = DIRECTION ( 'NONE',  ( -0.000000000000000000, 0.000000000000000000, -1.000000000000000000 ) ) ;
#679 = ORIENTED_EDGE ( 'NONE', *, *, #319, .F. ) ;
#680 = CARTESIAN_POINT ( 'NONE',  ( -4.000000000000000000, -105.0000000000000000, -28.89999999999999858 ) ) ;
#681 = CARTESIAN_POINT ( 'NONE',  ( -4.000000000000000000, -96.00000000000000000, -32.00000000000000000 ) ) ;
#682 = ORIENTED_EDGE ( 'NONE', *, *, #622, .F. ) ;
#683 = DIRECTION ( 'NONE',  ( -1.000000000000000000, -0.000000000000000000, -0.000000000000000000 ) ) ;
#684 = ORIENTED_EDGE ( 'NONE', *, *, #279, .T. ) ;
#685 = CARTESIAN_POINT ( 'NONE',  ( -3.000000000000000000, 172.0000000000000000, -2.000000000000000000 ) ) ;
#686 = CARTESIAN_POINT ( 'NONE',  ( 3.100000000000000533, -100.7000000000000028, -44.20000000000000284 ) ) ;
#687 = CALENDAR_DATE ( 2026, 29, 8 ) ;
#688 = CARTESIAN_POINT ( 'NONE',  ( -3.100000000000000533, -100.7000000000000028, -33.97989898732234337 ) ) ;
#689 = EDGE_LOOP ( 'NONE', ( #1136, #615, #1539, #1026, #1410, #583, #662, #81, #1621, #386, #334, #1456, #931, #1231, #341, #1121, #474, #738 ) ) ;
#690 = AXIS2_PLACEMENT_3D ( 'NONE', #320, #471, #991 ) ;
#691 = FACE_OUTER_BOUND ( 'NONE', #1048, .T. ) ;
#692 = VECTOR ( 'NONE', #1434, 1000.000000000000000 ) ;
#693 = DIRECTION ( 'NONE',  ( 1.000000000000000000, 0.000000000000000000, -0.000000000000000000 ) ) ;
#694 = VECTOR ( 'NONE', #433, 1000.000000000000000 ) ;
#695 = DIRECTION ( 'NONE',  ( 1.000000000000000000, 0.000000000000000000, 0.000000000000000000 ) ) ;
#696 = EDGE_CURVE ( 'NONE', #258, #534, #194, .T. ) ;
#697 = ADVANCED_FACE ( 'NONE', ( #928 ), #1049, .F. ) ;
#698 = VECTOR ( 'NONE', #822, 1000.000000000000000 ) ;
#699 = FACE_OUTER_BOUND ( 'NONE', #1234, .T. ) ;
#700 = ORIENTED_EDGE ( 'NONE', *, *, #1040, .F. ) ;
#701 = LINE ( 'NONE', #824, #1228 ) ;
#702 = CARTESIAN_POINT ( 'NONE',  ( 4.000000000000000000, -106.5000000000000000, -49.00000000000000000 ) ) ;
#703 = VERTEX_POINT ( 'NONE', #1070 ) ;
#704 = DIRECTION ( 'NONE',  ( 0.000000000000000000, 0.000000000000000000, 1.000000000000000000 ) ) ;
#705 = FACE_OUTER_BOUND ( 'NONE', #1440, .T. ) ;
#706 = VERTEX_POINT ( 'NONE', #1057 ) ;
#707 = FACE_OUTER_BOUND ( 'NONE', #901, .T. ) ;
#708 = FACE_BOUND ( 'NONE', #978, .T. ) ;
#709 = DIRECTION ( 'NONE',  ( 1.000000000000000000, 0.000000000000000000, 0.000000000000000000 ) ) ;
#710 = CYLINDRICAL_SURFACE ( 'NONE', #1227, 6.099999999999999645 ) ;
#711 = ORIENTED_EDGE ( 'NONE', *, *, #525, .F. ) ;
#712 = ORIENTED_EDGE ( 'NONE', *, *, #764, .F. ) ;
#713 = CARTESIAN_POINT ( 'NONE',  ( 0.000000000000000000, 187.0000000000000000, 15.00000000000000355 ) ) ;
#714 = DIRECTION ( 'NONE',  ( 1.000000000000000000, 0.000000000000000000, 0.000000000000000000 ) ) ;
#715 = ORIENTED_EDGE ( 'NONE', *, *, #85, .F. ) ;
#716 = DIRECTION ( 'NONE',  ( 0.000000000000000000, 0.000000000000000000, -1.000000000000000000 ) ) ;
#717 = EDGE_CURVE ( 'NONE', #1449, #302, #1559, .T. ) ;
#718 = LINE ( 'NONE', #997, #393 ) ;
#719 = CIRCLE ( 'NONE', #1167, 5.100000000000000533 ) ;
#720 = DIRECTION ( 'NONE',  ( 1.000000000000000000, 0.000000000000000000, 0.000000000000000000 ) ) ;
#721 = AXIS2_PLACEMENT_3D ( 'NONE', #147, #1545, #531 ) ;
#722 = ORIENTED_EDGE ( 'NONE', *, *, #466, .T. ) ;
#723 = DIRECTION ( 'NONE',  ( 0.000000000000000000, 0.000000000000000000, 1.000000000000000000 ) ) ;
#724 = VECTOR ( 'NONE', #683, 1000.000000000000000 ) ;
#725 = DIRECTION ( 'NONE',  ( 0.000000000000000000, 0.000000000000000000, 1.000000000000000000 ) ) ;
#726 = ORIENTED_EDGE ( 'NONE', *, *, #1188, .F. ) ;
#727 = AXIS2_PLACEMENT_3D ( 'NONE', #1557, #1442, #677 ) ;
#728 = FACE_OUTER_BOUND ( 'NONE', #130, .T. ) ;
#729 = CARTESIAN_POINT ( 'NONE',  ( 3.100000000000000533, -96.00000000000000000, -32.00000000000000000 ) ) ;
#730 = EDGE_CURVE ( 'NONE', #1471, #540, #1575, .T. ) ;
#731 = CARTESIAN_POINT ( 'NONE',  ( -4.000000000000000000, -92.43484196985860990, -33.76212123976859658 ) ) ;
#732 = EDGE_LOOP ( 'NONE', ( #370, #1541, #990, #628 ) ) ;
#733 = CARTESIAN_POINT ( 'NONE',  ( 4.000000000000000888, -105.0000000000000000, -32.00000000000000000 ) ) ;
#734 = FACE_OUTER_BOUND ( 'NONE', #256, .T. ) ;
#735 = ORIENTED_EDGE ( 'NONE', *, *, #1032, .F. ) ;
#736 = DIRECTION ( 'NONE',  ( 0.000000000000000000, 0.000000000000000000, 1.000000000000000000 ) ) ;
#737 = CARTESIAN_POINT ( 'NONE',  ( 4.000000000000000000, -120.0000000000000000, -49.00000000000000000 ) ) ;
#738 = ORIENTED_EDGE ( 'NONE', *, *, #1359, .T. ) ;
#739 = DIRECTION ( 'NONE',  ( 0.000000000000000000, 0.000000000000000000, 1.000000000000000000 ) ) ;
#740 = ORIENTED_EDGE ( 'NONE', *, *, #607, .F. ) ;
#741 = EDGE_CURVE ( 'NONE', #534, #1594, #301, .T. ) ;
#742 = CARTESIAN_POINT ( 'NONE',  ( -4.000000000000000000, -97.79286327326616401, -36.77447811633620489 ) ) ;
#743 = FACE_OUTER_BOUND ( 'NONE', #689, .T. ) ;
#744 = ORIENTED_EDGE ( 'NONE', *, *, #730, .T. ) ;
#745 = DIRECTION ( 'NONE',  ( -1.000000000000000000, -0.000000000000000000, 0.000000000000000000 ) ) ;
#746 = CARTESIAN_POINT ( 'NONE',  ( 0.000000000000000000, 169.0000000000000000, 14.00000000000000178 ) ) ;
#747 = ADVANCED_FACE ( 'NONE', ( #1309 ), #1201, .F. ) ;
#748 = DIRECTION ( 'NONE',  ( 0.000000000000000000, 0.000000000000000000, 1.000000000000000000 ) ) ;
#749 = CARTESIAN_POINT ( 'NONE',  ( -3.000000000000000000, 169.0000000000000000, 13.99999999999999822 ) ) ;
#750 = ADVANCED_FACE ( 'NONE', ( #294, #1319 ), #286, .F. ) ;
#751 = EDGE_CURVE ( 'NONE', #950, #1531, #1038, .T. ) ;
#752 = VERTEX_POINT ( 'NONE', #45 ) ;
#753 = VECTOR ( 'NONE', #1618, 1000.000000000000000 ) ;
#754 = DIRECTION ( 'NONE',  ( 1.000000000000000000, 0.000000000000000000, 0.000000000000000000 ) ) ;
#755 = VECTOR ( 'NONE', #979, 1000.000000000000000 ) ;
#756 = EDGE_LOOP ( 'NONE', ( #1183, #1179, #1515, #1037 ) ) ;
#757 = AXIS2_PLACEMENT_3D ( 'NONE', #1102, #1342, #736 ) ;
#758 = CC_DESIGN_SECURITY_CLASSIFICATION ( #1420, ( #1285 ) ) ;
#759 = CARTESIAN_POINT ( 'NONE',  ( 0.000000000000000000, -106.5000000000000000, 5.999999999999998224 ) ) ;
#760 = ORIENTED_EDGE ( 'NONE', *, *, #141, .F. ) ;
#761 = CARTESIAN_POINT ( 'NONE',  ( 4.000000000000000888, -62.78558120625428529, 25.19399804711102320 ) ) ;
#762 = ORIENTED_EDGE ( 'NONE', *, *, #508, .T. ) ;
#763 = DIRECTION ( 'NONE',  ( -1.000000000000000000, -0.000000000000000000, -0.000000000000000000 ) ) ;
#764 = EDGE_CURVE ( 'NONE', #940, #120, #1495, .T. ) ;
#765 = EDGE_LOOP ( 'NONE', ( #650, #1386, #395, #1349 ) ) ;
#766 = DIRECTION ( 'NONE',  ( 1.000000000000000000, 0.000000000000000000, -0.000000000000000000 ) ) ;
#767 = DIRECTION ( 'NONE',  ( 0.000000000000000000, 0.000000000000000000, -1.000000000000000000 ) ) ;
#768 = ORIENTED_EDGE ( 'NONE', *, *, #285, .F. ) ;
#769 = EDGE_CURVE ( 'NONE', #89, #1382, #54, .T. ) ;
#770 = VERTEX_POINT ( 'NONE', #223 ) ;
#771 = UNCERTAINTY_MEASURE_WITH_UNIT (LENGTH_MEASURE( 1.000000000000000082E-05 ), #1149, 'distance_accuracy_value', 'NONE');
#772 = FACE_OUTER_BOUND ( 'NONE', #867, .T. ) ;
#773 = LINE ( 'NONE', #21, #1124 ) ;
#774 = ORIENTED_EDGE ( 'NONE', *, *, #1143, .F. ) ;
#775 = ORIENTED_EDGE ( 'NONE', *, *, #1058, .T. ) ;
#776 = CIRCLE ( 'NONE', #9, 2.250000000000001776 ) ;
#777 = ORIENTED_EDGE ( 'NONE', *, *, #97, .F. ) ;
#778 = VECTOR ( 'NONE', #1345, 1000.000000000000000 ) ;
#779 = AXIS2_PLACEMENT_3D ( 'NONE', #1636, #482, #455 ) ;
#780 = CARTESIAN_POINT ( 'NONE',  ( -4.000000000000000000, -75.00000000000000000, 12.09999999999999964 ) ) ;
#781 = EDGE_CURVE ( 'NONE', #53, #348, #1113, .T. ) ;
#782 = DIRECTION ( 'NONE',  ( 1.000000000000000000, 0.000000000000000000, 0.000000000000000000 ) ) ;
#783 = EDGE_LOOP ( 'NONE', ( #1044, #1657, #1173, #136 ) ) ;
#784 = CARTESIAN_POINT ( 'NONE',  ( -4.000000000000000000, -54.82575899816797715, -7.000000000000000000 ) ) ;
#785 = ORIENTED_EDGE ( 'NONE', *, *, #1633, .F. ) ;
#786 = CARTESIAN_POINT ( 'NONE',  ( 3.000000000000000000, 177.0000000000000000, 14.00000000000000000 ) ) ;
#787 = LINE ( 'NONE', #1659, #1303 ) ;
#788 = ADVANCED_FACE ( 'NONE', ( #999 ), #349, .T. ) ;
#789 = DIRECTION ( 'NONE',  ( 0.000000000000000000, 0.000000000000000000, -1.000000000000000000 ) ) ;
#790 = CALENDAR_DATE ( 2026, 29, 8 ) ;
#791 = ORIENTED_EDGE ( 'NONE', *, *, #1371, .T. ) ;
#792 = DIRECTION ( 'NONE',  ( 0.000000000000000000, 0.000000000000000000, -1.000000000000000000 ) ) ;
#793 = LINE ( 'NONE', #1401, #68 ) ;
#794 = DIRECTION ( 'NONE',  ( 0.000000000000000000, 0.000000000000000000, -1.000000000000000000 ) ) ;
#795 = ADVANCED_FACE ( 'NONE', ( #231, #1132 ), #93, .F. ) ;
#796 = ADVANCED_FACE ( 'NONE', ( #1496 ), #470, .T. ) ;
#797 = VERTEX_POINT ( 'NONE', #1254 ) ;
#798 = ORIENTED_EDGE ( 'NONE', *, *, #717, .F. ) ;
#799 = VECTOR ( 'NONE', #325, 1000.000000000000000 ) ;
#800 = CIRCLE ( 'NONE', #1092, 5.100000000000000533 ) ;
#801 = CIRCLE ( 'NONE', #373, 3.200000000000001510 ) ;
#802 = CARTESIAN_POINT ( 'NONE',  ( -4.400000000000000355, -62.78558120625428529, 18.79399804711101751 ) ) ;
#803 = VECTOR ( 'NONE', #1369, 1000.000000000000000 ) ;
#804 = DIRECTION ( 'NONE',  ( -1.000000000000000000, 0.000000000000000000, 0.000000000000000000 ) ) ;
#805 = DIRECTION ( 'NONE',  ( 0.000000000000000000, 0.000000000000000000, -1.000000000000000000 ) ) ;
#806 = FACE_OUTER_BOUND ( 'NONE', #1024, .T. ) ;
#807 = ORIENTED_EDGE ( 'NONE', *, *, #1601, .F. ) ;
#808 = EDGE_CURVE ( 'NONE', #706, #1448, #1095, .T. ) ;
#809 = LINE ( 'NONE', #171, #724 ) ;
#810 = EDGE_LOOP ( 'NONE', ( #768, #542, #1574, #899 ) ) ;
#811 = DIRECTION ( 'NONE',  ( 0.000000000000000000, 0.000000000000000000, 1.000000000000000000 ) ) ;
#812 = DIRECTION ( 'NONE',  ( 0.000000000000000000, 0.000000000000000000, 1.000000000000000000 ) ) ;
#813 = EDGE_LOOP ( 'NONE', ( #1451, #566, #1661, #1051 ) ) ;
#814 = COORDINATED_UNIVERSAL_TIME_OFFSET ( 8, 0, .AHEAD. ) ;
#815 = CARTESIAN_POINT ( 'NONE',  ( 3.799999999999999822, 187.0000000000000000, -3.000000000000000000 ) ) ;
#816 = EDGE_CURVE ( 'NONE', #549, #16, #103, .T. ) ;
#817 = ORIENTED_EDGE ( 'NONE', *, *, #465, .F. ) ;
#818 = CYLINDRICAL_SURFACE ( 'NONE', #936, 5.100000000000000533 ) ;
#819 = EDGE_CURVE ( 'NONE', #559, #104, #1599, .T. ) ;
#820 = CARTESIAN_POINT ( 'NONE',  ( -4.000000000000000000, -105.0000000000000000, -32.00000000000000000 ) ) ;
#821 = DIRECTION ( 'NONE',  ( 1.000000000000000000, 0.000000000000000000, 0.000000000000000000 ) ) ;
#822 = DIRECTION ( 'NONE',  ( 0.000000000000000000, 0.000000000000000000, 1.000000000000000000 ) ) ;
#823 = VERTEX_POINT ( 'NONE', #619 ) ;
#824 = CARTESIAN_POINT ( 'NONE',  ( -4.400000000000000355, -100.7000000000000028, -33.97989898732234337 ) ) ;
#825 = VECTOR ( 'NONE', #489, 1000.000000000000000 ) ;
#826 = DIRECTION ( 'NONE',  ( 0.000000000000000000, 0.000000000000000000, -1.000000000000000000 ) ) ;
#827 = CIRCLE ( 'NONE', #150, 3.200000000000001510 ) ;
#828 = DIRECTION ( 'NONE',  ( 1.000000000000000000, 0.000000000000000000, -0.000000000000000000 ) ) ;
#829 = CIRCLE ( 'NONE', #480, 3.200000000000001510 ) ;
#830 = DIRECTION ( 'NONE',  ( 0.000000000000000000, 0.000000000000000000, 1.000000000000000000 ) ) ;
#831 = APPROVAL_PERSON_ORGANIZATION ( #131, #154, #649 ) ;
#832 = ORIENTED_EDGE ( 'NONE', *, *, #1058, .F. ) ;
#833 = DIRECTION ( 'NONE',  ( 0.000000000000000000, -1.000000000000000000, -0.000000000000000000 ) ) ;
#834 = DIRECTION ( 'NONE',  ( 0.000000000000000000, 0.000000000000000000, -1.000000000000000000 ) ) ;
#835 = DIRECTION ( 'NONE',  ( -1.000000000000000000, 0.000000000000000000, 0.000000000000000000 ) ) ;
#836 = ORIENTED_EDGE ( 'NONE', *, *, #510, .F. ) ;
#837 = FACE_OUTER_BOUND ( 'NONE', #323, .T. ) ;
#838 = LINE ( 'NONE', #1221, #264 ) ;
#839 = ORIENTED_EDGE ( 'NONE', *, *, #271, .F. ) ;
#840 = CARTESIAN_POINT ( 'NONE',  ( -3.100000000000000533, -109.2999999999999972, -19.80000000000000426 ) ) ;
#841 = LINE ( 'NONE', #1251, #148 ) ;
#842 = CARTESIAN_POINT ( 'NONE',  ( -3.500000000000000000, -105.0000000000000000, -28.89999999999999858 ) ) ;
#843 = ORIENTED_EDGE ( 'NONE', *, *, #579, .T. ) ;
#844 = LINE ( 'NONE', #445, #369 ) ;
#845 = DIRECTION ( 'NONE',  ( -0.000000000000000000, 0.000000000000000000, -1.000000000000000000 ) ) ;
#846 = ORIENTED_EDGE ( 'NONE', *, *, #211, .F. ) ;
#847 = FACE_OUTER_BOUND ( 'NONE', #783, .T. ) ;
#848 = EDGE_CURVE ( 'NONE', #243, #1108, #641, .T. ) ;
#849 = DIRECTION ( 'NONE',  ( 0.000000000000000000, 0.000000000000000000, 1.000000000000000000 ) ) ;
#850 = ORIENTED_EDGE ( 'NONE', *, *, #645, .T. ) ;
#851 = AXIS2_PLACEMENT_3D ( 'NONE', #1491, #591, #1103 ) ;
#852 = CARTESIAN_POINT ( 'NONE',  ( -4.000000000000000000, -93.00000000000000000, -39.05247396710019103 ) ) ;
#853 = AXIS2_PLACEMENT_3D ( 'NONE', #487, #210, #1607 ) ;
#854 = ORIENTED_EDGE ( 'NONE', *, *, #998, .T. ) ;
#855 = DIRECTION ( 'NONE',  ( -0.000000000000000000, 1.000000000000000000, 0.000000000000000000 ) ) ;
#856 = VECTOR ( 'NONE', #1512, 1000.000000000000000 ) ;
#857 = LINE ( 'NONE', #1356, #825 ) ;
#858 = ORIENTED_EDGE ( 'NONE', *, *, #848, .F. ) ;
#859 = VECTOR ( 'NONE', #1570, 1000.000000000000000 ) ;
#860 = EDGE_LOOP ( 'NONE', ( #186, #392, #339, #179 ) ) ;
#861 = CARTESIAN_POINT ( 'NONE',  ( 0.000000000000000000, -97.79286327326616401, -36.77447811633620489 ) ) ;
#862 = ORGANIZATION ( '未', '未', '' ) ;
#863 = DIRECTION ( 'NONE',  ( 0.000000000000000000, 0.000000000000000000, -1.000000000000000000 ) ) ;
#864 = ADVANCED_FACE ( 'NONE', ( #988, #593 ), #1627, .F. ) ;
#865 = ORIENTED_EDGE ( 'NONE', *, *, #640, .T. ) ;
#866 = CARTESIAN_POINT ( 'NONE',  ( -4.000000000000000000, 169.0000000000000000, -7.000000000000000000 ) ) ;
#867 = EDGE_LOOP ( 'NONE', ( #1463, #1239, #1540, #846 ) ) ;
#868 = LINE ( 'NONE', #603, #36 ) ;
#869 = FACE_OUTER_BOUND ( 'NONE', #137, .T. ) ;
#870 = VERTEX_POINT ( 'NONE', #842 ) ;
#871 = DIRECTION ( 'NONE',  ( 1.000000000000000000, 0.000000000000000000, 0.000000000000000000 ) ) ;
#872 = DIRECTION ( 'NONE',  ( 1.000000000000000000, 0.000000000000000000, -0.000000000000000000 ) ) ;
#873 = CARTESIAN_POINT ( 'NONE',  ( -3.799999999999999822, 182.0000000000000000, 15.00000000000000355 ) ) ;
#874 = EDGE_CURVE ( 'NONE', #1202, #876, #1006, .T. ) ;
#875 = PLANE ( 'NONE',  #1331 ) ;
#876 = VERTEX_POINT ( 'NONE', #852 ) ;
#877 = ORIENTED_EDGE ( 'NONE', *, *, #848, .T. ) ;
#878 = CARTESIAN_POINT ( 'NONE',  ( -4.000000000000000000, -62.78558120625428529, 18.79399804711101751 ) ) ;
#879 = ORIENTED_EDGE ( 'NONE', *, *, #1269, .T. ) ;
#880 = ORIENTED_EDGE ( 'NONE', *, *, #6, .F. ) ;
#881 = FACE_OUTER_BOUND ( 'NONE', #1551, .T. ) ;
#882 = CC_DESIGN_PERSON_AND_ORGANIZATION_ASSIGNMENT ( #423, #1321, ( #1420 ) ) ;
#883 = PLANE ( 'NONE',  #1569 ) ;
#884 = AXIS2_PLACEMENT_3D ( 'NONE', #916, #1071, #1424 ) ;
#885 = ORIENTED_EDGE ( 'NONE', *, *, #1091, .F. ) ;
#886 = CIRCLE ( 'NONE', #500, 3.099999999999998757 ) ;
#887 = CARTESIAN_POINT ( 'NONE',  ( -3.000000000000000000, 169.0000000000000000, -2.000000000000000000 ) ) ;
#888 = VECTOR ( 'NONE', #652, 1000.000000000000000 ) ;
#889 = ORIENTED_EDGE ( 'NONE', *, *, #117, .T. ) ;
#890 = AXIS2_PLACEMENT_3D ( 'NONE', #968, #1350, #342 ) ;
#891 = LINE ( 'NONE', #1272, #1096 ) ;
#892 = CARTESIAN_POINT ( 'NONE',  ( 4.000000000000000000, 169.0000000000000000, 19.00000000000000355 ) ) ;
#893 = ORIENTED_EDGE ( 'NONE', *, *, #292, .T. ) ;
#894 = ORIENTED_EDGE ( 'NONE', *, *, #1511, .T. ) ;
#895 = VERTEX_POINT ( 'NONE', #1245 ) ;
#896 = DIRECTION ( 'NONE',  ( 0.000000000000000000, 0.000000000000000000, 1.000000000000000000 ) ) ;
#897 = CARTESIAN_POINT ( 'NONE',  ( -4.000000000000000000, -106.5000000000000000, -49.00000000000000000 ) ) ;
#898 = ORIENTED_EDGE ( 'NONE', *, *, #1355, .F. ) ;
#899 = ORIENTED_EDGE ( 'NONE', *, *, #1566, .F. ) ;
#900 =( NAMED_UNIT ( * ) SI_UNIT ( $, .STERADIAN. ) SOLID_ANGLE_UNIT ( ) );
#901 = EDGE_LOOP ( 'NONE', ( #1286, #413, #1407, #198 ) ) ;
#902 = EDGE_CURVE ( 'NONE', #1382, #634, #1602, .T. ) ;
#903 = DIRECTION ( 'NONE',  ( 0.000000000000000000, 0.000000000000000000, -1.000000000000000000 ) ) ;
#904 = DIRECTION ( 'NONE',  ( -1.000000000000000000, -0.000000000000000000, 0.000000000000000000 ) ) ;
#905 = ORIENTED_EDGE ( 'NONE', *, *, #161, .F. ) ;
#906 = EDGE_LOOP ( 'NONE', ( #879, #893, #513, #505 ) ) ;
#907 = FACE_OUTER_BOUND ( 'NONE', #409, .T. ) ;
#908 = AXIS2_PLACEMENT_3D ( 'NONE', #456, #695, #1203 ) ;
#909 = EDGE_LOOP ( 'NONE', ( #735, #1060 ) ) ;
#910 = CIRCLE ( 'NONE', #396, 5.100000000000000533 ) ;
#911 = CIRCLE ( 'NONE', #1282, 2.250000000000001776 ) ;
#912 = VECTOR ( 'NONE', #1409, 1000.000000000000000 ) ;
#913 = ORIENTED_EDGE ( 'NONE', *, *, #617, .T. ) ;
#914 = CARTESIAN_POINT ( 'NONE',  ( -4.000000000000000000, 43.00000000000000000, -7.000000000000000000 ) ) ;
#915 = CARTESIAN_POINT ( 'NONE',  ( -3.100000000000000533, -96.00000000000000000, -32.00000000000000000 ) ) ;
#916 = CARTESIAN_POINT ( 'NONE',  ( -4.000000000000000000, -75.00000000000000000, 6.000000000000000000 ) ) ;
#917 = PERSON_AND_ORGANIZATION ( #1300, #862 ) ;
#918 = VERTEX_POINT ( 'NONE', #365 ) ;
#919 = CARTESIAN_POINT ( 'NONE',  ( 0.000000000000000000, 182.0000000000000000, -3.000000000000000000 ) ) ;
#920 = EDGE_CURVE ( 'NONE', #1190, #518, #240, .T. ) ;
#921 = ADVANCED_FACE ( 'NONE', ( #881 ), #1388, .T. ) ;
#922 = DIRECTION ( 'NONE',  ( -0.000000000000000000, 1.000000000000000000, 0.000000000000000000 ) ) ;
#923 = CARTESIAN_POINT ( 'NONE',  ( -4.400000000000000355, -62.78558120625428529, 21.99399804711102036 ) ) ;
#924 = SECURITY_CLASSIFICATION_LEVEL ( 'unclassified' ) ;
#925 = EDGE_LOOP ( 'NONE', ( #1353, #956 ) ) ;
#926 = CARTESIAN_POINT ( 'NONE',  ( -3.799999999999999822, 187.0000000000000000, -3.000000000000000000 ) ) ;
#927 = ADVANCED_BREP_SHAPE_REPRESENTATION ( 'RearKickstand_V11_262mm_Bushed', ( #1651, #1629 ), #995 ) ;
#928 = FACE_OUTER_BOUND ( 'NONE', #756, .T. ) ;
#929 = PRODUCT_DEFINITION ( '�', '', #1285, #178 ) ;
#930 = CYLINDRICAL_SURFACE ( 'NONE', #338, 2.250000000000001776 ) ;
#931 = ORIENTED_EDGE ( 'NONE', *, *, #439, .F. ) ;
#932 = AXIS2_PLACEMENT_3D ( 'NONE', #280, #1327, #794 ) ;
#933 = VECTOR ( 'NONE', #1176, 1000.000000000000000 ) ;
#934 = VECTOR ( 'NONE', #536, 1000.000000000000000 ) ;
#935 = CARTESIAN_POINT ( 'NONE',  ( 3.100000000000000533, -105.0000000000000000, -29.75000000000000000 ) ) ;
#936 = AXIS2_PLACEMENT_3D ( 'NONE', #1344, #709, #834 ) ;
#937 = EDGE_CURVE ( 'NONE', #448, #1481, #1229, .T. ) ;
#938 = CARTESIAN_POINT ( 'NONE',  ( -3.100000000000000533, -105.0000000000000000, -19.80000000000000426 ) ) ;
#939 = CARTESIAN_POINT ( 'NONE',  ( 3.100000000000000533, -100.7000000000000028, -30.02010101267765663 ) ) ;
#940 = VERTEX_POINT ( 'NONE', #1237 ) ;
#941 = CARTESIAN_POINT ( 'NONE',  ( 3.100000000000000533, -109.2999999999999972, -44.20000000000000284 ) ) ;
#942 = ORIENTED_EDGE ( 'NONE', *, *, #465, .T. ) ;
#943 = ADVANCED_FACE ( 'NONE', ( #86 ), #1658, .T. ) ;
#944 = ORIENTED_EDGE ( 'NONE', *, *, #730, .F. ) ;
#945 = DIRECTION ( 'NONE',  ( 1.000000000000000000, 0.000000000000000000, -0.000000000000000000 ) ) ;
#946 = DIRECTION ( 'NONE',  ( 0.000000000000000000, 0.000000000000000000, 1.000000000000000000 ) ) ;
#947 = LINE ( 'NONE', #140, #1252 ) ;
#948 = PERSON_AND_ORGANIZATION ( #1300, #862 ) ;
#949 = CARTESIAN_POINT ( 'NONE',  ( -3.799999999999999822, 177.0000000000000000, 15.00000000000000355 ) ) ;
#950 = VERTEX_POINT ( 'NONE', #780 ) ;
#951 = CC_DESIGN_DATE_AND_TIME_ASSIGNMENT ( #547, #1437, ( #929 ) ) ;
#952 = CARTESIAN_POINT ( 'NONE',  ( 3.000000000000000000, 172.0000000000000000, -2.000000000000000000 ) ) ;
#953 = DIRECTION ( 'NONE',  ( 1.000000000000000000, 0.000000000000000000, 0.000000000000000000 ) ) ;
#954 = DIRECTION ( 'NONE',  ( 1.000000000000000000, 0.000000000000000000, 0.000000000000000000 ) ) ;
#955 = CARTESIAN_POINT ( 'NONE',  ( 3.799999999999999822, 177.0000000000000000, 15.00000000000000355 ) ) ;
#956 = ORIENTED_EDGE ( 'NONE', *, *, #357, .T. ) ;
#957 = CARTESIAN_POINT ( 'NONE',  ( -4.000000000000000000, -75.00000000000000000, 6.000000000000000000 ) ) ;
#958 = VECTOR ( 'NONE', #855, 1000.000000000000000 ) ;
#959 = CARTESIAN_POINT ( 'NONE',  ( -4.000000000000000000, -93.00000000000000000, -49.00000000000000000 ) ) ;
#960 = AXIS2_PLACEMENT_3D ( 'NONE', #1589, #693, #418 ) ;
#961 = DIRECTION ( 'NONE',  ( 0.000000000000000000, 0.000000000000000000, 1.000000000000000000 ) ) ;
#962 = AXIS2_PLACEMENT_3D ( 'NONE', #1163, #1041, #903 ) ;
#963 = VERTEX_POINT ( 'NONE', #625 ) ;
#964 = CYLINDRICAL_SURFACE ( 'NONE', #690, 10.00000000000000000 ) ;
#965 = VECTOR ( 'NONE', #312, 1000.000000000000000 ) ;
#966 = CARTESIAN_POINT ( 'NONE',  ( 0.000000000000000000, -100.7000000000000028, -44.20000000000000284 ) ) ;
#967 = ORIENTED_EDGE ( 'NONE', *, *, #1075, .T. ) ;
#968 = CARTESIAN_POINT ( 'NONE',  ( 0.000000000000000000, -93.00000000000000000, -49.00000000000000000 ) ) ;
#969 = CARTESIAN_POINT ( 'NONE',  ( 4.000000000000000000, -69.53778693398011512, 29.37015679068931107 ) ) ;
#970 = CARTESIAN_POINT ( 'NONE',  ( -3.100000000000000533, -105.0000000000000000, -32.00000000000000000 ) ) ;
#971 = EDGE_CURVE ( 'NONE', #467, #1654, #125, .T. ) ;
#972 = DIRECTION ( 'NONE',  ( 0.000000000000000000, 0.000000000000000000, 1.000000000000000000 ) ) ;
#973 = EDGE_CURVE ( 'NONE', #1294, #42, #449, .T. ) ;
#974 = DIRECTION ( 'NONE',  ( 0.000000000000000000, 0.000000000000000000, 1.000000000000000000 ) ) ;
#975 = ORIENTED_EDGE ( 'NONE', *, *, #544, .F. ) ;
#976 = LINE ( 'NONE', #90, #15 ) ;
#977 = CARTESIAN_POINT ( 'NONE',  ( 4.000000000000000000, -53.24430373969376973, 19.00000000000000355 ) ) ;
#978 = EDGE_LOOP ( 'NONE', ( #69, #1029 ) ) ;
#979 = DIRECTION ( 'NONE',  ( -0.000000000000000000, 1.000000000000000000, 0.000000000000000000 ) ) ;
#980 = EDGE_LOOP ( 'NONE', ( #1368, #986 ) ) ;
#981 = DIRECTION ( 'NONE',  ( 1.000000000000000000, 0.000000000000000000, -0.000000000000000000 ) ) ;
#982 = FACE_OUTER_BOUND ( 'NONE', #1638, .T. ) ;
#983 = EDGE_LOOP ( 'NONE', ( #682, #1639, #1087, #684 ) ) ;
#984 = FACE_OUTER_BOUND ( 'NONE', #672, .T. ) ;
#985 = DIRECTION ( 'NONE',  ( -1.000000000000000000, -0.000000000000000000, 0.000000000000000000 ) ) ;
#986 = ORIENTED_EDGE ( 'NONE', *, *, #1610, .T. ) ;
#987 = CIRCLE ( 'NONE', #473, 3.099999999999998757 ) ;
#988 = FACE_OUTER_BOUND ( 'NONE', #980, .T. ) ;
#989 = AXIS2_PLACEMENT_3D ( 'NONE', #129, #904, #254 ) ;
#990 = ORIENTED_EDGE ( 'NONE', *, *, #1117, .F. ) ;
#991 = DIRECTION ( 'NONE',  ( 0.000000000000000000, 0.000000000000000000, -1.000000000000000000 ) ) ;
#992 = CIRCLE ( 'NONE', #962, 2.250000000000001776 ) ;
#993 = PLANE ( 'NONE',  #1624 ) ;
#994 = EDGE_LOOP ( 'NONE', ( #1501, #298, #740, #1185 ) ) ;
#995 =( GEOMETRIC_REPRESENTATION_CONTEXT ( 3 ) GLOBAL_UNCERTAINTY_ASSIGNED_CONTEXT ( ( #771 ) ) GLOBAL_UNIT_ASSIGNED_CONTEXT ( ( #1149, #363, #900 ) ) REPRESENTATION_CONTEXT ( 'NONE', 'WORKASPACE' ) );
#996 = DIRECTION ( 'NONE',  ( 0.000000000000000000, 0.000000000000000000, -1.000000000000000000 ) ) ;
#997 = CARTESIAN_POINT ( 'NONE',  ( 0.000000000000000000, 177.0000000000000000, 14.00000000000000000 ) ) ;
#998 = EDGE_CURVE ( 'NONE', #243, #1536, #1535, .T. ) ;
#999 = FACE_OUTER_BOUND ( 'NONE', #1210, .T. ) ;
#1000 = CARTESIAN_POINT ( 'NONE',  ( -4.000000000000000000, -53.24430373969376973, 19.00000000000000355 ) ) ;
#1001 = VERTEX_POINT ( 'NONE', #1021 ) ;
#1002 = VERTEX_POINT ( 'NONE', #1642 ) ;
#1003 = DIRECTION ( 'NONE',  ( 1.000000000000000000, 0.000000000000000000, 0.000000000000000000 ) ) ;
#1004 = FACE_BOUND ( 'NONE', #17, .T. ) ;
#1005 = APPROVAL ( #1555, '未' ) ;
#1006 = LINE ( 'NONE', #359, #856 ) ;
#1007 = CARTESIAN_POINT ( 'NONE',  ( 3.100000000000000533, -100.7000000000000028, -19.80000000000000426 ) ) ;
#1008 = EDGE_LOOP ( 'NONE', ( #63, #207, #82, #426 ) ) ;
#1009 = DIRECTION ( 'NONE',  ( 1.000000000000000000, 0.000000000000000000, 0.000000000000000000 ) ) ;
#1010 = ORIENTED_EDGE ( 'NONE', *, *, #1255, .F. ) ;
#1011 = CARTESIAN_POINT ( 'NONE',  ( 0.000000000000000000, 172.0000000000000000, 14.00000000000000000 ) ) ;
#1012 = EDGE_CURVE ( 'NONE', #540, #467, #1142, .T. ) ;
#1013 = VECTOR ( 'NONE', #1476, 1000.000000000000000 ) ;
#1014 = DIRECTION ( 'NONE',  ( 0.000000000000000000, 0.000000000000000000, 1.000000000000000000 ) ) ;
#1015 = AXIS2_PLACEMENT_3D ( 'NONE', #337, #108, #233 ) ;
#1016 = ORIENTED_EDGE ( 'NONE', *, *, #578, .F. ) ;
#1017 = VECTOR ( 'NONE', #277, 1000.000000000000000 ) ;
#1018 = APPLICATION_PROTOCOL_DEFINITION ( 'international standard', 'config_control_design', 1994, #32 ) ;
#1019 = CIRCLE ( 'NONE', #1230, 5.100000000000000533 ) ;
#1020 = ORIENTED_EDGE ( 'NONE', *, *, #769, .T. ) ;
#1021 = CARTESIAN_POINT ( 'NONE',  ( 4.000000000000000888, -57.00000000000000000, -6.200000000000001066 ) ) ;
#1022 = CARTESIAN_POINT ( 'NONE',  ( -3.000000000000000000, 177.0000000000000000, -2.000000000000000000 ) ) ;
#1023 = EDGE_CURVE ( 'NONE', #348, #895, #253, .T. ) ;
#1024 = EDGE_LOOP ( 'NONE', ( #817, #1385, #894, #361 ) ) ;
#1025 = DIRECTION ( 'NONE',  ( 0.000000000000000000, 0.000000000000000000, -1.000000000000000000 ) ) ;
#1026 = ORIENTED_EDGE ( 'NONE', *, *, #624, .F. ) ;
#1027 = CARTESIAN_POINT ( 'NONE',  ( 3.100000000000000533, -105.0000000000000000, -19.80000000000000426 ) ) ;
#1028 = FACE_OUTER_BOUND ( 'NONE', #1162, .T. ) ;
#1029 = ORIENTED_EDGE ( 'NONE', *, *, #201, .F. ) ;
#1030 = DIRECTION ( 'NONE',  ( 1.000000000000000000, 0.000000000000000000, 0.000000000000000000 ) ) ;
#1031 = VERTEX_POINT ( 'NONE', #494 ) ;
#1032 = EDGE_CURVE ( 'NONE', #770, #1586, #1650, .T. ) ;
#1033 = ORIENTED_EDGE ( 'NONE', *, *, #1504, .T. ) ;
#1034 = CARTESIAN_POINT ( 'NONE',  ( -4.400000000000000355, -105.0000000000000000, -28.90000000000000213 ) ) ;
#1035 = FACE_OUTER_BOUND ( 'NONE', #732, .T. ) ;
#1036 = DIRECTION ( 'NONE',  ( -1.000000000000000000, -0.000000000000000000, -0.000000000000000000 ) ) ;
#1037 = ORIENTED_EDGE ( 'NONE', *, *, #425, .T. ) ;
#1038 = CIRCLE ( 'NONE', #372, 6.099999999999999645 ) ;
#1039 = ADVANCED_FACE ( 'NONE', ( #112 ), #382, .T. ) ;
#1040 = EDGE_CURVE ( 'NONE', #51, #870, #1156, .T. ) ;
#1041 = DIRECTION ( 'NONE',  ( 1.000000000000000000, 0.000000000000000000, -0.000000000000000000 ) ) ;
#1042 = DIRECTION ( 'NONE',  ( 0.000000000000000000, -0.000000000000000000, 1.000000000000000000 ) ) ;
#1043 = LINE ( 'NONE', #1554, #101 ) ;
#1044 = ORIENTED_EDGE ( 'NONE', *, *, #1198, .F. ) ;
#1045 = VERTEX_POINT ( 'NONE', #528 ) ;
#1046 = LINE ( 'NONE', #1186, #287 ) ;
#1047 = EDGE_CURVE ( 'NONE', #706, #1663, #397, .T. ) ;
#1048 = EDGE_LOOP ( 'NONE', ( #700, #1118, #517, #390 ) ) ;
#1049 = PLANE ( 'NONE',  #1414 ) ;
#1050 = ORIENTED_EDGE ( 'NONE', *, *, #1458, .F. ) ;
#1051 = ORIENTED_EDGE ( 'NONE', *, *, #344, .F. ) ;
#1052 = ORIENTED_EDGE ( 'NONE', *, *, #493, .F. ) ;
#1053 = ORIENTED_EDGE ( 'NONE', *, *, #292, .F. ) ;
#1054 = LINE ( 'NONE', #1109, #1652 ) ;
#1055 = DIRECTION ( 'NONE',  ( 1.000000000000000000, 0.000000000000000000, 0.000000000000000000 ) ) ;
#1056 = ORIENTED_EDGE ( 'NONE', *, *, #97, .T. ) ;
#1057 = CARTESIAN_POINT ( 'NONE',  ( -4.000000000000000000, 169.0000000000000000, -7.000000000000000000 ) ) ;
#1058 = EDGE_CURVE ( 'NONE', #1190, #1045, #992, .T. ) ;
#1059 = DIRECTION ( 'NONE',  ( -1.000000000000000000, 0.000000000000000000, 0.000000000000000000 ) ) ;
#1060 = ORIENTED_EDGE ( 'NONE', *, *, #49, .F. ) ;
#1061 = APPROVAL_DATE_TIME ( #1568, #631 ) ;
#1062 = CARTESIAN_POINT ( 'NONE',  ( -4.400000000000000355, -92.43484196985860990, -33.76212123976859658 ) ) ;
#1063 = VERTEX_POINT ( 'NONE', #786 ) ;
#1064 = AXIS2_PLACEMENT_3D ( 'NONE', #87, #595, #564 ) ;
#1065 = AXIS2_PLACEMENT_3D ( 'NONE', #388, #270, #1399 ) ;
#1066 = CARTESIAN_POINT ( 'NONE',  ( -3.100000000000000533, -100.7000000000000028, -30.02010101267765663 ) ) ;
#1067 = ORIENTED_EDGE ( 'NONE', *, *, #622, .T. ) ;
#1068 = AXIS2_PLACEMENT_3D ( 'NONE', #966, #424, #1447 ) ;
#1069 = EDGE_CURVE ( 'NONE', #492, #444, #827, .T. ) ;
#1070 = CARTESIAN_POINT ( 'NONE',  ( 3.000000000000000000, 169.0000000000000000, 13.99999999999999822 ) ) ;
#1071 = DIRECTION ( 'NONE',  ( 1.000000000000000000, 0.000000000000000000, 0.000000000000000000 ) ) ;
#1072 = EDGE_LOOP ( 'NONE', ( #1050, #1290 ) ) ;
#1073 = PERSON_AND_ORGANIZATION ( #1300, #862 ) ;
#1074 = DIRECTION ( 'NONE',  ( 1.000000000000000000, 0.000000000000000000, -0.000000000000000000 ) ) ;
#1075 = EDGE_CURVE ( 'NONE', #159, #1594, #891, .T. ) ;
#1076 = ORIENTED_EDGE ( 'NONE', *, *, #1170, .T. ) ;
#1077 = CARTESIAN_POINT ( 'NONE',  ( 4.000000000000000888, -57.00000000000000000, -3.000000000000000000 ) ) ;
#1078 = DIRECTION ( 'NONE',  ( 0.000000000000000000, 0.000000000000000000, 1.000000000000000000 ) ) ;
#1079 = DIRECTION ( 'NONE',  ( 1.000000000000000000, 0.000000000000000000, -0.000000000000000000 ) ) ;
#1080 = CARTESIAN_POINT ( 'NONE',  ( -3.500000000000000000, -105.0000000000000000, -29.75000000000000000 ) ) ;
#1081 = EDGE_LOOP ( 'NONE', ( #679, #291, #1620, #785 ) ) ;
#1082 = ADVANCED_FACE ( 'NONE', ( #772 ), #1412, .F. ) ;
#1083 = DIRECTION ( 'NONE',  ( -1.000000000000000000, -0.000000000000000000, -0.000000000000000000 ) ) ;
#1084 = CARTESIAN_POINT ( 'NONE',  ( 3.100000000000000533, -109.2999999999999972, -44.20000000000000284 ) ) ;
#1085 = FACE_OUTER_BOUND ( 'NONE', #765, .T. ) ;
#1086 = CARTESIAN_POINT ( 'NONE',  ( 4.000000000000000888, -62.78558120625428529, 21.99399804711102036 ) ) ;
#1087 = ORIENTED_EDGE ( 'NONE', *, *, #1633, .T. ) ;
#1088 = CARTESIAN_POINT ( 'NONE',  ( -4.000000000000000000, -75.00000000000000000, -0.09999999999999939493 ) ) ;
#1089 = PLANE ( 'NONE',  #174 ) ;
#1090 = AXIS2_PLACEMENT_3D ( 'NONE', #295, #1036, #167 ) ;
#1091 = EDGE_CURVE ( 'NONE', #259, #1612, #801, .T. ) ;
#1092 = AXIS2_PLACEMENT_3D ( 'NONE', #1297, #669, #767 ) ;
#1093 = EDGE_CURVE ( 'NONE', #940, #1001, #1292, .T. ) ;
#1094 = VECTOR ( 'NONE', #1107, 1000.000000000000000 ) ;
#1095 = LINE ( 'NONE', #866, #1257 ) ;
#1096 = VECTOR ( 'NONE', #118, 1000.000000000000000 ) ;
#1097 = ORIENTED_EDGE ( 'NONE', *, *, #493, .T. ) ;
#1098 = DIRECTION ( 'NONE',  ( 1.000000000000000000, 0.000000000000000000, -0.000000000000000000 ) ) ;
#1099 = AXIS2_PLACEMENT_3D ( 'NONE', #219, #871, #996 ) ;
#1100 = CARTESIAN_POINT ( 'NONE',  ( 3.799999999999999822, 177.0000000000000000, -3.000000000000000000 ) ) ;
#1101 = ORIENTED_EDGE ( 'NONE', *, *, #973, .T. ) ;
#1102 = CARTESIAN_POINT ( 'NONE',  ( -4.000000000000000000, -57.00000000000000000, -3.000000000000000000 ) ) ;
#1103 = DIRECTION ( 'NONE',  ( 0.000000000000000000, 0.000000000000000000, -1.000000000000000000 ) ) ;
#1104 = CC_DESIGN_DATE_AND_TIME_ASSIGNMENT ( #151, #1192, ( #1420 ) ) ;
#1105 = DIRECTION ( 'NONE',  ( -1.000000000000000000, -0.000000000000000000, 0.000000000000000000 ) ) ;
#1106 = CARTESIAN_POINT ( 'NONE',  ( 4.000000000000000888, -105.0000000000000000, -32.00000000000000000 ) ) ;
#1107 = DIRECTION ( 'NONE',  ( 1.000000000000000000, 0.000000000000000000, 0.000000000000000000 ) ) ;
#1108 = VERTEX_POINT ( 'NONE', #1278 ) ;
#1109 = CARTESIAN_POINT ( 'NONE',  ( 4.000000000000000000, 43.00000000000000000, 19.00000000000000355 ) ) ;
#1110 = CARTESIAN_POINT ( 'NONE',  ( -3.100000000000000533, -100.7000000000000028, -44.20000000000000284 ) ) ;
#1111 = ADVANCED_FACE ( 'NONE', ( #1151 ), #1552, .T. ) ;
#1112 = EDGE_LOOP ( 'NONE', ( #1016, #1033, #46, #1619 ) ) ;
#1113 = LINE ( 'NONE', #203, #1125 ) ;
#1114 = FACE_OUTER_BOUND ( 'NONE', #414, .T. ) ;
#1115 = LINE ( 'NONE', #227, #753 ) ;
#1116 = EDGE_CURVE ( 'NONE', #1448, #606, #1174, .T. ) ;
#1117 = EDGE_CURVE ( 'NONE', #348, #1341, #1046, .T. ) ;
#1118 = ORIENTED_EDGE ( 'NONE', *, *, #201, .T. ) ;
#1119 = DIRECTION ( 'NONE',  ( 0.000000000000000000, 0.000000000000000000, 1.000000000000000000 ) ) ;
#1120 = FACE_OUTER_BOUND ( 'NONE', #1498, .T. ) ;
#1121 = ORIENTED_EDGE ( 'NONE', *, *, #377, .F. ) ;
#1122 = AXIS2_PLACEMENT_3D ( 'NONE', #47, #972, #981 ) ;
#1123 = DIRECTION ( 'NONE',  ( 0.000000000000000000, 0.000000000000000000, -1.000000000000000000 ) ) ;
#1124 = VECTOR ( 'NONE', #511, 1000.000000000000000 ) ;
#1125 = VECTOR ( 'NONE', #601, 1000.000000000000000 ) ;
#1126 = CARTESIAN_POINT ( 'NONE',  ( -4.400000000000000355, -57.00000000000000000, -3.000000000000000000 ) ) ;
#1127 = ORIENTED_EDGE ( 'NONE', *, *, #1069, .T. ) ;
#1128 = ORIENTED_EDGE ( 'NONE', *, *, #751, .T. ) ;
#1129 = FACE_OUTER_BOUND ( 'NONE', #1112, .T. ) ;
#1130 = EDGE_CURVE ( 'NONE', #30, #430, #1334, .T. ) ;
#1131 = DIRECTION ( 'NONE',  ( -1.000000000000000000, -0.000000000000000000, -0.000000000000000000 ) ) ;
#1132 = FACE_OUTER_BOUND ( 'NONE', #109, .T. ) ;
#1133 = DIRECTION ( 'NONE',  ( 0.000000000000000000, 0.000000000000000000, 1.000000000000000000 ) ) ;
#1134 = EDGE_CURVE ( 'NONE', #1242, #1001, #1305, .T. ) ;
#1135 = ORIENTED_EDGE ( 'NONE', *, *, #377, .T. ) ;
#1136 = ORIENTED_EDGE ( 'NONE', *, *, #163, .F. ) ;
#1137 = DIRECTION ( 'NONE',  ( 1.000000000000000000, 0.000000000000000000, 0.000000000000000000 ) ) ;
#1138 = DIRECTION ( 'NONE',  ( 0.000000000000000000, 0.000000000000000000, -1.000000000000000000 ) ) ;
#1139 = ORIENTED_EDGE ( 'NONE', *, *, #998, .F. ) ;
#1140 = LINE ( 'NONE', #235, #152 ) ;
#1141 = ORIENTED_EDGE ( 'NONE', *, *, #819, .F. ) ;
#1142 = LINE ( 'NONE', #1427, #888 ) ;
#1143 = EDGE_CURVE ( 'NONE', #195, #104, #1206, .T. ) ;
#1144 = AXIS2_PLACEMENT_3D ( 'NONE', #1106, #1079, #328 ) ;
#1145 = CARTESIAN_POINT ( 'NONE',  ( 0.000000000000000000, -120.0000000000000000, 5.999999999999998224 ) ) ;
#1146 = VECTOR ( 'NONE', #504, 1000.000000000000000 ) ;
#1147 = VERTEX_POINT ( 'NONE', #183 ) ;
#1148 = AXIS2_PLACEMENT_3D ( 'NONE', #1352, #1105, #1615 ) ;
#1149 =( LENGTH_UNIT ( ) NAMED_UNIT ( * ) SI_UNIT ( .MILLI., .METRE. ) );
#1150 = ORIENTED_EDGE ( 'NONE', *, *, #279, .F. ) ;
#1151 = FACE_OUTER_BOUND ( 'NONE', #1262, .T. ) ;
#1152 = DIRECTION ( 'NONE',  ( -1.000000000000000000, -0.000000000000000000, 0.000000000000000000 ) ) ;
#1153 = ORIENTED_EDGE ( 'NONE', *, *, #1143, .T. ) ;
#1154 = CARTESIAN_POINT ( 'NONE',  ( -4.400000000000000355, -93.00000000000000000, -27.86311838666378904 ) ) ;
#1155 = ORIENTED_EDGE ( 'NONE', *, *, #1337, .F. ) ;
#1156 = LINE ( 'NONE', #1034, #314 ) ;
#1157 = CARTESIAN_POINT ( 'NONE',  ( 4.000000000000000000, 169.0000000000000000, -7.000000000000000000 ) ) ;
#1158 = CYLINDRICAL_SURFACE ( 'NONE', #664, 2.250000000000001776 ) ;
#1159 = ADVANCED_FACE ( 'NONE', ( #1581 ), #300, .T. ) ;
#1160 = CALENDAR_DATE ( 2026, 29, 8 ) ;
#1161 = EDGE_CURVE ( 'NONE', #1449, #797, #554, .T. ) ;
#1162 = EDGE_LOOP ( 'NONE', ( #1403, #350, #1579, #1301 ) ) ;
#1163 = CARTESIAN_POINT ( 'NONE',  ( 3.100000000000000533, -105.0000000000000000, -32.00000000000000000 ) ) ;
#1164 = FACE_OUTER_BOUND ( 'NONE', #437, .T. ) ;
#1165 = CARTESIAN_POINT ( 'NONE',  ( 3.799999999999999822, 182.0000000000000000, 15.00000000000000355 ) ) ;
#1166 = APPROVAL_ROLE ( '' ) ;
#1167 = AXIS2_PLACEMENT_3D ( 'NONE', #204, #1098, #1609 ) ;
#1168 = ORIENTED_EDGE ( 'NONE', *, *, #261, .T. ) ;
#1169 = VECTOR ( 'NONE', #538, 1000.000000000000000 ) ;
#1170 = EDGE_CURVE ( 'NONE', #1531, #770, #306, .T. ) ;
#1171 = AXIS2_PLACEMENT_3D ( 'NONE', #1379, #1364, #1123 ) ;
#1172 = VECTOR ( 'NONE', #1578, 1000.000000000000000 ) ;
#1173 = ORIENTED_EDGE ( 'NONE', *, *, #1213, .T. ) ;
#1174 = LINE ( 'NONE', #1324, #694 ) ;
#1175 = APPROVAL_PERSON_ORGANIZATION ( #1073, #631, #275 ) ;
#1176 = DIRECTION ( 'NONE',  ( 0.000000000000000000, 0.000000000000000000, 1.000000000000000000 ) ) ;
#1177 = FACE_OUTER_BOUND ( 'NONE', #170, .T. ) ;
#1178 = DATE_AND_TIME ( #790, #644 ) ;
#1179 = ORIENTED_EDGE ( 'NONE', *, *, #781, .T. ) ;
#1180 = DIRECTION ( 'NONE',  ( -1.000000000000000000, -0.000000000000000000, -0.000000000000000000 ) ) ;
#1181 = LINE ( 'NONE', #1084, #371 ) ;
#1182 = CYLINDRICAL_SURFACE ( 'NONE', #1648, 3.200000000000001510 ) ;
#1183 = ORIENTED_EDGE ( 'NONE', *, *, #1408, .T. ) ;
#1184 = DIRECTION ( 'NONE',  ( 1.000000000000000000, 0.000000000000000000, -0.000000000000000000 ) ) ;
#1185 = ORIENTED_EDGE ( 'NONE', *, *, #1213, .F. ) ;
#1186 = CARTESIAN_POINT ( 'NONE',  ( -3.100000000000000533, -100.7000000000000028, -44.20000000000000284 ) ) ;
#1187 = ORIENTED_EDGE ( 'NONE', *, *, #6, .T. ) ;
#1188 = EDGE_CURVE ( 'NONE', #1031, #1341, #701, .T. ) ;
#1189 = DIRECTION ( 'NONE',  ( 1.000000000000000000, 0.000000000000000000, 0.000000000000000000 ) ) ;
#1190 = VERTEX_POINT ( 'NONE', #935 ) ;
#1191 = CARTESIAN_POINT ( 'NONE',  ( -4.000000000000000000, -120.0000000000000000, -49.00000000000000000 ) ) ;
#1192 = DATE_TIME_ROLE ( 'classification_date' ) ;
#1193 = LINE ( 'NONE', #1313, #1335 ) ;
#1194 = EDGE_LOOP ( 'NONE', ( #865, #353, #481, #143 ) ) ;
#1195 = AXIS2_PLACEMENT_3D ( 'NONE', #158, #546, #1059 ) ;
#1196 = CIRCLE ( 'NONE', #960, 5.100000000000000533 ) ;
#1197 = VECTOR ( 'NONE', #1405, 1000.000000000000000 ) ;
#1198 = EDGE_CURVE ( 'NONE', #1280, #876, #809, .T. ) ;
#1199 = DIRECTION ( 'NONE',  ( 0.000000000000000000, 0.000000000000000000, -1.000000000000000000 ) ) ;
#1200 = CIRCLE ( 'NONE', #642, 3.099999999999998757 ) ;
#1201 = PLANE ( 'NONE',  #1546 ) ;
#1202 = VERTEX_POINT ( 'NONE', #959 ) ;
#1203 = DIRECTION ( 'NONE',  ( 0.000000000000000000, 0.000000000000000000, -1.000000000000000000 ) ) ;
#1204 = DIRECTION ( 'NONE',  ( 0.000000000000000000, 0.000000000000000000, -1.000000000000000000 ) ) ;
#1205 = ORIENTED_EDGE ( 'NONE', *, *, #142, .F. ) ;
#1206 = LINE ( 'NONE', #145, #419 ) ;
#1207 = CARTESIAN_POINT ( 'NONE',  ( 0.000000000000000000, -69.53778693398011512, 29.37015679068931462 ) ) ;
#1208 = DIRECTION ( 'NONE',  ( 0.000000000000000000, 0.000000000000000000, -1.000000000000000000 ) ) ;
#1209 = DIRECTION ( 'NONE',  ( 1.000000000000000000, 0.000000000000000000, 0.000000000000000000 ) ) ;
#1210 = EDGE_LOOP ( 'NONE', ( #408, #1508, #798, #458 ) ) ;
#1211 = EDGE_CURVE ( 'NONE', #1376, #1640, #911, .T. ) ;
#1212 = PLANE ( 'NONE',  #1600 ) ;
#1213 = EDGE_CURVE ( 'NONE', #483, #1202, #427, .T. ) ;
#1214 = CARTESIAN_POINT ( 'NONE',  ( -4.000000000000000000, 43.00000000000000000, -7.000000000000000000 ) ) ;
#1215 = ORIENTED_EDGE ( 'NONE', *, *, #973, .F. ) ;
#1216 = LINE ( 'NONE', #61, #965 ) ;
#1217 = ORIENTED_EDGE ( 'NONE', *, *, #74, .F. ) ;
#1218 = CARTESIAN_POINT ( 'NONE',  ( -3.799999999999999822, 187.0000000000000000, 15.00000000000000355 ) ) ;
#1219 = ORIENTED_EDGE ( 'NONE', *, *, #1641, .F. ) ;
#1220 = FACE_OUTER_BOUND ( 'NONE', #906, .T. ) ;
#1221 = CARTESIAN_POINT ( 'NONE',  ( 0.000000000000000000, -93.78331157592694467, -38.68061996615960396 ) ) ;
#1222 = ORIENTED_EDGE ( 'NONE', *, *, #741, .F. ) ;
#1223 = LINE ( 'NONE', #1613, #241 ) ;
#1224 = CARTESIAN_POINT ( 'NONE',  ( 4.000000000000000888, -94.82974190559771444, -32.62358522920136039 ) ) ;
#1225 = AXIS2_PLACEMENT_3D ( 'NONE', #303, #821, #273 ) ;
#1226 = EDGE_CURVE ( 'NONE', #67, #1002, #666, .T. ) ;
#1227 = AXIS2_PLACEMENT_3D ( 'NONE', #442, #62, #826 ) ;
#1228 = VECTOR ( 'NONE', #1083, 1000.000000000000000 ) ;
#1229 = LINE ( 'NONE', #1484, #71 ) ;
#1230 = AXIS2_PLACEMENT_3D ( 'NONE', #598, #200, #716 ) ;
#1231 = ORIENTED_EDGE ( 'NONE', *, *, #245, .F. ) ;
#1232 = CYLINDRICAL_SURFACE ( 'NONE', #443, 3.200000000000001510 ) ;
#1233 = LINE ( 'NONE', #80, #1094 ) ;
#1234 = EDGE_LOOP ( 'NONE', ( #597, #1128, #1076, #274 ) ) ;
#1235 = PLANE ( 'NONE',  #890 ) ;
#1236 = DIRECTION ( 'NONE',  ( 0.000000000000000000, 0.000000000000000000, 1.000000000000000000 ) ) ;
#1237 = CARTESIAN_POINT ( 'NONE',  ( -4.000000000000000000, -57.00000000000000000, -6.200000000000001066 ) ) ;
#1238 = ADVANCED_FACE ( 'NONE', ( #691 ), #44, .F. ) ;
#1239 = ORIENTED_EDGE ( 'NONE', *, *, #425, .F. ) ;
#1240 = FACE_OUTER_BOUND ( 'NONE', #218, .T. ) ;
#1241 = CYLINDRICAL_SURFACE ( 'NONE', #1015, 24.00000000000000000 ) ;
#1242 = VERTEX_POINT ( 'NONE', #410 ) ;
#1243 = CARTESIAN_POINT ( 'NONE',  ( 0.000000000000000000, 177.0000000000000000, -3.000000000000000000 ) ) ;
#1244 = DIRECTION ( 'NONE',  ( -0.000000000000000000, 1.000000000000000000, 0.000000000000000000 ) ) ;
#1245 = CARTESIAN_POINT ( 'NONE',  ( -3.100000000000000533, -109.2999999999999972, -44.20000000000000284 ) ) ;
#1246 = FACE_BOUND ( 'NONE', #162, .T. ) ;
#1247 = CC_DESIGN_PERSON_AND_ORGANIZATION_ASSIGNMENT ( #917, #657, ( #1285 ) ) ;
#1248 = FACE_BOUND ( 'NONE', #1562, .T. ) ;
#1249 = ORIENTED_EDGE ( 'NONE', *, *, #1355, .T. ) ;
#1250 = CARTESIAN_POINT ( 'NONE',  ( -3.000000000000000000, 177.0000000000000000, 14.00000000000000000 ) ) ;
#1251 = CARTESIAN_POINT ( 'NONE',  ( -4.400000000000000355, -105.0000000000000000, -34.25000000000000000 ) ) ;
#1252 = VECTOR ( 'NONE', #812, 1000.000000000000000 ) ;
#1253 = AXIS2_PLACEMENT_3D ( 'NONE', #72, #332, #1510 ) ;
#1254 = CARTESIAN_POINT ( 'NONE',  ( -4.000000000000000000, -99.00000000000000000, 5.999999999999998224 ) ) ;
#1255 = EDGE_CURVE ( 'NONE', #1147, #634, #1432, .T. ) ;
#1256 = AXIS2_PLACEMENT_3D ( 'NONE', #242, #1500, #217 ) ;
#1257 = VECTOR ( 'NONE', #739, 1000.000000000000000 ) ;
#1258 = FACE_BOUND ( 'NONE', #485, .T. ) ;
#1259 = ORIENTED_EDGE ( 'NONE', *, *, #439, .T. ) ;
#1260 = AXIS2_PLACEMENT_3D ( 'NONE', #957, #745, #209 ) ;
#1261 = ORIENTED_EDGE ( 'NONE', *, *, #299, .F. ) ;
#1262 = EDGE_LOOP ( 'NONE', ( #535, #1394, #421, #1217 ) ) ;
#1263 = EDGE_CURVE ( 'NONE', #1612, #492, #283, .T. ) ;
#1264 = FACE_OUTER_BOUND ( 'NONE', #1194, .T. ) ;
#1265 = ORIENTED_EDGE ( 'NONE', *, *, #35, .T. ) ;
#1266 = CARTESIAN_POINT ( 'NONE',  ( -4.400000000000000355, -105.0000000000000000, -29.75000000000000000 ) ) ;
#1267 = FACE_BOUND ( 'NONE', #909, .T. ) ;
#1268 = EDGE_LOOP ( 'NONE', ( #726, #575, #715, #153 ) ) ;
#1269 = EDGE_CURVE ( 'NONE', #1612, #259, #829, .T. ) ;
#1270 = VERTEX_POINT ( 'NONE', #1066 ) ;
#1271 = ADVANCED_FACE ( 'NONE', ( #1573 ), #818, .F. ) ;
#1272 = CARTESIAN_POINT ( 'NONE',  ( 0.000000000000000000, 169.0000000000000000, -2.000000000000000000 ) ) ;
#1273 = DIRECTION ( 'NONE',  ( 0.000000000000000000, -1.000000000000000000, -0.000000000000000000 ) ) ;
#1274 = ORIENTED_EDGE ( 'NONE', *, *, #741, .T. ) ;
#1275 = PERSON_AND_ORGANIZATION ( #1300, #862 ) ;
#1276 = ORIENTED_EDGE ( 'NONE', *, *, #971, .F. ) ;
#1277 = PRODUCT_RELATED_PRODUCT_CATEGORY ( 'detail', '', ( #387 ) ) ;
#1278 = CARTESIAN_POINT ( 'NONE',  ( -4.000000000000000000, -93.00000000000000000, -27.86311838666378904 ) ) ;
#1279 = DIRECTION ( 'NONE',  ( 1.000000000000000000, 0.000000000000000000, 0.000000000000000000 ) ) ;
#1280 = VERTEX_POINT ( 'NONE', #193 ) ;
#1281 = ORIENTED_EDGE ( 'NONE', *, *, #1047, .F. ) ;
#1282 = AXIS2_PLACEMENT_3D ( 'NONE', #1450, #560, #1199 ) ;
#1283 = CIRCLE ( 'NONE', #530, 5.100000000000000533 ) ;
#1284 = EDGE_LOOP ( 'NONE', ( #572, #5, #762, #889 ) ) ;
#1285 = PRODUCT_DEFINITION_FORMATION_WITH_SPECIFIED_SOURCE ( '�', '', #387, .NOT_KNOWN. ) ;
#1286 = ORIENTED_EDGE ( 'NONE', *, *, #1332, .T. ) ;
#1287 = CARTESIAN_POINT ( 'NONE',  ( -4.000000000000000000, -62.78558120625428529, 21.99399804711102036 ) ) ;
#1288 = EDGE_CURVE ( 'NONE', #752, #1556, #1216, .T. ) ;
#1289 = DIRECTION ( 'NONE',  ( 0.000000000000000000, 0.000000000000000000, 1.000000000000000000 ) ) ;
#1290 = ORIENTED_EDGE ( 'NONE', *, *, #751, .F. ) ;
#1291 = ORIENTED_EDGE ( 'NONE', *, *, #161, .T. ) ;
#1292 = LINE ( 'NONE', #1529, #1197 ) ;
#1293 = CARTESIAN_POINT ( 'NONE',  ( -3.100000000000000533, -100.7000000000000028, -19.80000000000000426 ) ) ;
#1294 = VERTEX_POINT ( 'NONE', #1322 ) ;
#1295 = ORIENTED_EDGE ( 'NONE', *, *, #117, .F. ) ;
#1296 = CARTESIAN_POINT ( 'NONE',  ( 4.000000000000000000, 43.00000000000000000, -7.000000000000000000 ) ) ;
#1297 = CARTESIAN_POINT ( 'NONE',  ( 4.000000000000000888, -94.82974190559771444, -32.62358522920136039 ) ) ;
#1298 = CIRCLE ( 'NONE', #1565, 5.100000000000000533 ) ;
#1299 = CARTESIAN_POINT ( 'NONE',  ( -3.799999999999999822, 177.0000000000000000, -3.000000000000000000 ) ) ;
#1300 = PERSON ( '未', '未', '未', ('未'), ('未'), ('未') ) ;
#1301 = ORIENTED_EDGE ( 'NONE', *, *, #163, .T. ) ;
#1302 = APPROVAL_DATE_TIME ( #1178, #1005 ) ;
#1303 = VECTOR ( 'NONE', #1273, 1000.000000000000000 ) ;
#1304 = VERTEX_POINT ( 'NONE', #941 ) ;
#1305 = CIRCLE ( 'NONE', #1416, 3.200000000000000622 ) ;
#1306 = ADVANCED_FACE ( 'NONE', ( #806 ), #48, .F. ) ;
#1307 = VECTOR ( 'NONE', #632, 1000.000000000000000 ) ;
#1308 = DIRECTION ( 'NONE',  ( 1.000000000000000000, 0.000000000000000000, 0.000000000000000000 ) ) ;
#1309 = FACE_OUTER_BOUND ( 'NONE', #1584, .T. ) ;
#1310 = ORIENTED_EDGE ( 'NONE', *, *, #1380, .T. ) ;
#1311 = PLANE ( 'NONE',  #1195 ) ;
#1312 = CALENDAR_DATE ( 2026, 29, 8 ) ;
#1313 = CARTESIAN_POINT ( 'NONE',  ( -4.000000000000000000, -53.24430373969376973, 19.00000000000000355 ) ) ;
#1314 = VERTEX_POINT ( 'NONE', #1479 ) ;
#1315 = EDGE_CURVE ( 'NONE', #1001, #1242, #1418, .T. ) ;
#1316 = EDGE_CURVE ( 'NONE', #444, #492, #399, .T. ) ;
#1317 = DIRECTION ( 'NONE',  ( -1.000000000000000000, -0.000000000000000000, 0.000000000000000000 ) ) ;
#1318 = EDGE_LOOP ( 'NONE', ( #1135, #843, #760, #404 ) ) ;
#1319 = FACE_BOUND ( 'NONE', #1268, .T. ) ;
#1320 = LINE ( 'NONE', #1165, #550 ) ;
#1321 = PERSON_AND_ORGANIZATION_ROLE ( 'classification_officer' ) ;
#1322 = CARTESIAN_POINT ( 'NONE',  ( -4.000000000000000000, -93.00000000000000000, -9.874507866387540744 ) ) ;
#1323 = ORIENTED_EDGE ( 'NONE', *, *, #516, .T. ) ;
#1324 = CARTESIAN_POINT ( 'NONE',  ( 0.000000000000000000, 169.0000000000000000, 19.00000000000000355 ) ) ;
#1325 = CC_DESIGN_PERSON_AND_ORGANIZATION_ASSIGNMENT ( #168, #296, ( #929 ) ) ;
#1326 = CARTESIAN_POINT ( 'NONE',  ( 0.000000000000000000, 177.0000000000000000, -2.000000000000000000 ) ) ;
#1327 = DIRECTION ( 'NONE',  ( 1.000000000000000000, 0.000000000000000000, -0.000000000000000000 ) ) ;
#1328 = LINE ( 'NONE', #1100, #1172 ) ;
#1329 = EDGE_LOOP ( 'NONE', ( #1219, #276, #623, #807 ) ) ;
#1330 = CIRCLE ( 'NONE', #1144, 2.250000000000001776 ) ;
#1331 = AXIS2_PLACEMENT_3D ( 'NONE', #1611, #352, #88 ) ;
#1332 = EDGE_CURVE ( 'NONE', #656, #1398, #1328, .T. ) ;
#1333 = AXIS2_PLACEMENT_3D ( 'NONE', #1649, #8, #262 ) ;
#1334 = LINE ( 'NONE', #1296, #263 ) ;
#1335 = VECTOR ( 'NONE', #558, 1000.000000000000000 ) ;
#1336 = CARTESIAN_POINT ( 'NONE',  ( 0.000000000000000000, -105.0000000000000000, -44.20000000000000284 ) ) ;
#1337 = EDGE_CURVE ( 'NONE', #1663, #30, #586, .T. ) ;
#1338 = CARTESIAN_POINT ( 'NONE',  ( 3.000000000000000000, 169.0000000000000000, -2.000000000000000000 ) ) ;
#1339 = EDGE_CURVE ( 'NONE', #918, #1314, #457, .T. ) ;
#1340 = LINE ( 'NONE', #188, #698 ) ;
#1341 = VERTEX_POINT ( 'NONE', #688 ) ;
#1342 = DIRECTION ( 'NONE',  ( -1.000000000000000000, -0.000000000000000000, 0.000000000000000000 ) ) ;
#1343 = LINE ( 'NONE', #60, #614 ) ;
#1344 = CARTESIAN_POINT ( 'NONE',  ( -4.400000000000000355, -94.82974190559771444, -32.62358522920136039 ) ) ;
#1345 = DIRECTION ( 'NONE',  ( -0.000000000000000000, 1.000000000000000000, 0.000000000000000000 ) ) ;
#1346 = FACE_OUTER_BOUND ( 'NONE', #813, .T. ) ;
#1347 = CARTESIAN_POINT ( 'NONE',  ( 4.000000000000000888, -57.00000000000000000, -3.000000000000000000 ) ) ;
#1348 = EDGE_CURVE ( 'NONE', #358, #497, #1193, .T. ) ;
#1349 = ORIENTED_EDGE ( 'NONE', *, *, #1380, .F. ) ;
#1350 = DIRECTION ( 'NONE',  ( -0.000000000000000000, 1.000000000000000000, 0.000000000000000000 ) ) ;
#1351 = DIRECTION ( 'NONE',  ( 1.000000000000000000, 0.000000000000000000, 0.000000000000000000 ) ) ;
#1352 = CARTESIAN_POINT ( 'NONE',  ( -4.000000000000000000, -94.82974190559771444, -32.62358522920136039 ) ) ;
#1353 = ORIENTED_EDGE ( 'NONE', *, *, #816, .T. ) ;
#1354 = PLANE ( 'NONE',  #1064 ) ;
#1355 = EDGE_CURVE ( 'NONE', #236, #243, #1283, .T. ) ;
#1356 = CARTESIAN_POINT ( 'NONE',  ( -3.100000000000000533, -100.7000000000000028, -44.20000000000000284 ) ) ;
#1357 = VERTEX_POINT ( 'NONE', #160 ) ;
#1358 = CARTESIAN_POINT ( 'NONE',  ( 0.000000000000000000, 177.0000000000000000, -3.000000000000000000 ) ) ;
#1359 = EDGE_CURVE ( 'NONE', #483, #1280, #1340, .T. ) ;
#1360 = FACE_OUTER_BOUND ( 'NONE', #1329, .T. ) ;
#1361 = AXIS2_PLACEMENT_3D ( 'NONE', #463, #954, #435 ) ;
#1362 = AXIS2_PLACEMENT_3D ( 'NONE', #646, #1279, #660 ) ;
#1363 = VECTOR ( 'NONE', #33, 1000.000000000000000 ) ;
#1364 = DIRECTION ( 'NONE',  ( 1.000000000000000000, 0.000000000000000000, 0.000000000000000000 ) ) ;
#1365 = VECTOR ( 'NONE', #229, 1000.000000000000000 ) ;
#1366 = CARTESIAN_POINT ( 'NONE',  ( -4.400000000000000355, -62.78558120625428529, 21.99399804711102036 ) ) ;
#1367 = CARTESIAN_POINT ( 'NONE',  ( 4.000000000000000000, -93.00000000000000000, -49.00000000000000000 ) ) ;
#1368 = ORIENTED_EDGE ( 'NONE', *, *, #346, .T. ) ;
#1369 = DIRECTION ( 'NONE',  ( -1.000000000000000000, -0.000000000000000000, -0.000000000000000000 ) ) ;
#1370 = PLANE ( 'NONE',  #417 ) ;
#1371 = EDGE_CURVE ( 'NONE', #1045, #1190, #590, .T. ) ;
#1372 = DIRECTION ( 'NONE',  ( -1.000000000000000000, -0.000000000000000000, 0.000000000000000000 ) ) ;
#1373 = ORIENTED_EDGE ( 'NONE', *, *, #604, .T. ) ;
#1374 = CARTESIAN_POINT ( 'NONE',  ( 4.000000000000000888, -97.79286327326616401, -36.77447811633620489 ) ) ;
#1375 = PLANE ( 'NONE',  #1256 ) ;
#1376 = VERTEX_POINT ( 'NONE', #1080 ) ;
#1377 = LINE ( 'NONE', #1358, #1365 ) ;
#1378 = CARTESIAN_POINT ( 'NONE',  ( -4.400000000000000355, -62.78558120625428529, 25.19399804711102320 ) ) ;
#1379 = CARTESIAN_POINT ( 'NONE',  ( -4.000000000000000000, -75.00000000000000000, 6.000000000000000000 ) ) ;
#1380 = EDGE_CURVE ( 'NONE', #497, #1448, #29, .T. ) ;
#1381 = LINE ( 'NONE', #605, #446 ) ;
#1382 = VERTEX_POINT ( 'NONE', #949 ) ;
#1383 = EDGE_LOOP ( 'NONE', ( #1249, #854, #850, #255 ) ) ;
#1384 = LINE ( 'NONE', #515, #912 ) ;
#1385 = ORIENTED_EDGE ( 'NONE', *, *, #85, .T. ) ;
#1386 = ORIENTED_EDGE ( 'NONE', *, *, #1439, .F. ) ;
#1387 = VECTOR ( 'NONE', #226, 1000.000000000000000 ) ;
#1388 = PLANE ( 'NONE',  #501 ) ;
#1389 = VECTOR ( 'NONE', #1289, 1000.000000000000000 ) ;
#1390 = VECTOR ( 'NONE', #659, 1000.000000000000000 ) ;
#1391 = DIRECTION ( 'NONE',  ( 1.000000000000000000, 0.000000000000000000, -0.000000000000000000 ) ) ;
#1392 = ADVANCED_FACE ( 'NONE', ( #705 ), #1455, .F. ) ;
#1393 = ADVANCED_FACE ( 'NONE', ( #699 ), #565, .F. ) ;
#1394 = ORIENTED_EDGE ( 'NONE', *, *, #1518, .F. ) ;
#1395 = VECTOR ( 'NONE', #974, 1000.000000000000000 ) ;
#1396 = CARTESIAN_POINT ( 'NONE',  ( -3.500000000000000000, -105.0000000000000000, -34.25000000000000000 ) ) ;
#1397 = CC_DESIGN_APPROVAL ( #1005, ( #1420 ) ) ;
#1398 = VERTEX_POINT ( 'NONE', #955 ) ;
#1399 = DIRECTION ( 'NONE',  ( 0.000000000000000000, 0.000000000000000000, -1.000000000000000000 ) ) ;
#1400 = EDGE_CURVE ( 'NONE', #1376, #16, #1585, .T. ) ;
#1401 = CARTESIAN_POINT ( 'NONE',  ( 3.000000000000000000, 177.0000000000000000, -2.000000000000000000 ) ) ;
#1402 = EDGE_LOOP ( 'NONE', ( #1020, #647, #1010, #1616 ) ) ;
#1403 = ORIENTED_EDGE ( 'NONE', *, *, #1198, .T. ) ;
#1404 = PRODUCT_DEFINITION_SHAPE ( 'NONE', 'NONE',  #929 ) ;
#1405 = DIRECTION ( 'NONE',  ( 1.000000000000000000, 0.000000000000000000, 0.000000000000000000 ) ) ;
#1406 = CARTESIAN_POINT ( 'NONE',  ( -3.100000000000000533, -109.2999999999999972, -44.20000000000000284 ) ) ;
#1407 = ORIENTED_EDGE ( 'NONE', *, *, #769, .F. ) ;
#1408 = EDGE_CURVE ( 'NONE', #1304, #53, #57, .T. ) ;
#1409 = DIRECTION ( 'NONE',  ( 0.000000000000000000, 0.000000000000000000, 1.000000000000000000 ) ) ;
#1410 = ORIENTED_EDGE ( 'NONE', *, *, #645, .F. ) ;
#1411 = EDGE_CURVE ( 'NONE', #1542, #559, #838, .T. ) ;
#1412 = PLANE ( 'NONE',  #1333 ) ;
#1413 = CARTESIAN_POINT ( 'NONE',  ( -4.400000000000000355, -75.00000000000000000, 12.09999999999999964 ) ) ;
#1414 = AXIS2_PLACEMENT_3D ( 'NONE', #1336, #678, #804 ) ;
#1415 = ORIENTED_EDGE ( 'NONE', *, *, #1332, .F. ) ;
#1416 = AXIS2_PLACEMENT_3D ( 'NONE', #1077, #945, #1588 ) ;
#1417 = CARTESIAN_POINT ( 'NONE',  ( -4.000000000000000000, -75.00000000000000000, 6.000000000000000000 ) ) ;
#1418 = CIRCLE ( 'NONE', #451, 3.200000000000000622 ) ;
#1419 = ORIENTED_EDGE ( 'NONE', *, *, #764, .T. ) ;
#1420 = SECURITY_CLASSIFICATION ( '', '', #924 ) ;
#1421 = DIRECTION ( 'NONE',  ( -1.000000000000000000, -0.000000000000000000, 0.000000000000000000 ) ) ;
#1422 = EDGE_CURVE ( 'NONE', #1646, #797, #1604, .T. ) ;
#1423 = LINE ( 'NONE', #1145, #1493 ) ;
#1424 = DIRECTION ( 'NONE',  ( 0.000000000000000000, 0.000000000000000000, -1.000000000000000000 ) ) ;
#1425 = COORDINATED_UNIVERSAL_TIME_OFFSET ( 8, 0, .AHEAD. ) ;
#1426 = ORIENTED_EDGE ( 'NONE', *, *, #189, .T. ) ;
#1427 = CARTESIAN_POINT ( 'NONE',  ( 0.000000000000000000, -100.7000000000000028, -19.80000000000000426 ) ) ;
#1428 = DIRECTION ( 'NONE',  ( 0.000000000000000000, 0.000000000000000000, 1.000000000000000000 ) ) ;
#1429 = CARTESIAN_POINT ( 'NONE',  ( -4.000000000000000000, -75.00000000000000000, -18.00000000000000355 ) ) ;
#1430 = ORIENTED_EDGE ( 'NONE', *, *, #1339, .T. ) ;
#1431 = ORIENTED_EDGE ( 'NONE', *, *, #676, .T. ) ;
#1432 = LINE ( 'NONE', #926, #1363 ) ;
#1433 = EDGE_LOOP ( 'NONE', ( #1485, #1528, #1139, #877 ) ) ;
#1434 = DIRECTION ( 'NONE',  ( -0.000000000000000000, 1.000000000000000000, 0.000000000000000000 ) ) ;
#1435 = DIRECTION ( 'NONE',  ( 0.000000000000000000, 0.000000000000000000, 1.000000000000000000 ) ) ;
#1436 = VERTEX_POINT ( 'NONE', #459 ) ;
#1437 = DATE_TIME_ROLE ( 'creation_date' ) ;
#1438 = AXIS2_PLACEMENT_3D ( 'NONE', #1126, #1514, #1138 ) ;
#1439 = EDGE_CURVE ( 'NONE', #606, #358, #1054, .T. ) ;
#1440 = EDGE_LOOP ( 'NONE', ( #563, #281, #305, #774 ) ) ;
#1441 = VECTOR ( 'NONE', #138, 1000.000000000000000 ) ;
#1442 = DIRECTION ( 'NONE',  ( 1.000000000000000000, 0.000000000000000000, 0.000000000000000000 ) ) ;
#1443 = DIRECTION ( 'NONE',  ( 1.000000000000000000, 0.000000000000000000, -0.000000000000000000 ) ) ;
#1444 = APPLICATION_CONTEXT ( 'configuration controlled 3d designs of mechanical parts and assemblies' ) ;
#1445 = CARTESIAN_POINT ( 'NONE',  ( 4.000000000000000000, -54.82575899816798426, -6.999999999999997335 ) ) ;
#1446 = APPROVAL_DATE_TIME ( #4, #154 ) ;
#1447 = DIRECTION ( 'NONE',  ( 0.000000000000000000, -0.000000000000000000, 1.000000000000000000 ) ) ;
#1448 = VERTEX_POINT ( 'NONE', #99 ) ;
#1449 = VERTEX_POINT ( 'NONE', #1587 ) ;
#1450 = CARTESIAN_POINT ( 'NONE',  ( -3.500000000000000000, -105.0000000000000000, -32.00000000000000000 ) ) ;
#1451 = ORIENTED_EDGE ( 'NONE', *, *, #336, .T. ) ;
#1452 = DIRECTION ( 'NONE',  ( -1.000000000000000000, -0.000000000000000000, 0.000000000000000000 ) ) ;
#1453 = CARTESIAN_POINT ( 'NONE',  ( -4.000000000000000000, -95.13903057035071242, -38.08616610690037163 ) ) ;
#1454 = SHAPE_DEFINITION_REPRESENTATION ( #1404, #927 ) ;
#1455 = CYLINDRICAL_SURFACE ( 'NONE', #106, 5.100000000000000533 ) ;
#1456 = ORIENTED_EDGE ( 'NONE', *, *, #1439, .T. ) ;
#1457 = DIRECTION ( 'NONE',  ( 0.000000000000000000, 0.000000000000000000, -1.000000000000000000 ) ) ;
#1458 = EDGE_CURVE ( 'NONE', #1531, #950, #557, .T. ) ;
#1459 = ORIENTED_EDGE ( 'NONE', *, *, #336, .F. ) ;
#1460 = DIRECTION ( 'NONE',  ( 0.000000000000000000, 0.000000000000000000, 1.000000000000000000 ) ) ;
#1461 = DIRECTION ( 'NONE',  ( -1.000000000000000000, -0.000000000000000000, 0.000000000000000000 ) ) ;
#1462 = CARTESIAN_POINT ( 'NONE',  ( -4.400000000000000355, -105.0000000000000000, -29.75000000000000000 ) ) ;
#1463 = ORIENTED_EDGE ( 'NONE', *, *, #638, .F. ) ;
#1464 = LINE ( 'NONE', #315, #1628 ) ;
#1465 = CIRCLE ( 'NONE', #853, 2.250000000000001776 ) ;
#1466 = AXIS2_PLACEMENT_3D ( 'NONE', #970, #1372, #105 ) ;
#1467 = CARTESIAN_POINT ( 'NONE',  ( 0.000000000000000000, -93.00000000000000000, -49.00000000000000000 ) ) ;
#1468 = AXIS2_PLACEMENT_3D ( 'NONE', #177, #1184, #447 ) ;
#1469 = EDGE_CURVE ( 'NONE', #234, #236, #476, .T. ) ;
#1470 = CARTESIAN_POINT ( 'NONE',  ( -4.400000000000000355, -96.00000000000000000, -32.00000000000000000 ) ) ;
#1471 = VERTEX_POINT ( 'NONE', #840 ) ;
#1472 = PLANE ( 'NONE',  #1544 ) ;
#1473 = CARTESIAN_POINT ( 'NONE',  ( 3.100000000000000533, -105.0000000000000000, -44.20000000000000284 ) ) ;
#1474 = ORIENTED_EDGE ( 'NONE', *, *, #1211, .F. ) ;
#1475 = DIRECTION ( 'NONE',  ( -1.000000000000000000, -0.000000000000000000, -0.000000000000000000 ) ) ;
#1476 = DIRECTION ( 'NONE',  ( 1.000000000000000000, 0.000000000000000000, -0.000000000000000000 ) ) ;
#1477 = DIRECTION ( 'NONE',  ( 0.000000000000000000, 0.000000000000000000, 1.000000000000000000 ) ) ;
#1478 = DIRECTION ( 'NONE',  ( 1.000000000000000000, 0.000000000000000000, -0.000000000000000000 ) ) ;
#1479 = CARTESIAN_POINT ( 'NONE',  ( 3.799999999999999822, 187.0000000000000000, 15.00000000000000355 ) ) ;
#1480 = ADVANCED_FACE ( 'NONE', ( #728 ), #576, .F. ) ;
#1481 = VERTEX_POINT ( 'NONE', #1250 ) ;
#1482 = DIRECTION ( 'NONE',  ( -1.000000000000000000, -0.000000000000000000, 0.000000000000000000 ) ) ;
#1483 = LINE ( 'NONE', #737, #639 ) ;
#1484 = CARTESIAN_POINT ( 'NONE',  ( -3.000000000000000000, 172.0000000000000000, 14.00000000000000000 ) ) ;
#1485 = ORIENTED_EDGE ( 'NONE', *, *, #1641, .T. ) ;
#1486 = FACE_BOUND ( 'NONE', #925, .T. ) ;
#1487 = FACE_BOUND ( 'NONE', #1081, .T. ) ;
#1488 = EDGE_LOOP ( 'NONE', ( #1155, #1281, #1577, #122 ) ) ;
#1489 = DIRECTION ( 'NONE',  ( 0.000000000000000000, 0.000000000000000000, -1.000000000000000000 ) ) ;
#1490 = EDGE_CURVE ( 'NONE', #1147, #89, #1464, .T. ) ;
#1491 = CARTESIAN_POINT ( 'NONE',  ( -3.500000000000000000, -105.0000000000000000, -32.00000000000000000 ) ) ;
#1492 = CIRCLE ( 'NONE', #498, 10.00000000000000000 ) ;
#1493 = VECTOR ( 'NONE', #1152, 1000.000000000000000 ) ;
#1494 = ORIENTED_EDGE ( 'NONE', *, *, #1504, .F. ) ;
#1495 = CIRCLE ( 'NONE', #238, 3.200000000000000178 ) ;
#1496 = FACE_OUTER_BOUND ( 'NONE', #246, .T. ) ;
#1497 = VECTOR ( 'NONE', #1009, 1000.000000000000000 ) ;
#1498 = EDGE_LOOP ( 'NONE', ( #711, #1560, #384, #537, #1426, #190, #327, #1310, #1505, #225, #777, #1215, #1534, #858, #898, #1261, #1052, #1141 ) ) ;
#1499 = CARTESIAN_POINT ( 'NONE',  ( -4.000000000000000000, -106.5000000000000000, 5.999999999999998224 ) ) ;
#1500 = DIRECTION ( 'NONE',  ( -0.000000000000000000, 1.000000000000000000, 0.000000000000000000 ) ) ;
#1501 = ORIENTED_EDGE ( 'NONE', *, *, #675, .F. ) ;
#1502 = DIRECTION ( 'NONE',  ( 0.000000000000000000, 0.000000000000000000, 1.000000000000000000 ) ) ;
#1503 = CARTESIAN_POINT ( 'NONE',  ( -4.000000000000000000, -93.03687863233153621, -27.84910711286516616 ) ) ;
#1504 = EDGE_CURVE ( 'NONE', #120, #940, #1550, .T. ) ;
#1505 = ORIENTED_EDGE ( 'NONE', *, *, #808, .F. ) ;
#1506 = DIRECTION ( 'NONE',  ( -1.000000000000000000, 0.000000000000000000, 0.000000000000000000 ) ) ;
#1507 = CARTESIAN_POINT ( 'NONE',  ( -3.799999999999999822, 182.0000000000000000, -3.000000000000000000 ) ) ;
#1508 = ORIENTED_EDGE ( 'NONE', *, *, #245, .T. ) ;
#1509 = DIRECTION ( 'NONE',  ( 0.000000000000000000, 0.000000000000000000, -1.000000000000000000 ) ) ;
#1510 = DIRECTION ( 'NONE',  ( 0.000000000000000000, 0.000000000000000000, 1.000000000000000000 ) ) ;
#1511 = EDGE_CURVE ( 'NONE', #78, #467, #976, .T. ) ;
#1512 = DIRECTION ( 'NONE',  ( 0.000000000000000000, 0.000000000000000000, 1.000000000000000000 ) ) ;
#1513 = ADVANCED_FACE ( 'NONE', ( #191, #707 ), #1212, .T. ) ;
#1514 = DIRECTION ( 'NONE',  ( 1.000000000000000000, 0.000000000000000000, 0.000000000000000000 ) ) ;
#1515 = ORIENTED_EDGE ( 'NONE', *, *, #1023, .T. ) ;
#1516 = CARTESIAN_POINT ( 'NONE',  ( 4.000000000000000888, -75.00000000000000000, 12.09999999999999964 ) ) ;
#1517 = ORIENTED_EDGE ( 'NONE', *, *, #508, .F. ) ;
#1518 = EDGE_CURVE ( 'NONE', #89, #656, #1377, .T. ) ;
#1519 = AXIS2_PLACEMENT_3D ( 'NONE', #1224, #618, #469 ) ;
#1520 = VECTOR ( 'NONE', #782, 1000.000000000000000 ) ;
#1521 = DIRECTION ( 'NONE',  ( 1.000000000000000000, 0.000000000000000000, 0.000000000000000000 ) ) ;
#1522 = AXIS2_PLACEMENT_3D ( 'NONE', #1011, #896, #519 ) ;
#1523 = CC_DESIGN_PERSON_AND_ORGANIZATION_ASSIGNMENT ( #948, #1549, ( #1285 ) ) ;
#1524 = AXIS2_PLACEMENT_3D ( 'NONE', #1086, #1074, #41 ) ;
#1525 = CARTESIAN_POINT ( 'NONE',  ( 4.000000000000000888, -105.0000000000000000, -29.75000000000000000 ) ) ;
#1526 = EDGE_LOOP ( 'NONE', ( #1459, #1474 ) ) ;
#1527 = AXIS2_PLACEMENT_3D ( 'NONE', #1645, #754, #267 ) ;
#1528 = ORIENTED_EDGE ( 'NONE', *, *, #321, .T. ) ;
#1529 = CARTESIAN_POINT ( 'NONE',  ( -4.400000000000000355, -57.00000000000000000, -6.200000000000001066 ) ) ;
#1530 = CARTESIAN_POINT ( 'NONE',  ( 0.000000000000000000, -100.7000000000000028, -44.20000000000000284 ) ) ;
#1531 = VERTEX_POINT ( 'NONE', #1088 ) ;
#1532 = APPLICATION_PROTOCOL_DEFINITION ( 'international standard', 'config_control_design', 1994, #1444 ) ;
#1533 = ADVANCED_FACE ( 'NONE', ( #608 ), #1596, .T. ) ;
#1534 = ORIENTED_EDGE ( 'NONE', *, *, #31, .F. ) ;
#1535 = LINE ( 'NONE', #405, #1390 ) ;
#1536 = VERTEX_POINT ( 'NONE', #450 ) ;
#1537 = CYLINDRICAL_SURFACE ( 'NONE', #1362, 5.100000000000000533 ) ;
#1538 = ADVANCED_FACE ( 'NONE', ( #847 ), #1235, .T. ) ;
#1539 = ORIENTED_EDGE ( 'NONE', *, *, #466, .F. ) ;
#1540 = ORIENTED_EDGE ( 'NONE', *, *, #510, .T. ) ;
#1541 = ORIENTED_EDGE ( 'NONE', *, *, #1188, .T. ) ;
#1542 = VERTEX_POINT ( 'NONE', #83 ) ;
#1543 = DIRECTION ( 'NONE',  ( 0.000000000000000000, 0.000000000000000000, -1.000000000000000000 ) ) ;
#1544 = AXIS2_PLACEMENT_3D ( 'NONE', #1583, #1461, #723 ) ;
#1545 = DIRECTION ( 'NONE',  ( 1.000000000000000000, 0.000000000000000000, -0.000000000000000000 ) ) ;
#1546 = AXIS2_PLACEMENT_3D ( 'NONE', #308, #1460, #1443 ) ;
#1547 = CARTESIAN_POINT ( 'NONE',  ( -3.100000000000000533, -105.0000000000000000, -29.75000000000000000 ) ) ;
#1548 = AXIS2_PLACEMENT_3D ( 'NONE', #1608, #581, #462 ) ;
#1549 = PERSON_AND_ORGANIZATION_ROLE ( 'design_supplier' ) ;
#1550 = CIRCLE ( 'NONE', #757, 3.200000000000000178 ) ;
#1551 = EDGE_LOOP ( 'NONE', ( #356, #637, #289, #7 ) ) ;
#1552 = PLANE ( 'NONE',  #478 ) ;
#1553 = DIRECTION ( 'NONE',  ( 1.000000000000000000, 0.000000000000000000, 0.000000000000000000 ) ) ;
#1554 = CARTESIAN_POINT ( 'NONE',  ( -4.000000000000000000, -93.00000000000000000, -49.00000000000000000 ) ) ;
#1555 = APPROVAL_STATUS ( 'not_yet_approved' ) ;
#1556 = VERTEX_POINT ( 'NONE', #324 ) ;
#1557 = CARTESIAN_POINT ( 'NONE',  ( -4.400000000000000355, -105.0000000000000000, -32.00000000000000000 ) ) ;
#1558 = EDGE_CURVE ( 'NONE', #195, #1542, #1019, .T. ) ;
#1559 = LINE ( 'NONE', #1207, #284 ) ;
#1560 = ORIENTED_EDGE ( 'NONE', *, *, #874, .F. ) ;
#1561 = APPROVAL_STATUS ( 'not_yet_approved' ) ;
#1562 = EDGE_LOOP ( 'NONE', ( #1295, #905 ) ) ;
#1563 = DIRECTION ( 'NONE',  ( 1.000000000000000000, 0.000000000000000000, -0.000000000000000000 ) ) ;
#1564 = FACE_OUTER_BOUND ( 'NONE', #1008, .T. ) ;
#1565 = AXIS2_PLACEMENT_3D ( 'NONE', #460, #985, #221 ) ;
#1566 = EDGE_CURVE ( 'NONE', #1063, #703, #1223, .T. ) ;
#1567 = CYLINDRICAL_SURFACE ( 'NONE', #1225, 5.100000000000000533 ) ;
#1568 = DATE_AND_TIME ( #28, #107 ) ;
#1569 = AXIS2_PLACEMENT_3D ( 'NONE', #1637, #96, #845 ) ;
#1570 = DIRECTION ( 'NONE',  ( -0.000000000000000000, 1.000000000000000000, 0.000000000000000000 ) ) ;
#1571 = ORIENTED_EDGE ( 'NONE', *, *, #142, .T. ) ;
#1572 = VECTOR ( 'NONE', #720, 1000.000000000000000 ) ;
#1573 = FACE_OUTER_BOUND ( 'NONE', #1433, .T. ) ;
#1574 = ORIENTED_EDGE ( 'NONE', *, *, #319, .T. ) ;
#1575 = LINE ( 'NONE', #938, #692 ) ;
#1576 = DIRECTION ( 'NONE',  ( 0.000000000000000000, 0.000000000000000000, -1.000000000000000000 ) ) ;
#1577 = ORIENTED_EDGE ( 'NONE', *, *, #604, .F. ) ;
#1578 = DIRECTION ( 'NONE',  ( 0.000000000000000000, 0.000000000000000000, 1.000000000000000000 ) ) ;
#1579 = ORIENTED_EDGE ( 'NONE', *, *, #1411, .F. ) ;
#1580 = ADVANCED_FACE ( 'NONE', ( #984 ), #70, .T. ) ;
#1581 = FACE_OUTER_BOUND ( 'NONE', #983, .T. ) ;
#1582 = CARTESIAN_POINT ( 'NONE',  ( 3.799999999999999822, 177.0000000000000000, -3.000000000000000000 ) ) ;
#1583 = CARTESIAN_POINT ( 'NONE',  ( -3.100000000000000533, -105.0000000000000000, -44.20000000000000284 ) ) ;
#1584 = EDGE_LOOP ( 'NONE', ( #228, #744, #249, #111 ) ) ;
#1585 = LINE ( 'NONE', #1462, #128 ) ;
#1586 = VERTEX_POINT ( 'NONE', #1516 ) ;
#1587 = CARTESIAN_POINT ( 'NONE',  ( -4.000000000000000000, -69.53778693398011512, 29.37015679068931462 ) ) ;
#1588 = DIRECTION ( 'NONE',  ( 0.000000000000000000, 0.000000000000000000, -1.000000000000000000 ) ) ;
#1589 = CARTESIAN_POINT ( 'NONE',  ( 4.000000000000000888, -96.00000000000000000, -32.00000000000000000 ) ) ;
#1590 = VERTEX_POINT ( 'NONE', #115 ) ;
#1591 = CARTESIAN_POINT ( 'NONE',  ( 4.000000000000000888, -95.13903057035071242, -38.08616610690037163 ) ) ;
#1592 = CARTESIAN_POINT ( 'NONE',  ( -4.000000000000000000, -54.82575899816798426, -7.000000000000000888 ) ) ;
#1593 = VECTOR ( 'NONE', #1634, 1000.000000000000000 ) ;
#1594 = VERTEX_POINT ( 'NONE', #887 ) ;
#1595 = VECTOR ( 'NONE', #521, 1000.000000000000000 ) ;
#1596 = PLANE ( 'NONE',  #290 ) ;
#1597 = CIRCLE ( 'NONE', #340, 24.00000000000000000 ) ;
#1598 = DIRECTION ( 'NONE',  ( 1.000000000000000000, 0.000000000000000000, 0.000000000000000000 ) ) ;
#1599 = CIRCLE ( 'NONE', #398, 5.100000000000000533 ) ;
#1600 = AXIS2_PLACEMENT_3D ( 'NONE', #1243, #59, #1489 ) ;
#1601 = EDGE_CURVE ( 'NONE', #621, #1590, #1384, .T. ) ;
#1602 = LINE ( 'NONE', #873, #755 ) ;
#1603 = DIRECTION ( 'NONE',  ( 0.000000000000000000, 0.000000000000000000, 1.000000000000000000 ) ) ;
#1604 = LINE ( 'NONE', #1622, #347 ) ;
#1605 = ORIENTED_EDGE ( 'NONE', *, *, #1255, .T. ) ;
#1606 = DIRECTION ( 'NONE',  ( 0.000000000000000000, -0.000000000000000000, 1.000000000000000000 ) ) ;
#1607 = DIRECTION ( 'NONE',  ( 0.000000000000000000, 0.000000000000000000, 1.000000000000000000 ) ) ;
#1608 = CARTESIAN_POINT ( 'NONE',  ( -3.500000000000000000, -105.0000000000000000, -32.00000000000000000 ) ) ;
#1609 = DIRECTION ( 'NONE',  ( 0.000000000000000000, 0.000000000000000000, -1.000000000000000000 ) ) ;
#1610 = EDGE_CURVE ( 'NONE', #870, #1556, #1200, .T. ) ;
#1611 = CARTESIAN_POINT ( 'NONE',  ( 0.000000000000000000, 43.00000000000000000, -7.000000000000000000 ) ) ;
#1612 = VERTEX_POINT ( 'NONE', #878 ) ;
#1613 = CARTESIAN_POINT ( 'NONE',  ( 3.000000000000000000, 172.0000000000000000, 14.00000000000000000 ) ) ;
#1614 = CARTESIAN_POINT ( 'NONE',  ( 0.000000000000000000, -93.00000000000000000, -49.00000000000000000 ) ) ;
#1615 = DIRECTION ( 'NONE',  ( 0.000000000000000000, 0.000000000000000000, 1.000000000000000000 ) ) ;
#1616 = ORIENTED_EDGE ( 'NONE', *, *, #1490, .T. ) ;
#1617 = DIRECTION ( 'NONE',  ( -1.000000000000000000, -0.000000000000000000, 0.000000000000000000 ) ) ;
#1618 = DIRECTION ( 'NONE',  ( 1.000000000000000000, 0.000000000000000000, -0.000000000000000000 ) ) ;
#1619 = ORIENTED_EDGE ( 'NONE', *, *, #1315, .T. ) ;
#1620 = ORIENTED_EDGE ( 'NONE', *, *, #1075, .F. ) ;
#1621 = ORIENTED_EDGE ( 'NONE', *, *, #35, .F. ) ;
#1622 = CARTESIAN_POINT ( 'NONE',  ( -4.000000000000000000, -99.00000000000000000, 5.999999999999998224 ) ) ;
#1623 = CARTESIAN_POINT ( 'NONE',  ( 3.000000000000000000, 177.0000000000000000, -2.000000000000000000 ) ) ;
#1624 = AXIS2_PLACEMENT_3D ( 'NONE', #1507, #329, #725 ) ;
#1625 = VECTOR ( 'NONE', #440, 1000.000000000000000 ) ;
#1626 = ORIENTED_EDGE ( 'NONE', *, *, #902, .F. ) ;
#1627 = PLANE ( 'NONE',  #1548 ) ;
#1628 = VECTOR ( 'NONE', #833, 1000.000000000000000 ) ;
#1629 = AXIS2_PLACEMENT_3D ( 'NONE', #380, #121, #506 ) ;
#1630 = DIRECTION ( 'NONE',  ( 0.000000000000000000, 0.000000000000000000, -1.000000000000000000 ) ) ;
#1631 = ORIENTED_EDGE ( 'NONE', *, *, #1091, .T. ) ;
#1632 = LINE ( 'NONE', #1154, #1497 ) ;
#1633 = EDGE_CURVE ( 'NONE', #703, #159, #1140, .T. ) ;
#1634 = DIRECTION ( 'NONE',  ( -0.000000000000000000, 1.000000000000000000, 0.000000000000000000 ) ) ;
#1635 = ADVANCED_FACE ( 'NONE', ( #1129 ), #368, .F. ) ;
#1636 = CARTESIAN_POINT ( 'NONE',  ( 3.100000000000000533, -105.0000000000000000, -44.20000000000000284 ) ) ;
#1637 = CARTESIAN_POINT ( 'NONE',  ( 4.000000000000000000, 43.00000000000000000, -7.000000000000000000 ) ) ;
#1638 = EDGE_LOOP ( 'NONE', ( #402, #1056, #490, #1265 ) ) ;
#1639 = ORIENTED_EDGE ( 'NONE', *, *, #1566, .T. ) ;
#1640 = VERTEX_POINT ( 'NONE', #1396 ) ;
#1641 = EDGE_CURVE ( 'NONE', #1108, #621, #1632, .T. ) ;
#1642 = CARTESIAN_POINT ( 'NONE',  ( 4.000000000000000000, -120.0000000000000000, -49.00000000000000000 ) ) ;
#1643 = FACE_BOUND ( 'NONE', #330, .T. ) ;
#1644 = ORIENTED_EDGE ( 'NONE', *, *, #285, .T. ) ;
#1645 = CARTESIAN_POINT ( 'NONE',  ( -4.400000000000000355, -57.00000000000000000, -3.000000000000000000 ) ) ;
#1646 = VERTEX_POINT ( 'NONE', #486 ) ;
#1647 = ADVANCED_FACE ( 'NONE', ( #907 ), #1656, .T. ) ;
#1648 = AXIS2_PLACEMENT_3D ( 'NONE', #923, #412, #789 ) ;
#1649 = CARTESIAN_POINT ( 'NONE',  ( 0.000000000000000000, -109.2999999999999972, -44.20000000000000284 ) ) ;
#1650 = CIRCLE ( 'NONE', #1065, 6.099999999999999645 ) ;
#1651 = MANIFOLD_SOLID_BREP ( '262 mm 7075 rear support arm with bushed pivot and keyed steel stop heel', #307 ) ;
#1652 = VECTOR ( 'NONE', #438, 1000.000000000000000 ) ;
#1653 = DIRECTION ( 'NONE',  ( -0.000000000000000000, 0.000000000000000000, -1.000000000000000000 ) ) ;
#1654 = VERTEX_POINT ( 'NONE', #244 ) ;
#1655 = APPROVAL_PERSON_ORGANIZATION ( #673, #1005, #1166 ) ;
#1656 = CYLINDRICAL_SURFACE ( 'NONE', #181, 24.00000000000000000 ) ;
#1657 = ORIENTED_EDGE ( 'NONE', *, *, #1359, .F. ) ;
#1658 = PLANE ( 'NONE',  #1522 ) ;
#1659 = CARTESIAN_POINT ( 'NONE',  ( 4.000000000000000000, -106.5000000000000000, 5.999999999999998224 ) ) ;
#1660 = ADVANCED_FACE ( 'NONE', ( #1264 ), #635, .F. ) ;
#1661 = ORIENTED_EDGE ( 'NONE', *, *, #816, .F. ) ;
#1662 = DIRECTION ( 'NONE',  ( 0.000000000000000000, 0.000000000000000000, 1.000000000000000000 ) ) ;
#1663 = VERTEX_POINT ( 'NONE', #784 ) ;
ENDSEC;
END-ISO-10303-21;
