ISO-10303-21;
HEADER;
FILE_DESCRIPTION (( 'STEP AP203' ),
    '1' );
FILE_NAME ('RymoviaRail_104HP_V11_AISI304_ThreadStrip.STEP',
    '2026-08-29T08:00:29',
    ( '' ),
    ( '' ),
    'SwSTEP 2.0',
    'SolidWorks 2025',
    '' );
FILE_SCHEMA (( 'CONFIG_CONTROL_DESIGN' ));
ENDSEC;

DATA;
#1 = DIRECTION ( 'NONE',  ( 0.000000000000000000, 0.000000000000000000, 1.000000000000000000 ) ) ;
#2 = ORIENTED_EDGE ( 'NONE', *, *, #7292, .T. ) ;
#3 = DIRECTION ( 'NONE',  ( -0.000000000000000000, -0.000000000000000000, -1.000000000000000000 ) ) ;
#4 = CARTESIAN_POINT ( 'NONE',  ( 160.0199999999999818, 0.000000000000000000, -0.2999999999999999889 ) ) ;
#5 = ORIENTED_EDGE ( 'NONE', *, *, #4079, .F. ) ;
#6 = AXIS2_PLACEMENT_3D ( 'NONE', #5676, #187, #3868 ) ;
#7 = CARTESIAN_POINT ( 'NONE',  ( -62.25000000000000000, 0.000000000000000000, -0.2999999999999999889 ) ) ;
#8 = AXIS2_PLACEMENT_3D ( 'NONE', #4322, #4358, #3231 ) ;
#9 = CARTESIAN_POINT ( 'NONE',  ( 262.8700000000000045, 0.000000000000000000, 0.000000000000000000 ) ) ;
#10 = CARTESIAN_POINT ( 'NONE',  ( -85.06999999999999318, 1.530808498934190091E-16, 2.000000000000000000 ) ) ;
#11 = CARTESIAN_POINT ( 'NONE',  ( -69.83000000000001251, 1.530808498934190091E-16, 0.000000000000000000 ) ) ;
#12 = CC_DESIGN_PERSON_AND_ORGANIZATION_ASSIGNMENT ( #3295, #5752, ( #415 ) ) ;
#13 = ORIENTED_EDGE ( 'NONE', *, *, #4172, .T. ) ;
#14 = DIRECTION ( 'NONE',  ( 1.000000000000000000, 0.000000000000000000, 0.000000000000000000 ) ) ;
#15 = ORIENTED_EDGE ( 'NONE', *, *, #4026, .T. ) ;
#16 = CIRCLE ( 'NONE', #6407, 1.250000000000001110 ) ;
#17 = CIRCLE ( 'NONE', #143, 1.250000000000001110 ) ;
#18 = EDGE_CURVE ( 'NONE', #7856, #4723, #4635, .T. ) ;
#19 = DIRECTION ( 'NONE',  ( 1.000000000000000000, 0.000000000000000000, 0.000000000000000000 ) ) ;
#20 = EDGE_CURVE ( 'NONE', #4012, #1562, #5276, .T. ) ;
#21 = DIRECTION ( 'NONE',  ( 0.000000000000000000, 0.000000000000000000, 1.000000000000000000 ) ) ;
#22 = DIRECTION ( 'NONE',  ( 1.000000000000000000, 0.000000000000000000, 0.000000000000000000 ) ) ;
#23 = DIRECTION ( 'NONE',  ( 1.000000000000000000, 0.000000000000000000, 0.000000000000000000 ) ) ;
#24 = EDGE_CURVE ( 'NONE', #2841, #676, #2574, .T. ) ;
#25 = CARTESIAN_POINT ( 'NONE',  ( -53.34000000000000341, 0.000000000000000000, -0.2999999999999999889 ) ) ;
#26 = ORIENTED_EDGE ( 'NONE', *, *, #7767, .T. ) ;
#27 = AXIS2_PLACEMENT_3D ( 'NONE', #6307, #4542, #4499 ) ;
#28 = EDGE_LOOP ( 'NONE', ( #2036, #4672 ) ) ;
#29 = EDGE_CURVE ( 'NONE', #1227, #964, #4145, .T. ) ;
#30 = ORIENTED_EDGE ( 'NONE', *, *, #3571, .F. ) ;
#31 = FACE_BOUND ( 'NONE', #3192, .T. ) ;
#32 = DIRECTION ( 'NONE',  ( -1.000000000000000000, 0.000000000000000000, 0.000000000000000000 ) ) ;
#33 = ORIENTED_EDGE ( 'NONE', *, *, #4912, .T. ) ;
#34 = AXIS2_PLACEMENT_3D ( 'NONE', #2915, #7166, #2353 ) ;
#35 = DIRECTION ( 'NONE',  ( -1.000000000000000000, 0.000000000000000000, 0.000000000000000000 ) ) ;
#36 = DIRECTION ( 'NONE',  ( 0.000000000000000000, 0.000000000000000000, 1.000000000000000000 ) ) ;
#37 = EDGE_LOOP ( 'NONE', ( #6197, #7049 ) ) ;
#38 = EDGE_CURVE ( 'NONE', #5700, #1776, #2199, .T. ) ;
#39 = CIRCLE ( 'NONE', #7842, 1.250000000000001110 ) ;
#40 = ORIENTED_EDGE ( 'NONE', *, *, #5369, .T. ) ;
#41 = CARTESIAN_POINT ( 'NONE',  ( 195.5799999999999841, 0.000000000000000000, 2.000000000000000000 ) ) ;
#42 = ORIENTED_EDGE ( 'NONE', *, *, #2602, .T. ) ;
#43 = AXIS2_PLACEMENT_3D ( 'NONE', #4938, #1884, #6580 ) ;
#44 = CARTESIAN_POINT ( 'NONE',  ( -156.1899999999999977, 1.530808498934191571E-16, -0.2999999999999999889 ) ) ;
#45 = DIRECTION ( 'NONE',  ( 0.000000000000000000, 0.000000000000000000, 1.000000000000000000 ) ) ;
#46 = ORIENTED_EDGE ( 'NONE', *, *, #5023, .F. ) ;
#47 = EDGE_CURVE ( 'NONE', #4926, #6344, #6681, .T. ) ;
#48 = EDGE_CURVE ( 'NONE', #3628, #5967, #7198, .T. ) ;
#49 = DIRECTION ( 'NONE',  ( -1.000000000000000000, 0.000000000000000000, 0.000000000000000000 ) ) ;
#50 = DIRECTION ( 'NONE',  ( -1.000000000000000000, 0.000000000000000000, 0.000000000000000000 ) ) ;
#51 = DIRECTION ( 'NONE',  ( -0.000000000000000000, -0.000000000000000000, -1.000000000000000000 ) ) ;
#52 = LINE ( 'NONE', #7265, #675 ) ;
#53 = ORIENTED_EDGE ( 'NONE', *, *, #4841, .T. ) ;
#54 = AXIS2_PLACEMENT_3D ( 'NONE', #4517, #7045, #4601 ) ;
#55 = CYLINDRICAL_SURFACE ( 'NONE', #7179, 1.250000000000001110 ) ;
#56 = ORIENTED_EDGE ( 'NONE', *, *, #1333, .F. ) ;
#57 = AXIS2_PLACEMENT_3D ( 'NONE', #412, #2888, #7011 ) ;
#58 = CARTESIAN_POINT ( 'NONE',  ( 261.6200000000000045, 0.000000000000000000, 0.000000000000000000 ) ) ;
#59 = ORIENTED_EDGE ( 'NONE', *, *, #2137, .T. ) ;
#60 = CARTESIAN_POINT ( 'NONE',  ( 43.18000000000000682, 0.000000000000000000, 0.000000000000000000 ) ) ;
#61 = CARTESIAN_POINT ( 'NONE',  ( 231.1399999999999864, 0.000000000000000000, -0.2999999999999999889 ) ) ;
#62 = CIRCLE ( 'NONE', #2734, 1.250000000000001110 ) ;
#63 = AXIS2_PLACEMENT_3D ( 'NONE', #332, #4011, #972 ) ;
#64 = DIRECTION ( 'NONE',  ( 1.000000000000000000, 0.000000000000000000, 0.000000000000000000 ) ) ;
#65 = EDGE_LOOP ( 'NONE', ( #5533, #3835, #4789, #2138 ) ) ;
#66 = EDGE_LOOP ( 'NONE', ( #6803, #7760 ) ) ;
#67 = ADVANCED_FACE ( 'NONE', ( #1781 ), #1221, .F. ) ;
#68 = ORIENTED_EDGE ( 'NONE', *, *, #6574, .F. ) ;
#69 = FACE_BOUND ( 'NONE', #2654, .T. ) ;
#70 = CIRCLE ( 'NONE', #2237, 1.250000000000001110 ) ;
#71 = CARTESIAN_POINT ( 'NONE',  ( -7.620000000000004547, 0.000000000000000000, 2.000000000000000000 ) ) ;
#72 = EDGE_LOOP ( 'NONE', ( #5641, #4226 ) ) ;
#73 = DIRECTION ( 'NONE',  ( -0.000000000000000000, -0.000000000000000000, -1.000000000000000000 ) ) ;
#74 = CARTESIAN_POINT ( 'NONE',  ( -170.1800000000000068, 0.000000000000000000, 0.000000000000000000 ) ) ;
#75 = VECTOR ( 'NONE', #3834, 1000.000000000000000 ) ;
#76 = EDGE_LOOP ( 'NONE', ( #592, #6431 ) ) ;
#77 = EDGE_CURVE ( 'NONE', #1516, #6723, #4892, .T. ) ;
#78 = VERTEX_POINT ( 'NONE', #4905 ) ;
#79 = CARTESIAN_POINT ( 'NONE',  ( -13.94999999999998863, 1.530808498934191571E-16, -0.2999999999999999889 ) ) ;
#80 = CIRCLE ( 'NONE', #3782, 1.250000000000000222 ) ;
#81 = EDGE_LOOP ( 'NONE', ( #4776, #2976 ) ) ;
#82 = EDGE_CURVE ( 'NONE', #1193, #2168, #7326, .T. ) ;
#83 = DIRECTION ( 'NONE',  ( 0.000000000000000000, 0.000000000000000000, 1.000000000000000000 ) ) ;
#84 = CYLINDRICAL_SURFACE ( 'NONE', #7302, 1.250000000000001110 ) ;
#85 = EDGE_LOOP ( 'NONE', ( #2450, #7720 ) ) ;
#86 = AXIS2_PLACEMENT_3D ( 'NONE', #548, #622, #6103 ) ;
#87 = CARTESIAN_POINT ( 'NONE',  ( 44.43000000000001393, 0.000000000000000000, 2.000000000000000000 ) ) ;
#88 = EDGE_CURVE ( 'NONE', #3189, #5492, #5917, .T. ) ;
#89 = DIRECTION ( 'NONE',  ( 0.000000000000000000, 0.000000000000000000, 1.000000000000000000 ) ) ;
#90 = CARTESIAN_POINT ( 'NONE',  ( -163.8500000000000227, 0.000000000000000000, -0.2999999999999999889 ) ) ;
#91 = ORIENTED_EDGE ( 'NONE', *, *, #560, .T. ) ;
#92 = CIRCLE ( 'NONE', #3033, 1.250000000000001110 ) ;
#93 = CYLINDRICAL_SURFACE ( 'NONE', #529, 1.250000000000000222 ) ;
#94 = ORIENTED_EDGE ( 'NONE', *, *, #258, .T. ) ;
#95 = DIRECTION ( 'NONE',  ( 0.000000000000000000, 0.000000000000000000, 1.000000000000000000 ) ) ;
#96 = CARTESIAN_POINT ( 'NONE',  ( 41.93000000000000682, 1.530808498934191571E-16, -0.2999999999999999889 ) ) ;
#97 = DIRECTION ( 'NONE',  ( -0.000000000000000000, -0.000000000000000000, -1.000000000000000000 ) ) ;
#98 = DIRECTION ( 'NONE',  ( 0.000000000000000000, 0.000000000000000000, 1.000000000000000000 ) ) ;
#99 = AXIS2_PLACEMENT_3D ( 'NONE', #6873, #3751, #6311 ) ;
#100 = DIRECTION ( 'NONE',  ( 1.000000000000000000, 0.000000000000000000, 0.000000000000000000 ) ) ;
#101 = ORIENTED_EDGE ( 'NONE', *, *, #4468, .T. ) ;
#102 = VERTEX_POINT ( 'NONE', #1143 ) ;
#103 = VERTEX_POINT ( 'NONE', #549 ) ;
#104 = FACE_BOUND ( 'NONE', #5187, .T. ) ;
#105 = VECTOR ( 'NONE', #3625, 1000.000000000000000 ) ;
#106 = CYLINDRICAL_SURFACE ( 'NONE', #4170, 1.250000000000001110 ) ;
#107 = EDGE_LOOP ( 'NONE', ( #4718, #4027 ) ) ;
#108 = CARTESIAN_POINT ( 'NONE',  ( 224.8100000000000023, 1.530808498934190091E-16, 2.000000000000000000 ) ) ;
#110 = EDGE_CURVE ( 'NONE', #3520, #1036, #3480, .T. ) ;
#109 = DIRECTION ( 'NONE',  ( -0.000000000000000000, -0.000000000000000000, -1.000000000000000000 ) ) ;
#111 = DIRECTION ( 'NONE',  ( -0.000000000000000000, -0.000000000000000000, -1.000000000000000000 ) ) ;
#112 = EDGE_LOOP ( 'NONE', ( #931, #967 ) ) ;
#113 = ORIENTED_EDGE ( 'NONE', *, *, #1348, .T. ) ;
#114 = DIRECTION ( 'NONE',  ( 1.000000000000000000, 0.000000000000000000, 0.000000000000000000 ) ) ;
#115 = DIRECTION ( 'NONE',  ( -1.000000000000000000, 0.000000000000000000, 0.000000000000000000 ) ) ;
#116 = AXIS2_PLACEMENT_3D ( 'NONE', #6809, #3766, #1360 ) ;
#117 = EDGE_LOOP ( 'NONE', ( #4238, #1226, #504, #3918 ) ) ;
#118 = EDGE_CURVE ( 'NONE', #3423, #1296, #16, .T. ) ;
#119 = EDGE_CURVE ( 'NONE', #5673, #7446, #6177, .T. ) ;
#120 = CARTESIAN_POINT ( 'NONE',  ( 222.2300000000000182, 0.000000000000000000, 0.000000000000000000 ) ) ;
#121 = DIRECTION ( 'NONE',  ( 0.000000000000000000, 0.000000000000000000, 1.000000000000000000 ) ) ;
#122 = ORIENTED_EDGE ( 'NONE', *, *, #6188, .T. ) ;
#123 = AXIS2_PLACEMENT_3D ( 'NONE', #7255, #1800, #3567 ) ;
#124 = EDGE_CURVE ( 'NONE', #811, #2860, #1291, .T. ) ;
#125 = DIRECTION ( 'NONE',  ( 0.000000000000000000, 0.000000000000000000, 1.000000000000000000 ) ) ;
#126 = CYLINDRICAL_SURFACE ( 'NONE', #4851, 1.250000000000001110 ) ;
#127 = CARTESIAN_POINT ( 'NONE',  ( -129.5399999999999920, 0.000000000000000000, -0.2999999999999999889 ) ) ;
#128 = AXIS2_PLACEMENT_3D ( 'NONE', #2936, #2974, #4858 ) ;
#129 = ORIENTED_EDGE ( 'NONE', *, *, #4515, .F. ) ;
#130 = DIRECTION ( 'NONE',  ( 0.000000000000000000, 0.000000000000000000, 1.000000000000000000 ) ) ;
#131 = EDGE_CURVE ( 'NONE', #4699, #953, #4414, .T. ) ;
#132 = ORIENTED_EDGE ( 'NONE', *, *, #6223, .T. ) ;
#133 = DIRECTION ( 'NONE',  ( 0.000000000000000000, 0.000000000000000000, 1.000000000000000000 ) ) ;
#134 = CARTESIAN_POINT ( 'NONE',  ( -261.6200000000000045, 0.000000000000000000, 2.000000000000000000 ) ) ;
#135 = DIRECTION ( 'NONE',  ( 1.000000000000000000, 0.000000000000000000, 0.000000000000000000 ) ) ;
#136 = AXIS2_PLACEMENT_3D ( 'NONE', #2563, #7461, #2769 ) ;
#137 = CARTESIAN_POINT ( 'NONE',  ( 255.2900000000000205, 1.530808498934191571E-16, -0.2999999999999999889 ) ) ;
#138 = DIRECTION ( 'NONE',  ( 0.000000000000000000, 0.000000000000000000, 1.000000000000000000 ) ) ;
#139 = ORIENTED_EDGE ( 'NONE', *, *, #2675, .T. ) ;
#140 = ORIENTED_EDGE ( 'NONE', *, *, #2126, .T. ) ;
#141 = ADVANCED_FACE ( 'NONE', ( #5098 ), #4980, .F. ) ;
#142 = ORIENTED_EDGE ( 'NONE', *, *, #2017, .T. ) ;
#143 = AXIS2_PLACEMENT_3D ( 'NONE', #5681, #7483, #793 ) ;
#144 = DIRECTION ( 'NONE',  ( 1.000000000000000000, 0.000000000000000000, 0.000000000000000000 ) ) ;
#145 = FACE_OUTER_BOUND ( 'NONE', #7523, .T. ) ;
#146 = ORIENTED_EDGE ( 'NONE', *, *, #6675, .T. ) ;
#147 = DIRECTION ( 'NONE',  ( -1.000000000000000000, 0.000000000000000000, 0.000000000000000000 ) ) ;
#148 = DIRECTION ( 'NONE',  ( 0.000000000000000000, 0.000000000000000000, 1.000000000000000000 ) ) ;
#149 = DIRECTION ( 'NONE',  ( 0.000000000000000000, 0.000000000000000000, 1.000000000000000000 ) ) ;
#150 = AXIS2_PLACEMENT_3D ( 'NONE', #954, #7040, #6316 ) ;
#151 = EDGE_LOOP ( 'NONE', ( #1112, #635, #7251, #2592 ) ) ;
#152 = EDGE_LOOP ( 'NONE', ( #7645, #1649 ) ) ;
#153 = DIRECTION ( 'NONE',  ( 1.000000000000000000, 0.000000000000000000, 0.000000000000000000 ) ) ;
#154 = DIRECTION ( 'NONE',  ( -0.000000000000000000, -0.000000000000000000, -1.000000000000000000 ) ) ;
#155 = ORIENTED_EDGE ( 'NONE', *, *, #4101, .F. ) ;
#156 = CARTESIAN_POINT ( 'NONE',  ( -194.3299999999999841, 0.000000000000000000, 2.000000000000000000 ) ) ;
#157 = FACE_OUTER_BOUND ( 'NONE', #6968, .T. ) ;
#158 = ORIENTED_EDGE ( 'NONE', *, *, #848, .F. ) ;
#159 = ADVANCED_FACE ( 'NONE', ( #6900 ), #5585, .F. ) ;
#160 = AXIS2_PLACEMENT_3D ( 'NONE', #7228, #5427, #6659 ) ;
#161 = ADVANCED_FACE ( 'NONE', ( #6256 ), #3817, .F. ) ;
#162 = EDGE_LOOP ( 'NONE', ( #4984, #1618 ) ) ;
#163 = VECTOR ( 'NONE', #3344, 1000.000000000000000 ) ;
#164 = DIRECTION ( 'NONE',  ( -0.000000000000000000, -0.000000000000000000, -1.000000000000000000 ) ) ;
#165 = DIRECTION ( 'NONE',  ( -1.000000000000000000, 0.000000000000000000, 0.000000000000000000 ) ) ;
#166 = DIRECTION ( 'NONE',  ( -1.000000000000000000, 0.000000000000000000, 0.000000000000000000 ) ) ;
#167 = AXIS2_PLACEMENT_3D ( 'NONE', #3939, #2093, #857 ) ;
#168 = ORIENTED_EDGE ( 'NONE', *, *, #4540, .F. ) ;
#169 = EDGE_CURVE ( 'NONE', #6995, #5054, #5527, .T. ) ;
#170 = DIRECTION ( 'NONE',  ( -0.000000000000000000, -0.000000000000000000, -1.000000000000000000 ) ) ;
#171 = EDGE_LOOP ( 'NONE', ( #7369, #4352, #5177, #2274 ) ) ;
#172 = DIRECTION ( 'NONE',  ( -1.000000000000000000, 0.000000000000000000, 0.000000000000000000 ) ) ;
#173 = FACE_BOUND ( 'NONE', #2429, .T. ) ;
#174 = CYLINDRICAL_SURFACE ( 'NONE', #3171, 1.250000000000001110 ) ;
#175 = LINE ( 'NONE', #2569, #6437 ) ;
#176 = EDGE_CURVE ( 'NONE', #1244, #6031, #5019, .T. ) ;
#177 = CARTESIAN_POINT ( 'NONE',  ( 128.2900000000000205, 1.530808498934190091E-16, 0.000000000000000000 ) ) ;
#178 = CIRCLE ( 'NONE', #54, 1.250000000000001110 ) ;
#179 = ORIENTED_EDGE ( 'NONE', *, *, #5067, .F. ) ;
#180 = VERTEX_POINT ( 'NONE', #3172 ) ;
#181 = APPLICATION_PROTOCOL_DEFINITION ( 'international standard', 'config_control_design', 1994, #3488 ) ;
#182 = DIRECTION ( 'NONE',  ( -0.000000000000000000, -0.000000000000000000, -1.000000000000000000 ) ) ;
#183 = CIRCLE ( 'NONE', #4155, 1.250000000000001110 ) ;
#184 = ORIENTED_EDGE ( 'NONE', *, *, #3533, .F. ) ;
#185 = CARTESIAN_POINT ( 'NONE',  ( -124.4600000000000080, 0.000000000000000000, -0.2999999999999999889 ) ) ;
#186 = DIRECTION ( 'NONE',  ( -0.000000000000000000, -0.000000000000000000, -1.000000000000000000 ) ) ;
#187 = DIRECTION ( 'NONE',  ( 0.000000000000000000, 0.000000000000000000, 1.000000000000000000 ) ) ;
#188 = EDGE_CURVE ( 'NONE', #4769, #6717, #3603, .T. ) ;
#189 = EDGE_LOOP ( 'NONE', ( #4386, #7511 ) ) ;
#190 = ORIENTED_EDGE ( 'NONE', *, *, #4132, .T. ) ;
#191 = VECTOR ( 'NONE', #2733, 1000.000000000000000 ) ;
#192 = EDGE_LOOP ( 'NONE', ( #7395, #3877, #3515, #1774 ) ) ;
#193 = CYLINDRICAL_SURFACE ( 'NONE', #2693, 1.250000000000001110 ) ;
#194 = LINE ( 'NONE', #5683, #4034 ) ;
#195 = ORIENTED_EDGE ( 'NONE', *, *, #4874, .T. ) ;
#196 = LINE ( 'NONE', #1882, #7185 ) ;
#197 = VECTOR ( 'NONE', #4039, 1000.000000000000000 ) ;
#198 = CARTESIAN_POINT ( 'NONE',  ( -26.68999999999999773, 0.000000000000000000, 2.000000000000000000 ) ) ;
#199 = DIRECTION ( 'NONE',  ( 0.000000000000000000, 0.000000000000000000, 1.000000000000000000 ) ) ;
#200 = ORIENTED_EDGE ( 'NONE', *, *, #206, .F. ) ;
#201 = AXIS2_PLACEMENT_3D ( 'NONE', #479, #2350, #6716 ) ;
#202 = VERTEX_POINT ( 'NONE', #6339 ) ;
#203 = DIRECTION ( 'NONE',  ( -0.000000000000000000, -0.000000000000000000, -1.000000000000000000 ) ) ;
#204 = FACE_OUTER_BOUND ( 'NONE', #3087, .T. ) ;
#205 = FACE_OUTER_BOUND ( 'NONE', #7745, .T. ) ;
#206 = EDGE_CURVE ( 'NONE', #7080, #1412, #540, .T. ) ;
#207 = CIRCLE ( 'NONE', #6605, 1.250000000000001110 ) ;
#208 = ORIENTED_EDGE ( 'NONE', *, *, #131, .F. ) ;
#209 = CARTESIAN_POINT ( 'NONE',  ( 88.89999999999997726, 0.000000000000000000, 0.000000000000000000 ) ) ;
#210 = ORIENTED_EDGE ( 'NONE', *, *, #6886, .F. ) ;
#211 = CIRCLE ( 'NONE', #2636, 1.250000000000001110 ) ;
#212 = CARTESIAN_POINT ( 'NONE',  ( 140.9499999999999886, 0.000000000000000000, -0.2999999999999999889 ) ) ;
#213 = DIRECTION ( 'NONE',  ( 0.000000000000000000, 0.000000000000000000, 1.000000000000000000 ) ) ;
#214 = DIRECTION ( 'NONE',  ( 0.000000000000000000, 0.000000000000000000, 1.000000000000000000 ) ) ;
#215 = DIRECTION ( 'NONE',  ( 0.000000000000000000, 0.000000000000000000, 1.000000000000000000 ) ) ;
#216 = ADVANCED_FACE ( 'NONE', ( #2047, #6216, #1930, #4493, #5625, #6940, #3209, #5663, #173, #1451, #3895, #5058, #2010, #1892, #855, #5745, #2685, #4336, #6779, #3737, #460, #1053, #979, #1614, #934, #421, #4096, #7145, #5783, #2853, #1654, #4016, #7061, #6463, #6379, #5302, #3494, #5822, #7749, #5866, #4575, #2772, #5939, #381, #6542, #3328, #296, #2132, #5139, #7022, #2254, #7585, #4704, #2090, #3375, #2729, #4533, #1573, #6979, #340, #1490, #3937, #7709, #893, #4617, #2172, #5223, #4058, #5180, #7670, #7629, #3418, #1529, #3978, #2812, #6419, #7098, #5263, #6504, #2213, #4661, #1020, #3453, #5903, #7263, #576, #4820, #7827, #7866, #4252, #6695, #2971, #3690, #1768, #3651, #6657, #1843, #2370, #2331, #7790, #4216, #4782, #5977, #7906, #3577 ), #7340, .T. ) ;
#217 = DIRECTION ( 'NONE',  ( 1.000000000000000000, 0.000000000000000000, 0.000000000000000000 ) ) ;
#218 = VECTOR ( 'NONE', #242, 1000.000000000000000 ) ;
#219 = ORIENTED_EDGE ( 'NONE', *, *, #7702, .F. ) ;
#220 = ORIENTED_EDGE ( 'NONE', *, *, #4341, .F. ) ;
#221 = EDGE_CURVE ( 'NONE', #4677, #1032, #6130, .T. ) ;
#222 = DIRECTION ( 'NONE',  ( -0.000000000000000000, -0.000000000000000000, -1.000000000000000000 ) ) ;
#223 = CIRCLE ( 'NONE', #5731, 1.250000000000001110 ) ;
#224 = VERTEX_POINT ( 'NONE', #7226 ) ;
#225 = DIRECTION ( 'NONE',  ( 0.000000000000000000, 0.000000000000000000, 1.000000000000000000 ) ) ;
#226 = DIRECTION ( 'NONE',  ( -0.000000000000000000, -0.000000000000000000, -1.000000000000000000 ) ) ;
#227 = CARTESIAN_POINT ( 'NONE',  ( -69.83000000000001251, 1.530808498934191571E-16, -0.2999999999999999889 ) ) ;
#228 = ORIENTED_EDGE ( 'NONE', *, *, #3942, .F. ) ;
#229 = EDGE_LOOP ( 'NONE', ( #5349, #3902 ) ) ;
#230 = VECTOR ( 'NONE', #7761, 1000.000000000000000 ) ;
#231 = ORIENTED_EDGE ( 'NONE', *, *, #6556, .T. ) ;
#232 = DIRECTION ( 'NONE',  ( 0.000000000000000000, 0.000000000000000000, 1.000000000000000000 ) ) ;
#233 = EDGE_CURVE ( 'NONE', #1988, #900, #7303, .T. ) ;
#234 = FACE_OUTER_BOUND ( 'NONE', #5923, .T. ) ;
#235 = ORIENTED_EDGE ( 'NONE', *, *, #1210, .F. ) ;
#236 = CARTESIAN_POINT ( 'NONE',  ( -105.3900000000000148, 1.530808498934191571E-16, -0.2999999999999999889 ) ) ;
#237 = DIRECTION ( 'NONE',  ( 0.000000000000000000, 0.000000000000000000, 1.000000000000000000 ) ) ;
#238 = FACE_OUTER_BOUND ( 'NONE', #7754, .T. ) ;
#239 = ORIENTED_EDGE ( 'NONE', *, *, #3466, .T. ) ;
#240 = AXIS2_PLACEMENT_3D ( 'NONE', #2083, #2721, #3408 ) ;
#241 = ORIENTED_EDGE ( 'NONE', *, *, #2572, .F. ) ;
#242 = DIRECTION ( 'NONE',  ( 0.000000000000000000, 0.000000000000000000, 1.000000000000000000 ) ) ;
#243 = DIRECTION ( 'NONE',  ( 0.000000000000000000, 0.000000000000000000, 1.000000000000000000 ) ) ;
#244 = DIRECTION ( 'NONE',  ( 1.000000000000000000, 0.000000000000000000, 0.000000000000000000 ) ) ;
#245 = AXIS2_PLACEMENT_3D ( 'NONE', #5569, #4889, #1275 ) ;
#246 = ORIENTED_EDGE ( 'NONE', *, *, #567, .F. ) ;
#247 = CARTESIAN_POINT ( 'NONE',  ( -191.7500000000000000, 1.530808498934190091E-16, 0.000000000000000000 ) ) ;
#248 = VERTEX_POINT ( 'NONE', #1212 ) ;
#249 = DIRECTION ( 'NONE',  ( 1.000000000000000000, 0.000000000000000000, 0.000000000000000000 ) ) ;
#250 = DIRECTION ( 'NONE',  ( 0.000000000000000000, 0.000000000000000000, 1.000000000000000000 ) ) ;
#251 = CARTESIAN_POINT ( 'NONE',  ( 138.4499999999999886, 1.530808498934190091E-16, 0.000000000000000000 ) ) ;
#252 = FACE_OUTER_BOUND ( 'NONE', #5149, .T. ) ;
#253 = EDGE_CURVE ( 'NONE', #5241, #6537, #4626, .T. ) ;
#254 = DIRECTION ( 'NONE',  ( -0.000000000000000000, -0.000000000000000000, -1.000000000000000000 ) ) ;
#255 = VERTEX_POINT ( 'NONE', #6619 ) ;
#256 = VERTEX_POINT ( 'NONE', #3047 ) ;
#257 = ADVANCED_FACE ( 'NONE', ( #4896 ), #538, .F. ) ;
#258 = EDGE_CURVE ( 'NONE', #6813, #5203, #6672, .T. ) ;
#259 = APPROVAL_ROLE ( '' ) ;
#260 = AXIS2_PLACEMENT_3D ( 'NONE', #1215, #7830, #2334 ) ;
#261 = DIRECTION ( 'NONE',  ( 0.000000000000000000, 0.000000000000000000, 1.000000000000000000 ) ) ;
#262 = ORIENTED_EDGE ( 'NONE', *, *, #88, .T. ) ;
#263 = FACE_OUTER_BOUND ( 'NONE', #3893, .T. ) ;
#264 = CARTESIAN_POINT ( 'NONE',  ( 129.5400000000000205, 0.000000000000000000, 2.000000000000000000 ) ) ;
#265 = DIRECTION ( 'NONE',  ( -1.000000000000000000, 0.000000000000000000, 0.000000000000000000 ) ) ;
#266 = VERTEX_POINT ( 'NONE', #9 ) ;
#267 = AXIS2_PLACEMENT_3D ( 'NONE', #3244, #170, #6854 ) ;
#268 = EDGE_LOOP ( 'NONE', ( #6547, #4393, #1352, #826 ) ) ;
#269 = ORIENTED_EDGE ( 'NONE', *, *, #2593, .T. ) ;
#270 = ADVANCED_FACE ( 'NONE', ( #1731 ), #4855, .F. ) ;
#271 = CARTESIAN_POINT ( 'NONE',  ( 53.33999999999997499, 0.000000000000000000, 2.000000000000000000 ) ) ;
#272 = CARTESIAN_POINT ( 'NONE',  ( 251.4600000000000080, 0.000000000000000000, 0.000000000000000000 ) ) ;
#273 = VERTEX_POINT ( 'NONE', #4290 ) ;
#274 = CIRCLE ( 'NONE', #4753, 1.250000000000001110 ) ;
#275 = CIRCLE ( 'NONE', #1924, 1.250000000000001110 ) ;
#276 = LINE ( 'NONE', #236, #547 ) ;
#277 = DIRECTION ( 'NONE',  ( 0.000000000000000000, 0.000000000000000000, 1.000000000000000000 ) ) ;
#278 = DIRECTION ( 'NONE',  ( 0.000000000000000000, 0.000000000000000000, 1.000000000000000000 ) ) ;
#279 = ADVANCED_FACE ( 'NONE', ( #6735 ), #1248, .F. ) ;
#280 = ORIENTED_EDGE ( 'NONE', *, *, #6983, .T. ) ;
#281 = CIRCLE ( 'NONE', #4760, 1.250000000000001110 ) ;
#282 = AXIS2_PLACEMENT_3D ( 'NONE', #3394, #3915, #315 ) ;
#283 = VERTEX_POINT ( 'NONE', #4739 ) ;
#284 = DIRECTION ( 'NONE',  ( 0.000000000000000000, 0.000000000000000000, 1.000000000000000000 ) ) ;
#285 = CIRCLE ( 'NONE', #5787, 1.250000000000001110 ) ;
#286 = DIRECTION ( 'NONE',  ( 0.000000000000000000, 0.000000000000000000, 1.000000000000000000 ) ) ;
#287 = CARTESIAN_POINT ( 'NONE',  ( 2.540000000000020464, 0.000000000000000000, -0.2999999999999999889 ) ) ;
#288 = EDGE_CURVE ( 'NONE', #1988, #7796, #657, .T. ) ;
#289 = ORIENTED_EDGE ( 'NONE', *, *, #38, .F. ) ;
#290 = VECTOR ( 'NONE', #578, 1000.000000000000000 ) ;
#291 = EDGE_LOOP ( 'NONE', ( #4419, #7075 ) ) ;
#292 = LINE ( 'NONE', #2170, #4754 ) ;
#293 = ORIENTED_EDGE ( 'NONE', *, *, #7017, .T. ) ;
#294 = AXIS2_PLACEMENT_3D ( 'NONE', #2741, #4389, #3867 ) ;
#295 = CARTESIAN_POINT ( 'NONE',  ( -252.7099999999999795, 1.530808498934224111E-16, 2.000000000000000000 ) ) ;
#296 = FACE_BOUND ( 'NONE', #4242, .T. ) ;
#297 = DIRECTION ( 'NONE',  ( 1.000000000000000000, 0.000000000000000000, 0.000000000000000000 ) ) ;
#298 = CARTESIAN_POINT ( 'NONE',  ( 184.1700000000000159, 1.530808498934190091E-16, 2.000000000000000000 ) ) ;
#299 = CIRCLE ( 'NONE', #3748, 1.250000000000001110 ) ;
#300 = LINE ( 'NONE', #1370, #4025 ) ;
#301 = ORIENTED_EDGE ( 'NONE', *, *, #3101, .F. ) ;
#302 = ORIENTED_EDGE ( 'NONE', *, *, #5936, .F. ) ;
#303 = FACE_OUTER_BOUND ( 'NONE', #2625, .T. ) ;
#304 = CIRCLE ( 'NONE', #5429, 1.250000000000001110 ) ;
#305 = DIRECTION ( 'NONE',  ( 0.000000000000000000, 0.000000000000000000, 1.000000000000000000 ) ) ;
#306 = EDGE_LOOP ( 'NONE', ( #3956, #5640, #3482, #1666 ) ) ;
#307 = CARTESIAN_POINT ( 'NONE',  ( -191.7500000000000000, 1.530808498934191571E-16, -0.2999999999999999889 ) ) ;
#308 = CARTESIAN_POINT ( 'NONE',  ( 16.52999999999997272, 1.530808498934190091E-16, 2.000000000000000000 ) ) ;
#309 = DIRECTION ( 'NONE',  ( 0.000000000000000000, 0.000000000000000000, 1.000000000000000000 ) ) ;
#310 = ADVANCED_FACE ( 'NONE', ( #2933 ), #1092, .F. ) ;
#311 = VERTEX_POINT ( 'NONE', #3082 ) ;
#312 = ORIENTED_EDGE ( 'NONE', *, *, #1397, .F. ) ;
#313 = EDGE_CURVE ( 'NONE', #5709, #7178, #196, .T. ) ;
#314 = ORIENTED_EDGE ( 'NONE', *, *, #4579, .F. ) ;
#315 = DIRECTION ( 'NONE',  ( -1.000000000000000000, 0.000000000000000000, 0.000000000000000000 ) ) ;
#316 = AXIS2_PLACEMENT_3D ( 'NONE', #3779, #6343, #3333 ) ;
#317 = CARTESIAN_POINT ( 'NONE',  ( 92.73000000000001819, 1.530808498934190091E-16, 0.000000000000000000 ) ) ;
#318 = EDGE_LOOP ( 'NONE', ( #7279, #3821, #2820, #2045 ) ) ;
#319 = CARTESIAN_POINT ( 'NONE',  ( -260.3700000000000614, 0.000000000000000000, 0.000000000000000000 ) ) ;
#320 = CARTESIAN_POINT ( 'NONE',  ( -64.75000000000000000, 1.530808498934191571E-16, -0.2999999999999999889 ) ) ;
#321 = CARTESIAN_POINT ( 'NONE',  ( -246.3799999999999955, 0.000000000000000000, 0.000000000000000000 ) ) ;
#322 = EDGE_CURVE ( 'NONE', #2077, #630, #274, .T. ) ;
#323 = AXIS2_PLACEMENT_3D ( 'NONE', #6724, #527, #2435 ) ;
#324 = ORIENTED_EDGE ( 'NONE', *, *, #5146, .F. ) ;
#325 = DIRECTION ( 'NONE',  ( -0.000000000000000000, -0.000000000000000000, -1.000000000000000000 ) ) ;
#326 = AXIS2_PLACEMENT_3D ( 'NONE', #7123, #7079, #5200 ) ;
#327 = VERTEX_POINT ( 'NONE', #4327 ) ;
#328 = ADVANCED_FACE ( 'NONE', ( #4514 ), #5082, .F. ) ;
#329 = DIRECTION ( 'NONE',  ( 0.000000000000000000, 0.000000000000000000, 1.000000000000000000 ) ) ;
#330 = DIRECTION ( 'NONE',  ( 1.000000000000000000, 0.000000000000000000, 0.000000000000000000 ) ) ;
#331 = VECTOR ( 'NONE', #2285, 1000.000000000000000 ) ;
#332 = CARTESIAN_POINT ( 'NONE',  ( -154.9399999999999977, 0.000000000000000000, -0.2999999999999999889 ) ) ;
#333 = VERTEX_POINT ( 'NONE', #649 ) ;
#334 = VECTOR ( 'NONE', #2465, 1000.000000000000000 ) ;
#335 = VERTEX_POINT ( 'NONE', #2671 ) ;
#336 = DIRECTION ( 'NONE',  ( 1.000000000000000000, 0.000000000000000000, 0.000000000000000000 ) ) ;
#337 = EDGE_CURVE ( 'NONE', #6863, #5684, #5776, .T. ) ;
#338 = DIRECTION ( 'NONE',  ( 1.000000000000000000, 0.000000000000000000, 0.000000000000000000 ) ) ;
#339 = CIRCLE ( 'NONE', #4816, 1.250000000000001110 ) ;
#340 = FACE_BOUND ( 'NONE', #1218, .T. ) ;
#341 = DIRECTION ( 'NONE',  ( -0.000000000000000000, -0.000000000000000000, -1.000000000000000000 ) ) ;
#342 = DIRECTION ( 'NONE',  ( -1.000000000000000000, 0.000000000000000000, 0.000000000000000000 ) ) ;
#343 = CARTESIAN_POINT ( 'NONE',  ( 58.42000000000002302, 0.000000000000000000, 0.000000000000000000 ) ) ;
#344 = EDGE_LOOP ( 'NONE', ( #5315, #6904 ) ) ;
#345 = EDGE_LOOP ( 'NONE', ( #2005, #5885, #7356, #293 ) ) ;
#346 = SECURITY_CLASSIFICATION_LEVEL ( 'unclassified' ) ;
#347 = CARTESIAN_POINT ( 'NONE',  ( -185.4200000000000159, 0.000000000000000000, 2.000000000000000000 ) ) ;
#348 = EDGE_LOOP ( 'NONE', ( #6356, #4279, #4343, #910 ) ) ;
#349 = FACE_OUTER_BOUND ( 'NONE', #306, .T. ) ;
#350 = CARTESIAN_POINT ( 'NONE',  ( -146.0300000000000011, 1.530808498934190091E-16, 2.000000000000000000 ) ) ;
#351 = CIRCLE ( 'NONE', #985, 1.250000000000001110 ) ;
#352 = ORIENTED_EDGE ( 'NONE', *, *, #4319, .T. ) ;
#353 = ORIENTED_EDGE ( 'NONE', *, *, #5789, .F. ) ;
#354 = ORIENTED_EDGE ( 'NONE', *, *, #3949, .F. ) ;
#355 = FACE_OUTER_BOUND ( 'NONE', #4807, .T. ) ;
#356 = CIRCLE ( 'NONE', #6998, 1.250000000000001110 ) ;
#357 = DIRECTION ( 'NONE',  ( 0.000000000000000000, 0.000000000000000000, 1.000000000000000000 ) ) ;
#358 = EDGE_CURVE ( 'NONE', #5492, #7372, #4000, .T. ) ;
#359 = EDGE_LOOP ( 'NONE', ( #1756, #7240 ) ) ;
#360 = CARTESIAN_POINT ( 'NONE',  ( 53.33999999999997499, 0.000000000000000000, -0.2999999999999999889 ) ) ;
#361 = CARTESIAN_POINT ( 'NONE',  ( -85.06999999999999318, 1.530808498934191571E-16, -0.2999999999999999889 ) ) ;
#362 = CARTESIAN_POINT ( 'NONE',  ( 236.2200000000000273, 0.000000000000000000, 2.000000000000000000 ) ) ;
#363 = AXIS2_PLACEMENT_3D ( 'NONE', #4731, #7254, #6649 ) ;
#364 = EDGE_CURVE ( 'NONE', #1708, #7199, #276, .T. ) ;
#365 = ORIENTED_EDGE ( 'NONE', *, *, #5916, .F. ) ;
#366 = EDGE_CURVE ( 'NONE', #6539, #1175, #7058, .T. ) ;
#367 = DIRECTION ( 'NONE',  ( -1.000000000000000000, 0.000000000000000000, 0.000000000000000000 ) ) ;
#368 = ADVANCED_FACE ( 'NONE', ( #1555 ), #6770, .F. ) ;
#369 = AXIS2_PLACEMENT_3D ( 'NONE', #4714, #7157, #1064 ) ;
#370 = ORIENTED_EDGE ( 'NONE', *, *, #6055, .F. ) ;
#371 = DIRECTION ( 'NONE',  ( 0.000000000000000000, 0.000000000000000000, 1.000000000000000000 ) ) ;
#372 = CARTESIAN_POINT ( 'NONE',  ( 58.42000000000002302, 0.000000000000000000, -0.2999999999999999889 ) ) ;
#373 = DIRECTION ( 'NONE',  ( 0.000000000000000000, 0.000000000000000000, 1.000000000000000000 ) ) ;
#374 = ORIENTED_EDGE ( 'NONE', *, *, #2476, .F. ) ;
#375 = AXIS2_PLACEMENT_3D ( 'NONE', #3857, #696, #6819 ) ;
#376 = EDGE_CURVE ( 'NONE', #2948, #4734, #7001, .T. ) ;
#377 = ORIENTED_EDGE ( 'NONE', *, *, #4668, .F. ) ;
#378 = PLANE ( 'NONE',  #3080 ) ;
#379 = DIRECTION ( 'NONE',  ( -0.000000000000000000, -0.000000000000000000, -1.000000000000000000 ) ) ;
#380 = CIRCLE ( 'NONE', #3439, 1.249999999999973355 ) ;
#381 = FACE_BOUND ( 'NONE', #6823, .T. ) ;
#382 = FACE_OUTER_BOUND ( 'NONE', #3884, .T. ) ;
#383 = CARTESIAN_POINT ( 'NONE',  ( -68.58000000000001251, 0.000000000000000000, 2.000000000000000000 ) ) ;
#384 = DIRECTION ( 'NONE',  ( -1.000000000000000000, 0.000000000000000000, 0.000000000000000000 ) ) ;
#385 = ADVANCED_FACE ( 'NONE', ( #2032 ), #1281, .F. ) ;
#386 = ORIENTED_EDGE ( 'NONE', *, *, #4079, .T. ) ;
#387 = AXIS2_PLACEMENT_3D ( 'NONE', #1205, #3526, #4246 ) ;
#388 = VERTEX_POINT ( 'NONE', #4473 ) ;
#389 = PERSON_AND_ORGANIZATION ( #5423, #5405 ) ;
#390 = DIRECTION ( 'NONE',  ( 1.000000000000000000, 0.000000000000000000, 0.000000000000000000 ) ) ;
#391 = ORIENTED_EDGE ( 'NONE', *, *, #1096, .T. ) ;
#392 = DIRECTION ( 'NONE',  ( 1.000000000000000000, 0.000000000000000000, 0.000000000000000000 ) ) ;
#393 = CARTESIAN_POINT ( 'NONE',  ( 204.4900000000000091, 1.530808498934190091E-16, 2.000000000000000000 ) ) ;
#394 = VERTEX_POINT ( 'NONE', #7566 ) ;
#395 = EDGE_CURVE ( 'NONE', #6634, #273, #5781, .T. ) ;
#396 = ORIENTED_EDGE ( 'NONE', *, *, #3242, .F. ) ;
#397 = ORIENTED_EDGE ( 'NONE', *, *, #1724, .F. ) ;
#398 = VECTOR ( 'NONE', #7793, 1000.000000000000000 ) ;
#399 = FACE_BOUND ( 'NONE', #1942, .T. ) ;
#400 = DIRECTION ( 'NONE',  ( -1.000000000000000000, 0.000000000000000000, 0.000000000000000000 ) ) ;
#401 = VERTEX_POINT ( 'NONE', #319 ) ;
#402 = DIRECTION ( 'NONE',  ( 1.000000000000000000, 0.000000000000000000, 0.000000000000000000 ) ) ;
#403 = CARTESIAN_POINT ( 'NONE',  ( 180.3399999999999750, 0.000000000000000000, 2.000000000000000000 ) ) ;
#404 = CIRCLE ( 'NONE', #3076, 1.250000000000001110 ) ;
#405 = CARTESIAN_POINT ( 'NONE',  ( -224.8100000000000023, 0.000000000000000000, -0.2999999999999999889 ) ) ;
#406 = ORIENTED_EDGE ( 'NONE', *, *, #6811, .F. ) ;
#407 = CIRCLE ( 'NONE', #658, 1.250000000000001110 ) ;
#408 = DIRECTION ( 'NONE',  ( -1.000000000000000000, 0.000000000000000000, 0.000000000000000000 ) ) ;
#409 = VERTEX_POINT ( 'NONE', #3355 ) ;
#410 = DIRECTION ( 'NONE',  ( 0.000000000000000000, 0.000000000000000000, 1.000000000000000000 ) ) ;
#411 = DIRECTION ( 'NONE',  ( 0.000000000000000000, 0.000000000000000000, 1.000000000000000000 ) ) ;
#412 = CARTESIAN_POINT ( 'NONE',  ( -78.74000000000000909, 0.000000000000000000, -0.2999999999999999889 ) ) ;
#413 = ORIENTED_EDGE ( 'NONE', *, *, #493, .T. ) ;
#414 = EDGE_CURVE ( 'NONE', #5567, #7831, #3919, .T. ) ;
#415 = PRODUCT ( 'RymoviaRail_104HP_V11_AISI304_ThreadStrip', 'RymoviaRail_104HP_V11_AISI304_ThreadStrip', '', ( #7472 ) ) ;
#416 = ORIENTED_EDGE ( 'NONE', *, *, #5407, .F. ) ;
#417 = DIRECTION ( 'NONE',  ( 0.000000000000000000, 0.000000000000000000, 1.000000000000000000 ) ) ;
#418 = CIRCLE ( 'NONE', #2062, 1.250000000000001110 ) ;
#419 = AXIS2_PLACEMENT_3D ( 'NONE', #3623, #7917, #1817 ) ;
#420 = FACE_OUTER_BOUND ( 'NONE', #2929, .T. ) ;
#421 = FACE_BOUND ( 'NONE', #344, .T. ) ;
#422 = CARTESIAN_POINT ( 'NONE',  ( -139.6999999999999886, 0.000000000000000000, 2.000000000000000000 ) ) ;
#423 = CARTESIAN_POINT ( 'NONE',  ( 242.5500000000000114, 0.000000000000000000, -0.2999999999999999889 ) ) ;
#424 = ADVANCED_FACE ( 'NONE', ( #3727 ), #5766, .F. ) ;
#425 = CIRCLE ( 'NONE', #3090, 1.250000000000001110 ) ;
#426 = ORIENTED_EDGE ( 'NONE', *, *, #5761, .F. ) ;
#427 = ORIENTED_EDGE ( 'NONE', *, *, #7146, .F. ) ;
#428 = COORDINATED_UNIVERSAL_TIME_OFFSET ( 8, 0, .AHEAD. ) ;
#429 = AXIS2_PLACEMENT_3D ( 'NONE', #4898, #5384, #3085 ) ;
#430 = LINE ( 'NONE', #5309, #6985 ) ;
#431 = EDGE_LOOP ( 'NONE', ( #1903, #6277, #5722, #5229 ) ) ;
#432 = ADVANCED_FACE ( 'NONE', ( #5575 ), #4600, .F. ) ;
#433 = AXIS2_PLACEMENT_3D ( 'NONE', #1625, #6434, #4070 ) ;
#434 = CARTESIAN_POINT ( 'NONE',  ( 212.0700000000000216, 0.000000000000000000, 2.000000000000000000 ) ) ;
#435 = DIRECTION ( 'NONE',  ( 0.000000000000000000, 0.000000000000000000, 1.000000000000000000 ) ) ;
#436 = ORIENTED_EDGE ( 'NONE', *, *, #6732, .F. ) ;
#437 = ORIENTED_EDGE ( 'NONE', *, *, #5415, .T. ) ;
#438 = VERTEX_POINT ( 'NONE', #3124 ) ;
#439 = FACE_BOUND ( 'NONE', #107, .T. ) ;
#440 = DIRECTION ( 'NONE',  ( 0.000000000000000000, 0.000000000000000000, 1.000000000000000000 ) ) ;
#441 = VERTEX_POINT ( 'NONE', #2275 ) ;
#442 = EDGE_CURVE ( 'NONE', #1889, #3224, #4891, .T. ) ;
#443 = DIRECTION ( 'NONE',  ( -0.000000000000000000, -0.000000000000000000, -1.000000000000000000 ) ) ;
#444 = DIRECTION ( 'NONE',  ( 0.000000000000000000, 0.000000000000000000, 1.000000000000000000 ) ) ;
#445 = DIRECTION ( 'NONE',  ( -1.000000000000000000, 0.000000000000000000, 0.000000000000000000 ) ) ;
#446 = ORIENTED_EDGE ( 'NONE', *, *, #3457, .F. ) ;
#447 = CIRCLE ( 'NONE', #1456, 1.250000000000001110 ) ;
#448 = CARTESIAN_POINT ( 'NONE',  ( -41.93000000000000682, 0.000000000000000000, 2.000000000000000000 ) ) ;
#449 = ORIENTED_EDGE ( 'NONE', *, *, #7855, .T. ) ;
#450 = CARTESIAN_POINT ( 'NONE',  ( 64.75000000000000000, 0.000000000000000000, -0.2999999999999999889 ) ) ;
#451 = CIRCLE ( 'NONE', #3891, 1.250000000000001110 ) ;
#452 = DIRECTION ( 'NONE',  ( 1.000000000000000000, 0.000000000000000000, 0.000000000000000000 ) ) ;
#453 = CARTESIAN_POINT ( 'NONE',  ( -210.8199999999999932, 0.000000000000000000, 0.000000000000000000 ) ) ;
#454 = VERTEX_POINT ( 'NONE', #4643 ) ;
#455 = VERTEX_POINT ( 'NONE', #4041 ) ;
#456 = AXIS2_PLACEMENT_3D ( 'NONE', #1534, #6423, #812 ) ;
#457 = CARTESIAN_POINT ( 'NONE',  ( -21.61000000000001364, 0.000000000000000000, 0.000000000000000000 ) ) ;
#458 = CARTESIAN_POINT ( 'NONE',  ( -264.1600000000000250, -3.000000000000000000, 0.000000000000000000 ) ) ;
#459 = ADVANCED_FACE ( 'NONE', ( #6443 ), #1074, .F. ) ;
#460 = FACE_BOUND ( 'NONE', #6361, .T. ) ;
#461 = FACE_OUTER_BOUND ( 'NONE', #1026, .T. ) ;
#462 = DIRECTION ( 'NONE',  ( 0.000000000000000000, 0.000000000000000000, 1.000000000000000000 ) ) ;
#463 = DIRECTION ( 'NONE',  ( 0.000000000000000000, 0.000000000000000000, 1.000000000000000000 ) ) ;
#464 = AXIS2_PLACEMENT_3D ( 'NONE', #5411, #1717, #5453 ) ;
#465 = CIRCLE ( 'NONE', #1222, 1.250000000000001110 ) ;
#466 = ORIENTED_EDGE ( 'NONE', *, *, #2757, .T. ) ;
#467 = ORIENTED_EDGE ( 'NONE', *, *, #1724, .T. ) ;
#468 = CARTESIAN_POINT ( 'NONE',  ( -256.5400000000000205, 0.000000000000000000, 2.000000000000000000 ) ) ;
#469 = EDGE_CURVE ( 'NONE', #7231, #2723, #7193, .T. ) ;
#470 = ORIENTED_EDGE ( 'NONE', *, *, #5668, .T. ) ;
#471 = CYLINDRICAL_SURFACE ( 'NONE', #4578, 1.250000000000001110 ) ;
#472 = DIRECTION ( 'NONE',  ( -1.000000000000000000, 0.000000000000000000, 0.000000000000000000 ) ) ;
#473 = ORIENTED_EDGE ( 'NONE', *, *, #3552, .F. ) ;
#474 = AXIS2_PLACEMENT_3D ( 'NONE', #6947, #5912, #2098 ) ;
#475 = ORIENTED_EDGE ( 'NONE', *, *, #3647, .F. ) ;
#476 = EDGE_CURVE ( 'NONE', #6315, #1748, #1297, .T. ) ;
#477 = ORIENTED_EDGE ( 'NONE', *, *, #5267, .F. ) ;
#478 = FACE_BOUND ( 'NONE', #6457, .T. ) ;
#479 = CARTESIAN_POINT ( 'NONE',  ( 78.74000000000000909, 0.000000000000000000, -0.2999999999999999889 ) ) ;
#480 = ORIENTED_EDGE ( 'NONE', *, *, #3545, .T. ) ;
#481 = CYLINDRICAL_SURFACE ( 'NONE', #3213, 1.250000000000001110 ) ;
#482 = DIRECTION ( 'NONE',  ( 1.000000000000000000, 0.000000000000000000, 0.000000000000000000 ) ) ;
#483 = ORIENTED_EDGE ( 'NONE', *, *, #1676, .T. ) ;
#484 = VECTOR ( 'NONE', #5690, 1000.000000000000000 ) ;
#485 = ADVANCED_FACE ( 'NONE', ( #3558 ), #481, .F. ) ;
#486 = CARTESIAN_POINT ( 'NONE',  ( -168.9300000000000068, 0.000000000000000000, 0.000000000000000000 ) ) ;
#487 = EDGE_LOOP ( 'NONE', ( #4347, #3659, #3583, #1848 ) ) ;
#488 = CYLINDRICAL_SURFACE ( 'NONE', #4196, 1.250000000000001110 ) ;
#489 = CIRCLE ( 'NONE', #363, 1.250000000000001110 ) ;
#490 = DIRECTION ( 'NONE',  ( 0.000000000000000000, 0.000000000000000000, 1.000000000000000000 ) ) ;
#491 = FACE_OUTER_BOUND ( 'NONE', #3631, .T. ) ;
#492 = VERTEX_POINT ( 'NONE', #7809 ) ;
#493 = EDGE_CURVE ( 'NONE', #1623, #1588, #1559, .T. ) ;
#494 = ORIENTED_EDGE ( 'NONE', *, *, #7365, .T. ) ;
#495 = AXIS2_PLACEMENT_3D ( 'NONE', #6990, #3427, #5877 ) ;
#496 = CARTESIAN_POINT ( 'NONE',  ( 261.6200000000000045, 0.000000000000000000, -0.2999999999999999889 ) ) ;
#497 = CARTESIAN_POINT ( 'NONE',  ( -54.59000000000000341, 1.530808498934190091E-16, 0.000000000000000000 ) ) ;
#498 = DIRECTION ( 'NONE',  ( 0.000000000000000000, 0.000000000000000000, 1.000000000000000000 ) ) ;
#499 = DIRECTION ( 'NONE',  ( 0.000000000000000000, 0.000000000000000000, 1.000000000000000000 ) ) ;
#500 = DIRECTION ( 'NONE',  ( 0.000000000000000000, 0.000000000000000000, 1.000000000000000000 ) ) ;
#501 = CARTESIAN_POINT ( 'NONE',  ( -199.4099999999999966, 0.000000000000000000, 0.000000000000000000 ) ) ;
#502 = ORIENTED_EDGE ( 'NONE', *, *, #4859, .F. ) ;
#503 = LINE ( 'NONE', #3018, #1919 ) ;
#504 = ORIENTED_EDGE ( 'NONE', *, *, #5201, .T. ) ;
#505 = DATE_AND_TIME ( #5231, #5911 ) ;
#506 = AXIS2_PLACEMENT_3D ( 'NONE', #7455, #51, #6131 ) ;
#507 = DIRECTION ( 'NONE',  ( 0.000000000000000000, 0.000000000000000000, 1.000000000000000000 ) ) ;
#508 = APPROVAL ( #6906, '未' ) ;
#509 = DIRECTION ( 'NONE',  ( -0.000000000000000000, -0.000000000000000000, -1.000000000000000000 ) ) ;
#510 = DIRECTION ( 'NONE',  ( 1.000000000000000000, 0.000000000000000000, 0.000000000000000000 ) ) ;
#511 = CARTESIAN_POINT ( 'NONE',  ( 128.2900000000000205, 1.530808498934190091E-16, 2.000000000000000000 ) ) ;
#512 = VERTEX_POINT ( 'NONE', #7208 ) ;
#513 = CIRCLE ( 'NONE', #1523, 1.250000000000000222 ) ;
#514 = EDGE_CURVE ( 'NONE', #7796, #1988, #6800, .T. ) ;
#515 = EDGE_LOOP ( 'NONE', ( #195, #1886, #6065, #7633 ) ) ;
#516 = EDGE_CURVE ( 'NONE', #7684, #6946, #4804, .T. ) ;
#517 = EDGE_LOOP ( 'NONE', ( #6034, #1737, #3597, #4850 ) ) ;
#518 = EDGE_CURVE ( 'NONE', #6593, #6687, #4118, .T. ) ;
#519 = FACE_BOUND ( 'NONE', #2986, .T. ) ;
#520 = CARTESIAN_POINT ( 'NONE',  ( 260.3700000000000614, 1.530808498934191571E-16, -0.2999999999999999889 ) ) ;
#521 = ORIENTED_EDGE ( 'NONE', *, *, #3388, .F. ) ;
#522 = DIRECTION ( 'NONE',  ( -1.000000000000000000, 0.000000000000000000, 0.000000000000000000 ) ) ;
#523 = FACE_OUTER_BOUND ( 'NONE', #3804, .T. ) ;
#524 = AXIS2_PLACEMENT_3D ( 'NONE', #5758, #1056, #3497 ) ;
#525 = VERTEX_POINT ( 'NONE', #4158 ) ;
#526 = ADVANCED_FACE ( 'NONE', ( #5960 ), #6485, .F. ) ;
#527 = DIRECTION ( 'NONE',  ( 0.000000000000000000, 0.000000000000000000, 1.000000000000000000 ) ) ;
#528 = ORIENTED_EDGE ( 'NONE', *, *, #713, .F. ) ;
#529 = AXIS2_PLACEMENT_3D ( 'NONE', #3168, #2524, #770 ) ;
#530 = DIRECTION ( 'NONE',  ( 0.000000000000000000, 0.000000000000000000, 1.000000000000000000 ) ) ;
#531 = ADVANCED_FACE ( 'NONE', ( #2194 ), #5365, .F. ) ;
#532 = CARTESIAN_POINT ( 'NONE',  ( -170.1800000000000068, 0.000000000000000000, 2.000000000000000000 ) ) ;
#533 = DIRECTION ( 'NONE',  ( 0.000000000000000000, 0.000000000000000000, 1.000000000000000000 ) ) ;
#534 = ORIENTED_EDGE ( 'NONE', *, *, #922, .T. ) ;
#535 = VECTOR ( 'NONE', #7667, 1000.000000000000000 ) ;
#536 = CARTESIAN_POINT ( 'NONE',  ( 264.1600000000000250, -3.000000000000000000, 2.000000000000000000 ) ) ;
#537 = DIRECTION ( 'NONE',  ( 1.000000000000000000, 0.000000000000000000, 0.000000000000000000 ) ) ;
#538 = CYLINDRICAL_SURFACE ( 'NONE', #1553, 1.250000000000001110 ) ;
#539 = EDGE_CURVE ( 'NONE', #5290, #5607, #6039, .T. ) ;
#540 = CIRCLE ( 'NONE', #916, 1.250000000000001110 ) ;
#541 = DIRECTION ( 'NONE',  ( -0.000000000000000000, -0.000000000000000000, -1.000000000000000000 ) ) ;
#542 = CYLINDRICAL_SURFACE ( 'NONE', #43, 1.250000000000001110 ) ;
#543 = CARTESIAN_POINT ( 'NONE',  ( 201.9100000000000250, 0.000000000000000000, -0.2999999999999999889 ) ) ;
#544 = ORIENTED_EDGE ( 'NONE', *, *, #7465, .T. ) ;
#545 = DIRECTION ( 'NONE',  ( -1.000000000000000000, 0.000000000000000000, 0.000000000000000000 ) ) ;
#546 = VERTEX_POINT ( 'NONE', #3435 ) ;
#547 = VECTOR ( 'NONE', #6961, 1000.000000000000000 ) ;
#548 = CARTESIAN_POINT ( 'NONE',  ( -246.3799999999999955, 0.000000000000000000, 2.000000000000000000 ) ) ;
#549 = CARTESIAN_POINT ( 'NONE',  ( 118.1299999999999955, 1.530808498934190091E-16, 2.000000000000000000 ) ) ;
#550 = CYLINDRICAL_SURFACE ( 'NONE', #7273, 1.250000000000001110 ) ;
#551 = DIRECTION ( 'NONE',  ( 0.000000000000000000, 0.000000000000000000, 1.000000000000000000 ) ) ;
#552 = ORIENTED_EDGE ( 'NONE', *, *, #77, .T. ) ;
#553 = ORIENTED_EDGE ( 'NONE', *, *, #1778, .F. ) ;
#554 = ORIENTED_EDGE ( 'NONE', *, *, #3785, .F. ) ;
#555 = AXIS2_PLACEMENT_3D ( 'NONE', #7829, #1095, #3537 ) ;
#556 = FACE_BOUND ( 'NONE', #1111, .T. ) ;
#557 = DIRECTION ( 'NONE',  ( 1.000000000000000000, 0.000000000000000000, 0.000000000000000000 ) ) ;
#558 = ORIENTED_EDGE ( 'NONE', *, *, #3994, .F. ) ;
#560 = EDGE_CURVE ( 'NONE', #3988, #103, #5847, .T. ) ;
#559 = CARTESIAN_POINT ( 'NONE',  ( 110.4700000000000273, 0.000000000000000000, 0.000000000000000000 ) ) ;
#561 = DIRECTION ( 'NONE',  ( 0.000000000000000000, 0.000000000000000000, 1.000000000000000000 ) ) ;
#562 = ORIENTED_EDGE ( 'NONE', *, *, #4863, .F. ) ;
#563 = DIRECTION ( 'NONE',  ( 0.000000000000000000, 0.000000000000000000, 1.000000000000000000 ) ) ;
#564 = ORIENTED_EDGE ( 'NONE', *, *, #2849, .T. ) ;
#565 = AXIS2_PLACEMENT_3D ( 'NONE', #383, #4138, #1532 ) ;
#566 = FACE_OUTER_BOUND ( 'NONE', #2325, .T. ) ;
#567 = EDGE_CURVE ( 'NONE', #6561, #3362, #418, .T. ) ;
#568 = CARTESIAN_POINT ( 'NONE',  ( 68.57999999999998408, 0.000000000000000000, 0.000000000000000000 ) ) ;
#569 = LINE ( 'NONE', #1763, #4037 ) ;
#570 = AXIS2_PLACEMENT_3D ( 'NONE', #453, #2123, #5335 ) ;
#571 = ORIENTED_EDGE ( 'NONE', *, *, #4830, .F. ) ;
#572 = CARTESIAN_POINT ( 'NONE',  ( 190.5000000000000000, 0.000000000000000000, -0.2999999999999999889 ) ) ;
#573 = EDGE_CURVE ( 'NONE', #3349, #1841, #3083, .T. ) ;
#574 = CIRCLE ( 'NONE', #1325, 1.250000000000000222 ) ;
#575 = DIRECTION ( 'NONE',  ( 0.000000000000000000, 0.000000000000000000, 1.000000000000000000 ) ) ;
#576 = FACE_BOUND ( 'NONE', #4650, .T. ) ;
#577 = DIRECTION ( 'NONE',  ( 0.000000000000000000, 0.000000000000000000, 1.000000000000000000 ) ) ;
#578 = DIRECTION ( 'NONE',  ( 0.000000000000000000, 0.000000000000000000, 1.000000000000000000 ) ) ;
#579 = DIRECTION ( 'NONE',  ( 0.000000000000000000, 0.000000000000000000, 1.000000000000000000 ) ) ;
#580 = AXIS2_PLACEMENT_3D ( 'NONE', #938, #6508, #5266 ) ;
#581 = VERTEX_POINT ( 'NONE', #4078 ) ;
#582 = DIRECTION ( 'NONE',  ( 0.000000000000000000, 0.000000000000000000, 1.000000000000000000 ) ) ;
#583 = ADVANCED_FACE ( 'NONE', ( #4724 ), #6523, .F. ) ;
#584 = ORIENTED_EDGE ( 'NONE', *, *, #7284, .T. ) ;
#585 = CARTESIAN_POINT ( 'NONE',  ( -153.6899999999999977, 0.000000000000000000, 2.000000000000000000 ) ) ;
#586 = VECTOR ( 'NONE', #604, 1000.000000000000000 ) ;
#587 = CARTESIAN_POINT ( 'NONE',  ( 12.69999999999998863, 0.000000000000000000, 0.000000000000000000 ) ) ;
#589 = CYLINDRICAL_SURFACE ( 'NONE', #5990, 1.250000000000001110 ) ;
#588 = CIRCLE ( 'NONE', #1079, 1.250000000000001110 ) ;
#590 = CARTESIAN_POINT ( 'NONE',  ( 240.0500000000000114, 1.530808498934190091E-16, 2.000000000000000000 ) ) ;
#591 = DIRECTION ( 'NONE',  ( 0.000000000000000000, 0.000000000000000000, 1.000000000000000000 ) ) ;
#592 = ORIENTED_EDGE ( 'NONE', *, *, #5034, .F. ) ;
#593 = ORIENTED_EDGE ( 'NONE', *, *, #1373, .T. ) ;
#594 = AXIS2_PLACEMENT_3D ( 'NONE', #2657, #2539, #7551 ) ;
#595 = ORIENTED_EDGE ( 'NONE', *, *, #3810, .F. ) ;
#596 = FACE_BOUND ( 'NONE', #7013, .T. ) ;
#597 = CARTESIAN_POINT ( 'NONE',  ( 13.94999999999998863, 0.000000000000000000, 2.000000000000000000 ) ) ;
#598 = ORIENTED_EDGE ( 'NONE', *, *, #5218, .T. ) ;
#599 = DIRECTION ( 'NONE',  ( -0.000000000000000000, -0.000000000000000000, -1.000000000000000000 ) ) ;
#600 = CIRCLE ( 'NONE', #1746, 1.250000000000001110 ) ;
#601 = DIRECTION ( 'NONE',  ( 1.000000000000000000, 0.000000000000000000, 0.000000000000000000 ) ) ;
#602 = EDGE_LOOP ( 'NONE', ( #1100, #312 ) ) ;
#603 = AXIS2_PLACEMENT_3D ( 'NONE', #1729, #1806, #7301 ) ;
#604 = DIRECTION ( 'NONE',  ( 0.000000000000000000, 0.000000000000000000, 1.000000000000000000 ) ) ;
#605 = ORIENTED_EDGE ( 'NONE', *, *, #7532, .T. ) ;
#606 = CARTESIAN_POINT ( 'NONE',  ( 179.0899999999999750, 1.530808498934191571E-16, -0.2999999999999999889 ) ) ;
#607 = CYLINDRICAL_SURFACE ( 'NONE', #1980, 1.250000000000001110 ) ;
#608 = VECTOR ( 'NONE', #7339, 1000.000000000000000 ) ;
#609 = VERTEX_POINT ( 'NONE', #3148 ) ;
#610 = EDGE_CURVE ( 'NONE', #6717, #4769, #4363, .T. ) ;
#611 = EDGE_CURVE ( 'NONE', #5630, #5876, #281, .T. ) ;
#612 = EDGE_CURVE ( 'NONE', #4012, #5524, #1865, .T. ) ;
#613 = CARTESIAN_POINT ( 'NONE',  ( -38.09999999999999432, 0.000000000000000000, 0.000000000000000000 ) ) ;
#614 = CARTESIAN_POINT ( 'NONE',  ( 151.1100000000000136, 0.000000000000000000, -0.2999999999999999889 ) ) ;
#615 = DIRECTION ( 'NONE',  ( 0.000000000000000000, 0.000000000000000000, 1.000000000000000000 ) ) ;
#616 = LINE ( 'NONE', #2935, #6942 ) ;
#617 = ADVANCED_FACE ( 'NONE', ( #4842 ), #1793, .F. ) ;
#618 = VECTOR ( 'NONE', #2381, 1000.000000000000000 ) ;
#619 = ORIENTED_EDGE ( 'NONE', *, *, #5799, .F. ) ;
#620 = DIRECTION ( 'NONE',  ( 0.000000000000000000, 0.000000000000000000, 1.000000000000000000 ) ) ;
#621 = ORIENTED_EDGE ( 'NONE', *, *, #5644, .T. ) ;
#622 = DIRECTION ( 'NONE',  ( 0.000000000000000000, 0.000000000000000000, 1.000000000000000000 ) ) ;
#623 = VECTOR ( 'NONE', #499, 1000.000000000000000 ) ;
#624 = DIRECTION ( 'NONE',  ( -0.000000000000000000, -0.000000000000000000, -1.000000000000000000 ) ) ;
#625 = CARTESIAN_POINT ( 'NONE',  ( -175.2599999999999909, 0.000000000000000000, 0.000000000000000000 ) ) ;
#626 = FACE_OUTER_BOUND ( 'NONE', #6417, .T. ) ;
#627 = EDGE_CURVE ( 'NONE', #4611, #4888, #5654, .T. ) ;
#628 = CARTESIAN_POINT ( 'NONE',  ( 123.2099999999999795, 1.530808498934190091E-16, 2.000000000000000000 ) ) ;
#629 = EDGE_LOOP ( 'NONE', ( #6936, #3605, #5572, #1401 ) ) ;
#630 = VERTEX_POINT ( 'NONE', #4956 ) ;
#631 = CIRCLE ( 'NONE', #6893, 1.250000000000001110 ) ;
#632 = ORIENTED_EDGE ( 'NONE', *, *, #2572, .T. ) ;
#633 = FACE_BOUND ( 'NONE', #1459, .T. ) ;
#634 = DIRECTION ( 'NONE',  ( -1.000000000000000000, 0.000000000000000000, 0.000000000000000000 ) ) ;
#635 = ORIENTED_EDGE ( 'NONE', *, *, #1140, .T. ) ;
#636 = DIRECTION ( 'NONE',  ( -1.000000000000000000, 0.000000000000000000, 0.000000000000000000 ) ) ;
#637 = CIRCLE ( 'NONE', #6766, 1.250000000000001110 ) ;
#638 = LINE ( 'NONE', #1270, #5768 ) ;
#639 = ADVANCED_FACE ( 'NONE', ( #710 ), #6718, .F. ) ;
#640 = ORIENTED_EDGE ( 'NONE', *, *, #3281, .T. ) ;
#641 = EDGE_LOOP ( 'NONE', ( #3115, #2120 ) ) ;
#642 = FACE_OUTER_BOUND ( 'NONE', #5580, .T. ) ;
#643 = VERTEX_POINT ( 'NONE', #6040 ) ;
#644 = DIRECTION ( 'NONE',  ( 1.000000000000000000, 0.000000000000000000, 0.000000000000000000 ) ) ;
#645 = LINE ( 'NONE', #3078, #331 ) ;
#646 = ORIENTED_EDGE ( 'NONE', *, *, #2646, .F. ) ;
#647 = CIRCLE ( 'NONE', #7299, 1.249999999999973355 ) ;
#648 = CARTESIAN_POINT ( 'NONE',  ( 36.85000000000002274, 1.530808498934191571E-16, -0.2999999999999999889 ) ) ;
#649 = CARTESIAN_POINT ( 'NONE',  ( -227.3100000000000023, 1.530808498934190091E-16, 2.000000000000000000 ) ) ;
#650 = LINE ( 'NONE', #5576, #5880 ) ;
#651 = CYLINDRICAL_SURFACE ( 'NONE', #429, 1.250000000000001110 ) ;
#652 = EDGE_CURVE ( 'NONE', #1748, #6315, #7449, .T. ) ;
#653 = VECTOR ( 'NONE', #6624, 1000.000000000000000 ) ;
#654 = VERTEX_POINT ( 'NONE', #2503 ) ;
#655 = CARTESIAN_POINT ( 'NONE',  ( 133.3700000000000045, 1.530808498934190091E-16, 2.000000000000000000 ) ) ;
#656 = ORIENTED_EDGE ( 'NONE', *, *, #7855, .F. ) ;
#657 = CIRCLE ( 'NONE', #6154, 1.250000000000001110 ) ;
#658 = AXIS2_PLACEMENT_3D ( 'NONE', #7222, #3611, #4173 ) ;
#659 = DIRECTION ( 'NONE',  ( 0.000000000000000000, 0.000000000000000000, 1.000000000000000000 ) ) ;
#660 = ORIENTED_EDGE ( 'NONE', *, *, #3681, .T. ) ;
#661 = CARTESIAN_POINT ( 'NONE',  ( -24.11000000000001720, 1.530808498934190091E-16, 0.000000000000000000 ) ) ;
#662 = DIRECTION ( 'NONE',  ( -0.000000000000000000, -0.000000000000000000, -1.000000000000000000 ) ) ;
#663 = EDGE_CURVE ( 'NONE', #3226, #5709, #1436, .T. ) ;
#664 = CARTESIAN_POINT ( 'NONE',  ( -240.0500000000000114, 0.000000000000000000, 2.000000000000000000 ) ) ;
#665 = ORIENTED_EDGE ( 'NONE', *, *, #5864, .F. ) ;
#666 = AXIS2_PLACEMENT_3D ( 'NONE', #7772, #5285, #7732 ) ;
#667 = ORIENTED_EDGE ( 'NONE', *, *, #3491, .F. ) ;
#668 = ORIENTED_EDGE ( 'NONE', *, *, #6476, .T. ) ;
#669 = CARTESIAN_POINT ( 'NONE',  ( 240.0500000000000114, 1.530808498934190091E-16, 0.000000000000000000 ) ) ;
#670 = EDGE_CURVE ( 'NONE', #3668, #6989, #3865, .T. ) ;
#671 = CARTESIAN_POINT ( 'NONE',  ( -119.3799999999999955, 0.000000000000000000, 0.000000000000000000 ) ) ;
#672 = EDGE_LOOP ( 'NONE', ( #6613, #4407, #2819, #4605 ) ) ;
#673 = CARTESIAN_POINT ( 'NONE',  ( 68.57999999999998408, 0.000000000000000000, 2.000000000000000000 ) ) ;
#674 = DIRECTION ( 'NONE',  ( 0.000000000000000000, 0.000000000000000000, 1.000000000000000000 ) ) ;
#675 = VECTOR ( 'NONE', #2482, 1000.000000000000000 ) ;
#676 = VERTEX_POINT ( 'NONE', #559 ) ;
#677 = ORIENTED_EDGE ( 'NONE', *, *, #6180, .F. ) ;
#678 = EDGE_CURVE ( 'NONE', #273, #581, #2991, .T. ) ;
#679 = CARTESIAN_POINT ( 'NONE',  ( -134.6200000000000045, 0.000000000000000000, 2.000000000000000000 ) ) ;
#680 = ORIENTED_EDGE ( 'NONE', *, *, #3339, .T. ) ;
#681 = CARTESIAN_POINT ( 'NONE',  ( 165.1000000000000227, 0.000000000000000000, -0.2999999999999999889 ) ) ;
#682 = CARTESIAN_POINT ( 'NONE',  ( 224.8100000000000023, 1.530808498934191571E-16, -0.2999999999999999889 ) ) ;
#683 = ORIENTED_EDGE ( 'NONE', *, *, #749, .F. ) ;
#684 = CYLINDRICAL_SURFACE ( 'NONE', #730, 1.250000000000001110 ) ;
#685 = DIRECTION ( 'NONE',  ( 1.000000000000000000, 0.000000000000000000, 0.000000000000000000 ) ) ;
#686 = CYLINDRICAL_SURFACE ( 'NONE', #116, 1.250000000000001110 ) ;
#687 = FACE_OUTER_BOUND ( 'NONE', #7573, .T. ) ;
#688 = CIRCLE ( 'NONE', #5166, 1.250000000000001110 ) ;
#689 = EDGE_LOOP ( 'NONE', ( #7274, #2616, #2359, #4382 ) ) ;
#690 = AXIS2_PLACEMENT_3D ( 'NONE', #4688, #7083, #4082 ) ;
#691 = CARTESIAN_POINT ( 'NONE',  ( 144.7799999999999727, 0.000000000000000000, -0.2999999999999999889 ) ) ;
#692 = VERTEX_POINT ( 'NONE', #6682 ) ;
#693 = EDGE_CURVE ( 'NONE', #4951, #5272, #285, .T. ) ;
#694 = DIRECTION ( 'NONE',  ( 1.000000000000000000, 0.000000000000000000, 0.000000000000000000 ) ) ;
#695 = DIRECTION ( 'NONE',  ( 0.000000000000000000, 0.000000000000000000, 1.000000000000000000 ) ) ;
#696 = DIRECTION ( 'NONE',  ( -0.000000000000000000, -0.000000000000000000, -1.000000000000000000 ) ) ;
#697 = CARTESIAN_POINT ( 'NONE',  ( -99.06000000000000227, 0.000000000000000000, -0.2999999999999999889 ) ) ;
#698 = AXIS2_PLACEMENT_3D ( 'NONE', #3212, #2094, #5708 ) ;
#699 = DIRECTION ( 'NONE',  ( 0.000000000000000000, 0.000000000000000000, 1.000000000000000000 ) ) ;
#700 = ORIENTED_EDGE ( 'NONE', *, *, #3332, .F. ) ;
#701 = ORIENTED_EDGE ( 'NONE', *, *, #2228, .T. ) ;
#702 = EDGE_LOOP ( 'NONE', ( #7325, #7901, #2436, #7344 ) ) ;
#703 = EDGE_CURVE ( 'NONE', #1227, #2150, #2329, .T. ) ;
#704 = EDGE_CURVE ( 'NONE', #2309, #5128, #2843, .T. ) ;
#705 = FACE_BOUND ( 'NONE', #6555, .T. ) ;
#706 = VECTOR ( 'NONE', #1576, 1000.000000000000000 ) ;
#707 = CARTESIAN_POINT ( 'NONE',  ( 119.3799999999999955, 0.000000000000000000, 2.000000000000000000 ) ) ;
#708 = ORIENTED_EDGE ( 'NONE', *, *, #6762, .F. ) ;
#709 = CARTESIAN_POINT ( 'NONE',  ( 74.91000000000002501, 0.000000000000000000, 2.000000000000000000 ) ) ;
#710 = FACE_OUTER_BOUND ( 'NONE', #1347, .T. ) ;
#711 = DIRECTION ( 'NONE',  ( 0.000000000000000000, 0.000000000000000000, 1.000000000000000000 ) ) ;
#712 = AXIS2_PLACEMENT_3D ( 'NONE', #7407, #154, #1351 ) ;
#713 = EDGE_CURVE ( 'NONE', #4950, #6750, #425, .T. ) ;
#714 = ORIENTED_EDGE ( 'NONE', *, *, #3725, .F. ) ;
#715 = ORIENTED_EDGE ( 'NONE', *, *, #6334, .F. ) ;
#716 = DIRECTION ( 'NONE',  ( 1.000000000000000000, 0.000000000000000000, 0.000000000000000000 ) ) ;
#717 = CARTESIAN_POINT ( 'NONE',  ( -53.34000000000000341, 0.000000000000000000, -0.2999999999999999889 ) ) ;
#718 = VERTEX_POINT ( 'NONE', #6152 ) ;
#719 = CARTESIAN_POINT ( 'NONE',  ( 160.0199999999999818, 0.000000000000000000, 2.000000000000000000 ) ) ;
#720 = CARTESIAN_POINT ( 'NONE',  ( -215.9000000000000057, 0.000000000000000000, 2.000000000000000000 ) ) ;
#721 = EDGE_CURVE ( 'NONE', #1833, #1864, #2457, .T. ) ;
#722 = ORIENTED_EDGE ( 'NONE', *, *, #3164, .T. ) ;
#723 = AXIS2_PLACEMENT_3D ( 'NONE', #1541, #5474, #6704 ) ;
#724 = DIRECTION ( 'NONE',  ( 0.000000000000000000, 0.000000000000000000, 1.000000000000000000 ) ) ;
#725 = AXIS2_PLACEMENT_3D ( 'NONE', #6778, #659, #2489 ) ;
#726 = DIRECTION ( 'NONE',  ( 1.000000000000000000, 0.000000000000000000, 0.000000000000000000 ) ) ;
#727 = DIRECTION ( 'NONE',  ( -0.000000000000000000, -0.000000000000000000, -1.000000000000000000 ) ) ;
#728 = EDGE_CURVE ( 'NONE', #4860, #3326, #5661, .T. ) ;
#729 = ORIENTED_EDGE ( 'NONE', *, *, #4406, .F. ) ;
#730 = AXIS2_PLACEMENT_3D ( 'NONE', #6849, #6890, #6769 ) ;
#731 = DIRECTION ( 'NONE',  ( -0.000000000000000000, -0.000000000000000000, -1.000000000000000000 ) ) ;
#732 = ORIENTED_EDGE ( 'NONE', *, *, #704, .T. ) ;
#733 = DIRECTION ( 'NONE',  ( 1.000000000000000000, 0.000000000000000000, 0.000000000000000000 ) ) ;
#734 = CARTESIAN_POINT ( 'NONE',  ( 27.94000000000000128, 0.000000000000000000, 0.000000000000000000 ) ) ;
#735 = DIRECTION ( 'NONE',  ( -0.000000000000000000, -0.000000000000000000, -1.000000000000000000 ) ) ;
#736 = DIRECTION ( 'NONE',  ( 1.000000000000000000, 0.000000000000000000, 0.000000000000000000 ) ) ;
#737 = AXIS2_PLACEMENT_3D ( 'NONE', #2244, #4694, #1719 ) ;
#738 = LINE ( 'NONE', #1973, #6460 ) ;
#739 = EDGE_LOOP ( 'NONE', ( #396, #3930 ) ) ;
#740 = EDGE_LOOP ( 'NONE', ( #5860, #528 ) ) ;
#741 = VERTEX_POINT ( 'NONE', #2467 ) ;
#742 = CARTESIAN_POINT ( 'NONE',  ( 2.540000000000020464, 0.000000000000000000, -0.2999999999999999889 ) ) ;
#743 = CC_DESIGN_DATE_AND_TIME_ASSIGNMENT ( #6427, #4628, ( #7452 ) ) ;
#744 = CARTESIAN_POINT ( 'NONE',  ( 120.6299999999999955, 0.000000000000000000, 2.000000000000000000 ) ) ;
#745 = ORIENTED_EDGE ( 'NONE', *, *, #6811, .T. ) ;
#746 = DIRECTION ( 'NONE',  ( 0.000000000000000000, 0.000000000000000000, 1.000000000000000000 ) ) ;
#747 = CARTESIAN_POINT ( 'NONE',  ( 151.1100000000000136, 0.000000000000000000, 2.000000000000000000 ) ) ;
#748 = DIRECTION ( 'NONE',  ( 0.000000000000000000, 0.000000000000000000, 1.000000000000000000 ) ) ;
#749 = EDGE_CURVE ( 'NONE', #6723, #1516, #39, .T. ) ;
#750 = AXIS2_PLACEMENT_3D ( 'NONE', #6178, #6901, #6140 ) ;
#751 = EDGE_LOOP ( 'NONE', ( #6548, #4624, #6324, #1642 ) ) ;
#752 = EDGE_CURVE ( 'NONE', #3315, #4331, #1564, .T. ) ;
#753 = ORIENTED_EDGE ( 'NONE', *, *, #469, .T. ) ;
#754 = DIRECTION ( 'NONE',  ( 0.000000000000000000, 0.000000000000000000, 1.000000000000000000 ) ) ;
#755 = CARTESIAN_POINT ( 'NONE',  ( -170.1800000000000068, 0.000000000000000000, -0.2999999999999999889 ) ) ;
#756 = CIRCLE ( 'NONE', #3693, 1.250000000000001110 ) ;
#757 = EDGE_LOOP ( 'NONE', ( #2833, #2692 ) ) ;
#758 = DIRECTION ( 'NONE',  ( 0.000000000000000000, 0.000000000000000000, 1.000000000000000000 ) ) ;
#759 = DIRECTION ( 'NONE',  ( -1.000000000000000000, 0.000000000000000000, 0.000000000000000000 ) ) ;
#760 = EDGE_CURVE ( 'NONE', #6855, #7715, #6045, .T. ) ;
#761 = EDGE_LOOP ( 'NONE', ( #4960, #7636 ) ) ;
#762 = AXIS2_PLACEMENT_3D ( 'NONE', #4848, #6650, #1046 ) ;
#763 = ORIENTED_EDGE ( 'NONE', *, *, #7239, .F. ) ;
#764 = EDGE_CURVE ( 'NONE', #1059, #2000, #3105, .T. ) ;
#765 = CARTESIAN_POINT ( 'NONE',  ( -160.0200000000000102, 0.000000000000000000, 2.000000000000000000 ) ) ;
#766 = DIRECTION ( 'NONE',  ( -0.000000000000000000, -0.000000000000000000, -1.000000000000000000 ) ) ;
#767 = DIRECTION ( 'NONE',  ( 0.000000000000000000, 0.000000000000000000, 1.000000000000000000 ) ) ;
#768 = CIRCLE ( 'NONE', #6532, 1.250000000000001110 ) ;
#769 = ORIENTED_EDGE ( 'NONE', *, *, #5007, .F. ) ;
#770 = DIRECTION ( 'NONE',  ( 1.000000000000000000, 0.000000000000000000, 0.000000000000000000 ) ) ;
#771 = ORIENTED_EDGE ( 'NONE', *, *, #3702, .F. ) ;
#772 = EDGE_CURVE ( 'NONE', #6953, #2942, #1063, .T. ) ;
#773 = CARTESIAN_POINT ( 'NONE',  ( 69.82999999999998408, 0.000000000000000000, 0.000000000000000000 ) ) ;
#774 = DIRECTION ( 'NONE',  ( 1.000000000000000000, 0.000000000000000000, 0.000000000000000000 ) ) ;
#775 = DIRECTION ( 'NONE',  ( 0.000000000000000000, 0.000000000000000000, 1.000000000000000000 ) ) ;
#776 = AXIS2_PLACEMENT_3D ( 'NONE', #5472, #7913, #2415 ) ;
#777 = DIRECTION ( 'NONE',  ( 1.000000000000000000, 0.000000000000000000, 0.000000000000000000 ) ) ;
#778 = DIRECTION ( 'NONE',  ( 1.000000000000000000, 0.000000000000000000, 0.000000000000000000 ) ) ;
#779 = EDGE_LOOP ( 'NONE', ( #4521, #1395, #6372, #5994 ) ) ;
#780 = ORIENTED_EDGE ( 'NONE', *, *, #7902, .F. ) ;
#781 = VECTOR ( 'NONE', #754, 1000.000000000000000 ) ;
#782 = CYLINDRICAL_SURFACE ( 'NONE', #4491, 1.250000000000000222 ) ;
#783 = CARTESIAN_POINT ( 'NONE',  ( 184.1700000000000159, 1.530808498934190091E-16, 0.000000000000000000 ) ) ;
#784 = ORIENTED_EDGE ( 'NONE', *, *, #442, .F. ) ;
#785 = DIRECTION ( 'NONE',  ( 1.000000000000000000, 0.000000000000000000, 0.000000000000000000 ) ) ;
#786 = DIRECTION ( 'NONE',  ( 0.000000000000000000, 0.000000000000000000, 1.000000000000000000 ) ) ;
#787 = DIRECTION ( 'NONE',  ( 0.000000000000000000, 0.000000000000000000, 1.000000000000000000 ) ) ;
#788 = VECTOR ( 'NONE', #3856, 1000.000000000000000 ) ;
#789 = LOCAL_TIME ( 16, 0, 29.00000000000000000, #428 ) ;
#790 = ORIENTED_EDGE ( 'NONE', *, *, #7635, .F. ) ;
#791 = ORIENTED_EDGE ( 'NONE', *, *, #1678, .F. ) ;
#792 = ORIENTED_EDGE ( 'NONE', *, *, #5209, .F. ) ;
#793 = DIRECTION ( 'NONE',  ( -1.000000000000000000, 0.000000000000000000, 0.000000000000000000 ) ) ;
#794 = AXIS2_PLACEMENT_3D ( 'NONE', #4557, #6320, #3312 ) ;
#795 = CARTESIAN_POINT ( 'NONE',  ( 11.44999999999999041, 1.530808498934191571E-16, -0.2999999999999999889 ) ) ;
#796 = EDGE_CURVE ( 'NONE', #5075, #5088, #3618, .T. ) ;
#797 = ORIENTED_EDGE ( 'NONE', *, *, #6176, .T. ) ;
#798 = DIRECTION ( 'NONE',  ( 0.000000000000000000, 0.000000000000000000, 1.000000000000000000 ) ) ;
#799 = CARTESIAN_POINT ( 'NONE',  ( 78.74000000000000909, 0.000000000000000000, -0.2999999999999999889 ) ) ;
#800 = ORIENTED_EDGE ( 'NONE', *, *, #2962, .T. ) ;
#801 = VECTOR ( 'NONE', #767, 1000.000000000000000 ) ;
#802 = EDGE_CURVE ( 'NONE', #1701, #7297, #4900, .T. ) ;
#803 = VERTEX_POINT ( 'NONE', #6230 ) ;
#804 = CIRCLE ( 'NONE', #294, 1.250000000000001110 ) ;
#805 = CARTESIAN_POINT ( 'NONE',  ( -52.09000000000000341, 0.000000000000000000, -0.2999999999999999889 ) ) ;
#806 = CARTESIAN_POINT ( 'NONE',  ( -153.6899999999999977, 0.000000000000000000, 0.000000000000000000 ) ) ;
#807 = DIRECTION ( 'NONE',  ( -1.000000000000000000, 0.000000000000000000, 0.000000000000000000 ) ) ;
#808 = EDGE_CURVE ( 'NONE', #5519, #5629, #1571, .T. ) ;
#809 = ORIENTED_EDGE ( 'NONE', *, *, #7014, .F. ) ;
#810 = DIRECTION ( 'NONE',  ( -0.000000000000000000, -0.000000000000000000, -1.000000000000000000 ) ) ;
#811 = VERTEX_POINT ( 'NONE', #5032 ) ;
#812 = DIRECTION ( 'NONE',  ( 1.000000000000000000, 0.000000000000000000, 0.000000000000000000 ) ) ;
#813 = CARTESIAN_POINT ( 'NONE',  ( -231.1400000000000148, 0.000000000000000000, 0.000000000000000000 ) ) ;
#814 = DIRECTION ( 'NONE',  ( 0.000000000000000000, 0.000000000000000000, 1.000000000000000000 ) ) ;
#815 = CIRCLE ( 'NONE', #2724, 1.250000000000001110 ) ;
#816 = DIRECTION ( 'NONE',  ( -0.000000000000000000, -0.000000000000000000, -1.000000000000000000 ) ) ;
#817 = CYLINDRICAL_SURFACE ( 'NONE', #4143, 1.250000000000001110 ) ;
#818 = CARTESIAN_POINT ( 'NONE',  ( 171.4300000000000068, 0.000000000000000000, 0.000000000000000000 ) ) ;
#819 = CIRCLE ( 'NONE', #4659, 1.250000000000001110 ) ;
#820 = EDGE_CURVE ( 'NONE', #1299, #7286, #2210, .T. ) ;
#821 = AXIS2_PLACEMENT_3D ( 'NONE', #1521, #2246, #4609 ) ;
#822 = VERTEX_POINT ( 'NONE', #2698 ) ;
#823 = EDGE_LOOP ( 'NONE', ( #5095, #6564 ) ) ;
#824 = DIRECTION ( 'NONE',  ( 0.000000000000000000, 0.000000000000000000, 1.000000000000000000 ) ) ;
#825 = AXIS2_PLACEMENT_3D ( 'NONE', #5551, #6072, #3137 ) ;
#826 = ORIENTED_EDGE ( 'NONE', *, *, #3445, .F. ) ;
#827 = DIRECTION ( 'NONE',  ( 0.000000000000000000, 0.000000000000000000, 1.000000000000000000 ) ) ;
#828 = CARTESIAN_POINT ( 'NONE',  ( 54.58999999999998209, 0.000000000000000000, -0.2999999999999999889 ) ) ;
#829 = CARTESIAN_POINT ( 'NONE',  ( 165.1000000000000227, 0.000000000000000000, 2.000000000000000000 ) ) ;
#830 = ORIENTED_EDGE ( 'NONE', *, *, #1210, .T. ) ;
#831 = AXIS2_PLACEMENT_3D ( 'NONE', #1080, #5210, #5370 ) ;
#832 = EDGE_LOOP ( 'NONE', ( #6730, #7309 ) ) ;
#833 = DIRECTION ( 'NONE',  ( -1.000000000000000000, 0.000000000000000000, 0.000000000000000000 ) ) ;
#834 = CARTESIAN_POINT ( 'NONE',  ( 27.94000000000000128, 0.000000000000000000, -0.2999999999999999889 ) ) ;
#835 = EDGE_LOOP ( 'NONE', ( #6245, #5025 ) ) ;
#836 = CARTESIAN_POINT ( 'NONE',  ( -129.5399999999999920, 0.000000000000000000, 0.000000000000000000 ) ) ;
#837 = CARTESIAN_POINT ( 'NONE',  ( 47.00999999999999091, 1.530808498934190091E-16, 0.000000000000000000 ) ) ;
#838 = VECTOR ( 'NONE', #1636, 1000.000000000000000 ) ;
#839 = CARTESIAN_POINT ( 'NONE',  ( -19.03000000000000114, 1.530808498934190091E-16, 0.000000000000000000 ) ) ;
#840 = ORIENTED_EDGE ( 'NONE', *, *, #4815, .T. ) ;
#841 = VECTOR ( 'NONE', #2152, 1000.000000000000000 ) ;
#842 = EDGE_CURVE ( 'NONE', #3412, #401, #5289, .T. ) ;
#843 = ORIENTED_EDGE ( 'NONE', *, *, #1278, .T. ) ;
#844 = DIRECTION ( 'NONE',  ( 1.000000000000000000, 0.000000000000000000, 0.000000000000000000 ) ) ;
#845 = CYLINDRICAL_SURFACE ( 'NONE', #2287, 1.249999999999973355 ) ;
#846 = DIRECTION ( 'NONE',  ( 0.000000000000000000, 0.000000000000000000, 1.000000000000000000 ) ) ;
#847 = VECTOR ( 'NONE', #4186, 1000.000000000000000 ) ;
#848 = EDGE_CURVE ( 'NONE', #7141, #4926, #4503, .T. ) ;
#849 = EDGE_CURVE ( 'NONE', #3610, #986, #6432, .T. ) ;
#850 = ORIENTED_EDGE ( 'NONE', *, *, #5545, .T. ) ;
#851 = EDGE_CURVE ( 'NONE', #248, #6625, #1310, .T. ) ;
#852 = DIRECTION ( 'NONE',  ( -1.000000000000000000, 0.000000000000000000, 0.000000000000000000 ) ) ;
#853 = VERTEX_POINT ( 'NONE', #1464 ) ;
#854 = LINE ( 'NONE', #212, #1359 ) ;
#855 = FACE_BOUND ( 'NONE', #2391, .T. ) ;
#856 = DIRECTION ( 'NONE',  ( -0.000000000000000000, -0.000000000000000000, -1.000000000000000000 ) ) ;
#857 = DIRECTION ( 'NONE',  ( 1.000000000000000000, 0.000000000000000000, 0.000000000000000000 ) ) ;
#858 = DIRECTION ( 'NONE',  ( -1.000000000000000000, 0.000000000000000000, 0.000000000000000000 ) ) ;
#859 = AXIS2_PLACEMENT_3D ( 'NONE', #6288, #924, #5855 ) ;
#860 = ORIENTED_EDGE ( 'NONE', *, *, #5357, .T. ) ;
#861 = EDGE_LOOP ( 'NONE', ( #4304, #7884, #113, #7413 ) ) ;
#862 = LINE ( 'NONE', #3383, #7116 ) ;
#863 = EDGE_LOOP ( 'NONE', ( #200, #7406 ) ) ;
#864 = EDGE_CURVE ( 'NONE', #5387, #3722, #2081, .T. ) ;
#865 = DIRECTION ( 'NONE',  ( 0.000000000000000000, 0.000000000000000000, 1.000000000000000000 ) ) ;
#866 = DIRECTION ( 'NONE',  ( 0.000000000000000000, 0.000000000000000000, 1.000000000000000000 ) ) ;
#867 = DIRECTION ( 'NONE',  ( 0.000000000000000000, -1.000000000000000000, 0.000000000000000000 ) ) ;
#868 = ORIENTED_EDGE ( 'NONE', *, *, #1391, .T. ) ;
#869 = ORIENTED_EDGE ( 'NONE', *, *, #6342, .F. ) ;
#870 = AXIS2_PLACEMENT_3D ( 'NONE', #7681, #7800, #5354 ) ;
#871 = VERTEX_POINT ( 'NONE', #1502 ) ;
#872 = CYLINDRICAL_SURFACE ( 'NONE', #7440, 1.250000000000001110 ) ;
#873 = DIRECTION ( 'NONE',  ( -1.000000000000000000, 0.000000000000000000, 0.000000000000000000 ) ) ;
#874 = VERTEX_POINT ( 'NONE', #6391 ) ;
#875 = EDGE_CURVE ( 'NONE', #7675, #2259, #1418, .T. ) ;
#876 = DIRECTION ( 'NONE',  ( 0.000000000000000000, 0.000000000000000000, 1.000000000000000000 ) ) ;
#877 = AXIS2_PLACEMENT_3D ( 'NONE', #2332, #541, #2896 ) ;
#878 = DIRECTION ( 'NONE',  ( 1.000000000000000000, 0.000000000000000000, 0.000000000000000000 ) ) ;
#879 = CYLINDRICAL_SURFACE ( 'NONE', #2605, 1.250000000000001110 ) ;
#880 = EDGE_LOOP ( 'NONE', ( #714, #1124 ) ) ;
#881 = AXIS2_PLACEMENT_3D ( 'NONE', #6736, #3238, #165 ) ;
#882 = VERTEX_POINT ( 'NONE', #5794 ) ;
#883 = DIRECTION ( 'NONE',  ( 0.000000000000000000, 0.000000000000000000, 1.000000000000000000 ) ) ;
#884 = CARTESIAN_POINT ( 'NONE',  ( -110.4699999999999989, 1.530808498934190091E-16, 0.000000000000000000 ) ) ;
#885 = FACE_OUTER_BOUND ( 'NONE', #7151, .T. ) ;
#886 = AXIS2_PLACEMENT_3D ( 'NONE', #4774, #1721, #3644 ) ;
#887 = ORIENTED_EDGE ( 'NONE', *, *, #119, .T. ) ;
#888 = VERTEX_POINT ( 'NONE', #308 ) ;
#889 = CARTESIAN_POINT ( 'NONE',  ( -92.72999999999998977, 0.000000000000000000, 2.000000000000000000 ) ) ;
#890 = ORIENTED_EDGE ( 'NONE', *, *, #2507, .T. ) ;
#891 = DIRECTION ( 'NONE',  ( 1.000000000000000000, 0.000000000000000000, 0.000000000000000000 ) ) ;
#892 = EDGE_CURVE ( 'NONE', #7570, #2550, #804, .T. ) ;
#893 = FACE_BOUND ( 'NONE', #5997, .T. ) ;
#894 = DIRECTION ( 'NONE',  ( 0.000000000000000000, 0.000000000000000000, 1.000000000000000000 ) ) ;
#895 = DIRECTION ( 'NONE',  ( -1.000000000000000000, 0.000000000000000000, 0.000000000000000000 ) ) ;
#896 = EDGE_CURVE ( 'NONE', #5536, #4814, #7205, .T. ) ;
#897 = LINE ( 'NONE', #6862, #4665 ) ;
#898 = CIRCLE ( 'NONE', #2818, 1.250000000000001110 ) ;
#899 = ORIENTED_EDGE ( 'NONE', *, *, #5761, .T. ) ;
#900 = VERTEX_POINT ( 'NONE', #747 ) ;
#901 = CARTESIAN_POINT ( 'NONE',  ( -186.6700000000000443, 1.530808498934190091E-16, 0.000000000000000000 ) ) ;
#902 = CIRCLE ( 'NONE', #6147, 1.250000000000001110 ) ;
#903 = DIRECTION ( 'NONE',  ( 0.000000000000000000, 0.000000000000000000, 1.000000000000000000 ) ) ;
#904 = EDGE_CURVE ( 'NONE', #3129, #6459, #2581, .T. ) ;
#905 = ORIENTED_EDGE ( 'NONE', *, *, #6170, .F. ) ;
#906 = DIRECTION ( 'NONE',  ( 0.000000000000000000, 0.000000000000000000, 1.000000000000000000 ) ) ;
#907 = DIRECTION ( 'NONE',  ( 1.000000000000000000, 0.000000000000000000, 0.000000000000000000 ) ) ;
#908 = CARTESIAN_POINT ( 'NONE',  ( 158.7699999999999818, 1.530808498934190091E-16, 2.000000000000000000 ) ) ;
#909 = ORIENTED_EDGE ( 'NONE', *, *, #652, .T. ) ;
#910 = ORIENTED_EDGE ( 'NONE', *, *, #6795, .T. ) ;
#911 = EDGE_CURVE ( 'NONE', #3347, #7621, #3221, .T. ) ;
#912 = VERTEX_POINT ( 'NONE', #4029 ) ;
#913 = CARTESIAN_POINT ( 'NONE',  ( -29.19000000000000128, 1.530808498934190091E-16, 0.000000000000000000 ) ) ;
#914 = CARTESIAN_POINT ( 'NONE',  ( -210.8199999999999932, 0.000000000000000000, -0.2999999999999999889 ) ) ;
#915 = ORIENTED_EDGE ( 'NONE', *, *, #752, .T. ) ;
#916 = AXIS2_PLACEMENT_3D ( 'NONE', #7425, #7542, #7505 ) ;
#917 = CIRCLE ( 'NONE', #5398, 1.250000000000001110 ) ;
#918 = CARTESIAN_POINT ( 'NONE',  ( -114.3000000000000114, 0.000000000000000000, -0.2999999999999999889 ) ) ;
#919 = DIRECTION ( 'NONE',  ( 0.000000000000000000, 0.000000000000000000, 1.000000000000000000 ) ) ;
#920 = CARTESIAN_POINT ( 'NONE',  ( -165.1000000000000227, 0.000000000000000000, 2.000000000000000000 ) ) ;
#921 = ORIENTED_EDGE ( 'NONE', *, *, #3883, .F. ) ;
#922 = EDGE_CURVE ( 'NONE', #986, #3610, #4646, .T. ) ;
#923 = EDGE_LOOP ( 'NONE', ( #4430, #1033, #4872, #7540 ) ) ;
#924 = DIRECTION ( 'NONE',  ( -0.000000000000000000, -0.000000000000000000, -1.000000000000000000 ) ) ;
#925 = CARTESIAN_POINT ( 'NONE',  ( 156.1899999999999977, 0.000000000000000000, 2.000000000000000000 ) ) ;
#926 = DIRECTION ( 'NONE',  ( -1.000000000000000000, 0.000000000000000000, 0.000000000000000000 ) ) ;
#927 = ORIENTED_EDGE ( 'NONE', *, *, #4441, .F. ) ;
#928 = AXIS2_PLACEMENT_3D ( 'NONE', #7578, #4329, #166 ) ;
#929 = VERTEX_POINT ( 'NONE', #1065 ) ;
#930 = LINE ( 'NONE', #3451, #5133 ) ;
#931 = ORIENTED_EDGE ( 'NONE', *, *, #20, .F. ) ;
#932 = AXIS2_PLACEMENT_3D ( 'NONE', #5152, #1380, #7518 ) ;
#933 = DIRECTION ( 'NONE',  ( 1.000000000000000000, 0.000000000000000000, 0.000000000000000000 ) ) ;
#934 = FACE_BOUND ( 'NONE', #3769, .T. ) ;
#935 = CARTESIAN_POINT ( 'NONE',  ( -47.00999999999999091, 0.000000000000000000, -0.2999999999999999889 ) ) ;
#936 = LINE ( 'NONE', #4098, #5807 ) ;
#937 = VECTOR ( 'NONE', #3097, 1000.000000000000000 ) ;
#938 = CARTESIAN_POINT ( 'NONE',  ( -139.6999999999999886, 0.000000000000000000, 2.000000000000000000 ) ) ;
#939 = ORIENTED_EDGE ( 'NONE', *, *, #5545, .F. ) ;
#940 = ADVANCED_FACE ( 'NONE', ( #3548 ), #3428, .F. ) ;
#941 = ORIENTED_EDGE ( 'NONE', *, *, #2126, .F. ) ;
#942 = DATE_AND_TIME ( #7108, #4886 ) ;
#943 = VECTOR ( 'NONE', #5182, 1000.000000000000000 ) ;
#944 = FACE_OUTER_BOUND ( 'NONE', #3510, .T. ) ;
#945 = EDGE_CURVE ( 'NONE', #5063, #4203, #7721, .T. ) ;
#946 = ORIENTED_EDGE ( 'NONE', *, *, #2549, .T. ) ;
#947 = CARTESIAN_POINT ( 'NONE',  ( 257.7899999999999636, 0.000000000000000000, 0.000000000000000000 ) ) ;
#948 = CARTESIAN_POINT ( 'NONE',  ( 129.5400000000000205, 0.000000000000000000, 2.000000000000000000 ) ) ;
#949 = ORIENTED_EDGE ( 'NONE', *, *, #3839, .T. ) ;
#950 = EDGE_CURVE ( 'NONE', #964, #5136, #6690, .T. ) ;
#951 = ORIENTED_EDGE ( 'NONE', *, *, #1050, .T. ) ;
#952 = EDGE_CURVE ( 'NONE', #6815, #4380, #3872, .T. ) ;
#953 = VERTEX_POINT ( 'NONE', #393 ) ;
#954 = CARTESIAN_POINT ( 'NONE',  ( 226.0600000000000023, 0.000000000000000000, -0.2999999999999999889 ) ) ;
#955 = AXIS2_PLACEMENT_3D ( 'NONE', #6944, #138, #3292 ) ;
#956 = CIRCLE ( 'NONE', #6709, 1.250000000000001110 ) ;
#957 = CARTESIAN_POINT ( 'NONE',  ( -47.00999999999999091, 0.000000000000000000, 0.000000000000000000 ) ) ;
#958 = EDGE_LOOP ( 'NONE', ( #1384, #2827 ) ) ;
#959 = DIRECTION ( 'NONE',  ( 1.000000000000000000, 0.000000000000000000, 0.000000000000000000 ) ) ;
#960 = EDGE_CURVE ( 'NONE', #266, #5440, #4126, .T. ) ;
#961 = CARTESIAN_POINT ( 'NONE',  ( -149.8600000000000136, 0.000000000000000000, -0.2999999999999999889 ) ) ;
#962 = CARTESIAN_POINT ( 'NONE',  ( 206.9900000000000091, 0.000000000000000000, 0.000000000000000000 ) ) ;
#963 = CIRCLE ( 'NONE', #1597, 1.250000000000001110 ) ;
#964 = VERTEX_POINT ( 'NONE', #4633 ) ;
#965 = DIRECTION ( 'NONE',  ( 0.000000000000000000, 0.000000000000000000, 1.000000000000000000 ) ) ;
#966 = CIRCLE ( 'NONE', #4543, 1.250000000000001110 ) ;
#967 = ORIENTED_EDGE ( 'NONE', *, *, #6783, .F. ) ;
#968 = AXIS2_PLACEMENT_3D ( 'NONE', #2205, #4654, #7092 ) ;
#969 = LINE ( 'NONE', #3407, #3425 ) ;
#970 = ADVANCED_FACE ( 'NONE', ( #7641 ), #2825, .F. ) ;
#971 = DIRECTION ( 'NONE',  ( 1.000000000000000000, 0.000000000000000000, 0.000000000000000000 ) ) ;
#972 = DIRECTION ( 'NONE',  ( 1.000000000000000000, 0.000000000000000000, 0.000000000000000000 ) ) ;
#973 = ORIENTED_EDGE ( 'NONE', *, *, #6426, .F. ) ;
#974 = AXIS2_PLACEMENT_3D ( 'NONE', #3671, #7324, #7927 ) ;
#975 = ORIENTED_EDGE ( 'NONE', *, *, #6740, .F. ) ;
#976 = DIRECTION ( 'NONE',  ( -1.000000000000000000, -0.000000000000000000, 0.000000000000000000 ) ) ;
#977 = DIRECTION ( 'NONE',  ( 0.000000000000000000, 0.000000000000000000, 1.000000000000000000 ) ) ;
#978 = VECTOR ( 'NONE', #4630, 1000.000000000000000 ) ;
#979 = FACE_BOUND ( 'NONE', #7833, .T. ) ;
#980 = EDGE_CURVE ( 'NONE', #7399, #4142, #3225, .T. ) ;
#981 = CARTESIAN_POINT ( 'NONE',  ( 109.2200000000000273, 0.000000000000000000, 0.000000000000000000 ) ) ;
#982 = CARTESIAN_POINT ( 'NONE',  ( 232.3899999999999864, 0.000000000000000000, -0.2999999999999999889 ) ) ;
#983 = CARTESIAN_POINT ( 'NONE',  ( 227.3100000000000023, 0.000000000000000000, 2.000000000000000000 ) ) ;
#984 = ORIENTED_EDGE ( 'NONE', *, *, #493, .F. ) ;
#985 = AXIS2_PLACEMENT_3D ( 'NONE', #4818, #5424, #5342 ) ;
#986 = VERTEX_POINT ( 'NONE', #511 ) ;
#987 = PERSON_AND_ORGANIZATION_ROLE ( 'creator' ) ;
#988 = DIRECTION ( 'NONE',  ( 0.000000000000000000, 0.000000000000000000, 1.000000000000000000 ) ) ;
#989 = EDGE_LOOP ( 'NONE', ( #7105, #5371, #7211, #5156 ) ) ;
#990 = CARTESIAN_POINT ( 'NONE',  ( -195.5799999999999841, 0.000000000000000000, -0.2999999999999999889 ) ) ;
#991 = DIRECTION ( 'NONE',  ( 1.000000000000000000, 0.000000000000000000, 0.000000000000000000 ) ) ;
#992 = CIRCLE ( 'NONE', #3160, 1.250000000000001110 ) ;
#993 = ORIENTED_EDGE ( 'NONE', *, *, #1089, .T. ) ;
#994 = VERTEX_POINT ( 'NONE', #6554 ) ;
#995 = VERTEX_POINT ( 'NONE', #7114 ) ;
#996 = FACE_BOUND ( 'NONE', #2870, .T. ) ;
#997 = CIRCLE ( 'NONE', #7781, 1.250000000000001110 ) ;
#998 = DIRECTION ( 'NONE',  ( 0.000000000000000000, 0.000000000000000000, 1.000000000000000000 ) ) ;
#999 = ORIENTED_EDGE ( 'NONE', *, *, #1608, .F. ) ;
#1001 = EDGE_CURVE ( 'NONE', #3063, #4638, #2851, .T. ) ;
#1000 = DIRECTION ( 'NONE',  ( 0.000000000000000000, 0.000000000000000000, 1.000000000000000000 ) ) ;
#1002 = CARTESIAN_POINT ( 'NONE',  ( 201.9100000000000250, 0.000000000000000000, 0.000000000000000000 ) ) ;
#1003 = CARTESIAN_POINT ( 'NONE',  ( -257.7900000000000205, 1.530808498934224111E-16, 2.000000000000000000 ) ) ;
#1004 = AXIS2_PLACEMENT_3D ( 'NONE', #625, #4263, #1818 ) ;
#1005 = ORIENTED_EDGE ( 'NONE', *, *, #6087, .F. ) ;
#1006 = DIRECTION ( 'NONE',  ( -1.000000000000000000, 0.000000000000000000, 0.000000000000000000 ) ) ;
#1007 = CIRCLE ( 'NONE', #5608, 1.250000000000001110 ) ;
#1008 = EDGE_LOOP ( 'NONE', ( #7271, #6310 ) ) ;
#1009 = CARTESIAN_POINT ( 'NONE',  ( 124.4599999999999937, 0.000000000000000000, -0.2999999999999999889 ) ) ;
#1010 = EDGE_CURVE ( 'NONE', #822, #3468, #6807, .T. ) ;
#1011 = CARTESIAN_POINT ( 'NONE',  ( -114.3000000000000114, 0.000000000000000000, -0.2999999999999999889 ) ) ;
#1012 = CARTESIAN_POINT ( 'NONE',  ( 260.3700000000000614, 1.530808498934224111E-16, 2.000000000000000000 ) ) ;
#1013 = ORIENTED_EDGE ( 'NONE', *, *, #1108, .T. ) ;
#1014 = CIRCLE ( 'NONE', #3296, 1.250000000000001110 ) ;
#1015 = ORIENTED_EDGE ( 'NONE', *, *, #5771, .T. ) ;
#1016 = CARTESIAN_POINT ( 'NONE',  ( 104.1399999999999864, 0.000000000000000000, 0.000000000000000000 ) ) ;
#1017 = ADVANCED_FACE ( 'NONE', ( #7801 ), #6515, .F. ) ;
#1018 = CARTESIAN_POINT ( 'NONE',  ( 236.2200000000000273, 0.000000000000000000, 2.000000000000000000 ) ) ;
#1019 = AXIS2_PLACEMENT_3D ( 'NONE', #4403, #1921, #6168 ) ;
#1020 = FACE_BOUND ( 'NONE', #6400, .T. ) ;
#1021 = CYLINDRICAL_SURFACE ( 'NONE', #7403, 1.250000000000001110 ) ;
#1022 = DIRECTION ( 'NONE',  ( 1.000000000000000000, 0.000000000000000000, 0.000000000000000000 ) ) ;
#1023 = CARTESIAN_POINT ( 'NONE',  ( -217.1500000000000057, 1.530808498934190091E-16, 0.000000000000000000 ) ) ;
#1024 = VERTEX_POINT ( 'NONE', #7197 ) ;
#1025 = ADVANCED_FACE ( 'NONE', ( #1030 ), #3387, .F. ) ;
#1026 = EDGE_LOOP ( 'NONE', ( #3922, #7475, #3843, #5278 ) ) ;
#1027 = DIRECTION ( 'NONE',  ( 0.000000000000000000, 0.000000000000000000, 1.000000000000000000 ) ) ;
#1028 = ORIENTED_EDGE ( 'NONE', *, *, #1200, .F. ) ;
#1029 = CARTESIAN_POINT ( 'NONE',  ( 114.3000000000000114, 0.000000000000000000, -0.2999999999999999889 ) ) ;
#1030 = FACE_OUTER_BOUND ( 'NONE', #7874, .T. ) ;
#1031 = ORIENTED_EDGE ( 'NONE', *, *, #4620, .T. ) ;
#1032 = VERTEX_POINT ( 'NONE', #350 ) ;
#1033 = ORIENTED_EDGE ( 'NONE', *, *, #3607, .T. ) ;
#1034 = DIRECTION ( 'NONE',  ( 0.000000000000000000, 0.000000000000000000, 1.000000000000000000 ) ) ;
#1035 = DIRECTION ( 'NONE',  ( 0.000000000000000000, 0.000000000000000000, 1.000000000000000000 ) ) ;
#1036 = VERTEX_POINT ( 'NONE', #2144 ) ;
#1037 = CARTESIAN_POINT ( 'NONE',  ( 226.0600000000000023, 0.000000000000000000, -0.2999999999999999889 ) ) ;
#1038 = DIRECTION ( 'NONE',  ( 0.000000000000000000, 0.000000000000000000, 1.000000000000000000 ) ) ;
#1039 = LINE ( 'NONE', #7392, #2099 ) ;
#1040 = ORIENTED_EDGE ( 'NONE', *, *, #5657, .F. ) ;
#1041 = EDGE_CURVE ( 'NONE', #5967, #3448, #3506, .T. ) ;
#1042 = AXIS2_PLACEMENT_3D ( 'NONE', #2029, #2706, #5158 ) ;
#1043 = DIRECTION ( 'NONE',  ( 1.000000000000000000, 0.000000000000000000, 0.000000000000000000 ) ) ;
#1044 = EDGE_LOOP ( 'NONE', ( #324, #677 ) ) ;
#1045 = CARTESIAN_POINT ( 'NONE',  ( 189.2500000000000000, 1.530808498934191571E-16, -0.2999999999999999889 ) ) ;
#1046 = DIRECTION ( 'NONE',  ( 1.000000000000000000, 0.000000000000000000, 0.000000000000000000 ) ) ;
#1047 = DIRECTION ( 'NONE',  ( 0.000000000000000000, 0.000000000000000000, 1.000000000000000000 ) ) ;
#1048 = ORIENTED_EDGE ( 'NONE', *, *, #704, .F. ) ;
#1049 = ORIENTED_EDGE ( 'NONE', *, *, #6959, .F. ) ;
#1050 = EDGE_CURVE ( 'NONE', #6211, #2127, #6592, .T. ) ;
#1051 = LINE ( 'NONE', #3492, #535 ) ;
#1052 = CYLINDRICAL_SURFACE ( 'NONE', #5852, 1.250000000000001110 ) ;
#1053 = FACE_BOUND ( 'NONE', #37, .T. ) ;
#1054 = CARTESIAN_POINT ( 'NONE',  ( -104.1400000000000148, 0.000000000000000000, 2.000000000000000000 ) ) ;
#1055 = DIRECTION ( 'NONE',  ( -0.000000000000000000, 1.000000000000000000, 0.000000000000000000 ) ) ;
#1056 = DIRECTION ( 'NONE',  ( -0.000000000000000000, -0.000000000000000000, -1.000000000000000000 ) ) ;
#1057 = EDGE_CURVE ( 'NONE', #5851, #2304, #4773, .T. ) ;
#1058 = EDGE_LOOP ( 'NONE', ( #7803, #5835 ) ) ;
#1059 = VERTEX_POINT ( 'NONE', #4108 ) ;
#1060 = AXIS2_PLACEMENT_3D ( 'NONE', #1173, #2409, #1810 ) ;
#1061 = CARTESIAN_POINT ( 'NONE',  ( -149.8600000000000136, 0.000000000000000000, 0.000000000000000000 ) ) ;
#1062 = ORIENTED_EDGE ( 'NONE', *, *, #2763, .F. ) ;
#1063 = CIRCLE ( 'NONE', #1696, 1.250000000000001110 ) ;
#1064 = DIRECTION ( 'NONE',  ( -1.000000000000000000, 0.000000000000000000, 0.000000000000000000 ) ) ;
#1065 = CARTESIAN_POINT ( 'NONE',  ( -82.56999999999999318, 0.000000000000000000, 2.000000000000000000 ) ) ;
#1066 = ADVANCED_FACE ( 'NONE', ( #6745 ), #5395, .F. ) ;
#1067 = ORIENTED_EDGE ( 'NONE', *, *, #5694, .F. ) ;
#1068 = EDGE_LOOP ( 'NONE', ( #7531, #3992, #4911, #7779 ) ) ;
#1069 = CIRCLE ( 'NONE', #5548, 1.250000000000001110 ) ;
#1070 = EDGE_LOOP ( 'NONE', ( #4207, #1821, #6741, #6748 ) ) ;
#1071 = FACE_BOUND ( 'NONE', #1446, .T. ) ;
#1072 = FACE_OUTER_BOUND ( 'NONE', #1634, .T. ) ;
#1073 = VERTEX_POINT ( 'NONE', #6029 ) ;
#1074 = CYLINDRICAL_SURFACE ( 'NONE', #1815, 1.250000000000001110 ) ;
#1075 = AXIS2_PLACEMENT_3D ( 'NONE', #3777, #6218, #736 ) ;
#1076 = CARTESIAN_POINT ( 'NONE',  ( -59.67000000000002302, 1.530808498934190091E-16, 0.000000000000000000 ) ) ;
#1077 = EDGE_CURVE ( 'NONE', #4835, #2696, #6812, .T. ) ;
#1078 = EDGE_LOOP ( 'NONE', ( #6182, #7430, #7423, #4910 ) ) ;
#1079 = AXIS2_PLACEMENT_3D ( 'NONE', #5121, #2796, #5247 ) ;
#1080 = CARTESIAN_POINT ( 'NONE',  ( -33.02000000000001023, 0.000000000000000000, -0.2999999999999999889 ) ) ;
#1081 = ORIENTED_EDGE ( 'NONE', *, *, #4870, .F. ) ;
#1082 = CARTESIAN_POINT ( 'NONE',  ( -58.42000000000002302, 0.000000000000000000, -0.2999999999999999889 ) ) ;
#1083 = AXIS2_PLACEMENT_3D ( 'NONE', #3627, #5480, #64 ) ;
#1084 = CARTESIAN_POINT ( 'NONE',  ( 226.0600000000000023, 0.000000000000000000, 2.000000000000000000 ) ) ;
#1085 = DIRECTION ( 'NONE',  ( 0.000000000000000000, 0.000000000000000000, 1.000000000000000000 ) ) ;
#1086 = ORIENTED_EDGE ( 'NONE', *, *, #1866, .T. ) ;
#1087 = ORIENTED_EDGE ( 'NONE', *, *, #5602, .T. ) ;
#1088 = CIRCLE ( 'NONE', #5183, 1.250000000000001110 ) ;
#1089 = EDGE_CURVE ( 'NONE', #6989, #3668, #5028, .T. ) ;
#1090 = DIRECTION ( 'NONE',  ( 0.000000000000000000, 0.000000000000000000, 1.000000000000000000 ) ) ;
#1091 = LINE ( 'NONE', #3493, #1121 ) ;
#1092 = CYLINDRICAL_SURFACE ( 'NONE', #3723, 1.249999999999973355 ) ;
#1093 = CARTESIAN_POINT ( 'NONE',  ( -179.0900000000000034, 0.000000000000000000, 2.000000000000000000 ) ) ;
#1094 = EDGE_CURVE ( 'NONE', #6552, #3100, #4906, .T. ) ;
#1095 = DIRECTION ( 'NONE',  ( -0.000000000000000000, -0.000000000000000000, -1.000000000000000000 ) ) ;
#1096 = EDGE_CURVE ( 'NONE', #5840, #3303, #299, .T. ) ;
#1097 = DIRECTION ( 'NONE',  ( 1.000000000000000000, 0.000000000000000000, 0.000000000000000000 ) ) ;
#1098 = VECTOR ( 'NONE', #2511, 1000.000000000000000 ) ;
#1099 = ORIENTED_EDGE ( 'NONE', *, *, #1962, .F. ) ;
#1100 = ORIENTED_EDGE ( 'NONE', *, *, #6618, .F. ) ;
#1101 = EDGE_CURVE ( 'NONE', #871, #1412, #5437, .T. ) ;
#1102 = APPROVAL_DATE_TIME ( #3382, #5594 ) ;
#1103 = CIRCLE ( 'NONE', #7628, 1.250000000000000222 ) ;
#1104 = CYLINDRICAL_SURFACE ( 'NONE', #1234, 1.250000000000001110 ) ;
#1105 = CARTESIAN_POINT ( 'NONE',  ( 73.66000000000002501, 0.000000000000000000, 2.000000000000000000 ) ) ;
#1106 = LINE ( 'NONE', #7840, #618 ) ;
#1107 = DIRECTION ( 'NONE',  ( 0.000000000000000000, 0.000000000000000000, 1.000000000000000000 ) ) ;
#1108 = EDGE_CURVE ( 'NONE', #5203, #6813, #4779, .T. ) ;
#1109 = EDGE_LOOP ( 'NONE', ( #632, #3102, #3371, #6527 ) ) ;
#1110 = VECTOR ( 'NONE', #2695, 1000.000000000000000 ) ;
#1111 = EDGE_LOOP ( 'NONE', ( #7650, #1916 ) ) ;
#1112 = ORIENTED_EDGE ( 'NONE', *, *, #1695, .T. ) ;
#1113 = FACE_BOUND ( 'NONE', #7872, .T. ) ;
#1114 = EDGE_CURVE ( 'NONE', #7190, #5272, #6106, .T. ) ;
#1115 = DIRECTION ( 'NONE',  ( 1.000000000000000000, 0.000000000000000000, 0.000000000000000000 ) ) ;
#1116 = VECTOR ( 'NONE', #133, 1000.000000000000000 ) ;
#1117 = ORIENTED_EDGE ( 'NONE', *, *, #5432, .T. ) ;
#1118 = DIRECTION ( 'NONE',  ( 0.000000000000000000, 0.000000000000000000, 1.000000000000000000 ) ) ;
#1119 = DIRECTION ( 'NONE',  ( 0.000000000000000000, 0.000000000000000000, 1.000000000000000000 ) ) ;
#1120 = ORIENTED_EDGE ( 'NONE', *, *, #3931, .F. ) ;
#1121 = VECTOR ( 'NONE', #2406, 1000.000000000000000 ) ;
#1122 = EDGE_CURVE ( 'NONE', #7190, #6753, #1069, .T. ) ;
#1123 = CARTESIAN_POINT ( 'NONE',  ( 7.620000000000004547, 0.000000000000000000, 2.000000000000000000 ) ) ;
#1124 = ORIENTED_EDGE ( 'NONE', *, *, #6247, .F. ) ;
#1125 = DIRECTION ( 'NONE',  ( -1.000000000000000000, 0.000000000000000000, 0.000000000000000000 ) ) ;
#1126 = CIRCLE ( 'NONE', #1632, 1.250000000000001110 ) ;
#1127 = DIRECTION ( 'NONE',  ( -0.000000000000000000, -0.000000000000000000, -1.000000000000000000 ) ) ;
#1128 = DIRECTION ( 'NONE',  ( -1.000000000000000000, 0.000000000000000000, 0.000000000000000000 ) ) ;
#1129 = ORIENTED_EDGE ( 'NONE', *, *, #922, .F. ) ;
#1130 = ORIENTED_EDGE ( 'NONE', *, *, #7451, .F. ) ;
#1131 = DIRECTION ( 'NONE',  ( 1.000000000000000000, 0.000000000000000000, 0.000000000000000000 ) ) ;
#1132 = LINE ( 'NONE', #7748, #5596 ) ;
#1133 = CARTESIAN_POINT ( 'NONE',  ( -68.58000000000001251, 0.000000000000000000, -0.2999999999999999889 ) ) ;
#1134 = CARTESIAN_POINT ( 'NONE',  ( 222.2300000000000182, 0.000000000000000000, 2.000000000000000000 ) ) ;
#1135 = FACE_OUTER_BOUND ( 'NONE', #6791, .T. ) ;
#1136 = DIRECTION ( 'NONE',  ( -1.000000000000000000, 0.000000000000000000, 0.000000000000000000 ) ) ;
#1137 = EDGE_LOOP ( 'NONE', ( #3983, #3935, #2440, #3646 ) ) ;
#1138 = CARTESIAN_POINT ( 'NONE',  ( -170.1800000000000068, 0.000000000000000000, 2.000000000000000000 ) ) ;
#1139 = ORIENTED_EDGE ( 'NONE', *, *, #849, .T. ) ;
#1140 = EDGE_CURVE ( 'NONE', #1378, #2908, #4302, .T. ) ;
#1141 = VECTOR ( 'NONE', #5171, 1000.000000000000000 ) ;
#1142 = DIRECTION ( 'NONE',  ( -0.000000000000000000, -0.000000000000000000, -1.000000000000000000 ) ) ;
#1143 = CARTESIAN_POINT ( 'NONE',  ( 72.41000000000002501, 1.530808498934190091E-16, 0.000000000000000000 ) ) ;
#1144 = DIRECTION ( 'NONE',  ( 1.000000000000000000, 0.000000000000000000, 0.000000000000000000 ) ) ;
#1145 = DIRECTION ( 'NONE',  ( 0.000000000000000000, 0.000000000000000000, 1.000000000000000000 ) ) ;
#1146 = EDGE_LOOP ( 'NONE', ( #3676, #1166 ) ) ;
#1147 = AXIS2_PLACEMENT_3D ( 'NONE', #1645, #7898, #2321 ) ;
#1148 = ORIENTED_EDGE ( 'NONE', *, *, #2110, .T. ) ;
#1149 = VERTEX_POINT ( 'NONE', #590 ) ;
#1150 = ADVANCED_FACE ( 'NONE', ( #626 ), #7317, .F. ) ;
#1151 = DIRECTION ( 'NONE',  ( 1.000000000000000000, 0.000000000000000000, 0.000000000000000000 ) ) ;
#1152 = FACE_OUTER_BOUND ( 'NONE', #6260, .T. ) ;
#1153 = ORIENTED_EDGE ( 'NONE', *, *, #3193, .T. ) ;
#1154 = CARTESIAN_POINT ( 'NONE',  ( 256.5399999999999636, 0.000000000000000000, 0.000000000000000000 ) ) ;
#1155 = DIRECTION ( 'NONE',  ( 0.000000000000000000, 0.000000000000000000, 1.000000000000000000 ) ) ;
#1156 = EDGE_CURVE ( 'NONE', #2676, #874, #5800, .T. ) ;
#1157 = CIRCLE ( 'NONE', #7173, 1.250000000000001110 ) ;
#1158 = ORIENTED_EDGE ( 'NONE', *, *, #1767, .F. ) ;
#1159 = DIRECTION ( 'NONE',  ( 1.000000000000000000, 0.000000000000000000, 0.000000000000000000 ) ) ;
#1160 = ORIENTED_EDGE ( 'NONE', *, *, #4031, .T. ) ;
#1161 = AXIS2_PLACEMENT_3D ( 'NONE', #1217, #3657, #6101 ) ;
#1162 = CARTESIAN_POINT ( 'NONE',  ( -125.7100000000000222, 1.530808498934190091E-16, 0.000000000000000000 ) ) ;
#1163 = LINE ( 'NONE', #2245, #5750 ) ;
#1164 = CARTESIAN_POINT ( 'NONE',  ( -100.3100000000000165, 1.530808498934190091E-16, 2.000000000000000000 ) ) ;
#1165 = ADVANCED_FACE ( 'NONE', ( #4189 ), #3626, .F. ) ;
#1166 = ORIENTED_EDGE ( 'NONE', *, *, #7617, .F. ) ;
#1167 = AXIS2_PLACEMENT_3D ( 'NONE', #1991, #4553, #1549 ) ;
#1168 = DIRECTION ( 'NONE',  ( 0.000000000000000000, 0.000000000000000000, 1.000000000000000000 ) ) ;
#1169 = CARTESIAN_POINT ( 'NONE',  ( 34.26999999999998181, 0.000000000000000000, 2.000000000000000000 ) ) ;
#1170 = CARTESIAN_POINT ( 'NONE',  ( 0.000000000000000000, 0.000000000000000000, 2.000000000000000000 ) ) ;
#1171 = DIRECTION ( 'NONE',  ( 0.000000000000000000, 0.000000000000000000, 1.000000000000000000 ) ) ;
#1172 = LOCAL_TIME ( 16, 0, 29.00000000000000000, #2219 ) ;
#1173 = CARTESIAN_POINT ( 'NONE',  ( -48.25999999999999091, 0.000000000000000000, -0.2999999999999999889 ) ) ;
#1174 = DIRECTION ( 'NONE',  ( 0.000000000000000000, 0.000000000000000000, 1.000000000000000000 ) ) ;
#1175 = VERTEX_POINT ( 'NONE', #6707 ) ;
#1176 = CARTESIAN_POINT ( 'NONE',  ( 246.3799999999999955, 0.000000000000000000, -0.2999999999999999889 ) ) ;
#1177 = ORIENTED_EDGE ( 'NONE', *, *, #6406, .T. ) ;
#1178 = VECTOR ( 'NONE', #7287, 1000.000000000000000 ) ;
#1179 = AXIS2_PLACEMENT_3D ( 'NONE', #2490, #4945, #4866 ) ;
#1180 = CARTESIAN_POINT ( 'NONE',  ( 139.6999999999999886, 0.000000000000000000, 2.000000000000000000 ) ) ;
#1181 = VERTEX_POINT ( 'NONE', #5513 ) ;
#1182 = CARTESIAN_POINT ( 'NONE',  ( -246.3799999999999955, 0.000000000000000000, 2.000000000000000000 ) ) ;
#1183 = DIRECTION ( 'NONE',  ( 0.000000000000000000, 0.000000000000000000, 1.000000000000000000 ) ) ;
#1184 = DIRECTION ( 'NONE',  ( 0.000000000000000000, 0.000000000000000000, 1.000000000000000000 ) ) ;
#1185 = ADVANCED_FACE ( 'NONE', ( #7276 ), #2492, .F. ) ;
#1186 = VERTEX_POINT ( 'NONE', #7841 ) ;
#1187 = ORIENTED_EDGE ( 'NONE', *, *, #5310, .F. ) ;
#1188 = ORIENTED_EDGE ( 'NONE', *, *, #20, .T. ) ;
#1189 = CIRCLE ( 'NONE', #160, 1.250000000000001110 ) ;
#1190 = FACE_BOUND ( 'NONE', #740, .T. ) ;
#1191 = AXIS2_PLACEMENT_3D ( 'NONE', #5275, #435, #7723 ) ;
#1192 = CARTESIAN_POINT ( 'NONE',  ( -54.59000000000000341, 1.530808498934190091E-16, 2.000000000000000000 ) ) ;
#1193 = VERTEX_POINT ( 'NONE', #1744 ) ;
#1194 = DIRECTION ( 'NONE',  ( -1.000000000000000000, 0.000000000000000000, 0.000000000000000000 ) ) ;
#1195 = CARTESIAN_POINT ( 'NONE',  ( -93.97999999999998977, 0.000000000000000000, -0.2999999999999999889 ) ) ;
#1196 = EDGE_CURVE ( 'NONE', #6119, #3381, #5422, .T. ) ;
#1197 = ADVANCED_FACE ( 'NONE', ( #4947 ), #7390, .F. ) ;
#1198 = AXIS2_PLACEMENT_3D ( 'NONE', #1970, #6258, #777 ) ;
#1199 = ORIENTED_EDGE ( 'NONE', *, *, #4786, .F. ) ;
#1200 = EDGE_CURVE ( 'NONE', #3955, #4203, #7428, .T. ) ;
#1201 = DIRECTION ( 'NONE',  ( 0.000000000000000000, 0.000000000000000000, 1.000000000000000000 ) ) ;
#1202 = ORIENTED_EDGE ( 'NONE', *, *, #2366, .T. ) ;
#1203 = ADVANCED_FACE ( 'NONE', ( #3897 ), #5627, .F. ) ;
#1204 = AXIS2_PLACEMENT_3D ( 'NONE', #3174, #4706, #2897 ) ;
#1205 = CARTESIAN_POINT ( 'NONE',  ( 83.81999999999999318, 0.000000000000000000, 0.000000000000000000 ) ) ;
#1206 = FACE_OUTER_BOUND ( 'NONE', #3759, .T. ) ;
#1207 = AXIS2_PLACEMENT_3D ( 'NONE', #6810, #7497, #3767 ) ;
#1208 = ORIENTED_EDGE ( 'NONE', *, *, #7119, .T. ) ;
#1209 = VECTOR ( 'NONE', #2236, 1000.000000000000000 ) ;
#1210 = EDGE_CURVE ( 'NONE', #4274, #2908, #7338, .T. ) ;
#1211 = CARTESIAN_POINT ( 'NONE',  ( -83.81999999999999318, 0.000000000000000000, 0.000000000000000000 ) ) ;
#1212 = CARTESIAN_POINT ( 'NONE',  ( 257.7899999999999636, 0.000000000000000000, 2.000000000000000000 ) ) ;
#1213 = DIRECTION ( 'NONE',  ( -0.000000000000000000, -0.000000000000000000, -1.000000000000000000 ) ) ;
#1214 = CARTESIAN_POINT ( 'NONE',  ( 139.6999999999999886, 0.000000000000000000, -0.2999999999999999889 ) ) ;
#1215 = CARTESIAN_POINT ( 'NONE',  ( 246.3799999999999955, 0.000000000000000000, 0.000000000000000000 ) ) ;
#1216 = ORIENTED_EDGE ( 'NONE', *, *, #7017, .F. ) ;
#1217 = CARTESIAN_POINT ( 'NONE',  ( 246.3799999999999955, 0.000000000000000000, -0.2999999999999999889 ) ) ;
#1218 = EDGE_LOOP ( 'NONE', ( #784, #7813 ) ) ;
#1219 = EDGE_CURVE ( 'NONE', #7253, #3315, #175, .T. ) ;
#1220 = CARTESIAN_POINT ( 'NONE',  ( 165.1000000000000227, 0.000000000000000000, 0.000000000000000000 ) ) ;
#1221 = CYLINDRICAL_SURFACE ( 'NONE', #7577, 1.249999999999999334 ) ;
#1223 = DIRECTION ( 'NONE',  ( 1.000000000000000000, 0.000000000000000000, 0.000000000000000000 ) ) ;
#1222 = AXIS2_PLACEMENT_3D ( 'NONE', #2393, #5925, #4843 ) ;
#1224 = CARTESIAN_POINT ( 'NONE',  ( -78.74000000000000909, 0.000000000000000000, 0.000000000000000000 ) ) ;
#1225 = CARTESIAN_POINT ( 'NONE',  ( -220.9800000000000182, 0.000000000000000000, 0.000000000000000000 ) ) ;
#1226 = ORIENTED_EDGE ( 'NONE', *, *, #1582, .T. ) ;
#1227 = VERTEX_POINT ( 'NONE', #5022 ) ;
#1228 = CIRCLE ( 'NONE', #974, 1.250000000000001110 ) ;
#1229 = ORIENTED_EDGE ( 'NONE', *, *, #1196, .T. ) ;
#1230 = FACE_BOUND ( 'NONE', #2336, .T. ) ;
#1231 = CYLINDRICAL_SURFACE ( 'NONE', #2496, 1.250000000000001110 ) ;
#1232 = ORIENTED_EDGE ( 'NONE', *, *, #1315, .T. ) ;
#1233 = DIRECTION ( 'NONE',  ( 1.000000000000000000, 0.000000000000000000, 0.000000000000000000 ) ) ;
#1234 = AXIS2_PLACEMENT_3D ( 'NONE', #3544, #507, #7235 ) ;
#1235 = CARTESIAN_POINT ( 'NONE',  ( -234.9699999999999989, 0.000000000000000000, 0.000000000000000000 ) ) ;
#1236 = ORIENTED_EDGE ( 'NONE', *, *, #6821, .T. ) ;
#1237 = AXIS2_PLACEMENT_3D ( 'NONE', #2009, #95, #4452 ) ;
#1238 = DIRECTION ( 'NONE',  ( 1.000000000000000000, 0.000000000000000000, 0.000000000000000000 ) ) ;
#1239 = EDGE_CURVE ( 'NONE', #2309, #6625, #4982, .T. ) ;
#1240 = ORIENTED_EDGE ( 'NONE', *, *, #6004, .F. ) ;
#1241 = DIRECTION ( 'NONE',  ( 0.000000000000000000, 0.000000000000000000, 1.000000000000000000 ) ) ;
#1242 = CARTESIAN_POINT ( 'NONE',  ( -130.7899999999999920, 1.530808498934190091E-16, 0.000000000000000000 ) ) ;
#1243 = AXIS2_PLACEMENT_3D ( 'NONE', #1211, #4251, #6056 ) ;
#1244 = VERTEX_POINT ( 'NONE', #7467 ) ;
#1245 = EDGE_CURVE ( 'NONE', #7178, #327, #4651, .T. ) ;
#1246 = AXIS2_PLACEMENT_3D ( 'NONE', #7517, #4955, #4992 ) ;
#1247 = DIRECTION ( 'NONE',  ( 0.000000000000000000, 0.000000000000000000, 1.000000000000000000 ) ) ;
#1248 = CYLINDRICAL_SURFACE ( 'NONE', #4110, 1.250000000000001110 ) ;
#1249 = DIRECTION ( 'NONE',  ( 0.000000000000000000, 0.000000000000000000, 1.000000000000000000 ) ) ;
#1250 = CYLINDRICAL_SURFACE ( 'NONE', #1568, 1.250000000000001110 ) ;
#1251 = ADVANCED_FACE ( 'NONE', ( #1369 ), #6301, .F. ) ;
#1252 = ORIENTED_EDGE ( 'NONE', *, *, #2799, .T. ) ;
#1253 = DIRECTION ( 'NONE',  ( 1.000000000000000000, 0.000000000000000000, 0.000000000000000000 ) ) ;
#1254 = ORIENTED_EDGE ( 'NONE', *, *, #2901, .F. ) ;
#1255 = DIRECTION ( 'NONE',  ( 0.000000000000000000, 0.000000000000000000, 1.000000000000000000 ) ) ;
#1256 = CIRCLE ( 'NONE', #2025, 1.250000000000001110 ) ;
#1257 = ORIENTED_EDGE ( 'NONE', *, *, #5490, .T. ) ;
#1258 = DIRECTION ( 'NONE',  ( 0.000000000000000000, 0.000000000000000000, 1.000000000000000000 ) ) ;
#1259 = DIRECTION ( 'NONE',  ( -0.000000000000000000, -0.000000000000000000, -1.000000000000000000 ) ) ;
#1260 = CARTESIAN_POINT ( 'NONE',  ( 21.61000000000001364, 1.530808498934190091E-16, 2.000000000000000000 ) ) ;
#1261 = ORIENTED_EDGE ( 'NONE', *, *, #5907, .T. ) ;
#1262 = ADVANCED_FACE ( 'NONE', ( #4416 ), #3136, .F. ) ;
#1263 = EDGE_LOOP ( 'NONE', ( #2750, #6110, #146, #7131 ) ) ;
#1264 = ORIENTED_EDGE ( 'NONE', *, *, #6382, .T. ) ;
#1265 = FACE_BOUND ( 'NONE', #1552, .T. ) ;
#1266 = DIRECTION ( 'NONE',  ( -1.000000000000000000, 0.000000000000000000, 0.000000000000000000 ) ) ;
#1267 = ORIENTED_EDGE ( 'NONE', *, *, #960, .F. ) ;
#1268 = CARTESIAN_POINT ( 'NONE',  ( -149.8600000000000136, 0.000000000000000000, 0.000000000000000000 ) ) ;
#1269 = AXIS2_PLACEMENT_3D ( 'NONE', #4357, #7334, #1955 ) ;
#1270 = CARTESIAN_POINT ( 'NONE',  ( 113.0500000000000114, 1.530808498934191571E-16, -0.2999999999999999889 ) ) ;
#1271 = ORIENTED_EDGE ( 'NONE', *, *, #2561, .T. ) ;
#1272 = ORIENTED_EDGE ( 'NONE', *, *, #5382, .T. ) ;
#1273 = DIRECTION ( 'NONE',  ( 1.000000000000000000, 0.000000000000000000, 0.000000000000000000 ) ) ;
#1274 = EDGE_LOOP ( 'NONE', ( #494, #2014, #6623, #2864 ) ) ;
#1275 = DIRECTION ( 'NONE',  ( 1.000000000000000000, 0.000000000000000000, 0.000000000000000000 ) ) ;
#1276 = CYLINDRICAL_SURFACE ( 'NONE', #4676, 1.250000000000001110 ) ;
#1277 = ORIENTED_EDGE ( 'NONE', *, *, #6696, .T. ) ;
#1278 = EDGE_CURVE ( 'NONE', #546, #3369, #1452, .T. ) ;
#1279 = VECTOR ( 'NONE', #4350, 1000.000000000000000 ) ;
#1280 = DIRECTION ( 'NONE',  ( 0.000000000000000000, 0.000000000000000000, 1.000000000000000000 ) ) ;
#1281 = CYLINDRICAL_SURFACE ( 'NONE', #3991, 1.250000000000001110 ) ;
#1282 = LINE ( 'NONE', #3691, #3050 ) ;
#1283 = CARTESIAN_POINT ( 'NONE',  ( -229.8900000000000148, 0.000000000000000000, 2.000000000000000000 ) ) ;
#1284 = AXIS2_PLACEMENT_3D ( 'NONE', #6663, #6023, #545 ) ;
#1285 = EDGE_CURVE ( 'NONE', #4729, #2727, #3630, .T. ) ;
#1286 = ORIENTED_EDGE ( 'NONE', *, *, #5106, .F. ) ;
#1287 = CYLINDRICAL_SURFACE ( 'NONE', #6403, 1.250000000000001110 ) ;
#1288 = EDGE_LOOP ( 'NONE', ( #7294, #1698, #4749, #140 ) ) ;
#1289 = AXIS2_PLACEMENT_3D ( 'NONE', #572, #1090, #153 ) ;
#1290 = CARTESIAN_POINT ( 'NONE',  ( -58.42000000000002302, 0.000000000000000000, 0.000000000000000000 ) ) ;
#1291 = LINE ( 'NONE', #4373, #1420 ) ;
#1292 = ADVANCED_FACE ( 'NONE', ( #252 ), #817, .F. ) ;
#1293 = CARTESIAN_POINT ( 'NONE',  ( -134.6200000000000045, 0.000000000000000000, 0.000000000000000000 ) ) ;
#1294 = DIRECTION ( 'NONE',  ( -0.000000000000000000, -0.000000000000000000, -1.000000000000000000 ) ) ;
#1295 = CARTESIAN_POINT ( 'NONE',  ( 229.8899999999999864, 1.530808498934190091E-16, 2.000000000000000000 ) ) ;
#1296 = VERTEX_POINT ( 'NONE', #7507 ) ;
#1297 = CIRCLE ( 'NONE', #3479, 1.250000000000001110 ) ;
#1298 = VERTEX_POINT ( 'NONE', #5100 ) ;
#1299 = VERTEX_POINT ( 'NONE', #1492 ) ;
#1300 = FACE_BOUND ( 'NONE', #1342, .T. ) ;
#1301 = DIRECTION ( 'NONE',  ( 0.000000000000000000, 0.000000000000000000, 1.000000000000000000 ) ) ;
#1302 = ORIENTED_EDGE ( 'NONE', *, *, #7266, .T. ) ;
#1303 = EDGE_CURVE ( 'NONE', #6510, #1812, #3882, .T. ) ;
#1304 = VECTOR ( 'NONE', #4349, 1000.000000000000000 ) ;
#1305 = CYLINDRICAL_SURFACE ( 'NONE', #3677, 1.249999999999999334 ) ;
#1306 = DIRECTION ( 'NONE',  ( 0.000000000000000000, 0.000000000000000000, 1.000000000000000000 ) ) ;
#1307 = LINE ( 'NONE', #3753, #1279 ) ;
#1308 = AXIS2_PLACEMENT_3D ( 'NONE', #2174, #6465, #7305 ) ;
#1309 = EDGE_LOOP ( 'NONE', ( #2053, #132, #7471, #397 ) ) ;
#1310 = CIRCLE ( 'NONE', #932, 1.249999999999973355 ) ;
#1311 = ORIENTED_EDGE ( 'NONE', *, *, #5530, .F. ) ;
#1312 = DIRECTION ( 'NONE',  ( 0.000000000000000000, 0.000000000000000000, 1.000000000000000000 ) ) ;
#1313 = LINE ( 'NONE', #3798, #2883 ) ;
#1314 = ORIENTED_EDGE ( 'NONE', *, *, #950, .F. ) ;
#1315 = EDGE_CURVE ( 'NONE', #5136, #964, #304, .T. ) ;
#1316 = VECTOR ( 'NONE', #6179, 1000.000000000000000 ) ;
#1317 = CARTESIAN_POINT ( 'NONE',  ( 7.620000000000004547, 0.000000000000000000, 2.000000000000000000 ) ) ;
#1318 = DIRECTION ( 'NONE',  ( -0.000000000000000000, -0.000000000000000000, -1.000000000000000000 ) ) ;
#1319 = ORIENTED_EDGE ( 'NONE', *, *, #38, .T. ) ;
#1320 = DIRECTION ( 'NONE',  ( -0.000000000000000000, -0.000000000000000000, -1.000000000000000000 ) ) ;
#1321 = DIRECTION ( 'NONE',  ( 1.000000000000000000, 0.000000000000000000, 0.000000000000000000 ) ) ;
#1322 = DIRECTION ( 'NONE',  ( 0.000000000000000000, 0.000000000000000000, 1.000000000000000000 ) ) ;
#1323 = CC_DESIGN_PERSON_AND_ORGANIZATION_ASSIGNMENT ( #7757, #4669, ( #5650 ) ) ;
#1324 = ORIENTED_EDGE ( 'NONE', *, *, #6439, .F. ) ;
#1325 = AXIS2_PLACEMENT_3D ( 'NONE', #6963, #6404, #5248 ) ;
#1326 = CYLINDRICAL_SURFACE ( 'NONE', #2687, 1.250000000000001110 ) ;
#1327 = ORIENTED_EDGE ( 'NONE', *, *, #5357, .F. ) ;
#1328 = FACE_OUTER_BOUND ( 'NONE', #2949, .T. ) ;
#1329 = ADVANCED_FACE ( 'NONE', ( #7588 ), #1454, .F. ) ;
#1330 = CARTESIAN_POINT ( 'NONE',  ( -88.90000000000000568, 0.000000000000000000, -0.2999999999999999889 ) ) ;
#1331 = DIRECTION ( 'NONE',  ( 0.000000000000000000, 0.000000000000000000, 1.000000000000000000 ) ) ;
#1332 = DIRECTION ( 'NONE',  ( 1.000000000000000000, 0.000000000000000000, 0.000000000000000000 ) ) ;
#1333 = EDGE_CURVE ( 'NONE', #1911, #4954, #3116, .T. ) ;
#1334 = CIRCLE ( 'NONE', #5443, 1.250000000000001110 ) ;
#1335 = DIRECTION ( 'NONE',  ( -1.000000000000000000, 0.000000000000000000, 0.000000000000000000 ) ) ;
#1336 = EDGE_LOOP ( 'NONE', ( #3795, #6293, #6974, #5167 ) ) ;
#1337 = ORIENTED_EDGE ( 'NONE', *, *, #7292, .F. ) ;
#1338 = ORIENTED_EDGE ( 'NONE', *, *, #1788, .T. ) ;
#1339 = FACE_BOUND ( 'NONE', #3943, .T. ) ;
#1340 = CARTESIAN_POINT ( 'NONE',  ( -87.65000000000000568, 0.000000000000000000, 2.000000000000000000 ) ) ;
#1341 = EDGE_CURVE ( 'NONE', #5272, #4951, #4656, .T. ) ;
#1342 = EDGE_LOOP ( 'NONE', ( #7480, #1593 ) ) ;
#1343 = DIRECTION ( 'NONE',  ( 1.000000000000000000, 0.000000000000000000, 0.000000000000000000 ) ) ;
#1344 = DIRECTION ( 'NONE',  ( 0.000000000000000000, 0.000000000000000000, 1.000000000000000000 ) ) ;
#1345 = LINE ( 'NONE', #6720, #4989 ) ;
#1346 = AXIS2_PLACEMENT_3D ( 'NONE', #6187, #4462, #6870 ) ;
#1347 = EDGE_LOOP ( 'NONE', ( #2268, #1264, #6889, #729 ) ) ;
#1348 = EDGE_CURVE ( 'NONE', #1440, #2802, #5554, .T. ) ;
#1349 = ORIENTED_EDGE ( 'NONE', *, *, #3341, .T. ) ;
#1350 = CARTESIAN_POINT ( 'NONE',  ( 212.0700000000000216, 0.000000000000000000, -0.2999999999999999889 ) ) ;
#1351 = DIRECTION ( 'NONE',  ( -1.000000000000000000, 0.000000000000000000, 0.000000000000000000 ) ) ;
#1352 = ORIENTED_EDGE ( 'NONE', *, *, #6959, .T. ) ;
#1353 = CYLINDRICAL_SURFACE ( 'NONE', #5104, 1.250000000000001110 ) ;
#1354 = DIRECTION ( 'NONE',  ( 1.000000000000000000, 0.000000000000000000, 0.000000000000000000 ) ) ;
#1355 = ORIENTED_EDGE ( 'NONE', *, *, #6894, .F. ) ;
#1356 = AXIS2_PLACEMENT_3D ( 'NONE', #2566, #2608, #733 ) ;
#1357 = EDGE_CURVE ( 'NONE', #2665, #255, #7148, .T. ) ;
#1358 = DIRECTION ( 'NONE',  ( -1.000000000000000000, 0.000000000000000000, 0.000000000000000000 ) ) ;
#1359 = VECTOR ( 'NONE', #7668, 1000.000000000000000 ) ;
#1360 = DIRECTION ( 'NONE',  ( 1.000000000000000000, 0.000000000000000000, 0.000000000000000000 ) ) ;
#1361 = DIRECTION ( 'NONE',  ( 0.000000000000000000, 0.000000000000000000, 1.000000000000000000 ) ) ;
#1362 = ORIENTED_EDGE ( 'NONE', *, *, #6572, .F. ) ;
#1363 = AXIS2_PLACEMENT_3D ( 'NONE', #765, #125, #4970 ) ;
#1364 = PLANE ( 'NONE',  #2437 ) ;
#1365 = ORIENTED_EDGE ( 'NONE', *, *, #6894, .T. ) ;
#1366 = CYLINDRICAL_SURFACE ( 'NONE', #2385, 1.250000000000001110 ) ;
#1367 = DIRECTION ( 'NONE',  ( 1.000000000000000000, 0.000000000000000000, 0.000000000000000000 ) ) ;
#1368 = CARTESIAN_POINT ( 'NONE',  ( 260.3700000000000614, 1.530808498934224111E-16, 0.000000000000000000 ) ) ;
#1369 = FACE_OUTER_BOUND ( 'NONE', #5920, .T. ) ;
#1370 = CARTESIAN_POINT ( 'NONE',  ( -260.3700000000000614, 0.000000000000000000, -0.2999999999999999889 ) ) ;
#1371 = ORIENTED_EDGE ( 'NONE', *, *, #6488, .T. ) ;
#1372 = ORIENTED_EDGE ( 'NONE', *, *, #514, .F. ) ;
#1373 = EDGE_CURVE ( 'NONE', #4380, #5459, #7100, .T. ) ;
#1374 = ORIENTED_EDGE ( 'NONE', *, *, #6286, .T. ) ;
#1375 = CARTESIAN_POINT ( 'NONE',  ( 206.9900000000000091, 0.000000000000000000, 2.000000000000000000 ) ) ;
#1376 = CIRCLE ( 'NONE', #6239, 1.250000000000001110 ) ;
#1377 = DIRECTION ( 'NONE',  ( 0.000000000000000000, 0.000000000000000000, 1.000000000000000000 ) ) ;
#1378 = VERTEX_POINT ( 'NONE', #1656 ) ;
#1379 = DIRECTION ( 'NONE',  ( 1.000000000000000000, 0.000000000000000000, 0.000000000000000000 ) ) ;
#1380 = DIRECTION ( 'NONE',  ( 0.000000000000000000, 0.000000000000000000, 1.000000000000000000 ) ) ;
#1381 = LINE ( 'NONE', #6270, #3196 ) ;
#1382 = ORIENTED_EDGE ( 'NONE', *, *, #2809, .T. ) ;
#1383 = VECTOR ( 'NONE', #2568, 1000.000000000000000 ) ;
#1384 = ORIENTED_EDGE ( 'NONE', *, *, #2515, .F. ) ;
#1385 = EDGE_CURVE ( 'NONE', #3347, #741, #688, .T. ) ;
#1386 = ORIENTED_EDGE ( 'NONE', *, *, #6526, .T. ) ;
#1387 = DIRECTION ( 'NONE',  ( 1.000000000000000000, 0.000000000000000000, 0.000000000000000000 ) ) ;
#1388 = DIRECTION ( 'NONE',  ( 0.000000000000000000, 0.000000000000000000, 1.000000000000000000 ) ) ;
#1389 = CIRCLE ( 'NONE', #2536, 1.250000000000001110 ) ;
#1390 = ORIENTED_EDGE ( 'NONE', *, *, #752, .F. ) ;
#1391 = EDGE_CURVE ( 'NONE', #202, #995, #1713, .T. ) ;
#1392 = CARTESIAN_POINT ( 'NONE',  ( 47.00999999999999091, 1.530808498934191571E-16, -0.2999999999999999889 ) ) ;
#1393 = DIRECTION ( 'NONE',  ( 1.000000000000000000, 0.000000000000000000, 0.000000000000000000 ) ) ;
#1394 = EDGE_LOOP ( 'NONE', ( #3953, #6703, #1715, #7201 ) ) ;
#1395 = ORIENTED_EDGE ( 'NONE', *, *, #3457, .T. ) ;
#1396 = CARTESIAN_POINT ( 'NONE',  ( 163.8500000000000227, 1.530808498934191571E-16, -0.2999999999999999889 ) ) ;
#1397 = EDGE_CURVE ( 'NONE', #6866, #5524, #6184, .T. ) ;
#1398 = DIRECTION ( 'NONE',  ( -1.000000000000000000, 0.000000000000000000, 0.000000000000000000 ) ) ;
#1399 = CARTESIAN_POINT ( 'NONE',  ( 168.9300000000000068, 1.530808498934191571E-16, -0.2999999999999999889 ) ) ;
#1400 = VECTOR ( 'NONE', #2061, 1000.000000000000000 ) ;
#1401 = ORIENTED_EDGE ( 'NONE', *, *, #366, .T. ) ;
#1402 = FACE_OUTER_BOUND ( 'NONE', #1288, .T. ) ;
#1403 = ORIENTED_EDGE ( 'NONE', *, *, #567, .T. ) ;
#1404 = DIRECTION ( 'NONE',  ( -0.000000000000000000, -0.000000000000000000, -1.000000000000000000 ) ) ;
#1405 = DIRECTION ( 'NONE',  ( -1.000000000000000000, 0.000000000000000000, 0.000000000000000000 ) ) ;
#1406 = DIRECTION ( 'NONE',  ( 1.000000000000000000, 0.000000000000000000, 0.000000000000000000 ) ) ;
#1407 = CARTESIAN_POINT ( 'NONE',  ( 49.50999999999999091, 0.000000000000000000, -0.2999999999999999889 ) ) ;
#1408 = VECTOR ( 'NONE', #5055, 1000.000000000000000 ) ;
#1409 = DIRECTION ( 'NONE',  ( 0.000000000000000000, 0.000000000000000000, 1.000000000000000000 ) ) ;
#1410 = DIRECTION ( 'NONE',  ( 0.000000000000000000, 0.000000000000000000, 1.000000000000000000 ) ) ;
#1411 = ORIENTED_EDGE ( 'NONE', *, *, #904, .F. ) ;
#1412 = VERTEX_POINT ( 'NONE', #1616 ) ;
#1413 = AXIS2_PLACEMENT_3D ( 'NONE', #3531, #1951, #5378 ) ;
#1414 = CYLINDRICAL_SURFACE ( 'NONE', #5137, 1.250000000000000000 ) ;
#1415 = DIRECTION ( 'NONE',  ( -1.000000000000000000, 0.000000000000000000, 0.000000000000000000 ) ) ;
#1416 = ORIENTED_EDGE ( 'NONE', *, *, #6928, .F. ) ;
#1417 = CARTESIAN_POINT ( 'NONE',  ( 93.98000000000001819, 0.000000000000000000, 2.000000000000000000 ) ) ;
#1418 = LINE ( 'NONE', #2023, #163 ) ;
#1419 = CARTESIAN_POINT ( 'NONE',  ( -261.6200000000000045, 0.000000000000000000, 0.000000000000000000 ) ) ;
#1420 = VECTOR ( 'NONE', #250, 1000.000000000000000 ) ;
#1421 = LOCAL_TIME ( 16, 0, 29.00000000000000000, #4103 ) ;
#1422 = ORIENTED_EDGE ( 'NONE', *, *, #6099, .T. ) ;
#1423 = ORIENTED_EDGE ( 'NONE', *, *, #288, .T. ) ;
#1424 = EDGE_CURVE ( 'NONE', #6986, #4940, #5868, .T. ) ;
#1425 = ORIENTED_EDGE ( 'NONE', *, *, #1522, .T. ) ;
#1426 = UNCERTAINTY_MEASURE_WITH_UNIT (LENGTH_MEASURE( 1.000000000000000082E-05 ), #7030, 'distance_accuracy_value', 'NONE');
#1427 = DIRECTION ( 'NONE',  ( 1.000000000000000000, 0.000000000000000000, 0.000000000000000000 ) ) ;
#1428 = AXIS2_PLACEMENT_3D ( 'NONE', #1741, #509, #2342 ) ;
#1429 = CARTESIAN_POINT ( 'NONE',  ( 156.1899999999999977, 0.000000000000000000, 0.000000000000000000 ) ) ;
#1430 = ORIENTED_EDGE ( 'NONE', *, *, #6876, .T. ) ;
#1431 = EDGE_CURVE ( 'NONE', #1181, #6593, #815, .T. ) ;
#1433 = ADVANCED_FACE ( 'NONE', ( #2815 ), #3331, .F. ) ;
#1432 = DIRECTION ( 'NONE',  ( 0.000000000000000000, 0.000000000000000000, 1.000000000000000000 ) ) ;
#1434 = CARTESIAN_POINT ( 'NONE',  ( -143.5300000000000011, 0.000000000000000000, -0.2999999999999999889 ) ) ;
#1435 = CARTESIAN_POINT ( 'NONE',  ( 185.4200000000000159, 0.000000000000000000, -0.2999999999999999889 ) ) ;
#1436 = CIRCLE ( 'NONE', #5281, 1.250000000000001110 ) ;
#1437 = ORIENTED_EDGE ( 'NONE', *, *, #7910, .F. ) ;
#1438 = EDGE_CURVE ( 'NONE', #5741, #4727, #936, .T. ) ;
#1439 = VECTOR ( 'NONE', #5577, 1000.000000000000000 ) ;
#1440 = VERTEX_POINT ( 'NONE', #298 ) ;
#1441 = AXIS2_PLACEMENT_3D ( 'NONE', #2302, #5236, #1585 ) ;
#1442 = CARTESIAN_POINT ( 'NONE',  ( -196.8299999999999841, 1.530808498934190091E-16, 0.000000000000000000 ) ) ;
#1443 = DIRECTION ( 'NONE',  ( -1.000000000000000000, 0.000000000000000000, 0.000000000000000000 ) ) ;
#1444 = DIRECTION ( 'NONE',  ( -0.000000000000000000, -0.000000000000000000, -1.000000000000000000 ) ) ;
#1445 = AXIS2_PLACEMENT_3D ( 'NONE', #697, #4794, #6669 ) ;
#1446 = EDGE_LOOP ( 'NONE', ( #790, #2125 ) ) ;
#1447 = DIRECTION ( 'NONE',  ( 0.000000000000000000, 0.000000000000000000, 1.000000000000000000 ) ) ;
#1448 = EDGE_CURVE ( 'NONE', #3003, #78, #2732, .T. ) ;
#1449 = ORIENTED_EDGE ( 'NONE', *, *, #2469, .T. ) ;
#1450 = CARTESIAN_POINT ( 'NONE',  ( -245.1299999999999955, 0.000000000000000000, 0.000000000000000000 ) ) ;
#1451 = FACE_BOUND ( 'NONE', #4092, .T. ) ;
#1452 = CIRCLE ( 'NONE', #4520, 1.250000000000001110 ) ;
#1453 = DIRECTION ( 'NONE',  ( -1.000000000000000000, 0.000000000000000000, 0.000000000000000000 ) ) ;
#1454 = CYLINDRICAL_SURFACE ( 'NONE', #7733, 1.250000000000001110 ) ;
#1455 = CARTESIAN_POINT ( 'NONE',  ( -95.22999999999998977, 1.530808498934190091E-16, 0.000000000000000000 ) ) ;
#1456 = AXIS2_PLACEMENT_3D ( 'NONE', #719, #7488, #5534 ) ;
#1457 = ORIENTED_EDGE ( 'NONE', *, *, #5369, .F. ) ;
#1458 = EDGE_CURVE ( 'NONE', #1853, #4315, #3370, .T. ) ;
#1459 = EDGE_LOOP ( 'NONE', ( #2095, #2607 ) ) ;
#1460 = CARTESIAN_POINT ( 'NONE',  ( 21.61000000000001364, 1.530808498934191571E-16, -0.2999999999999999889 ) ) ;
#1461 = CIRCLE ( 'NONE', #1716, 1.250000000000001110 ) ;
#1462 = ORIENTED_EDGE ( 'NONE', *, *, #3725, .T. ) ;
#1463 = FACE_OUTER_BOUND ( 'NONE', #5435, .T. ) ;
#1464 = CARTESIAN_POINT ( 'NONE',  ( 29.19000000000000128, 0.000000000000000000, 2.000000000000000000 ) ) ;
#1465 = PLANE ( 'NONE',  #3323 ) ;
#1466 = ORIENTED_EDGE ( 'NONE', *, *, #4101, .T. ) ;
#1467 = ORIENTED_EDGE ( 'NONE', *, *, #1122, .F. ) ;
#1468 = AXIS2_PLACEMENT_3D ( 'NONE', #2216, #2775, #2175 ) ;
#1469 = VERTEX_POINT ( 'NONE', #4663 ) ;
#1470 = LINE ( 'NONE', #4596, #2834 ) ;
#1471 = CARTESIAN_POINT ( 'NONE',  ( -110.4699999999999989, 1.530808498934191571E-16, -0.2999999999999999889 ) ) ;
#1472 = CIRCLE ( 'NONE', #1730, 1.250000000000001110 ) ;
#1473 = VERTEX_POINT ( 'NONE', #3981 ) ;
#1474 = DIRECTION ( 'NONE',  ( -0.000000000000000000, -0.000000000000000000, -1.000000000000000000 ) ) ;
#1475 = AXIS2_PLACEMENT_3D ( 'NONE', #4808, #1201, #6086 ) ;
#1476 = DIRECTION ( 'NONE',  ( 1.000000000000000000, 0.000000000000000000, 0.000000000000000000 ) ) ;
#1477 = LINE ( 'NONE', #2157, #2534 ) ;
#1478 = EDGE_LOOP ( 'NONE', ( #6798, #2314 ) ) ;
#1479 = EDGE_CURVE ( 'NONE', #3282, #5075, #4621, .T. ) ;
#1480 = VERTEX_POINT ( 'NONE', #3377 ) ;
#1481 = CARTESIAN_POINT ( 'NONE',  ( 36.85000000000002274, 1.530808498934190091E-16, 0.000000000000000000 ) ) ;
#1482 = CARTESIAN_POINT ( 'NONE',  ( -54.59000000000000341, 1.530808498934191571E-16, -0.2999999999999999889 ) ) ;
#1483 = FACE_OUTER_BOUND ( 'NONE', #5217, .T. ) ;
#1484 = CIRCLE ( 'NONE', #5971, 1.249999999999973355 ) ;
#1485 = EDGE_LOOP ( 'NONE', ( #4400, #2922, #2376, #6712 ) ) ;
#1486 = EDGE_CURVE ( 'NONE', #2494, #803, #5345, .T. ) ;
#1487 = CARTESIAN_POINT ( 'NONE',  ( -160.0200000000000102, 0.000000000000000000, 2.000000000000000000 ) ) ;
#1488 = ORIENTED_EDGE ( 'NONE', *, *, #5415, .F. ) ;
#1489 = DIRECTION ( 'NONE',  ( 0.000000000000000000, 0.000000000000000000, 1.000000000000000000 ) ) ;
#1490 = FACE_BOUND ( 'NONE', #4792, .T. ) ;
#1491 = CYLINDRICAL_SURFACE ( 'NONE', #4324, 1.250000000000001110 ) ;
#1492 = CARTESIAN_POINT ( 'NONE',  ( -189.2500000000000000, 0.000000000000000000, 0.000000000000000000 ) ) ;
#1493 = EDGE_CURVE ( 'NONE', #388, #5173, #6444, .T. ) ;
#1494 = DIRECTION ( 'NONE',  ( 0.000000000000000000, 0.000000000000000000, 1.000000000000000000 ) ) ;
#1495 = CIRCLE ( 'NONE', #2906, 1.250000000000001110 ) ;
#1496 = ORIENTED_EDGE ( 'NONE', *, *, #3350, .T. ) ;
#1497 = ORIENTED_EDGE ( 'NONE', *, *, #2328, .F. ) ;
#1498 = CARTESIAN_POINT ( 'NONE',  ( -227.3100000000000023, 1.530808498934190091E-16, 0.000000000000000000 ) ) ;
#1499 = VECTOR ( 'NONE', #225, 1000.000000000000000 ) ;
#1500 = ORIENTED_EDGE ( 'NONE', *, *, #3028, .T. ) ;
#1501 = CARTESIAN_POINT ( 'NONE',  ( -7.620000000000004547, 0.000000000000000000, -0.2999999999999999889 ) ) ;
#1502 = CARTESIAN_POINT ( 'NONE',  ( -222.2300000000000182, 1.530808498934190091E-16, 0.000000000000000000 ) ) ;
#1503 = CARTESIAN_POINT ( 'NONE',  ( 201.9100000000000250, 0.000000000000000000, 2.000000000000000000 ) ) ;
#1504 = ADVANCED_FACE ( 'NONE', ( #2774 ), #7792, .F. ) ;
#1505 = ORIENTED_EDGE ( 'NONE', *, *, #5601, .F. ) ;
#1506 = EDGE_LOOP ( 'NONE', ( #4443, #1739 ) ) ;
#1507 = AXIS2_PLACEMENT_3D ( 'NONE', #6390, #906, #3343 ) ;
#1508 = ORIENTED_EDGE ( 'NONE', *, *, #4620, .F. ) ;
#1509 = CARTESIAN_POINT ( 'NONE',  ( 148.6100000000000136, 1.530808498934190091E-16, 0.000000000000000000 ) ) ;
#1510 = LINE ( 'NONE', #3958, #841 ) ;
#1511 = ORIENTED_EDGE ( 'NONE', *, *, #4922, .T. ) ;
#1512 = DIRECTION ( 'NONE',  ( 0.000000000000000000, 0.000000000000000000, 1.000000000000000000 ) ) ;
#1513 = VECTOR ( 'NONE', #2092, 1000.000000000000000 ) ;
#1514 = CARTESIAN_POINT ( 'NONE',  ( 87.64999999999997726, 1.530808498934190091E-16, 0.000000000000000000 ) ) ;
#1515 = DIRECTION ( 'NONE',  ( 1.000000000000000000, 0.000000000000000000, 0.000000000000000000 ) ) ;
#1516 = VERTEX_POINT ( 'NONE', #2134 ) ;
#1517 = AXIS2_PLACEMENT_3D ( 'NONE', #6097, #615, #4897 ) ;
#1518 = ORIENTED_EDGE ( 'NONE', *, *, #7329, .F. ) ;
#1519 = LINE ( 'NONE', #3968, #2517 ) ;
#1520 = DIRECTION ( 'NONE',  ( 1.000000000000000000, 0.000000000000000000, 0.000000000000000000 ) ) ;
#1521 = CARTESIAN_POINT ( 'NONE',  ( 175.2599999999999909, 0.000000000000000000, -0.2999999999999999889 ) ) ;
#1522 = EDGE_CURVE ( 'NONE', #4142, #7399, #4151, .T. ) ;
#1523 = AXIS2_PLACEMENT_3D ( 'NONE', #1317, #1241, #644 ) ;
#1524 = ORIENTED_EDGE ( 'NONE', *, *, #4681, .T. ) ;
#1525 = ORIENTED_EDGE ( 'NONE', *, *, #3923, .T. ) ;
#1526 = CARTESIAN_POINT ( 'NONE',  ( 224.8100000000000023, 1.530808498934190091E-16, 0.000000000000000000 ) ) ;
#1527 = VERTEX_POINT ( 'NONE', #7672 ) ;
#1528 = CARTESIAN_POINT ( 'NONE',  ( 154.9399999999999977, 0.000000000000000000, -0.2999999999999999889 ) ) ;
#1529 = FACE_BOUND ( 'NONE', #1909, .T. ) ;
#1530 = CARTESIAN_POINT ( 'NONE',  ( 246.3799999999999955, 0.000000000000000000, 0.000000000000000000 ) ) ;
#1531 = EDGE_CURVE ( 'NONE', #492, #6516, #7572, .T. ) ;
#1532 = DIRECTION ( 'NONE',  ( 1.000000000000000000, 0.000000000000000000, 0.000000000000000000 ) ) ;
#1533 = EDGE_CURVE ( 'NONE', #1748, #5290, #1733, .T. ) ;
#1534 = CARTESIAN_POINT ( 'NONE',  ( 109.2200000000000273, 0.000000000000000000, 2.000000000000000000 ) ) ;
#1535 = CIRCLE ( 'NONE', #3967, 1.250000000000001110 ) ;
#1536 = ORIENTED_EDGE ( 'NONE', *, *, #1888, .F. ) ;
#1537 = ORIENTED_EDGE ( 'NONE', *, *, #3262, .F. ) ;
#1538 =( NAMED_UNIT ( * ) PLANE_ANGLE_UNIT ( ) SI_UNIT ( $, .RADIAN. ) );
#1539 = EDGE_CURVE ( 'NONE', #2841, #4563, #3049, .T. ) ;
#1540 = CIRCLE ( 'NONE', #5127, 1.250000000000001110 ) ;
#1541 = CARTESIAN_POINT ( 'NONE',  ( -73.65999999999999659, 0.000000000000000000, -0.2999999999999999889 ) ) ;
#1542 = VERTEX_POINT ( 'NONE', #7342 ) ;
#1543 = CYLINDRICAL_SURFACE ( 'NONE', #4447, 1.250000000000001110 ) ;
#1544 = DIRECTION ( 'NONE',  ( -1.000000000000000000, 0.000000000000000000, 0.000000000000000000 ) ) ;
#1545 = ORIENTED_EDGE ( 'NONE', *, *, #7683, .T. ) ;
#1546 = CIRCLE ( 'NONE', #3848, 1.250000000000001110 ) ;
#1547 = EDGE_LOOP ( 'NONE', ( #1199, #6224 ) ) ;
#1548 = ORIENTED_EDGE ( 'NONE', *, *, #7377, .T. ) ;
#1549 = DIRECTION ( 'NONE',  ( 1.000000000000000000, 0.000000000000000000, 0.000000000000000000 ) ) ;
#1550 = EDGE_CURVE ( 'NONE', #1701, #2501, #7868, .T. ) ;
#1551 = DIRECTION ( 'NONE',  ( -0.000000000000000000, -0.000000000000000000, -1.000000000000000000 ) ) ;
#1552 = EDGE_LOOP ( 'NONE', ( #155, #5597 ) ) ;
#1553 = AXIS2_PLACEMENT_3D ( 'NONE', #1133, #6057, #5425 ) ;
#1554 = AXIS2_PLACEMENT_3D ( 'NONE', #5671, #4461, #3180 ) ;
#1555 = FACE_OUTER_BOUND ( 'NONE', #2737, .T. ) ;
#1556 = CARTESIAN_POINT ( 'NONE',  ( -24.11000000000001720, 1.530808498934191571E-16, -0.2999999999999999889 ) ) ;
#1557 = CARTESIAN_POINT ( 'NONE',  ( -79.99000000000000909, 1.530808498934190091E-16, 2.000000000000000000 ) ) ;
#1558 = EDGE_LOOP ( 'NONE', ( #3111, #2247, #1685, #1005 ) ) ;
#1559 = CIRCLE ( 'NONE', #34, 1.250000000000001110 ) ;
#1560 = EDGE_CURVE ( 'NONE', #1527, #2339, #4124, .T. ) ;
#1561 = DIRECTION ( 'NONE',  ( 1.000000000000000000, 0.000000000000000000, 0.000000000000000000 ) ) ;
#1562 = VERTEX_POINT ( 'NONE', #11 ) ;
#1563 = CARTESIAN_POINT ( 'NONE',  ( -2.540000000000020464, 0.000000000000000000, -0.2999999999999999889 ) ) ;
#1564 = CIRCLE ( 'NONE', #5410, 1.250000000000001110 ) ;
#1565 = DIRECTION ( 'NONE',  ( 0.000000000000000000, 0.000000000000000000, 1.000000000000000000 ) ) ;
#1566 = DIRECTION ( 'NONE',  ( -1.000000000000000000, 0.000000000000000000, 0.000000000000000000 ) ) ;
#1567 = EDGE_LOOP ( 'NONE', ( #502, #3673 ) ) ;
#1568 = AXIS2_PLACEMENT_3D ( 'NONE', #1214, #500, #6132 ) ;
#1569 = ORIENTED_EDGE ( 'NONE', *, *, #2956, .F. ) ;
#1570 = DIRECTION ( 'NONE',  ( -1.000000000000000000, 0.000000000000000000, 0.000000000000000000 ) ) ;
#1571 = CIRCLE ( 'NONE', #4134, 1.250000000000001110 ) ;
#1572 = FACE_OUTER_BOUND ( 'NONE', #2365, .T. ) ;
#1573 = FACE_BOUND ( 'NONE', #1547, .T. ) ;
#1574 = LINE ( 'NONE', #4017, #6507 ) ;
#1575 = DIRECTION ( 'NONE',  ( -0.000000000000000000, -0.000000000000000000, -1.000000000000000000 ) ) ;
#1576 = DIRECTION ( 'NONE',  ( 0.000000000000000000, 0.000000000000000000, 1.000000000000000000 ) ) ;
#1577 = ORIENTED_EDGE ( 'NONE', *, *, #3571, .T. ) ;
#1578 = ORIENTED_EDGE ( 'NONE', *, *, #1598, .T. ) ;
#1579 = EDGE_CURVE ( 'NONE', #5403, #7485, #2975, .T. ) ;
#1580 = AXIS2_PLACEMENT_3D ( 'NONE', #7063, #6421, #895 ) ;
#1581 = DIRECTION ( 'NONE',  ( 0.000000000000000000, 0.000000000000000000, 1.000000000000000000 ) ) ;
#1582 = EDGE_CURVE ( 'NONE', #6953, #1469, #4218, .T. ) ;
#1583 = EDGE_LOOP ( 'NONE', ( #15, #470, #4371, #5772 ) ) ;
#1584 = DIRECTION ( 'NONE',  ( 1.000000000000000000, 0.000000000000000000, 0.000000000000000000 ) ) ;
#1585 = DIRECTION ( 'NONE',  ( 1.000000000000000000, 0.000000000000000000, 0.000000000000000000 ) ) ;
#1586 = ORIENTED_EDGE ( 'NONE', *, *, #3193, .F. ) ;
#1587 = ORIENTED_EDGE ( 'NONE', *, *, #3803, .T. ) ;
#1588 = VERTEX_POINT ( 'NONE', #4822 ) ;
#1589 = ADVANCED_FACE ( 'NONE', ( #1135 ), #1250, .F. ) ;
#1590 = DIRECTION ( 'NONE',  ( 1.000000000000000000, 0.000000000000000000, 0.000000000000000000 ) ) ;
#1591 = CIRCLE ( 'NONE', #825, 1.250000000000001110 ) ;
#1592 = CARTESIAN_POINT ( 'NONE',  ( -229.8900000000000148, 0.000000000000000000, -0.2999999999999999889 ) ) ;
#1593 = ORIENTED_EDGE ( 'NONE', *, *, #6767, .F. ) ;
#1594 = DIRECTION ( 'NONE',  ( 0.000000000000000000, 0.000000000000000000, 1.000000000000000000 ) ) ;
#1595 = DIRECTION ( 'NONE',  ( -1.000000000000000000, 0.000000000000000000, 0.000000000000000000 ) ) ;
#1596 = DIRECTION ( 'NONE',  ( 1.000000000000000000, 0.000000000000000000, 0.000000000000000000 ) ) ;
#1597 = AXIS2_PLACEMENT_3D ( 'NONE', #5928, #2840, #367 ) ;
#1598 = EDGE_CURVE ( 'NONE', #1193, #1588, #3579, .T. ) ;
#1599 = ORIENTED_EDGE ( 'NONE', *, *, #6626, .F. ) ;
#1600 = CYLINDRICAL_SURFACE ( 'NONE', #3384, 1.250000000000001110 ) ;
#1601 = AXIS2_PLACEMENT_3D ( 'NONE', #717, #6360, #4471 ) ;
#1602 = ORIENTED_EDGE ( 'NONE', *, *, #6066, .F. ) ;
#1603 = VECTOR ( 'NONE', #3272, 1000.000000000000000 ) ;
#1604 = CIRCLE ( 'NONE', #968, 1.250000000000001110 ) ;
#1605 = DIRECTION ( 'NONE',  ( 0.000000000000000000, 0.000000000000000000, 1.000000000000000000 ) ) ;
#1606 = CARTESIAN_POINT ( 'NONE',  ( -168.9300000000000068, 0.000000000000000000, -0.2999999999999999889 ) ) ;
#1607 = DIRECTION ( 'NONE',  ( 0.000000000000000000, 0.000000000000000000, 1.000000000000000000 ) ) ;
#1608 = EDGE_CURVE ( 'NONE', #7375, #7639, #616, .T. ) ;
#1609 = ORIENTED_EDGE ( 'NONE', *, *, #253, .F. ) ;
#1610 = CIRCLE ( 'NONE', #1987, 1.250000000000001110 ) ;
#1611 = ORIENTED_EDGE ( 'NONE', *, *, #7259, .T. ) ;
#1612 = DIRECTION ( 'NONE',  ( -1.000000000000000000, 0.000000000000000000, 0.000000000000000000 ) ) ;
#1613 = DIRECTION ( 'NONE',  ( 0.000000000000000000, 0.000000000000000000, 1.000000000000000000 ) ) ;
#1614 = FACE_BOUND ( 'NONE', #66, .T. ) ;
#1615 = FACE_OUTER_BOUND ( 'NONE', #6314, .T. ) ;
#1616 = CARTESIAN_POINT ( 'NONE',  ( -222.2300000000000182, 1.530808498934190091E-16, 2.000000000000000000 ) ) ;
#1617 = CARTESIAN_POINT ( 'NONE',  ( -39.34999999999999432, 1.530808498934190091E-16, 0.000000000000000000 ) ) ;
#1618 = ORIENTED_EDGE ( 'NONE', *, *, #5452, .F. ) ;
#1619 = CIRCLE ( 'NONE', #725, 1.250000000000001110 ) ;
#1620 = ORIENTED_EDGE ( 'NONE', *, *, #3338, .F. ) ;
#1621 = PERSON_AND_ORGANIZATION ( #5423, #5405 ) ;
#1622 = CYLINDRICAL_SURFACE ( 'NONE', #3660, 1.249999999999973355 ) ;
#1623 = VERTEX_POINT ( 'NONE', #6698 ) ;
#1624 = DIRECTION ( 'NONE',  ( 0.000000000000000000, 0.000000000000000000, 1.000000000000000000 ) ) ;
#1625 = CARTESIAN_POINT ( 'NONE',  ( 180.3399999999999750, 0.000000000000000000, 2.000000000000000000 ) ) ;
#1626 = AXIS2_PLACEMENT_3D ( 'NONE', #3319, #7050, #3845 ) ;
#1627 = EDGE_CURVE ( 'NONE', #7450, #2985, #3870, .T. ) ;
#1628 = ORIENTED_EDGE ( 'NONE', *, *, #6973, .F. ) ;
#1629 = EDGE_LOOP ( 'NONE', ( #3975, #2288, #3017, #6376 ) ) ;
#1630 = ORIENTED_EDGE ( 'NONE', *, *, #3830, .F. ) ;
#1631 = FACE_BOUND ( 'NONE', #1796, .T. ) ;
#1632 = AXIS2_PLACEMENT_3D ( 'NONE', #2038, #4522, #6929 ) ;
#1633 = FACE_OUTER_BOUND ( 'NONE', #6993, .T. ) ;
#1634 = EDGE_LOOP ( 'NONE', ( #6909, #7724, #1015, #5292 ) ) ;
#1635 = DIRECTION ( 'NONE',  ( -0.000000000000000000, -0.000000000000000000, -1.000000000000000000 ) ) ;
#1636 = DIRECTION ( 'NONE',  ( 0.000000000000000000, 0.000000000000000000, 1.000000000000000000 ) ) ;
#1637 = LINE ( 'NONE', #2075, #4795 ) ;
#1638 = ADVANCED_FACE ( 'NONE', ( #6019 ), #651, .F. ) ;
#1639 = AXIS2_PLACEMENT_3D ( 'NONE', #4146, #6591, #2943 ) ;
#1640 = ORIENTED_EDGE ( 'NONE', *, *, #4698, .T. ) ;
#1641 = DIRECTION ( 'NONE',  ( 0.000000000000000000, 0.000000000000000000, 1.000000000000000000 ) ) ;
#1642 = ORIENTED_EDGE ( 'NONE', *, *, #2421, .T. ) ;
#1643 = EDGE_CURVE ( 'NONE', #2985, #2533, #52, .T. ) ;
#1644 = LINE ( 'NONE', #1045, #7004 ) ;
#1645 = CARTESIAN_POINT ( 'NONE',  ( -27.94000000000000128, 0.000000000000000000, -0.2999999999999999889 ) ) ;
#1646 = CYLINDRICAL_SURFACE ( 'NONE', #57, 1.250000000000001110 ) ;
#1647 = ORIENTED_EDGE ( 'NONE', *, *, #7737, .F. ) ;
#1648 = CIRCLE ( 'NONE', #7288, 1.250000000000001110 ) ;
#1649 = ORIENTED_EDGE ( 'NONE', *, *, #5273, .F. ) ;
#1650 = DIRECTION ( 'NONE',  ( 1.000000000000000000, 0.000000000000000000, 0.000000000000000000 ) ) ;
#1651 = ADVANCED_FACE ( 'NONE', ( #5467 ), #542, .F. ) ;
#1652 = DIRECTION ( 'NONE',  ( -1.000000000000000000, 0.000000000000000000, 0.000000000000000000 ) ) ;
#1653 = VECTOR ( 'NONE', #6569, 1000.000000000000000 ) ;
#1654 = FACE_BOUND ( 'NONE', #6425, .T. ) ;
#1655 = CARTESIAN_POINT ( 'NONE',  ( -138.4499999999999886, 0.000000000000000000, -0.2999999999999999889 ) ) ;
#1656 = CARTESIAN_POINT ( 'NONE',  ( 31.76999999999997826, 1.530808498934190091E-16, 0.000000000000000000 ) ) ;
#1657 = DIRECTION ( 'NONE',  ( -0.000000000000000000, -0.000000000000000000, -1.000000000000000000 ) ) ;
#1658 = ORIENTED_EDGE ( 'NONE', *, *, #4424, .F. ) ;
#1659 = ORIENTED_EDGE ( 'NONE', *, *, #4368, .T. ) ;
#1660 = DIRECTION ( 'NONE',  ( 1.000000000000000000, 0.000000000000000000, 0.000000000000000000 ) ) ;
#1661 = EDGE_LOOP ( 'NONE', ( #3131, #5364, #1403, #1120 ) ) ;
#1662 = CARTESIAN_POINT ( 'NONE',  ( 43.18000000000000682, 0.000000000000000000, 2.000000000000000000 ) ) ;
#1663 = DIRECTION ( 'NONE',  ( -1.000000000000000000, 0.000000000000000000, 0.000000000000000000 ) ) ;
#1664 = ORIENTED_EDGE ( 'NONE', *, *, #2076, .T. ) ;
#1665 = ORIENTED_EDGE ( 'NONE', *, *, #6382, .F. ) ;
#1666 = ORIENTED_EDGE ( 'NONE', *, *, #5044, .T. ) ;
#1667 = VECTOR ( 'NONE', #1174, 1000.000000000000000 ) ;
#1668 = FACE_BOUND ( 'NONE', #739, .T. ) ;
#1669 = DIRECTION ( 'NONE',  ( 0.000000000000000000, 0.000000000000000000, 1.000000000000000000 ) ) ;
#1670 = ORIENTED_EDGE ( 'NONE', *, *, #4431, .F. ) ;
#1671 = DIRECTION ( 'NONE',  ( 0.000000000000000000, 0.000000000000000000, 1.000000000000000000 ) ) ;
#1672 = DIRECTION ( 'NONE',  ( 1.000000000000000000, 0.000000000000000000, 0.000000000000000000 ) ) ;
#1673 = CIRCLE ( 'NONE', #1284, 1.250000000000001110 ) ;
#1674 = EDGE_CURVE ( 'NONE', #4723, #7856, #2583, .T. ) ;
#1675 = ORIENTED_EDGE ( 'NONE', *, *, #5014, .T. ) ;
#1676 = EDGE_CURVE ( 'NONE', #2150, #5136, #5979, .T. ) ;
#1677 = DIRECTION ( 'NONE',  ( -1.000000000000000000, 0.000000000000000000, 0.000000000000000000 ) ) ;
#1678 = EDGE_CURVE ( 'NONE', #2589, #2486, #1189, .T. ) ;
#1679 = EDGE_LOOP ( 'NONE', ( #6424, #3229 ) ) ;
#1680 = CARTESIAN_POINT ( 'NONE',  ( -63.50000000000000000, 0.000000000000000000, 2.000000000000000000 ) ) ;
#1681 = LINE ( 'NONE', #6610, #4084 ) ;
#1682 = CARTESIAN_POINT ( 'NONE',  ( -165.1000000000000227, 0.000000000000000000, -0.2999999999999999889 ) ) ;
#1683 = AXIS2_PLACEMENT_3D ( 'NONE', #2073, #1474, #50 ) ;
#1684 = CC_DESIGN_APPROVAL ( #508, ( #7452 ) ) ;
#1685 = ORIENTED_EDGE ( 'NONE', *, *, #4160, .T. ) ;
#1686 = ORIENTED_EDGE ( 'NONE', *, *, #3359, .F. ) ;
#1687 = CYLINDRICAL_SURFACE ( 'NONE', #1289, 1.250000000000001110 ) ;
#1688 = ADVANCED_FACE ( 'NONE', ( #7908 ), #2372, .F. ) ;
#1689 = FACE_OUTER_BOUND ( 'NONE', #117, .T. ) ;
#1690 = DIRECTION ( 'NONE',  ( -0.000000000000000000, -0.000000000000000000, -1.000000000000000000 ) ) ;
#1691 = DIRECTION ( 'NONE',  ( -0.000000000000000000, -0.000000000000000000, -1.000000000000000000 ) ) ;
#1692 = DIRECTION ( 'NONE',  ( -0.000000000000000000, -0.000000000000000000, -1.000000000000000000 ) ) ;
#1693 = DIRECTION ( 'NONE',  ( -0.000000000000000000, -0.000000000000000000, -1.000000000000000000 ) ) ;
#1694 = CIRCLE ( 'NONE', #6164, 1.250000000000001110 ) ;
#1695 = EDGE_CURVE ( 'NONE', #4667, #1378, #1947, .T. ) ;
#1696 = AXIS2_PLACEMENT_3D ( 'NONE', #5112, #1985, #3301 ) ;
#1697 = ORIENTED_EDGE ( 'NONE', *, *, #1493, .F. ) ;
#1698 = ORIENTED_EDGE ( 'NONE', *, *, #2476, .T. ) ;
#1699 = PERSON_AND_ORGANIZATION ( #5423, #5405 ) ;
#1700 = DIRECTION ( 'NONE',  ( 0.000000000000000000, 0.000000000000000000, 1.000000000000000000 ) ) ;
#1701 = VERTEX_POINT ( 'NONE', #5012 ) ;
#1702 = CYLINDRICAL_SURFACE ( 'NONE', #1639, 1.250000000000001110 ) ;
#1703 = DIRECTION ( 'NONE',  ( 0.000000000000000000, 0.000000000000000000, 1.000000000000000000 ) ) ;
#1704 = ORIENTED_EDGE ( 'NONE', *, *, #7033, .T. ) ;
#1705 = EDGE_CURVE ( 'NONE', #5173, #388, #4256, .T. ) ;
#1706 = ORIENTED_EDGE ( 'NONE', *, *, #3740, .F. ) ;
#1707 = VECTOR ( 'NONE', #5942, 1000.000000000000000 ) ;
#1708 = VERTEX_POINT ( 'NONE', #5617 ) ;
#1709 = FACE_BOUND ( 'NONE', #2326, .T. ) ;
#1710 = CARTESIAN_POINT ( 'NONE',  ( 246.3799999999999955, 0.000000000000000000, 2.000000000000000000 ) ) ;
#1711 = EDGE_LOOP ( 'NONE', ( #5279, #7686 ) ) ;
#1712 = CARTESIAN_POINT ( 'NONE',  ( -29.19000000000000128, 1.530808498934191571E-16, -0.2999999999999999889 ) ) ;
#1713 = CIRCLE ( 'NONE', #1580, 1.250000000000001110 ) ;
#1714 = CYLINDRICAL_SURFACE ( 'NONE', #7489, 1.250000000000001110 ) ;
#1715 = ORIENTED_EDGE ( 'NONE', *, *, #2375, .T. ) ;
#1716 = AXIS2_PLACEMENT_3D ( 'NONE', #321, #2797, #2878 ) ;
#1717 = DIRECTION ( 'NONE',  ( 0.000000000000000000, 0.000000000000000000, 1.000000000000000000 ) ) ;
#1718 = ORIENTED_EDGE ( 'NONE', *, *, #7784, .T. ) ;
#1719 = DIRECTION ( 'NONE',  ( 1.000000000000000000, 0.000000000000000000, 0.000000000000000000 ) ) ;
#1720 = CIRCLE ( 'NONE', #2879, 1.250000000000001110 ) ;
#1721 = DIRECTION ( 'NONE',  ( 0.000000000000000000, 0.000000000000000000, 1.000000000000000000 ) ) ;
#1722 = DIRECTION ( 'NONE',  ( -1.000000000000000000, -0.000000000000000000, 0.000000000000000000 ) ) ;
#1723 = VERTEX_POINT ( 'NONE', #1283 ) ;
#1724 = EDGE_CURVE ( 'NONE', #874, #3468, #7418, .T. ) ;
#1725 = ORIENTED_EDGE ( 'NONE', *, *, #4716, .F. ) ;
#1726 = ADVANCED_FACE ( 'NONE', ( #3240 ), #7456, .F. ) ;
#1727 = CIRCLE ( 'NONE', #7870, 1.250000000000001110 ) ;
#1728 = CYLINDRICAL_SURFACE ( 'NONE', #7696, 1.250000000000001110 ) ;
#1729 = CARTESIAN_POINT ( 'NONE',  ( -175.2599999999999909, 0.000000000000000000, 2.000000000000000000 ) ) ;
#1730 = AXIS2_PLACEMENT_3D ( 'NONE', #4247, #7899, #7335 ) ;
#1731 = FACE_OUTER_BOUND ( 'NONE', #3995, .T. ) ;
#1732 = DIRECTION ( 'NONE',  ( 0.000000000000000000, 0.000000000000000000, 1.000000000000000000 ) ) ;
#1733 = LINE ( 'NONE', #3616, #1825 ) ;
#1734 = CARTESIAN_POINT ( 'NONE',  ( -184.1700000000000159, 0.000000000000000000, 0.000000000000000000 ) ) ;
#1735 = AXIS2_PLACEMENT_3D ( 'NONE', #4767, #5566, #1273 ) ;
#1736 = EDGE_CURVE ( 'NONE', #676, #5973, #6933, .T. ) ;
#1737 = ORIENTED_EDGE ( 'NONE', *, *, #24, .T. ) ;
#1738 = DIRECTION ( 'NONE',  ( 0.000000000000000000, 0.000000000000000000, 1.000000000000000000 ) ) ;
#1739 = ORIENTED_EDGE ( 'NONE', *, *, #1742, .F. ) ;
#1740 = CARTESIAN_POINT ( 'NONE',  ( -102.8900000000000148, 0.000000000000000000, 2.000000000000000000 ) ) ;
#1741 = CARTESIAN_POINT ( 'NONE',  ( -17.78000000000000114, 0.000000000000000000, 0.000000000000000000 ) ) ;
#1742 = EDGE_CURVE ( 'NONE', #2554, #7703, #5541, .T. ) ;
#1743 = CARTESIAN_POINT ( 'NONE',  ( 114.3000000000000114, 0.000000000000000000, 2.000000000000000000 ) ) ;
#1744 = CARTESIAN_POINT ( 'NONE',  ( -16.53000000000000114, 0.000000000000000000, 0.000000000000000000 ) ) ;
#1745 = EDGE_LOOP ( 'NONE', ( #4918, #2717, #5338, #5454 ) ) ;
#1746 = AXIS2_PLACEMENT_3D ( 'NONE', #1220, #4864, #1779 ) ;
#1747 = ORIENTED_EDGE ( 'NONE', *, *, #6205, .T. ) ;
#1748 = VERTEX_POINT ( 'NONE', #1961 ) ;
#1749 = CARTESIAN_POINT ( 'NONE',  ( -264.1600000000000250, -3.000000000000000000, 0.000000000000000000 ) ) ;
#1750 = DIRECTION ( 'NONE',  ( -1.000000000000000000, 0.000000000000000000, 0.000000000000000000 ) ) ;
#1751 = AXIS2_PLACEMENT_3D ( 'NONE', #4532, #6337, #249 ) ;
#1752 = EDGE_LOOP ( 'NONE', ( #3146, #6684 ) ) ;
#1753 = ADVANCED_FACE ( 'NONE', ( #205 ), #2601, .F. ) ;
#1754 = DIRECTION ( 'NONE',  ( 1.000000000000000000, 0.000000000000000000, 0.000000000000000000 ) ) ;
#1755 = CARTESIAN_POINT ( 'NONE',  ( 134.6200000000000045, 0.000000000000000000, 2.000000000000000000 ) ) ;
#1756 = ORIENTED_EDGE ( 'NONE', *, *, #1522, .F. ) ;
#1757 = CIRCLE ( 'NONE', #2776, 1.250000000000001110 ) ;
#1758 = CARTESIAN_POINT ( 'NONE',  ( 210.8199999999999932, 0.000000000000000000, 2.000000000000000000 ) ) ;
#1759 = ORIENTED_EDGE ( 'NONE', *, *, #703, .F. ) ;
#1760 = CARTESIAN_POINT ( 'NONE',  ( 124.4599999999999937, 0.000000000000000000, -0.2999999999999999889 ) ) ;
#1761 = AXIS2_PLACEMENT_3D ( 'NONE', #1082, #410, #2842 ) ;
#1762 = CARTESIAN_POINT ( 'NONE',  ( -264.1600000000000250, 3.000000000000000000, 0.000000000000000000 ) ) ;
#1763 = CARTESIAN_POINT ( 'NONE',  ( -234.9699999999999989, 0.000000000000000000, -0.2999999999999999889 ) ) ;
#1764 = EDGE_LOOP ( 'NONE', ( #4708, #3999, #4595, #5929 ) ) ;
#1765 = DIRECTION ( 'NONE',  ( 1.000000000000000000, 0.000000000000000000, 0.000000000000000000 ) ) ;
#1766 = DIRECTION ( 'NONE',  ( 1.000000000000000000, 0.000000000000000000, 0.000000000000000000 ) ) ;
#1767 = EDGE_CURVE ( 'NONE', #7231, #438, #3126, .T. ) ;
#1768 = FACE_BOUND ( 'NONE', #4545, .T. ) ;
#1769 = CARTESIAN_POINT ( 'NONE',  ( -166.3500000000000227, 1.530808498934190091E-16, 0.000000000000000000 ) ) ;
#1770 = DIRECTION ( 'NONE',  ( 0.000000000000000000, 0.000000000000000000, 1.000000000000000000 ) ) ;
#1772 = CIRCLE ( 'NONE', #6244, 1.250000000000001110 ) ;
#1771 = CARTESIAN_POINT ( 'NONE',  ( -109.2199999999999989, 0.000000000000000000, 2.000000000000000000 ) ) ;
#1773 = EDGE_CURVE ( 'NONE', #811, #2798, #1694, .T. ) ;
#1774 = ORIENTED_EDGE ( 'NONE', *, *, #5218, .F. ) ;
#1775 = DIRECTION ( 'NONE',  ( 1.000000000000000000, 0.000000000000000000, 0.000000000000000000 ) ) ;
#1776 = VERTEX_POINT ( 'NONE', #7537 ) ;
#1777 = AXIS2_PLACEMENT_3D ( 'NONE', #7791, #5383, #7304 ) ;
#1778 = EDGE_CURVE ( 'NONE', #2958, #454, #3888, .T. ) ;
#1779 = DIRECTION ( 'NONE',  ( -1.000000000000000000, 0.000000000000000000, 0.000000000000000000 ) ) ;
#1780 = EDGE_CURVE ( 'NONE', #5128, #248, #2679, .T. ) ;
#1781 = FACE_OUTER_BOUND ( 'NONE', #6836, .T. ) ;
#1782 = CARTESIAN_POINT ( 'NONE',  ( -119.3799999999999955, 0.000000000000000000, 2.000000000000000000 ) ) ;
#1783 = DIRECTION ( 'NONE',  ( 1.000000000000000000, 0.000000000000000000, 0.000000000000000000 ) ) ;
#1784 = DIRECTION ( 'NONE',  ( 1.000000000000000000, 0.000000000000000000, -0.000000000000000000 ) ) ;
#1785 = EDGE_LOOP ( 'NONE', ( #7332, #2562 ) ) ;
#1786 = AXIS2_PLACEMENT_3D ( 'NONE', #681, #6161, #3042 ) ;
#1787 = EDGE_LOOP ( 'NONE', ( #7808, #1130 ) ) ;
#1788 = EDGE_CURVE ( 'NONE', #7896, #1175, #5049, .T. ) ;
#1789 = ORIENTED_EDGE ( 'NONE', *, *, #652, .F. ) ;
#1790 = FACE_BOUND ( 'NONE', #2683, .T. ) ;
#1791 = CARTESIAN_POINT ( 'NONE',  ( -133.3700000000000045, 0.000000000000000000, 2.000000000000000000 ) ) ;
#1792 = ORIENTED_EDGE ( 'NONE', *, *, #3533, .T. ) ;
#1793 = CYLINDRICAL_SURFACE ( 'NONE', #2573, 1.250000000000001110 ) ;
#1794 = DIRECTION ( 'NONE',  ( -1.000000000000000000, 0.000000000000000000, 0.000000000000000000 ) ) ;
#1795 = CIRCLE ( 'NONE', #3837, 1.250000000000001110 ) ;
#1796 = EDGE_LOOP ( 'NONE', ( #2072, #7337 ) ) ;
#1797 = EDGE_CURVE ( 'NONE', #6753, #7190, #3357, .T. ) ;
#1798 = FACE_OUTER_BOUND ( 'NONE', #3914, .T. ) ;
#1799 = ORIENTED_EDGE ( 'NONE', *, *, #3929, .F. ) ;
#1800 = DIRECTION ( 'NONE',  ( -0.000000000000000000, -0.000000000000000000, -1.000000000000000000 ) ) ;
#1801 = CARTESIAN_POINT ( 'NONE',  ( 215.8999999999999773, 0.000000000000000000, -0.2999999999999999889 ) ) ;
#1802 = ORIENTED_EDGE ( 'NONE', *, *, #1156, .F. ) ;
#1803 = EDGE_CURVE ( 'NONE', #5481, #4875, #4376, .T. ) ;
#1804 = CIRCLE ( 'NONE', #6920, 1.250000000000001110 ) ;
#1805 = DIRECTION ( 'NONE',  ( -1.000000000000000000, 0.000000000000000000, 0.000000000000000000 ) ) ;
#1806 = DIRECTION ( 'NONE',  ( 0.000000000000000000, 0.000000000000000000, 1.000000000000000000 ) ) ;
#1807 = DIRECTION ( 'NONE',  ( -0.000000000000000000, -0.000000000000000000, -1.000000000000000000 ) ) ;
#1808 = CARTESIAN_POINT ( 'NONE',  ( 48.25999999999999091, 0.000000000000000000, 0.000000000000000000 ) ) ;
#1809 = AXIS2_PLACEMENT_3D ( 'NONE', #7887, #2388, #6148 ) ;
#1810 = DIRECTION ( 'NONE',  ( 1.000000000000000000, 0.000000000000000000, 0.000000000000000000 ) ) ;
#1811 = CARTESIAN_POINT ( 'NONE',  ( -118.1299999999999955, 0.000000000000000000, -0.2999999999999999889 ) ) ;
#1812 = VERTEX_POINT ( 'NONE', #5656 ) ;
#1813 = CARTESIAN_POINT ( 'NONE',  ( -27.94000000000000128, 0.000000000000000000, 0.000000000000000000 ) ) ;
#1814 = ORIENTED_EDGE ( 'NONE', *, *, #6233, .T. ) ;
#1815 = AXIS2_PLACEMENT_3D ( 'NONE', #360, #1118, #1754 ) ;
#1816 = DIRECTION ( 'NONE',  ( 1.000000000000000000, 0.000000000000000000, 0.000000000000000000 ) ) ;
#1817 = DIRECTION ( 'NONE',  ( -1.000000000000000000, 0.000000000000000000, 0.000000000000000000 ) ) ;
#1818 = DIRECTION ( 'NONE',  ( -1.000000000000000000, 0.000000000000000000, 0.000000000000000000 ) ) ;
#1819 = DIRECTION ( 'NONE',  ( 1.000000000000000000, 0.000000000000000000, 0.000000000000000000 ) ) ;
#1820 = LINE ( 'NONE', #5926, #1964 ) ;
#1821 = ORIENTED_EDGE ( 'NONE', *, *, #5310, .T. ) ;
#1822 = EDGE_LOOP ( 'NONE', ( #1686, #5312 ) ) ;
#1823 = EDGE_CURVE ( 'NONE', #609, #1024, #4446, .T. ) ;
#1824 = ORIENTED_EDGE ( 'NONE', *, *, #4474, .F. ) ;
#1825 = VECTOR ( 'NONE', #4179, 1000.000000000000000 ) ;
#1826 = FACE_BOUND ( 'NONE', #7093, .T. ) ;
#1827 = VECTOR ( 'NONE', #2661, 1000.000000000000000 ) ;
#1828 = DIRECTION ( 'NONE',  ( 0.000000000000000000, 0.000000000000000000, 1.000000000000000000 ) ) ;
#1829 = ORIENTED_EDGE ( 'NONE', *, *, #864, .F. ) ;
#1830 = DIRECTION ( 'NONE',  ( 0.000000000000000000, 0.000000000000000000, 1.000000000000000000 ) ) ;
#1831 = DIRECTION ( 'NONE',  ( 0.000000000000000000, 0.000000000000000000, 1.000000000000000000 ) ) ;
#1832 = VECTOR ( 'NONE', #3858, 1000.000000000000000 ) ;
#1833 = VERTEX_POINT ( 'NONE', #6249 ) ;
#1834 = ADVANCED_FACE ( 'NONE', ( #687 ), #4972, .F. ) ;
#1835 = DIRECTION ( 'NONE',  ( 1.000000000000000000, 0.000000000000000000, 0.000000000000000000 ) ) ;
#1836 = VERTEX_POINT ( 'NONE', #2004 ) ;
#1837 = EDGE_CURVE ( 'NONE', #5709, #3226, #3368, .T. ) ;
#1838 = DIRECTION ( 'NONE',  ( 0.000000000000000000, 0.000000000000000000, 1.000000000000000000 ) ) ;
#1839 = DIRECTION ( 'NONE',  ( -0.000000000000000000, -0.000000000000000000, -1.000000000000000000 ) ) ;
#1840 = VECTOR ( 'NONE', #798, 1000.000000000000000 ) ;
#1841 = VERTEX_POINT ( 'NONE', #2845 ) ;
#1842 = CARTESIAN_POINT ( 'NONE',  ( 77.49000000000000909, 1.530808498934190091E-16, 2.000000000000000000 ) ) ;
#1843 = FACE_BOUND ( 'NONE', #5947, .T. ) ;
#1844 = ADVANCED_FACE ( 'NONE', ( #6455 ), #6536, .F. ) ;
#1845 = DIRECTION ( 'NONE',  ( -0.000000000000000000, -0.000000000000000000, -1.000000000000000000 ) ) ;
#1846 = CARTESIAN_POINT ( 'NONE',  ( -120.6299999999999955, 1.530808498934191571E-16, -0.2999999999999999889 ) ) ;
#1847 = AXIS2_PLACEMENT_3D ( 'NONE', #3820, #6259, #778 ) ;
#1848 = ORIENTED_EDGE ( 'NONE', *, *, #5168, .F. ) ;
#1849 = CARTESIAN_POINT ( 'NONE',  ( -144.7800000000000011, 0.000000000000000000, -0.2999999999999999889 ) ) ;
#1850 = EDGE_LOOP ( 'NONE', ( #3176, #94, #544, #3656 ) ) ;
#1851 = CARTESIAN_POINT ( 'NONE',  ( -6.370000000000004547, 0.000000000000000000, 2.000000000000000000 ) ) ;
#1852 = AXIS2_PLACEMENT_3D ( 'NONE', #4280, #7293, #1159 ) ;
#1853 = VERTEX_POINT ( 'NONE', #5295 ) ;
#1855 = DIRECTION ( 'NONE',  ( 0.000000000000000000, 0.000000000000000000, 1.000000000000000000 ) ) ;
#1854 = VECTOR ( 'NONE', #2672, 1000.000000000000000 ) ;
#1856 = DIRECTION ( 'NONE',  ( -1.000000000000000000, 0.000000000000000000, 0.000000000000000000 ) ) ;
#1857 = DIRECTION ( 'NONE',  ( 0.000000000000000000, 0.000000000000000000, 1.000000000000000000 ) ) ;
#1858 = ORIENTED_EDGE ( 'NONE', *, *, #6471, .T. ) ;
#1859 = ORIENTED_EDGE ( 'NONE', *, *, #7611, .F. ) ;
#1860 = CIRCLE ( 'NONE', #2890, 1.250000000000001110 ) ;
#1861 = ORIENTED_EDGE ( 'NONE', *, *, #3883, .T. ) ;
#1862 = FACE_BOUND ( 'NONE', #2702, .T. ) ;
#1863 = CARTESIAN_POINT ( 'NONE',  ( 181.5899999999999750, 0.000000000000000000, 2.000000000000000000 ) ) ;
#1864 = VERTEX_POINT ( 'NONE', #3366 ) ;
#1866 = EDGE_CURVE ( 'NONE', #6753, #4951, #3447, .T. ) ;
#1865 = LINE ( 'NONE', #4919, #1178 ) ;
#1867 = AXIS2_PLACEMENT_3D ( 'NONE', #2578, #824, #3257 ) ;
#1868 = DIRECTION ( 'NONE',  ( 1.000000000000000000, 0.000000000000000000, 0.000000000000000000 ) ) ;
#1869 = ORIENTED_EDGE ( 'NONE', *, *, #6966, .T. ) ;
#1870 = ORIENTED_EDGE ( 'NONE', *, *, #2193, .T. ) ;
#1871 = CIRCLE ( 'NONE', #7502, 1.250000000000001110 ) ;
#1872 = CYLINDRICAL_SURFACE ( 'NONE', #2617, 1.250000000000001110 ) ;
#1873 = ORIENTED_EDGE ( 'NONE', *, *, #476, .F. ) ;
#1874 = EDGE_CURVE ( 'NONE', #900, #3590, #3508, .T. ) ;
#1875 = CARTESIAN_POINT ( 'NONE',  ( 69.82999999999998408, 0.000000000000000000, -0.2999999999999999889 ) ) ;
#1876 = FACE_OUTER_BOUND ( 'NONE', #4527, .T. ) ;
#1877 = CIRCLE ( 'NONE', #5975, 1.249999999999973355 ) ;
#1878 = EDGE_LOOP ( 'NONE', ( #5660, #7036 ) ) ;
#1879 = EDGE_CURVE ( 'NONE', #5892, #803, #2477, .T. ) ;
#1880 = CIRCLE ( 'NONE', #7515, 1.250000000000001110 ) ;
#1881 = CARTESIAN_POINT ( 'NONE',  ( -88.90000000000000568, 0.000000000000000000, 0.000000000000000000 ) ) ;
#1882 = CARTESIAN_POINT ( 'NONE',  ( 62.25000000000000000, 1.530808498934191571E-16, -0.2999999999999999889 ) ) ;
#1883 = CARTESIAN_POINT ( 'NONE',  ( -90.15000000000000568, 1.530808498934190091E-16, 0.000000000000000000 ) ) ;
#1884 = DIRECTION ( 'NONE',  ( 0.000000000000000000, 0.000000000000000000, 1.000000000000000000 ) ) ;
#1885 = VECTOR ( 'NONE', #2301, 1000.000000000000000 ) ;
#1886 = ORIENTED_EDGE ( 'NONE', *, *, #4570, .T. ) ;
#1887 = DIRECTION ( 'NONE',  ( -0.000000000000000000, -0.000000000000000000, -1.000000000000000000 ) ) ;
#1888 = EDGE_CURVE ( 'NONE', #5173, #5630, #3486, .T. ) ;
#1889 = VERTEX_POINT ( 'NONE', #5816 ) ;
#1890 = DIRECTION ( 'NONE',  ( -0.000000000000000000, -0.000000000000000000, -1.000000000000000000 ) ) ;
#1891 = CIRCLE ( 'NONE', #750, 1.250000000000001110 ) ;
#1892 = FACE_BOUND ( 'NONE', #3204, .T. ) ;
#1893 = CYLINDRICAL_SURFACE ( 'NONE', #3291, 1.250000000000001110 ) ;
#1894 = CARTESIAN_POINT ( 'NONE',  ( -222.2300000000000182, 1.530808498934191571E-16, -0.2999999999999999889 ) ) ;
#1895 = DIRECTION ( 'NONE',  ( -0.000000000000000000, -0.000000000000000000, -1.000000000000000000 ) ) ;
#1896 = ORIENTED_EDGE ( 'NONE', *, *, #7146, .T. ) ;
#1897 = ORIENTED_EDGE ( 'NONE', *, *, #1285, .T. ) ;
#1898 = CIRCLE ( 'NONE', #3178, 1.250000000000001110 ) ;
#1899 = ADVANCED_FACE ( 'NONE', ( #3321 ), #7139, .F. ) ;
#1900 = ORIENTED_EDGE ( 'NONE', *, *, #1196, .F. ) ;
#1901 = FACE_BOUND ( 'NONE', #761, .T. ) ;
#1902 = CYLINDRICAL_SURFACE ( 'NONE', #7242, 1.249999999999973355 ) ;
#1903 = ORIENTED_EDGE ( 'NONE', *, *, #5154, .F. ) ;
#1904 = FACE_OUTER_BOUND ( 'NONE', #4071, .T. ) ;
#1905 = DIRECTION ( 'NONE',  ( 0.000000000000000000, 0.000000000000000000, 1.000000000000000000 ) ) ;
#1906 = AXIS2_PLACEMENT_3D ( 'NONE', #532, #5932, #452 ) ;
#1907 = CARTESIAN_POINT ( 'NONE',  ( -68.58000000000001251, 0.000000000000000000, 0.000000000000000000 ) ) ;
#1908 = ORIENTED_EDGE ( 'NONE', *, *, #2088, .T. ) ;
#1909 = EDGE_LOOP ( 'NONE', ( #2630, #5631 ) ) ;
#1910 = FACE_OUTER_BOUND ( 'NONE', #5889, .T. ) ;
#1911 = VERTEX_POINT ( 'NONE', #1012 ) ;
#1912 = ADVANCED_FACE ( 'NONE', ( #5859 ), #1646, .F. ) ;
#1913 = FACE_OUTER_BOUND ( 'NONE', #4266, .T. ) ;
#1914 = VECTOR ( 'NONE', #6992, 1000.000000000000000 ) ;
#1915 = CYLINDRICAL_SURFACE ( 'NONE', #7619, 1.250000000000001110 ) ;
#1916 = ORIENTED_EDGE ( 'NONE', *, *, #7486, .F. ) ;
#1917 = EDGE_CURVE ( 'NONE', #2052, #4032, #2735, .T. ) ;
#1918 = ADVANCED_FACE ( 'NONE', ( #1483 ), #4567, .F. ) ;
#1919 = VECTOR ( 'NONE', #4861, 1000.000000000000000 ) ;
#1920 = CARTESIAN_POINT ( 'NONE',  ( 107.9700000000000273, 1.530808498934190091E-16, 2.000000000000000000 ) ) ;
#1921 = DIRECTION ( 'NONE',  ( 0.000000000000000000, 0.000000000000000000, 1.000000000000000000 ) ) ;
#1922 = CARTESIAN_POINT ( 'NONE',  ( 8.870000000000004547, 0.000000000000000000, -0.2999999999999999889 ) ) ;
#1923 = AXIS2_PLACEMENT_3D ( 'NONE', #734, #6299, #2567 ) ;
#1924 = AXIS2_PLACEMENT_3D ( 'NONE', #7788, #5261, #336 ) ;
#1925 = VERTEX_POINT ( 'NONE', #2084 ) ;
#1926 = EDGE_CURVE ( 'NONE', #5259, #5726, #956, .T. ) ;
#1927 = CARTESIAN_POINT ( 'NONE',  ( 114.3000000000000114, 0.000000000000000000, 0.000000000000000000 ) ) ;
#1928 = EDGE_LOOP ( 'NONE', ( #5396, #769 ) ) ;
#1929 = DIRECTION ( 'NONE',  ( 0.000000000000000000, 0.000000000000000000, 1.000000000000000000 ) ) ;
#1930 = FACE_BOUND ( 'NONE', #5000, .T. ) ;
#1931 = DIRECTION ( 'NONE',  ( 0.000000000000000000, 0.000000000000000000, 1.000000000000000000 ) ) ;
#1932 = DIRECTION ( 'NONE',  ( 0.000000000000000000, 0.000000000000000000, 1.000000000000000000 ) ) ;
#1933 = EDGE_CURVE ( 'NONE', #2787, #7492, #6454, .T. ) ;
#1934 = CARTESIAN_POINT ( 'NONE',  ( -133.3700000000000045, 0.000000000000000000, 0.000000000000000000 ) ) ;
#1935 = ORIENTED_EDGE ( 'NONE', *, *, #4298, .T. ) ;
#1936 = VECTOR ( 'NONE', #4935, 1000.000000000000000 ) ;
#1937 = AXIS2_PLACEMENT_3D ( 'NONE', #3217, #3903, #3945 ) ;
#1938 = ORIENTED_EDGE ( 'NONE', *, *, #6924, .F. ) ;
#1939 = EDGE_LOOP ( 'NONE', ( #5143, #6213, #593, #7594 ) ) ;
#1940 = FACE_BOUND ( 'NONE', #641, .T. ) ;
#1941 = DIRECTION ( 'NONE',  ( 0.000000000000000000, 0.000000000000000000, 1.000000000000000000 ) ) ;
#1942 = EDGE_LOOP ( 'NONE', ( #7321, #5046 ) ) ;
#1943 = DIRECTION ( 'NONE',  ( -1.000000000000000000, 0.000000000000000000, 0.000000000000000000 ) ) ;
#1944 = DIRECTION ( 'NONE',  ( 0.000000000000000000, 0.000000000000000000, 1.000000000000000000 ) ) ;
#1945 = FACE_OUTER_BOUND ( 'NONE', #5946, .T. ) ;
#1946 = ADVANCED_FACE ( 'NONE', ( #2164 ), #7052, .F. ) ;
#1947 = CIRCLE ( 'NONE', #5147, 1.250000000000001110 ) ;
#1948 = ORIENTED_EDGE ( 'NONE', *, *, #6406, .F. ) ;
#1949 = AXIS2_PLACEMENT_3D ( 'NONE', #5355, #2785, #7073 ) ;
#1950 = ORIENTED_EDGE ( 'NONE', *, *, #3401, .F. ) ;
#1951 = DIRECTION ( 'NONE',  ( 1.000000000000000000, 0.000000000000000000, -0.000000000000000000 ) ) ;
#1952 = CARTESIAN_POINT ( 'NONE',  ( -245.1299999999999955, 0.000000000000000000, -0.2999999999999999889 ) ) ;
#1953 = EDGE_LOOP ( 'NONE', ( #1976, #7744, #1261, #7558 ) ) ;
#1954 = AXIS2_PLACEMENT_3D ( 'NONE', #2456, #1183, #6142 ) ;
#1955 = DIRECTION ( 'NONE',  ( 1.000000000000000000, 0.000000000000000000, 0.000000000000000000 ) ) ;
#1956 = CARTESIAN_POINT ( 'NONE',  ( -200.6599999999999966, 0.000000000000000000, 2.000000000000000000 ) ) ;
#1957 = ORIENTED_EDGE ( 'NONE', *, *, #5452, .T. ) ;
#1958 = VECTOR ( 'NONE', #462, 1000.000000000000000 ) ;
#1959 = CARTESIAN_POINT ( 'NONE',  ( 114.3000000000000114, 0.000000000000000000, 0.000000000000000000 ) ) ;
#1960 = CARTESIAN_POINT ( 'NONE',  ( 119.3799999999999955, 0.000000000000000000, 2.000000000000000000 ) ) ;
#1961 = CARTESIAN_POINT ( 'NONE',  ( 219.7300000000000182, 1.530808498934190091E-16, 0.000000000000000000 ) ) ;
#1962 = EDGE_CURVE ( 'NONE', #7889, #6986, #7103, .T. ) ;
#1963 = EDGE_LOOP ( 'NONE', ( #6319, #4873, #5027, #2021 ) ) ;
#1964 = VECTOR ( 'NONE', #1784, 1000.000000000000000 ) ;
#1965 = CYLINDRICAL_SURFACE ( 'NONE', #3460, 1.250000000000001110 ) ;
#1966 = ORIENTED_EDGE ( 'NONE', *, *, #2881, .F. ) ;
#1967 = DIRECTION ( 'NONE',  ( 0.000000000000000000, 0.000000000000000000, 1.000000000000000000 ) ) ;
#1968 = DIRECTION ( 'NONE',  ( 1.000000000000000000, 0.000000000000000000, 0.000000000000000000 ) ) ;
#1969 = DIRECTION ( 'NONE',  ( -1.000000000000000000, 0.000000000000000000, 0.000000000000000000 ) ) ;
#1970 = CARTESIAN_POINT ( 'NONE',  ( 63.50000000000000000, 0.000000000000000000, 2.000000000000000000 ) ) ;
#1971 = ADVANCED_FACE ( 'NONE', ( #885 ), #5775, .F. ) ;
#1972 = VECTOR ( 'NONE', #6898, 1000.000000000000000 ) ;
#1973 = CARTESIAN_POINT ( 'NONE',  ( 130.7900000000000205, 0.000000000000000000, -0.2999999999999999889 ) ) ;
#1974 = ORIENTED_EDGE ( 'NONE', *, *, #6133, .T. ) ;
#1975 = ORIENTED_EDGE ( 'NONE', *, *, #3747, .T. ) ;
#1976 = ORIENTED_EDGE ( 'NONE', *, *, #2147, .F. ) ;
#1977 = CARTESIAN_POINT ( 'NONE',  ( -2.540000000000020464, 0.000000000000000000, -0.2999999999999999889 ) ) ;
#1978 = CIRCLE ( 'NONE', #6082, 1.250000000000001110 ) ;
#1979 = EDGE_CURVE ( 'NONE', #3100, #6552, #1604, .T. ) ;
#1980 = AXIS2_PLACEMENT_3D ( 'NONE', #1801, #6651, #2925 ) ;
#1981 = CARTESIAN_POINT ( 'NONE',  ( -102.8900000000000148, 0.000000000000000000, -0.2999999999999999889 ) ) ;
#1982 = ORIENTED_EDGE ( 'NONE', *, *, #611, .F. ) ;
#1983 = CARTESIAN_POINT ( 'NONE',  ( -215.9000000000000057, 0.000000000000000000, -0.2999999999999999889 ) ) ;
#1984 = AXIS2_PLACEMENT_3D ( 'NONE', #3880, #2634, #1354 ) ;
#1985 = DIRECTION ( 'NONE',  ( -0.000000000000000000, -0.000000000000000000, -1.000000000000000000 ) ) ;
#1986 = FACE_OUTER_BOUND ( 'NONE', #2919, .T. ) ;
#1987 = AXIS2_PLACEMENT_3D ( 'NONE', #671, #6828, #3824 ) ;
#1988 = VERTEX_POINT ( 'NONE', #6692 ) ;
#1989 = EDGE_LOOP ( 'NONE', ( #3572, #2249, #1160, #6671 ) ) ;
#1990 = DESIGN_CONTEXT ( 'detailed design', #3488, 'design' ) ;
#1991 = CARTESIAN_POINT ( 'NONE',  ( -63.50000000000000000, 0.000000000000000000, 2.000000000000000000 ) ) ;
#1992 = ADVANCED_FACE ( 'NONE', ( #1206 ), #3568, .F. ) ;
#1993 = LINE ( 'NONE', #795, #6721 ) ;
#1994 = AXIS2_PLACEMENT_3D ( 'NONE', #3056, #1142, #2980 ) ;
#1995 = VERTEX_POINT ( 'NONE', #7783 ) ;
#1996 = CARTESIAN_POINT ( 'NONE',  ( -144.7800000000000011, 0.000000000000000000, 0.000000000000000000 ) ) ;
#1997 = CYLINDRICAL_SURFACE ( 'NONE', #1984, 1.250000000000001110 ) ;
#1998 = ORIENTED_EDGE ( 'NONE', *, *, #2088, .F. ) ;
#1999 = CIRCLE ( 'NONE', #603, 1.250000000000001110 ) ;
#2000 = VERTEX_POINT ( 'NONE', #1164 ) ;
#2001 = DIRECTION ( 'NONE',  ( -1.000000000000000000, 0.000000000000000000, 0.000000000000000000 ) ) ;
#2002 = AXIS2_PLACEMENT_3D ( 'NONE', #3201, #3650, #5653 ) ;
#2003 = CARTESIAN_POINT ( 'NONE',  ( 264.1600000000000250, -3.000000000000000000, 0.000000000000000000 ) ) ;
#2004 = CARTESIAN_POINT ( 'NONE',  ( 133.3700000000000045, 1.530808498934190091E-16, 0.000000000000000000 ) ) ;
#2005 = ORIENTED_EDGE ( 'NONE', *, *, #6151, .F. ) ;
#2006 = AXIS2_PLACEMENT_3D ( 'NONE', #4771, #5931, #1125 ) ;
#2007 = CARTESIAN_POINT ( 'NONE',  ( 125.7099999999999937, 0.000000000000000000, -0.2999999999999999889 ) ) ;
#2008 = ORIENTED_EDGE ( 'NONE', *, *, #2873, .F. ) ;
#2009 = CARTESIAN_POINT ( 'NONE',  ( 236.2200000000000273, 0.000000000000000000, -0.2999999999999999889 ) ) ;
#2010 = FACE_BOUND ( 'NONE', #2142, .T. ) ;
#2011 = LINE ( 'NONE', #7506, #4719 ) ;
#2012 = DIRECTION ( 'NONE',  ( 1.000000000000000000, 0.000000000000000000, 0.000000000000000000 ) ) ;
#2013 = CARTESIAN_POINT ( 'NONE',  ( 78.74000000000000909, 0.000000000000000000, 0.000000000000000000 ) ) ;
#2014 = ORIENTED_EDGE ( 'NONE', *, *, #3643, .T. ) ;
#2015 = EDGE_LOOP ( 'NONE', ( #4165, #5777 ) ) ;
#2016 = ADVANCED_FACE ( 'NONE', ( #491 ), #3683, .F. ) ;
#2017 = EDGE_CURVE ( 'NONE', #7446, #454, #5053, .T. ) ;
#2018 = DIRECTION ( 'NONE',  ( -1.000000000000000000, 0.000000000000000000, 0.000000000000000000 ) ) ;
#2019 = CIRCLE ( 'NONE', #7015, 1.250000000000001110 ) ;
#2020 = CYLINDRICAL_SURFACE ( 'NONE', #1346, 1.250000000000001110 ) ;
#2021 = ORIENTED_EDGE ( 'NONE', *, *, #4149, .T. ) ;
#2022 = CARTESIAN_POINT ( 'NONE',  ( 154.9399999999999977, 0.000000000000000000, 0.000000000000000000 ) ) ;
#2023 = CARTESIAN_POINT ( 'NONE',  ( -204.4900000000000091, 0.000000000000000000, -0.2999999999999999889 ) ) ;
#2024 = DIRECTION ( 'NONE',  ( 0.000000000000000000, 0.000000000000000000, 1.000000000000000000 ) ) ;
#2025 = AXIS2_PLACEMENT_3D ( 'NONE', #1054, #577, #3495 ) ;
#2026 = ADVANCED_FACE ( 'NONE', ( #2965 ), #607, .F. ) ;
#2027 = ORIENTED_EDGE ( 'NONE', *, *, #627, .F. ) ;
#2028 = ORIENTED_EDGE ( 'NONE', *, *, #48, .F. ) ;
#2029 = CARTESIAN_POINT ( 'NONE',  ( 48.25999999999999091, 0.000000000000000000, -0.2999999999999999889 ) ) ;
#2030 = DIRECTION ( 'NONE',  ( 0.000000000000000000, 0.000000000000000000, 1.000000000000000000 ) ) ;
#2031 = ORIENTED_EDGE ( 'NONE', *, *, #5432, .F. ) ;
#2032 = FACE_OUTER_BOUND ( 'NONE', #5348, .T. ) ;
#2033 = LINE ( 'NONE', #1434, #2618 ) ;
#2034 = LINE ( 'NONE', #2196, #2251 ) ;
#2035 = EDGE_CURVE ( 'NONE', #6700, #441, #569, .T. ) ;
#2036 = ORIENTED_EDGE ( 'NONE', *, *, #2757, .F. ) ;
#2037 = EDGE_LOOP ( 'NONE', ( #4637, #1067 ) ) ;
#2038 = CARTESIAN_POINT ( 'NONE',  ( -53.34000000000000341, 0.000000000000000000, 0.000000000000000000 ) ) ;
#2039 = LINE ( 'NONE', #6496, #6511 ) ;
#2040 = CARTESIAN_POINT ( 'NONE',  ( 181.5899999999999750, 0.000000000000000000, -0.2999999999999999889 ) ) ;
#2041 = EDGE_CURVE ( 'NONE', #3462, #7016, #5697, .T. ) ;
#2042 = AXIS2_PLACEMENT_3D ( 'NONE', #6622, #4181, #2296 ) ;
#2043 = EDGE_LOOP ( 'NONE', ( #1267, #558 ) ) ;
#2044 = LINE ( 'NONE', #3284, #1408 ) ;
#2045 = ORIENTED_EDGE ( 'NONE', *, *, #47, .T. ) ;
#2046 = CARTESIAN_POINT ( 'NONE',  ( 231.1399999999999864, 0.000000000000000000, 2.000000000000000000 ) ) ;
#2047 = FACE_BOUND ( 'NONE', #5207, .T. ) ;
#2048 = CYLINDRICAL_SURFACE ( 'NONE', #7787, 1.249999999999973355 ) ;
#2049 = AXIS2_PLACEMENT_3D ( 'NONE', #4941, #6739, #6776 ) ;
#2050 = CARTESIAN_POINT ( 'NONE',  ( -129.5399999999999920, 0.000000000000000000, -0.2999999999999999889 ) ) ;
#2051 = CARTESIAN_POINT ( 'NONE',  ( 39.35000000000002274, 0.000000000000000000, 0.000000000000000000 ) ) ;
#2052 = VERTEX_POINT ( 'NONE', #7296 ) ;
#2053 = ORIENTED_EDGE ( 'NONE', *, *, #2603, .T. ) ;
#2054 = AXIS2_PLACEMENT_3D ( 'NONE', #3011, #5501, #2407 ) ;
#2055 = AXIS2_PLACEMENT_3D ( 'NONE', #5117, #2668, #1387 ) ;
#2056 = FACE_OUTER_BOUND ( 'NONE', #6163, .T. ) ;
#2057 = CARTESIAN_POINT ( 'NONE',  ( 88.89999999999997726, 0.000000000000000000, 0.000000000000000000 ) ) ;
#2058 = ORIENTED_EDGE ( 'NONE', *, *, #2910, .F. ) ;
#2059 = CARTESIAN_POINT ( 'NONE',  ( 12.69999999999998863, 0.000000000000000000, -0.2999999999999999889 ) ) ;
#2060 = DIRECTION ( 'NONE',  ( 1.000000000000000000, 0.000000000000000000, 0.000000000000000000 ) ) ;
#2061 = DIRECTION ( 'NONE',  ( 0.000000000000000000, 0.000000000000000000, 1.000000000000000000 ) ) ;
#2062 = AXIS2_PLACEMENT_3D ( 'NONE', #7691, #5324, #402 ) ;
#2063 = AXIS2_PLACEMENT_3D ( 'NONE', #6035, #1034, #1590 ) ;
#2064 = EDGE_CURVE ( 'NONE', #5081, #5927, #7106, .T. ) ;
#2065 = ORIENTED_EDGE ( 'NONE', *, *, #7729, .F. ) ;
#2066 = ORIENTED_EDGE ( 'NONE', *, *, #6994, .T. ) ;
#2067 = EDGE_CURVE ( 'NONE', #3003, #2495, #1472, .T. ) ;
#2068 = EDGE_LOOP ( 'NONE', ( #354, #5846 ) ) ;
#2069 = DIRECTION ( 'NONE',  ( -0.000000000000000000, -0.000000000000000000, -1.000000000000000000 ) ) ;
#2070 = AXIS2_PLACEMENT_3D ( 'NONE', #4685, #2876, #5406 ) ;
#2071 = CYLINDRICAL_SURFACE ( 'NONE', #1601, 1.250000000000001110 ) ;
#2072 = ORIENTED_EDGE ( 'NONE', *, *, #1695, .F. ) ;
#2073 = CARTESIAN_POINT ( 'NONE',  ( -251.4600000000000080, 0.000000000000000000, 0.000000000000000000 ) ) ;
#2074 = CARTESIAN_POINT ( 'NONE',  ( -205.7400000000000091, 0.000000000000000000, 2.000000000000000000 ) ) ;
#2075 = CARTESIAN_POINT ( 'NONE',  ( -90.15000000000000568, 1.530808498934191571E-16, -0.2999999999999999889 ) ) ;
#2076 = EDGE_CURVE ( 'NONE', #455, #7844, #5458, .T. ) ;
#2077 = VERTEX_POINT ( 'NONE', #1242 ) ;
#2078 = AXIS2_PLACEMENT_3D ( 'NONE', #4366, #1361, #244 ) ;
#2079 = EDGE_LOOP ( 'NONE', ( #1537, #7355 ) ) ;
#2080 = ADVANCED_FACE ( 'NONE', ( #2403 ), #6125, .F. ) ;
#2081 = CIRCLE ( 'NONE', #2716, 1.250000000000001110 ) ;
#2082 = CARTESIAN_POINT ( 'NONE',  ( 59.67000000000002302, 0.000000000000000000, -0.2999999999999999889 ) ) ;
#2083 = CARTESIAN_POINT ( 'NONE',  ( 73.66000000000002501, 0.000000000000000000, -0.2999999999999999889 ) ) ;
#2084 = CARTESIAN_POINT ( 'NONE',  ( -143.5300000000000011, 0.000000000000000000, 2.000000000000000000 ) ) ;
#2085 = ORIENTED_EDGE ( 'NONE', *, *, #169, .F. ) ;
#2086 = FACE_OUTER_BOUND ( 'NONE', #7494, .T. ) ;
#2087 = ORIENTED_EDGE ( 'NONE', *, *, #110, .T. ) ;
#2088 = EDGE_CURVE ( 'NONE', #5567, #4744, #6085, .T. ) ;
#2089 = DIRECTION ( 'NONE',  ( 1.000000000000000000, 0.000000000000000000, 0.000000000000000000 ) ) ;
#2090 = FACE_BOUND ( 'NONE', #3322, .T. ) ;
#2091 = VECTOR ( 'NONE', #6544, 1000.000000000000000 ) ;
#2092 = DIRECTION ( 'NONE',  ( 0.000000000000000000, 0.000000000000000000, 1.000000000000000000 ) ) ;
#2093 = DIRECTION ( 'NONE',  ( 0.000000000000000000, 0.000000000000000000, 1.000000000000000000 ) ) ;
#2094 = DIRECTION ( 'NONE',  ( -0.000000000000000000, -0.000000000000000000, -1.000000000000000000 ) ) ;
#2095 = ORIENTED_EDGE ( 'NONE', *, *, #3576, .F. ) ;
#2096 = ORIENTED_EDGE ( 'NONE', *, *, #5106, .T. ) ;
#2097 = CARTESIAN_POINT ( 'NONE',  ( 97.81000000000000227, 1.530808498934190091E-16, 0.000000000000000000 ) ) ;
#2098 = DIRECTION ( 'NONE',  ( 1.000000000000000000, 0.000000000000000000, 0.000000000000000000 ) ) ;
#2099 = VECTOR ( 'NONE', #4339, 1000.000000000000000 ) ;
#2100 = ORIENTED_EDGE ( 'NONE', *, *, #1089, .F. ) ;
#2101 = CARTESIAN_POINT ( 'NONE',  ( 214.6499999999999773, 1.530808498934190091E-16, 2.000000000000000000 ) ) ;
#2102 = CARTESIAN_POINT ( 'NONE',  ( 160.0199999999999818, 0.000000000000000000, 2.000000000000000000 ) ) ;
#2103 = CARTESIAN_POINT ( 'NONE',  ( 222.2300000000000182, 0.000000000000000000, -0.2999999999999999889 ) ) ;
#2104 = EDGE_LOOP ( 'NONE', ( #4356, #7005 ) ) ;
#2105 = ORIENTED_EDGE ( 'NONE', *, *, #5373, .F. ) ;
#2106 = CIRCLE ( 'NONE', #580, 1.250000000000001110 ) ;
#2107 = ORIENTED_EDGE ( 'NONE', *, *, #1094, .T. ) ;
#2108 = CARTESIAN_POINT ( 'NONE',  ( 240.0500000000000114, 1.530808498934191571E-16, -0.2999999999999999889 ) ) ;
#2109 = CARTESIAN_POINT ( 'NONE',  ( -88.90000000000000568, 0.000000000000000000, -0.2999999999999999889 ) ) ;
#2110 = EDGE_CURVE ( 'NONE', #7856, #1059, #645, .T. ) ;
#2111 = ORIENTED_EDGE ( 'NONE', *, *, #2221, .F. ) ;
#2112 = DIRECTION ( 'NONE',  ( 1.000000000000000000, 0.000000000000000000, 0.000000000000000000 ) ) ;
#2113 = CIRCLE ( 'NONE', #5189, 1.250000000000000222 ) ;
#2114 = DIRECTION ( 'NONE',  ( -0.000000000000000000, -0.000000000000000000, -1.000000000000000000 ) ) ;
#2115 = DIRECTION ( 'NONE',  ( 0.000000000000000000, 0.000000000000000000, 1.000000000000000000 ) ) ;
#2116 = ORIENTED_EDGE ( 'NONE', *, *, #1348, .F. ) ;
#2117 = CIRCLE ( 'NONE', #6725, 1.250000000000001110 ) ;
#2118 = ADVANCED_FACE ( 'NONE', ( #7177 ), #2364, .F. ) ;
#2119 = EDGE_CURVE ( 'NONE', #2153, #2783, #7820, .T. ) ;
#2120 = ORIENTED_EDGE ( 'NONE', *, *, #2631, .F. ) ;
#2121 = CARTESIAN_POINT ( 'NONE',  ( 204.4900000000000091, 1.530808498934190091E-16, 0.000000000000000000 ) ) ;
#2122 = FACE_OUTER_BOUND ( 'NONE', #4684, .T. ) ;
#2123 = DIRECTION ( 'NONE',  ( -0.000000000000000000, -0.000000000000000000, -1.000000000000000000 ) ) ;
#2124 = CIRCLE ( 'NONE', #86, 1.250000000000001110 ) ;
#2125 = ORIENTED_EDGE ( 'NONE', *, *, #2720, .F. ) ;
#2126 = EDGE_CURVE ( 'NONE', #4727, #455, #7256, .T. ) ;
#2127 = VERTEX_POINT ( 'NONE', #4168 ) ;
#2128 = FACE_OUTER_BOUND ( 'NONE', #3500, .T. ) ;
#2129 = EDGE_LOOP ( 'NONE', ( #4717, #3679 ) ) ;
#2130 = AXIS2_PLACEMENT_3D ( 'NONE', #2211, #1489, #891 ) ;
#2131 = DIRECTION ( 'NONE',  ( 0.000000000000000000, 0.000000000000000000, 1.000000000000000000 ) ) ;
#2132 = FACE_BOUND ( 'NONE', #162, .T. ) ;
#2133 = DIRECTION ( 'NONE',  ( 1.000000000000000000, 0.000000000000000000, 0.000000000000000000 ) ) ;
#2134 = CARTESIAN_POINT ( 'NONE',  ( 69.82999999999998408, 0.000000000000000000, 2.000000000000000000 ) ) ;
#2135 = CARTESIAN_POINT ( 'NONE',  ( 179.0899999999999750, 1.530808498934190091E-16, 0.000000000000000000 ) ) ;
#2136 = CIRCLE ( 'NONE', #4434, 1.250000000000001110 ) ;
#2137 = EDGE_CURVE ( 'NONE', #438, #3499, #2487, .T. ) ;
#2138 = ORIENTED_EDGE ( 'NONE', *, *, #3784, .F. ) ;
#2139 = ORIENTED_EDGE ( 'NONE', *, *, #5209, .T. ) ;
#2140 = CYLINDRICAL_SURFACE ( 'NONE', #27, 1.250000000000001110 ) ;
#2141 = DIRECTION ( 'NONE',  ( 1.000000000000000000, 0.000000000000000000, 0.000000000000000000 ) ) ;
#2142 = EDGE_LOOP ( 'NONE', ( #3079, #4157 ) ) ;
#2143 = CARTESIAN_POINT ( 'NONE',  ( -171.4300000000000068, 1.530808498934190091E-16, 0.000000000000000000 ) ) ;
#2144 = CARTESIAN_POINT ( 'NONE',  ( 26.68999999999999773, 1.530808498934190091E-16, 0.000000000000000000 ) ) ;
#2145 = LINE ( 'NONE', #227, #1400 ) ;
#2146 = ORIENTED_EDGE ( 'NONE', *, *, #7386, .T. ) ;
#2147 = EDGE_CURVE ( 'NONE', #7399, #4883, #7530, .T. ) ;
#2148 = ORIENTED_EDGE ( 'NONE', *, *, #6685, .F. ) ;
#2149 = AXIS2_PLACEMENT_3D ( 'NONE', #1662, #2865, #2697 ) ;
#2150 = VERTEX_POINT ( 'NONE', #6162 ) ;
#2151 = CARTESIAN_POINT ( 'NONE',  ( 33.01999999999998181, 0.000000000000000000, 2.000000000000000000 ) ) ;
#2152 = DIRECTION ( 'NONE',  ( 0.000000000000000000, 0.000000000000000000, 1.000000000000000000 ) ) ;
#2153 = VERTEX_POINT ( 'NONE', #4399 ) ;
#2154 = DIRECTION ( 'NONE',  ( 1.000000000000000000, 0.000000000000000000, 0.000000000000000000 ) ) ;
#2155 = AXIS2_PLACEMENT_3D ( 'NONE', #1530, #7586, #4705 ) ;
#2156 = DIRECTION ( 'NONE',  ( 0.000000000000000000, 0.000000000000000000, 1.000000000000000000 ) ) ;
#2157 = CARTESIAN_POINT ( 'NONE',  ( -49.50999999999999091, 1.530808498934191571E-16, -0.2999999999999999889 ) ) ;
#2158 = ORIENTED_EDGE ( 'NONE', *, *, #1010, .F. ) ;
#2159 = CIRCLE ( 'NONE', #4212, 1.250000000000001110 ) ;
#2160 = CARTESIAN_POINT ( 'NONE',  ( -139.6999999999999886, 0.000000000000000000, 0.000000000000000000 ) ) ;
#2161 = ORIENTED_EDGE ( 'NONE', *, *, #313, .T. ) ;
#2162 = DIRECTION ( 'NONE',  ( 0.000000000000000000, 0.000000000000000000, 1.000000000000000000 ) ) ;
#2163 = DIRECTION ( 'NONE',  ( 0.000000000000000000, 0.000000000000000000, 1.000000000000000000 ) ) ;
#2164 = FACE_OUTER_BOUND ( 'NONE', #4342, .T. ) ;
#2165 = AXIS2_PLACEMENT_3D ( 'NONE', #6535, #3485, #7295 ) ;
#2166 = EDGE_LOOP ( 'NONE', ( #239, #2659, #7320, #6492 ) ) ;
#2167 = ADVANCED_FACE ( 'NONE', ( #6844 ), #1997, .F. ) ;
#2168 = VERTEX_POINT ( 'NONE', #839 ) ;
#2169 = ADVANCED_FACE ( 'NONE', ( #1876 ), #1915, .F. ) ;
#2170 = CARTESIAN_POINT ( 'NONE',  ( -3.790000000000020908, 1.530808498934191571E-16, -0.2999999999999999889 ) ) ;
#2171 = CARTESIAN_POINT ( 'NONE',  ( 165.1000000000000227, 0.000000000000000000, -0.2999999999999999889 ) ) ;
#2172 = FACE_BOUND ( 'NONE', #602, .T. ) ;
#2173 = CARTESIAN_POINT ( 'NONE',  ( -237.4700000000000273, 1.530808498934190091E-16, 2.000000000000000000 ) ) ;
#2174 = CARTESIAN_POINT ( 'NONE',  ( -256.5400000000000205, 0.000000000000000000, 0.000000000000000000 ) ) ;
#2175 = DIRECTION ( 'NONE',  ( 1.000000000000000000, 0.000000000000000000, 0.000000000000000000 ) ) ;
#2176 = CIRCLE ( 'NONE', #6396, 1.250000000000001110 ) ;
#2177 = ADVANCED_FACE ( 'NONE', ( #6202 ), #6885, .F. ) ;
#2178 = VERTEX_POINT ( 'NONE', #3118 ) ;
#2179 = ORIENTED_EDGE ( 'NONE', *, *, #2595, .F. ) ;
#2180 = SHAPE_DEFINITION_REPRESENTATION ( #7127, #5982 ) ;
#2181 = CARTESIAN_POINT ( 'NONE',  ( -251.4600000000000080, 0.000000000000000000, 2.000000000000000000 ) ) ;
#2182 = VERTEX_POINT ( 'NONE', #4477 ) ;
#2183 = EDGE_CURVE ( 'NONE', #4837, #3955, #4163, .T. ) ;
#2184 = CARTESIAN_POINT ( 'NONE',  ( 95.23000000000001819, 0.000000000000000000, 2.000000000000000000 ) ) ;
#2185 = CARTESIAN_POINT ( 'NONE',  ( 226.0600000000000023, 0.000000000000000000, 0.000000000000000000 ) ) ;
#2186 = EDGE_LOOP ( 'NONE', ( #708, #5165 ) ) ;
#2187 = AXIS2_PLACEMENT_3D ( 'NONE', #6540, #2250, #5863 ) ;
#2188 = VERTEX_POINT ( 'NONE', #3197 ) ;
#2189 = EDGE_LOOP ( 'NONE', ( #1425, #5918, #1422, #6761 ) ) ;
#2190 = FACE_BOUND ( 'NONE', #7601, .T. ) ;
#2191 = CARTESIAN_POINT ( 'NONE',  ( 196.8299999999999841, 0.000000000000000000, 0.000000000000000000 ) ) ;
#2192 = ORIENTED_EDGE ( 'NONE', *, *, #678, .F. ) ;
#2193 = EDGE_CURVE ( 'NONE', #4448, #6031, #4479, .T. ) ;
#2194 = FACE_OUTER_BOUND ( 'NONE', #3089, .T. ) ;
#2195 = DIRECTION ( 'NONE',  ( 1.000000000000000000, 0.000000000000000000, 0.000000000000000000 ) ) ;
#2196 = CARTESIAN_POINT ( 'NONE',  ( -240.0500000000000114, 0.000000000000000000, -0.2999999999999999889 ) ) ;
#2197 = VERTEX_POINT ( 'NONE', #5570 ) ;
#2198 = AXIS2_PLACEMENT_3D ( 'NONE', #6754, #3711, #636 ) ;
#2199 = CIRCLE ( 'NONE', #6291, 1.250000000000000000 ) ;
#2200 = CARTESIAN_POINT ( 'NONE',  ( 115.5500000000000114, 0.000000000000000000, 0.000000000000000000 ) ) ;
#2201 = EDGE_LOOP ( 'NONE', ( #7845, #2473 ) ) ;
#2202 = LINE ( 'NONE', #805, #4702 ) ;
#2203 = AXIS2_PLACEMENT_3D ( 'NONE', #2102, #3827, #5675 ) ;
#2204 = CARTESIAN_POINT ( 'NONE',  ( 256.5399999999999636, 0.000000000000000000, -0.2999999999999999889 ) ) ;
#2205 = CARTESIAN_POINT ( 'NONE',  ( -78.74000000000000909, 0.000000000000000000, 0.000000000000000000 ) ) ;
#2206 = EDGE_LOOP ( 'NONE', ( #5649, #1697 ) ) ;
#2207 = AXIS2_PLACEMENT_3D ( 'NONE', #4254, #6737, #6621 ) ;
#2208 = ORIENTED_EDGE ( 'NONE', *, *, #4513, .T. ) ;
#2209 = DIRECTION ( 'NONE',  ( -0.000000000000000000, -0.000000000000000000, -1.000000000000000000 ) ) ;
#2210 = CIRCLE ( 'NONE', #6165, 1.250000000000001110 ) ;
#2211 = CARTESIAN_POINT ( 'NONE',  ( -104.1400000000000148, 0.000000000000000000, -0.2999999999999999889 ) ) ;
#2212 = ADVANCED_FACE ( 'NONE', ( #5648 ), #84, .F. ) ;
#2213 = FACE_BOUND ( 'NONE', #28, .T. ) ;
#2214 = FACE_OUTER_BOUND ( 'NONE', #861, .T. ) ;
#2215 = DIRECTION ( 'NONE',  ( -1.000000000000000000, 0.000000000000000000, 0.000000000000000000 ) ) ;
#2216 = CARTESIAN_POINT ( 'NONE',  ( 251.4600000000000080, 0.000000000000000000, 2.000000000000000000 ) ) ;
#2217 = VERTEX_POINT ( 'NONE', #4966 ) ;
#2218 = ORIENTED_EDGE ( 'NONE', *, *, #7111, .F. ) ;
#2219 = COORDINATED_UNIVERSAL_TIME_OFFSET ( 8, 0, .AHEAD. ) ;
#2220 = CARTESIAN_POINT ( 'NONE',  ( -12.69999999999998863, 0.000000000000000000, 2.000000000000000000 ) ) ;
#2221 = EDGE_CURVE ( 'NONE', #3448, #3705, #5897, .T. ) ;
#2222 = ORIENTED_EDGE ( 'NONE', *, *, #3140, .F. ) ;
#2223 = CARTESIAN_POINT ( 'NONE',  ( 17.77999999999997272, 0.000000000000000000, 2.000000000000000000 ) ) ;
#2224 = DIRECTION ( 'NONE',  ( -0.000000000000000000, -0.000000000000000000, -1.000000000000000000 ) ) ;
#2225 = AXIS2_PLACEMENT_3D ( 'NONE', #6524, #149, #4920 ) ;
#2226 = ORIENTED_EDGE ( 'NONE', *, *, #4507, .F. ) ;
#2227 = EDGE_LOOP ( 'NONE', ( #7552, #6156, #5544, #3405 ) ) ;
#2228 = EDGE_CURVE ( 'NONE', #643, #1469, #5516, .T. ) ;
#2229 = EDGE_LOOP ( 'NONE', ( #1938, #4231 ) ) ;
#2230 = FACE_BOUND ( 'NONE', #2579, .T. ) ;
#2231 = AXIS2_PLACEMENT_3D ( 'NONE', #2458, #591, #7353 ) ;
#2232 = CYLINDRICAL_SURFACE ( 'NONE', #3391, 1.250000000000001110 ) ;
#2233 = ORIENTED_EDGE ( 'NONE', *, *, #2814, .F. ) ;
#2234 = CARTESIAN_POINT ( 'NONE',  ( 170.1800000000000068, 0.000000000000000000, 0.000000000000000000 ) ) ;
#2235 = DIRECTION ( 'NONE',  ( 1.000000000000000000, 0.000000000000000000, 0.000000000000000000 ) ) ;
#2236 = DIRECTION ( 'NONE',  ( 0.000000000000000000, 0.000000000000000000, 1.000000000000000000 ) ) ;
#2237 = AXIS2_PLACEMENT_3D ( 'NONE', #343, #7674, #7714 ) ;
#2238 = EDGE_LOOP ( 'NONE', ( #6584, #5983 ) ) ;
#2239 = EDGE_CURVE ( 'NONE', #2860, #6648, #2488, .T. ) ;
#2240 = CYLINDRICAL_SURFACE ( 'NONE', #4401, 1.250000000000001110 ) ;
#2241 = AXIS2_PLACEMENT_3D ( 'NONE', #679, #3717, #4845 ) ;
#2242 = ORIENTED_EDGE ( 'NONE', *, *, #6783, .T. ) ;
#2243 = AXIS2_PLACEMENT_3D ( 'NONE', #2074, #277, #7609 ) ;
#2244 = CARTESIAN_POINT ( 'NONE',  ( 205.7400000000000091, 0.000000000000000000, 2.000000000000000000 ) ) ;
#2245 = CARTESIAN_POINT ( 'NONE',  ( -219.7300000000000182, 0.000000000000000000, -0.2999999999999999889 ) ) ;
#2246 = DIRECTION ( 'NONE',  ( 0.000000000000000000, 0.000000000000000000, 1.000000000000000000 ) ) ;
#2247 = ORIENTED_EDGE ( 'NONE', *, *, #1101, .T. ) ;
#2248 = AXIS2_PLACEMENT_3D ( 'NONE', #4237, #7888, #1750 ) ;
#2249 = ORIENTED_EDGE ( 'NONE', *, *, #3388, .T. ) ;
#2250 = DIRECTION ( 'NONE',  ( 0.000000000000000000, 0.000000000000000000, 1.000000000000000000 ) ) ;
#2251 = VECTOR ( 'NONE', #4559, 1000.000000000000000 ) ;
#2252 = CARTESIAN_POINT ( 'NONE',  ( 99.06000000000000227, 0.000000000000000000, 0.000000000000000000 ) ) ;
#2253 = CIRCLE ( 'NONE', #4175, 1.250000000000001110 ) ;
#2254 = FACE_BOUND ( 'NONE', #1878, .T. ) ;
#2255 = CARTESIAN_POINT ( 'NONE',  ( -26.68999999999999773, 0.000000000000000000, -0.2999999999999999889 ) ) ;
#2256 = DIRECTION ( 'NONE',  ( -0.000000000000000000, -0.000000000000000000, -1.000000000000000000 ) ) ;
#2257 = ORIENTED_EDGE ( 'NONE', *, *, #772, .T. ) ;
#2258 = VECTOR ( 'NONE', #2131, 1000.000000000000000 ) ;
#2259 = VERTEX_POINT ( 'NONE', #3159 ) ;
#2260 = LINE ( 'NONE', #1460, #978 ) ;
#2261 = EDGE_CURVE ( 'NONE', #4734, #6509, #4411, .T. ) ;
#2262 = EDGE_LOOP ( 'NONE', ( #6644, #5770, #1208, #5105 ) ) ;
#2263 = DIRECTION ( 'NONE',  ( 1.000000000000000000, 0.000000000000000000, 0.000000000000000000 ) ) ;
#2264 = DIRECTION ( 'NONE',  ( 0.000000000000000000, 0.000000000000000000, 1.000000000000000000 ) ) ;
#2265 = AXIS2_PLACEMENT_3D ( 'NONE', #6207, #1247, #3689 ) ;
#2266 = EDGE_LOOP ( 'NONE', ( #3443, #5670, #2830, #5563 ) ) ;
#2267 = ADVANCED_FACE ( 'NONE', ( #157 ), #1276, .F. ) ;
#2268 = ORIENTED_EDGE ( 'NONE', *, *, #5469, .T. ) ;
#2269 = ADVANCED_FACE ( 'NONE', ( #4930 ), #2553, .F. ) ;
#2270 = EDGE_LOOP ( 'NONE', ( #7393, #4569, #4844, #6477 ) ) ;
#2271 = CARTESIAN_POINT ( 'NONE',  ( -43.18000000000000682, 0.000000000000000000, 2.000000000000000000 ) ) ;
#2272 = CIRCLE ( 'NONE', #7911, 1.250000000000001110 ) ;
#2273 = CARTESIAN_POINT ( 'NONE',  ( 54.58999999999998209, 0.000000000000000000, 0.000000000000000000 ) ) ;
#2274 = ORIENTED_EDGE ( 'NONE', *, *, #3449, .T. ) ;
#2275 = CARTESIAN_POINT ( 'NONE',  ( -234.9699999999999989, 0.000000000000000000, 2.000000000000000000 ) ) ;
#2276 = CARTESIAN_POINT ( 'NONE',  ( -44.43000000000001393, 1.530808498934190091E-16, 2.000000000000000000 ) ) ;
#2277 = CARTESIAN_POINT ( 'NONE',  ( -242.5500000000000114, 1.530808498934190091E-16, 2.000000000000000000 ) ) ;
#2278 = ORIENTED_EDGE ( 'NONE', *, *, #7729, .T. ) ;
#2279 = DIRECTION ( 'NONE',  ( -1.000000000000000000, 0.000000000000000000, 0.000000000000000000 ) ) ;
#2280 = CIRCLE ( 'NONE', #877, 1.250000000000001110 ) ;
#2281 = ORIENTED_EDGE ( 'NONE', *, *, #5754, .F. ) ;
#2282 = CARTESIAN_POINT ( 'NONE',  ( -219.7300000000000182, 0.000000000000000000, 0.000000000000000000 ) ) ;
#2283 = EDGE_CURVE ( 'NONE', #2987, #882, #3316, .T. ) ;
#2284 = CARTESIAN_POINT ( 'NONE',  ( 63.50000000000000000, 0.000000000000000000, 2.000000000000000000 ) ) ;
#2285 = DIRECTION ( 'NONE',  ( 0.000000000000000000, 0.000000000000000000, 1.000000000000000000 ) ) ;
#2286 = ORIENTED_EDGE ( 'NONE', *, *, #188, .F. ) ;
#2287 = AXIS2_PLACEMENT_3D ( 'NONE', #2204, #411, #330 ) ;
#2288 = ORIENTED_EDGE ( 'NONE', *, *, #3140, .T. ) ;
#2289 = DIRECTION ( 'NONE',  ( 0.000000000000000000, 0.000000000000000000, 1.000000000000000000 ) ) ;
#2290 = CARTESIAN_POINT ( 'NONE',  ( 232.3899999999999864, 0.000000000000000000, 0.000000000000000000 ) ) ;
#2291 = CIRCLE ( 'NONE', #3828, 1.250000000000001110 ) ;
#2292 = DIRECTION ( 'NONE',  ( 1.000000000000000000, 0.000000000000000000, 0.000000000000000000 ) ) ;
#2293 = EDGE_CURVE ( 'NONE', #3274, #2486, #2034, .T. ) ;
#2294 = DIRECTION ( 'NONE',  ( 1.000000000000000000, 0.000000000000000000, 0.000000000000000000 ) ) ;
#2295 = CARTESIAN_POINT ( 'NONE',  ( 109.2200000000000273, 0.000000000000000000, -0.2999999999999999889 ) ) ;
#2296 = DIRECTION ( 'NONE',  ( -1.000000000000000000, 0.000000000000000000, 0.000000000000000000 ) ) ;
#2297 = ORIENTED_EDGE ( 'NONE', *, *, #3281, .F. ) ;
#2298 = EDGE_LOOP ( 'NONE', ( #2297, #4506, #5296, #4074 ) ) ;
#2299 = DIRECTION ( 'NONE',  ( 0.000000000000000000, 0.000000000000000000, 1.000000000000000000 ) ) ;
#2300 = EDGE_LOOP ( 'NONE', ( #7804, #1948 ) ) ;
#2301 = DIRECTION ( 'NONE',  ( 0.000000000000000000, 0.000000000000000000, 1.000000000000000000 ) ) ;
#2302 = CARTESIAN_POINT ( 'NONE',  ( 22.86000000000001720, 0.000000000000000000, -0.2999999999999999889 ) ) ;
#2303 = ORIENTED_EDGE ( 'NONE', *, *, #7431, .T. ) ;
#2304 = VERTEX_POINT ( 'NONE', #6487 ) ;
#2305 = ORIENTED_EDGE ( 'NONE', *, *, #1837, .T. ) ;
#2306 = AXIS2_PLACEMENT_3D ( 'NONE', #3675, #5600, #6755 ) ;
#2307 = FACE_BOUND ( 'NONE', #76, .T. ) ;
#2308 = DIRECTION ( 'NONE',  ( 1.000000000000000000, 0.000000000000000000, 0.000000000000000000 ) ) ;
#2309 = VERTEX_POINT ( 'NONE', #3921 ) ;
#2311 = EDGE_CURVE ( 'NONE', #492, #6879, #3358, .T. ) ;
#2310 = DIRECTION ( 'NONE',  ( 1.000000000000000000, 0.000000000000000000, 0.000000000000000000 ) ) ;
#2312 = CARTESIAN_POINT ( 'NONE',  ( 100.3100000000000165, 0.000000000000000000, 2.000000000000000000 ) ) ;
#2313 = AXIS2_PLACEMENT_3D ( 'NONE', #209, #810, #3892 ) ;
#2314 = ORIENTED_EDGE ( 'NONE', *, *, #6036, .F. ) ;
#2315 = AXIS2_PLACEMENT_3D ( 'NONE', #7607, #7527, #3962 ) ;
#2316 = VECTOR ( 'NONE', #7057, 1000.000000000000000 ) ;
#2317 = CARTESIAN_POINT ( 'NONE',  ( 241.3000000000000114, 0.000000000000000000, -0.2999999999999999889 ) ) ;
#2318 = ORIENTED_EDGE ( 'NONE', *, *, #516, .T. ) ;
#2319 = DIRECTION ( 'NONE',  ( 1.000000000000000000, 0.000000000000000000, 0.000000000000000000 ) ) ;
#2320 = ADVANCED_FACE ( 'NONE', ( #2756 ), #4045, .F. ) ;
#2321 = DIRECTION ( 'NONE',  ( 1.000000000000000000, 0.000000000000000000, 0.000000000000000000 ) ) ;
#2322 = CARTESIAN_POINT ( 'NONE',  ( -31.77000000000000668, 0.000000000000000000, -0.2999999999999999889 ) ) ;
#2323 = PRODUCT_DEFINITION_FORMATION_WITH_SPECIFIED_SOURCE ( '�', '', #415, .NOT_KNOWN. ) ;
#2324 = AXIS2_PLACEMENT_3D ( 'NONE', #5475, #624, #3057 ) ;
#2325 = EDGE_LOOP ( 'NONE', ( #4245, #7084, #6640, #3965 ) ) ;
#2326 = EDGE_LOOP ( 'NONE', ( #1873, #1789 ) ) ;
#2327 = FACE_OUTER_BOUND ( 'NONE', #4977, .T. ) ;
#2328 = EDGE_CURVE ( 'NONE', #5840, #3349, #1477, .T. ) ;
#2329 = CIRCLE ( 'NONE', #7065, 1.250000000000001110 ) ;
#2330 = CYLINDRICAL_SURFACE ( 'NONE', #6616, 1.250000000000001110 ) ;
#2331 = FACE_BOUND ( 'NONE', #6306, .T. ) ;
#2332 = CARTESIAN_POINT ( 'NONE',  ( -129.5399999999999920, 0.000000000000000000, 0.000000000000000000 ) ) ;
#2333 = CARTESIAN_POINT ( 'NONE',  ( -148.6100000000000136, 0.000000000000000000, -0.2999999999999999889 ) ) ;
#2334 = DIRECTION ( 'NONE',  ( -1.000000000000000000, 0.000000000000000000, 0.000000000000000000 ) ) ;
#2335 = AXIS2_PLACEMENT_3D ( 'NONE', #5952, #7682, #1663 ) ;
#2336 = EDGE_LOOP ( 'NONE', ( #1966, #1508 ) ) ;
#2337 = CARTESIAN_POINT ( 'NONE',  ( -7.620000000000004547, 0.000000000000000000, -0.2999999999999999889 ) ) ;
#2338 = EDGE_CURVE ( 'NONE', #5441, #4560, #7046, .T. ) ;
#2339 = VERTEX_POINT ( 'NONE', #1557 ) ;
#2340 = PERSON_AND_ORGANIZATION ( #5423, #5405 ) ;
#2341 = LINE ( 'NONE', #7314, #847 ) ;
#2342 = DIRECTION ( 'NONE',  ( -1.000000000000000000, 0.000000000000000000, 0.000000000000000000 ) ) ;
#2343 = CARTESIAN_POINT ( 'NONE',  ( -115.5500000000000114, 1.530808498934190091E-16, 2.000000000000000000 ) ) ;
#2344 = CARTESIAN_POINT ( 'NONE',  ( -48.25999999999999091, 0.000000000000000000, 0.000000000000000000 ) ) ;
#2345 = VERTEX_POINT ( 'NONE', #1003 ) ;
#2346 = ORIENTED_EDGE ( 'NONE', *, *, #1424, .F. ) ;
#2347 = AXIS2_PLACEMENT_3D ( 'NONE', #5304, #7024, #1022 ) ;
#2348 = ORIENTED_EDGE ( 'NONE', *, *, #1678, .T. ) ;
#2349 = FACE_BOUND ( 'NONE', #6916, .T. ) ;
#2350 = DIRECTION ( 'NONE',  ( 0.000000000000000000, 0.000000000000000000, 1.000000000000000000 ) ) ;
#2351 = ORIENTED_EDGE ( 'NONE', *, *, #2595, .T. ) ;
#2352 = AXIS2_PLACEMENT_3D ( 'NONE', #5216, #1047, #5172 ) ;
#2353 = DIRECTION ( 'NONE',  ( 1.000000000000000000, 0.000000000000000000, 0.000000000000000000 ) ) ;
#2354 = CARTESIAN_POINT ( 'NONE',  ( -104.1400000000000148, 0.000000000000000000, 2.000000000000000000 ) ) ;
#2355 = ORIENTED_EDGE ( 'NONE', *, *, #7431, .F. ) ;
#2356 = AXIS2_PLACEMENT_3D ( 'NONE', #25, #1184, #100 ) ;
#2357 = ADVANCED_FACE ( 'NONE', ( #5206 ), #5888, .F. ) ;
#2358 = DIRECTION ( 'NONE',  ( 1.000000000000000000, 0.000000000000000000, 0.000000000000000000 ) ) ;
#2359 = ORIENTED_EDGE ( 'NONE', *, *, #4562, .T. ) ;
#2360 = CARTESIAN_POINT ( 'NONE',  ( -260.3700000000000614, 0.000000000000000000, 2.000000000000000000 ) ) ;
#2361 = CIRCLE ( 'NONE', #464, 1.250000000000000222 ) ;
#2362 = ADVANCED_FACE ( 'NONE', ( #238 ), #5288, .F. ) ;
#2363 = DIRECTION ( 'NONE',  ( 0.000000000000000000, 0.000000000000000000, 1.000000000000000000 ) ) ;
#2364 = CYLINDRICAL_SURFACE ( 'NONE', #6330, 1.250000000000001110 ) ;
#2365 = EDGE_LOOP ( 'NONE', ( #1466, #4463, #2690, #5861 ) ) ;
#2366 = EDGE_CURVE ( 'NONE', #5851, #1186, #1637, .T. ) ;
#2367 = ADVANCED_FACE ( 'NONE', ( #3273 ), #879, .F. ) ;
#2368 = DIRECTION ( 'NONE',  ( 0.000000000000000000, 0.000000000000000000, 1.000000000000000000 ) ) ;
#2369 = DIRECTION ( 'NONE',  ( 0.000000000000000000, 0.000000000000000000, 1.000000000000000000 ) ) ;
#2370 = FACE_BOUND ( 'NONE', #6518, .T. ) ;
#2371 = DIRECTION ( 'NONE',  ( 0.000000000000000000, 0.000000000000000000, 1.000000000000000000 ) ) ;
#2372 = CYLINDRICAL_SURFACE ( 'NONE', #1060, 1.250000000000001110 ) ;
#2373 = LINE ( 'NONE', #6060, #4606 ) ;
#2374 = AXIS2_PLACEMENT_3D ( 'NONE', #6264, #182, #1415 ) ;
#2375 = EDGE_CURVE ( 'NONE', #5687, #7470, #5813, .T. ) ;
#2376 = ORIENTED_EDGE ( 'NONE', *, *, #3784, .T. ) ;
#2377 = DIRECTION ( 'NONE',  ( 0.000000000000000000, 0.000000000000000000, 1.000000000000000000 ) ) ;
#2378 = ORIENTED_EDGE ( 'NONE', *, *, #5462, .F. ) ;
#2379 = DIRECTION ( 'NONE',  ( -0.000000000000000000, -0.000000000000000000, -1.000000000000000000 ) ) ;
#2380 = CARTESIAN_POINT ( 'NONE',  ( 2.540000000000020464, 0.000000000000000000, 0.000000000000000000 ) ) ;
#2381 = DIRECTION ( 'NONE',  ( 0.000000000000000000, 0.000000000000000000, 1.000000000000000000 ) ) ;
#2382 = CARTESIAN_POINT ( 'NONE',  ( 251.4600000000000080, 0.000000000000000000, -0.2999999999999999889 ) ) ;
#2383 = EDGE_CURVE ( 'NONE', #2875, #6519, #3513, .T. ) ;
#2384 = VERTEX_POINT ( 'NONE', #962 ) ;
#2385 = AXIS2_PLACEMENT_3D ( 'NONE', #3855, #1255, #3093 ) ;
#2386 = ORIENTED_EDGE ( 'NONE', *, *, #1736, .F. ) ;
#2387 = EDGE_LOOP ( 'NONE', ( #7290, #2705, #122, #2281 ) ) ;
#2388 = DIRECTION ( 'NONE',  ( -0.000000000000000000, 0.000000000000000000, -1.000000000000000000 ) ) ;
#2389 = DIRECTION ( 'NONE',  ( 0.000000000000000000, 0.000000000000000000, 1.000000000000000000 ) ) ;
#2390 = CIRCLE ( 'NONE', #6227, 1.250000000000001110 ) ;
#2391 = EDGE_LOOP ( 'NONE', ( #5445, #301 ) ) ;
#2392 = CARTESIAN_POINT ( 'NONE',  ( -180.3400000000000034, 0.000000000000000000, 2.000000000000000000 ) ) ;
#2393 = CARTESIAN_POINT ( 'NONE',  ( -68.58000000000001251, 0.000000000000000000, 2.000000000000000000 ) ) ;
#2394 = EDGE_CURVE ( 'NONE', #995, #3381, #3964, .T. ) ;
#2395 = ADVANCED_FACE ( 'NONE', ( #7610 ), #7569, .F. ) ;
#2396 = ORIENTED_EDGE ( 'NONE', *, *, #4764, .F. ) ;
#2397 = AXIS2_PLACEMENT_3D ( 'NONE', #7416, #2557, #5009 ) ;
#2398 = CARTESIAN_POINT ( 'NONE',  ( -158.7700000000000102, 0.000000000000000000, 0.000000000000000000 ) ) ;
#2399 = ORIENTED_EDGE ( 'NONE', *, *, #6938, .T. ) ;
#2400 = CARTESIAN_POINT ( 'NONE',  ( 130.7900000000000205, 0.000000000000000000, 0.000000000000000000 ) ) ;
#2401 = CIRCLE ( 'NONE', #737, 1.250000000000001110 ) ;
#2402 = CYLINDRICAL_SURFACE ( 'NONE', #2165, 1.250000000000001110 ) ;
#2403 = FACE_OUTER_BOUND ( 'NONE', #2166, .T. ) ;
#2404 = ORIENTED_EDGE ( 'NONE', *, *, #6447, .T. ) ;
#2405 = LINE ( 'NONE', #6799, #781 ) ;
#2406 = DIRECTION ( 'NONE',  ( 0.000000000000000000, 0.000000000000000000, 1.000000000000000000 ) ) ;
#2407 = DIRECTION ( 'NONE',  ( -1.000000000000000000, 0.000000000000000000, 0.000000000000000000 ) ) ;
#2408 = CYLINDRICAL_SURFACE ( 'NONE', #7794, 1.250000000000001110 ) ;
#2409 = DIRECTION ( 'NONE',  ( 0.000000000000000000, 0.000000000000000000, 1.000000000000000000 ) ) ;
#2410 = EDGE_CURVE ( 'NONE', #6459, #692, #4020, .T. ) ;
#2412 = CIRCLE ( 'NONE', #5494, 1.250000000000001110 ) ;
#2411 = CARTESIAN_POINT ( 'NONE',  ( -236.2200000000000273, 0.000000000000000000, 2.000000000000000000 ) ) ;
#2413 = EDGE_CURVE ( 'NONE', #4065, #5251, #574, .T. ) ;
#2414 = EDGE_LOOP ( 'NONE', ( #2777, #1302, #6585, #5555 ) ) ;
#2415 = DIRECTION ( 'NONE',  ( 1.000000000000000000, 0.000000000000000000, 0.000000000000000000 ) ) ;
#2416 = ORIENTED_EDGE ( 'NONE', *, *, #29, .F. ) ;
#2417 = FACE_OUTER_BOUND ( 'NONE', #5871, .T. ) ;
#2418 = ORIENTED_EDGE ( 'NONE', *, *, #4459, .F. ) ;
#2419 = CARTESIAN_POINT ( 'NONE',  ( -17.78000000000000114, 0.000000000000000000, -0.2999999999999999889 ) ) ;
#2420 = CARTESIAN_POINT ( 'NONE',  ( -115.5500000000000114, 1.530808498934191571E-16, -0.2999999999999999889 ) ) ;
#2421 = EDGE_CURVE ( 'NONE', #454, #7446, #451, .T. ) ;
#2422 = CARTESIAN_POINT ( 'NONE',  ( -171.4300000000000068, 1.530808498934191571E-16, -0.2999999999999999889 ) ) ;
#2423 = ORIENTED_EDGE ( 'NONE', *, *, #2283, .F. ) ;
#2424 = ORIENTED_EDGE ( 'NONE', *, *, #6043, .T. ) ;
#2425 = ORIENTED_EDGE ( 'NONE', *, *, #1245, .T. ) ;
#2426 = FACE_BOUND ( 'NONE', #2238, .T. ) ;
#2427 = EDGE_CURVE ( 'NONE', #4862, #4233, #1461, .T. ) ;
#2428 = CARTESIAN_POINT ( 'NONE',  ( 7.620000000000004547, 0.000000000000000000, 0.000000000000000000 ) ) ;
#2429 = EDGE_LOOP ( 'NONE', ( #1647, #4501 ) ) ;
#2430 = DIRECTION ( 'NONE',  ( -0.000000000000000000, -0.000000000000000000, -1.000000000000000000 ) ) ;
#2431 = DIRECTION ( 'NONE',  ( 1.000000000000000000, 0.000000000000000000, 0.000000000000000000 ) ) ;
#2432 = AXIS2_PLACEMENT_3D ( 'NONE', #7909, #4785, #7869 ) ;
#2433 = ORIENTED_EDGE ( 'NONE', *, *, #2183, .T. ) ;
#2434 = EDGE_CURVE ( 'NONE', #6750, #4950, #2872, .T. ) ;
#2435 = DIRECTION ( 'NONE',  ( 1.000000000000000000, 0.000000000000000000, 0.000000000000000000 ) ) ;
#2436 = ORIENTED_EDGE ( 'NONE', *, *, #2910, .T. ) ;
#2437 = AXIS2_PLACEMENT_3D ( 'NONE', #7581, #6212, #6252 ) ;
#2438 = DIRECTION ( 'NONE',  ( 1.000000000000000000, 0.000000000000000000, 0.000000000000000000 ) ) ;
#2439 = DIRECTION ( 'NONE',  ( 0.000000000000000000, 0.000000000000000000, 1.000000000000000000 ) ) ;
#2440 = ORIENTED_EDGE ( 'NONE', *, *, #118, .T. ) ;
#2441 = AXIS2_PLACEMENT_3D ( 'NONE', #3573, #6014, #833 ) ;
#2442 = CARTESIAN_POINT ( 'NONE',  ( 87.64999999999997726, 1.530808498934191571E-16, -0.2999999999999999889 ) ) ;
#2443 = DIRECTION ( 'NONE',  ( 1.000000000000000000, 0.000000000000000000, 0.000000000000000000 ) ) ;
#2444 = AXIS2_PLACEMENT_3D ( 'NONE', #134, #7464, #1968 ) ;
#2445 = CARTESIAN_POINT ( 'NONE',  ( 62.25000000000000000, 1.530808498934190091E-16, 0.000000000000000000 ) ) ;
#2446 = APPROVAL_PERSON_ORGANIZATION ( #389, #5002, #4746 ) ;
#2447 = DIRECTION ( 'NONE',  ( -0.000000000000000000, -0.000000000000000000, -1.000000000000000000 ) ) ;
#2448 = VERTEX_POINT ( 'NONE', #1934 ) ;
#2449 = DIRECTION ( 'NONE',  ( -1.000000000000000000, 0.000000000000000000, 0.000000000000000000 ) ) ;
#2450 = ORIENTED_EDGE ( 'NONE', *, *, #6775, .F. ) ;
#2451 = AXIS2_PLACEMENT_3D ( 'NONE', #7247, #1671, #2310 ) ;
#2452 = ADVANCED_FACE ( 'NONE', ( #6107 ), #3099, .F. ) ;
#2453 = DIRECTION ( 'NONE',  ( -0.000000000000000000, -0.000000000000000000, -1.000000000000000000 ) ) ;
#2454 = DIRECTION ( 'NONE',  ( 1.000000000000000000, 0.000000000000000000, 0.000000000000000000 ) ) ;
#2455 = CYLINDRICAL_SURFACE ( 'NONE', #7521, 1.250000000000001110 ) ;
#2456 = CARTESIAN_POINT ( 'NONE',  ( -73.65999999999999659, 0.000000000000000000, 2.000000000000000000 ) ) ;
#2457 = CIRCLE ( 'NONE', #6937, 1.250000000000000000 ) ;
#2458 = CARTESIAN_POINT ( 'NONE',  ( 215.8999999999999773, 0.000000000000000000, 2.000000000000000000 ) ) ;
#2459 = ORIENTED_EDGE ( 'NONE', *, *, #5007, .T. ) ;
#2460 = ORIENTED_EDGE ( 'NONE', *, *, #693, .T. ) ;
#2461 = ORIENTED_EDGE ( 'NONE', *, *, #364, .T. ) ;
#2462 = EDGE_CURVE ( 'NONE', #5115, #6357, #7318, .T. ) ;
#2463 = FACE_BOUND ( 'NONE', #7626, .T. ) ;
#2464 = VECTOR ( 'NONE', #5314, 1000.000000000000000 ) ;
#2465 = DIRECTION ( 'NONE',  ( 0.000000000000000000, 0.000000000000000000, 1.000000000000000000 ) ) ;
#2466 = ORIENTED_EDGE ( 'NONE', *, *, #2857, .T. ) ;
#2467 = CARTESIAN_POINT ( 'NONE',  ( 52.08999999999997499, 1.530808498934190091E-16, 0.000000000000000000 ) ) ;
#2468 = CARTESIAN_POINT ( 'NONE',  ( -59.67000000000002302, 1.530808498934190091E-16, 2.000000000000000000 ) ) ;
#2469 = EDGE_CURVE ( 'NONE', #3274, #3392, #1591, .T. ) ;
#2470 = ORIENTED_EDGE ( 'NONE', *, *, #3016, .T. ) ;
#2471 = ORIENTED_EDGE ( 'NONE', *, *, #3977, .F. ) ;
#2472 = CARTESIAN_POINT ( 'NONE',  ( 200.6600000000000250, 0.000000000000000000, 0.000000000000000000 ) ) ;
#2473 = ORIENTED_EDGE ( 'NONE', *, *, #395, .F. ) ;
#2474 = DIRECTION ( 'NONE',  ( 0.000000000000000000, 0.000000000000000000, 1.000000000000000000 ) ) ;
#2475 = DIRECTION ( 'NONE',  ( 1.000000000000000000, 0.000000000000000000, 0.000000000000000000 ) ) ;
#2476 = EDGE_CURVE ( 'NONE', #5621, #5230, #1820, .T. ) ;
#2477 = CIRCLE ( 'NONE', #3119, 1.250000000000001110 ) ;
#2478 = EDGE_LOOP ( 'NONE', ( #5995, #2096, #1578, #7207 ) ) ;
#2479 = CARTESIAN_POINT ( 'NONE',  ( -88.90000000000000568, 0.000000000000000000, 2.000000000000000000 ) ) ;
#2480 = DIRECTION ( 'NONE',  ( 0.000000000000000000, 0.000000000000000000, 1.000000000000000000 ) ) ;
#2481 = FACE_OUTER_BOUND ( 'NONE', #6349, .T. ) ;
#2482 = DIRECTION ( 'NONE',  ( 0.000000000000000000, 0.000000000000000000, 1.000000000000000000 ) ) ;
#2483 = CIRCLE ( 'NONE', #5311, 1.250000000000000222 ) ;
#2484 = VERTEX_POINT ( 'NONE', #4379 ) ;
#2485 = DIRECTION ( 'NONE',  ( 0.000000000000000000, 0.000000000000000000, 1.000000000000000000 ) ) ;
#2486 = VERTEX_POINT ( 'NONE', #664 ) ;
#2487 = CIRCLE ( 'NONE', #4539, 1.250000000000001110 ) ;
#2488 = CIRCLE ( 'NONE', #6847, 1.250000000000001110 ) ;
#2489 = DIRECTION ( 'NONE',  ( 1.000000000000000000, 0.000000000000000000, 0.000000000000000000 ) ) ;
#2490 = CARTESIAN_POINT ( 'NONE',  ( 109.2200000000000273, 0.000000000000000000, 0.000000000000000000 ) ) ;
#2491 = CARTESIAN_POINT ( 'NONE',  ( -210.8199999999999932, 0.000000000000000000, -0.2999999999999999889 ) ) ;
#2492 = CYLINDRICAL_SURFACE ( 'NONE', #2858, 1.249999999999973355 ) ;
#2493 = CARTESIAN_POINT ( 'NONE',  ( 161.2700000000000102, 0.000000000000000000, 0.000000000000000000 ) ) ;
#2494 = VERTEX_POINT ( 'NONE', #4983 ) ;
#2495 = VERTEX_POINT ( 'NONE', #6784 ) ;
#2496 = AXIS2_PLACEMENT_3D ( 'NONE', #5958, #1828, #557 ) ;
#2497 = ORIENTED_EDGE ( 'NONE', *, *, #864, .T. ) ;
#2498 = FACE_BOUND ( 'NONE', #5125, .T. ) ;
#2499 = ADVANCED_FACE ( 'NONE', ( #4265 ), #3742, .F. ) ;
#2500 = DIRECTION ( 'NONE',  ( 0.000000000000000000, 0.000000000000000000, 1.000000000000000000 ) ) ;
#2501 = VERTEX_POINT ( 'NONE', #628 ) ;
#2502 = AXIS2_PLACEMENT_3D ( 'NONE', #7653, #4602, #5730 ) ;
#2503 = CARTESIAN_POINT ( 'NONE',  ( 212.0700000000000216, 0.000000000000000000, 0.000000000000000000 ) ) ;
#2504 = AXIS2_PLACEMENT_3D ( 'NONE', #2220, #5834, #2781 ) ;
#2505 = CARTESIAN_POINT ( 'NONE',  ( 236.2200000000000273, 0.000000000000000000, 0.000000000000000000 ) ) ;
#2506 = EDGE_CURVE ( 'NONE', #5088, #5075, #7352, .T. ) ;
#2507 = EDGE_CURVE ( 'NONE', #5433, #3219, #2995, .T. ) ;
#2508 = EDGE_LOOP ( 'NONE', ( #129, #4123 ) ) ;
#2509 = EDGE_LOOP ( 'NONE', ( #1908, #53, #1611, #6438 ) ) ;
#2510 = AXIS2_PLACEMENT_3D ( 'NONE', #2171, #4057, #933 ) ;
#2511 = DIRECTION ( 'NONE',  ( 0.000000000000000000, 0.000000000000000000, 1.000000000000000000 ) ) ;
#2512 = EDGE_LOOP ( 'NONE', ( #4323, #4847, #3509, #4481 ) ) ;
#2513 = DIRECTION ( 'NONE',  ( -1.000000000000000000, 0.000000000000000000, 0.000000000000000000 ) ) ;
#2514 = DIRECTION ( 'NONE',  ( 0.000000000000000000, 0.000000000000000000, 1.000000000000000000 ) ) ;
#2515 = EDGE_CURVE ( 'NONE', #6834, #4353, #62, .T. ) ;
#2516 = ORIENTED_EDGE ( 'NONE', *, *, #808, .T. ) ;
#2517 = VECTOR ( 'NONE', #5735, 1000.000000000000000 ) ;
#2518 = EDGE_CURVE ( 'NONE', #3412, #6717, #5515, .T. ) ;
#2519 = DIRECTION ( 'NONE',  ( 0.000000000000000000, 0.000000000000000000, 1.000000000000000000 ) ) ;
#2520 = CYLINDRICAL_SURFACE ( 'NONE', #7409, 1.250000000000001110 ) ;
#2521 = DIRECTION ( 'NONE',  ( 0.000000000000000000, 0.000000000000000000, 1.000000000000000000 ) ) ;
#2522 = AXIS2_PLACEMENT_3D ( 'NONE', #1293, #735, #7389 ) ;
#2523 = VERTEX_POINT ( 'NONE', #1295 ) ;
#2524 = DIRECTION ( 'NONE',  ( 0.000000000000000000, 0.000000000000000000, 1.000000000000000000 ) ) ;
#2525 = ORIENTED_EDGE ( 'NONE', *, *, #802, .F. ) ;
#2526 = EDGE_CURVE ( 'NONE', #333, #4560, #7090, .T. ) ;
#2527 = CARTESIAN_POINT ( 'NONE',  ( -85.06999999999999318, 1.530808498934190091E-16, 0.000000000000000000 ) ) ;
#2528 = CIRCLE ( 'NONE', #2155, 1.250000000000001110 ) ;
#2529 = CARTESIAN_POINT ( 'NONE',  ( 204.4900000000000091, 1.530808498934191571E-16, -0.2999999999999999889 ) ) ;
#2530 = DIRECTION ( 'NONE',  ( -1.000000000000000000, 0.000000000000000000, 0.000000000000000000 ) ) ;
#2531 = DIRECTION ( 'NONE',  ( 0.000000000000000000, 0.000000000000000000, 1.000000000000000000 ) ) ;
#2532 = DIRECTION ( 'NONE',  ( 1.000000000000000000, 0.000000000000000000, 0.000000000000000000 ) ) ;
#2533 = VERTEX_POINT ( 'NONE', #6747 ) ;
#2534 = VECTOR ( 'NONE', #2715, 1000.000000000000000 ) ;
#2535 = ORIENTED_EDGE ( 'NONE', *, *, #2518, .T. ) ;
#2536 = AXIS2_PLACEMENT_3D ( 'NONE', #5655, #766, #3125 ) ;
#2537 = VERTEX_POINT ( 'NONE', #2493 ) ;
#2538 = FACE_BOUND ( 'NONE', #4333, .T. ) ;
#2539 = DIRECTION ( 'NONE',  ( -0.000000000000000000, -0.000000000000000000, -1.000000000000000000 ) ) ;
#2540 = ORIENTED_EDGE ( 'NONE', *, *, #3994, .T. ) ;
#2541 = CARTESIAN_POINT ( 'NONE',  ( -184.1700000000000159, 0.000000000000000000, 2.000000000000000000 ) ) ;
#2542 = CARTESIAN_POINT ( 'NONE',  ( 220.9800000000000182, 0.000000000000000000, 0.000000000000000000 ) ) ;
#2543 = CYLINDRICAL_SURFACE ( 'NONE', #6576, 1.250000000000001110 ) ;
#2544 = AXIS2_PLACEMENT_3D ( 'NONE', #1956, #7491, #6282 ) ;
#2545 = ORIENTED_EDGE ( 'NONE', *, *, #3949, .T. ) ;
#2546 = ORIENTED_EDGE ( 'NONE', *, *, #253, .T. ) ;
#2547 = PLANE ( 'NONE',  #1413 ) ;
#2548 = CARTESIAN_POINT ( 'NONE',  ( 252.7099999999999795, 0.000000000000000000, 0.000000000000000000 ) ) ;
#2549 = EDGE_CURVE ( 'NONE', #692, #6459, #3762, .T. ) ;
#2550 = VERTEX_POINT ( 'NONE', #1260 ) ;
#2551 = LINE ( 'NONE', #4929, #5299 ) ;
#2552 = CIRCLE ( 'NONE', #2042, 1.250000000000001110 ) ;
#2553 = CYLINDRICAL_SURFACE ( 'NONE', #4593, 1.250000000000001110 ) ;
#2554 = VERTEX_POINT ( 'NONE', #3703 ) ;
#2555 = VECTOR ( 'NONE', #6814, 1000.000000000000000 ) ;
#2556 = EDGE_CURVE ( 'NONE', #871, #4827, #6583, .T. ) ;
#2557 = DIRECTION ( 'NONE',  ( 0.000000000000000000, 0.000000000000000000, 1.000000000000000000 ) ) ;
#2558 = CARTESIAN_POINT ( 'NONE',  ( 241.3000000000000114, 0.000000000000000000, -0.2999999999999999889 ) ) ;
#2559 = DIRECTION ( 'NONE',  ( -1.000000000000000000, 0.000000000000000000, 0.000000000000000000 ) ) ;
#2560 = AXIS2_PLACEMENT_3D ( 'NONE', #1487, #4055, #3934 ) ;
#2561 = EDGE_CURVE ( 'NONE', #3520, #853, #1039, .T. ) ;
#2562 = ORIENTED_EDGE ( 'NONE', *, *, #808, .F. ) ;
#2563 = CARTESIAN_POINT ( 'NONE',  ( -261.6200000000000045, 0.000000000000000000, -0.2999999999999999889 ) ) ;
#2564 = EDGE_LOOP ( 'NONE', ( #4538, #3270 ) ) ;
#2565 = CIRCLE ( 'NONE', #4365, 1.250000000000001110 ) ;
#2566 = CARTESIAN_POINT ( 'NONE',  ( 33.01999999999998181, 0.000000000000000000, -0.2999999999999999889 ) ) ;
#2567 = DIRECTION ( 'NONE',  ( -1.000000000000000000, 0.000000000000000000, 0.000000000000000000 ) ) ;
#2568 = DIRECTION ( 'NONE',  ( 0.000000000000000000, 0.000000000000000000, 1.000000000000000000 ) ) ;
#2569 = CARTESIAN_POINT ( 'NONE',  ( 82.56999999999999318, 1.530808498934191571E-16, -0.2999999999999999889 ) ) ;
#2570 = LINE ( 'NONE', #6303, #7741 ) ;
#2571 = ORIENTED_EDGE ( 'NONE', *, *, #728, .T. ) ;
#2572 = EDGE_CURVE ( 'NONE', #7433, #5376, #3122, .T. ) ;
#2573 = AXIS2_PLACEMENT_3D ( 'NONE', #4200, #1905, #7362 ) ;
#2574 = CIRCLE ( 'NONE', #1179, 1.250000000000001110 ) ;
#2575 = ORIENTED_EDGE ( 'NONE', *, *, #1303, .T. ) ;
#2576 = ORIENTED_EDGE ( 'NONE', *, *, #358, .F. ) ;
#2577 = DIRECTION ( 'NONE',  ( 1.000000000000000000, 0.000000000000000000, 0.000000000000000000 ) ) ;
#2578 = CARTESIAN_POINT ( 'NONE',  ( -180.3400000000000034, 0.000000000000000000, -0.2999999999999999889 ) ) ;
#2579 = EDGE_LOOP ( 'NONE', ( #353, #7218 ) ) ;
#2580 = DIRECTION ( 'NONE',  ( 1.000000000000000000, 0.000000000000000000, 0.000000000000000000 ) ) ;
#2581 = LINE ( 'NONE', #6267, #7847 ) ;
#2582 = CARTESIAN_POINT ( 'NONE',  ( -241.3000000000000114, 0.000000000000000000, -0.2999999999999999889 ) ) ;
#2583 = CIRCLE ( 'NONE', #555, 1.250000000000001110 ) ;
#2584 = ORIENTED_EDGE ( 'NONE', *, *, #1582, .F. ) ;
#2585 = AXIS2_PLACEMENT_3D ( 'NONE', #5637, #226, #4465 ) ;
#2586 = EDGE_LOOP ( 'NONE', ( #3258, #850, #2146, #5854 ) ) ;
#2587 = CARTESIAN_POINT ( 'NONE',  ( 53.33999999999997499, 0.000000000000000000, -0.2999999999999999889 ) ) ;
#2588 = CARTESIAN_POINT ( 'NONE',  ( 85.06999999999999318, 0.000000000000000000, 0.000000000000000000 ) ) ;
#2589 = VERTEX_POINT ( 'NONE', #2277 ) ;
#2590 = CARTESIAN_POINT ( 'NONE',  ( -200.6599999999999966, 0.000000000000000000, 2.000000000000000000 ) ) ;
#2591 = DIRECTION ( 'NONE',  ( 1.000000000000000000, 0.000000000000000000, 0.000000000000000000 ) ) ;
#2592 = ORIENTED_EDGE ( 'NONE', *, *, #6325, .F. ) ;
#2593 = EDGE_CURVE ( 'NONE', #5635, #929, #183, .T. ) ;
#2594 = AXIS2_PLACEMENT_3D ( 'NONE', #3289, #5060, #5747 ) ;
#2595 = EDGE_CURVE ( 'NONE', #3565, #5759, #6829, .T. ) ;
#2596 = ORIENTED_EDGE ( 'NONE', *, *, #3045, .F. ) ;
#2597 = DIRECTION ( 'NONE',  ( -1.000000000000000000, 0.000000000000000000, 0.000000000000000000 ) ) ;
#2598 = CIRCLE ( 'NONE', #6083, 1.249999999999973355 ) ;
#2599 = LINE ( 'NONE', #7417, #5238 ) ;
#2600 = VECTOR ( 'NONE', #6370, 1000.000000000000000 ) ;
#2601 = CYLINDRICAL_SURFACE ( 'NONE', #7587, 1.250000000000001110 ) ;
#2602 = EDGE_CURVE ( 'NONE', #912, #5919, #3379, .T. ) ;
#2603 = EDGE_CURVE ( 'NONE', #874, #2676, #3243, .T. ) ;
#2604 = EDGE_LOOP ( 'NONE', ( #235, #6934 ) ) ;
#2605 = AXIS2_PLACEMENT_3D ( 'NONE', #3314, #5769, #2673 ) ;
#2606 = CARTESIAN_POINT ( 'NONE',  ( 125.7099999999999937, 0.000000000000000000, 0.000000000000000000 ) ) ;
#2607 = ORIENTED_EDGE ( 'NONE', *, *, #728, .F. ) ;
#2608 = DIRECTION ( 'NONE',  ( 0.000000000000000000, 0.000000000000000000, 1.000000000000000000 ) ) ;
#2609 = CARTESIAN_POINT ( 'NONE',  ( -53.34000000000000341, 0.000000000000000000, 2.000000000000000000 ) ) ;
#2610 = EDGE_CURVE ( 'NONE', #5953, #5069, #897, .T. ) ;
#2611 = FACE_OUTER_BOUND ( 'NONE', #151, .T. ) ;
#2612 = CARTESIAN_POINT ( 'NONE',  ( 231.1399999999999864, 0.000000000000000000, -0.2999999999999999889 ) ) ;
#2613 = CIRCLE ( 'NONE', #6835, 1.250000000000001110 ) ;
#2614 = CARTESIAN_POINT ( 'NONE',  ( 250.2100000000000364, 1.530808498934191571E-16, -0.2999999999999999889 ) ) ;
#2615 = VERTEX_POINT ( 'NONE', #6822 ) ;
#2616 = ORIENTED_EDGE ( 'NONE', *, *, #5154, .T. ) ;
#2617 = AXIS2_PLACEMENT_3D ( 'NONE', #2317, #6606, #4318 ) ;
#2618 = VECTOR ( 'NONE', #7568, 1000.000000000000000 ) ;
#2619 = DIRECTION ( 'NONE',  ( -0.000000000000000000, -0.000000000000000000, -1.000000000000000000 ) ) ;
#2620 = ORIENTED_EDGE ( 'NONE', *, *, #1823, .T. ) ;
#2621 = ADVANCED_FACE ( 'NONE', ( #3941 ), #5102, .F. ) ;
#2622 = CYLINDRICAL_SURFACE ( 'NONE', #5085, 1.250000000000001110 ) ;
#2623 = DIRECTION ( 'NONE',  ( -0.000000000000000000, -0.000000000000000000, -1.000000000000000000 ) ) ;
#2624 = FACE_OUTER_BOUND ( 'NONE', #4023, .T. ) ;
#2625 = EDGE_LOOP ( 'NONE', ( #7410, #4985, #6393, #7520 ) ) ;
#2626 = EDGE_LOOP ( 'NONE', ( #3062, #732, #7241, #7501 ) ) ;
#2627 = CYLINDRICAL_SURFACE ( 'NONE', #2055, 1.250000000000001110 ) ;
#2628 = CYLINDRICAL_SURFACE ( 'NONE', #4405, 1.250000000000001110 ) ;
#2629 = CIRCLE ( 'NONE', #6214, 1.250000000000001110 ) ;
#2630 = ORIENTED_EDGE ( 'NONE', *, *, #6609, .F. ) ;
#2631 = EDGE_CURVE ( 'NONE', #4700, #7675, #5438, .T. ) ;
#2632 = CARTESIAN_POINT ( 'NONE',  ( 200.6600000000000250, 0.000000000000000000, 2.000000000000000000 ) ) ;
#2633 = CYLINDRICAL_SURFACE ( 'NONE', #6722, 1.250000000000001110 ) ;
#2634 = DIRECTION ( 'NONE',  ( 0.000000000000000000, 0.000000000000000000, 1.000000000000000000 ) ) ;
#2635 = VERTEX_POINT ( 'NONE', #1455 ) ;
#2636 = AXIS2_PLACEMENT_3D ( 'NONE', #813, #3247, #3170 ) ;
#2637 = ORIENTED_EDGE ( 'NONE', *, *, #376, .T. ) ;
#2638 = DIRECTION ( 'NONE',  ( -1.000000000000000000, 0.000000000000000000, 0.000000000000000000 ) ) ;
#2639 = DIRECTION ( 'NONE',  ( 0.000000000000000000, 0.000000000000000000, 1.000000000000000000 ) ) ;
#2640 = DIRECTION ( 'NONE',  ( 0.000000000000000000, 0.000000000000000000, 1.000000000000000000 ) ) ;
#2641 = ORIENTED_EDGE ( 'NONE', *, *, #2859, .T. ) ;
#2642 = AXIS2_PLACEMENT_3D ( 'NONE', #1680, #7818, #2319 ) ;
#2643 = CARTESIAN_POINT ( 'NONE',  ( -17.78000000000000114, 0.000000000000000000, 2.000000000000000000 ) ) ;
#2644 = ORIENTED_EDGE ( 'NONE', *, *, #2646, .T. ) ;
#2645 = CARTESIAN_POINT ( 'NONE',  ( 73.66000000000002501, 0.000000000000000000, 0.000000000000000000 ) ) ;
#2646 = EDGE_CURVE ( 'NONE', #1836, #7107, #2570, .T. ) ;
#2647 = DIRECTION ( 'NONE',  ( 0.000000000000000000, 0.000000000000000000, 1.000000000000000000 ) ) ;
#2648 = DIRECTION ( 'NONE',  ( 0.000000000000000000, 0.000000000000000000, 1.000000000000000000 ) ) ;
#2649 = DIRECTION ( 'NONE',  ( 1.000000000000000000, 0.000000000000000000, 0.000000000000000000 ) ) ;
#2650 = EDGE_CURVE ( 'NONE', #1298, #5879, #6219, .T. ) ;
#2651 = CIRCLE ( 'NONE', #2522, 1.250000000000001110 ) ;
#2652 = DIRECTION ( 'NONE',  ( 1.000000000000000000, 0.000000000000000000, 0.000000000000000000 ) ) ;
#2653 = ORIENTED_EDGE ( 'NONE', *, *, #4726, .T. ) ;
#2654 = EDGE_LOOP ( 'NONE', ( #2100, #6274 ) ) ;
#2655 = CARTESIAN_POINT ( 'NONE',  ( -41.93000000000000682, 0.000000000000000000, -0.2999999999999999889 ) ) ;
#2656 = CIRCLE ( 'NONE', #7281, 1.250000000000001110 ) ;
#2657 = CARTESIAN_POINT ( 'NONE',  ( -236.2200000000000273, 0.000000000000000000, 0.000000000000000000 ) ) ;
#2658 = EDGE_CURVE ( 'NONE', #401, #4769, #300, .T. ) ;
#2659 = ORIENTED_EDGE ( 'NONE', *, *, #2795, .T. ) ;
#2660 = CARTESIAN_POINT ( 'NONE',  ( 195.5799999999999841, 0.000000000000000000, 0.000000000000000000 ) ) ;
#2661 = DIRECTION ( 'NONE',  ( 0.000000000000000000, 0.000000000000000000, 1.000000000000000000 ) ) ;
#2662 = DIRECTION ( 'NONE',  ( 1.000000000000000000, 0.000000000000000000, 0.000000000000000000 ) ) ;
#2663 = EDGE_LOOP ( 'NONE', ( #2761, #1609 ) ) ;
#2664 = AXIS2_PLACEMENT_3D ( 'NONE', #3887, #6329, #4525 ) ;
#2665 = VERTEX_POINT ( 'NONE', #2689 ) ;
#2666 = ADVANCED_FACE ( 'NONE', ( #5142 ), #3175, .F. ) ;
#2667 = ORIENTED_EDGE ( 'NONE', *, *, #5841, .T. ) ;
#2668 = DIRECTION ( 'NONE',  ( 0.000000000000000000, 0.000000000000000000, 1.000000000000000000 ) ) ;
#2669 = CARTESIAN_POINT ( 'NONE',  ( 190.5000000000000000, 0.000000000000000000, 2.000000000000000000 ) ) ;
#2670 = ORIENTED_EDGE ( 'NONE', *, *, #4530, .T. ) ;
#2671 = CARTESIAN_POINT ( 'NONE',  ( 90.14999999999997726, 0.000000000000000000, 0.000000000000000000 ) ) ;
#2672 = DIRECTION ( 'NONE',  ( 0.000000000000000000, 0.000000000000000000, 1.000000000000000000 ) ) ;
#2673 = DIRECTION ( 'NONE',  ( 1.000000000000000000, 0.000000000000000000, 0.000000000000000000 ) ) ;
#2674 = ORIENTED_EDGE ( 'NONE', *, *, #4132, .F. ) ;
#2675 = EDGE_CURVE ( 'NONE', #102, #6344, #7590, .T. ) ;
#2676 = VERTEX_POINT ( 'NONE', #2135 ) ;
#2677 = CYLINDRICAL_SURFACE ( 'NONE', #4707, 1.250000000000001110 ) ;
#2678 = DIRECTION ( 'NONE',  ( 0.000000000000000000, 0.000000000000000000, 1.000000000000000000 ) ) ;
#2679 = LINE ( 'NONE', #3280, #7202 ) ;
#2680 = CIRCLE ( 'NONE', #7039, 1.250000000000001110 ) ;
#2681 = ORIENTED_EDGE ( 'NONE', *, *, #4629, .F. ) ;
#2682 = LINE ( 'NONE', #6294, #4876 ) ;
#2683 = EDGE_LOOP ( 'NONE', ( #5592, #6190 ) ) ;
#2684 = CARTESIAN_POINT ( 'NONE',  ( 262.8700000000000045, 0.000000000000000000, -0.2999999999999999889 ) ) ;
#2685 = FACE_BOUND ( 'NONE', #7914, .T. ) ;
#2686 = CARTESIAN_POINT ( 'NONE',  ( -67.33000000000001251, 0.000000000000000000, 2.000000000000000000 ) ) ;
#2687 = AXIS2_PLACEMENT_3D ( 'NONE', #3734, #1447, #4449 ) ;
#2688 = CARTESIAN_POINT ( 'NONE',  ( 246.3799999999999955, 0.000000000000000000, 2.000000000000000000 ) ) ;
#2689 = CARTESIAN_POINT ( 'NONE',  ( 242.5500000000000114, 0.000000000000000000, 0.000000000000000000 ) ) ;
#2690 = ORIENTED_EDGE ( 'NONE', *, *, #6127, .T. ) ;
#2691 = EDGE_CURVE ( 'NONE', #4835, #3610, #738, .T. ) ;
#2692 = ORIENTED_EDGE ( 'NONE', *, *, #3504, .F. ) ;
#2693 = AXIS2_PLACEMENT_3D ( 'NONE', #7561, #6275, #6440 ) ;
#2694 = COORDINATED_UNIVERSAL_TIME_OFFSET ( 8, 0, .AHEAD. ) ;
#2695 = DIRECTION ( 'NONE',  ( 0.000000000000000000, 0.000000000000000000, 1.000000000000000000 ) ) ;
#2696 = VERTEX_POINT ( 'NONE', #177 ) ;
#2697 = DIRECTION ( 'NONE',  ( 1.000000000000000000, 0.000000000000000000, 0.000000000000000000 ) ) ;
#2698 = CARTESIAN_POINT ( 'NONE',  ( 179.0899999999999750, 1.530808498934190091E-16, 2.000000000000000000 ) ) ;
#2699 = CARTESIAN_POINT ( 'NONE',  ( 113.0500000000000114, 1.530808498934190091E-16, 0.000000000000000000 ) ) ;
#2700 = AXIS2_PLACEMENT_3D ( 'NONE', #6116, #6192, #1233 ) ;
#2701 = AXIS2_PLACEMENT_3D ( 'NONE', #5956, #6597, #6559 ) ;
#2702 = EDGE_LOOP ( 'NONE', ( #1362, #7805 ) ) ;
#2703 = ORIENTED_EDGE ( 'NONE', *, *, #1926, .T. ) ;
#2704 = EDGE_CURVE ( 'NONE', #6344, #4926, #3898, .T. ) ;
#2705 = ORIENTED_EDGE ( 'NONE', *, *, #5352, .T. ) ;
#2706 = DIRECTION ( 'NONE',  ( 0.000000000000000000, 0.000000000000000000, 1.000000000000000000 ) ) ;
#2707 = VECTOR ( 'NONE', #6589, 1000.000000000000000 ) ;
#2708 = CARTESIAN_POINT ( 'NONE',  ( 82.56999999999999318, 1.530808498934190091E-16, 2.000000000000000000 ) ) ;
#2709 = ORIENTED_EDGE ( 'NONE', *, *, #4140, .T. ) ;
#2710 = ADVANCED_FACE ( 'NONE', ( #4417 ), #6903, .F. ) ;
#2711 = DIRECTION ( 'NONE',  ( 1.000000000000000000, 0.000000000000000000, 0.000000000000000000 ) ) ;
#2712 = EDGE_CURVE ( 'NONE', #78, #5760, #4671, .T. ) ;
#2713 = DIRECTION ( 'NONE',  ( 0.000000000000000000, 0.000000000000000000, 1.000000000000000000 ) ) ;
#2714 = VECTOR ( 'NONE', #1322, 1000.000000000000000 ) ;
#2715 = DIRECTION ( 'NONE',  ( 0.000000000000000000, 0.000000000000000000, 1.000000000000000000 ) ) ;
#2716 = AXIS2_PLACEMENT_3D ( 'NONE', #3909, #4427, #6991 ) ;
#2717 = ORIENTED_EDGE ( 'NONE', *, *, #4976, .T. ) ;
#2718 = ORIENTED_EDGE ( 'NONE', *, *, #904, .T. ) ;
#2719 = LINE ( 'NONE', #5169, #484 ) ;
#2720 = EDGE_CURVE ( 'NONE', #2217, #6882, #5688, .T. ) ;
#2721 = DIRECTION ( 'NONE',  ( 0.000000000000000000, 0.000000000000000000, 1.000000000000000000 ) ) ;
#2722 = DIRECTION ( 'NONE',  ( -1.000000000000000000, 0.000000000000000000, 0.000000000000000000 ) ) ;
#2723 = VERTEX_POINT ( 'NONE', #818 ) ;
#2724 = AXIS2_PLACEMENT_3D ( 'NONE', #5785, #1575, #2215 ) ;
#2725 = VERTEX_POINT ( 'NONE', #3252 ) ;
#2726 = CARTESIAN_POINT ( 'NONE',  ( 214.6499999999999773, 1.530808498934190091E-16, 0.000000000000000000 ) ) ;
#2727 = VERTEX_POINT ( 'NONE', #2051 ) ;
#2728 = FACE_OUTER_BOUND ( 'NONE', #3831, .T. ) ;
#2729 = FACE_BOUND ( 'NONE', #3305, .T. ) ;
#2730 = EDGE_CURVE ( 'NONE', #6946, #6436, #3519, .T. ) ;
#2731 = CARTESIAN_POINT ( 'NONE',  ( -38.09999999999999432, 0.000000000000000000, -0.2999999999999999889 ) ) ;
#2732 = LINE ( 'NONE', #4018, #6818 ) ;
#2733 = DIRECTION ( 'NONE',  ( 0.000000000000000000, 0.000000000000000000, 1.000000000000000000 ) ) ;
#2734 = AXIS2_PLACEMENT_3D ( 'NONE', #3025, #6710, #445 ) ;
#2735 = CIRCLE ( 'NONE', #570, 1.250000000000001110 ) ;
#2736 = ORIENTED_EDGE ( 'NONE', *, *, #3830, .T. ) ;
#2737 = EDGE_LOOP ( 'NONE', ( #7349, #7056, #6825, #7258 ) ) ;
#2738 = CARTESIAN_POINT ( 'NONE',  ( -13.94999999999998863, 1.530808498934192310E-16, 0.000000000000000000 ) ) ;
#2739 = ORIENTED_EDGE ( 'NONE', *, *, #5841, .F. ) ;
#2740 = CARTESIAN_POINT ( 'NONE',  ( -36.84999999999999432, 0.000000000000000000, -0.2999999999999999889 ) ) ;
#2741 = CARTESIAN_POINT ( 'NONE',  ( 22.86000000000001720, 0.000000000000000000, 2.000000000000000000 ) ) ;
#2742 = CARTESIAN_POINT ( 'NONE',  ( -69.83000000000001251, 1.530808498934190091E-16, 2.000000000000000000 ) ) ;
#2743 = ORIENTED_EDGE ( 'NONE', *, *, #4360, .F. ) ;
#2744 = ORIENTED_EDGE ( 'NONE', *, *, #7070, .T. ) ;
#2745 = CIRCLE ( 'NONE', #5317, 1.250000000000001110 ) ;
#2746 = CC_DESIGN_PERSON_AND_ORGANIZATION_ASSIGNMENT ( #5987, #3542, ( #2323 ) ) ;
#2747 = ORIENTED_EDGE ( 'NONE', *, *, #3332, .T. ) ;
#2748 = CARTESIAN_POINT ( 'NONE',  ( 161.2700000000000102, 0.000000000000000000, 2.000000000000000000 ) ) ;
#2749 = DIRECTION ( 'NONE',  ( -1.000000000000000000, 0.000000000000000000, 0.000000000000000000 ) ) ;
#2750 = ORIENTED_EDGE ( 'NONE', *, *, #3543, .T. ) ;
#2751 = EDGE_CURVE ( 'NONE', #3326, #1833, #5227, .T. ) ;
#2753 = EDGE_CURVE ( 'NONE', #4315, #1853, #70, .T. ) ;
#2752 = CARTESIAN_POINT ( 'NONE',  ( -99.06000000000000227, 0.000000000000000000, -0.2999999999999999889 ) ) ;
#2754 = VECTOR ( 'NONE', #3875, 1000.000000000000000 ) ;
#2755 = LINE ( 'NONE', #4001, #2885 ) ;
#2756 = FACE_OUTER_BOUND ( 'NONE', #629, .T. ) ;
#2757 = EDGE_CURVE ( 'NONE', #394, #6914, #2106, .T. ) ;
#2758 = ORIENTED_EDGE ( 'NONE', *, *, #5359, .T. ) ;
#2759 = AXIS2_PLACEMENT_3D ( 'NONE', #272, #6560, #7604 ) ;
#2760 = CARTESIAN_POINT ( 'NONE',  ( 171.4300000000000068, 0.000000000000000000, -0.2999999999999999889 ) ) ;
#2761 = ORIENTED_EDGE ( 'NONE', *, *, #3051, .F. ) ;
#2762 = DIRECTION ( 'NONE',  ( 0.000000000000000000, 0.000000000000000000, 1.000000000000000000 ) ) ;
#2763 = EDGE_CURVE ( 'NONE', #180, #5879, #7746, .T. ) ;
#2764 = CARTESIAN_POINT ( 'NONE',  ( 110.4700000000000273, 0.000000000000000000, 2.000000000000000000 ) ) ;
#2765 = CARTESIAN_POINT ( 'NONE',  ( -113.0500000000000114, 0.000000000000000000, -0.2999999999999999889 ) ) ;
#2766 = AXIS2_PLACEMENT_3D ( 'NONE', #2902, #4225, #19 ) ;
#2767 = ORIENTED_EDGE ( 'NONE', *, *, #4865, .T. ) ;
#2768 = ORIENTED_EDGE ( 'NONE', *, *, #1888, .T. ) ;
#2769 = DIRECTION ( 'NONE',  ( 1.000000000000000000, 0.000000000000000000, 0.000000000000000000 ) ) ;
#2770 = EDGE_CURVE ( 'NONE', #5319, #6723, #4664, .T. ) ;
#2771 = DIRECTION ( 'NONE',  ( 0.000000000000000000, 0.000000000000000000, 1.000000000000000000 ) ) ;
#2772 = FACE_BOUND ( 'NONE', #7665, .T. ) ;
#2773 = CARTESIAN_POINT ( 'NONE',  ( -102.8900000000000148, 0.000000000000000000, 0.000000000000000000 ) ) ;
#2774 = FACE_OUTER_BOUND ( 'NONE', #517, .T. ) ;
#2775 = DIRECTION ( 'NONE',  ( 0.000000000000000000, 0.000000000000000000, 1.000000000000000000 ) ) ;
#2776 = AXIS2_PLACEMENT_3D ( 'NONE', #1881, #1320, #1358 ) ;
#2777 = ORIENTED_EDGE ( 'NONE', *, *, #5462, .T. ) ;
#2778 = EDGE_CURVE ( 'NONE', #2537, #7715, #3982, .T. ) ;
#2779 = VERTEX_POINT ( 'NONE', #983 ) ;
#2780 = COORDINATED_UNIVERSAL_TIME_OFFSET ( 8, 0, .AHEAD. ) ;
#2781 = DIRECTION ( 'NONE',  ( 1.000000000000000000, 0.000000000000000000, 0.000000000000000000 ) ) ;
#2782 = AXIS2_PLACEMENT_3D ( 'NONE', #5372, #7135, #6533 ) ;
#2783 = VERTEX_POINT ( 'NONE', #4623 ) ;
#2784 = FACE_OUTER_BOUND ( 'NONE', #6633, .T. ) ;
#2785 = DIRECTION ( 'NONE',  ( -0.000000000000000000, -0.000000000000000000, -1.000000000000000000 ) ) ;
#2786 = ORIENTED_EDGE ( 'NONE', *, *, #1303, .F. ) ;
#2787 = VERTEX_POINT ( 'NONE', #1617 ) ;
#2788 = CIRCLE ( 'NONE', #5226, 1.250000000000001110 ) ;
#2789 = ORIENTED_EDGE ( 'NONE', *, *, #6042, .T. ) ;
#2790 = FACE_OUTER_BOUND ( 'NONE', #4541, .T. ) ;
#2791 = LINE ( 'NONE', #5803, #5051 ) ;
#2792 = ORIENTED_EDGE ( 'NONE', *, *, #4689, .T. ) ;
#2793 = CARTESIAN_POINT ( 'NONE',  ( -134.6200000000000045, 0.000000000000000000, -0.2999999999999999889 ) ) ;
#2794 = VECTOR ( 'NONE', #7907, 1000.000000000000000 ) ;
#2795 = EDGE_CURVE ( 'NONE', #1542, #6855, #4062, .T. ) ;
#2796 = DIRECTION ( 'NONE',  ( 0.000000000000000000, 0.000000000000000000, 1.000000000000000000 ) ) ;
#2797 = DIRECTION ( 'NONE',  ( -0.000000000000000000, -0.000000000000000000, -1.000000000000000000 ) ) ;
#2798 = VERTEX_POINT ( 'NONE', #1023 ) ;
#2799 = EDGE_CURVE ( 'NONE', #7526, #3293, #4161, .T. ) ;
#2800 = CIRCLE ( 'NONE', #5618, 1.250000000000001110 ) ;
#2801 = CARTESIAN_POINT ( 'NONE',  ( 264.1600000000000250, 0.000000000000000000, 2.000000000000000000 ) ) ;
#2802 = VERTEX_POINT ( 'NONE', #4580 ) ;
#2803 = CARTESIAN_POINT ( 'NONE',  ( -206.9900000000000091, 1.530808498934190091E-16, 0.000000000000000000 ) ) ;
#2804 = CARTESIAN_POINT ( 'NONE',  ( 95.23000000000001819, 0.000000000000000000, 0.000000000000000000 ) ) ;
#2805 = CARTESIAN_POINT ( 'NONE',  ( 144.7799999999999727, 0.000000000000000000, 2.000000000000000000 ) ) ;
#2806 = CIRCLE ( 'NONE', #6254, 1.250000000000001110 ) ;
#2807 = EDGE_LOOP ( 'NONE', ( #6235, #7382, #5409, #3241 ) ) ;
#2808 = ORIENTED_EDGE ( 'NONE', *, *, #5651, .T. ) ;
#2809 = EDGE_CURVE ( 'NONE', #4563, #5973, #4536, .T. ) ;
#2810 = CARTESIAN_POINT ( 'NONE',  ( -161.2700000000000387, 1.530808498934190091E-16, 0.000000000000000000 ) ) ;
#2811 = FACE_OUTER_BOUND ( 'NONE', #5801, .T. ) ;
#2812 = FACE_BOUND ( 'NONE', #835, .T. ) ;
#2813 = DIRECTION ( 'NONE',  ( -1.000000000000000000, 0.000000000000000000, 0.000000000000000000 ) ) ;
#2814 = EDGE_CURVE ( 'NONE', #2787, #3224, #3441, .T. ) ;
#2815 = FACE_OUTER_BOUND ( 'NONE', #1558, .T. ) ;
#2816 = ADVANCED_FACE ( 'NONE', ( #6565 ), #1600, .F. ) ;
#2817 = DIRECTION ( 'NONE',  ( 0.000000000000000000, 0.000000000000000000, 1.000000000000000000 ) ) ;
#2818 = AXIS2_PLACEMENT_3D ( 'NONE', #1907, #111, #265 ) ;
#2819 = ORIENTED_EDGE ( 'NONE', *, *, #233, .T. ) ;
#2820 = ORIENTED_EDGE ( 'NONE', *, *, #848, .T. ) ;
#2821 = AXIS2_PLACEMENT_3D ( 'NONE', #2643, #3130, #5015 ) ;
#2822 = DIRECTION ( 'NONE',  ( 1.000000000000000000, 0.000000000000000000, 0.000000000000000000 ) ) ;
#2823 = ORIENTED_EDGE ( 'NONE', *, *, #6188, .F. ) ;
#2824 = DIRECTION ( 'NONE',  ( 0.000000000000000000, 0.000000000000000000, 1.000000000000000000 ) ) ;
#2825 = CYLINDRICAL_SURFACE ( 'NONE', #1191, 1.250000000000001110 ) ;
#2826 = EDGE_CURVE ( 'NONE', #512, #3156, #1088, .T. ) ;
#2827 = ORIENTED_EDGE ( 'NONE', *, *, #4730, .F. ) ;
#2828 = CIRCLE ( 'NONE', #2560, 1.250000000000001110 ) ;
#2829 = EDGE_LOOP ( 'NONE', ( #6566, #5972 ) ) ;
#2830 = ORIENTED_EDGE ( 'NONE', *, *, #1041, .T. ) ;
#2831 = FACE_BOUND ( 'NONE', #4836, .T. ) ;
#2832 = CARTESIAN_POINT ( 'NONE',  ( -170.1800000000000068, 0.000000000000000000, 0.000000000000000000 ) ) ;
#2833 = ORIENTED_EDGE ( 'NONE', *, *, #2826, .F. ) ;
#2834 = VECTOR ( 'NONE', #3307, 1000.000000000000000 ) ;
#2835 = CARTESIAN_POINT ( 'NONE',  ( 7.620000000000004547, 0.000000000000000000, -0.2999999999999999889 ) ) ;
#2836 = FACE_OUTER_BOUND ( 'NONE', #4381, .T. ) ;
#2837 = CARTESIAN_POINT ( 'NONE',  ( 220.9800000000000182, 0.000000000000000000, -0.2999999999999999889 ) ) ;
#2838 = ORIENTED_EDGE ( 'NONE', *, *, #4969, .T. ) ;
#2839 = AXIS2_PLACEMENT_3D ( 'NONE', #3022, #21, #2454 ) ;
#2840 = DIRECTION ( 'NONE',  ( -0.000000000000000000, -0.000000000000000000, -1.000000000000000000 ) ) ;
#2841 = VERTEX_POINT ( 'NONE', #4006 ) ;
#2842 = DIRECTION ( 'NONE',  ( 1.000000000000000000, 0.000000000000000000, 0.000000000000000000 ) ) ;
#2843 = CIRCLE ( 'NONE', #5017, 1.249999999999973355 ) ;
#2844 = CYLINDRICAL_SURFACE ( 'NONE', #6646, 1.250000000000001110 ) ;
#2845 = CARTESIAN_POINT ( 'NONE',  ( -47.00999999999999091, 0.000000000000000000, 2.000000000000000000 ) ) ;
#2846 = ORIENTED_EDGE ( 'NONE', *, *, #4570, .F. ) ;
#2847 = VECTOR ( 'NONE', #4784, 1000.000000000000000 ) ;
#2848 = VERTEX_POINT ( 'NONE', #486 ) ;
#2849 = EDGE_CURVE ( 'NONE', #273, #6634, #6967, .T. ) ;
#2850 = DIRECTION ( 'NONE',  ( 0.000000000000000000, 0.000000000000000000, 1.000000000000000000 ) ) ;
#2851 = CIRCLE ( 'NONE', #1949, 1.250000000000001110 ) ;
#2852 = DIRECTION ( 'NONE',  ( 1.000000000000000000, 0.000000000000000000, 0.000000000000000000 ) ) ;
#2853 = FACE_BOUND ( 'NONE', #152, .T. ) ;
#2854 = CARTESIAN_POINT ( 'NONE',  ( 87.64999999999997726, 1.530808498934190091E-16, 2.000000000000000000 ) ) ;
#2855 = EDGE_CURVE ( 'NONE', #654, #7375, #2613, .T. ) ;
#2856 = DIRECTION ( 'NONE',  ( -1.000000000000000000, 0.000000000000000000, 0.000000000000000000 ) ) ;
#2857 = EDGE_CURVE ( 'NONE', #4315, #2188, #7087, .T. ) ;
#2858 = AXIS2_PLACEMENT_3D ( 'NONE', #2382, #4832, #23 ) ;
#2859 = EDGE_CURVE ( 'NONE', #3528, #3988, #963, .T. ) ;
#2860 = VERTEX_POINT ( 'NONE', #5966 ) ;
#2861 = ORIENTED_EDGE ( 'NONE', *, *, #1773, .T. ) ;
#2862 = ADVANCED_FACE ( 'NONE', ( #5701 ), #5331, .F. ) ;
#2863 = CARTESIAN_POINT ( 'NONE',  ( -215.9000000000000057, 0.000000000000000000, 2.000000000000000000 ) ) ;
#2864 = ORIENTED_EDGE ( 'NONE', *, *, #3185, .F. ) ;
#2865 = DIRECTION ( 'NONE',  ( 0.000000000000000000, 0.000000000000000000, 1.000000000000000000 ) ) ;
#2866 = CARTESIAN_POINT ( 'NONE',  ( 135.8700000000000045, 0.000000000000000000, -0.2999999999999999889 ) ) ;
#2867 = CIRCLE ( 'NONE', #2243, 1.250000000000001110 ) ;
#2868 = ORIENTED_EDGE ( 'NONE', *, *, #5421, .F. ) ;
#2869 = ORIENTED_EDGE ( 'NONE', *, *, #1773, .F. ) ;
#2870 = EDGE_LOOP ( 'NONE', ( #619, #1048 ) ) ;
#2871 = FACE_BOUND ( 'NONE', #5306, .T. ) ;
#2872 = CIRCLE ( 'NONE', #6189, 1.250000000000001110 ) ;
#2873 = EDGE_CURVE ( 'NONE', #3265, #5908, #1334, .T. ) ;
#2874 = CARTESIAN_POINT ( 'NONE',  ( -107.9699999999999989, 0.000000000000000000, 0.000000000000000000 ) ) ;
#2875 = VERTEX_POINT ( 'NONE', #448 ) ;
#2876 = DIRECTION ( 'NONE',  ( 0.000000000000000000, 0.000000000000000000, 1.000000000000000000 ) ) ;
#2877 = FACE_OUTER_BOUND ( 'NONE', #2266, .T. ) ;
#2878 = DIRECTION ( 'NONE',  ( -1.000000000000000000, 0.000000000000000000, 0.000000000000000000 ) ) ;
#2879 = AXIS2_PLACEMENT_3D ( 'NONE', #2960, #7213, #1835 ) ;
#2880 = EDGE_LOOP ( 'NONE', ( #5498, #7008, #7195, #3907 ) ) ;
#2881 = EDGE_CURVE ( 'NONE', #5283, #6243, #1727, .T. ) ;
#2882 = CARTESIAN_POINT ( 'NONE',  ( 210.8199999999999932, 0.000000000000000000, 0.000000000000000000 ) ) ;
#2883 = VECTOR ( 'NONE', #3228, 1000.000000000000000 ) ;
#2884 = ORIENTED_EDGE ( 'NONE', *, *, #4330, .T. ) ;
#2885 = VECTOR ( 'NONE', #919, 1000.000000000000000 ) ;
#2886 = DIRECTION ( 'NONE',  ( -0.000000000000000000, -0.000000000000000000, -1.000000000000000000 ) ) ;
#2887 = CARTESIAN_POINT ( 'NONE',  ( 210.8199999999999932, 0.000000000000000000, -0.2999999999999999889 ) ) ;
#2888 = DIRECTION ( 'NONE',  ( 0.000000000000000000, 0.000000000000000000, 1.000000000000000000 ) ) ;
#2889 = ORIENTED_EDGE ( 'NONE', *, *, #5679, .T. ) ;
#2890 = AXIS2_PLACEMENT_3D ( 'NONE', #1710, #6598, #1115 ) ;
#2891 = ORIENTED_EDGE ( 'NONE', *, *, #2993, .F. ) ;
#2892 = CARTESIAN_POINT ( 'NONE',  ( -206.9900000000000091, 1.530808498934190091E-16, 2.000000000000000000 ) ) ;
#2893 = DIRECTION ( 'NONE',  ( 1.000000000000000000, 0.000000000000000000, 0.000000000000000000 ) ) ;
#2894 = AXIS2_PLACEMENT_3D ( 'NONE', #2181, #261, #6472 ) ;
#2895 = CARTESIAN_POINT ( 'NONE',  ( -175.2599999999999909, 0.000000000000000000, -0.2999999999999999889 ) ) ;
#2896 = DIRECTION ( 'NONE',  ( -1.000000000000000000, 0.000000000000000000, 0.000000000000000000 ) ) ;
#2897 = DIRECTION ( 'NONE',  ( 1.000000000000000000, 0.000000000000000000, 0.000000000000000000 ) ) ;
#2898 = CARTESIAN_POINT ( 'NONE',  ( 140.9499999999999886, 0.000000000000000000, 2.000000000000000000 ) ) ;
#2899 = EDGE_LOOP ( 'NONE', ( #6479, #3430 ) ) ;
#2900 = ORIENTED_EDGE ( 'NONE', *, *, #176, .T. ) ;
#2901 = EDGE_CURVE ( 'NONE', #2723, #3499, #4728, .T. ) ;
#2902 = CARTESIAN_POINT ( 'NONE',  ( -119.3799999999999955, 0.000000000000000000, -0.2999999999999999889 ) ) ;
#2903 = EDGE_LOOP ( 'NONE', ( #5765, #231, #6033, #5714 ) ) ;
#2904 = CARTESIAN_POINT ( 'NONE',  ( 38.10000000000002274, 0.000000000000000000, -0.2999999999999999889 ) ) ;
#2905 = DIRECTION ( 'NONE',  ( -1.000000000000000000, 0.000000000000000000, 0.000000000000000000 ) ) ;
#2906 = AXIS2_PLACEMENT_3D ( 'NONE', #6451, #329, #4652 ) ;
#2907 = EDGE_LOOP ( 'NONE', ( #7598, #887, #142, #553 ) ) ;
#2908 = VERTEX_POINT ( 'NONE', #7171 ) ;
#2909 = ORIENTED_EDGE ( 'NONE', *, *, #6600, .T. ) ;
#2910 = EDGE_CURVE ( 'NONE', #5230, #7534, #4047, .T. ) ;
#2911 = FACE_BOUND ( 'NONE', #6897, .T. ) ;
#2912 = CIRCLE ( 'NONE', #6365, 1.250000000000001110 ) ;
#2913 = DIRECTION ( 'NONE',  ( 1.000000000000000000, 0.000000000000000000, 0.000000000000000000 ) ) ;
#2914 = EDGE_LOOP ( 'NONE', ( #5191, #2461, #1087, #473 ) ) ;
#2915 = CARTESIAN_POINT ( 'NONE',  ( -17.78000000000000114, 0.000000000000000000, 2.000000000000000000 ) ) ;
#2916 = CARTESIAN_POINT ( 'NONE',  ( -43.18000000000000682, 0.000000000000000000, -0.2999999999999999889 ) ) ;
#2917 = AXIS2_PLACEMENT_3D ( 'NONE', #1029, #3463, #2263 ) ;
#2918 = EDGE_CURVE ( 'NONE', #2168, #1623, #3852, .T. ) ;
#2919 = EDGE_LOOP ( 'NONE', ( #5195, #7591, #59, #1254 ) ) ;
#2920 = DIRECTION ( 'NONE',  ( -0.000000000000000000, -0.000000000000000000, -1.000000000000000000 ) ) ;
#2921 = CIRCLE ( 'NONE', #375, 1.250000000000001110 ) ;
#2922 = ORIENTED_EDGE ( 'NONE', *, *, #3338, .T. ) ;
#2923 = CARTESIAN_POINT ( 'NONE',  ( -27.94000000000000128, 0.000000000000000000, 2.000000000000000000 ) ) ;
#2924 = LINE ( 'NONE', #5374, #7028 ) ;
#2925 = DIRECTION ( 'NONE',  ( 1.000000000000000000, 0.000000000000000000, 0.000000000000000000 ) ) ;
#2926 = EDGE_CURVE ( 'NONE', #4004, #4192, #2483, .T. ) ;
#2927 = ORIENTED_EDGE ( 'NONE', *, *, #6696, .F. ) ;
#2928 = CIRCLE ( 'NONE', #1019, 1.250000000000001110 ) ;
#2929 = EDGE_LOOP ( 'NONE', ( #7055, #7823, #413, #6386 ) ) ;
#2930 = FACE_OUTER_BOUND ( 'NONE', #1109, .T. ) ;
#2931 = CARTESIAN_POINT ( 'NONE',  ( -119.3799999999999955, 0.000000000000000000, -0.2999999999999999889 ) ) ;
#2932 = CIRCLE ( 'NONE', #7160, 1.250000000000001110 ) ;
#2933 = FACE_OUTER_BOUND ( 'NONE', #3064, .T. ) ;
#2934 = CARTESIAN_POINT ( 'NONE',  ( 234.9700000000000273, 1.530808498934190091E-16, 2.000000000000000000 ) ) ;
#2935 = CARTESIAN_POINT ( 'NONE',  ( 209.5699999999999932, 1.530808498934191571E-16, -0.2999999999999999889 ) ) ;
#2936 = CARTESIAN_POINT ( 'NONE',  ( -38.09999999999999432, 0.000000000000000000, 2.000000000000000000 ) ) ;
#2937 = ORIENTED_EDGE ( 'NONE', *, *, #6430, .F. ) ;
#2938 = CARTESIAN_POINT ( 'NONE',  ( 88.89999999999997726, 0.000000000000000000, -0.2999999999999999889 ) ) ;
#2939 = EDGE_LOOP ( 'NONE', ( #4709, #7165, #1086, #2460 ) ) ;
#2940 = DATE_TIME_ROLE ( 'classification_date' ) ;
#2941 = DIRECTION ( 'NONE',  ( -1.000000000000000000, 0.000000000000000000, 0.000000000000000000 ) ) ;
#2942 = VERTEX_POINT ( 'NONE', #4692 ) ;
#2943 = DIRECTION ( 'NONE',  ( 1.000000000000000000, 0.000000000000000000, 0.000000000000000000 ) ) ;
#2944 = CIRCLE ( 'NONE', #4345, 1.250000000000001110 ) ;
#2945 = CARTESIAN_POINT ( 'NONE',  ( 231.1399999999999864, 0.000000000000000000, 0.000000000000000000 ) ) ;
#2946 = EDGE_CURVE ( 'NONE', #6243, #6914, #3246, .T. ) ;
#2947 = ORIENTED_EDGE ( 'NONE', *, *, #7910, .T. ) ;
#2948 = VERTEX_POINT ( 'NONE', #2200 ) ;
#2949 = EDGE_LOOP ( 'NONE', ( #2861, #2792, #3438, #7029 ) ) ;
#2950 = FACE_BOUND ( 'NONE', #5955, .T. ) ;
#2951 = DIRECTION ( 'NONE',  ( 0.000000000000000000, 0.000000000000000000, 1.000000000000000000 ) ) ;
#2952 = ORIENTED_EDGE ( 'NONE', *, *, #5023, .T. ) ;
#2953 = CARTESIAN_POINT ( 'NONE',  ( 220.9800000000000182, 0.000000000000000000, 0.000000000000000000 ) ) ;
#2954 = CARTESIAN_POINT ( 'NONE',  ( 200.6600000000000250, 0.000000000000000000, 2.000000000000000000 ) ) ;
#2955 = CIRCLE ( 'NONE', #4882, 1.250000000000001110 ) ;
#2956 = EDGE_CURVE ( 'NONE', #256, #7896, #5175, .T. ) ;
#2957 = ADVANCED_FACE ( 'NONE', ( #7738 ), #2240, .F. ) ;
#2958 = VERTEX_POINT ( 'NONE', #2996 ) ;
#2959 = AXIS2_PLACEMENT_3D ( 'NONE', #4470, #2069, #3351 ) ;
#2960 = CARTESIAN_POINT ( 'NONE',  ( 241.3000000000000114, 0.000000000000000000, 2.000000000000000000 ) ) ;
#2961 = ORIENTED_EDGE ( 'NONE', *, *, #2035, .F. ) ;
#2962 = EDGE_CURVE ( 'NONE', #255, #1149, #1720, .T. ) ;
#2963 = CARTESIAN_POINT ( 'NONE',  ( 205.7400000000000091, 0.000000000000000000, 0.000000000000000000 ) ) ;
#2964 = DIRECTION ( 'NONE',  ( 1.000000000000000000, 0.000000000000000000, 0.000000000000000000 ) ) ;
#2965 = FACE_OUTER_BOUND ( 'NONE', #1764, .T. ) ;
#2966 = VECTOR ( 'NONE', #1512, 1000.000000000000000 ) ;
#2967 = ORIENTED_EDGE ( 'NONE', *, *, #4031, .F. ) ;
#2968 = CARTESIAN_POINT ( 'NONE',  ( -22.86000000000001720, 0.000000000000000000, -0.2999999999999999889 ) ) ;
#2969 = ADVANCED_FACE ( 'NONE', ( #1798 ), #6159, .F. ) ;
#2970 = CARTESIAN_POINT ( 'NONE',  ( -17.78000000000000114, 0.000000000000000000, -0.2999999999999999889 ) ) ;
#2971 = FACE_BOUND ( 'NONE', #3422, .T. ) ;
#2972 = CYLINDRICAL_SURFACE ( 'NONE', #6373, 1.250000000000001110 ) ;
#2973 = DIRECTION ( 'NONE',  ( 0.000000000000000000, 0.000000000000000000, 1.000000000000000000 ) ) ;
#2974 = DIRECTION ( 'NONE',  ( 0.000000000000000000, 0.000000000000000000, 1.000000000000000000 ) ) ;
#2975 = CIRCLE ( 'NONE', #2207, 1.250000000000001110 ) ;
#2976 = ORIENTED_EDGE ( 'NONE', *, *, #1917, .F. ) ;
#2977 = CARTESIAN_POINT ( 'NONE',  ( -105.3900000000000148, 1.530808498934190091E-16, 2.000000000000000000 ) ) ;
#2978 = ORIENTED_EDGE ( 'NONE', *, *, #131, .T. ) ;
#2979 = EDGE_CURVE ( 'NONE', #2779, #4883, #3764, .T. ) ;
#2980 = DIRECTION ( 'NONE',  ( -1.000000000000000000, 0.000000000000000000, 0.000000000000000000 ) ) ;
#2981 = ORIENTED_EDGE ( 'NONE', *, *, #4874, .F. ) ;
#2982 = EDGE_CURVE ( 'NONE', #3219, #5433, #2361, .T. ) ;
#2983 = CARTESIAN_POINT ( 'NONE',  ( -179.0900000000000034, 0.000000000000000000, 0.000000000000000000 ) ) ;
#2984 = DIRECTION ( 'NONE',  ( -1.000000000000000000, 0.000000000000000000, 0.000000000000000000 ) ) ;
#2985 = VERTEX_POINT ( 'NONE', #2398 ) ;
#2986 = EDGE_LOOP ( 'NONE', ( #7282, #1372 ) ) ;
#2987 = VERTEX_POINT ( 'NONE', #3114 ) ;
#2988 = FACE_BOUND ( 'NONE', #5358, .T. ) ;
#2989 = CARTESIAN_POINT ( 'NONE',  ( -99.06000000000000227, 0.000000000000000000, 2.000000000000000000 ) ) ;
#2990 = ORIENTED_EDGE ( 'NONE', *, *, #573, .F. ) ;
#2991 = LINE ( 'NONE', #4312, #1304 ) ;
#2992 = DIRECTION ( 'NONE',  ( 1.000000000000000000, 0.000000000000000000, 0.000000000000000000 ) ) ;
#2993 = EDGE_CURVE ( 'NONE', #5700, #5433, #7252, .T. ) ;
#2994 = ORIENTED_EDGE ( 'NONE', *, *, #4894, .F. ) ;
#2995 = CIRCLE ( 'NONE', #6071, 1.250000000000000222 ) ;
#2996 = CARTESIAN_POINT ( 'NONE',  ( -163.8500000000000227, 0.000000000000000000, 0.000000000000000000 ) ) ;
#2997 = EDGE_CURVE ( 'NONE', #1186, #3561, #5573, .T. ) ;
#2998 = ORIENTED_EDGE ( 'NONE', *, *, #4737, .F. ) ;
#2999 = FACE_OUTER_BOUND ( 'NONE', #171, .T. ) ;
#3000 = AXIS2_PLACEMENT_3D ( 'NONE', #3421, #5870, #384 ) ;
#3001 = DIRECTION ( 'NONE',  ( -0.000000000000000000, -0.000000000000000000, -1.000000000000000000 ) ) ;
#3002 = CARTESIAN_POINT ( 'NONE',  ( -22.86000000000001720, 0.000000000000000000, 2.000000000000000000 ) ) ;
#3003 = VERTEX_POINT ( 'NONE', #4887 ) ;
#3004 = AXIS2_PLACEMENT_3D ( 'NONE', #755, #1388, #3155 ) ;
#3005 = DIRECTION ( 'NONE',  ( 0.000000000000000000, 0.000000000000000000, 1.000000000000000000 ) ) ;
#3006 = CIRCLE ( 'NONE', #7102, 1.250000000000001110 ) ;
#3007 = AXIS2_PLACEMENT_3D ( 'NONE', #287, #373, #7701 ) ;
#3008 = EDGE_CURVE ( 'NONE', #3780, #1024, #2113, .T. ) ;
#3009 = DIRECTION ( 'NONE',  ( 0.000000000000000000, 0.000000000000000000, 1.000000000000000000 ) ) ;
#3010 = VECTOR ( 'NONE', #5375, 1000.000000000000000 ) ;
#3011 = CARTESIAN_POINT ( 'NONE',  ( 22.86000000000001720, 0.000000000000000000, 0.000000000000000000 ) ) ;
#3012 = LINE ( 'NONE', #3536, #3564 ) ;
#3013 = DIRECTION ( 'NONE',  ( -1.000000000000000000, 0.000000000000000000, 0.000000000000000000 ) ) ;
#3014 = CARTESIAN_POINT ( 'NONE',  ( -120.6299999999999955, 1.530808498934190091E-16, 0.000000000000000000 ) ) ;
#3015 = CIRCLE ( 'NONE', #4939, 1.250000000000001110 ) ;
#3016 = EDGE_CURVE ( 'NONE', #5016, #7639, #6466, .T. ) ;
#3017 = ORIENTED_EDGE ( 'NONE', *, *, #5941, .T. ) ;
#3018 = CARTESIAN_POINT ( 'NONE',  ( 44.43000000000001393, 0.000000000000000000, -0.2999999999999999889 ) ) ;
#3019 = ORIENTED_EDGE ( 'NONE', *, *, #1797, .T. ) ;
#3020 = AXIS2_PLACEMENT_3D ( 'NONE', #4711, #7155, #1660 ) ;
#3021 = DIRECTION ( 'NONE',  ( -0.000000000000000000, -0.000000000000000000, -1.000000000000000000 ) ) ;
#3022 = CARTESIAN_POINT ( 'NONE',  ( 68.57999999999998408, 0.000000000000000000, 2.000000000000000000 ) ) ;
#3023 = FACE_OUTER_BOUND ( 'NONE', #515, .T. ) ;
#3024 = DIRECTION ( 'NONE',  ( 0.000000000000000000, 0.000000000000000000, 1.000000000000000000 ) ) ;
#3025 = CARTESIAN_POINT ( 'NONE',  ( -53.34000000000000341, 0.000000000000000000, 0.000000000000000000 ) ) ;
#3026 = VERTEX_POINT ( 'NONE', #3678 ) ;
#3027 = CIRCLE ( 'NONE', #4697, 1.250000000000001110 ) ;
#3028 = EDGE_CURVE ( 'NONE', #3362, #6561, #7752, .T. ) ;
#3029 = ORIENTED_EDGE ( 'NONE', *, *, #1823, .F. ) ;
#3030 = ORIENTED_EDGE ( 'NONE', *, *, #5864, .T. ) ;
#3031 = FACE_BOUND ( 'NONE', #958, .T. ) ;
#3032 = DIRECTION ( 'NONE',  ( -0.000000000000000000, -0.000000000000000000, -1.000000000000000000 ) ) ;
#3033 = AXIS2_PLACEMENT_3D ( 'NONE', #4402, #3807, #4326 ) ;
#3034 = ORIENTED_EDGE ( 'NONE', *, *, #1077, .F. ) ;
#3035 = DIRECTION ( 'NONE',  ( -1.000000000000000000, 0.000000000000000000, 0.000000000000000000 ) ) ;
#3036 = DIRECTION ( 'NONE',  ( 0.000000000000000000, 0.000000000000000000, 1.000000000000000000 ) ) ;
#3037 = ORIENTED_EDGE ( 'NONE', *, *, #749, .T. ) ;
#3038 = AXIS2_PLACEMENT_3D ( 'NONE', #1417, #5070, #5111 ) ;
#3039 = EDGE_CURVE ( 'NONE', #4269, #581, #3255, .T. ) ;
#3040 = FACE_OUTER_BOUND ( 'NONE', #5881, .T. ) ;
#3041 = ORIENTED_EDGE ( 'NONE', *, *, #4441, .T. ) ;
#3042 = DIRECTION ( 'NONE',  ( 1.000000000000000000, 0.000000000000000000, 0.000000000000000000 ) ) ;
#3043 = DIRECTION ( 'NONE',  ( 0.000000000000000000, 0.000000000000000000, 1.000000000000000000 ) ) ;
#3044 = VERTEX_POINT ( 'NONE', #6121 ) ;
#3045 = EDGE_CURVE ( 'NONE', #3722, #5387, #1978, .T. ) ;
#3046 = LINE ( 'NONE', #4895, #608 ) ;
#3047 = CARTESIAN_POINT ( 'NONE',  ( 100.3100000000000165, 0.000000000000000000, 0.000000000000000000 ) ) ;
#3048 = DIRECTION ( 'NONE',  ( 0.000000000000000000, 0.000000000000000000, 1.000000000000000000 ) ) ;
#3049 = LINE ( 'NONE', #5503, #7579 ) ;
#3050 = VECTOR ( 'NONE', #6891, 1000.000000000000000 ) ;
#3051 = EDGE_CURVE ( 'NONE', #6537, #5241, #6206, .T. ) ;
#3052 = ORIENTED_EDGE ( 'NONE', *, *, #760, .F. ) ;
#3053 = FACE_OUTER_BOUND ( 'NONE', #1745, .T. ) ;
#3054 = ORIENTED_EDGE ( 'NONE', *, *, #7277, .F. ) ;
#3055 = VECTOR ( 'NONE', #1565, 1000.000000000000000 ) ;
#3056 = CARTESIAN_POINT ( 'NONE',  ( 68.57999999999998408, 0.000000000000000000, 0.000000000000000000 ) ) ;
#3057 = DIRECTION ( 'NONE',  ( -1.000000000000000000, 0.000000000000000000, 0.000000000000000000 ) ) ;
#3058 = ADVANCED_FACE ( 'NONE', ( #642 ), #1872, .F. ) ;
#3059 = LINE ( 'NONE', #4793, #5087 ) ;
#3060 = CARTESIAN_POINT ( 'NONE',  ( 215.8999999999999773, 0.000000000000000000, -0.2999999999999999889 ) ) ;
#3061 = CARTESIAN_POINT ( 'NONE',  ( 2.540000000000020464, 0.000000000000000000, 2.000000000000000000 ) ) ;
#3062 = ORIENTED_EDGE ( 'NONE', *, *, #1239, .F. ) ;
#3063 = VERTEX_POINT ( 'NONE', #3563 ) ;
#3064 = EDGE_LOOP ( 'NONE', ( #6599, #7548, #7580, #2674 ) ) ;
#3065 = FACE_BOUND ( 'NONE', #7368, .T. ) ;
#3066 = CARTESIAN_POINT ( 'NONE',  ( 160.0199999999999818, 0.000000000000000000, 0.000000000000000000 ) ) ;
#3067 = EDGE_LOOP ( 'NONE', ( #665, #7019 ) ) ;
#3068 = ADVANCED_FACE ( 'NONE', ( #4244 ), #6007, .F. ) ;
#3069 = CARTESIAN_POINT ( 'NONE',  ( -2.540000000000020464, 0.000000000000000000, 0.000000000000000000 ) ) ;
#3070 = CARTESIAN_POINT ( 'NONE',  ( -41.93000000000000682, 0.000000000000000000, 0.000000000000000000 ) ) ;
#3071 = CIRCLE ( 'NONE', #7550, 1.250000000000001110 ) ;
#3072 = ORIENTED_EDGE ( 'NONE', *, *, #2691, .T. ) ;
#3073 = VERTEX_POINT ( 'NONE', #6647 ) ;
#3074 = CARTESIAN_POINT ( 'NONE',  ( -88.90000000000000568, 0.000000000000000000, 2.000000000000000000 ) ) ;
#3075 = ORIENTED_EDGE ( 'NONE', *, *, #442, .T. ) ;
#3076 = AXIS2_PLACEMENT_3D ( 'NONE', #7422, #7539, #5135 ) ;
#3077 = DIRECTION ( 'NONE',  ( 1.000000000000000000, 0.000000000000000000, 0.000000000000000000 ) ) ;
#3078 = CARTESIAN_POINT ( 'NONE',  ( -97.81000000000000227, 0.000000000000000000, -0.2999999999999999889 ) ) ;
#3079 = ORIENTED_EDGE ( 'NONE', *, *, #337, .F. ) ;
#3080 = AXIS2_PLACEMENT_3D ( 'NONE', #3974, #976, #6375 ) ;
#3081 = LINE ( 'NONE', #7, #7509 ) ;
#3082 = CARTESIAN_POINT ( 'NONE',  ( -135.8700000000000045, 1.530808498934190091E-16, 0.000000000000000000 ) ) ;
#3083 = CIRCLE ( 'NONE', #666, 1.250000000000001110 ) ;
#3084 = DIRECTION ( 'NONE',  ( -0.000000000000000000, -0.000000000000000000, -1.000000000000000000 ) ) ;
#3085 = DIRECTION ( 'NONE',  ( 1.000000000000000000, 0.000000000000000000, 0.000000000000000000 ) ) ;
#3086 = ADVANCED_FACE ( 'NONE', ( #3040 ), #5493, .F. ) ;
#3087 = EDGE_LOOP ( 'NONE', ( #1411, #1117, #2139, #946 ) ) ;
#3088 = CARTESIAN_POINT ( 'NONE',  ( 241.3000000000000114, 0.000000000000000000, 2.000000000000000000 ) ) ;
#3089 = EDGE_LOOP ( 'NONE', ( #6185, #6473, #6797, #3029 ) ) ;
#3090 = AXIS2_PLACEMENT_3D ( 'NONE', #4880, #3598, #3035 ) ;
#3091 = CLOSED_SHELL ( 'NONE', ( #310, #5965, #1185, #7137, #5727, #4005, #1262, #583, #2357, #1165, #6139, #2957, #3732, #5211, #3562, #5461, #7918, #2367, #6867, #6240, #2080, #4271, #1726, #7250, #5872, #6196, #7816, #4766, #159, #6546, #270, #6398, #4928, #4190, #7086, #3592, #3367, #5945, #7673, #3092, #5989, #7567, #1329, #1899, #5257, #5318, #3143, #1017, #2499, #4957, #531, #1971, #7883, #5050, #3290, #4277, #7504, #6093, #2862, #6628, #6528, #328, #2452, #4797, #639, #4325, #3793, #1912, #2362, #161, #3442, #1150, #4241, #617, #385, #4278, #4936, #1292, #6590, #5579, #7121, #5693, #4180, #1025, #2118, #4022, #279, #3637, #4288, #4367, #3233, #5164, #2969, #5340, #3987, #1433, #2269, #6456, #2621, #6645, #7711, #432, #3686, #7359, #216, #6913, #7419, #7307, #7852, #7559, #6653, #1992, #4204, #3440, #1251, #5260, #4854, #3961, #2395, #5008, #3308, #5479, #368, #5042, #1651, #6838, #3778, #6279, #3094, #1197, #2016, #1918, #6354, #5107, #4963, #485, #1753, #2177, #3876, #5986, #940, #2666, #424, #6689, #3251, #7802, #3068, #4197, #257, #3086, #4824, #3121, #1688, #1203, #5505, #2816, #5614, #526, #5239, #67, #7169, #4622, #7871, #7322, #6530, #5132, #5556, #3415, #4033, #6109, #5715, #7717, #459, #4413, #5124, #1946, #4483, #2169, #7404, #6273, #7212, #2320, #5743, #1504, #5079, #7408, #4780, #7514, #1638, #1589, #3844, #7230, #2267, #4986, #4178, #141, #1844, #970, #2212, #7522, #1834, #7811, #2167, #7312, #2026, #2710, #7756, #1066, #7547, #3058, #7219, #3602, #5329, #7608 ) ) ;
#3092 = ADVANCED_FACE ( 'NONE', ( #3604 ), #6046, .F. ) ;
#3093 = DIRECTION ( 'NONE',  ( 1.000000000000000000, 0.000000000000000000, 0.000000000000000000 ) ) ;
#3094 = ADVANCED_FACE ( 'NONE', ( #1910 ), #4961, .F. ) ;
#3095 = ORIENTED_EDGE ( 'NONE', *, *, #6371, .F. ) ;
#3096 = CARTESIAN_POINT ( 'NONE',  ( -82.56999999999999318, 0.000000000000000000, -0.2999999999999999889 ) ) ;
#3097 = DIRECTION ( 'NONE',  ( 0.000000000000000000, 0.000000000000000000, 1.000000000000000000 ) ) ;
#3098 = AXIS2_PLACEMENT_3D ( 'NONE', #3636, #2430, #4239 ) ;
#3099 = CYLINDRICAL_SURFACE ( 'NONE', #2356, 1.250000000000001110 ) ;
#3100 = VERTEX_POINT ( 'NONE', #5643 ) ;
#3101 = EDGE_CURVE ( 'NONE', #2178, #5732, #4806, .T. ) ;
#3102 = ORIENTED_EDGE ( 'NONE', *, *, #6430, .T. ) ;
#3103 = ORIENTED_EDGE ( 'NONE', *, *, #7635, .T. ) ;
#3104 = CARTESIAN_POINT ( 'NONE',  ( -33.02000000000001023, 0.000000000000000000, 2.000000000000000000 ) ) ;
#3105 = CIRCLE ( 'NONE', #7333, 1.250000000000001110 ) ;
#3106 = CARTESIAN_POINT ( 'NONE',  ( -63.50000000000000000, 0.000000000000000000, 0.000000000000000000 ) ) ;
#3107 = EDGE_CURVE ( 'NONE', #3628, #3705, #1993, .T. ) ;
#3108 = ORIENTED_EDGE ( 'NONE', *, *, #7656, .T. ) ;
#3109 = DIRECTION ( 'NONE',  ( 0.000000000000000000, 0.000000000000000000, 1.000000000000000000 ) ) ;
#3110 = CARTESIAN_POINT ( 'NONE',  ( -113.0500000000000114, 0.000000000000000000, 0.000000000000000000 ) ) ;
#3111 = ORIENTED_EDGE ( 'NONE', *, *, #6572, .T. ) ;
#3112 = EDGE_CURVE ( 'NONE', #3303, #5840, #7876, .T. ) ;
#3113 = ORIENTED_EDGE ( 'NONE', *, *, #7336, .T. ) ;
#3114 = CARTESIAN_POINT ( 'NONE',  ( -199.4099999999999966, 0.000000000000000000, 2.000000000000000000 ) ) ;
#3115 = ORIENTED_EDGE ( 'NONE', *, *, #4513, .F. ) ;
#3116 = CIRCLE ( 'NONE', #3234, 1.249999999999973355 ) ;
#3117 = DIRECTION ( 'NONE',  ( 1.000000000000000000, 0.000000000000000000, 0.000000000000000000 ) ) ;
#3118 = CARTESIAN_POINT ( 'NONE',  ( 189.2500000000000000, 1.530808498934190091E-16, 2.000000000000000000 ) ) ;
#3119 = AXIS2_PLACEMENT_3D ( 'NONE', #7743, #4696, #6497 ) ;
#3120 = ORIENTED_EDGE ( 'NONE', *, *, #82, .F. ) ;
#3121 = ADVANCED_FACE ( 'NONE', ( #6802 ), #2071, .F. ) ;
#3122 = CIRCLE ( 'NONE', #4923, 1.250000000000001110 ) ;
#3123 = DIRECTION ( 'NONE',  ( 1.000000000000000000, 0.000000000000000000, 0.000000000000000000 ) ) ;
#3124 = CARTESIAN_POINT ( 'NONE',  ( 168.9300000000000068, 1.530808498934190091E-16, 2.000000000000000000 ) ) ;
#3125 = DIRECTION ( 'NONE',  ( -1.000000000000000000, 0.000000000000000000, 0.000000000000000000 ) ) ;
#3126 = LINE ( 'NONE', #1399, #4130 ) ;
#3127 = VECTOR ( 'NONE', #2817, 1000.000000000000000 ) ;
#3128 = AXIS2_PLACEMENT_3D ( 'NONE', #3970, #6412, #926 ) ;
#3129 = VERTEX_POINT ( 'NONE', #6318 ) ;
#3130 = DIRECTION ( 'NONE',  ( 0.000000000000000000, 0.000000000000000000, 1.000000000000000000 ) ) ;
#3131 = ORIENTED_EDGE ( 'NONE', *, *, #5284, .T. ) ;
#3132 = CARTESIAN_POINT ( 'NONE',  ( -154.9399999999999977, 0.000000000000000000, 0.000000000000000000 ) ) ;
#3133 = AXIS2_PLACEMENT_3D ( 'NONE', #4511, #6237, #7562 ) ;
#3134 = CARTESIAN_POINT ( 'NONE',  ( 119.3799999999999955, 0.000000000000000000, -0.2999999999999999889 ) ) ;
#3135 = CARTESIAN_POINT ( 'NONE',  ( -185.4200000000000159, 0.000000000000000000, 0.000000000000000000 ) ) ;
#3136 = CYLINDRICAL_SURFACE ( 'NONE', #3501, 1.250000000000001110 ) ;
#3137 = DIRECTION ( 'NONE',  ( -1.000000000000000000, 0.000000000000000000, 0.000000000000000000 ) ) ;
#3138 = ORIENTED_EDGE ( 'NONE', *, *, #6502, .F. ) ;
#3139 = EDGE_LOOP ( 'NONE', ( #6173, #5043 ) ) ;
#3140 = EDGE_CURVE ( 'NONE', #6516, #2345, #1313, .T. ) ;
#3141 = CIRCLE ( 'NONE', #5703, 1.250000000000001110 ) ;
#3142 = VERTEX_POINT ( 'NONE', #5725 ) ;
#3143 = ADVANCED_FACE ( 'NONE', ( #234 ), #2628, .F. ) ;
#3144 = FACE_BOUND ( 'NONE', #7162, .T. ) ;
#3145 = FACE_OUTER_BOUND ( 'NONE', #7786, .T. ) ;
#3146 = ORIENTED_EDGE ( 'NONE', *, *, #1560, .F. ) ;
#3147 = CARTESIAN_POINT ( 'NONE',  ( -139.6999999999999886, 0.000000000000000000, -0.2999999999999999889 ) ) ;
#3148 = CARTESIAN_POINT ( 'NONE',  ( 8.870000000000004547, 0.000000000000000000, 0.000000000000000000 ) ) ;
#3149 = DIRECTION ( 'NONE',  ( 0.000000000000000000, 0.000000000000000000, 1.000000000000000000 ) ) ;
#3150 = EDGE_LOOP ( 'NONE', ( #6146, #5517 ) ) ;
#3151 = EDGE_CURVE ( 'NONE', #7375, #654, #7366, .T. ) ;
#3152 = ORIENTED_EDGE ( 'NONE', *, *, #6066, .T. ) ;
#3153 = DIRECTION ( 'NONE',  ( 0.000000000000000000, 0.000000000000000000, 1.000000000000000000 ) ) ;
#3154 = AXIS2_PLACEMENT_3D ( 'NONE', #4660, #3327, #5782 ) ;
#3155 = DIRECTION ( 'NONE',  ( 1.000000000000000000, 0.000000000000000000, 0.000000000000000000 ) ) ;
#3156 = VERTEX_POINT ( 'NONE', #7445 ) ;
#3157 = EDGE_CURVE ( 'NONE', #7297, #1701, #966, .T. ) ;
#3158 = DIRECTION ( 'NONE',  ( 0.000000000000000000, 0.000000000000000000, 1.000000000000000000 ) ) ;
#3159 = CARTESIAN_POINT ( 'NONE',  ( -204.4900000000000091, 0.000000000000000000, 2.000000000000000000 ) ) ;
#3160 = AXIS2_PLACEMENT_3D ( 'NONE', #1959, #3163, #2001 ) ;
#3161 = ORIENTED_EDGE ( 'NONE', *, *, #6447, .F. ) ;
#3162 = AXIS2_PLACEMENT_3D ( 'NONE', #2963, #2886, #5968 ) ;
#3163 = DIRECTION ( 'NONE',  ( -0.000000000000000000, -0.000000000000000000, -1.000000000000000000 ) ) ;
#3164 = EDGE_CURVE ( 'NONE', #1378, #4667, #6595, .T. ) ;
#3165 = LINE ( 'NONE', #5691, #5366 ) ;
#3166 = DIRECTION ( 'NONE',  ( -0.000000000000000000, -0.000000000000000000, -1.000000000000000000 ) ) ;
#3167 = ORIENTED_EDGE ( 'NONE', *, *, #945, .T. ) ;
#3168 = CARTESIAN_POINT ( 'NONE',  ( 7.620000000000004547, 0.000000000000000000, -0.2999999999999999889 ) ) ;
#3169 = ORIENTED_EDGE ( 'NONE', *, *, #3688, .T. ) ;
#3170 = DIRECTION ( 'NONE',  ( -1.000000000000000000, 0.000000000000000000, 0.000000000000000000 ) ) ;
#3171 = AXIS2_PLACEMENT_3D ( 'NONE', #2491, #2648, #135 ) ;
#3172 = CARTESIAN_POINT ( 'NONE',  ( 252.7099999999999795, 0.000000000000000000, 2.000000000000000000 ) ) ;
#3173 = LINE ( 'NONE', #5586, #5738 ) ;
#3174 = CARTESIAN_POINT ( 'NONE',  ( 185.4200000000000159, 0.000000000000000000, 2.000000000000000000 ) ) ;
#3175 = CYLINDRICAL_SURFACE ( 'NONE', #6588, 1.250000000000001110 ) ;
#3176 = ORIENTED_EDGE ( 'NONE', *, *, #3772, .F. ) ;
#3177 = ORIENTED_EDGE ( 'NONE', *, *, #6176, .F. ) ;
#3178 = AXIS2_PLACEMENT_3D ( 'NONE', #4937, #1845, #5048 ) ;
#3179 = EDGE_LOOP ( 'NONE', ( #2286, #4450 ) ) ;
#3180 = DIRECTION ( 'NONE',  ( 1.000000000000000000, 0.000000000000000000, 0.000000000000000000 ) ) ;
#3181 = LINE ( 'NONE', #1981, #7371 ) ;
#3182 = VERTEX_POINT ( 'NONE', #2548 ) ;
#3183 = DIRECTION ( 'NONE',  ( -1.000000000000000000, 0.000000000000000000, 0.000000000000000000 ) ) ;
#3185 = EDGE_CURVE ( 'NONE', #4233, #2615, #7525, .T. ) ;
#3184 = DIRECTION ( 'NONE',  ( -1.000000000000000000, 0.000000000000000000, 0.000000000000000000 ) ) ;
#3186 = VECTOR ( 'NONE', #3158, 1000.000000000000000 ) ;
#3187 = DIRECTION ( 'NONE',  ( 0.000000000000000000, 0.000000000000000000, 1.000000000000000000 ) ) ;
#3188 = VERTEX_POINT ( 'NONE', #2588 ) ;
#3189 = VERTEX_POINT ( 'NONE', #1429 ) ;
#3190 = FACE_OUTER_BOUND ( 'NONE', #6667, .T. ) ;
#3191 = DIRECTION ( 'NONE',  ( 0.000000000000000000, 0.000000000000000000, 1.000000000000000000 ) ) ;
#3192 = EDGE_LOOP ( 'NONE', ( #7933, #2028 ) ) ;
#3193 = EDGE_CURVE ( 'NONE', #5908, #3044, #4395, .T. ) ;
#3194 = EDGE_CURVE ( 'NONE', #4888, #7703, #6839, .T. ) ;
#3195 = DIRECTION ( 'NONE',  ( 1.000000000000000000, 0.000000000000000000, 0.000000000000000000 ) ) ;
#3196 = VECTOR ( 'NONE', #787, 1000.000000000000000 ) ;
#3197 = CARTESIAN_POINT ( 'NONE',  ( 57.17000000000001592, 1.530808498934190091E-16, 2.000000000000000000 ) ) ;
#3198 = ORIENTED_EDGE ( 'NONE', *, *, #4050, .F. ) ;
#3199 = EDGE_CURVE ( 'NONE', #4560, #333, #3768, .T. ) ;
#3200 = EDGE_LOOP ( 'NONE', ( #4803, #365 ) ) ;
#3201 = CARTESIAN_POINT ( 'NONE',  ( -205.7400000000000091, 0.000000000000000000, 0.000000000000000000 ) ) ;
#3202 = CARTESIAN_POINT ( 'NONE',  ( 191.7500000000000000, 0.000000000000000000, 2.000000000000000000 ) ) ;
#3203 = CARTESIAN_POINT ( 'NONE',  ( -180.3400000000000034, 0.000000000000000000, 0.000000000000000000 ) ) ;
#3204 = EDGE_LOOP ( 'NONE', ( #1829, #2596 ) ) ;
#3205 = DIRECTION ( 'NONE',  ( -1.000000000000000000, 0.000000000000000000, 0.000000000000000000 ) ) ;
#3206 = EDGE_CURVE ( 'NONE', #2052, #4814, #194, .T. ) ;
#3207 = ORIENTED_EDGE ( 'NONE', *, *, #1200, .T. ) ;
#3208 = LINE ( 'NONE', #4904, #4183 ) ;
#3209 = FACE_BOUND ( 'NONE', #4311, .T. ) ;
#3210 = CARTESIAN_POINT ( 'NONE',  ( 67.32999999999998408, 1.530808498934190091E-16, 0.000000000000000000 ) ) ;
#3211 = CARTESIAN_POINT ( 'NONE',  ( 38.10000000000002274, 0.000000000000000000, 2.000000000000000000 ) ) ;
#3212 = CARTESIAN_POINT ( 'NONE',  ( 144.7799999999999727, 0.000000000000000000, 0.000000000000000000 ) ) ;
#3213 = AXIS2_PLACEMENT_3D ( 'NONE', #2793, #6002, #5924 ) ;
#3214 = ORIENTED_EDGE ( 'NONE', *, *, #1533, .T. ) ;
#3215 = EDGE_CURVE ( 'NONE', #3668, #6120, #3309, .T. ) ;
#3216 = ORIENTED_EDGE ( 'NONE', *, *, #4088, .F. ) ;
#3217 = CARTESIAN_POINT ( 'NONE',  ( 0.000000000000000000, 0.000000000000000000, 0.000000000000000000 ) ) ;
#3218 = CYLINDRICAL_SURFACE ( 'NONE', #1867, 1.250000000000001110 ) ;
#3219 = VERTEX_POINT ( 'NONE', #7164 ) ;
#3220 = FACE_OUTER_BOUND ( 'NONE', #1263, .T. ) ;
#3221 = LINE ( 'NONE', #828, #6302 ) ;
#3222 = CARTESIAN_POINT ( 'NONE',  ( 79.99000000000000909, 0.000000000000000000, 0.000000000000000000 ) ) ;
#3223 = EDGE_LOOP ( 'NONE', ( #4267, #386, #5337, #2355 ) ) ;
#3224 = VERTEX_POINT ( 'NONE', #4076 ) ;
#3225 = CIRCLE ( 'NONE', #4257, 1.250000000000001110 ) ;
#3226 = VERTEX_POINT ( 'NONE', #7041 ) ;
#3227 = FACE_OUTER_BOUND ( 'NONE', #1274, .T. ) ;
#3228 = DIRECTION ( 'NONE',  ( 0.000000000000000000, 0.000000000000000000, 1.000000000000000000 ) ) ;
#3229 = ORIENTED_EDGE ( 'NONE', *, *, #6233, .F. ) ;
#3230 = CARTESIAN_POINT ( 'NONE',  ( -171.4300000000000068, 1.530808498934190091E-16, 2.000000000000000000 ) ) ;
#3231 = DIRECTION ( 'NONE',  ( 1.000000000000000000, 0.000000000000000000, 0.000000000000000000 ) ) ;
#3232 = ORIENTED_EDGE ( 'NONE', *, *, #2383, .T. ) ;
#3233 = ADVANCED_FACE ( 'NONE', ( #4683 ), #5922, .F. ) ;
#3234 = AXIS2_PLACEMENT_3D ( 'NONE', #7544, #6820, #1332 ) ;
#3235 = EDGE_LOOP ( 'NONE', ( #2998, #4182 ) ) ;
#3236 = CARTESIAN_POINT ( 'NONE',  ( 261.6200000000000045, 0.000000000000000000, 2.000000000000000000 ) ) ;
#3237 = VECTOR ( 'NONE', #3963, 1000.000000000000000 ) ;
#3238 = DIRECTION ( 'NONE',  ( -0.000000000000000000, -0.000000000000000000, -1.000000000000000000 ) ) ;
#3239 = EDGE_CURVE ( 'NONE', #2848, #5115, #2745, .T. ) ;
#3240 = FACE_OUTER_BOUND ( 'NONE', #4425, .T. ) ;
#3241 = ORIENTED_EDGE ( 'NONE', *, *, #206, .T. ) ;
#3242 = EDGE_CURVE ( 'NONE', #5953, #3264, #4678, .T. ) ;
#3243 = CIRCLE ( 'NONE', #7864, 1.250000000000001110 ) ;
#3244 = CARTESIAN_POINT ( 'NONE',  ( 185.4200000000000159, 0.000000000000000000, 0.000000000000000000 ) ) ;
#3245 = EDGE_LOOP ( 'NONE', ( #3744, #5093 ) ) ;
#3246 = LINE ( 'NONE', #4604, #6077 ) ;
#3247 = DIRECTION ( 'NONE',  ( -0.000000000000000000, -0.000000000000000000, -1.000000000000000000 ) ) ;
#3248 = DIRECTION ( 'NONE',  ( -1.000000000000000000, 0.000000000000000000, 0.000000000000000000 ) ) ;
#3249 = LINE ( 'NONE', #5706, #3560 ) ;
#3250 = DIRECTION ( 'NONE',  ( 1.000000000000000000, 0.000000000000000000, 0.000000000000000000 ) ) ;
#3251 = ADVANCED_FACE ( 'NONE', ( #1072 ), #2232, .F. ) ;
#3252 = CARTESIAN_POINT ( 'NONE',  ( -92.72999999999998977, 0.000000000000000000, 0.000000000000000000 ) ) ;
#3253 = ORIENTED_EDGE ( 'NONE', *, *, #5601, .T. ) ;
#3254 = ORIENTED_EDGE ( 'NONE', *, *, #5101, .T. ) ;
#3255 = CIRCLE ( 'NONE', #1735, 1.249999999999973355 ) ;
#3256 = VECTOR ( 'NONE', #5448, 1000.000000000000000 ) ;
#3257 = DIRECTION ( 'NONE',  ( 1.000000000000000000, 0.000000000000000000, 0.000000000000000000 ) ) ;
#3258 = ORIENTED_EDGE ( 'NONE', *, *, #4059, .F. ) ;
#3259 = FACE_OUTER_BOUND ( 'NONE', #779, .T. ) ;
#3260 = DIRECTION ( 'NONE',  ( 0.000000000000000000, 0.000000000000000000, 1.000000000000000000 ) ) ;
#3261 = DIRECTION ( 'NONE',  ( 1.000000000000000000, 0.000000000000000000, 0.000000000000000000 ) ) ;
#3262 = EDGE_CURVE ( 'NONE', #4203, #5063, #6841, .T. ) ;
#3263 = CIRCLE ( 'NONE', #7885, 1.250000000000001110 ) ;
#3264 = VERTEX_POINT ( 'NONE', #317 ) ;
#3265 = VERTEX_POINT ( 'NONE', #2874 ) ;
#3266 = VECTOR ( 'NONE', #278, 1000.000000000000000 ) ;
#3267 = DIRECTION ( 'NONE',  ( 0.000000000000000000, 0.000000000000000000, 1.000000000000000000 ) ) ;
#3268 = CARTESIAN_POINT ( 'NONE',  ( -226.0600000000000023, 0.000000000000000000, 2.000000000000000000 ) ) ;
#3269 = CIRCLE ( 'NONE', #3917, 1.250000000000001110 ) ;
#3270 = ORIENTED_EDGE ( 'NONE', *, *, #2064, .F. ) ;
#3271 = DIRECTION ( 'NONE',  ( -0.000000000000000000, -0.000000000000000000, -1.000000000000000000 ) ) ;
#3272 = DIRECTION ( 'NONE',  ( 0.000000000000000000, 0.000000000000000000, 1.000000000000000000 ) ) ;
#3273 = FACE_OUTER_BOUND ( 'NONE', #6738, .T. ) ;
#3274 = VERTEX_POINT ( 'NONE', #5282 ) ;
#3275 = AXIS2_PLACEMENT_3D ( 'NONE', #5096, #4616, #338 ) ;
#3276 = ORIENTED_EDGE ( 'NONE', *, *, #5611, .T. ) ;
#3277 = CARTESIAN_POINT ( 'NONE',  ( 16.52999999999997272, 1.530808498934190091E-16, 0.000000000000000000 ) ) ;
#3278 = AXIS2_PLACEMENT_3D ( 'NONE', #7905, #6541, #4095 ) ;
#3279 = CYLINDRICAL_SURFACE ( 'NONE', #7797, 1.250000000000001110 ) ;
#3280 = CARTESIAN_POINT ( 'NONE',  ( 257.7899999999999636, 0.000000000000000000, -0.2999999999999999889 ) ) ;
#3281 = EDGE_CURVE ( 'NONE', #4004, #5251, #2791, .T. ) ;
#3282 = VERTEX_POINT ( 'NONE', #6441 ) ;
#3283 = AXIS2_PLACEMENT_3D ( 'NONE', #2660, #6266, #3183 ) ;
#3284 = CARTESIAN_POINT ( 'NONE',  ( -227.3100000000000023, 1.530808498934191571E-16, -0.2999999999999999889 ) ) ;
#3285 = ORIENTED_EDGE ( 'NONE', *, *, #6170, .T. ) ;
#3286 = CARTESIAN_POINT ( 'NONE',  ( -6.370000000000004547, 0.000000000000000000, 0.000000000000000000 ) ) ;
#3287 = DIRECTION ( 'NONE',  ( 1.000000000000000000, 0.000000000000000000, 0.000000000000000000 ) ) ;
#3288 = CARTESIAN_POINT ( 'NONE',  ( -63.50000000000000000, 0.000000000000000000, 0.000000000000000000 ) ) ;
#3289 = CARTESIAN_POINT ( 'NONE',  ( 38.10000000000002274, 0.000000000000000000, 0.000000000000000000 ) ) ;
#3290 = ADVANCED_FACE ( 'NONE', ( #1633 ), #7689, .F. ) ;
#3291 = AXIS2_PLACEMENT_3D ( 'NONE', #5020, #214, #3776 ) ;
#3292 = DIRECTION ( 'NONE',  ( 1.000000000000000000, 0.000000000000000000, 0.000000000000000000 ) ) ;
#3293 = VERTEX_POINT ( 'NONE', #2191 ) ;
#3294 = ORIENTED_EDGE ( 'NONE', *, *, #1979, .F. ) ;
#3295 = PERSON_AND_ORGANIZATION ( #5423, #5405 ) ;
#3296 = AXIS2_PLACEMENT_3D ( 'NONE', #5940, #1691, #4137 ) ;
#3297 = EDGE_CURVE ( 'NONE', #3932, #1723, #4641, .T. ) ;
#3298 = DIRECTION ( 'NONE',  ( 1.000000000000000000, 0.000000000000000000, 0.000000000000000000 ) ) ;
#3299 = ORIENTED_EDGE ( 'NONE', *, *, #6268, .F. ) ;
#3300 = DIRECTION ( 'NONE',  ( 1.000000000000000000, 0.000000000000000000, 0.000000000000000000 ) ) ;
#3301 = DIRECTION ( 'NONE',  ( -1.000000000000000000, 0.000000000000000000, 0.000000000000000000 ) ) ;
#3302 = DIRECTION ( 'NONE',  ( 0.000000000000000000, 0.000000000000000000, 1.000000000000000000 ) ) ;
#3303 = VERTEX_POINT ( 'NONE', #957 ) ;
#3304 = CIRCLE ( 'NONE', #7021, 1.250000000000001110 ) ;
#3305 = EDGE_LOOP ( 'NONE', ( #5482, #984 ) ) ;
#3306 = ORIENTED_EDGE ( 'NONE', *, *, #3051, .T. ) ;
#3307 = DIRECTION ( 'NONE',  ( 0.000000000000000000, 0.000000000000000000, 1.000000000000000000 ) ) ;
#3308 = ADVANCED_FACE ( 'NONE', ( #6482 ), #6399, .F. ) ;
#3309 = LINE ( 'NONE', #79, #1098 ) ;
#3310 = AXIS2_PLACEMENT_3D ( 'NONE', #3800, #3, #2513 ) ;
#3311 = ORIENTED_EDGE ( 'NONE', *, *, #3350, .F. ) ;
#3312 = DIRECTION ( 'NONE',  ( 1.000000000000000000, 0.000000000000000000, 0.000000000000000000 ) ) ;
#3313 = CARTESIAN_POINT ( 'NONE',  ( -256.5400000000000205, 0.000000000000000000, 0.000000000000000000 ) ) ;
#3314 = CARTESIAN_POINT ( 'NONE',  ( 175.2599999999999909, 0.000000000000000000, -0.2999999999999999889 ) ) ;
#3315 = VERTEX_POINT ( 'NONE', #2708 ) ;
#3316 = CIRCLE ( 'NONE', #2544, 1.250000000000001110 ) ;
#3317 = EDGE_LOOP ( 'NONE', ( #4755, #2535, #4959, #7038 ) ) ;
#3318 = CIRCLE ( 'NONE', #5252, 1.250000000000001110 ) ;
#3319 = CARTESIAN_POINT ( 'NONE',  ( -139.6999999999999886, 0.000000000000000000, 0.000000000000000000 ) ) ;
#3320 = CARTESIAN_POINT ( 'NONE',  ( 227.3100000000000023, 0.000000000000000000, -0.2999999999999999889 ) ) ;
#3321 = FACE_OUTER_BOUND ( 'NONE', #3735, .T. ) ;
#3322 = EDGE_LOOP ( 'NONE', ( #4260, #6787 ) ) ;
#3323 = AXIS2_PLACEMENT_3D ( 'NONE', #5153, #867, #5194 ) ;
#3324 = EDGE_LOOP ( 'NONE', ( #4232, #1900 ) ) ;
#3325 = CARTESIAN_POINT ( 'NONE',  ( -195.5799999999999841, 0.000000000000000000, 0.000000000000000000 ) ) ;
#3326 = VERTEX_POINT ( 'NONE', #3395 ) ;
#3327 = DIRECTION ( 'NONE',  ( 0.000000000000000000, 0.000000000000000000, 1.000000000000000000 ) ) ;
#3328 = FACE_BOUND ( 'NONE', #2604, .T. ) ;
#3329 = DIRECTION ( 'NONE',  ( 0.000000000000000000, 0.000000000000000000, 1.000000000000000000 ) ) ;
#3330 = CIRCLE ( 'NONE', #6021, 1.250000000000001110 ) ;
#3331 = CYLINDRICAL_SURFACE ( 'NONE', #2347, 1.250000000000001110 ) ;
#3332 = EDGE_CURVE ( 'NONE', #7450, #5508, #4115, .T. ) ;
#3333 = DIRECTION ( 'NONE',  ( -1.000000000000000000, 0.000000000000000000, 0.000000000000000000 ) ) ;
#3334 = EDGE_LOOP ( 'NONE', ( #4106, #2424, #2620, #1374 ) ) ;
#3335 = ORIENTED_EDGE ( 'NONE', *, *, #678, .T. ) ;
#3336 = AXIS2_PLACEMENT_3D ( 'NONE', #2632, #1432, #5538 ) ;
#3337 = VECTOR ( 'NONE', #232, 1000.000000000000000 ) ;
#3338 = EDGE_CURVE ( 'NONE', #1298, #3182, #4293, .T. ) ;
#3339 = EDGE_CURVE ( 'NONE', #1473, #5621, #3471, .T. ) ;
#3340 = CARTESIAN_POINT ( 'NONE',  ( 252.7099999999999795, 0.000000000000000000, -0.2999999999999999889 ) ) ;
#3341 = EDGE_CURVE ( 'NONE', #5732, #2178, #6088, .T. ) ;
#3342 = ORIENTED_EDGE ( 'NONE', *, *, #2293, .T. ) ;
#3343 = DIRECTION ( 'NONE',  ( 1.000000000000000000, 0.000000000000000000, 0.000000000000000000 ) ) ;
#3344 = DIRECTION ( 'NONE',  ( 0.000000000000000000, 0.000000000000000000, 1.000000000000000000 ) ) ;
#3345 = DIRECTION ( 'NONE',  ( 1.000000000000000000, 0.000000000000000000, 0.000000000000000000 ) ) ;
#3346 = CC_DESIGN_SECURITY_CLASSIFICATION ( #5650, ( #2323 ) ) ;
#3347 = VERTEX_POINT ( 'NONE', #2273 ) ;
#3348 = ORIENTED_EDGE ( 'NONE', *, *, #2720, .T. ) ;
#3349 = VERTEX_POINT ( 'NONE', #4554 ) ;
#3350 = EDGE_CURVE ( 'NONE', #4700, #7441, #1510, .T. ) ;
#3351 = DIRECTION ( 'NONE',  ( -1.000000000000000000, 0.000000000000000000, 0.000000000000000000 ) ) ;
#3352 = AXIS2_PLACEMENT_3D ( 'NONE', #7890, #5599, #5488 ) ;
#3353 = DIRECTION ( 'NONE',  ( 0.000000000000000000, 0.000000000000000000, 1.000000000000000000 ) ) ;
#3354 = EDGE_LOOP ( 'NONE', ( #3591, #6409 ) ) ;
#3355 = CARTESIAN_POINT ( 'NONE',  ( 105.3899999999999864, 0.000000000000000000, 0.000000000000000000 ) ) ;
#3356 = CARTESIAN_POINT ( 'NONE',  ( -11.44999999999999041, 0.000000000000000000, -0.2999999999999999889 ) ) ;
#3357 = CIRCLE ( 'NONE', #5287, 1.250000000000001110 ) ;
#3358 = LINE ( 'NONE', #5850, #3266 ) ;
#3359 = EDGE_CURVE ( 'NONE', #6614, #1073, #2117, .T. ) ;
#3360 = AXIS2_PLACEMENT_3D ( 'NONE', #6832, #1344, #3790 ) ;
#3361 = EDGE_LOOP ( 'NONE', ( #1013, #5114, #1957, #6001 ) ) ;
#3362 = VERTEX_POINT ( 'NONE', #1791 ) ;
#3363 = AXIS2_PLACEMENT_3D ( 'NONE', #7238, #4908, #4338 ) ;
#3364 = CARTESIAN_POINT ( 'NONE',  ( -146.0300000000000011, 1.530808498934190091E-16, 0.000000000000000000 ) ) ;
#3365 = FACE_OUTER_BOUND ( 'NONE', #4392, .T. ) ;
#3366 = CARTESIAN_POINT ( 'NONE',  ( -3.790000000000020908, 1.530808498934191324E-16, 2.000000000000000000 ) ) ;
#3367 = ADVANCED_FACE ( 'NONE', ( #1152 ), #6752, .F. ) ;
#3368 = CIRCLE ( 'NONE', #7224, 1.250000000000001110 ) ;
#3369 = VERTEX_POINT ( 'NONE', #5523 ) ;
#3370 = CIRCLE ( 'NONE', #4391, 1.250000000000001110 ) ;
#3371 = ORIENTED_EDGE ( 'NONE', *, *, #2064, .T. ) ;
#3372 = CARTESIAN_POINT ( 'NONE',  ( -64.75000000000000000, 1.530808498934190091E-16, 0.000000000000000000 ) ) ;
#3373 = EDGE_LOOP ( 'NONE', ( #3294, #4599 ) ) ;
#3374 = CYLINDRICAL_SURFACE ( 'NONE', #2510, 1.250000000000001110 ) ;
#3375 = FACE_BOUND ( 'NONE', #3354, .T. ) ;
#3376 = DIRECTION ( 'NONE',  ( 1.000000000000000000, 0.000000000000000000, 0.000000000000000000 ) ) ;
#3377 = CARTESIAN_POINT ( 'NONE',  ( 79.99000000000000909, 0.000000000000000000, 2.000000000000000000 ) ) ;
#3378 = DIRECTION ( 'NONE',  ( 0.000000000000000000, 0.000000000000000000, 1.000000000000000000 ) ) ;
#3379 = CIRCLE ( 'NONE', #698, 1.250000000000001110 ) ;
#3380 = EDGE_LOOP ( 'NONE', ( #6283, #7821, #5721, #6073 ) ) ;
#3381 = VERTEX_POINT ( 'NONE', #4839 ) ;
#3382 = DATE_AND_TIME ( #4710, #1172 ) ;
#3383 = CARTESIAN_POINT ( 'NONE',  ( -44.43000000000001393, 1.530808498934191571E-16, -0.2999999999999999889 ) ) ;
#3384 = AXIS2_PLACEMENT_3D ( 'NONE', #6529, #3522, #1561 ) ;
#3385 = ORIENTED_EDGE ( 'NONE', *, *, #4387, .T. ) ;
#3386 = DIRECTION ( 'NONE',  ( 1.000000000000000000, 0.000000000000000000, 0.000000000000000000 ) ) ;
#3387 = CYLINDRICAL_SURFACE ( 'NONE', #5150, 1.250000000000001110 ) ;
#3388 = EDGE_CURVE ( 'NONE', #7253, #3188, #5578, .T. ) ;
#3389 = ORIENTED_EDGE ( 'NONE', *, *, #7575, .T. ) ;
#3390 = ORIENTED_EDGE ( 'NONE', *, *, #2770, .F. ) ;
#3391 = AXIS2_PLACEMENT_3D ( 'NONE', #2109, #440, #5243 ) ;
#3392 = VERTEX_POINT ( 'NONE', #6678 ) ;
#3393 = AXIS2_PLACEMENT_3D ( 'NONE', #4733, #5418, #1128 ) ;
#3394 = CARTESIAN_POINT ( 'NONE',  ( -27.94000000000000128, 0.000000000000000000, 0.000000000000000000 ) ) ;
#3395 = CARTESIAN_POINT ( 'NONE',  ( -1.290000000000020464, 0.000000000000000000, 0.000000000000000000 ) ) ;
#3396 = ORIENTED_EDGE ( 'NONE', *, *, #4515, .T. ) ;
#3397 = CARTESIAN_POINT ( 'NONE',  ( 220.9800000000000182, 0.000000000000000000, 2.000000000000000000 ) ) ;
#3398 = CIRCLE ( 'NONE', #594, 1.250000000000001110 ) ;
#3399 = LINE ( 'NONE', #361, #1854 ) ;
#3400 = DIRECTION ( 'NONE',  ( 1.000000000000000000, 0.000000000000000000, 0.000000000000000000 ) ) ;
#3401 = EDGE_CURVE ( 'NONE', #2000, #1059, #3015, .T. ) ;
#3402 = ORIENTED_EDGE ( 'NONE', *, *, #3643, .F. ) ;
#3403 = CIRCLE ( 'NONE', #6731, 1.250000000000001110 ) ;
#3404 = DIRECTION ( 'NONE',  ( -1.000000000000000000, 0.000000000000000000, 0.000000000000000000 ) ) ;
#3405 = ORIENTED_EDGE ( 'NONE', *, *, #4786, .T. ) ;
#3406 = EDGE_CURVE ( 'NONE', #994, #1723, #3263, .T. ) ;
#3407 = CARTESIAN_POINT ( 'NONE',  ( 39.35000000000002274, 0.000000000000000000, -0.2999999999999999889 ) ) ;
#3408 = DIRECTION ( 'NONE',  ( 1.000000000000000000, 0.000000000000000000, 0.000000000000000000 ) ) ;
#3409 = DIRECTION ( 'NONE',  ( -0.000000000000000000, -0.000000000000000000, -1.000000000000000000 ) ) ;
#3410 = VECTOR ( 'NONE', #1613, 1000.000000000000000 ) ;
#3411 = ORIENTED_EDGE ( 'NONE', *, *, #4360, .T. ) ;
#3412 = VERTEX_POINT ( 'NONE', #4916 ) ;
#3413 = DIRECTION ( 'NONE',  ( -0.000000000000000000, -0.000000000000000000, -1.000000000000000000 ) ) ;
#3414 = CIRCLE ( 'NONE', #1243, 1.250000000000001110 ) ;
#3415 = ADVANCED_FACE ( 'NONE', ( #7807 ), #4758, .F. ) ;
#3416 = AXIS2_PLACEMENT_3D ( 'NONE', #3761, #5610, #2475 ) ;
#3417 = DIRECTION ( 'NONE',  ( 0.000000000000000000, 0.000000000000000000, 1.000000000000000000 ) ) ;
#3418 = FACE_BOUND ( 'NONE', #3966, .T. ) ;
#3419 = CARTESIAN_POINT ( 'NONE',  ( 22.86000000000001720, 0.000000000000000000, 2.000000000000000000 ) ) ;
#3420 = DIRECTION ( 'NONE',  ( -1.000000000000000000, 0.000000000000000000, 0.000000000000000000 ) ) ;
#3421 = CARTESIAN_POINT ( 'NONE',  ( 195.5799999999999841, 0.000000000000000000, 0.000000000000000000 ) ) ;
#3422 = EDGE_LOOP ( 'NONE', ( #2423, #2823 ) ) ;
#3423 = VERTEX_POINT ( 'NONE', #1192 ) ;
#3424 = CYLINDRICAL_SURFACE ( 'NONE', #474, 1.250000000000001110 ) ;
#3425 = VECTOR ( 'NONE', #2762, 1000.000000000000000 ) ;
#3426 = ORIENTED_EDGE ( 'NONE', *, *, #2427, .T. ) ;
#3427 = DIRECTION ( 'NONE',  ( -0.000000000000000000, -0.000000000000000000, -1.000000000000000000 ) ) ;
#3428 = CYLINDRICAL_SURFACE ( 'NONE', #5666, 1.250000000000001110 ) ;
#3429 = VERTEX_POINT ( 'NONE', #4309 ) ;
#3430 = ORIENTED_EDGE ( 'NONE', *, *, #2427, .F. ) ;
#3431 = ORIENTED_EDGE ( 'NONE', *, *, #7167, .T. ) ;
#3432 = FACE_BOUND ( 'NONE', #4655, .T. ) ;
#3433 = CARTESIAN_POINT ( 'NONE',  ( -264.1600000000000250, 0.000000000000000000, 2.000000000000000000 ) ) ;
#3434 = ORIENTED_EDGE ( 'NONE', *, *, #1315, .F. ) ;
#3435 = CARTESIAN_POINT ( 'NONE',  ( 39.35000000000002274, 0.000000000000000000, 2.000000000000000000 ) ) ;
#3436 = CARTESIAN_POINT ( 'NONE',  ( 156.1899999999999977, 0.000000000000000000, -0.2999999999999999889 ) ) ;
#3437 = DIRECTION ( 'NONE',  ( 0.000000000000000000, 0.000000000000000000, 1.000000000000000000 ) ) ;
#3438 = ORIENTED_EDGE ( 'NONE', *, *, #3702, .T. ) ;
#3439 = AXIS2_PLACEMENT_3D ( 'NONE', #7576, #286, #971 ) ;
#3440 = ADVANCED_FACE ( 'NONE', ( #5486 ), #5363, .F. ) ;
#3441 = LINE ( 'NONE', #7778, #4927 ) ;
#3442 = ADVANCED_FACE ( 'NONE', ( #6078 ), #1231, .F. ) ;
#3443 = ORIENTED_EDGE ( 'NONE', *, *, #3107, .F. ) ;
#3444 = CYLINDRICAL_SURFACE ( 'NONE', #1761, 1.250000000000001110 ) ;
#3445 = EDGE_CURVE ( 'NONE', #4032, #5536, #4272, .T. ) ;
#3446 = LINE ( 'NONE', #3927, #3055 ) ;
#3447 = LINE ( 'NONE', #2765, #2600 ) ;
#3448 = VERTEX_POINT ( 'NONE', #597 ) ;
#3449 = EDGE_CURVE ( 'NONE', #2197, #6687, #1228, .T. ) ;
#3450 = ORIENTED_EDGE ( 'NONE', *, *, #4387, .F. ) ;
#3451 = CARTESIAN_POINT ( 'NONE',  ( 247.6299999999999955, 0.000000000000000000, -0.2999999999999999889 ) ) ;
#3452 = CARTESIAN_POINT ( 'NONE',  ( -251.4600000000000080, 0.000000000000000000, -0.2999999999999999889 ) ) ;
#3453 = FACE_BOUND ( 'NONE', #3067, .T. ) ;
#3454 = CARTESIAN_POINT ( 'NONE',  ( -205.7400000000000091, 0.000000000000000000, -0.2999999999999999889 ) ) ;
#3455 = DIRECTION ( 'NONE',  ( -0.000000000000000000, -0.000000000000000000, -1.000000000000000000 ) ) ;
#3456 = DIRECTION ( 'NONE',  ( 0.000000000000000000, 0.000000000000000000, 1.000000000000000000 ) ) ;
#3457 = EDGE_CURVE ( 'NONE', #2798, #811, #3141, .T. ) ;
#3458 = EDGE_LOOP ( 'NONE', ( #4040, #973 ) ) ;
#3459 = EDGE_LOOP ( 'NONE', ( #6757, #2031 ) ) ;
#3460 = AXIS2_PLACEMENT_3D ( 'NONE', #6896, #6975, #6172 ) ;
#3461 = CARTESIAN_POINT ( 'NONE',  ( -144.7800000000000011, 0.000000000000000000, 2.000000000000000000 ) ) ;
#3462 = VERTEX_POINT ( 'NONE', #3596 ) ;
#3463 = DIRECTION ( 'NONE',  ( 0.000000000000000000, 0.000000000000000000, 1.000000000000000000 ) ) ;
#3464 = DIRECTION ( 'NONE',  ( 0.000000000000000000, 0.000000000000000000, 1.000000000000000000 ) ) ;
#3465 = ORIENTED_EDGE ( 'NONE', *, *, #2691, .F. ) ;
#3466 = EDGE_CURVE ( 'NONE', #2537, #1542, #4042, .T. ) ;
#3467 = CIRCLE ( 'NONE', #5646, 1.250000000000001110 ) ;
#3468 = VERTEX_POINT ( 'NONE', #1863 ) ;
#3469 = ORIENTED_EDGE ( 'NONE', *, *, #5201, .F. ) ;
#3470 = FACE_BOUND ( 'NONE', #4440, .T. ) ;
#3471 = LINE ( 'NONE', #3433, #6848 ) ;
#3472 = ORIENTED_EDGE ( 'NONE', *, *, #2017, .F. ) ;
#3473 = AXIS2_PLACEMENT_3D ( 'NONE', #1170, #3535, #5381 ) ;
#3474 = CC_DESIGN_APPROVAL ( #5594, ( #2323 ) ) ;
#3475 = DIRECTION ( 'NONE',  ( -1.000000000000000000, 0.000000000000000000, 0.000000000000000000 ) ) ;
#3476 = CARTESIAN_POINT ( 'NONE',  ( -176.5099999999999909, 1.530808498934191571E-16, -0.2999999999999999889 ) ) ;
#3477 = CARTESIAN_POINT ( 'NONE',  ( -22.86000000000001720, 0.000000000000000000, 0.000000000000000000 ) ) ;
#3478 = ORIENTED_EDGE ( 'NONE', *, *, #6036, .T. ) ;
#3479 = AXIS2_PLACEMENT_3D ( 'NONE', #2953, #4762, #3517 ) ;
#3480 = CIRCLE ( 'NONE', #1923, 1.250000000000001110 ) ;
#3481 = CARTESIAN_POINT ( 'NONE',  ( -251.4600000000000080, 0.000000000000000000, 0.000000000000000000 ) ) ;
#3482 = ORIENTED_EDGE ( 'NONE', *, *, #414, .T. ) ;
#3483 = DIRECTION ( 'NONE',  ( 0.000000000000000000, 0.000000000000000000, 1.000000000000000000 ) ) ;
#3484 = AXIS2_PLACEMENT_3D ( 'NONE', #3069, #5525, #35 ) ;
#3485 = DIRECTION ( 'NONE',  ( 0.000000000000000000, 0.000000000000000000, 1.000000000000000000 ) ) ;
#3486 = LINE ( 'NONE', #6971, #5682 ) ;
#3487 = ORIENTED_EDGE ( 'NONE', *, *, #3215, .F. ) ;
#3488 = APPLICATION_CONTEXT ( 'configuration controlled 3d designs of mechanical parts and assemblies' ) ;
#3489 = EDGE_CURVE ( 'NONE', #609, #4924, #6602, .T. ) ;
#3490 = EDGE_LOOP ( 'NONE', ( #6948, #4171, #3524, #4109 ) ) ;
#3491 = EDGE_CURVE ( 'NONE', #1812, #6510, #1860, .T. ) ;
#3492 = CARTESIAN_POINT ( 'NONE',  ( 196.8299999999999841, 0.000000000000000000, -0.2999999999999999889 ) ) ;
#3493 = CARTESIAN_POINT ( 'NONE',  ( -77.49000000000000909, 0.000000000000000000, -0.2999999999999999889 ) ) ;
#3494 = FACE_BOUND ( 'NONE', #5361, .T. ) ;
#3495 = DIRECTION ( 'NONE',  ( 1.000000000000000000, 0.000000000000000000, 0.000000000000000000 ) ) ;
#3496 = CARTESIAN_POINT ( 'NONE',  ( 58.42000000000002302, 0.000000000000000000, 0.000000000000000000 ) ) ;
#3497 = DIRECTION ( 'NONE',  ( -1.000000000000000000, 0.000000000000000000, 0.000000000000000000 ) ) ;
#3498 = EDGE_CURVE ( 'NONE', #5440, #1911, #3556, .T. ) ;
#3499 = VERTEX_POINT ( 'NONE', #5402 ) ;
#3500 = EDGE_LOOP ( 'NONE', ( #5788, #621, #101, #2667 ) ) ;
#3501 = AXIS2_PLACEMENT_3D ( 'NONE', #2612, #1409, #5587 ) ;
#3502 = FACE_OUTER_BOUND ( 'NONE', #5269, .T. ) ;
#3503 = ORIENTED_EDGE ( 'NONE', *, *, #7128, .T. ) ;
#3504 = EDGE_CURVE ( 'NONE', #3156, #512, #7248, .T. ) ;
#3505 = FACE_OUTER_BOUND ( 'NONE', #431, .T. ) ;
#3506 = LINE ( 'NONE', #7158, #3741 ) ;
#3507 = AXIS2_PLACEMENT_3D ( 'NONE', #7249, #561, #4081 ) ;
#3508 = CIRCLE ( 'NONE', #2352, 1.250000000000001110 ) ;
#3509 = ORIENTED_EDGE ( 'NONE', *, *, #6732, .T. ) ;
#3510 = EDGE_LOOP ( 'NONE', ( #3306, #5720, #2909, #809 ) ) ;
#3511 = ORIENTED_EDGE ( 'NONE', *, *, #2506, .T. ) ;
#3512 = FACE_BOUND ( 'NONE', #1478, .T. ) ;
#3513 = CIRCLE ( 'NONE', #3640, 1.250000000000001110 ) ;
#3514 = CARTESIAN_POINT ( 'NONE',  ( -209.5699999999999932, 0.000000000000000000, -0.2999999999999999889 ) ) ;
#3515 = ORIENTED_EDGE ( 'NONE', *, *, #3101, .T. ) ;
#3516 = EDGE_CURVE ( 'NONE', #4825, #6700, #3398, .T. ) ;
#3517 = DIRECTION ( 'NONE',  ( -1.000000000000000000, 0.000000000000000000, 0.000000000000000000 ) ) ;
#3518 = DIRECTION ( 'NONE',  ( 1.000000000000000000, 0.000000000000000000, 0.000000000000000000 ) ) ;
#3519 = CIRCLE ( 'NONE', #6326, 1.250000000000001110 ) ;
#3520 = VERTEX_POINT ( 'NONE', #4990 ) ;
#3521 = AXIS2_PLACEMENT_3D ( 'NONE', #6611, #1839, #6570 ) ;
#3522 = DIRECTION ( 'NONE',  ( 0.000000000000000000, 0.000000000000000000, 1.000000000000000000 ) ) ;
#3523 = VECTOR ( 'NONE', #6958, 1000.000000000000000 ) ;
#3524 = ORIENTED_EDGE ( 'NONE', *, *, #573, .T. ) ;
#3525 = DIRECTION ( 'NONE',  ( 1.000000000000000000, 0.000000000000000000, 0.000000000000000000 ) ) ;
#3526 = DIRECTION ( 'NONE',  ( -0.000000000000000000, -0.000000000000000000, -1.000000000000000000 ) ) ;
#3527 = DIRECTION ( 'NONE',  ( 1.000000000000000000, 0.000000000000000000, 0.000000000000000000 ) ) ;
#3528 = VERTEX_POINT ( 'NONE', #4500 ) ;
#3529 = CIRCLE ( 'NONE', #5833, 1.250000000000001110 ) ;
#3530 = ORIENTED_EDGE ( 'NONE', *, *, #2506, .F. ) ;
#3531 = CARTESIAN_POINT ( 'NONE',  ( 264.1600000000000250, 0.000000000000000000, 0.000000000000000000 ) ) ;
#3532 = DIRECTION ( 'NONE',  ( -1.000000000000000000, 0.000000000000000000, 0.000000000000000000 ) ) ;
#3533 = EDGE_CURVE ( 'NONE', #335, #6513, #3774, .T. ) ;
#3534 = CIRCLE ( 'NONE', #6345, 1.250000000000001110 ) ;
#3535 = DIRECTION ( 'NONE',  ( 0.000000000000000000, 0.000000000000000000, 1.000000000000000000 ) ) ;
#3536 = CARTESIAN_POINT ( 'NONE',  ( -181.5900000000000034, 1.530808498934191571E-16, -0.2999999999999999889 ) ) ;
#3537 = DIRECTION ( 'NONE',  ( -1.000000000000000000, 0.000000000000000000, 0.000000000000000000 ) ) ;
#3538 = CARTESIAN_POINT ( 'NONE',  ( -53.34000000000000341, 0.000000000000000000, 2.000000000000000000 ) ) ;
#3539 = EDGE_LOOP ( 'NONE', ( #1704, #3253, #7716, #4489 ) ) ;
#3540 = AXIS2_PLACEMENT_3D ( 'NONE', #2046, #977, #2089 ) ;
#3541 = ORIENTED_EDGE ( 'NONE', *, *, #1486, .T. ) ;
#3542 = PERSON_AND_ORGANIZATION_ROLE ( 'design_supplier' ) ;
#3543 = EDGE_CURVE ( 'NONE', #5967, #3628, #6210, .T. ) ;
#3544 = CARTESIAN_POINT ( 'NONE',  ( -226.0600000000000023, 0.000000000000000000, -0.2999999999999999889 ) ) ;
#3545 = EDGE_CURVE ( 'NONE', #7432, #4467, #3912, .T. ) ;
#3546 = DIRECTION ( 'NONE',  ( 0.000000000000000000, 0.000000000000000000, 1.000000000000000000 ) ) ;
#3547 = DIRECTION ( 'NONE',  ( 1.000000000000000000, 0.000000000000000000, 0.000000000000000000 ) ) ;
#3548 = FACE_OUTER_BOUND ( 'NONE', #5377, .T. ) ;
#3549 = CIRCLE ( 'NONE', #5724, 1.250000000000001110 ) ;
#3550 = EDGE_LOOP ( 'NONE', ( #3629, #1869, #6664, #2346 ) ) ;
#3551 = VERTEX_POINT ( 'NONE', #744 ) ;
#3552 = EDGE_CURVE ( 'NONE', #5565, #3971, #3181, .T. ) ;
#3553 = ORIENTED_EDGE ( 'NONE', *, *, #1285, .F. ) ;
#3554 = FACE_BOUND ( 'NONE', #3459, .T. ) ;
#3555 = CIRCLE ( 'NONE', #4571, 1.250000000000001110 ) ;
#3556 = LINE ( 'NONE', #520, #5325 ) ;
#3557 = EDGE_LOOP ( 'NONE', ( #4901, #2525 ) ) ;
#3558 = FACE_OUTER_BOUND ( 'NONE', #6726, .T. ) ;
#3559 = CARTESIAN_POINT ( 'NONE',  ( -257.7900000000000205, 1.530808498934224111E-16, 0.000000000000000000 ) ) ;
#3560 = VECTOR ( 'NONE', #6860, 1000.000000000000000 ) ;
#3561 = VERTEX_POINT ( 'NONE', #1340 ) ;
#3562 = ADVANCED_FACE ( 'NONE', ( #5672 ), #2020, .F. ) ;
#3563 = CARTESIAN_POINT ( 'NONE',  ( -194.3299999999999841, 0.000000000000000000, 0.000000000000000000 ) ) ;
#3564 = VECTOR ( 'NONE', #4821, 1000.000000000000000 ) ;
#3565 = VERTEX_POINT ( 'NONE', #783 ) ;
#3566 = LINE ( 'NONE', #450, #7391 ) ;
#3567 = DIRECTION ( 'NONE',  ( -1.000000000000000000, 0.000000000000000000, 0.000000000000000000 ) ) ;
#3568 = CYLINDRICAL_SURFACE ( 'NONE', #7490, 1.249999999999973355 ) ;
#3569 = ORIENTED_EDGE ( 'NONE', *, *, #1357, .F. ) ;
#3570 = CIRCLE ( 'NONE', #4592, 1.250000000000001110 ) ;
#3571 = EDGE_CURVE ( 'NONE', #103, #3551, #3529, .T. ) ;
#3572 = ORIENTED_EDGE ( 'NONE', *, *, #1219, .F. ) ;
#3573 = CARTESIAN_POINT ( 'NONE',  ( 78.74000000000000909, 0.000000000000000000, 0.000000000000000000 ) ) ;
#3574 = CARTESIAN_POINT ( 'NONE',  ( -241.3000000000000114, 0.000000000000000000, 2.000000000000000000 ) ) ;
#3575 = CIRCLE ( 'NONE', #1906, 1.250000000000001110 ) ;
#3576 = EDGE_CURVE ( 'NONE', #3326, #4860, #80, .T. ) ;
#3577 = FACE_OUTER_BOUND ( 'NONE', #3745, .T. ) ;
#3578 = CARTESIAN_POINT ( 'NONE',  ( -264.1600000000000250, 3.000000000000000000, 2.000000000000000000 ) ) ;
#3579 = LINE ( 'NONE', #6098, #290 ) ;
#3580 = CARTESIAN_POINT ( 'NONE',  ( -186.6700000000000443, 1.530808498934191571E-16, -0.2999999999999999889 ) ) ;
#3581 = ORIENTED_EDGE ( 'NONE', *, *, #3585, .T. ) ;
#3582 = LINE ( 'NONE', #3695, #653 ) ;
#3583 = ORIENTED_EDGE ( 'NONE', *, *, #1579, .T. ) ;
#3584 = CARTESIAN_POINT ( 'NONE',  ( -130.7899999999999920, 1.530808498934190091E-16, 2.000000000000000000 ) ) ;
#3585 = EDGE_CURVE ( 'NONE', #5251, #4065, #1103, .T. ) ;
#3586 = ORIENTED_EDGE ( 'NONE', *, *, #4094, .T. ) ;
#3587 = CARTESIAN_POINT ( 'NONE',  ( 191.7500000000000000, 0.000000000000000000, -0.2999999999999999889 ) ) ;
#3588 = CIRCLE ( 'NONE', #128, 1.250000000000001110 ) ;
#3589 = DIRECTION ( 'NONE',  ( 1.000000000000000000, 0.000000000000000000, 0.000000000000000000 ) ) ;
#3590 = VERTEX_POINT ( 'NONE', #5634 ) ;
#3591 = ORIENTED_EDGE ( 'NONE', *, *, #3688, .F. ) ;
#3592 = ADVANCED_FACE ( 'NONE', ( #3145 ), #106, .F. ) ;
#3593 = ORIENTED_EDGE ( 'NONE', *, *, #5522, .F. ) ;
#3594 = AXIS2_PLACEMENT_3D ( 'NONE', #1016, #4093, #1612 ) ;
#3595 = CYLINDRICAL_SURFACE ( 'NONE', #2701, 1.250000000000001110 ) ;
#3596 = CARTESIAN_POINT ( 'NONE',  ( 189.2500000000000000, 1.530808498934190091E-16, 0.000000000000000000 ) ) ;
#3597 = ORIENTED_EDGE ( 'NONE', *, *, #1736, .T. ) ;
#3598 = DIRECTION ( 'NONE',  ( -0.000000000000000000, -0.000000000000000000, -1.000000000000000000 ) ) ;
#3599 = FACE_OUTER_BOUND ( 'NONE', #1661, .T. ) ;
#3600 = AXIS2_PLACEMENT_3D ( 'NONE', #5463, #1312, #1131 ) ;
#3601 = ORIENTED_EDGE ( 'NONE', *, *, #5267, .T. ) ;
#3602 = ADVANCED_FACE ( 'NONE', ( #3709 ), #1902, .F. ) ;
#3603 = CIRCLE ( 'NONE', #2444, 1.249999999999973355 ) ;
#3604 = FACE_OUTER_BOUND ( 'NONE', #5780, .T. ) ;
#3605 = ORIENTED_EDGE ( 'NONE', *, *, #4341, .T. ) ;
#3606 = LINE ( 'NONE', #6049, #5862 ) ;
#3607 = EDGE_CURVE ( 'NONE', #6068, #994, #7473, .T. ) ;
#3608 = CARTESIAN_POINT ( 'NONE',  ( 41.93000000000000682, 1.530808498934190091E-16, 2.000000000000000000 ) ) ;
#3609 = DIRECTION ( 'NONE',  ( 1.000000000000000000, 0.000000000000000000, 0.000000000000000000 ) ) ;
#3610 = VERTEX_POINT ( 'NONE', #5108 ) ;
#3611 = DIRECTION ( 'NONE',  ( -0.000000000000000000, -0.000000000000000000, -1.000000000000000000 ) ) ;
#3612 = CYLINDRICAL_SURFACE ( 'NONE', #6483, 1.250000000000001110 ) ;
#3613 = DIRECTION ( 'NONE',  ( 0.000000000000000000, 0.000000000000000000, 1.000000000000000000 ) ) ;
#3614 = EDGE_CURVE ( 'NONE', #2942, #6953, #1610, .T. ) ;
#3615 = CARTESIAN_POINT ( 'NONE',  ( 138.4499999999999886, 1.530808498934191571E-16, -0.2999999999999999889 ) ) ;
#3616 = CARTESIAN_POINT ( 'NONE',  ( 219.7300000000000182, 1.530808498934191571E-16, -0.2999999999999999889 ) ) ;
#3617 = CARTESIAN_POINT ( 'NONE',  ( -11.44999999999999041, 0.000000000000000000, 0.000000000000000000 ) ) ;
#3618 = CIRCLE ( 'NONE', #4378, 1.250000000000001110 ) ;
#3619 = ORIENTED_EDGE ( 'NONE', *, *, #1357, .T. ) ;
#3620 = FACE_OUTER_BOUND ( 'NONE', #2298, .T. ) ;
#3621 = ORIENTED_EDGE ( 'NONE', *, *, #5623, .T. ) ;
#3622 = CYLINDRICAL_SURFACE ( 'NONE', #5202, 1.250000000000001110 ) ;
#3623 = CARTESIAN_POINT ( 'NONE',  ( -99.06000000000000227, 0.000000000000000000, 0.000000000000000000 ) ) ;
#3624 = AXIS2_PLACEMENT_3D ( 'NONE', #5665, #98, #3819 ) ;
#3625 = DIRECTION ( 'NONE',  ( 0.000000000000000000, 0.000000000000000000, 1.000000000000000000 ) ) ;
#3626 = CYLINDRICAL_SURFACE ( 'NONE', #4384, 1.250000000000001110 ) ;
#3627 = CARTESIAN_POINT ( 'NONE',  ( 17.77999999999997272, 0.000000000000000000, -0.2999999999999999889 ) ) ;
#3628 = VERTEX_POINT ( 'NONE', #3787 ) ;
#3629 = ORIENTED_EDGE ( 'NONE', *, *, #5421, .T. ) ;
#3630 = CIRCLE ( 'NONE', #2594, 1.250000000000001110 ) ;
#3631 = EDGE_LOOP ( 'NONE', ( #700, #3710, #5353, #6126 ) ) ;
#3632 = FACE_BOUND ( 'NONE', #3373, .T. ) ;
#3633 = DIRECTION ( 'NONE',  ( 0.000000000000000000, 0.000000000000000000, 1.000000000000000000 ) ) ;
#3634 = AXIS2_PLACEMENT_3D ( 'NONE', #403, #4044, #5887 ) ;
#3635 = EDGE_LOOP ( 'NONE', ( #667, #2786 ) ) ;
#3637 = ADVANCED_FACE ( 'NONE', ( #145 ), #3218, .F. ) ;
#3636 = CARTESIAN_POINT ( 'NONE',  ( -12.69999999999998863, 0.000000000000000000, 0.000000000000000000 ) ) ;
#3638 = DIRECTION ( 'NONE',  ( 1.000000000000000000, 0.000000000000000000, 0.000000000000000000 ) ) ;
#3639 = ORIENTED_EDGE ( 'NONE', *, *, #764, .F. ) ;
#3640 = AXIS2_PLACEMENT_3D ( 'NONE', #5163, #7003, #1596 ) ;
#3641 = DIRECTION ( 'NONE',  ( 1.000000000000000000, 0.000000000000000000, 0.000000000000000000 ) ) ;
#3642 = EDGE_LOOP ( 'NONE', ( #905, #7685 ) ) ;
#3643 = EDGE_CURVE ( 'NONE', #4862, #2484, #5713, .T. ) ;
#3644 = DIRECTION ( 'NONE',  ( 1.000000000000000000, 0.000000000000000000, 0.000000000000000000 ) ) ;
#3645 = DIRECTION ( 'NONE',  ( 0.000000000000000000, 0.000000000000000000, 1.000000000000000000 ) ) ;
#3646 = ORIENTED_EDGE ( 'NONE', *, *, #4640, .F. ) ;
#3647 = EDGE_CURVE ( 'NONE', #1723, #994, #207, .T. ) ;
#3648 = CIRCLE ( 'NONE', #5320, 1.250000000000001110 ) ;
#3649 = AXIS2_PLACEMENT_3D ( 'NONE', #4052, #3409, #1566 ) ;
#3650 = DIRECTION ( 'NONE',  ( -0.000000000000000000, -0.000000000000000000, -1.000000000000000000 ) ) ;
#3651 = FACE_BOUND ( 'NONE', #4396, .T. ) ;
#3652 = CYLINDRICAL_SURFACE ( 'NONE', #1517, 1.250000000000001110 ) ;
#3653 = CARTESIAN_POINT ( 'NONE',  ( -160.0200000000000102, 0.000000000000000000, 0.000000000000000000 ) ) ;
#3654 = DIRECTION ( 'NONE',  ( 0.000000000000000000, 0.000000000000000000, 1.000000000000000000 ) ) ;
#3655 = VECTOR ( 'NONE', #1035, 1000.000000000000000 ) ;
#3656 = ORIENTED_EDGE ( 'NONE', *, *, #892, .T. ) ;
#3657 = DIRECTION ( 'NONE',  ( 0.000000000000000000, 0.000000000000000000, 1.000000000000000000 ) ) ;
#3658 = EDGE_CURVE ( 'NONE', #4950, #6519, #862, .T. ) ;
#3659 = ORIENTED_EDGE ( 'NONE', *, *, #7775, .T. ) ;
#3660 = AXIS2_PLACEMENT_3D ( 'NONE', #4670, #903, #5190 ) ;
#3661 = DIRECTION ( 'NONE',  ( 0.000000000000000000, 0.000000000000000000, 1.000000000000000000 ) ) ;
#3662 = CARTESIAN_POINT ( 'NONE',  ( -12.69999999999998863, 0.000000000000000000, -0.2999999999999999889 ) ) ;
#3663 = DIRECTION ( 'NONE',  ( 0.000000000000000000, 0.000000000000000000, 1.000000000000000000 ) ) ;
#3664 = DIRECTION ( 'NONE',  ( -0.000000000000000000, -0.000000000000000000, -1.000000000000000000 ) ) ;
#3665 = DIRECTION ( 'NONE',  ( 0.000000000000000000, 0.000000000000000000, 1.000000000000000000 ) ) ;
#3666 = ORIENTED_EDGE ( 'NONE', *, *, #5109, .F. ) ;
#3667 = AXIS2_PLACEMENT_3D ( 'NONE', #4335, #3736, #694 ) ;
#3668 = VERTEX_POINT ( 'NONE', #2738 ) ;
#3669 = ORIENTED_EDGE ( 'NONE', *, *, #2857, .F. ) ;
#3670 = FACE_BOUND ( 'NONE', #7799, .T. ) ;
#3671 = CARTESIAN_POINT ( 'NONE',  ( -58.42000000000002302, 0.000000000000000000, 2.000000000000000000 ) ) ;
#3672 = AXIS2_PLACEMENT_3D ( 'NONE', #4009, #2162, #5773 ) ;
#3673 = ORIENTED_EDGE ( 'NONE', *, *, #6488, .F. ) ;
#3674 = DIRECTION ( 'NONE',  ( 1.000000000000000000, 0.000000000000000000, 0.000000000000000000 ) ) ;
#3675 = CARTESIAN_POINT ( 'NONE',  ( -83.81999999999999318, 0.000000000000000000, 0.000000000000000000 ) ) ;
#3676 = ORIENTED_EDGE ( 'NONE', *, *, #5806, .F. ) ;
#3677 = AXIS2_PLACEMENT_3D ( 'NONE', #2059, #4426, #3300 ) ;
#3678 = CARTESIAN_POINT ( 'NONE',  ( 59.67000000000002302, 0.000000000000000000, 2.000000000000000000 ) ) ;
#3679 = ORIENTED_EDGE ( 'NONE', *, *, #2704, .F. ) ;
#3680 = AXIS2_PLACEMENT_3D ( 'NONE', #4464, #4632, #1584 ) ;
#3681 = EDGE_CURVE ( 'NONE', #4940, #525, #3534, .T. ) ;
#3682 = DIRECTION ( 'NONE',  ( 0.000000000000000000, 0.000000000000000000, 1.000000000000000000 ) ) ;
#3683 = CYLINDRICAL_SURFACE ( 'NONE', #7879, 1.250000000000001110 ) ;
#3684 = EDGE_LOOP ( 'NONE', ( #7755, #554 ) ) ;
#3685 = EDGE_CURVE ( 'NONE', #4331, #3315, #339, .T. ) ;
#3686 = ADVANCED_FACE ( 'NONE', ( #7719 ), #1622, .F. ) ;
#3687 = AXIS2_PLACEMENT_3D ( 'NONE', #422, #3329, #5784 ) ;
#3688 = EDGE_CURVE ( 'NONE', #5483, #6120, #7634, .T. ) ;
#3689 = DIRECTION ( 'NONE',  ( 1.000000000000000000, 0.000000000000000000, 0.000000000000000000 ) ) ;
#3690 = FACE_BOUND ( 'NONE', #3458, .T. ) ;
#3691 = CARTESIAN_POINT ( 'NONE',  ( -87.65000000000000568, 0.000000000000000000, -0.2999999999999999889 ) ) ;
#3692 = DIRECTION ( 'NONE',  ( 0.000000000000000000, 0.000000000000000000, 1.000000000000000000 ) ) ;
#3693 = AXIS2_PLACEMENT_3D ( 'NONE', #3969, #243, #4484 ) ;
#3694 = ORIENTED_EDGE ( 'NONE', *, *, #7837, .F. ) ;
#3695 = CARTESIAN_POINT ( 'NONE',  ( 92.73000000000001819, 1.530808498934191571E-16, -0.2999999999999999889 ) ) ;
#3696 = EDGE_LOOP ( 'NONE', ( #42, #3113, #3924, #5234 ) ) ;
#3697 = CIRCLE ( 'NONE', #245, 1.250000000000001110 ) ;
#3698 = DIRECTION ( 'NONE',  ( -0.000000000000000000, -0.000000000000000000, -1.000000000000000000 ) ) ;
#3699 = ORIENTED_EDGE ( 'NONE', *, *, #4865, .F. ) ;
#3700 = DIRECTION ( 'NONE',  ( 0.000000000000000000, 0.000000000000000000, 1.000000000000000000 ) ) ;
#3701 = CARTESIAN_POINT ( 'NONE',  ( 31.76999999999997826, 1.530808498934191571E-16, -0.2999999999999999889 ) ) ;
#3702 = EDGE_CURVE ( 'NONE', #6648, #2860, #2253, .T. ) ;
#3703 = CARTESIAN_POINT ( 'NONE',  ( 163.8500000000000227, 1.530808498934190091E-16, 2.000000000000000000 ) ) ;
#3704 = ORIENTED_EDGE ( 'NONE', *, *, #18, .F. ) ;
#3705 = VERTEX_POINT ( 'NONE', #4067 ) ;
#3706 = EDGE_LOOP ( 'NONE', ( #564, #7771, #7077, #2192 ) ) ;
#3707 = MANIFOLD_SOLID_BREP ( 'Rymovia replaceable 104HP AISI304 threaded strip', #3091 ) ;
#3708 = FACE_BOUND ( 'NONE', #2229, .T. ) ;
#3709 = FACE_OUTER_BOUND ( 'NONE', #1485, .T. ) ;
#3710 = ORIENTED_EDGE ( 'NONE', *, *, #1627, .T. ) ;
#3711 = DIRECTION ( 'NONE',  ( -0.000000000000000000, -0.000000000000000000, -1.000000000000000000 ) ) ;
#3712 = LINE ( 'NONE', #6153, #5512 ) ;
#3713 = EDGE_CURVE ( 'NONE', #912, #5259, #6429, .T. ) ;
#3714 = CIRCLE ( 'NONE', #260, 1.250000000000001110 ) ;
#3715 = ORIENTED_EDGE ( 'NONE', *, *, #7284, .F. ) ;
#3716 = ORIENTED_EDGE ( 'NONE', *, *, #3199, .F. ) ;
#3717 = DIRECTION ( 'NONE',  ( 0.000000000000000000, 0.000000000000000000, 1.000000000000000000 ) ) ;
#3718 = EDGE_LOOP ( 'NONE', ( #7482, #1390 ) ) ;
#3719 = AXIS2_PLACEMENT_3D ( 'NONE', #3088, #2485, #1775 ) ;
#3720 = CARTESIAN_POINT ( 'NONE',  ( -128.2899999999999920, 0.000000000000000000, 2.000000000000000000 ) ) ;
#3721 = DIRECTION ( 'NONE',  ( 1.000000000000000000, 0.000000000000000000, 0.000000000000000000 ) ) ;
#3722 = VERTEX_POINT ( 'NONE', #3986 ) ;
#3723 = AXIS2_PLACEMENT_3D ( 'NONE', #7651, #6401, #2711 ) ;
#3724 = CIRCLE ( 'NONE', #2441, 1.250000000000001110 ) ;
#3725 = EDGE_CURVE ( 'NONE', #1925, #1032, #6852, .T. ) ;
#3726 = DIRECTION ( 'NONE',  ( 0.000000000000000000, 0.000000000000000000, 1.000000000000000000 ) ) ;
#3727 = FACE_OUTER_BOUND ( 'NONE', #4129, .T. ) ;
#3728 = VECTOR ( 'NONE', #1594, 1000.000000000000000 ) ;
#3729 = DIRECTION ( 'NONE',  ( 1.000000000000000000, 0.000000000000000000, 0.000000000000000000 ) ) ;
#3730 = AXIS2_PLACEMENT_3D ( 'NONE', #2271, #4075, #1151 ) ;
#3731 = CARTESIAN_POINT ( 'NONE',  ( 149.8600000000000136, 0.000000000000000000, -0.2999999999999999889 ) ) ;
#3732 = ADVANCED_FACE ( 'NONE', ( #944 ), #3424, .F. ) ;
#3733 = ORIENTED_EDGE ( 'NONE', *, *, #176, .F. ) ;
#3734 = CARTESIAN_POINT ( 'NONE',  ( 149.8600000000000136, 0.000000000000000000, -0.2999999999999999889 ) ) ;
#3735 = EDGE_LOOP ( 'NONE', ( #899, #2900, #3254, #4469 ) ) ;
#3736 = DIRECTION ( 'NONE',  ( 0.000000000000000000, 0.000000000000000000, 1.000000000000000000 ) ) ;
#3737 = FACE_BOUND ( 'NONE', #1506, .T. ) ;
#3738 = CARTESIAN_POINT ( 'NONE',  ( 148.6100000000000136, 1.530808498934191571E-16, -0.2999999999999999889 ) ) ;
#3739 = CARTESIAN_POINT ( 'NONE',  ( 22.86000000000001720, 0.000000000000000000, 0.000000000000000000 ) ) ;
#3740 = EDGE_CURVE ( 'NONE', #4837, #5063, #430, .T. ) ;
#3741 = VECTOR ( 'NONE', #3464, 1000.000000000000000 ) ;
#3742 = CYLINDRICAL_SURFACE ( 'NONE', #1083, 1.250000000000001110 ) ;
#3743 = EDGE_LOOP ( 'NONE', ( #2111, #5039 ) ) ;
#3744 = ORIENTED_EDGE ( 'NONE', *, *, #3112, .F. ) ;
#3745 = EDGE_LOOP ( 'NONE', ( #1505, #2058, #374, #6777 ) ) ;
#3746 = PLANE ( 'NONE',  #1809 ) ;
#3747 = EDGE_CURVE ( 'NONE', #581, #4269, #4943, .T. ) ;
#3748 = AXIS2_PLACEMENT_3D ( 'NONE', #2344, #3664, #4869 ) ;
#3749 = CARTESIAN_POINT ( 'NONE',  ( -231.1400000000000148, 0.000000000000000000, 2.000000000000000000 ) ) ;
#3750 = ORIENTED_EDGE ( 'NONE', *, *, #7175, .F. ) ;
#3751 = DIRECTION ( 'NONE',  ( -0.000000000000000000, -0.000000000000000000, -1.000000000000000000 ) ) ;
#3752 = DIRECTION ( 'NONE',  ( -1.000000000000000000, 0.000000000000000000, 0.000000000000000000 ) ) ;
#3753 = CARTESIAN_POINT ( 'NONE',  ( 0.000000000000000000, -3.000000000000000000, 0.000000000000000000 ) ) ;
#3754 = ORIENTED_EDGE ( 'NONE', *, *, #6342, .T. ) ;
#3755 = ORIENTED_EDGE ( 'NONE', *, *, #2507, .F. ) ;
#3756 = FACE_OUTER_BOUND ( 'NONE', #702, .T. ) ;
#3757 = EDGE_CURVE ( 'NONE', #1181, #2197, #4544, .T. ) ;
#3758 = DIRECTION ( 'NONE',  ( 0.000000000000000000, 0.000000000000000000, 1.000000000000000000 ) ) ;
#3759 = EDGE_LOOP ( 'NONE', ( #2222, #7659, #4369, #2545 ) ) ;
#3760 = CARTESIAN_POINT ( 'NONE',  ( 26.68999999999999773, 1.530808498934190091E-16, 2.000000000000000000 ) ) ;
#3761 = CARTESIAN_POINT ( 'NONE',  ( 114.3000000000000114, 0.000000000000000000, 2.000000000000000000 ) ) ;
#3762 = CIRCLE ( 'NONE', #5564, 1.250000000000001110 ) ;
#3763 = ORIENTED_EDGE ( 'NONE', *, *, #7863, .T. ) ;
#3764 = CIRCLE ( 'NONE', #5819, 1.250000000000001110 ) ;
#3765 = LINE ( 'NONE', #5500, #6490 ) ;
#3766 = DIRECTION ( 'NONE',  ( 0.000000000000000000, 0.000000000000000000, 1.000000000000000000 ) ) ;
#3767 = DIRECTION ( 'NONE',  ( 1.000000000000000000, 0.000000000000000000, 0.000000000000000000 ) ) ;
#3768 = CIRCLE ( 'NONE', #7622, 1.250000000000001110 ) ;
#3769 = EDGE_LOOP ( 'NONE', ( #4893, #6915 ) ) ;
#3770 = FACE_OUTER_BOUND ( 'NONE', #3317, .T. ) ;
#3771 = ORIENTED_EDGE ( 'NONE', *, *, #322, .T. ) ;
#3772 = EDGE_CURVE ( 'NONE', #6813, #2550, #2260, .T. ) ;
#3773 = CYLINDRICAL_SURFACE ( 'NONE', #1237, 1.250000000000001110 ) ;
#3774 = CIRCLE ( 'NONE', #6338, 1.250000000000001110 ) ;
#3775 = DIRECTION ( 'NONE',  ( 0.000000000000000000, 0.000000000000000000, 1.000000000000000000 ) ) ;
#3776 = DIRECTION ( 'NONE',  ( 1.000000000000000000, 0.000000000000000000, 0.000000000000000000 ) ) ;
#3777 = CARTESIAN_POINT ( 'NONE',  ( -114.3000000000000114, 0.000000000000000000, 2.000000000000000000 ) ) ;
#3778 = ADVANCED_FACE ( 'NONE', ( #3906 ), #7638, .F. ) ;
#3779 = CARTESIAN_POINT ( 'NONE',  ( 185.4200000000000159, 0.000000000000000000, 0.000000000000000000 ) ) ;
#3780 = VERTEX_POINT ( 'NONE', #6988 ) ;
#3781 = VERTEX_POINT ( 'NONE', #1498 ) ;
#3782 = AXIS2_PLACEMENT_3D ( 'NONE', #5029, #2619, #5068 ) ;
#3783 = EDGE_LOOP ( 'NONE', ( #4931, #3214, #4169, #7893 ) ) ;
#3784 = EDGE_CURVE ( 'NONE', #3182, #180, #3947, .T. ) ;
#3785 = EDGE_CURVE ( 'NONE', #1175, #6539, #4297, .T. ) ;
#3786 = FACE_BOUND ( 'NONE', #2201, .T. ) ;
#3787 = CARTESIAN_POINT ( 'NONE',  ( 11.44999999999999041, 1.530808498934192310E-16, 0.000000000000000000 ) ) ;
#3788 = ORIENTED_EDGE ( 'NONE', *, *, #721, .T. ) ;
#3789 = CARTESIAN_POINT ( 'NONE',  ( 6.370000000000004547, 1.530808498934191324E-16, 0.000000000000000000 ) ) ;
#3790 = DIRECTION ( 'NONE',  ( 1.000000000000000000, 0.000000000000000000, 0.000000000000000000 ) ) ;
#3791 = VECTOR ( 'NONE', #7069, 1000.000000000000000 ) ;
#3792 = DIRECTION ( 'NONE',  ( -0.000000000000000000, -0.000000000000000000, -1.000000000000000000 ) ) ;
#3793 = ADVANCED_FACE ( 'NONE', ( #4585 ), #7031, .F. ) ;
#3794 = ORIENTED_EDGE ( 'NONE', *, *, #188, .T. ) ;
#3795 = ORIENTED_EDGE ( 'NONE', *, *, #1448, .F. ) ;
#3796 = CARTESIAN_POINT ( 'NONE',  ( 134.6200000000000045, 0.000000000000000000, 2.000000000000000000 ) ) ;
#3797 = AXIS2_PLACEMENT_3D ( 'NONE', #1528, #2369, #2893 ) ;
#3798 = CARTESIAN_POINT ( 'NONE',  ( -257.7900000000000205, 1.530808498934191571E-16, -0.2999999999999999889 ) ) ;
#3799 = VERTEX_POINT ( 'NONE', #5988 ) ;
#3800 = CARTESIAN_POINT ( 'NONE',  ( 53.33999999999997499, 0.000000000000000000, 0.000000000000000000 ) ) ;
#3801 = DIRECTION ( 'NONE',  ( 0.000000000000000000, 0.000000000000000000, 1.000000000000000000 ) ) ;
#3802 = AXIS2_PLACEMENT_3D ( 'NONE', #2479, #4934, #7699 ) ;
#3803 = EDGE_CURVE ( 'NONE', #3849, #6253, #5583, .T. ) ;
#3804 = EDGE_LOOP ( 'NONE', ( #4631, #7385, #7731, #780 ) ) ;
#3805 = AXIS2_PLACEMENT_3D ( 'NONE', #6191, #6229, #1379 ) ;
#3806 = ORIENTED_EDGE ( 'NONE', *, *, #7451, .T. ) ;
#3807 = DIRECTION ( 'NONE',  ( 0.000000000000000000, 0.000000000000000000, 1.000000000000000000 ) ) ;
#3808 = CARTESIAN_POINT ( 'NONE',  ( 250.2100000000000364, 1.530808498934224111E-16, 2.000000000000000000 ) ) ;
#3809 = DIRECTION ( 'NONE',  ( 0.000000000000000000, 0.000000000000000000, 1.000000000000000000 ) ) ;
#3810 = EDGE_CURVE ( 'NONE', #1836, #6211, #4555, .T. ) ;
#3811 = VECTOR ( 'NONE', #7034, 1000.000000000000000 ) ;
#3812 = ORIENTED_EDGE ( 'NONE', *, *, #518, .T. ) ;
#3813 = FACE_OUTER_BOUND ( 'NONE', #3696, .T. ) ;
#3814 = ORIENTED_EDGE ( 'NONE', *, *, #6280, .F. ) ;
#3815 = CARTESIAN_POINT ( 'NONE',  ( 139.6999999999999886, 0.000000000000000000, 0.000000000000000000 ) ) ;
#3816 = VECTOR ( 'NONE', #4455, 1000.000000000000000 ) ;
#3817 = CYLINDRICAL_SURFACE ( 'NONE', #5397, 1.250000000000001110 ) ;
#3818 = CARTESIAN_POINT ( 'NONE',  ( 219.7300000000000182, 1.530808498934190091E-16, 2.000000000000000000 ) ) ;
#3819 = DIRECTION ( 'NONE',  ( 1.000000000000000000, 0.000000000000000000, 0.000000000000000000 ) ) ;
#3820 = CARTESIAN_POINT ( 'NONE',  ( 220.9800000000000182, 0.000000000000000000, -0.2999999999999999889 ) ) ;
#3821 = ORIENTED_EDGE ( 'NONE', *, *, #5504, .T. ) ;
#3822 = ORIENTED_EDGE ( 'NONE', *, *, #6973, .T. ) ;
#3823 = CARTESIAN_POINT ( 'NONE',  ( -34.27000000000001023, 1.530808498934190091E-16, 2.000000000000000000 ) ) ;
#3824 = DIRECTION ( 'NONE',  ( -1.000000000000000000, 0.000000000000000000, 0.000000000000000000 ) ) ;
#3825 = VERTEX_POINT ( 'NONE', #585 ) ;
#3826 = CARTESIAN_POINT ( 'NONE',  ( -113.0500000000000114, 0.000000000000000000, 2.000000000000000000 ) ) ;
#3827 = DIRECTION ( 'NONE',  ( 0.000000000000000000, 0.000000000000000000, 1.000000000000000000 ) ) ;
#3828 = AXIS2_PLACEMENT_3D ( 'NONE', #1084, #4089, #6691 ) ;
#3829 = LINE ( 'NONE', #5795, #4228 ) ;
#3830 = EDGE_CURVE ( 'NONE', #2615, #2484, #2124, .T. ) ;
#3831 = EDGE_LOOP ( 'NONE', ( #262, #5155, #6674, #68 ) ) ;
#3832 = ORIENTED_EDGE ( 'NONE', *, *, #7043, .F. ) ;
#3833 = DIRECTION ( 'NONE',  ( 1.000000000000000000, 0.000000000000000000, 0.000000000000000000 ) ) ;
#3834 = DIRECTION ( 'NONE',  ( 0.000000000000000000, 0.000000000000000000, 1.000000000000000000 ) ) ;
#3835 = ORIENTED_EDGE ( 'NONE', *, *, #2650, .T. ) ;
#3836 = CARTESIAN_POINT ( 'NONE',  ( 135.8700000000000045, 0.000000000000000000, 0.000000000000000000 ) ) ;
#3837 = AXIS2_PLACEMENT_3D ( 'NONE', #829, #5944, #3261 ) ;
#3838 = DIRECTION ( 'NONE',  ( 0.000000000000000000, 0.000000000000000000, 1.000000000000000000 ) ) ;
#3839 = EDGE_CURVE ( 'NONE', #6927, #3984, #3403, .T. ) ;
#3840 = EDGE_LOOP ( 'NONE', ( #2981, #3553 ) ) ;
#3841 = AXIS2_PLACEMENT_3D ( 'NONE', #587, #6104, #4262 ) ;
#3842 = AXIS2_PLACEMENT_3D ( 'NONE', #4295, #5388, #2449 ) ;
#3843 = ORIENTED_EDGE ( 'NONE', *, *, #950, .T. ) ;
#3844 = ADVANCED_FACE ( 'NONE', ( #2417 ), #3622, .F. ) ;
#3845 = DIRECTION ( 'NONE',  ( -1.000000000000000000, 0.000000000000000000, 0.000000000000000000 ) ) ;
#3846 = DIRECTION ( 'NONE',  ( 0.000000000000000000, 0.000000000000000000, 1.000000000000000000 ) ) ;
#3847 = DIRECTION ( 'NONE',  ( -1.000000000000000000, 0.000000000000000000, 0.000000000000000000 ) ) ;
#3848 = AXIS2_PLACEMENT_3D ( 'NONE', #4852, #7298, #1805 ) ;
#3849 = VERTEX_POINT ( 'NONE', #3584 ) ;
#3850 = CARTESIAN_POINT ( 'NONE',  ( 168.9300000000000068, 1.530808498934190091E-16, 0.000000000000000000 ) ) ;
#3851 = ORIENTED_EDGE ( 'NONE', *, *, #1479, .F. ) ;
#3852 = LINE ( 'NONE', #4122, #5949 ) ;
#3853 = EDGE_CURVE ( 'NONE', #4888, #4611, #600, .T. ) ;
#3854 = CIRCLE ( 'NONE', #4243, 1.250000000000001110 ) ;
#3855 = CARTESIAN_POINT ( 'NONE',  ( -170.1800000000000068, 0.000000000000000000, -0.2999999999999999889 ) ) ;
#3856 = DIRECTION ( 'NONE',  ( 0.000000000000000000, 0.000000000000000000, 1.000000000000000000 ) ) ;
#3857 = CARTESIAN_POINT ( 'NONE',  ( -200.6599999999999966, 0.000000000000000000, 0.000000000000000000 ) ) ;
#3858 = DIRECTION ( 'NONE',  ( 0.000000000000000000, 0.000000000000000000, 1.000000000000000000 ) ) ;
#3859 = DIRECTION ( 'NONE',  ( 0.000000000000000000, 0.000000000000000000, 1.000000000000000000 ) ) ;
#3860 = ORIENTED_EDGE ( 'NONE', *, *, #2041, .F. ) ;
#3861 = ORIENTED_EDGE ( 'NONE', *, *, #820, .T. ) ;
#3862 = CARTESIAN_POINT ( 'NONE',  ( 175.2599999999999909, 0.000000000000000000, 0.000000000000000000 ) ) ;
#3863 = DIRECTION ( 'NONE',  ( -0.000000000000000000, -0.000000000000000000, -1.000000000000000000 ) ) ;
#3864 = ORIENTED_EDGE ( 'NONE', *, *, #7458, .F. ) ;
#3865 = CIRCLE ( 'NONE', #3098, 1.249999999999999334 ) ;
#3866 = DIRECTION ( 'NONE',  ( 1.000000000000000000, 0.000000000000000000, 0.000000000000000000 ) ) ;
#3867 = DIRECTION ( 'NONE',  ( 1.000000000000000000, 0.000000000000000000, 0.000000000000000000 ) ) ;
#3868 = DIRECTION ( 'NONE',  ( 1.000000000000000000, 0.000000000000000000, 0.000000000000000000 ) ) ;
#3869 = ORIENTED_EDGE ( 'NONE', *, *, #7825, .F. ) ;
#3870 = CIRCLE ( 'NONE', #6688, 1.250000000000001110 ) ;
#3871 = ORIENTED_EDGE ( 'NONE', *, *, #3552, .T. ) ;
#3872 = CIRCLE ( 'NONE', #7453, 1.250000000000001110 ) ;
#3873 = ORIENTED_EDGE ( 'NONE', *, *, #5382, .F. ) ;
#3874 = FACE_OUTER_BOUND ( 'NONE', #1953, .T. ) ;
#3875 = DIRECTION ( 'NONE',  ( 0.000000000000000000, 0.000000000000000000, 1.000000000000000000 ) ) ;
#3876 = ADVANCED_FACE ( 'NONE', ( #3502 ), #6067, .F. ) ;
#3877 = ORIENTED_EDGE ( 'NONE', *, *, #4870, .T. ) ;
#3878 = CARTESIAN_POINT ( 'NONE',  ( 153.6899999999999977, 1.530808498934191571E-16, -0.2999999999999999889 ) ) ;
#3879 = CYLINDRICAL_SURFACE ( 'NONE', #4273, 1.250000000000001110 ) ;
#3880 = CARTESIAN_POINT ( 'NONE',  ( 205.7400000000000091, 0.000000000000000000, -0.2999999999999999889 ) ) ;
#3881 = ORIENTED_EDGE ( 'NONE', *, *, #7182, .T. ) ;
#3882 = CIRCLE ( 'NONE', #7857, 1.250000000000001110 ) ;
#3883 = EDGE_CURVE ( 'NONE', #2696, #4835, #2629, .T. ) ;
#3884 = EDGE_LOOP ( 'NONE', ( #2233, #4942, #6100, #3075 ) ) ;
#3885 = CARTESIAN_POINT ( 'NONE',  ( 115.5500000000000114, 0.000000000000000000, 2.000000000000000000 ) ) ;
#3886 = CIRCLE ( 'NONE', #4933, 1.250000000000001110 ) ;
#3887 = CARTESIAN_POINT ( 'NONE',  ( -165.1000000000000227, 0.000000000000000000, 0.000000000000000000 ) ) ;
#3888 = LINE ( 'NONE', #90, #2714 ) ;
#3889 = EDGE_CURVE ( 'NONE', #1073, #5687, #2341, .T. ) ;
#3890 = ORIENTED_EDGE ( 'NONE', *, *, #6827, .F. ) ;
#3891 = AXIS2_PLACEMENT_3D ( 'NONE', #920, #5809, #3400 ) ;
#3892 = DIRECTION ( 'NONE',  ( -1.000000000000000000, 0.000000000000000000, 0.000000000000000000 ) ) ;
#3893 = EDGE_LOOP ( 'NONE', ( #5612, #1031, #2889, #466 ) ) ;
#3894 = CARTESIAN_POINT ( 'NONE',  ( -220.9800000000000182, 0.000000000000000000, 2.000000000000000000 ) ) ;
#3895 = FACE_BOUND ( 'NONE', #2829, .T. ) ;
#3896 = CARTESIAN_POINT ( 'NONE',  ( 185.4200000000000159, 0.000000000000000000, -0.2999999999999999889 ) ) ;
#3897 = FACE_OUTER_BOUND ( 'NONE', #5552, .T. ) ;
#3898 = CIRCLE ( 'NONE', #7358, 1.250000000000001110 ) ;
#3899 = DIRECTION ( 'NONE',  ( 0.000000000000000000, 0.000000000000000000, 1.000000000000000000 ) ) ;
#3900 = EDGE_CURVE ( 'NONE', #741, #7680, #5350, .T. ) ;
#3901 = ORIENTED_EDGE ( 'NONE', *, *, #2394, .T. ) ;
#3902 = ORIENTED_EDGE ( 'NONE', *, *, #7575, .F. ) ;
#3903 = DIRECTION ( 'NONE',  ( 0.000000000000000000, 0.000000000000000000, 1.000000000000000000 ) ) ;
#3904 = AXIS2_PLACEMENT_3D ( 'NONE', #2472, #4925, #7370 ) ;
#3905 = CIRCLE ( 'NONE', #3507, 1.250000000000001110 ) ;
#3906 = FACE_OUTER_BOUND ( 'NONE', #6676, .T. ) ;
#3907 = ORIENTED_EDGE ( 'NONE', *, *, #3199, .T. ) ;
#3908 = CARTESIAN_POINT ( 'NONE',  ( 166.3500000000000227, 0.000000000000000000, 0.000000000000000000 ) ) ;
#3909 = CARTESIAN_POINT ( 'NONE',  ( 195.5799999999999841, 0.000000000000000000, 2.000000000000000000 ) ) ;
#3910 = CARTESIAN_POINT ( 'NONE',  ( 21.61000000000001364, 1.530808498934190091E-16, 0.000000000000000000 ) ) ;
#3911 = EDGE_LOOP ( 'NONE', ( #6774, #939 ) ) ;
#3912 = CIRCLE ( 'NONE', #6978, 1.250000000000001110 ) ;
#3913 = EDGE_LOOP ( 'NONE', ( #1187, #5739, #6203, #449 ) ) ;
#3914 = EDGE_LOOP ( 'NONE', ( #2208, #1496, #4221, #5677 ) ) ;
#3915 = DIRECTION ( 'NONE',  ( -0.000000000000000000, -0.000000000000000000, -1.000000000000000000 ) ) ;
#3916 = DIRECTION ( 'NONE',  ( 1.000000000000000000, 0.000000000000000000, 0.000000000000000000 ) ) ;
#3917 = AXIS2_PLACEMENT_3D ( 'NONE', #6627, #2379, #5662 ) ;
#3918 = ORIENTED_EDGE ( 'NONE', *, *, #6983, .F. ) ;
#3919 = LINE ( 'NONE', #6362, #4249 ) ;
#3920 = DIRECTION ( 'NONE',  ( 0.000000000000000000, 0.000000000000000000, 1.000000000000000000 ) ) ;
#3921 = CARTESIAN_POINT ( 'NONE',  ( 255.2900000000000205, 1.530808498934224111E-16, 0.000000000000000000 ) ) ;
#3922 = ORIENTED_EDGE ( 'NONE', *, *, #3942, .T. ) ;
#3923 = EDGE_CURVE ( 'NONE', #4053, #5319, #4420, .T. ) ;
#3924 = ORIENTED_EDGE ( 'NONE', *, *, #6295, .T. ) ;
#3925 = FACE_OUTER_BOUND ( 'NONE', #6160, .T. ) ;
#3926 = CIRCLE ( 'NONE', #6359, 1.250000000000001110 ) ;
#3927 = CARTESIAN_POINT ( 'NONE',  ( -242.5500000000000114, 1.530808498934191571E-16, -0.2999999999999999889 ) ) ;
#3928 = CARTESIAN_POINT ( 'NONE',  ( 68.57999999999998408, 0.000000000000000000, -0.2999999999999999889 ) ) ;
#3929 = EDGE_CURVE ( 'NONE', #5973, #4563, #6478, .T. ) ;
#3930 = ORIENTED_EDGE ( 'NONE', *, *, #4976, .F. ) ;
#3931 = EDGE_CURVE ( 'NONE', #2448, #3362, #4105, .T. ) ;
#3932 = VERTEX_POINT ( 'NONE', #6551 ) ;
#3933 = CIRCLE ( 'NONE', #3805, 1.250000000000001110 ) ;
#3934 = DIRECTION ( 'NONE',  ( 1.000000000000000000, 0.000000000000000000, 0.000000000000000000 ) ) ;
#3935 = ORIENTED_EDGE ( 'NONE', *, *, #5998, .T. ) ;
#3936 = DIRECTION ( 'NONE',  ( 0.000000000000000000, 0.000000000000000000, 1.000000000000000000 ) ) ;
#3937 = FACE_BOUND ( 'NONE', #4497, .T. ) ;
#3938 = LINE ( 'NONE', #935, #6635 ) ;
#3939 = CARTESIAN_POINT ( 'NONE',  ( 33.01999999999998181, 0.000000000000000000, 2.000000000000000000 ) ) ;
#3940 = CIRCLE ( 'NONE', #5869, 1.250000000000001110 ) ;
#3941 = FACE_OUTER_BOUND ( 'NONE', #4294, .T. ) ;
#3942 = EDGE_CURVE ( 'NONE', #2150, #1227, #7498, .T. ) ;
#3943 = EDGE_LOOP ( 'NONE', ( #4478, #3973 ) ) ;
#3944 = ORIENTED_EDGE ( 'NONE', *, *, #1431, .T. ) ;
#3945 = DIRECTION ( 'NONE',  ( 1.000000000000000000, 0.000000000000000000, 0.000000000000000000 ) ) ;
#3946 = VECTOR ( 'NONE', #1331, 1000.000000000000000 ) ;
#3947 = LINE ( 'NONE', #3340, #3791 ) ;
#3948 = ORIENTED_EDGE ( 'NONE', *, *, #1397, .T. ) ;
#3949 = EDGE_CURVE ( 'NONE', #6879, #2345, #7376, .T. ) ;
#3950 = CYLINDRICAL_SURFACE ( 'NONE', #2917, 1.250000000000001110 ) ;
#3951 = CARTESIAN_POINT ( 'NONE',  ( 215.8999999999999773, 0.000000000000000000, 2.000000000000000000 ) ) ;
#3952 = CARTESIAN_POINT ( 'NONE',  ( -12.69999999999998863, 0.000000000000000000, 2.000000000000000000 ) ) ;
#3953 = ORIENTED_EDGE ( 'NONE', *, *, #3359, .T. ) ;
#3954 = AXIS2_PLACEMENT_3D ( 'NONE', #1808, #1213, #7828 ) ;
#3955 = VERTEX_POINT ( 'NONE', #7194 ) ;
#3956 = ORIENTED_EDGE ( 'NONE', *, *, #4841, .F. ) ;
#3957 = FACE_OUTER_BOUND ( 'NONE', #7172, .T. ) ;
#3958 = CARTESIAN_POINT ( 'NONE',  ( -206.9900000000000091, 1.530808498934191571E-16, -0.2999999999999999889 ) ) ;
#3959 = AXIS2_PLACEMENT_3D ( 'NONE', #6842, #1838, #5003 ) ;
#3960 = ORIENTED_EDGE ( 'NONE', *, *, #5943, .F. ) ;
#3961 = ADVANCED_FACE ( 'NONE', ( #6587 ), #1104, .F. ) ;
#3962 = DIRECTION ( 'NONE',  ( 1.000000000000000000, 0.000000000000000000, 0.000000000000000000 ) ) ;
#3963 = DIRECTION ( 'NONE',  ( 0.000000000000000000, 0.000000000000000000, 1.000000000000000000 ) ) ;
#3964 = LINE ( 'NONE', #7735, #1209 ) ;
#3965 = ORIENTED_EDGE ( 'NONE', *, *, #3647, .T. ) ;
#3966 = EDGE_LOOP ( 'NONE', ( #3639, #1950 ) ) ;
#3967 = AXIS2_PLACEMENT_3D ( 'NONE', #6081, #7328, #6231 ) ;
#3968 = CARTESIAN_POINT ( 'NONE',  ( 176.5099999999999909, 0.000000000000000000, -0.2999999999999999889 ) ) ;
#3969 = CARTESIAN_POINT ( 'NONE',  ( 48.25999999999999091, 0.000000000000000000, 2.000000000000000000 ) ) ;
#3970 = CARTESIAN_POINT ( 'NONE',  ( -38.09999999999999432, 0.000000000000000000, 0.000000000000000000 ) ) ;
#3971 = VERTEX_POINT ( 'NONE', #1740 ) ;
#3972 = CIRCLE ( 'NONE', #2313, 1.250000000000001110 ) ;
#3973 = ORIENTED_EDGE ( 'NONE', *, *, #6043, .F. ) ;
#3974 = CARTESIAN_POINT ( 'NONE',  ( -264.1600000000000250, 0.000000000000000000, 0.000000000000000000 ) ) ;
#3975 = ORIENTED_EDGE ( 'NONE', *, *, #1531, .T. ) ;
#3976 = DIRECTION ( 'NONE',  ( 1.000000000000000000, 0.000000000000000000, 0.000000000000000000 ) ) ;
#3977 = EDGE_CURVE ( 'NONE', #2725, #2635, #3269, .T. ) ;
#3978 = FACE_BOUND ( 'NONE', #6984, .T. ) ;
#3979 = CARTESIAN_POINT ( 'NONE',  ( 232.3899999999999864, 0.000000000000000000, 2.000000000000000000 ) ) ;
#3980 = AXIS2_PLACEMENT_3D ( 'NONE', #6501, #417, #1650 ) ;
#3981 = CARTESIAN_POINT ( 'NONE',  ( -264.1600000000000250, -3.000000000000000000, 2.000000000000000000 ) ) ;
#3982 = LINE ( 'NONE', #7104, #706 ) ;
#3983 = ORIENTED_EDGE ( 'NONE', *, *, #2515, .T. ) ;
#3984 = VERTEX_POINT ( 'NONE', #5057 ) ;
#3985 = VECTOR ( 'NONE', #3267, 1000.000000000000000 ) ;
#3986 = CARTESIAN_POINT ( 'NONE',  ( 194.3299999999999841, 1.530808498934190091E-16, 2.000000000000000000 ) ) ;
#3987 = ADVANCED_FACE ( 'NONE', ( #1328 ), #6742, .F. ) ;
#3988 = VERTEX_POINT ( 'NONE', #4412 ) ;
#3989 = CARTESIAN_POINT ( 'NONE',  ( 63.50000000000000000, 0.000000000000000000, -0.2999999999999999889 ) ) ;
#3990 = DIRECTION ( 'NONE',  ( -0.000000000000000000, -0.000000000000000000, -1.000000000000000000 ) ) ;
#3991 = AXIS2_PLACEMENT_3D ( 'NONE', #918, #876, #5805 ) ;
#3992 = ORIENTED_EDGE ( 'NONE', *, *, #1608, .T. ) ;
#3993 = ORIENTED_EDGE ( 'NONE', *, *, #5651, .F. ) ;
#3994 = EDGE_CURVE ( 'NONE', #5440, #266, #1484, .T. ) ;
#3995 = EDGE_LOOP ( 'NONE', ( #1257, #5076, #1382, #2386 ) ) ;
#3996 = CARTESIAN_POINT ( 'NONE',  ( -21.61000000000001364, 0.000000000000000000, -0.2999999999999999889 ) ) ;
#3997 = AXIS2_PLACEMENT_3D ( 'NONE', #2542, #73, #7438 ) ;
#3998 = CARTESIAN_POINT ( 'NONE',  ( -124.4600000000000080, 0.000000000000000000, 2.000000000000000000 ) ) ;
#3999 = ORIENTED_EDGE ( 'NONE', *, *, #7191, .T. ) ;
#4000 = LINE ( 'NONE', #3878, #2966 ) ;
#4001 = CARTESIAN_POINT ( 'NONE',  ( 184.1700000000000159, 1.530808498934191571E-16, -0.2999999999999999889 ) ) ;
#4002 = DIRECTION ( 'NONE',  ( 0.000000000000000000, 0.000000000000000000, 1.000000000000000000 ) ) ;
#4003 = AXIS2_PLACEMENT_3D ( 'NONE', #7035, #6475, #2905 ) ;
#4004 = VERTEX_POINT ( 'NONE', #6858 ) ;
#4005 = ADVANCED_FACE ( 'NONE', ( #7387 ), #3773, .F. ) ;
#4006 = CARTESIAN_POINT ( 'NONE',  ( 107.9700000000000273, 1.530808498934190091E-16, 0.000000000000000000 ) ) ;
#4007 = ORIENTED_EDGE ( 'NONE', *, *, #1674, .T. ) ;
#4008 = VECTOR ( 'NONE', #6381, 1000.000000000000000 ) ;
#4009 = CARTESIAN_POINT ( 'NONE',  ( -2.540000000000020464, 0.000000000000000000, 2.000000000000000000 ) ) ;
#4010 = CARTESIAN_POINT ( 'NONE',  ( 13.94999999999998863, 0.000000000000000000, 0.000000000000000000 ) ) ;
#4011 = DIRECTION ( 'NONE',  ( 0.000000000000000000, 0.000000000000000000, 1.000000000000000000 ) ) ;
#4012 = VERTEX_POINT ( 'NONE', #4372 ) ;
#4013 = ORIENTED_EDGE ( 'NONE', *, *, #7929, .T. ) ;
#4014 = FACE_OUTER_BOUND ( 'NONE', #1989, .T. ) ;
#4015 = DIRECTION ( 'NONE',  ( -1.000000000000000000, 0.000000000000000000, 0.000000000000000000 ) ) ;
#4016 = FACE_BOUND ( 'NONE', #3150, .T. ) ;
#4017 = CARTESIAN_POINT ( 'NONE',  ( 264.1600000000000250, 3.000000000000000000, 0.000000000000000000 ) ) ;
#4018 = CARTESIAN_POINT ( 'NONE',  ( 174.0099999999999909, 1.530808498934191571E-16, -0.2999999999999999889 ) ) ;
#4019 = CARTESIAN_POINT ( 'NONE',  ( 158.7699999999999818, 1.530808498934191571E-16, -0.2999999999999999889 ) ) ;
#4020 = CIRCLE ( 'NONE', #5170, 1.250000000000001110 ) ;
#4021 = ORIENTED_EDGE ( 'NONE', *, *, #5504, .F. ) ;
#4022 = ADVANCED_FACE ( 'NONE', ( #6899 ), #1366, .F. ) ;
#4023 = EDGE_LOOP ( 'NONE', ( #6919, #4636, #6965, #660 ) ) ;
#4024 = DIRECTION ( 'NONE',  ( 0.000000000000000000, 0.000000000000000000, 1.000000000000000000 ) ) ;
#4025 = VECTOR ( 'NONE', #7632, 1000.000000000000000 ) ;
#4026 = EDGE_CURVE ( 'NONE', #4875, #5481, #7642, .T. ) ;
#4027 = ORIENTED_EDGE ( 'NONE', *, *, #2067, .F. ) ;
#4028 = LINE ( 'NONE', #307, #3811 ) ;
#4029 = CARTESIAN_POINT ( 'NONE',  ( 146.0299999999999727, 0.000000000000000000, 0.000000000000000000 ) ) ;
#4030 = ORIENTED_EDGE ( 'NONE', *, *, #3151, .T. ) ;
#4031 = EDGE_CURVE ( 'NONE', #3188, #4331, #3208, .T. ) ;
#4032 = VERTEX_POINT ( 'NONE', #6175 ) ;
#4033 = ADVANCED_FACE ( 'NONE', ( #6215 ), #6255, .F. ) ;
#4034 = VECTOR ( 'NONE', #2030, 1000.000000000000000 ) ;
#4035 = ORIENTED_EDGE ( 'NONE', *, *, #7012, .F. ) ;
#4036 = AXIS2_PLACEMENT_3D ( 'NONE', #4644, #6281, #6402 ) ;
#4037 = VECTOR ( 'NONE', #4284, 1000.000000000000000 ) ;
#4038 = FACE_BOUND ( 'NONE', #1787, .T. ) ;
#4039 = DIRECTION ( 'NONE',  ( 0.000000000000000000, 0.000000000000000000, 1.000000000000000000 ) ) ;
#4040 = ORIENTED_EDGE ( 'NONE', *, *, #5623, .F. ) ;
#4041 = CARTESIAN_POINT ( 'NONE',  ( -264.1600000000000250, 3.000000000000000000, 0.000000000000000000 ) ) ;
#4042 = CIRCLE ( 'NONE', #7758, 1.250000000000001110 ) ;
#4043 = EDGE_CURVE ( 'NONE', #6068, #3932, #211, .T. ) ;
#4044 = DIRECTION ( 'NONE',  ( 0.000000000000000000, 0.000000000000000000, 1.000000000000000000 ) ) ;
#4045 = CYLINDRICAL_SURFACE ( 'NONE', #2502, 1.250000000000001110 ) ;
#4046 = ORIENTED_EDGE ( 'NONE', *, *, #842, .T. ) ;
#4047 = LINE ( 'NONE', #2801, #1972 ) ;
#4048 = EDGE_LOOP ( 'NONE', ( #2065, #289 ) ) ;
#4049 = DIRECTION ( 'NONE',  ( 1.000000000000000000, 0.000000000000000000, 0.000000000000000000 ) ) ;
#4050 = EDGE_CURVE ( 'NONE', #853, #6251, #1619, .T. ) ;
#4051 = DIRECTION ( 'NONE',  ( 0.000000000000000000, 0.000000000000000000, 1.000000000000000000 ) ) ;
#4052 = CARTESIAN_POINT ( 'NONE',  ( -185.4200000000000159, 0.000000000000000000, 0.000000000000000000 ) ) ;
#4053 = VERTEX_POINT ( 'NONE', #773 ) ;
#4054 = VERTEX_POINT ( 'NONE', #6137 ) ;
#4055 = DIRECTION ( 'NONE',  ( 0.000000000000000000, 0.000000000000000000, 1.000000000000000000 ) ) ;
#4056 = CIRCLE ( 'NONE', #5471, 1.250000000000001110 ) ;
#4057 = DIRECTION ( 'NONE',  ( 0.000000000000000000, 0.000000000000000000, 1.000000000000000000 ) ) ;
#4058 = FACE_BOUND ( 'NONE', #1752, .T. ) ;
#4059 = EDGE_CURVE ( 'NONE', #5412, #6510, #4944, .T. ) ;
#4060 = DIRECTION ( 'NONE',  ( 0.000000000000000000, 0.000000000000000000, 1.000000000000000000 ) ) ;
#4061 = CARTESIAN_POINT ( 'NONE',  ( -174.0099999999999909, 0.000000000000000000, -0.2999999999999999889 ) ) ;
#4062 = LINE ( 'NONE', #4019, #7614 ) ;
#4063 = AXIS2_PLACEMENT_3D ( 'NONE', #185, #827, #785 ) ;
#4064 = ORIENTED_EDGE ( 'NONE', *, *, #6305, .T. ) ;
#4065 = VERTEX_POINT ( 'NONE', #1851 ) ;
#4066 = APPROVAL_STATUS ( 'not_yet_approved' ) ;
#4067 = CARTESIAN_POINT ( 'NONE',  ( 11.44999999999999041, 1.530808498934192310E-16, 2.000000000000000000 ) ) ;
#4068 = EDGE_LOOP ( 'NONE', ( #571, #4131 ) ) ;
#4069 = FACE_OUTER_BOUND ( 'NONE', #5323, .T. ) ;
#4070 = DIRECTION ( 'NONE',  ( 1.000000000000000000, 0.000000000000000000, 0.000000000000000000 ) ) ;
#4071 = EDGE_LOOP ( 'NONE', ( #4594, #1338, #4072, #4745 ) ) ;
#4072 = ORIENTED_EDGE ( 'NONE', *, *, #3785, .T. ) ;
#4073 = AXIS2_PLACEMENT_3D ( 'NONE', #7147, #6420, #4534 ) ;
#4074 = ORIENTED_EDGE ( 'NONE', *, *, #2413, .T. ) ;
#4075 = DIRECTION ( 'NONE',  ( 0.000000000000000000, 0.000000000000000000, 1.000000000000000000 ) ) ;
#4076 = CARTESIAN_POINT ( 'NONE',  ( -39.34999999999999432, 1.530808498934190091E-16, 2.000000000000000000 ) ) ;
#4077 = ORIENTED_EDGE ( 'NONE', *, *, #4474, .T. ) ;
#4079 = EDGE_CURVE ( 'NONE', #7526, #3722, #4299, .T. ) ;
#4078 = CARTESIAN_POINT ( 'NONE',  ( -250.2100000000000364, 0.000000000000000000, 2.000000000000000000 ) ) ;
#4080 = AXIS2_PLACEMENT_3D ( 'NONE', #4971, #3084, #6248 ) ;
#4081 = DIRECTION ( 'NONE',  ( 1.000000000000000000, 0.000000000000000000, 0.000000000000000000 ) ) ;
#4082 = DIRECTION ( 'NONE',  ( 1.000000000000000000, 0.000000000000000000, 0.000000000000000000 ) ) ;
#4083 = ORIENTED_EDGE ( 'NONE', *, *, #3406, .F. ) ;
#4084 = VECTOR ( 'NONE', #490, 1000.000000000000000 ) ;
#4085 = CARTESIAN_POINT ( 'NONE',  ( -109.2199999999999989, 0.000000000000000000, 0.000000000000000000 ) ) ;
#4086 = ORIENTED_EDGE ( 'NONE', *, *, #2593, .F. ) ;
#4087 = DIRECTION ( 'NONE',  ( 0.000000000000000000, 0.000000000000000000, 1.000000000000000000 ) ) ;
#4088 = EDGE_CURVE ( 'NONE', #6593, #1181, #3027, .T. ) ;
#4089 = DIRECTION ( 'NONE',  ( 0.000000000000000000, 0.000000000000000000, 1.000000000000000000 ) ) ;
#4090 = CARTESIAN_POINT ( 'NONE',  ( 43.18000000000000682, 0.000000000000000000, -0.2999999999999999889 ) ) ;
#4091 = ORIENTED_EDGE ( 'NONE', *, *, #6471, .F. ) ;
#4092 = EDGE_LOOP ( 'NONE', ( #4359, #3530 ) ) ;
#4093 = DIRECTION ( 'NONE',  ( -0.000000000000000000, -0.000000000000000000, -1.000000000000000000 ) ) ;
#4094 = EDGE_CURVE ( 'NONE', #5913, #7372, #5718, .T. ) ;
#4095 = DIRECTION ( 'NONE',  ( 1.000000000000000000, 0.000000000000000000, 0.000000000000000000 ) ) ;
#4096 = FACE_BOUND ( 'NONE', #6138, .T. ) ;
#4097 = DIRECTION ( 'NONE',  ( -1.000000000000000000, 0.000000000000000000, 0.000000000000000000 ) ) ;
#4098 = CARTESIAN_POINT ( 'NONE',  ( 264.1600000000000250, 0.000000000000000000, 0.000000000000000000 ) ) ;
#4099 = DIRECTION ( 'NONE',  ( -1.000000000000000000, 0.000000000000000000, 0.000000000000000000 ) ) ;
#4100 = ORIENTED_EDGE ( 'NONE', *, *, #2814, .T. ) ;
#4101 = EDGE_CURVE ( 'NONE', #5734, #1995, #6095, .T. ) ;
#4102 = VERTEX_POINT ( 'NONE', #2527 ) ;
#4103 = COORDINATED_UNIVERSAL_TIME_OFFSET ( 8, 0, .AHEAD. ) ;
#4104 = CIRCLE ( 'NONE', #6538, 1.250000000000001110 ) ;
#4105 = LINE ( 'NONE', #7798, #5064 ) ;
#4106 = ORIENTED_EDGE ( 'NONE', *, *, #5797, .F. ) ;
#4107 = CARTESIAN_POINT ( 'NONE',  ( -125.7100000000000222, 1.530808498934190091E-16, 2.000000000000000000 ) ) ;
#4108 = CARTESIAN_POINT ( 'NONE',  ( -97.81000000000000227, 0.000000000000000000, 2.000000000000000000 ) ) ;
#4109 = ORIENTED_EDGE ( 'NONE', *, *, #5562, .F. ) ;
#4110 = AXIS2_PLACEMENT_3D ( 'NONE', #2895, #5343, #2292 ) ;
#4111 = CIRCLE ( 'NONE', #7187, 1.250000000000001110 ) ;
#4112 = ORIENTED_EDGE ( 'NONE', *, *, #2926, .F. ) ;
#4113 = ORIENTED_EDGE ( 'NONE', *, *, #2383, .F. ) ;
#4114 = FACE_BOUND ( 'NONE', #7462, .T. ) ;
#4115 = LINE ( 'NONE', #5159, #3655 ) ;
#4116 = EDGE_LOOP ( 'NONE', ( #2008, #5954 ) ) ;
#4117 = CIRCLE ( 'NONE', #3730, 1.250000000000001110 ) ;
#4118 = LINE ( 'NONE', #6601, #3728 ) ;
#4119 = LINE ( 'NONE', #3436, #838 ) ;
#4120 = EDGE_LOOP ( 'NONE', ( #179, #5473 ) ) ;
#4121 = EDGE_CURVE ( 'NONE', #3063, #6304, #4979, .T. ) ;
#4122 = CARTESIAN_POINT ( 'NONE',  ( -19.03000000000000114, 1.530808498934191571E-16, -0.2999999999999999889 ) ) ;
#4123 = ORIENTED_EDGE ( 'NONE', *, *, #1933, .F. ) ;
#4124 = CIRCLE ( 'NONE', #6428, 1.250000000000001110 ) ;
#4125 = CYLINDRICAL_SURFACE ( 'NONE', #4316, 1.250000000000001110 ) ;
#4126 = CIRCLE ( 'NONE', #4003, 1.249999999999973355 ) ;
#4127 = FACE_OUTER_BOUND ( 'NONE', #4509, .T. ) ;
#4128 = DIRECTION ( 'NONE',  ( 1.000000000000000000, 0.000000000000000000, 0.000000000000000000 ) ) ;
#4129 = EDGE_LOOP ( 'NONE', ( #7912, #4007, #1148, #6996 ) ) ;
#4130 = VECTOR ( 'NONE', #2640, 1000.000000000000000 ) ;
#4131 = ORIENTED_EDGE ( 'NONE', *, *, #4922, .F. ) ;
#4132 = EDGE_CURVE ( 'NONE', #266, #4954, #7463, .T. ) ;
#4133 = DIRECTION ( 'NONE',  ( 1.000000000000000000, 0.000000000000000000, 0.000000000000000000 ) ) ;
#4134 = AXIS2_PLACEMENT_3D ( 'NONE', #5717, #866, #5757 ) ;
#4135 = DIRECTION ( 'NONE',  ( -0.000000000000000000, -0.000000000000000000, -1.000000000000000000 ) ) ;
#4136 = CARTESIAN_POINT ( 'NONE',  ( 109.2200000000000273, 0.000000000000000000, -0.2999999999999999889 ) ) ;
#4137 = DIRECTION ( 'NONE',  ( -1.000000000000000000, 0.000000000000000000, 0.000000000000000000 ) ) ;
#4138 = DIRECTION ( 'NONE',  ( 0.000000000000000000, 0.000000000000000000, 1.000000000000000000 ) ) ;
#4139 = DIRECTION ( 'NONE',  ( -1.000000000000000000, 0.000000000000000000, 0.000000000000000000 ) ) ;
#4140 = EDGE_CURVE ( 'NONE', #5759, #2802, #6503, .T. ) ;
#4141 = ORIENTED_EDGE ( 'NONE', *, *, #2421, .F. ) ;
#4142 = VERTEX_POINT ( 'NONE', #7097 ) ;
#4143 = AXIS2_PLACEMENT_3D ( 'NONE', #2050, #4495, #2649 ) ;
#4144 = DIRECTION ( 'NONE',  ( -1.000000000000000000, 0.000000000000000000, 0.000000000000000000 ) ) ;
#4145 = LINE ( 'NONE', #7315, #2707 ) ;
#4146 = CARTESIAN_POINT ( 'NONE',  ( -236.2200000000000273, 0.000000000000000000, -0.2999999999999999889 ) ) ;
#4147 = CARTESIAN_POINT ( 'NONE',  ( -160.0200000000000102, 0.000000000000000000, -0.2999999999999999889 ) ) ;
#4148 = VECTOR ( 'NONE', #3437, 1000.000000000000000 ) ;
#4149 = EDGE_CURVE ( 'NONE', #7470, #5687, #6734, .T. ) ;
#4150 = ORIENTED_EDGE ( 'NONE', *, *, #2610, .F. ) ;
#4151 = CIRCLE ( 'NONE', #5446, 1.250000000000001110 ) ;
#4152 = ORIENTED_EDGE ( 'NONE', *, *, #1533, .F. ) ;
#4153 = ORIENTED_EDGE ( 'NONE', *, *, #6180, .T. ) ;
#4154 = FACE_BOUND ( 'NONE', #4810, .T. ) ;
#4155 = AXIS2_PLACEMENT_3D ( 'NONE', #4834, #7278, #217 ) ;
#4156 = DIRECTION ( 'NONE',  ( 0.000000000000000000, 0.000000000000000000, 1.000000000000000000 ) ) ;
#4157 = ORIENTED_EDGE ( 'NONE', *, *, #6600, .F. ) ;
#4158 = CARTESIAN_POINT ( 'NONE',  ( -186.6700000000000443, 1.530808498934190091E-16, 2.000000000000000000 ) ) ;
#4159 = DIRECTION ( 'NONE',  ( -1.000000000000000000, 0.000000000000000000, 0.000000000000000000 ) ) ;
#4160 = EDGE_CURVE ( 'NONE', #1412, #7080, #5845, .T. ) ;
#4161 = CIRCLE ( 'NONE', #3000, 1.250000000000001110 ) ;
#4162 = EDGE_LOOP ( 'NONE', ( #1982, #1658 ) ) ;
#4163 = CIRCLE ( 'NONE', #6204, 1.250000000000001110 ) ;
#4164 = DIRECTION ( 'NONE',  ( 1.000000000000000000, 0.000000000000000000, 0.000000000000000000 ) ) ;
#4165 = ORIENTED_EDGE ( 'NONE', *, *, #721, .F. ) ;
#4166 = CARTESIAN_POINT ( 'NONE',  ( -3.790000000000020908, 1.530808498934191324E-16, 0.000000000000000000 ) ) ;
#4167 = DIRECTION ( 'NONE',  ( -1.000000000000000000, 0.000000000000000000, 0.000000000000000000 ) ) ;
#4168 = CARTESIAN_POINT ( 'NONE',  ( 135.8700000000000045, 0.000000000000000000, 2.000000000000000000 ) ) ;
#4169 = ORIENTED_EDGE ( 'NONE', *, *, #539, .T. ) ;
#4170 = AXIS2_PLACEMENT_3D ( 'NONE', #6309, #1377, #4346 ) ;
#4171 = ORIENTED_EDGE ( 'NONE', *, *, #2328, .T. ) ;
#4172 = EDGE_CURVE ( 'NONE', #4875, #6927, #854, .T. ) ;
#4173 = DIRECTION ( 'NONE',  ( -1.000000000000000000, 0.000000000000000000, 0.000000000000000000 ) ) ;
#4174 = CARTESIAN_POINT ( 'NONE',  ( -109.2199999999999989, 0.000000000000000000, 0.000000000000000000 ) ) ;
#4175 = AXIS2_PLACEMENT_3D ( 'NONE', #2863, #4024, #5875 ) ;
#4176 = CARTESIAN_POINT ( 'NONE',  ( 200.6600000000000250, 0.000000000000000000, 0.000000000000000000 ) ) ;
#4177 = DIRECTION ( 'NONE',  ( 0.000000000000000000, 0.000000000000000000, 1.000000000000000000 ) ) ;
#4178 = ADVANCED_FACE ( 'NONE', ( #7584 ), #3374, .F. ) ;
#4179 = DIRECTION ( 'NONE',  ( 0.000000000000000000, 0.000000000000000000, 1.000000000000000000 ) ) ;
#4180 = ADVANCED_FACE ( 'NONE', ( #1572 ), #7627, .F. ) ;
#4181 = DIRECTION ( 'NONE',  ( -0.000000000000000000, -0.000000000000000000, -1.000000000000000000 ) ) ;
#4182 = ORIENTED_EDGE ( 'NONE', *, *, #4562, .F. ) ;
#4183 = VECTOR ( 'NONE', #6816, 1000.000000000000000 ) ;
#4184 = DIRECTION ( 'NONE',  ( -1.000000000000000000, 0.000000000000000000, 0.000000000000000000 ) ) ;
#4185 = ORIENTED_EDGE ( 'NONE', *, *, #2228, .F. ) ;
#4186 = DIRECTION ( 'NONE',  ( 0.000000000000000000, 0.000000000000000000, 1.000000000000000000 ) ) ;
#4187 = DIRECTION ( 'NONE',  ( -0.000000000000000000, -0.000000000000000000, -1.000000000000000000 ) ) ;
#4188 = CARTESIAN_POINT ( 'NONE',  ( 105.3899999999999864, 0.000000000000000000, -0.2999999999999999889 ) ) ;
#4189 = FACE_OUTER_BOUND ( 'NONE', #7646, .T. ) ;
#4190 = ADVANCED_FACE ( 'NONE', ( #5821 ), #5138, .F. ) ;
#4191 = CIRCLE ( 'NONE', #1363, 1.250000000000001110 ) ;
#4192 = VERTEX_POINT ( 'NONE', #3286 ) ;
#4193 = ORIENTED_EDGE ( 'NONE', *, *, #1108, .F. ) ;
#4194 = ORIENTED_EDGE ( 'NONE', *, *, #2110, .F. ) ;
#4195 = FACE_BOUND ( 'NONE', #3557, .T. ) ;
#4196 = AXIS2_PLACEMENT_3D ( 'NONE', #7089, #1605, #7740 ) ;
#4197 = ADVANCED_FACE ( 'NONE', ( #4492 ), #7541, .F. ) ;
#4198 = DIRECTION ( 'NONE',  ( -1.000000000000000000, 0.000000000000000000, 0.000000000000000000 ) ) ;
#4199 = EDGE_LOOP ( 'NONE', ( #2937, #4013, #1545, #5328 ) ) ;
#4200 = CARTESIAN_POINT ( 'NONE',  ( -109.2199999999999989, 0.000000000000000000, -0.2999999999999999889 ) ) ;
#4201 = CYLINDRICAL_SURFACE ( 'NONE', #7753, 1.250000000000001110 ) ;
#4202 = CIRCLE ( 'NONE', #3680, 1.250000000000001110 ) ;
#4203 = VERTEX_POINT ( 'NONE', #6377 ) ;
#4204 = ADVANCED_FACE ( 'NONE', ( #2811 ), #7059, .F. ) ;
#4205 = DIRECTION ( 'NONE',  ( 1.000000000000000000, 0.000000000000000000, 0.000000000000000000 ) ) ;
#4206 = AXIS2_PLACEMENT_3D ( 'NONE', #6340, #856, #2813 ) ;
#4207 = ORIENTED_EDGE ( 'NONE', *, *, #5806, .T. ) ;
#4208 = DIRECTION ( 'NONE',  ( 0.000000000000000000, 0.000000000000000000, 1.000000000000000000 ) ) ;
#4209 = DIRECTION ( 'NONE',  ( -0.000000000000000000, -0.000000000000000000, -1.000000000000000000 ) ) ;
#4210 = DIRECTION ( 'NONE',  ( 1.000000000000000000, 0.000000000000000000, 0.000000000000000000 ) ) ;
#4211 = ORIENTED_EDGE ( 'NONE', *, *, #5067, .T. ) ;
#4212 = AXIS2_PLACEMENT_3D ( 'NONE', #6051, #4209, #4812 ) ;
#4213 = DIRECTION ( 'NONE',  ( -0.000000000000000000, -0.000000000000000000, -1.000000000000000000 ) ) ;
#4214 = FACE_OUTER_BOUND ( 'NONE', #4777, .T. ) ;
#4215 = CIRCLE ( 'NONE', #6332, 1.250000000000001110 ) ;
#4216 = FACE_BOUND ( 'NONE', #5450, .T. ) ;
#4217 = LINE ( 'NONE', #1655, #5092 ) ;
#4218 = LINE ( 'NONE', #1846, #7068 ) ;
#4219 = DIRECTION ( 'NONE',  ( 1.000000000000000000, 0.000000000000000000, 0.000000000000000000 ) ) ;
#4220 = EDGE_CURVE ( 'NONE', #7141, #102, #6221, .T. ) ;
#4221 = ORIENTED_EDGE ( 'NONE', *, *, #6426, .T. ) ;
#4222 = CYLINDRICAL_SURFACE ( 'NONE', #776, 1.250000000000001110 ) ;
#4223 = EDGE_LOOP ( 'NONE', ( #7140, #246 ) ) ;
#4224 = EDGE_CURVE ( 'NONE', #2523, #5459, #1871, .T. ) ;
#4225 = DIRECTION ( 'NONE',  ( 0.000000000000000000, 0.000000000000000000, 1.000000000000000000 ) ) ;
#4226 = ORIENTED_EDGE ( 'NONE', *, *, #118, .F. ) ;
#4227 = LINE ( 'NONE', #3587, #7397 ) ;
#4228 = VECTOR ( 'NONE', #2024, 1000.000000000000000 ) ;
#4229 = DIRECTION ( 'NONE',  ( -0.000000000000000000, -0.000000000000000000, -1.000000000000000000 ) ) ;
#4230 = DIRECTION ( 'NONE',  ( -0.000000000000000000, -0.000000000000000000, -1.000000000000000000 ) ) ;
#4231 = ORIENTED_EDGE ( 'NONE', *, *, #842, .F. ) ;
#4232 = ORIENTED_EDGE ( 'NONE', *, *, #4530, .F. ) ;
#4233 = VERTEX_POINT ( 'NONE', #1450 ) ;
#4234 = AXIS2_PLACEMENT_3D ( 'NONE', #2337, #4826, #1253 ) ;
#4235 = EDGE_CURVE ( 'NONE', #5459, #2523, #5590, .T. ) ;
#4236 = FACE_BOUND ( 'NONE', #7220, .T. ) ;
#4237 = CARTESIAN_POINT ( 'NONE',  ( 83.81999999999999318, 0.000000000000000000, 0.000000000000000000 ) ) ;
#4238 = ORIENTED_EDGE ( 'NONE', *, *, #3614, .T. ) ;
#4239 = DIRECTION ( 'NONE',  ( -1.000000000000000000, 0.000000000000000000, 0.000000000000000000 ) ) ;
#4240 = DIRECTION ( 'NONE',  ( 0.000000000000000000, 0.000000000000000000, 1.000000000000000000 ) ) ;
#4241 = ADVANCED_FACE ( 'NONE', ( #6418 ), #7708, .F. ) ;
#4242 = EDGE_LOOP ( 'NONE', ( #3198, #1437 ) ) ;
#4243 = AXIS2_PLACEMENT_3D ( 'NONE', #5632, #5188, #6987 ) ;
#4244 = FACE_OUTER_BOUND ( 'NONE', #6134, .T. ) ;
#4245 = ORIENTED_EDGE ( 'NONE', *, *, #3607, .F. ) ;
#4246 = DIRECTION ( 'NONE',  ( -1.000000000000000000, 0.000000000000000000, 0.000000000000000000 ) ) ;
#4247 = CARTESIAN_POINT ( 'NONE',  ( 175.2599999999999909, 0.000000000000000000, 0.000000000000000000 ) ) ;
#4248 = EDGE_CURVE ( 'NONE', #4552, #1480, #6612, .T. ) ;
#4249 = VECTOR ( 'NONE', #2480, 1000.000000000000000 ) ;
#4250 = ORIENTED_EDGE ( 'NONE', *, *, #376, .F. ) ;
#4251 = DIRECTION ( 'NONE',  ( -0.000000000000000000, -0.000000000000000000, -1.000000000000000000 ) ) ;
#4252 = FACE_BOUND ( 'NONE', #757, .T. ) ;
#4253 = DIRECTION ( 'NONE',  ( 1.000000000000000000, 0.000000000000000000, 0.000000000000000000 ) ) ;
#4254 = CARTESIAN_POINT ( 'NONE',  ( -93.97999999999998977, 0.000000000000000000, 2.000000000000000000 ) ) ;
#4255 = DIRECTION ( 'NONE',  ( -0.000000000000000000, -0.000000000000000000, -1.000000000000000000 ) ) ;
#4256 = CIRCLE ( 'NONE', #4899, 1.250000000000001110 ) ;
#4257 = AXIS2_PLACEMENT_3D ( 'NONE', #2185, #2224, #1544 ) ;
#4258 = EDGE_LOOP ( 'NONE', ( #1792, #4693, #2516, #975 ) ) ;
#4259 = CYLINDRICAL_SURFACE ( 'NONE', #4234, 1.250000000000000222 ) ;
#4260 = ORIENTED_EDGE ( 'NONE', *, *, #2413, .F. ) ;
#4261 = CARTESIAN_POINT ( 'NONE',  ( 52.08999999999997499, 1.530808498934191571E-16, -0.2999999999999999889 ) ) ;
#4262 = DIRECTION ( 'NONE',  ( -1.000000000000000000, 0.000000000000000000, 0.000000000000000000 ) ) ;
#4263 = DIRECTION ( 'NONE',  ( -0.000000000000000000, -0.000000000000000000, -1.000000000000000000 ) ) ;
#4264 = CARTESIAN_POINT ( 'NONE',  ( 129.5400000000000205, 0.000000000000000000, 0.000000000000000000 ) ) ;
#4265 = FACE_OUTER_BOUND ( 'NONE', #2509, .T. ) ;
#4266 = EDGE_LOOP ( 'NONE', ( #5086, #2644, #4306, #5899 ) ) ;
#4267 = ORIENTED_EDGE ( 'NONE', *, *, #4884, .T. ) ;
#4268 = VECTOR ( 'NONE', #4741, 1000.000000000000000 ) ;
#4269 = VERTEX_POINT ( 'NONE', #295 ) ;
#4270 = FACE_BOUND ( 'NONE', #1044, .T. ) ;
#4271 = ADVANCED_FACE ( 'NONE', ( #2728 ), #4574, .F. ) ;
#4272 = LINE ( 'NONE', #3514, #334 ) ;
#4273 = AXIS2_PLACEMENT_3D ( 'NONE', #6363, #3920, #5685 ) ;
#4274 = VERTEX_POINT ( 'NONE', #1169 ) ;
#4275 = DIRECTION ( 'NONE',  ( 1.000000000000000000, 0.000000000000000000, 0.000000000000000000 ) ) ;
#4276 = DIRECTION ( 'NONE',  ( 1.000000000000000000, 0.000000000000000000, 0.000000000000000000 ) ) ;
#4277 = ADVANCED_FACE ( 'NONE', ( #420 ), #1052, .F. ) ;
#4278 = ADVANCED_FACE ( 'NONE', ( #1689 ), #4853, .F. ) ;
#4279 = ORIENTED_EDGE ( 'NONE', *, *, #627, .T. ) ;
#4280 = CARTESIAN_POINT ( 'NONE',  ( -63.50000000000000000, 0.000000000000000000, -0.2999999999999999889 ) ) ;
#4281 = ORIENTED_EDGE ( 'NONE', *, *, #18, .T. ) ;
#4282 = EDGE_CURVE ( 'NONE', #3044, #4054, #351, .T. ) ;
#4283 = DIRECTION ( 'NONE',  ( -0.000000000000000000, -0.000000000000000000, -1.000000000000000000 ) ) ;
#4284 = DIRECTION ( 'NONE',  ( 0.000000000000000000, 0.000000000000000000, 1.000000000000000000 ) ) ;
#4285 = EDGE_LOOP ( 'NONE', ( #656, #5005 ) ) ;
#4286 = AXIS2_PLACEMENT_3D ( 'NONE', #6918, #3191, #4999 ) ;
#4287 = VECTOR ( 'NONE', #444, 1000.000000000000000 ) ;
#4288 = ADVANCED_FACE ( 'NONE', ( #6694 ), #3612, .F. ) ;
#4289 = CARTESIAN_POINT ( 'NONE',  ( -224.8100000000000023, 0.000000000000000000, 2.000000000000000000 ) ) ;
#4290 = CARTESIAN_POINT ( 'NONE',  ( -250.2100000000000364, 0.000000000000000000, 0.000000000000000000 ) ) ;
#4291 = CARTESIAN_POINT ( 'NONE',  ( 176.5099999999999909, 0.000000000000000000, 2.000000000000000000 ) ) ;
#4292 = DIRECTION ( 'NONE',  ( 1.000000000000000000, 0.000000000000000000, 0.000000000000000000 ) ) ;
#4293 = CIRCLE ( 'NONE', #2759, 1.249999999999973355 ) ;
#4294 = EDGE_LOOP ( 'NONE', ( #2, #5430, #5134, #2961 ) ) ;
#4295 = CARTESIAN_POINT ( 'NONE',  ( -134.6200000000000045, 0.000000000000000000, 0.000000000000000000 ) ) ;
#4296 = EDGE_LOOP ( 'NONE', ( #3890, #2242, #5589, #6662 ) ) ;
#4297 = CIRCLE ( 'NONE', #5964, 1.250000000000001110 ) ;
#4298 = EDGE_CURVE ( 'NONE', #803, #5892, #1999, .T. ) ;
#4299 = LINE ( 'NONE', #5546, #5336 ) ;
#4300 = ORIENTED_EDGE ( 'NONE', *, *, #6727, .T. ) ;
#4301 = FACE_OUTER_BOUND ( 'NONE', #2387, .T. ) ;
#4302 = LINE ( 'NONE', #3701, #1316 ) ;
#4303 = CARTESIAN_POINT ( 'NONE',  ( -226.0600000000000023, 0.000000000000000000, 2.000000000000000000 ) ) ;
#4304 = ORIENTED_EDGE ( 'NONE', *, *, #7239, .T. ) ;
#4305 = AXIS2_PLACEMENT_3D ( 'NONE', #2645, #379, #4015 ) ;
#4306 = ORIENTED_EDGE ( 'NONE', *, *, #6534, .T. ) ;
#4307 = ORIENTED_EDGE ( 'NONE', *, *, #7119, .F. ) ;
#4308 = FACE_BOUND ( 'NONE', #5144, .T. ) ;
#4309 = CARTESIAN_POINT ( 'NONE',  ( -196.8299999999999841, 1.530808498934190091E-16, 2.000000000000000000 ) ) ;
#4310 = CIRCLE ( 'NONE', #859, 1.249999999999973355 ) ;
#4311 = EDGE_LOOP ( 'NONE', ( #6522, #4735 ) ) ;
#4312 = CARTESIAN_POINT ( 'NONE',  ( -250.2100000000000364, 0.000000000000000000, -0.2999999999999999889 ) ) ;
#4313 = CYLINDRICAL_SURFACE ( 'NONE', #6781, 1.250000000000001110 ) ;
#4314 = EDGE_CURVE ( 'NONE', #5908, #3265, #7124, .T. ) ;
#4315 = VERTEX_POINT ( 'NONE', #6617 ) ;
#4316 = AXIS2_PLACEMENT_3D ( 'NONE', #1009, #530, #7215 ) ;
#4317 = ORIENTED_EDGE ( 'NONE', *, *, #4397, .F. ) ;
#4318 = DIRECTION ( 'NONE',  ( 1.000000000000000000, 0.000000000000000000, 0.000000000000000000 ) ) ;
#4319 = EDGE_CURVE ( 'NONE', #4102, #6384, #3414, .T. ) ;
#4320 = ORIENTED_EDGE ( 'NONE', *, *, #952, .F. ) ;
#4321 = DIRECTION ( 'NONE',  ( 0.000000000000000000, 0.000000000000000000, 1.000000000000000000 ) ) ;
#4322 = CARTESIAN_POINT ( 'NONE',  ( 12.69999999999998863, 0.000000000000000000, 2.000000000000000000 ) ) ;
#4323 = ORIENTED_EDGE ( 'NONE', *, *, #5799, .T. ) ;
#4324 = AXIS2_PLACEMENT_3D ( 'NONE', #2731, #4662, #3376 ) ;
#4325 = ADVANCED_FACE ( 'NONE', ( #4214 ), #2330, .F. ) ;
#4326 = DIRECTION ( 'NONE',  ( 1.000000000000000000, 0.000000000000000000, 0.000000000000000000 ) ) ;
#4327 = CARTESIAN_POINT ( 'NONE',  ( 64.75000000000000000, 0.000000000000000000, 2.000000000000000000 ) ) ;
#4328 = CARTESIAN_POINT ( 'NONE',  ( -49.50999999999999091, 1.530808498934190091E-16, 0.000000000000000000 ) ) ;
#4329 = DIRECTION ( 'NONE',  ( -0.000000000000000000, -0.000000000000000000, -1.000000000000000000 ) ) ;
#4330 = EDGE_CURVE ( 'NONE', #2384, #7923, #1132, .T. ) ;
#4331 = VERTEX_POINT ( 'NONE', #5902 ) ;
#4332 = CARTESIAN_POINT ( 'NONE',  ( 74.91000000000002501, 0.000000000000000000, 0.000000000000000000 ) ) ;
#4333 = EDGE_LOOP ( 'NONE', ( #6022, #5934 ) ) ;
#4334 = CIRCLE ( 'NONE', #886, 1.250000000000001110 ) ;
#4335 = CARTESIAN_POINT ( 'NONE',  ( 154.9399999999999977, 0.000000000000000000, 2.000000000000000000 ) ) ;
#4336 = FACE_BOUND ( 'NONE', #85, .T. ) ;
#4337 = DIRECTION ( 'NONE',  ( 0.000000000000000000, 0.000000000000000000, 1.000000000000000000 ) ) ;
#4338 = DIRECTION ( 'NONE',  ( -1.000000000000000000, 0.000000000000000000, 0.000000000000000000 ) ) ;
#4339 = DIRECTION ( 'NONE',  ( 0.000000000000000000, 0.000000000000000000, 1.000000000000000000 ) ) ;
#4340 = ORIENTED_EDGE ( 'NONE', *, *, #7929, .F. ) ;
#4341 = EDGE_CURVE ( 'NONE', #7896, #256, #7383, .T. ) ;
#4342 = EDGE_LOOP ( 'NONE', ( #3390, #3478, #3754, #552 ) ) ;
#4343 = ORIENTED_EDGE ( 'NONE', *, *, #3194, .T. ) ;
#4344 = FACE_BOUND ( 'NONE', #3139, .T. ) ;
#4345 = AXIS2_PLACEMENT_3D ( 'NONE', #2505, #3792, #4958 ) ;
#4346 = DIRECTION ( 'NONE',  ( 1.000000000000000000, 0.000000000000000000, 0.000000000000000000 ) ) ;
#4347 = ORIENTED_EDGE ( 'NONE', *, *, #3977, .T. ) ;
#4348 = CARTESIAN_POINT ( 'NONE',  ( 140.9499999999999886, 0.000000000000000000, 0.000000000000000000 ) ) ;
#4349 = DIRECTION ( 'NONE',  ( 0.000000000000000000, 0.000000000000000000, 1.000000000000000000 ) ) ;
#4350 = DIRECTION ( 'NONE',  ( 1.000000000000000000, 0.000000000000000000, -0.000000000000000000 ) ) ;
#4351 = CIRCLE ( 'NONE', #3719, 1.250000000000001110 ) ;
#4352 = ORIENTED_EDGE ( 'NONE', *, *, #4088, .T. ) ;
#4353 = VERTEX_POINT ( 'NONE', #497 ) ;
#4354 = FACE_OUTER_BOUND ( 'NONE', #1963, .T. ) ;
#4355 = DIRECTION ( 'NONE',  ( 0.000000000000000000, 0.000000000000000000, 1.000000000000000000 ) ) ;
#4356 = ORIENTED_EDGE ( 'NONE', *, *, #4884, .F. ) ;
#4357 = CARTESIAN_POINT ( 'NONE',  ( 88.89999999999997726, 0.000000000000000000, -0.2999999999999999889 ) ) ;
#4358 = DIRECTION ( 'NONE',  ( 0.000000000000000000, 0.000000000000000000, 1.000000000000000000 ) ) ;
#4359 = ORIENTED_EDGE ( 'NONE', *, *, #796, .F. ) ;
#4360 = EDGE_CURVE ( 'NONE', #2486, #2589, #356, .T. ) ;
#4361 = CIRCLE ( 'NONE', #3600, 1.250000000000001110 ) ;
#4362 = CARTESIAN_POINT ( 'NONE',  ( -143.5300000000000011, 0.000000000000000000, 0.000000000000000000 ) ) ;
#4363 = CIRCLE ( 'NONE', #2700, 1.249999999999973355 ) ;
#4364 = FACE_OUTER_BOUND ( 'NONE', #1583, .T. ) ;
#4365 = AXIS2_PLACEMENT_3D ( 'NONE', #3104, #6225, #2577 ) ;
#4366 = CARTESIAN_POINT ( 'NONE',  ( 165.1000000000000227, 0.000000000000000000, 2.000000000000000000 ) ) ;
#4367 = ADVANCED_FACE ( 'NONE', ( #6016 ), #5464, .F. ) ;
#4368 = EDGE_CURVE ( 'NONE', #3100, #1527, #1091, .T. ) ;
#4369 = ORIENTED_EDGE ( 'NONE', *, *, #2311, .T. ) ;
#4370 = LINE ( 'NONE', #5659, #2555 ) ;
#4371 = ORIENTED_EDGE ( 'NONE', *, *, #5856, .T. ) ;
#4372 = CARTESIAN_POINT ( 'NONE',  ( -67.33000000000001251, 0.000000000000000000, 0.000000000000000000 ) ) ;
#4373 = CARTESIAN_POINT ( 'NONE',  ( -214.6500000000000057, 0.000000000000000000, -0.2999999999999999889 ) ) ;
#4374 = EDGE_CURVE ( 'NONE', #7844, #1473, #5938, .T. ) ;
#4375 = LINE ( 'NONE', #3096, #1383 ) ;
#4376 = CIRCLE ( 'NONE', #928, 1.250000000000001110 ) ;
#4377 = DIRECTION ( 'NONE',  ( 1.000000000000000000, 0.000000000000000000, 0.000000000000000000 ) ) ;
#4378 = AXIS2_PLACEMENT_3D ( 'NONE', #3951, #6911, #5193 ) ;
#4379 = CARTESIAN_POINT ( 'NONE',  ( -247.6299999999999955, 1.530808498934190091E-16, 2.000000000000000000 ) ) ;
#4380 = VERTEX_POINT ( 'NONE', #2290 ) ;
#4381 = EDGE_LOOP ( 'NONE', ( #3396, #4100, #7067, #3666 ) ) ;
#4382 = ORIENTED_EDGE ( 'NONE', *, *, #4121, .F. ) ;
#4383 = FACE_BOUND ( 'NONE', #81, .T. ) ;
#4384 = AXIS2_PLACEMENT_3D ( 'NONE', #3060, #3024, #1819 ) ;
#4385 = DIRECTION ( 'NONE',  ( 1.000000000000000000, 0.000000000000000000, 0.000000000000000000 ) ) ;
#4386 = ORIENTED_EDGE ( 'NONE', *, *, #3681, .F. ) ;
#4387 = EDGE_CURVE ( 'NONE', #3392, #3274, #2136, .T. ) ;
#4388 = CYLINDRICAL_SURFACE ( 'NONE', #6883, 1.250000000000001110 ) ;
#4389 = DIRECTION ( 'NONE',  ( 0.000000000000000000, 0.000000000000000000, 1.000000000000000000 ) ) ;
#4390 = FACE_OUTER_BOUND ( 'NONE', #5297, .T. ) ;
#4391 = AXIS2_PLACEMENT_3D ( 'NONE', #3496, #3455, #2856 ) ;
#4392 = EDGE_LOOP ( 'NONE', ( #5160, #2466, #6604, #2681 ) ) ;
#4393 = ORIENTED_EDGE ( 'NONE', *, *, #3206, .T. ) ;
#4394 = CARTESIAN_POINT ( 'NONE',  ( 24.11000000000001720, 0.000000000000000000, 2.000000000000000000 ) ) ;
#4395 = LINE ( 'NONE', #1471, #2754 ) ;
#4396 = EDGE_LOOP ( 'NONE', ( #7613, #771 ) ) ;
#4397 = EDGE_CURVE ( 'NONE', #6211, #1836, #2390, .T. ) ;
#4398 = CYLINDRICAL_SURFACE ( 'NONE', #1269, 1.250000000000001110 ) ;
#4399 = CARTESIAN_POINT ( 'NONE',  ( -31.77000000000000668, 0.000000000000000000, 0.000000000000000000 ) ) ;
#4400 = ORIENTED_EDGE ( 'NONE', *, *, #2650, .F. ) ;
#4401 = AXIS2_PLACEMENT_3D ( 'NONE', #7133, #1641, #4205 ) ;
#4402 = CARTESIAN_POINT ( 'NONE',  ( 58.42000000000002302, 0.000000000000000000, 2.000000000000000000 ) ) ;
#4403 = CARTESIAN_POINT ( 'NONE',  ( -154.9399999999999977, 0.000000000000000000, 2.000000000000000000 ) ) ;
#4404 = DIRECTION ( 'NONE',  ( 1.000000000000000000, 0.000000000000000000, 0.000000000000000000 ) ) ;
#4405 = AXIS2_PLACEMENT_3D ( 'NONE', #834, #3758, #4435 ) ;
#4406 = EDGE_CURVE ( 'NONE', #4467, #224, #3081, .T. ) ;
#4407 = ORIENTED_EDGE ( 'NONE', *, *, #514, .T. ) ;
#4408 = CARTESIAN_POINT ( 'NONE',  ( -236.2200000000000273, 0.000000000000000000, 0.000000000000000000 ) ) ;
#4409 = VERTEX_POINT ( 'NONE', #4362 ) ;
#4410 = AXIS2_PLACEMENT_3D ( 'NONE', #4, #2439, #4128 ) ;
#4411 = CIRCLE ( 'NONE', #3416, 1.250000000000001110 ) ;
#4412 = CARTESIAN_POINT ( 'NONE',  ( 118.1299999999999955, 1.530808498934190091E-16, 0.000000000000000000 ) ) ;
#4413 = ADVANCED_FACE ( 'NONE', ( #6808 ), #7378, .F. ) ;
#4414 = LINE ( 'NONE', #2529, #7053 ) ;
#4415 = CARTESIAN_POINT ( 'NONE',  ( 1.290000000000020464, 1.530808498934191571E-16, 2.000000000000000000 ) ) ;
#4416 = FACE_OUTER_BOUND ( 'NONE', #2414, .T. ) ;
#4417 = FACE_OUTER_BOUND ( 'NONE', #5487, .T. ) ;
#4418 = ORIENTED_EDGE ( 'NONE', *, *, #7666, .F. ) ;
#4419 = ORIENTED_EDGE ( 'NONE', *, *, #4026, .F. ) ;
#4420 = CIRCLE ( 'NONE', #1994, 1.250000000000001110 ) ;
#4421 = ORIENTED_EDGE ( 'NONE', *, *, #5705, .F. ) ;
#4422 = CARTESIAN_POINT ( 'NONE',  ( -97.81000000000000227, 0.000000000000000000, 0.000000000000000000 ) ) ;
#4423 = DIRECTION ( 'NONE',  ( 1.000000000000000000, 0.000000000000000000, 0.000000000000000000 ) ) ;
#4424 = EDGE_CURVE ( 'NONE', #5876, #5630, #3549, .T. ) ;
#4425 = EDGE_LOOP ( 'NONE', ( #1423, #2758, #6749, #6075 ) ) ;
#4426 = DIRECTION ( 'NONE',  ( 0.000000000000000000, 0.000000000000000000, 1.000000000000000000 ) ) ;
#4427 = DIRECTION ( 'NONE',  ( 0.000000000000000000, 0.000000000000000000, 1.000000000000000000 ) ) ;
#4428 = AXIS2_PLACEMENT_3D ( 'NONE', #3452, #6939, #5742 ) ;
#4429 = DIRECTION ( 'NONE',  ( 0.000000000000000000, 0.000000000000000000, 1.000000000000000000 ) ) ;
#4430 = ORIENTED_EDGE ( 'NONE', *, *, #5814, .T. ) ;
#4431 = EDGE_CURVE ( 'NONE', #6513, #5519, #5574, .T. ) ;
#4432 = ORIENTED_EDGE ( 'NONE', *, *, #802, .T. ) ;
#4433 = FACE_OUTER_BOUND ( 'NONE', #5751, .T. ) ;
#4434 = AXIS2_PLACEMENT_3D ( 'NONE', #4738, #4135, #3532 ) ;
#4435 = DIRECTION ( 'NONE',  ( 1.000000000000000000, 0.000000000000000000, 0.000000000000000000 ) ) ;
#4436 = EDGE_LOOP ( 'NONE', ( #3864, #2571, #6557, #3788 ) ) ;
#4437 = DIRECTION ( 'NONE',  ( 0.000000000000000000, 0.000000000000000000, 1.000000000000000000 ) ) ;
#4438 = DIRECTION ( 'NONE',  ( 1.000000000000000000, 0.000000000000000000, 0.000000000000000000 ) ) ;
#4439 = CIRCLE ( 'NONE', #7136, 1.250000000000001110 ) ;
#4440 = EDGE_LOOP ( 'NONE', ( #3832, #6394 ) ) ;
#4441 = EDGE_CURVE ( 'NONE', #2304, #5851, #1757, .T. ) ;
#4442 = CIRCLE ( 'NONE', #1004, 1.250000000000001110 ) ;
#4443 = ORIENTED_EDGE ( 'NONE', *, *, #6795, .F. ) ;
#4444 = FACE_OUTER_BOUND ( 'NONE', #318, .T. ) ;
#4445 = DIRECTION ( 'NONE',  ( 0.000000000000000000, 0.000000000000000000, 1.000000000000000000 ) ) ;
#4446 = LINE ( 'NONE', #1922, #5413 ) ;
#4447 = AXIS2_PLACEMENT_3D ( 'NONE', #3989, #6433, #3386 ) ;
#4448 = VERTEX_POINT ( 'NONE', #87 ) ;
#4449 = DIRECTION ( 'NONE',  ( 1.000000000000000000, 0.000000000000000000, 0.000000000000000000 ) ) ;
#4450 = ORIENTED_EDGE ( 'NONE', *, *, #610, .F. ) ;
#4451 = CARTESIAN_POINT ( 'NONE',  ( 57.17000000000001592, 1.530808498934191571E-16, -0.2999999999999999889 ) ) ;
#4452 = DIRECTION ( 'NONE',  ( 1.000000000000000000, 0.000000000000000000, 0.000000000000000000 ) ) ;
#4453 = AXIS2_PLACEMENT_3D ( 'NONE', #4783, #2371, #7227 ) ;
#4454 = CARTESIAN_POINT ( 'NONE',  ( -166.3500000000000227, 1.530808498934191571E-16, -0.2999999999999999889 ) ) ;
#4455 = DIRECTION ( 'NONE',  ( 0.000000000000000000, 0.000000000000000000, 1.000000000000000000 ) ) ;
#4456 = CARTESIAN_POINT ( 'NONE',  ( 48.25999999999999091, 0.000000000000000000, -0.2999999999999999889 ) ) ;
#4457 = DIRECTION ( 'NONE',  ( -0.000000000000000000, -0.000000000000000000, -1.000000000000000000 ) ) ;
#4458 = ORIENTED_EDGE ( 'NONE', *, *, #7277, .T. ) ;
#4459 = EDGE_CURVE ( 'NONE', #6895, #2948, #992, .T. ) ;
#4460 = ORIENTED_EDGE ( 'NONE', *, *, #7775, .F. ) ;
#4461 = DIRECTION ( 'NONE',  ( 0.000000000000000000, 0.000000000000000000, 1.000000000000000000 ) ) ;
#4462 = DIRECTION ( 'NONE',  ( 0.000000000000000000, 0.000000000000000000, 1.000000000000000000 ) ) ;
#4463 = ORIENTED_EDGE ( 'NONE', *, *, #6334, .T. ) ;
#4464 = CARTESIAN_POINT ( 'NONE',  ( 53.33999999999997499, 0.000000000000000000, 2.000000000000000000 ) ) ;
#4465 = DIRECTION ( 'NONE',  ( -1.000000000000000000, 0.000000000000000000, 0.000000000000000000 ) ) ;
#4466 = DIRECTION ( 'NONE',  ( 0.000000000000000000, 0.000000000000000000, 1.000000000000000000 ) ) ;
#4467 = VERTEX_POINT ( 'NONE', #6733 ) ;
#4468 = EDGE_CURVE ( 'NONE', #3528, #3551, #6246, .T. ) ;
#4469 = ORIENTED_EDGE ( 'NONE', *, *, #7128, .F. ) ;
#4470 = CARTESIAN_POINT ( 'NONE',  ( 2.540000000000020464, 0.000000000000000000, 0.000000000000000000 ) ) ;
#4471 = DIRECTION ( 'NONE',  ( 1.000000000000000000, 0.000000000000000000, 0.000000000000000000 ) ) ;
#4472 = ORIENTED_EDGE ( 'NONE', *, *, #2901, .T. ) ;
#4473 = CARTESIAN_POINT ( 'NONE',  ( -181.5900000000000034, 1.530808498934190091E-16, 0.000000000000000000 ) ) ;
#4474 = EDGE_CURVE ( 'NONE', #3026, #2188, #92, .T. ) ;
#4475 = FACE_OUTER_BOUND ( 'NONE', #7695, .T. ) ;
#4476 = VECTOR ( 'NONE', #463, 1000.000000000000000 ) ;
#4477 = CARTESIAN_POINT ( 'NONE',  ( -168.9300000000000068, 0.000000000000000000, 2.000000000000000000 ) ) ;
#4478 = ORIENTED_EDGE ( 'NONE', *, *, #3489, .F. ) ;
#4479 = CIRCLE ( 'NONE', #6269, 1.250000000000001110 ) ;
#4480 = CIRCLE ( 'NONE', #267, 1.250000000000001110 ) ;
#4481 = ORIENTED_EDGE ( 'NONE', *, *, #1780, .F. ) ;
#4482 = CARTESIAN_POINT ( 'NONE',  ( -100.3100000000000165, 1.530808498934190091E-16, 0.000000000000000000 ) ) ;
#4483 = ADVANCED_FACE ( 'NONE', ( #4444 ), #684, .F. ) ;
#4484 = DIRECTION ( 'NONE',  ( 1.000000000000000000, 0.000000000000000000, 0.000000000000000000 ) ) ;
#4485 = CARTESIAN_POINT ( 'NONE',  ( 33.01999999999998181, 0.000000000000000000, 0.000000000000000000 ) ) ;
#4486 = CIRCLE ( 'NONE', #2959, 1.250000000000000000 ) ;
#4487 = EDGE_LOOP ( 'NONE', ( #6450, #2978, #1371, #7214 ) ) ;
#4488 = FACE_OUTER_BOUND ( 'NONE', #672, .T. ) ;
#4489 = ORIENTED_EDGE ( 'NONE', *, *, #6719, .T. ) ;
#4490 = VECTOR ( 'NONE', #3613, 1000.000000000000000 ) ;
#4491 = AXIS2_PLACEMENT_3D ( 'NONE', #742, #7549, #144 ) ;
#4492 = FACE_OUTER_BOUND ( 'NONE', #7037, .T. ) ;
#4493 = FACE_BOUND ( 'NONE', #3635, .T. ) ;
#4494 = FACE_OUTER_BOUND ( 'NONE', #268, .T. ) ;
#4495 = DIRECTION ( 'NONE',  ( 0.000000000000000000, 0.000000000000000000, 1.000000000000000000 ) ) ;
#4496 = CARTESIAN_POINT ( 'NONE',  ( -27.94000000000000128, 0.000000000000000000, 2.000000000000000000 ) ) ;
#4497 = EDGE_LOOP ( 'NONE', ( #3299, #2990 ) ) ;
#4498 = ORIENTED_EDGE ( 'NONE', *, *, #5936, .T. ) ;
#4499 = DIRECTION ( 'NONE',  ( 1.000000000000000000, 0.000000000000000000, 0.000000000000000000 ) ) ;
#4500 = CARTESIAN_POINT ( 'NONE',  ( 120.6299999999999955, 0.000000000000000000, 0.000000000000000000 ) ) ;
#4501 = ORIENTED_EDGE ( 'NONE', *, *, #539, .F. ) ;
#4502 = CARTESIAN_POINT ( 'NONE',  ( -100.3100000000000165, 1.530808498934191571E-16, -0.2999999999999999889 ) ) ;
#4503 = LINE ( 'NONE', #6950, #1827 ) ;
#4504 = LINE ( 'NONE', #6951, #4476 ) ;
#4505 = EDGE_LOOP ( 'NONE', ( #1311, #4421 ) ) ;
#4506 = ORIENTED_EDGE ( 'NONE', *, *, #2926, .T. ) ;
#4507 = EDGE_CURVE ( 'NONE', #5508, #2533, #4191, .T. ) ;
#4508 = AXIS2_PLACEMENT_3D ( 'NONE', #5993, #4715, #4588 ) ;
#4509 = EDGE_LOOP ( 'NONE', ( #2846, #1897, #1640, #843 ) ) ;
#4510 = CARTESIAN_POINT ( 'NONE',  ( 220.9800000000000182, 0.000000000000000000, 2.000000000000000000 ) ) ;
#4511 = CARTESIAN_POINT ( 'NONE',  ( 33.01999999999998181, 0.000000000000000000, 0.000000000000000000 ) ) ;
#4512 = ORIENTED_EDGE ( 'NONE', *, *, #1643, .F. ) ;
#4513 = EDGE_CURVE ( 'NONE', #7675, #4700, #5214, .T. ) ;
#4515 = EDGE_CURVE ( 'NONE', #7492, #2787, #4056, .T. ) ;
#4514 = FACE_OUTER_BOUND ( 'NONE', #3490, .T. ) ;
#4516 = AXIS2_PLACEMENT_3D ( 'NONE', #61, #551, #1783 ) ;
#4517 = CARTESIAN_POINT ( 'NONE',  ( -190.5000000000000000, 0.000000000000000000, 0.000000000000000000 ) ) ;
#4518 = DIRECTION ( 'NONE',  ( 0.000000000000000000, 0.000000000000000000, 1.000000000000000000 ) ) ;
#4519 = ORIENTED_EDGE ( 'NONE', *, *, #1742, .T. ) ;
#4520 = AXIS2_PLACEMENT_3D ( 'NONE', #3211, #5707, #6341 ) ;
#4521 = ORIENTED_EDGE ( 'NONE', *, *, #4689, .F. ) ;
#4522 = DIRECTION ( 'NONE',  ( -0.000000000000000000, -0.000000000000000000, -1.000000000000000000 ) ) ;
#4523 = EDGE_CURVE ( 'NONE', #1776, #3219, #3765, .T. ) ;
#4524 = VECTOR ( 'NONE', #3036, 1000.000000000000000 ) ;
#4525 = DIRECTION ( 'NONE',  ( -1.000000000000000000, 0.000000000000000000, 0.000000000000000000 ) ) ;
#4526 = DIRECTION ( 'NONE',  ( 1.000000000000000000, 0.000000000000000000, 0.000000000000000000 ) ) ;
#4527 = EDGE_LOOP ( 'NONE', ( #3177, #3348, #4713, #437 ) ) ;
#4528 = AXIS2_PLACEMENT_3D ( 'NONE', #4303, #7921, #2532 ) ;
#4529 = LINE ( 'NONE', #2007, #7557 ) ;
#4530 = EDGE_CURVE ( 'NONE', #3381, #6119, #3926, .T. ) ;
#4531 = EDGE_LOOP ( 'NONE', ( #46, #1177, #4987, #7330 ) ) ;
#4532 = CARTESIAN_POINT ( 'NONE',  ( 93.98000000000001819, 0.000000000000000000, -0.2999999999999999889 ) ) ;
#4533 = FACE_BOUND ( 'NONE', #2564, .T. ) ;
#4534 = DIRECTION ( 'NONE',  ( 1.000000000000000000, 0.000000000000000000, 0.000000000000000000 ) ) ;
#4535 = DIRECTION ( 'NONE',  ( 0.000000000000000000, 0.000000000000000000, 1.000000000000000000 ) ) ;
#4536 = CIRCLE ( 'NONE', #456, 1.250000000000001110 ) ;
#4537 = DIRECTION ( 'NONE',  ( 0.000000000000000000, 0.000000000000000000, 1.000000000000000000 ) ) ;
#4538 = ORIENTED_EDGE ( 'NONE', *, *, #7457, .F. ) ;
#4539 = AXIS2_PLACEMENT_3D ( 'NONE', #7860, #4813, #4210 ) ;
#4540 = EDGE_CURVE ( 'NONE', #6882, #1480, #3046, .T. ) ;
#4541 = EDGE_LOOP ( 'NONE', ( #7582, #1386, #534, #3465 ) ) ;
#4542 = DIRECTION ( 'NONE',  ( 0.000000000000000000, 0.000000000000000000, 1.000000000000000000 ) ) ;
#4543 = AXIS2_PLACEMENT_3D ( 'NONE', #5080, #5606, #115 ) ;
#4544 = LINE ( 'NONE', #7759, #1110 ) ;
#4545 = EDGE_LOOP ( 'NONE', ( #6157, #1049 ) ) ;
#4546 = CYLINDRICAL_SURFACE ( 'NONE', #4964, 1.250000000000000222 ) ;
#4547 = DIRECTION ( 'NONE',  ( 1.000000000000000000, 0.000000000000000000, 0.000000000000000000 ) ) ;
#4548 = LINE ( 'NONE', #5719, #1914 ) ;
#4549 = ORIENTED_EDGE ( 'NONE', *, *, #6387, .T. ) ;
#4550 = AXIS2_PLACEMENT_3D ( 'NONE', #2428, #6639, #32 ) ;
#4551 = ORIENTED_EDGE ( 'NONE', *, *, #2561, .F. ) ;
#4552 = VERTEX_POINT ( 'NONE', #1842 ) ;
#4553 = DIRECTION ( 'NONE',  ( 0.000000000000000000, 0.000000000000000000, 1.000000000000000000 ) ) ;
#4554 = CARTESIAN_POINT ( 'NONE',  ( -49.50999999999999091, 1.530808498934190091E-16, 2.000000000000000000 ) ) ;
#4555 = CIRCLE ( 'NONE', #5460, 1.250000000000001110 ) ;
#4556 = ORIENTED_EDGE ( 'NONE', *, *, #7377, .F. ) ;
#4557 = CARTESIAN_POINT ( 'NONE',  ( -200.6599999999999966, 0.000000000000000000, -0.2999999999999999889 ) ) ;
#4558 = CARTESIAN_POINT ( 'NONE',  ( 245.1299999999999955, 1.530808498934190091E-16, 2.000000000000000000 ) ) ;
#4559 = DIRECTION ( 'NONE',  ( 0.000000000000000000, 0.000000000000000000, 1.000000000000000000 ) ) ;
#4560 = VERTEX_POINT ( 'NONE', #4289 ) ;
#4561 = AXIS2_PLACEMENT_3D ( 'NONE', #3815, #3698, #1405 ) ;
#4562 = EDGE_CURVE ( 'NONE', #3429, #6304, #5078, .T. ) ;
#4563 = VERTEX_POINT ( 'NONE', #1920 ) ;
#4564 = CARTESIAN_POINT ( 'NONE',  ( -124.4600000000000080, 0.000000000000000000, 0.000000000000000000 ) ) ;
#4565 = VECTOR ( 'NONE', #5537, 1000.000000000000000 ) ;
#4566 = CARTESIAN_POINT ( 'NONE',  ( -226.0600000000000023, 0.000000000000000000, 0.000000000000000000 ) ) ;
#4567 = CYLINDRICAL_SURFACE ( 'NONE', #63, 1.250000000000001110 ) ;
#4568 = ORIENTED_EDGE ( 'NONE', *, *, #2778, .T. ) ;
#4569 = ORIENTED_EDGE ( 'NONE', *, *, #2946, .T. ) ;
#4570 = EDGE_CURVE ( 'NONE', #4729, #3369, #6129, .T. ) ;
#4571 = AXIS2_PLACEMENT_3D ( 'NONE', #6910, #6350, #5674 ) ;
#4572 = DIRECTION ( 'NONE',  ( -1.000000000000000000, 0.000000000000000000, 0.000000000000000000 ) ) ;
#4573 = ORIENTED_EDGE ( 'NONE', *, *, #1438, .F. ) ;
#4574 = CYLINDRICAL_SURFACE ( 'NONE', #3797, 1.250000000000001110 ) ;
#4575 = FACE_BOUND ( 'NONE', #5669, .T. ) ;
#4576 = DIRECTION ( 'NONE',  ( -1.000000000000000000, 0.000000000000000000, 0.000000000000000000 ) ) ;
#4577 = DIRECTION ( 'NONE',  ( -1.000000000000000000, 0.000000000000000000, 0.000000000000000000 ) ) ;
#4578 = AXIS2_PLACEMENT_3D ( 'NONE', #6069, #5394, #510 ) ;
#4579 = EDGE_CURVE ( 'NONE', #3561, #1186, #7261, .T. ) ;
#4580 = CARTESIAN_POINT ( 'NONE',  ( 186.6700000000000443, 0.000000000000000000, 2.000000000000000000 ) ) ;
#4581 = ORIENTED_EDGE ( 'NONE', *, *, #2770, .T. ) ;
#4582 = EDGE_LOOP ( 'NONE', ( #3704, #6442 ) ) ;
#4583 = DIRECTION ( 'NONE',  ( 0.000000000000000000, 0.000000000000000000, 1.000000000000000000 ) ) ;
#4584 = AXIS2_PLACEMENT_3D ( 'NONE', #981, #5181, #6464 ) ;
#4585 = FACE_OUTER_BOUND ( 'NONE', #6123, .T. ) ;
#4586 = ORIENTED_EDGE ( 'NONE', *, *, #4914, .T. ) ;
#4587 = FACE_OUTER_BOUND ( 'NONE', #5762, .T. ) ;
#4588 = DIRECTION ( 'NONE',  ( 1.000000000000000000, 0.000000000000000000, 0.000000000000000000 ) ) ;
#4589 = CARTESIAN_POINT ( 'NONE',  ( -52.09000000000000341, 0.000000000000000000, 0.000000000000000000 ) ) ;
#4590 = EDGE_CURVE ( 'NONE', #1864, #1833, #7777, .T. ) ;
#4591 = ORIENTED_EDGE ( 'NONE', *, *, #3449, .F. ) ;
#4592 = AXIS2_PLACEMENT_3D ( 'NONE', #568, #3001, #4167 ) ;
#4593 = AXIS2_PLACEMENT_3D ( 'NONE', #5004, #7448, #5686 ) ;
#4594 = ORIENTED_EDGE ( 'NONE', *, *, #2956, .T. ) ;
#4595 = ORIENTED_EDGE ( 'NONE', *, *, #1479, .T. ) ;
#4596 = CARTESIAN_POINT ( 'NONE',  ( -95.22999999999998977, 1.530808498934191571E-16, -0.2999999999999999889 ) ) ;
#4597 = CARTESIAN_POINT ( 'NONE',  ( 236.2200000000000273, 0.000000000000000000, 0.000000000000000000 ) ) ;
#4598 = AXIS2_PLACEMENT_3D ( 'NONE', #2284, #4732, #7176 ) ;
#4599 = ORIENTED_EDGE ( 'NONE', *, *, #1094, .F. ) ;
#4600 = CYLINDRICAL_SURFACE ( 'NONE', #7444, 1.249999999999973355 ) ;
#4601 = DIRECTION ( 'NONE',  ( -1.000000000000000000, 0.000000000000000000, 0.000000000000000000 ) ) ;
#4602 = DIRECTION ( 'NONE',  ( 0.000000000000000000, 0.000000000000000000, 1.000000000000000000 ) ) ;
#4603 = ORIENTED_EDGE ( 'NONE', *, *, #2394, .F. ) ;
#4604 = CARTESIAN_POINT ( 'NONE',  ( -140.9499999999999886, 1.530808498934191571E-16, -0.2999999999999999889 ) ) ;
#4605 = ORIENTED_EDGE ( 'NONE', *, *, #1874, .T. ) ;
#4606 = VECTOR ( 'NONE', #7306, 1000.000000000000000 ) ;
#4607 = LINE ( 'NONE', #1396, #4833 ) ;
#4608 = DIRECTION ( 'NONE',  ( 0.000000000000000000, 0.000000000000000000, 1.000000000000000000 ) ) ;
#4609 = DIRECTION ( 'NONE',  ( 1.000000000000000000, 0.000000000000000000, 0.000000000000000000 ) ) ;
#4610 = EDGE_CURVE ( 'NONE', #4611, #2554, #4607, .T. ) ;
#4611 = VERTEX_POINT ( 'NONE', #5129 ) ;
#4612 = CIRCLE ( 'NONE', #5639, 1.250000000000001110 ) ;
#4613 = ORIENTED_EDGE ( 'NONE', *, *, #7767, .F. ) ;
#4614 = PRODUCT_RELATED_PRODUCT_CATEGORY ( 'detail', '', ( #415 ) ) ;
#4615 = CARTESIAN_POINT ( 'NONE',  ( 44.43000000000001393, 0.000000000000000000, 0.000000000000000000 ) ) ;
#4616 = DIRECTION ( 'NONE',  ( 0.000000000000000000, 0.000000000000000000, 1.000000000000000000 ) ) ;
#4617 = FACE_BOUND ( 'NONE', #5528, .T. ) ;
#4618 = CARTESIAN_POINT ( 'NONE',  ( 48.25999999999999091, 0.000000000000000000, 0.000000000000000000 ) ) ;
#4619 = CIRCLE ( 'NONE', #1167, 1.250000000000001110 ) ;
#4620 = EDGE_CURVE ( 'NONE', #6243, #5283, #6871, .T. ) ;
#4621 = LINE ( 'NONE', #5225, #943 ) ;
#4622 = ADVANCED_FACE ( 'NONE', ( #5089 ), #6969, .F. ) ;
#4623 = CARTESIAN_POINT ( 'NONE',  ( -31.77000000000000668, 0.000000000000000000, 2.000000000000000000 ) ) ;
#4624 = ORIENTED_EDGE ( 'NONE', *, *, #7012, .T. ) ;
#4625 = ORIENTED_EDGE ( 'NONE', *, *, #7111, .T. ) ;
#4626 = CIRCLE ( 'NONE', #5006, 1.250000000000001110 ) ;
#4627 = APPROVAL_PERSON_ORGANIZATION ( #5066, #508, #259 ) ;
#4628 = DATE_TIME_ROLE ( 'creation_date' ) ;
#4629 = EDGE_CURVE ( 'NONE', #1853, #3026, #7616, .T. ) ;
#4630 = DIRECTION ( 'NONE',  ( 0.000000000000000000, 0.000000000000000000, 1.000000000000000000 ) ) ;
#4631 = ORIENTED_EDGE ( 'NONE', *, *, #2434, .T. ) ;
#4632 = DIRECTION ( 'NONE',  ( 0.000000000000000000, 0.000000000000000000, 1.000000000000000000 ) ) ;
#4633 = CARTESIAN_POINT ( 'NONE',  ( -151.1100000000000136, 1.530808498934190091E-16, 2.000000000000000000 ) ) ;
#4634 = AXIS2_PLACEMENT_3D ( 'NONE', #7126, #1635, #3475 ) ;
#4635 = CIRCLE ( 'NONE', #419, 1.250000000000001110 ) ;
#4636 = ORIENTED_EDGE ( 'NONE', *, *, #1962, .T. ) ;
#4637 = ORIENTED_EDGE ( 'NONE', *, *, #4768, .F. ) ;
#4638 = VERTEX_POINT ( 'NONE', #1442 ) ;
#4639 = FACE_BOUND ( 'NONE', #2104, .T. ) ;
#4640 = EDGE_CURVE ( 'NONE', #6834, #1296, #2202, .T. ) ;
#4641 = LINE ( 'NONE', #1592, #197 ) ;
#4642 = EDGE_LOOP ( 'NONE', ( #4974, #1153, #5829, #406 ) ) ;
#4643 = CARTESIAN_POINT ( 'NONE',  ( -163.8500000000000227, 0.000000000000000000, 2.000000000000000000 ) ) ;
#4644 = CARTESIAN_POINT ( 'NONE',  ( 149.8600000000000136, 0.000000000000000000, 2.000000000000000000 ) ) ;
#4645 = DIRECTION ( 'NONE',  ( 0.000000000000000000, 0.000000000000000000, 1.000000000000000000 ) ) ;
#4646 = CIRCLE ( 'NONE', #5416, 1.250000000000001110 ) ;
#4647 = ORIENTED_EDGE ( 'NONE', *, *, #4681, .F. ) ;
#4648 = EDGE_CURVE ( 'NONE', #3182, #1298, #4310, .T. ) ;
#4649 = CARTESIAN_POINT ( 'NONE',  ( 99.06000000000000227, 0.000000000000000000, 0.000000000000000000 ) ) ;
#4650 = EDGE_LOOP ( 'NONE', ( #6865, #4307 ) ) ;
#4651 = CIRCLE ( 'NONE', #1198, 1.250000000000001110 ) ;
#4652 = DIRECTION ( 'NONE',  ( 1.000000000000000000, 0.000000000000000000, 0.000000000000000000 ) ) ;
#4653 = CARTESIAN_POINT ( 'NONE',  ( -210.8199999999999932, 0.000000000000000000, 0.000000000000000000 ) ) ;
#4654 = DIRECTION ( 'NONE',  ( -0.000000000000000000, -0.000000000000000000, -1.000000000000000000 ) ) ;
#4655 = EDGE_LOOP ( 'NONE', ( #4903, #6976 ) ) ;
#4656 = CIRCLE ( 'NONE', #1075, 1.250000000000001110 ) ;
#4657 = ORIENTED_EDGE ( 'NONE', *, *, #5101, .F. ) ;
#4658 = DIRECTION ( 'NONE',  ( -1.000000000000000000, 0.000000000000000000, 0.000000000000000000 ) ) ;
#4659 = AXIS2_PLACEMENT_3D ( 'NONE', #5367, #7168, #4159 ) ;
#4660 = CARTESIAN_POINT ( 'NONE',  ( 78.74000000000000909, 0.000000000000000000, 2.000000000000000000 ) ) ;
#4661 = FACE_BOUND ( 'NONE', #880, .T. ) ;
#4662 = DIRECTION ( 'NONE',  ( 0.000000000000000000, 0.000000000000000000, 1.000000000000000000 ) ) ;
#4663 = CARTESIAN_POINT ( 'NONE',  ( -120.6299999999999955, 1.530808498934190091E-16, 2.000000000000000000 ) ) ;
#4664 = LINE ( 'NONE', #6467, #7481 ) ;
#4665 = VECTOR ( 'NONE', #1494, 1000.000000000000000 ) ;
#4666 = ORIENTED_EDGE ( 'NONE', *, *, #6223, .F. ) ;
#4667 = VERTEX_POINT ( 'NONE', #6410 ) ;
#4668 = EDGE_CURVE ( 'NONE', #3369, #546, #1495, .T. ) ;
#4669 = PERSON_AND_ORGANIZATION_ROLE ( 'classification_officer' ) ;
#4670 = CARTESIAN_POINT ( 'NONE',  ( -256.5400000000000205, 0.000000000000000000, -0.2999999999999999889 ) ) ;
#4671 = CIRCLE ( 'NONE', #6715, 1.250000000000001110 ) ;
#4672 = ORIENTED_EDGE ( 'NONE', *, *, #5514, .F. ) ;
#4673 = LINE ( 'NONE', #7113, #230 ) ;
#4674 = CARTESIAN_POINT ( 'NONE',  ( -109.2199999999999989, 0.000000000000000000, -0.2999999999999999889 ) ) ;
#4675 = EDGE_LOOP ( 'NONE', ( #7886, #1725 ) ) ;
#4676 = AXIS2_PLACEMENT_3D ( 'NONE', #5041, #121, #2591 ) ;
#4677 = VERTEX_POINT ( 'NONE', #3364 ) ;
#4678 = CIRCLE ( 'NONE', #5449, 1.250000000000001110 ) ;
#4679 = ORIENTED_EDGE ( 'NONE', *, *, #7014, .T. ) ;
#4680 = VECTOR ( 'NONE', #2474, 1000.000000000000000 ) ;
#4681 = EDGE_CURVE ( 'NONE', #4954, #1911, #1877, .T. ) ;
#4682 = FACE_BOUND ( 'NONE', #3840, .T. ) ;
#4683 = FACE_OUTER_BOUND ( 'NONE', #689, .T. ) ;
#4684 = EDGE_LOOP ( 'NONE', ( #6044, #139, #7436, #158 ) ) ;
#4685 = CARTESIAN_POINT ( 'NONE',  ( -22.86000000000001720, 0.000000000000000000, -0.2999999999999999889 ) ) ;
#4686 = AXIS2_PLACEMENT_3D ( 'NONE', #914, #998, #6999 ) ;
#4687 = DIRECTION ( 'NONE',  ( 1.000000000000000000, 0.000000000000000000, 0.000000000000000000 ) ) ;
#4688 = CARTESIAN_POINT ( 'NONE',  ( -220.9800000000000182, 0.000000000000000000, -0.2999999999999999889 ) ) ;
#4689 = EDGE_CURVE ( 'NONE', #2798, #6648, #2719, .T. ) ;
#4690 = EDGE_LOOP ( 'NONE', ( #7592, #683 ) ) ;
#4691 = AXIS2_PLACEMENT_3D ( 'NONE', #1061, #7875, #2941 ) ;
#4692 = CARTESIAN_POINT ( 'NONE',  ( -118.1299999999999955, 0.000000000000000000, 0.000000000000000000 ) ) ;
#4693 = ORIENTED_EDGE ( 'NONE', *, *, #4431, .T. ) ;
#4694 = DIRECTION ( 'NONE',  ( 0.000000000000000000, 0.000000000000000000, 1.000000000000000000 ) ) ;
#4695 = FACE_OUTER_BOUND ( 'NONE', #5898, .T. ) ;
#4696 = DIRECTION ( 'NONE',  ( 0.000000000000000000, 0.000000000000000000, 1.000000000000000000 ) ) ;
#4697 = AXIS2_PLACEMENT_3D ( 'NONE', #1290, #1890, #5624 ) ;
#4698 = EDGE_CURVE ( 'NONE', #2727, #546, #969, .T. ) ;
#4699 = VERTEX_POINT ( 'NONE', #2121 ) ;
#4700 = VERTEX_POINT ( 'NONE', #2803 ) ;
#4701 = CARTESIAN_POINT ( 'NONE',  ( -7.620000000000004547, 0.000000000000000000, 0.000000000000000000 ) ) ;
#4702 = VECTOR ( 'NONE', #7535, 1000.000000000000000 ) ;
#4703 = DIRECTION ( 'NONE',  ( -0.000000000000000000, -0.000000000000000000, -1.000000000000000000 ) ) ;
#4704 = FACE_BOUND ( 'NONE', #2015, .T. ) ;
#4705 = DIRECTION ( 'NONE',  ( -1.000000000000000000, 0.000000000000000000, 0.000000000000000000 ) ) ;
#4706 = DIRECTION ( 'NONE',  ( 0.000000000000000000, 0.000000000000000000, 1.000000000000000000 ) ) ;
#4707 = AXIS2_PLACEMENT_3D ( 'NONE', #1760, #7858, #3525 ) ;
#4708 = ORIENTED_EDGE ( 'NONE', *, *, #6636, .F. ) ;
#4709 = ORIENTED_EDGE ( 'NONE', *, *, #1114, .F. ) ;
#4710 = CALENDAR_DATE ( 2026, 29, 8 ) ;
#4711 = CARTESIAN_POINT ( 'NONE',  ( 109.2200000000000273, 0.000000000000000000, 2.000000000000000000 ) ) ;
#4712 = CIRCLE ( 'NONE', #369, 1.250000000000001110 ) ;
#4713 = ORIENTED_EDGE ( 'NONE', *, *, #4540, .T. ) ;
#4714 = CARTESIAN_POINT ( 'NONE',  ( -17.78000000000000114, 0.000000000000000000, 0.000000000000000000 ) ) ;
#4715 = DIRECTION ( 'NONE',  ( 0.000000000000000000, 0.000000000000000000, 1.000000000000000000 ) ) ;
#4716 = EDGE_CURVE ( 'NONE', #3781, #5441, #2912, .T. ) ;
#4717 = ORIENTED_EDGE ( 'NONE', *, *, #47, .F. ) ;
#4718 = ORIENTED_EDGE ( 'NONE', *, *, #7863, .F. ) ;
#4719 = VECTOR ( 'NONE', #1931, 1000.000000000000000 ) ;
#4720 = ORIENTED_EDGE ( 'NONE', *, *, #4050, .T. ) ;
#4721 = FACE_BOUND ( 'NONE', #2043, .T. ) ;
#4722 = DIRECTION ( 'NONE',  ( -0.000000000000000000, -0.000000000000000000, -1.000000000000000000 ) ) ;
#4723 = VERTEX_POINT ( 'NONE', #4482 ) ;
#4724 = FACE_OUTER_BOUND ( 'NONE', #2189, .T. ) ;
#4725 = CYLINDRICAL_SURFACE ( 'NONE', #6956, 1.249999999999999334 ) ;
#4726 = EDGE_CURVE ( 'NONE', #3955, #4837, #2272, .T. ) ;
#4727 = VERTEX_POINT ( 'NONE', #6328 ) ;
#4728 = LINE ( 'NONE', #2760, #5045 ) ;
#4729 = VERTEX_POINT ( 'NONE', #1481 ) ;
#4730 = EDGE_CURVE ( 'NONE', #4353, #6834, #1126, .T. ) ;
#4731 = CARTESIAN_POINT ( 'NONE',  ( 93.98000000000001819, 0.000000000000000000, 2.000000000000000000 ) ) ;
#4732 = DIRECTION ( 'NONE',  ( 0.000000000000000000, 0.000000000000000000, 1.000000000000000000 ) ) ;
#4733 = CARTESIAN_POINT ( 'NONE',  ( 190.5000000000000000, 0.000000000000000000, 0.000000000000000000 ) ) ;
#4734 = VERTEX_POINT ( 'NONE', #3885 ) ;
#4735 = ORIENTED_EDGE ( 'NONE', *, *, #4224, .F. ) ;
#4736 = LINE ( 'NONE', #5176, #2316 ) ;
#4737 = EDGE_CURVE ( 'NONE', #6304, #3429, #6878, .T. ) ;
#4738 = CARTESIAN_POINT ( 'NONE',  ( -241.3000000000000114, 0.000000000000000000, 0.000000000000000000 ) ) ;
#4739 = CARTESIAN_POINT ( 'NONE',  ( -26.68999999999999773, 0.000000000000000000, 0.000000000000000000 ) ) ;
#4740 = CARTESIAN_POINT ( 'NONE',  ( 0.000000000000000000, -3.000000000000000000, 2.000000000000000000 ) ) ;
#4741 = DIRECTION ( 'NONE',  ( 0.000000000000000000, 0.000000000000000000, 1.000000000000000000 ) ) ;
#4742 = DIRECTION ( 'NONE',  ( 1.000000000000000000, 0.000000000000000000, 0.000000000000000000 ) ) ;
#4743 = AXIS2_PLACEMENT_3D ( 'NONE', #7363, #748, #4276 ) ;
#4744 = VERTEX_POINT ( 'NONE', #3277 ) ;
#4745 = ORIENTED_EDGE ( 'NONE', *, *, #7606, .F. ) ;
#4746 = APPROVAL_ROLE ( '' ) ;
#4747 = CIRCLE ( 'NONE', #6788, 1.250000000000001110 ) ;
#4748 = DIRECTION ( 'NONE',  ( 1.000000000000000000, 0.000000000000000000, 0.000000000000000000 ) ) ;
#4749 = ORIENTED_EDGE ( 'NONE', *, *, #5571, .F. ) ;
#4750 = LINE ( 'NONE', #4188, #105 ) ;
#4751 = CARTESIAN_POINT ( 'NONE',  ( -124.4600000000000080, 0.000000000000000000, 2.000000000000000000 ) ) ;
#4752 = ORIENTED_EDGE ( 'NONE', *, *, #6827, .T. ) ;
#4753 = AXIS2_PLACEMENT_3D ( 'NONE', #836, #3271, #5161 ) ;
#4754 = VECTOR ( 'NONE', #2289, 1000.000000000000000 ) ;
#4755 = ORIENTED_EDGE ( 'NONE', *, *, #6924, .T. ) ;
#4756 = EDGE_LOOP ( 'NONE', ( #4962, #4759 ) ) ;
#4757 = CARTESIAN_POINT ( 'NONE',  ( 19.02999999999997272, 0.000000000000000000, 2.000000000000000000 ) ) ;
#4758 = CYLINDRICAL_SURFACE ( 'NONE', #5961, 1.250000000000001110 ) ;
#4759 = ORIENTED_EDGE ( 'NONE', *, *, #6099, .F. ) ;
#4760 = AXIS2_PLACEMENT_3D ( 'NONE', #2392, #5447, #5560 ) ;
#4761 = CIRCLE ( 'NONE', #2063, 1.249999999999973355 ) ;
#4762 = DIRECTION ( 'NONE',  ( -0.000000000000000000, -0.000000000000000000, -1.000000000000000000 ) ) ;
#4763 = CARTESIAN_POINT ( 'NONE',  ( 128.2900000000000205, 1.530808498934191571E-16, -0.2999999999999999889 ) ) ;
#4764 = EDGE_CURVE ( 'NONE', #2495, #5760, #1519, .T. ) ;
#4765 = EDGE_LOOP ( 'NONE', ( #3669, #5817, #5506, #4077 ) ) ;
#4766 = ADVANCED_FACE ( 'NONE', ( #3925 ), #2677, .F. ) ;
#4767 = CARTESIAN_POINT ( 'NONE',  ( -251.4600000000000080, 0.000000000000000000, 2.000000000000000000 ) ) ;
#4768 = EDGE_CURVE ( 'NONE', #718, #2501, #997, .T. ) ;
#4769 = VERTEX_POINT ( 'NONE', #2360 ) ;
#4770 = VECTOR ( 'NONE', #3809, 1000.000000000000000 ) ;
#4771 = CARTESIAN_POINT ( 'NONE',  ( 38.10000000000002274, 0.000000000000000000, 0.000000000000000000 ) ) ;
#4772 = EDGE_CURVE ( 'NONE', #3226, #327, #3566, .T. ) ;
#4773 = CIRCLE ( 'NONE', #2335, 1.250000000000001110 ) ;
#4774 = CARTESIAN_POINT ( 'NONE',  ( -154.9399999999999977, 0.000000000000000000, 2.000000000000000000 ) ) ;
#4775 = DIRECTION ( 'NONE',  ( 0.000000000000000000, 0.000000000000000000, 1.000000000000000000 ) ) ;
#4776 = ORIENTED_EDGE ( 'NONE', *, *, #6012, .F. ) ;
#4777 = EDGE_LOOP ( 'NONE', ( #1188, #4752, #3948, #6222 ) ) ;
#4778 = DIRECTION ( 'NONE',  ( 1.000000000000000000, 0.000000000000000000, 0.000000000000000000 ) ) ;
#4779 = CIRCLE ( 'NONE', #7726, 1.250000000000001110 ) ;
#4780 = ADVANCED_FACE ( 'NONE', ( #7897 ), #4125, .F. ) ;
#4781 = CARTESIAN_POINT ( 'NONE',  ( -68.58000000000001251, 0.000000000000000000, -0.2999999999999999889 ) ) ;
#4782 = FACE_BOUND ( 'NONE', #6108, .T. ) ;
#4783 = CARTESIAN_POINT ( 'NONE',  ( -139.6999999999999886, 0.000000000000000000, -0.2999999999999999889 ) ) ;
#4784 = DIRECTION ( 'NONE',  ( 0.000000000000000000, 0.000000000000000000, 1.000000000000000000 ) ) ;
#4785 = DIRECTION ( 'NONE',  ( 0.000000000000000000, 0.000000000000000000, 1.000000000000000000 ) ) ;
#4786 = EDGE_CURVE ( 'NONE', #6436, #6946, #4439, .T. ) ;
#4787 = EDGE_LOOP ( 'NONE', ( #4921, #3814 ) ) ;
#4788 = CARTESIAN_POINT ( 'NONE',  ( 62.25000000000000000, 1.530808498934190091E-16, 2.000000000000000000 ) ) ;
#4789 = ORIENTED_EDGE ( 'NONE', *, *, #7837, .T. ) ;
#4790 = DATE_AND_TIME ( #5308, #789 ) ;
#4791 = CARTESIAN_POINT ( 'NONE',  ( 134.6200000000000045, 0.000000000000000000, 0.000000000000000000 ) ) ;
#4792 = EDGE_LOOP ( 'NONE', ( #4113, #3869 ) ) ;
#4793 = CARTESIAN_POINT ( 'NONE',  ( -92.72999999999998977, 0.000000000000000000, -0.2999999999999999889 ) ) ;
#4794 = DIRECTION ( 'NONE',  ( 0.000000000000000000, 0.000000000000000000, 1.000000000000000000 ) ) ;
#4795 = VECTOR ( 'NONE', #4645, 1000.000000000000000 ) ;
#4796 = ORIENTED_EDGE ( 'NONE', *, *, #4248, .F. ) ;
#4797 = ADVANCED_FACE ( 'NONE', ( #5333 ), #3444, .F. ) ;
#4798 = ORIENTED_EDGE ( 'NONE', *, *, #6030, .T. ) ;
#4799 = ORIENTED_EDGE ( 'NONE', *, *, #5848, .F. ) ;
#4800 = DIRECTION ( 'NONE',  ( 1.000000000000000000, 0.000000000000000000, 0.000000000000000000 ) ) ;
#4801 = AXIS2_PLACEMENT_3D ( 'NONE', #3481, #2920, #1677 ) ;
#4802 = CARTESIAN_POINT ( 'NONE',  ( 27.94000000000000128, 0.000000000000000000, -0.2999999999999999889 ) ) ;
#4803 = ORIENTED_EDGE ( 'NONE', *, *, #6938, .F. ) ;
#4804 = LINE ( 'NONE', #1712, #7706 ) ;
#4805 = CARTESIAN_POINT ( 'NONE',  ( 12.69999999999998863, 0.000000000000000000, -0.2999999999999999889 ) ) ;
#4806 = CIRCLE ( 'NONE', #7487, 1.250000000000001110 ) ;
#4807 = EDGE_LOOP ( 'NONE', ( #1416, #2546, #4679, #5119 ) ) ;
#4808 = CARTESIAN_POINT ( 'NONE',  ( -78.74000000000000909, 0.000000000000000000, -0.2999999999999999889 ) ) ;
#4809 = AXIS2_PLACEMENT_3D ( 'NONE', #7848, #1941, #4385 ) ;
#4810 = EDGE_LOOP ( 'NONE', ( #4913, #1802 ) ) ;
#4811 = CARTESIAN_POINT ( 'NONE',  ( -237.4700000000000273, 1.530808498934190091E-16, 0.000000000000000000 ) ) ;
#4812 = DIRECTION ( 'NONE',  ( -1.000000000000000000, 0.000000000000000000, 0.000000000000000000 ) ) ;
#4813 = DIRECTION ( 'NONE',  ( 0.000000000000000000, 0.000000000000000000, 1.000000000000000000 ) ) ;
#4814 = VERTEX_POINT ( 'NONE', #5293 ) ;
#4815 = EDGE_CURVE ( 'NONE', #4699, #2384, #7654, .T. ) ;
#4816 = AXIS2_PLACEMENT_3D ( 'NONE', #7110, #5271, #390 ) ;
#4817 = CARTESIAN_POINT ( 'NONE',  ( 236.2200000000000273, 0.000000000000000000, -0.2999999999999999889 ) ) ;
#4818 = CARTESIAN_POINT ( 'NONE',  ( -109.2199999999999989, 0.000000000000000000, 2.000000000000000000 ) ) ;
#4819 = VECTOR ( 'NONE', #3661, 1000.000000000000000 ) ;
#4820 = FACE_BOUND ( 'NONE', #823, .T. ) ;
#4821 = DIRECTION ( 'NONE',  ( 0.000000000000000000, 0.000000000000000000, 1.000000000000000000 ) ) ;
#4822 = CARTESIAN_POINT ( 'NONE',  ( -16.53000000000000114, 0.000000000000000000, 2.000000000000000000 ) ) ;
#4823 = DIRECTION ( 'NONE',  ( 0.000000000000000000, 0.000000000000000000, 1.000000000000000000 ) ) ;
#4824 = ADVANCED_FACE ( 'NONE', ( #2999 ), #7174, .F. ) ;
#4825 = VERTEX_POINT ( 'NONE', #4811 ) ;
#4826 = DIRECTION ( 'NONE',  ( 0.000000000000000000, 0.000000000000000000, 1.000000000000000000 ) ) ;
#4827 = VERTEX_POINT ( 'NONE', #2282 ) ;
#4828 = DIRECTION ( 'NONE',  ( 0.000000000000000000, 0.000000000000000000, 1.000000000000000000 ) ) ;
#4829 = ORIENTED_EDGE ( 'NONE', *, *, #2631, .T. ) ;
#4830 = EDGE_CURVE ( 'NONE', #5069, #7311, #489, .T. ) ;
#4831 = DIRECTION ( 'NONE',  ( 0.000000000000000000, 0.000000000000000000, 1.000000000000000000 ) ) ;
#4832 = DIRECTION ( 'NONE',  ( 0.000000000000000000, 0.000000000000000000, 1.000000000000000000 ) ) ;
#4833 = VECTOR ( 'NONE', #883, 1000.000000000000000 ) ;
#4834 = CARTESIAN_POINT ( 'NONE',  ( -83.81999999999999318, 0.000000000000000000, 2.000000000000000000 ) ) ;
#4835 = VERTEX_POINT ( 'NONE', #2400 ) ;
#4836 = EDGE_LOOP ( 'NONE', ( #2378, #4320 ) ) ;
#4837 = VERTEX_POINT ( 'NONE', #1162 ) ;
#4838 = FACE_BOUND ( 'NONE', #1711, .T. ) ;
#4839 = CARTESIAN_POINT ( 'NONE',  ( -72.40999999999999659, 0.000000000000000000, 2.000000000000000000 ) ) ;
#4840 = ORIENTED_EDGE ( 'NONE', *, *, #1579, .F. ) ;
#4841 = EDGE_CURVE ( 'NONE', #4744, #888, #3606, .T. ) ;
#4842 = FACE_OUTER_BOUND ( 'NONE', #4642, .T. ) ;
#4843 = DIRECTION ( 'NONE',  ( 1.000000000000000000, 0.000000000000000000, 0.000000000000000000 ) ) ;
#4844 = ORIENTED_EDGE ( 'NONE', *, *, #5514, .T. ) ;
#4845 = DIRECTION ( 'NONE',  ( 1.000000000000000000, 0.000000000000000000, 0.000000000000000000 ) ) ;
#4846 = CIRCLE ( 'NONE', #4206, 1.250000000000001110 ) ;
#4847 = ORIENTED_EDGE ( 'NONE', *, *, #1239, .T. ) ;
#4848 = CARTESIAN_POINT ( 'NONE',  ( -236.2200000000000273, 0.000000000000000000, 2.000000000000000000 ) ) ;
#4849 = CARTESIAN_POINT ( 'NONE',  ( -160.0200000000000102, 0.000000000000000000, -0.2999999999999999889 ) ) ;
#4850 = ORIENTED_EDGE ( 'NONE', *, *, #3929, .T. ) ;
#4851 = AXIS2_PLACEMENT_3D ( 'NONE', #2558, #6290, #5011 ) ;
#4852 = CARTESIAN_POINT ( 'NONE',  ( -104.1400000000000148, 0.000000000000000000, 0.000000000000000000 ) ) ;
#4853 = CYLINDRICAL_SURFACE ( 'NONE', #7894, 1.250000000000001110 ) ;
#4854 = ADVANCED_FACE ( 'NONE', ( #566 ), #488, .F. ) ;
#4855 = CYLINDRICAL_SURFACE ( 'NONE', #7564, 1.250000000000001110 ) ;
#4856 = LINE ( 'NONE', #4740, #2794 ) ;
#4857 = CARTESIAN_POINT ( 'NONE',  ( 123.2099999999999795, 1.530808498934191571E-16, -0.2999999999999999889 ) ) ;
#4858 = DIRECTION ( 'NONE',  ( 1.000000000000000000, 0.000000000000000000, 0.000000000000000000 ) ) ;
#4859 = EDGE_CURVE ( 'NONE', #7923, #953, #2401, .T. ) ;
#4860 = VERTEX_POINT ( 'NONE', #4166 ) ;
#4861 = DIRECTION ( 'NONE',  ( 0.000000000000000000, 0.000000000000000000, 1.000000000000000000 ) ) ;
#4862 = VERTEX_POINT ( 'NONE', #6608 ) ;
#4863 = EDGE_CURVE ( 'NONE', #2802, #1440, #5478, .T. ) ;
#4864 = DIRECTION ( 'NONE',  ( -0.000000000000000000, -0.000000000000000000, -1.000000000000000000 ) ) ;
#4865 = EDGE_CURVE ( 'NONE', #224, #7623, #5220, .T. ) ;
#4866 = DIRECTION ( 'NONE',  ( -1.000000000000000000, 0.000000000000000000, 0.000000000000000000 ) ) ;
#4867 = DIRECTION ( 'NONE',  ( 1.000000000000000000, 0.000000000000000000, 0.000000000000000000 ) ) ;
#4868 = AXIS2_PLACEMENT_3D ( 'NONE', #7479, #309, #2662 ) ;
#4869 = DIRECTION ( 'NONE',  ( -1.000000000000000000, 0.000000000000000000, 0.000000000000000000 ) ) ;
#4870 = EDGE_CURVE ( 'NONE', #3462, #2178, #1644, .T. ) ;
#4871 = CARTESIAN_POINT ( 'NONE',  ( 104.1399999999999864, 0.000000000000000000, 2.000000000000000000 ) ) ;
#4872 = ORIENTED_EDGE ( 'NONE', *, *, #3406, .T. ) ;
#4873 = ORIENTED_EDGE ( 'NONE', *, *, #6768, .T. ) ;
#4874 = EDGE_CURVE ( 'NONE', #2727, #4729, #6746, .T. ) ;
#4875 = VERTEX_POINT ( 'NONE', #4348 ) ;
#4876 = VECTOR ( 'NONE', #130, 1000.000000000000000 ) ;
#4877 = FACE_BOUND ( 'NONE', #2300, .T. ) ;
#4878 = DIRECTION ( 'NONE',  ( -0.000000000000000000, -0.000000000000000000, -1.000000000000000000 ) ) ;
#4879 = ORIENTED_EDGE ( 'NONE', *, *, #3853, .F. ) ;
#4880 = CARTESIAN_POINT ( 'NONE',  ( -43.18000000000000682, 0.000000000000000000, 0.000000000000000000 ) ) ;
#4881 = LINE ( 'NONE', #7439, #4524 ) ;
#4882 = AXIS2_PLACEMENT_3D ( 'NONE', #5779, #2209, #4658 ) ;
#4883 = VERTEX_POINT ( 'NONE', #108 ) ;
#4884 = EDGE_CURVE ( 'NONE', #3293, #7526, #7268, .T. ) ;
#4885 = VECTOR ( 'NONE', #213, 1000.000000000000000 ) ;
#4886 = LOCAL_TIME ( 16, 0, 29.00000000000000000, #2694 ) ;
#4887 = CARTESIAN_POINT ( 'NONE',  ( 174.0099999999999909, 1.530808498934190091E-16, 0.000000000000000000 ) ) ;
#4888 = VERTEX_POINT ( 'NONE', #3908 ) ;
#4889 = DIRECTION ( 'NONE',  ( 0.000000000000000000, 0.000000000000000000, 1.000000000000000000 ) ) ;
#4890 = CARTESIAN_POINT ( 'NONE',  ( -165.1000000000000227, 0.000000000000000000, 2.000000000000000000 ) ) ;
#4891 = CIRCLE ( 'NONE', #2451, 1.250000000000001110 ) ;
#4892 = CIRCLE ( 'NONE', #2839, 1.250000000000001110 ) ;
#4893 = ORIENTED_EDGE ( 'NONE', *, *, #3839, .F. ) ;
#4894 = EDGE_CURVE ( 'NONE', #6687, #2197, #3933, .T. ) ;
#4895 = CARTESIAN_POINT ( 'NONE',  ( 79.99000000000000909, 0.000000000000000000, -0.2999999999999999889 ) ) ;
#4896 = FACE_OUTER_BOUND ( 'NONE', #4296, .T. ) ;
#4897 = DIRECTION ( 'NONE',  ( 1.000000000000000000, 0.000000000000000000, 0.000000000000000000 ) ) ;
#4898 = CARTESIAN_POINT ( 'NONE',  ( 134.6200000000000045, 0.000000000000000000, -0.2999999999999999889 ) ) ;
#4899 = AXIS2_PLACEMENT_3D ( 'NONE', #3203, #1444, #2559 ) ;
#4900 = CIRCLE ( 'NONE', #7589, 1.250000000000001110 ) ;
#4901 = ORIENTED_EDGE ( 'NONE', *, *, #3157, .F. ) ;
#4902 = DIRECTION ( 'NONE',  ( 0.000000000000000000, 0.000000000000000000, 1.000000000000000000 ) ) ;
#4903 = ORIENTED_EDGE ( 'NONE', *, *, #2855, .F. ) ;
#4904 = CARTESIAN_POINT ( 'NONE',  ( 85.06999999999999318, 0.000000000000000000, -0.2999999999999999889 ) ) ;
#4905 = CARTESIAN_POINT ( 'NONE',  ( 174.0099999999999909, 1.530808498934190091E-16, 2.000000000000000000 ) ) ;
#4906 = CIRCLE ( 'NONE', #6308, 1.250000000000001110 ) ;
#4907 = CARTESIAN_POINT ( 'NONE',  ( 199.4100000000000250, 1.530808498934190091E-16, 0.000000000000000000 ) ) ;
#4908 = DIRECTION ( 'NONE',  ( -0.000000000000000000, -0.000000000000000000, -1.000000000000000000 ) ) ;
#4909 = CARTESIAN_POINT ( 'NONE',  ( -43.18000000000000682, 0.000000000000000000, 0.000000000000000000 ) ) ;
#4910 = ORIENTED_EDGE ( 'NONE', *, *, #911, .F. ) ;
#4911 = ORIENTED_EDGE ( 'NONE', *, *, #6582, .T. ) ;
#4912 = EDGE_CURVE ( 'NONE', #995, #202, #1880, .T. ) ;
#4913 = ORIENTED_EDGE ( 'NONE', *, *, #2603, .F. ) ;
#4914 = EDGE_CURVE ( 'NONE', #2339, #1527, #3555, .T. ) ;
#4915 = FACE_BOUND ( 'NONE', #2186, .T. ) ;
#4916 = CARTESIAN_POINT ( 'NONE',  ( -262.8700000000000045, 1.530808498934224111E-16, 0.000000000000000000 ) ) ;
#4917 = AXIS2_PLACEMENT_3D ( 'NONE', #2954, #1038, #3518 ) ;
#4918 = ORIENTED_EDGE ( 'NONE', *, *, #7182, .F. ) ;
#4919 = CARTESIAN_POINT ( 'NONE',  ( -67.33000000000001251, 0.000000000000000000, -0.2999999999999999889 ) ) ;
#4920 = DIRECTION ( 'NONE',  ( 1.000000000000000000, 0.000000000000000000, 0.000000000000000000 ) ) ;
#4921 = ORIENTED_EDGE ( 'NONE', *, *, #5823, .F. ) ;
#4922 = EDGE_CURVE ( 'NONE', #7311, #5069, #6495, .T. ) ;
#4923 = AXIS2_PLACEMENT_3D ( 'NONE', #3477, #5327, #7774 ) ;
#4924 = VERTEX_POINT ( 'NONE', #3789 ) ;
#4925 = DIRECTION ( 'NONE',  ( -0.000000000000000000, -0.000000000000000000, -1.000000000000000000 ) ) ;
#4926 = VERTEX_POINT ( 'NONE', #709 ) ;
#4927 = VECTOR ( 'NONE', #5853, 1000.000000000000000 ) ;
#4928 = ADVANCED_FACE ( 'NONE', ( #1904 ), #6949, .F. ) ;
#4929 = CARTESIAN_POINT ( 'NONE',  ( 34.26999999999998181, 0.000000000000000000, -0.2999999999999999889 ) ) ;
#4930 = FACE_OUTER_BOUND ( 'NONE', #3380, .T. ) ;
#4931 = ORIENTED_EDGE ( 'NONE', *, *, #476, .T. ) ;
#4932 = AXIS2_PLACEMENT_3D ( 'NONE', #3074, #6686, #3641 ) ;
#4933 = AXIS2_PLACEMENT_3D ( 'NONE', #5729, #237, #878 ) ;
#4934 = DIRECTION ( 'NONE',  ( 0.000000000000000000, 0.000000000000000000, 1.000000000000000000 ) ) ;
#4935 = DIRECTION ( 'NONE',  ( 0.000000000000000000, 0.000000000000000000, 1.000000000000000000 ) ) ;
#4936 = ADVANCED_FACE ( 'NONE', ( #7477 ), #5756, .F. ) ;
#4937 = CARTESIAN_POINT ( 'NONE',  ( 43.18000000000000682, 0.000000000000000000, 0.000000000000000000 ) ) ;
#4938 = CARTESIAN_POINT ( 'NONE',  ( -190.5000000000000000, 0.000000000000000000, -0.2999999999999999889 ) ) ;
#4939 = AXIS2_PLACEMENT_3D ( 'NONE', #2989, #5444, #6000 ) ;
#4940 = VERTEX_POINT ( 'NONE', #2541 ) ;
#4941 = CARTESIAN_POINT ( 'NONE',  ( -104.1400000000000148, 0.000000000000000000, 0.000000000000000000 ) ) ;
#4942 = ORIENTED_EDGE ( 'NONE', *, *, #1933, .T. ) ;
#4943 = CIRCLE ( 'NONE', #2894, 1.249999999999973355 ) ;
#4944 = LINE ( 'NONE', #5702, #6857 ) ;
#4945 = DIRECTION ( 'NONE',  ( -0.000000000000000000, -0.000000000000000000, -1.000000000000000000 ) ) ;
#4946 = CARTESIAN_POINT ( 'NONE',  ( -95.22999999999998977, 1.530808498934190091E-16, 2.000000000000000000 ) ) ;
#4947 = FACE_OUTER_BOUND ( 'NONE', #751, .T. ) ;
#4948 = CARTESIAN_POINT ( 'NONE',  ( -262.8700000000000045, 1.530808498934191571E-16, -0.2999999999999999889 ) ) ;
#4949 = ORIENTED_EDGE ( 'NONE', *, *, #1156, .T. ) ;
#4950 = VERTEX_POINT ( 'NONE', #7400 ) ;
#4951 = VERTEX_POINT ( 'NONE', #3826 ) ;
#4952 = FACE_BOUND ( 'NONE', #1146, .T. ) ;
#4953 = DIRECTION ( 'NONE',  ( 1.000000000000000000, 0.000000000000000000, 0.000000000000000000 ) ) ;
#4954 = VERTEX_POINT ( 'NONE', #7553 ) ;
#4955 = DIRECTION ( 'NONE',  ( 0.000000000000000000, 0.000000000000000000, 1.000000000000000000 ) ) ;
#4957 = ADVANCED_FACE ( 'NONE', ( #3220 ), #1305, .F. ) ;
#4956 = CARTESIAN_POINT ( 'NONE',  ( -128.2899999999999920, 0.000000000000000000, 0.000000000000000000 ) ) ;
#4958 = DIRECTION ( 'NONE',  ( -1.000000000000000000, 0.000000000000000000, 0.000000000000000000 ) ) ;
#4959 = ORIENTED_EDGE ( 'NONE', *, *, #610, .T. ) ;
#4960 = ORIENTED_EDGE ( 'NONE', *, *, #3614, .F. ) ;
#4961 = CYLINDRICAL_SURFACE ( 'NONE', #3004, 1.250000000000001110 ) ;
#4962 = ORIENTED_EDGE ( 'NONE', *, *, #2979, .F. ) ;
#4963 = ADVANCED_FACE ( 'NONE', ( #263 ), #2622, .F. ) ;
#4964 = AXIS2_PLACEMENT_3D ( 'NONE', #1501, #2824, #5274 ) ;
#4965 = CARTESIAN_POINT ( 'NONE',  ( -144.7800000000000011, 0.000000000000000000, 2.000000000000000000 ) ) ;
#4966 = CARTESIAN_POINT ( 'NONE',  ( 77.49000000000000909, 1.530808498934190091E-16, 0.000000000000000000 ) ) ;
#4967 = EDGE_LOOP ( 'NONE', ( #5219, #3755 ) ) ;
#4968 = CIRCLE ( 'NONE', #3687, 1.250000000000001110 ) ;
#4969 = EDGE_CURVE ( 'NONE', #4723, #2000, #5716, .T. ) ;
#4970 = DIRECTION ( 'NONE',  ( 1.000000000000000000, 0.000000000000000000, 0.000000000000000000 ) ) ;
#4971 = CARTESIAN_POINT ( 'NONE',  ( 256.5399999999999636, 0.000000000000000000, 0.000000000000000000 ) ) ;
#4972 = CYLINDRICAL_SURFACE ( 'NONE', #1207, 1.250000000000001110 ) ;
#4973 = AXIS2_PLACEMENT_3D ( 'NONE', #372, #2163, #6970 ) ;
#4974 = ORIENTED_EDGE ( 'NONE', *, *, #2873, .T. ) ;
#4975 = CYLINDRICAL_SURFACE ( 'NONE', #7817, 1.250000000000001110 ) ;
#4976 = EDGE_CURVE ( 'NONE', #3264, #5953, #5981, .T. ) ;
#4977 = EDGE_LOOP ( 'NONE', ( #6261, #2540, #190, #1524 ) ) ;
#4978 = AXIS2_PLACEMENT_3D ( 'NONE', #1996, #4283, #6201 ) ;
#4979 = LINE ( 'NONE', #7424, #1116 ) ;
#4980 = CYLINDRICAL_SURFACE ( 'NONE', #6284, 1.250000000000001110 ) ;
#4981 = CARTESIAN_POINT ( 'NONE',  ( 104.1399999999999864, 0.000000000000000000, 0.000000000000000000 ) ) ;
#4982 = LINE ( 'NONE', #137, #4008 ) ;
#4983 = CARTESIAN_POINT ( 'NONE',  ( -174.0099999999999909, 0.000000000000000000, 0.000000000000000000 ) ) ;
#4984 = ORIENTED_EDGE ( 'NONE', *, *, #892, .F. ) ;
#4985 = ORIENTED_EDGE ( 'NONE', *, *, #7458, .T. ) ;
#4986 = ADVANCED_FACE ( 'NONE', ( #1463 ), #5031, .F. ) ;
#4987 = ORIENTED_EDGE ( 'NONE', *, *, #5943, .T. ) ;
#4988 = FACE_BOUND ( 'NONE', #7269, .T. ) ;
#4989 = VECTOR ( 'NONE', #3149, 1000.000000000000000 ) ;
#4990 = CARTESIAN_POINT ( 'NONE',  ( 29.19000000000000128, 0.000000000000000000, 0.000000000000000000 ) ) ;
#4991 = EDGE_LOOP ( 'NONE', ( #2641, #91, #1577, #7032 ) ) ;
#4992 = DIRECTION ( 'NONE',  ( 1.000000000000000000, 0.000000000000000000, 0.000000000000000000 ) ) ;
#4993 = DIRECTION ( 'NONE',  ( 0.000000000000000000, 0.000000000000000000, 1.000000000000000000 ) ) ;
#4994 = CARTESIAN_POINT ( 'NONE',  ( 67.32999999999998408, 1.530808498934190091E-16, 2.000000000000000000 ) ) ;
#4995 = CIRCLE ( 'NONE', #5258, 1.250000000000001110 ) ;
#4996 = ORIENTED_EDGE ( 'NONE', *, *, #4406, .T. ) ;
#4997 = ORIENTED_EDGE ( 'NONE', *, *, #6719, .F. ) ;
#4998 = CARTESIAN_POINT ( 'NONE',  ( -36.84999999999999432, 0.000000000000000000, 0.000000000000000000 ) ) ;
#4999 = DIRECTION ( 'NONE',  ( 1.000000000000000000, 0.000000000000000000, 0.000000000000000000 ) ) ;
#5000 = EDGE_LOOP ( 'NONE', ( #1062, #3694 ) ) ;
#5001 = AXIS2_PLACEMENT_3D ( 'NONE', #3325, #7624, #4572 ) ;
#5002 = APPROVAL ( #7836, '未' ) ;
#5003 = DIRECTION ( 'NONE',  ( 1.000000000000000000, 0.000000000000000000, 0.000000000000000000 ) ) ;
#5004 = CARTESIAN_POINT ( 'NONE',  ( -226.0600000000000023, 0.000000000000000000, -0.2999999999999999889 ) ) ;
#5005 = ORIENTED_EDGE ( 'NONE', *, *, #7415, .F. ) ;
#5006 = AXIS2_PLACEMENT_3D ( 'NONE', #4176, #1807, #6017 ) ;
#5007 = EDGE_CURVE ( 'NONE', #5492, #3189, #223, .T. ) ;
#5008 = ADVANCED_FACE ( 'NONE', ( #3259 ), #4388, .F. ) ;
#5009 = DIRECTION ( 'NONE',  ( 1.000000000000000000, 0.000000000000000000, 0.000000000000000000 ) ) ;
#5010 = AXIS2_PLACEMENT_3D ( 'NONE', #2752, #5204, #2154 ) ;
#5011 = DIRECTION ( 'NONE',  ( 1.000000000000000000, 0.000000000000000000, 0.000000000000000000 ) ) ;
#5012 = CARTESIAN_POINT ( 'NONE',  ( 123.2099999999999795, 1.530808498934190091E-16, 0.000000000000000000 ) ) ;
#5013 = ORIENTED_EDGE ( 'NONE', *, *, #6048, .F. ) ;
#5014 = EDGE_CURVE ( 'NONE', #7621, #7680, #4202, .T. ) ;
#5015 = DIRECTION ( 'NONE',  ( 1.000000000000000000, 0.000000000000000000, 0.000000000000000000 ) ) ;
#5016 = VERTEX_POINT ( 'NONE', #434 ) ;
#5017 = AXIS2_PLACEMENT_3D ( 'NONE', #1154, #599, #3752 ) ;
#5018 = DIRECTION ( 'NONE',  ( -1.000000000000000000, 0.000000000000000000, 0.000000000000000000 ) ) ;
#5019 = LINE ( 'NONE', #96, #4885 ) ;
#5020 = CARTESIAN_POINT ( 'NONE',  ( 33.01999999999998181, 0.000000000000000000, -0.2999999999999999889 ) ) ;
#5021 = AXIS2_PLACEMENT_3D ( 'NONE', #3731, #846, #6331 ) ;
#5022 = CARTESIAN_POINT ( 'NONE',  ( -151.1100000000000136, 1.530808498934190091E-16, 0.000000000000000000 ) ) ;
#5023 = EDGE_CURVE ( 'NONE', #7286, #3156, #4028, .T. ) ;
#5024 = CARTESIAN_POINT ( 'NONE',  ( 73.66000000000002501, 0.000000000000000000, 2.000000000000000000 ) ) ;
#5025 = ORIENTED_EDGE ( 'NONE', *, *, #1341, .F. ) ;
#5026 = ORIENTED_EDGE ( 'NONE', *, *, #851, .F. ) ;
#5027 = ORIENTED_EDGE ( 'NONE', *, *, #5061, .T. ) ;
#5028 = CIRCLE ( 'NONE', #7210, 1.249999999999999334 ) ;
#5029 = CARTESIAN_POINT ( 'NONE',  ( -2.540000000000020464, 0.000000000000000000, 0.000000000000000000 ) ) ;
#5030 = EDGE_LOOP ( 'NONE', ( #3402, #3426, #7159, #2736 ) ) ;
#5031 = CYLINDRICAL_SURFACE ( 'NONE', #1246, 1.250000000000001110 ) ;
#5032 = CARTESIAN_POINT ( 'NONE',  ( -214.6500000000000057, 0.000000000000000000, 0.000000000000000000 ) ) ;
#5033 = CARTESIAN_POINT ( 'NONE',  ( 49.50999999999999091, 0.000000000000000000, 2.000000000000000000 ) ) ;
#5034 = EDGE_CURVE ( 'NONE', #2665, #7853, #6500, .T. ) ;
#5035 = ORIENTED_EDGE ( 'NONE', *, *, #4859, .T. ) ;
#5036 = EDGE_LOOP ( 'NONE', ( #7115, #5603 ) ) ;
#5037 = CARTESIAN_POINT ( 'NONE',  ( 209.5699999999999932, 1.530808498934190091E-16, 2.000000000000000000 ) ) ;
#5038 = CARTESIAN_POINT ( 'NONE',  ( 166.3500000000000227, 0.000000000000000000, -0.2999999999999999889 ) ) ;
#5039 = ORIENTED_EDGE ( 'NONE', *, *, #6675, .F. ) ;
#5040 = LINE ( 'NONE', #1392, #3186 ) ;
#5041 = CARTESIAN_POINT ( 'NONE',  ( 154.9399999999999977, 0.000000000000000000, -0.2999999999999999889 ) ) ;
#5042 = ADVANCED_FACE ( 'NONE', ( #3505 ), #5836, .F. ) ;
#5043 = ORIENTED_EDGE ( 'NONE', *, *, #7167, .F. ) ;
#5044 = EDGE_CURVE ( 'NONE', #7831, #888, #7658, .T. ) ;
#5045 = VECTOR ( 'NONE', #7814, 1000.000000000000000 ) ;
#5046 = ORIENTED_EDGE ( 'NONE', *, *, #7191, .F. ) ;
#5047 = DIRECTION ( 'NONE',  ( 0.000000000000000000, 0.000000000000000000, 1.000000000000000000 ) ) ;
#5048 = DIRECTION ( 'NONE',  ( -1.000000000000000000, 0.000000000000000000, 0.000000000000000000 ) ) ;
#5049 = LINE ( 'NONE', #5737, #4770 ) ;
#5050 = ADVANCED_FACE ( 'NONE', ( #4069 ), #4546, .F. ) ;
#5051 = VECTOR ( 'NONE', #1669, 1000.000000000000000 ) ;
#5052 = AXIS2_PLACEMENT_3D ( 'NONE', #2916, #1155, #1672 ) ;
#5053 = CIRCLE ( 'NONE', #6843, 1.250000000000001110 ) ;
#5054 = VERTEX_POINT ( 'NONE', #7722 ) ;
#5055 = DIRECTION ( 'NONE',  ( 0.000000000000000000, 0.000000000000000000, 1.000000000000000000 ) ) ;
#5056 = EDGE_LOOP ( 'NONE', ( #1602, #521 ) ) ;
#5057 = CARTESIAN_POINT ( 'NONE',  ( 138.4499999999999886, 1.530808498934190091E-16, 2.000000000000000000 ) ) ;
#5058 = FACE_BOUND ( 'NONE', #1567, .T. ) ;
#5059 = CARTESIAN_POINT ( 'NONE',  ( 256.5399999999999636, 0.000000000000000000, -0.2999999999999999889 ) ) ;
#5060 = DIRECTION ( 'NONE',  ( -0.000000000000000000, -0.000000000000000000, -1.000000000000000000 ) ) ;
#5061 = EDGE_CURVE ( 'NONE', #6614, #7470, #4673, .T. ) ;
#5062 = CARTESIAN_POINT ( 'NONE',  ( 175.2599999999999909, 0.000000000000000000, 2.000000000000000000 ) ) ;
#5063 = VERTEX_POINT ( 'NONE', #4107 ) ;
#5064 = VECTOR ( 'NONE', #5434, 1000.000000000000000 ) ;
#5065 = EDGE_LOOP ( 'NONE', ( #208, #840, #2884, #5035 ) ) ;
#5066 = PERSON_AND_ORGANIZATION ( #5423, #5405 ) ;
#5067 = EDGE_CURVE ( 'NONE', #3499, #438, #2788, .T. ) ;
#5068 = DIRECTION ( 'NONE',  ( -1.000000000000000000, 0.000000000000000000, 0.000000000000000000 ) ) ;
#5069 = VERTEX_POINT ( 'NONE', #2184 ) ;
#5070 = DIRECTION ( 'NONE',  ( 0.000000000000000000, 0.000000000000000000, 1.000000000000000000 ) ) ;
#5071 = DIRECTION ( 'NONE',  ( 0.000000000000000000, 0.000000000000000000, 1.000000000000000000 ) ) ;
#5072 = AXIS2_PLACEMENT_3D ( 'NONE', #7503, #1929, #6298 ) ;
#5073 = CYLINDRICAL_SURFACE ( 'NONE', #4868, 1.250000000000001110 ) ;
#5074 = EDGE_LOOP ( 'NONE', ( #302, #5470 ) ) ;
#5075 = VERTEX_POINT ( 'NONE', #6514 ) ;
#5076 = ORIENTED_EDGE ( 'NONE', *, *, #1539, .T. ) ;
#5077 = DIRECTION ( 'NONE',  ( 0.000000000000000000, 0.000000000000000000, 1.000000000000000000 ) ) ;
#5078 = CIRCLE ( 'NONE', #2265, 1.250000000000001110 ) ;
#5079 = ADVANCED_FACE ( 'NONE', ( #6553 ), #3950, .F. ) ;
#5080 = CARTESIAN_POINT ( 'NONE',  ( 124.4599999999999937, 0.000000000000000000, 0.000000000000000000 ) ) ;
#5081 = VERTEX_POINT ( 'NONE', #5914 ) ;
#5082 = CYLINDRICAL_SURFACE ( 'NONE', #2315, 1.250000000000001110 ) ;
#5083 = LINE ( 'NONE', #3356, #6317 ) ;
#5084 = DIRECTION ( 'NONE',  ( 0.000000000000000000, 0.000000000000000000, 1.000000000000000000 ) ) ;
#5085 = AXIS2_PLACEMENT_3D ( 'NONE', #3147, #746, #2580 ) ;
#5086 = ORIENTED_EDGE ( 'NONE', *, *, #4397, .T. ) ;
#5087 = VECTOR ( 'NONE', #3700, 1000.000000000000000 ) ;
#5088 = VERTEX_POINT ( 'NONE', #2101 ) ;
#5089 = FACE_OUTER_BOUND ( 'NONE', #4436, .T. ) ;
#5090 = DIRECTION ( 'NONE',  ( -0.000000000000000000, -0.000000000000000000, -1.000000000000000000 ) ) ;
#5091 = CARTESIAN_POINT ( 'NONE',  ( -215.9000000000000057, 0.000000000000000000, 0.000000000000000000 ) ) ;
#5092 = VECTOR ( 'NONE', #4177, 1000.000000000000000 ) ;
#5093 = ORIENTED_EDGE ( 'NONE', *, *, #1096, .F. ) ;
#5094 = CARTESIAN_POINT ( 'NONE',  ( 82.56999999999999318, 1.530808498934190091E-16, 0.000000000000000000 ) ) ;
#5095 = ORIENTED_EDGE ( 'NONE', *, *, #4298, .F. ) ;
#5096 = CARTESIAN_POINT ( 'NONE',  ( -154.9399999999999977, 0.000000000000000000, -0.2999999999999999889 ) ) ;
#5097 = CIRCLE ( 'NONE', #3954, 1.250000000000001110 ) ;
#5098 = FACE_OUTER_BOUND ( 'NONE', #6150, .T. ) ;
#5099 = DIRECTION ( 'NONE',  ( 1.000000000000000000, 0.000000000000000000, 0.000000000000000000 ) ) ;
#5100 = CARTESIAN_POINT ( 'NONE',  ( 250.2100000000000364, 1.530808498934224111E-16, 0.000000000000000000 ) ) ;
#5101 = EDGE_CURVE ( 'NONE', #6031, #4448, #5485, .T. ) ;
#5102 = CYLINDRICAL_SURFACE ( 'NONE', #955, 1.250000000000001110 ) ;
#5103 = ORIENTED_EDGE ( 'NONE', *, *, #2462, .F. ) ;
#5104 = AXIS2_PLACEMENT_3D ( 'NONE', #5496, #83, #2438 ) ;
#5105 = ORIENTED_EDGE ( 'NONE', *, *, #6030, .F. ) ;
#5106 = EDGE_CURVE ( 'NONE', #2168, #1193, #4712, .T. ) ;
#5107 = ADVANCED_FACE ( 'NONE', ( #2784 ), #5151, .F. ) ;
#5108 = CARTESIAN_POINT ( 'NONE',  ( 130.7900000000000205, 0.000000000000000000, 2.000000000000000000 ) ) ;
#5109 = EDGE_CURVE ( 'NONE', #7492, #1889, #5793, .T. ) ;
#5110 = VERTEX_POINT ( 'NONE', #7640 ) ;
#5111 = DIRECTION ( 'NONE',  ( 1.000000000000000000, 0.000000000000000000, 0.000000000000000000 ) ) ;
#5112 = CARTESIAN_POINT ( 'NONE',  ( -119.3799999999999955, 0.000000000000000000, 0.000000000000000000 ) ) ;
#5113 = CARTESIAN_POINT ( 'NONE',  ( -255.2900000000000773, 0.000000000000000000, 2.000000000000000000 ) ) ;
#5114 = ORIENTED_EDGE ( 'NONE', *, *, #3772, .T. ) ;
#5115 = VERTEX_POINT ( 'NONE', #2143 ) ;
#5116 = ORIENTED_EDGE ( 'NONE', *, *, #875, .T. ) ;
#5117 = CARTESIAN_POINT ( 'NONE',  ( -246.3799999999999955, 0.000000000000000000, -0.2999999999999999889 ) ) ;
#5118 = DIRECTION ( 'NONE',  ( -0.000000000000000000, -0.000000000000000000, -1.000000000000000000 ) ) ;
#5119 = ORIENTED_EDGE ( 'NONE', *, *, #337, .T. ) ;
#5120 = CARTESIAN_POINT ( 'NONE',  ( 99.06000000000000227, 0.000000000000000000, 2.000000000000000000 ) ) ;
#5121 = CARTESIAN_POINT ( 'NONE',  ( 88.89999999999997726, 0.000000000000000000, 2.000000000000000000 ) ) ;
#5122 = AXIS2_PLACEMENT_3D ( 'NONE', #3952, #3302, #3345 ) ;
#5123 = DIRECTION ( 'NONE',  ( 1.000000000000000000, 0.000000000000000000, 0.000000000000000000 ) ) ;
#5124 = ADVANCED_FACE ( 'NONE', ( #4587 ), #1543, .F. ) ;
#5125 = EDGE_LOOP ( 'NONE', ( #6945, #3750 ) ) ;
#5126 = APPLICATION_CONTEXT ( 'configuration controlled 3d designs of mechanical parts and assemblies' ) ;
#5127 = AXIS2_PLACEMENT_3D ( 'NONE', #7270, #5431, #4184 ) ;
#5128 = VERTEX_POINT ( 'NONE', #947 ) ;
#5129 = CARTESIAN_POINT ( 'NONE',  ( 163.8500000000000227, 1.530808498934190091E-16, 0.000000000000000000 ) ) ;
#5130 = CYLINDRICAL_SURFACE ( 'NONE', #4973, 1.250000000000001110 ) ;
#5131 = DIRECTION ( 'NONE',  ( -1.000000000000000000, 0.000000000000000000, 0.000000000000000000 ) ) ;
#5132 = ADVANCED_FACE ( 'NONE', ( #349 ), #5235, .F. ) ;
#5133 = VECTOR ( 'NONE', #5937, 1000.000000000000000 ) ;
#5134 = ORIENTED_EDGE ( 'NONE', *, *, #6055, .T. ) ;
#5135 = DIRECTION ( 'NONE',  ( 1.000000000000000000, 0.000000000000000000, 0.000000000000000000 ) ) ;
#5136 = VERTEX_POINT ( 'NONE', #5476 ) ;
#5137 = AXIS2_PLACEMENT_3D ( 'NONE', #1977, #5145, #7637 ) ;
#5138 = CYLINDRICAL_SURFACE ( 'NONE', #1751, 1.250000000000001110 ) ;
#5139 = FACE_BOUND ( 'NONE', #832, .T. ) ;
#5140 = CARTESIAN_POINT ( 'NONE',  ( -209.5699999999999932, 0.000000000000000000, 2.000000000000000000 ) ) ;
#5141 = CARTESIAN_POINT ( 'NONE',  ( -149.8600000000000136, 0.000000000000000000, 2.000000000000000000 ) ) ;
#5142 = FACE_OUTER_BOUND ( 'NONE', #5963, .T. ) ;
#5143 = ORIENTED_EDGE ( 'NONE', *, *, #7266, .F. ) ;
#5144 = EDGE_LOOP ( 'NONE', ( #927, #6435 ) ) ;
#5145 = DIRECTION ( 'NONE',  ( 0.000000000000000000, 0.000000000000000000, 1.000000000000000000 ) ) ;
#5146 = EDGE_CURVE ( 'NONE', #2494, #3073, #4442, .T. ) ;
#5147 = AXIS2_PLACEMENT_3D ( 'NONE', #4485, #6851, #807 ) ;
#5148 = DIRECTION ( 'NONE',  ( 1.000000000000000000, 0.000000000000000000, 0.000000000000000000 ) ) ;
#5149 = EDGE_LOOP ( 'NONE', ( #3276, #1858, #1587, #1355 ) ) ;
#5150 = AXIS2_PLACEMENT_3D ( 'NONE', #4147, #2264, #5837 ) ;
#5151 = CYLINDRICAL_SURFACE ( 'NONE', #1507, 1.250000000000001110 ) ;
#5152 = CARTESIAN_POINT ( 'NONE',  ( 256.5399999999999636, 0.000000000000000000, 2.000000000000000000 ) ) ;
#5153 = CARTESIAN_POINT ( 'NONE',  ( 0.000000000000000000, -3.000000000000000000, 0.000000000000000000 ) ) ;
#5154 = EDGE_CURVE ( 'NONE', #4638, #3429, #5992, .T. ) ;
#5155 = ORIENTED_EDGE ( 'NONE', *, *, #358, .T. ) ;
#5156 = ORIENTED_EDGE ( 'NONE', *, *, #896, .T. ) ;
#5157 = ORIENTED_EDGE ( 'NONE', *, *, #1219, .T. ) ;
#5158 = DIRECTION ( 'NONE',  ( 1.000000000000000000, 0.000000000000000000, 0.000000000000000000 ) ) ;
#5159 = CARTESIAN_POINT ( 'NONE',  ( -161.2700000000000387, 1.530808498934191571E-16, -0.2999999999999999889 ) ) ;
#5160 = ORIENTED_EDGE ( 'NONE', *, *, #1458, .T. ) ;
#5161 = DIRECTION ( 'NONE',  ( -1.000000000000000000, 0.000000000000000000, 0.000000000000000000 ) ) ;
#5162 = FACE_OUTER_BOUND ( 'NONE', #7510, .T. ) ;
#5163 = CARTESIAN_POINT ( 'NONE',  ( -43.18000000000000682, 0.000000000000000000, 2.000000000000000000 ) ) ;
#5164 = ADVANCED_FACE ( 'NONE', ( #4301 ), #550, .F. ) ;
#5165 = ORIENTED_EDGE ( 'NONE', *, *, #4319, .F. ) ;
#5166 = AXIS2_PLACEMENT_3D ( 'NONE', #7188, #1692, #3420 ) ;
#5167 = ORIENTED_EDGE ( 'NONE', *, *, #6775, .T. ) ;
#5168 = EDGE_CURVE ( 'NONE', #2725, #7485, #3059, .T. ) ;
#5169 = CARTESIAN_POINT ( 'NONE',  ( -217.1500000000000057, 1.530808498934191571E-16, -0.2999999999999999889 ) ) ;
#5170 = AXIS2_PLACEMENT_3D ( 'NONE', #6525, #2115, #1515 ) ;
#5171 = DIRECTION ( 'NONE',  ( 0.000000000000000000, 0.000000000000000000, 1.000000000000000000 ) ) ;
#5172 = DIRECTION ( 'NONE',  ( 1.000000000000000000, 0.000000000000000000, 0.000000000000000000 ) ) ;
#5173 = VERTEX_POINT ( 'NONE', #2983 ) ;
#5174 = ORIENTED_EDGE ( 'NONE', *, *, #663, .F. ) ;
#5175 = CIRCLE ( 'NONE', #7095, 1.250000000000001110 ) ;
#5176 = CARTESIAN_POINT ( 'NONE',  ( 24.11000000000001720, 0.000000000000000000, -0.2999999999999999889 ) ) ;
#5177 = ORIENTED_EDGE ( 'NONE', *, *, #3757, .T. ) ;
#5178 = EDGE_CURVE ( 'NONE', #2484, #2615, #1007, .T. ) ;
#5179 = CARTESIAN_POINT ( 'NONE',  ( 186.6700000000000443, 0.000000000000000000, -0.2999999999999999889 ) ) ;
#5180 = FACE_BOUND ( 'NONE', #5604, .T. ) ;
#5181 = DIRECTION ( 'NONE',  ( -0.000000000000000000, -0.000000000000000000, -1.000000000000000000 ) ) ;
#5182 = DIRECTION ( 'NONE',  ( 0.000000000000000000, 0.000000000000000000, 1.000000000000000000 ) ) ;
#5183 = AXIS2_PLACEMENT_3D ( 'NONE', #7657, #965, #1043 ) ;
#5184 = CARTESIAN_POINT ( 'NONE',  ( -205.7400000000000091, 0.000000000000000000, 0.000000000000000000 ) ) ;
#5185 = EDGE_LOOP ( 'NONE', ( #6877, #2226 ) ) ;
#5186 = AXIS2_PLACEMENT_3D ( 'NONE', #6242, #6805, #4438 ) ;
#5187 = EDGE_LOOP ( 'NONE', ( #5198, #4035 ) ) ;
#5188 = DIRECTION ( 'NONE',  ( -0.000000000000000000, -0.000000000000000000, -1.000000000000000000 ) ) ;
#5189 = AXIS2_PLACEMENT_3D ( 'NONE', #1123, #7854, #1238 ) ;
#5190 = DIRECTION ( 'NONE',  ( 1.000000000000000000, 0.000000000000000000, 0.000000000000000000 ) ) ;
#5191 = ORIENTED_EDGE ( 'NONE', *, *, #7117, .T. ) ;
#5192 = DIRECTION ( 'NONE',  ( 0.000000000000000000, 0.000000000000000000, 1.000000000000000000 ) ) ;
#5193 = DIRECTION ( 'NONE',  ( 1.000000000000000000, 0.000000000000000000, 0.000000000000000000 ) ) ;
#5194 = DIRECTION ( 'NONE',  ( 0.000000000000000000, 0.000000000000000000, -1.000000000000000000 ) ) ;
#5195 = ORIENTED_EDGE ( 'NONE', *, *, #5789, .T. ) ;
#5196 = VECTOR ( 'NONE', #7513, 1000.000000000000000 ) ;
#5197 = ORIENTED_EDGE ( 'NONE', *, *, #5490, .F. ) ;
#5198 = ORIENTED_EDGE ( 'NONE', *, *, #5957, .F. ) ;
#5199 = DIRECTION ( 'NONE',  ( 1.000000000000000000, 0.000000000000000000, 0.000000000000000000 ) ) ;
#5200 = DIRECTION ( 'NONE',  ( 1.000000000000000000, 0.000000000000000000, 0.000000000000000000 ) ) ;
#5201 = EDGE_CURVE ( 'NONE', #1469, #643, #1376, .T. ) ;
#5202 = AXIS2_PLACEMENT_3D ( 'NONE', #7838, #7272, #7915 ) ;
#5203 = VERTEX_POINT ( 'NONE', #6105 ) ;
#5204 = DIRECTION ( 'NONE',  ( 0.000000000000000000, 0.000000000000000000, 1.000000000000000000 ) ) ;
#5205 = LINE ( 'NONE', #320, #1603 ) ;
#5206 = FACE_OUTER_BOUND ( 'NONE', #3783, .T. ) ;
#5207 = EDGE_LOOP ( 'NONE', ( #4647, #56 ) ) ;
#5208 = AXIS2_PLACEMENT_3D ( 'NONE', #3132, #5584, #5018 ) ;
#5209 = EDGE_CURVE ( 'NONE', #409, #692, #4750, .T. ) ;
#5210 = DIRECTION ( 'NONE',  ( 0.000000000000000000, 0.000000000000000000, 1.000000000000000000 ) ) ;
#5211 = ADVANCED_FACE ( 'NONE', ( #5511 ), #471, .F. ) ;
#5212 = ORIENTED_EDGE ( 'NONE', *, *, #7336, .F. ) ;
#5213 = DIRECTION ( 'NONE',  ( -0.000000000000000000, -0.000000000000000000, -1.000000000000000000 ) ) ;
#5214 = CIRCLE ( 'NONE', #2002, 1.250000000000001110 ) ;
#5215 = DIRECTION ( 'NONE',  ( 0.000000000000000000, 0.000000000000000000, 1.000000000000000000 ) ) ;
#5216 = CARTESIAN_POINT ( 'NONE',  ( 149.8600000000000136, 0.000000000000000000, 2.000000000000000000 ) ) ;
#5217 = EDGE_LOOP ( 'NONE', ( #715, #2744, #5798, #3030 ) ) ;
#5218 = EDGE_CURVE ( 'NONE', #7016, #5732, #4227, .T. ) ;
#5219 = ORIENTED_EDGE ( 'NONE', *, *, #2982, .F. ) ;
#5220 = CIRCLE ( 'NONE', #2642, 1.250000000000001110 ) ;
#5221 = CYLINDRICAL_SURFACE ( 'NONE', #2187, 1.250000000000001110 ) ;
#5222 = CARTESIAN_POINT ( 'NONE',  ( 231.1399999999999864, 0.000000000000000000, 2.000000000000000000 ) ) ;
#5223 = FACE_BOUND ( 'NONE', #3324, .T. ) ;
#5224 = DIRECTION ( 'NONE',  ( 0.000000000000000000, 0.000000000000000000, 1.000000000000000000 ) ) ;
#5225 = CARTESIAN_POINT ( 'NONE',  ( 217.1499999999999773, 0.000000000000000000, -0.2999999999999999889 ) ) ;
#5226 = AXIS2_PLACEMENT_3D ( 'NONE', #5951, #1624, #7595 ) ;
#5227 = LINE ( 'NONE', #7025, #3127 ) ;
#5228 = EDGE_CURVE ( 'NONE', #525, #4940, #3940, .T. ) ;
#5229 = ORIENTED_EDGE ( 'NONE', *, *, #4737, .T. ) ;
#5230 = VERTEX_POINT ( 'NONE', #7237 ) ;
#5231 = CALENDAR_DATE ( 2026, 29, 8 ) ;
#5232 = CIRCLE ( 'NONE', #7664, 1.250000000000001110 ) ;
#5233 = DIRECTION ( 'NONE',  ( 0.000000000000000000, 0.000000000000000000, 1.000000000000000000 ) ) ;
#5234 = ORIENTED_EDGE ( 'NONE', *, *, #3713, .F. ) ;
#5235 = CYLINDRICAL_SURFACE ( 'NONE', #870, 1.250000000000001110 ) ;
#5236 = DIRECTION ( 'NONE',  ( 0.000000000000000000, 0.000000000000000000, 1.000000000000000000 ) ) ;
#5237 = ORIENTED_EDGE ( 'NONE', *, *, #7364, .T. ) ;
#5238 = VECTOR ( 'NONE', #1249, 1000.000000000000000 ) ;
#5239 = ADVANCED_FACE ( 'NONE', ( #6028 ), #2455, .F. ) ;
#5240 = ORIENTED_EDGE ( 'NONE', *, *, #3757, .F. ) ;
#5241 = VERTEX_POINT ( 'NONE', #4907 ) ;
#5242 = CARTESIAN_POINT ( 'NONE',  ( 129.5400000000000205, 0.000000000000000000, -0.2999999999999999889 ) ) ;
#5243 = DIRECTION ( 'NONE',  ( 1.000000000000000000, 0.000000000000000000, 0.000000000000000000 ) ) ;
#5244 = CIRCLE ( 'NONE', #762, 1.250000000000001110 ) ;
#5245 = EDGE_LOOP ( 'NONE', ( #1998, #7134 ) ) ;
#5246 = DIRECTION ( 'NONE',  ( 0.000000000000000000, 0.000000000000000000, 1.000000000000000000 ) ) ;
#5247 = DIRECTION ( 'NONE',  ( 1.000000000000000000, 0.000000000000000000, 0.000000000000000000 ) ) ;
#5248 = DIRECTION ( 'NONE',  ( 1.000000000000000000, 0.000000000000000000, 0.000000000000000000 ) ) ;
#5249 = ORIENTED_EDGE ( 'NONE', *, *, #3262, .T. ) ;
#5250 = DIRECTION ( 'NONE',  ( -0.000000000000000000, -0.000000000000000000, -1.000000000000000000 ) ) ;
#5251 = VERTEX_POINT ( 'NONE', #5436 ) ;
#5252 = AXIS2_PLACEMENT_3D ( 'NONE', #7932, #674, #6833 ) ;
#5253 = CARTESIAN_POINT ( 'NONE',  ( -226.0600000000000023, 0.000000000000000000, 0.000000000000000000 ) ) ;
#5254 = FACE_OUTER_BOUND ( 'NONE', #2512, .T. ) ;
#5255 = DIRECTION ( 'NONE',  ( 0.000000000000000000, 0.000000000000000000, 1.000000000000000000 ) ) ;
#5256 = EDGE_LOOP ( 'NONE', ( #5909, #2218 ) ) ;
#5257 = ADVANCED_FACE ( 'NONE', ( #3023 ), #589, .F. ) ;
#5258 = AXIS2_PLACEMENT_3D ( 'NONE', #1138, #582, #7232 ) ;
#5259 = VERTEX_POINT ( 'NONE', #7350 ) ;
#5260 = ADVANCED_FACE ( 'NONE', ( #7919 ), #1702, .F. ) ;
#5261 = DIRECTION ( 'NONE',  ( 0.000000000000000000, 0.000000000000000000, 1.000000000000000000 ) ) ;
#5262 = DIRECTION ( 'NONE',  ( 1.000000000000000000, 0.000000000000000000, 0.000000000000000000 ) ) ;
#5263 = FACE_BOUND ( 'NONE', #5074, .T. ) ;
#5264 = DIRECTION ( 'NONE',  ( -0.000000000000000000, -0.000000000000000000, -1.000000000000000000 ) ) ;
#5265 = CARTESIAN_POINT ( 'NONE',  ( -184.1700000000000159, 0.000000000000000000, -0.2999999999999999889 ) ) ;
#5266 = DIRECTION ( 'NONE',  ( 1.000000000000000000, 0.000000000000000000, 0.000000000000000000 ) ) ;
#5267 = EDGE_CURVE ( 'NONE', #202, #6119, #1106, .T. ) ;
#5268 = ORIENTED_EDGE ( 'NONE', *, *, #4248, .T. ) ;
#5269 = EDGE_LOOP ( 'NONE', ( #2584, #2257, #280, #701 ) ) ;
#5270 = AXIS2_PLACEMENT_3D ( 'NONE', #5242, #7846, #4800 ) ;
#5271 = DIRECTION ( 'NONE',  ( 0.000000000000000000, 0.000000000000000000, 1.000000000000000000 ) ) ;
#5272 = VERTEX_POINT ( 'NONE', #2343 ) ;
#5273 = EDGE_CURVE ( 'NONE', #6509, #4734, #6113, .T. ) ;
#5274 = DIRECTION ( 'NONE',  ( 1.000000000000000000, 0.000000000000000000, 0.000000000000000000 ) ) ;
#5275 = CARTESIAN_POINT ( 'NONE',  ( 180.3399999999999750, 0.000000000000000000, -0.2999999999999999889 ) ) ;
#5276 = CIRCLE ( 'NONE', #2324, 1.250000000000001110 ) ;
#5277 = ORIENTED_EDGE ( 'NONE', *, *, #670, .T. ) ;
#5278 = ORIENTED_EDGE ( 'NONE', *, *, #1676, .F. ) ;
#5279 = ORIENTED_EDGE ( 'NONE', *, *, #4912, .F. ) ;
#5280 = FACE_BOUND ( 'NONE', #1008, .T. ) ;
#5281 = AXIS2_PLACEMENT_3D ( 'NONE', #7401, #6641, #1194 ) ;
#5282 = CARTESIAN_POINT ( 'NONE',  ( -240.0500000000000114, 0.000000000000000000, 0.000000000000000000 ) ) ;
#5283 = VERTEX_POINT ( 'NONE', #6941 ) ;
#5284 = EDGE_CURVE ( 'NONE', #2448, #311, #2651, .T. ) ;
#5285 = DIRECTION ( 'NONE',  ( 0.000000000000000000, 0.000000000000000000, 1.000000000000000000 ) ) ;
#5286 = CYLINDRICAL_SURFACE ( 'NONE', #2225, 1.250000000000001110 ) ;
#5287 = AXIS2_PLACEMENT_3D ( 'NONE', #6169, #3166, #5131 ) ;
#5288 = CYLINDRICAL_SURFACE ( 'NONE', #7474, 1.250000000000001110 ) ;
#5289 = CIRCLE ( 'NONE', #2585, 1.249999999999973355 ) ;
#5290 = VERTEX_POINT ( 'NONE', #3818 ) ;
#5291 = DIRECTION ( 'NONE',  ( -1.000000000000000000, 0.000000000000000000, 0.000000000000000000 ) ) ;
#5292 = ORIENTED_EDGE ( 'NONE', *, *, #4579, .T. ) ;
#5293 = CARTESIAN_POINT ( 'NONE',  ( -212.0700000000000216, 1.530808498934190091E-16, 2.000000000000000000 ) ) ;
#5294 = CARTESIAN_POINT ( 'NONE',  ( -232.3900000000000148, 1.530808498934190091E-16, 0.000000000000000000 ) ) ;
#5295 = CARTESIAN_POINT ( 'NONE',  ( 59.67000000000002302, 0.000000000000000000, 0.000000000000000000 ) ) ;
#5296 = ORIENTED_EDGE ( 'NONE', *, *, #6174, .T. ) ;
#5297 = EDGE_LOOP ( 'NONE', ( #4460, #3822, #6558, #7690 ) ) ;
#5298 = FACE_OUTER_BOUND ( 'NONE', #6785, .T. ) ;
#5299 = VECTOR ( 'NONE', #4437, 1000.000000000000000 ) ;
#5300 = DIRECTION ( 'NONE',  ( 0.000000000000000000, 0.000000000000000000, 1.000000000000000000 ) ) ;
#5301 = EDGE_CURVE ( 'NONE', #1244, #7442, #7142, .T. ) ;
#5302 = FACE_BOUND ( 'NONE', #3718, .T. ) ;
#5303 = DIRECTION ( 'NONE',  ( -1.000000000000000000, 0.000000000000000000, 0.000000000000000000 ) ) ;
#5304 = CARTESIAN_POINT ( 'NONE',  ( -220.9800000000000182, 0.000000000000000000, -0.2999999999999999889 ) ) ;
#5305 = VECTOR ( 'NONE', #5786, 1000.000000000000000 ) ;
#5306 = EDGE_LOOP ( 'NONE', ( #7655, #1620 ) ) ;
#5307 = ORIENTED_EDGE ( 'NONE', *, *, #5705, .T. ) ;
#5308 = CALENDAR_DATE ( 2026, 29, 8 ) ;
#5309 = CARTESIAN_POINT ( 'NONE',  ( -125.7100000000000222, 1.530808498934191571E-16, -0.2999999999999999889 ) ) ;
#5310 = EDGE_CURVE ( 'NONE', #3799, #7861, #3249, .T. ) ;
#5311 = AXIS2_PLACEMENT_3D ( 'NONE', #7697, #5250, #1006 ) ;
#5312 = ORIENTED_EDGE ( 'NONE', *, *, #6768, .F. ) ;
#5313 = DIRECTION ( 'NONE',  ( 0.000000000000000000, 0.000000000000000000, 1.000000000000000000 ) ) ;
#5314 = DIRECTION ( 'NONE',  ( 0.000000000000000000, 0.000000000000000000, 1.000000000000000000 ) ) ;
#5315 = ORIENTED_EDGE ( 'NONE', *, *, #7532, .F. ) ;
#5316 = EDGE_LOOP ( 'NONE', ( #1670, #4458, #6200, #668 ) ) ;
#5317 = AXIS2_PLACEMENT_3D ( 'NONE', #2832, #1551, #400 ) ;
#5318 = ADVANCED_FACE ( 'NONE', ( #2611 ), #1893, .F. ) ;
#5319 = VERTEX_POINT ( 'NONE', #3210 ) ;
#5320 = AXIS2_PLACEMENT_3D ( 'NONE', #2354, #6643, #2992 ) ;
#5321 = FACE_BOUND ( 'NONE', #1822, .T. ) ;
#5322 = DIRECTION ( 'NONE',  ( 0.000000000000000000, 0.000000000000000000, 1.000000000000000000 ) ) ;
#5323 = EDGE_LOOP ( 'NONE', ( #1548, #640, #3581, #6296 ) ) ;
#5324 = DIRECTION ( 'NONE',  ( 0.000000000000000000, 0.000000000000000000, 1.000000000000000000 ) ) ;
#5325 = VECTOR ( 'NONE', #2951, 1000.000000000000000 ) ;
#5326 = CARTESIAN_POINT ( 'NONE',  ( -79.99000000000000909, 1.530808498934190091E-16, 0.000000000000000000 ) ) ;
#5327 = DIRECTION ( 'NONE',  ( -0.000000000000000000, -0.000000000000000000, -1.000000000000000000 ) ) ;
#5328 = ORIENTED_EDGE ( 'NONE', *, *, #7457, .T. ) ;
#5329 = ADVANCED_FACE ( 'NONE', ( #5626 ), #2048, .F. ) ;
#5330 = AXIS2_PLACEMENT_3D ( 'NONE', #468, #2299, #4748 ) ;
#5331 = CYLINDRICAL_SURFACE ( 'NONE', #831, 1.250000000000001110 ) ;
#5332 = ORIENTED_EDGE ( 'NONE', *, *, #1278, .F. ) ;
#5333 = FACE_OUTER_BOUND ( 'NONE', #7152, .T. ) ;
#5334 = DIRECTION ( 'NONE',  ( 0.000000000000000000, 0.000000000000000000, 1.000000000000000000 ) ) ;
#5335 = DIRECTION ( 'NONE',  ( -1.000000000000000000, 0.000000000000000000, 0.000000000000000000 ) ) ;
#5336 = VECTOR ( 'NONE', #1967, 1000.000000000000000 ) ;
#5337 = ORIENTED_EDGE ( 'NONE', *, *, #3045, .T. ) ;
#5338 = ORIENTED_EDGE ( 'NONE', *, *, #2610, .T. ) ;
#5339 = CYLINDRICAL_SURFACE ( 'NONE', #3980, 1.250000000000001110 ) ;
#5340 = ADVANCED_FACE ( 'NONE', ( #4494 ), #174, .F. ) ;
#5341 = VECTOR ( 'NONE', #2519, 1000.000000000000000 ) ;
#5342 = DIRECTION ( 'NONE',  ( 1.000000000000000000, 0.000000000000000000, 0.000000000000000000 ) ) ;
#5343 = DIRECTION ( 'NONE',  ( 0.000000000000000000, 0.000000000000000000, 1.000000000000000000 ) ) ;
#5344 = DIRECTION ( 'NONE',  ( 1.000000000000000000, 0.000000000000000000, 0.000000000000000000 ) ) ;
#5345 = LINE ( 'NONE', #4061, #1958 ) ;
#5346 = CARTESIAN_POINT ( 'NONE',  ( -219.7300000000000182, 0.000000000000000000, 2.000000000000000000 ) ) ;
#5347 = AXIS2_PLACEMENT_3D ( 'NONE', #5598, #865, #3866 ) ;
#5348 = EDGE_LOOP ( 'NONE', ( #3019, #7180, #6145, #7161 ) ) ;
#5349 = ORIENTED_EDGE ( 'NONE', *, *, #110, .F. ) ;
#5350 = LINE ( 'NONE', #4261, #4819 ) ;
#5351 = AXIS2_PLACEMENT_3D ( 'NONE', #990, #5313, #6474 ) ;
#5352 = EDGE_CURVE ( 'NONE', #5054, #882, #3173, .T. ) ;
#5353 = ORIENTED_EDGE ( 'NONE', *, *, #1643, .T. ) ;
#5354 = DIRECTION ( 'NONE',  ( 1.000000000000000000, 0.000000000000000000, 0.000000000000000000 ) ) ;
#5355 = CARTESIAN_POINT ( 'NONE',  ( -195.5799999999999841, 0.000000000000000000, 0.000000000000000000 ) ) ;
#5356 = EDGE_LOOP ( 'NONE', ( #6287, #4153, #3541, #1935 ) ) ;
#5357 = EDGE_CURVE ( 'NONE', #1036, #6251, #2011, .T. ) ;
#5358 = EDGE_LOOP ( 'NONE', ( #4193, #6960 ) ) ;
#5359 = EDGE_CURVE ( 'NONE', #7796, #3590, #5664, .T. ) ;
#5360 = AXIS2_PLACEMENT_3D ( 'NONE', #3454, #5224, #2133 ) ;
#5361 = EDGE_LOOP ( 'NONE', ( #1488, #4796 ) ) ;
#5362 = FACE_BOUND ( 'NONE', #1679, .T. ) ;
#5363 = CYLINDRICAL_SURFACE ( 'NONE', #7493, 1.250000000000001110 ) ;
#5364 = ORIENTED_EDGE ( 'NONE', *, *, #6886, .T. ) ;
#5365 = CYLINDRICAL_SURFACE ( 'NONE', #6549, 1.250000000000000222 ) ;
#5366 = VECTOR ( 'NONE', #2639, 1000.000000000000000 ) ;
#5367 = CARTESIAN_POINT ( 'NONE',  ( -220.9800000000000182, 0.000000000000000000, 0.000000000000000000 ) ) ;
#5368 = ORIENTED_EDGE ( 'NONE', *, *, #5916, .T. ) ;
#5369 = EDGE_CURVE ( 'NONE', #3142, #6679, #6780, .T. ) ;
#5370 = DIRECTION ( 'NONE',  ( 1.000000000000000000, 0.000000000000000000, 0.000000000000000000 ) ) ;
#5371 = ORIENTED_EDGE ( 'NONE', *, *, #1917, .T. ) ;
#5372 = CARTESIAN_POINT ( 'NONE',  ( 185.4200000000000159, 0.000000000000000000, 2.000000000000000000 ) ) ;
#5373 = EDGE_CURVE ( 'NONE', #2188, #3026, #1891, .T. ) ;
#5374 = CARTESIAN_POINT ( 'NONE',  ( 77.49000000000000909, 1.530808498934191571E-16, -0.2999999999999999889 ) ) ;
#5375 = DIRECTION ( 'NONE',  ( 0.000000000000000000, -1.000000000000000000, -0.000000000000000000 ) ) ;
#5376 = VERTEX_POINT ( 'NONE', #661 ) ;
#5377 = EDGE_LOOP ( 'NONE', ( #1586, #6333, #745, #2066 ) ) ;
#5378 = DIRECTION ( 'NONE',  ( -0.000000000000000000, 0.000000000000000000, -1.000000000000000000 ) ) ;
#5379 = VECTOR ( 'NONE', #4466, 1000.000000000000000 ) ;
#5380 = DIRECTION ( 'NONE',  ( -0.000000000000000000, -0.000000000000000000, -1.000000000000000000 ) ) ;
#5381 = DIRECTION ( 'NONE',  ( 1.000000000000000000, 0.000000000000000000, -0.000000000000000000 ) ) ;
#5382 = EDGE_CURVE ( 'NONE', #6384, #929, #4375, .T. ) ;
#5383 = DIRECTION ( 'NONE',  ( 0.000000000000000000, 0.000000000000000000, 1.000000000000000000 ) ) ;
#5384 = DIRECTION ( 'NONE',  ( 0.000000000000000000, 0.000000000000000000, 1.000000000000000000 ) ) ;
#5385 = DIRECTION ( 'NONE',  ( -1.000000000000000000, 0.000000000000000000, 0.000000000000000000 ) ) ;
#5386 = CIRCLE ( 'NONE', #2049, 1.250000000000001110 ) ;
#5387 = VERTEX_POINT ( 'NONE', #5549 ) ;
#5388 = DIRECTION ( 'NONE',  ( -0.000000000000000000, -0.000000000000000000, -1.000000000000000000 ) ) ;
#5389 = ORIENTED_EDGE ( 'NONE', *, *, #2469, .F. ) ;
#5390 = APPROVAL_DATE_TIME ( #942, #508 ) ;
#5391 = AXIS2_PLACEMENT_3D ( 'NONE', #2968, #3005, #6198 ) ;
#5392 = DIRECTION ( 'NONE',  ( 1.000000000000000000, 0.000000000000000000, 0.000000000000000000 ) ) ;
#5393 = DIRECTION ( 'NONE',  ( -0.000000000000000000, -0.000000000000000000, -1.000000000000000000 ) ) ;
#5394 = DIRECTION ( 'NONE',  ( 0.000000000000000000, 0.000000000000000000, 1.000000000000000000 ) ) ;
#5395 = CYLINDRICAL_SURFACE ( 'NONE', #4516, 1.250000000000001110 ) ;
#5396 = ORIENTED_EDGE ( 'NONE', *, *, #88, .F. ) ;
#5397 = AXIS2_PLACEMENT_3D ( 'NONE', #1330, #3775, #774 ) ;
#5398 = AXIS2_PLACEMENT_3D ( 'NONE', #2151, #5077, #1427 ) ;
#5399 = ORIENTED_EDGE ( 'NONE', *, *, #6868, .T. ) ;
#5400 = ORIENTED_EDGE ( 'NONE', *, *, #5900, .F. ) ;
#5401 = FACE_BOUND ( 'NONE', #3911, .T. ) ;
#5402 = CARTESIAN_POINT ( 'NONE',  ( 171.4300000000000068, 0.000000000000000000, 2.000000000000000000 ) ) ;
#5403 = VERTEX_POINT ( 'NONE', #4946 ) ;
#5404 = AXIS2_PLACEMENT_3D ( 'NONE', #5120, #7379, #2112 ) ;
#5405 = ORGANIZATION ( '未', '未', '' ) ;
#5407 = EDGE_CURVE ( 'NONE', #5054, #6995, #2921, .T. ) ;
#5406 = DIRECTION ( 'NONE',  ( 1.000000000000000000, 0.000000000000000000, 0.000000000000000000 ) ) ;
#5408 = CARTESIAN_POINT ( 'NONE',  ( 47.00999999999999091, 1.530808498934190091E-16, 2.000000000000000000 ) ) ;
#5409 = ORIENTED_EDGE ( 'NONE', *, *, #6087, .T. ) ;
#5410 = AXIS2_PLACEMENT_3D ( 'NONE', #7478, #1944, #7596 ) ;
#5411 = CARTESIAN_POINT ( 'NONE',  ( 2.540000000000020464, 0.000000000000000000, 2.000000000000000000 ) ) ;
#5412 = VERTEX_POINT ( 'NONE', #7466 ) ;
#5413 = VECTOR ( 'NONE', #6772, 1000.000000000000000 ) ;
#5414 = CARTESIAN_POINT ( 'NONE',  ( -58.42000000000002302, 0.000000000000000000, -0.2999999999999999889 ) ) ;
#5415 = EDGE_CURVE ( 'NONE', #1480, #4552, #2412, .T. ) ;
#5416 = AXIS2_PLACEMENT_3D ( 'NONE', #948, #1107, #991 ) ;
#5417 = LINE ( 'NONE', #7782, #1653 ) ;
#5418 = DIRECTION ( 'NONE',  ( -0.000000000000000000, -0.000000000000000000, -1.000000000000000000 ) ) ;
#5419 = ORIENTED_EDGE ( 'NONE', *, *, #5771, .F. ) ;
#5420 = CARTESIAN_POINT ( 'NONE',  ( 194.3299999999999841, 1.530808498934190091E-16, 0.000000000000000000 ) ) ;
#5421 = EDGE_CURVE ( 'NONE', #6986, #7889, #2656, .T. ) ;
#5422 = CIRCLE ( 'NONE', #1954, 1.250000000000001110 ) ;
#5423 = PERSON ( '未', '未', '未', ('未'), ('未'), ('未') ) ;
#5424 = DIRECTION ( 'NONE',  ( 0.000000000000000000, 0.000000000000000000, 1.000000000000000000 ) ) ;
#5425 = DIRECTION ( 'NONE',  ( 1.000000000000000000, 0.000000000000000000, 0.000000000000000000 ) ) ;
#5426 = CARTESIAN_POINT ( 'NONE',  ( -205.7400000000000091, 0.000000000000000000, 2.000000000000000000 ) ) ;
#5427 = DIRECTION ( 'NONE',  ( 0.000000000000000000, 0.000000000000000000, 1.000000000000000000 ) ) ;
#5428 = LINE ( 'NONE', #1811, #1667 ) ;
#5429 = AXIS2_PLACEMENT_3D ( 'NONE', #5141, #1932, #3250 ) ;
#5430 = ORIENTED_EDGE ( 'NONE', *, *, #6151, .T. ) ;
#5431 = DIRECTION ( 'NONE',  ( -0.000000000000000000, -0.000000000000000000, -1.000000000000000000 ) ) ;
#5432 = EDGE_CURVE ( 'NONE', #3129, #409, #5613, .T. ) ;
#5433 = VERTEX_POINT ( 'NONE', #4415 ) ;
#5434 = DIRECTION ( 'NONE',  ( 0.000000000000000000, 0.000000000000000000, 1.000000000000000000 ) ) ;
#5435 = EDGE_LOOP ( 'NONE', ( #7066, #3108, #4568, #4064 ) ) ;
#5436 = CARTESIAN_POINT ( 'NONE',  ( -8.870000000000004547, 1.530808498934191324E-16, 2.000000000000000000 ) ) ;
#5437 = LINE ( 'NONE', #1894, #937 ) ;
#5438 = CIRCLE ( 'NONE', #6452, 1.250000000000001110 ) ;
#5439 = ORIENTED_EDGE ( 'NONE', *, *, #911, .T. ) ;
#5440 = VERTEX_POINT ( 'NONE', #1368 ) ;
#5441 = VERTEX_POINT ( 'NONE', #6980 ) ;
#5442 = FACE_OUTER_BOUND ( 'NONE', #7727, .T. ) ;
#5443 = AXIS2_PLACEMENT_3D ( 'NONE', #4085, #325, #408 ) ;
#5444 = DIRECTION ( 'NONE',  ( 0.000000000000000000, 0.000000000000000000, 1.000000000000000000 ) ) ;
#5445 = ORIENTED_EDGE ( 'NONE', *, *, #3341, .F. ) ;
#5446 = AXIS2_PLACEMENT_3D ( 'NONE', #7751, #2256, #4577 ) ;
#5447 = DIRECTION ( 'NONE',  ( 0.000000000000000000, 0.000000000000000000, 1.000000000000000000 ) ) ;
#5448 = DIRECTION ( 'NONE',  ( 0.000000000000000000, 0.000000000000000000, 1.000000000000000000 ) ) ;
#5449 = AXIS2_PLACEMENT_3D ( 'NONE', #7730, #4722, #2749 ) ;
#5450 = EDGE_LOOP ( 'NONE', ( #1630, #6232 ) ) ;
#5451 = AXIS2_PLACEMENT_3D ( 'NONE', #3002, #3043, #3609 ) ;
#5452 = EDGE_CURVE ( 'NONE', #2550, #7570, #5232, .T. ) ;
#5453 = DIRECTION ( 'NONE',  ( 1.000000000000000000, 0.000000000000000000, 0.000000000000000000 ) ) ;
#5454 = ORIENTED_EDGE ( 'NONE', *, *, #4830, .T. ) ;
#5455 = DIRECTION ( 'NONE',  ( 0.000000000000000000, 0.000000000000000000, 1.000000000000000000 ) ) ;
#5456 = CC_DESIGN_PERSON_AND_ORGANIZATION_ASSIGNMENT ( #2340, #5832, ( #2323 ) ) ;
#5457 = CYLINDRICAL_SURFACE ( 'NONE', #1147, 1.250000000000001110 ) ;
#5458 = LINE ( 'NONE', #7217, #3010 ) ;
#5459 = VERTEX_POINT ( 'NONE', #3979 ) ;
#5460 = AXIS2_PLACEMENT_3D ( 'NONE', #4791, #3021, #4144 ) ;
#5461 = ADVANCED_FACE ( 'NONE', ( #2214 ), #1021, .F. ) ;
#5462 = EDGE_CURVE ( 'NONE', #4380, #6815, #4846, .T. ) ;
#5463 = CARTESIAN_POINT ( 'NONE',  ( 154.9399999999999977, 0.000000000000000000, 2.000000000000000000 ) ) ;
#5464 = CYLINDRICAL_SURFACE ( 'NONE', #3278, 1.250000000000001110 ) ;
#5465 = DIRECTION ( 'NONE',  ( 0.000000000000000000, 0.000000000000000000, 1.000000000000000000 ) ) ;
#5466 = LINE ( 'NONE', #3615, #623 ) ;
#5467 = FACE_OUTER_BOUND ( 'NONE', #4531, .T. ) ;
#5468 = CARTESIAN_POINT ( 'NONE',  ( 191.7500000000000000, 0.000000000000000000, 0.000000000000000000 ) ) ;
#5469 = EDGE_CURVE ( 'NONE', #4467, #7432, #2019, .T. ) ;
#5470 = ORIENTED_EDGE ( 'NONE', *, *, #3803, .F. ) ;
#5471 = AXIS2_PLACEMENT_3D ( 'NONE', #613, #164, #2597 ) ;
#5472 = CARTESIAN_POINT ( 'NONE',  ( 93.98000000000001819, 0.000000000000000000, -0.2999999999999999889 ) ) ;
#5473 = ORIENTED_EDGE ( 'NONE', *, *, #2137, .F. ) ;
#5474 = DIRECTION ( 'NONE',  ( 0.000000000000000000, 0.000000000000000000, 1.000000000000000000 ) ) ;
#5475 = CARTESIAN_POINT ( 'NONE',  ( -68.58000000000001251, 0.000000000000000000, 0.000000000000000000 ) ) ;
#5476 = CARTESIAN_POINT ( 'NONE',  ( -148.6100000000000136, 0.000000000000000000, 2.000000000000000000 ) ) ;
#5477 = CARTESIAN_POINT ( 'NONE',  ( -12.69999999999998863, 0.000000000000000000, 0.000000000000000000 ) ) ;
#5478 = CIRCLE ( 'NONE', #2782, 1.250000000000001110 ) ;
#5479 = ADVANCED_FACE ( 'NONE', ( #1615 ), #6505, .F. ) ;
#5480 = DIRECTION ( 'NONE',  ( 0.000000000000000000, 0.000000000000000000, 1.000000000000000000 ) ) ;
#5481 = VERTEX_POINT ( 'NONE', #251 ) ;
#5482 = ORIENTED_EDGE ( 'NONE', *, *, #7221, .F. ) ;
#5483 = VERTEX_POINT ( 'NONE', #5746 ) ;
#5484 = FACE_BOUND ( 'NONE', #112, .T. ) ;
#5485 = CIRCLE ( 'NONE', #2149, 1.250000000000001110 ) ;
#5486 = FACE_OUTER_BOUND ( 'NONE', #5030, .T. ) ;
#5487 = EDGE_LOOP ( 'NONE', ( #4152, #909, #1236, #7815 ) ) ;
#5488 = DIRECTION ( 'NONE',  ( 1.000000000000000000, 0.000000000000000000, 0.000000000000000000 ) ) ;
#5489 = CARTESIAN_POINT ( 'NONE',  ( -252.7099999999999795, 1.530808498934224111E-16, 0.000000000000000000 ) ) ;
#5490 = EDGE_CURVE ( 'NONE', #676, #2841, #5874, .T. ) ;
#5491 = CIRCLE ( 'NONE', #7528, 1.250000000000001110 ) ;
#5492 = VERTEX_POINT ( 'NONE', #7099 ) ;
#5493 = CYLINDRICAL_SURFACE ( 'NONE', #1852, 1.250000000000001110 ) ;
#5494 = AXIS2_PLACEMENT_3D ( 'NONE', #6300, #775, #5099 ) ;
#5495 = ORIENTED_EDGE ( 'NONE', *, *, #1560, .T. ) ;
#5496 = CARTESIAN_POINT ( 'NONE',  ( 134.6200000000000045, 0.000000000000000000, -0.2999999999999999889 ) ) ;
#5497 = DIRECTION ( 'NONE',  ( 1.000000000000000000, 0.000000000000000000, 0.000000000000000000 ) ) ;
#5498 = ORIENTED_EDGE ( 'NONE', *, *, #7300, .F. ) ;
#5499 = AXIS2_PLACEMENT_3D ( 'NONE', #7380, #7496, #1398 ) ;
#5500 = CARTESIAN_POINT ( 'NONE',  ( 3.790000000000020908, 0.000000000000000000, -0.2999999999999999889 ) ) ;
#5501 = DIRECTION ( 'NONE',  ( -0.000000000000000000, -0.000000000000000000, -1.000000000000000000 ) ) ;
#5502 = DIRECTION ( 'NONE',  ( 0.000000000000000000, 0.000000000000000000, 1.000000000000000000 ) ) ;
#5503 = CARTESIAN_POINT ( 'NONE',  ( 107.9700000000000273, 1.530808498934191571E-16, -0.2999999999999999889 ) ) ;
#5504 = EDGE_CURVE ( 'NONE', #102, #7141, #1772, .T. ) ;
#5505 = ADVANCED_FACE ( 'NONE', ( #382 ), #1491, .F. ) ;
#5506 = ORIENTED_EDGE ( 'NONE', *, *, #4629, .T. ) ;
#5507 = DIRECTION ( 'NONE',  ( 1.000000000000000000, 0.000000000000000000, 0.000000000000000000 ) ) ;
#5508 = VERTEX_POINT ( 'NONE', #5904 ) ;
#5509 = CARTESIAN_POINT ( 'NONE',  ( -129.5399999999999920, 0.000000000000000000, 2.000000000000000000 ) ) ;
#5510 = DIRECTION ( 'NONE',  ( 1.000000000000000000, 0.000000000000000000, 0.000000000000000000 ) ) ;
#5511 = FACE_OUTER_BOUND ( 'NONE', #3223, .T. ) ;
#5512 = VECTOR ( 'NONE', #4240, 1000.000000000000000 ) ;
#5513 = CARTESIAN_POINT ( 'NONE',  ( -57.17000000000001592, 0.000000000000000000, 0.000000000000000000 ) ) ;
#5514 = EDGE_CURVE ( 'NONE', #6914, #394, #4968, .T. ) ;
#5515 = LINE ( 'NONE', #4948, #7223 ) ;
#5516 = CIRCLE ( 'NONE', #6458, 1.250000000000001110 ) ;
#5517 = ORIENTED_EDGE ( 'NONE', *, *, #2410, .F. ) ;
#5518 = ORIENTED_EDGE ( 'NONE', *, *, #3747, .F. ) ;
#5519 = VERTEX_POINT ( 'NONE', #2854 ) ;
#5520 = AXIS2_PLACEMENT_3D ( 'NONE', #3538, #3654, #1097 ) ;
#5521 = FACE_BOUND ( 'NONE', #5810, .T. ) ;
#5522 = EDGE_CURVE ( 'NONE', #283, #6436, #7630, .T. ) ;
#5523 = CARTESIAN_POINT ( 'NONE',  ( 36.85000000000002274, 1.530808498934190091E-16, 2.000000000000000000 ) ) ;
#5524 = VERTEX_POINT ( 'NONE', #2686 ) ;
#5525 = DIRECTION ( 'NONE',  ( -0.000000000000000000, -0.000000000000000000, -1.000000000000000000 ) ) ;
#5526 = DIRECTION ( 'NONE',  ( -0.000000000000000000, -0.000000000000000000, -1.000000000000000000 ) ) ;
#5527 = CIRCLE ( 'NONE', #6032, 1.250000000000001110 ) ;
#5528 = EDGE_LOOP ( 'NONE', ( #3699, #4418 ) ) ;
#5529 = ORIENTED_EDGE ( 'NONE', *, *, #5814, .F. ) ;
#5530 = EDGE_CURVE ( 'NONE', #3142, #6468, #6888, .T. ) ;
#5531 =( GEOMETRIC_REPRESENTATION_CONTEXT ( 3 ) GLOBAL_UNCERTAINTY_ASSIGNED_CONTEXT ( ( #1426 ) ) GLOBAL_UNIT_ASSIGNED_CONTEXT ( ( #7030, #1538, #6262 ) ) REPRESENTATION_CONTEXT ( 'NONE', 'WORKASPACE' ) );
#5532 = DIRECTION ( 'NONE',  ( 1.000000000000000000, 0.000000000000000000, 0.000000000000000000 ) ) ;
#5533 = ORIENTED_EDGE ( 'NONE', *, *, #4648, .T. ) ;
#5534 = DIRECTION ( 'NONE',  ( 1.000000000000000000, 0.000000000000000000, 0.000000000000000000 ) ) ;
#5535 = DIRECTION ( 'NONE',  ( 1.000000000000000000, 0.000000000000000000, 0.000000000000000000 ) ) ;
#5536 = VERTEX_POINT ( 'NONE', #5140 ) ;
#5537 = DIRECTION ( 'NONE',  ( 0.000000000000000000, 0.000000000000000000, 1.000000000000000000 ) ) ;
#5538 = DIRECTION ( 'NONE',  ( 1.000000000000000000, 0.000000000000000000, 0.000000000000000000 ) ) ;
#5539 = DIRECTION ( 'NONE',  ( 0.000000000000000000, 0.000000000000000000, 1.000000000000000000 ) ) ;
#5540 = DIRECTION ( 'NONE',  ( 0.000000000000000000, 0.000000000000000000, 1.000000000000000000 ) ) ;
#5541 = CIRCLE ( 'NONE', #2078, 1.250000000000001110 ) ;
#5542 = ORIENTED_EDGE ( 'NONE', *, *, #4459, .T. ) ;
#5543 = FACE_OUTER_BOUND ( 'NONE', #6336, .T. ) ;
#5544 = ORIENTED_EDGE ( 'NONE', *, *, #5522, .T. ) ;
#5545 = EDGE_CURVE ( 'NONE', #5412, #5110, #2528, .T. ) ;
#5546 = CARTESIAN_POINT ( 'NONE',  ( 194.3299999999999841, 1.530808498934191571E-16, -0.2999999999999999889 ) ) ;
#5547 = EDGE_LOOP ( 'NONE', ( #7563, #722, #5698, #830 ) ) ;
#5548 = AXIS2_PLACEMENT_3D ( 'NONE', #7880, #4229, #7351 ) ;
#5549 = CARTESIAN_POINT ( 'NONE',  ( 196.8299999999999841, 0.000000000000000000, 2.000000000000000000 ) ) ;
#5550 = DIRECTION ( 'NONE',  ( 0.000000000000000000, 0.000000000000000000, 1.000000000000000000 ) ) ;
#5551 = CARTESIAN_POINT ( 'NONE',  ( -241.3000000000000114, 0.000000000000000000, 0.000000000000000000 ) ) ;
#5552 = EDGE_LOOP ( 'NONE', ( #7663, #6786, #6573, #3232 ) ) ;
#5553 = VERTEX_POINT ( 'NONE', #2173 ) ;
#5554 = CIRCLE ( 'NONE', #1204, 1.250000000000001110 ) ;
#5555 = ORIENTED_EDGE ( 'NONE', *, *, #1373, .F. ) ;
#5556 = ADVANCED_FACE ( 'NONE', ( #5824 ), #7023, .F. ) ;
#5557 = FACE_BOUND ( 'NONE', #6484, .T. ) ;
#5558 = DIRECTION ( 'NONE',  ( 0.000000000000000000, 0.000000000000000000, 1.000000000000000000 ) ) ;
#5559 = ORIENTED_EDGE ( 'NONE', *, *, #4894, .T. ) ;
#5560 = DIRECTION ( 'NONE',  ( 1.000000000000000000, 0.000000000000000000, 0.000000000000000000 ) ) ;
#5561 = CYLINDRICAL_SURFACE ( 'NONE', #6701, 1.249999999999973355 ) ;
#5562 = EDGE_CURVE ( 'NONE', #3303, #1841, #3938, .T. ) ;
#5563 = ORIENTED_EDGE ( 'NONE', *, *, #2221, .T. ) ;
#5564 = AXIS2_PLACEMENT_3D ( 'NONE', #4871, #3665, #7429 ) ;
#5565 = VERTEX_POINT ( 'NONE', #2773 ) ;
#5566 = DIRECTION ( 'NONE',  ( 0.000000000000000000, 0.000000000000000000, 1.000000000000000000 ) ) ;
#5567 = VERTEX_POINT ( 'NONE', #6380 ) ;
#5568 = VECTOR ( 'NONE', #6491, 1000.000000000000000 ) ;
#5569 = CARTESIAN_POINT ( 'NONE',  ( -48.25999999999999091, 0.000000000000000000, 2.000000000000000000 ) ) ;
#5570 = CARTESIAN_POINT ( 'NONE',  ( -57.17000000000001592, 0.000000000000000000, 2.000000000000000000 ) ) ;
#5571 = EDGE_CURVE ( 'NONE', #4727, #5230, #1574, .T. ) ;
#5572 = ORIENTED_EDGE ( 'NONE', *, *, #7606, .T. ) ;
#5573 = CIRCLE ( 'NONE', #4932, 1.250000000000001110 ) ;
#5574 = LINE ( 'NONE', #2442, #7648 ) ;
#5575 = FACE_OUTER_BOUND ( 'NONE', #3706, .T. ) ;
#5576 = CARTESIAN_POINT ( 'NONE',  ( -252.7099999999999795, 1.530808498934191571E-16, -0.2999999999999999889 ) ) ;
#5577 = DIRECTION ( 'NONE',  ( 0.000000000000000000, 0.000000000000000000, 1.000000000000000000 ) ) ;
#5578 = CIRCLE ( 'NONE', #2248, 1.250000000000001110 ) ;
#5579 = ADVANCED_FACE ( 'NONE', ( #7867 ), #6018, .F. ) ;
#5580 = EDGE_LOOP ( 'NONE', ( #4613, #2789, #3619, #800 ) ) ;
#5581 = FACE_OUTER_BOUND ( 'NONE', #3334, .T. ) ;
#5582 = ORIENTED_EDGE ( 'NONE', *, *, #6727, .F. ) ;
#5583 = CIRCLE ( 'NONE', #7891, 1.250000000000001110 ) ;
#5584 = DIRECTION ( 'NONE',  ( -0.000000000000000000, -0.000000000000000000, -1.000000000000000000 ) ) ;
#5585 = CYLINDRICAL_SURFACE ( 'NONE', #5910, 1.250000000000001110 ) ;
#5586 = CARTESIAN_POINT ( 'NONE',  ( -201.9099999999999966, 1.530808498934191571E-16, -0.2999999999999999889 ) ) ;
#5587 = DIRECTION ( 'NONE',  ( 1.000000000000000000, 0.000000000000000000, 0.000000000000000000 ) ) ;
#5588 = DIRECTION ( 'NONE',  ( 0.000000000000000000, 0.000000000000000000, 1.000000000000000000 ) ) ;
#5589 = ORIENTED_EDGE ( 'NONE', *, *, #612, .T. ) ;
#5590 = CIRCLE ( 'NONE', #3540, 1.250000000000001110 ) ;
#5591 = EDGE_LOOP ( 'NONE', ( #2471, #1628 ) ) ;
#5592 = ORIENTED_EDGE ( 'NONE', *, *, #4726, .F. ) ;
#5593 = FACE_BOUND ( 'NONE', #3245, .T. ) ;
#5594 = APPROVAL ( #4066, '未' ) ;
#5595 = DIRECTION ( 'NONE',  ( 0.000000000000000000, 0.000000000000000000, 1.000000000000000000 ) ) ;
#5596 = VECTOR ( 'NONE', #7225, 1000.000000000000000 ) ;
#5597 = ORIENTED_EDGE ( 'NONE', *, *, #7070, .F. ) ;
#5598 = CARTESIAN_POINT ( 'NONE',  ( 99.06000000000000227, 0.000000000000000000, -0.2999999999999999889 ) ) ;
#5599 = DIRECTION ( 'NONE',  ( 0.000000000000000000, 0.000000000000000000, 1.000000000000000000 ) ) ;
#5600 = DIRECTION ( 'NONE',  ( -0.000000000000000000, -0.000000000000000000, -1.000000000000000000 ) ) ;
#5601 = EDGE_CURVE ( 'NONE', #7534, #1473, #4856, .T. ) ;
#5602 = EDGE_CURVE ( 'NONE', #7199, #3971, #1256, .T. ) ;
#5603 = ORIENTED_EDGE ( 'NONE', *, *, #2375, .F. ) ;
#5604 = EDGE_LOOP ( 'NONE', ( #2148, #4086 ) ) ;
#5605 = CYLINDRICAL_SURFACE ( 'NONE', #6796, 1.250000000000001110 ) ;
#5606 = DIRECTION ( 'NONE',  ( -0.000000000000000000, -0.000000000000000000, -1.000000000000000000 ) ) ;
#5607 = VERTEX_POINT ( 'NONE', #1134 ) ;
#5608 = AXIS2_PLACEMENT_3D ( 'NONE', #1182, #3663, #4867 ) ;
#5609 = CARTESIAN_POINT ( 'NONE',  ( 144.7799999999999727, 0.000000000000000000, 2.000000000000000000 ) ) ;
#5610 = DIRECTION ( 'NONE',  ( 0.000000000000000000, 0.000000000000000000, 1.000000000000000000 ) ) ;
#5611 = EDGE_CURVE ( 'NONE', #630, #2077, #2280, .T. ) ;
#5612 = ORIENTED_EDGE ( 'NONE', *, *, #2946, .F. ) ;
#5613 = CIRCLE ( 'NONE', #7150, 1.250000000000001110 ) ;
#5614 = ADVANCED_FACE ( 'NONE', ( #6579 ), #2972, .F. ) ;
#5615 = CARTESIAN_POINT ( 'NONE',  ( 120.6299999999999955, 0.000000000000000000, -0.2999999999999999889 ) ) ;
#5616 = CARTESIAN_POINT ( 'NONE',  ( 104.1399999999999864, 0.000000000000000000, -0.2999999999999999889 ) ) ;
#5617 = CARTESIAN_POINT ( 'NONE',  ( -105.3900000000000148, 1.530808498934190091E-16, 0.000000000000000000 ) ) ;
#5618 = AXIS2_PLACEMENT_3D ( 'NONE', #7661, #4608, #1520 ) ;
#5619 = ORIENTED_EDGE ( 'NONE', *, *, #6502, .T. ) ;
#5620 = CYLINDRICAL_SURFACE ( 'NONE', #136, 1.249999999999973355 ) ;
#5621 = VERTEX_POINT ( 'NONE', #3578 ) ;
#5622 = CIRCLE ( 'NONE', #387, 1.250000000000001110 ) ;
#5623 = EDGE_CURVE ( 'NONE', #2259, #7441, #7924, .T. ) ;
#5624 = DIRECTION ( 'NONE',  ( -1.000000000000000000, 0.000000000000000000, 0.000000000000000000 ) ) ;
#5625 = FACE_BOUND ( 'NONE', #5256, .T. ) ;
#5626 = FACE_OUTER_BOUND ( 'NONE', #2626, .T. ) ;
#5627 = CYLINDRICAL_SURFACE ( 'NONE', #3624, 1.250000000000001110 ) ;
#5628 = DIRECTION ( 'NONE',  ( 0.000000000000000000, 0.000000000000000000, 1.000000000000000000 ) ) ;
#5629 = VERTEX_POINT ( 'NONE', #7186 ) ;
#5630 = VERTEX_POINT ( 'NONE', #1093 ) ;
#5631 = ORIENTED_EDGE ( 'NONE', *, *, #5602, .F. ) ;
#5632 = CARTESIAN_POINT ( 'NONE',  ( -22.86000000000001720, 0.000000000000000000, 0.000000000000000000 ) ) ;
#5633 = CIRCLE ( 'NONE', #6655, 1.250000000000001110 ) ;
#5634 = CARTESIAN_POINT ( 'NONE',  ( 148.6100000000000136, 1.530808498934190091E-16, 2.000000000000000000 ) ) ;
#5635 = VERTEX_POINT ( 'NONE', #10 ) ;
#5636 = DIRECTION ( 'NONE',  ( -0.000000000000000000, -0.000000000000000000, -1.000000000000000000 ) ) ;
#5637 = CARTESIAN_POINT ( 'NONE',  ( -261.6200000000000045, 0.000000000000000000, 0.000000000000000000 ) ) ;
#5638 = CARTESIAN_POINT ( 'NONE',  ( -261.6200000000000045, 0.000000000000000000, -0.2999999999999999889 ) ) ;
#5639 = AXIS2_PLACEMENT_3D ( 'NONE', #7705, #3413, #1570 ) ;
#5640 = ORIENTED_EDGE ( 'NONE', *, *, #6856, .T. ) ;
#5641 = ORIENTED_EDGE ( 'NONE', *, *, #7076, .F. ) ;
#5642 = CYLINDRICAL_SURFACE ( 'NONE', #5391, 1.250000000000001110 ) ;
#5643 = CARTESIAN_POINT ( 'NONE',  ( -77.49000000000000909, 0.000000000000000000, 0.000000000000000000 ) ) ;
#5644 = EDGE_CURVE ( 'NONE', #3988, #3528, #1014, .T. ) ;
#5645 = ORIENTED_EDGE ( 'NONE', *, *, #6387, .F. ) ;
#5646 = AXIS2_PLACEMENT_3D ( 'NONE', #271, #7647, #3833 ) ;
#5647 = FACE_OUTER_BOUND ( 'NONE', #5356, .T. ) ;
#5648 = FACE_OUTER_BOUND ( 'NONE', #6005, .T. ) ;
#5649 = ORIENTED_EDGE ( 'NONE', *, *, #1705, .F. ) ;
#5650 = SECURITY_CLASSIFICATION ( '', '', #346 ) ;
#5651 = EDGE_CURVE ( 'NONE', #388, #5876, #3012, .T. ) ;
#5652 = ORIENTED_EDGE ( 'NONE', *, *, #1837, .F. ) ;
#5653 = DIRECTION ( 'NONE',  ( -1.000000000000000000, 0.000000000000000000, 0.000000000000000000 ) ) ;
#5654 = CIRCLE ( 'NONE', #2198, 1.250000000000001110 ) ;
#5655 = CARTESIAN_POINT ( 'NONE',  ( -33.02000000000001023, 0.000000000000000000, 0.000000000000000000 ) ) ;
#5656 = CARTESIAN_POINT ( 'NONE',  ( 247.6299999999999955, 0.000000000000000000, 2.000000000000000000 ) ) ;
#5657 = EDGE_CURVE ( 'NONE', #7016, #3462, #5491, .T. ) ;
#5658 = ORIENTED_EDGE ( 'NONE', *, *, #1874, .F. ) ;
#5659 = CARTESIAN_POINT ( 'NONE',  ( 143.5299999999999727, 1.530808498934191571E-16, -0.2999999999999999889 ) ) ;
#5660 = ORIENTED_EDGE ( 'NONE', *, *, #6286, .F. ) ;
#5661 = CIRCLE ( 'NONE', #3484, 1.250000000000000222 ) ;
#5662 = DIRECTION ( 'NONE',  ( -1.000000000000000000, 0.000000000000000000, 0.000000000000000000 ) ) ;
#5663 = FACE_BOUND ( 'NONE', #4756, .T. ) ;
#5664 = LINE ( 'NONE', #3738, #3946 ) ;
#5665 = CARTESIAN_POINT ( 'NONE',  ( -43.18000000000000682, 0.000000000000000000, -0.2999999999999999889 ) ) ;
#5666 = AXIS2_PLACEMENT_3D ( 'NONE', #4674, #5915, #7762 ) ;
#5667 = CARTESIAN_POINT ( 'NONE',  ( -104.1400000000000148, 0.000000000000000000, -0.2999999999999999889 ) ) ;
#5668 = EDGE_CURVE ( 'NONE', #5481, #3984, #5466, .T. ) ;
#5669 = EDGE_LOOP ( 'NONE', ( #1824, #2105 ) ) ;
#5670 = ORIENTED_EDGE ( 'NONE', *, *, #48, .T. ) ;
#5671 = CARTESIAN_POINT ( 'NONE',  ( 27.94000000000000128, 0.000000000000000000, 2.000000000000000000 ) ) ;
#5672 = FACE_OUTER_BOUND ( 'NONE', #192, .T. ) ;
#5673 = VERTEX_POINT ( 'NONE', #1769 ) ;
#5674 = DIRECTION ( 'NONE',  ( 1.000000000000000000, 0.000000000000000000, 0.000000000000000000 ) ) ;
#5675 = DIRECTION ( 'NONE',  ( 1.000000000000000000, 0.000000000000000000, 0.000000000000000000 ) ) ;
#5676 = CARTESIAN_POINT ( 'NONE',  ( 48.25999999999999091, 0.000000000000000000, 2.000000000000000000 ) ) ;
#5677 = ORIENTED_EDGE ( 'NONE', *, *, #875, .F. ) ;
#5678 = EDGE_LOOP ( 'NONE', ( #2868, #1099 ) ) ;
#5679 = EDGE_CURVE ( 'NONE', #5283, #394, #4217, .T. ) ;
#5680 = ORIENTED_EDGE ( 'NONE', *, *, #2753, .F. ) ;
#5681 = CARTESIAN_POINT ( 'NONE',  ( 160.0199999999999818, 0.000000000000000000, 0.000000000000000000 ) ) ;
#5682 = VECTOR ( 'NONE', #5896, 1000.000000000000000 ) ;
#5683 = CARTESIAN_POINT ( 'NONE',  ( -212.0700000000000216, 1.530808498934191571E-16, -0.2999999999999999889 ) ) ;
#5684 = VERTEX_POINT ( 'NONE', #6543 ) ;
#5685 = DIRECTION ( 'NONE',  ( 1.000000000000000000, 0.000000000000000000, 0.000000000000000000 ) ) ;
#5686 = DIRECTION ( 'NONE',  ( 1.000000000000000000, 0.000000000000000000, 0.000000000000000000 ) ) ;
#5687 = VERTEX_POINT ( 'NONE', #2934 ) ;
#5688 = CIRCLE ( 'NONE', #6195, 1.250000000000001110 ) ;
#5689 = ORIENTED_EDGE ( 'NONE', *, *, #3401, .T. ) ;
#5690 = DIRECTION ( 'NONE',  ( 0.000000000000000000, 0.000000000000000000, 1.000000000000000000 ) ) ;
#5691 = CARTESIAN_POINT ( 'NONE',  ( -199.4099999999999966, 0.000000000000000000, -0.2999999999999999889 ) ) ;
#5692 = DIRECTION ( 'NONE',  ( 0.000000000000000000, 0.000000000000000000, 1.000000000000000000 ) ) ;
#5693 = ADVANCED_FACE ( 'NONE', ( #461 ), #2408, .F. ) ;
#5694 = EDGE_CURVE ( 'NONE', #2501, #718, #6118, .T. ) ;
#5695 = AXIS2_PLACEMENT_3D ( 'NONE', #5844, #357, #6521 ) ;
#5696 = CIRCLE ( 'NONE', #3634, 1.250000000000001110 ) ;
#5697 = CIRCLE ( 'NONE', #3393, 1.250000000000001110 ) ;
#5698 = ORIENTED_EDGE ( 'NONE', *, *, #6325, .T. ) ;
#5699 = DIRECTION ( 'NONE',  ( -0.000000000000000000, -0.000000000000000000, -1.000000000000000000 ) ) ;
#5700 = VERTEX_POINT ( 'NONE', #6058 ) ;
#5701 = FACE_OUTER_BOUND ( 'NONE', #1070, .T. ) ;
#5702 = CARTESIAN_POINT ( 'NONE',  ( 245.1299999999999955, 1.530808498934191571E-16, -0.2999999999999999889 ) ) ;
#5703 = AXIS2_PLACEMENT_3D ( 'NONE', #7206, #6114, #634 ) ;
#5704 = CARTESIAN_POINT ( 'NONE',  ( -200.6599999999999966, 0.000000000000000000, 0.000000000000000000 ) ) ;
#5705 = EDGE_CURVE ( 'NONE', #6468, #3142, #5097, .T. ) ;
#5706 = CARTESIAN_POINT ( 'NONE',  ( -34.27000000000001023, 1.530808498934191571E-16, -0.2999999999999999889 ) ) ;
#5707 = DIRECTION ( 'NONE',  ( 0.000000000000000000, 0.000000000000000000, 1.000000000000000000 ) ) ;
#5708 = DIRECTION ( 'NONE',  ( -1.000000000000000000, 0.000000000000000000, 0.000000000000000000 ) ) ;
#5709 = VERTEX_POINT ( 'NONE', #2445 ) ;
#5710 = AXIS2_PLACEMENT_3D ( 'NONE', #3461, #1581, #3298 ) ;
#5711 = ORIENTED_EDGE ( 'NONE', *, *, #1458, .F. ) ;
#5712 = LINE ( 'NONE', #2655, #6926 ) ;
#5713 = LINE ( 'NONE', #6790, #6470 ) ;
#5714 = ORIENTED_EDGE ( 'NONE', *, *, #1486, .F. ) ;
#5715 = ADVANCED_FACE ( 'NONE', ( #6620 ), #3652, .F. ) ;
#5716 = LINE ( 'NONE', #4502, #1499 ) ;
#5717 = CARTESIAN_POINT ( 'NONE',  ( 88.89999999999997726, 0.000000000000000000, 2.000000000000000000 ) ) ;
#5718 = CIRCLE ( 'NONE', #3667, 1.250000000000001110 ) ;
#5719 = CARTESIAN_POINT ( 'NONE',  ( -107.9699999999999989, 0.000000000000000000, -0.2999999999999999889 ) ) ;
#5720 = ORIENTED_EDGE ( 'NONE', *, *, #6928, .T. ) ;
#5721 = ORIENTED_EDGE ( 'NONE', *, *, #2526, .T. ) ;
#5722 = ORIENTED_EDGE ( 'NONE', *, *, #4121, .T. ) ;
#5723 = CARTESIAN_POINT ( 'NONE',  ( 166.3500000000000227, 0.000000000000000000, 2.000000000000000000 ) ) ;
#5724 = AXIS2_PLACEMENT_3D ( 'NONE', #7495, #724, #7454 ) ;
#5725 = CARTESIAN_POINT ( 'NONE',  ( 49.50999999999999091, 0.000000000000000000, 0.000000000000000000 ) ) ;
#5726 = VERTEX_POINT ( 'NONE', #6208 ) ;
#5727 = ADVANCED_FACE ( 'NONE', ( #2481 ), #126, .F. ) ;
#5728 = CARTESIAN_POINT ( 'NONE',  ( 115.5500000000000114, 0.000000000000000000, -0.2999999999999999889 ) ) ;
#5729 = CARTESIAN_POINT ( 'NONE',  ( 205.7400000000000091, 0.000000000000000000, 2.000000000000000000 ) ) ;
#5730 = DIRECTION ( 'NONE',  ( 1.000000000000000000, 0.000000000000000000, 0.000000000000000000 ) ) ;
#5731 = AXIS2_PLACEMENT_3D ( 'NONE', #2022, #7437, #1943 ) ;
#5732 = VERTEX_POINT ( 'NONE', #3202 ) ;
#5733 = AXIS2_PLACEMENT_3D ( 'NONE', #60, #816, #1453 ) ;
#5734 = VERTEX_POINT ( 'NONE', #806 ) ;
#5735 = DIRECTION ( 'NONE',  ( 0.000000000000000000, 0.000000000000000000, 1.000000000000000000 ) ) ;
#5736 = CARTESIAN_POINT ( 'NONE',  ( -129.5399999999999920, 0.000000000000000000, 2.000000000000000000 ) ) ;
#5737 = CARTESIAN_POINT ( 'NONE',  ( 97.81000000000000227, 1.530808498934191571E-16, -0.2999999999999999889 ) ) ;
#5738 = VECTOR ( 'NONE', #7543, 1000.000000000000000 ) ;
#5739 = ORIENTED_EDGE ( 'NONE', *, *, #7617, .T. ) ;
#5740 = CARTESIAN_POINT ( 'NONE',  ( 92.73000000000001819, 1.530808498934190091E-16, 2.000000000000000000 ) ) ;
#5741 = VERTEX_POINT ( 'NONE', #2003 ) ;
#5742 = DIRECTION ( 'NONE',  ( 1.000000000000000000, 0.000000000000000000, 0.000000000000000000 ) ) ;
#5743 = ADVANCED_FACE ( 'NONE', ( #204 ), #2520, .F. ) ;
#5744 = VECTOR ( 'NONE', #5815, 1000.000000000000000 ) ;
#5745 = FACE_BOUND ( 'NONE', #6183, .T. ) ;
#5746 = CARTESIAN_POINT ( 'NONE',  ( -11.44999999999999041, 0.000000000000000000, 2.000000000000000000 ) ) ;
#5747 = DIRECTION ( 'NONE',  ( -1.000000000000000000, 0.000000000000000000, 0.000000000000000000 ) ) ;
#5748 = CARTESIAN_POINT ( 'NONE',  ( 180.3399999999999750, 0.000000000000000000, 0.000000000000000000 ) ) ;
#5749 = ORIENTED_EDGE ( 'NONE', *, *, #2997, .F. ) ;
#5750 = VECTOR ( 'NONE', #7138, 1000.000000000000000 ) ;
#5751 = EDGE_LOOP ( 'NONE', ( #1525, #4581, #3037, #869 ) ) ;
#5752 = PERSON_AND_ORGANIZATION_ROLE ( 'design_owner' ) ;
#5753 = DIRECTION ( 'NONE',  ( 0.000000000000000000, 0.000000000000000000, 1.000000000000000000 ) ) ;
#5754 = EDGE_CURVE ( 'NONE', #6995, #2987, #3165, .T. ) ;
#5755 = ORIENTED_EDGE ( 'NONE', *, *, #364, .F. ) ;
#5756 = CYLINDRICAL_SURFACE ( 'NONE', #4063, 1.250000000000001110 ) ;
#5757 = DIRECTION ( 'NONE',  ( 1.000000000000000000, 0.000000000000000000, 0.000000000000000000 ) ) ;
#5758 = CARTESIAN_POINT ( 'NONE',  ( 17.77999999999997272, 0.000000000000000000, 0.000000000000000000 ) ) ;
#5759 = VERTEX_POINT ( 'NONE', #7341 ) ;
#5760 = VERTEX_POINT ( 'NONE', #4291 ) ;
#5761 = EDGE_CURVE ( 'NONE', #7442, #1244, #1898, .T. ) ;
#5762 = EDGE_LOOP ( 'NONE', ( #7156, #2305, #7071, #3285 ) ) ;
#5763 = CARTESIAN_POINT ( 'NONE',  ( 52.08999999999997499, 1.530808498934190091E-16, 2.000000000000000000 ) ) ;
#5764 = DIRECTION ( 'NONE',  ( 1.000000000000000000, 0.000000000000000000, 0.000000000000000000 ) ) ;
#5765 = ORIENTED_EDGE ( 'NONE', *, *, #5146, .T. ) ;
#5766 = CYLINDRICAL_SURFACE ( 'NONE', #5010, 1.250000000000001110 ) ;
#5767 = DIRECTION ( 'NONE',  ( 0.000000000000000000, 0.000000000000000000, 1.000000000000000000 ) ) ;
#5768 = VECTOR ( 'NONE', #1831, 1000.000000000000000 ) ;
#5769 = DIRECTION ( 'NONE',  ( 0.000000000000000000, 0.000000000000000000, 1.000000000000000000 ) ) ;
#5770 = ORIENTED_EDGE ( 'NONE', *, *, #2462, .T. ) ;
#5771 = EDGE_CURVE ( 'NONE', #2304, #3561, #1282, .T. ) ;
#5772 = ORIENTED_EDGE ( 'NONE', *, *, #4172, .F. ) ;
#5773 = DIRECTION ( 'NONE',  ( 1.000000000000000000, 0.000000000000000000, 0.000000000000000000 ) ) ;
#5774 = CARTESIAN_POINT ( 'NONE',  ( -21.61000000000001364, 0.000000000000000000, 2.000000000000000000 ) ) ;
#5775 = CYLINDRICAL_SURFACE ( 'NONE', #3007, 1.250000000000000222 ) ;
#5776 = CIRCLE ( 'NONE', #3336, 1.250000000000001110 ) ;
#5777 = ORIENTED_EDGE ( 'NONE', *, *, #4590, .F. ) ;
#5778 = EDGE_LOOP ( 'NONE', ( #314, #5749 ) ) ;
#5779 = CARTESIAN_POINT ( 'NONE',  ( 144.7799999999999727, 0.000000000000000000, 0.000000000000000000 ) ) ;
#5780 = EDGE_LOOP ( 'NONE', ( #5985, #2161, #2425, #7615 ) ) ;
#5781 = CIRCLE ( 'NONE', #1683, 1.249999999999973355 ) ;
#5782 = DIRECTION ( 'NONE',  ( 1.000000000000000000, 0.000000000000000000, 0.000000000000000000 ) ) ;
#5783 = FACE_BOUND ( 'NONE', #7849, .T. ) ;
#5784 = DIRECTION ( 'NONE',  ( 1.000000000000000000, 0.000000000000000000, 0.000000000000000000 ) ) ;
#5785 = CARTESIAN_POINT ( 'NONE',  ( -58.42000000000002302, 0.000000000000000000, 0.000000000000000000 ) ) ;
#5786 = DIRECTION ( 'NONE',  ( 0.000000000000000000, 0.000000000000000000, 1.000000000000000000 ) ) ;
#5787 = AXIS2_PLACEMENT_3D ( 'NONE', #6793, #1306, #6080 ) ;
#5788 = ORIENTED_EDGE ( 'NONE', *, *, #560, .F. ) ;
#5789 = EDGE_CURVE ( 'NONE', #2723, #7231, #6378, .T. ) ;
#5790 = ORIENTED_EDGE ( 'NONE', *, *, #5301, .T. ) ;
#5791 = CARTESIAN_POINT ( 'NONE',  ( 99.06000000000000227, 0.000000000000000000, 2.000000000000000000 ) ) ;
#5792 = ORIENTED_EDGE ( 'NONE', *, *, #3242, .T. ) ;
#5793 = LINE ( 'NONE', #2740, #7916 ) ;
#5794 = CARTESIAN_POINT ( 'NONE',  ( -201.9099999999999966, 1.530808498934190091E-16, 2.000000000000000000 ) ) ;
#5795 = CARTESIAN_POINT ( 'NONE',  ( -128.2899999999999920, 0.000000000000000000, -0.2999999999999999889 ) ) ;
#5796 = ORIENTED_EDGE ( 'NONE', *, *, #4523, .T. ) ;
#5797 = EDGE_CURVE ( 'NONE', #4924, #3780, #2599, .T. ) ;
#5798 = ORIENTED_EDGE ( 'NONE', *, *, #7204, .T. ) ;
#5799 = EDGE_CURVE ( 'NONE', #5128, #2309, #6517, .T. ) ;
#5800 = CIRCLE ( 'NONE', #3363, 1.250000000000001110 ) ;
#5801 = EDGE_LOOP ( 'NONE', ( #4799, #7125, #3335, #1975 ) ) ;
#5802 = DIRECTION ( 'NONE',  ( 0.000000000000000000, 0.000000000000000000, 1.000000000000000000 ) ) ;
#5803 = CARTESIAN_POINT ( 'NONE',  ( -8.870000000000004547, 1.530808498934191571E-16, -0.2999999999999999889 ) ) ;
#5804 = ORIENTED_EDGE ( 'NONE', *, *, #3713, .T. ) ;
#5805 = DIRECTION ( 'NONE',  ( 1.000000000000000000, 0.000000000000000000, 0.000000000000000000 ) ) ;
#5806 = EDGE_CURVE ( 'NONE', #2153, #3799, #1389, .T. ) ;
#5807 = VECTOR ( 'NONE', #1055, 1000.000000000000000 ) ;
#5808 = CARTESIAN_POINT ( 'NONE',  ( -130.7899999999999920, 1.530808498934191571E-16, -0.2999999999999999889 ) ) ;
#5809 = DIRECTION ( 'NONE',  ( 0.000000000000000000, 0.000000000000000000, 1.000000000000000000 ) ) ;
#5810 = EDGE_LOOP ( 'NONE', ( #5389, #3450 ) ) ;
#5811 = ORIENTED_EDGE ( 'NONE', *, *, #2997, .T. ) ;
#5812 = DIRECTION ( 'NONE',  ( 1.000000000000000000, 0.000000000000000000, 0.000000000000000000 ) ) ;
#5813 = CIRCLE ( 'NONE', #6964, 1.250000000000001110 ) ;
#5814 = EDGE_CURVE ( 'NONE', #3932, #6068, #6642, .T. ) ;
#5815 = DIRECTION ( 'NONE',  ( 0.000000000000000000, 0.000000000000000000, 1.000000000000000000 ) ) ;
#5816 = CARTESIAN_POINT ( 'NONE',  ( -36.84999999999999432, 0.000000000000000000, 2.000000000000000000 ) ) ;
#5817 = ORIENTED_EDGE ( 'NONE', *, *, #2753, .T. ) ;
#5818 = ORIENTED_EDGE ( 'NONE', *, *, #4424, .T. ) ;
#5819 = AXIS2_PLACEMENT_3D ( 'NONE', #6759, #7331, #5532 ) ;
#5820 = CARTESIAN_POINT ( 'NONE',  ( -166.3500000000000227, 1.530808498934190091E-16, 2.000000000000000000 ) ) ;
#5821 = FACE_OUTER_BOUND ( 'NONE', #7677, .T. ) ;
#5822 = FACE_BOUND ( 'NONE', #2129, .T. ) ;
#5823 = EDGE_CURVE ( 'NONE', #4409, #4677, #7154, .T. ) ;
#5824 = FACE_OUTER_BOUND ( 'NONE', #1850, .T. ) ;
#5825 = DIRECTION ( 'NONE',  ( -0.000000000000000000, -0.000000000000000000, -1.000000000000000000 ) ) ;
#5826 = AXIS2_PLACEMENT_3D ( 'NONE', #1758, #563, #4164 ) ;
#5827 = AXIS2_PLACEMENT_3D ( 'NONE', #3928, #1607, #4526 ) ;
#5828 = DIRECTION ( 'NONE',  ( 1.000000000000000000, 0.000000000000000000, 0.000000000000000000 ) ) ;
#5829 = ORIENTED_EDGE ( 'NONE', *, *, #4282, .T. ) ;
#5830 = VECTOR ( 'NONE', #4775, 1000.000000000000000 ) ;
#5831 = ORIENTED_EDGE ( 'NONE', *, *, #2982, .T. ) ;
#5832 = PERSON_AND_ORGANIZATION_ROLE ( 'creator' ) ;
#5833 = AXIS2_PLACEMENT_3D ( 'NONE', #707, #5595, #7398 ) ;
#5834 = DIRECTION ( 'NONE',  ( 0.000000000000000000, 0.000000000000000000, 1.000000000000000000 ) ) ;
#5835 = ORIENTED_EDGE ( 'NONE', *, *, #7656, .F. ) ;
#5836 = CYLINDRICAL_SURFACE ( 'NONE', #5351, 1.250000000000001110 ) ;
#5837 = DIRECTION ( 'NONE',  ( 1.000000000000000000, 0.000000000000000000, 0.000000000000000000 ) ) ;
#5838 = EDGE_LOOP ( 'NONE', ( #4141, #3472 ) ) ;
#5839 = VECTOR ( 'NONE', #5233, 1000.000000000000000 ) ;
#5840 = VERTEX_POINT ( 'NONE', #4328 ) ;
#5841 = EDGE_CURVE ( 'NONE', #3551, #103, #6250, .T. ) ;
#5842 = ORIENTED_EDGE ( 'NONE', *, *, #3215, .T. ) ;
#5843 = DIRECTION ( 'NONE',  ( 0.000000000000000000, 0.000000000000000000, 1.000000000000000000 ) ) ;
#5844 = CARTESIAN_POINT ( 'NONE',  ( -12.69999999999998863, 0.000000000000000000, -0.2999999999999999889 ) ) ;
#5845 = CIRCLE ( 'NONE', #7770, 1.250000000000001110 ) ;
#5846 = ORIENTED_EDGE ( 'NONE', *, *, #5941, .F. ) ;
#5848 = EDGE_CURVE ( 'NONE', #6634, #4269, #650, .T. ) ;
#5847 = LINE ( 'NONE', #6562, #6289 ) ;
#5849 = LINE ( 'NONE', #5808, #7085 ) ;
#5850 = CARTESIAN_POINT ( 'NONE',  ( -255.2900000000000773, 0.000000000000000000, -0.2999999999999999889 ) ) ;
#5851 = VERTEX_POINT ( 'NONE', #1883 ) ;
#5852 = AXIS2_PLACEMENT_3D ( 'NONE', #2970, #7144, #2852 ) ;
#5853 = DIRECTION ( 'NONE',  ( 0.000000000000000000, 0.000000000000000000, 1.000000000000000000 ) ) ;
#5854 = ORIENTED_EDGE ( 'NONE', *, *, #3491, .T. ) ;
#5855 = DIRECTION ( 'NONE',  ( -1.000000000000000000, 0.000000000000000000, 0.000000000000000000 ) ) ;
#5856 = EDGE_CURVE ( 'NONE', #3984, #6927, #6760, .T. ) ;
#5857 = AXIS2_PLACEMENT_3D ( 'NONE', #2252, #4703, #1652 ) ;
#5858 = CARTESIAN_POINT ( 'NONE',  ( 143.5299999999999727, 1.530808498934190091E-16, 0.000000000000000000 ) ) ;
#5859 = FACE_OUTER_BOUND ( 'NONE', #6008, .T. ) ;
#5860 = ORIENTED_EDGE ( 'NONE', *, *, #2434, .F. ) ;
#5861 = ORIENTED_EDGE ( 'NONE', *, *, #7204, .F. ) ;
#5862 = VECTOR ( 'NONE', #4087, 1000.000000000000000 ) ;
#5863 = DIRECTION ( 'NONE',  ( 1.000000000000000000, 0.000000000000000000, 0.000000000000000000 ) ) ;
#5864 = EDGE_CURVE ( 'NONE', #3825, #6531, #2928, .T. ) ;
#5865 = DIRECTION ( 'NONE',  ( 1.000000000000000000, 0.000000000000000000, 0.000000000000000000 ) ) ;
#5866 = FACE_BOUND ( 'NONE', #3642, .T. ) ;
#5867 = DIRECTION ( 'NONE',  ( -1.000000000000000000, 0.000000000000000000, 0.000000000000000000 ) ) ;
#5868 = LINE ( 'NONE', #5265, #1707 ) ;
#5869 = AXIS2_PLACEMENT_3D ( 'NONE', #7316, #6668, #22 ) ;
#5870 = DIRECTION ( 'NONE',  ( -0.000000000000000000, -0.000000000000000000, -1.000000000000000000 ) ) ;
#5871 = EDGE_LOOP ( 'NONE', ( #5212, #3806, #5804, #2703 ) ) ;
#5872 = ADVANCED_FACE ( 'NONE', ( #4364 ), #686, .F. ) ;
#5873 = ORIENTED_EDGE ( 'NONE', *, *, #4043, .F. ) ;
#5874 = CIRCLE ( 'NONE', #4584, 1.250000000000001110 ) ;
#5875 = DIRECTION ( 'NONE',  ( 1.000000000000000000, 0.000000000000000000, 0.000000000000000000 ) ) ;
#5876 = VERTEX_POINT ( 'NONE', #6850 ) ;
#5877 = DIRECTION ( 'NONE',  ( -1.000000000000000000, 0.000000000000000000, 0.000000000000000000 ) ) ;
#5878 = DIRECTION ( 'NONE',  ( 1.000000000000000000, 0.000000000000000000, 0.000000000000000000 ) ) ;
#5879 = VERTEX_POINT ( 'NONE', #3808 ) ;
#5880 = VECTOR ( 'NONE', #5539, 1000.000000000000000 ) ;
#5881 = EDGE_LOOP ( 'NONE', ( #1665, #480, #4996, #2767 ) ) ;
#5882 = ORIENTED_EDGE ( 'NONE', *, *, #3157, .T. ) ;
#5883 = FACE_BOUND ( 'NONE', #6144, .T. ) ;
#5884 = CARTESIAN_POINT ( 'NONE',  ( 190.5000000000000000, 0.000000000000000000, 2.000000000000000000 ) ) ;
#5885 = ORIENTED_EDGE ( 'NONE', *, *, #3516, .T. ) ;
#5886 = DIRECTION ( 'NONE',  ( 1.000000000000000000, 0.000000000000000000, 0.000000000000000000 ) ) ;
#5887 = DIRECTION ( 'NONE',  ( 1.000000000000000000, 0.000000000000000000, 0.000000000000000000 ) ) ;
#5888 = CYLINDRICAL_SURFACE ( 'NONE', #6323, 1.250000000000001110 ) ;
#5889 = EDGE_LOOP ( 'NONE', ( #5103, #6840, #4798, #1974 ) ) ;
#5890 = EDGE_CURVE ( 'NONE', #5441, #3781, #631, .T. ) ;
#5891 = DIRECTION ( 'NONE',  ( -0.000000000000000000, -0.000000000000000000, -1.000000000000000000 ) ) ;
#5892 = VERTEX_POINT ( 'NONE', #6369 ) ;
#5893 = CIRCLE ( 'NONE', #6, 1.250000000000001110 ) ;
#5894 = DIRECTION ( 'NONE',  ( 1.000000000000000000, 0.000000000000000000, 0.000000000000000000 ) ) ;
#5895 = CYLINDRICAL_SURFACE ( 'NONE', #240, 1.250000000000001110 ) ;
#5896 = DIRECTION ( 'NONE',  ( 0.000000000000000000, 0.000000000000000000, 1.000000000000000000 ) ) ;
#5897 = CIRCLE ( 'NONE', #8, 1.249999999999999334 ) ;
#5898 = EDGE_LOOP ( 'NONE', ( #1718, #2318, #7795, #3593 ) ) ;
#5899 = ORIENTED_EDGE ( 'NONE', *, *, #1050, .F. ) ;
#5900 = EDGE_CURVE ( 'NONE', #7485, #5403, #2800, .T. ) ;
#5901 = CARTESIAN_POINT ( 'NONE',  ( 153.6899999999999977, 1.530808498934190091E-16, 2.000000000000000000 ) ) ;
#5902 = CARTESIAN_POINT ( 'NONE',  ( 85.06999999999999318, 0.000000000000000000, 2.000000000000000000 ) ) ;
#5903 = FACE_BOUND ( 'NONE', #5185, .T. ) ;
#5904 = CARTESIAN_POINT ( 'NONE',  ( -161.2700000000000387, 1.530808498934190091E-16, 2.000000000000000000 ) ) ;
#5905 = AXIS2_PLACEMENT_3D ( 'NONE', #2587, #7824, #1765 ) ;
#5906 = DIRECTION ( 'NONE',  ( 0.000000000000000000, 0.000000000000000000, 1.000000000000000000 ) ) ;
#5907 = EDGE_CURVE ( 'NONE', #4142, #2779, #7700, .T. ) ;
#5908 = VERTEX_POINT ( 'NONE', #884 ) ;
#5909 = ORIENTED_EDGE ( 'NONE', *, *, #2962, .F. ) ;
#5910 = AXIS2_PLACEMENT_3D ( 'NONE', #3134, #814, #1406 ) ;
#5911 = LOCAL_TIME ( 16, 0, 29.00000000000000000, #2780 ) ;
#5912 = DIRECTION ( 'NONE',  ( 0.000000000000000000, 0.000000000000000000, 1.000000000000000000 ) ) ;
#5913 = VERTEX_POINT ( 'NONE', #925 ) ;
#5914 = CARTESIAN_POINT ( 'NONE',  ( -24.11000000000001720, 1.530808498934190091E-16, 2.000000000000000000 ) ) ;
#5915 = DIRECTION ( 'NONE',  ( 0.000000000000000000, 0.000000000000000000, 1.000000000000000000 ) ) ;
#5916 = EDGE_CURVE ( 'NONE', #6607, #6679, #756, .T. ) ;
#5917 = CIRCLE ( 'NONE', #6932, 1.250000000000001110 ) ;
#5918 = ORIENTED_EDGE ( 'NONE', *, *, #2147, .T. ) ;
#5919 = VERTEX_POINT ( 'NONE', #5858 ) ;
#5920 = EDGE_LOOP ( 'NONE', ( #1240, #3385, #3342, #3411 ) ) ;
#5921 = FACE_BOUND ( 'NONE', #2663, .T. ) ;
#5922 = CYLINDRICAL_SURFACE ( 'NONE', #326, 1.250000000000001110 ) ;
#5923 = EDGE_LOOP ( 'NONE', ( #2087, #860, #2947, #4551 ) ) ;
#5924 = DIRECTION ( 'NONE',  ( 1.000000000000000000, 0.000000000000000000, 0.000000000000000000 ) ) ;
#5925 = DIRECTION ( 'NONE',  ( 0.000000000000000000, 0.000000000000000000, 1.000000000000000000 ) ) ;
#5926 = CARTESIAN_POINT ( 'NONE',  ( 0.000000000000000000, 3.000000000000000000, 2.000000000000000000 ) ) ;
#5927 = VERTEX_POINT ( 'NONE', #5774 ) ;
#5928 = CARTESIAN_POINT ( 'NONE',  ( 119.3799999999999955, 0.000000000000000000, 0.000000000000000000 ) ) ;
#5929 = ORIENTED_EDGE ( 'NONE', *, *, #796, .T. ) ;
#5930 = VECTOR ( 'NONE', #5550, 1000.000000000000000 ) ;
#5931 = DIRECTION ( 'NONE',  ( -0.000000000000000000, -0.000000000000000000, -1.000000000000000000 ) ) ;
#5932 = DIRECTION ( 'NONE',  ( 0.000000000000000000, 0.000000000000000000, 1.000000000000000000 ) ) ;
#5933 = DIRECTION ( 'NONE',  ( 1.000000000000000000, 0.000000000000000000, 0.000000000000000000 ) ) ;
#5934 = ORIENTED_EDGE ( 'NONE', *, *, #3545, .F. ) ;
#5935 = ORIENTED_EDGE ( 'NONE', *, *, #7600, .T. ) ;
#5936 = EDGE_CURVE ( 'NONE', #6253, #3849, #1648, .T. ) ;
#5937 = DIRECTION ( 'NONE',  ( 0.000000000000000000, 0.000000000000000000, 1.000000000000000000 ) ) ;
#5938 = LINE ( 'NONE', #458, #7900 ) ;
#5939 = FACE_BOUND ( 'NONE', #3200, .T. ) ;
#5940 = CARTESIAN_POINT ( 'NONE',  ( 119.3799999999999955, 0.000000000000000000, 0.000000000000000000 ) ) ;
#5941 = EDGE_CURVE ( 'NONE', #2345, #6879, #380, .T. ) ;
#5942 = DIRECTION ( 'NONE',  ( 0.000000000000000000, 0.000000000000000000, 1.000000000000000000 ) ) ;
#5943 = EDGE_CURVE ( 'NONE', #1299, #512, #2039, .T. ) ;
#5944 = DIRECTION ( 'NONE',  ( 0.000000000000000000, 0.000000000000000000, 1.000000000000000000 ) ) ;
#5945 = ADVANCED_FACE ( 'NONE', ( #2122 ), #5895, .F. ) ;
#5946 = EDGE_LOOP ( 'NONE', ( #7319, #4046, #6765, #3794 ) ) ;
#5947 = EDGE_LOOP ( 'NONE', ( #3716, #6395 ) ) ;
#5948 = DIRECTION ( 'NONE',  ( -1.000000000000000000, 0.000000000000000000, 0.000000000000000000 ) ) ;
#5949 = VECTOR ( 'NONE', #6297, 1000.000000000000000 ) ;
#5950 = ORIENTED_EDGE ( 'NONE', *, *, #2809, .F. ) ;
#5951 = CARTESIAN_POINT ( 'NONE',  ( 170.1800000000000068, 0.000000000000000000, 2.000000000000000000 ) ) ;
#5952 = CARTESIAN_POINT ( 'NONE',  ( -88.90000000000000568, 0.000000000000000000, 0.000000000000000000 ) ) ;
#5953 = VERTEX_POINT ( 'NONE', #2804 ) ;
#5954 = ORIENTED_EDGE ( 'NONE', *, *, #4314, .F. ) ;
#5955 = EDGE_LOOP ( 'NONE', ( #7074, #4021 ) ) ;
#5956 = CARTESIAN_POINT ( 'NONE',  ( 200.6600000000000250, 0.000000000000000000, -0.2999999999999999889 ) ) ;
#5957 = EDGE_CURVE ( 'NONE', #2958, #5673, #7931, .T. ) ;
#5958 = CARTESIAN_POINT ( 'NONE',  ( -93.97999999999998977, 0.000000000000000000, -0.2999999999999999889 ) ) ;
#5959 = ORIENTED_EDGE ( 'NONE', *, *, #6268, .T. ) ;
#5960 = FACE_OUTER_BOUND ( 'NONE', #4199, .T. ) ;
#5961 = AXIS2_PLACEMENT_3D ( 'NONE', #4802, #2389, #6037 ) ;
#5962 = FACE_OUTER_BOUND ( 'NONE', #6571, .T. ) ;
#5963 = EDGE_LOOP ( 'NONE', ( #5755, #6925, #3871, #6374 ) ) ;
#5964 = AXIS2_PLACEMENT_3D ( 'NONE', #5791, #305, #2141 ) ;
#5965 = ADVANCED_FACE ( 'NONE', ( #5254 ), #845, .F. ) ;
#5966 = CARTESIAN_POINT ( 'NONE',  ( -214.6500000000000057, 0.000000000000000000, 2.000000000000000000 ) ) ;
#5967 = VERTEX_POINT ( 'NONE', #4010 ) ;
#5968 = DIRECTION ( 'NONE',  ( -1.000000000000000000, 0.000000000000000000, 0.000000000000000000 ) ) ;
#5969 = CARTESIAN_POINT ( 'NONE',  ( -13.94999999999998863, 1.530808498934192310E-16, 2.000000000000000000 ) ) ;
#5970 = CARTESIAN_POINT ( 'NONE',  ( 0.000000000000000000, 3.000000000000000000, 0.000000000000000000 ) ) ;
#5971 = AXIS2_PLACEMENT_3D ( 'NONE', #58, #2453, #172 ) ;
#5972 = ORIENTED_EDGE ( 'NONE', *, *, #6582, .F. ) ;
#5973 = VERTEX_POINT ( 'NONE', #2764 ) ;
#5974 = CYLINDRICAL_SURFACE ( 'NONE', #5905, 1.250000000000001110 ) ;
#5975 = AXIS2_PLACEMENT_3D ( 'NONE', #3236, #371, #6368 ) ;
#5976 = CARTESIAN_POINT ( 'NONE',  ( 134.6200000000000045, 0.000000000000000000, 0.000000000000000000 ) ) ;
#5977 = FACE_BOUND ( 'NONE', #2068, .T. ) ;
#5978 = DIRECTION ( 'NONE',  ( -0.000000000000000000, -0.000000000000000000, -1.000000000000000000 ) ) ;
#5979 = LINE ( 'NONE', #2333, #2847 ) ;
#5980 = FACE_OUTER_BOUND ( 'NONE', #4258, .T. ) ;
#5981 = CIRCLE ( 'NONE', #99, 1.250000000000001110 ) ;
#5982 = ADVANCED_BREP_SHAPE_REPRESENTATION ( 'RymoviaRail_104HP_V11_AISI304_ThreadStrip', ( #3707, #1937 ), #5531 ) ;
#5983 = ORIENTED_EDGE ( 'NONE', *, *, #322, .F. ) ;
#5984 = DIRECTION ( 'NONE',  ( -1.000000000000000000, 0.000000000000000000, 0.000000000000000000 ) ) ;
#5985 = ORIENTED_EDGE ( 'NONE', *, *, #663, .T. ) ;
#5986 = ADVANCED_FACE ( 'NONE', ( #7010 ), #3279, .F. ) ;
#5987 = PERSON_AND_ORGANIZATION ( #5423, #5405 ) ;
#5988 = CARTESIAN_POINT ( 'NONE',  ( -34.27000000000001023, 1.530808498934190091E-16, 0.000000000000000000 ) ) ;
#5989 = ADVANCED_FACE ( 'NONE', ( #3365 ), #5130, .F. ) ;
#5990 = AXIS2_PLACEMENT_3D ( 'NONE', #2904, #1855, #7878 ) ;
#5991 = DIRECTION ( 'NONE',  ( 1.000000000000000000, 0.000000000000000000, 0.000000000000000000 ) ) ;
#5992 = LINE ( 'NONE', #6744, #1885 ) ;
#5993 = CARTESIAN_POINT ( 'NONE',  ( -149.8600000000000136, 0.000000000000000000, 2.000000000000000000 ) ) ;
#5994 = ORIENTED_EDGE ( 'NONE', *, *, #2239, .T. ) ;
#5995 = ORIENTED_EDGE ( 'NONE', *, *, #2918, .F. ) ;
#5996 = AXIS2_PLACEMENT_3D ( 'NONE', #4618, #341, #4576 ) ;
#5997 = EDGE_LOOP ( 'NONE', ( #4591, #2994 ) ) ;
#5998 = EDGE_CURVE ( 'NONE', #4353, #3423, #7536, .T. ) ;
#5999 = FACE_BOUND ( 'NONE', #5056, .T. ) ;
#6000 = DIRECTION ( 'NONE',  ( 1.000000000000000000, 0.000000000000000000, 0.000000000000000000 ) ) ;
#6001 = ORIENTED_EDGE ( 'NONE', *, *, #7465, .F. ) ;
#6002 = DIRECTION ( 'NONE',  ( 0.000000000000000000, 0.000000000000000000, 1.000000000000000000 ) ) ;
#6003 = DIRECTION ( 'NONE',  ( 1.000000000000000000, 0.000000000000000000, 0.000000000000000000 ) ) ;
#6004 = EDGE_CURVE ( 'NONE', #3392, #2589, #3446, .T. ) ;
#6005 = EDGE_LOOP ( 'NONE', ( #3095, #2351, #2709, #6887 ) ) ;
#6006 = CIRCLE ( 'NONE', #123, 1.250000000000000222 ) ;
#6007 = CYLINDRICAL_SURFACE ( 'NONE', #1475, 1.250000000000001110 ) ;
#6008 = EDGE_LOOP ( 'NONE', ( #6499, #4300, #4586, #7765 ) ) ;
#6009 = CARTESIAN_POINT ( 'NONE',  ( 124.4599999999999937, 0.000000000000000000, 2.000000000000000000 ) ) ;
#6010 = CARTESIAN_POINT ( 'NONE',  ( -74.91000000000001080, 1.530808498934190091E-16, 2.000000000000000000 ) ) ;
#6011 = DIRECTION ( 'NONE',  ( 0.000000000000000000, 0.000000000000000000, 1.000000000000000000 ) ) ;
#6012 = EDGE_CURVE ( 'NONE', #4032, #2052, #3304, .T. ) ;
#6013 = ORIENTED_EDGE ( 'NONE', *, *, #6994, .F. ) ;
#6014 = DIRECTION ( 'NONE',  ( -0.000000000000000000, -0.000000000000000000, -1.000000000000000000 ) ) ;
#6015 = AXIS2_PLACEMENT_3D ( 'NONE', #1419, #7643, #4099 ) ;
#6016 = FACE_OUTER_BOUND ( 'NONE', #6092, .T. ) ;
#6017 = DIRECTION ( 'NONE',  ( -1.000000000000000000, 0.000000000000000000, 0.000000000000000000 ) ) ;
#6018 = CYLINDRICAL_SURFACE ( 'NONE', #4453, 1.250000000000001110 ) ;
#6019 = FACE_OUTER_BOUND ( 'NONE', #7599, .T. ) ;
#6020 = LINE ( 'NONE', #543, #6141 ) ;
#6021 = AXIS2_PLACEMENT_3D ( 'NONE', #1927, #731, #3205 ) ;
#6022 = ORIENTED_EDGE ( 'NONE', *, *, #5469, .F. ) ;
#6023 = DIRECTION ( 'NONE',  ( -0.000000000000000000, -0.000000000000000000, -1.000000000000000000 ) ) ;
#6024 = ORIENTED_EDGE ( 'NONE', *, *, #7060, .T. ) ;
#6025 = AXIS2_PLACEMENT_3D ( 'NONE', #4701, #7143, #7747 ) ;
#6026 = DIRECTION ( 'NONE',  ( -0.000000000000000000, -0.000000000000000000, -1.000000000000000000 ) ) ;
#6027 = CARTESIAN_POINT ( 'NONE',  ( 154.9399999999999977, 0.000000000000000000, 0.000000000000000000 ) ) ;
#6028 = FACE_OUTER_BOUND ( 'NONE', #2478, .T. ) ;
#6029 = CARTESIAN_POINT ( 'NONE',  ( 234.9700000000000273, 1.530808498934190091E-16, 0.000000000000000000 ) ) ;
#6030 = EDGE_CURVE ( 'NONE', #2848, #2182, #6453, .T. ) ;
#6031 = VERTEX_POINT ( 'NONE', #3608 ) ;
#6032 = AXIS2_PLACEMENT_3D ( 'NONE', #5704, #6859, #3248 ) ;
#6033 = ORIENTED_EDGE ( 'NONE', *, *, #1879, .T. ) ;
#6034 = ORIENTED_EDGE ( 'NONE', *, *, #1539, .F. ) ;
#6035 = CARTESIAN_POINT ( 'NONE',  ( 251.4600000000000080, 0.000000000000000000, 2.000000000000000000 ) ) ;
#6036 = EDGE_CURVE ( 'NONE', #5319, #4053, #3570, .T. ) ;
#6037 = DIRECTION ( 'NONE',  ( 1.000000000000000000, 0.000000000000000000, 0.000000000000000000 ) ) ;
#6038 = ORIENTED_EDGE ( 'NONE', *, *, #5530, .T. ) ;
#6039 = CIRCLE ( 'NONE', #7834, 1.250000000000001110 ) ;
#6040 = CARTESIAN_POINT ( 'NONE',  ( -118.1299999999999955, 0.000000000000000000, 2.000000000000000000 ) ) ;
#6041 = DIRECTION ( 'NONE',  ( 0.000000000000000000, 0.000000000000000000, 1.000000000000000000 ) ) ;
#6042 = EDGE_CURVE ( 'NONE', #7853, #2665, #2159, .T. ) ;
#6043 = EDGE_CURVE ( 'NONE', #4924, #609, #6006, .T. ) ;
#6044 = ORIENTED_EDGE ( 'NONE', *, *, #4220, .T. ) ;
#6045 = CIRCLE ( 'NONE', #2203, 1.250000000000001110 ) ;
#6046 = CYLINDRICAL_SURFACE ( 'NONE', #4286, 1.250000000000001110 ) ;
#6047 = ORIENTED_EDGE ( 'NONE', *, *, #5694, .T. ) ;
#6048 = EDGE_CURVE ( 'NONE', #455, #5621, #7742, .T. ) ;
#6049 = CARTESIAN_POINT ( 'NONE',  ( 16.52999999999997272, 1.530808498934191571E-16, -0.2999999999999999889 ) ) ;
#6050 = AXIS2_PLACEMENT_3D ( 'NONE', #264, #5071, #907 ) ;
#6051 = CARTESIAN_POINT ( 'NONE',  ( 241.3000000000000114, 0.000000000000000000, 0.000000000000000000 ) ) ;
#6052 = DIRECTION ( 'NONE',  ( 1.000000000000000000, 0.000000000000000000, 0.000000000000000000 ) ) ;
#6053 = ORIENTED_EDGE ( 'NONE', *, *, #3740, .T. ) ;
#6054 = CARTESIAN_POINT ( 'NONE',  ( -64.75000000000000000, 1.530808498934190091E-16, 2.000000000000000000 ) ) ;
#6055 = EDGE_CURVE ( 'NONE', #5553, #441, #5244, .T. ) ;
#6056 = DIRECTION ( 'NONE',  ( -1.000000000000000000, 0.000000000000000000, 0.000000000000000000 ) ) ;
#6057 = DIRECTION ( 'NONE',  ( 0.000000000000000000, 0.000000000000000000, 1.000000000000000000 ) ) ;
#6058 = CARTESIAN_POINT ( 'NONE',  ( 1.290000000000020464, 1.530808498934191571E-16, 0.000000000000000000 ) ) ;
#6059 = DIRECTION ( 'NONE',  ( 0.000000000000000000, 0.000000000000000000, 1.000000000000000000 ) ) ;
#6060 = CARTESIAN_POINT ( 'NONE',  ( 264.1600000000000250, -3.000000000000000000, 0.000000000000000000 ) ) ;
#6061 = AXIS2_PLACEMENT_3D ( 'NONE', #6506, #5825, #342 ) ;
#6062 = ORIENTED_EDGE ( 'NONE', *, *, #4730, .T. ) ;
#6063 = AXIS2_PLACEMENT_3D ( 'NONE', #7002, #2713, #1476 ) ;
#6064 = LINE ( 'NONE', #7873, #6271 ) ;
#6065 = ORIENTED_EDGE ( 'NONE', *, *, #4668, .T. ) ;
#6066 = EDGE_CURVE ( 'NONE', #3188, #7253, #5622, .T. ) ;
#6067 = CYLINDRICAL_SURFACE ( 'NONE', #2766, 1.250000000000001110 ) ;
#6068 = VERTEX_POINT ( 'NONE', #5294 ) ;
#6069 = CARTESIAN_POINT ( 'NONE',  ( 195.5799999999999841, 0.000000000000000000, -0.2999999999999999889 ) ) ;
#6070 = DIRECTION ( 'NONE',  ( -1.000000000000000000, 0.000000000000000000, 0.000000000000000000 ) ) ;
#6071 = AXIS2_PLACEMENT_3D ( 'NONE', #3061, #1857, #6181 ) ;
#6072 = DIRECTION ( 'NONE',  ( -0.000000000000000000, -0.000000000000000000, -1.000000000000000000 ) ) ;
#6073 = ORIENTED_EDGE ( 'NONE', *, *, #2338, .F. ) ;
#6074 = EDGE_LOOP ( 'NONE', ( #4185, #3469 ) ) ;
#6075 = ORIENTED_EDGE ( 'NONE', *, *, #233, .F. ) ;
#6076 = FACE_BOUND ( 'NONE', #2508, .T. ) ;
#6077 = VECTOR ( 'NONE', #7048, 1000.000000000000000 ) ;
#6078 = FACE_OUTER_BOUND ( 'NONE', #487, .T. ) ;
#6079 = ORIENTED_EDGE ( 'NONE', *, *, #3516, .F. ) ;
#6080 = DIRECTION ( 'NONE',  ( 1.000000000000000000, 0.000000000000000000, 0.000000000000000000 ) ) ;
#6081 = CARTESIAN_POINT ( 'NONE',  ( 175.2599999999999909, 0.000000000000000000, 2.000000000000000000 ) ) ;
#6082 = AXIS2_PLACEMENT_3D ( 'NONE', #41, #1, #2358 ) ;
#6083 = AXIS2_PLACEMENT_3D ( 'NONE', #3313, #2114, #1595 ) ;
#6084 = ORIENTED_EDGE ( 'NONE', *, *, #1803, .T. ) ;
#6085 = CIRCLE ( 'NONE', #3521, 1.250000000000001110 ) ;
#6086 = DIRECTION ( 'NONE',  ( 1.000000000000000000, 0.000000000000000000, 0.000000000000000000 ) ) ;
#6087 = EDGE_CURVE ( 'NONE', #4827, #7080, #1163, .T. ) ;
#6088 = CIRCLE ( 'NONE', #7109, 1.250000000000001110 ) ;
#6089 = ORIENTED_EDGE ( 'NONE', *, *, #6762, .T. ) ;
#6090 = FACE_OUTER_BOUND ( 'NONE', #1068, .T. ) ;
#6091 = CARTESIAN_POINT ( 'NONE',  ( -256.5400000000000205, 0.000000000000000000, -0.2999999999999999889 ) ) ;
#6092 = EDGE_LOOP ( 'NONE', ( #3861, #2952, #6102, #3960 ) ) ;
#6093 = ADVANCED_FACE ( 'NONE', ( #4695 ), #5457, .F. ) ;
#6094 = CARTESIAN_POINT ( 'NONE',  ( -73.65999999999999659, 0.000000000000000000, 2.000000000000000000 ) ) ;
#6095 = CIRCLE ( 'NONE', #5208, 1.250000000000001110 ) ;
#6096 = CARTESIAN_POINT ( 'NONE',  ( -146.0300000000000011, 1.530808498934191571E-16, -0.2999999999999999889 ) ) ;
#6097 = CARTESIAN_POINT ( 'NONE',  ( 43.18000000000000682, 0.000000000000000000, -0.2999999999999999889 ) ) ;
#6098 = CARTESIAN_POINT ( 'NONE',  ( -16.53000000000000114, 0.000000000000000000, -0.2999999999999999889 ) ) ;
#6099 = EDGE_CURVE ( 'NONE', #4883, #2779, #2291, .T. ) ;
#6100 = ORIENTED_EDGE ( 'NONE', *, *, #5109, .T. ) ;
#6101 = DIRECTION ( 'NONE',  ( 1.000000000000000000, 0.000000000000000000, 0.000000000000000000 ) ) ;
#6102 = ORIENTED_EDGE ( 'NONE', *, *, #3504, .T. ) ;
#6103 = DIRECTION ( 'NONE',  ( 1.000000000000000000, 0.000000000000000000, 0.000000000000000000 ) ) ;
#6104 = DIRECTION ( 'NONE',  ( -0.000000000000000000, -0.000000000000000000, -1.000000000000000000 ) ) ;
#6105 = CARTESIAN_POINT ( 'NONE',  ( 24.11000000000001720, 0.000000000000000000, 0.000000000000000000 ) ) ;
#6106 = LINE ( 'NONE', #2420, #5930 ) ;
#6107 = FACE_OUTER_BOUND ( 'NONE', #1137, .T. ) ;
#6108 = EDGE_LOOP ( 'NONE', ( #5518, #6272 ) ) ;
#6109 = ADVANCED_FACE ( 'NONE', ( #4127 ), #2402, .F. ) ;
#6110 = ORIENTED_EDGE ( 'NONE', *, *, #3107, .T. ) ;
#6111 = ORIENTED_EDGE ( 'NONE', *, *, #5562, .T. ) ;
#6112 = FACE_BOUND ( 'NONE', #6194, .T. ) ;
#6113 = CIRCLE ( 'NONE', #7006, 1.250000000000001110 ) ;
#6114 = DIRECTION ( 'NONE',  ( -0.000000000000000000, -0.000000000000000000, -1.000000000000000000 ) ) ;
#6115 = ORIENTED_EDGE ( 'NONE', *, *, #6526, .F. ) ;
#6116 = CARTESIAN_POINT ( 'NONE',  ( -261.6200000000000045, 0.000000000000000000, 2.000000000000000000 ) ) ;
#6117 = FACE_OUTER_BOUND ( 'NONE', #7763, .T. ) ;
#6118 = CIRCLE ( 'NONE', #1777, 1.250000000000001110 ) ;
#6119 = VERTEX_POINT ( 'NONE', #6010 ) ;
#6120 = VERTEX_POINT ( 'NONE', #5969 ) ;
#6121 = CARTESIAN_POINT ( 'NONE',  ( -110.4699999999999989, 1.530808498934190091E-16, 2.000000000000000000 ) ) ;
#6122 = AXIS2_PLACEMENT_3D ( 'NONE', #6771, #89, #3729 ) ;
#6123 = EDGE_LOOP ( 'NONE', ( #33, #3601, #1229, #4603 ) ) ;
#6124 = CYLINDRICAL_SURFACE ( 'NONE', #1786, 1.250000000000001110 ) ;
#6125 = CYLINDRICAL_SURFACE ( 'NONE', #4410, 1.250000000000001110 ) ;
#6126 = ORIENTED_EDGE ( 'NONE', *, *, #7476, .T. ) ;
#6127 = EDGE_CURVE ( 'NONE', #6531, #3825, #4334, .T. ) ;
#6128 = VECTOR ( 'NONE', #7447, 1000.000000000000000 ) ;
#6129 = LINE ( 'NONE', #648, #4565 ) ;
#6130 = LINE ( 'NONE', #6096, #4490 ) ;
#6131 = DIRECTION ( 'NONE',  ( -1.000000000000000000, 0.000000000000000000, 0.000000000000000000 ) ) ;
#6132 = DIRECTION ( 'NONE',  ( 1.000000000000000000, 0.000000000000000000, 0.000000000000000000 ) ) ;
#6133 = EDGE_CURVE ( 'NONE', #2182, #6357, #3575, .T. ) ;
#6134 = EDGE_LOOP ( 'NONE', ( #5582, #2107, #1659, #5495 ) ) ;
#6135 = CARTESIAN_POINT ( 'NONE',  ( -115.5500000000000114, 1.530808498934190091E-16, 0.000000000000000000 ) ) ;
#6136 = ORIENTED_EDGE ( 'NONE', *, *, #5823, .T. ) ;
#6137 = CARTESIAN_POINT ( 'NONE',  ( -107.9699999999999989, 0.000000000000000000, 2.000000000000000000 ) ) ;
#6138 = EDGE_LOOP ( 'NONE', ( #7421, #1129 ) ) ;
#6139 = ADVANCED_FACE ( 'NONE', ( #6090 ), #2844, .F. ) ;
#6140 = DIRECTION ( 'NONE',  ( 1.000000000000000000, 0.000000000000000000, 0.000000000000000000 ) ) ;
#6141 = VECTOR ( 'NONE', #6699, 1000.000000000000000 ) ;
#6142 = DIRECTION ( 'NONE',  ( 1.000000000000000000, 0.000000000000000000, 0.000000000000000000 ) ) ;
#6143 = DIRECTION ( 'NONE',  ( -1.000000000000000000, 0.000000000000000000, 0.000000000000000000 ) ) ;
#6144 = EDGE_LOOP ( 'NONE', ( #5174, #5652 ) ) ;
#6145 = ORIENTED_EDGE ( 'NONE', *, *, #1341, .T. ) ;
#6146 = ORIENTED_EDGE ( 'NONE', *, *, #2549, .F. ) ;
#6147 = AXIS2_PLACEMENT_3D ( 'NONE', #7267, #1693, #4139 ) ;
#6148 = DIRECTION ( 'NONE',  ( -1.000000000000000000, 0.000000000000000000, 0.000000000000000000 ) ) ;
#6149 = DIRECTION ( 'NONE',  ( 0.000000000000000000, 0.000000000000000000, 1.000000000000000000 ) ) ;
#6150 = EDGE_LOOP ( 'NONE', ( #1158, #753, #4472, #4211 ) ) ;
#6151 = EDGE_CURVE ( 'NONE', #4825, #5553, #5417, .T. ) ;
#6152 = CARTESIAN_POINT ( 'NONE',  ( 125.7099999999999937, 0.000000000000000000, 2.000000000000000000 ) ) ;
#6153 = CARTESIAN_POINT ( 'NONE',  ( -79.99000000000000909, 1.530808498934191571E-16, -0.2999999999999999889 ) ) ;
#6154 = AXIS2_PLACEMENT_3D ( 'NONE', #7184, #1690, #6578 ) ;
#6155 = AXIS2_PLACEMENT_3D ( 'NONE', #6461, #2850, #6416 ) ;
#6156 = ORIENTED_EDGE ( 'NONE', *, *, #7175, .T. ) ;
#6157 = ORIENTED_EDGE ( 'NONE', *, *, #896, .F. ) ;
#6158 = CIRCLE ( 'NONE', #7054, 1.250000000000001110 ) ;
#6159 = CYLINDRICAL_SURFACE ( 'NONE', #323, 1.250000000000001110 ) ;
#6160 = EDGE_LOOP ( 'NONE', ( #5882, #7246, #6047, #3715 ) ) ;
#6161 = DIRECTION ( 'NONE',  ( 0.000000000000000000, 0.000000000000000000, 1.000000000000000000 ) ) ;
#6162 = CARTESIAN_POINT ( 'NONE',  ( -148.6100000000000136, 0.000000000000000000, 0.000000000000000000 ) ) ;
#6163 = EDGE_LOOP ( 'NONE', ( #2891, #1319, #5796, #5831 ) ) ;
#6164 = AXIS2_PLACEMENT_3D ( 'NONE', #5091, #6892, #3847 ) ;
#6165 = AXIS2_PLACEMENT_3D ( 'NONE', #6312, #2623, #7554 ) ;
#6166 = DIRECTION ( 'NONE',  ( 0.000000000000000000, 0.000000000000000000, 1.000000000000000000 ) ) ;
#6167 = DIRECTION ( 'NONE',  ( 0.000000000000000000, 0.000000000000000000, 1.000000000000000000 ) ) ;
#6168 = DIRECTION ( 'NONE',  ( 1.000000000000000000, 0.000000000000000000, 0.000000000000000000 ) ) ;
#6169 = CARTESIAN_POINT ( 'NONE',  ( -114.3000000000000114, 0.000000000000000000, 0.000000000000000000 ) ) ;
#6170 = EDGE_CURVE ( 'NONE', #327, #7178, #6385, .T. ) ;
#6171 = ORIENTED_EDGE ( 'NONE', *, *, #5034, .T. ) ;
#6172 = DIRECTION ( 'NONE',  ( 1.000000000000000000, 0.000000000000000000, 0.000000000000000000 ) ) ;
#6173 = ORIENTED_EDGE ( 'NONE', *, *, #5284, .F. ) ;
#6174 = EDGE_CURVE ( 'NONE', #4192, #4065, #1681, .T. ) ;
#6175 = CARTESIAN_POINT ( 'NONE',  ( -209.5699999999999932, 0.000000000000000000, 0.000000000000000000 ) ) ;
#6176 = EDGE_CURVE ( 'NONE', #2217, #4552, #2924, .T. ) ;
#6177 = LINE ( 'NONE', #4454, #788 ) ;
#6178 = CARTESIAN_POINT ( 'NONE',  ( 58.42000000000002302, 0.000000000000000000, 2.000000000000000000 ) ) ;
#6179 = DIRECTION ( 'NONE',  ( 0.000000000000000000, 0.000000000000000000, 1.000000000000000000 ) ) ;
#6180 = EDGE_CURVE ( 'NONE', #3073, #2494, #637, .T. ) ;
#6181 = DIRECTION ( 'NONE',  ( 1.000000000000000000, 0.000000000000000000, 0.000000000000000000 ) ) ;
#6182 = ORIENTED_EDGE ( 'NONE', *, *, #1385, .T. ) ;
#6183 = EDGE_LOOP ( 'NONE', ( #562, #2116 ) ) ;
#6184 = CIRCLE ( 'NONE', #565, 1.250000000000001110 ) ;
#6185 = ORIENTED_EDGE ( 'NONE', *, *, #3489, .T. ) ;
#6186 = FACE_BOUND ( 'NONE', #4787, .T. ) ;
#6187 = CARTESIAN_POINT ( 'NONE',  ( 190.5000000000000000, 0.000000000000000000, -0.2999999999999999889 ) ) ;
#6188 = EDGE_CURVE ( 'NONE', #882, #2987, #2806, .T. ) ;
#6189 = AXIS2_PLACEMENT_3D ( 'NONE', #4909, #4230, #6670 ) ;
#6190 = ORIENTED_EDGE ( 'NONE', *, *, #2183, .F. ) ;
#6191 = CARTESIAN_POINT ( 'NONE',  ( -58.42000000000002302, 0.000000000000000000, 2.000000000000000000 ) ) ;
#6192 = DIRECTION ( 'NONE',  ( 0.000000000000000000, 0.000000000000000000, 1.000000000000000000 ) ) ;
#6193 = DIRECTION ( 'NONE',  ( 0.000000000000000000, 0.000000000000000000, 1.000000000000000000 ) ) ;
#6194 = EDGE_LOOP ( 'NONE', ( #1337, #6079 ) ) ;
#6195 = AXIS2_PLACEMENT_3D ( 'NONE', #2013, #4457, #7545 ) ;
#6196 = ADVANCED_FACE ( 'NONE', ( #1913 ), #1353, .F. ) ;
#6197 = ORIENTED_EDGE ( 'NONE', *, *, #4094, .F. ) ;
#6198 = DIRECTION ( 'NONE',  ( 1.000000000000000000, 0.000000000000000000, 0.000000000000000000 ) ) ;
#6199 = CARTESIAN_POINT ( 'NONE',  ( 210.8199999999999932, 0.000000000000000000, 0.000000000000000000 ) ) ;
#6200 = ORIENTED_EDGE ( 'NONE', *, *, #6740, .T. ) ;
#6201 = DIRECTION ( 'NONE',  ( -1.000000000000000000, 0.000000000000000000, 0.000000000000000000 ) ) ;
#6202 = FACE_OUTER_BOUND ( 'NONE', #6498, .T. ) ;
#6203 = ORIENTED_EDGE ( 'NONE', *, *, #2119, .T. ) ;
#6204 = AXIS2_PLACEMENT_3D ( 'NONE', #6322, #1318, #759 ) ;
#6205 = EDGE_CURVE ( 'NONE', #6468, #6607, #5040, .T. ) ;
#6206 = CIRCLE ( 'NONE', #3904, 1.250000000000001110 ) ;
#6207 = CARTESIAN_POINT ( 'NONE',  ( -195.5799999999999841, 0.000000000000000000, 2.000000000000000000 ) ) ;
#6208 = CARTESIAN_POINT ( 'NONE',  ( 143.5299999999999727, 1.530808498934190091E-16, 2.000000000000000000 ) ) ;
#6209 = CARTESIAN_POINT ( 'NONE',  ( 63.50000000000000000, 0.000000000000000000, 0.000000000000000000 ) ) ;
#6210 = CIRCLE ( 'NONE', #2374, 1.249999999999999334 ) ;
#6211 = VERTEX_POINT ( 'NONE', #3836 ) ;
#6212 = DIRECTION ( 'NONE',  ( -0.000000000000000000, 1.000000000000000000, 0.000000000000000000 ) ) ;
#6213 = ORIENTED_EDGE ( 'NONE', *, *, #952, .T. ) ;
#6214 = AXIS2_PLACEMENT_3D ( 'NONE', #6666, #6026, #5948 ) ;
#6215 = FACE_OUTER_BOUND ( 'NONE', #5547, .T. ) ;
#6216 = FACE_BOUND ( 'NONE', #7556, .T. ) ;
#6217 = DIRECTION ( 'NONE',  ( -0.000000000000000000, -0.000000000000000000, -1.000000000000000000 ) ) ;
#6218 = DIRECTION ( 'NONE',  ( 0.000000000000000000, 0.000000000000000000, 1.000000000000000000 ) ) ;
#6219 = LINE ( 'NONE', #2614, #5305 ) ;
#6220 = ORIENTED_EDGE ( 'NONE', *, *, #6247, .T. ) ;
#6221 = CIRCLE ( 'NONE', #4305, 1.250000000000001110 ) ;
#6222 = ORIENTED_EDGE ( 'NONE', *, *, #612, .F. ) ;
#6223 = EDGE_CURVE ( 'NONE', #2676, #822, #6763, .T. ) ;
#6224 = ORIENTED_EDGE ( 'NONE', *, *, #2730, .F. ) ;
#6225 = DIRECTION ( 'NONE',  ( 0.000000000000000000, 0.000000000000000000, 1.000000000000000000 ) ) ;
#6226 = CARTESIAN_POINT ( 'NONE',  ( -232.3900000000000148, 1.530808498934191571E-16, -0.2999999999999999889 ) ) ;
#6227 = AXIS2_PLACEMENT_3D ( 'NONE', #5976, #5380, #49 ) ;
#6228 = ORIENTED_EDGE ( 'NONE', *, *, #2293, .F. ) ;
#6229 = DIRECTION ( 'NONE',  ( 0.000000000000000000, 0.000000000000000000, 1.000000000000000000 ) ) ;
#6230 = CARTESIAN_POINT ( 'NONE',  ( -174.0099999999999909, 0.000000000000000000, 2.000000000000000000 ) ) ;
#6231 = DIRECTION ( 'NONE',  ( 1.000000000000000000, 0.000000000000000000, 0.000000000000000000 ) ) ;
#6232 = ORIENTED_EDGE ( 'NONE', *, *, #5178, .F. ) ;
#6233 = EDGE_CURVE ( 'NONE', #741, #3347, #7676, .T. ) ;
#6234 = AXIS2_PLACEMENT_3D ( 'NONE', #5414, #5455, #7780 ) ;
#6235 = ORIENTED_EDGE ( 'NONE', *, *, #1101, .F. ) ;
#6236 = DIRECTION ( 'NONE',  ( 0.000000000000000000, 0.000000000000000000, 1.000000000000000000 ) ) ;
#6237 = DIRECTION ( 'NONE',  ( -0.000000000000000000, -0.000000000000000000, -1.000000000000000000 ) ) ;
#6238 = ORIENTED_EDGE ( 'NONE', *, *, #4768, .T. ) ;
#6239 = AXIS2_PLACEMENT_3D ( 'NONE', #1782, #6631, #1223 ) ;
#6240 = ADVANCED_FACE ( 'NONE', ( #6728 ), #6124, .F. ) ;
#6241 = CARTESIAN_POINT ( 'NONE',  ( -140.9499999999999886, 1.530808498934190091E-16, 0.000000000000000000 ) ) ;
#6242 = CARTESIAN_POINT ( 'NONE',  ( -124.4600000000000080, 0.000000000000000000, -0.2999999999999999889 ) ) ;
#6243 = VERTEX_POINT ( 'NONE', #6241 ) ;
#6244 = AXIS2_PLACEMENT_3D ( 'NONE', #7671, #7750, #5303 ) ;
#6245 = ORIENTED_EDGE ( 'NONE', *, *, #693, .F. ) ;
#6246 = LINE ( 'NONE', #5615, #5341 ) ;
#6247 = EDGE_CURVE ( 'NONE', #1032, #1925, #2932, .T. ) ;
#6248 = DIRECTION ( 'NONE',  ( -1.000000000000000000, 0.000000000000000000, 0.000000000000000000 ) ) ;
#6249 = CARTESIAN_POINT ( 'NONE',  ( -1.290000000000020464, 0.000000000000000000, 2.000000000000000000 ) ) ;
#6250 = CIRCLE ( 'NONE', #7533, 1.250000000000001110 ) ;
#6251 = VERTEX_POINT ( 'NONE', #3760 ) ;
#6252 = DIRECTION ( 'NONE',  ( 0.000000000000000000, -0.000000000000000000, 1.000000000000000000 ) ) ;
#6253 = VERTEX_POINT ( 'NONE', #3720 ) ;
#6254 = AXIS2_PLACEMENT_3D ( 'NONE', #2590, #4321, #3195 ) ;
#6255 = CYLINDRICAL_SURFACE ( 'NONE', #1356, 1.250000000000001110 ) ;
#6256 = FACE_OUTER_BOUND ( 'NONE', #7200, .T. ) ;
#6257 = DIRECTION ( 'NONE',  ( 1.000000000000000000, 0.000000000000000000, 0.000000000000000000 ) ) ;
#6258 = DIRECTION ( 'NONE',  ( 0.000000000000000000, 0.000000000000000000, 1.000000000000000000 ) ) ;
#6259 = DIRECTION ( 'NONE',  ( 0.000000000000000000, 0.000000000000000000, 1.000000000000000000 ) ) ;
#6260 = EDGE_LOOP ( 'NONE', ( #3103, #797, #5268, #168 ) ) ;
#6261 = ORIENTED_EDGE ( 'NONE', *, *, #3498, .F. ) ;
#6262 =( NAMED_UNIT ( * ) SI_UNIT ( $, .STERADIAN. ) SOLID_ANGLE_UNIT ( ) );
#6263 = CIRCLE ( 'NONE', #5122, 1.249999999999999334 ) ;
#6264 = CARTESIAN_POINT ( 'NONE',  ( 12.69999999999998863, 0.000000000000000000, 0.000000000000000000 ) ) ;
#6265 = EDGE_LOOP ( 'NONE', ( #3034, #921 ) ) ;
#6266 = DIRECTION ( 'NONE',  ( -0.000000000000000000, -0.000000000000000000, -1.000000000000000000 ) ) ;
#6268 = EDGE_CURVE ( 'NONE', #1841, #3349, #3697, .T. ) ;
#6267 = CARTESIAN_POINT ( 'NONE',  ( 102.8899999999999864, 1.530808498934191571E-16, -0.2999999999999999889 ) ) ;
#6269 = AXIS2_PLACEMENT_3D ( 'NONE', #6923, #2514, #1393 ) ;
#6270 = CARTESIAN_POINT ( 'NONE',  ( 199.4100000000000250, 1.530808498934191571E-16, -0.2999999999999999889 ) ) ;
#6271 = VECTOR ( 'NONE', #2377, 1000.000000000000000 ) ;
#6272 = ORIENTED_EDGE ( 'NONE', *, *, #3039, .F. ) ;
#6273 = ADVANCED_FACE ( 'NONE', ( #7411 ), #4398, .F. ) ;
#6274 = ORIENTED_EDGE ( 'NONE', *, *, #670, .F. ) ;
#6275 = DIRECTION ( 'NONE',  ( 0.000000000000000000, 0.000000000000000000, 1.000000000000000000 ) ) ;
#6276 = DIRECTION ( 'NONE',  ( 1.000000000000000000, 0.000000000000000000, 0.000000000000000000 ) ) ;
#6277 = ORIENTED_EDGE ( 'NONE', *, *, #7486, .T. ) ;
#6278 = CIRCLE ( 'NONE', #6155, 1.250000000000001110 ) ;
#6279 = ADVANCED_FACE ( 'NONE', ( #5647 ), #6804, .F. ) ;
#6280 = EDGE_CURVE ( 'NONE', #4677, #4409, #7291, .T. ) ;
#6281 = DIRECTION ( 'NONE',  ( 0.000000000000000000, 0.000000000000000000, 1.000000000000000000 ) ) ;
#6282 = DIRECTION ( 'NONE',  ( 1.000000000000000000, 0.000000000000000000, 0.000000000000000000 ) ) ;
#6283 = ORIENTED_EDGE ( 'NONE', *, *, #5890, .T. ) ;
#6284 = AXIS2_PLACEMENT_3D ( 'NONE', #7388, #6817, #3287 ) ;
#6285 = AXIS2_PLACEMENT_3D ( 'NONE', #3862, #6869, #2018 ) ;
#6286 = EDGE_CURVE ( 'NONE', #1024, #3780, #513, .T. ) ;
#6287 = ORIENTED_EDGE ( 'NONE', *, *, #6556, .F. ) ;
#6288 = CARTESIAN_POINT ( 'NONE',  ( 251.4600000000000080, 0.000000000000000000, 0.000000000000000000 ) ) ;
#6289 = VECTOR ( 'NONE', #5246, 1000.000000000000000 ) ;
#6290 = DIRECTION ( 'NONE',  ( 0.000000000000000000, 0.000000000000000000, 1.000000000000000000 ) ) ;
#6291 = AXIS2_PLACEMENT_3D ( 'NONE', #2380, #5393, #7236 ) ;
#6292 = CARTESIAN_POINT ( 'NONE',  ( 110.4700000000000273, 0.000000000000000000, -0.2999999999999999889 ) ) ;
#6293 = ORIENTED_EDGE ( 'NONE', *, *, #2067, .T. ) ;
#6294 = CARTESIAN_POINT ( 'NONE',  ( 229.8899999999999864, 1.530808498934191571E-16, -0.2999999999999999889 ) ) ;
#6295 = EDGE_CURVE ( 'NONE', #5726, #5259, #4215, .T. ) ;
#6296 = ORIENTED_EDGE ( 'NONE', *, *, #6174, .F. ) ;
#6297 = DIRECTION ( 'NONE',  ( 0.000000000000000000, 0.000000000000000000, 1.000000000000000000 ) ) ;
#6298 = DIRECTION ( 'NONE',  ( 1.000000000000000000, 0.000000000000000000, 0.000000000000000000 ) ) ;
#6299 = DIRECTION ( 'NONE',  ( -0.000000000000000000, -0.000000000000000000, -1.000000000000000000 ) ) ;
#6300 = CARTESIAN_POINT ( 'NONE',  ( 78.74000000000000909, 0.000000000000000000, 2.000000000000000000 ) ) ;
#6301 = CYLINDRICAL_SURFACE ( 'NONE', #7343, 1.250000000000001110 ) ;
#6302 = VECTOR ( 'NONE', #3260, 1000.000000000000000 ) ;
#6303 = CARTESIAN_POINT ( 'NONE',  ( 133.3700000000000045, 1.530808498934191571E-16, -0.2999999999999999889 ) ) ;
#6304 = VERTEX_POINT ( 'NONE', #156 ) ;
#6305 = EDGE_CURVE ( 'NONE', #7715, #6855, #447, .T. ) ;
#6306 = EDGE_LOOP ( 'NONE', ( #1216, #370 ) ) ;
#6307 = CARTESIAN_POINT ( 'NONE',  ( 180.3399999999999750, 0.000000000000000000, -0.2999999999999999889 ) ) ;
#6308 = AXIS2_PLACEMENT_3D ( 'NONE', #1224, #1294, #6782 ) ;
#6309 = CARTESIAN_POINT ( 'NONE',  ( 83.81999999999999318, 0.000000000000000000, -0.2999999999999999889 ) ) ;
#6310 = ORIENTED_EDGE ( 'NONE', *, *, #5644, .F. ) ;
#6311 = DIRECTION ( 'NONE',  ( -1.000000000000000000, 0.000000000000000000, 0.000000000000000000 ) ) ;
#6312 = CARTESIAN_POINT ( 'NONE',  ( -190.5000000000000000, 0.000000000000000000, 0.000000000000000000 ) ) ;
#6313 = CARTESIAN_POINT ( 'NONE',  ( -29.19000000000000128, 1.530808498934190091E-16, 2.000000000000000000 ) ) ;
#6314 = EDGE_LOOP ( 'NONE', ( #3311, #4829, #5116, #3621 ) ) ;
#6315 = VERTEX_POINT ( 'NONE', #120 ) ;
#6316 = DIRECTION ( 'NONE',  ( 1.000000000000000000, 0.000000000000000000, 0.000000000000000000 ) ) ;
#6317 = VECTOR ( 'NONE', #2156, 1000.000000000000000 ) ;
#6318 = CARTESIAN_POINT ( 'NONE',  ( 102.8899999999999864, 1.530808498934190091E-16, 0.000000000000000000 ) ) ;
#6319 = ORIENTED_EDGE ( 'NONE', *, *, #3889, .F. ) ;
#6320 = DIRECTION ( 'NONE',  ( 0.000000000000000000, 0.000000000000000000, 1.000000000000000000 ) ) ;
#6321 = CARTESIAN_POINT ( 'NONE',  ( 113.0500000000000114, 1.530808498934190091E-16, 2.000000000000000000 ) ) ;
#6322 = CARTESIAN_POINT ( 'NONE',  ( -124.4600000000000080, 0.000000000000000000, 0.000000000000000000 ) ) ;
#6323 = AXIS2_PLACEMENT_3D ( 'NONE', #2837, #4002, #6446 ) ;
#6324 = ORIENTED_EDGE ( 'NONE', *, *, #1778, .T. ) ;
#6325 = EDGE_CURVE ( 'NONE', #4667, #4274, #2551, .T. ) ;
#6326 = AXIS2_PLACEMENT_3D ( 'NONE', #4496, #3456, #5828 ) ;
#6327 = ORIENTED_EDGE ( 'NONE', *, *, #6305, .F. ) ;
#6328 = CARTESIAN_POINT ( 'NONE',  ( 264.1600000000000250, 3.000000000000000000, 0.000000000000000000 ) ) ;
#6329 = DIRECTION ( 'NONE',  ( -0.000000000000000000, -0.000000000000000000, -1.000000000000000000 ) ) ;
#6330 = AXIS2_PLACEMENT_3D ( 'NONE', #1682, #1085, #3527 ) ;
#6331 = DIRECTION ( 'NONE',  ( 1.000000000000000000, 0.000000000000000000, 0.000000000000000000 ) ) ;
#6332 = AXIS2_PLACEMENT_3D ( 'NONE', #5609, #758, #3077 ) ;
#6333 = ORIENTED_EDGE ( 'NONE', *, *, #4314, .T. ) ;
#6334 = EDGE_CURVE ( 'NONE', #1995, #6531, #6884, .T. ) ;
#6335 = DIRECTION ( 'NONE',  ( 0.000000000000000000, 0.000000000000000000, 1.000000000000000000 ) ) ;
#6336 = EDGE_LOOP ( 'NONE', ( #6024, #7736, #2575, #7560 ) ) ;
#6337 = DIRECTION ( 'NONE',  ( 0.000000000000000000, 0.000000000000000000, 1.000000000000000000 ) ) ;
#6338 = AXIS2_PLACEMENT_3D ( 'NONE', #2057, #222, #6908 ) ;
#6339 = CARTESIAN_POINT ( 'NONE',  ( -74.91000000000001080, 1.530808498934190091E-16, 0.000000000000000000 ) ) ;
#6340 = CARTESIAN_POINT ( 'NONE',  ( 231.1399999999999864, 0.000000000000000000, 0.000000000000000000 ) ) ;
#6341 = DIRECTION ( 'NONE',  ( 1.000000000000000000, 0.000000000000000000, 0.000000000000000000 ) ) ;
#6342 = EDGE_CURVE ( 'NONE', #4053, #1516, #7373, .T. ) ;
#6343 = DIRECTION ( 'NONE',  ( -0.000000000000000000, -0.000000000000000000, -1.000000000000000000 ) ) ;
#6344 = VERTEX_POINT ( 'NONE', #6962 ) ;
#6345 = AXIS2_PLACEMENT_3D ( 'NONE', #347, #6388, #2822 ) ;
#6346 = ORIENTED_EDGE ( 'NONE', *, *, #221, .F. ) ;
#6347 = APPLICATION_PROTOCOL_DEFINITION ( 'international standard', 'config_control_design', 1994, #5126 ) ;
#6348 = CARTESIAN_POINT ( 'NONE',  ( -180.3400000000000034, 0.000000000000000000, -0.2999999999999999889 ) ) ;
#6349 = EDGE_LOOP ( 'NONE', ( #6171, #26, #4625, #3569 ) ) ;
#6350 = DIRECTION ( 'NONE',  ( 0.000000000000000000, 0.000000000000000000, 1.000000000000000000 ) ) ;
#6351 = CARTESIAN_POINT ( 'NONE',  ( -99.06000000000000227, 0.000000000000000000, 2.000000000000000000 ) ) ;
#6352 = AXIS2_PLACEMENT_3D ( 'NONE', #1018, #3936, #3976 ) ;
#6353 = FACE_OUTER_BOUND ( 'NONE', #3539, .T. ) ;
#6354 = ADVANCED_FACE ( 'NONE', ( #5162 ), #2633, .F. ) ;
#6355 = ORIENTED_EDGE ( 'NONE', *, *, #4610, .T. ) ;
#6356 = ORIENTED_EDGE ( 'NONE', *, *, #4610, .F. ) ;
#6357 = VERTEX_POINT ( 'NONE', #3230 ) ;
#6358 = CYLINDRICAL_SURFACE ( 'NONE', #150, 1.250000000000001110 ) ;
#6359 = AXIS2_PLACEMENT_3D ( 'NONE', #6094, #5047, #3123 ) ;
#6360 = DIRECTION ( 'NONE',  ( 0.000000000000000000, 0.000000000000000000, 1.000000000000000000 ) ) ;
#6361 = EDGE_LOOP ( 'NONE', ( #6327, #3052 ) ) ;
#6362 = CARTESIAN_POINT ( 'NONE',  ( 19.02999999999997272, 0.000000000000000000, -0.2999999999999999889 ) ) ;
#6363 = CARTESIAN_POINT ( 'NONE',  ( 104.1399999999999864, 0.000000000000000000, -0.2999999999999999889 ) ) ;
#6364 = CARTESIAN_POINT ( 'NONE',  ( -83.81999999999999318, 0.000000000000000000, -0.2999999999999999889 ) ) ;
#6365 = AXIS2_PLACEMENT_3D ( 'NONE', #5253, #203, #2638 ) ;
#6366 = EDGE_LOOP ( 'NONE', ( #2653, #6053, #3167, #1028 ) ) ;
#6367 = ORIENTED_EDGE ( 'NONE', *, *, #1705, .T. ) ;
#6368 = DIRECTION ( 'NONE',  ( 1.000000000000000000, 0.000000000000000000, 0.000000000000000000 ) ) ;
#6369 = CARTESIAN_POINT ( 'NONE',  ( -176.5099999999999909, 1.530808498934190091E-16, 2.000000000000000000 ) ) ;
#6370 = DIRECTION ( 'NONE',  ( 0.000000000000000000, 0.000000000000000000, 1.000000000000000000 ) ) ;
#6371 = EDGE_CURVE ( 'NONE', #3565, #1440, #2755, .T. ) ;
#6372 = ORIENTED_EDGE ( 'NONE', *, *, #124, .T. ) ;
#6373 = AXIS2_PLACEMENT_3D ( 'NONE', #6697, #1732, #4253 ) ;
#6374 = ORIENTED_EDGE ( 'NONE', *, *, #6609, .T. ) ;
#6375 = DIRECTION ( 'NONE',  ( 0.000000000000000000, 0.000000000000000000, 1.000000000000000000 ) ) ;
#6376 = ORIENTED_EDGE ( 'NONE', *, *, #2311, .F. ) ;
#6377 = CARTESIAN_POINT ( 'NONE',  ( -123.2100000000000080, 0.000000000000000000, 2.000000000000000000 ) ) ;
#6378 = CIRCLE ( 'NONE', #881, 1.250000000000001110 ) ;
#6379 = FACE_BOUND ( 'NONE', #1785, .T. ) ;
#6380 = CARTESIAN_POINT ( 'NONE',  ( 19.02999999999997272, 0.000000000000000000, 0.000000000000000000 ) ) ;
#6381 = DIRECTION ( 'NONE',  ( 0.000000000000000000, 0.000000000000000000, 1.000000000000000000 ) ) ;
#6382 = EDGE_CURVE ( 'NONE', #7432, #7623, #5205, .T. ) ;
#6383 = DIRECTION ( 'NONE',  ( -0.000000000000000000, -0.000000000000000000, -1.000000000000000000 ) ) ;
#6384 = VERTEX_POINT ( 'NONE', #7652 ) ;
#6385 = CIRCLE ( 'NONE', #4598, 1.250000000000001110 ) ;
#6386 = ORIENTED_EDGE ( 'NONE', *, *, #1598, .F. ) ;
#6387 = EDGE_CURVE ( 'NONE', #6989, #5483, #5083, .T. ) ;
#6388 = DIRECTION ( 'NONE',  ( 0.000000000000000000, 0.000000000000000000, 1.000000000000000000 ) ) ;
#6389 = ORIENTED_EDGE ( 'NONE', *, *, #6626, .T. ) ;
#6390 = CARTESIAN_POINT ( 'NONE',  ( -144.7800000000000011, 0.000000000000000000, -0.2999999999999999889 ) ) ;
#6391 = CARTESIAN_POINT ( 'NONE',  ( 181.5899999999999750, 0.000000000000000000, 0.000000000000000000 ) ) ;
#6392 = CYLINDRICAL_SURFACE ( 'NONE', #7420, 1.250000000000001110 ) ;
#6393 = ORIENTED_EDGE ( 'NONE', *, *, #4590, .T. ) ;
#6394 = ORIENTED_EDGE ( 'NONE', *, *, #4815, .F. ) ;
#6395 = ORIENTED_EDGE ( 'NONE', *, *, #2526, .F. ) ;
#6396 = AXIS2_PLACEMENT_3D ( 'NONE', #7149, #1657, #7519 ) ;
#6397 = CARTESIAN_POINT ( 'NONE',  ( -83.81999999999999318, 0.000000000000000000, -0.2999999999999999889 ) ) ;
#6398 = ADVANCED_FACE ( 'NONE', ( #4475 ), #3879, .F. ) ;
#6399 = CYLINDRICAL_SURFACE ( 'NONE', #4686, 1.250000000000001110 ) ;
#6400 = EDGE_LOOP ( 'NONE', ( #3434, #1314 ) ) ;
#6401 = DIRECTION ( 'NONE',  ( 0.000000000000000000, 0.000000000000000000, 1.000000000000000000 ) ) ;
#6402 = DIRECTION ( 'NONE',  ( 1.000000000000000000, 0.000000000000000000, 0.000000000000000000 ) ) ;
#6403 = AXIS2_PLACEMENT_3D ( 'NONE', #1176, #1738, #7346 ) ;
#6404 = DIRECTION ( 'NONE',  ( 0.000000000000000000, 0.000000000000000000, 1.000000000000000000 ) ) ;
#6405 = ORIENTED_EDGE ( 'NONE', *, *, #5668, .F. ) ;
#6406 = EDGE_CURVE ( 'NONE', #7286, #1299, #178, .T. ) ;
#6407 = AXIS2_PLACEMENT_3D ( 'NONE', #2609, #695, #1367 ) ;
#6408 = VECTOR ( 'NONE', #6236, 1000.000000000000000 ) ;
#6409 = ORIENTED_EDGE ( 'NONE', *, *, #6868, .F. ) ;
#6410 = CARTESIAN_POINT ( 'NONE',  ( 34.26999999999998181, 0.000000000000000000, 0.000000000000000000 ) ) ;
#6411 = DIRECTION ( 'NONE',  ( 0.000000000000000000, 0.000000000000000000, 1.000000000000000000 ) ) ;
#6412 = DIRECTION ( 'NONE',  ( -0.000000000000000000, -0.000000000000000000, -1.000000000000000000 ) ) ;
#6413 = VECTOR ( 'NONE', #5465, 1000.000000000000000 ) ;
#6414 = ORIENTED_EDGE ( 'NONE', *, *, #7117, .F. ) ;
#6415 = ORIENTED_EDGE ( 'NONE', *, *, #2712, .T. ) ;
#6416 = DIRECTION ( 'NONE',  ( 1.000000000000000000, 0.000000000000000000, 0.000000000000000000 ) ) ;
#6417 = EDGE_LOOP ( 'NONE', ( #4281, #2838, #5689, #4194 ) ) ;
#6418 = FACE_OUTER_BOUND ( 'NONE', #2914, .T. ) ;
#6419 = FACE_BOUND ( 'NONE', #6074, .T. ) ;
#6420 = DIRECTION ( 'NONE',  ( 0.000000000000000000, 0.000000000000000000, 1.000000000000000000 ) ) ;
#6421 = DIRECTION ( 'NONE',  ( -0.000000000000000000, -0.000000000000000000, -1.000000000000000000 ) ) ;
#6422 = CC_DESIGN_DATE_AND_TIME_ASSIGNMENT ( #505, #2940, ( #5650 ) ) ;
#6423 = DIRECTION ( 'NONE',  ( 0.000000000000000000, 0.000000000000000000, 1.000000000000000000 ) ) ;
#6424 = ORIENTED_EDGE ( 'NONE', *, *, #1385, .F. ) ;
#6425 = EDGE_LOOP ( 'NONE', ( #1799, #5950 ) ) ;
#6426 = EDGE_CURVE ( 'NONE', #7441, #2259, #2867, .T. ) ;
#6427 = DATE_AND_TIME ( #7153, #1421 ) ;
#6428 = AXIS2_PLACEMENT_3D ( 'NONE', #7381, #5540, #4292 ) ;
#6429 = LINE ( 'NONE', #6512, #5839 ) ;
#6430 = EDGE_CURVE ( 'NONE', #5376, #5081, #7692, .T. ) ;
#6431 = ORIENTED_EDGE ( 'NONE', *, *, #6042, .F. ) ;
#6432 = CIRCLE ( 'NONE', #6050, 1.250000000000001110 ) ;
#6433 = DIRECTION ( 'NONE',  ( 0.000000000000000000, 0.000000000000000000, 1.000000000000000000 ) ) ;
#6434 = DIRECTION ( 'NONE',  ( 0.000000000000000000, 0.000000000000000000, 1.000000000000000000 ) ) ;
#6435 = ORIENTED_EDGE ( 'NONE', *, *, #1057, .F. ) ;
#6436 = VERTEX_POINT ( 'NONE', #198 ) ;
#6437 = VECTOR ( 'NONE', #4535, 1000.000000000000000 ) ;
#6438 = ORIENTED_EDGE ( 'NONE', *, *, #414, .F. ) ;
#6439 = EDGE_CURVE ( 'NONE', #3590, #900, #7367, .T. ) ;
#6440 = DIRECTION ( 'NONE',  ( 1.000000000000000000, 0.000000000000000000, 0.000000000000000000 ) ) ;
#6441 = CARTESIAN_POINT ( 'NONE',  ( 217.1499999999999773, 0.000000000000000000, 0.000000000000000000 ) ) ;
#6442 = ORIENTED_EDGE ( 'NONE', *, *, #1674, .F. ) ;
#6443 = FACE_OUTER_BOUND ( 'NONE', #6713, .T. ) ;
#6444 = CIRCLE ( 'NONE', #6061, 1.250000000000001110 ) ;
#6445 = CYLINDRICAL_SURFACE ( 'NONE', #6063, 1.250000000000001110 ) ;
#6446 = DIRECTION ( 'NONE',  ( 1.000000000000000000, 0.000000000000000000, 0.000000000000000000 ) ) ;
#6447 = EDGE_CURVE ( 'NONE', #4102, #5635, #3399, .T. ) ;
#6448 = ORIENTED_EDGE ( 'NONE', *, *, #703, .T. ) ;
#6449 = DIRECTION ( 'NONE',  ( -0.000000000000000000, -0.000000000000000000, -1.000000000000000000 ) ) ;
#6450 = ORIENTED_EDGE ( 'NONE', *, *, #7043, .T. ) ;
#6451 = CARTESIAN_POINT ( 'NONE',  ( 38.10000000000002274, 0.000000000000000000, 2.000000000000000000 ) ) ;
#6452 = AXIS2_PLACEMENT_3D ( 'NONE', #5184, #6383, #1335 ) ;
#6453 = LINE ( 'NONE', #1606, #7669 ) ;
#6454 = CIRCLE ( 'NONE', #3128, 1.250000000000001110 ) ;
#6455 = FACE_OUTER_BOUND ( 'NONE', #1336, .T. ) ;
#6456 = ADVANCED_FACE ( 'NONE', ( #6922 ), #6445, .F. ) ;
#6457 = EDGE_LOOP ( 'NONE', ( #1569, #220 ) ) ;
#6458 = AXIS2_PLACEMENT_3D ( 'NONE', #7374, #5084, #5535 ) ;
#6459 = VERTEX_POINT ( 'NONE', #7529 ) ;
#6460 = VECTOR ( 'NONE', #5628, 1000.000000000000000 ) ;
#6461 = CARTESIAN_POINT ( 'NONE',  ( -33.02000000000001023, 0.000000000000000000, 2.000000000000000000 ) ) ;
#6462 = DIRECTION ( 'NONE',  ( 1.000000000000000000, 0.000000000000000000, 0.000000000000000000 ) ) ;
#6463 = FACE_BOUND ( 'NONE', #4068, .T. ) ;
#6464 = DIRECTION ( 'NONE',  ( -1.000000000000000000, 0.000000000000000000, 0.000000000000000000 ) ) ;
#6465 = DIRECTION ( 'NONE',  ( -0.000000000000000000, -0.000000000000000000, -1.000000000000000000 ) ) ;
#6466 = CIRCLE ( 'NONE', #5826, 1.250000000000001110 ) ;
#6467 = CARTESIAN_POINT ( 'NONE',  ( 67.32999999999998408, 1.530808498934191571E-16, -0.2999999999999999889 ) ) ;
#6468 = VERTEX_POINT ( 'NONE', #837 ) ;
#6469 = ORIENTED_EDGE ( 'NONE', *, *, #2993, .T. ) ;
#6470 = VECTOR ( 'NONE', #1301, 1000.000000000000000 ) ;
#6471 = EDGE_CURVE ( 'NONE', #2077, #3849, #5849, .T. ) ;
#6472 = DIRECTION ( 'NONE',  ( 1.000000000000000000, 0.000000000000000000, 0.000000000000000000 ) ) ;
#6473 = ORIENTED_EDGE ( 'NONE', *, *, #5797, .T. ) ;
#6474 = DIRECTION ( 'NONE',  ( 1.000000000000000000, 0.000000000000000000, 0.000000000000000000 ) ) ;
#6475 = DIRECTION ( 'NONE',  ( -0.000000000000000000, -0.000000000000000000, -1.000000000000000000 ) ) ;
#6476 = EDGE_CURVE ( 'NONE', #5629, #5519, #588, .T. ) ;
#6477 = ORIENTED_EDGE ( 'NONE', *, *, #5679, .F. ) ;
#6478 = CIRCLE ( 'NONE', #3020, 1.250000000000001110 ) ;
#6479 = ORIENTED_EDGE ( 'NONE', *, *, #7365, .F. ) ;
#6480 = ORIENTED_EDGE ( 'NONE', *, *, #221, .T. ) ;
#6481 = FACE_BOUND ( 'NONE', #7405, .T. ) ;
#6482 = FACE_OUTER_BOUND ( 'NONE', #989, .T. ) ;
#6483 = AXIS2_PLACEMENT_3D ( 'NONE', #7865, #7183, #537 ) ;
#6484 = EDGE_LOOP ( 'NONE', ( #2085, #416 ) ) ;
#6485 = CYLINDRICAL_SURFACE ( 'NONE', #2070, 1.250000000000001110 ) ;
#6486 = DIRECTION ( 'NONE',  ( 0.000000000000000000, 0.000000000000000000, 1.000000000000000000 ) ) ;
#6487 = CARTESIAN_POINT ( 'NONE',  ( -87.65000000000000568, 0.000000000000000000, 0.000000000000000000 ) ) ;
#6488 = EDGE_CURVE ( 'NONE', #953, #7923, #3886, .T. ) ;
#6489 = ORIENTED_EDGE ( 'NONE', *, *, #5998, .F. ) ;
#6490 = VECTOR ( 'NONE', #1280, 1000.000000000000000 ) ;
#6491 = DIRECTION ( 'NONE',  ( 0.000000000000000000, 0.000000000000000000, 1.000000000000000000 ) ) ;
#6492 = ORIENTED_EDGE ( 'NONE', *, *, #2778, .F. ) ;
#6493 = EDGE_CURVE ( 'NONE', #6516, #492, #2598, .T. ) ;
#6494 = DIRECTION ( 'NONE',  ( 0.000000000000000000, 0.000000000000000000, 1.000000000000000000 ) ) ;
#6495 = CIRCLE ( 'NONE', #3038, 1.250000000000001110 ) ;
#6496 = CARTESIAN_POINT ( 'NONE',  ( -189.2500000000000000, 0.000000000000000000, -0.2999999999999999889 ) ) ;
#6497 = DIRECTION ( 'NONE',  ( 1.000000000000000000, 0.000000000000000000, 0.000000000000000000 ) ) ;
#6498 = EDGE_LOOP ( 'NONE', ( #1706, #2433, #3207, #5249 ) ) ;
#6499 = ORIENTED_EDGE ( 'NONE', *, *, #1979, .T. ) ;
#6500 = CIRCLE ( 'NONE', #495, 1.250000000000001110 ) ;
#6501 = CARTESIAN_POINT ( 'NONE',  ( 119.3799999999999955, 0.000000000000000000, -0.2999999999999999889 ) ) ;
#6502 = EDGE_CURVE ( 'NONE', #4409, #1925, #2033, .T. ) ;
#6503 = LINE ( 'NONE', #5179, #3410 ) ;
#6504 = FACE_BOUND ( 'NONE', #4223, .T. ) ;
#6505 = CYLINDRICAL_SURFACE ( 'NONE', #5360, 1.250000000000001110 ) ;
#6506 = CARTESIAN_POINT ( 'NONE',  ( -180.3400000000000034, 0.000000000000000000, 0.000000000000000000 ) ) ;
#6507 = VECTOR ( 'NONE', #3048, 1000.000000000000000 ) ;
#6508 = DIRECTION ( 'NONE',  ( 0.000000000000000000, 0.000000000000000000, 1.000000000000000000 ) ) ;
#6509 = VERTEX_POINT ( 'NONE', #6321 ) ;
#6510 = VERTEX_POINT ( 'NONE', #4558 ) ;
#6511 = VECTOR ( 'NONE', #5215, 1000.000000000000000 ) ;
#6512 = CARTESIAN_POINT ( 'NONE',  ( 146.0299999999999727, 0.000000000000000000, -0.2999999999999999889 ) ) ;
#6513 = VERTEX_POINT ( 'NONE', #1514 ) ;
#6514 = CARTESIAN_POINT ( 'NONE',  ( 217.1499999999999773, 0.000000000000000000, 2.000000000000000000 ) ) ;
#6515 = CYLINDRICAL_SURFACE ( 'NONE', #1441, 1.250000000000001110 ) ;
#6516 = VERTEX_POINT ( 'NONE', #3559 ) ;
#6517 = CIRCLE ( 'NONE', #4080, 1.249999999999973355 ) ;
#6518 = EDGE_LOOP ( 'NONE', ( #475, #4083 ) ) ;
#6519 = VERTEX_POINT ( 'NONE', #2276 ) ;
#6520 = FACE_BOUND ( 'NONE', #291, .T. ) ;
#6521 = DIRECTION ( 'NONE',  ( 1.000000000000000000, 0.000000000000000000, 0.000000000000000000 ) ) ;
#6522 = ORIENTED_EDGE ( 'NONE', *, *, #4235, .F. ) ;
#6523 = CYLINDRICAL_SURFACE ( 'NONE', #6680, 1.250000000000001110 ) ;
#6524 = CARTESIAN_POINT ( 'NONE',  ( -38.09999999999999432, 0.000000000000000000, -0.2999999999999999889 ) ) ;
#6525 = CARTESIAN_POINT ( 'NONE',  ( 104.1399999999999864, 0.000000000000000000, 2.000000000000000000 ) ) ;
#6526 = EDGE_CURVE ( 'NONE', #2696, #986, #6603, .T. ) ;
#6527 = ORIENTED_EDGE ( 'NONE', *, *, #7683, .F. ) ;
#6528 = ADVANCED_FACE ( 'NONE', ( #523 ), #7734, .F. ) ;
#6529 = CARTESIAN_POINT ( 'NONE',  ( -33.02000000000001023, 0.000000000000000000, -0.2999999999999999889 ) ) ;
#6530 = ADVANCED_FACE ( 'NONE', ( #2877 ), #4725, .F. ) ;
#6531 = VERTEX_POINT ( 'NONE', #7851 ) ;
#6532 = AXIS2_PLACEMENT_3D ( 'NONE', #1771, #579, #4742 ) ;
#6533 = DIRECTION ( 'NONE',  ( 1.000000000000000000, 0.000000000000000000, 0.000000000000000000 ) ) ;
#6534 = EDGE_CURVE ( 'NONE', #7107, #2127, #3006, .T. ) ;
#6535 = CARTESIAN_POINT ( 'NONE',  ( 38.10000000000002274, 0.000000000000000000, -0.2999999999999999889 ) ) ;
#6536 = CYLINDRICAL_SURFACE ( 'NONE', #821, 1.250000000000001110 ) ;
#6537 = VERTEX_POINT ( 'NONE', #1002 ) ;
#6538 = AXIS2_PLACEMENT_3D ( 'NONE', #1813, #1887, #5984 ) ;
#6539 = VERTEX_POINT ( 'NONE', #2312 ) ;
#6540 = CARTESIAN_POINT ( 'NONE',  ( 83.81999999999999318, 0.000000000000000000, -0.2999999999999999889 ) ) ;
#6541 = DIRECTION ( 'NONE',  ( 0.000000000000000000, 0.000000000000000000, 1.000000000000000000 ) ) ;
#6542 = FACE_BOUND ( 'NONE', #7192, .T. ) ;
#6543 = CARTESIAN_POINT ( 'NONE',  ( 199.4100000000000250, 1.530808498934190091E-16, 2.000000000000000000 ) ) ;
#6544 = DIRECTION ( 'NONE',  ( 0.000000000000000000, 0.000000000000000000, 1.000000000000000000 ) ) ;
#6545 = CARTESIAN_POINT ( 'NONE',  ( 229.8899999999999864, 1.530808498934190091E-16, 0.000000000000000000 ) ) ;
#6546 = ADVANCED_FACE ( 'NONE', ( #5962 ), #1714, .F. ) ;
#6547 = ORIENTED_EDGE ( 'NONE', *, *, #6012, .T. ) ;
#6548 = ORIENTED_EDGE ( 'NONE', *, *, #119, .F. ) ;
#6549 = AXIS2_PLACEMENT_3D ( 'NONE', #2835, #7850, #959 ) ;
#6550 = CC_DESIGN_APPROVAL ( #5002, ( #5650 ) ) ;
#6551 = CARTESIAN_POINT ( 'NONE',  ( -229.8900000000000148, 0.000000000000000000, 0.000000000000000000 ) ) ;
#6552 = VERTEX_POINT ( 'NONE', #5326 ) ;
#6553 = FACE_OUTER_BOUND ( 'NONE', #7725, .T. ) ;
#6554 = CARTESIAN_POINT ( 'NONE',  ( -232.3900000000000148, 1.530808498934190091E-16, 2.000000000000000000 ) ) ;
#6555 = EDGE_LOOP ( 'NONE', ( #228, #1759 ) ) ;
#6556 = EDGE_CURVE ( 'NONE', #3073, #5892, #6563, .T. ) ;
#6557 = ORIENTED_EDGE ( 'NONE', *, *, #2751, .T. ) ;
#6558 = ORIENTED_EDGE ( 'NONE', *, *, #5168, .T. ) ;
#6559 = DIRECTION ( 'NONE',  ( 1.000000000000000000, 0.000000000000000000, 0.000000000000000000 ) ) ;
#6560 = DIRECTION ( 'NONE',  ( -0.000000000000000000, -0.000000000000000000, -1.000000000000000000 ) ) ;
#6561 = VERTEX_POINT ( 'NONE', #7773 ) ;
#6562 = CARTESIAN_POINT ( 'NONE',  ( 118.1299999999999955, 1.530808498934191571E-16, -0.2999999999999999889 ) ) ;
#6563 = LINE ( 'NONE', #3476, #3256 ) ;
#6564 = ORIENTED_EDGE ( 'NONE', *, *, #1879, .F. ) ;
#6565 = FACE_OUTER_BOUND ( 'NONE', #3913, .T. ) ;
#6566 = ORIENTED_EDGE ( 'NONE', *, *, #3016, .F. ) ;
#6567 = AXIS2_PLACEMENT_3D ( 'NONE', #4264, #662, #2984 ) ;
#6568 = DIRECTION ( 'NONE',  ( 0.000000000000000000, 0.000000000000000000, 1.000000000000000000 ) ) ;
#6569 = DIRECTION ( 'NONE',  ( 0.000000000000000000, 0.000000000000000000, 1.000000000000000000 ) ) ;
#6570 = DIRECTION ( 'NONE',  ( -1.000000000000000000, 0.000000000000000000, 0.000000000000000000 ) ) ;
#6571 = EDGE_LOOP ( 'NONE', ( #6905, #1277, #6952, #4250 ) ) ;
#6572 = EDGE_CURVE ( 'NONE', #4827, #871, #819, .T. ) ;
#6573 = ORIENTED_EDGE ( 'NONE', *, *, #7902, .T. ) ;
#6574 = EDGE_CURVE ( 'NONE', #3189, #5913, #4119, .T. ) ;
#6575 = DIRECTION ( 'NONE',  ( 0.000000000000000000, 0.000000000000000000, 1.000000000000000000 ) ) ;
#6576 = AXIS2_PLACEMENT_3D ( 'NONE', #2582, #36, #601 ) ;
#6577 = DIRECTION ( 'NONE',  ( 1.000000000000000000, 0.000000000000000000, 0.000000000000000000 ) ) ;
#6578 = DIRECTION ( 'NONE',  ( -1.000000000000000000, 0.000000000000000000, 0.000000000000000000 ) ) ;
#6579 = FACE_OUTER_BOUND ( 'NONE', #2227, .T. ) ;
#6580 = DIRECTION ( 'NONE',  ( 1.000000000000000000, 0.000000000000000000, 0.000000000000000000 ) ) ;
#6581 = DIRECTION ( 'NONE',  ( -0.000000000000000000, -0.000000000000000000, -1.000000000000000000 ) ) ;
#6582 = EDGE_CURVE ( 'NONE', #7639, #5016, #3905, .T. ) ;
#6583 = CIRCLE ( 'NONE', #6708, 1.250000000000001110 ) ;
#6584 = ORIENTED_EDGE ( 'NONE', *, *, #5611, .F. ) ;
#6585 = ORIENTED_EDGE ( 'NONE', *, *, #4224, .T. ) ;
#6586 = APPROVAL_ROLE ( '' ) ;
#6587 = FACE_OUTER_BOUND ( 'NONE', #2880, .T. ) ;
#6588 = AXIS2_PLACEMENT_3D ( 'NONE', #5667, #4537, #2652 ) ;
#6589 = DIRECTION ( 'NONE',  ( 0.000000000000000000, 0.000000000000000000, 1.000000000000000000 ) ) ;
#6590 = ADVANCED_FACE ( 'NONE', ( #3599 ), #4201, .F. ) ;
#6591 = DIRECTION ( 'NONE',  ( 0.000000000000000000, 0.000000000000000000, 1.000000000000000000 ) ) ;
#6592 = LINE ( 'NONE', #2866, #2464 ) ;
#6593 = VERTEX_POINT ( 'NONE', #1076 ) ;
#6594 = ORIENTED_EDGE ( 'NONE', *, *, #1431, .F. ) ;
#6595 = CIRCLE ( 'NONE', #3133, 1.250000000000001110 ) ;
#6596 = ORIENTED_EDGE ( 'NONE', *, *, #6574, .T. ) ;
#6597 = DIRECTION ( 'NONE',  ( 0.000000000000000000, 0.000000000000000000, 1.000000000000000000 ) ) ;
#6598 = DIRECTION ( 'NONE',  ( 0.000000000000000000, 0.000000000000000000, 1.000000000000000000 ) ) ;
#6599 = ORIENTED_EDGE ( 'NONE', *, *, #960, .T. ) ;
#6600 = EDGE_CURVE ( 'NONE', #5684, #6863, #7345, .T. ) ;
#6601 = CARTESIAN_POINT ( 'NONE',  ( -59.67000000000002302, 1.530808498934191571E-16, -0.2999999999999999889 ) ) ;
#6602 = CIRCLE ( 'NONE', #4550, 1.250000000000000222 ) ;
#6603 = LINE ( 'NONE', #4763, #4287 ) ;
#6604 = ORIENTED_EDGE ( 'NONE', *, *, #5373, .T. ) ;
#6605 = AXIS2_PLACEMENT_3D ( 'NONE', #3749, #1027, #7593 ) ;
#6606 = DIRECTION ( 'NONE',  ( 0.000000000000000000, 0.000000000000000000, 1.000000000000000000 ) ) ;
#6607 = VERTEX_POINT ( 'NONE', #5408 ) ;
#6608 = CARTESIAN_POINT ( 'NONE',  ( -247.6299999999999955, 1.530808498934190091E-16, 0.000000000000000000 ) ) ;
#6609 = EDGE_CURVE ( 'NONE', #3971, #7199, #3648, .T. ) ;
#6610 = CARTESIAN_POINT ( 'NONE',  ( -6.370000000000004547, 0.000000000000000000, -0.2999999999999999889 ) ) ;
#6611 = CARTESIAN_POINT ( 'NONE',  ( 17.77999999999997272, 0.000000000000000000, 0.000000000000000000 ) ) ;
#6612 = CIRCLE ( 'NONE', #3154, 1.250000000000001110 ) ;
#6613 = ORIENTED_EDGE ( 'NONE', *, *, #5359, .F. ) ;
#6614 = VERTEX_POINT ( 'NONE', #7892 ) ;
#6615 = CARTESIAN_POINT ( 'NONE',  ( 54.58999999999998209, 0.000000000000000000, 2.000000000000000000 ) ) ;
#6616 = AXIS2_PLACEMENT_3D ( 'NONE', #4781, #3009, #6656 ) ;
#6617 = CARTESIAN_POINT ( 'NONE',  ( 57.17000000000001592, 1.530808498934190091E-16, 0.000000000000000000 ) ) ;
#6618 = EDGE_CURVE ( 'NONE', #5524, #6866, #465, .T. ) ;
#6619 = CARTESIAN_POINT ( 'NONE',  ( 242.5500000000000114, 0.000000000000000000, 2.000000000000000000 ) ) ;
#6620 = FACE_OUTER_BOUND ( 'NONE', #7047, .T. ) ;
#6621 = DIRECTION ( 'NONE',  ( 1.000000000000000000, 0.000000000000000000, 0.000000000000000000 ) ) ;
#6622 = CARTESIAN_POINT ( 'NONE',  ( -93.97999999999998977, 0.000000000000000000, 0.000000000000000000 ) ) ;
#6623 = ORIENTED_EDGE ( 'NONE', *, *, #5178, .T. ) ;
#6624 = DIRECTION ( 'NONE',  ( 0.000000000000000000, 0.000000000000000000, 1.000000000000000000 ) ) ;
#6625 = VERTEX_POINT ( 'NONE', #7289 ) ;
#6626 = EDGE_CURVE ( 'NONE', #3468, #822, #5696, .T. ) ;
#6627 = CARTESIAN_POINT ( 'NONE',  ( -93.97999999999998977, 0.000000000000000000, 0.000000000000000000 ) ) ;
#6628 = ADVANCED_FACE ( 'NONE', ( #2836 ), #5286, .F. ) ;
#6629 = AXIS2_PLACEMENT_3D ( 'NONE', #2223, #7072, #392 ) ;
#6630 = DIRECTION ( 'NONE',  ( -1.000000000000000000, 0.000000000000000000, 0.000000000000000000 ) ) ;
#6631 = DIRECTION ( 'NONE',  ( 0.000000000000000000, 0.000000000000000000, 1.000000000000000000 ) ) ;
#6632 = CARTESIAN_POINT ( 'NONE',  ( -165.1000000000000227, 0.000000000000000000, -0.2999999999999999889 ) ) ;
#6633 = EDGE_LOOP ( 'NONE', ( #6346, #6954, #5619, #1462 ) ) ;
#6634 = VERTEX_POINT ( 'NONE', #5489 ) ;
#6635 = VECTOR ( 'NONE', #7062, 1000.000000000000000 ) ;
#6636 = EDGE_CURVE ( 'NONE', #7469, #5088, #4881, .T. ) ;
#6637 = EDGE_LOOP ( 'NONE', ( #6489, #6062, #7843, #7394 ) ) ;
#6638 = FACE_BOUND ( 'NONE', #4505, .T. ) ;
#6639 = DIRECTION ( 'NONE',  ( -0.000000000000000000, -0.000000000000000000, -1.000000000000000000 ) ) ;
#6640 = ORIENTED_EDGE ( 'NONE', *, *, #3297, .T. ) ;
#6641 = DIRECTION ( 'NONE',  ( -0.000000000000000000, -0.000000000000000000, -1.000000000000000000 ) ) ;
#6642 = CIRCLE ( 'NONE', #506, 1.250000000000001110 ) ;
#6643 = DIRECTION ( 'NONE',  ( 0.000000000000000000, 0.000000000000000000, 1.000000000000000000 ) ) ;
#6644 = ORIENTED_EDGE ( 'NONE', *, *, #3239, .T. ) ;
#6645 = ADVANCED_FACE ( 'NONE', ( #6117 ), #2543, .F. ) ;
#6646 = AXIS2_PLACEMENT_3D ( 'NONE', #2887, #5334, #2964 ) ;
#6647 = CARTESIAN_POINT ( 'NONE',  ( -176.5099999999999909, 1.530808498934190091E-16, 0.000000000000000000 ) ) ;
#6648 = VERTEX_POINT ( 'NONE', #7402 ) ;
#6649 = DIRECTION ( 'NONE',  ( 1.000000000000000000, 0.000000000000000000, 0.000000000000000000 ) ) ;
#6650 = DIRECTION ( 'NONE',  ( 0.000000000000000000, 0.000000000000000000, 1.000000000000000000 ) ) ;
#6651 = DIRECTION ( 'NONE',  ( 0.000000000000000000, 0.000000000000000000, 1.000000000000000000 ) ) ;
#6652 = EDGE_LOOP ( 'NONE', ( #7928, #4432, #584, #6238 ) ) ;
#6653 = ADVANCED_FACE ( 'NONE', ( #1945 ), #5561, .F. ) ;
#6654 = LINE ( 'NONE', #1350, #6408 ) ;
#6655 = AXIS2_PLACEMENT_3D ( 'NONE', #74, #5526, #1794 ) ;
#6656 = DIRECTION ( 'NONE',  ( 1.000000000000000000, 0.000000000000000000, 0.000000000000000000 ) ) ;
#6657 = FACE_BOUND ( 'NONE', #863, .T. ) ;
#6658 = CARTESIAN_POINT ( 'NONE',  ( -149.8600000000000136, 0.000000000000000000, -0.2999999999999999889 ) ) ;
#6659 = DIRECTION ( 'NONE',  ( 1.000000000000000000, 0.000000000000000000, 0.000000000000000000 ) ) ;
#6660 = CARTESIAN_POINT ( 'NONE',  ( 205.7400000000000091, 0.000000000000000000, 0.000000000000000000 ) ) ;
#6661 = CIRCLE ( 'NONE', #3594, 1.250000000000001110 ) ;
#6662 = ORIENTED_EDGE ( 'NONE', *, *, #6618, .T. ) ;
#6663 = CARTESIAN_POINT ( 'NONE',  ( 215.8999999999999773, 0.000000000000000000, 0.000000000000000000 ) ) ;
#6664 = ORIENTED_EDGE ( 'NONE', *, *, #5228, .T. ) ;
#6665 = CIRCLE ( 'NONE', #6025, 1.250000000000000222 ) ;
#6666 = CARTESIAN_POINT ( 'NONE',  ( 129.5400000000000205, 0.000000000000000000, 0.000000000000000000 ) ) ;
#6667 = EDGE_LOOP ( 'NONE', ( #1081, #7925, #598, #1349 ) ) ;
#6668 = DIRECTION ( 'NONE',  ( 0.000000000000000000, 0.000000000000000000, 1.000000000000000000 ) ) ;
#6669 = DIRECTION ( 'NONE',  ( 1.000000000000000000, 0.000000000000000000, 0.000000000000000000 ) ) ;
#6670 = DIRECTION ( 'NONE',  ( -1.000000000000000000, 0.000000000000000000, 0.000000000000000000 ) ) ;
#6671 = ORIENTED_EDGE ( 'NONE', *, *, #3685, .T. ) ;
#6672 = CIRCLE ( 'NONE', #2054, 1.250000000000001110 ) ;
#6673 = CIRCLE ( 'NONE', #1554, 1.250000000000001110 ) ;
#6674 = ORIENTED_EDGE ( 'NONE', *, *, #7625, .T. ) ;
#6675 = EDGE_CURVE ( 'NONE', #3705, #3448, #7603, .T. ) ;
#6676 = EDGE_LOOP ( 'NONE', ( #3993, #7361, #2768, #7000 ) ) ;
#6677 = FACE_BOUND ( 'NONE', #4048, .T. ) ;
#6678 = CARTESIAN_POINT ( 'NONE',  ( -242.5500000000000114, 1.530808498934190091E-16, 0.000000000000000000 ) ) ;
#6679 = VERTEX_POINT ( 'NONE', #5033 ) ;
#6680 = AXIS2_PLACEMENT_3D ( 'NONE', #1037, #4993, #3674 ) ;
#6681 = CIRCLE ( 'NONE', #7707, 1.250000000000001110 ) ;
#6682 = CARTESIAN_POINT ( 'NONE',  ( 105.3899999999999864, 0.000000000000000000, 2.000000000000000000 ) ) ;
#6683 = CARTESIAN_POINT ( 'NONE',  ( 256.5399999999999636, 0.000000000000000000, 2.000000000000000000 ) ) ;
#6684 = ORIENTED_EDGE ( 'NONE', *, *, #4914, .F. ) ;
#6685 = EDGE_CURVE ( 'NONE', #929, #5635, #3318, .T. ) ;
#6686 = DIRECTION ( 'NONE',  ( 0.000000000000000000, 0.000000000000000000, 1.000000000000000000 ) ) ;
#6687 = VERTEX_POINT ( 'NONE', #2468 ) ;
#6688 = AXIS2_PLACEMENT_3D ( 'NONE', #3653, #2447, #3013 ) ;
#6689 = ADVANCED_FACE ( 'NONE', ( #4390 ), #4313, .F. ) ;
#6690 = CIRCLE ( 'NONE', #4508, 1.250000000000001110 ) ;
#6691 = DIRECTION ( 'NONE',  ( 1.000000000000000000, 0.000000000000000000, 0.000000000000000000 ) ) ;
#6692 = CARTESIAN_POINT ( 'NONE',  ( 151.1100000000000136, 0.000000000000000000, 0.000000000000000000 ) ) ;
#6693 = ORIENTED_EDGE ( 'NONE', *, *, #4374, .T. ) ;
#6694 = FACE_OUTER_BOUND ( 'NONE', #3550, .T. ) ;
#6695 = FACE_BOUND ( 'NONE', #3235, .T. ) ;
#6696 = EDGE_CURVE ( 'NONE', #6895, #6509, #638, .T. ) ;
#6697 = CARTESIAN_POINT ( 'NONE',  ( -27.94000000000000128, 0.000000000000000000, -0.2999999999999999889 ) ) ;
#6698 = CARTESIAN_POINT ( 'NONE',  ( -19.03000000000000114, 1.530808498934190091E-16, 2.000000000000000000 ) ) ;
#6699 = DIRECTION ( 'NONE',  ( 0.000000000000000000, 0.000000000000000000, 1.000000000000000000 ) ) ;
#6700 = VERTEX_POINT ( 'NONE', #1235 ) ;
#6701 = AXIS2_PLACEMENT_3D ( 'NONE', #5638, #3187, #1868 ) ;
#6702 = CYLINDRICAL_SURFACE ( 'NONE', #1161, 1.250000000000001110 ) ;
#6703 = ORIENTED_EDGE ( 'NONE', *, *, #3889, .T. ) ;
#6704 = DIRECTION ( 'NONE',  ( 1.000000000000000000, 0.000000000000000000, 0.000000000000000000 ) ) ;
#6705 = EDGE_LOOP ( 'NONE', ( #2743, #791 ) ) ;
#6706 = CARTESIAN_POINT ( 'NONE',  ( -200.6599999999999966, 0.000000000000000000, -0.2999999999999999889 ) ) ;
#6707 = CARTESIAN_POINT ( 'NONE',  ( 97.81000000000000227, 1.530808498934190091E-16, 2.000000000000000000 ) ) ;
#6708 = AXIS2_PLACEMENT_3D ( 'NONE', #1225, #1895, #6143 ) ;
#6709 = AXIS2_PLACEMENT_3D ( 'NONE', #2805, #5255, #7662 ) ;
#6710 = DIRECTION ( 'NONE',  ( -0.000000000000000000, -0.000000000000000000, -1.000000000000000000 ) ) ;
#6711 = ORIENTED_EDGE ( 'NONE', *, *, #3900, .F. ) ;
#6712 = ORIENTED_EDGE ( 'NONE', *, *, #2763, .T. ) ;
#6713 = EDGE_LOOP ( 'NONE', ( #6711, #1814, #5439, #1675 ) ) ;
#6714 = FACE_BOUND ( 'NONE', #4116, .T. ) ;
#6715 = AXIS2_PLACEMENT_3D ( 'NONE', #5062, #3859, #7508 ) ;
#6716 = DIRECTION ( 'NONE',  ( 1.000000000000000000, 0.000000000000000000, 0.000000000000000000 ) ) ;
#6717 = VERTEX_POINT ( 'NONE', #6794 ) ;
#6719 = EDGE_CURVE ( 'NONE', #7844, #5741, #1307, .T. ) ;
#6718 = CYLINDRICAL_SURFACE ( 'NONE', #3352, 1.250000000000001110 ) ;
#6720 = CARTESIAN_POINT ( 'NONE',  ( 90.14999999999997726, 0.000000000000000000, -0.2999999999999999889 ) ) ;
#6721 = VECTOR ( 'NONE', #4355, 1000.000000000000000 ) ;
#6722 = AXIS2_PLACEMENT_3D ( 'NONE', #961, #5767, #2195 ) ;
#6723 = VERTEX_POINT ( 'NONE', #4994 ) ;
#6724 = CARTESIAN_POINT ( 'NONE',  ( -205.7400000000000091, 0.000000000000000000, -0.2999999999999999889 ) ) ;
#6725 = AXIS2_PLACEMENT_3D ( 'NONE', #4597, #4878, #7245 ) ;
#6726 = EDGE_LOOP ( 'NONE', ( #210, #3431, #7042, #1500 ) ) ;
#6727 = EDGE_CURVE ( 'NONE', #6552, #2339, #3712, .T. ) ;
#6728 = FACE_OUTER_BOUND ( 'NONE', #6845, .T. ) ;
#6729 = DIRECTION ( 'NONE',  ( 1.000000000000000000, 0.000000000000000000, 0.000000000000000000 ) ) ;
#6730 = ORIENTED_EDGE ( 'NONE', *, *, #5044, .F. ) ;
#6731 = AXIS2_PLACEMENT_3D ( 'NONE', #1180, #4828, #1816 ) ;
#6732 = EDGE_CURVE ( 'NONE', #6625, #248, #647, .T. ) ;
#6733 = CARTESIAN_POINT ( 'NONE',  ( -62.25000000000000000, 0.000000000000000000, 0.000000000000000000 ) ) ;
#6734 = CIRCLE ( 'NONE', #6352, 1.250000000000001110 ) ;
#6735 = FACE_OUTER_BOUND ( 'NONE', #2903, .T. ) ;
#6736 = CARTESIAN_POINT ( 'NONE',  ( 170.1800000000000068, 0.000000000000000000, 0.000000000000000000 ) ) ;
#6737 = DIRECTION ( 'NONE',  ( 0.000000000000000000, 0.000000000000000000, 1.000000000000000000 ) ) ;
#6738 = EDGE_LOOP ( 'NONE', ( #3763, #7516, #6415, #2396 ) ) ;
#6739 = DIRECTION ( 'NONE',  ( -0.000000000000000000, -0.000000000000000000, -1.000000000000000000 ) ) ;
#6740 = EDGE_CURVE ( 'NONE', #335, #5629, #1345, .T. ) ;
#6741 = ORIENTED_EDGE ( 'NONE', *, *, #7415, .T. ) ;
#6742 = CYLINDRICAL_SURFACE ( 'NONE', #5072, 1.250000000000001110 ) ;
#6743 = ORIENTED_EDGE ( 'NONE', *, *, #2410, .T. ) ;
#6744 = CARTESIAN_POINT ( 'NONE',  ( -196.8299999999999841, 1.530808498934191571E-16, -0.2999999999999999889 ) ) ;
#6745 = FACE_OUTER_BOUND ( 'NONE', #1939, .T. ) ;
#6746 = CIRCLE ( 'NONE', #2006, 1.250000000000001110 ) ;
#6747 = CARTESIAN_POINT ( 'NONE',  ( -158.7700000000000102, 0.000000000000000000, 2.000000000000000000 ) ) ;
#6748 = ORIENTED_EDGE ( 'NONE', *, *, #2119, .F. ) ;
#6749 = ORIENTED_EDGE ( 'NONE', *, *, #6439, .T. ) ;
#6750 = VERTEX_POINT ( 'NONE', #3070 ) ;
#6751 = FACE_BOUND ( 'NONE', #2899, .T. ) ;
#6752 = CYLINDRICAL_SURFACE ( 'NONE', #201, 1.250000000000001110 ) ;
#6753 = VERTEX_POINT ( 'NONE', #3110 ) ;
#6754 = CARTESIAN_POINT ( 'NONE',  ( 165.1000000000000227, 0.000000000000000000, 0.000000000000000000 ) ) ;
#6755 = DIRECTION ( 'NONE',  ( -1.000000000000000000, 0.000000000000000000, 0.000000000000000000 ) ) ;
#6756 = AXIS2_PLACEMENT_3D ( 'NONE', #5426, #5502, #2294 ) ;
#6757 = ORIENTED_EDGE ( 'NONE', *, *, #7364, .F. ) ;
#6758 = ORIENTED_EDGE ( 'NONE', *, *, #2193, .F. ) ;
#6759 = CARTESIAN_POINT ( 'NONE',  ( 226.0600000000000023, 0.000000000000000000, 2.000000000000000000 ) ) ;
#6760 = CIRCLE ( 'NONE', #6122, 1.250000000000001110 ) ;
#6761 = ORIENTED_EDGE ( 'NONE', *, *, #5907, .F. ) ;
#6762 = EDGE_CURVE ( 'NONE', #6384, #4102, #7812, .T. ) ;
#6763 = LINE ( 'NONE', #606, #6128 ) ;
#6764 = DIRECTION ( 'NONE',  ( 1.000000000000000000, 0.000000000000000000, 0.000000000000000000 ) ) ;
#6765 = ORIENTED_EDGE ( 'NONE', *, *, #2658, .T. ) ;
#6766 = AXIS2_PLACEMENT_3D ( 'NONE', #7216, #1127, #7859 ) ;
#6767 = EDGE_CURVE ( 'NONE', #5115, #2848, #5633, .T. ) ;
#6768 = EDGE_CURVE ( 'NONE', #1073, #6614, #2944, .T. ) ;
#6769 = DIRECTION ( 'NONE',  ( 1.000000000000000000, 0.000000000000000000, 0.000000000000000000 ) ) ;
#6770 = CYLINDRICAL_SURFACE ( 'NONE', #794, 1.250000000000001110 ) ;
#6771 = CARTESIAN_POINT ( 'NONE',  ( 139.6999999999999886, 0.000000000000000000, 2.000000000000000000 ) ) ;
#6772 = DIRECTION ( 'NONE',  ( 0.000000000000000000, 0.000000000000000000, 1.000000000000000000 ) ) ;
#6773 = CIRCLE ( 'NONE', #6015, 1.249999999999973355 ) ;
#6774 = ORIENTED_EDGE ( 'NONE', *, *, #7060, .F. ) ;
#6775 = EDGE_CURVE ( 'NONE', #5760, #78, #1535, .T. ) ;
#6776 = DIRECTION ( 'NONE',  ( -1.000000000000000000, 0.000000000000000000, 0.000000000000000000 ) ) ;
#6777 = ORIENTED_EDGE ( 'NONE', *, *, #3339, .F. ) ;
#6778 = CARTESIAN_POINT ( 'NONE',  ( 27.94000000000000128, 0.000000000000000000, 2.000000000000000000 ) ) ;
#6779 = FACE_BOUND ( 'NONE', #4120, .T. ) ;
#6780 = LINE ( 'NONE', #1407, #3816 ) ;
#6781 = AXIS2_PLACEMENT_3D ( 'NONE', #1195, #711, #3638 ) ;
#6782 = DIRECTION ( 'NONE',  ( -1.000000000000000000, 0.000000000000000000, 0.000000000000000000 ) ) ;
#6783 = EDGE_CURVE ( 'NONE', #1562, #4012, #898, .T. ) ;
#6784 = CARTESIAN_POINT ( 'NONE',  ( 176.5099999999999909, 0.000000000000000000, 0.000000000000000000 ) ) ;
#6785 = EDGE_LOOP ( 'NONE', ( #6693, #680, #5013, #1664 ) ) ;
#6786 = ORIENTED_EDGE ( 'NONE', *, *, #713, .T. ) ;
#6787 = ORIENTED_EDGE ( 'NONE', *, *, #3585, .F. ) ;
#6788 = AXIS2_PLACEMENT_3D ( 'NONE', #4408, #5699, #852 ) ;
#6789 = FACE_BOUND ( 'NONE', #2206, .T. ) ;
#6790 = CARTESIAN_POINT ( 'NONE',  ( -247.6299999999999955, 1.530808498934191571E-16, -0.2999999999999999889 ) ) ;
#6791 = EDGE_LOOP ( 'NONE', ( #6405, #6084, #13, #949 ) ) ;
#6792 = CARTESIAN_POINT ( 'NONE',  ( -73.65999999999999659, 0.000000000000000000, 0.000000000000000000 ) ) ;
#6793 = CARTESIAN_POINT ( 'NONE',  ( -114.3000000000000114, 0.000000000000000000, 2.000000000000000000 ) ) ;
#6794 = CARTESIAN_POINT ( 'NONE',  ( -262.8700000000000045, 1.530808498934224111E-16, 2.000000000000000000 ) ) ;
#6795 = EDGE_CURVE ( 'NONE', #7703, #2554, #1795, .T. ) ;
#6796 = AXIS2_PLACEMENT_3D ( 'NONE', #4817, #6575, #716 ) ;
#6797 = ORIENTED_EDGE ( 'NONE', *, *, #3008, .T. ) ;
#6798 = ORIENTED_EDGE ( 'NONE', *, *, #3923, .F. ) ;
#6799 = CARTESIAN_POINT ( 'NONE',  ( 100.3100000000000165, 0.000000000000000000, -0.2999999999999999889 ) ) ;
#6800 = CIRCLE ( 'NONE', #4634, 1.250000000000001110 ) ;
#6801 = APPROVAL_PERSON_ORGANIZATION ( #1621, #5594, #6586 ) ;
#6802 = FACE_OUTER_BOUND ( 'NONE', #6637, .T. ) ;
#6803 = ORIENTED_EDGE ( 'NONE', *, *, #1926, .F. ) ;
#6804 = CYLINDRICAL_SURFACE ( 'NONE', #3959, 1.250000000000001110 ) ;
#6805 = DIRECTION ( 'NONE',  ( 0.000000000000000000, 0.000000000000000000, 1.000000000000000000 ) ) ;
#6806 = EDGE_LOOP ( 'NONE', ( #426, #7280 ) ) ;
#6807 = CIRCLE ( 'NONE', #433, 1.250000000000001110 ) ;
#6808 = FACE_OUTER_BOUND ( 'NONE', #4765, .T. ) ;
#6809 = CARTESIAN_POINT ( 'NONE',  ( 139.6999999999999886, 0.000000000000000000, -0.2999999999999999889 ) ) ;
#6810 = CARTESIAN_POINT ( 'NONE',  ( 195.5799999999999841, 0.000000000000000000, -0.2999999999999999889 ) ) ;
#6811 = EDGE_CURVE ( 'NONE', #3265, #4054, #4548, .T. ) ;
#6812 = CIRCLE ( 'NONE', #6567, 1.250000000000001110 ) ;
#6813 = VERTEX_POINT ( 'NONE', #3910 ) ;
#6814 = DIRECTION ( 'NONE',  ( 0.000000000000000000, 0.000000000000000000, 1.000000000000000000 ) ) ;
#6815 = VERTEX_POINT ( 'NONE', #6545 ) ;
#6816 = DIRECTION ( 'NONE',  ( 0.000000000000000000, 0.000000000000000000, 1.000000000000000000 ) ) ;
#6817 = DIRECTION ( 'NONE',  ( 0.000000000000000000, 0.000000000000000000, 1.000000000000000000 ) ) ;
#6818 = VECTOR ( 'NONE', #7712, 1000.000000000000000 ) ;
#6819 = DIRECTION ( 'NONE',  ( -1.000000000000000000, 0.000000000000000000, 0.000000000000000000 ) ) ;
#6820 = DIRECTION ( 'NONE',  ( 0.000000000000000000, 0.000000000000000000, 1.000000000000000000 ) ) ;
#6821 = EDGE_CURVE ( 'NONE', #6315, #5607, #7555, .T. ) ;
#6822 = CARTESIAN_POINT ( 'NONE',  ( -245.1299999999999955, 0.000000000000000000, 2.000000000000000000 ) ) ;
#6823 = EDGE_LOOP ( 'NONE', ( #6758, #4657 ) ) ;
#6824 = ORIENTED_EDGE ( 'NONE', *, *, #2076, .F. ) ;
#6825 = ORIENTED_EDGE ( 'NONE', *, *, #5754, .T. ) ;
#6826 = FACE_BOUND ( 'NONE', #4675, .T. ) ;
#6827 = EDGE_CURVE ( 'NONE', #1562, #6866, #2145, .T. ) ;
#6828 = DIRECTION ( 'NONE',  ( -0.000000000000000000, -0.000000000000000000, -1.000000000000000000 ) ) ;
#6829 = CIRCLE ( 'NONE', #316, 1.250000000000001110 ) ;
#6830 = EDGE_LOOP ( 'NONE', ( #763, #2179 ) ) ;
#6831 = DIRECTION ( 'NONE',  ( 0.000000000000000000, 0.000000000000000000, 1.000000000000000000 ) ) ;
#6832 = CARTESIAN_POINT ( 'NONE',  ( -210.8199999999999932, 0.000000000000000000, 2.000000000000000000 ) ) ;
#6833 = DIRECTION ( 'NONE',  ( 1.000000000000000000, 0.000000000000000000, 0.000000000000000000 ) ) ;
#6834 = VERTEX_POINT ( 'NONE', #4589 ) ;
#6835 = AXIS2_PLACEMENT_3D ( 'NONE', #2882, #6449, #3404 ) ;
#6836 = EDGE_LOOP ( 'NONE', ( #3487, #5277, #4549, #3169 ) ) ;
#6837 = CARTESIAN_POINT ( 'NONE',  ( 27.94000000000000128, 0.000000000000000000, 0.000000000000000000 ) ) ;
#6838 = ADVANCED_FACE ( 'NONE', ( #2624 ), #6392, .F. ) ;
#6839 = LINE ( 'NONE', #5038, #75 ) ;
#6840 = ORIENTED_EDGE ( 'NONE', *, *, #6767, .T. ) ;
#6841 = CIRCLE ( 'NONE', #7101, 1.250000000000001110 ) ;
#6842 = CARTESIAN_POINT ( 'NONE',  ( -175.2599999999999909, 0.000000000000000000, -0.2999999999999999889 ) ) ;
#6843 = AXIS2_PLACEMENT_3D ( 'NONE', #4890, #6011, #6052 ) ;
#6844 = FACE_OUTER_BOUND ( 'NONE', #5065, .T. ) ;
#6845 = EDGE_LOOP ( 'NONE', ( #7118, #6355, #4519, #7704 ) ) ;
#6846 = VECTOR ( 'NONE', #199, 1000.000000000000000 ) ;
#6847 = AXIS2_PLACEMENT_3D ( 'NONE', #720, #45, #7412 ) ;
#6848 = VECTOR ( 'NONE', #7649, 1000.000000000000000 ) ;
#6849 = CARTESIAN_POINT ( 'NONE',  ( 73.66000000000002501, 0.000000000000000000, -0.2999999999999999889 ) ) ;
#6850 = CARTESIAN_POINT ( 'NONE',  ( -181.5900000000000034, 1.530808498934190091E-16, 2.000000000000000000 ) ) ;
#6851 = DIRECTION ( 'NONE',  ( -0.000000000000000000, -0.000000000000000000, -1.000000000000000000 ) ) ;
#6852 = CIRCLE ( 'NONE', #5710, 1.250000000000001110 ) ;
#6853 = EDGE_LOOP ( 'NONE', ( #6136, #6480, #6220, #3138 ) ) ;
#6854 = DIRECTION ( 'NONE',  ( -1.000000000000000000, 0.000000000000000000, 0.000000000000000000 ) ) ;
#6855 = VERTEX_POINT ( 'NONE', #908 ) ;
#6856 = EDGE_CURVE ( 'NONE', #4744, #5567, #6907, .T. ) ;
#6857 = VECTOR ( 'NONE', #7348, 1000.000000000000000 ) ;
#6858 = CARTESIAN_POINT ( 'NONE',  ( -8.870000000000004547, 1.530808498934191324E-16, 0.000000000000000000 ) ) ;
#6859 = DIRECTION ( 'NONE',  ( -0.000000000000000000, -0.000000000000000000, -1.000000000000000000 ) ) ;
#6860 = DIRECTION ( 'NONE',  ( 0.000000000000000000, 0.000000000000000000, 1.000000000000000000 ) ) ;
#6861 = CARTESIAN_POINT ( 'NONE',  ( -123.2100000000000080, 0.000000000000000000, -0.2999999999999999889 ) ) ;
#6862 = CARTESIAN_POINT ( 'NONE',  ( 95.23000000000001819, 0.000000000000000000, -0.2999999999999999889 ) ) ;
#6863 = VERTEX_POINT ( 'NONE', #1503 ) ;
#6864 = AXIS2_PLACEMENT_3D ( 'NONE', #4174, #7262, #7826 ) ;
#6865 = ORIENTED_EDGE ( 'NONE', *, *, #6133, .F. ) ;
#6866 = VERTEX_POINT ( 'NONE', #2742 ) ;
#6867 = ADVANCED_FACE ( 'NONE', ( #1986 ), #5073, .F. ) ;
#6868 = EDGE_CURVE ( 'NONE', #6120, #5483, #6263, .T. ) ;
#6869 = DIRECTION ( 'NONE',  ( -0.000000000000000000, -0.000000000000000000, -1.000000000000000000 ) ) ;
#6870 = DIRECTION ( 'NONE',  ( 1.000000000000000000, 0.000000000000000000, 0.000000000000000000 ) ) ;
#6871 = CIRCLE ( 'NONE', #1626, 1.250000000000001110 ) ;
#6872 = ORIENTED_EDGE ( 'NONE', *, *, #1627, .F. ) ;
#6873 = CARTESIAN_POINT ( 'NONE',  ( 93.98000000000001819, 0.000000000000000000, 0.000000000000000000 ) ) ;
#6874 = CARTESIAN_POINT ( 'NONE',  ( 124.4599999999999937, 0.000000000000000000, 0.000000000000000000 ) ) ;
#6875 = CARTESIAN_POINT ( 'NONE',  ( -185.4200000000000159, 0.000000000000000000, -0.2999999999999999889 ) ) ;
#6876 = EDGE_CURVE ( 'NONE', #3282, #7469, #2176, .T. ) ;
#6877 = ORIENTED_EDGE ( 'NONE', *, *, #7476, .F. ) ;
#6878 = CIRCLE ( 'NONE', #7904, 1.250000000000001110 ) ;
#6879 = VERTEX_POINT ( 'NONE', #5113 ) ;
#6880 = LINE ( 'NONE', #3996, #3337 ) ;
#6881 = DIRECTION ( 'NONE',  ( 0.000000000000000000, 0.000000000000000000, 1.000000000000000000 ) ) ;
#6882 = VERTEX_POINT ( 'NONE', #3222 ) ;
#6883 = AXIS2_PLACEMENT_3D ( 'NONE', #1983, #6831, #1343 ) ;
#6884 = LINE ( 'NONE', #44, #4680 ) ;
#6885 = CYLINDRICAL_SURFACE ( 'NONE', #5186, 1.250000000000001110 ) ;
#6886 = EDGE_CURVE ( 'NONE', #311, #6561, #4504, .T. ) ;
#6887 = ORIENTED_EDGE ( 'NONE', *, *, #4863, .T. ) ;
#6888 = CIRCLE ( 'NONE', #5996, 1.250000000000001110 ) ;
#6889 = ORIENTED_EDGE ( 'NONE', *, *, #7666, .T. ) ;
#6890 = DIRECTION ( 'NONE',  ( 0.000000000000000000, 0.000000000000000000, 1.000000000000000000 ) ) ;
#6891 = DIRECTION ( 'NONE',  ( 0.000000000000000000, 0.000000000000000000, 1.000000000000000000 ) ) ;
#6892 = DIRECTION ( 'NONE',  ( -0.000000000000000000, -0.000000000000000000, -1.000000000000000000 ) ) ;
#6893 = AXIS2_PLACEMENT_3D ( 'NONE', #4566, #6931, #1443 ) ;
#6894 = EDGE_CURVE ( 'NONE', #630, #6253, #3829, .T. ) ;
#6895 = VERTEX_POINT ( 'NONE', #2699 ) ;
#6896 = CARTESIAN_POINT ( 'NONE',  ( 210.8199999999999932, 0.000000000000000000, -0.2999999999999999889 ) ) ;
#6897 = EDGE_LOOP ( 'NONE', ( #5711, #5680 ) ) ;
#6898 = DIRECTION ( 'NONE',  ( 0.000000000000000000, -1.000000000000000000, -0.000000000000000000 ) ) ;
#6899 = FACE_OUTER_BOUND ( 'NONE', #2262, .T. ) ;
#6900 = FACE_OUTER_BOUND ( 'NONE', #4991, .T. ) ;
#6901 = DIRECTION ( 'NONE',  ( 0.000000000000000000, 0.000000000000000000, 1.000000000000000000 ) ) ;
#6902 = DIRECTION ( 'NONE',  ( 0.000000000000000000, 0.000000000000000000, 1.000000000000000000 ) ) ;
#6903 = CYLINDRICAL_SURFACE ( 'NONE', #1847, 1.250000000000001110 ) ;
#6904 = ORIENTED_EDGE ( 'NONE', *, *, #6534, .F. ) ;
#6905 = ORIENTED_EDGE ( 'NONE', *, *, #7329, .T. ) ;
#6906 = APPROVAL_STATUS ( 'not_yet_approved' ) ;
#6907 = CIRCLE ( 'NONE', #524, 1.250000000000001110 ) ;
#6908 = DIRECTION ( 'NONE',  ( -1.000000000000000000, 0.000000000000000000, 0.000000000000000000 ) ) ;
#6909 = ORIENTED_EDGE ( 'NONE', *, *, #2366, .F. ) ;
#6910 = CARTESIAN_POINT ( 'NONE',  ( -78.74000000000000909, 0.000000000000000000, 2.000000000000000000 ) ) ;
#6911 = DIRECTION ( 'NONE',  ( 0.000000000000000000, 0.000000000000000000, 1.000000000000000000 ) ) ;
#6912 = DIRECTION ( 'NONE',  ( 1.000000000000000000, 0.000000000000000000, 0.000000000000000000 ) ) ;
#6913 = ADVANCED_FACE ( 'NONE', ( #6353 ), #1465, .T. ) ;
#6914 = VERTEX_POINT ( 'NONE', #7597 ) ;
#6915 = ORIENTED_EDGE ( 'NONE', *, *, #5856, .F. ) ;
#6916 = EDGE_LOOP ( 'NONE', ( #1518, #2418 ) ) ;
#6917 = DIRECTION ( 'NONE',  ( 1.000000000000000000, 0.000000000000000000, 0.000000000000000000 ) ) ;
#6918 = CARTESIAN_POINT ( 'NONE',  ( 63.50000000000000000, 0.000000000000000000, -0.2999999999999999889 ) ) ;
#6919 = ORIENTED_EDGE ( 'NONE', *, *, #6966, .F. ) ;
#6920 = AXIS2_PLACEMENT_3D ( 'NONE', #6837, #4213, #7903 ) ;
#6921 = DIRECTION ( 'NONE',  ( 0.000000000000000000, 0.000000000000000000, 1.000000000000000000 ) ) ;
#6922 = FACE_OUTER_BOUND ( 'NONE', #923, .T. ) ;
#6923 = CARTESIAN_POINT ( 'NONE',  ( 43.18000000000000682, 0.000000000000000000, 2.000000000000000000 ) ) ;
#6924 = EDGE_CURVE ( 'NONE', #401, #3412, #6773, .T. ) ;
#6925 = ORIENTED_EDGE ( 'NONE', *, *, #7611, .T. ) ;
#6926 = VECTOR ( 'NONE', #4583, 1000.000000000000000 ) ;
#6927 = VERTEX_POINT ( 'NONE', #2898 ) ;
#6928 = EDGE_CURVE ( 'NONE', #5241, #5684, #1381, .T. ) ;
#6929 = DIRECTION ( 'NONE',  ( -1.000000000000000000, 0.000000000000000000, 0.000000000000000000 ) ) ;
#6930 = AXIS2_PLACEMENT_3D ( 'NONE', #2234, #443, #522 ) ;
#6931 = DIRECTION ( 'NONE',  ( -0.000000000000000000, -0.000000000000000000, -1.000000000000000000 ) ) ;
#6932 = AXIS2_PLACEMENT_3D ( 'NONE', #6027, #4187, #6630 ) ;
#6933 = LINE ( 'NONE', #6292, #801 ) ;
#6934 = ORIENTED_EDGE ( 'NONE', *, *, #7713, .F. ) ;
#6935 = DIRECTION ( 'NONE',  ( 1.000000000000000000, 0.000000000000000000, 0.000000000000000000 ) ) ;
#6936 = ORIENTED_EDGE ( 'NONE', *, *, #1788, .F. ) ;
#6937 = AXIS2_PLACEMENT_3D ( 'NONE', #7327, #1830, #4275 ) ;
#6938 = EDGE_CURVE ( 'NONE', #6679, #6607, #5893, .T. ) ;
#6939 = DIRECTION ( 'NONE',  ( 0.000000000000000000, 0.000000000000000000, 1.000000000000000000 ) ) ;
#6940 = FACE_BOUND ( 'NONE', #5036, .T. ) ;
#6941 = CARTESIAN_POINT ( 'NONE',  ( -138.4499999999999886, 0.000000000000000000, 0.000000000000000000 ) ) ;
#6942 = VECTOR ( 'NONE', #2973, 1000.000000000000000 ) ;
#6943 = CARTESIAN_POINT ( 'NONE',  ( -241.3000000000000114, 0.000000000000000000, -0.2999999999999999889 ) ) ;
#6944 = CARTESIAN_POINT ( 'NONE',  ( -236.2200000000000273, 0.000000000000000000, -0.2999999999999999889 ) ) ;
#6945 = ORIENTED_EDGE ( 'NONE', *, *, #7784, .F. ) ;
#6946 = VERTEX_POINT ( 'NONE', #6313 ) ;
#6947 = CARTESIAN_POINT ( 'NONE',  ( 200.6600000000000250, 0.000000000000000000, -0.2999999999999999889 ) ) ;
#6948 = ORIENTED_EDGE ( 'NONE', *, *, #3112, .T. ) ;
#6949 = CYLINDRICAL_SURFACE ( 'NONE', #5347, 1.250000000000001110 ) ;
#6950 = CARTESIAN_POINT ( 'NONE',  ( 74.91000000000002501, 0.000000000000000000, -0.2999999999999999889 ) ) ;
#6951 = CARTESIAN_POINT ( 'NONE',  ( -135.8700000000000045, 1.530808498934191571E-16, -0.2999999999999999889 ) ) ;
#6952 = ORIENTED_EDGE ( 'NONE', *, *, #5273, .T. ) ;
#6953 = VERTEX_POINT ( 'NONE', #3014 ) ;
#6954 = ORIENTED_EDGE ( 'NONE', *, *, #6280, .T. ) ;
#6955 = LINE ( 'NONE', #2108, #3985 ) ;
#6956 = AXIS2_PLACEMENT_3D ( 'NONE', #4805, #6041, #4687 ) ;
#6957 = AXIS2_PLACEMENT_3D ( 'NONE', #4090, #7620, #5933 ) ;
#6958 = DIRECTION ( 'NONE',  ( 0.000000000000000000, 0.000000000000000000, 1.000000000000000000 ) ) ;
#6959 = EDGE_CURVE ( 'NONE', #4814, #5536, #7687, .T. ) ;
#6960 = ORIENTED_EDGE ( 'NONE', *, *, #258, .F. ) ;
#6961 = DIRECTION ( 'NONE',  ( 0.000000000000000000, 0.000000000000000000, 1.000000000000000000 ) ) ;
#6962 = CARTESIAN_POINT ( 'NONE',  ( 72.41000000000002501, 1.530808498934190091E-16, 2.000000000000000000 ) ) ;
#6963 = CARTESIAN_POINT ( 'NONE',  ( -7.620000000000004547, 0.000000000000000000, 2.000000000000000000 ) ) ;
#6964 = AXIS2_PLACEMENT_3D ( 'NONE', #362, #4518, #5123 ) ;
#6965 = ORIENTED_EDGE ( 'NONE', *, *, #1424, .T. ) ;
#6966 = EDGE_CURVE ( 'NONE', #7889, #525, #7229, .T. ) ;
#6967 = CIRCLE ( 'NONE', #4801, 1.249999999999973355 ) ;
#6968 = EDGE_LOOP ( 'NONE', ( #2576, #2459, #6596, #3586 ) ) ;
#6969 = CYLINDRICAL_SURFACE ( 'NONE', #7132, 1.250000000000000000 ) ;
#6970 = DIRECTION ( 'NONE',  ( 1.000000000000000000, 0.000000000000000000, 0.000000000000000000 ) ) ;
#6971 = CARTESIAN_POINT ( 'NONE',  ( -179.0900000000000034, 0.000000000000000000, -0.2999999999999999889 ) ) ;
#6972 = AXIS2_PLACEMENT_3D ( 'NONE', #6199, #5118, #873 ) ;
#6973 = EDGE_CURVE ( 'NONE', #2635, #2725, #2552, .T. ) ;
#6974 = ORIENTED_EDGE ( 'NONE', *, *, #4764, .T. ) ;
#6975 = DIRECTION ( 'NONE',  ( 0.000000000000000000, 0.000000000000000000, 1.000000000000000000 ) ) ;
#6976 = ORIENTED_EDGE ( 'NONE', *, *, #3151, .F. ) ;
#6977 = CARTESIAN_POINT ( 'NONE',  ( -73.65999999999999659, 0.000000000000000000, -0.2999999999999999889 ) ) ;
#6978 = AXIS2_PLACEMENT_3D ( 'NONE', #3106, #3863, #1266 ) ;
#6979 = FACE_BOUND ( 'NONE', #4285, .T. ) ;
#6980 = CARTESIAN_POINT ( 'NONE',  ( -224.8100000000000023, 0.000000000000000000, 0.000000000000000000 ) ) ;
#6981 = DIRECTION ( 'NONE',  ( 1.000000000000000000, 0.000000000000000000, 0.000000000000000000 ) ) ;
#6982 = CARTESIAN_POINT ( 'NONE',  ( 72.41000000000002501, 1.530808498934191571E-16, -0.2999999999999999889 ) ) ;
#6983 = EDGE_CURVE ( 'NONE', #2942, #643, #5428, .T. ) ;
#6984 = EDGE_LOOP ( 'NONE', ( #6013, #7499 ) ) ;
#6985 = VECTOR ( 'NONE', #988, 1000.000000000000000 ) ;
#6986 = VERTEX_POINT ( 'NONE', #1734 ) ;
#6987 = DIRECTION ( 'NONE',  ( -1.000000000000000000, 0.000000000000000000, 0.000000000000000000 ) ) ;
#6988 = CARTESIAN_POINT ( 'NONE',  ( 6.370000000000004547, 1.530808498934191324E-16, 2.000000000000000000 ) ) ;
#6989 = VERTEX_POINT ( 'NONE', #3617 ) ;
#6990 = CARTESIAN_POINT ( 'NONE',  ( 241.3000000000000114, 0.000000000000000000, 0.000000000000000000 ) ) ;
#6991 = DIRECTION ( 'NONE',  ( 1.000000000000000000, 0.000000000000000000, 0.000000000000000000 ) ) ;
#6992 = DIRECTION ( 'NONE',  ( 0.000000000000000000, 0.000000000000000000, 1.000000000000000000 ) ) ;
#6993 = EDGE_LOOP ( 'NONE', ( #993, #5842, #5399, #5645 ) ) ;
#6994 = EDGE_CURVE ( 'NONE', #4054, #3044, #768, .T. ) ;
#6995 = VERTEX_POINT ( 'NONE', #501 ) ;
#6996 = ORIENTED_EDGE ( 'NONE', *, *, #764, .T. ) ;
#6997 = FACE_OUTER_BOUND ( 'NONE', #7605, .T. ) ;
#6998 = AXIS2_PLACEMENT_3D ( 'NONE', #3574, #575, #1766 ) ;
#6999 = DIRECTION ( 'NONE',  ( 1.000000000000000000, 0.000000000000000000, 0.000000000000000000 ) ) ;
#7000 = ORIENTED_EDGE ( 'NONE', *, *, #611, .T. ) ;
#7001 = LINE ( 'NONE', #5728, #1936 ) ;
#7002 = CARTESIAN_POINT ( 'NONE',  ( -231.1400000000000148, 0.000000000000000000, -0.2999999999999999889 ) ) ;
#7003 = DIRECTION ( 'NONE',  ( 0.000000000000000000, 0.000000000000000000, 1.000000000000000000 ) ) ;
#7004 = VECTOR ( 'NONE', #3483, 1000.000000000000000 ) ;
#7005 = ORIENTED_EDGE ( 'NONE', *, *, #2799, .F. ) ;
#7006 = AXIS2_PLACEMENT_3D ( 'NONE', #1743, #4831, #7426 ) ;
#7007 = CC_DESIGN_PERSON_AND_ORGANIZATION_ASSIGNMENT ( #1699, #987, ( #7452 ) ) ;
#7008 = ORIENTED_EDGE ( 'NONE', *, *, #4716, .T. ) ;
#7009 = DIRECTION ( 'NONE',  ( 0.000000000000000000, 0.000000000000000000, 1.000000000000000000 ) ) ;
#7010 = FACE_OUTER_BOUND ( 'NONE', #2939, .T. ) ;
#7011 = DIRECTION ( 'NONE',  ( 1.000000000000000000, 0.000000000000000000, 0.000000000000000000 ) ) ;
#7012 = EDGE_CURVE ( 'NONE', #5673, #2958, #3071, .T. ) ;
#7013 = EDGE_LOOP ( 'NONE', ( #241, #4340 ) ) ;
#7014 = EDGE_CURVE ( 'NONE', #6537, #6863, #6020, .T. ) ;
#7015 = AXIS2_PLACEMENT_3D ( 'NONE', #3288, #5264, #5867 ) ;
#7016 = VERTEX_POINT ( 'NONE', #5468 ) ;
#7017 = EDGE_CURVE ( 'NONE', #441, #5553, #2680, .T. ) ;
#7018 = CARTESIAN_POINT ( 'NONE',  ( 209.5699999999999932, 1.530808498934190091E-16, 0.000000000000000000 ) ) ;
#7019 = ORIENTED_EDGE ( 'NONE', *, *, #6127, .F. ) ;
#7020 = DIRECTION ( 'NONE',  ( 0.000000000000000000, 0.000000000000000000, 1.000000000000000000 ) ) ;
#7021 = AXIS2_PLACEMENT_3D ( 'NONE', #4653, #5090, #7091 ) ;
#7022 = FACE_BOUND ( 'NONE', #3743, .T. ) ;
#7023 = CYLINDRICAL_SURFACE ( 'NONE', #4073, 1.250000000000001110 ) ;
#7024 = DIRECTION ( 'NONE',  ( 0.000000000000000000, 0.000000000000000000, 1.000000000000000000 ) ) ;
#7025 = CARTESIAN_POINT ( 'NONE',  ( -1.290000000000020464, 0.000000000000000000, -0.2999999999999999889 ) ) ;
#7026 = EDGE_CURVE ( 'NONE', #3224, #1889, #3588, .T. ) ;
#7027 = EDGE_LOOP ( 'NONE', ( #1327, #3389, #1271, #4720 ) ) ;
#7028 = VECTOR ( 'NONE', #7819, 1000.000000000000000 ) ;
#7029 = ORIENTED_EDGE ( 'NONE', *, *, #124, .F. ) ;
#7030 =( LENGTH_UNIT ( ) NAMED_UNIT ( * ) SI_UNIT ( .MILLI., .METRE. ) );
#7031 = CYLINDRICAL_SURFACE ( 'NONE', #723, 1.250000000000001110 ) ;
#7032 = ORIENTED_EDGE ( 'NONE', *, *, #4468, .F. ) ;
#7033 = EDGE_CURVE ( 'NONE', #5741, #7534, #2373, .T. ) ;
#7034 = DIRECTION ( 'NONE',  ( 0.000000000000000000, 0.000000000000000000, 1.000000000000000000 ) ) ;
#7035 = CARTESIAN_POINT ( 'NONE',  ( 261.6200000000000045, 0.000000000000000000, 0.000000000000000000 ) ) ;
#7036 = ORIENTED_EDGE ( 'NONE', *, *, #3008, .F. ) ;
#7037 = EDGE_LOOP ( 'NONE', ( #477, #868, #3901, #2670 ) ) ;
#7038 = ORIENTED_EDGE ( 'NONE', *, *, #2658, .F. ) ;
#7039 = AXIS2_PLACEMENT_3D ( 'NONE', #2411, #4823, #4219 ) ;
#7040 = DIRECTION ( 'NONE',  ( 0.000000000000000000, 0.000000000000000000, 1.000000000000000000 ) ) ;
#7041 = CARTESIAN_POINT ( 'NONE',  ( 64.75000000000000000, 0.000000000000000000, 0.000000000000000000 ) ) ;
#7042 = ORIENTED_EDGE ( 'NONE', *, *, #3931, .T. ) ;
#7043 = EDGE_CURVE ( 'NONE', #2384, #4699, #1157, .T. ) ;
#7044 = CARTESIAN_POINT ( 'NONE',  ( -251.4600000000000080, 0.000000000000000000, -0.2999999999999999889 ) ) ;
#7045 = DIRECTION ( 'NONE',  ( -0.000000000000000000, -0.000000000000000000, -1.000000000000000000 ) ) ;
#7046 = LINE ( 'NONE', #405, #4148 ) ;
#7047 = EDGE_LOOP ( 'NONE', ( #3733, #5790, #3503, #1870 ) ) ;
#7048 = DIRECTION ( 'NONE',  ( 0.000000000000000000, 0.000000000000000000, 1.000000000000000000 ) ) ;
#7049 = ORIENTED_EDGE ( 'NONE', *, *, #7625, .F. ) ;
#7050 = DIRECTION ( 'NONE',  ( -0.000000000000000000, -0.000000000000000000, -1.000000000000000000 ) ) ;
#7051 = DIRECTION ( 'NONE',  ( 1.000000000000000000, 0.000000000000000000, 0.000000000000000000 ) ) ;
#7052 = CYLINDRICAL_SURFACE ( 'NONE', #5827, 1.250000000000001110 ) ;
#7053 = VECTOR ( 'NONE', #2647, 1000.000000000000000 ) ;
#7054 = AXIS2_PLACEMENT_3D ( 'NONE', #4510, #5802, #6917 ) ;
#7055 = ORIENTED_EDGE ( 'NONE', *, *, #82, .T. ) ;
#7056 = ORIENTED_EDGE ( 'NONE', *, *, #5407, .T. ) ;
#7057 = DIRECTION ( 'NONE',  ( 0.000000000000000000, 0.000000000000000000, 1.000000000000000000 ) ) ;
#7058 = CIRCLE ( 'NONE', #5404, 1.250000000000001110 ) ;
#7059 = CYLINDRICAL_SURFACE ( 'NONE', #4428, 1.249999999999973355 ) ;
#7060 = EDGE_CURVE ( 'NONE', #5110, #5412, #3714, .T. ) ;
#7061 = FACE_BOUND ( 'NONE', #3684, .T. ) ;
#7062 = DIRECTION ( 'NONE',  ( 0.000000000000000000, 0.000000000000000000, 1.000000000000000000 ) ) ;
#7063 = CARTESIAN_POINT ( 'NONE',  ( -73.65999999999999659, 0.000000000000000000, 0.000000000000000000 ) ) ;
#7064 = DIRECTION ( 'NONE',  ( 0.000000000000000000, 0.000000000000000000, 1.000000000000000000 ) ) ;
#7065 = AXIS2_PLACEMENT_3D ( 'NONE', #1268, #109, #7930 ) ;
#7066 = ORIENTED_EDGE ( 'NONE', *, *, #2795, .F. ) ;
#7067 = ORIENTED_EDGE ( 'NONE', *, *, #7026, .T. ) ;
#7068 = VECTOR ( 'NONE', #6059, 1000.000000000000000 ) ;
#7069 = DIRECTION ( 'NONE',  ( 0.000000000000000000, 0.000000000000000000, 1.000000000000000000 ) ) ;
#7070 = EDGE_CURVE ( 'NONE', #1995, #5734, #902, .T. ) ;
#7071 = ORIENTED_EDGE ( 'NONE', *, *, #4772, .T. ) ;
#7072 = DIRECTION ( 'NONE',  ( 0.000000000000000000, 0.000000000000000000, 1.000000000000000000 ) ) ;
#7073 = DIRECTION ( 'NONE',  ( -1.000000000000000000, 0.000000000000000000, 0.000000000000000000 ) ) ;
#7074 = ORIENTED_EDGE ( 'NONE', *, *, #4220, .F. ) ;
#7075 = ORIENTED_EDGE ( 'NONE', *, *, #1803, .F. ) ;
#7076 = EDGE_CURVE ( 'NONE', #1296, #3423, #7308, .T. ) ;
#7077 = ORIENTED_EDGE ( 'NONE', *, *, #3039, .T. ) ;
#7078 = CYLINDRICAL_SURFACE ( 'NONE', #5270, 1.250000000000001110 ) ;
#7079 = DIRECTION ( 'NONE',  ( 0.000000000000000000, 0.000000000000000000, 1.000000000000000000 ) ) ;
#7080 = VERTEX_POINT ( 'NONE', #5346 ) ;
#7081 = DIRECTION ( 'NONE',  ( 0.000000000000000000, 0.000000000000000000, 1.000000000000000000 ) ) ;
#7082 = DIRECTION ( 'NONE',  ( 0.000000000000000000, 0.000000000000000000, 1.000000000000000000 ) ) ;
#7083 = DIRECTION ( 'NONE',  ( 0.000000000000000000, 0.000000000000000000, 1.000000000000000000 ) ) ;
#7084 = ORIENTED_EDGE ( 'NONE', *, *, #4043, .T. ) ;
#7085 = VECTOR ( 'NONE', #7082, 1000.000000000000000 ) ;
#7086 = ADVANCED_FACE ( 'NONE', ( #5980 ), #55, .F. ) ;
#7087 = LINE ( 'NONE', #4451, #5568 ) ;
#7088 = ORIENTED_EDGE ( 'NONE', *, *, #4507, .T. ) ;
#7089 = CARTESIAN_POINT ( 'NONE',  ( -231.1400000000000148, 0.000000000000000000, -0.2999999999999999889 ) ) ;
#7090 = CIRCLE ( 'NONE', #4528, 1.250000000000001110 ) ;
#7091 = DIRECTION ( 'NONE',  ( -1.000000000000000000, 0.000000000000000000, 0.000000000000000000 ) ) ;
#7092 = DIRECTION ( 'NONE',  ( -1.000000000000000000, 0.000000000000000000, 0.000000000000000000 ) ) ;
#7093 = EDGE_LOOP ( 'NONE', ( #427, #6872 ) ) ;
#7094 = EDGE_LOOP ( 'NONE', ( #4879, #2027 ) ) ;
#7095 = AXIS2_PLACEMENT_3D ( 'NONE', #4649, #5891, #5291 ) ;
#7096 = CARTESIAN_POINT ( 'NONE',  ( 237.4700000000000557, 0.000000000000000000, 2.000000000000000000 ) ) ;
#7097 = CARTESIAN_POINT ( 'NONE',  ( 227.3100000000000023, 0.000000000000000000, 0.000000000000000000 ) ) ;
#7098 = FACE_BOUND ( 'NONE', #2079, .T. ) ;
#7099 = CARTESIAN_POINT ( 'NONE',  ( 153.6899999999999977, 1.530808498934190091E-16, 0.000000000000000000 ) ) ;
#7100 = LINE ( 'NONE', #982, #2091 ) ;
#7101 = AXIS2_PLACEMENT_3D ( 'NONE', #3998, #3353, #5764 ) ;
#7102 = AXIS2_PLACEMENT_3D ( 'NONE', #1755, #7209, #482 ) ;
#7103 = CIRCLE ( 'NONE', #3649, 1.250000000000001110 ) ;
#7104 = CARTESIAN_POINT ( 'NONE',  ( 161.2700000000000102, 0.000000000000000000, -0.2999999999999999889 ) ) ;
#7105 = ORIENTED_EDGE ( 'NONE', *, *, #3206, .F. ) ;
#7106 = CIRCLE ( 'NONE', #5451, 1.250000000000001110 ) ;
#7107 = VERTEX_POINT ( 'NONE', #655 ) ;
#7108 = CALENDAR_DATE ( 2026, 29, 8 ) ;
#7109 = AXIS2_PLACEMENT_3D ( 'NONE', #5884, #5322, #7769 ) ;
#7110 = CARTESIAN_POINT ( 'NONE',  ( 83.81999999999999318, 0.000000000000000000, 2.000000000000000000 ) ) ;
#7111 = EDGE_CURVE ( 'NONE', #1149, #255, #4351, .T. ) ;
#7112 = ORIENTED_EDGE ( 'NONE', *, *, #4523, .F. ) ;
#7113 = CARTESIAN_POINT ( 'NONE',  ( 237.4700000000000557, 0.000000000000000000, -0.2999999999999999889 ) ) ;
#7114 = CARTESIAN_POINT ( 'NONE',  ( -72.40999999999999659, 0.000000000000000000, 0.000000000000000000 ) ) ;
#7115 = ORIENTED_EDGE ( 'NONE', *, *, #4149, .F. ) ;
#7116 = VECTOR ( 'NONE', #7679, 1000.000000000000000 ) ;
#7117 = EDGE_CURVE ( 'NONE', #5565, #1708, #5386, .T. ) ;
#7118 = ORIENTED_EDGE ( 'NONE', *, *, #3853, .T. ) ;
#7119 = EDGE_CURVE ( 'NONE', #6357, #2182, #4995, .T. ) ;
#7120 = EDGE_LOOP ( 'NONE', ( #6038, #1747, #5368, #1457 ) ) ;
#7121 = ADVANCED_FACE ( 'NONE', ( #7832 ), #7384, .F. ) ;
#7122 = FACE_BOUND ( 'NONE', #6265, .T. ) ;
#7123 = CARTESIAN_POINT ( 'NONE',  ( -195.5799999999999841, 0.000000000000000000, -0.2999999999999999889 ) ) ;
#7124 = CIRCLE ( 'NONE', #6864, 1.250000000000001110 ) ;
#7125 = ORIENTED_EDGE ( 'NONE', *, *, #395, .T. ) ;
#7126 = CARTESIAN_POINT ( 'NONE',  ( 149.8600000000000136, 0.000000000000000000, 0.000000000000000000 ) ) ;
#7127 = PRODUCT_DEFINITION_SHAPE ( 'NONE', 'NONE',  #7452 ) ;
#7128 = EDGE_CURVE ( 'NONE', #7442, #4448, #503, .T. ) ;
#7129 = CARTESIAN_POINT ( 'NONE',  ( 114.3000000000000114, 0.000000000000000000, -0.2999999999999999889 ) ) ;
#7130 = DIRECTION ( 'NONE',  ( 0.000000000000000000, 0.000000000000000000, 1.000000000000000000 ) ) ;
#7131 = ORIENTED_EDGE ( 'NONE', *, *, #1041, .F. ) ;
#7132 = AXIS2_PLACEMENT_3D ( 'NONE', #1563, #284, #5812 ) ;
#7133 = CARTESIAN_POINT ( 'NONE',  ( 205.7400000000000091, 0.000000000000000000, -0.2999999999999999889 ) ) ;
#7134 = ORIENTED_EDGE ( 'NONE', *, *, #6856, .F. ) ;
#7135 = DIRECTION ( 'NONE',  ( 0.000000000000000000, 0.000000000000000000, 1.000000000000000000 ) ) ;
#7136 = AXIS2_PLACEMENT_3D ( 'NONE', #2923, #6568, #5894 ) ;
#7137 = ADVANCED_FACE ( 'NONE', ( #5543 ), #1287, .F. ) ;
#7138 = DIRECTION ( 'NONE',  ( 0.000000000000000000, 0.000000000000000000, 1.000000000000000000 ) ) ;
#7139 = CYLINDRICAL_SURFACE ( 'NONE', #6957, 1.250000000000001110 ) ;
#7140 = ORIENTED_EDGE ( 'NONE', *, *, #3028, .F. ) ;
#7141 = VERTEX_POINT ( 'NONE', #4332 ) ;
#7142 = CIRCLE ( 'NONE', #5733, 1.250000000000001110 ) ;
#7143 = DIRECTION ( 'NONE',  ( -0.000000000000000000, -0.000000000000000000, -1.000000000000000000 ) ) ;
#7144 = DIRECTION ( 'NONE',  ( 0.000000000000000000, 0.000000000000000000, 1.000000000000000000 ) ) ;
#7145 = FACE_BOUND ( 'NONE', #2037, .T. ) ;
#7146 = EDGE_CURVE ( 'NONE', #2985, #7450, #1540, .T. ) ;
#7147 = CARTESIAN_POINT ( 'NONE',  ( 22.86000000000001720, 0.000000000000000000, -0.2999999999999999889 ) ) ;
#7148 = LINE ( 'NONE', #423, #4268 ) ;
#7150 = AXIS2_PLACEMENT_3D ( 'NONE', #4981, #6217, #1969 ) ;
#7149 = CARTESIAN_POINT ( 'NONE',  ( 215.8999999999999773, 0.000000000000000000, 0.000000000000000000 ) ) ;
#7151 = EDGE_LOOP ( 'NONE', ( #2278, #6469, #890, #7112 ) ) ;
#7152 = EDGE_LOOP ( 'NONE', ( #3944, #3812, #5559, #5240 ) ) ;
#7153 = CALENDAR_DATE ( 2026, 29, 8 ) ;
#7154 = CIRCLE ( 'NONE', #5499, 1.250000000000001110 ) ;
#7155 = DIRECTION ( 'NONE',  ( 0.000000000000000000, 0.000000000000000000, 1.000000000000000000 ) ) ;
#7156 = ORIENTED_EDGE ( 'NONE', *, *, #313, .F. ) ;
#7157 = DIRECTION ( 'NONE',  ( -0.000000000000000000, -0.000000000000000000, -1.000000000000000000 ) ) ;
#7158 = CARTESIAN_POINT ( 'NONE',  ( 13.94999999999998863, 0.000000000000000000, -0.2999999999999999889 ) ) ;
#7159 = ORIENTED_EDGE ( 'NONE', *, *, #3185, .T. ) ;
#7160 = AXIS2_PLACEMENT_3D ( 'NONE', #4965, #3682, #3117 ) ;
#7161 = ORIENTED_EDGE ( 'NONE', *, *, #1866, .F. ) ;
#7162 = EDGE_LOOP ( 'NONE', ( #4556, #4112 ) ) ;
#7163 = FACE_BOUND ( 'NONE', #1928, .T. ) ;
#7164 = CARTESIAN_POINT ( 'NONE',  ( 3.790000000000020908, 0.000000000000000000, 2.000000000000000000 ) ) ;
#7165 = ORIENTED_EDGE ( 'NONE', *, *, #1122, .T. ) ;
#7167 = EDGE_CURVE ( 'NONE', #311, #2448, #7693, .T. ) ;
#7166 = DIRECTION ( 'NONE',  ( 0.000000000000000000, 0.000000000000000000, 1.000000000000000000 ) ) ;
#7168 = DIRECTION ( 'NONE',  ( -0.000000000000000000, -0.000000000000000000, -1.000000000000000000 ) ) ;
#7169 = ADVANCED_FACE ( 'NONE', ( #3620 ), #4259, .F. ) ;
#7170 = EDGE_LOOP ( 'NONE', ( #2869, #446 ) ) ;
#7171 = CARTESIAN_POINT ( 'NONE',  ( 31.76999999999997826, 1.530808498934190091E-16, 2.000000000000000000 ) ) ;
#7172 = EDGE_LOOP ( 'NONE', ( #3161, #352, #1272, #7739 ) ) ;
#7173 = AXIS2_PLACEMENT_3D ( 'NONE', #6660, #6581, #5385 ) ;
#7174 = CYLINDRICAL_SURFACE ( 'NONE', #6234, 1.250000000000001110 ) ;
#7175 = EDGE_CURVE ( 'NONE', #7684, #283, #4104, .T. ) ;
#7176 = DIRECTION ( 'NONE',  ( 1.000000000000000000, 0.000000000000000000, 0.000000000000000000 ) ) ;
#7177 = FACE_OUTER_BOUND ( 'NONE', #2907, .T. ) ;
#7178 = VERTEX_POINT ( 'NONE', #4788 ) ;
#7179 = AXIS2_PLACEMENT_3D ( 'NONE', #2938, #4902, #5507 ) ;
#7180 = ORIENTED_EDGE ( 'NONE', *, *, #1114, .T. ) ;
#7181 = CYLINDRICAL_SURFACE ( 'NONE', #7313, 1.249999999999973355 ) ;
#7182 = EDGE_CURVE ( 'NONE', #3264, #7311, #3582, .T. ) ;
#7183 = DIRECTION ( 'NONE',  ( 0.000000000000000000, 0.000000000000000000, 1.000000000000000000 ) ) ;
#7184 = CARTESIAN_POINT ( 'NONE',  ( 149.8600000000000136, 0.000000000000000000, 0.000000000000000000 ) ) ;
#7185 = VECTOR ( 'NONE', #6921, 1000.000000000000000 ) ;
#7186 = CARTESIAN_POINT ( 'NONE',  ( 90.14999999999997726, 0.000000000000000000, 2.000000000000000000 ) ) ;
#7187 = AXIS2_PLACEMENT_3D ( 'NONE', #3796, #2368, #114 ) ;
#7188 = CARTESIAN_POINT ( 'NONE',  ( 53.33999999999997499, 0.000000000000000000, 0.000000000000000000 ) ) ;
#7189 = CARTESIAN_POINT ( 'NONE',  ( -165.1000000000000227, 0.000000000000000000, 0.000000000000000000 ) ) ;
#7190 = VERTEX_POINT ( 'NONE', #6135 ) ;
#7191 = EDGE_CURVE ( 'NONE', #7469, #3282, #1673, .T. ) ;
#7192 = EDGE_LOOP ( 'NONE', ( #5332, #377 ) ) ;
#7193 = CIRCLE ( 'NONE', #6930, 1.250000000000001110 ) ;
#7194 = CARTESIAN_POINT ( 'NONE',  ( -123.2100000000000080, 0.000000000000000000, 0.000000000000000000 ) ) ;
#7195 = ORIENTED_EDGE ( 'NONE', *, *, #2338, .T. ) ;
#7196 = DIRECTION ( 'NONE',  ( 0.000000000000000000, 0.000000000000000000, 1.000000000000000000 ) ) ;
#7197 = CARTESIAN_POINT ( 'NONE',  ( 8.870000000000004547, 0.000000000000000000, 2.000000000000000000 ) ) ;
#7198 = CIRCLE ( 'NONE', #3841, 1.249999999999999334 ) ;
#7199 = VERTEX_POINT ( 'NONE', #2977 ) ;
#7200 = EDGE_LOOP ( 'NONE', ( #3041, #1202, #5811, #5419 ) ) ;
#7201 = ORIENTED_EDGE ( 'NONE', *, *, #5061, .F. ) ;
#7202 = VECTOR ( 'NONE', #2521, 1000.000000000000000 ) ;
#7203 = FACE_BOUND ( 'NONE', #359, .T. ) ;
#7204 = EDGE_CURVE ( 'NONE', #5734, #3825, #6064, .T. ) ;
#7205 = CIRCLE ( 'NONE', #3360, 1.250000000000001110 ) ;
#7206 = CARTESIAN_POINT ( 'NONE',  ( -215.9000000000000057, 0.000000000000000000, 0.000000000000000000 ) ) ;
#7207 = ORIENTED_EDGE ( 'NONE', *, *, #7221, .T. ) ;
#7208 = CARTESIAN_POINT ( 'NONE',  ( -189.2500000000000000, 0.000000000000000000, 2.000000000000000000 ) ) ;
#7209 = DIRECTION ( 'NONE',  ( 0.000000000000000000, 0.000000000000000000, 1.000000000000000000 ) ) ;
#7210 = AXIS2_PLACEMENT_3D ( 'NONE', #5477, #7920, #1856 ) ;
#7211 = ORIENTED_EDGE ( 'NONE', *, *, #3445, .T. ) ;
#7212 = ADVANCED_FACE ( 'NONE', ( #3053 ), #4222, .F. ) ;
#7213 = DIRECTION ( 'NONE',  ( 0.000000000000000000, 0.000000000000000000, 1.000000000000000000 ) ) ;
#7214 = ORIENTED_EDGE ( 'NONE', *, *, #4330, .F. ) ;
#7215 = DIRECTION ( 'NONE',  ( 1.000000000000000000, 0.000000000000000000, 0.000000000000000000 ) ) ;
#7216 = CARTESIAN_POINT ( 'NONE',  ( -175.2599999999999909, 0.000000000000000000, 0.000000000000000000 ) ) ;
#7217 = CARTESIAN_POINT ( 'NONE',  ( -264.1600000000000250, 0.000000000000000000, 0.000000000000000000 ) ) ;
#7218 = ORIENTED_EDGE ( 'NONE', *, *, #469, .F. ) ;
#7219 = ADVANCED_FACE ( 'NONE', ( #7310 ), #6702, .F. ) ;
#7220 = EDGE_LOOP ( 'NONE', ( #7698, #1467 ) ) ;
#7221 = EDGE_CURVE ( 'NONE', #1588, #1623, #7427, .T. ) ;
#7222 = CARTESIAN_POINT ( 'NONE',  ( -33.02000000000001023, 0.000000000000000000, 0.000000000000000000 ) ) ;
#7223 = VECTOR ( 'NONE', #699, 1000.000000000000000 ) ;
#7224 = AXIS2_PLACEMENT_3D ( 'NONE', #6209, #727, #2722 ) ;
#7225 = DIRECTION ( 'NONE',  ( 0.000000000000000000, 0.000000000000000000, 1.000000000000000000 ) ) ;
#7226 = CARTESIAN_POINT ( 'NONE',  ( -62.25000000000000000, 0.000000000000000000, 2.000000000000000000 ) ) ;
#7227 = DIRECTION ( 'NONE',  ( 1.000000000000000000, 0.000000000000000000, 0.000000000000000000 ) ) ;
#7228 = CARTESIAN_POINT ( 'NONE',  ( -241.3000000000000114, 0.000000000000000000, 2.000000000000000000 ) ) ;
#7229 = LINE ( 'NONE', #3580, #398 ) ;
#7230 = ADVANCED_FACE ( 'NONE', ( #4488 ), #1326, .F. ) ;
#7231 = VERTEX_POINT ( 'NONE', #3850 ) ;
#7232 = DIRECTION ( 'NONE',  ( 1.000000000000000000, 0.000000000000000000, 0.000000000000000000 ) ) ;
#7233 = AXIS2_PLACEMENT_3D ( 'NONE', #2295, #5906, #7631 ) ;
#7234 = ORIENTED_EDGE ( 'NONE', *, *, #3810, .T. ) ;
#7235 = DIRECTION ( 'NONE',  ( 1.000000000000000000, 0.000000000000000000, 0.000000000000000000 ) ) ;
#7236 = DIRECTION ( 'NONE',  ( -1.000000000000000000, 0.000000000000000000, 0.000000000000000000 ) ) ;
#7237 = CARTESIAN_POINT ( 'NONE',  ( 264.1600000000000250, 3.000000000000000000, 2.000000000000000000 ) ) ;
#7238 = CARTESIAN_POINT ( 'NONE',  ( 180.3399999999999750, 0.000000000000000000, 0.000000000000000000 ) ) ;
#7239 = EDGE_CURVE ( 'NONE', #5759, #3565, #4480, .T. ) ;
#7240 = ORIENTED_EDGE ( 'NONE', *, *, #980, .F. ) ;
#7241 = ORIENTED_EDGE ( 'NONE', *, *, #1780, .T. ) ;
#7242 = AXIS2_PLACEMENT_3D ( 'NONE', #7435, #6149, #4953 ) ;
#7243 = ORIENTED_EDGE ( 'NONE', *, *, #5014, .F. ) ;
#7244 = FACE_BOUND ( 'NONE', #6830, .T. ) ;
#7245 = DIRECTION ( 'NONE',  ( -1.000000000000000000, 0.000000000000000000, 0.000000000000000000 ) ) ;
#7246 = ORIENTED_EDGE ( 'NONE', *, *, #1550, .T. ) ;
#7247 = CARTESIAN_POINT ( 'NONE',  ( -38.09999999999999432, 0.000000000000000000, 2.000000000000000000 ) ) ;
#7248 = CIRCLE ( 'NONE', #4809, 1.250000000000001110 ) ;
#7249 = CARTESIAN_POINT ( 'NONE',  ( 210.8199999999999932, 0.000000000000000000, 2.000000000000000000 ) ) ;
#7250 = ADVANCED_FACE ( 'NONE', ( #3813 ), #4975, .F. ) ;
#7251 = ORIENTED_EDGE ( 'NONE', *, *, #7713, .T. ) ;
#7252 = LINE ( 'NONE', #7895, #586 ) ;
#7253 = VERTEX_POINT ( 'NONE', #5094 ) ;
#7254 = DIRECTION ( 'NONE',  ( 0.000000000000000000, 0.000000000000000000, 1.000000000000000000 ) ) ;
#7255 = CARTESIAN_POINT ( 'NONE',  ( 7.620000000000004547, 0.000000000000000000, 0.000000000000000000 ) ) ;
#7256 = LINE ( 'NONE', #5970, #7881 ) ;
#7257 = AXIS2_PLACEMENT_3D ( 'NONE', #6977, #3417, #5865 ) ;
#7258 = ORIENTED_EDGE ( 'NONE', *, *, #2283, .T. ) ;
#7259 = EDGE_CURVE ( 'NONE', #888, #7831, #404, .T. ) ;
#7260 = FACE_OUTER_BOUND ( 'NONE', #1078, .T. ) ;
#7261 = CIRCLE ( 'NONE', #3802, 1.250000000000001110 ) ;
#7262 = DIRECTION ( 'NONE',  ( -0.000000000000000000, -0.000000000000000000, -1.000000000000000000 ) ) ;
#7263 = FACE_BOUND ( 'NONE', #5838, .T. ) ;
#7264 = CARTESIAN_POINT ( 'NONE',  ( 190.5000000000000000, 0.000000000000000000, 0.000000000000000000 ) ) ;
#7265 = CARTESIAN_POINT ( 'NONE',  ( -158.7700000000000102, 0.000000000000000000, -0.2999999999999999889 ) ) ;
#7266 = EDGE_CURVE ( 'NONE', #6815, #2523, #2682, .T. ) ;
#7267 = CARTESIAN_POINT ( 'NONE',  ( -154.9399999999999977, 0.000000000000000000, 0.000000000000000000 ) ) ;
#7268 = CIRCLE ( 'NONE', #3283, 1.250000000000001110 ) ;
#7269 = EDGE_LOOP ( 'NONE', ( #6414, #1859 ) ) ;
#7270 = CARTESIAN_POINT ( 'NONE',  ( -160.0200000000000102, 0.000000000000000000, 0.000000000000000000 ) ) ;
#7271 = ORIENTED_EDGE ( 'NONE', *, *, #2859, .F. ) ;
#7272 = DIRECTION ( 'NONE',  ( 0.000000000000000000, 0.000000000000000000, 1.000000000000000000 ) ) ;
#7273 = AXIS2_PLACEMENT_3D ( 'NONE', #6706, #1258, #1144 ) ;
#7274 = ORIENTED_EDGE ( 'NONE', *, *, #1001, .T. ) ;
#7275 = DIRECTION ( 'NONE',  ( 0.000000000000000000, 0.000000000000000000, 1.000000000000000000 ) ) ;
#7276 = FACE_OUTER_BOUND ( 'NONE', #65, .T. ) ;
#7277 = EDGE_CURVE ( 'NONE', #6513, #335, #3972, .T. ) ;
#7278 = DIRECTION ( 'NONE',  ( 0.000000000000000000, 0.000000000000000000, 1.000000000000000000 ) ) ;
#7279 = ORIENTED_EDGE ( 'NONE', *, *, #2675, .F. ) ;
#7280 = ORIENTED_EDGE ( 'NONE', *, *, #5301, .F. ) ;
#7281 = AXIS2_PLACEMENT_3D ( 'NONE', #3135, #97, #2530 ) ;
#7282 = ORIENTED_EDGE ( 'NONE', *, *, #288, .F. ) ;
#7283 = FACE_BOUND ( 'NONE', #5591, .T. ) ;
#7284 = EDGE_CURVE ( 'NONE', #7297, #718, #4529, .T. ) ;
#7285 = CARTESIAN_POINT ( 'NONE',  ( -246.3799999999999955, 0.000000000000000000, -0.2999999999999999889 ) ) ;
#7286 = VERTEX_POINT ( 'NONE', #247 ) ;
#7287 = DIRECTION ( 'NONE',  ( 0.000000000000000000, 0.000000000000000000, 1.000000000000000000 ) ) ;
#7288 = AXIS2_PLACEMENT_3D ( 'NONE', #5736, #2678, #7618 ) ;
#7289 = CARTESIAN_POINT ( 'NONE',  ( 255.2900000000000205, 1.530808498934224111E-16, 2.000000000000000000 ) ) ;
#7290 = ORIENTED_EDGE ( 'NONE', *, *, #169, .T. ) ;
#7291 = CIRCLE ( 'NONE', #4978, 1.250000000000001110 ) ;
#7292 = EDGE_CURVE ( 'NONE', #6700, #4825, #4747, .T. ) ;
#7293 = DIRECTION ( 'NONE',  ( 0.000000000000000000, 0.000000000000000000, 1.000000000000000000 ) ) ;
#7294 = ORIENTED_EDGE ( 'NONE', *, *, #6048, .T. ) ;
#7295 = DIRECTION ( 'NONE',  ( 1.000000000000000000, 0.000000000000000000, 0.000000000000000000 ) ) ;
#7296 = CARTESIAN_POINT ( 'NONE',  ( -212.0700000000000216, 1.530808498934190091E-16, 0.000000000000000000 ) ) ;
#7297 = VERTEX_POINT ( 'NONE', #2606 ) ;
#7298 = DIRECTION ( 'NONE',  ( -0.000000000000000000, -0.000000000000000000, -1.000000000000000000 ) ) ;
#7299 = AXIS2_PLACEMENT_3D ( 'NONE', #6683, #6193, #2431 ) ;
#7300 = EDGE_CURVE ( 'NONE', #3781, #333, #2044, .T. ) ;
#7301 = DIRECTION ( 'NONE',  ( 1.000000000000000000, 0.000000000000000000, 0.000000000000000000 ) ) ;
#7302 = AXIS2_PLACEMENT_3D ( 'NONE', #1435, #3838, #3721 ) ;
#7303 = LINE ( 'NONE', #614, #6413 ) ;
#7304 = DIRECTION ( 'NONE',  ( 1.000000000000000000, 0.000000000000000000, 0.000000000000000000 ) ) ;
#7305 = DIRECTION ( 'NONE',  ( -1.000000000000000000, 0.000000000000000000, 0.000000000000000000 ) ) ;
#7306 = DIRECTION ( 'NONE',  ( 0.000000000000000000, 0.000000000000000000, 1.000000000000000000 ) ) ;
#7307 = ADVANCED_FACE ( 'NONE', ( #1402 ), #1364, .T. ) ;
#7308 = CIRCLE ( 'NONE', #5520, 1.250000000000001110 ) ;
#7309 = ORIENTED_EDGE ( 'NONE', *, *, #7259, .F. ) ;
#7310 = FACE_OUTER_BOUND ( 'NONE', #2586, .T. ) ;
#7311 = VERTEX_POINT ( 'NONE', #5740 ) ;
#7312 = ADVANCED_FACE ( 'NONE', ( #2086 ), #1965, .F. ) ;
#7313 = AXIS2_PLACEMENT_3D ( 'NONE', #496, #1168, #4778 ) ;
#7314 = CARTESIAN_POINT ( 'NONE',  ( 234.9700000000000273, 1.530808498934191571E-16, -0.2999999999999999889 ) ) ;
#7315 = CARTESIAN_POINT ( 'NONE',  ( -151.1100000000000136, 1.530808498934191571E-16, -0.2999999999999999889 ) ) ;
#7316 = CARTESIAN_POINT ( 'NONE',  ( -185.4200000000000159, 0.000000000000000000, 2.000000000000000000 ) ) ;
#7317 = CYLINDRICAL_SURFACE ( 'NONE', #1445, 1.250000000000001110 ) ;
#7318 = LINE ( 'NONE', #2422, #7612 ) ;
#7319 = ORIENTED_EDGE ( 'NONE', *, *, #2518, .F. ) ;
#7320 = ORIENTED_EDGE ( 'NONE', *, *, #760, .T. ) ;
#7321 = ORIENTED_EDGE ( 'NONE', *, *, #6876, .F. ) ;
#7322 = ADVANCED_FACE ( 'NONE', ( #5581 ), #93, .F. ) ;
#7323 = FACE_BOUND ( 'NONE', #7170, .T. ) ;
#7324 = DIRECTION ( 'NONE',  ( 0.000000000000000000, 0.000000000000000000, 1.000000000000000000 ) ) ;
#7325 = ORIENTED_EDGE ( 'NONE', *, *, #1438, .T. ) ;
#7326 = CIRCLE ( 'NONE', #1428, 1.250000000000001110 ) ;
#7327 = CARTESIAN_POINT ( 'NONE',  ( -2.540000000000020464, 0.000000000000000000, 2.000000000000000000 ) ) ;
#7328 = DIRECTION ( 'NONE',  ( 0.000000000000000000, 0.000000000000000000, 1.000000000000000000 ) ) ;
#7329 = EDGE_CURVE ( 'NONE', #2948, #6895, #3330, .T. ) ;
#7330 = ORIENTED_EDGE ( 'NONE', *, *, #2826, .T. ) ;
#7331 = DIRECTION ( 'NONE',  ( 0.000000000000000000, 0.000000000000000000, 1.000000000000000000 ) ) ;
#7332 = ORIENTED_EDGE ( 'NONE', *, *, #6476, .F. ) ;
#7333 = AXIS2_PLACEMENT_3D ( 'NONE', #6351, #148, #2060 ) ;
#7334 = DIRECTION ( 'NONE',  ( 0.000000000000000000, 0.000000000000000000, 1.000000000000000000 ) ) ;
#7335 = DIRECTION ( 'NONE',  ( -1.000000000000000000, 0.000000000000000000, 0.000000000000000000 ) ) ;
#7336 = EDGE_CURVE ( 'NONE', #5919, #5726, #4370, .T. ) ;
#7337 = ORIENTED_EDGE ( 'NONE', *, *, #3164, .F. ) ;
#7338 = CIRCLE ( 'NONE', #167, 1.250000000000001110 ) ;
#7339 = DIRECTION ( 'NONE',  ( 0.000000000000000000, 0.000000000000000000, 1.000000000000000000 ) ) ;
#7340 = PLANE ( 'NONE',  #3473 ) ;
#7341 = CARTESIAN_POINT ( 'NONE',  ( 186.6700000000000443, 0.000000000000000000, 0.000000000000000000 ) ) ;
#7342 = CARTESIAN_POINT ( 'NONE',  ( 158.7699999999999818, 1.530808498934190091E-16, 0.000000000000000000 ) ) ;
#7343 = AXIS2_PLACEMENT_3D ( 'NONE', #6943, #6902, #6981 ) ;
#7344 = ORIENTED_EDGE ( 'NONE', *, *, #7033, .F. ) ;
#7345 = CIRCLE ( 'NONE', #4917, 1.250000000000001110 ) ;
#7346 = DIRECTION ( 'NONE',  ( 1.000000000000000000, 0.000000000000000000, 0.000000000000000000 ) ) ;
#7347 = EDGE_LOOP ( 'NONE', ( #1497, #391, #6111, #5959 ) ) ;
#7348 = DIRECTION ( 'NONE',  ( 0.000000000000000000, 0.000000000000000000, 1.000000000000000000 ) ) ;
#7349 = ORIENTED_EDGE ( 'NONE', *, *, #5352, .F. ) ;
#7350 = CARTESIAN_POINT ( 'NONE',  ( 146.0299999999999727, 0.000000000000000000, 2.000000000000000000 ) ) ;
#7351 = DIRECTION ( 'NONE',  ( -1.000000000000000000, 0.000000000000000000, 0.000000000000000000 ) ) ;
#7352 = CIRCLE ( 'NONE', #2231, 1.250000000000001110 ) ;
#7353 = DIRECTION ( 'NONE',  ( 1.000000000000000000, 0.000000000000000000, 0.000000000000000000 ) ) ;
#7354 = ORIENTED_EDGE ( 'NONE', *, *, #24, .F. ) ;
#7355 = ORIENTED_EDGE ( 'NONE', *, *, #945, .F. ) ;
#7356 = ORIENTED_EDGE ( 'NONE', *, *, #2035, .T. ) ;
#7357 = FACE_BOUND ( 'NONE', #7785, .T. ) ;
#7358 = AXIS2_PLACEMENT_3D ( 'NONE', #5024, #3899, #7468 ) ;
#7359 = ADVANCED_FACE ( 'NONE', ( #3770 ), #5620, .F. ) ;
#7360 = CARTESIAN_POINT ( 'NONE',  ( -231.1400000000000148, 0.000000000000000000, 2.000000000000000000 ) ) ;
#7361 = ORIENTED_EDGE ( 'NONE', *, *, #1493, .T. ) ;
#7362 = DIRECTION ( 'NONE',  ( 1.000000000000000000, 0.000000000000000000, 0.000000000000000000 ) ) ;
#7363 = CARTESIAN_POINT ( 'NONE',  ( 12.69999999999998863, 0.000000000000000000, 2.000000000000000000 ) ) ;
#7364 = EDGE_CURVE ( 'NONE', #409, #3129, #6661, .T. ) ;
#7365 = EDGE_CURVE ( 'NONE', #4233, #4862, #4612, .T. ) ;
#7366 = CIRCLE ( 'NONE', #6972, 1.250000000000001110 ) ;
#7367 = CIRCLE ( 'NONE', #4036, 1.250000000000001110 ) ;
#7368 = EDGE_LOOP ( 'NONE', ( #3120, #1286 ) ) ;
#7369 = ORIENTED_EDGE ( 'NONE', *, *, #518, .F. ) ;
#7370 = DIRECTION ( 'NONE',  ( -1.000000000000000000, 0.000000000000000000, 0.000000000000000000 ) ) ;
#7371 = VECTOR ( 'NONE', #5558, 1000.000000000000000 ) ;
#7372 = VERTEX_POINT ( 'NONE', #5901 ) ;
#7373 = LINE ( 'NONE', #1875, #1840 ) ;
#7374 = CARTESIAN_POINT ( 'NONE',  ( -119.3799999999999955, 0.000000000000000000, 2.000000000000000000 ) ) ;
#7375 = VERTEX_POINT ( 'NONE', #7018 ) ;
#7376 = CIRCLE ( 'NONE', #5330, 1.249999999999973355 ) ;
#7377 = EDGE_CURVE ( 'NONE', #4192, #4004, #6665, .T. ) ;
#7378 = CYLINDRICAL_SURFACE ( 'NONE', #2397, 1.250000000000001110 ) ;
#7379 = DIRECTION ( 'NONE',  ( 0.000000000000000000, 0.000000000000000000, 1.000000000000000000 ) ) ;
#7380 = CARTESIAN_POINT ( 'NONE',  ( -144.7800000000000011, 0.000000000000000000, 0.000000000000000000 ) ) ;
#7381 = CARTESIAN_POINT ( 'NONE',  ( -78.74000000000000909, 0.000000000000000000, 2.000000000000000000 ) ) ;
#7382 = ORIENTED_EDGE ( 'NONE', *, *, #2556, .T. ) ;
#7383 = CIRCLE ( 'NONE', #5857, 1.250000000000001110 ) ;
#7384 = CYLINDRICAL_SURFACE ( 'NONE', #7822, 1.250000000000001110 ) ;
#7385 = ORIENTED_EDGE ( 'NONE', *, *, #3658, .T. ) ;
#7386 = EDGE_CURVE ( 'NONE', #5110, #1812, #930, .T. ) ;
#7387 = FACE_OUTER_BOUND ( 'NONE', #1394, .T. ) ;
#7388 = CARTESIAN_POINT ( 'NONE',  ( 170.1800000000000068, 0.000000000000000000, -0.2999999999999999889 ) ) ;
#7389 = DIRECTION ( 'NONE',  ( -1.000000000000000000, 0.000000000000000000, 0.000000000000000000 ) ) ;
#7390 = CYLINDRICAL_SURFACE ( 'NONE', #7459, 1.250000000000001110 ) ;
#7391 = VECTOR ( 'NONE', #4208, 1000.000000000000000 ) ;
#7392 = CARTESIAN_POINT ( 'NONE',  ( 29.19000000000000128, 0.000000000000000000, -0.2999999999999999889 ) ) ;
#7393 = ORIENTED_EDGE ( 'NONE', *, *, #2881, .T. ) ;
#7394 = ORIENTED_EDGE ( 'NONE', *, *, #7076, .T. ) ;
#7395 = ORIENTED_EDGE ( 'NONE', *, *, #5657, .T. ) ;
#7396 = FACE_BOUND ( 'NONE', #5245, .T. ) ;
#7397 = VECTOR ( 'NONE', #7196, 1000.000000000000000 ) ;
#7398 = DIRECTION ( 'NONE',  ( 1.000000000000000000, 0.000000000000000000, 0.000000000000000000 ) ) ;
#7399 = VERTEX_POINT ( 'NONE', #1526 ) ;
#7400 = CARTESIAN_POINT ( 'NONE',  ( -44.43000000000001393, 1.530808498934190091E-16, 0.000000000000000000 ) ) ;
#7401 = CARTESIAN_POINT ( 'NONE',  ( 63.50000000000000000, 0.000000000000000000, 0.000000000000000000 ) ) ;
#7402 = CARTESIAN_POINT ( 'NONE',  ( -217.1500000000000057, 1.530808498934190091E-16, 2.000000000000000000 ) ) ;
#7403 = AXIS2_PLACEMENT_3D ( 'NONE', #3896, #4060, #7710 ) ;
#7404 = ADVANCED_FACE ( 'NONE', ( #4014 ), #5221, .F. ) ;
#7405 = EDGE_LOOP ( 'NONE', ( #5197, #7354 ) ) ;
#7406 = ORIENTED_EDGE ( 'NONE', *, *, #4160, .F. ) ;
#7407 = CARTESIAN_POINT ( 'NONE',  ( -48.25999999999999091, 0.000000000000000000, 0.000000000000000000 ) ) ;
#7408 = ADVANCED_FACE ( 'NONE', ( #2128 ), #5339, .F. ) ;
#7409 = AXIS2_PLACEMENT_3D ( 'NONE', #5616, #4445, #726 ) ;
#7410 = ORIENTED_EDGE ( 'NONE', *, *, #3576, .T. ) ;
#7411 = FACE_OUTER_BOUND ( 'NONE', #5316, .T. ) ;
#7412 = DIRECTION ( 'NONE',  ( 1.000000000000000000, 0.000000000000000000, 0.000000000000000000 ) ) ;
#7413 = ORIENTED_EDGE ( 'NONE', *, *, #4140, .F. ) ;
#7414 = VECTOR ( 'NONE', #2363, 1000.000000000000000 ) ;
#7415 = EDGE_CURVE ( 'NONE', #7861, #2783, #6278, .T. ) ;
#7416 = CARTESIAN_POINT ( 'NONE',  ( 58.42000000000002302, 0.000000000000000000, -0.2999999999999999889 ) ) ;
#7417 = CARTESIAN_POINT ( 'NONE',  ( 6.370000000000004547, 1.530808498934191571E-16, -0.2999999999999999889 ) ) ;
#7418 = LINE ( 'NONE', #2040, #1439 ) ;
#7419 = ADVANCED_FACE ( 'NONE', ( #5298 ), #378, .T. ) ;
#7420 = AXIS2_PLACEMENT_3D ( 'NONE', #6875, #4429, #6912 ) ;
#7421 = ORIENTED_EDGE ( 'NONE', *, *, #849, .F. ) ;
#7422 = CARTESIAN_POINT ( 'NONE',  ( 17.77999999999997272, 0.000000000000000000, 2.000000000000000000 ) ) ;
#7423 = ORIENTED_EDGE ( 'NONE', *, *, #7702, .T. ) ;
#7424 = CARTESIAN_POINT ( 'NONE',  ( -194.3299999999999841, 0.000000000000000000, -0.2999999999999999889 ) ) ;
#7425 = CARTESIAN_POINT ( 'NONE',  ( -220.9800000000000182, 0.000000000000000000, 2.000000000000000000 ) ) ;
#7426 = DIRECTION ( 'NONE',  ( 1.000000000000000000, 0.000000000000000000, 0.000000000000000000 ) ) ;
#7427 = CIRCLE ( 'NONE', #2821, 1.250000000000001110 ) ;
#7428 = LINE ( 'NONE', #6861, #1832 ) ;
#7429 = DIRECTION ( 'NONE',  ( 1.000000000000000000, 0.000000000000000000, 0.000000000000000000 ) ) ;
#7430 = ORIENTED_EDGE ( 'NONE', *, *, #3900, .T. ) ;
#7431 = EDGE_CURVE ( 'NONE', #3293, #5387, #1051, .T. ) ;
#7432 = VERTEX_POINT ( 'NONE', #3372 ) ;
#7433 = VERTEX_POINT ( 'NONE', #457 ) ;
#7434 = FACE_BOUND ( 'NONE', #5678, .T. ) ;
#7435 = CARTESIAN_POINT ( 'NONE',  ( 251.4600000000000080, 0.000000000000000000, -0.2999999999999999889 ) ) ;
#7436 = ORIENTED_EDGE ( 'NONE', *, *, #2704, .T. ) ;
#7437 = DIRECTION ( 'NONE',  ( -0.000000000000000000, -0.000000000000000000, -1.000000000000000000 ) ) ;
#7438 = DIRECTION ( 'NONE',  ( -1.000000000000000000, 0.000000000000000000, 0.000000000000000000 ) ) ;
#7439 = CARTESIAN_POINT ( 'NONE',  ( 214.6499999999999773, 1.530808498934191571E-16, -0.2999999999999999889 ) ) ;
#7440 = AXIS2_PLACEMENT_3D ( 'NONE', #6397, #5843, #5199 ) ;
#7441 = VERTEX_POINT ( 'NONE', #2892 ) ;
#7442 = VERTEX_POINT ( 'NONE', #4615 ) ;
#7443 = FACE_OUTER_BOUND ( 'NONE', #7460, .T. ) ;
#7444 = AXIS2_PLACEMENT_3D ( 'NONE', #7044, #6167, #685 ) ;
#7445 = CARTESIAN_POINT ( 'NONE',  ( -191.7500000000000000, 1.530808498934190091E-16, 2.000000000000000000 ) ) ;
#7446 = VERTEX_POINT ( 'NONE', #5820 ) ;
#7447 = DIRECTION ( 'NONE',  ( 0.000000000000000000, 0.000000000000000000, 1.000000000000000000 ) ) ;
#7448 = DIRECTION ( 'NONE',  ( 0.000000000000000000, 0.000000000000000000, 1.000000000000000000 ) ) ;
#7449 = CIRCLE ( 'NONE', #3997, 1.250000000000001110 ) ;
#7450 = VERTEX_POINT ( 'NONE', #2810 ) ;
#7451 = EDGE_CURVE ( 'NONE', #5919, #912, #2955, .T. ) ;
#7452 = PRODUCT_DEFINITION ( '�', '', #2323, #1990 ) ;
#7453 = AXIS2_PLACEMENT_3D ( 'NONE', #2945, #3990, #472 ) ;
#7454 = DIRECTION ( 'NONE',  ( 1.000000000000000000, 0.000000000000000000, 0.000000000000000000 ) ) ;
#7455 = CARTESIAN_POINT ( 'NONE',  ( -231.1400000000000148, 0.000000000000000000, 0.000000000000000000 ) ) ;
#7456 = CYLINDRICAL_SURFACE ( 'NONE', #5021, 1.250000000000001110 ) ;
#7457 = EDGE_CURVE ( 'NONE', #5927, #5081, #275, .T. ) ;
#7458 = EDGE_CURVE ( 'NONE', #4860, #1864, #292, .T. ) ;
#7459 = AXIS2_PLACEMENT_3D ( 'NONE', #6632, #1145, #3589 ) ;
#7460 = EDGE_LOOP ( 'NONE', ( #6115, #1861, #3072, #1139 ) ) ;
#7461 = DIRECTION ( 'NONE',  ( 0.000000000000000000, 0.000000000000000000, 1.000000000000000000 ) ) ;
#7462 = EDGE_LOOP ( 'NONE', ( #184, #3054 ) ) ;
#7463 = LINE ( 'NONE', #2684, #2258 ) ;
#7464 = DIRECTION ( 'NONE',  ( 0.000000000000000000, 0.000000000000000000, 1.000000000000000000 ) ) ;
#7465 = EDGE_CURVE ( 'NONE', #5203, #7570, #4736, .T. ) ;
#7466 = CARTESIAN_POINT ( 'NONE',  ( 245.1299999999999955, 1.530808498934190091E-16, 0.000000000000000000 ) ) ;
#7467 = CARTESIAN_POINT ( 'NONE',  ( 41.93000000000000682, 1.530808498934190091E-16, 0.000000000000000000 ) ) ;
#7468 = DIRECTION ( 'NONE',  ( 1.000000000000000000, 0.000000000000000000, 0.000000000000000000 ) ) ;
#7469 = VERTEX_POINT ( 'NONE', #2726 ) ;
#7470 = VERTEX_POINT ( 'NONE', #7096 ) ;
#7471 = ORIENTED_EDGE ( 'NONE', *, *, #1010, .T. ) ;
#7472 = MECHANICAL_CONTEXT ( 'NONE', #5126, 'mechanical' ) ;
#7473 = LINE ( 'NONE', #6226, #5196 ) ;
#7474 = AXIS2_PLACEMENT_3D ( 'NONE', #6364, #7130, #7694 ) ;
#7475 = ORIENTED_EDGE ( 'NONE', *, *, #29, .T. ) ;
#7476 = EDGE_CURVE ( 'NONE', #2533, #5508, #2828, .T. ) ;
#7477 = FACE_OUTER_BOUND ( 'NONE', #6366, .T. ) ;
#7478 = CARTESIAN_POINT ( 'NONE',  ( 83.81999999999999318, 0.000000000000000000, 2.000000000000000000 ) ) ;
#7479 = CARTESIAN_POINT ( 'NONE',  ( 170.1800000000000068, 0.000000000000000000, -0.2999999999999999889 ) ) ;
#7480 = ORIENTED_EDGE ( 'NONE', *, *, #3239, .F. ) ;
#7481 = VECTOR ( 'NONE', #3378, 1000.000000000000000 ) ;
#7482 = ORIENTED_EDGE ( 'NONE', *, *, #3685, .F. ) ;
#7483 = DIRECTION ( 'NONE',  ( -0.000000000000000000, -0.000000000000000000, -1.000000000000000000 ) ) ;
#7484 = DIRECTION ( 'NONE',  ( 0.000000000000000000, 0.000000000000000000, 1.000000000000000000 ) ) ;
#7485 = VERTEX_POINT ( 'NONE', #889 ) ;
#7486 = EDGE_CURVE ( 'NONE', #4638, #3063, #7565, .T. ) ;
#7487 = AXIS2_PLACEMENT_3D ( 'NONE', #2669, #7484, #3916 ) ;
#7488 = DIRECTION ( 'NONE',  ( 0.000000000000000000, 0.000000000000000000, 1.000000000000000000 ) ) ;
#7489 = AXIS2_PLACEMENT_3D ( 'NONE', #7129, #6486, #2235 ) ;
#7490 = AXIS2_PLACEMENT_3D ( 'NONE', #6091, #533, #6729 ) ;
#7491 = DIRECTION ( 'NONE',  ( 0.000000000000000000, 0.000000000000000000, 1.000000000000000000 ) ) ;
#7492 = VERTEX_POINT ( 'NONE', #4998 ) ;
#7493 = AXIS2_PLACEMENT_3D ( 'NONE', #7285, #3633, #2308 ) ;
#7494 = EDGE_LOOP ( 'NONE', ( #999, #4030, #5935, #2470 ) ) ;
#7495 = CARTESIAN_POINT ( 'NONE',  ( -180.3400000000000034, 0.000000000000000000, 2.000000000000000000 ) ) ;
#7496 = DIRECTION ( 'NONE',  ( -0.000000000000000000, -0.000000000000000000, -1.000000000000000000 ) ) ;
#7497 = DIRECTION ( 'NONE',  ( 0.000000000000000000, 0.000000000000000000, 1.000000000000000000 ) ) ;
#7498 = CIRCLE ( 'NONE', #4691, 1.250000000000001110 ) ;
#7499 = ORIENTED_EDGE ( 'NONE', *, *, #4282, .F. ) ;
#7500 = DIRECTION ( 'NONE',  ( 0.000000000000000000, 0.000000000000000000, 1.000000000000000000 ) ) ;
#7501 = ORIENTED_EDGE ( 'NONE', *, *, #851, .T. ) ;
#7502 = AXIS2_PLACEMENT_3D ( 'NONE', #5222, #2771, #6462 ) ;
#7503 = CARTESIAN_POINT ( 'NONE',  ( -215.9000000000000057, 0.000000000000000000, -0.2999999999999999889 ) ) ;
#7504 = ADVANCED_FACE ( 'NONE', ( #2930 ), #5642, .F. ) ;
#7505 = DIRECTION ( 'NONE',  ( 1.000000000000000000, 0.000000000000000000, 0.000000000000000000 ) ) ;
#7506 = CARTESIAN_POINT ( 'NONE',  ( 26.68999999999999773, 1.530808498934191571E-16, -0.2999999999999999889 ) ) ;
#7507 = CARTESIAN_POINT ( 'NONE',  ( -52.09000000000000341, 0.000000000000000000, 2.000000000000000000 ) ) ;
#7508 = DIRECTION ( 'NONE',  ( 1.000000000000000000, 0.000000000000000000, 0.000000000000000000 ) ) ;
#7509 = VECTOR ( 'NONE', #3726, 1000.000000000000000 ) ;
#7510 = EDGE_LOOP ( 'NONE', ( #2416, #6448, #483, #1232 ) ) ;
#7511 = ORIENTED_EDGE ( 'NONE', *, *, #5228, .F. ) ;
#7512 = FACE_OUTER_BOUND ( 'NONE', #1309, .T. ) ;
#7513 = DIRECTION ( 'NONE',  ( 0.000000000000000000, 0.000000000000000000, 1.000000000000000000 ) ) ;
#7514 = ADVANCED_FACE ( 'NONE', ( #7443 ), #1728, .F. ) ;
#7515 = AXIS2_PLACEMENT_3D ( 'NONE', #6792, #5636, #147 ) ;
#7516 = ORIENTED_EDGE ( 'NONE', *, *, #1448, .T. ) ;
#7517 = CARTESIAN_POINT ( 'NONE',  ( 160.0199999999999818, 0.000000000000000000, -0.2999999999999999889 ) ) ;
#7518 = DIRECTION ( 'NONE',  ( 1.000000000000000000, 0.000000000000000000, 0.000000000000000000 ) ) ;
#7519 = DIRECTION ( 'NONE',  ( -1.000000000000000000, 0.000000000000000000, 0.000000000000000000 ) ) ;
#7520 = ORIENTED_EDGE ( 'NONE', *, *, #2751, .F. ) ;
#7521 = AXIS2_PLACEMENT_3D ( 'NONE', #2419, #7275, #3547 ) ;
#7522 = ADVANCED_FACE ( 'NONE', ( #3190 ), #1687, .F. ) ;
#7523 = EDGE_LOOP ( 'NONE', ( #6367, #2808, #5818, #1536 ) ) ;
#7524 = CYLINDRICAL_SURFACE ( 'NONE', #1042, 1.250000000000001110 ) ;
#7525 = LINE ( 'NONE', #1952, #3523 ) ;
#7526 = VERTEX_POINT ( 'NONE', #5420 ) ;
#7527 = DIRECTION ( 'NONE',  ( 0.000000000000000000, 0.000000000000000000, 1.000000000000000000 ) ) ;
#7528 = AXIS2_PLACEMENT_3D ( 'NONE', #7264, #5978, #4097 ) ;
#7529 = CARTESIAN_POINT ( 'NONE',  ( 102.8899999999999864, 1.530808498934190091E-16, 2.000000000000000000 ) ) ;
#7530 = LINE ( 'NONE', #682, #6846 ) ;
#7531 = ORIENTED_EDGE ( 'NONE', *, *, #2855, .T. ) ;
#7532 = EDGE_CURVE ( 'NONE', #2127, #7107, #4111, .T. ) ;
#7533 = AXIS2_PLACEMENT_3D ( 'NONE', #1960, #3846, #1321 ) ;
#7534 = VERTEX_POINT ( 'NONE', #536 ) ;
#7535 = DIRECTION ( 'NONE',  ( 0.000000000000000000, 0.000000000000000000, 1.000000000000000000 ) ) ;
#7536 = LINE ( 'NONE', #1482, #5744 ) ;
#7537 = CARTESIAN_POINT ( 'NONE',  ( 3.790000000000020908, 0.000000000000000000, 0.000000000000000000 ) ) ;
#7538 = EDGE_LOOP ( 'NONE', ( #5400, #4840 ) ) ;
#7539 = DIRECTION ( 'NONE',  ( 0.000000000000000000, 0.000000000000000000, 1.000000000000000000 ) ) ;
#7540 = ORIENTED_EDGE ( 'NONE', *, *, #3297, .F. ) ;
#7541 = CYLINDRICAL_SURFACE ( 'NONE', #7257, 1.250000000000001110 ) ;
#7542 = DIRECTION ( 'NONE',  ( 0.000000000000000000, 0.000000000000000000, 1.000000000000000000 ) ) ;
#7543 = DIRECTION ( 'NONE',  ( 0.000000000000000000, 0.000000000000000000, 1.000000000000000000 ) ) ;
#7544 = CARTESIAN_POINT ( 'NONE',  ( 261.6200000000000045, 0.000000000000000000, 2.000000000000000000 ) ) ;
#7545 = DIRECTION ( 'NONE',  ( -1.000000000000000000, 0.000000000000000000, 0.000000000000000000 ) ) ;
#7546 = EDGE_LOOP ( 'NONE', ( #4666, #4949, #467, #6389 ) ) ;
#7547 = ADVANCED_FACE ( 'NONE', ( #4354 ), #5605, .F. ) ;
#7548 = ORIENTED_EDGE ( 'NONE', *, *, #3498, .T. ) ;
#7549 = DIRECTION ( 'NONE',  ( 0.000000000000000000, 0.000000000000000000, 1.000000000000000000 ) ) ;
#7550 = AXIS2_PLACEMENT_3D ( 'NONE', #7189, #4255, #1136 ) ;
#7551 = DIRECTION ( 'NONE',  ( -1.000000000000000000, 0.000000000000000000, 0.000000000000000000 ) ) ;
#7552 = ORIENTED_EDGE ( 'NONE', *, *, #516, .F. ) ;
#7553 = CARTESIAN_POINT ( 'NONE',  ( 262.8700000000000045, 0.000000000000000000, 2.000000000000000000 ) ) ;
#7554 = DIRECTION ( 'NONE',  ( -1.000000000000000000, 0.000000000000000000, 0.000000000000000000 ) ) ;
#7555 = LINE ( 'NONE', #2103, #5379 ) ;
#7556 = EDGE_LOOP ( 'NONE', ( #5026, #436 ) ) ;
#7557 = VECTOR ( 'NONE', #6335, 1000.000000000000000 ) ;
#7558 = ORIENTED_EDGE ( 'NONE', *, *, #2979, .T. ) ;
#7559 = ADVANCED_FACE ( 'NONE', ( #3756 ), #2547, .T. ) ;
#7560 = ORIENTED_EDGE ( 'NONE', *, *, #7386, .F. ) ;
#7561 = CARTESIAN_POINT ( 'NONE',  ( 68.57999999999998408, 0.000000000000000000, -0.2999999999999999889 ) ) ;
#7562 = DIRECTION ( 'NONE',  ( -1.000000000000000000, 0.000000000000000000, 0.000000000000000000 ) ) ;
#7563 = ORIENTED_EDGE ( 'NONE', *, *, #1140, .F. ) ;
#7564 = AXIS2_PLACEMENT_3D ( 'NONE', #4136, #498, #2443 ) ;
#7565 = CIRCLE ( 'NONE', #5001, 1.250000000000001110 ) ;
#7566 = CARTESIAN_POINT ( 'NONE',  ( -138.4499999999999886, 0.000000000000000000, 2.000000000000000000 ) ) ;
#7567 = ADVANCED_FACE ( 'NONE', ( #7260 ), #5974, .F. ) ;
#7568 = DIRECTION ( 'NONE',  ( 0.000000000000000000, 0.000000000000000000, 1.000000000000000000 ) ) ;
#7569 = CYLINDRICAL_SURFACE ( 'NONE', #690, 1.250000000000001110 ) ;
#7570 = VERTEX_POINT ( 'NONE', #4394 ) ;
#7571 = CIRCLE ( 'NONE', #282, 1.250000000000001110 ) ;
#7572 = CIRCLE ( 'NONE', #1308, 1.249999999999973355 ) ;
#7573 = EDGE_LOOP ( 'NONE', ( #5, #1252, #2303, #2497 ) ) ;
#7574 = CARTESIAN_POINT ( 'NONE',  ( -195.5799999999999841, 0.000000000000000000, 2.000000000000000000 ) ) ;
#7575 = EDGE_CURVE ( 'NONE', #1036, #3520, #1804, .T. ) ;
#7576 = CARTESIAN_POINT ( 'NONE',  ( -256.5400000000000205, 0.000000000000000000, 2.000000000000000000 ) ) ;
#7577 = AXIS2_PLACEMENT_3D ( 'NONE', #3662, #7839, #5510 ) ;
#7578 = CARTESIAN_POINT ( 'NONE',  ( 139.6999999999999886, 0.000000000000000000, 0.000000000000000000 ) ) ;
#7579 = VECTOR ( 'NONE', #3692, 1000.000000000000000 ) ;
#7580 = ORIENTED_EDGE ( 'NONE', *, *, #1333, .T. ) ;
#7581 = CARTESIAN_POINT ( 'NONE',  ( 0.000000000000000000, 3.000000000000000000, 0.000000000000000000 ) ) ;
#7582 = ORIENTED_EDGE ( 'NONE', *, *, #1077, .T. ) ;
#7583 = AXIS2_PLACEMENT_3D ( 'NONE', #4751, #1703, #5878 ) ;
#7584 = FACE_OUTER_BOUND ( 'NONE', #348, .T. ) ;
#7585 = FACE_BOUND ( 'NONE', #4967, .T. ) ;
#7586 = DIRECTION ( 'NONE',  ( -0.000000000000000000, -0.000000000000000000, -1.000000000000000000 ) ) ;
#7587 = AXIS2_PLACEMENT_3D ( 'NONE', #127, #5692, #4404 ) ;
#7588 = FACE_OUTER_BOUND ( 'NONE', #7120, .T. ) ;
#7589 = AXIS2_PLACEMENT_3D ( 'NONE', #6874, #186, #3184 ) ;
#7590 = LINE ( 'NONE', #6982, #191 ) ;
#7591 = ORIENTED_EDGE ( 'NONE', *, *, #1767, .T. ) ;
#7592 = ORIENTED_EDGE ( 'NONE', *, *, #77, .F. ) ;
#7593 = DIRECTION ( 'NONE',  ( 1.000000000000000000, 0.000000000000000000, 0.000000000000000000 ) ) ;
#7594 = ORIENTED_EDGE ( 'NONE', *, *, #4235, .T. ) ;
#7595 = DIRECTION ( 'NONE',  ( 1.000000000000000000, 0.000000000000000000, 0.000000000000000000 ) ) ;
#7596 = DIRECTION ( 'NONE',  ( 1.000000000000000000, 0.000000000000000000, 0.000000000000000000 ) ) ;
#7597 = CARTESIAN_POINT ( 'NONE',  ( -140.9499999999999886, 1.530808498934190091E-16, 2.000000000000000000 ) ) ;
#7598 = ORIENTED_EDGE ( 'NONE', *, *, #5957, .T. ) ;
#7599 = EDGE_LOOP ( 'NONE', ( #646, #7234, #951, #605 ) ) ;
#7600 = EDGE_CURVE ( 'NONE', #654, #5016, #6654, .T. ) ;
#7601 = EDGE_LOOP ( 'NONE', ( #1040, #3860 ) ) ;
#7602 = CARTESIAN_POINT ( 'NONE',  ( -204.4900000000000091, 0.000000000000000000, 0.000000000000000000 ) ) ;
#7603 = CIRCLE ( 'NONE', #4743, 1.249999999999999334 ) ;
#7604 = DIRECTION ( 'NONE',  ( -1.000000000000000000, 0.000000000000000000, 0.000000000000000000 ) ) ;
#7605 = EDGE_LOOP ( 'NONE', ( #7776, #5307, #40, #2399 ) ) ;
#7606 = EDGE_CURVE ( 'NONE', #256, #6539, #2405, .T. ) ;
#7608 = ADVANCED_FACE ( 'NONE', ( #2327 ), #7181, .F. ) ;
#7607 = CARTESIAN_POINT ( 'NONE',  ( -48.25999999999999091, 0.000000000000000000, -0.2999999999999999889 ) ) ;
#7609 = DIRECTION ( 'NONE',  ( 1.000000000000000000, 0.000000000000000000, 0.000000000000000000 ) ) ;
#7610 = FACE_OUTER_BOUND ( 'NONE', #2807, .T. ) ;
#7611 = EDGE_CURVE ( 'NONE', #1708, #5565, #1546, .T. ) ;
#7612 = VECTOR ( 'NONE', #5588, 1000.000000000000000 ) ;
#7613 = ORIENTED_EDGE ( 'NONE', *, *, #2239, .F. ) ;
#7614 = VECTOR ( 'NONE', #7064, 1000.000000000000000 ) ;
#7615 = ORIENTED_EDGE ( 'NONE', *, *, #4772, .F. ) ;
#7616 = LINE ( 'NONE', #2082, #218 ) ;
#7617 = EDGE_CURVE ( 'NONE', #3799, #2153, #407, .T. ) ;
#7618 = DIRECTION ( 'NONE',  ( 1.000000000000000000, 0.000000000000000000, 0.000000000000000000 ) ) ;
#7619 = AXIS2_PLACEMENT_3D ( 'NONE', #799, #3801, #6764 ) ;
#7620 = DIRECTION ( 'NONE',  ( 0.000000000000000000, 0.000000000000000000, 1.000000000000000000 ) ) ;
#7621 = VERTEX_POINT ( 'NONE', #6615 ) ;
#7622 = AXIS2_PLACEMENT_3D ( 'NONE', #3268, #6881, #6276 ) ;
#7623 = VERTEX_POINT ( 'NONE', #6054 ) ;
#7624 = DIRECTION ( 'NONE',  ( -0.000000000000000000, -0.000000000000000000, -1.000000000000000000 ) ) ;
#7625 = EDGE_CURVE ( 'NONE', #7372, #5913, #4361, .T. ) ;
#7626 = EDGE_LOOP ( 'NONE', ( #7922, #7882 ) ) ;
#7627 = CYLINDRICAL_SURFACE ( 'NONE', #3275, 1.250000000000001110 ) ;
#7628 = AXIS2_PLACEMENT_3D ( 'NONE', #71, #2500, #4423 ) ;
#7629 = FACE_BOUND ( 'NONE', #7538, .T. ) ;
#7630 = LINE ( 'NONE', #2255, #1513 ) ;
#7631 = DIRECTION ( 'NONE',  ( 1.000000000000000000, 0.000000000000000000, 0.000000000000000000 ) ) ;
#7632 = DIRECTION ( 'NONE',  ( 0.000000000000000000, 0.000000000000000000, 1.000000000000000000 ) ) ;
#7633 = ORIENTED_EDGE ( 'NONE', *, *, #4698, .F. ) ;
#7634 = CIRCLE ( 'NONE', #2504, 1.249999999999999334 ) ;
#7635 = EDGE_CURVE ( 'NONE', #6882, #2217, #3724, .T. ) ;
#7636 = ORIENTED_EDGE ( 'NONE', *, *, #772, .F. ) ;
#7637 = DIRECTION ( 'NONE',  ( 1.000000000000000000, 0.000000000000000000, 0.000000000000000000 ) ) ;
#7638 = CYLINDRICAL_SURFACE ( 'NONE', #7764, 1.250000000000001110 ) ;
#7639 = VERTEX_POINT ( 'NONE', #5037 ) ;
#7640 = CARTESIAN_POINT ( 'NONE',  ( 247.6299999999999955, 0.000000000000000000, 0.000000000000000000 ) ) ;
#7641 = FACE_OUTER_BOUND ( 'NONE', #7546, .T. ) ;
#7642 = CIRCLE ( 'NONE', #4561, 1.250000000000001110 ) ;
#7643 = DIRECTION ( 'NONE',  ( -0.000000000000000000, -0.000000000000000000, -1.000000000000000000 ) ) ;
#7644 = ORIENTED_EDGE ( 'NONE', *, *, #6636, .T. ) ;
#7645 = ORIENTED_EDGE ( 'NONE', *, *, #2261, .F. ) ;
#7646 = EDGE_LOOP ( 'NONE', ( #1430, #7644, #3511, #3851 ) ) ;
#7647 = DIRECTION ( 'NONE',  ( 0.000000000000000000, 0.000000000000000000, 1.000000000000000000 ) ) ;
#7648 = VECTOR ( 'NONE', #6166, 1000.000000000000000 ) ;
#7649 = DIRECTION ( 'NONE',  ( -0.000000000000000000, 1.000000000000000000, 0.000000000000000000 ) ) ;
#7650 = ORIENTED_EDGE ( 'NONE', *, *, #1001, .F. ) ;
#7651 = CARTESIAN_POINT ( 'NONE',  ( 261.6200000000000045, 0.000000000000000000, -0.2999999999999999889 ) ) ;
#7652 = CARTESIAN_POINT ( 'NONE',  ( -82.56999999999999318, 0.000000000000000000, 0.000000000000000000 ) ) ;
#7653 = CARTESIAN_POINT ( 'NONE',  ( 99.06000000000000227, 0.000000000000000000, -0.2999999999999999889 ) ) ;
#7654 = CIRCLE ( 'NONE', #3162, 1.250000000000001110 ) ;
#7655 = ORIENTED_EDGE ( 'NONE', *, *, #4648, .F. ) ;
#7656 = EDGE_CURVE ( 'NONE', #1542, #2537, #17, .T. ) ;
#7657 = CARTESIAN_POINT ( 'NONE',  ( -190.5000000000000000, 0.000000000000000000, 2.000000000000000000 ) ) ;
#7658 = CIRCLE ( 'NONE', #6629, 1.250000000000001110 ) ;
#7659 = ORIENTED_EDGE ( 'NONE', *, *, #6493, .T. ) ;
#7660 = DIRECTION ( 'NONE',  ( -1.000000000000000000, 0.000000000000000000, 0.000000000000000000 ) ) ;
#7661 = CARTESIAN_POINT ( 'NONE',  ( -93.97999999999998977, 0.000000000000000000, 2.000000000000000000 ) ) ;
#7662 = DIRECTION ( 'NONE',  ( 1.000000000000000000, 0.000000000000000000, 0.000000000000000000 ) ) ;
#7663 = ORIENTED_EDGE ( 'NONE', *, *, #3658, .F. ) ;
#7664 = AXIS2_PLACEMENT_3D ( 'NONE', #3419, #894, #297 ) ;
#7665 = EDGE_LOOP ( 'NONE', ( #7243, #219 ) ) ;
#7666 = EDGE_CURVE ( 'NONE', #7623, #224, #4619, .T. ) ;
#7667 = DIRECTION ( 'NONE',  ( 0.000000000000000000, 0.000000000000000000, 1.000000000000000000 ) ) ;
#7668 = DIRECTION ( 'NONE',  ( 0.000000000000000000, 0.000000000000000000, 1.000000000000000000 ) ) ;
#7669 = VECTOR ( 'NONE', #4051, 1000.000000000000000 ) ;
#7670 = FACE_BOUND ( 'NONE', #5778, .T. ) ;
#7671 = CARTESIAN_POINT ( 'NONE',  ( 73.66000000000002501, 0.000000000000000000, 0.000000000000000000 ) ) ;
#7672 = CARTESIAN_POINT ( 'NONE',  ( -77.49000000000000909, 0.000000000000000000, 2.000000000000000000 ) ) ;
#7673 = ADVANCED_FACE ( 'NONE', ( #4433 ), #193, .F. ) ;
#7674 = DIRECTION ( 'NONE',  ( -0.000000000000000000, -0.000000000000000000, -1.000000000000000000 ) ) ;
#7675 = VERTEX_POINT ( 'NONE', #7602 ) ;
#7676 = CIRCLE ( 'NONE', #3310, 1.250000000000001110 ) ;
#7677 = EDGE_LOOP ( 'NONE', ( #5792, #3881, #1511, #4150 ) ) ;
#7678 = APPROVAL_DATE_TIME ( #4790, #5002 ) ;
#7679 = DIRECTION ( 'NONE',  ( 0.000000000000000000, 0.000000000000000000, 1.000000000000000000 ) ) ;
#7680 = VERTEX_POINT ( 'NONE', #5763 ) ;
#7681 = CARTESIAN_POINT ( 'NONE',  ( 17.77999999999997272, 0.000000000000000000, -0.2999999999999999889 ) ) ;
#7682 = DIRECTION ( 'NONE',  ( -0.000000000000000000, -0.000000000000000000, -1.000000000000000000 ) ) ;
#7683 = EDGE_CURVE ( 'NONE', #7433, #5927, #6880, .T. ) ;
#7684 = VERTEX_POINT ( 'NONE', #913 ) ;
#7685 = ORIENTED_EDGE ( 'NONE', *, *, #1245, .F. ) ;
#7686 = ORIENTED_EDGE ( 'NONE', *, *, #1391, .F. ) ;
#7687 = CIRCLE ( 'NONE', #2432, 1.250000000000001110 ) ;
#7688 = FACE_BOUND ( 'NONE', #1058, .T. ) ;
#7689 = CYLINDRICAL_SURFACE ( 'NONE', #5695, 1.249999999999999334 ) ;
#7690 = ORIENTED_EDGE ( 'NONE', *, *, #5900, .T. ) ;
#7691 = CARTESIAN_POINT ( 'NONE',  ( -134.6200000000000045, 0.000000000000000000, 2.000000000000000000 ) ) ;
#7692 = LINE ( 'NONE', #1556, #3237 ) ;
#7693 = CIRCLE ( 'NONE', #3842, 1.250000000000001110 ) ;
#7694 = DIRECTION ( 'NONE',  ( 1.000000000000000000, 0.000000000000000000, 0.000000000000000000 ) ) ;
#7695 = EDGE_LOOP ( 'NONE', ( #5237, #2718, #6743, #792 ) ) ;
#7696 = AXIS2_PLACEMENT_3D ( 'NONE', #7862, #3153, #4133 ) ;
#7697 = CARTESIAN_POINT ( 'NONE',  ( -7.620000000000004547, 0.000000000000000000, 0.000000000000000000 ) ) ;
#7698 = ORIENTED_EDGE ( 'NONE', *, *, #1797, .F. ) ;
#7699 = DIRECTION ( 'NONE',  ( 1.000000000000000000, 0.000000000000000000, 0.000000000000000000 ) ) ;
#7700 = LINE ( 'NONE', #3320, #1141 ) ;
#7701 = DIRECTION ( 'NONE',  ( 1.000000000000000000, 0.000000000000000000, 0.000000000000000000 ) ) ;
#7702 = EDGE_CURVE ( 'NONE', #7680, #7621, #3467, .T. ) ;
#7703 = VERTEX_POINT ( 'NONE', #5723 ) ;
#7704 = ORIENTED_EDGE ( 'NONE', *, *, #3194, .F. ) ;
#7705 = CARTESIAN_POINT ( 'NONE',  ( -246.3799999999999955, 0.000000000000000000, 0.000000000000000000 ) ) ;
#7706 = VECTOR ( 'NONE', #7081, 1000.000000000000000 ) ;
#7707 = AXIS2_PLACEMENT_3D ( 'NONE', #1105, #3546, #5991 ) ;
#7708 = CYLINDRICAL_SURFACE ( 'NONE', #2130, 1.250000000000001110 ) ;
#7709 = FACE_BOUND ( 'NONE', #72, .T. ) ;
#7710 = DIRECTION ( 'NONE',  ( 1.000000000000000000, 0.000000000000000000, 0.000000000000000000 ) ) ;
#7711 = ADVANCED_FACE ( 'NONE', ( #3227 ), #2627, .F. ) ;
#7712 = DIRECTION ( 'NONE',  ( 0.000000000000000000, 0.000000000000000000, 1.000000000000000000 ) ) ;
#7713 = EDGE_CURVE ( 'NONE', #2908, #4274, #917, .T. ) ;
#7714 = DIRECTION ( 'NONE',  ( -1.000000000000000000, 0.000000000000000000, 0.000000000000000000 ) ) ;
#7715 = VERTEX_POINT ( 'NONE', #2748 ) ;
#7716 = ORIENTED_EDGE ( 'NONE', *, *, #4374, .F. ) ;
#7717 = ADVANCED_FACE ( 'NONE', ( #6997 ), #7524, .F. ) ;
#7718 = VECTOR ( 'NONE', #1770, 1000.000000000000000 ) ;
#7719 = FACE_OUTER_BOUND ( 'NONE', #1629, .T. ) ;
#7720 = ORIENTED_EDGE ( 'NONE', *, *, #2712, .F. ) ;
#7721 = CIRCLE ( 'NONE', #7583, 1.250000000000001110 ) ;
#7722 = CARTESIAN_POINT ( 'NONE',  ( -201.9099999999999966, 1.530808498934190091E-16, 0.000000000000000000 ) ) ;
#7723 = DIRECTION ( 'NONE',  ( 1.000000000000000000, 0.000000000000000000, 0.000000000000000000 ) ) ;
#7724 = ORIENTED_EDGE ( 'NONE', *, *, #1057, .T. ) ;
#7725 = EDGE_LOOP ( 'NONE', ( #2927, #5542, #2637, #7877 ) ) ;
#7726 = AXIS2_PLACEMENT_3D ( 'NONE', #3739, #1259, #6070 ) ;
#7727 = EDGE_LOOP ( 'NONE', ( #4573, #4997, #6824, #941 ) ) ;
#7728 = FACE_BOUND ( 'NONE', #6806, .T. ) ;
#7729 = EDGE_CURVE ( 'NONE', #1776, #5700, #4486, .T. ) ;
#7730 = CARTESIAN_POINT ( 'NONE',  ( 93.98000000000001819, 0.000000000000000000, 0.000000000000000000 ) ) ;
#7731 = ORIENTED_EDGE ( 'NONE', *, *, #7825, .T. ) ;
#7732 = DIRECTION ( 'NONE',  ( 1.000000000000000000, 0.000000000000000000, 0.000000000000000000 ) ) ;
#7733 = AXIS2_PLACEMENT_3D ( 'NONE', #4456, #215, #4377 ) ;
#7734 = CYLINDRICAL_SURFACE ( 'NONE', #5052, 1.250000000000001110 ) ;
#7735 = CARTESIAN_POINT ( 'NONE',  ( -72.40999999999999659, 0.000000000000000000, -0.2999999999999999889 ) ) ;
#7736 = ORIENTED_EDGE ( 'NONE', *, *, #4059, .T. ) ;
#7737 = EDGE_CURVE ( 'NONE', #5607, #5290, #6158, .T. ) ;
#7738 = FACE_OUTER_BOUND ( 'NONE', #4487, .T. ) ;
#7739 = ORIENTED_EDGE ( 'NONE', *, *, #6685, .T. ) ;
#7740 = DIRECTION ( 'NONE',  ( 1.000000000000000000, 0.000000000000000000, 0.000000000000000000 ) ) ;
#7741 = VECTOR ( 'NONE', #1410, 1000.000000000000000 ) ;
#7742 = LINE ( 'NONE', #1762, #7414 ) ;
#7743 = CARTESIAN_POINT ( 'NONE',  ( -175.2599999999999909, 0.000000000000000000, 2.000000000000000000 ) ) ;
#7744 = ORIENTED_EDGE ( 'NONE', *, *, #980, .T. ) ;
#7745 = EDGE_LOOP ( 'NONE', ( #4091, #3771, #1365, #4498 ) ) ;
#7746 = CIRCLE ( 'NONE', #1468, 1.249999999999973355 ) ;
#7747 = DIRECTION ( 'NONE',  ( -1.000000000000000000, 0.000000000000000000, 0.000000000000000000 ) ) ;
#7748 = CARTESIAN_POINT ( 'NONE',  ( 206.9900000000000091, 0.000000000000000000, -0.2999999999999999889 ) ) ;
#7749 = FACE_BOUND ( 'NONE', #4690, .T. ) ;
#7750 = DIRECTION ( 'NONE',  ( -0.000000000000000000, -0.000000000000000000, -1.000000000000000000 ) ) ;
#7751 = CARTESIAN_POINT ( 'NONE',  ( 226.0600000000000023, 0.000000000000000000, 0.000000000000000000 ) ) ;
#7752 = CIRCLE ( 'NONE', #2241, 1.250000000000001110 ) ;
#7753 = AXIS2_PLACEMENT_3D ( 'NONE', #7810, #1119, #6003 ) ;
#7754 = EDGE_LOOP ( 'NONE', ( #6089, #2404, #269, #3873 ) ) ;
#7755 = ORIENTED_EDGE ( 'NONE', *, *, #366, .F. ) ;
#7756 = ADVANCED_FACE ( 'NONE', ( #3874 ), #6358, .F. ) ;
#7757 = PERSON_AND_ORGANIZATION ( #5423, #5405 ) ;
#7758 = AXIS2_PLACEMENT_3D ( 'NONE', #3066, #3032, #4198 ) ;
#7759 = CARTESIAN_POINT ( 'NONE',  ( -57.17000000000001592, 0.000000000000000000, -0.2999999999999999889 ) ) ;
#7760 = ORIENTED_EDGE ( 'NONE', *, *, #6295, .F. ) ;
#7761 = DIRECTION ( 'NONE',  ( 0.000000000000000000, 0.000000000000000000, 1.000000000000000000 ) ) ;
#7762 = DIRECTION ( 'NONE',  ( 1.000000000000000000, 0.000000000000000000, 0.000000000000000000 ) ) ;
#7763 = EDGE_LOOP ( 'NONE', ( #1449, #7766, #2348, #6228 ) ) ;
#7764 = AXIS2_PLACEMENT_3D ( 'NONE', #6348, #5753, #5148 ) ;
#7765 = ORIENTED_EDGE ( 'NONE', *, *, #4368, .F. ) ;
#7766 = ORIENTED_EDGE ( 'NONE', *, *, #6004, .T. ) ;
#7767 = EDGE_CURVE ( 'NONE', #7853, #1149, #6955, .T. ) ;
#7768 = FACE_BOUND ( 'NONE', #7094, .T. ) ;
#7769 = DIRECTION ( 'NONE',  ( 1.000000000000000000, 0.000000000000000000, 0.000000000000000000 ) ) ;
#7770 = AXIS2_PLACEMENT_3D ( 'NONE', #3894, #7020, #5262 ) ;
#7771 = ORIENTED_EDGE ( 'NONE', *, *, #5848, .T. ) ;
#7772 = CARTESIAN_POINT ( 'NONE',  ( -48.25999999999999091, 0.000000000000000000, 2.000000000000000000 ) ) ;
#7773 = CARTESIAN_POINT ( 'NONE',  ( -135.8700000000000045, 1.530808498934190091E-16, 2.000000000000000000 ) ) ;
#7774 = DIRECTION ( 'NONE',  ( -1.000000000000000000, 0.000000000000000000, 0.000000000000000000 ) ) ;
#7775 = EDGE_CURVE ( 'NONE', #2635, #5403, #1470, .T. ) ;
#7776 = ORIENTED_EDGE ( 'NONE', *, *, #6205, .F. ) ;
#7777 = CIRCLE ( 'NONE', #3672, 1.250000000000000000 ) ;
#7778 = CARTESIAN_POINT ( 'NONE',  ( -39.34999999999999432, 1.530808498934191571E-16, -0.2999999999999999889 ) ) ;
#7779 = ORIENTED_EDGE ( 'NONE', *, *, #7600, .F. ) ;
#7780 = DIRECTION ( 'NONE',  ( 1.000000000000000000, 0.000000000000000000, 0.000000000000000000 ) ) ;
#7781 = AXIS2_PLACEMENT_3D ( 'NONE', #6009, #6494, #4049 ) ;
#7782 = CARTESIAN_POINT ( 'NONE',  ( -237.4700000000000273, 1.530808498934191571E-16, -0.2999999999999999889 ) ) ;
#7783 = CARTESIAN_POINT ( 'NONE',  ( -156.1899999999999977, 1.530808498934190091E-16, 0.000000000000000000 ) ) ;
#7784 = EDGE_CURVE ( 'NONE', #283, #7684, #7571, .T. ) ;
#7785 = EDGE_LOOP ( 'NONE', ( #6594, #3216 ) ) ;
#7786 = EDGE_LOOP ( 'NONE', ( #3152, #5157, #915, #2967 ) ) ;
#7787 = AXIS2_PLACEMENT_3D ( 'NONE', #5059, #4337, #6257 ) ;
#7788 = CARTESIAN_POINT ( 'NONE',  ( -22.86000000000001720, 0.000000000000000000, 2.000000000000000000 ) ) ;
#7789 = DIRECTION ( 'NONE',  ( 0.000000000000000000, 0.000000000000000000, 1.000000000000000000 ) ) ;
#7790 = FACE_BOUND ( 'NONE', #6705, .T. ) ;
#7791 = CARTESIAN_POINT ( 'NONE',  ( 124.4599999999999937, 0.000000000000000000, 2.000000000000000000 ) ) ;
#7792 = CYLINDRICAL_SURFACE ( 'NONE', #7233, 1.250000000000001110 ) ;
#7794 = AXIS2_PLACEMENT_3D ( 'NONE', #6658, #1171, #5344 ) ;
#7793 = DIRECTION ( 'NONE',  ( 0.000000000000000000, 0.000000000000000000, 1.000000000000000000 ) ) ;
#7795 = ORIENTED_EDGE ( 'NONE', *, *, #2730, .T. ) ;
#7796 = VERTEX_POINT ( 'NONE', #1509 ) ;
#7797 = AXIS2_PLACEMENT_3D ( 'NONE', #1011, #6411, #7051 ) ;
#7798 = CARTESIAN_POINT ( 'NONE',  ( -133.3700000000000045, 0.000000000000000000, -0.2999999999999999889 ) ) ;
#7799 = EDGE_LOOP ( 'NONE', ( #5529, #5873 ) ) ;
#7800 = DIRECTION ( 'NONE',  ( 0.000000000000000000, 0.000000000000000000, 1.000000000000000000 ) ) ;
#7801 = FACE_OUTER_BOUND ( 'NONE', #3361, .T. ) ;
#7802 = ADVANCED_FACE ( 'NONE', ( #3957 ), #872, .F. ) ;
#7803 = ORIENTED_EDGE ( 'NONE', *, *, #3466, .F. ) ;
#7804 = ORIENTED_EDGE ( 'NONE', *, *, #820, .F. ) ;
#7805 = ORIENTED_EDGE ( 'NONE', *, *, #2556, .F. ) ;
#7806 = FACE_BOUND ( 'NONE', #229, .T. ) ;
#7807 = FACE_OUTER_BOUND ( 'NONE', #7027, .T. ) ;
#7808 = ORIENTED_EDGE ( 'NONE', *, *, #2602, .F. ) ;
#7809 = CARTESIAN_POINT ( 'NONE',  ( -255.2900000000000773, 0.000000000000000000, 0.000000000000000000 ) ) ;
#7810 = CARTESIAN_POINT ( 'NONE',  ( -134.6200000000000045, 0.000000000000000000, -0.2999999999999999889 ) ) ;
#7811 = ADVANCED_FACE ( 'NONE', ( #355 ), #3595, .F. ) ;
#7812 = CIRCLE ( 'NONE', #2306, 1.250000000000001110 ) ;
#7813 = ORIENTED_EDGE ( 'NONE', *, *, #7026, .F. ) ;
#7814 = DIRECTION ( 'NONE',  ( 0.000000000000000000, 0.000000000000000000, 1.000000000000000000 ) ) ;
#7815 = ORIENTED_EDGE ( 'NONE', *, *, #7737, .T. ) ;
#7816 = ADVANCED_FACE ( 'NONE', ( #2790 ), #7078, .F. ) ;
#7817 = AXIS2_PLACEMENT_3D ( 'NONE', #691, #7500, #6935 ) ;
#7818 = DIRECTION ( 'NONE',  ( 0.000000000000000000, 0.000000000000000000, 1.000000000000000000 ) ) ;
#7819 = DIRECTION ( 'NONE',  ( 0.000000000000000000, 0.000000000000000000, 1.000000000000000000 ) ) ;
#7820 = LINE ( 'NONE', #2322, #5830 ) ;
#7821 = ORIENTED_EDGE ( 'NONE', *, *, #7300, .T. ) ;
#7822 = AXIS2_PLACEMENT_3D ( 'NONE', #1849, #620, #14 ) ;
#7823 = ORIENTED_EDGE ( 'NONE', *, *, #2918, .T. ) ;
#7824 = DIRECTION ( 'NONE',  ( 0.000000000000000000, 0.000000000000000000, 1.000000000000000000 ) ) ;
#7825 = EDGE_CURVE ( 'NONE', #6519, #2875, #4117, .T. ) ;
#7826 = DIRECTION ( 'NONE',  ( -1.000000000000000000, 0.000000000000000000, 0.000000000000000000 ) ) ;
#7827 = FACE_BOUND ( 'NONE', #4162, .T. ) ;
#7828 = DIRECTION ( 'NONE',  ( -1.000000000000000000, 0.000000000000000000, 0.000000000000000000 ) ) ;
#7829 = CARTESIAN_POINT ( 'NONE',  ( -99.06000000000000227, 0.000000000000000000, 0.000000000000000000 ) ) ;
#7830 = DIRECTION ( 'NONE',  ( -0.000000000000000000, -0.000000000000000000, -1.000000000000000000 ) ) ;
#7831 = VERTEX_POINT ( 'NONE', #4757 ) ;
#7832 = FACE_OUTER_BOUND ( 'NONE', #6853, .T. ) ;
#7833 = EDGE_LOOP ( 'NONE', ( #5658, #1324 ) ) ;
#7834 = AXIS2_PLACEMENT_3D ( 'NONE', #3397, #1000, #5886 ) ;
#7835 = CIRCLE ( 'NONE', #6285, 1.250000000000001110 ) ;
#7836 = APPROVAL_STATUS ( 'not_yet_approved' ) ;
#7837 = EDGE_CURVE ( 'NONE', #5879, #180, #4761, .T. ) ;
#7838 = CARTESIAN_POINT ( 'NONE',  ( 144.7799999999999727, 0.000000000000000000, -0.2999999999999999889 ) ) ;
#7839 = DIRECTION ( 'NONE',  ( 0.000000000000000000, 0.000000000000000000, 1.000000000000000000 ) ) ;
#7840 = CARTESIAN_POINT ( 'NONE',  ( -74.91000000000001080, 1.530808498934191571E-16, -0.2999999999999999889 ) ) ;
#7841 = CARTESIAN_POINT ( 'NONE',  ( -90.15000000000000568, 1.530808498934190091E-16, 2.000000000000000000 ) ) ;
#7842 = AXIS2_PLACEMENT_3D ( 'NONE', #673, #3109, #4547 ) ;
#7843 = ORIENTED_EDGE ( 'NONE', *, *, #4640, .T. ) ;
#7844 = VERTEX_POINT ( 'NONE', #1749 ) ;
#7845 = ORIENTED_EDGE ( 'NONE', *, *, #2849, .F. ) ;
#7846 = DIRECTION ( 'NONE',  ( 0.000000000000000000, 0.000000000000000000, 1.000000000000000000 ) ) ;
#7847 = VECTOR ( 'NONE', #786, 1000.000000000000000 ) ;
#7848 = CARTESIAN_POINT ( 'NONE',  ( -190.5000000000000000, 0.000000000000000000, 2.000000000000000000 ) ) ;
#7849 = EDGE_LOOP ( 'NONE', ( #2739, #30 ) ) ;
#7850 = DIRECTION ( 'NONE',  ( 0.000000000000000000, 0.000000000000000000, 1.000000000000000000 ) ) ;
#7851 = CARTESIAN_POINT ( 'NONE',  ( -156.1899999999999977, 1.530808498934190091E-16, 2.000000000000000000 ) ) ;
#7852 = ADVANCED_FACE ( 'NONE', ( #4721, #996, #2871, #5401, #2307, #5321, #2831, #7203, #1709, #399, #3432, #3470, #5921, #4639, #2190, #7244, #4154, #439, #2230, #7768, #7688, #7163, #519, #4038, #6520, #1113, #7122, #4195, #5280, #2349, #6481, #3554, #478, #1668, #4114, #5999, #1071, #2950, #3512, #5883, #2911, #5362, #6638, #7728, #4682, #1631, #7806, #2988, #7396, #31, #1339, #6677, #633, #3144, #69, #3065, #596, #2498, #4952, #6076, #1190, #5593, #3031, #7357, #2538, #5484, #4838, #3632, #4915, #4308, #7283, #7926, #4988, #6714, #4236, #1901, #1790, #2426, #4344, #1230, #6186, #705, #1265, #1826, #104, #1300, #4270, #6789, #7434, #4877, #556, #5557, #1940, #4383, #7323, #1862, #6826, #3670, #6112, #5521, #6751, #3786, #2463, #3708, #5442 ), #3746, .T. ) ;
#7853 = VERTEX_POINT ( 'NONE', #669 ) ;
#7854 = DIRECTION ( 'NONE',  ( 0.000000000000000000, 0.000000000000000000, 1.000000000000000000 ) ) ;
#7855 = EDGE_CURVE ( 'NONE', #2783, #7861, #2565, .T. ) ;
#7856 = VERTEX_POINT ( 'NONE', #4422 ) ;
#7857 = AXIS2_PLACEMENT_3D ( 'NONE', #2688, #2531, #2012 ) ;
#7858 = DIRECTION ( 'NONE',  ( 0.000000000000000000, 0.000000000000000000, 1.000000000000000000 ) ) ;
#7859 = DIRECTION ( 'NONE',  ( -1.000000000000000000, 0.000000000000000000, 0.000000000000000000 ) ) ;
#7860 = CARTESIAN_POINT ( 'NONE',  ( 170.1800000000000068, 0.000000000000000000, 2.000000000000000000 ) ) ;
#7861 = VERTEX_POINT ( 'NONE', #3823 ) ;
#7862 = CARTESIAN_POINT ( 'NONE',  ( 129.5400000000000205, 0.000000000000000000, -0.2999999999999999889 ) ) ;
#7863 = EDGE_CURVE ( 'NONE', #2495, #3003, #7835, .T. ) ;
#7864 = AXIS2_PLACEMENT_3D ( 'NONE', #5748, #254, #858 ) ;
#7865 = CARTESIAN_POINT ( 'NONE',  ( -185.4200000000000159, 0.000000000000000000, -0.2999999999999999889 ) ) ;
#7866 = FACE_BOUND ( 'NONE', #189, .T. ) ;
#7867 = FACE_OUTER_BOUND ( 'NONE', #2270, .T. ) ;
#7868 = LINE ( 'NONE', #4857, #7718 ) ;
#7869 = DIRECTION ( 'NONE',  ( 1.000000000000000000, 0.000000000000000000, 0.000000000000000000 ) ) ;
#7870 = AXIS2_PLACEMENT_3D ( 'NONE', #2160, #1404, #2279 ) ;
#7871 = ADVANCED_FACE ( 'NONE', ( #2056 ), #782, .F. ) ;
#7872 = EDGE_LOOP ( 'NONE', ( #4317, #595 ) ) ;
#7873 = CARTESIAN_POINT ( 'NONE',  ( -153.6899999999999977, 0.000000000000000000, -0.2999999999999999889 ) ) ;
#7874 = EDGE_LOOP ( 'NONE', ( #1896, #2747, #7088, #4512 ) ) ;
#7875 = DIRECTION ( 'NONE',  ( -0.000000000000000000, -0.000000000000000000, -1.000000000000000000 ) ) ;
#7876 = CIRCLE ( 'NONE', #712, 1.250000000000001110 ) ;
#7877 = ORIENTED_EDGE ( 'NONE', *, *, #2261, .T. ) ;
#7878 = DIRECTION ( 'NONE',  ( 1.000000000000000000, 0.000000000000000000, 0.000000000000000000 ) ) ;
#7879 = AXIS2_PLACEMENT_3D ( 'NONE', #4849, #3645, #5497 ) ;
#7880 = CARTESIAN_POINT ( 'NONE',  ( -114.3000000000000114, 0.000000000000000000, 0.000000000000000000 ) ) ;
#7881 = VECTOR ( 'NONE', #1722, 1000.000000000000000 ) ;
#7882 = ORIENTED_EDGE ( 'NONE', *, *, #6493, .F. ) ;
#7883 = ADVANCED_FACE ( 'NONE', ( #303 ), #1414, .F. ) ;
#7884 = ORIENTED_EDGE ( 'NONE', *, *, #6371, .T. ) ;
#7885 = AXIS2_PLACEMENT_3D ( 'NONE', #7360, #4156, #2913 ) ;
#7886 = ORIENTED_EDGE ( 'NONE', *, *, #5890, .F. ) ;
#7887 = CARTESIAN_POINT ( 'NONE',  ( 0.000000000000000000, 0.000000000000000000, 0.000000000000000000 ) ) ;
#7888 = DIRECTION ( 'NONE',  ( -0.000000000000000000, -0.000000000000000000, -1.000000000000000000 ) ) ;
#7889 = VERTEX_POINT ( 'NONE', #901 ) ;
#7890 = CARTESIAN_POINT ( 'NONE',  ( -63.50000000000000000, 0.000000000000000000, -0.2999999999999999889 ) ) ;
#7891 = AXIS2_PLACEMENT_3D ( 'NONE', #5509, #1700, #5392 ) ;
#7892 = CARTESIAN_POINT ( 'NONE',  ( 237.4700000000000557, 0.000000000000000000, 0.000000000000000000 ) ) ;
#7893 = ORIENTED_EDGE ( 'NONE', *, *, #6821, .F. ) ;
#7894 = AXIS2_PLACEMENT_3D ( 'NONE', #2931, #5300, #6577 ) ;
#7895 = CARTESIAN_POINT ( 'NONE',  ( 1.290000000000020464, 1.530808498934191571E-16, -0.2999999999999999889 ) ) ;
#7896 = VERTEX_POINT ( 'NONE', #2097 ) ;
#7897 = FACE_OUTER_BOUND ( 'NONE', #6652, .T. ) ;
#7898 = DIRECTION ( 'NONE',  ( 0.000000000000000000, 0.000000000000000000, 1.000000000000000000 ) ) ;
#7899 = DIRECTION ( 'NONE',  ( -0.000000000000000000, -0.000000000000000000, -1.000000000000000000 ) ) ;
#7900 = VECTOR ( 'NONE', #7789, 1000.000000000000000 ) ;
#7901 = ORIENTED_EDGE ( 'NONE', *, *, #5571, .T. ) ;
#7902 = EDGE_CURVE ( 'NONE', #6750, #2875, #5712, .T. ) ;
#7903 = DIRECTION ( 'NONE',  ( -1.000000000000000000, 0.000000000000000000, 0.000000000000000000 ) ) ;
#7904 = AXIS2_PLACEMENT_3D ( 'NONE', #7574, #7009, #844 ) ;
#7905 = CARTESIAN_POINT ( 'NONE',  ( -190.5000000000000000, 0.000000000000000000, -0.2999999999999999889 ) ) ;
#7906 = FACE_BOUND ( 'NONE', #3179, .T. ) ;
#7907 = DIRECTION ( 'NONE',  ( -1.000000000000000000, -0.000000000000000000, 0.000000000000000000 ) ) ;
#7908 = FACE_OUTER_BOUND ( 'NONE', #7347, .T. ) ;
#7909 = CARTESIAN_POINT ( 'NONE',  ( -210.8199999999999932, 0.000000000000000000, 2.000000000000000000 ) ) ;
#7910 = EDGE_CURVE ( 'NONE', #6251, #853, #6673, .T. ) ;
#7911 = AXIS2_PLACEMENT_3D ( 'NONE', #4564, #5213, #7660 ) ;
#7912 = ORIENTED_EDGE ( 'NONE', *, *, #4969, .F. ) ;
#7913 = DIRECTION ( 'NONE',  ( 0.000000000000000000, 0.000000000000000000, 1.000000000000000000 ) ) ;
#7914 = EDGE_LOOP ( 'NONE', ( #1599, #2158 ) ) ;
#7915 = DIRECTION ( 'NONE',  ( 1.000000000000000000, 0.000000000000000000, 0.000000000000000000 ) ) ;
#7916 = VECTOR ( 'NONE', #5192, 1000.000000000000000 ) ;
#7917 = DIRECTION ( 'NONE',  ( -0.000000000000000000, -0.000000000000000000, -1.000000000000000000 ) ) ;
#7918 = ADVANCED_FACE ( 'NONE', ( #7512 ), #2140, .F. ) ;
#7919 = FACE_OUTER_BOUND ( 'NONE', #345, .T. ) ;
#7920 = DIRECTION ( 'NONE',  ( -0.000000000000000000, -0.000000000000000000, -1.000000000000000000 ) ) ;
#7921 = DIRECTION ( 'NONE',  ( 0.000000000000000000, 0.000000000000000000, 1.000000000000000000 ) ) ;
#7922 = ORIENTED_EDGE ( 'NONE', *, *, #1531, .F. ) ;
#7923 = VERTEX_POINT ( 'NONE', #1375 ) ;
#7924 = CIRCLE ( 'NONE', #6756, 1.250000000000001110 ) ;
#7925 = ORIENTED_EDGE ( 'NONE', *, *, #2041, .T. ) ;
#7926 = FACE_BOUND ( 'NONE', #4582, .T. ) ;
#7927 = DIRECTION ( 'NONE',  ( 1.000000000000000000, 0.000000000000000000, 0.000000000000000000 ) ) ;
#7928 = ORIENTED_EDGE ( 'NONE', *, *, #1550, .F. ) ;
#7929 = EDGE_CURVE ( 'NONE', #5376, #7433, #3854, .T. ) ;
#7930 = DIRECTION ( 'NONE',  ( -1.000000000000000000, 0.000000000000000000, 0.000000000000000000 ) ) ;
#7931 = CIRCLE ( 'NONE', #2664, 1.250000000000001110 ) ;
#7932 = CARTESIAN_POINT ( 'NONE',  ( -83.81999999999999318, 0.000000000000000000, 2.000000000000000000 ) ) ;
#7933 = ORIENTED_EDGE ( 'NONE', *, *, #3543, .F. ) ;
ENDSEC;
END-ISO-10303-21;
