ISO-10303-21;
HEADER;
FILE_DESCRIPTION (( 'STEP AP203' ),
    '1' );
FILE_NAME ('SideFrame_V09_SecureLidInner.STEP',
    '2026-08-26T12:14:37',
    ( '' ),
    ( '' ),
    'SwSTEP 2.0',
    'SolidWorks 2025',
    '' );
FILE_SCHEMA (( 'CONFIG_CONTROL_DESIGN' ));
ENDSEC;

DATA;
#1 = VECTOR ( 'NONE', #4211, 1000.000000000000000 ) ;
#2 = ORIENTED_EDGE ( 'NONE', *, *, #1353, .F. ) ;
#3 = EDGE_LOOP ( 'NONE', ( #3014, #4255 ) ) ;
#4 = AXIS2_PLACEMENT_3D ( 'NONE', #1534, #541, #3857 ) ;
#5 = ORIENTED_EDGE ( 'NONE', *, *, #3878, .T. ) ;
#6 = CARTESIAN_POINT ( 'NONE',  ( -2.299999999999999822, -190.0000000000000000, 25.60000000000000142 ) ) ;
#7 = ADVANCED_FACE ( 'NONE', ( #2075 ), #3075, .F. ) ;
#8 = CIRCLE ( 'NONE', #3005, 2.749999999999999112 ) ;
#9 = VERTEX_POINT ( 'NONE', #3028 ) ;
#10 = DIRECTION ( 'NONE',  ( 1.000000000000000000, 0.000000000000000000, -0.000000000000000000 ) ) ;
#11 = FACE_BOUND ( 'NONE', #229, .T. ) ;
#12 = ORIENTED_EDGE ( 'NONE', *, *, #3424, .F. ) ;
#13 = EDGE_CURVE ( 'NONE', #1024, #303, #3008, .T. ) ;
#14 = CARTESIAN_POINT ( 'NONE',  ( 2.000000000000000000, -170.0000000000000000, 65.25000000000000000 ) ) ;
#15 = PLANE ( 'NONE',  #923 ) ;
#16 = PLANE ( 'NONE',  #1407 ) ;
#17 = VERTEX_POINT ( 'NONE', #2007 ) ;
#18 = AXIS2_PLACEMENT_3D ( 'NONE', #2857, #4263, #889 ) ;
#19 = CIRCLE ( 'NONE', #2467, 2.750000000000002665 ) ;
#20 = LINE ( 'NONE', #654, #1975 ) ;
#21 = DIRECTION ( 'NONE',  ( 1.000000000000000000, 0.000000000000000000, 0.000000000000000000 ) ) ;
#22 = DIRECTION ( 'NONE',  ( 0.000000000000000000, 0.000000000000000000, 1.000000000000000000 ) ) ;
#23 = VERTEX_POINT ( 'NONE', #39 ) ;
#24 = EDGE_CURVE ( 'NONE', #642, #3566, #987, .T. ) ;
#25 = ORIENTED_EDGE ( 'NONE', *, *, #2829, .F. ) ;
#26 = EDGE_LOOP ( 'NONE', ( #1915, #2235 ) ) ;
#27 = CARTESIAN_POINT ( 'NONE',  ( -2.000000000000000000, -129.0000000000000000, 52.00000000000000711 ) ) ;
#28 = DIRECTION ( 'NONE',  ( 1.000000000000000000, 0.000000000000000000, 0.000000000000000000 ) ) ;
#29 = AXIS2_PLACEMENT_3D ( 'NONE', #27, #702, #4259 ) ;
#30 = ORIENTED_EDGE ( 'NONE', *, *, #851, .F. ) ;
#31 = CARTESIAN_POINT ( 'NONE',  ( -2.299999999999999822, 190.0000000000000000, 22.39999999999999858 ) ) ;
#32 = FACE_BOUND ( 'NONE', #2560, .T. ) ;
#33 = CARTESIAN_POINT ( 'NONE',  ( 2.000000000000000000, 0.000000000000000000, 100.0000000000000000 ) ) ;
#34 = VERTEX_POINT ( 'NONE', #1382 ) ;
#35 = LINE ( 'NONE', #3669, #2931 ) ;
#36 = DIRECTION ( 'NONE',  ( 0.000000000000000000, 0.000000000000000000, -1.000000000000000000 ) ) ;
#37 = DIRECTION ( 'NONE',  ( 0.000000000000000000, 0.000000000000000000, 1.000000000000000000 ) ) ;
#38 = ORIENTED_EDGE ( 'NONE', *, *, #513, .F. ) ;
#39 = CARTESIAN_POINT ( 'NONE',  ( -1.500000000000000000, 115.0000000000000000, 90.00000000000000000 ) ) ;
#40 = DIRECTION ( 'NONE',  ( 1.000000000000000000, 0.000000000000000000, 0.000000000000000000 ) ) ;
#41 = CARTESIAN_POINT ( 'NONE',  ( -2.000000000000000000, -210.0000000000000000, 0.000000000000000000 ) ) ;
#42 = ORIENTED_EDGE ( 'NONE', *, *, #1878, .T. ) ;
#43 = ORIENTED_EDGE ( 'NONE', *, *, #2525, .F. ) ;
#44 = CARTESIAN_POINT ( 'NONE',  ( -1.500000000000000000, -184.0000000000000000, 40.07179676972445748 ) ) ;
#45 = DIRECTION ( 'NONE',  ( 1.000000000000000000, 0.000000000000000000, 0.000000000000000000 ) ) ;
#46 = EDGE_LOOP ( 'NONE', ( #233, #4038 ) ) ;
#47 = LINE ( 'NONE', #772, #1124 ) ;
#48 = EDGE_CURVE ( 'NONE', #2970, #1064, #2332, .T. ) ;
#49 = ORIENTED_EDGE ( 'NONE', *, *, #2650, .T. ) ;
#50 = DIRECTION ( 'NONE',  ( 1.000000000000000000, 0.000000000000000000, -0.000000000000000000 ) ) ;
#51 = DIRECTION ( 'NONE',  ( -0.000000000000000000, 0.000000000000000000, -1.000000000000000000 ) ) ;
#52 = DIRECTION ( 'NONE',  ( 1.000000000000000000, 0.000000000000000000, 0.000000000000000000 ) ) ;
#53 = EDGE_CURVE ( 'NONE', #3531, #2752, #3638, .T. ) ;
#54 = CARTESIAN_POINT ( 'NONE',  ( 2.000000000000000000, 0.000000000000000000, 24.00000000000000000 ) ) ;
#55 = CARTESIAN_POINT ( 'NONE',  ( -1.500000000000000000, -60.00000000000000000, 30.00000000000000000 ) ) ;
#56 = CARTESIAN_POINT ( 'NONE',  ( -2.000000000000000000, -60.00000000000000000, 43.00000000000000000 ) ) ;
#57 = ADVANCED_FACE ( 'NONE', ( #3371 ), #409, .F. ) ;
#58 = CARTESIAN_POINT ( 'NONE',  ( 2.000000000000000000, 198.0000000000000000, 24.00000000000000000 ) ) ;
#59 = AXIS2_PLACEMENT_3D ( 'NONE', #3455, #77, #1090 ) ;
#60 = CARTESIAN_POINT ( 'NONE',  ( 1.500000000000000000, 163.0000000000000000, 92.00000000000000000 ) ) ;
#61 = DIRECTION ( 'NONE',  ( 1.000000000000000000, 0.000000000000000000, 0.000000000000000000 ) ) ;
#62 = EDGE_LOOP ( 'NONE', ( #2459, #2480, #879, #2001 ) ) ;
#63 = CIRCLE ( 'NONE', #2987, 2.000000000000001776 ) ;
#64 = VERTEX_POINT ( 'NONE', #1312 ) ;
#65 = EDGE_CURVE ( 'NONE', #1318, #2693, #1052, .T. ) ;
#66 = CIRCLE ( 'NONE', #1198, 2.750000000000002665 ) ;
#67 = DIRECTION ( 'NONE',  ( -0.000000000000000000, 0.000000000000000000, -1.000000000000000000 ) ) ;
#68 = AXIS2_PLACEMENT_3D ( 'NONE', #1157, #2153, #2412 ) ;
#69 = AXIS2_PLACEMENT_3D ( 'NONE', #3870, #4238, #1265 ) ;
#70 = ORIENTED_EDGE ( 'NONE', *, *, #3271, .F. ) ;
#71 = CYLINDRICAL_SURFACE ( 'NONE', #555, 1.600000000000000755 ) ;
#72 = CIRCLE ( 'NONE', #563, 2.000000000000001776 ) ;
#73 = VECTOR ( 'NONE', #3003, 1000.000000000000000 ) ;
#74 = AXIS2_PLACEMENT_3D ( 'NONE', #945, #4002, #2607 ) ;
#75 = ORIENTED_EDGE ( 'NONE', *, *, #93, .F. ) ;
#76 = DIRECTION ( 'NONE',  ( 0.000000000000000000, 0.000000000000000000, -1.000000000000000000 ) ) ;
#77 = DIRECTION ( 'NONE',  ( 1.000000000000000000, 0.000000000000000000, -0.000000000000000000 ) ) ;
#78 = DIRECTION ( 'NONE',  ( 1.000000000000000000, 0.000000000000000000, 0.000000000000000000 ) ) ;
#79 = FACE_OUTER_BOUND ( 'NONE', #4274, .T. ) ;
#80 = AXIS2_PLACEMENT_3D ( 'NONE', #242, #1146, #3159 ) ;
#81 = CARTESIAN_POINT ( 'NONE',  ( 2.000000000000000000, 191.5999999999999943, 24.00000000000000000 ) ) ;
#82 = DIRECTION ( 'NONE',  ( 0.000000000000000000, 1.000000000000000000, 0.000000000000000000 ) ) ;
#83 = CIRCLE ( 'NONE', #2596, 5.100000000000000533 ) ;
#84 = ORIENTED_EDGE ( 'NONE', *, *, #3316, .T. ) ;
#85 = CARTESIAN_POINT ( 'NONE',  ( 1.500000000000000000, 0.000000000000000000, 24.00000000000000000 ) ) ;
#86 = EDGE_CURVE ( 'NONE', #3470, #4080, #20, .T. ) ;
#87 = CARTESIAN_POINT ( 'NONE',  ( 0.000000000000000000, 154.0000000000000000, 104.0000000000000142 ) ) ;
#88 = VERTEX_POINT ( 'NONE', #1728 ) ;
#89 = AXIS2_PLACEMENT_3D ( 'NONE', #4000, #1988, #318 ) ;
#90 = VECTOR ( 'NONE', #1720, 1000.000000000000000 ) ;
#91 = VERTEX_POINT ( 'NONE', #3047 ) ;
#92 = LINE ( 'NONE', #2481, #278 ) ;
#93 = EDGE_CURVE ( 'NONE', #2230, #2706, #3321, .T. ) ;
#94 = ORIENTED_EDGE ( 'NONE', *, *, #1476, .T. ) ;
#95 = CARTESIAN_POINT ( 'NONE',  ( 1.500000000000000000, 115.0000000000000000, 94.00000000000000000 ) ) ;
#96 = DIRECTION ( 'NONE',  ( 0.000000000000000000, 0.000000000000000000, -1.000000000000000000 ) ) ;
#97 = CARTESIAN_POINT ( 'NONE',  ( -2.299999999999999822, -72.09999999999999432, 6.000000000000000000 ) ) ;
#98 = CARTESIAN_POINT ( 'NONE',  ( -2.000000000000000000, -122.0000000000000000, 90.00000000000001421 ) ) ;
#99 = LINE ( 'NONE', #3478, #1488 ) ;
#100 = VERTEX_POINT ( 'NONE', #739 ) ;
#101 = EDGE_CURVE ( 'NONE', #3026, #64, #442, .T. ) ;
#102 = DIRECTION ( 'NONE',  ( 1.000000000000000000, 0.000000000000000000, -0.000000000000000000 ) ) ;
#103 = VERTEX_POINT ( 'NONE', #2033 ) ;
#104 = CARTESIAN_POINT ( 'NONE',  ( -2.000000000000000000, 194.5999999999999943, 6.000000000000000000 ) ) ;
#105 = CARTESIAN_POINT ( 'NONE',  ( 2.000000000000000000, -184.0000000000000000, 40.07179676972445748 ) ) ;
#106 = DIRECTION ( 'NONE',  ( -1.000000000000000000, -0.000000000000000000, 0.000000000000000000 ) ) ;
#107 = EDGE_LOOP ( 'NONE', ( #830, #1821, #3845, #3134 ) ) ;
#108 = ORIENTED_EDGE ( 'NONE', *, *, #4149, .F. ) ;
#109 = PERSON_AND_ORGANIZATION_ROLE ( 'creator' ) ;
#110 = CARTESIAN_POINT ( 'NONE',  ( 0.000000000000000000, 84.99999999999998579, 90.00000000000000000 ) ) ;
#111 = EDGE_LOOP ( 'NONE', ( #1226, #1998 ) ) ;
#112 = DIRECTION ( 'NONE',  ( 0.000000000000000000, -0.000000000000000000, 1.000000000000000000 ) ) ;
#113 = EDGE_CURVE ( 'NONE', #991, #3941, #1660, .T. ) ;
#114 = EDGE_LOOP ( 'NONE', ( #362, #2317, #4213, #2539 ) ) ;
#115 = DIRECTION ( 'NONE',  ( 1.000000000000000000, 0.000000000000000000, -0.000000000000000000 ) ) ;
#116 = DIRECTION ( 'NONE',  ( 1.000000000000000000, 0.000000000000000000, -0.000000000000000000 ) ) ;
#117 = DIRECTION ( 'NONE',  ( 0.000000000000000000, 0.000000000000000000, 1.000000000000000000 ) ) ;
#118 = CARTESIAN_POINT ( 'NONE',  ( -2.000000000000000000, 60.00000000000000000, 32.75000000000000000 ) ) ;
#119 = DIRECTION ( 'NONE',  ( -1.000000000000000000, -0.000000000000000000, -0.000000000000000000 ) ) ;
#120 = EDGE_CURVE ( 'NONE', #1174, #815, #227, .T. ) ;
#121 = ORIENTED_EDGE ( 'NONE', *, *, #3097, .T. ) ;
#122 = DIRECTION ( 'NONE',  ( 1.000000000000000000, 0.000000000000000000, -0.000000000000000000 ) ) ;
#123 = ORIENTED_EDGE ( 'NONE', *, *, #2788, .T. ) ;
#124 = CARTESIAN_POINT ( 'NONE',  ( -2.299999999999999822, 72.09999999999999432, 18.25000000000000355 ) ) ;
#125 = CARTESIAN_POINT ( 'NONE',  ( 1.500000000000000000, 0.000000000000000000, 94.00000000000000000 ) ) ;
#126 = CARTESIAN_POINT ( 'NONE',  ( 2.000000000000000000, 202.0000000000000000, 25.60000000000000142 ) ) ;
#127 = ORIENTED_EDGE ( 'NONE', *, *, #506, .T. ) ;
#128 = ADVANCED_FACE ( 'NONE', ( #1030 ), #3655, .F. ) ;
#129 = ORIENTED_EDGE ( 'NONE', *, *, #1179, .T. ) ;
#130 = DATE_TIME_ROLE ( 'creation_date' ) ;
#131 = CARTESIAN_POINT ( 'NONE',  ( -2.000000000000000000, 61.25000000000000000, 6.000000000000000000 ) ) ;
#132 = VERTEX_POINT ( 'NONE', #339 ) ;
#133 = DIRECTION ( 'NONE',  ( 1.000000000000000000, 0.000000000000000000, -0.000000000000000000 ) ) ;
#134 = CIRCLE ( 'NONE', #760, 2.250000000000000444 ) ;
#135 = AXIS2_PLACEMENT_3D ( 'NONE', #3498, #1504, #3145 ) ;
#136 = CARTESIAN_POINT ( 'NONE',  ( 0.000000000000000000, -198.0000000000000000, 96.00000000000000000 ) ) ;
#137 = FACE_OUTER_BOUND ( 'NONE', #174, .T. ) ;
#138 = EDGE_CURVE ( 'NONE', #634, #2414, #2946, .T. ) ;
#139 = DIRECTION ( 'NONE',  ( 0.000000000000000000, -1.000000000000000000, -0.000000000000000000 ) ) ;
#140 = CIRCLE ( 'NONE', #1402, 1.700000000000000178 ) ;
#141 = VECTOR ( 'NONE', #3972, 1000.000000000000000 ) ;
#142 = AXIS2_PLACEMENT_3D ( 'NONE', #1592, #2917, #3824 ) ;
#143 = CARTESIAN_POINT ( 'NONE',  ( 0.000000000000000000, -60.00000000000000000, 90.00000000000001421 ) ) ;
#144 = DIRECTION ( 'NONE',  ( -0.000000000000000000, 1.000000000000000000, 0.000000000000000000 ) ) ;
#145 = AXIS2_PLACEMENT_3D ( 'NONE', #1405, #3372, #2127 ) ;
#146 = EDGE_CURVE ( 'NONE', #2360, #789, #1863, .T. ) ;
#147 = CIRCLE ( 'NONE', #707, 2.250000000000000444 ) ;
#148 = DIRECTION ( 'NONE',  ( 1.000000000000000000, 0.000000000000000000, 0.000000000000000000 ) ) ;
#149 = EDGE_LOOP ( 'NONE', ( #3019, #3776, #1785, #2342 ) ) ;
#150 = FACE_OUTER_BOUND ( 'NONE', #3537, .T. ) ;
#151 = CARTESIAN_POINT ( 'NONE',  ( 1.500000000000000000, 163.0000000000000000, 90.00000000000000000 ) ) ;
#152 = VERTEX_POINT ( 'NONE', #4143 ) ;
#153 = VERTEX_POINT ( 'NONE', #2144 ) ;
#154 = APPROVAL_STATUS ( 'not_yet_approved' ) ;
#155 = CARTESIAN_POINT ( 'NONE',  ( -2.000000000000000000, -184.0000000000000000, 40.07179676972445748 ) ) ;
#156 = AXIS2_PLACEMENT_3D ( 'NONE', #475, #1168, #2820 ) ;
#157 = ORIENTED_EDGE ( 'NONE', *, *, #13, .F. ) ;
#158 = DIRECTION ( 'NONE',  ( 1.000000000000000000, 0.000000000000000000, -0.000000000000000000 ) ) ;
#159 = EDGE_CURVE ( 'NONE', #4296, #3497, #2536, .T. ) ;
#160 = CIRCLE ( 'NONE', #1774, 2.000000000000001776 ) ;
#161 = ORIENTED_EDGE ( 'NONE', *, *, #2982, .T. ) ;
#162 = CARTESIAN_POINT ( 'NONE',  ( -2.299999999999999822, 0.000000000000000000, 30.00000000000000000 ) ) ;
#163 = PLANE ( 'NONE',  #1127 ) ;
#164 = DIRECTION ( 'NONE',  ( 0.000000000000000000, 1.000000000000000000, 0.000000000000000000 ) ) ;
#165 = CIRCLE ( 'NONE', #3711, 2.250000000000001776 ) ;
#166 = FACE_OUTER_BOUND ( 'NONE', #3528, .T. ) ;
#167 = CARTESIAN_POINT ( 'NONE',  ( -2.299999999999999822, -194.5999999999999943, 16.00000000000000000 ) ) ;
#168 = ORIENTED_EDGE ( 'NONE', *, *, #2788, .F. ) ;
#169 = LINE ( 'NONE', #3834, #2187 ) ;
#170 = ORIENTED_EDGE ( 'NONE', *, *, #3125, .T. ) ;
#171 = DIRECTION ( 'NONE',  ( 0.000000000000000000, 0.000000000000000000, -1.000000000000000000 ) ) ;
#172 = CARTESIAN_POINT ( 'NONE',  ( -2.000000000000000000, -60.00000000000000000, 90.00000000000001421 ) ) ;
#173 = ORIENTED_EDGE ( 'NONE', *, *, #2692, .F. ) ;
#174 = EDGE_LOOP ( 'NONE', ( #1968, #2039, #3428, #2567 ) ) ;
#175 = PERSON_AND_ORGANIZATION_ROLE ( 'design_owner' ) ;
#176 = CARTESIAN_POINT ( 'NONE',  ( -2.299999999999999822, 115.0000000000000000, 102.0000000000000142 ) ) ;
#177 = EDGE_CURVE ( 'NONE', #2655, #1515, #2116, .T. ) ;
#178 = ORIENTED_EDGE ( 'NONE', *, *, #3366, .T. ) ;
#179 = LINE ( 'NONE', #2499, #4245 ) ;
#180 = ORIENTED_EDGE ( 'NONE', *, *, #3780, .T. ) ;
#181 = EDGE_CURVE ( 'NONE', #331, #1615, #1074, .T. ) ;
#182 = CARTESIAN_POINT ( 'NONE',  ( 2.000000000000000000, -194.5999999999999943, 4.299999999999999822 ) ) ;
#183 = FACE_BOUND ( 'NONE', #791, .T. ) ;
#184 = DIRECTION ( 'NONE',  ( 1.000000000000000000, 0.000000000000000000, -0.000000000000000000 ) ) ;
#185 = DIRECTION ( 'NONE',  ( 0.000000000000000000, 0.000000000000000000, 1.000000000000000000 ) ) ;
#186 = EDGE_CURVE ( 'NONE', #2122, #4148, #826, .T. ) ;
#187 = ORIENTED_EDGE ( 'NONE', *, *, #113, .F. ) ;
#188 = CARTESIAN_POINT ( 'NONE',  ( 1.500000000000000000, -184.0000000000000000, 24.00000000000000000 ) ) ;
#189 = VERTEX_POINT ( 'NONE', #1846 ) ;
#190 = CARTESIAN_POINT ( 'NONE',  ( -1.500000000000000000, 193.0000000000000000, 90.00000000000000000 ) ) ;
#191 = PLANE ( 'NONE',  #2371 ) ;
#192 = EDGE_CURVE ( 'NONE', #294, #1492, #169, .T. ) ;
#193 = EDGE_LOOP ( 'NONE', ( #4099, #2953 ) ) ;
#194 = ORIENTED_EDGE ( 'NONE', *, *, #192, .T. ) ;
#195 = LINE ( 'NONE', #2873, #3620 ) ;
#196 = EDGE_LOOP ( 'NONE', ( #3074, #1242 ) ) ;
#197 = DIRECTION ( 'NONE',  ( -1.000000000000000000, -0.000000000000000000, 0.000000000000000000 ) ) ;
#198 = VECTOR ( 'NONE', #374, 1000.000000000000000 ) ;
#199 = EDGE_CURVE ( 'NONE', #4183, #2613, #2604, .T. ) ;
#200 = ORIENTED_EDGE ( 'NONE', *, *, #3375, .F. ) ;
#201 = AXIS2_PLACEMENT_3D ( 'NONE', #97, #800, #1508 ) ;
#202 = CARTESIAN_POINT ( 'NONE',  ( 0.000000000000000000, -198.0000000000000000, 24.00000000000000000 ) ) ;
#203 = EDGE_LOOP ( 'NONE', ( #346, #1238, #3060, #4028 ) ) ;
#204 = FACE_BOUND ( 'NONE', #2865, .T. ) ;
#205 = AXIS2_PLACEMENT_3D ( 'NONE', #816, #1738, #3471 ) ;
#206 = CARTESIAN_POINT ( 'NONE',  ( 1.500000000000000000, -190.0000000000000000, 24.00000000000000000 ) ) ;
#207 = CARTESIAN_POINT ( 'NONE',  ( 0.000000000000000000, 103.0000000000000142, 100.0000000000000000 ) ) ;
#208 = CIRCLE ( 'NONE', #4314, 5.100000000000000533 ) ;
#209 = VECTOR ( 'NONE', #3154, 1000.000000000000000 ) ;
#210 = VECTOR ( 'NONE', #777, 1000.000000000000000 ) ;
#211 = ORIENTED_EDGE ( 'NONE', *, *, #1665, .F. ) ;
#212 = CIRCLE ( 'NONE', #2996, 1.600000000000000755 ) ;
#213 = AXIS2_PLACEMENT_3D ( 'NONE', #3589, #2229, #2922 ) ;
#214 = ADVANCED_FACE ( 'NONE', ( #2099 ), #457, .F. ) ;
#215 = PLANE ( 'NONE',  #2727 ) ;
#216 = DIRECTION ( 'NONE',  ( -1.000000000000000000, -0.000000000000000000, 0.000000000000000000 ) ) ;
#217 = VECTOR ( 'NONE', #2984, 1000.000000000000000 ) ;
#218 = ORIENTED_EDGE ( 'NONE', *, *, #2936, .F. ) ;
#219 = DIRECTION ( 'NONE',  ( 0.000000000000000000, 0.000000000000000000, -1.000000000000000000 ) ) ;
#220 = CYLINDRICAL_SURFACE ( 'NONE', #2449, 1.600000000000000755 ) ;
#221 = ORIENTED_EDGE ( 'NONE', *, *, #1459, .T. ) ;
#222 = VECTOR ( 'NONE', #2071, 1000.000000000000000 ) ;
#223 = EDGE_CURVE ( 'NONE', #3531, #2130, #3704, .T. ) ;
#224 = ORIENTED_EDGE ( 'NONE', *, *, #1316, .T. ) ;
#225 = FACE_OUTER_BOUND ( 'NONE', #114, .T. ) ;
#226 = ORIENTED_EDGE ( 'NONE', *, *, #921, .F. ) ;
#227 = CIRCLE ( 'NONE', #1565, 2.250000000000001776 ) ;
#228 = ORIENTED_EDGE ( 'NONE', *, *, #3043, .F. ) ;
#229 = EDGE_LOOP ( 'NONE', ( #395, #2218, #2582, #4147, #474, #543, #708, #1307, #1243, #2, #4152, #2426, #526, #2675, #592, #1281, #2402, #306, #2952, #3653, #1173 ) ) ;
#230 = FACE_BOUND ( 'NONE', #638, .T. ) ;
#231 = EDGE_CURVE ( 'NONE', #281, #3096, #2817, .T. ) ;
#232 = AXIS2_PLACEMENT_3D ( 'NONE', #167, #1445, #4089 ) ;
#233 = ORIENTED_EDGE ( 'NONE', *, *, #3646, .F. ) ;
#234 = AXIS2_PLACEMENT_3D ( 'NONE', #2284, #257, #916 ) ;
#235 = AXIS2_PLACEMENT_3D ( 'NONE', #3692, #1635, #2343 ) ;
#236 = CARTESIAN_POINT ( 'NONE',  ( -2.299999999999999822, -170.0000000000000000, 65.25000000000000000 ) ) ;
#237 = DIRECTION ( 'NONE',  ( 0.000000000000000000, 0.000000000000000000, -1.000000000000000000 ) ) ;
#238 = EDGE_CURVE ( 'NONE', #3566, #2897, #3485, .T. ) ;
#239 = ORIENTED_EDGE ( 'NONE', *, *, #177, .T. ) ;
#240 = DIRECTION ( 'NONE',  ( -1.000000000000000000, 0.000000000000000000, 0.000000000000000000 ) ) ;
#241 = CARTESIAN_POINT ( 'NONE',  ( -2.000000000000000000, -61.25000000000000000, 6.000000000000000000 ) ) ;
#242 = CARTESIAN_POINT ( 'NONE',  ( -2.000000000000000000, 202.0000000000000000, 24.00000000000000000 ) ) ;
#243 = CARTESIAN_POINT ( 'NONE',  ( 2.000000000000000000, 198.0000000000000000, 24.00000000000000000 ) ) ;
#244 = EDGE_CURVE ( 'NONE', #1598, #1319, #1514, .T. ) ;
#245 = VERTEX_POINT ( 'NONE', #1799 ) ;
#246 = VERTEX_POINT ( 'NONE', #4072 ) ;
#247 = DIRECTION ( 'NONE',  ( 1.000000000000000000, 0.000000000000000000, 0.000000000000000000 ) ) ;
#248 = ORIENTED_EDGE ( 'NONE', *, *, #327, .F. ) ;
#249 = ORIENTED_EDGE ( 'NONE', *, *, #2427, .T. ) ;
#250 = EDGE_LOOP ( 'NONE', ( #464, #3524, #784, #1867 ) ) ;
#251 = FACE_BOUND ( 'NONE', #2974, .T. ) ;
#252 = ADVANCED_FACE ( 'NONE', ( #2509 ), #1098, .T. ) ;
#253 = CYLINDRICAL_SURFACE ( 'NONE', #69, 2.000000000000001776 ) ;
#254 = CARTESIAN_POINT ( 'NONE',  ( 0.000000000000000000, -184.0000000000000000, 18.00000000000000355 ) ) ;
#255 = ORIENTED_EDGE ( 'NONE', *, *, #2966, .T. ) ;
#256 = EDGE_CURVE ( 'NONE', #189, #4200, #3356, .T. ) ;
#257 = DIRECTION ( 'NONE',  ( -0.000000000000000000, 0.000000000000000000, -1.000000000000000000 ) ) ;
#258 = DIRECTION ( 'NONE',  ( -1.000000000000000000, -0.000000000000000000, 0.000000000000000000 ) ) ;
#259 = CARTESIAN_POINT ( 'NONE',  ( -2.000000000000000000, 190.0000000000000000, 24.00000000000000000 ) ) ;
#260 = CARTESIAN_POINT ( 'NONE',  ( -1.500000000000000000, 133.0000000000000000, 92.00000000000000000 ) ) ;
#261 = ORIENTED_EDGE ( 'NONE', *, *, #606, .T. ) ;
#262 = DIRECTION ( 'NONE',  ( 0.000000000000000000, 0.000000000000000000, -1.000000000000000000 ) ) ;
#263 = ORIENTED_EDGE ( 'NONE', *, *, #2669, .T. ) ;
#264 = EDGE_CURVE ( 'NONE', #91, #2320, #759, .T. ) ;
#265 = VERTEX_POINT ( 'NONE', #2471 ) ;
#266 = ORIENTED_EDGE ( 'NONE', *, *, #1254, .T. ) ;
#267 = CARTESIAN_POINT ( 'NONE',  ( 2.000000000000000000, 193.0000000000000000, 102.0000000000000142 ) ) ;
#268 = CIRCLE ( 'NONE', #408, 1.700000000000000178 ) ;
#269 = ADVANCED_FACE ( 'NONE', ( #4120 ), #436, .T. ) ;
#270 = CARTESIAN_POINT ( 'NONE',  ( -2.000000000000000000, -191.5999999999999943, 24.00000000000000000 ) ) ;
#271 = CYLINDRICAL_SURFACE ( 'NONE', #1427, 2.750000000000002665 ) ;
#272 = FACE_BOUND ( 'NONE', #1152, .T. ) ;
#273 = ORIENTED_EDGE ( 'NONE', *, *, #3594, .T. ) ;
#274 = AXIS2_PLACEMENT_3D ( 'NONE', #3783, #2115, #2462 ) ;
#275 = AXIS2_PLACEMENT_3D ( 'NONE', #523, #1147, #1865 ) ;
#276 = CARTESIAN_POINT ( 'NONE',  ( 2.000000000000000000, 0.000000000000000000, 100.0000000000000000 ) ) ;
#277 = DIRECTION ( 'NONE',  ( -1.000000000000000000, -0.000000000000000000, -0.000000000000000000 ) ) ;
#278 = VECTOR ( 'NONE', #3102, 1000.000000000000000 ) ;
#279 = AXIS2_PLACEMENT_3D ( 'NONE', #176, #247, #4151 ) ;
#280 = DIRECTION ( 'NONE',  ( 0.000000000000000000, 0.000000000000000000, -1.000000000000000000 ) ) ;
#281 = VERTEX_POINT ( 'NONE', #1447 ) ;
#282 = EDGE_CURVE ( 'NONE', #2693, #4260, #3765, .T. ) ;
#283 = CIRCLE ( 'NONE', #3757, 2.000000000000001776 ) ;
#284 = VECTOR ( 'NONE', #1921, 1000.000000000000000 ) ;
#285 = VERTEX_POINT ( 'NONE', #2920 ) ;
#286 = LINE ( 'NONE', #3259, #3833 ) ;
#287 = DIRECTION ( 'NONE',  ( -0.000000000000000000, 1.000000000000000000, 0.000000000000000000 ) ) ;
#288 = ORIENTED_EDGE ( 'NONE', *, *, #3507, .T. ) ;
#289 = CIRCLE ( 'NONE', #3764, 1.600000000000000755 ) ;
#290 = VECTOR ( 'NONE', #2620, 1000.000000000000000 ) ;
#291 = ORIENTED_EDGE ( 'NONE', *, *, #1994, .F. ) ;
#292 = DIRECTION ( 'NONE',  ( 0.000000000000000000, 0.000000000000000000, 1.000000000000000000 ) ) ;
#293 = EDGE_CURVE ( 'NONE', #3236, #3374, #2598, .T. ) ;
#294 = VERTEX_POINT ( 'NONE', #893 ) ;
#295 = CARTESIAN_POINT ( 'NONE',  ( 1.500000000000000000, -191.5999999999999943, 24.00000000000000000 ) ) ;
#296 = FACE_OUTER_BOUND ( 'NONE', #2682, .T. ) ;
#297 = ORIENTED_EDGE ( 'NONE', *, *, #2143, .T. ) ;
#298 = AXIS2_PLACEMENT_3D ( 'NONE', #1266, #2205, #597 ) ;
#299 = CARTESIAN_POINT ( 'NONE',  ( 0.000000000000000000, 84.99999999999998579, 104.0000000000000142 ) ) ;
#300 = CARTESIAN_POINT ( 'NONE',  ( -2.299999999999999822, 61.25000000000000000, 16.00000000000000000 ) ) ;
#301 = DIRECTION ( 'NONE',  ( 0.000000000000000000, 0.000000000000000000, -1.000000000000000000 ) ) ;
#302 = ORIENTED_EDGE ( 'NONE', *, *, #2225, .F. ) ;
#303 = VERTEX_POINT ( 'NONE', #3930 ) ;
#304 = LINE ( 'NONE', #3937, #1063 ) ;
#305 = DIRECTION ( 'NONE',  ( 0.000000000000000000, 0.000000000000000000, -1.000000000000000000 ) ) ;
#306 = ORIENTED_EDGE ( 'NONE', *, *, #2999, .T. ) ;
#307 = ORIENTED_EDGE ( 'NONE', *, *, #3687, .T. ) ;
#308 = CARTESIAN_POINT ( 'NONE',  ( -2.299999999999999822, -202.0000000000000000, 22.39999999999999858 ) ) ;
#309 = VERTEX_POINT ( 'NONE', #188 ) ;
#310 = FACE_OUTER_BOUND ( 'NONE', #2351, .T. ) ;
#311 = CARTESIAN_POINT ( 'NONE',  ( -2.000000000000000000, -91.85246629291785325, 29.52644355067057802 ) ) ;
#312 = VERTEX_POINT ( 'NONE', #564 ) ;
#313 = EDGE_CURVE ( 'NONE', #3331, #2671, #579, .T. ) ;
#314 = CARTESIAN_POINT ( 'NONE',  ( -2.000000000000000000, 194.5999999999999943, 16.00000000000000000 ) ) ;
#315 = LINE ( 'NONE', #1047, #4031 ) ;
#316 = DIRECTION ( 'NONE',  ( 1.000000000000000000, 0.000000000000000000, 0.000000000000000000 ) ) ;
#317 = EDGE_LOOP ( 'NONE', ( #1889, #1385 ) ) ;
#318 = DIRECTION ( 'NONE',  ( 0.000000000000000000, 0.000000000000000000, 1.000000000000000000 ) ) ;
#319 = EDGE_CURVE ( 'NONE', #2965, #1524, #1498, .T. ) ;
#320 = FACE_OUTER_BOUND ( 'NONE', #3423, .T. ) ;
#321 = LINE ( 'NONE', #2666, #848 ) ;
#322 = DIRECTION ( 'NONE',  ( 0.000000000000000000, -1.000000000000000000, 0.000000000000000000 ) ) ;
#323 = ORIENTED_EDGE ( 'NONE', *, *, #4098, .F. ) ;
#324 = ORIENTED_EDGE ( 'NONE', *, *, #1467, .T. ) ;
#325 = ORIENTED_EDGE ( 'NONE', *, *, #3660, .T. ) ;
#326 = DIRECTION ( 'NONE',  ( 0.000000000000000000, 0.000000000000000000, -1.000000000000000000 ) ) ;
#327 = EDGE_CURVE ( 'NONE', #3162, #2826, #2618, .T. ) ;
#328 = ORIENTED_EDGE ( 'NONE', *, *, #3027, .T. ) ;
#329 = CARTESIAN_POINT ( 'NONE',  ( -2.000000000000000000, -202.0000000000000000, 22.39999999999999858 ) ) ;
#330 = LINE ( 'NONE', #355, #2170 ) ;
#331 = VERTEX_POINT ( 'NONE', #873 ) ;
#332 = DIRECTION ( 'NONE',  ( 0.000000000000000000, 0.000000000000000000, 1.000000000000000000 ) ) ;
#333 = CARTESIAN_POINT ( 'NONE',  ( -2.299999999999999822, 72.09999999999999432, 6.000000000000000000 ) ) ;
#334 = DIRECTION ( 'NONE',  ( 0.000000000000000000, -1.000000000000000000, 0.000000000000000000 ) ) ;
#335 = VECTOR ( 'NONE', #2839, 1000.000000000000000 ) ;
#336 = ORIENTED_EDGE ( 'NONE', *, *, #1095, .T. ) ;
#337 = ADVANCED_FACE ( 'NONE', ( #1906 ), #3237, .F. ) ;
#338 = CIRCLE ( 'NONE', #2794, 2.000000000000001776 ) ;
#339 = CARTESIAN_POINT ( 'NONE',  ( -2.000000000000000000, -190.0000000000000000, 22.39999999999999858 ) ) ;
#340 = CARTESIAN_POINT ( 'NONE',  ( -2.000000000000000000, 60.00000000000000000, 30.00000000000000000 ) ) ;
#341 = CARTESIAN_POINT ( 'NONE',  ( 1.500000000000000000, 198.0000000000000000, 24.00000000000000000 ) ) ;
#342 = CIRCLE ( 'NONE', #1479, 2.749999999999999112 ) ;
#343 = CIRCLE ( 'NONE', #3617, 2.250000000000001776 ) ;
#344 = ORIENTED_EDGE ( 'NONE', *, *, #3626, .F. ) ;
#345 = AXIS2_PLACEMENT_3D ( 'NONE', #131, #1765, #2479 ) ;
#346 = ORIENTED_EDGE ( 'NONE', *, *, #859, .F. ) ;
#347 = ORIENTED_EDGE ( 'NONE', *, *, #4217, .T. ) ;
#348 = CIRCLE ( 'NONE', #1273, 1.600000000000000755 ) ;
#349 = ORIENTED_EDGE ( 'NONE', *, *, #1172, .T. ) ;
#350 = LINE ( 'NONE', #3291, #3955 ) ;
#351 = AXIS2_PLACEMENT_3D ( 'NONE', #55, #3634, #651 ) ;
#352 = VERTEX_POINT ( 'NONE', #3195 ) ;
#353 = LINE ( 'NONE', #31, #1357 ) ;
#354 = ADVANCED_FACE ( 'NONE', ( #3570 ), #1271, .T. ) ;
#355 = CARTESIAN_POINT ( 'NONE',  ( -1.500000000000000000, 0.000000000000000000, 24.00000000000000000 ) ) ;
#356 = CARTESIAN_POINT ( 'NONE',  ( 2.000000000000000000, -60.00000000000000000, 32.75000000000000000 ) ) ;
#357 = ORIENTED_EDGE ( 'NONE', *, *, #264, .T. ) ;
#358 = CARTESIAN_POINT ( 'NONE',  ( -2.000000000000000000, -184.0000000000000000, 18.00000000000000355 ) ) ;
#359 = FACE_OUTER_BOUND ( 'NONE', #250, .T. ) ;
#360 = EDGE_CURVE ( 'NONE', #3515, #3245, #3586, .T. ) ;
#361 = CARTESIAN_POINT ( 'NONE',  ( 2.000000000000000000, 61.25000000000000000, 16.00000000000000000 ) ) ;
#362 = ORIENTED_EDGE ( 'NONE', *, *, #825, .F. ) ;
#363 = AXIS2_PLACEMENT_3D ( 'NONE', #870, #2918, #4239 ) ;
#364 = VECTOR ( 'NONE', #1233, 1000.000000000000000 ) ;
#365 = DIRECTION ( 'NONE',  ( 0.000000000000000000, 0.000000000000000000, 1.000000000000000000 ) ) ;
#366 = EDGE_CURVE ( 'NONE', #3512, #1448, #19, .T. ) ;
#367 = CIRCLE ( 'NONE', #3435, 1.700000000000000178 ) ;
#368 = CARTESIAN_POINT ( 'NONE',  ( -1.500000000000000000, 114.9999999999999858, 94.00000000000000000 ) ) ;
#369 = CARTESIAN_POINT ( 'NONE',  ( -2.299999999999999822, -173.0000000000000284, 49.75000000000000000 ) ) ;
#370 = DIRECTION ( 'NONE',  ( 1.000000000000000000, 0.000000000000000000, 0.000000000000000000 ) ) ;
#371 = VERTEX_POINT ( 'NONE', #600 ) ;
#372 = EDGE_CURVE ( 'NONE', #1158, #4148, #3569, .T. ) ;
#373 = ORIENTED_EDGE ( 'NONE', *, *, #525, .F. ) ;
#374 = DIRECTION ( 'NONE',  ( 0.000000000000000000, 1.000000000000000000, 0.000000000000000000 ) ) ;
#375 = LINE ( 'NONE', #3426, #3409 ) ;
#376 = VERTEX_POINT ( 'NONE', #3251 ) ;
#377 = CARTESIAN_POINT ( 'NONE',  ( -2.000000000000000000, 103.0000000000000142, 104.0000000000000142 ) ) ;
#378 = ORIENTED_EDGE ( 'NONE', *, *, #1509, .T. ) ;
#379 = FACE_OUTER_BOUND ( 'NONE', #3244, .T. ) ;
#380 = DIRECTION ( 'NONE',  ( 0.000000000000000000, 0.000000000000000000, 1.000000000000000000 ) ) ;
#381 = EDGE_CURVE ( 'NONE', #1566, #1269, #584, .T. ) ;
#382 = FACE_OUTER_BOUND ( 'NONE', #3601, .T. ) ;
#383 = DIRECTION ( 'NONE',  ( 0.000000000000000000, 0.000000000000000000, -1.000000000000000000 ) ) ;
#384 = CYLINDRICAL_SURFACE ( 'NONE', #854, 2.250000000000000444 ) ;
#385 = CARTESIAN_POINT ( 'NONE',  ( -2.000000000000000000, -11.53256259467079836, 24.00000000000000000 ) ) ;
#386 = ORIENTED_EDGE ( 'NONE', *, *, #3415, .T. ) ;
#387 = EDGE_CURVE ( 'NONE', #3002, #152, #3067, .T. ) ;
#388 = CARTESIAN_POINT ( 'NONE',  ( 2.000000000000000000, 0.000000000000000000, 104.0000000000000142 ) ) ;
#389 = CARTESIAN_POINT ( 'NONE',  ( -2.000000000000000000, -61.25000000000000000, 18.25000000000000355 ) ) ;
#390 = FACE_OUTER_BOUND ( 'NONE', #3881, .T. ) ;
#391 = ORIENTED_EDGE ( 'NONE', *, *, #3172, .T. ) ;
#392 = ORIENTED_EDGE ( 'NONE', *, *, #231, .T. ) ;
#393 = LINE ( 'NONE', #3682, #1602 ) ;
#394 = FACE_OUTER_BOUND ( 'NONE', #1222, .T. ) ;
#395 = ORIENTED_EDGE ( 'NONE', *, *, #4242, .F. ) ;
#396 = DIRECTION ( 'NONE',  ( 0.000000000000000000, 0.000000000000000000, 1.000000000000000000 ) ) ;
#397 = EDGE_CURVE ( 'NONE', #2888, #1401, #627, .T. ) ;
#398 = ORIENTED_EDGE ( 'NONE', *, *, #244, .T. ) ;
#399 = DIRECTION ( 'NONE',  ( 0.000000000000000000, 0.000000000000000000, -1.000000000000000000 ) ) ;
#400 = DIRECTION ( 'NONE',  ( 1.000000000000000000, 0.000000000000000000, 0.000000000000000000 ) ) ;
#401 = CARTESIAN_POINT ( 'NONE',  ( 2.000000000000000000, 72.09999999999999432, 7.700000000000000178 ) ) ;
#402 = CARTESIAN_POINT ( 'NONE',  ( -2.299999999999999822, -202.0000000000000000, 25.60000000000000142 ) ) ;
#403 = EDGE_CURVE ( 'NONE', #1381, #611, #494, .T. ) ;
#404 = EDGE_CURVE ( 'NONE', #9, #2712, #4224, .T. ) ;
#405 = CARTESIAN_POINT ( 'NONE',  ( -2.000000000000000000, -91.85246629291785325, 34.62644355067057944 ) ) ;
#406 = LINE ( 'NONE', #1795, #3503 ) ;
#407 = ORIENTED_EDGE ( 'NONE', *, *, #3935, .F. ) ;
#408 = AXIS2_PLACEMENT_3D ( 'NONE', #104, #4094, #2446 ) ;
#409 = CYLINDRICAL_SURFACE ( 'NONE', #4055, 2.749999999999999112 ) ;
#410 = CIRCLE ( 'NONE', #1119, 2.750000000000002665 ) ;
#411 = DIRECTION ( 'NONE',  ( 0.000000000000000000, 0.000000000000000000, -1.000000000000000000 ) ) ;
#412 = DIRECTION ( 'NONE',  ( 0.000000000000000000, 0.000000000000000000, -1.000000000000000000 ) ) ;
#413 = ADVANCED_FACE ( 'NONE', ( #1880 ), #215, .T. ) ;
#414 = ORIENTED_EDGE ( 'NONE', *, *, #404, .T. ) ;
#415 = AXIS2_PLACEMENT_3D ( 'NONE', #311, #666, #974 ) ;
#416 = ORIENTED_EDGE ( 'NONE', *, *, #3022, .F. ) ;
#417 = APPROVAL_STATUS ( 'not_yet_approved' ) ;
#418 = VECTOR ( 'NONE', #857, 1000.000000000000000 ) ;
#419 = AXIS2_PLACEMENT_3D ( 'NONE', #1531, #1925, #1558 ) ;
#420 = CARTESIAN_POINT ( 'NONE',  ( -2.000000000000000000, -198.0000000000000000, 24.00000000000000000 ) ) ;
#421 = VECTOR ( 'NONE', #400, 1000.000000000000000 ) ;
#422 = AXIS2_PLACEMENT_3D ( 'NONE', #3450, #4079, #3749 ) ;
#423 = ORIENTED_EDGE ( 'NONE', *, *, #53, .F. ) ;
#424 = CARTESIAN_POINT ( 'NONE',  ( 0.000000000000000000, -60.00000000000000000, 18.00000000000000355 ) ) ;
#425 = CIRCLE ( 'NONE', #2103, 2.250000000000000444 ) ;
#426 = ORIENTED_EDGE ( 'NONE', *, *, #1816, .F. ) ;
#427 = CARTESIAN_POINT ( 'NONE',  ( 0.000000000000000000, 84.99999999999998579, 94.00000000000000000 ) ) ;
#428 = EDGE_CURVE ( 'NONE', #875, #3642, #3131, .T. ) ;
#429 = CARTESIAN_POINT ( 'NONE',  ( 0.000000000000000000, -198.0000000000000000, 96.00000000000000000 ) ) ;
#430 = DIRECTION ( 'NONE',  ( 0.000000000000000000, 0.000000000000000000, -1.000000000000000000 ) ) ;
#431 = AXIS2_PLACEMENT_3D ( 'NONE', #4210, #2474, #219 ) ;
#432 = CARTESIAN_POINT ( 'NONE',  ( -2.299999999999999822, -190.0000000000000000, 22.39999999999999858 ) ) ;
#433 = DIRECTION ( 'NONE',  ( -1.000000000000000000, -0.000000000000000000, 0.000000000000000000 ) ) ;
#434 = AXIS2_PLACEMENT_3D ( 'NONE', #3280, #1292, #2861 ) ;
#435 = EDGE_LOOP ( 'NONE', ( #211, #1437 ) ) ;
#436 = PLANE ( 'NONE',  #790 ) ;
#437 = ORIENTED_EDGE ( 'NONE', *, *, #4301, .T. ) ;
#438 = FACE_OUTER_BOUND ( 'NONE', #1692, .T. ) ;
#439 = DIRECTION ( 'NONE',  ( -1.000000000000000000, -0.000000000000000000, 0.000000000000000000 ) ) ;
#440 = VECTOR ( 'NONE', #1000, 1000.000000000000000 ) ;
#441 = ORIENTED_EDGE ( 'NONE', *, *, #2199, .F. ) ;
#442 = CIRCLE ( 'NONE', #89, 12.99999999999999822 ) ;
#443 = AXIS2_PLACEMENT_3D ( 'NONE', #162, #2483, #3799 ) ;
#444 = ORIENTED_EDGE ( 'NONE', *, *, #244, .F. ) ;
#445 = DIRECTION ( 'NONE',  ( 0.000000000000000000, -1.000000000000000000, 0.000000000000000000 ) ) ;
#446 = EDGE_LOOP ( 'NONE', ( #2695, #1282, #2457, #3378 ) ) ;
#447 = PLANE ( 'NONE',  #1403 ) ;
#448 = ORIENTED_EDGE ( 'NONE', *, *, #851, .T. ) ;
#449 = DIRECTION ( 'NONE',  ( 0.000000000000000000, 0.000000000000000000, -1.000000000000000000 ) ) ;
#450 = PLANE ( 'NONE',  #2097 ) ;
#451 = DIRECTION ( 'NONE',  ( 1.000000000000000000, 0.000000000000000000, 0.000000000000000000 ) ) ;
#452 = DIRECTION ( 'NONE',  ( 0.000000000000000000, 0.000000000000000000, 1.000000000000000000 ) ) ;
#453 = CARTESIAN_POINT ( 'NONE',  ( -2.000000000000000000, -11.53256259467079836, 24.00000000000000000 ) ) ;
#454 = CARTESIAN_POINT ( 'NONE',  ( 1.500000000000000000, 103.0000000000000142, 90.00000000000000000 ) ) ;
#455 = ORIENTED_EDGE ( 'NONE', *, *, #671, .F. ) ;
#456 = EDGE_CURVE ( 'NONE', #3002, #2768, #3279, .T. ) ;
#457 = CYLINDRICAL_SURFACE ( 'NONE', #3775, 2.000000000000001776 ) ;
#458 = ORIENTED_EDGE ( 'NONE', *, *, #1333, .T. ) ;
#459 = CARTESIAN_POINT ( 'NONE',  ( -2.000000000000000000, 0.000000000000000000, 24.00000000000000000 ) ) ;
#460 = CARTESIAN_POINT ( 'NONE',  ( 2.000000000000000000, 60.00000000000000000, 27.25000000000000000 ) ) ;
#461 = LINE ( 'NONE', #3113, #2651 ) ;
#462 = EDGE_LOOP ( 'NONE', ( #200, #2336 ) ) ;
#463 = ADVANCED_FACE ( 'NONE', ( #4288 ), #4045, .F. ) ;
#464 = ORIENTED_EDGE ( 'NONE', *, *, #199, .T. ) ;
#465 = CARTESIAN_POINT ( 'NONE',  ( 2.000000000000000000, -191.5999999999999943, 24.00000000000000000 ) ) ;
#466 = EDGE_LOOP ( 'NONE', ( #2340, #373, #2759, #226 ) ) ;
#467 = LINE ( 'NONE', #1438, #3684 ) ;
#468 = CARTESIAN_POINT ( 'NONE',  ( 2.000000000000000000, -188.4000000000000057, 24.00000000000000000 ) ) ;
#469 = DIRECTION ( 'NONE',  ( 0.000000000000000000, 0.000000000000000000, 1.000000000000000000 ) ) ;
#470 = LINE ( 'NONE', #3065, #2164 ) ;
#471 = ADVANCED_FACE ( 'NONE', ( #3950 ), #1331, .T. ) ;
#472 = LINE ( 'NONE', #2420, #4250 ) ;
#473 = CARTESIAN_POINT ( 'NONE',  ( -2.299999999999999822, 133.0000000000000000, 102.0000000000000142 ) ) ;
#474 = ORIENTED_EDGE ( 'NONE', *, *, #2312, .F. ) ;
#475 = CARTESIAN_POINT ( 'NONE',  ( -2.000000000000000000, 202.0000000000000000, 24.00000000000000000 ) ) ;
#476 = VERTEX_POINT ( 'NONE', #2662 ) ;
#477 = CARTESIAN_POINT ( 'NONE',  ( 2.000000000000000000, 190.0000000000000000, 24.00000000000000000 ) ) ;
#478 = CARTESIAN_POINT ( 'NONE',  ( -2.000000000000000000, 202.0000000000000000, 22.39999999999999858 ) ) ;
#479 = DIRECTION ( 'NONE',  ( 0.000000000000000000, -1.000000000000000000, 0.000000000000000000 ) ) ;
#480 = ADVANCED_FACE ( 'NONE', ( #3343 ), #1378, .F. ) ;
#481 = ORIENTED_EDGE ( 'NONE', *, *, #3654, .T. ) ;
#482 = EDGE_LOOP ( 'NONE', ( #1797, #4258, #2698, #3664 ) ) ;
#483 =( NAMED_UNIT ( * ) SI_UNIT ( $, .STERADIAN. ) SOLID_ANGLE_UNIT ( ) );
#484 = DIRECTION ( 'NONE',  ( 0.000000000000000000, 0.000000000000000000, -1.000000000000000000 ) ) ;
#485 = ORIENTED_EDGE ( 'NONE', *, *, #2633, .T. ) ;
#486 = DIRECTION ( 'NONE',  ( 0.000000000000000000, 0.000000000000000000, -1.000000000000000000 ) ) ;
#487 = VECTOR ( 'NONE', #1744, 1000.000000000000000 ) ;
#488 = VECTOR ( 'NONE', #2197, 1000.000000000000000 ) ;
#489 = EDGE_LOOP ( 'NONE', ( #3623, #2078, #1634, #2622 ) ) ;
#490 = LINE ( 'NONE', #798, #3917 ) ;
#491 = CARTESIAN_POINT ( 'NONE',  ( -2.000000000000000000, 202.0000000000000000, 25.60000000000000142 ) ) ;
#492 = LINE ( 'NONE', #1772, #971 ) ;
#493 = AXIS2_PLACEMENT_3D ( 'NONE', #3031, #2382, #3011 ) ;
#494 = CIRCLE ( 'NONE', #1128, 1.700000000000000178 ) ;
#495 = AXIS2_PLACEMENT_3D ( 'NONE', #2062, #4101, #2107 ) ;
#496 = DIRECTION ( 'NONE',  ( 0.000000000000000000, 0.000000000000000000, 1.000000000000000000 ) ) ;
#497 = LINE ( 'NONE', #3439, #3153 ) ;
#498 = AXIS2_PLACEMENT_3D ( 'NONE', #1313, #2642, #1341 ) ;
#499 = ORIENTED_EDGE ( 'NONE', *, *, #3534, .F. ) ;
#500 = EDGE_CURVE ( 'NONE', #1668, #3994, #560, .T. ) ;
#501 = CARTESIAN_POINT ( 'NONE',  ( -2.299999999999999822, -91.85246629291785325, 24.42644355067057660 ) ) ;
#502 = ORIENTED_EDGE ( 'NONE', *, *, #2891, .T. ) ;
#503 = DIRECTION ( 'NONE',  ( 0.000000000000000000, 0.000000000000000000, -1.000000000000000000 ) ) ;
#504 = CARTESIAN_POINT ( 'NONE',  ( -2.299999999999999822, -194.5999999999999943, 6.000000000000000000 ) ) ;
#505 = ORIENTED_EDGE ( 'NONE', *, *, #2129, .F. ) ;
#506 = EDGE_CURVE ( 'NONE', #2287, #3156, #3334, .T. ) ;
#507 = ORIENTED_EDGE ( 'NONE', *, *, #671, .T. ) ;
#508 =( NAMED_UNIT ( * ) PLANE_ANGLE_UNIT ( ) SI_UNIT ( $, .RADIAN. ) );
#509 = DIRECTION ( 'NONE',  ( 1.000000000000000000, 0.000000000000000000, -0.000000000000000000 ) ) ;
#510 = ORIENTED_EDGE ( 'NONE', *, *, #2451, .T. ) ;
#511 = DIRECTION ( 'NONE',  ( -1.000000000000000000, 0.000000000000000000, 0.000000000000000000 ) ) ;
#512 = VECTOR ( 'NONE', #823, 1000.000000000000000 ) ;
#513 = EDGE_CURVE ( 'NONE', #995, #3985, #3407, .T. ) ;
#514 = ORIENTED_EDGE ( 'NONE', *, *, #1513, .T. ) ;
#515 = CARTESIAN_POINT ( 'NONE',  ( -2.000000000000000000, -91.85246629291785325, 29.52644355067057802 ) ) ;
#516 = ADVANCED_FACE ( 'NONE', ( #713 ), #2703, .T. ) ;
#517 = LINE ( 'NONE', #909, #778 ) ;
#518 = DIRECTION ( 'NONE',  ( 0.000000000000000000, 0.000000000000000000, -1.000000000000000000 ) ) ;
#519 = ORIENTED_EDGE ( 'NONE', *, *, #2838, .F. ) ;
#520 = DIRECTION ( 'NONE',  ( 0.000000000000000000, -1.000000000000000000, 0.000000000000000000 ) ) ;
#521 = EDGE_LOOP ( 'NONE', ( #1481, #4216, #724, #2006 ) ) ;
#522 = CARTESIAN_POINT ( 'NONE',  ( 2.000000000000000000, -194.5999999999999943, 16.00000000000000000 ) ) ;
#523 = CARTESIAN_POINT ( 'NONE',  ( 2.000000000000000000, -170.0000000000000000, 68.00000000000000000 ) ) ;
#524 = ORIENTED_EDGE ( 'NONE', *, *, #3838, .F. ) ;
#525 = EDGE_CURVE ( 'NONE', #2768, #3531, #35, .T. ) ;
#526 = ORIENTED_EDGE ( 'NONE', *, *, #3294, .T. ) ;
#527 = CYLINDRICAL_SURFACE ( 'NONE', #2028, 1.700000000000000178 ) ;
#528 = ORIENTED_EDGE ( 'NONE', *, *, #1869, .T. ) ;
#529 = CARTESIAN_POINT ( 'NONE',  ( -2.000000000000000000, 61.25000000000000000, 7.700000000000000178 ) ) ;
#530 = ORIENTED_EDGE ( 'NONE', *, *, #1873, .T. ) ;
#531 = DIRECTION ( 'NONE',  ( 1.000000000000000000, 0.000000000000000000, -0.000000000000000000 ) ) ;
#532 = LINE ( 'NONE', #1591, #2018 ) ;
#533 = EDGE_CURVE ( 'NONE', #1318, #1123, #1724, .T. ) ;
#534 = CARTESIAN_POINT ( 'NONE',  ( -2.000000000000000000, -60.00000000000000000, 43.00000000000000000 ) ) ;
#535 = CARTESIAN_POINT ( 'NONE',  ( -2.299999999999999822, -170.0000000000000000, 68.00000000000000000 ) ) ;
#536 = ORIENTED_EDGE ( 'NONE', *, *, #3724, .F. ) ;
#537 = EDGE_CURVE ( 'NONE', #3231, #2195, #3044, .T. ) ;
#538 = DIRECTION ( 'NONE',  ( 0.000000000000000000, 0.000000000000000000, -1.000000000000000000 ) ) ;
#539 = FACE_OUTER_BOUND ( 'NONE', #521, .T. ) ;
#540 = ORIENTED_EDGE ( 'NONE', *, *, #2626, .F. ) ;
#541 = DIRECTION ( 'NONE',  ( -1.000000000000000000, -0.000000000000000000, -0.000000000000000000 ) ) ;
#542 = CARTESIAN_POINT ( 'NONE',  ( -2.299999999999999822, 72.09999999999999432, 16.00000000000000000 ) ) ;
#543 = ORIENTED_EDGE ( 'NONE', *, *, #537, .T. ) ;
#544 = ORIENTED_EDGE ( 'NONE', *, *, #1763, .T. ) ;
#545 = EDGE_CURVE ( 'NONE', #3971, #1300, #3484, .T. ) ;
#546 = CARTESIAN_POINT ( 'NONE',  ( 2.000000000000000000, 0.000000000000000000, 100.0000000000000000 ) ) ;
#547 = EDGE_LOOP ( 'NONE', ( #1575, #797, #2659, #540 ) ) ;
#548 = CARTESIAN_POINT ( 'NONE',  ( -1.500000000000000000, 60.00000000000000000, 30.00000000000000000 ) ) ;
#549 = VECTOR ( 'NONE', #4001, 1000.000000000000000 ) ;
#550 = EDGE_CURVE ( 'NONE', #2706, #9, #1397, .T. ) ;
#551 = EDGE_LOOP ( 'NONE', ( #4281, #3023, #448, #273 ) ) ;
#552 = CIRCLE ( 'NONE', #1400, 2.000000000000001776 ) ;
#553 = VERTEX_POINT ( 'NONE', #2728 ) ;
#554 = DIRECTION ( 'NONE',  ( 1.000000000000000000, 0.000000000000000000, -0.000000000000000000 ) ) ;
#555 = AXIS2_PLACEMENT_3D ( 'NONE', #2716, #4033, #1132 ) ;
#556 = EDGE_CURVE ( 'NONE', #4283, #1432, #2299, .T. ) ;
#557 = FACE_OUTER_BOUND ( 'NONE', #1852, .T. ) ;
#558 = LINE ( 'NONE', #2184, #1077 ) ;
#559 = VECTOR ( 'NONE', #322, 1000.000000000000000 ) ;
#560 = CIRCLE ( 'NONE', #1268, 2.750000000000002665 ) ;
#561 = ORIENTED_EDGE ( 'NONE', *, *, #1578, .T. ) ;
#562 = AXIS2_PLACEMENT_3D ( 'NONE', #2781, #67, #1129 ) ;
#563 = AXIS2_PLACEMENT_3D ( 'NONE', #4227, #942, #2268 ) ;
#564 = CARTESIAN_POINT ( 'NONE',  ( 2.000000000000000000, 210.0000000000000000, 108.0000000000000000 ) ) ;
#565 = FACE_OUTER_BOUND ( 'NONE', #3860, .T. ) ;
#566 = AXIS2_PLACEMENT_3D ( 'NONE', #1472, #1054, #1032 ) ;
#567 = CARTESIAN_POINT ( 'NONE',  ( 1.500000000000000000, -190.0000000000000000, 24.00000000000000000 ) ) ;
#568 = DIRECTION ( 'NONE',  ( 1.000000000000000000, 0.000000000000000000, 0.000000000000000000 ) ) ;
#569 = ORIENTED_EDGE ( 'NONE', *, *, #2973, .T. ) ;
#570 = AXIS2_PLACEMENT_3D ( 'NONE', #3697, #2400, #3717 ) ;
#571 = ADVANCED_FACE ( 'NONE', ( #3297 ), #2978, .T. ) ;
#572 = CARTESIAN_POINT ( 'NONE',  ( -2.299999999999999822, 194.5999999999999943, 6.000000000000000000 ) ) ;
#573 = ORIENTED_EDGE ( 'NONE', *, *, #2551, .T. ) ;
#574 = ORIENTED_EDGE ( 'NONE', *, *, #3646, .T. ) ;
#575 = ORIENTED_EDGE ( 'NONE', *, *, #2845, .F. ) ;
#576 = FACE_BOUND ( 'NONE', #1315, .T. ) ;
#577 = AXIS2_PLACEMENT_3D ( 'NONE', #1247, #2882, #185 ) ;
#578 = EDGE_CURVE ( 'NONE', #3859, #611, #2003, .T. ) ;
#579 = CIRCLE ( 'NONE', #3219, 1.700000000000000178 ) ;
#580 = AXIS2_PLACEMENT_3D ( 'NONE', #2112, #3433, #449 ) ;
#581 = CARTESIAN_POINT ( 'NONE',  ( -2.000000000000000000, -11.53256259467079836, 24.00000000000000000 ) ) ;
#582 = CARTESIAN_POINT ( 'NONE',  ( -2.299999999999999822, 194.5999999999999943, 16.00000000000000000 ) ) ;
#583 = VERTEX_POINT ( 'NONE', #14 ) ;
#584 = LINE ( 'NONE', #276, #4132 ) ;
#585 = CARTESIAN_POINT ( 'NONE',  ( 0.000000000000000000, 163.0000000000000000, 90.00000000000000000 ) ) ;
#586 = DIRECTION ( 'NONE',  ( 0.000000000000000000, 0.000000000000000000, 1.000000000000000000 ) ) ;
#587 = FACE_OUTER_BOUND ( 'NONE', #3147, .T. ) ;
#588 = ORIENTED_EDGE ( 'NONE', *, *, #101, .F. ) ;
#589 = ADVANCED_FACE ( 'NONE', ( #1358 ), #2683, .T. ) ;
#590 = ORIENTED_EDGE ( 'NONE', *, *, #533, .F. ) ;
#591 = CARTESIAN_POINT ( 'NONE',  ( -2.299999999999999822, -91.85246629291785325, 29.52644355067057802 ) ) ;
#592 = ORIENTED_EDGE ( 'NONE', *, *, #3146, .F. ) ;
#593 = ADVANCED_FACE ( 'NONE', ( #166 ), #822, .F. ) ;
#594 = ORIENTED_EDGE ( 'NONE', *, *, #1564, .F. ) ;
#595 = VERTEX_POINT ( 'NONE', #81 ) ;
#596 = LINE ( 'NONE', #1937, #3204 ) ;
#597 = DIRECTION ( 'NONE',  ( 0.000000000000000000, 0.000000000000000000, 1.000000000000000000 ) ) ;
#598 = EDGE_CURVE ( 'NONE', #3490, #2611, #2487, .T. ) ;
#599 = EDGE_LOOP ( 'NONE', ( #3218, #1732, #2549, #891 ) ) ;
#600 = CARTESIAN_POINT ( 'NONE',  ( -2.000000000000000000, 60.00000000000000000, 27.25000000000000000 ) ) ;
#601 = DIRECTION ( 'NONE',  ( 0.000000000000000000, 0.000000000000000000, -1.000000000000000000 ) ) ;
#602 = CYLINDRICAL_SURFACE ( 'NONE', #3965, 2.749999999999999112 ) ;
#603 = FACE_BOUND ( 'NONE', #489, .T. ) ;
#604 = ORIENTED_EDGE ( 'NONE', *, *, #65, .T. ) ;
#605 = ORIENTED_EDGE ( 'NONE', *, *, #4075, .T. ) ;
#606 = EDGE_CURVE ( 'NONE', #352, #2563, #620, .T. ) ;
#607 = LINE ( 'NONE', #656, #3416 ) ;
#608 = CARTESIAN_POINT ( 'NONE',  ( -2.299999999999999822, 145.0000000000000000, 92.00000000000000000 ) ) ;
#609 = ORIENTED_EDGE ( 'NONE', *, *, #2771, .F. ) ;
#610 = ORIENTED_EDGE ( 'NONE', *, *, #1994, .T. ) ;
#611 = VERTEX_POINT ( 'NONE', #4115 ) ;
#612 = CARTESIAN_POINT ( 'NONE',  ( 1.500000000000000000, -60.00000000000000000, 0.000000000000000000 ) ) ;
#613 = LOCAL_TIME ( 20, 14, 37.00000000000000000, #2080 ) ;
#614 = ORIENTED_EDGE ( 'NONE', *, *, #3517, .F. ) ;
#615 = DIRECTION ( 'NONE',  ( 0.000000000000000000, 0.000000000000000000, -1.000000000000000000 ) ) ;
#616 = CARTESIAN_POINT ( 'NONE',  ( -2.000000000000000000, 60.00000000000000000, 30.00000000000000000 ) ) ;
#617 = ORIENTED_EDGE ( 'NONE', *, *, #2091, .F. ) ;
#618 = AXIS2_PLACEMENT_3D ( 'NONE', #2649, #2628, #3989 ) ;
#619 = VECTOR ( 'NONE', #4003, 1000.000000000000000 ) ;
#620 = CIRCLE ( 'NONE', #1199, 2.000000000000001776 ) ;
#621 = DIRECTION ( 'NONE',  ( 0.000000000000000000, 0.000000000000000000, 1.000000000000000000 ) ) ;
#622 = LINE ( 'NONE', #2285, #1624 ) ;
#623 = CIRCLE ( 'NONE', #3330, 2.250000000000001776 ) ;
#624 = CIRCLE ( 'NONE', #1955, 2.750000000000002665 ) ;
#625 = ORIENTED_EDGE ( 'NONE', *, *, #1029, .F. ) ;
#626 = CIRCLE ( 'NONE', #213, 2.000000000000001776 ) ;
#627 = CIRCLE ( 'NONE', #419, 2.250000000000001776 ) ;
#628 = EDGE_CURVE ( 'NONE', #103, #1947, #3736, .T. ) ;
#629 = CIRCLE ( 'NONE', #1410, 1.600000000000000755 ) ;
#630 = ORIENTED_EDGE ( 'NONE', *, *, #238, .F. ) ;
#631 = CARTESIAN_POINT ( 'NONE',  ( -2.299999999999999822, 193.0000000000000000, 102.0000000000000142 ) ) ;
#632 = LINE ( 'NONE', #1626, #1207 ) ;
#633 = LINE ( 'NONE', #1646, #2753 ) ;
#634 = VERTEX_POINT ( 'NONE', #3457 ) ;
#635 = VECTOR ( 'NONE', #3465, 1000.000000000000000 ) ;
#636 = EDGE_CURVE ( 'NONE', #1269, #1211, #802, .T. ) ;
#637 = VECTOR ( 'NONE', #1234, 1000.000000000000000 ) ;
#638 = EDGE_LOOP ( 'NONE', ( #1929, #2200 ) ) ;
#639 = ORIENTED_EDGE ( 'NONE', *, *, #1029, .T. ) ;
#640 = LINE ( 'NONE', #4009, #2441 ) ;
#641 = EDGE_CURVE ( 'NONE', #132, #2259, #4139, .T. ) ;
#642 = VERTEX_POINT ( 'NONE', #2465 ) ;
#643 = CARTESIAN_POINT ( 'NONE',  ( 0.000000000000000000, 114.9999999999999858, 94.00000000000000000 ) ) ;
#644 = DIRECTION ( 'NONE',  ( 1.000000000000000000, 0.000000000000000000, -0.000000000000000000 ) ) ;
#645 = VECTOR ( 'NONE', #1351, 1000.000000000000000 ) ;
#646 = VECTOR ( 'NONE', #1429, 1000.000000000000000 ) ;
#647 = EDGE_LOOP ( 'NONE', ( #625, #228, #2737, #1993 ) ) ;
#648 = EDGE_CURVE ( 'NONE', #1659, #1350, #343, .T. ) ;
#649 = VECTOR ( 'NONE', #10, 1000.000000000000000 ) ;
#650 = DIRECTION ( 'NONE',  ( 0.000000000000000000, 0.000000000000000000, 1.000000000000000000 ) ) ;
#651 = DIRECTION ( 'NONE',  ( 0.000000000000000000, 0.000000000000000000, 1.000000000000000000 ) ) ;
#652 = CARTESIAN_POINT ( 'NONE',  ( -2.299999999999999822, -72.09999999999999432, 4.299999999999999822 ) ) ;
#653 = ORIENTED_EDGE ( 'NONE', *, *, #1839, .F. ) ;
#654 = CARTESIAN_POINT ( 'NONE',  ( 2.000000000000000000, 0.000000000000000000, 104.0000000000000142 ) ) ;
#655 = DIRECTION ( 'NONE',  ( 0.000000000000000000, 0.000000000000000000, -1.000000000000000000 ) ) ;
#656 = CARTESIAN_POINT ( 'NONE',  ( -2.000000000000000000, 0.000000000000000000, 104.0000000000000142 ) ) ;
#657 = CARTESIAN_POINT ( 'NONE',  ( -2.299999999999999822, -173.0000000000000284, 47.00000000000000000 ) ) ;
#658 = EDGE_CURVE ( 'NONE', #1300, #3971, #1830, .T. ) ;
#659 = ORIENTED_EDGE ( 'NONE', *, *, #3542, .T. ) ;
#660 = ORIENTED_EDGE ( 'NONE', *, *, #1520, .F. ) ;
#661 = EDGE_LOOP ( 'NONE', ( #943, #639, #5, #1135 ) ) ;
#662 = DIRECTION ( 'NONE',  ( 0.000000000000000000, 1.000000000000000000, 0.000000000000000000 ) ) ;
#663 = ORIENTED_EDGE ( 'NONE', *, *, #360, .T. ) ;
#664 = LINE ( 'NONE', #3020, #1499 ) ;
#665 = EDGE_CURVE ( 'NONE', #1951, #3985, #2439, .T. ) ;
#666 = DIRECTION ( 'NONE',  ( -1.000000000000000000, -0.000000000000000000, 0.000000000000000000 ) ) ;
#667 = ORIENTED_EDGE ( 'NONE', *, *, #3022, .T. ) ;
#668 = CARTESIAN_POINT ( 'NONE',  ( -2.299999999999999822, 85.00000000000000000, 92.00000000000000000 ) ) ;
#669 = LINE ( 'NONE', #2004, #3345 ) ;
#670 = LINE ( 'NONE', #2349, #4113 ) ;
#671 = EDGE_CURVE ( 'NONE', #2084, #2408, #782, .T. ) ;
#672 = EDGE_LOOP ( 'NONE', ( #4308, #3792, #4006, #2013, #3118, #961, #3612, #1185 ) ) ;
#673 = DIRECTION ( 'NONE',  ( 1.000000000000000000, 0.000000000000000000, -0.000000000000000000 ) ) ;
#674 = DIRECTION ( 'NONE',  ( 0.000000000000000000, 0.000000000000000000, -1.000000000000000000 ) ) ;
#675 = CARTESIAN_POINT ( 'NONE',  ( 2.000000000000000000, -129.0000000000000000, 52.00000000000000711 ) ) ;
#676 = ORIENTED_EDGE ( 'NONE', *, *, #3901, .T. ) ;
#677 = EDGE_CURVE ( 'NONE', #4280, #3355, #472, .T. ) ;
#678 = VERTEX_POINT ( 'NONE', #3126 ) ;
#679 = ORIENTED_EDGE ( 'NONE', *, *, #2067, .F. ) ;
#680 = DIRECTION ( 'NONE',  ( 0.000000000000000000, 0.000000000000000000, 1.000000000000000000 ) ) ;
#681 = ADVANCED_FACE ( 'NONE', ( #3438 ), #754, .F. ) ;
#682 = ORIENTED_EDGE ( 'NONE', *, *, #764, .F. ) ;
#683 = LINE ( 'NONE', #3968, #1220 ) ;
#684 = CARTESIAN_POINT ( 'NONE',  ( -2.000000000000000000, -60.00000000000000000, 32.75000000000000000 ) ) ;
#685 = ORIENTED_EDGE ( 'NONE', *, *, #3300, .F. ) ;
#686 = CIRCLE ( 'NONE', #59, 2.749999999999999112 ) ;
#687 = EDGE_CURVE ( 'NONE', #91, #3499, #3961, .T. ) ;
#688 = CARTESIAN_POINT ( 'NONE',  ( -1.500000000000000000, -190.0000000000000000, 24.00000000000000000 ) ) ;
#689 = DIRECTION ( 'NONE',  ( 0.000000000000000000, 0.000000000000000000, -1.000000000000000000 ) ) ;
#690 = VERTEX_POINT ( 'NONE', #405 ) ;
#691 = VECTOR ( 'NONE', #2458, 1000.000000000000000 ) ;
#692 = CARTESIAN_POINT ( 'NONE',  ( -2.000000000000000000, 190.0000000000000000, 24.00000000000000000 ) ) ;
#693 = CYLINDRICAL_SURFACE ( 'NONE', #758, 2.000000000000001776 ) ;
#694 = CARTESIAN_POINT ( 'NONE',  ( -2.000000000000000000, 72.09999999999999432, 18.25000000000000355 ) ) ;
#695 = CARTESIAN_POINT ( 'NONE',  ( -1.500000000000000000, 103.0000000000000142, 92.00000000000000000 ) ) ;
#696 = VECTOR ( 'NONE', #1656, 1000.000000000000000 ) ;
#697 = AXIS2_PLACEMENT_3D ( 'NONE', #3902, #1195, #2546 ) ;
#698 = EDGE_CURVE ( 'NONE', #1460, #3236, #3411, .T. ) ;
#699 = ORIENTED_EDGE ( 'NONE', *, *, #3038, .T. ) ;
#700 = CARTESIAN_POINT ( 'NONE',  ( 0.000000000000000000, -184.0000000000000000, 90.00000000000001421 ) ) ;
#701 = ORIENTED_EDGE ( 'NONE', *, *, #3139, .T. ) ;
#702 = DIRECTION ( 'NONE',  ( -1.000000000000000000, -0.000000000000000000, 0.000000000000000000 ) ) ;
#703 = AXIS2_PLACEMENT_3D ( 'NONE', #3809, #1908, #171 ) ;
#704 = PRODUCT ( 'SideFrame_V09_SecureLidInner', 'SideFrame_V09_SecureLidInner', '', ( #1435 ) ) ;
#705 = EDGE_LOOP ( 'NONE', ( #2639, #1542, #178, #561, #1631, #843, #2590, #1910 ) ) ;
#706 = CARTESIAN_POINT ( 'NONE',  ( 0.000000000000000000, 114.9999999999999858, 100.0000000000000000 ) ) ;
#707 = AXIS2_PLACEMENT_3D ( 'NONE', #3893, #940, #3238 ) ;
#708 = ORIENTED_EDGE ( 'NONE', *, *, #3479, .F. ) ;
#709 = FACE_OUTER_BOUND ( 'NONE', #2574, .T. ) ;
#710 = CARTESIAN_POINT ( 'NONE',  ( -2.000000000000000000, 198.0000000000000000, 24.00000000000000000 ) ) ;
#711 = CARTESIAN_POINT ( 'NONE',  ( 1.500000000000000000, 0.000000000000000000, 24.00000000000000000 ) ) ;
#712 = EDGE_CURVE ( 'NONE', #3578, #2826, #3088, .T. ) ;
#713 = FACE_OUTER_BOUND ( 'NONE', #2073, .T. ) ;
#714 = DIRECTION ( 'NONE',  ( 0.000000000000000000, 0.000000000000000000, -1.000000000000000000 ) ) ;
#715 = CARTESIAN_POINT ( 'NONE',  ( -2.299999999999999822, -202.0000000000000000, 24.00000000000000000 ) ) ;
#716 = ORIENTED_EDGE ( 'NONE', *, *, #404, .F. ) ;
#717 = CIRCLE ( 'NONE', #577, 2.000000000000001776 ) ;
#718 = DIRECTION ( 'NONE',  ( 0.000000000000000000, 0.000000000000000000, -1.000000000000000000 ) ) ;
#719 = CARTESIAN_POINT ( 'NONE',  ( -2.000000000000000000, 194.5999999999999943, 18.25000000000000355 ) ) ;
#720 = ADVANCED_FACE ( 'NONE', ( #4088 ), #1112, .T. ) ;
#721 = LINE ( 'NONE', #2667, #3261 ) ;
#722 = VERTEX_POINT ( 'NONE', #118 ) ;
#723 = CIRCLE ( 'NONE', #3161, 5.100000000000000533 ) ;
#724 = ORIENTED_EDGE ( 'NONE', *, *, #3517, .T. ) ;
#725 = DIRECTION ( 'NONE',  ( -1.000000000000000000, -0.000000000000000000, 0.000000000000000000 ) ) ;
#726 = DIRECTION ( 'NONE',  ( 0.000000000000000000, 0.000000000000000000, -1.000000000000000000 ) ) ;
#727 = ORIENTED_EDGE ( 'NONE', *, *, #1928, .T. ) ;
#728 = CARTESIAN_POINT ( 'NONE',  ( -1.500000000000000000, -48.46743740532919986, 24.00000000000000000 ) ) ;
#729 = EDGE_CURVE ( 'NONE', #4232, #2037, #1465, .T. ) ;
#730 = CARTESIAN_POINT ( 'NONE',  ( -1.500000000000000000, -173.0000000000000284, 47.00000000000000000 ) ) ;
#731 = DIRECTION ( 'NONE',  ( 0.000000000000000000, 0.000000000000000000, -1.000000000000000000 ) ) ;
#732 = CARTESIAN_POINT ( 'NONE',  ( -2.299999999999999822, -60.00000000000000000, 30.00000000000000000 ) ) ;
#733 = LINE ( 'NONE', #2069, #1322 ) ;
#734 = EDGE_CURVE ( 'NONE', #1418, #3392, #4203, .T. ) ;
#735 = DIRECTION ( 'NONE',  ( 1.000000000000000000, 0.000000000000000000, -0.000000000000000000 ) ) ;
#736 = CARTESIAN_POINT ( 'NONE',  ( -2.299999999999999822, 115.0000000000000000, 92.00000000000000000 ) ) ;
#737 = LINE ( 'NONE', #2072, #3397 ) ;
#738 = ORIENTED_EDGE ( 'NONE', *, *, #3977, .T. ) ;
#739 = CARTESIAN_POINT ( 'NONE',  ( -1.500000000000000000, 103.0000000000000142, 90.00000000000000000 ) ) ;
#740 = DIRECTION ( 'NONE',  ( 1.000000000000000000, 0.000000000000000000, 0.000000000000000000 ) ) ;
#741 = DIRECTION ( 'NONE',  ( -0.000000000000000000, 0.000000000000000000, -1.000000000000000000 ) ) ;
#742 = ORIENTED_EDGE ( 'NONE', *, *, #2951, .F. ) ;
#743 = EDGE_CURVE ( 'NONE', #757, #2275, #2798, .T. ) ;
#744 = VERTEX_POINT ( 'NONE', #3522 ) ;
#745 = PERSON_AND_ORGANIZATION ( #2158, #1116 ) ;
#746 = DIRECTION ( 'NONE',  ( 1.000000000000000000, 0.000000000000000000, 0.000000000000000000 ) ) ;
#747 = ORIENTED_EDGE ( 'NONE', *, *, #2900, .T. ) ;
#748 = CARTESIAN_POINT ( 'NONE',  ( -2.000000000000000000, 163.0000000000000000, 100.0000000000000000 ) ) ;
#749 = VERTEX_POINT ( 'NONE', #270 ) ;
#750 = LINE ( 'NONE', #427, #3018 ) ;
#751 = CARTESIAN_POINT ( 'NONE',  ( -2.299999999999999822, -60.00000000000000000, 30.00000000000000000 ) ) ;
#752 = CYLINDRICAL_SURFACE ( 'NONE', #1417, 13.00000000000000178 ) ;
#753 = CARTESIAN_POINT ( 'NONE',  ( -2.299999999999999822, -173.0000000000000284, 47.00000000000000000 ) ) ;
#754 = PLANE ( 'NONE',  #979 ) ;
#755 = CARTESIAN_POINT ( 'NONE',  ( 0.000000000000000000, -198.0000000000000000, 24.00000000000000000 ) ) ;
#756 = DIRECTION ( 'NONE',  ( -1.000000000000000000, -0.000000000000000000, -0.000000000000000000 ) ) ;
#757 = VERTEX_POINT ( 'NONE', #3247 ) ;
#758 = AXIS2_PLACEMENT_3D ( 'NONE', #631, #3639, #655 ) ;
#759 = LINE ( 'NONE', #2800, #1355 ) ;
#760 = AXIS2_PLACEMENT_3D ( 'NONE', #3123, #3735, #430 ) ;
#761 = CARTESIAN_POINT ( 'NONE',  ( -1.500000000000000000, -198.0000000000000000, 96.00000000000000000 ) ) ;
#762 = DIRECTION ( 'NONE',  ( 1.000000000000000000, 0.000000000000000000, 0.000000000000000000 ) ) ;
#763 = VERTEX_POINT ( 'NONE', #1246 ) ;
#764 = EDGE_CURVE ( 'NONE', #2897, #4106, #517, .T. ) ;
#765 = VECTOR ( 'NONE', #3966, 1000.000000000000000 ) ;
#766 = ORIENTED_EDGE ( 'NONE', *, *, #264, .F. ) ;
#767 = COORDINATED_UNIVERSAL_TIME_OFFSET ( 8, 0, .AHEAD. ) ;
#768 = CIRCLE ( 'NONE', #846, 2.000000000000001776 ) ;
#769 = LINE ( 'NONE', #3377, #842 ) ;
#770 = AXIS2_PLACEMENT_3D ( 'NONE', #1109, #1137, #3122 ) ;
#771 = VECTOR ( 'NONE', #1860, 1000.000000000000000 ) ;
#772 = CARTESIAN_POINT ( 'NONE',  ( -2.299999999999999822, 194.5999999999999943, 4.299999999999999822 ) ) ;
#773 = AXIS2_PLACEMENT_3D ( 'NONE', #260, #1274, #1583 ) ;
#774 = VECTOR ( 'NONE', #2100, 1000.000000000000000 ) ;
#775 = ORIENTED_EDGE ( 'NONE', *, *, #1745, .T. ) ;
#776 = FACE_OUTER_BOUND ( 'NONE', #3816, .T. ) ;
#777 = DIRECTION ( 'NONE',  ( 0.000000000000000000, -1.000000000000000000, 0.000000000000000000 ) ) ;
#778 = VECTOR ( 'NONE', #2244, 1000.000000000000000 ) ;
#779 = CARTESIAN_POINT ( 'NONE',  ( 2.000000000000000000, -60.00000000000000000, 43.00000000000000000 ) ) ;
#780 = EDGE_CURVE ( 'NONE', #862, #2768, #4317, .T. ) ;
#781 = CIRCLE ( 'NONE', #3211, 2.000000000000001776 ) ;
#782 = LINE ( 'NONE', #1775, #209 ) ;
#783 = LINE ( 'NONE', #3412, #4268 ) ;
#784 = ORIENTED_EDGE ( 'NONE', *, *, #2638, .T. ) ;
#785 = EDGE_CURVE ( 'NONE', #878, #2627, #212, .T. ) ;
#786 = ORIENTED_EDGE ( 'NONE', *, *, #821, .T. ) ;
#787 = DIRECTION ( 'NONE',  ( -1.000000000000000000, -0.000000000000000000, 0.000000000000000000 ) ) ;
#788 = DIRECTION ( 'NONE',  ( 0.000000000000000000, 0.000000000000000000, -1.000000000000000000 ) ) ;
#789 = VERTEX_POINT ( 'NONE', #3563 ) ;
#790 = AXIS2_PLACEMENT_3D ( 'NONE', #1779, #1144, #102 ) ;
#791 = EDGE_LOOP ( 'NONE', ( #2495, #1560 ) ) ;
#792 = ADVANCED_FACE ( 'NONE', ( #557 ), #1286, .F. ) ;
#793 = APPROVAL_DATE_TIME ( #2454, #4167 ) ;
#794 = DIRECTION ( 'NONE',  ( -1.000000000000000000, -0.000000000000000000, 0.000000000000000000 ) ) ;
#795 = ORIENTED_EDGE ( 'NONE', *, *, #1798, .T. ) ;
#796 = CARTESIAN_POINT ( 'NONE',  ( 2.000000000000000000, 0.000000000000000000, 24.00000000000000000 ) ) ;
#797 = ORIENTED_EDGE ( 'NONE', *, *, #3316, .F. ) ;
#798 = CARTESIAN_POINT ( 'NONE',  ( -2.299999999999999822, -194.5999999999999943, 4.299999999999999822 ) ) ;
#799 = LINE ( 'NONE', #429, #3746 ) ;
#800 = DIRECTION ( 'NONE',  ( 1.000000000000000000, 0.000000000000000000, 0.000000000000000000 ) ) ;
#801 = ADVANCED_FACE ( 'NONE', ( #4178 ), #3910, .T. ) ;
#802 = LINE ( 'NONE', #2836, #2521 ) ;
#803 = CARTESIAN_POINT ( 'NONE',  ( -2.000000000000000000, 0.000000000000000000, 24.00000000000000000 ) ) ;
#804 = ORIENTED_EDGE ( 'NONE', *, *, #1603, .F. ) ;
#805 = CARTESIAN_POINT ( 'NONE',  ( 2.000000000000000000, 72.09999999999999432, 6.000000000000000000 ) ) ;
#806 = ORIENTED_EDGE ( 'NONE', *, *, #1919, .T. ) ;
#807 = LINE ( 'NONE', #459, #1818 ) ;
#808 = CARTESIAN_POINT ( 'NONE',  ( -2.000000000000000000, -184.0000000000000000, 18.00000000000000355 ) ) ;
#809 = CARTESIAN_POINT ( 'NONE',  ( 0.000000000000000000, 175.0000000000000000, 100.0000000000000000 ) ) ;
#810 = ORIENTED_EDGE ( 'NONE', *, *, #138, .T. ) ;
#811 = VERTEX_POINT ( 'NONE', #935 ) ;
#812 = COORDINATED_UNIVERSAL_TIME_OFFSET ( 8, 0, .AHEAD. ) ;
#813 = APPROVAL ( #154, '未' ) ;
#814 = CARTESIAN_POINT ( 'NONE',  ( -2.299999999999999822, 103.0000000000000142, 92.00000000000000000 ) ) ;
#815 = VERTEX_POINT ( 'NONE', #2901 ) ;
#816 = CARTESIAN_POINT ( 'NONE',  ( 2.000000000000000000, -91.85246629291785325, 29.52644355067057802 ) ) ;
#817 = ORIENTED_EDGE ( 'NONE', *, *, #959, .T. ) ;
#818 = FACE_OUTER_BOUND ( 'NONE', #1446, .T. ) ;
#819 = CARTESIAN_POINT ( 'NONE',  ( -2.299999999999999822, 61.25000000000000000, 6.000000000000000000 ) ) ;
#820 = CARTESIAN_POINT ( 'NONE',  ( 1.500000000000000000, 0.000000000000000000, 94.00000000000000000 ) ) ;
#821 = EDGE_CURVE ( 'NONE', #3490, #2206, #2098, .T. ) ;
#822 = CYLINDRICAL_SURFACE ( 'NONE', #3832, 2.250000000000000444 ) ;
#823 = DIRECTION ( 'NONE',  ( -0.000000000000000000, 1.000000000000000000, 0.000000000000000000 ) ) ;
#824 = ORIENTED_EDGE ( 'NONE', *, *, #1377, .F. ) ;
#825 = EDGE_CURVE ( 'NONE', #3184, #3026, #2262, .T. ) ;
#826 = LINE ( 'NONE', #501, #646 ) ;
#827 = LINE ( 'NONE', #700, #2717 ) ;
#828 = LINE ( 'NONE', #2889, #4192 ) ;
#829 = CARTESIAN_POINT ( 'NONE',  ( 2.000000000000000000, 61.25000000000000000, 6.000000000000000000 ) ) ;
#830 = ORIENTED_EDGE ( 'NONE', *, *, #1788, .F. ) ;
#831 = EDGE_CURVE ( 'NONE', #2605, #2037, #3504, .T. ) ;
#832 = APPLICATION_CONTEXT ( 'configuration controlled 3d designs of mechanical parts and assemblies' ) ;
#833 = PRODUCT_DEFINITION_FORMATION_WITH_SPECIFIED_SOURCE ( '�', '', #704, .NOT_KNOWN. ) ;
#834 = ORIENTED_EDGE ( 'NONE', *, *, #2344, .F. ) ;
#835 = CARTESIAN_POINT ( 'NONE',  ( 1.500000000000000000, 193.0000000000000000, 92.00000000000000000 ) ) ;
#836 = ORIENTED_EDGE ( 'NONE', *, *, #293, .F. ) ;
#837 = CARTESIAN_POINT ( 'NONE',  ( 0.000000000000000000, 198.0000000000000000, 24.00000000000000000 ) ) ;
#838 = CIRCLE ( 'NONE', #3257, 2.000000000000001776 ) ;
#839 = ADVANCED_FACE ( 'NONE', ( #4220 ), #253, .F. ) ;
#840 = AXIS2_PLACEMENT_3D ( 'NONE', #608, #2853, #1946 ) ;
#841 = VECTOR ( 'NONE', #2631, 1000.000000000000000 ) ;
#842 = VECTOR ( 'NONE', #3100, 1000.000000000000000 ) ;
#843 = ORIENTED_EDGE ( 'NONE', *, *, #3733, .T. ) ;
#844 = LINE ( 'NONE', #3866, #4064 ) ;
#845 = CARTESIAN_POINT ( 'NONE',  ( 2.000000000000000000, 61.25000000000000000, 16.00000000000000000 ) ) ;
#846 = AXIS2_PLACEMENT_3D ( 'NONE', #3239, #958, #2890 ) ;
#847 = AXIS2_PLACEMENT_3D ( 'NONE', #668, #980, #2347 ) ;
#848 = VECTOR ( 'NONE', #2255, 1000.000000000000000 ) ;
#849 = CARTESIAN_POINT ( 'NONE',  ( 2.000000000000000000, 60.00000000000000000, 30.00000000000000000 ) ) ;
#850 = LINE ( 'NONE', #2142, #1354 ) ;
#851 = EDGE_CURVE ( 'NONE', #1202, #583, #3582, .T. ) ;
#852 = AXIS2_PLACEMENT_3D ( 'NONE', #1450, #787, #2076 ) ;
#853 = ORIENTED_EDGE ( 'NONE', *, *, #181, .T. ) ;
#854 = AXIS2_PLACEMENT_3D ( 'NONE', #300, #1705, #714 ) ;
#855 = CARTESIAN_POINT ( 'NONE',  ( 0.000000000000000000, 198.0000000000000000, 24.00000000000000000 ) ) ;
#856 = CARTESIAN_POINT ( 'NONE',  ( 2.000000000000000000, 175.0000000000000000, 100.0000000000000000 ) ) ;
#857 = DIRECTION ( 'NONE',  ( 0.000000000000000000, -1.000000000000000000, 0.000000000000000000 ) ) ;
#858 = ORIENTED_EDGE ( 'NONE', *, *, #3359, .F. ) ;
#859 = EDGE_CURVE ( 'NONE', #1300, #2275, #596, .T. ) ;
#860 = ORIENTED_EDGE ( 'NONE', *, *, #86, .F. ) ;
#861 = CARTESIAN_POINT ( 'NONE',  ( -2.000000000000000000, 48.46743740532919986, 24.00000000000000000 ) ) ;
#862 = VERTEX_POINT ( 'NONE', #3173 ) ;
#863 = CARTESIAN_POINT ( 'NONE',  ( -2.299999999999999822, 60.00000000000000000, 27.25000000000000000 ) ) ;
#864 = VECTOR ( 'NONE', #2555, 1000.000000000000000 ) ;
#865 = ORIENTED_EDGE ( 'NONE', *, *, #883, .F. ) ;
#866 = DIRECTION ( 'NONE',  ( 0.000000000000000000, 1.000000000000000000, 0.000000000000000000 ) ) ;
#867 = EDGE_CURVE ( 'NONE', #2232, #2324, #1616, .T. ) ;
#868 = DIRECTION ( 'NONE',  ( 1.000000000000000000, 0.000000000000000000, 0.000000000000000000 ) ) ;
#869 = CARTESIAN_POINT ( 'NONE',  ( -2.000000000000000000, -72.09999999999999432, 4.299999999999999822 ) ) ;
#870 = CARTESIAN_POINT ( 'NONE',  ( -2.299999999999999822, -129.0000000000000000, 52.00000000000000711 ) ) ;
#871 = ORIENTED_EDGE ( 'NONE', *, *, #2754, .F. ) ;
#872 = EDGE_CURVE ( 'NONE', #2275, #757, #1270, .T. ) ;
#873 = CARTESIAN_POINT ( 'NONE',  ( 2.000000000000000000, 72.09999999999999432, 4.299999999999999822 ) ) ;
#874 = CARTESIAN_POINT ( 'NONE',  ( 0.000000000000000000, 145.0000000000000000, 94.00000000000000000 ) ) ;
#875 = VERTEX_POINT ( 'NONE', #869 ) ;
#876 = FACE_OUTER_BOUND ( 'NONE', #1917, .T. ) ;
#877 = PLANE ( 'NONE',  #1545 ) ;
#878 = VERTEX_POINT ( 'NONE', #2222 ) ;
#879 = ORIENTED_EDGE ( 'NONE', *, *, #2525, .T. ) ;
#880 = CARTESIAN_POINT ( 'NONE',  ( 2.000000000000000000, 198.0000000000000000, 96.00000000000000000 ) ) ;
#881 = ORIENTED_EDGE ( 'NONE', *, *, #2845, .T. ) ;
#882 = CARTESIAN_POINT ( 'NONE',  ( 0.000000000000000000, 0.000000000000000000, 96.00000000000000000 ) ) ;
#883 = EDGE_CURVE ( 'NONE', #3325, #3793, #3540, .T. ) ;
#884 = EDGE_LOOP ( 'NONE', ( #1533, #2258 ) ) ;
#885 = DIRECTION ( 'NONE',  ( 0.000000000000000000, -1.000000000000000000, 0.000000000000000000 ) ) ;
#886 = ORIENTED_EDGE ( 'NONE', *, *, #545, .F. ) ;
#887 = CARTESIAN_POINT ( 'NONE',  ( -2.299999999999999822, -61.25000000000000000, 7.700000000000000178 ) ) ;
#888 = CARTESIAN_POINT ( 'NONE',  ( 2.000000000000000000, 194.5999999999999943, 16.00000000000000000 ) ) ;
#889 = DIRECTION ( 'NONE',  ( 0.000000000000000000, 0.000000000000000000, 1.000000000000000000 ) ) ;
#890 = UNCERTAINTY_MEASURE_WITH_UNIT (LENGTH_MEASURE( 1.000000000000000082E-05 ), #1690, 'distance_accuracy_value', 'NONE');
#891 = ORIENTED_EDGE ( 'NONE', *, *, #3675, .F. ) ;
#892 = EDGE_CURVE ( 'NONE', #2959, #132, #3759, .T. ) ;
#893 = CARTESIAN_POINT ( 'NONE',  ( -1.500000000000000000, 84.99999999999998579, 94.00000000000000000 ) ) ;
#894 = DIRECTION ( 'NONE',  ( 1.000000000000000000, 0.000000000000000000, 0.000000000000000000 ) ) ;
#895 = CARTESIAN_POINT ( 'NONE',  ( -2.000000000000000000, 0.000000000000000000, 27.25000000000000000 ) ) ;
#896 = DIRECTION ( 'NONE',  ( 0.000000000000000000, 0.000000000000000000, -1.000000000000000000 ) ) ;
#897 = EDGE_LOOP ( 'NONE', ( #2758, #325, #1803, #3079 ) ) ;
#898 = ORIENTED_EDGE ( 'NONE', *, *, #921, .T. ) ;
#899 = PLANE ( 'NONE',  #915 ) ;
#900 = ADVANCED_FACE ( 'NONE', ( #4128 ), #1786, .T. ) ;
#901 = VERTEX_POINT ( 'NONE', #2410 ) ;
#902 = AXIS2_PLACEMENT_3D ( 'NONE', #1394, #2766, #731 ) ;
#903 = VERTEX_POINT ( 'NONE', #2429 ) ;
#904 = AXIS2_PLACEMENT_3D ( 'NONE', #3456, #2140, #1092 ) ;
#905 = ORIENTED_EDGE ( 'NONE', *, *, #3760, .T. ) ;
#906 = FACE_BOUND ( 'NONE', #46, .T. ) ;
#907 = CIRCLE ( 'NONE', #1200, 2.000000000000001776 ) ;
#908 = ADVANCED_BREP_SHAPE_REPRESENTATION ( 'SideFrame_V09_SecureLidInner', ( #3889, #2923 ), #3255 ) ;
#909 = CARTESIAN_POINT ( 'NONE',  ( -2.000000000000000000, 0.000000000000000000, 104.0000000000000142 ) ) ;
#910 = DIRECTION ( 'NONE',  ( 1.000000000000000000, 0.000000000000000000, -0.000000000000000000 ) ) ;
#911 = ADVANCED_FACE ( 'NONE', ( #1388 ), #2151, .F. ) ;
#912 = VECTOR ( 'NONE', #866, 1000.000000000000000 ) ;
#913 = VECTOR ( 'NONE', #2141, 1000.000000000000000 ) ;
#914 = ORIENTED_EDGE ( 'NONE', *, *, #3340, .F. ) ;
#915 = AXIS2_PLACEMENT_3D ( 'NONE', #2497, #3555, #3469 ) ;
#916 = DIRECTION ( 'NONE',  ( -1.000000000000000000, 0.000000000000000000, 0.000000000000000000 ) ) ;
#917 = LINE ( 'NONE', #956, #2246 ) ;
#918 = VECTOR ( 'NONE', #1215, 1000.000000000000000 ) ;
#919 = CARTESIAN_POINT ( 'NONE',  ( -2.000000000000000000, -129.0000000000000000, 52.00000000000000711 ) ) ;
#920 = CYLINDRICAL_SURFACE ( 'NONE', #3963, 1.600000000000000755 ) ;
#921 = EDGE_CURVE ( 'NONE', #2130, #862, #375, .T. ) ;
#922 = VERTEX_POINT ( 'NONE', #2761 ) ;
#923 = AXIS2_PLACEMENT_3D ( 'NONE', #1007, #2330, #1359 ) ;
#924 = ORIENTED_EDGE ( 'NONE', *, *, #2148, .T. ) ;
#925 = CARTESIAN_POINT ( 'NONE',  ( 2.000000000000000000, -129.0000000000000000, 52.00000000000000711 ) ) ;
#926 = ORIENTED_EDGE ( 'NONE', *, *, #4279, .F. ) ;
#927 = EDGE_CURVE ( 'NONE', #3859, #1817, #4037, .T. ) ;
#928 = AXIS2_PLACEMENT_3D ( 'NONE', #692, #3348, #365 ) ;
#929 = ORIENTED_EDGE ( 'NONE', *, *, #2951, .T. ) ;
#930 = ORIENTED_EDGE ( 'NONE', *, *, #2168, .F. ) ;
#931 = FACE_BOUND ( 'NONE', #2283, .T. ) ;
#932 = AXIS2_PLACEMENT_3D ( 'NONE', #582, #1209, #2594 ) ;
#933 = AXIS2_PLACEMENT_3D ( 'NONE', #855, #2444, #3111 ) ;
#934 = AXIS2_PLACEMENT_3D ( 'NONE', #730, #1740, #1461 ) ;
#935 = CARTESIAN_POINT ( 'NONE',  ( 2.000000000000000000, -60.00000000000000000, 27.25000000000000000 ) ) ;
#936 = PLANE ( 'NONE',  #2254 ) ;
#937 = VERTEX_POINT ( 'NONE', #1062 ) ;
#938 = EDGE_CURVE ( 'NONE', #2970, #595, #769, .T. ) ;
#939 = DIRECTION ( 'NONE',  ( 0.000000000000000000, 0.000000000000000000, 1.000000000000000000 ) ) ;
#940 = DIRECTION ( 'NONE',  ( 1.000000000000000000, 0.000000000000000000, -0.000000000000000000 ) ) ;
#941 = CARTESIAN_POINT ( 'NONE',  ( -2.000000000000000000, 198.0000000000000000, 96.00000000000000000 ) ) ;
#942 = DIRECTION ( 'NONE',  ( 1.000000000000000000, 0.000000000000000000, -0.000000000000000000 ) ) ;
#943 = ORIENTED_EDGE ( 'NONE', *, *, #4004, .T. ) ;
#944 = ORIENTED_EDGE ( 'NONE', *, *, #146, .T. ) ;
#945 = CARTESIAN_POINT ( 'NONE',  ( 0.000000000000000000, 0.000000000000000000, 24.00000000000000000 ) ) ;
#946 = ORIENTED_EDGE ( 'NONE', *, *, #3106, .F. ) ;
#947 = ORIENTED_EDGE ( 'NONE', *, *, #513, .T. ) ;
#948 = ORIENTED_EDGE ( 'NONE', *, *, #1423, .T. ) ;
#949 = LINE ( 'NONE', #2277, #2930 ) ;
#950 = VERTEX_POINT ( 'NONE', #465 ) ;
#951 = CARTESIAN_POINT ( 'NONE',  ( 2.000000000000000000, -190.0000000000000000, 22.39999999999999858 ) ) ;
#952 = CARTESIAN_POINT ( 'NONE',  ( 2.000000000000000000, 0.000000000000000000, 0.000000000000000000 ) ) ;
#953 = ADVANCED_FACE ( 'NONE', ( #394 ), #1480, .F. ) ;
#954 = ORIENTED_EDGE ( 'NONE', *, *, #785, .F. ) ;
#955 = CARTESIAN_POINT ( 'NONE',  ( 0.000000000000000000, 124.0000000000000000, 90.00000000000000000 ) ) ;
#956 = CARTESIAN_POINT ( 'NONE',  ( -2.000000000000000000, 71.53256259467079303, 24.00000000000000000 ) ) ;
#957 = CARTESIAN_POINT ( 'NONE',  ( 1.500000000000000000, 85.00000000000000000, 94.00000000000000000 ) ) ;
#958 = DIRECTION ( 'NONE',  ( 1.000000000000000000, 0.000000000000000000, -0.000000000000000000 ) ) ;
#959 = EDGE_CURVE ( 'NONE', #903, #3515, #3794, .T. ) ;
#960 = ORIENTED_EDGE ( 'NONE', *, *, #1617, .F. ) ;
#961 = ORIENTED_EDGE ( 'NONE', *, *, #2643, .T. ) ;
#962 = DIRECTION ( 'NONE',  ( -1.000000000000000000, -0.000000000000000000, 0.000000000000000000 ) ) ;
#963 = ADVANCED_FACE ( 'NONE', ( #3034 ), #3394, .F. ) ;
#964 = LINE ( 'NONE', #2272, #2198 ) ;
#965 = VERTEX_POINT ( 'NONE', #420 ) ;
#966 = EDGE_LOOP ( 'NONE', ( #2082, #3667, #392, #926 ) ) ;
#967 = ORIENTED_EDGE ( 'NONE', *, *, #2051, .F. ) ;
#968 = DIRECTION ( 'NONE',  ( 0.000000000000000000, 0.000000000000000000, -1.000000000000000000 ) ) ;
#969 = AXIS2_PLACEMENT_3D ( 'NONE', #3402, #116, #2787 ) ;
#970 = EDGE_CURVE ( 'NONE', #937, #3331, #2714, .T. ) ;
#971 = VECTOR ( 'NONE', #117, 1000.000000000000000 ) ;
#972 = ORIENTED_EDGE ( 'NONE', *, *, #1780, .T. ) ;
#973 = DIRECTION ( 'NONE',  ( 1.000000000000000000, 0.000000000000000000, -0.000000000000000000 ) ) ;
#974 = DIRECTION ( 'NONE',  ( 0.000000000000000000, 0.000000000000000000, 1.000000000000000000 ) ) ;
#975 = VERTEX_POINT ( 'NONE', #1412 ) ;
#976 = VECTOR ( 'NONE', #2110, 1000.000000000000000 ) ;
#977 = ADVANCED_FACE ( 'NONE', ( #1456 ), #2388, .F. ) ;
#978 = AXIS2_PLACEMENT_3D ( 'NONE', #3420, #439, #2776 ) ;
#979 = AXIS2_PLACEMENT_3D ( 'NONE', #2092, #496, #735 ) ;
#980 = DIRECTION ( 'NONE',  ( 1.000000000000000000, 0.000000000000000000, 0.000000000000000000 ) ) ;
#981 = DIRECTION ( 'NONE',  ( 1.000000000000000000, 0.000000000000000000, -0.000000000000000000 ) ) ;
#982 = CIRCLE ( 'NONE', #3690, 1.700000000000000178 ) ;
#983 = CARTESIAN_POINT ( 'NONE',  ( 2.000000000000000000, 0.000000000000000000, 27.25000000000000000 ) ) ;
#984 = ORIENTED_EDGE ( 'NONE', *, *, #2427, .F. ) ;
#985 = CIRCLE ( 'NONE', #3206, 2.000000000000001776 ) ;
#986 = CIRCLE ( 'NONE', #3840, 2.250000000000000444 ) ;
#987 = LINE ( 'NONE', #388, #2391 ) ;
#988 = CARTESIAN_POINT ( 'NONE',  ( -2.000000000000000000, -173.0000000000000284, 47.00000000000000000 ) ) ;
#989 = CARTESIAN_POINT ( 'NONE',  ( -2.000000000000000000, 193.0000000000000000, 100.0000000000000000 ) ) ;
#990 = DIRECTION ( 'NONE',  ( 1.000000000000000000, 0.000000000000000000, 0.000000000000000000 ) ) ;
#991 = VERTEX_POINT ( 'NONE', #2455 ) ;
#992 = ADVANCED_FACE ( 'NONE', ( #1436 ), #1736, .F. ) ;
#993 = VECTOR ( 'NONE', #3546, 1000.000000000000000 ) ;
#994 = LINE ( 'NONE', #1735, #4237 ) ;
#995 = VERTEX_POINT ( 'NONE', #4059 ) ;
#996 = EDGE_LOOP ( 'NONE', ( #347, #4057, #1807, #2193 ) ) ;
#997 = DIRECTION ( 'NONE',  ( 1.000000000000000000, 0.000000000000000000, 0.000000000000000000 ) ) ;
#998 = EDGE_CURVE ( 'NONE', #2706, #763, #1084, .T. ) ;
#999 = VERTEX_POINT ( 'NONE', #1239 ) ;
#1000 = DIRECTION ( 'NONE',  ( 1.000000000000000000, 0.000000000000000000, -0.000000000000000000 ) ) ;
#1001 = FACE_BOUND ( 'NONE', #2269, .T. ) ;
#1002 = AXIS2_PLACEMENT_3D ( 'NONE', #2279, #1040, #2998 ) ;
#1003 = AXIS2_PLACEMENT_3D ( 'NONE', #805, #3157, #2490 ) ;
#1004 = ORIENTED_EDGE ( 'NONE', *, *, #1423, .F. ) ;
#1005 = CIRCLE ( 'NONE', #2677, 2.000000000000001776 ) ;
#1006 = CARTESIAN_POINT ( 'NONE',  ( -2.000000000000000000, -210.0000000000000000, 0.000000000000000000 ) ) ;
#1007 = CARTESIAN_POINT ( 'NONE',  ( 0.000000000000000000, 198.0000000000000000, 24.00000000000000000 ) ) ;
#1008 = CARTESIAN_POINT ( 'NONE',  ( 0.000000000000000000, 133.0000000000000000, 90.00000000000000000 ) ) ;
#1009 = ADVANCED_FACE ( 'NONE', ( #225 ), #899, .T. ) ;
#1010 = CARTESIAN_POINT ( 'NONE',  ( 0.000000000000000000, 154.0000000000000000, 94.00000000000000000 ) ) ;
#1011 = CARTESIAN_POINT ( 'NONE',  ( -2.000000000000000000, 72.09999999999999432, 4.299999999999999822 ) ) ;
#1012 = CARTESIAN_POINT ( 'NONE',  ( -2.000000000000000000, 61.25000000000000000, 13.75000000000000000 ) ) ;
#1013 = CARTESIAN_POINT ( 'NONE',  ( 2.000000000000000000, 103.0000000000000142, 104.0000000000000142 ) ) ;
#1014 = ORIENTED_EDGE ( 'NONE', *, *, #2771, .T. ) ;
#1015 = ADVANCED_FACE ( 'NONE', ( #3208 ), #1853, .T. ) ;
#1016 = EDGE_LOOP ( 'NONE', ( #2762, #3215, #3918, #2874 ) ) ;
#1017 = DIRECTION ( 'NONE',  ( 0.000000000000000000, -1.000000000000000000, 0.000000000000000000 ) ) ;
#1018 = ORIENTED_EDGE ( 'NONE', *, *, #4287, .T. ) ;
#1019 = CARTESIAN_POINT ( 'NONE',  ( -1.500000000000000000, 0.000000000000000000, 24.00000000000000000 ) ) ;
#1020 = ADVANCED_FACE ( 'NONE', ( #1913 ), #4194, .T. ) ;
#1021 = ORIENTED_EDGE ( 'NONE', *, *, #970, .F. ) ;
#1022 = DIRECTION ( 'NONE',  ( 0.000000000000000000, 0.000000000000000000, -1.000000000000000000 ) ) ;
#1023 = FACE_BOUND ( 'NONE', #3788, .T. ) ;
#1024 = VERTEX_POINT ( 'NONE', #1890 ) ;
#1025 = DIRECTION ( 'NONE',  ( 1.000000000000000000, 0.000000000000000000, -0.000000000000000000 ) ) ;
#1026 = CARTESIAN_POINT ( 'NONE',  ( -2.000000000000000000, -48.46743740532919986, 24.00000000000000000 ) ) ;
#1027 = FACE_OUTER_BOUND ( 'NONE', #2523, .T. ) ;
#1028 = ORIENTED_EDGE ( 'NONE', *, *, #456, .F. ) ;
#1029 = EDGE_CURVE ( 'NONE', #1043, #2805, #1256, .T. ) ;
#1030 = FACE_OUTER_BOUND ( 'NONE', #2847, .T. ) ;
#1031 = FACE_OUTER_BOUND ( 'NONE', #996, .T. ) ;
#1032 = DIRECTION ( 'NONE',  ( 0.000000000000000000, 0.000000000000000000, -1.000000000000000000 ) ) ;
#1033 = DIRECTION ( 'NONE',  ( 0.000000000000000000, 0.000000000000000000, -1.000000000000000000 ) ) ;
#1034 = EDGE_LOOP ( 'NONE', ( #499, #1085, #3115, #1976 ) ) ;
#1035 = ADVANCED_FACE ( 'NONE', ( #2848 ), #1831, .F. ) ;
#1036 = ORIENTED_EDGE ( 'NONE', *, *, #381, .F. ) ;
#1037 = ORIENTED_EDGE ( 'NONE', *, *, #3405, .T. ) ;
#1038 = CARTESIAN_POINT ( 'NONE',  ( -2.000000000000000000, -72.09999999999999432, 7.700000000000000178 ) ) ;
#1039 = ORIENTED_EDGE ( 'NONE', *, *, #3940, .F. ) ;
#1040 = DIRECTION ( 'NONE',  ( -1.000000000000000000, -0.000000000000000000, -0.000000000000000000 ) ) ;
#1041 = CARTESIAN_POINT ( 'NONE',  ( 0.000000000000000000, -184.0000000000000000, 90.00000000000001421 ) ) ;
#1042 = CARTESIAN_POINT ( 'NONE',  ( -2.000000000000000000, -48.46743740532919986, 24.00000000000000000 ) ) ;
#1043 = VERTEX_POINT ( 'NONE', #3228 ) ;
#1044 = APPROVAL_PERSON_ORGANIZATION ( #1805, #1087, #1126 ) ;
#1045 = EDGE_CURVE ( 'NONE', #2679, #1866, #4168, .T. ) ;
#1046 = DIRECTION ( 'NONE',  ( 0.000000000000000000, 1.000000000000000000, 0.000000000000000000 ) ) ;
#1047 = CARTESIAN_POINT ( 'NONE',  ( -2.299999999999999822, 188.4000000000000057, 24.00000000000000000 ) ) ;
#1048 = DIRECTION ( 'NONE',  ( -0.000000000000000000, 0.000000000000000000, -1.000000000000000000 ) ) ;
#1049 = CIRCLE ( 'NONE', #3476, 2.250000000000000444 ) ;
#1050 = ORIENTED_EDGE ( 'NONE', *, *, #186, .T. ) ;
#1051 = AXIS2_PLACEMENT_3D ( 'NONE', #2321, #2972, #3645 ) ;
#1052 = LINE ( 'NONE', #2640, #1349 ) ;
#1053 = EDGE_CURVE ( 'NONE', #3036, #153, #3495, .T. ) ;
#1054 = DIRECTION ( 'NONE',  ( 1.000000000000000000, 0.000000000000000000, 0.000000000000000000 ) ) ;
#1055 = CARTESIAN_POINT ( 'NONE',  ( -2.000000000000000000, 84.99999999999998579, 104.0000000000000142 ) ) ;
#1056 = CIRCLE ( 'NONE', #2443, 2.250000000000001776 ) ;
#1057 = VECTOR ( 'NONE', #2635, 1000.000000000000000 ) ;
#1058 = ORIENTED_EDGE ( 'NONE', *, *, #1433, .F. ) ;
#1059 = VECTOR ( 'NONE', #2881, 1000.000000000000000 ) ;
#1060 = ORIENTED_EDGE ( 'NONE', *, *, #3132, .T. ) ;
#1061 = APPLICATION_CONTEXT ( 'configuration controlled 3d designs of mechanical parts and assemblies' ) ;
#1062 = CARTESIAN_POINT ( 'NONE',  ( -2.000000000000000000, -194.5999999999999943, 7.700000000000000178 ) ) ;
#1063 = VECTOR ( 'NONE', #962, 1000.000000000000000 ) ;
#1064 = VERTEX_POINT ( 'NONE', #880 ) ;
#1065 = CARTESIAN_POINT ( 'NONE',  ( 2.000000000000000000, 175.0000000000000284, 102.0000000000000142 ) ) ;
#1066 = ADVANCED_FACE ( 'NONE', ( #3815 ), #3842, .F. ) ;
#1067 = AXIS2_PLACEMENT_3D ( 'NONE', #241, #216, #4270 ) ;
#1068 = EDGE_LOOP ( 'NONE', ( #307, #1701, #947, #4133 ) ) ;
#1069 = FACE_OUTER_BOUND ( 'NONE', #672, .T. ) ;
#1070 = LINE ( 'NONE', #4135, #210 ) ;
#1071 = DIRECTION ( 'NONE',  ( -1.000000000000000000, -0.000000000000000000, 0.000000000000000000 ) ) ;
#1072 = DIRECTION ( 'NONE',  ( 0.000000000000000000, 0.000000000000000000, -1.000000000000000000 ) ) ;
#1073 = CYLINDRICAL_SURFACE ( 'NONE', #570, 2.250000000000000444 ) ;
#1074 = CIRCLE ( 'NONE', #1003, 1.700000000000000178 ) ;
#1075 = LINE ( 'NONE', #2705, #2241 ) ;
#1076 = ADVANCED_FACE ( 'NONE', ( #3514 ), #527, .F. ) ;
#1077 = VECTOR ( 'NONE', #910, 1000.000000000000000 ) ;
#1078 = CARTESIAN_POINT ( 'NONE',  ( -2.299999999999999822, 190.0000000000000000, 24.00000000000000000 ) ) ;
#1079 = LINE ( 'NONE', #3049, #4117 ) ;
#1080 = FACE_OUTER_BOUND ( 'NONE', #1115, .T. ) ;
#1081 = ORIENTED_EDGE ( 'NONE', *, *, #712, .F. ) ;
#1082 = EDGE_LOOP ( 'NONE', ( #1039, #4015, #1601, #1081 ) ) ;
#1083 = PERSON_AND_ORGANIZATION ( #2158, #1116 ) ;
#1084 = LINE ( 'NONE', #2081, #2799 ) ;
#1085 = ORIENTED_EDGE ( 'NONE', *, *, #938, .F. ) ;
#1086 = CARTESIAN_POINT ( 'NONE',  ( -2.000000000000000000, 193.0000000000000000, 102.0000000000000142 ) ) ;
#1087 = APPROVAL ( #417, '未' ) ;
#1088 = ORIENTED_EDGE ( 'NONE', *, *, #1607, .T. ) ;
#1089 = DIRECTION ( 'NONE',  ( 1.000000000000000000, 0.000000000000000000, 0.000000000000000000 ) ) ;
#1090 = DIRECTION ( 'NONE',  ( 0.000000000000000000, 0.000000000000000000, -1.000000000000000000 ) ) ;
#1091 = DIRECTION ( 'NONE',  ( 1.000000000000000000, 0.000000000000000000, 0.000000000000000000 ) ) ;
#1092 = DIRECTION ( 'NONE',  ( 0.000000000000000000, 0.000000000000000000, 1.000000000000000000 ) ) ;
#1093 = DIRECTION ( 'NONE',  ( 0.000000000000000000, 0.000000000000000000, 1.000000000000000000 ) ) ;
#1094 = CARTESIAN_POINT ( 'NONE',  ( 0.000000000000000000, 0.000000000000000000, 24.00000000000000000 ) ) ;
#1095 = EDGE_CURVE ( 'NONE', #3561, #3632, #982, .T. ) ;
#1096 = DIRECTION ( 'NONE',  ( -1.000000000000000000, -0.000000000000000000, -0.000000000000000000 ) ) ;
#1097 = EDGE_LOOP ( 'NONE', ( #2668, #3644, #2903, #2428 ) ) ;
#1098 = PLANE ( 'NONE',  #933 ) ;
#1099 = CARTESIAN_POINT ( 'NONE',  ( -2.299999999999999822, 145.0000000000000000, 102.0000000000000142 ) ) ;
#1100 = CARTESIAN_POINT ( 'NONE',  ( 1.500000000000000000, 190.0000000000000000, 24.00000000000000000 ) ) ;
#1101 = EDGE_LOOP ( 'NONE', ( #1088, #2519, #898, #481 ) ) ;
#1102 = EDGE_CURVE ( 'NONE', #722, #371, #624, .T. ) ;
#1103 = ORIENTED_EDGE ( 'NONE', *, *, #3550, .T. ) ;
#1104 = PERSON_AND_ORGANIZATION ( #2158, #1116 ) ;
#1105 = DIRECTION ( 'NONE',  ( 1.000000000000000000, 0.000000000000000000, -0.000000000000000000 ) ) ;
#1106 = LINE ( 'NONE', #796, #976 ) ;
#1107 = ORIENTED_EDGE ( 'NONE', *, *, #1155, .F. ) ;
#1108 = DIRECTION ( 'NONE',  ( 1.000000000000000000, 0.000000000000000000, 0.000000000000000000 ) ) ;
#1109 = CARTESIAN_POINT ( 'NONE',  ( -2.299999999999999822, 133.0000000000000000, 92.00000000000000000 ) ) ;
#1110 = EDGE_CURVE ( 'NONE', #1539, #285, #2588, .T. ) ;
#1111 = PLANE ( 'NONE',  #4172 ) ;
#1112 = PLANE ( 'NONE',  #1330 ) ;
#1113 = FACE_OUTER_BOUND ( 'NONE', #3967, .T. ) ;
#1114 = CARTESIAN_POINT ( 'NONE',  ( -2.000000000000000000, 0.000000000000000000, 24.00000000000000000 ) ) ;
#1115 = EDGE_LOOP ( 'NONE', ( #2161, #224, #786, #610 ) ) ;
#1116 = ORGANIZATION ( '未', '未', '' ) ;
#1117 = EDGE_CURVE ( 'NONE', #1947, #3882, #1832, .T. ) ;
#1118 = CARTESIAN_POINT ( 'NONE',  ( -2.000000000000000000, 103.0000000000000142, 102.0000000000000142 ) ) ;
#1119 = AXIS2_PLACEMENT_3D ( 'NONE', #3017, #1283, #3663 ) ;
#1120 = VERTEX_POINT ( 'NONE', #3142 ) ;
#1121 = CARTESIAN_POINT ( 'NONE',  ( 0.000000000000000000, -184.0000000000000000, 18.00000000000000355 ) ) ;
#1122 = CARTESIAN_POINT ( 'NONE',  ( 2.000000000000000000, -184.0000000000000000, 24.00000000000000000 ) ) ;
#1123 = VERTEX_POINT ( 'NONE', #155 ) ;
#1124 = VECTOR ( 'NONE', #4081, 1000.000000000000000 ) ;
#1125 = VERTEX_POINT ( 'NONE', #1176 ) ;
#1126 = APPROVAL_ROLE ( '' ) ;
#1127 = AXIS2_PLACEMENT_3D ( 'NONE', #3260, #287, #4277 ) ;
#1128 = AXIS2_PLACEMENT_3D ( 'NONE', #2860, #4186, #538 ) ;
#1129 = DIRECTION ( 'NONE',  ( -1.000000000000000000, 0.000000000000000000, 0.000000000000000000 ) ) ;
#1130 = AXIS2_PLACEMENT_3D ( 'NONE', #1229, #1901, #2593 ) ;
#1131 = EDGE_LOOP ( 'NONE', ( #173, #2177, #3258, #1257 ) ) ;
#1132 = DIRECTION ( 'NONE',  ( 0.000000000000000000, 0.000000000000000000, -1.000000000000000000 ) ) ;
#1133 = EDGE_CURVE ( 'NONE', #4026, #3907, #1201, .T. ) ;
#1134 = AXIS2_PLACEMENT_3D ( 'NONE', #4041, #2600, #2267 ) ;
#1135 = ORIENTED_EDGE ( 'NONE', *, *, #1733, .T. ) ;
#1136 = DIRECTION ( 'NONE',  ( -1.000000000000000000, -0.000000000000000000, 0.000000000000000000 ) ) ;
#1137 = DIRECTION ( 'NONE',  ( 1.000000000000000000, 0.000000000000000000, 0.000000000000000000 ) ) ;
#1138 = CYLINDRICAL_SURFACE ( 'NONE', #201, 1.700000000000000178 ) ;
#1139 = CIRCLE ( 'NONE', #351, 12.99999999999999822 ) ;
#1140 = CARTESIAN_POINT ( 'NONE',  ( -2.299999999999999822, -129.0000000000000000, 46.90000000000000568 ) ) ;
#1141 = CARTESIAN_POINT ( 'NONE',  ( -2.000000000000000000, 0.000000000000000000, 24.00000000000000000 ) ) ;
#1142 = ORIENTED_EDGE ( 'NONE', *, *, #327, .T. ) ;
#1143 = PRODUCT_DEFINITION ( '�', '', #833, #3715 ) ;
#1144 = DIRECTION ( 'NONE',  ( 0.000000000000000000, 0.000000000000000000, 1.000000000000000000 ) ) ;
#1145 = ORIENTED_EDGE ( 'NONE', *, *, #3926, .F. ) ;
#1146 = DIRECTION ( 'NONE',  ( -1.000000000000000000, -0.000000000000000000, 0.000000000000000000 ) ) ;
#1147 = DIRECTION ( 'NONE',  ( 1.000000000000000000, 0.000000000000000000, -0.000000000000000000 ) ) ;
#1148 = EDGE_CURVE ( 'NONE', #789, #1024, #195, .T. ) ;
#1149 = ORIENTED_EDGE ( 'NONE', *, *, #2734, .T. ) ;
#1150 = VECTOR ( 'NONE', #1595, 1000.000000000000000 ) ;
#1151 = VECTOR ( 'NONE', #1089, 1000.000000000000000 ) ;
#1152 = EDGE_LOOP ( 'NONE', ( #3658, #3463 ) ) ;
#1153 = COORDINATED_UNIVERSAL_TIME_OFFSET ( 8, 0, .AHEAD. ) ;
#1154 = CARTESIAN_POINT ( 'NONE',  ( 0.000000000000000000, 163.0000000000000000, 100.0000000000000000 ) ) ;
#1155 = EDGE_CURVE ( 'NONE', #153, #3470, #1755, .T. ) ;
#1156 = VERTEX_POINT ( 'NONE', #4276 ) ;
#1157 = CARTESIAN_POINT ( 'NONE',  ( 0.000000000000000000, 94.00000000000000000, 90.00000000000000000 ) ) ;
#1158 = VERTEX_POINT ( 'NONE', #4293 ) ;
#1159 = CYLINDRICAL_SURFACE ( 'NONE', #443, 2.749999999999999112 ) ;
#1160 = EDGE_CURVE ( 'NONE', #2500, #878, #321, .T. ) ;
#1161 = DIRECTION ( 'NONE',  ( 1.000000000000000000, 0.000000000000000000, -0.000000000000000000 ) ) ;
#1162 = FACE_OUTER_BOUND ( 'NONE', #1644, .T. ) ;
#1163 = DIRECTION ( 'NONE',  ( 0.000000000000000000, -1.000000000000000000, 0.000000000000000000 ) ) ;
#1164 = CARTESIAN_POINT ( 'NONE',  ( 2.000000000000000000, -72.09999999999999432, 16.00000000000000000 ) ) ;
#1165 = EDGE_CURVE ( 'NONE', #3642, #4200, #286, .T. ) ;
#1166 = FACE_OUTER_BOUND ( 'NONE', #2543, .T. ) ;
#1167 = EDGE_LOOP ( 'NONE', ( #84, #795, #924, #4005 ) ) ;
#1168 = DIRECTION ( 'NONE',  ( -1.000000000000000000, -0.000000000000000000, 0.000000000000000000 ) ) ;
#1169 = DIRECTION ( 'NONE',  ( 1.000000000000000000, 0.000000000000000000, -0.000000000000000000 ) ) ;
#1170 = CARTESIAN_POINT ( 'NONE',  ( -1.500000000000000000, -198.0000000000000000, 24.00000000000000000 ) ) ;
#1171 = DIRECTION ( 'NONE',  ( 0.000000000000000000, 0.000000000000000000, -1.000000000000000000 ) ) ;
#1172 = EDGE_CURVE ( 'NONE', #2888, #3497, #3982, .T. ) ;
#1173 = ORIENTED_EDGE ( 'NONE', *, *, #3733, .F. ) ;
#1174 = VERTEX_POINT ( 'NONE', #1012 ) ;
#1175 = SECURITY_CLASSIFICATION_LEVEL ( 'unclassified' ) ;
#1176 = CARTESIAN_POINT ( 'NONE',  ( -2.000000000000000000, 175.0000000000000000, 104.0000000000000142 ) ) ;
#1177 = ORIENTED_EDGE ( 'NONE', *, *, #831, .T. ) ;
#1178 = DIRECTION ( 'NONE',  ( -1.000000000000000000, 0.000000000000000000, 0.000000000000000000 ) ) ;
#1179 = EDGE_CURVE ( 'NONE', #3872, #3561, #632, .T. ) ;
#1180 = DIRECTION ( 'NONE',  ( 0.000000000000000000, 0.000000000000000000, -1.000000000000000000 ) ) ;
#1181 = CARTESIAN_POINT ( 'NONE',  ( 1.500000000000000000, 84.99999999999998579, 90.00000000000000000 ) ) ;
#1182 = DIRECTION ( 'NONE',  ( -1.000000000000000000, -0.000000000000000000, 0.000000000000000000 ) ) ;
#1183 = DIRECTION ( 'NONE',  ( 0.000000000000000000, 0.000000000000000000, -1.000000000000000000 ) ) ;
#1184 = CARTESIAN_POINT ( 'NONE',  ( 2.000000000000000000, 188.4000000000000057, 24.00000000000000000 ) ) ;
#1185 = ORIENTED_EDGE ( 'NONE', *, *, #785, .T. ) ;
#1186 = ADVANCED_FACE ( 'NONE', ( #1277 ), #2334, .F. ) ;
#1187 = CARTESIAN_POINT ( 'NONE',  ( 2.000000000000000000, 72.09999999999999432, 16.00000000000000000 ) ) ;
#1188 = ORIENTED_EDGE ( 'NONE', *, *, #3721, .F. ) ;
#1189 = CARTESIAN_POINT ( 'NONE',  ( 0.000000000000000000, -198.0000000000000000, 24.00000000000000000 ) ) ;
#1190 = CARTESIAN_POINT ( 'NONE',  ( -2.000000000000000000, 145.0000000000000000, 104.0000000000000142 ) ) ;
#1191 = EDGE_LOOP ( 'NONE', ( #2991, #3282, #3395, #3730 ) ) ;
#1192 = LOCAL_TIME ( 20, 14, 37.00000000000000000, #4100 ) ;
#1193 = ADVANCED_FACE ( 'NONE', ( #2967 ), #1600, .T. ) ;
#1194 = ORIENTED_EDGE ( 'NONE', *, *, #2743, .F. ) ;
#1195 = DIRECTION ( 'NONE',  ( -1.000000000000000000, -0.000000000000000000, 0.000000000000000000 ) ) ;
#1196 = ORIENTED_EDGE ( 'NONE', *, *, #397, .F. ) ;
#1197 = DIRECTION ( 'NONE',  ( -0.000000000000000000, 0.000000000000000000, -1.000000000000000000 ) ) ;
#1198 = AXIS2_PLACEMENT_3D ( 'NONE', #2448, #2128, #2101 ) ;
#1199 = AXIS2_PLACEMENT_3D ( 'NONE', #1490, #2750, #2070 ) ;
#1200 = AXIS2_PLACEMENT_3D ( 'NONE', #1632, #4282, #968 ) ;
#1201 = CIRCLE ( 'NONE', #3069, 2.000000000000001776 ) ;
#1202 = VERTEX_POINT ( 'NONE', #2928 ) ;
#1203 = CARTESIAN_POINT ( 'NONE',  ( 0.000000000000000000, 94.00000000000000000, 100.0000000000000000 ) ) ;
#1204 = FACE_BOUND ( 'NONE', #193, .T. ) ;
#1205 = EDGE_CURVE ( 'NONE', #2679, #4280, #629, .T. ) ;
#1206 = VECTOR ( 'NONE', #2052, 1000.000000000000000 ) ;
#1207 = VECTOR ( 'NONE', #1645, 1000.000000000000000 ) ;
#1208 = DIRECTION ( 'NONE',  ( 1.000000000000000000, 0.000000000000000000, -0.000000000000000000 ) ) ;
#1209 = DIRECTION ( 'NONE',  ( 1.000000000000000000, 0.000000000000000000, 0.000000000000000000 ) ) ;
#1210 = CIRCLE ( 'NONE', #1413, 1.600000000000000755 ) ;
#1211 = VERTEX_POINT ( 'NONE', #989 ) ;
#1212 = CARTESIAN_POINT ( 'NONE',  ( -2.000000000000000000, -60.00000000000000000, 18.00000000000000355 ) ) ;
#1213 = LINE ( 'NONE', #874, #2313 ) ;
#1214 = ORIENTED_EDGE ( 'NONE', *, *, #3375, .T. ) ;
#1215 = DIRECTION ( 'NONE',  ( 0.000000000000000000, 1.000000000000000000, 0.000000000000000000 ) ) ;
#1216 = FACE_BOUND ( 'NONE', #1356, .T. ) ;
#1217 = ADVANCED_FACE ( 'NONE', ( #1298 ), #1364, .T. ) ;
#1218 = VERTEX_POINT ( 'NONE', #3010 ) ;
#1219 = ORIENTED_EDGE ( 'NONE', *, *, #959, .F. ) ;
#1220 = VECTOR ( 'NONE', #50, 1000.000000000000000 ) ;
#1221 = DIRECTION ( 'NONE',  ( 0.000000000000000000, 0.000000000000000000, 1.000000000000000000 ) ) ;
#1222 = EDGE_LOOP ( 'NONE', ( #2422, #1224, #1934, #2012 ) ) ;
#1223 = LINE ( 'NONE', #863, #4182 ) ;
#1224 = ORIENTED_EDGE ( 'NONE', *, *, #1923, .T. ) ;
#1225 = CARTESIAN_POINT ( 'NONE',  ( -2.000000000000000000, 133.0000000000000000, 100.0000000000000000 ) ) ;
#1226 = ORIENTED_EDGE ( 'NONE', *, *, #181, .F. ) ;
#1227 = DIRECTION ( 'NONE',  ( -1.000000000000000000, -0.000000000000000000, 0.000000000000000000 ) ) ;
#1228 = CC_DESIGN_PERSON_AND_ORGANIZATION_ASSIGNMENT ( #3165, #175, ( #704 ) ) ;
#1229 = CARTESIAN_POINT ( 'NONE',  ( -2.299999999999999822, 175.0000000000000284, 92.00000000000000000 ) ) ;
#1230 = CARTESIAN_POINT ( 'NONE',  ( 2.000000000000000000, 0.000000000000000000, 108.0000000000000000 ) ) ;
#1231 = ORIENTED_EDGE ( 'NONE', *, *, #3190, .F. ) ;
#1232 = EDGE_CURVE ( 'NONE', #1448, #3156, #2315, .T. ) ;
#1233 = DIRECTION ( 'NONE',  ( 0.000000000000000000, -1.000000000000000000, -0.000000000000000000 ) ) ;
#1234 = DIRECTION ( 'NONE',  ( 0.000000000000000000, 0.000000000000000000, 1.000000000000000000 ) ) ;
#1235 = ORIENTED_EDGE ( 'NONE', *, *, #1467, .F. ) ;
#1236 = DIRECTION ( 'NONE',  ( 0.000000000000000000, 0.000000000000000000, 1.000000000000000000 ) ) ;
#1237 = ORIENTED_EDGE ( 'NONE', *, *, #3038, .F. ) ;
#1238 = ORIENTED_EDGE ( 'NONE', *, *, #658, .T. ) ;
#1239 = CARTESIAN_POINT ( 'NONE',  ( -1.500000000000000000, 163.0000000000000000, 90.00000000000000000 ) ) ;
#1240 = ORIENTED_EDGE ( 'NONE', *, *, #4312, .F. ) ;
#1241 = EDGE_CURVE ( 'NONE', #1866, #2154, #1210, .T. ) ;
#1242 = ORIENTED_EDGE ( 'NONE', *, *, #506, .F. ) ;
#1243 = ORIENTED_EDGE ( 'NONE', *, *, #293, .T. ) ;
#1244 = FACE_BOUND ( 'NONE', #3900, .T. ) ;
#1245 = EDGE_CURVE ( 'NONE', #3632, #3561, #1483, .T. ) ;
#1246 = CARTESIAN_POINT ( 'NONE',  ( 2.000000000000000000, -210.0000000000000000, 0.000000000000000000 ) ) ;
#1247 = CARTESIAN_POINT ( 'NONE',  ( -2.000000000000000000, 145.0000000000000000, 102.0000000000000142 ) ) ;
#1248 = VERTEX_POINT ( 'NONE', #3577 ) ;
#1249 = CARTESIAN_POINT ( 'NONE',  ( -2.000000000000000000, -72.09999999999999432, 6.000000000000000000 ) ) ;
#1250 = CARTESIAN_POINT ( 'NONE',  ( -2.000000000000000000, 61.25000000000000000, 4.299999999999999822 ) ) ;
#1251 = DIRECTION ( 'NONE',  ( 0.000000000000000000, 0.000000000000000000, -1.000000000000000000 ) ) ;
#1252 = DIRECTION ( 'NONE',  ( 1.000000000000000000, 0.000000000000000000, -0.000000000000000000 ) ) ;
#1253 = EDGE_LOOP ( 'NONE', ( #2149, #4019 ) ) ;
#1254 = EDGE_CURVE ( 'NONE', #3512, #2287, #2271, .T. ) ;
#1255 = ORIENTED_EDGE ( 'NONE', *, *, #2999, .F. ) ;
#1256 = LINE ( 'NONE', #861, #1895 ) ;
#1257 = ORIENTED_EDGE ( 'NONE', *, *, #2904, .F. ) ;
#1258 = AXIS2_PLACEMENT_3D ( 'NONE', #1449, #2473, #3093 ) ;
#1259 = ORIENTED_EDGE ( 'NONE', *, *, #3654, .F. ) ;
#1260 = AXIS2_PLACEMENT_3D ( 'NONE', #2260, #1227, #2553 ) ;
#1261 = ORIENTED_EDGE ( 'NONE', *, *, #2344, .T. ) ;
#1262 = FACE_BOUND ( 'NONE', #1862, .T. ) ;
#1263 = EDGE_CURVE ( 'NONE', #285, #352, #607, .T. ) ;
#1264 = AXIS2_PLACEMENT_3D ( 'NONE', #1086, #3037, #2064 ) ;
#1265 = DIRECTION ( 'NONE',  ( 0.000000000000000000, 0.000000000000000000, -1.000000000000000000 ) ) ;
#1266 = CARTESIAN_POINT ( 'NONE',  ( -1.500000000000000000, 190.0000000000000000, 24.00000000000000000 ) ) ;
#1267 = VECTOR ( 'NONE', #370, 1000.000000000000000 ) ;
#1268 = AXIS2_PLACEMENT_3D ( 'NONE', #3367, #3696, #1704 ) ;
#1269 = VERTEX_POINT ( 'NONE', #1662 ) ;
#1270 = CIRCLE ( 'NONE', #1548, 2.250000000000000444 ) ;
#1271 = PLANE ( 'NONE',  #234 ) ;
#1272 = LINE ( 'NONE', #2249, #3143 ) ;
#1273 = AXIS2_PLACEMENT_3D ( 'NONE', #567, #3548, #2166 ) ;
#1274 = DIRECTION ( 'NONE',  ( -1.000000000000000000, -0.000000000000000000, 0.000000000000000000 ) ) ;
#1275 = ORIENTED_EDGE ( 'NONE', *, *, #2925, .T. ) ;
#1276 = EDGE_LOOP ( 'NONE', ( #3440, #1426, #1666, #1996 ) ) ;
#1277 = FACE_OUTER_BOUND ( 'NONE', #1484, .T. ) ;
#1278 = VERTEX_POINT ( 'NONE', #1945 ) ;
#1279 = EDGE_CURVE ( 'NONE', #153, #2563, #304, .T. ) ;
#1280 = VECTOR ( 'NONE', #4020, 1000.000000000000000 ) ;
#1281 = ORIENTED_EDGE ( 'NONE', *, *, #3724, .T. ) ;
#1282 = ORIENTED_EDGE ( 'NONE', *, *, #677, .T. ) ;
#1283 = DIRECTION ( 'NONE',  ( 1.000000000000000000, 0.000000000000000000, -0.000000000000000000 ) ) ;
#1284 = VECTOR ( 'NONE', #4140, 1000.000000000000000 ) ;
#1285 = EDGE_CURVE ( 'NONE', #815, #1992, #2290, .T. ) ;
#1286 = CYLINDRICAL_SURFACE ( 'NONE', #1130, 2.000000000000001776 ) ;
#1287 = FACE_OUTER_BOUND ( 'NONE', #551, .T. ) ;
#1288 = FACE_BOUND ( 'NONE', #4198, .T. ) ;
#1289 = ORIENTED_EDGE ( 'NONE', *, *, #2879, .F. ) ;
#1290 = ADVANCED_FACE ( 'NONE', ( #4311 ), #2035, .F. ) ;
#1291 = CARTESIAN_POINT ( 'NONE',  ( 2.000000000000000000, -122.0000000000000000, 90.00000000000001421 ) ) ;
#1292 = DIRECTION ( 'NONE',  ( 1.000000000000000000, 0.000000000000000000, -0.000000000000000000 ) ) ;
#1293 = DIRECTION ( 'NONE',  ( -1.000000000000000000, -0.000000000000000000, -0.000000000000000000 ) ) ;
#1294 = CARTESIAN_POINT ( 'NONE',  ( 2.000000000000000000, 85.00000000000000000, 104.0000000000000142 ) ) ;
#1295 = ORIENTED_EDGE ( 'NONE', *, *, #3909, .F. ) ;
#1296 = EDGE_LOOP ( 'NONE', ( #3611, #3432 ) ) ;
#1297 = ADVANCED_FACE ( 'NONE', ( #3767 ), #3701, .T. ) ;
#1298 = FACE_OUTER_BOUND ( 'NONE', #2774, .T. ) ;
#1299 = CARTESIAN_POINT ( 'NONE',  ( -2.000000000000000000, 194.5999999999999943, 6.000000000000000000 ) ) ;
#1300 = VERTEX_POINT ( 'NONE', #719 ) ;
#1301 = ORIENTED_EDGE ( 'NONE', *, *, #3940, .T. ) ;
#1302 = ORIENTED_EDGE ( 'NONE', *, *, #366, .F. ) ;
#1303 = CARTESIAN_POINT ( 'NONE',  ( 2.000000000000000000, 145.0000000000000000, 102.0000000000000142 ) ) ;
#1304 = ADVANCED_FACE ( 'NONE', ( #4052 ), #4095, .T. ) ;
#1305 = LINE ( 'NONE', #3665, #1702 ) ;
#1306 = DIRECTION ( 'NONE',  ( 0.000000000000000000, 1.000000000000000000, 0.000000000000000000 ) ) ;
#1307 = ORIENTED_EDGE ( 'NONE', *, *, #4068, .T. ) ;
#1308 = CARTESIAN_POINT ( 'NONE',  ( -2.299999999999999822, 85.00000000000000000, 102.0000000000000142 ) ) ;
#1309 = DIRECTION ( 'NONE',  ( 1.000000000000000000, 0.000000000000000000, -0.000000000000000000 ) ) ;
#1310 = LINE ( 'NONE', #2980, #1888 ) ;
#1311 = EDGE_LOOP ( 'NONE', ( #1107, #2993, #416, #860 ) ) ;
#1312 = CARTESIAN_POINT ( 'NONE',  ( -1.500000000000000000, 11.53256259467079836, 24.00000000000000000 ) ) ;
#1313 = CARTESIAN_POINT ( 'NONE',  ( 2.000000000000000000, 194.5999999999999943, 6.000000000000000000 ) ) ;
#1314 = CARTESIAN_POINT ( 'NONE',  ( 2.000000000000000000, -190.0000000000000000, 24.00000000000000000 ) ) ;
#1315 = EDGE_LOOP ( 'NONE', ( #2104, #3033 ) ) ;
#1316 = EDGE_CURVE ( 'NONE', #3140, #3490, #3349, .T. ) ;
#1317 = DIRECTION ( 'NONE',  ( -1.000000000000000000, -0.000000000000000000, 0.000000000000000000 ) ) ;
#1318 = VERTEX_POINT ( 'NONE', #2404 ) ;
#1319 = VERTEX_POINT ( 'NONE', #1782 ) ;
#1320 = DIRECTION ( 'NONE',  ( 0.000000000000000000, 0.000000000000000000, 1.000000000000000000 ) ) ;
#1321 = APPROVAL_PERSON_ORGANIZATION ( #4127, #813, #3726 ) ;
#1322 = VECTOR ( 'NONE', #451, 1000.000000000000000 ) ;
#1323 = EDGE_LOOP ( 'NONE', ( #194, #4286, #2011, #3865 ) ) ;
#1324 = CARTESIAN_POINT ( 'NONE',  ( -2.000000000000000000, 0.000000000000000000, 104.0000000000000142 ) ) ;
#1325 = ADVANCED_FACE ( 'NONE', ( #2424 ), #2756, .F. ) ;
#1326 = LINE ( 'NONE', #2366, #2586 ) ;
#1327 = ORIENTED_EDGE ( 'NONE', *, *, #1703, .F. ) ;
#1328 = VECTOR ( 'NONE', #3666, 1000.000000000000000 ) ;
#1329 = CIRCLE ( 'NONE', #3898, 1.700000000000000178 ) ;
#1330 = AXIS2_PLACEMENT_3D ( 'NONE', #2118, #452, #1794 ) ;
#1331 = PLANE ( 'NONE',  #1614 ) ;
#1332 = DIRECTION ( 'NONE',  ( 0.000000000000000000, 0.000000000000000000, -1.000000000000000000 ) ) ;
#1333 = EDGE_CURVE ( 'NONE', #2846, #1951, #1553, .T. ) ;
#1334 = VECTOR ( 'NONE', #1791, 1000.000000000000000 ) ;
#1335 = AXIS2_PLACEMENT_3D ( 'NONE', #3191, #184, #1528 ) ;
#1336 = LINE ( 'NONE', #1008, #3761 ) ;
#1337 = ORIENTED_EDGE ( 'NONE', *, *, #825, .T. ) ;
#1338 = AXIS2_PLACEMENT_3D ( 'NONE', #542, #568, #896 ) ;
#1339 = DIRECTION ( 'NONE',  ( 0.000000000000000000, 0.000000000000000000, -1.000000000000000000 ) ) ;
#1340 = EDGE_CURVE ( 'NONE', #2671, #3331, #3625, .T. ) ;
#1341 = DIRECTION ( 'NONE',  ( 0.000000000000000000, 0.000000000000000000, -1.000000000000000000 ) ) ;
#1342 = DIRECTION ( 'NONE',  ( 1.000000000000000000, 0.000000000000000000, 0.000000000000000000 ) ) ;
#1343 = ORIENTED_EDGE ( 'NONE', *, *, #3163, .T. ) ;
#1344 = VECTOR ( 'NONE', #1619, 1000.000000000000000 ) ;
#1345 = VERTEX_POINT ( 'NONE', #3743 ) ;
#1346 = CARTESIAN_POINT ( 'NONE',  ( -1.500000000000000000, -190.0000000000000000, 25.60000000000000142 ) ) ;
#1347 = VERTEX_POINT ( 'NONE', #761 ) ;
#1348 = CARTESIAN_POINT ( 'NONE',  ( 2.000000000000000000, 145.0000000000000000, 104.0000000000000142 ) ) ;
#1349 = VECTOR ( 'NONE', #2733, 1000.000000000000000 ) ;
#1350 = VERTEX_POINT ( 'NONE', #389 ) ;
#1351 = DIRECTION ( 'NONE',  ( 0.000000000000000000, -1.000000000000000000, 0.000000000000000000 ) ) ;
#1352 = LINE ( 'NONE', #710, #2300 ) ;
#1353 = EDGE_CURVE ( 'NONE', #4232, #3374, #1079, .T. ) ;
#1354 = VECTOR ( 'NONE', #3458, 1000.000000000000000 ) ;
#1355 = VECTOR ( 'NONE', #3417, 1000.000000000000000 ) ;
#1356 = EDGE_LOOP ( 'NONE', ( #3877, #1235, #2544, #1870 ) ) ;
#1357 = VECTOR ( 'NONE', #2303, 1000.000000000000000 ) ;
#1358 = FACE_OUTER_BOUND ( 'NONE', #1825, .T. ) ;
#1359 = DIRECTION ( 'NONE',  ( 0.000000000000000000, 0.000000000000000000, -1.000000000000000000 ) ) ;
#1360 = CARTESIAN_POINT ( 'NONE',  ( 1.500000000000000000, 0.000000000000000000, 24.00000000000000000 ) ) ;
#1361 = ORIENTED_EDGE ( 'NONE', *, *, #428, .T. ) ;
#1362 = EDGE_CURVE ( 'NONE', #2842, #3229, #2526, .T. ) ;
#1363 = CARTESIAN_POINT ( 'NONE',  ( -2.000000000000000000, 0.000000000000000000, 0.000000000000000000 ) ) ;
#1364 = PLANE ( 'NONE',  #74 ) ;
#1365 = CYLINDRICAL_SURFACE ( 'NONE', #2995, 13.00000000000000178 ) ;
#1366 = EDGE_LOOP ( 'NONE', ( #1240, #1625, #2137, #3912 ) ) ;
#1367 = EDGE_LOOP ( 'NONE', ( #70, #507, #1301, #3811 ) ) ;
#1368 = LINE ( 'NONE', #2294, #1536 ) ;
#1369 = VERTEX_POINT ( 'NONE', #460 ) ;
#1370 = CARTESIAN_POINT ( 'NONE',  ( 2.000000000000000000, 194.5999999999999943, 7.700000000000000178 ) ) ;
#1371 = EDGE_CURVE ( 'NONE', #3229, #1933, #1758, .T. ) ;
#1372 = ORIENTED_EDGE ( 'NONE', *, *, #2575, .T. ) ;
#1373 = LINE ( 'NONE', #3944, #649 ) ;
#1374 = FACE_BOUND ( 'NONE', #462, .T. ) ;
#1375 = CYLINDRICAL_SURFACE ( 'NONE', #2456, 2.749999999999999112 ) ;
#1376 = VERTEX_POINT ( 'NONE', #105 ) ;
#1377 = EDGE_CURVE ( 'NONE', #1278, #3229, #1801, .T. ) ;
#1378 = CYLINDRICAL_SURFACE ( 'NONE', #3267, 2.000000000000001776 ) ;
#1379 = CARTESIAN_POINT ( 'NONE',  ( 1.500000000000000000, 114.9999999999999858, 90.00000000000000000 ) ) ;
#1380 = LINE ( 'NONE', #1360, #3070 ) ;
#1381 = VERTEX_POINT ( 'NONE', #2775 ) ;
#1382 = CARTESIAN_POINT ( 'NONE',  ( 1.500000000000000000, 175.0000000000000284, 94.00000000000000000 ) ) ;
#1383 = CARTESIAN_POINT ( 'NONE',  ( 1.500000000000000000, -60.00000000000000000, 43.00000000000000000 ) ) ;
#1384 = ADVANCED_FACE ( 'NONE', ( #438 ), #3094, .F. ) ;
#1385 = ORIENTED_EDGE ( 'NONE', *, *, #2900, .F. ) ;
#1386 = EDGE_LOOP ( 'NONE', ( #1391, #2777, #2219, #157, #3352, #2772, #3598, #954, #1708, #3296, #2169, #2956, #1457, #3376, #2569, #2302, #3683, #1572, #3962, #3292, #1647 ) ) ;
#1387 = LINE ( 'NONE', #3986, #2641 ) ;
#1388 = FACE_OUTER_BOUND ( 'NONE', #1589, .T. ) ;
#1389 = EDGE_LOOP ( 'NONE', ( #4121, #458, #3818, #1275 ) ) ;
#1390 = CARTESIAN_POINT ( 'NONE',  ( 2.000000000000000000, 190.0000000000000000, 24.00000000000000000 ) ) ;
#1391 = ORIENTED_EDGE ( 'NONE', *, *, #2916, .F. ) ;
#1392 = DIRECTION ( 'NONE',  ( 1.000000000000000000, 0.000000000000000000, 0.000000000000000000 ) ) ;
#1393 = EDGE_CURVE ( 'NONE', #2846, #995, #2353, .T. ) ;
#1394 = CARTESIAN_POINT ( 'NONE',  ( -2.299999999999999822, -202.0000000000000000, 24.00000000000000000 ) ) ;
#1395 = DIRECTION ( 'NONE',  ( 1.000000000000000000, 0.000000000000000000, 0.000000000000000000 ) ) ;
#1396 = LOCAL_TIME ( 20, 14, 37.00000000000000000, #767 ) ;
#1397 = LINE ( 'NONE', #1006, #696 ) ;
#1398 = CARTESIAN_POINT ( 'NONE',  ( -2.000000000000000000, -194.5999999999999943, 16.00000000000000000 ) ) ;
#1399 = CYLINDRICAL_SURFACE ( 'NONE', #3750, 5.100000000000000533 ) ;
#1400 = AXIS2_PLACEMENT_3D ( 'NONE', #1303, #2341, #326 ) ;
#1401 = VERTEX_POINT ( 'NONE', #694 ) ;
#1402 = AXIS2_PLACEMENT_3D ( 'NONE', #2291, #531, #3615 ) ;
#1403 = AXIS2_PLACEMENT_3D ( 'NONE', #2742, #396, #1787 ) ;
#1404 = CARTESIAN_POINT ( 'NONE',  ( 1.500000000000000000, 0.000000000000000000, 96.00000000000000000 ) ) ;
#1405 = CARTESIAN_POINT ( 'NONE',  ( 2.000000000000000000, -194.5999999999999943, 6.000000000000000000 ) ) ;
#1406 = DIRECTION ( 'NONE',  ( 1.000000000000000000, 0.000000000000000000, 0.000000000000000000 ) ) ;
#1407 = AXIS2_PLACEMENT_3D ( 'NONE', #4018, #1048, #3025 ) ;
#1408 = VECTOR ( 'NONE', #3892, 1000.000000000000000 ) ;
#1409 = ORIENTED_EDGE ( 'NONE', *, *, #1433, .T. ) ;
#1410 = AXIS2_PLACEMENT_3D ( 'NONE', #3323, #1684, #1990 ) ;
#1411 = ORIENTED_EDGE ( 'NONE', *, *, #3700, .T. ) ;
#1412 = CARTESIAN_POINT ( 'NONE',  ( -2.000000000000000000, 11.53256259467079836, 24.00000000000000000 ) ) ;
#1413 = AXIS2_PLACEMENT_3D ( 'NONE', #3640, #2690, #262 ) ;
#1414 = ORIENTED_EDGE ( 'NONE', *, *, #3294, .F. ) ;
#1415 = FACE_OUTER_BOUND ( 'NONE', #3576, .T. ) ;
#1416 = EDGE_CURVE ( 'NONE', #749, #4007, #1710, .T. ) ;
#1417 = AXIS2_PLACEMENT_3D ( 'NONE', #1743, #78, #3734 ) ;
#1418 = VERTEX_POINT ( 'NONE', #1383 ) ;
#1419 = LINE ( 'NONE', #4063, #1151 ) ;
#1420 = DIRECTION ( 'NONE',  ( -1.000000000000000000, -0.000000000000000000, 0.000000000000000000 ) ) ;
#1421 = CARTESIAN_POINT ( 'NONE',  ( 2.000000000000000000, 0.000000000000000000, 24.00000000000000000 ) ) ;
#1422 = DIRECTION ( 'NONE',  ( 0.000000000000000000, 0.000000000000000000, 1.000000000000000000 ) ) ;
#1423 = EDGE_CURVE ( 'NONE', #1659, #17, #2709, .T. ) ;
#1424 = DIRECTION ( 'NONE',  ( 0.000000000000000000, 0.000000000000000000, -1.000000000000000000 ) ) ;
#1425 = DIRECTION ( 'NONE',  ( 0.000000000000000000, 0.000000000000000000, -1.000000000000000000 ) ) ;
#1426 = ORIENTED_EDGE ( 'NONE', *, *, #1464, .F. ) ;
#1427 = AXIS2_PLACEMENT_3D ( 'NONE', #535, #2223, #3888 ) ;
#1428 = ADVANCED_FACE ( 'NONE', ( #2210 ), #4188, .F. ) ;
#1429 = DIRECTION ( 'NONE',  ( 1.000000000000000000, 0.000000000000000000, 0.000000000000000000 ) ) ;
#1430 = DIRECTION ( 'NONE',  ( 0.000000000000000000, 0.000000000000000000, 1.000000000000000000 ) ) ;
#1431 = CARTESIAN_POINT ( 'NONE',  ( -1.500000000000000000, 145.0000000000000000, 94.00000000000000000 ) ) ;
#1432 = VERTEX_POINT ( 'NONE', #3198 ) ;
#1433 = EDGE_CURVE ( 'NONE', #3098, #1974, #2876, .T. ) ;
#1434 = ORIENTED_EDGE ( 'NONE', *, *, #2545, .T. ) ;
#1435 = MECHANICAL_CONTEXT ( 'NONE', #832, 'mechanical' ) ;
#1436 = FACE_OUTER_BOUND ( 'NONE', #2585, .T. ) ;
#1437 = ORIENTED_EDGE ( 'NONE', *, *, #2557, .F. ) ;
#1438 = CARTESIAN_POINT ( 'NONE',  ( -1.500000000000000000, 0.000000000000000000, 24.00000000000000000 ) ) ;
#1439 = ORIENTED_EDGE ( 'NONE', *, *, #3626, .T. ) ;
#1440 = DIRECTION ( 'NONE',  ( 1.000000000000000000, 0.000000000000000000, 0.000000000000000000 ) ) ;
#1441 = CARTESIAN_POINT ( 'NONE',  ( 1.500000000000000000, 145.0000000000000000, 90.00000000000000000 ) ) ;
#1442 = DIRECTION ( 'NONE',  ( 0.000000000000000000, 0.000000000000000000, -1.000000000000000000 ) ) ;
#1443 = EDGE_CURVE ( 'NONE', #2627, #2360, #348, .T. ) ;
#1444 = CARTESIAN_POINT ( 'NONE',  ( -2.000000000000000000, 194.5999999999999943, 16.00000000000000000 ) ) ;
#1445 = DIRECTION ( 'NONE',  ( 1.000000000000000000, 0.000000000000000000, 0.000000000000000000 ) ) ;
#1446 = EDGE_LOOP ( 'NONE', ( #3309, #3685, #1018, #2453 ) ) ;
#1447 = CARTESIAN_POINT ( 'NONE',  ( 2.000000000000000000, -72.09999999999999432, 18.25000000000000355 ) ) ;
#1448 = VERTEX_POINT ( 'NONE', #895 ) ;
#1449 = CARTESIAN_POINT ( 'NONE',  ( 0.000000000000000000, 184.0000000000000000, 100.0000000000000000 ) ) ;
#1450 = CARTESIAN_POINT ( 'NONE',  ( -2.000000000000000000, -173.0000000000000284, 47.00000000000000000 ) ) ;
#1451 = DIRECTION ( 'NONE',  ( 0.000000000000000000, 0.000000000000000000, 1.000000000000000000 ) ) ;
#1452 = ADVANCED_FACE ( 'NONE', ( #876 ), #2228, .F. ) ;
#1453 = ORIENTED_EDGE ( 'NONE', *, *, #2113, .T. ) ;
#1454 = VERTEX_POINT ( 'NONE', #190 ) ;
#1455 = APPROVAL_ROLE ( '' ) ;
#1456 = FACE_OUTER_BOUND ( 'NONE', #149, .T. ) ;
#1457 = ORIENTED_EDGE ( 'NONE', *, *, #2270, .F. ) ;
#1458 = CARTESIAN_POINT ( 'NONE',  ( -2.299999999999999822, -61.25000000000000000, 4.299999999999999822 ) ) ;
#1459 = EDGE_CURVE ( 'NONE', #4174, #17, #2804, .T. ) ;
#1460 = VERTEX_POINT ( 'NONE', #2190 ) ;
#1461 = DIRECTION ( 'NONE',  ( 0.000000000000000000, 0.000000000000000000, 1.000000000000000000 ) ) ;
#1462 = CARTESIAN_POINT ( 'NONE',  ( 1.500000000000000000, 193.0000000000000000, 90.00000000000000000 ) ) ;
#1463 = CARTESIAN_POINT ( 'NONE',  ( -1.500000000000000000, 198.0000000000000000, 24.00000000000000000 ) ) ;
#1464 = EDGE_CURVE ( 'NONE', #1847, #3325, #1582, .T. ) ;
#1465 = LINE ( 'NONE', #1576, #2174 ) ;
#1466 = CYLINDRICAL_SURFACE ( 'NONE', #232, 2.250000000000000444 ) ;
#1467 = EDGE_CURVE ( 'NONE', #2808, #1278, #828, .T. ) ;
#1468 = CARTESIAN_POINT ( 'NONE',  ( 2.000000000000000000, -72.09999999999999432, 16.00000000000000000 ) ) ;
#1469 = VECTOR ( 'NONE', #1669, 1000.000000000000000 ) ;
#1470 = ORIENTED_EDGE ( 'NONE', *, *, #892, .F. ) ;
#1471 = DIRECTION ( 'NONE',  ( 0.000000000000000000, 0.000000000000000000, -1.000000000000000000 ) ) ;
#1472 = CARTESIAN_POINT ( 'NONE',  ( -2.299999999999999822, 175.0000000000000284, 102.0000000000000142 ) ) ;
#1473 = DIRECTION ( 'NONE',  ( 0.000000000000000000, 0.000000000000000000, 1.000000000000000000 ) ) ;
#1474 = ORIENTED_EDGE ( 'NONE', *, *, #1285, .F. ) ;
#1475 = AXIS2_PLACEMENT_3D ( 'NONE', #1834, #1197, #1178 ) ;
#1476 = EDGE_CURVE ( 'NONE', #132, #749, #289, .T. ) ;
#1477 = EDGE_LOOP ( 'NONE', ( #4126, #2986, #4054, #2339 ) ) ;
#1478 = APPLICATION_PROTOCOL_DEFINITION ( 'international standard', 'config_control_design', 1994, #832 ) ;
#1479 = AXIS2_PLACEMENT_3D ( 'NONE', #4053, #1991, #2985 ) ;
#1480 = PLANE ( 'NONE',  #2724 ) ;
#1481 = ORIENTED_EDGE ( 'NONE', *, *, #120, .T. ) ;
#1482 = DIRECTION ( 'NONE',  ( -0.000000000000000000, 1.000000000000000000, 0.000000000000000000 ) ) ;
#1483 = CIRCLE ( 'NONE', #498, 1.700000000000000178 ) ;
#1484 = EDGE_LOOP ( 'NONE', ( #2971, #1411, #2645, #3922 ) ) ;
#1485 = DIRECTION ( 'NONE',  ( 1.000000000000000000, 0.000000000000000000, 0.000000000000000000 ) ) ;
#1486 = CARTESIAN_POINT ( 'NONE',  ( -2.299999999999999822, 194.5999999999999943, 13.75000000000000000 ) ) ;
#1487 = LINE ( 'NONE', #1792, #2646 ) ;
#1488 = VECTOR ( 'NONE', #3785, 1000.000000000000000 ) ;
#1489 = EDGE_CURVE ( 'NONE', #1376, #4232, #2732, .T. ) ;
#1490 = CARTESIAN_POINT ( 'NONE',  ( -2.000000000000000000, 133.0000000000000000, 102.0000000000000142 ) ) ;
#1491 = DIRECTION ( 'NONE',  ( 1.000000000000000000, 0.000000000000000000, 0.000000000000000000 ) ) ;
#1492 = VERTEX_POINT ( 'NONE', #2492 ) ;
#1493 = DIRECTION ( 'NONE',  ( 0.000000000000000000, 0.000000000000000000, -1.000000000000000000 ) ) ;
#1494 = CYLINDRICAL_SURFACE ( 'NONE', #3695, 1.600000000000000755 ) ;
#1495 = DIRECTION ( 'NONE',  ( 1.000000000000000000, 0.000000000000000000, 0.000000000000000000 ) ) ;
#1496 = EDGE_LOOP ( 'NONE', ( #1237, #1058 ) ) ;
#1497 = EDGE_CURVE ( 'NONE', #2969, #2389, #3342, .T. ) ;
#1498 = CIRCLE ( 'NONE', #1568, 2.250000000000001776 ) ;
#1499 = VECTOR ( 'NONE', #2365, 1000.000000000000000 ) ;
#1500 = ORIENTED_EDGE ( 'NONE', *, *, #1263, .F. ) ;
#1501 = APPROVAL_DATE_TIME ( #2760, #813 ) ;
#1502 = DIRECTION ( 'NONE',  ( 1.000000000000000000, 0.000000000000000000, -0.000000000000000000 ) ) ;
#1503 = ORIENTED_EDGE ( 'NONE', *, *, #3590, .F. ) ;
#1504 = DIRECTION ( 'NONE',  ( -1.000000000000000000, -0.000000000000000000, 0.000000000000000000 ) ) ;
#1505 = ORIENTED_EDGE ( 'NONE', *, *, #1751, .T. ) ;
#1506 = DIRECTION ( 'NONE',  ( 1.000000000000000000, 0.000000000000000000, 0.000000000000000000 ) ) ;
#1507 = CARTESIAN_POINT ( 'NONE',  ( -2.299999999999999822, -61.25000000000000000, 6.000000000000000000 ) ) ;
#1508 = DIRECTION ( 'NONE',  ( 0.000000000000000000, 0.000000000000000000, -1.000000000000000000 ) ) ;
#1509 = EDGE_CURVE ( 'NONE', #1515, #2655, #2592, .T. ) ;
#1510 = DIRECTION ( 'NONE',  ( 1.000000000000000000, 0.000000000000000000, 0.000000000000000000 ) ) ;
#1511 = DIRECTION ( 'NONE',  ( 0.000000000000000000, 0.000000000000000000, 1.000000000000000000 ) ) ;
#1512 = ORIENTED_EDGE ( 'NONE', *, *, #53, .T. ) ;
#1513 = EDGE_CURVE ( 'NONE', #4222, #3578, #3789, .T. ) ;
#1514 = LINE ( 'NONE', #2841, #2120 ) ;
#1515 = VERTEX_POINT ( 'NONE', #478 ) ;
#1516 = CARTESIAN_POINT ( 'NONE',  ( -2.000000000000000000, -72.09999999999999432, 18.25000000000000355 ) ) ;
#1517 = DIRECTION ( 'NONE',  ( 0.000000000000000000, -1.000000000000000000, 0.000000000000000000 ) ) ;
#1518 = EDGE_LOOP ( 'NONE', ( #43, #3879, #3158, #858 ) ) ;
#1519 = ORIENTED_EDGE ( 'NONE', *, *, #525, .T. ) ;
#1520 = EDGE_CURVE ( 'NONE', #1524, #281, #1823, .T. ) ;
#1521 = DIRECTION ( 'NONE',  ( 0.000000000000000000, 0.000000000000000000, -1.000000000000000000 ) ) ;
#1522 = ORIENTED_EDGE ( 'NONE', *, *, #1978, .F. ) ;
#1523 = CARTESIAN_POINT ( 'NONE',  ( 1.500000000000000000, 193.0000000000000000, 94.00000000000000000 ) ) ;
#1524 = VERTEX_POINT ( 'NONE', #1516 ) ;
#1525 = FACE_OUTER_BOUND ( 'NONE', #1101, .T. ) ;
#1526 = DIRECTION ( 'NONE',  ( -1.000000000000000000, 0.000000000000000000, 0.000000000000000000 ) ) ;
#1527 = ADVANCED_FACE ( 'NONE', ( #150 ), #1494, .F. ) ;
#1528 = DIRECTION ( 'NONE',  ( 0.000000000000000000, 0.000000000000000000, -1.000000000000000000 ) ) ;
#1529 = CYLINDRICAL_SURFACE ( 'NONE', #2045, 1.700000000000000178 ) ;
#1530 = VERTEX_POINT ( 'NONE', #1170 ) ;
#1531 = CARTESIAN_POINT ( 'NONE',  ( -2.000000000000000000, 72.09999999999999432, 16.00000000000000000 ) ) ;
#1532 = DIRECTION ( 'NONE',  ( 0.000000000000000000, -0.000000000000000000, 1.000000000000000000 ) ) ;
#1533 = ORIENTED_EDGE ( 'NONE', *, *, #1763, .F. ) ;
#1534 = CARTESIAN_POINT ( 'NONE',  ( 2.000000000000000000, -173.0000000000000284, 47.00000000000000000 ) ) ;
#1535 = DIRECTION ( 'NONE',  ( 1.000000000000000000, 0.000000000000000000, 0.000000000000000000 ) ) ;
#1536 = VECTOR ( 'NONE', #3661, 1000.000000000000000 ) ;
#1537 = ORIENTED_EDGE ( 'NONE', *, *, #1665, .T. ) ;
#1538 = CIRCLE ( 'NONE', #3194, 1.600000000000000755 ) ;
#1539 = VERTEX_POINT ( 'NONE', #3488 ) ;
#1540 = CC_DESIGN_PERSON_AND_ORGANIZATION_ASSIGNMENT ( #3772, #2150, ( #1143 ) ) ;
#1541 = CARTESIAN_POINT ( 'NONE',  ( -2.299999999999999822, 190.0000000000000000, 25.60000000000000142 ) ) ;
#1542 = ORIENTED_EDGE ( 'NONE', *, *, #1205, .T. ) ;
#1543 = DIRECTION ( 'NONE',  ( 0.000000000000000000, 0.000000000000000000, 1.000000000000000000 ) ) ;
#1544 = AXIS2_PLACEMENT_3D ( 'NONE', #616, #4300, #3969 ) ;
#1545 = AXIS2_PLACEMENT_3D ( 'NONE', #2578, #1622, #2251 ) ;
#1546 = AXIS2_PLACEMENT_3D ( 'NONE', #2329, #3650, #1025 ) ;
#1547 = AXIS2_PLACEMENT_3D ( 'NONE', #819, #3434, #3085 ) ;
#1548 = AXIS2_PLACEMENT_3D ( 'NONE', #888, #1208, #3850 ) ;
#1549 = ORIENTED_EDGE ( 'NONE', *, *, #3287, .F. ) ;
#1550 = CARTESIAN_POINT ( 'NONE',  ( -1.500000000000000000, 0.000000000000000000, 90.00000000000000000 ) ) ;
#1551 = FACE_OUTER_BOUND ( 'NONE', #2209, .T. ) ;
#1552 = CIRCLE ( 'NONE', #3831, 2.250000000000000444 ) ;
#1553 = CIRCLE ( 'NONE', #852, 2.750000000000002665 ) ;
#1554 = DIRECTION ( 'NONE',  ( -1.000000000000000000, -0.000000000000000000, -0.000000000000000000 ) ) ;
#1555 = CYLINDRICAL_SURFACE ( 'NONE', #932, 2.250000000000000444 ) ;
#1556 = AXIS2_PLACEMENT_3D ( 'NONE', #1398, #3951, #2729 ) ;
#1557 = EDGE_LOOP ( 'NONE', ( #701, #3852, #3520, #3308 ) ) ;
#1558 = DIRECTION ( 'NONE',  ( 0.000000000000000000, 0.000000000000000000, 1.000000000000000000 ) ) ;
#1559 = CARTESIAN_POINT ( 'NONE',  ( 2.000000000000000000, -184.0000000000000000, 18.00000000000000355 ) ) ;
#1560 = ORIENTED_EDGE ( 'NONE', *, *, #2564, .F. ) ;
#1561 = DIRECTION ( 'NONE',  ( 1.000000000000000000, 0.000000000000000000, 0.000000000000000000 ) ) ;
#1562 = DIRECTION ( 'NONE',  ( -0.000000000000000000, 1.000000000000000000, 0.000000000000000000 ) ) ;
#1563 = ORIENTED_EDGE ( 'NONE', *, *, #4287, .F. ) ;
#1564 = EDGE_CURVE ( 'NONE', #3101, #789, #4163, .T. ) ;
#1565 = AXIS2_PLACEMENT_3D ( 'NONE', #2665, #3979, #1683 ) ;
#1566 = VERTEX_POINT ( 'NONE', #856 ) ;
#1567 = DIRECTION ( 'NONE',  ( 0.000000000000000000, 0.000000000000000000, 1.000000000000000000 ) ) ;
#1568 = AXIS2_PLACEMENT_3D ( 'NONE', #2265, #4243, #939 ) ;
#1569 = ORIENTED_EDGE ( 'NONE', *, *, #764, .T. ) ;
#1570 = EDGE_CURVE ( 'NONE', #2320, #2482, #986, .T. ) ;
#1571 = CIRCLE ( 'NONE', #580, 2.000000000000001776 ) ;
#1572 = ORIENTED_EDGE ( 'NONE', *, *, #2912, .F. ) ;
#1573 = ORIENTED_EDGE ( 'NONE', *, *, #2168, .T. ) ;
#1574 = CARTESIAN_POINT ( 'NONE',  ( 2.000000000000000000, 133.0000000000000000, 104.0000000000000142 ) ) ;
#1575 = ORIENTED_EDGE ( 'NONE', *, *, #2973, .F. ) ;
#1576 = CARTESIAN_POINT ( 'NONE',  ( -2.000000000000000000, -184.0000000000000000, 53.92820323027554252 ) ) ;
#1577 = CARTESIAN_POINT ( 'NONE',  ( 2.000000000000000000, -202.0000000000000000, 22.39999999999999858 ) ) ;
#1578 = EDGE_CURVE ( 'NONE', #553, #634, #1900, .T. ) ;
#1579 = ORIENTED_EDGE ( 'NONE', *, *, #3132, .F. ) ;
#1580 = DIRECTION ( 'NONE',  ( -1.000000000000000000, -0.000000000000000000, 0.000000000000000000 ) ) ;
#1581 = FACE_OUTER_BOUND ( 'NONE', #4235, .T. ) ;
#1582 = LINE ( 'NONE', #2863, #918 ) ;
#1583 = DIRECTION ( 'NONE',  ( 0.000000000000000000, 0.000000000000000000, 1.000000000000000000 ) ) ;
#1584 = VERTEX_POINT ( 'NONE', #356 ) ;
#1585 = ORIENTED_EDGE ( 'NONE', *, *, #3241, .T. ) ;
#1586 = ADVANCED_FACE ( 'NONE', ( #3042 ), #602, .F. ) ;
#1587 = CARTESIAN_POINT ( 'NONE',  ( -2.000000000000000000, 60.00000000000000000, 30.00000000000000000 ) ) ;
#1588 = EDGE_LOOP ( 'NONE', ( #2238, #1563, #4097, #2764 ) ) ;
#1589 = EDGE_LOOP ( 'NONE', ( #1667, #1734, #2708, #30 ) ) ;
#1590 = ORIENTED_EDGE ( 'NONE', *, *, #2253, .F. ) ;
#1591 = CARTESIAN_POINT ( 'NONE',  ( -1.500000000000000000, 0.000000000000000000, 24.00000000000000000 ) ) ;
#1592 = CARTESIAN_POINT ( 'NONE',  ( 0.000000000000000000, 0.000000000000000000, 24.00000000000000000 ) ) ;
#1593 = CARTESIAN_POINT ( 'NONE',  ( 2.000000000000000000, -48.46743740532919986, 24.00000000000000000 ) ) ;
#1594 = EDGE_LOOP ( 'NONE', ( #574, #3460, #747, #3723 ) ) ;
#1595 = DIRECTION ( 'NONE',  ( 0.000000000000000000, 0.000000000000000000, 1.000000000000000000 ) ) ;
#1596 = CARTESIAN_POINT ( 'NONE',  ( 0.000000000000000000, 133.0000000000000000, 94.00000000000000000 ) ) ;
#1597 = CARTESIAN_POINT ( 'NONE',  ( 0.000000000000000000, 193.0000000000000000, 90.00000000000000000 ) ) ;
#1598 = VERTEX_POINT ( 'NONE', #941 ) ;
#1599 = EDGE_LOOP ( 'NONE', ( #378, #4298, #2214, #2825 ) ) ;
#1600 = CYLINDRICAL_SURFACE ( 'NONE', #1963, 13.00000000000000178 ) ;
#1601 = ORIENTED_EDGE ( 'NONE', *, *, #3097, .F. ) ;
#1602 = VECTOR ( 'NONE', #1017, 1000.000000000000000 ) ;
#1603 = EDGE_CURVE ( 'NONE', #4291, #4071, #3253, .T. ) ;
#1604 = CIRCLE ( 'NONE', #2437, 12.99999999999999822 ) ;
#1605 = ORIENTED_EDGE ( 'NONE', *, *, #1110, .T. ) ;
#1606 = DIRECTION ( 'NONE',  ( 0.000000000000000000, 0.000000000000000000, -1.000000000000000000 ) ) ;
#1607 = EDGE_CURVE ( 'NONE', #152, #3032, #2396, .T. ) ;
#1608 = VECTOR ( 'NONE', #3708, 1000.000000000000000 ) ;
#1609 = VECTOR ( 'NONE', #1679, 1000.000000000000000 ) ;
#1610 = CARTESIAN_POINT ( 'NONE',  ( -2.000000000000000000, 85.00000000000000000, 102.0000000000000142 ) ) ;
#1611 = CARTESIAN_POINT ( 'NONE',  ( 2.000000000000000000, 202.0000000000000000, 22.39999999999999858 ) ) ;
#1612 = AXIS2_PLACEMENT_3D ( 'NONE', #504, #1495, #3810 ) ;
#1613 = FACE_BOUND ( 'NONE', #3227, .T. ) ;
#1614 = AXIS2_PLACEMENT_3D ( 'NONE', #2026, #3716, #1964 ) ;
#1615 = VERTEX_POINT ( 'NONE', #401 ) ;
#1616 = CIRCLE ( 'NONE', #1335, 1.600000000000000755 ) ;
#1617 = EDGE_CURVE ( 'NONE', #3575, #1125, #2452, .T. ) ;
#1618 = CARTESIAN_POINT ( 'NONE',  ( 2.000000000000000000, 85.00000000000000000, 102.0000000000000142 ) ) ;
#1619 = DIRECTION ( 'NONE',  ( 1.000000000000000000, 0.000000000000000000, -0.000000000000000000 ) ) ;
#1620 = VECTOR ( 'NONE', #3677, 1000.000000000000000 ) ;
#1621 = DIRECTION ( 'NONE',  ( 0.000000000000000000, 0.000000000000000000, 1.000000000000000000 ) ) ;
#1622 = DIRECTION ( 'NONE',  ( -1.000000000000000000, -0.000000000000000000, 0.000000000000000000 ) ) ;
#1623 = EDGE_LOOP ( 'NONE', ( #4102, #4083, #3856, #1145 ) ) ;
#1624 = VECTOR ( 'NONE', #3855, 1000.000000000000000 ) ;
#1625 = ORIENTED_EDGE ( 'NONE', *, *, #1102, .T. ) ;
#1626 = CARTESIAN_POINT ( 'NONE',  ( -2.299999999999999822, 194.5999999999999943, 7.700000000000000178 ) ) ;
#1627 = CARTESIAN_POINT ( 'NONE',  ( 2.000000000000000000, 11.53256259467079836, 24.00000000000000000 ) ) ;
#1628 = ADVANCED_FACE ( 'NONE', ( #3932 ), #1375, .F. ) ;
#1629 = ORIENTED_EDGE ( 'NONE', *, *, #641, .F. ) ;
#1630 = ORIENTED_EDGE ( 'NONE', *, *, #2778, .T. ) ;
#1631 = ORIENTED_EDGE ( 'NONE', *, *, #2405, .T. ) ;
#1632 = CARTESIAN_POINT ( 'NONE',  ( 1.500000000000000000, 133.0000000000000000, 92.00000000000000000 ) ) ;
#1633 = CIRCLE ( 'NONE', #2395, 2.250000000000000444 ) ;
#1634 = ORIENTED_EDGE ( 'NONE', *, *, #1928, .F. ) ;
#1635 = DIRECTION ( 'NONE',  ( 1.000000000000000000, 0.000000000000000000, 0.000000000000000000 ) ) ;
#1636 = ADVANCED_FACE ( 'NONE', ( #382 ), #4271, .F. ) ;
#1637 = CYLINDRICAL_SURFACE ( 'NONE', #770, 2.000000000000001776 ) ;
#1638 = ORIENTED_EDGE ( 'NONE', *, *, #658, .F. ) ;
#1639 = DIRECTION ( 'NONE',  ( 1.000000000000000000, 0.000000000000000000, -0.000000000000000000 ) ) ;
#1640 = DIRECTION ( 'NONE',  ( 0.000000000000000000, 0.000000000000000000, 1.000000000000000000 ) ) ;
#1641 = FACE_OUTER_BOUND ( 'NONE', #1477, .T. ) ;
#1642 = EDGE_CURVE ( 'NONE', #2195, #1156, #3382, .T. ) ;
#1643 = EDGE_LOOP ( 'NONE', ( #946, #3554, #263, #853 ) ) ;
#1644 = EDGE_LOOP ( 'NONE', ( #1789, #3649, #914, #2744 ) ) ;
#1645 = DIRECTION ( 'NONE',  ( 1.000000000000000000, 0.000000000000000000, 0.000000000000000000 ) ) ;
#1646 = CARTESIAN_POINT ( 'NONE',  ( 1.500000000000000000, 0.000000000000000000, 90.00000000000000000 ) ) ;
#1647 = ORIENTED_EDGE ( 'NONE', *, *, #1241, .F. ) ;
#1648 = EDGE_CURVE ( 'NONE', #2691, #376, #2367, .T. ) ;
#1649 = EDGE_LOOP ( 'NONE', ( #1103, #865, #328, #2053 ) ) ;
#1650 = LINE ( 'NONE', #612, #1954 ) ;
#1651 = VERTEX_POINT ( 'NONE', #957 ) ;
#1652 = CARTESIAN_POINT ( 'NONE',  ( -2.299999999999999822, -91.85246629291785325, 29.52644355067057802 ) ) ;
#1653 = FACE_BOUND ( 'NONE', #4195, .T. ) ;
#1654 = ORIENTED_EDGE ( 'NONE', *, *, #3600, .F. ) ;
#1655 = ADVANCED_FACE ( 'NONE', ( #2046 ), #2250, .T. ) ;
#1656 = DIRECTION ( 'NONE',  ( 0.000000000000000000, 0.000000000000000000, 1.000000000000000000 ) ) ;
#1657 = DIRECTION ( 'NONE',  ( 0.000000000000000000, 0.000000000000000000, -1.000000000000000000 ) ) ;
#1658 = DIRECTION ( 'NONE',  ( 0.000000000000000000, 0.000000000000000000, 1.000000000000000000 ) ) ;
#1659 = VERTEX_POINT ( 'NONE', #3895 ) ;
#1660 = LINE ( 'NONE', #4310, #4129 ) ;
#1661 = PLANE ( 'NONE',  #2162 ) ;
#1662 = CARTESIAN_POINT ( 'NONE',  ( 2.000000000000000000, 193.0000000000000000, 100.0000000000000000 ) ) ;
#1663 = CARTESIAN_POINT ( 'NONE',  ( -2.000000000000000000, 60.00000000000000000, 30.00000000000000000 ) ) ;
#1664 = EDGE_LOOP ( 'NONE', ( #660, #2327, #3347, #2527 ) ) ;
#1665 = EDGE_CURVE ( 'NONE', #103, #3535, #83, .T. ) ;
#1666 = ORIENTED_EDGE ( 'NONE', *, *, #3542, .F. ) ;
#1667 = ORIENTED_EDGE ( 'NONE', *, *, #2936, .T. ) ;
#1668 = VERTEX_POINT ( 'NONE', #1927 ) ;
#1669 = DIRECTION ( 'NONE',  ( 1.000000000000000000, 0.000000000000000000, 0.000000000000000000 ) ) ;
#1670 = AXIS2_PLACEMENT_3D ( 'NONE', #3604, #2632, #3947 ) ;
#1671 = EDGE_LOOP ( 'NONE', ( #1474, #676, #3991, #1060 ) ) ;
#1672 = CARTESIAN_POINT ( 'NONE',  ( -2.299999999999999822, -72.09999999999999432, 16.00000000000000000 ) ) ;
#1673 = LINE ( 'NONE', #3693, #841 ) ;
#1674 = ORIENTED_EDGE ( 'NONE', *, *, #3461, .F. ) ;
#1675 = CIRCLE ( 'NONE', #1051, 2.750000000000002665 ) ;
#1676 = VECTOR ( 'NONE', #3500, 1000.000000000000000 ) ;
#1677 = ADVANCED_FACE ( 'NONE', ( #2417 ), #752, .T. ) ;
#1678 = CARTESIAN_POINT ( 'NONE',  ( -2.299999999999999822, 61.25000000000000000, 7.700000000000000178 ) ) ;
#1679 = DIRECTION ( 'NONE',  ( -1.000000000000000000, -0.000000000000000000, -0.000000000000000000 ) ) ;
#1680 = AXIS2_PLACEMENT_3D ( 'NONE', #3706, #2133, #726 ) ;
#1681 = LINE ( 'NONE', #3698, #1206 ) ;
#1682 = AXIS2_PLACEMENT_3D ( 'NONE', #1099, #740, #2801 ) ;
#1683 = DIRECTION ( 'NONE',  ( 0.000000000000000000, 0.000000000000000000, 1.000000000000000000 ) ) ;
#1684 = DIRECTION ( 'NONE',  ( -1.000000000000000000, -0.000000000000000000, 0.000000000000000000 ) ) ;
#1685 = EDGE_CURVE ( 'NONE', #3256, #2206, #2088, .T. ) ;
#1686 = DIRECTION ( 'NONE',  ( 1.000000000000000000, 0.000000000000000000, 0.000000000000000000 ) ) ;
#1687 = ORIENTED_EDGE ( 'NONE', *, *, #3687, .F. ) ;
#1688 = CIRCLE ( 'NONE', #2807, 13.00000000000000178 ) ;
#1689 = ORIENTED_EDGE ( 'NONE', *, *, #2261, .F. ) ;
#1690 =( LENGTH_UNIT ( ) NAMED_UNIT ( * ) SI_UNIT ( .MILLI., .METRE. ) );
#1691 = EDGE_LOOP ( 'NONE', ( #1654, #3867, #4124, #3939 ) ) ;
#1692 = EDGE_LOOP ( 'NONE', ( #2711, #2911, #3193, #2350 ) ) ;
#1693 = CARTESIAN_POINT ( 'NONE',  ( -2.000000000000000000, 175.0000000000000284, 100.0000000000000000 ) ) ;
#1694 = ADVANCED_FACE ( 'NONE', ( #2748 ), #3064, .F. ) ;
#1695 = ORIENTED_EDGE ( 'NONE', *, *, #456, .T. ) ;
#1696 = LINE ( 'NONE', #1958, #440 ) ;
#1697 = FACE_BOUND ( 'NONE', #196, .T. ) ;
#1698 = VECTOR ( 'NONE', #2614, 1000.000000000000000 ) ;
#1699 = DIRECTION ( 'NONE',  ( 1.000000000000000000, 0.000000000000000000, -0.000000000000000000 ) ) ;
#1700 = AXIS2_PLACEMENT_3D ( 'NONE', #2423, #122, #3741 ) ;
#1701 = ORIENTED_EDGE ( 'NONE', *, *, #1393, .T. ) ;
#1702 = VECTOR ( 'NONE', #973, 1000.000000000000000 ) ;
#1703 = EDGE_CURVE ( 'NONE', #965, #1319, #1907, .T. ) ;
#1704 = DIRECTION ( 'NONE',  ( 0.000000000000000000, 0.000000000000000000, 1.000000000000000000 ) ) ;
#1705 = DIRECTION ( 'NONE',  ( 1.000000000000000000, 0.000000000000000000, 0.000000000000000000 ) ) ;
#1706 = DIRECTION ( 'NONE',  ( 1.000000000000000000, 0.000000000000000000, -0.000000000000000000 ) ) ;
#1707 = VERTEX_POINT ( 'NONE', #3221 ) ;
#1708 = ORIENTED_EDGE ( 'NONE', *, *, #3945, .F. ) ;
#1709 = CARTESIAN_POINT ( 'NONE',  ( 2.000000000000000000, -61.25000000000000000, 18.25000000000000355 ) ) ;
#1710 = LINE ( 'NONE', #3030, #3904 ) ;
#1711 = LINE ( 'NONE', #2757, #3130 ) ;
#1712 = ORIENTED_EDGE ( 'NONE', *, *, #387, .F. ) ;
#1713 = ADVANCED_FACE ( 'NONE', ( #565 ), #3608, .T. ) ;
#1714 = ORIENTED_EDGE ( 'NONE', *, *, #1279, .T. ) ;
#1715 = CARTESIAN_POINT ( 'NONE',  ( 2.000000000000000000, 72.09999999999999432, 18.25000000000000355 ) ) ;
#1716 = DIRECTION ( 'NONE',  ( 1.000000000000000000, 0.000000000000000000, -0.000000000000000000 ) ) ;
#1717 = ORIENTED_EDGE ( 'NONE', *, *, #698, .F. ) ;
#1718 = DIRECTION ( 'NONE',  ( 1.000000000000000000, 0.000000000000000000, -0.000000000000000000 ) ) ;
#1719 = EDGE_LOOP ( 'NONE', ( #3551, #505, #573, #423 ) ) ;
#1720 = DIRECTION ( 'NONE',  ( 0.000000000000000000, 1.000000000000000000, 0.000000000000000000 ) ) ;
#1721 = CARTESIAN_POINT ( 'NONE',  ( -2.000000000000000000, 163.0000000000000000, 104.0000000000000142 ) ) ;
#1722 = DIRECTION ( 'NONE',  ( 0.000000000000000000, 0.000000000000000000, -1.000000000000000000 ) ) ;
#1723 = CC_DESIGN_PERSON_AND_ORGANIZATION_ASSIGNMENT ( #1083, #109, ( #833 ) ) ;
#1724 = LINE ( 'NONE', #358, #4035 ) ;
#1725 = CARTESIAN_POINT ( 'NONE',  ( 1.500000000000000000, 145.0000000000000000, 94.00000000000000000 ) ) ;
#1726 = CARTESIAN_POINT ( 'NONE',  ( -1.500000000000000000, -190.0000000000000000, 24.00000000000000000 ) ) ;
#1727 = EDGE_LOOP ( 'NONE', ( #3169, #407, #1630, #1882 ) ) ;
#1728 = CARTESIAN_POINT ( 'NONE',  ( -1.500000000000000000, 198.0000000000000000, 96.00000000000000000 ) ) ;
#1729 = DIRECTION ( 'NONE',  ( 0.000000000000000000, 0.000000000000000000, -1.000000000000000000 ) ) ;
#1730 = DIRECTION ( 'NONE',  ( 1.000000000000000000, 0.000000000000000000, -0.000000000000000000 ) ) ;
#1731 = CYLINDRICAL_SURFACE ( 'NONE', #2173, 1.700000000000000178 ) ;
#1732 = ORIENTED_EDGE ( 'NONE', *, *, #3443, .T. ) ;
#1733 = EDGE_CURVE ( 'NONE', #1120, #901, #917, .T. ) ;
#1734 = ORIENTED_EDGE ( 'NONE', *, *, #2533, .T. ) ;
#1735 = CARTESIAN_POINT ( 'NONE',  ( -2.299999999999999822, 61.25000000000000000, 13.75000000000000000 ) ) ;
#1736 = CYLINDRICAL_SURFACE ( 'NONE', #2237, 2.250000000000000444 ) ;
#1737 = ORIENTED_EDGE ( 'NONE', *, *, #2626, .T. ) ;
#1738 = DIRECTION ( 'NONE',  ( 1.000000000000000000, 0.000000000000000000, -0.000000000000000000 ) ) ;
#1739 = ADVANCED_FACE ( 'NONE', ( #1881 ), #4187, .F. ) ;
#1740 = DIRECTION ( 'NONE',  ( -1.000000000000000000, -0.000000000000000000, 0.000000000000000000 ) ) ;
#1741 = AXIS2_PLACEMENT_3D ( 'NONE', #477, #1822, #2491 ) ;
#1742 = LINE ( 'NONE', #3781, #421 ) ;
#1743 = CARTESIAN_POINT ( 'NONE',  ( -2.000000000000000000, -60.00000000000000000, 30.00000000000000000 ) ) ;
#1744 = DIRECTION ( 'NONE',  ( 1.000000000000000000, 0.000000000000000000, 0.000000000000000000 ) ) ;
#1745 = EDGE_CURVE ( 'NONE', #2648, #744, #2940, .T. ) ;
#1746 = DIRECTION ( 'NONE',  ( 1.000000000000000000, 0.000000000000000000, -0.000000000000000000 ) ) ;
#1747 = CARTESIAN_POINT ( 'NONE',  ( 0.000000000000000000, 94.00000000000000000, 94.00000000000000000 ) ) ;
#1748 = LINE ( 'NONE', #2793, #2510 ) ;
#1749 = VECTOR ( 'NONE', #662, 1000.000000000000000 ) ;
#1750 = ORIENTED_EDGE ( 'NONE', *, *, #2829, .T. ) ;
#1751 = EDGE_CURVE ( 'NONE', #2950, #1376, #3571, .T. ) ;
#1752 = CIRCLE ( 'NONE', #978, 2.750000000000002665 ) ;
#1753 = VECTOR ( 'NONE', #1510, 1000.000000000000000 ) ;
#1754 = CIRCLE ( 'NONE', #1264, 2.000000000000001776 ) ;
#1755 = CIRCLE ( 'NONE', #2654, 2.000000000000001776 ) ;
#1756 = DIRECTION ( 'NONE',  ( 0.000000000000000000, 0.000000000000000000, -1.000000000000000000 ) ) ;
#1757 = CARTESIAN_POINT ( 'NONE',  ( 2.000000000000000000, -72.09999999999999432, 7.700000000000000178 ) ) ;
#1758 = LINE ( 'NONE', #125, #774 ) ;
#1759 = DIRECTION ( 'NONE',  ( 1.000000000000000000, 0.000000000000000000, -0.000000000000000000 ) ) ;
#1760 = CIRCLE ( 'NONE', #2872, 1.700000000000000178 ) ;
#1761 = ORIENTED_EDGE ( 'NONE', *, *, #712, .T. ) ;
#1762 = ORIENTED_EDGE ( 'NONE', *, *, #3797, .T. ) ;
#1763 = EDGE_CURVE ( 'NONE', #2482, #2320, #147, .T. ) ;
#1764 = DATE_AND_TIME ( #1829, #3949 ) ;
#1765 = DIRECTION ( 'NONE',  ( -1.000000000000000000, -0.000000000000000000, 0.000000000000000000 ) ) ;
#1766 = AXIS2_PLACEMENT_3D ( 'NONE', #2561, #2843, #503 ) ;
#1767 = EDGE_LOOP ( 'NONE', ( #617, #391, #2257, #3739 ) ) ;
#1768 = DIRECTION ( 'NONE',  ( 0.000000000000000000, 0.000000000000000000, -1.000000000000000000 ) ) ;
#1769 = ORIENTED_EDGE ( 'NONE', *, *, #3721, .T. ) ;
#1770 = DIRECTION ( 'NONE',  ( -1.000000000000000000, -0.000000000000000000, 0.000000000000000000 ) ) ;
#1771 = CARTESIAN_POINT ( 'NONE',  ( 1.500000000000000000, 198.0000000000000000, 0.000000000000000000 ) ) ;
#1772 = CARTESIAN_POINT ( 'NONE',  ( 2.000000000000000000, -198.0000000000000000, 24.00000000000000000 ) ) ;
#1773 = EDGE_CURVE ( 'NONE', #2625, #3907, #1926, .T. ) ;
#1774 = AXIS2_PLACEMENT_3D ( 'NONE', #4221, #1922, #2263 ) ;
#1775 = CARTESIAN_POINT ( 'NONE',  ( -1.500000000000000000, -184.0000000000000000, 0.000000000000000000 ) ) ;
#1776 = FACE_OUTER_BOUND ( 'NONE', #3288, .T. ) ;
#1777 = VECTOR ( 'NONE', #3720, 1000.000000000000000 ) ;
#1778 = AXIS2_PLACEMENT_3D ( 'NONE', #1811, #1485, #1837 ) ;
#1779 = CARTESIAN_POINT ( 'NONE',  ( 0.000000000000000000, 0.000000000000000000, 24.00000000000000000 ) ) ;
#1780 = EDGE_CURVE ( 'NONE', #3355, #88, #622, .T. ) ;
#1781 = ORIENTED_EDGE ( 'NONE', *, *, #2925, .F. ) ;
#1782 = CARTESIAN_POINT ( 'NONE',  ( -2.000000000000000000, -198.0000000000000000, 96.00000000000000000 ) ) ;
#1783 = LINE ( 'NONE', #3489, #3552 ) ;
#1784 = ORIENTED_EDGE ( 'NONE', *, *, #3797, .F. ) ;
#1785 = ORIENTED_EDGE ( 'NONE', *, *, #3226, .T. ) ;
#1786 = CYLINDRICAL_SURFACE ( 'NONE', #1680, 13.00000000000000178 ) ;
#1787 = DIRECTION ( 'NONE',  ( 1.000000000000000000, 0.000000000000000000, -0.000000000000000000 ) ) ;
#1788 = EDGE_CURVE ( 'NONE', #3994, #1584, #1272, .T. ) ;
#1789 = ORIENTED_EDGE ( 'NONE', *, *, #1316, .F. ) ;
#1790 = CARTESIAN_POINT ( 'NONE',  ( 2.000000000000000000, 210.0000000000000000, 0.000000000000000000 ) ) ;
#1791 = DIRECTION ( 'NONE',  ( 0.000000000000000000, 0.000000000000000000, 1.000000000000000000 ) ) ;
#1792 = CARTESIAN_POINT ( 'NONE',  ( -2.000000000000000000, 11.53256259467079836, 24.00000000000000000 ) ) ;
#1793 = EDGE_CURVE ( 'NONE', #2842, #999, #4225, .T. ) ;
#1794 = DIRECTION ( 'NONE',  ( 1.000000000000000000, 0.000000000000000000, -0.000000000000000000 ) ) ;
#1795 = CARTESIAN_POINT ( 'NONE',  ( -1.500000000000000000, 0.000000000000000000, 94.00000000000000000 ) ) ;
#1796 = CARTESIAN_POINT ( 'NONE',  ( -2.299999999999999822, -194.5999999999999943, 16.00000000000000000 ) ) ;
#1797 = ORIENTED_EDGE ( 'NONE', *, *, #397, .T. ) ;
#1798 = EDGE_CURVE ( 'NONE', #3486, #476, #2266, .T. ) ;
#1799 = CARTESIAN_POINT ( 'NONE',  ( 1.500000000000000000, 11.53256259467079836, 24.00000000000000000 ) ) ;
#1800 = CARTESIAN_POINT ( 'NONE',  ( 0.000000000000000000, 198.0000000000000000, 24.00000000000000000 ) ) ;
#1801 = LINE ( 'NONE', #3076, #3210 ) ;
#1802 = CARTESIAN_POINT ( 'NONE',  ( -1.500000000000000000, 0.000000000000000000, 90.00000000000000000 ) ) ;
#1803 = ORIENTED_EDGE ( 'NONE', *, *, #698, .T. ) ;
#1804 = ORIENTED_EDGE ( 'NONE', *, *, #867, .F. ) ;
#1805 = PERSON_AND_ORGANIZATION ( #2158, #1116 ) ;
#1806 = DIRECTION ( 'NONE',  ( 1.000000000000000000, 0.000000000000000000, -0.000000000000000000 ) ) ;
#1807 = ORIENTED_EDGE ( 'NONE', *, *, #1489, .T. ) ;
#1808 = DIRECTION ( 'NONE',  ( 0.000000000000000000, 0.000000000000000000, -1.000000000000000000 ) ) ;
#1809 = EDGE_CURVE ( 'NONE', #1933, #2808, #1213, .T. ) ;
#1810 = ORIENTED_EDGE ( 'NONE', *, *, #4242, .T. ) ;
#1811 = CARTESIAN_POINT ( 'NONE',  ( -2.299999999999999822, -72.09999999999999432, 16.00000000000000000 ) ) ;
#1812 = CARTESIAN_POINT ( 'NONE',  ( -1.500000000000000000, -198.0000000000000000, 0.000000000000000000 ) ) ;
#1813 = DIRECTION ( 'NONE',  ( 0.000000000000000000, 0.000000000000000000, 1.000000000000000000 ) ) ;
#1814 = DIRECTION ( 'NONE',  ( -1.000000000000000000, -0.000000000000000000, 0.000000000000000000 ) ) ;
#1815 = LINE ( 'NONE', #2792, #3568 ) ;
#1816 = EDGE_CURVE ( 'NONE', #2909, #2247, #1841, .T. ) ;
#1817 = VERTEX_POINT ( 'NONE', #1250 ) ;
#1818 = VECTOR ( 'NONE', #3464, 1000.000000000000000 ) ;
#1819 = CARTESIAN_POINT ( 'NONE',  ( -2.000000000000000000, 72.09999999999999432, 6.000000000000000000 ) ) ;
#1820 = VECTOR ( 'NONE', #3459, 1000.000000000000000 ) ;
#1821 = ORIENTED_EDGE ( 'NONE', *, *, #3606, .T. ) ;
#1822 = DIRECTION ( 'NONE',  ( 1.000000000000000000, 0.000000000000000000, -0.000000000000000000 ) ) ;
#1823 = LINE ( 'NONE', #3135, #4256 ) ;
#1824 = DIRECTION ( 'NONE',  ( 0.000000000000000000, 0.000000000000000000, -1.000000000000000000 ) ) ;
#1825 = EDGE_LOOP ( 'NONE', ( #123, #3315, #3357, #929 ) ) ;
#1826 = CIRCLE ( 'NONE', #2647, 1.600000000000000755 ) ;
#1827 = ADVANCED_FACE ( 'NONE', ( #539 ), #2887, .F. ) ;
#1828 = ORIENTED_EDGE ( 'NONE', *, *, #3970, .F. ) ;
#1829 = CALENDAR_DATE ( 2026, 26, 8 ) ;
#1830 = CIRCLE ( 'NONE', #4315, 2.250000000000001776 ) ;
#1831 = CYLINDRICAL_SURFACE ( 'NONE', #3830, 1.600000000000000755 ) ;
#1832 = CIRCLE ( 'NONE', #4251, 5.100000000000000533 ) ;
#1833 = EDGE_LOOP ( 'NONE', ( #3509, #2964, #2058, #2189 ) ) ;
#1834 = CARTESIAN_POINT ( 'NONE',  ( 0.000000000000000000, 124.0000000000000000, 100.0000000000000000 ) ) ;
#1835 = AXIS2_PLACEMENT_3D ( 'NONE', #4145, #1561, #3178 ) ;
#1836 = ORIENTED_EDGE ( 'NONE', *, *, #1353, .T. ) ;
#1837 = DIRECTION ( 'NONE',  ( 0.000000000000000000, 0.000000000000000000, -1.000000000000000000 ) ) ;
#1838 = DIRECTION ( 'NONE',  ( -1.000000000000000000, -0.000000000000000000, 0.000000000000000000 ) ) ;
#1839 = EDGE_CURVE ( 'NONE', #2752, #3002, #2227, .T. ) ;
#1840 = CARTESIAN_POINT ( 'NONE',  ( 0.000000000000000000, 133.0000000000000000, 104.0000000000000142 ) ) ;
#1841 = CIRCLE ( 'NONE', #434, 1.600000000000000755 ) ;
#1842 = DIRECTION ( 'NONE',  ( 0.000000000000000000, 0.000000000000000000, -1.000000000000000000 ) ) ;
#1843 = LINE ( 'NONE', #453, #1284 ) ;
#1844 = EDGE_LOOP ( 'NONE', ( #2580, #806, #2216, #1505 ) ) ;
#1845 = ADVANCED_FACE ( 'NONE', ( #1581 ), #2619, .T. ) ;
#1846 = CARTESIAN_POINT ( 'NONE',  ( 2.000000000000000000, -72.09999999999999432, 4.299999999999999822 ) ) ;
#1847 = VERTEX_POINT ( 'NONE', #3915 ) ;
#1848 = CARTESIAN_POINT ( 'NONE',  ( 2.000000000000000000, -184.0000000000000000, 53.92820323027554252 ) ) ;
#1849 = DIRECTION ( 'NONE',  ( 1.000000000000000000, 0.000000000000000000, 0.000000000000000000 ) ) ;
#1850 = PLANE ( 'NONE',  #3482 ) ;
#1851 = ORIENTED_EDGE ( 'NONE', *, *, #545, .T. ) ;
#1852 = EDGE_LOOP ( 'NONE', ( #3243, #2840, #727, #834 ) ) ;
#1853 = PLANE ( 'NONE',  #2176 ) ;
#1854 = EDGE_LOOP ( 'NONE', ( #905, #3747, #2179, #4295 ) ) ;
#1855 = FACE_OUTER_BOUND ( 'NONE', #2534, .T. ) ;
#1856 = EDGE_CURVE ( 'NONE', #3709, #2134, #3587, .T. ) ;
#1857 = EDGE_LOOP ( 'NONE', ( #1781, #38 ) ) ;
#1858 = LINE ( 'NONE', #202, #3688 ) ;
#1859 = DIRECTION ( 'NONE',  ( 0.000000000000000000, 1.000000000000000000, 0.000000000000000000 ) ) ;
#1860 = DIRECTION ( 'NONE',  ( 1.000000000000000000, 0.000000000000000000, 0.000000000000000000 ) ) ;
#1861 = DIRECTION ( 'NONE',  ( 0.000000000000000000, 0.000000000000000000, 1.000000000000000000 ) ) ;
#1862 = EDGE_LOOP ( 'NONE', ( #3444, #984 ) ) ;
#1863 = LINE ( 'NONE', #85, #3974 ) ;
#1864 = DIRECTION ( 'NONE',  ( 1.000000000000000000, 0.000000000000000000, -0.000000000000000000 ) ) ;
#1865 = DIRECTION ( 'NONE',  ( 0.000000000000000000, 0.000000000000000000, -1.000000000000000000 ) ) ;
#1866 = VERTEX_POINT ( 'NONE', #4046 ) ;
#1867 = ORIENTED_EDGE ( 'NONE', *, *, #2669, .F. ) ;
#1868 = DIRECTION ( 'NONE',  ( 0.000000000000000000, 0.000000000000000000, -1.000000000000000000 ) ) ;
#1869 = EDGE_CURVE ( 'NONE', #2414, #1218, #315, .T. ) ;
#1870 = ORIENTED_EDGE ( 'NONE', *, *, #4036, .F. ) ;
#1871 = CARTESIAN_POINT ( 'NONE',  ( 2.000000000000000000, -202.0000000000000000, 24.00000000000000000 ) ) ;
#1872 = ORIENTED_EDGE ( 'NONE', *, *, #1509, .F. ) ;
#1873 = EDGE_CURVE ( 'NONE', #4200, #189, #4047, .T. ) ;
#1874 = CYLINDRICAL_SURFACE ( 'NONE', #4110, 1.700000000000000178 ) ;
#1875 = LINE ( 'NONE', #887, #1950 ) ;
#1876 = DIRECTION ( 'NONE',  ( 1.000000000000000000, 0.000000000000000000, 0.000000000000000000 ) ) ;
#1877 = DIRECTION ( 'NONE',  ( 1.000000000000000000, 0.000000000000000000, -0.000000000000000000 ) ) ;
#1878 = EDGE_CURVE ( 'NONE', #3499, #91, #4119, .T. ) ;
#1879 = ORIENTED_EDGE ( 'NONE', *, *, #3909, .T. ) ;
#1880 = FACE_OUTER_BOUND ( 'NONE', #647, .T. ) ;
#1881 = FACE_OUTER_BOUND ( 'NONE', #1643, .T. ) ;
#1882 = ORIENTED_EDGE ( 'NONE', *, *, #2323, .F. ) ;
#1883 = CARTESIAN_POINT ( 'NONE',  ( -2.000000000000000000, -202.0000000000000000, 24.00000000000000000 ) ) ;
#1884 = DIRECTION ( 'NONE',  ( -1.000000000000000000, -0.000000000000000000, 0.000000000000000000 ) ) ;
#1885 = CC_DESIGN_APPROVAL ( #4167, ( #1948 ) ) ;
#1886 = ADVANCED_FACE ( 'NONE', ( #2684 ), #384, .F. ) ;
#1887 = ORIENTED_EDGE ( 'NONE', *, *, #1416, .T. ) ;
#1888 = VECTOR ( 'NONE', #1096, 1000.000000000000000 ) ;
#1889 = ORIENTED_EDGE ( 'NONE', *, *, #403, .F. ) ;
#1890 = CARTESIAN_POINT ( 'NONE',  ( 1.500000000000000000, -198.0000000000000000, 96.00000000000000000 ) ) ;
#1891 = ORIENTED_EDGE ( 'NONE', *, *, #2810, .T. ) ;
#1892 = CIRCLE ( 'NONE', #3619, 1.600000000000000755 ) ;
#1893 = ADVANCED_FACE ( 'NONE', ( #3344 ), #1073, .F. ) ;
#1894 = VECTOR ( 'NONE', #762, 1000.000000000000000 ) ;
#1895 = VECTOR ( 'NONE', #3880, 1000.000000000000000 ) ;
#1896 = ORIENTED_EDGE ( 'NONE', *, *, #687, .T. ) ;
#1897 = EDGE_LOOP ( 'NONE', ( #4228, #1891, #291, #3120 ) ) ;
#1898 = CARTESIAN_POINT ( 'NONE',  ( -2.000000000000000000, -173.0000000000000284, 47.00000000000000000 ) ) ;
#1899 = CIRCLE ( 'NONE', #773, 2.000000000000001776 ) ;
#1900 = CIRCLE ( 'NONE', #1966, 1.600000000000000755 ) ;
#1901 = DIRECTION ( 'NONE',  ( 1.000000000000000000, 0.000000000000000000, 0.000000000000000000 ) ) ;
#1902 = DIRECTION ( 'NONE',  ( 1.000000000000000000, 0.000000000000000000, -0.000000000000000000 ) ) ;
#1903 = VECTOR ( 'NONE', #3318, 1000.000000000000000 ) ;
#1904 = ORIENTED_EDGE ( 'NONE', *, *, #1102, .F. ) ;
#1905 = ADVANCED_FACE ( 'NONE', ( #359 ), #3997, .F. ) ;
#1906 = FACE_OUTER_BOUND ( 'NONE', #2411, .T. ) ;
#1907 = LINE ( 'NONE', #2559, #4257 ) ;
#1908 = DIRECTION ( 'NONE',  ( 1.000000000000000000, 0.000000000000000000, -0.000000000000000000 ) ) ;
#1909 = CARTESIAN_POINT ( 'NONE',  ( -2.299999999999999822, 190.0000000000000000, 24.00000000000000000 ) ) ;
#1910 = ORIENTED_EDGE ( 'NONE', *, *, #2916, .T. ) ;
#1911 = ADVANCED_FACE ( 'NONE', ( #3670 ), #3368, .F. ) ;
#1912 = ORIENTED_EDGE ( 'NONE', *, *, #199, .F. ) ;
#1913 = FACE_OUTER_BOUND ( 'NONE', #446, .T. ) ;
#1914 = VECTOR ( 'NONE', #2248, 1000.000000000000000 ) ;
#1915 = ORIENTED_EDGE ( 'NONE', *, *, #120, .F. ) ;
#1916 = VERTEX_POINT ( 'NONE', #1379 ) ;
#1917 = EDGE_LOOP ( 'NONE', ( #1037, #266, #127, #2821 ) ) ;
#1918 = FACE_BOUND ( 'NONE', #2795, .T. ) ;
#1919 = EDGE_CURVE ( 'NONE', #1248, #309, #2374, .T. ) ;
#1920 = CIRCLE ( 'NONE', #29, 5.100000000000000533 ) ;
#1921 = DIRECTION ( 'NONE',  ( 1.000000000000000000, 0.000000000000000000, 0.000000000000000000 ) ) ;
#1922 = DIRECTION ( 'NONE',  ( -1.000000000000000000, -0.000000000000000000, 0.000000000000000000 ) ) ;
#1923 = EDGE_CURVE ( 'NONE', #4080, #285, #2704, .T. ) ;
#1924 = ORIENTED_EDGE ( 'NONE', *, *, #2194, .T. ) ;
#1925 = DIRECTION ( 'NONE',  ( -1.000000000000000000, -0.000000000000000000, 0.000000000000000000 ) ) ;
#1926 = LINE ( 'NONE', #1965, #1344 ) ;
#1927 = CARTESIAN_POINT ( 'NONE',  ( -2.000000000000000000, -60.00000000000000000, 27.25000000000000000 ) ) ;
#1928 = EDGE_CURVE ( 'NONE', #246, #3906, #781, .T. ) ;
#1929 = ORIENTED_EDGE ( 'NONE', *, *, #2568, .F. ) ;
#1930 = ORIENTED_EDGE ( 'NONE', *, *, #1940, .T. ) ;
#1931 = DIRECTION ( 'NONE',  ( 1.000000000000000000, 0.000000000000000000, 0.000000000000000000 ) ) ;
#1932 = ORIENTED_EDGE ( 'NONE', *, *, #2734, .F. ) ;
#1933 = VERTEX_POINT ( 'NONE', #1725 ) ;
#1934 = ORIENTED_EDGE ( 'NONE', *, *, #1263, .T. ) ;
#1935 = DIRECTION ( 'NONE',  ( 1.000000000000000000, 0.000000000000000000, 0.000000000000000000 ) ) ;
#1936 = EDGE_CURVE ( 'NONE', #811, #1584, #8, .T. ) ;
#1937 = CARTESIAN_POINT ( 'NONE',  ( -2.299999999999999822, 194.5999999999999943, 18.25000000000000355 ) ) ;
#1938 = DIRECTION ( 'NONE',  ( 0.000000000000000000, -1.000000000000000000, 0.000000000000000000 ) ) ;
#1939 = ORIENTED_EDGE ( 'NONE', *, *, #1340, .T. ) ;
#1940 = EDGE_CURVE ( 'NONE', #3941, #3709, #1139, .T. ) ;
#1941 = DIRECTION ( 'NONE',  ( 1.000000000000000000, 0.000000000000000000, -0.000000000000000000 ) ) ;
#1942 = DIRECTION ( 'NONE',  ( -0.000000000000000000, 1.000000000000000000, 0.000000000000000000 ) ) ;
#1943 = CARTESIAN_POINT ( 'NONE',  ( 2.000000000000000000, 114.9999999999999858, 100.0000000000000000 ) ) ;
#1944 = ORIENTED_EDGE ( 'NONE', *, *, #1117, .F. ) ;
#1945 = CARTESIAN_POINT ( 'NONE',  ( -1.500000000000000000, 163.0000000000000000, 94.00000000000000000 ) ) ;
#1946 = DIRECTION ( 'NONE',  ( 0.000000000000000000, 0.000000000000000000, -1.000000000000000000 ) ) ;
#1947 = VERTEX_POINT ( 'NONE', #3004 ) ;
#1948 = SECURITY_CLASSIFICATION ( '', '', #1175 ) ;
#1949 = EDGE_CURVE ( 'NONE', #3370, #3140, #1688, .T. ) ;
#1950 = VECTOR ( 'NONE', #1935, 1000.000000000000000 ) ;
#1951 = VERTEX_POINT ( 'NONE', #4305 ) ;
#1952 = CARTESIAN_POINT ( 'NONE',  ( -2.000000000000000000, -170.0000000000000000, 68.00000000000000000 ) ) ;
#1953 = CIRCLE ( 'NONE', #3066, 1.600000000000000755 ) ;
#1954 = VECTOR ( 'NONE', #292, 1000.000000000000000 ) ;
#1955 = AXIS2_PLACEMENT_3D ( 'NONE', #1587, #4231, #2583 ) ;
#1956 = ADVANCED_FACE ( 'NONE', ( #3973 ), #15, .T. ) ;
#1957 = EDGE_LOOP ( 'NONE', ( #1196, #4062 ) ) ;
#1958 = CARTESIAN_POINT ( 'NONE',  ( 0.000000000000000000, 103.0000000000000142, 94.00000000000000000 ) ) ;
#1959 = CIRCLE ( 'NONE', #2520, 1.700000000000000178 ) ;
#1960 = CARTESIAN_POINT ( 'NONE',  ( -1.500000000000000000, -191.5999999999999943, 24.00000000000000000 ) ) ;
#1961 = VECTOR ( 'NONE', #3477, 1000.000000000000000 ) ;
#1962 = ORIENTED_EDGE ( 'NONE', *, *, #3424, .T. ) ;
#1963 = AXIS2_PLACEMENT_3D ( 'NONE', #340, #2009, #2948 ) ;
#1964 = DIRECTION ( 'NONE',  ( 1.000000000000000000, 0.000000000000000000, -0.000000000000000000 ) ) ;
#1965 = CARTESIAN_POINT ( 'NONE',  ( 0.000000000000000000, 193.0000000000000000, 94.00000000000000000 ) ) ;
#1966 = AXIS2_PLACEMENT_3D ( 'NONE', #259, #4246, #1621 ) ;
#1967 = LINE ( 'NONE', #2621, #2657 ) ;
#1968 = ORIENTED_EDGE ( 'NONE', *, *, #3443, .F. ) ;
#1969 = EDGE_CURVE ( 'NONE', #1211, #3575, #669, .T. ) ;
#1970 = VECTOR ( 'NONE', #3403, 1000.000000000000000 ) ;
#1971 = ORIENTED_EDGE ( 'NONE', *, *, #2143, .F. ) ;
#1972 = CARTESIAN_POINT ( 'NONE',  ( -2.299999999999999822, 3.367778697655221012E-16, 32.75000000000000000 ) ) ;
#1973 = CARTESIAN_POINT ( 'NONE',  ( 1.500000000000000000, 0.000000000000000000, 90.00000000000000000 ) ) ;
#1974 = VERTEX_POINT ( 'NONE', #2160 ) ;
#1975 = VECTOR ( 'NONE', #4051, 1000.000000000000000 ) ;
#1976 = ORIENTED_EDGE ( 'NONE', *, *, #1648, .T. ) ;
#1977 = DIRECTION ( 'NONE',  ( 0.000000000000000000, 0.000000000000000000, 1.000000000000000000 ) ) ;
#1978 = EDGE_CURVE ( 'NONE', #1668, #811, #99, .T. ) ;
#1979 = CIRCLE ( 'NONE', #18, 1.700000000000000178 ) ;
#1980 = ORIENTED_EDGE ( 'NONE', *, *, #3176, .F. ) ;
#1981 = LINE ( 'NONE', #4011, #645 ) ;
#1982 = CARTESIAN_POINT ( 'NONE',  ( -2.000000000000000000, 194.5999999999999943, 4.299999999999999822 ) ) ;
#1983 = ORIENTED_EDGE ( 'NONE', *, *, #3774, .F. ) ;
#1984 = DIRECTION ( 'NONE',  ( -1.000000000000000000, -0.000000000000000000, 0.000000000000000000 ) ) ;
#1985 = CARTESIAN_POINT ( 'NONE',  ( 1.500000000000000000, 60.00000000000000000, 30.00000000000000000 ) ) ;
#1986 = DIRECTION ( 'NONE',  ( -1.000000000000000000, -0.000000000000000000, 0.000000000000000000 ) ) ;
#1987 = ORIENTED_EDGE ( 'NONE', *, *, #4233, .F. ) ;
#1988 = DIRECTION ( 'NONE',  ( -1.000000000000000000, -0.000000000000000000, 0.000000000000000000 ) ) ;
#1989 = LINE ( 'NONE', #3981, #549 ) ;
#1990 = DIRECTION ( 'NONE',  ( 0.000000000000000000, 0.000000000000000000, 1.000000000000000000 ) ) ;
#1991 = DIRECTION ( 'NONE',  ( 1.000000000000000000, 0.000000000000000000, -0.000000000000000000 ) ) ;
#1992 = VERTEX_POINT ( 'NONE', #2770 ) ;
#1993 = ORIENTED_EDGE ( 'NONE', *, *, #2051, .T. ) ;
#1994 = EDGE_CURVE ( 'NONE', #2206, #3370, #497, .T. ) ;
#1995 = ORIENTED_EDGE ( 'NONE', *, *, #3977, .F. ) ;
#1996 = ORIENTED_EDGE ( 'NONE', *, *, #24, .F. ) ;
#1997 = CARTESIAN_POINT ( 'NONE',  ( -2.000000000000000000, 163.0000000000000000, 102.0000000000000142 ) ) ;
#1998 = ORIENTED_EDGE ( 'NONE', *, *, #2638, .F. ) ;
#1999 = LINE ( 'NONE', #643, #3976 ) ;
#2000 = LINE ( 'NONE', #1041, #3128 ) ;
#2001 = ORIENTED_EDGE ( 'NONE', *, *, #2289, .F. ) ;
#2002 = EDGE_CURVE ( 'NONE', #3096, #281, #1633, .T. ) ;
#2003 = LINE ( 'NONE', #1678, #73 ) ;
#2004 = CARTESIAN_POINT ( 'NONE',  ( -2.000000000000000000, 0.000000000000000000, 100.0000000000000000 ) ) ;
#2005 = LINE ( 'NONE', #2331, #3410 ) ;
#2006 = ORIENTED_EDGE ( 'NONE', *, *, #4273, .F. ) ;
#2007 = CARTESIAN_POINT ( 'NONE',  ( 2.000000000000000000, -61.25000000000000000, 13.75000000000000000 ) ) ;
#2008 = ADVANCED_FACE ( 'NONE', ( #1776 ), #2505, .T. ) ;
#2009 = DIRECTION ( 'NONE',  ( 1.000000000000000000, 0.000000000000000000, 0.000000000000000000 ) ) ;
#2010 = FACE_OUTER_BOUND ( 'NONE', #1389, .T. ) ;
#2011 = ORIENTED_EDGE ( 'NONE', *, *, #3359, .T. ) ;
#2012 = ORIENTED_EDGE ( 'NONE', *, *, #3300, .T. ) ;
#2013 = ORIENTED_EDGE ( 'NONE', *, *, #892, .T. ) ;
#2014 = ORIENTED_EDGE ( 'NONE', *, *, #2584, .T. ) ;
#2015 = DIRECTION ( 'NONE',  ( -1.000000000000000000, -0.000000000000000000, 0.000000000000000000 ) ) ;
#2016 = AXIS2_PLACEMENT_3D ( 'NONE', #1078, #3676, #2380 ) ;
#2017 = EDGE_CURVE ( 'NONE', #1432, #2959, #850, .T. ) ;
#2018 = VECTOR ( 'NONE', #1859, 1000.000000000000000 ) ;
#2019 = CARTESIAN_POINT ( 'NONE',  ( 2.000000000000000000, 3.367778697655217560E-16, 32.75000000000000000 ) ) ;
#2020 = FACE_BOUND ( 'NONE', #3538, .T. ) ;
#2021 = DIRECTION ( 'NONE',  ( 0.000000000000000000, 0.000000000000000000, -1.000000000000000000 ) ) ;
#2022 = ORIENTED_EDGE ( 'NONE', *, *, #1416, .F. ) ;
#2023 = AXIS2_PLACEMENT_3D ( 'NONE', #2524, #2217, #2178 ) ;
#2024 = CIRCLE ( 'NONE', #4249, 2.749999999999999112 ) ;
#2025 = AXIS2_PLACEMENT_3D ( 'NONE', #2399, #2308, #3317 ) ;
#2026 = CARTESIAN_POINT ( 'NONE',  ( 0.000000000000000000, 0.000000000000000000, 24.00000000000000000 ) ) ;
#2027 = DIRECTION ( 'NONE',  ( 1.000000000000000000, 0.000000000000000000, 0.000000000000000000 ) ) ;
#2028 = AXIS2_PLACEMENT_3D ( 'NONE', #572, #2234, #4215 ) ;
#2029 = DIRECTION ( 'NONE',  ( 1.000000000000000000, 0.000000000000000000, 0.000000000000000000 ) ) ;
#2030 = VERTEX_POINT ( 'NONE', #2466 ) ;
#2031 = EDGE_CURVE ( 'NONE', #553, #1707, #3127, .T. ) ;
#2032 = AXIS2_PLACEMENT_3D ( 'NONE', #1883, #3222, #1236 ) ;
#2033 = CARTESIAN_POINT ( 'NONE',  ( -2.000000000000000000, -129.0000000000000000, 46.90000000000000568 ) ) ;
#2034 = DIRECTION ( 'NONE',  ( 0.000000000000000000, -0.000000000000000000, 1.000000000000000000 ) ) ;
#2035 = PLANE ( 'NONE',  #2378 ) ;
#2036 = LINE ( 'NONE', #3351, #1267 ) ;
#2037 = VERTEX_POINT ( 'NONE', #2421 ) ;
#2038 = AXIS2_PLACEMENT_3D ( 'NONE', #4066, #1091, #4244 ) ;
#2039 = ORIENTED_EDGE ( 'NONE', *, *, #1497, .T. ) ;
#2040 = CARTESIAN_POINT ( 'NONE',  ( 1.500000000000000000, 0.000000000000000000, 90.00000000000000000 ) ) ;
#2041 = ORIENTED_EDGE ( 'NONE', *, *, #3637, .T. ) ;
#2042 = DIRECTION ( 'NONE',  ( 0.000000000000000000, -1.000000000000000000, 0.000000000000000000 ) ) ;
#2043 = CYLINDRICAL_SURFACE ( 'NONE', #3782, 2.250000000000000444 ) ;
#2044 = FACE_BOUND ( 'NONE', #2784, .T. ) ;
#2045 = AXIS2_PLACEMENT_3D ( 'NONE', #2938, #3871, #237 ) ;
#2046 = FACE_OUTER_BOUND ( 'NONE', #3771, .T. ) ;
#2047 = FACE_BOUND ( 'NONE', #1588, .T. ) ;
#2048 = VECTOR ( 'NONE', #2433, 1000.000000000000000 ) ;
#2049 = DIRECTION ( 'NONE',  ( 1.000000000000000000, 0.000000000000000000, -0.000000000000000000 ) ) ;
#2050 = CARTESIAN_POINT ( 'NONE',  ( 2.000000000000000000, -72.09999999999999432, 6.000000000000000000 ) ) ;
#2051 = EDGE_CURVE ( 'NONE', #64, #2805, #1815, .T. ) ;
#2052 = DIRECTION ( 'NONE',  ( 1.000000000000000000, 0.000000000000000000, 0.000000000000000000 ) ) ;
#2053 = ORIENTED_EDGE ( 'NONE', *, *, #2575, .F. ) ;
#2054 = CARTESIAN_POINT ( 'NONE',  ( -2.299999999999999822, -72.09999999999999432, 6.000000000000000000 ) ) ;
#2055 = ADVANCED_FACE ( 'NONE', ( #3089 ), #4116, .F. ) ;
#2056 = DIRECTION ( 'NONE',  ( 0.000000000000000000, -1.000000000000000000, 0.000000000000000000 ) ) ;
#2057 = DIRECTION ( 'NONE',  ( 0.000000000000000000, 0.000000000000000000, -1.000000000000000000 ) ) ;
#2058 = ORIENTED_EDGE ( 'NONE', *, *, #1733, .F. ) ;
#2059 = ADVANCED_FACE ( 'NONE', ( #1113 ), #1466, .F. ) ;
#2060 = ORIENTED_EDGE ( 'NONE', *, *, #2243, .T. ) ;
#2061 = LINE ( 'NONE', #2040, #198 ) ;
#2062 = CARTESIAN_POINT ( 'NONE',  ( -2.299999999999999822, -170.0000000000000000, 68.00000000000000000 ) ) ;
#2063 = ORIENTED_EDGE ( 'NONE', *, *, #2879, .T. ) ;
#2064 = DIRECTION ( 'NONE',  ( 0.000000000000000000, 0.000000000000000000, 1.000000000000000000 ) ) ;
#2065 = DIRECTION ( 'NONE',  ( -1.000000000000000000, 0.000000000000000000, 0.000000000000000000 ) ) ;
#2066 = CARTESIAN_POINT ( 'NONE',  ( 2.000000000000000000, -170.0000000000000000, 70.75000000000001421 ) ) ;
#2067 = EDGE_CURVE ( 'NONE', #965, #749, #3825, .T. ) ;
#2068 = DIRECTION ( 'NONE',  ( 0.000000000000000000, 0.000000000000000000, -1.000000000000000000 ) ) ;
#2069 = CARTESIAN_POINT ( 'NONE',  ( -2.299999999999999822, 61.25000000000000000, 4.299999999999999822 ) ) ;
#2070 = DIRECTION ( 'NONE',  ( 0.000000000000000000, 0.000000000000000000, 1.000000000000000000 ) ) ;
#2071 = DIRECTION ( 'NONE',  ( -1.000000000000000000, -0.000000000000000000, 0.000000000000000000 ) ) ;
#2072 = CARTESIAN_POINT ( 'NONE',  ( -2.000000000000000000, 0.000000000000000000, 100.0000000000000000 ) ) ;
#2073 = EDGE_LOOP ( 'NONE', ( #2359, #1983, #4252, #75 ) ) ;
#2074 = EDGE_CURVE ( 'NONE', #3906, #2625, #406, .T. ) ;
#2075 = FACE_OUTER_BOUND ( 'NONE', #2715, .T. ) ;
#2076 = DIRECTION ( 'NONE',  ( 0.000000000000000000, 0.000000000000000000, 1.000000000000000000 ) ) ;
#2077 = DIRECTION ( 'NONE',  ( -1.000000000000000000, -0.000000000000000000, 0.000000000000000000 ) ) ;
#2078 = ORIENTED_EDGE ( 'NONE', *, *, #2074, .F. ) ;
#2079 = ORIENTED_EDGE ( 'NONE', *, *, #1148, .T. ) ;
#2080 = COORDINATED_UNIVERSAL_TIME_OFFSET ( 8, 0, .AHEAD. ) ;
#2081 = CARTESIAN_POINT ( 'NONE',  ( 0.000000000000000000, -210.0000000000000000, 0.000000000000000000 ) ) ;
#2082 = ORIENTED_EDGE ( 'NONE', *, *, #319, .T. ) ;
#2083 = FACE_OUTER_BOUND ( 'NONE', #4049, .T. ) ;
#2084 = VERTEX_POINT ( 'NONE', #2816 ) ;
#2085 = DIRECTION ( 'NONE',  ( 0.000000000000000000, 0.000000000000000000, -1.000000000000000000 ) ) ;
#2086 = CIRCLE ( 'NONE', #2786, 2.750000000000002665 ) ;
#2087 = CARTESIAN_POINT ( 'NONE',  ( 2.000000000000000000, 115.0000000000000000, 104.0000000000000142 ) ) ;
#2088 = LINE ( 'NONE', #1421, #1970 ) ;
#2089 = DIRECTION ( 'NONE',  ( -1.000000000000000000, -0.000000000000000000, -0.000000000000000000 ) ) ;
#2090 = CIRCLE ( 'NONE', #2231, 1.700000000000000178 ) ;
#2091 = EDGE_CURVE ( 'NONE', #1345, #3231, #1843, .T. ) ;
#2092 = CARTESIAN_POINT ( 'NONE',  ( 0.000000000000000000, 184.0000000000000000, 94.00000000000000000 ) ) ;
#2093 = DIRECTION ( 'NONE',  ( 1.000000000000000000, 0.000000000000000000, -0.000000000000000000 ) ) ;
#2094 = VERTEX_POINT ( 'NONE', #2440 ) ;
#2095 = CIRCLE ( 'NONE', #2866, 1.600000000000000755 ) ;
#2096 = AXIS2_PLACEMENT_3D ( 'NONE', #3384, #1814, #2815 ) ;
#2097 = AXIS2_PLACEMENT_3D ( 'NONE', #3063, #3104, #3363 ) ;
#2098 = CIRCLE ( 'NONE', #2518, 12.99999999999999822 ) ;
#2099 = FACE_OUTER_BOUND ( 'NONE', #1719, .T. ) ;
#2100 = DIRECTION ( 'NONE',  ( 0.000000000000000000, -1.000000000000000000, 0.000000000000000000 ) ) ;
#2101 = DIRECTION ( 'NONE',  ( 0.000000000000000000, 0.000000000000000000, -1.000000000000000000 ) ) ;
#2102 = ADVANCED_FACE ( 'NONE', ( #3763 ), #3155, .F. ) ;
#2103 = AXIS2_PLACEMENT_3D ( 'NONE', #2562, #3573, #301 ) ;
#2104 = ORIENTED_EDGE ( 'NONE', *, *, #1878, .F. ) ;
#2105 = VECTOR ( 'NONE', #3364, 1000.000000000000000 ) ;
#2106 = ORIENTED_EDGE ( 'NONE', *, *, #1788, .T. ) ;
#2107 = DIRECTION ( 'NONE',  ( 0.000000000000000000, 0.000000000000000000, -1.000000000000000000 ) ) ;
#2108 = ADVANCED_FACE ( 'NONE', ( #2751 ), #4070, .T. ) ;
#2109 = ORIENTED_EDGE ( 'NONE', *, *, #1940, .F. ) ;
#2110 = DIRECTION ( 'NONE',  ( 0.000000000000000000, -1.000000000000000000, -0.000000000000000000 ) ) ;
#2111 = EDGE_LOOP ( 'NONE', ( #3835, #2849 ) ) ;
#2112 = CARTESIAN_POINT ( 'NONE',  ( 2.000000000000000000, 103.0000000000000142, 102.0000000000000142 ) ) ;
#2113 = EDGE_CURVE ( 'NONE', #265, #1125, #783, .T. ) ;
#2114 = FACE_OUTER_BOUND ( 'NONE', #1594, .T. ) ;
#2115 = DIRECTION ( 'NONE',  ( 1.000000000000000000, 0.000000000000000000, -0.000000000000000000 ) ) ;
#2116 = CIRCLE ( 'NONE', #156, 1.600000000000000755 ) ;
#2117 = VECTOR ( 'NONE', #144, 1000.000000000000000 ) ;
#2118 = CARTESIAN_POINT ( 'NONE',  ( 0.000000000000000000, 0.000000000000000000, 24.00000000000000000 ) ) ;
#2119 = CARTESIAN_POINT ( 'NONE',  ( -2.000000000000000000, -91.85246629291785325, 24.42644355067057660 ) ) ;
#2120 = VECTOR ( 'NONE', #4162, 1000.000000000000000 ) ;
#2121 = CARTESIAN_POINT ( 'NONE',  ( 0.000000000000000000, 103.0000000000000142, 90.00000000000000000 ) ) ;
#2122 = VERTEX_POINT ( 'NONE', #2119 ) ;
#2123 = CIRCLE ( 'NONE', #3224, 2.000000000000001776 ) ;
#2124 = DIRECTION ( 'NONE',  ( -1.000000000000000000, -0.000000000000000000, 0.000000000000000000 ) ) ;
#2125 = ORIENTED_EDGE ( 'NONE', *, *, #1773, .T. ) ;
#2126 = DIRECTION ( 'NONE',  ( 1.000000000000000000, 0.000000000000000000, -0.000000000000000000 ) ) ;
#2127 = DIRECTION ( 'NONE',  ( 0.000000000000000000, 0.000000000000000000, -1.000000000000000000 ) ) ;
#2128 = DIRECTION ( 'NONE',  ( 1.000000000000000000, 0.000000000000000000, -0.000000000000000000 ) ) ;
#2129 = EDGE_CURVE ( 'NONE', #3032, #2130, #3108, .T. ) ;
#2130 = VERTEX_POINT ( 'NONE', #3541 ) ;
#2131 = ORIENTED_EDGE ( 'NONE', *, *, #4044, .F. ) ;
#2132 = SHAPE_DEFINITION_REPRESENTATION ( #3035, #908 ) ;
#2133 = DIRECTION ( 'NONE',  ( 1.000000000000000000, 0.000000000000000000, 0.000000000000000000 ) ) ;
#2134 = VERTEX_POINT ( 'NONE', #3248 ) ;
#2135 = PLANE ( 'NONE',  #68 ) ;
#2136 = EDGE_CURVE ( 'NONE', #1278, #999, #160, .T. ) ;
#2137 = ORIENTED_EDGE ( 'NONE', *, *, #3926, .T. ) ;
#2138 = DIRECTION ( 'NONE',  ( 1.000000000000000000, 0.000000000000000000, 0.000000000000000000 ) ) ;
#2139 = DIRECTION ( 'NONE',  ( 1.000000000000000000, 0.000000000000000000, -0.000000000000000000 ) ) ;
#2140 = DIRECTION ( 'NONE',  ( -1.000000000000000000, -0.000000000000000000, 0.000000000000000000 ) ) ;
#2141 = DIRECTION ( 'NONE',  ( 1.000000000000000000, 0.000000000000000000, 0.000000000000000000 ) ) ;
#2142 = CARTESIAN_POINT ( 'NONE',  ( -2.299999999999999822, -188.4000000000000057, 24.00000000000000000 ) ) ;
#2143 = EDGE_CURVE ( 'NONE', #2094, #2897, #717, .T. ) ;
#2144 = CARTESIAN_POINT ( 'NONE',  ( 2.000000000000000000, 133.0000000000000000, 100.0000000000000000 ) ) ;
#2145 = DIRECTION ( 'NONE',  ( -1.000000000000000000, -0.000000000000000000, 0.000000000000000000 ) ) ;
#2146 = CYLINDRICAL_SURFACE ( 'NONE', #1612, 1.700000000000000178 ) ;
#2147 = ORIENTED_EDGE ( 'NONE', *, *, #2419, .T. ) ;
#2148 = EDGE_CURVE ( 'NONE', #476, #2472, #3911, .T. ) ;
#2149 = ORIENTED_EDGE ( 'NONE', *, *, #1245, .F. ) ;
#2150 = PERSON_AND_ORGANIZATION_ROLE ( 'creator' ) ;
#2151 = CYLINDRICAL_SURFACE ( 'NONE', #495, 2.750000000000002665 ) ;
#2152 = ORIENTED_EDGE ( 'NONE', *, *, #3812, .F. ) ;
#2153 = DIRECTION ( 'NONE',  ( -0.000000000000000000, 0.000000000000000000, -1.000000000000000000 ) ) ;
#2154 = VERTEX_POINT ( 'NONE', #3234 ) ;
#2155 = PLANE ( 'NONE',  #2892 ) ;
#2156 = CARTESIAN_POINT ( 'NONE',  ( -2.000000000000000000, -61.25000000000000000, 6.000000000000000000 ) ) ;
#2157 = ADVANCED_FACE ( 'NONE', ( #3564 ), #1529, .F. ) ;
#2158 = PERSON ( '未', '未', '未', ('未'), ('未'), ('未') ) ;
#2159 = CARTESIAN_POINT ( 'NONE',  ( -2.299999999999999822, -173.0000000000000284, 44.25000000000000000 ) ) ;
#2160 = CARTESIAN_POINT ( 'NONE',  ( 2.000000000000000000, -61.25000000000000000, 4.299999999999999822 ) ) ;
#2161 = ORIENTED_EDGE ( 'NONE', *, *, #1949, .T. ) ;
#2162 = AXIS2_PLACEMENT_3D ( 'NONE', #3322, #3029, #2034 ) ;
#2163 = CARTESIAN_POINT ( 'NONE',  ( 0.000000000000000000, 145.0000000000000000, 104.0000000000000142 ) ) ;
#2164 = VECTOR ( 'NONE', #139, 1000.000000000000000 ) ;
#2165 = DIRECTION ( 'NONE',  ( 1.000000000000000000, 0.000000000000000000, 0.000000000000000000 ) ) ;
#2166 = DIRECTION ( 'NONE',  ( 0.000000000000000000, 0.000000000000000000, -1.000000000000000000 ) ) ;
#2167 = CARTESIAN_POINT ( 'NONE',  ( -2.000000000000000000, -61.25000000000000000, 16.00000000000000000 ) ) ;
#2168 = EDGE_CURVE ( 'NONE', #2230, #2712, #2902, .T. ) ;
#2169 = ORIENTED_EDGE ( 'NONE', *, *, #4217, .F. ) ;
#2170 = VECTOR ( 'NONE', #1306, 1000.000000000000000 ) ;
#2171 = AXIS2_PLACEMENT_3D ( 'NONE', #1610, #2554, #2856 ) ;
#2172 = ORIENTED_EDGE ( 'NONE', *, *, #13, .T. ) ;
#2173 = AXIS2_PLACEMENT_3D ( 'NONE', #3050, #61, #412 ) ;
#2174 = VECTOR ( 'NONE', #1554, 1000.000000000000000 ) ;
#2175 = DIRECTION ( 'NONE',  ( 0.000000000000000000, 0.000000000000000000, 1.000000000000000000 ) ) ;
#2176 = AXIS2_PLACEMENT_3D ( 'NONE', #3533, #2175, #3166 ) ;
#2177 = ORIENTED_EDGE ( 'NONE', *, *, #192, .F. ) ;
#2178 = DIRECTION ( 'NONE',  ( 0.000000000000000000, 0.000000000000000000, 1.000000000000000000 ) ) ;
#2179 = ORIENTED_EDGE ( 'NONE', *, *, #2312, .T. ) ;
#2180 = CARTESIAN_POINT ( 'NONE',  ( -2.299999999999999822, 72.09999999999999432, 4.299999999999999822 ) ) ;
#2181 = FACE_BOUND ( 'NONE', #2933, .T. ) ;
#2182 = AXIS2_PLACEMENT_3D ( 'NONE', #2577, #3931, #2599 ) ;
#2183 = DIRECTION ( 'NONE',  ( 0.000000000000000000, 0.000000000000000000, 1.000000000000000000 ) ) ;
#2184 = CARTESIAN_POINT ( 'NONE',  ( 0.000000000000000000, 175.0000000000000000, 90.00000000000000000 ) ) ;
#2185 = EDGE_LOOP ( 'NONE', ( #1879, #2430, #4008, #4154 ) ) ;
#2186 = ADVANCED_FACE ( 'NONE', ( #3192 ), #1555, .F. ) ;
#2187 = VECTOR ( 'NONE', #3462, 1000.000000000000000 ) ;
#2188 = DIRECTION ( 'NONE',  ( 0.000000000000000000, 0.000000000000000000, 1.000000000000000000 ) ) ;
#2189 = ORIENTED_EDGE ( 'NONE', *, *, #3812, .T. ) ;
#2190 = CARTESIAN_POINT ( 'NONE',  ( 1.500000000000000000, -60.00000000000000000, 90.00000000000001421 ) ) ;
#2191 = LINE ( 'NONE', #3511, #3616 ) ;
#2192 = CIRCLE ( 'NONE', #298, 1.600000000000000755 ) ;
#2193 = ORIENTED_EDGE ( 'NONE', *, *, #729, .T. ) ;
#2194 = EDGE_CURVE ( 'NONE', #312, #2379, #3174, .T. ) ;
#2195 = VERTEX_POINT ( 'NONE', #1593 ) ;
#2196 = DIRECTION ( 'NONE',  ( 1.000000000000000000, 0.000000000000000000, 0.000000000000000000 ) ) ;
#2197 = DIRECTION ( 'NONE',  ( 1.000000000000000000, 0.000000000000000000, -0.000000000000000000 ) ) ;
#2198 = VECTOR ( 'NONE', #885, 1000.000000000000000 ) ;
#2199 = EDGE_CURVE ( 'NONE', #2613, #4183, #1979, .T. ) ;
#2200 = ORIENTED_EDGE ( 'NONE', *, *, #3990, .F. ) ;
#2201 = DIRECTION ( 'NONE',  ( 0.000000000000000000, -1.000000000000000000, 0.000000000000000000 ) ) ;
#2202 = FACE_BOUND ( 'NONE', #4076, .T. ) ;
#2203 = ADVANCED_FACE ( 'NONE', ( #1287 ), #271, .F. ) ;
#2204 = DIRECTION ( 'NONE',  ( 1.000000000000000000, 0.000000000000000000, 0.000000000000000000 ) ) ;
#2205 = DIRECTION ( 'NONE',  ( -1.000000000000000000, -0.000000000000000000, 0.000000000000000000 ) ) ;
#2206 = VERTEX_POINT ( 'NONE', #3927 ) ;
#2207 = CARTESIAN_POINT ( 'NONE',  ( 1.500000000000000000, 0.000000000000000000, 90.00000000000000000 ) ) ;
#2208 = DIRECTION ( 'NONE',  ( 1.000000000000000000, 0.000000000000000000, -0.000000000000000000 ) ) ;
#2209 = EDGE_LOOP ( 'NONE', ( #3078, #414, #930, #3605 ) ) ;
#2210 = FACE_OUTER_BOUND ( 'NONE', #3329, .T. ) ;
#2211 = CARTESIAN_POINT ( 'NONE',  ( -1.500000000000000000, -11.53256259467079836, 24.00000000000000000 ) ) ;
#2212 = ORIENTED_EDGE ( 'NONE', *, *, #1607, .F. ) ;
#2213 = ADVANCED_FACE ( 'NONE', ( #3505 ), #936, .T. ) ;
#2214 = ORIENTED_EDGE ( 'NONE', *, *, #1816, .T. ) ;
#2215 = DIRECTION ( 'NONE',  ( 1.000000000000000000, 0.000000000000000000, -0.000000000000000000 ) ) ;
#2216 = ORIENTED_EDGE ( 'NONE', *, *, #3176, .T. ) ;
#2217 = DIRECTION ( 'NONE',  ( -1.000000000000000000, -0.000000000000000000, 0.000000000000000000 ) ) ;
#2218 = ORIENTED_EDGE ( 'NONE', *, *, #1685, .T. ) ;
#2219 = ORIENTED_EDGE ( 'NONE', *, *, #4114, .F. ) ;
#2220 = CARTESIAN_POINT ( 'NONE',  ( 2.000000000000000000, -60.00000000000000000, 30.00000000000000000 ) ) ;
#2221 = EDGE_CURVE ( 'NONE', #246, #3707, #558, .T. ) ;
#2222 = CARTESIAN_POINT ( 'NONE',  ( 1.500000000000000000, -188.4000000000000057, 24.00000000000000000 ) ) ;
#2223 = DIRECTION ( 'NONE',  ( 1.000000000000000000, 0.000000000000000000, 0.000000000000000000 ) ) ;
#2224 = ORIENTED_EDGE ( 'NONE', *, *, #2833, .F. ) ;
#2225 = EDGE_CURVE ( 'NONE', #1369, #4165, #3430, .T. ) ;
#2226 = DIRECTION ( 'NONE',  ( -1.000000000000000000, -0.000000000000000000, 0.000000000000000000 ) ) ;
#2227 = LINE ( 'NONE', #2921, #993 ) ;
#2228 = CYLINDRICAL_SURFACE ( 'NONE', #1835, 2.749999999999999112 ) ;
#2229 = DIRECTION ( 'NONE',  ( 1.000000000000000000, 0.000000000000000000, -0.000000000000000000 ) ) ;
#2230 = VERTEX_POINT ( 'NONE', #3217 ) ;
#2231 = AXIS2_PLACEMENT_3D ( 'NONE', #2156, #1071, #1813 ) ;
#2232 = VERTEX_POINT ( 'NONE', #1577 ) ;
#2233 = ADVANCED_FACE ( 'NONE', ( #3851 ), #3583, .F. ) ;
#2234 = DIRECTION ( 'NONE',  ( 1.000000000000000000, 0.000000000000000000, 0.000000000000000000 ) ) ;
#2235 = ORIENTED_EDGE ( 'NONE', *, *, #3901, .F. ) ;
#2236 = VECTOR ( 'NONE', #2769, 1000.000000000000000 ) ;
#2237 = AXIS2_PLACEMENT_3D ( 'NONE', #3055, #746, #2740 ) ;
#2238 = ORIENTED_EDGE ( 'NONE', *, *, #1362, .F. ) ;
#2239 = ORIENTED_EDGE ( 'NONE', *, *, #2261, .T. ) ;
#2240 = FACE_BOUND ( 'NONE', #26, .T. ) ;
#2241 = VECTOR ( 'NONE', #3652, 1000.000000000000000 ) ;
#2242 = AXIS2_PLACEMENT_3D ( 'NONE', #60, #3388, #411 ) ;
#2243 = EDGE_CURVE ( 'NONE', #1218, #2679, #2192, .T. ) ;
#2244 = DIRECTION ( 'NONE',  ( 0.000000000000000000, 1.000000000000000000, 0.000000000000000000 ) ) ;
#2245 = CARTESIAN_POINT ( 'NONE',  ( 2.000000000000000000, 60.00000000000000000, 30.00000000000000000 ) ) ;
#2246 = VECTOR ( 'NONE', #277, 1000.000000000000000 ) ;
#2247 = VERTEX_POINT ( 'NONE', #1611 ) ;
#2248 = DIRECTION ( 'NONE',  ( 0.000000000000000000, 1.000000000000000000, 0.000000000000000000 ) ) ;
#2249 = CARTESIAN_POINT ( 'NONE',  ( -2.299999999999999822, -60.00000000000000000, 32.75000000000000000 ) ) ;
#2250 = CYLINDRICAL_SURFACE ( 'NONE', #3276, 13.00000000000000178 ) ;
#2251 = DIRECTION ( 'NONE',  ( 0.000000000000000000, 0.000000000000000000, 1.000000000000000000 ) ) ;
#2252 = ORIENTED_EDGE ( 'NONE', *, *, #3700, .F. ) ;
#2253 = EDGE_CURVE ( 'NONE', #2472, #1916, #3284, .T. ) ;
#2254 = AXIS2_PLACEMENT_3D ( 'NONE', #254, #4179, #2532 ) ;
#2255 = DIRECTION ( 'NONE',  ( -1.000000000000000000, -0.000000000000000000, -0.000000000000000000 ) ) ;
#2256 = AXIS2_PLACEMENT_3D ( 'NONE', #1468, #3508, #2755 ) ;
#2257 = ORIENTED_EDGE ( 'NONE', *, *, #1642, .F. ) ;
#2258 = ORIENTED_EDGE ( 'NONE', *, *, #1570, .F. ) ;
#2259 = VERTEX_POINT ( 'NONE', #951 ) ;
#2260 = CARTESIAN_POINT ( 'NONE',  ( -2.000000000000000000, 0.000000000000000000, 0.000000000000000000 ) ) ;
#2261 = EDGE_CURVE ( 'NONE', #1125, #3643, #3040, .T. ) ;
#2262 = LINE ( 'NONE', #581, #284 ) ;
#2263 = DIRECTION ( 'NONE',  ( 0.000000000000000000, 0.000000000000000000, 1.000000000000000000 ) ) ;
#2264 = ORIENTED_EDGE ( 'NONE', *, *, #1564, .T. ) ;
#2265 = CARTESIAN_POINT ( 'NONE',  ( -2.000000000000000000, -72.09999999999999432, 16.00000000000000000 ) ) ;
#2266 = LINE ( 'NONE', #1596, #3496 ) ;
#2267 = DIRECTION ( 'NONE',  ( 0.000000000000000000, 0.000000000000000000, 1.000000000000000000 ) ) ;
#2268 = DIRECTION ( 'NONE',  ( 0.000000000000000000, 0.000000000000000000, -1.000000000000000000 ) ) ;
#2269 = EDGE_LOOP ( 'NONE', ( #302, #871 ) ) ;
#2270 = EDGE_CURVE ( 'NONE', #1460, #2605, #1981, .T. ) ;
#2271 = LINE ( 'NONE', #1972, #3138 ) ;
#2272 = CARTESIAN_POINT ( 'NONE',  ( 1.500000000000000000, 0.000000000000000000, 94.00000000000000000 ) ) ;
#2273 = ORIENTED_EDGE ( 'NONE', *, *, #1856, .T. ) ;
#2274 = EDGE_CURVE ( 'NONE', #2094, #1847, #683, .T. ) ;
#2275 = VERTEX_POINT ( 'NONE', #3274 ) ;
#2276 = EDGE_LOOP ( 'NONE', ( #2674, #1714, #2041, #1439 ) ) ;
#2277 = CARTESIAN_POINT ( 'NONE',  ( 0.000000000000000000, 84.99999999999998579, 100.0000000000000000 ) ) ;
#2278 = ORIENTED_EDGE ( 'NONE', *, *, #1165, .T. ) ;
#2279 = CARTESIAN_POINT ( 'NONE',  ( 2.000000000000000000, 0.000000000000000000, 30.00000000000000000 ) ) ;
#2280 = EDGE_CURVE ( 'NONE', #1156, #1418, #4202, .T. ) ;
#2281 = DIRECTION ( 'NONE',  ( 1.000000000000000000, 0.000000000000000000, -0.000000000000000000 ) ) ;
#2282 = PLANE ( 'NONE',  #1670 ) ;
#2283 = EDGE_LOOP ( 'NONE', ( #3897, #1302 ) ) ;
#2284 = CARTESIAN_POINT ( 'NONE',  ( 0.000000000000000000, 0.000000000000000000, 96.00000000000000000 ) ) ;
#2285 = CARTESIAN_POINT ( 'NONE',  ( -1.500000000000000000, 198.0000000000000000, 0.000000000000000000 ) ) ;
#2286 = DIRECTION ( 'NONE',  ( 1.000000000000000000, 0.000000000000000000, -0.000000000000000000 ) ) ;
#2287 = VERTEX_POINT ( 'NONE', #2019 ) ;
#2288 = AXIS2_PLACEMENT_3D ( 'NONE', #988, #2689, #1729 ) ;
#2289 = EDGE_CURVE ( 'NONE', #1492, #3954, #1696, .T. ) ;
#2290 = LINE ( 'NONE', #3285, #217 ) ;
#2291 = CARTESIAN_POINT ( 'NONE',  ( 2.000000000000000000, 72.09999999999999432, 6.000000000000000000 ) ) ;
#2292 = ORIENTED_EDGE ( 'NONE', *, *, #3226, .F. ) ;
#2293 = VECTOR ( 'NONE', #3801, 1000.000000000000000 ) ;
#2294 = CARTESIAN_POINT ( 'NONE',  ( -2.299999999999999822, 60.00000000000000000, 32.75000000000000000 ) ) ;
#2295 = ORIENTED_EDGE ( 'NONE', *, *, #3271, .T. ) ;
#2296 = AXIS2_PLACEMENT_3D ( 'NONE', #4297, #2696, #680 ) ;
#2297 = ORIENTED_EDGE ( 'NONE', *, *, #3163, .F. ) ;
#2298 = LINE ( 'NONE', #308, #2517 ) ;
#2299 = CIRCLE ( 'NONE', #3202, 1.600000000000000755 ) ;
#2300 = VECTOR ( 'NONE', #3001, 1000.000000000000000 ) ;
#2301 = VECTOR ( 'NONE', #2196, 1000.000000000000000 ) ;
#2302 = ORIENTED_EDGE ( 'NONE', *, *, #3172, .F. ) ;
#2303 = DIRECTION ( 'NONE',  ( 1.000000000000000000, 0.000000000000000000, 0.000000000000000000 ) ) ;
#2304 = VECTOR ( 'NONE', #1562, 1000.000000000000000 ) ;
#2305 = FACE_BOUND ( 'NONE', #3137, .T. ) ;
#2306 = LINE ( 'NONE', #3630, #2859 ) ;
#2307 = ORIENTED_EDGE ( 'NONE', *, *, #3637, .F. ) ;
#2308 = DIRECTION ( 'NONE',  ( -0.000000000000000000, 0.000000000000000000, -1.000000000000000000 ) ) ;
#2309 = DIRECTION ( 'NONE',  ( 0.000000000000000000, 0.000000000000000000, -1.000000000000000000 ) ) ;
#2310 = CARTESIAN_POINT ( 'NONE',  ( -2.000000000000000000, -194.5999999999999943, 6.000000000000000000 ) ) ;
#2311 = ORIENTED_EDGE ( 'NONE', *, *, #3869, .T. ) ;
#2312 = EDGE_CURVE ( 'NONE', #3231, #2611, #2885, .T. ) ;
#2313 = VECTOR ( 'NONE', #3527, 1000.000000000000000 ) ;
#2314 = CARTESIAN_POINT ( 'NONE',  ( 0.000000000000000000, 103.0000000000000142, 104.0000000000000142 ) ) ;
#2315 = LINE ( 'NONE', #2623, #3073 ) ;
#2316 = CARTESIAN_POINT ( 'NONE',  ( -2.299999999999999822, 188.4000000000000057, 24.00000000000000000 ) ) ;
#2317 = ORIENTED_EDGE ( 'NONE', *, *, #4223, .F. ) ;
#2318 = AXIS2_PLACEMENT_3D ( 'NONE', #3647, #3337, #1022 ) ;
#2319 = ORIENTED_EDGE ( 'NONE', *, *, #1497, .F. ) ;
#2320 = VERTEX_POINT ( 'NONE', #2680 ) ;
#2321 = CARTESIAN_POINT ( 'NONE',  ( -2.000000000000000000, -173.0000000000000284, 47.00000000000000000 ) ) ;
#2322 = AXIS2_PLACEMENT_3D ( 'NONE', #2745, #1506, #76 ) ;
#2323 = EDGE_CURVE ( 'NONE', #2472, #4171, #1999, .T. ) ;
#2324 = VERTEX_POINT ( 'NONE', #3293 ) ;
#2325 = FACE_OUTER_BOUND ( 'NONE', #1664, .T. ) ;
#2326 = CARTESIAN_POINT ( 'NONE',  ( 2.000000000000000000, -173.0000000000000284, 44.25000000000000000 ) ) ;
#2327 = ORIENTED_EDGE ( 'NONE', *, *, #2564, .T. ) ;
#2328 = ADVANCED_FACE ( 'NONE', ( #2325 ), #3602, .F. ) ;
#2329 = CARTESIAN_POINT ( 'NONE',  ( 0.000000000000000000, 0.000000000000000000, 24.00000000000000000 ) ) ;
#2330 = DIRECTION ( 'NONE',  ( 0.000000000000000000, -1.000000000000000000, 0.000000000000000000 ) ) ;
#2331 = CARTESIAN_POINT ( 'NONE',  ( -2.299999999999999822, 72.09999999999999432, 7.700000000000000178 ) ) ;
#2332 = LINE ( 'NONE', #58, #1280 ) ;
#2333 = FACE_OUTER_BOUND ( 'NONE', #3556, .T. ) ;
#2334 = CYLINDRICAL_SURFACE ( 'NONE', #3268, 5.100000000000000533 ) ;
#2335 = ADVANCED_FACE ( 'NONE', ( #379 ), #3992, .F. ) ;
#2336 = ORIENTED_EDGE ( 'NONE', *, *, #1459, .F. ) ;
#2337 = ORIENTED_EDGE ( 'NONE', *, *, #636, .F. ) ;
#2338 = CARTESIAN_POINT ( 'NONE',  ( -2.299999999999999822, -72.09999999999999432, 13.75000000000000000 ) ) ;
#2339 = ORIENTED_EDGE ( 'NONE', *, *, #2988, .T. ) ;
#2340 = ORIENTED_EDGE ( 'NONE', *, *, #223, .F. ) ;
#2341 = DIRECTION ( 'NONE',  ( 1.000000000000000000, 0.000000000000000000, -0.000000000000000000 ) ) ;
#2342 = ORIENTED_EDGE ( 'NONE', *, *, #2274, .T. ) ;
#2343 = DIRECTION ( 'NONE',  ( 0.000000000000000000, 0.000000000000000000, -1.000000000000000000 ) ) ;
#2344 = EDGE_CURVE ( 'NONE', #34, #3906, #664, .T. ) ;
#2345 = FACE_BOUND ( 'NONE', #2565, .T. ) ;
#2346 = ORIENTED_EDGE ( 'NONE', *, *, #3774, .T. ) ;
#2347 = DIRECTION ( 'NONE',  ( 0.000000000000000000, 0.000000000000000000, -1.000000000000000000 ) ) ;
#2348 = DIRECTION ( 'NONE',  ( 1.000000000000000000, 0.000000000000000000, 0.000000000000000000 ) ) ;
#2349 = CARTESIAN_POINT ( 'NONE',  ( 0.000000000000000000, -60.00000000000000000, 90.00000000000001421 ) ) ;
#2350 = ORIENTED_EDGE ( 'NONE', *, *, #2113, .F. ) ;
#2351 = EDGE_LOOP ( 'NONE', ( #3273, #1750, #510, #2295 ) ) ;
#2352 = FACE_OUTER_BOUND ( 'NONE', #3390, .T. ) ;
#2353 = LINE ( 'NONE', #369, #1620 ) ;
#2354 = DIRECTION ( 'NONE',  ( 1.000000000000000000, 0.000000000000000000, 0.000000000000000000 ) ) ;
#2355 = CC_DESIGN_DATE_AND_TIME_ASSIGNMENT ( #3080, #4078, ( #1948 ) ) ;
#2356 = ORIENTED_EDGE ( 'NONE', *, *, #4254, .F. ) ;
#2357 = ORIENTED_EDGE ( 'NONE', *, *, #282, .F. ) ;
#2358 = CARTESIAN_POINT ( 'NONE',  ( -1.500000000000000000, 191.5999999999999943, 24.00000000000000000 ) ) ;
#2359 = ORIENTED_EDGE ( 'NONE', *, *, #4301, .F. ) ;
#2360 = VERTEX_POINT ( 'NONE', #295 ) ;
#2361 = CARTESIAN_POINT ( 'NONE',  ( -2.000000000000000000, 193.0000000000000000, 104.0000000000000142 ) ) ;
#2362 = VECTOR ( 'NONE', #2990, 1000.000000000000000 ) ;
#2363 = VECTOR ( 'NONE', #1526, 1000.000000000000000 ) ;
#2364 = ORIENTED_EDGE ( 'NONE', *, *, #578, .F. ) ;
#2365 = DIRECTION ( 'NONE',  ( -1.000000000000000000, -0.000000000000000000, 0.000000000000000000 ) ) ;
#2366 = CARTESIAN_POINT ( 'NONE',  ( 0.000000000000000000, 114.9999999999999858, 90.00000000000000000 ) ) ;
#2367 = LINE ( 'NONE', #711, #290 ) ;
#2368 = ORIENTED_EDGE ( 'NONE', *, *, #1279, .F. ) ;
#2369 = AXIS2_PLACEMENT_3D ( 'NONE', #548, #197, #1543 ) ;
#2370 = ADVANCED_FACE ( 'NONE', ( #310 ), #4284, .T. ) ;
#2371 = AXIS2_PLACEMENT_3D ( 'NONE', #2824, #2844, #3095 ) ;
#2372 = VECTOR ( 'NONE', #2204, 1000.000000000000000 ) ;
#2373 = CARTESIAN_POINT ( 'NONE',  ( 2.000000000000000000, -173.0000000000000284, 47.00000000000000000 ) ) ;
#2374 = LINE ( 'NONE', #2636, #1903 ) ;
#2375 = VECTOR ( 'NONE', #794, 1000.000000000000000 ) ;
#2376 = CARTESIAN_POINT ( 'NONE',  ( 2.000000000000000000, 190.0000000000000000, 22.39999999999999858 ) ) ;
#2377 = EDGE_CURVE ( 'NONE', #2625, #1454, #2123, .T. ) ;
#2378 = AXIS2_PLACEMENT_3D ( 'NONE', #87, #1430, #3722 ) ;
#2379 = VERTEX_POINT ( 'NONE', #3313 ) ;
#2380 = DIRECTION ( 'NONE',  ( 0.000000000000000000, 0.000000000000000000, -1.000000000000000000 ) ) ;
#2381 = CARTESIAN_POINT ( 'NONE',  ( -2.299999999999999822, -61.25000000000000000, 13.75000000000000000 ) ) ;
#2382 = DIRECTION ( 'NONE',  ( -1.000000000000000000, -0.000000000000000000, 0.000000000000000000 ) ) ;
#2383 = ORIENTED_EDGE ( 'NONE', *, *, #256, .T. ) ;
#2384 = VECTOR ( 'NONE', #1293, 1000.000000000000000 ) ;
#2385 = EDGE_CURVE ( 'NONE', #3643, #2030, #1305, .T. ) ;
#2386 = ORIENTED_EDGE ( 'NONE', *, *, #1839, .T. ) ;
#2387 = LINE ( 'NONE', #2338, #2362 ) ;
#2388 = PLANE ( 'NONE',  #562 ) ;
#2389 = VERTEX_POINT ( 'NONE', #329 ) ;
#2390 = CARTESIAN_POINT ( 'NONE',  ( -2.000000000000000000, 72.09999999999999432, 16.00000000000000000 ) ) ;
#2391 = VECTOR ( 'NONE', #2983, 1000.000000000000000 ) ;
#2392 = ORIENTED_EDGE ( 'NONE', *, *, #1578, .F. ) ;
#2393 = CARTESIAN_POINT ( 'NONE',  ( 0.000000000000000000, 154.0000000000000000, 90.00000000000000000 ) ) ;
#2394 = CARTESIAN_POINT ( 'NONE',  ( -2.000000000000000000, 60.00000000000000000, 30.00000000000000000 ) ) ;
#2395 = AXIS2_PLACEMENT_3D ( 'NONE', #1164, #2488, #1183 ) ;
#2396 = LINE ( 'NONE', #33, #2105 ) ;
#2397 = CARTESIAN_POINT ( 'NONE',  ( 2.000000000000000000, -184.0000000000000000, 90.00000000000001421 ) ) ;
#2398 = EDGE_CURVE ( 'NONE', #2712, #312, #1373, .T. ) ;
#2399 = CARTESIAN_POINT ( 'NONE',  ( 0.000000000000000000, 0.000000000000000000, 0.000000000000000000 ) ) ;
#2400 = DIRECTION ( 'NONE',  ( 1.000000000000000000, 0.000000000000000000, 0.000000000000000000 ) ) ;
#2401 = DIRECTION ( 'NONE',  ( 1.000000000000000000, 0.000000000000000000, 0.000000000000000000 ) ) ;
#2402 = ORIENTED_EDGE ( 'NONE', *, *, #3311, .T. ) ;
#2403 = CARTESIAN_POINT ( 'NONE',  ( -2.299999999999999822, 60.00000000000000000, 30.00000000000000000 ) ) ;
#2404 = CARTESIAN_POINT ( 'NONE',  ( -2.000000000000000000, -184.0000000000000000, 24.00000000000000000 ) ) ;
#2405 = EDGE_CURVE ( 'NONE', #634, #3175, #353, .T. ) ;
#2406 = LINE ( 'NONE', #2316, #2587 ) ;
#2407 = EDGE_LOOP ( 'NONE', ( #1231, #2319 ) ) ;
#2408 = VERTEX_POINT ( 'NONE', #2699 ) ;
#2409 = CALENDAR_DATE ( 2026, 26, 8 ) ;
#2410 = CARTESIAN_POINT ( 'NONE',  ( -2.000000000000000000, 71.53256259467079303, 24.00000000000000000 ) ) ;
#2411 = EDGE_LOOP ( 'NONE', ( #1737, #3306, #3421, #2884 ) ) ;
#2412 = DIRECTION ( 'NONE',  ( -1.000000000000000000, 0.000000000000000000, 0.000000000000000000 ) ) ;
#2413 = ADVANCED_FACE ( 'NONE', ( #709 ), #2043, .F. ) ;
#2414 = VERTEX_POINT ( 'NONE', #3084 ) ;
#2415 = CARTESIAN_POINT ( 'NONE',  ( -1.500000000000000000, 145.0000000000000000, 92.00000000000000000 ) ) ;
#2416 = DIRECTION ( 'NONE',  ( 0.000000000000000000, 0.000000000000000000, -1.000000000000000000 ) ) ;
#2417 = FACE_OUTER_BOUND ( 'NONE', #3943, .T. ) ;
#2418 = CARTESIAN_POINT ( 'NONE',  ( 1.500000000000000000, 71.53256259467079303, 24.00000000000000000 ) ) ;
#2419 = EDGE_CURVE ( 'NONE', #1319, #1347, #3103, .T. ) ;
#2420 = CARTESIAN_POINT ( 'NONE',  ( -1.500000000000000000, 0.000000000000000000, 24.00000000000000000 ) ) ;
#2421 = CARTESIAN_POINT ( 'NONE',  ( 1.500000000000000000, -184.0000000000000000, 53.92820323027554252 ) ) ;
#2422 = ORIENTED_EDGE ( 'NONE', *, *, #86, .T. ) ;
#2423 = CARTESIAN_POINT ( 'NONE',  ( 2.000000000000000000, -72.09999999999999432, 6.000000000000000000 ) ) ;
#2424 = FACE_OUTER_BOUND ( 'NONE', #3745, .T. ) ;
#2425 = DIRECTION ( 'NONE',  ( 1.000000000000000000, 0.000000000000000000, -0.000000000000000000 ) ) ;
#2426 = ORIENTED_EDGE ( 'NONE', *, *, #1751, .F. ) ;
#2427 = EDGE_CURVE ( 'NONE', #3642, #875, #367, .T. ) ;
#2428 = ORIENTED_EDGE ( 'NONE', *, *, #2955, .T. ) ;
#2429 = CARTESIAN_POINT ( 'NONE',  ( -1.500000000000000000, 85.00000000000000000, 90.00000000000000000 ) ) ;
#2430 = ORIENTED_EDGE ( 'NONE', *, *, #970, .T. ) ;
#2431 = DIRECTION ( 'NONE',  ( 1.000000000000000000, 0.000000000000000000, 0.000000000000000000 ) ) ;
#2432 = EDGE_LOOP ( 'NONE', ( #1021, #1343, #4218, #1939 ) ) ;
#2433 = DIRECTION ( 'NONE',  ( 1.000000000000000000, 0.000000000000000000, -0.000000000000000000 ) ) ;
#2434 = CYLINDRICAL_SURFACE ( 'NONE', #1547, 1.700000000000000178 ) ;
#2435 = LINE ( 'NONE', #1840, #4027 ) ;
#2436 = EDGE_LOOP ( 'NONE', ( #2498, #426 ) ) ;
#2437 = AXIS2_PLACEMENT_3D ( 'NONE', #2220, #3908, #2502 ) ;
#2438 = ADVANCED_FACE ( 'NONE', ( #1069 ), #3121, .F. ) ;
#2439 = LINE ( 'NONE', #2159, #1753 ) ;
#2440 = CARTESIAN_POINT ( 'NONE',  ( -2.000000000000000000, 145.0000000000000000, 100.0000000000000000 ) ) ;
#2441 = VECTOR ( 'NONE', #2042, 1000.000000000000000 ) ;
#2442 = ORIENTED_EDGE ( 'NONE', *, *, #628, .F. ) ;
#2443 = AXIS2_PLACEMENT_3D ( 'NONE', #2167, #106, #1451 ) ;
#2444 = DIRECTION ( 'NONE',  ( 0.000000000000000000, -1.000000000000000000, 0.000000000000000000 ) ) ;
#2445 = ORIENTED_EDGE ( 'NONE', *, *, #1873, .F. ) ;
#2446 = DIRECTION ( 'NONE',  ( 0.000000000000000000, 0.000000000000000000, 1.000000000000000000 ) ) ;
#2447 = DIRECTION ( 'NONE',  ( 1.000000000000000000, 0.000000000000000000, 0.000000000000000000 ) ) ;
#2448 = CARTESIAN_POINT ( 'NONE',  ( 2.000000000000000000, -173.0000000000000284, 47.00000000000000000 ) ) ;
#2449 = AXIS2_PLACEMENT_3D ( 'NONE', #1909, #3223, #2907 ) ;
#2450 = EDGE_LOOP ( 'NONE', ( #1962, #1924, #742, #2346 ) ) ;
#2451 = EDGE_CURVE ( 'NONE', #4260, #2084, #2819, .T. ) ;
#2452 = CIRCLE ( 'NONE', #1134, 2.000000000000001776 ) ;
#2453 = ORIENTED_EDGE ( 'NONE', *, *, #1793, .T. ) ;
#2454 = DATE_AND_TIME ( #2780, #1192 ) ;
#2455 = CARTESIAN_POINT ( 'NONE',  ( -1.500000000000000000, -60.00000000000000000, 90.00000000000001421 ) ) ;
#2456 = AXIS2_PLACEMENT_3D ( 'NONE', #3588, #2701, #2068 ) ;
#2457 = ORIENTED_EDGE ( 'NONE', *, *, #3885, .F. ) ;
#2458 = DIRECTION ( 'NONE',  ( 1.000000000000000000, 0.000000000000000000, 0.000000000000000000 ) ) ;
#2459 = ORIENTED_EDGE ( 'NONE', *, *, #2692, .T. ) ;
#2460 = CARTESIAN_POINT ( 'NONE',  ( -2.299999999999999822, 193.0000000000000000, 92.00000000000000000 ) ) ;
#2461 = LINE ( 'NONE', #2484, #1334 ) ;
#2462 = DIRECTION ( 'NONE',  ( 0.000000000000000000, 0.000000000000000000, -1.000000000000000000 ) ) ;
#2463 = ADVANCED_FACE ( 'NONE', ( #776 ), #2785, .F. ) ;
#2464 = AXIS2_PLACEMENT_3D ( 'NONE', #755, #3803, #3385 ) ;
#2465 = CARTESIAN_POINT ( 'NONE',  ( 2.000000000000000000, 163.0000000000000000, 104.0000000000000142 ) ) ;
#2466 = CARTESIAN_POINT ( 'NONE',  ( 2.000000000000000000, 193.0000000000000000, 104.0000000000000142 ) ) ;
#2467 = AXIS2_PLACEMENT_3D ( 'NONE', #4269, #1580, #621 ) ;
#2468 = DIRECTION ( 'NONE',  ( 0.000000000000000000, 0.000000000000000000, -1.000000000000000000 ) ) ;
#2469 = EDGE_CURVE ( 'NONE', #922, #2671, #490, .T. ) ;
#2470 = AXIS2_PLACEMENT_3D ( 'NONE', #2415, #1770, #4084 ) ;
#2471 = CARTESIAN_POINT ( 'NONE',  ( 2.000000000000000000, 175.0000000000000284, 104.0000000000000142 ) ) ;
#2472 = VERTEX_POINT ( 'NONE', #95 ) ;
#2473 = DIRECTION ( 'NONE',  ( -0.000000000000000000, 0.000000000000000000, -1.000000000000000000 ) ) ;
#2474 = DIRECTION ( 'NONE',  ( 1.000000000000000000, 0.000000000000000000, 0.000000000000000000 ) ) ;
#2475 = LINE ( 'NONE', #809, #3406 ) ;
#2476 = ORIENTED_EDGE ( 'NONE', *, *, #3182, .F. ) ;
#2477 = ORIENTED_EDGE ( 'NONE', *, *, #1703, .T. ) ;
#2478 = ADVANCED_FACE ( 'NONE', ( #2765 ), #4134, .F. ) ;
#2479 = DIRECTION ( 'NONE',  ( 0.000000000000000000, 0.000000000000000000, 1.000000000000000000 ) ) ;
#2480 = ORIENTED_EDGE ( 'NONE', *, *, #3241, .F. ) ;
#2481 = CARTESIAN_POINT ( 'NONE',  ( 2.000000000000000000, 0.000000000000000000, 0.000000000000000000 ) ) ;
#2482 = VERTEX_POINT ( 'NONE', #3731 ) ;
#2483 = DIRECTION ( 'NONE',  ( 1.000000000000000000, 0.000000000000000000, 0.000000000000000000 ) ) ;
#2484 = CARTESIAN_POINT ( 'NONE',  ( 2.000000000000000000, -60.00000000000000000, 18.00000000000000355 ) ) ;
#2485 = CARTESIAN_POINT ( 'NONE',  ( -2.299999999999999822, 191.5999999999999943, 24.00000000000000000 ) ) ;
#2486 = EDGE_CURVE ( 'NONE', #1651, #294, #750, .T. ) ;
#2487 = LINE ( 'NONE', #3107, #1961 ) ;
#2488 = DIRECTION ( 'NONE',  ( 1.000000000000000000, 0.000000000000000000, -0.000000000000000000 ) ) ;
#2489 = CYLINDRICAL_SURFACE ( 'NONE', #3953, 2.250000000000000444 ) ;
#2490 = DIRECTION ( 'NONE',  ( 0.000000000000000000, 0.000000000000000000, -1.000000000000000000 ) ) ;
#2491 = DIRECTION ( 'NONE',  ( 0.000000000000000000, 0.000000000000000000, -1.000000000000000000 ) ) ;
#2492 = CARTESIAN_POINT ( 'NONE',  ( -1.500000000000000000, 103.0000000000000142, 94.00000000000000000 ) ) ;
#2493 = LINE ( 'NONE', #3466, #1894 ) ;
#2494 = ORIENTED_EDGE ( 'NONE', *, *, #3822, .T. ) ;
#2495 = ORIENTED_EDGE ( 'NONE', *, *, #319, .F. ) ;
#2496 = PERSON_AND_ORGANIZATION ( #2158, #1116 ) ;
#2497 = CARTESIAN_POINT ( 'NONE',  ( 0.000000000000000000, 0.000000000000000000, 24.00000000000000000 ) ) ;
#2498 = ORIENTED_EDGE ( 'NONE', *, *, #3584, .F. ) ;
#2499 = CARTESIAN_POINT ( 'NONE',  ( -2.000000000000000000, 0.000000000000000000, 24.00000000000000000 ) ) ;
#2500 = VERTEX_POINT ( 'NONE', #468 ) ;
#2501 = LINE ( 'NONE', #2180, #1676 ) ;
#2502 = DIRECTION ( 'NONE',  ( 0.000000000000000000, 0.000000000000000000, 1.000000000000000000 ) ) ;
#2503 = ADVANCED_FACE ( 'NONE', ( #2812 ), #3148, .T. ) ;
#2504 = DIRECTION ( 'NONE',  ( 0.000000000000000000, 0.000000000000000000, 1.000000000000000000 ) ) ;
#2505 = PLANE ( 'NONE',  #2464 ) ;
#2506 = EDGE_LOOP ( 'NONE', ( #2616, #1836, #3841, #1177 ) ) ;
#2507 = VECTOR ( 'NONE', #2165, 1000.000000000000000 ) ;
#2508 = ADVANCED_FACE ( 'NONE', ( #4039 ), #1159, .F. ) ;
#2509 = FACE_OUTER_BOUND ( 'NONE', #3843, .T. ) ;
#2510 = VECTOR ( 'NONE', #756, 1000.000000000000000 ) ;
#2511 = DIRECTION ( 'NONE',  ( 0.000000000000000000, 0.000000000000000000, -1.000000000000000000 ) ) ;
#2512 = DIRECTION ( 'NONE',  ( 1.000000000000000000, 0.000000000000000000, -0.000000000000000000 ) ) ;
#2513 = ORIENTED_EDGE ( 'NONE', *, *, #3051, .T. ) ;
#2514 = ADVANCED_FACE ( 'NONE', ( #818 ), #2155, .F. ) ;
#2515 = CIRCLE ( 'NONE', #2722, 13.00000000000000178 ) ;
#2516 = AXIS2_PLACEMENT_3D ( 'NONE', #3996, #1163, #1842 ) ;
#2517 = VECTOR ( 'NONE', #997, 1000.000000000000000 ) ;
#2518 = AXIS2_PLACEMENT_3D ( 'NONE', #849, #2531, #2183 ) ;
#2519 = ORIENTED_EDGE ( 'NONE', *, *, #2129, .T. ) ;
#2520 = AXIS2_PLACEMENT_3D ( 'NONE', #2310, #3635, #37 ) ;
#2521 = VECTOR ( 'NONE', #3784, 1000.000000000000000 ) ;
#2522 = DIRECTION ( 'NONE',  ( 1.000000000000000000, 0.000000000000000000, -0.000000000000000000 ) ) ;
#2523 = EDGE_LOOP ( 'NONE', ( #1537, #4060, #1149, #2442 ) ) ;
#2524 = CARTESIAN_POINT ( 'NONE',  ( -2.000000000000000000, 61.25000000000000000, 16.00000000000000000 ) ) ;
#2525 = EDGE_CURVE ( 'NONE', #3245, #3954, #1005, .T. ) ;
#2526 = CIRCLE ( 'NONE', #2242, 2.000000000000001776 ) ;
#2527 = ORIENTED_EDGE ( 'NONE', *, *, #2002, .T. ) ;
#2528 = CYLINDRICAL_SURFACE ( 'NONE', #840, 2.000000000000001776 ) ;
#2529 = DIRECTION ( 'NONE',  ( 0.000000000000000000, 0.000000000000000000, -1.000000000000000000 ) ) ;
#2530 = AXIS2_PLACEMENT_3D ( 'NONE', #3252, #2943, #2906 ) ;
#2531 = DIRECTION ( 'NONE',  ( -1.000000000000000000, -0.000000000000000000, -0.000000000000000000 ) ) ;
#2532 = DIRECTION ( 'NONE',  ( 0.000000000000000000, 0.000000000000000000, -1.000000000000000000 ) ) ;
#2533 = EDGE_CURVE ( 'NONE', #3181, #4032, #1419, .T. ) ;
#2534 = EDGE_LOOP ( 'NONE', ( #2022, #679, #2603, #2914 ) ) ;
#2535 = AXIS2_PLACEMENT_3D ( 'NONE', #1747, #1511, #3072 ) ;
#2536 = CIRCLE ( 'NONE', #3353, 2.250000000000000444 ) ;
#2537 = DIRECTION ( 'NONE',  ( 0.000000000000000000, 0.000000000000000000, 1.000000000000000000 ) ) ;
#2538 = DIRECTION ( 'NONE',  ( 1.000000000000000000, 0.000000000000000000, 0.000000000000000000 ) ) ;
#2539 = ORIENTED_EDGE ( 'NONE', *, *, #3590, .T. ) ;
#2540 = DIRECTION ( 'NONE',  ( 0.000000000000000000, 1.000000000000000000, 0.000000000000000000 ) ) ;
#2541 = CARTESIAN_POINT ( 'NONE',  ( -2.000000000000000000, 0.000000000000000000, 24.00000000000000000 ) ) ;
#2542 = AXIS2_PLACEMENT_3D ( 'NONE', #3523, #1877, #2975 ) ;
#2543 = EDGE_LOOP ( 'NONE', ( #42, #357, #4193, #3705 ) ) ;
#2544 = ORIENTED_EDGE ( 'NONE', *, *, #2545, .F. ) ;
#2545 = EDGE_CURVE ( 'NONE', #4291, #2808, #3574, .T. ) ;
#2546 = DIRECTION ( 'NONE',  ( 0.000000000000000000, 0.000000000000000000, 1.000000000000000000 ) ) ;
#2547 = ORIENTED_EDGE ( 'NONE', *, *, #1476, .F. ) ;
#2548 = FACE_OUTER_BOUND ( 'NONE', #3289, .T. ) ;
#2549 = ORIENTED_EDGE ( 'NONE', *, *, #3864, .T. ) ;
#2550 = CARTESIAN_POINT ( 'NONE',  ( -2.000000000000000000, -72.09999999999999432, 16.00000000000000000 ) ) ;
#2551 = EDGE_CURVE ( 'NONE', #3032, #2752, #1571, .T. ) ;
#2552 = ORIENTED_EDGE ( 'NONE', *, *, #2904, .T. ) ;
#2553 = DIRECTION ( 'NONE',  ( 0.000000000000000000, 0.000000000000000000, 1.000000000000000000 ) ) ;
#2554 = DIRECTION ( 'NONE',  ( -1.000000000000000000, -0.000000000000000000, 0.000000000000000000 ) ) ;
#2555 = DIRECTION ( 'NONE',  ( 0.000000000000000000, -1.000000000000000000, -0.000000000000000000 ) ) ;
#2556 = VERTEX_POINT ( 'NONE', #1790 ) ;
#2557 = EDGE_CURVE ( 'NONE', #3535, #103, #1920, .T. ) ;
#2558 = DIRECTION ( 'NONE',  ( 0.000000000000000000, 0.000000000000000000, -1.000000000000000000 ) ) ;
#2559 = CARTESIAN_POINT ( 'NONE',  ( -2.000000000000000000, -198.0000000000000000, 24.00000000000000000 ) ) ;
#2560 = EDGE_LOOP ( 'NONE', ( #1188, #4206 ) ) ;
#2561 = CARTESIAN_POINT ( 'NONE',  ( 2.000000000000000000, -61.25000000000000000, 6.000000000000000000 ) ) ;
#2562 = CARTESIAN_POINT ( 'NONE',  ( 2.000000000000000000, 72.09999999999999432, 16.00000000000000000 ) ) ;
#2563 = VERTEX_POINT ( 'NONE', #1225 ) ;
#2564 = EDGE_CURVE ( 'NONE', #1524, #2965, #165, .T. ) ;
#2565 = EDGE_LOOP ( 'NONE', ( #1944, #1932 ) ) ;
#2566 = DIRECTION ( 'NONE',  ( 0.000000000000000000, 1.000000000000000000, 0.000000000000000000 ) ) ;
#2567 = ORIENTED_EDGE ( 'NONE', *, *, #867, .T. ) ;
#2568 = EDGE_CURVE ( 'NONE', #2122, #690, #723, .T. ) ;
#2569 = ORIENTED_EDGE ( 'NONE', *, *, #2280, .F. ) ;
#2570 = ORIENTED_EDGE ( 'NONE', *, *, #113, .T. ) ;
#2571 = FACE_BOUND ( 'NONE', #1957, .T. ) ;
#2572 = DIRECTION ( 'NONE',  ( 0.000000000000000000, 0.000000000000000000, -1.000000000000000000 ) ) ;
#2573 = CARTESIAN_POINT ( 'NONE',  ( -2.000000000000000000, 210.0000000000000000, 0.000000000000000000 ) ) ;
#2574 = EDGE_LOOP ( 'NONE', ( #3987, #1014, #221, #1004 ) ) ;
#2575 = EDGE_CURVE ( 'NONE', #4106, #642, #844, .T. ) ;
#2576 = DIRECTION ( 'NONE',  ( 0.000000000000000000, 0.000000000000000000, -1.000000000000000000 ) ) ;
#2577 = CARTESIAN_POINT ( 'NONE',  ( 0.000000000000000000, -184.0000000000000000, 18.00000000000000355 ) ) ;
#2578 = CARTESIAN_POINT ( 'NONE',  ( -1.500000000000000000, 0.000000000000000000, 0.000000000000000000 ) ) ;
#2579 = VECTOR ( 'NONE', #51, 1000.000000000000000 ) ;
#2580 = ORIENTED_EDGE ( 'NONE', *, *, #4176, .F. ) ;
#2581 = CIRCLE ( 'NONE', #618, 1.600000000000000755 ) ;
#2582 = ORIENTED_EDGE ( 'NONE', *, *, #821, .F. ) ;
#2583 = DIRECTION ( 'NONE',  ( 0.000000000000000000, 0.000000000000000000, 1.000000000000000000 ) ) ;
#2584 = EDGE_CURVE ( 'NONE', #3907, #34, #964, .T. ) ;
#2585 = EDGE_LOOP ( 'NONE', ( #1987, #2494, #349, #161 ) ) ;
#2586 = VECTOR ( 'NONE', #644, 1000.000000000000000 ) ;
#2587 = VECTOR ( 'NONE', #1406, 1000.000000000000000 ) ;
#2588 = CIRCLE ( 'NONE', #697, 2.000000000000001776 ) ;
#2589 = EDGE_LOOP ( 'NONE', ( #3766, #1453, #2239, #4166 ) ) ;
#2590 = ORIENTED_EDGE ( 'NONE', *, *, #3534, .T. ) ;
#2591 = LINE ( 'NONE', #3581, #2363 ) ;
#2592 = CIRCLE ( 'NONE', #80, 1.600000000000000755 ) ;
#2593 = DIRECTION ( 'NONE',  ( 0.000000000000000000, 0.000000000000000000, -1.000000000000000000 ) ) ;
#2594 = DIRECTION ( 'NONE',  ( 0.000000000000000000, 0.000000000000000000, -1.000000000000000000 ) ) ;
#2595 = EDGE_CURVE ( 'NONE', #1916, #4209, #633, .T. ) ;
#2596 = AXIS2_PLACEMENT_3D ( 'NONE', #919, #3572, #586 ) ;
#2597 = ORIENTED_EDGE ( 'NONE', *, *, #3668, .F. ) ;
#2598 = LINE ( 'NONE', #1291, #364 ) ;
#2599 = DIRECTION ( 'NONE',  ( 0.000000000000000000, 0.000000000000000000, -1.000000000000000000 ) ) ;
#2600 = DIRECTION ( 'NONE',  ( -1.000000000000000000, -0.000000000000000000, 0.000000000000000000 ) ) ;
#2601 = DIRECTION ( 'NONE',  ( -0.000000000000000000, 1.000000000000000000, 0.000000000000000000 ) ) ;
#2602 = ADVANCED_FACE ( 'NONE', ( #3595 ), #2528, .F. ) ;
#2603 = ORIENTED_EDGE ( 'NONE', *, *, #2650, .F. ) ;
#2604 = CIRCLE ( 'NONE', #4266, 1.700000000000000178 ) ;
#2605 = VERTEX_POINT ( 'NONE', #3846 ) ;
#2606 = AXIS2_PLACEMENT_3D ( 'NONE', #473, #1491, #1425 ) ;
#2607 = DIRECTION ( 'NONE',  ( 1.000000000000000000, 0.000000000000000000, -0.000000000000000000 ) ) ;
#2608 = ORIENTED_EDGE ( 'NONE', *, *, #24, .T. ) ;
#2609 = ADVANCED_FACE ( 'NONE', ( #3519 ), #163, .T. ) ;
#2610 = ORIENTED_EDGE ( 'NONE', *, *, #1809, .F. ) ;
#2611 = VERTEX_POINT ( 'NONE', #1627 ) ;
#2612 = DIRECTION ( 'NONE',  ( -1.000000000000000000, -0.000000000000000000, 0.000000000000000000 ) ) ;
#2613 = VERTEX_POINT ( 'NONE', #2877 ) ;
#2614 = DIRECTION ( 'NONE',  ( -1.000000000000000000, -0.000000000000000000, 0.000000000000000000 ) ) ;
#2615 = FACE_BOUND ( 'NONE', #3, .T. ) ;
#2616 = ORIENTED_EDGE ( 'NONE', *, *, #729, .F. ) ;
#2617 = EDGE_CURVE ( 'NONE', #3707, #4026, #4294, .T. ) ;
#2618 = LINE ( 'NONE', #1212, #3778 ) ;
#2619 = PLANE ( 'NONE',  #2182 ) ;
#2620 = DIRECTION ( 'NONE',  ( 0.000000000000000000, -1.000000000000000000, 0.000000000000000000 ) ) ;
#2621 = CARTESIAN_POINT ( 'NONE',  ( 2.000000000000000000, 0.000000000000000000, 96.00000000000000000 ) ) ;
#2622 = ORIENTED_EDGE ( 'NONE', *, *, #4264, .F. ) ;
#2623 = CARTESIAN_POINT ( 'NONE',  ( -2.299999999999999822, 0.000000000000000000, 27.25000000000000000 ) ) ;
#2624 = DIRECTION ( 'NONE',  ( -1.000000000000000000, -0.000000000000000000, 0.000000000000000000 ) ) ;
#2625 = VERTEX_POINT ( 'NONE', #2949 ) ;
#2626 = EDGE_CURVE ( 'NONE', #2947, #23, #4199, .T. ) ;
#2627 = VERTEX_POINT ( 'NONE', #3187 ) ;
#2628 = DIRECTION ( 'NONE',  ( 1.000000000000000000, 0.000000000000000000, -0.000000000000000000 ) ) ;
#2629 = EDGE_LOOP ( 'NONE', ( #3056, #2893, #3798, #3320 ) ) ;
#2630 = DIRECTION ( 'NONE',  ( 1.000000000000000000, 0.000000000000000000, 0.000000000000000000 ) ) ;
#2631 = DIRECTION ( 'NONE',  ( 0.000000000000000000, -1.000000000000000000, 0.000000000000000000 ) ) ;
#2632 = DIRECTION ( 'NONE',  ( 1.000000000000000000, 0.000000000000000000, -0.000000000000000000 ) ) ;
#2633 = EDGE_CURVE ( 'NONE', #3936, #3872, #1329, .T. ) ;
#2634 = ORIENTED_EDGE ( 'NONE', *, *, #4223, .T. ) ;
#2635 = DIRECTION ( 'NONE',  ( -1.000000000000000000, -0.000000000000000000, 0.000000000000000000 ) ) ;
#2636 = CARTESIAN_POINT ( 'NONE',  ( 1.500000000000000000, -184.0000000000000000, 0.000000000000000000 ) ) ;
#2637 = DIRECTION ( 'NONE',  ( 1.000000000000000000, 0.000000000000000000, 0.000000000000000000 ) ) ;
#2638 = EDGE_CURVE ( 'NONE', #1615, #331, #140, .T. ) ;
#2639 = ORIENTED_EDGE ( 'NONE', *, *, #1045, .F. ) ;
#2640 = CARTESIAN_POINT ( 'NONE',  ( 0.000000000000000000, -184.0000000000000000, 24.00000000000000000 ) ) ;
#2641 = VECTOR ( 'NONE', #725, 1000.000000000000000 ) ;
#2642 = DIRECTION ( 'NONE',  ( 1.000000000000000000, 0.000000000000000000, -0.000000000000000000 ) ) ;
#2643 = EDGE_CURVE ( 'NONE', #2259, #2500, #2095, .T. ) ;
#2644 = CARTESIAN_POINT ( 'NONE',  ( -2.000000000000000000, -61.25000000000000000, 4.299999999999999822 ) ) ;
#2645 = ORIENTED_EDGE ( 'NONE', *, *, #372, .T. ) ;
#2646 = VECTOR ( 'NONE', #2089, 1000.000000000000000 ) ;
#2647 = AXIS2_PLACEMENT_3D ( 'NONE', #1871, #158, #486 ) ;
#2648 = VERTEX_POINT ( 'NONE', #2644 ) ;
#2649 = CARTESIAN_POINT ( 'NONE',  ( 2.000000000000000000, 202.0000000000000000, 24.00000000000000000 ) ) ;
#2650 = EDGE_CURVE ( 'NONE', #1530, #965, #1858, .T. ) ;
#2651 = VECTOR ( 'NONE', #1473, 1000.000000000000000 ) ;
#2652 = VECTOR ( 'NONE', #1746, 1000.000000000000000 ) ;
#2653 = AXIS2_PLACEMENT_3D ( 'NONE', #751, #3381, #2416 ) ;
#2654 = AXIS2_PLACEMENT_3D ( 'NONE', #3242, #4253, #3958 ) ;
#2655 = VERTEX_POINT ( 'NONE', #491 ) ;
#2656 = DIRECTION ( 'NONE',  ( 0.000000000000000000, 0.000000000000000000, 1.000000000000000000 ) ) ;
#2657 = VECTOR ( 'NONE', #2601, 1000.000000000000000 ) ;
#2658 = FACE_OUTER_BOUND ( 'NONE', #2450, .T. ) ;
#2659 = ORIENTED_EDGE ( 'NONE', *, *, #2778, .F. ) ;
#2660 = AXIS2_PLACEMENT_3D ( 'NONE', #1121, #2056, #2735 ) ;
#2661 = ADVANCED_FACE ( 'NONE', ( #3149 ), #1874, .F. ) ;
#2662 = CARTESIAN_POINT ( 'NONE',  ( 1.500000000000000000, 133.0000000000000000, 94.00000000000000000 ) ) ;
#2663 = AXIS2_PLACEMENT_3D ( 'NONE', #333, #2027, #1332 ) ;
#2664 = DIRECTION ( 'NONE',  ( 1.000000000000000000, 0.000000000000000000, -0.000000000000000000 ) ) ;
#2665 = CARTESIAN_POINT ( 'NONE',  ( -2.000000000000000000, 61.25000000000000000, 16.00000000000000000 ) ) ;
#2666 = CARTESIAN_POINT ( 'NONE',  ( -2.299999999999999822, -188.4000000000000057, 24.00000000000000000 ) ) ;
#2667 = CARTESIAN_POINT ( 'NONE',  ( 0.000000000000000000, -210.0000000000000000, 108.0000000000000000 ) ) ;
#2668 = ORIENTED_EDGE ( 'NONE', *, *, #381, .T. ) ;
#2669 = EDGE_CURVE ( 'NONE', #4183, #331, #2501, .T. ) ;
#2670 = VECTOR ( 'NONE', #1861, 1000.000000000000000 ) ;
#2671 = VERTEX_POINT ( 'NONE', #182 ) ;
#2672 = CARTESIAN_POINT ( 'NONE',  ( -1.500000000000000000, 145.0000000000000000, 90.00000000000000000 ) ) ;
#2673 = VECTOR ( 'NONE', #4092, 1000.000000000000000 ) ;
#2674 = ORIENTED_EDGE ( 'NONE', *, *, #1053, .T. ) ;
#2675 = ORIENTED_EDGE ( 'NONE', *, *, #2643, .F. ) ;
#2676 = CARTESIAN_POINT ( 'NONE',  ( -2.000000000000000000, -184.0000000000000000, 90.00000000000001421 ) ) ;
#2677 = AXIS2_PLACEMENT_3D ( 'NONE', #3380, #115, #399 ) ;
#2678 = ADVANCED_FACE ( 'NONE', ( #1525 ), #4173, .F. ) ;
#2679 = VERTEX_POINT ( 'NONE', #4313 ) ;
#2680 = CARTESIAN_POINT ( 'NONE',  ( 2.000000000000000000, -194.5999999999999943, 18.25000000000000355 ) ) ;
#2681 = CARTESIAN_POINT ( 'NONE',  ( 1.500000000000000000, 103.0000000000000142, 94.00000000000000000 ) ) ;
#2682 = EDGE_LOOP ( 'NONE', ( #569, #3813, #3691, #3451 ) ) ;
#2683 = PLANE ( 'NONE',  #2516 ) ;
#2684 = FACE_OUTER_BOUND ( 'NONE', #1671, .T. ) ;
#2685 = CARTESIAN_POINT ( 'NONE',  ( -2.000000000000000000, -170.0000000000000000, 70.75000000000001421 ) ) ;
#2686 = ORIENTED_EDGE ( 'NONE', *, *, #4098, .T. ) ;
#2687 = ADVANCED_FACE ( 'NONE', ( #2010 ), #3657, .F. ) ;
#2688 = DIRECTION ( 'NONE',  ( 1.000000000000000000, 0.000000000000000000, 0.000000000000000000 ) ) ;
#2689 = DIRECTION ( 'NONE',  ( 1.000000000000000000, 0.000000000000000000, 0.000000000000000000 ) ) ;
#2690 = DIRECTION ( 'NONE',  ( 1.000000000000000000, 0.000000000000000000, -0.000000000000000000 ) ) ;
#2691 = VERTEX_POINT ( 'NONE', #341 ) ;
#2692 = EDGE_CURVE ( 'NONE', #1492, #100, #283, .T. ) ;
#2693 = VERTEX_POINT ( 'NONE', #2710 ) ;
#2694 = DIRECTION ( 'NONE',  ( 1.000000000000000000, 0.000000000000000000, 0.000000000000000000 ) ) ;
#2695 = ORIENTED_EDGE ( 'NONE', *, *, #3366, .F. ) ;
#2696 = DIRECTION ( 'NONE',  ( -1.000000000000000000, -0.000000000000000000, 0.000000000000000000 ) ) ;
#2697 = ADVANCED_FACE ( 'NONE', ( #1080 ), #1365, .T. ) ;
#2698 = ORIENTED_EDGE ( 'NONE', *, *, #159, .T. ) ;
#2699 = CARTESIAN_POINT ( 'NONE',  ( -1.500000000000000000, -184.0000000000000000, 90.00000000000001421 ) ) ;
#2700 = FACE_BOUND ( 'NONE', #1496, .T. ) ;
#2701 = DIRECTION ( 'NONE',  ( 1.000000000000000000, 0.000000000000000000, 0.000000000000000000 ) ) ;
#2702 = ORIENTED_EDGE ( 'NONE', *, *, #1362, .T. ) ;
#2703 = PLANE ( 'NONE',  #2025 ) ;
#2704 = LINE ( 'NONE', #4017, #222 ) ;
#2705 = CARTESIAN_POINT ( 'NONE',  ( 0.000000000000000000, 198.0000000000000000, 96.00000000000000000 ) ) ;
#2706 = VERTEX_POINT ( 'NONE', #41 ) ;
#2707 = EDGE_CURVE ( 'NONE', #2154, #3256, #2406, .T. ) ;
#2708 = ORIENTED_EDGE ( 'NONE', *, *, #2833, .T. ) ;
#2709 = LINE ( 'NONE', #2381, #4043 ) ;
#2710 = CARTESIAN_POINT ( 'NONE',  ( -1.500000000000000000, -184.0000000000000000, 24.00000000000000000 ) ) ;
#2711 = ORIENTED_EDGE ( 'NONE', *, *, #3806, .T. ) ;
#2712 = VERTEX_POINT ( 'NONE', #3983 ) ;
#2713 = EDGE_CURVE ( 'NONE', #3162, #3941, #3389, .T. ) ;
#2714 = LINE ( 'NONE', #3081, #2932 ) ;
#2715 = EDGE_LOOP ( 'NONE', ( #4161, #249, #170, #2383 ) ) ;
#2716 = CARTESIAN_POINT ( 'NONE',  ( -2.299999999999999822, -190.0000000000000000, 24.00000000000000000 ) ) ;
#2717 = VECTOR ( 'NONE', #1317, 1000.000000000000000 ) ;
#2718 = VECTOR ( 'NONE', #3714, 1000.000000000000000 ) ;
#2719 = DIRECTION ( 'NONE',  ( 0.000000000000000000, 0.000000000000000000, -1.000000000000000000 ) ) ;
#2720 = CARTESIAN_POINT ( 'NONE',  ( 2.000000000000000000, -91.85246629291785325, 24.42644355067057660 ) ) ;
#2721 = FACE_BOUND ( 'NONE', #1518, .T. ) ;
#2722 = AXIS2_PLACEMENT_3D ( 'NONE', #4164, #1535, #3790 ) ;
#2723 = CIRCLE ( 'NONE', #135, 1.700000000000000178 ) ;
#2724 = AXIS2_PLACEMENT_3D ( 'NONE', #4029, #2806, #1806 ) ;
#2725 = EDGE_CURVE ( 'NONE', #3499, #2482, #4024, .T. ) ;
#2726 = VECTOR ( 'NONE', #1686, 1000.000000000000000 ) ;
#2727 = AXIS2_PLACEMENT_3D ( 'NONE', #2886, #3220, #3873 ) ;
#2728 = CARTESIAN_POINT ( 'NONE',  ( -2.000000000000000000, 191.5999999999999943, 24.00000000000000000 ) ) ;
#2729 = DIRECTION ( 'NONE',  ( 0.000000000000000000, 0.000000000000000000, 1.000000000000000000 ) ) ;
#2730 = CARTESIAN_POINT ( 'NONE',  ( 2.000000000000000000, -190.0000000000000000, 24.00000000000000000 ) ) ;
#2731 = ORIENTED_EDGE ( 'NONE', *, *, #677, .F. ) ;
#2732 = CIRCLE ( 'NONE', #4, 12.99999999999999822 ) ;
#2733 = DIRECTION ( 'NONE',  ( 1.000000000000000000, 0.000000000000000000, 0.000000000000000000 ) ) ;
#2734 = EDGE_CURVE ( 'NONE', #3882, #1947, #208, .T. ) ;
#2735 = DIRECTION ( 'NONE',  ( 0.000000000000000000, 0.000000000000000000, -1.000000000000000000 ) ) ;
#2736 = CARTESIAN_POINT ( 'NONE',  ( -2.299999999999999822, -194.5999999999999943, 13.75000000000000000 ) ) ;
#2737 = ORIENTED_EDGE ( 'NONE', *, *, #3230, .F. ) ;
#2738 = AXIS2_PLACEMENT_3D ( 'NONE', #2050, #1309, #2309 ) ;
#2739 = ORIENTED_EDGE ( 'NONE', *, *, #3869, .F. ) ;
#2740 = DIRECTION ( 'NONE',  ( 0.000000000000000000, 0.000000000000000000, -1.000000000000000000 ) ) ;
#2741 = ORIENTED_EDGE ( 'NONE', *, *, #3230, .T. ) ;
#2742 = CARTESIAN_POINT ( 'NONE',  ( 0.000000000000000000, -122.0000000000000000, 90.00000000000001421 ) ) ;
#2743 = EDGE_CURVE ( 'NONE', #2360, #950, #2036, .T. ) ;
#2744 = ORIENTED_EDGE ( 'NONE', *, *, #598, .F. ) ;
#2745 = CARTESIAN_POINT ( 'NONE',  ( -2.000000000000000000, 0.000000000000000000, 30.00000000000000000 ) ) ;
#2746 = LINE ( 'NONE', #1812, #2868 ) ;
#2747 = AXIS2_PLACEMENT_3D ( 'NONE', #1094, #3737, #2093 ) ;
#2748 = FACE_OUTER_BOUND ( 'NONE', #2432, .T. ) ;
#2749 = LINE ( 'NONE', #2485, #2293 ) ;
#2750 = DIRECTION ( 'NONE',  ( -1.000000000000000000, -0.000000000000000000, 0.000000000000000000 ) ) ;
#2751 = FACE_OUTER_BOUND ( 'NONE', #1897, .T. ) ;
#2752 = VERTEX_POINT ( 'NONE', #1013 ) ;
#2753 = VECTOR ( 'NONE', #2968, 1000.000000000000000 ) ;
#2754 = EDGE_CURVE ( 'NONE', #4165, #1369, #342, .T. ) ;
#2755 = DIRECTION ( 'NONE',  ( 0.000000000000000000, 0.000000000000000000, -1.000000000000000000 ) ) ;
#2756 = CYLINDRICAL_SURFACE ( 'NONE', #1682, 2.000000000000001776 ) ;
#2757 = CARTESIAN_POINT ( 'NONE',  ( -2.299999999999999822, -61.25000000000000000, 18.25000000000000355 ) ) ;
#2758 = ORIENTED_EDGE ( 'NONE', *, *, #734, .F. ) ;
#2759 = ORIENTED_EDGE ( 'NONE', *, *, #780, .F. ) ;
#2760 = DATE_AND_TIME ( #4058, #1396 ) ;
#2761 = CARTESIAN_POINT ( 'NONE',  ( -2.000000000000000000, -194.5999999999999943, 4.299999999999999822 ) ) ;
#2762 = ORIENTED_EDGE ( 'NONE', *, *, #1254, .F. ) ;
#2763 = DIRECTION ( 'NONE',  ( 0.000000000000000000, 0.000000000000000000, 1.000000000000000000 ) ) ;
#2764 = ORIENTED_EDGE ( 'NONE', *, *, #1371, .F. ) ;
#2765 = FACE_OUTER_BOUND ( 'NONE', #966, .T. ) ;
#2766 = DIRECTION ( 'NONE',  ( 1.000000000000000000, 0.000000000000000000, 0.000000000000000000 ) ) ;
#2767 = CARTESIAN_POINT ( 'NONE',  ( 2.000000000000000000, -194.5999999999999943, 7.700000000000000178 ) ) ;
#2768 = VERTEX_POINT ( 'NONE', #1055 ) ;
#2769 = DIRECTION ( 'NONE',  ( -0.000000000000000000, 1.000000000000000000, 0.000000000000000000 ) ) ;
#2770 = CARTESIAN_POINT ( 'NONE',  ( 2.000000000000000000, 61.25000000000000000, 18.25000000000000355 ) ) ;
#2771 = EDGE_CURVE ( 'NONE', #1350, #4174, #1711, .T. ) ;
#2772 = ORIENTED_EDGE ( 'NONE', *, *, #146, .F. ) ;
#2773 = DIRECTION ( 'NONE',  ( 0.000000000000000000, 0.000000000000000000, -1.000000000000000000 ) ) ;
#2774 = EDGE_LOOP ( 'NONE', ( #3924, #3328, #3262, #2739 ) ) ;
#2775 = CARTESIAN_POINT ( 'NONE',  ( 2.000000000000000000, 61.25000000000000000, 4.299999999999999822 ) ) ;
#2776 = DIRECTION ( 'NONE',  ( 0.000000000000000000, 0.000000000000000000, 1.000000000000000000 ) ) ;
#2777 = ORIENTED_EDGE ( 'NONE', *, *, #1648, .F. ) ;
#2778 = EDGE_CURVE ( 'NONE', #23, #4171, #3201, .T. ) ;
#2779 = EDGE_LOOP ( 'NONE', ( #1194, #944, #594, #536 ) ) ;
#2780 = CALENDAR_DATE ( 2026, 26, 8 ) ;
#2781 = CARTESIAN_POINT ( 'NONE',  ( 0.000000000000000000, 154.0000000000000000, 100.0000000000000000 ) ) ;
#2782 = ORIENTED_EDGE ( 'NONE', *, *, #3990, .T. ) ;
#2783 = CARTESIAN_POINT ( 'NONE',  ( -2.299999999999999822, -91.85246629291785325, 34.62644355067057944 ) ) ;
#2784 = EDGE_LOOP ( 'NONE', ( #2852, #2224 ) ) ;
#2785 = CYLINDRICAL_SURFACE ( 'NONE', #3360, 2.000000000000001776 ) ;
#2786 = AXIS2_PLACEMENT_3D ( 'NONE', #2394, #1420, #469 ) ;
#2787 = DIRECTION ( 'NONE',  ( 0.000000000000000000, 0.000000000000000000, -1.000000000000000000 ) ) ;
#2788 = EDGE_CURVE ( 'NONE', #2379, #9, #721, .T. ) ;
#2789 = LINE ( 'NONE', #4137, #4104 ) ;
#2790 = CIRCLE ( 'NONE', #904, 2.750000000000002665 ) ;
#2791 = CARTESIAN_POINT ( 'NONE',  ( -2.299999999999999822, 194.5999999999999943, 16.00000000000000000 ) ) ;
#2792 = CARTESIAN_POINT ( 'NONE',  ( -1.500000000000000000, 0.000000000000000000, 24.00000000000000000 ) ) ;
#2793 = CARTESIAN_POINT ( 'NONE',  ( -2.000000000000000000, -184.0000000000000000, 53.92820323027554252 ) ) ;
#2794 = AXIS2_PLACEMENT_3D ( 'NONE', #1065, #133, #1768 ) ;
#2795 = EDGE_LOOP ( 'NONE', ( #1295, #2297 ) ) ;
#2796 = ADVANCED_FACE ( 'NONE', ( #390 ), #1731, .F. ) ;
#2797 = CIRCLE ( 'NONE', #275, 2.750000000000002665 ) ;
#2798 = CIRCLE ( 'NONE', #3758, 2.250000000000000444 ) ;
#2799 = VECTOR ( 'NONE', #1105, 1000.000000000000000 ) ;
#2800 = CARTESIAN_POINT ( 'NONE',  ( -2.299999999999999822, -194.5999999999999943, 18.25000000000000355 ) ) ;
#2801 = DIRECTION ( 'NONE',  ( 0.000000000000000000, 0.000000000000000000, -1.000000000000000000 ) ) ;
#2802 = FACE_OUTER_BOUND ( 'NONE', #1844, .T. ) ;
#2803 = ORIENTED_EDGE ( 'NONE', *, *, #2595, .F. ) ;
#2804 = CIRCLE ( 'NONE', #703, 2.250000000000000444 ) ;
#2805 = VERTEX_POINT ( 'NONE', #3077 ) ;
#2806 = DIRECTION ( 'NONE',  ( 0.000000000000000000, 0.000000000000000000, 1.000000000000000000 ) ) ;
#2807 = AXIS2_PLACEMENT_3D ( 'NONE', #1985, #3298, #1657 ) ;
#2808 = VERTEX_POINT ( 'NONE', #1431 ) ;
#2809 = CARTESIAN_POINT ( 'NONE',  ( -2.299999999999999822, 202.0000000000000000, 25.60000000000000142 ) ) ;
#2810 = EDGE_CURVE ( 'NONE', #2154, #3370, #3641, .T. ) ;
#2811 = ORIENTED_EDGE ( 'NONE', *, *, #2419, .F. ) ;
#2812 = FACE_OUTER_BOUND ( 'NONE', #1854, .T. ) ;
#2813 = DIRECTION ( 'NONE',  ( 1.000000000000000000, 0.000000000000000000, 0.000000000000000000 ) ) ;
#2814 = FACE_OUTER_BOUND ( 'NONE', #1068, .T. ) ;
#2815 = DIRECTION ( 'NONE',  ( 0.000000000000000000, 0.000000000000000000, 1.000000000000000000 ) ) ;
#2816 = CARTESIAN_POINT ( 'NONE',  ( -1.500000000000000000, -184.0000000000000000, 53.92820323027554252 ) ) ;
#2817 = CIRCLE ( 'NONE', #2256, 2.250000000000000444 ) ;
#2818 = ORIENTED_EDGE ( 'NONE', *, *, #859, .T. ) ;
#2819 = CIRCLE ( 'NONE', #934, 12.99999999999999822 ) ;
#2820 = DIRECTION ( 'NONE',  ( 0.000000000000000000, 0.000000000000000000, 1.000000000000000000 ) ) ;
#2821 = ORIENTED_EDGE ( 'NONE', *, *, #1232, .F. ) ;
#2822 = CARTESIAN_POINT ( 'NONE',  ( 1.500000000000000000, -173.0000000000000284, 47.00000000000000000 ) ) ;
#2823 = DIRECTION ( 'NONE',  ( 1.000000000000000000, 0.000000000000000000, 0.000000000000000000 ) ) ;
#2824 = CARTESIAN_POINT ( 'NONE',  ( 0.000000000000000000, 184.0000000000000000, 104.0000000000000142 ) ) ;
#2825 = ORIENTED_EDGE ( 'NONE', *, *, #4075, .F. ) ;
#2826 = VERTEX_POINT ( 'NONE', #172 ) ;
#2827 = DIRECTION ( 'NONE',  ( 0.000000000000000000, 0.000000000000000000, 1.000000000000000000 ) ) ;
#2828 = DIRECTION ( 'NONE',  ( 1.000000000000000000, 0.000000000000000000, 0.000000000000000000 ) ) ;
#2829 = EDGE_CURVE ( 'NONE', #1123, #4260, #2493, .T. ) ;
#2830 = EDGE_LOOP ( 'NONE', ( #2934, #1414, #1980, #3341 ) ) ;
#2831 = PLANE ( 'NONE',  #3197 ) ;
#2832 = ORIENTED_EDGE ( 'NONE', *, *, #2067, .T. ) ;
#2833 = EDGE_CURVE ( 'NONE', #4032, #583, #2797, .T. ) ;
#2834 = DIRECTION ( 'NONE',  ( 1.000000000000000000, 0.000000000000000000, 0.000000000000000000 ) ) ;
#2835 = LINE ( 'NONE', #820, #4241 ) ;
#2836 = CARTESIAN_POINT ( 'NONE',  ( 0.000000000000000000, 193.0000000000000000, 100.0000000000000000 ) ) ;
#2837 = DIRECTION ( 'NONE',  ( 0.000000000000000000, 1.000000000000000000, 0.000000000000000000 ) ) ;
#2838 = EDGE_CURVE ( 'NONE', #2030, #265, #1783, .T. ) ;
#2839 = DIRECTION ( 'NONE',  ( -1.000000000000000000, -0.000000000000000000, 0.000000000000000000 ) ) ;
#2840 = ORIENTED_EDGE ( 'NONE', *, *, #2221, .F. ) ;
#2841 = CARTESIAN_POINT ( 'NONE',  ( -2.000000000000000000, 0.000000000000000000, 96.00000000000000000 ) ) ;
#2842 = VERTEX_POINT ( 'NONE', #151 ) ;
#2843 = DIRECTION ( 'NONE',  ( 1.000000000000000000, 0.000000000000000000, -0.000000000000000000 ) ) ;
#2844 = DIRECTION ( 'NONE',  ( 0.000000000000000000, 0.000000000000000000, 1.000000000000000000 ) ) ;
#2845 = EDGE_CURVE ( 'NONE', #1584, #811, #2024, .T. ) ;
#2846 = VERTEX_POINT ( 'NONE', #3179 ) ;
#2847 = EDGE_LOOP ( 'NONE', ( #324, #3506, #2858, #4141 ) ) ;
#2848 = FACE_OUTER_BOUND ( 'NONE', #1599, .T. ) ;
#2849 = ORIENTED_EDGE ( 'NONE', *, *, #3415, .F. ) ;
#2850 = CARTESIAN_POINT ( 'NONE',  ( 0.000000000000000000, 0.000000000000000000, 24.00000000000000000 ) ) ;
#2851 = ADVANCED_FACE ( 'NONE', ( #3136 ), #2146, .F. ) ;
#2852 = ORIENTED_EDGE ( 'NONE', *, *, #3594, .F. ) ;
#2853 = DIRECTION ( 'NONE',  ( 1.000000000000000000, 0.000000000000000000, 0.000000000000000000 ) ) ;
#2854 = DIRECTION ( 'NONE',  ( 0.000000000000000000, 0.000000000000000000, -1.000000000000000000 ) ) ;
#2855 = VECTOR ( 'NONE', #1169, 1000.000000000000000 ) ;
#2856 = DIRECTION ( 'NONE',  ( 0.000000000000000000, 0.000000000000000000, 1.000000000000000000 ) ) ;
#2857 = CARTESIAN_POINT ( 'NONE',  ( -2.000000000000000000, 72.09999999999999432, 6.000000000000000000 ) ) ;
#2858 = ORIENTED_EDGE ( 'NONE', *, *, #1371, .T. ) ;
#2859 = VECTOR ( 'NONE', #3105, 1000.000000000000000 ) ;
#2860 = CARTESIAN_POINT ( 'NONE',  ( 2.000000000000000000, 61.25000000000000000, 6.000000000000000000 ) ) ;
#2861 = DIRECTION ( 'NONE',  ( 0.000000000000000000, 0.000000000000000000, -1.000000000000000000 ) ) ;
#2862 = VECTOR ( 'NONE', #2431, 1000.000000000000000 ) ;
#2863 = CARTESIAN_POINT ( 'NONE',  ( 2.000000000000000000, 0.000000000000000000, 100.0000000000000000 ) ) ;
#2864 = CYLINDRICAL_SURFACE ( 'NONE', #1338, 2.250000000000000444 ) ;
#2865 = EDGE_LOOP ( 'NONE', ( #886, #1638 ) ) ;
#2866 = AXIS2_PLACEMENT_3D ( 'NONE', #1314, #3820, #305 ) ;
#2867 = AXIS2_PLACEMENT_3D ( 'NONE', #1249, #2226, #3545 ) ;
#2868 = VECTOR ( 'NONE', #96, 1000.000000000000000 ) ;
#2869 = AXIS2_PLACEMENT_3D ( 'NONE', #814, #45, #3727 ) ;
#2870 = ADVANCED_FACE ( 'NONE', ( #3744 ), #191, .F. ) ;
#2871 = ORIENTED_EDGE ( 'NONE', *, *, #3507, .F. ) ;
#2872 = AXIS2_PLACEMENT_3D ( 'NONE', #3254, #2286, #280 ) ;
#2873 = CARTESIAN_POINT ( 'NONE',  ( 1.500000000000000000, -198.0000000000000000, 0.000000000000000000 ) ) ;
#2874 = ORIENTED_EDGE ( 'NONE', *, *, #4125, .T. ) ;
#2875 = LINE ( 'NONE', #837, #488 ) ;
#2876 = CIRCLE ( 'NONE', #1766, 1.700000000000000178 ) ;
#2877 = CARTESIAN_POINT ( 'NONE',  ( -2.000000000000000000, 72.09999999999999432, 7.700000000000000178 ) ) ;
#2878 = FACE_BOUND ( 'NONE', #2407, .T. ) ;
#2879 = EDGE_CURVE ( 'NONE', #1350, #1659, #1056, .T. ) ;
#2880 = AXIS2_PLACEMENT_3D ( 'NONE', #3713, #4014, #1722 ) ;
#2881 = DIRECTION ( 'NONE',  ( -0.000000000000000000, 0.000000000000000000, -1.000000000000000000 ) ) ;
#2882 = DIRECTION ( 'NONE',  ( -1.000000000000000000, -0.000000000000000000, 0.000000000000000000 ) ) ;
#2883 = ADVANCED_FACE ( 'NONE', ( #2802 ), #1850, .T. ) ;
#2884 = ORIENTED_EDGE ( 'NONE', *, *, #3114, .T. ) ;
#2885 = CIRCLE ( 'NONE', #1002, 12.99999999999999822 ) ;
#2886 = CARTESIAN_POINT ( 'NONE',  ( 0.000000000000000000, 0.000000000000000000, 24.00000000000000000 ) ) ;
#2887 = CYLINDRICAL_SURFACE ( 'NONE', #3422, 2.250000000000000444 ) ;
#2888 = VERTEX_POINT ( 'NONE', #4123 ) ;
#2889 = CARTESIAN_POINT ( 'NONE',  ( -1.500000000000000000, 0.000000000000000000, 94.00000000000000000 ) ) ;
#2890 = DIRECTION ( 'NONE',  ( 0.000000000000000000, 0.000000000000000000, -1.000000000000000000 ) ) ;
#2891 = EDGE_CURVE ( 'NONE', #975, #3184, #2515, .T. ) ;
#2892 = AXIS2_PLACEMENT_3D ( 'NONE', #2393, #3710, #2065 ) ;
#2893 = ORIENTED_EDGE ( 'NONE', *, *, #1642, .T. ) ;
#2894 = ORIENTED_EDGE ( 'NONE', *, *, #3606, .F. ) ;
#2895 = CARTESIAN_POINT ( 'NONE',  ( -2.299999999999999822, 202.0000000000000000, 24.00000000000000000 ) ) ;
#2896 = ORIENTED_EDGE ( 'NONE', *, *, #606, .F. ) ;
#2897 = VERTEX_POINT ( 'NONE', #1190 ) ;
#2898 = ORIENTED_EDGE ( 'NONE', *, *, #3125, .F. ) ;
#2899 = CARTESIAN_POINT ( 'NONE',  ( -2.000000000000000000, -60.00000000000000000, 30.00000000000000000 ) ) ;
#2900 = EDGE_CURVE ( 'NONE', #611, #1381, #3826, .T. ) ;
#2901 = CARTESIAN_POINT ( 'NONE',  ( -2.000000000000000000, 61.25000000000000000, 18.25000000000000355 ) ) ;
#2902 = LINE ( 'NONE', #2573, #2670 ) ;
#2903 = ORIENTED_EDGE ( 'NONE', *, *, #1969, .T. ) ;
#2904 = EDGE_CURVE ( 'NONE', #100, #903, #3837, .T. ) ;
#2905 = CARTESIAN_POINT ( 'NONE',  ( 2.000000000000000000, -91.85246629291785325, 29.52644355067057802 ) ) ;
#2906 = DIRECTION ( 'NONE',  ( 0.000000000000000000, 0.000000000000000000, -1.000000000000000000 ) ) ;
#2907 = DIRECTION ( 'NONE',  ( 0.000000000000000000, 0.000000000000000000, -1.000000000000000000 ) ) ;
#2908 = ORIENTED_EDGE ( 'NONE', *, *, #2713, .T. ) ;
#2909 = VERTEX_POINT ( 'NONE', #126 ) ;
#2910 = CARTESIAN_POINT ( 'NONE',  ( 2.000000000000000000, 194.5999999999999943, 6.000000000000000000 ) ) ;
#2911 = ORIENTED_EDGE ( 'NONE', *, *, #2955, .F. ) ;
#2912 = EDGE_CURVE ( 'NONE', #3140, #245, #2191, .T. ) ;
#2913 = EDGE_LOOP ( 'NONE', ( #261, #2368, #3839, #685 ) ) ;
#2914 = ORIENTED_EDGE ( 'NONE', *, *, #3472, .T. ) ;
#2915 = FACE_BOUND ( 'NONE', #3240, .T. ) ;
#2916 = EDGE_CURVE ( 'NONE', #376, #1866, #1953, .T. ) ;
#2917 = DIRECTION ( 'NONE',  ( 0.000000000000000000, 0.000000000000000000, 1.000000000000000000 ) ) ;
#2918 = DIRECTION ( 'NONE',  ( 1.000000000000000000, 0.000000000000000000, 0.000000000000000000 ) ) ;
#2919 = ORIENTED_EDGE ( 'NONE', *, *, #3235, .T. ) ;
#2920 = CARTESIAN_POINT ( 'NONE',  ( -2.000000000000000000, 114.9999999999999858, 104.0000000000000142 ) ) ;
#2921 = CARTESIAN_POINT ( 'NONE',  ( 2.000000000000000000, 0.000000000000000000, 104.0000000000000142 ) ) ;
#2922 = DIRECTION ( 'NONE',  ( 0.000000000000000000, 0.000000000000000000, -1.000000000000000000 ) ) ;
#2923 = AXIS2_PLACEMENT_3D ( 'NONE', #3748, #2827, #3494 ) ;
#2924 = ORIENTED_EDGE ( 'NONE', *, *, #256, .F. ) ;
#2925 = EDGE_CURVE ( 'NONE', #3985, #995, #66, .T. ) ;
#2926 = AXIS2_PLACEMENT_3D ( 'NONE', #1898, #3868, #3847 ) ;
#2927 = ORIENTED_EDGE ( 'NONE', *, *, #3558, .T. ) ;
#2928 = CARTESIAN_POINT ( 'NONE',  ( -2.000000000000000000, -170.0000000000000000, 65.25000000000000000 ) ) ;
#2929 = EDGE_LOOP ( 'NONE', ( #4010, #2106, #881, #1522 ) ) ;
#2930 = VECTOR ( 'NONE', #3599, 1000.000000000000000 ) ;
#2931 = VECTOR ( 'NONE', #1046, 1000.000000000000000 ) ;
#2932 = VECTOR ( 'NONE', #3773, 1000.000000000000000 ) ;
#2933 = EDGE_LOOP ( 'NONE', ( #2896, #1500, #4316, #2307 ) ) ;
#2934 = ORIENTED_EDGE ( 'NONE', *, *, #1160, .F. ) ;
#2935 = LINE ( 'NONE', #3686, #3823 ) ;
#2936 = EDGE_CURVE ( 'NONE', #1202, #3181, #1752, .T. ) ;
#2937 = DIRECTION ( 'NONE',  ( 1.000000000000000000, 0.000000000000000000, -0.000000000000000000 ) ) ;
#2938 = CARTESIAN_POINT ( 'NONE',  ( -2.299999999999999822, -61.25000000000000000, 6.000000000000000000 ) ) ;
#2939 = FACE_BOUND ( 'NONE', #884, .T. ) ;
#2940 = CIRCLE ( 'NONE', #1067, 1.700000000000000178 ) ;
#2941 = ORIENTED_EDGE ( 'NONE', *, *, #1923, .F. ) ;
#2942 = DIRECTION ( 'NONE',  ( -0.000000000000000000, 0.000000000000000000, -1.000000000000000000 ) ) ;
#2943 = DIRECTION ( 'NONE',  ( 1.000000000000000000, 0.000000000000000000, 0.000000000000000000 ) ) ;
#2944 = DIRECTION ( 'NONE',  ( 0.000000000000000000, 0.000000000000000000, -1.000000000000000000 ) ) ;
#2945 = EDGE_LOOP ( 'NONE', ( #775, #3467, #1409, #1784 ) ) ;
#2946 = CIRCLE ( 'NONE', #928, 1.600000000000000755 ) ;
#2947 = VERTEX_POINT ( 'NONE', #4096 ) ;
#2948 = DIRECTION ( 'NONE',  ( 0.000000000000000000, 0.000000000000000000, -1.000000000000000000 ) ) ;
#2949 = CARTESIAN_POINT ( 'NONE',  ( -1.500000000000000000, 193.0000000000000000, 94.00000000000000000 ) ) ;
#2950 = VERTEX_POINT ( 'NONE', #1122 ) ;
#2951 = EDGE_CURVE ( 'NONE', #763, #2379, #461, .T. ) ;
#2952 = ORIENTED_EDGE ( 'NONE', *, *, #48, .F. ) ;
#2953 = ORIENTED_EDGE ( 'NONE', *, *, #4214, .F. ) ;
#2954 = CARTESIAN_POINT ( 'NONE',  ( 2.000000000000000000, 61.25000000000000000, 13.75000000000000000 ) ) ;
#2955 = EDGE_CURVE ( 'NONE', #3575, #1566, #2475, .T. ) ;
#2956 = ORIENTED_EDGE ( 'NONE', *, *, #831, .F. ) ;
#2957 = DIRECTION ( 'NONE',  ( -1.000000000000000000, -0.000000000000000000, 0.000000000000000000 ) ) ;
#2958 = DIRECTION ( 'NONE',  ( -1.000000000000000000, -0.000000000000000000, 0.000000000000000000 ) ) ;
#2959 = VERTEX_POINT ( 'NONE', #4272 ) ;
#2960 = ADVANCED_FACE ( 'NONE', ( #603, #1216, #3609, #3858, #587 ), #877, .T. ) ;
#2961 = DIRECTION ( 'NONE',  ( 0.000000000000000000, 0.000000000000000000, 1.000000000000000000 ) ) ;
#2962 = CARTESIAN_POINT ( 'NONE',  ( 2.000000000000000000, -60.00000000000000000, 30.00000000000000000 ) ) ;
#2963 = DIRECTION ( 'NONE',  ( 0.000000000000000000, -1.000000000000000000, 0.000000000000000000 ) ) ;
#2964 = ORIENTED_EDGE ( 'NONE', *, *, #3235, .F. ) ;
#2965 = VERTEX_POINT ( 'NONE', #4189 ) ;
#2966 = EDGE_CURVE ( 'NONE', #1651, #3515, #768, .T. ) ;
#2967 = FACE_OUTER_BOUND ( 'NONE', #661, .T. ) ;
#2968 = DIRECTION ( 'NONE',  ( 0.000000000000000000, 1.000000000000000000, 0.000000000000000000 ) ) ;
#2969 = VERTEX_POINT ( 'NONE', #3916 ) ;
#2970 = VERTEX_POINT ( 'NONE', #243 ) ;
#2971 = ORIENTED_EDGE ( 'NONE', *, *, #2568, .T. ) ;
#2972 = DIRECTION ( 'NONE',  ( -1.000000000000000000, -0.000000000000000000, 0.000000000000000000 ) ) ;
#2973 = EDGE_CURVE ( 'NONE', #3486, #2947, #1899, .T. ) ;
#2974 = EDGE_LOOP ( 'NONE', ( #3167, #1904 ) ) ;
#2975 = DIRECTION ( 'NONE',  ( 0.000000000000000000, 0.000000000000000000, -1.000000000000000000 ) ) ;
#2976 = CARTESIAN_POINT ( 'NONE',  ( -1.500000000000000000, -60.00000000000000000, 43.00000000000000000 ) ) ;
#2977 = ORIENTED_EDGE ( 'NONE', *, *, #231, .F. ) ;
#2978 = PLANE ( 'NONE',  #1546 ) ;
#2979 = CARTESIAN_POINT ( 'NONE',  ( -1.500000000000000000, 175.0000000000000284, 92.00000000000000000 ) ) ;
#2980 = CARTESIAN_POINT ( 'NONE',  ( -2.000000000000000000, 11.53256259467079836, 24.00000000000000000 ) ) ;
#2981 = ORIENTED_EDGE ( 'NONE', *, *, #3584, .T. ) ;
#2982 = EDGE_CURVE ( 'NONE', #3497, #4296, #425, .T. ) ;
#2983 = DIRECTION ( 'NONE',  ( 0.000000000000000000, -1.000000000000000000, 0.000000000000000000 ) ) ;
#2984 = DIRECTION ( 'NONE',  ( 1.000000000000000000, 0.000000000000000000, 0.000000000000000000 ) ) ;
#2985 = DIRECTION ( 'NONE',  ( 0.000000000000000000, 0.000000000000000000, -1.000000000000000000 ) ) ;
#2986 = ORIENTED_EDGE ( 'NONE', *, *, #2221, .T. ) ;
#2987 = AXIS2_PLACEMENT_3D ( 'NONE', #1997, #2015, #1320 ) ;
#2988 = EDGE_CURVE ( 'NONE', #4026, #1454, #3281, .T. ) ;
#2989 = ORIENTED_EDGE ( 'NONE', *, *, #3970, .T. ) ;
#2990 = DIRECTION ( 'NONE',  ( 1.000000000000000000, 0.000000000000000000, 0.000000000000000000 ) ) ;
#2991 = ORIENTED_EDGE ( 'NONE', *, *, #1133, .F. ) ;
#2992 = CIRCLE ( 'NONE', #3263, 1.700000000000000178 ) ;
#2993 = ORIENTED_EDGE ( 'NONE', *, *, #1053, .F. ) ;
#2994 = DIRECTION ( 'NONE',  ( 0.000000000000000000, 0.000000000000000000, 1.000000000000000000 ) ) ;
#2995 = AXIS2_PLACEMENT_3D ( 'NONE', #1663, #2354, #2057 ) ;
#2996 = AXIS2_PLACEMENT_3D ( 'NONE', #206, #4262, #3216 ) ;
#2997 = ORIENTED_EDGE ( 'NONE', *, *, #872, .T. ) ;
#2998 = DIRECTION ( 'NONE',  ( 0.000000000000000000, 0.000000000000000000, 1.000000000000000000 ) ) ;
#2999 = EDGE_CURVE ( 'NONE', #678, #1064, #1967, .T. ) ;
#3000 = VECTOR ( 'NONE', #316, 1000.000000000000000 ) ;
#3001 = DIRECTION ( 'NONE',  ( 0.000000000000000000, 0.000000000000000000, 1.000000000000000000 ) ) ;
#3002 = VERTEX_POINT ( 'NONE', #1294 ) ;
#3003 = DIRECTION ( 'NONE',  ( 1.000000000000000000, 0.000000000000000000, 0.000000000000000000 ) ) ;
#3004 = CARTESIAN_POINT ( 'NONE',  ( 2.000000000000000000, -129.0000000000000000, 46.90000000000000568 ) ) ;
#3005 = AXIS2_PLACEMENT_3D ( 'NONE', #2962, #981, #3045 ) ;
#3006 = CARTESIAN_POINT ( 'NONE',  ( 2.000000000000000000, -72.09999999999999432, 13.75000000000000000 ) ) ;
#3007 = EDGE_LOOP ( 'NONE', ( #3481, #3290, #3929, #3703 ) ) ;
#3008 = LINE ( 'NONE', #1404, #3427 ) ;
#3009 = ADVANCED_FACE ( 'NONE', ( #3876 ), #2864, .F. ) ;
#3010 = CARTESIAN_POINT ( 'NONE',  ( -1.500000000000000000, 188.4000000000000057, 24.00000000000000000 ) ) ;
#3011 = DIRECTION ( 'NONE',  ( 0.000000000000000000, 0.000000000000000000, 1.000000000000000000 ) ) ;
#3012 = ORIENTED_EDGE ( 'NONE', *, *, #282, .T. ) ;
#3013 = VECTOR ( 'NONE', #3302, 1000.000000000000000 ) ;
#3014 = ORIENTED_EDGE ( 'NONE', *, *, #1340, .F. ) ;
#3015 = AXIS2_PLACEMENT_3D ( 'NONE', #2905, #1941, #2576 ) ;
#3016 = ORIENTED_EDGE ( 'NONE', *, *, #101, .T. ) ;
#3017 = CARTESIAN_POINT ( 'NONE',  ( 2.000000000000000000, -170.0000000000000000, 68.00000000000000000 ) ) ;
#3018 = VECTOR ( 'NONE', #3454, 1000.000000000000000 ) ;
#3019 = ORIENTED_EDGE ( 'NONE', *, *, #1464, .T. ) ;
#3020 = CARTESIAN_POINT ( 'NONE',  ( 0.000000000000000000, 175.0000000000000000, 94.00000000000000000 ) ) ;
#3021 = FACE_BOUND ( 'NONE', #2436, .T. ) ;
#3022 = EDGE_CURVE ( 'NONE', #4080, #3036, #72, .T. ) ;
#3023 = ORIENTED_EDGE ( 'NONE', *, *, #3567, .T. ) ;
#3024 = CARTESIAN_POINT ( 'NONE',  ( 2.000000000000000000, 0.000000000000000000, 30.00000000000000000 ) ) ;
#3025 = DIRECTION ( 'NONE',  ( -1.000000000000000000, 0.000000000000000000, 0.000000000000000000 ) ) ;
#3026 = VERTEX_POINT ( 'NONE', #2211 ) ;
#3027 = EDGE_CURVE ( 'NONE', #3325, #642, #626, .T. ) ;
#3028 = CARTESIAN_POINT ( 'NONE',  ( -2.000000000000000000, -210.0000000000000000, 108.0000000000000000 ) ) ;
#3029 = DIRECTION ( 'NONE',  ( -0.000000000000000000, 1.000000000000000000, 0.000000000000000000 ) ) ;
#3030 = CARTESIAN_POINT ( 'NONE',  ( -2.299999999999999822, -191.5999999999999943, 24.00000000000000000 ) ) ;
#3031 = CARTESIAN_POINT ( 'NONE',  ( -1.500000000000000000, 115.0000000000000000, 92.00000000000000000 ) ) ;
#3032 = VERTEX_POINT ( 'NONE', #4247 ) ;
#3033 = ORIENTED_EDGE ( 'NONE', *, *, #687, .F. ) ;
#3034 = FACE_OUTER_BOUND ( 'NONE', #62, .T. ) ;
#3035 = PRODUCT_DEFINITION_SHAPE ( 'NONE', 'NONE',  #1143 ) ;
#3036 = VERTEX_POINT ( 'NONE', #1943 ) ;
#3037 = DIRECTION ( 'NONE',  ( -1.000000000000000000, -0.000000000000000000, 0.000000000000000000 ) ) ;
#3038 = EDGE_CURVE ( 'NONE', #1974, #3098, #1760, .T. ) ;
#3039 = ORIENTED_EDGE ( 'NONE', *, *, #403, .T. ) ;
#3040 = LINE ( 'NONE', #1324, #90 ) ;
#3041 = LINE ( 'NONE', #1771, #2579 ) ;
#3042 = FACE_OUTER_BOUND ( 'NONE', #2929, .T. ) ;
#3043 = EDGE_CURVE ( 'NONE', #975, #1043, #3933, .T. ) ;
#3044 = LINE ( 'NONE', #54, #141 ) ;
#3045 = DIRECTION ( 'NONE',  ( 0.000000000000000000, 0.000000000000000000, -1.000000000000000000 ) ) ;
#3046 = DIRECTION ( 'NONE',  ( -1.000000000000000000, -0.000000000000000000, 0.000000000000000000 ) ) ;
#3047 = CARTESIAN_POINT ( 'NONE',  ( -2.000000000000000000, -194.5999999999999943, 18.25000000000000355 ) ) ;
#3048 = CARTESIAN_POINT ( 'NONE',  ( 2.000000000000000000, 60.00000000000000000, 32.75000000000000000 ) ) ;
#3049 = CARTESIAN_POINT ( 'NONE',  ( 2.000000000000000000, -184.0000000000000000, 18.00000000000000355 ) ) ;
#3050 = CARTESIAN_POINT ( 'NONE',  ( -2.299999999999999822, 194.5999999999999943, 6.000000000000000000 ) ) ;
#3051 = EDGE_CURVE ( 'NONE', #903, #294, #985, .T. ) ;
#3052 = ORIENTED_EDGE ( 'NONE', *, *, #2743, .T. ) ;
#3053 = CC_DESIGN_SECURITY_CLASSIFICATION ( #1948, ( #833 ) ) ;
#3054 = EDGE_LOOP ( 'NONE', ( #255, #1219, #2513, #3186 ) ) ;
#3055 = CARTESIAN_POINT ( 'NONE',  ( -2.299999999999999822, 72.09999999999999432, 16.00000000000000000 ) ) ;
#3056 = ORIENTED_EDGE ( 'NONE', *, *, #3479, .T. ) ;
#3057 = DIRECTION ( 'NONE',  ( 1.000000000000000000, 0.000000000000000000, -0.000000000000000000 ) ) ;
#3058 = APPROVAL_PERSON_ORGANIZATION ( #1104, #4167, #1455 ) ;
#3059 = CIRCLE ( 'NONE', #2926, 12.99999999999999822 ) ;
#3060 = ORIENTED_EDGE ( 'NONE', *, *, #4149, .T. ) ;
#3061 = DIRECTION ( 'NONE',  ( 0.000000000000000000, 0.000000000000000000, 1.000000000000000000 ) ) ;
#3062 = ADVANCED_FACE ( 'NONE', ( #3549 ), #220, .F. ) ;
#3063 = CARTESIAN_POINT ( 'NONE',  ( 0.000000000000000000, 94.00000000000000000, 104.0000000000000142 ) ) ;
#3064 = CYLINDRICAL_SURFACE ( 'NONE', #2038, 1.700000000000000178 ) ;
#3065 = CARTESIAN_POINT ( 'NONE',  ( 2.000000000000000000, 0.000000000000000000, 24.00000000000000000 ) ) ;
#3066 = AXIS2_PLACEMENT_3D ( 'NONE', #1100, #2425, #1824 ) ;
#3067 = CIRCLE ( 'NONE', #4181, 2.000000000000001776 ) ;
#3068 = AXIS2_PLACEMENT_3D ( 'NONE', #2850, #4170, #3844 ) ;
#3069 = AXIS2_PLACEMENT_3D ( 'NONE', #835, #2522, #3183 ) ;
#3070 = VECTOR ( 'NONE', #334, 1000.000000000000000 ) ;
#3071 = DIRECTION ( 'NONE',  ( 1.000000000000000000, 0.000000000000000000, 0.000000000000000000 ) ) ;
#3072 = DIRECTION ( 'NONE',  ( 1.000000000000000000, 0.000000000000000000, -0.000000000000000000 ) ) ;
#3073 = VECTOR ( 'NONE', #21, 1000.000000000000000 ) ;
#3074 = ORIENTED_EDGE ( 'NONE', *, *, #4125, .F. ) ;
#3075 = CYLINDRICAL_SURFACE ( 'NONE', #3565, 1.700000000000000178 ) ;
#3076 = CARTESIAN_POINT ( 'NONE',  ( 0.000000000000000000, 163.0000000000000000, 94.00000000000000000 ) ) ;
#3077 = CARTESIAN_POINT ( 'NONE',  ( -1.500000000000000000, 48.46743740532919986, 24.00000000000000000 ) ) ;
#3078 = ORIENTED_EDGE ( 'NONE', *, *, #550, .T. ) ;
#3079 = ORIENTED_EDGE ( 'NONE', *, *, #4068, .F. ) ;
#3080 = DATE_AND_TIME ( #3393, #613 ) ;
#3081 = CARTESIAN_POINT ( 'NONE',  ( -2.299999999999999822, -194.5999999999999943, 7.700000000000000178 ) ) ;
#3082 = FACE_OUTER_BOUND ( 'NONE', #897, .T. ) ;
#3083 = EDGE_LOOP ( 'NONE', ( #4248, #1289 ) ) ;
#3084 = CARTESIAN_POINT ( 'NONE',  ( -2.000000000000000000, 188.4000000000000057, 24.00000000000000000 ) ) ;
#3085 = DIRECTION ( 'NONE',  ( 0.000000000000000000, 0.000000000000000000, -1.000000000000000000 ) ) ;
#3086 = AXIS2_PLACEMENT_3D ( 'NONE', #3754, #2138, #4107 ) ;
#3087 = CYLINDRICAL_SURFACE ( 'NONE', #3326, 2.750000000000002665 ) ;
#3088 = LINE ( 'NONE', #98, #2236 ) ;
#3089 = FACE_OUTER_BOUND ( 'NONE', #2913, .T. ) ;
#3090 = ORIENTED_EDGE ( 'NONE', *, *, #1793, .F. ) ;
#3091 = ADVANCED_FACE ( 'NONE', ( #3896 ), #920, .F. ) ;
#3092 = DIRECTION ( 'NONE',  ( -1.000000000000000000, -0.000000000000000000, 0.000000000000000000 ) ) ;
#3093 = DIRECTION ( 'NONE',  ( -1.000000000000000000, 0.000000000000000000, 0.000000000000000000 ) ) ;
#3094 = CYLINDRICAL_SURFACE ( 'NONE', #566, 2.000000000000001776 ) ;
#3095 = DIRECTION ( 'NONE',  ( 1.000000000000000000, 0.000000000000000000, -0.000000000000000000 ) ) ;
#3096 = VERTEX_POINT ( 'NONE', #3006 ) ;
#3097 = EDGE_CURVE ( 'NONE', #2826, #991, #670, .T. ) ;
#3098 = VERTEX_POINT ( 'NONE', #3299 ) ;
#3099 = APPLICATION_PROTOCOL_DEFINITION ( 'international standard', 'config_control_design', 1994, #1061 ) ;
#3100 = DIRECTION ( 'NONE',  ( 0.000000000000000000, -1.000000000000000000, -0.000000000000000000 ) ) ;
#3101 = VERTEX_POINT ( 'NONE', #3952 ) ;
#3102 = DIRECTION ( 'NONE',  ( -0.000000000000000000, 1.000000000000000000, 0.000000000000000000 ) ) ;
#3103 = LINE ( 'NONE', #136, #2048 ) ;
#3104 = DIRECTION ( 'NONE',  ( 0.000000000000000000, 0.000000000000000000, 1.000000000000000000 ) ) ;
#3105 = DIRECTION ( 'NONE',  ( 0.000000000000000000, 1.000000000000000000, 0.000000000000000000 ) ) ;
#3106 = EDGE_CURVE ( 'NONE', #2613, #1615, #2005, .T. ) ;
#3107 = CARTESIAN_POINT ( 'NONE',  ( 2.000000000000000000, 0.000000000000000000, 24.00000000000000000 ) ) ;
#3108 = LINE ( 'NONE', #207, #1698 ) ;
#3109 = ORIENTED_EDGE ( 'NONE', *, *, #3398, .T. ) ;
#3110 = ORIENTED_EDGE ( 'NONE', *, *, #238, .T. ) ;
#3111 = DIRECTION ( 'NONE',  ( 0.000000000000000000, 0.000000000000000000, -1.000000000000000000 ) ) ;
#3112 = CARTESIAN_POINT ( 'NONE',  ( -2.000000000000000000, 48.46743740532919986, 24.00000000000000000 ) ) ;
#3113 = CARTESIAN_POINT ( 'NONE',  ( 2.000000000000000000, -210.0000000000000000, 0.000000000000000000 ) ) ;
#3114 = EDGE_CURVE ( 'NONE', #4209, #2947, #1336, .T. ) ;
#3115 = ORIENTED_EDGE ( 'NONE', *, *, #4229, .F. ) ;
#3116 = EDGE_LOOP ( 'NONE', ( #1912, #441 ) ) ;
#3117 = APPROVAL_DATE_TIME ( #1764, #1087 ) ;
#3118 = ORIENTED_EDGE ( 'NONE', *, *, #641, .T. ) ;
#3119 = LINE ( 'NONE', #2809, #2862 ) ;
#3120 = ORIENTED_EDGE ( 'NONE', *, *, #1685, .F. ) ;
#3121 = CYLINDRICAL_SURFACE ( 'NONE', #3086, 1.600000000000000755 ) ;
#3122 = DIRECTION ( 'NONE',  ( 0.000000000000000000, 0.000000000000000000, -1.000000000000000000 ) ) ;
#3123 = CARTESIAN_POINT ( 'NONE',  ( 2.000000000000000000, -61.25000000000000000, 16.00000000000000000 ) ) ;
#3124 = CIRCLE ( 'NONE', #274, 2.000000000000001776 ) ;
#3125 = EDGE_CURVE ( 'NONE', #875, #189, #3319, .T. ) ;
#3126 = CARTESIAN_POINT ( 'NONE',  ( 2.000000000000000000, -198.0000000000000000, 96.00000000000000000 ) ) ;
#3127 = LINE ( 'NONE', #803, #512 ) ;
#3128 = VECTOR ( 'NONE', #2958, 1000.000000000000000 ) ;
#3129 = EDGE_LOOP ( 'NONE', ( #2608, #3110, #1569, #1372 ) ) ;
#3130 = VECTOR ( 'NONE', #1342, 1000.000000000000000 ) ;
#3131 = CIRCLE ( 'NONE', #2867, 1.700000000000000178 ) ;
#3132 = EDGE_CURVE ( 'NONE', #3579, #1992, #1552, .T. ) ;
#3133 = CARTESIAN_POINT ( 'NONE',  ( -2.299999999999999822, 103.0000000000000142, 102.0000000000000142 ) ) ;
#3134 = ORIENTED_EDGE ( 'NONE', *, *, #1936, .T. ) ;
#3135 = CARTESIAN_POINT ( 'NONE',  ( -2.299999999999999822, -72.09999999999999432, 18.25000000000000355 ) ) ;
#3136 = FACE_OUTER_BOUND ( 'NONE', #2185, .T. ) ;
#3137 = EDGE_LOOP ( 'NONE', ( #1804, #3988 ) ) ;
#3138 = VECTOR ( 'NONE', #3593, 1000.000000000000000 ) ;
#3139 = EDGE_CURVE ( 'NONE', #1064, #303, #1075, .T. ) ;
#3140 = VERTEX_POINT ( 'NONE', #3386 ) ;
#3141 = DATE_AND_TIME ( #2409, #3189 ) ;
#3142 = CARTESIAN_POINT ( 'NONE',  ( -1.500000000000000000, 71.53256259467079303, 24.00000000000000000 ) ) ;
#3143 = VECTOR ( 'NONE', #2538, 1000.000000000000000 ) ;
#3144 = EDGE_LOOP ( 'NONE', ( #1687, #3213 ) ) ;
#3145 = DIRECTION ( 'NONE',  ( 0.000000000000000000, 0.000000000000000000, 1.000000000000000000 ) ) ;
#3146 = EDGE_CURVE ( 'NONE', #950, #2259, #3266, .T. ) ;
#3147 = EDGE_LOOP ( 'NONE', ( #3518, #2152, #3890, #967, #588, #1503, #2109, #187, #1549, #455, #4275, #2357, #3585, #3862, #2476, #3225, #2131, #1828, #3829, #2731, #3636 ) ) ;
#3148 = CYLINDRICAL_SURFACE ( 'NONE', #2322, 13.00000000000000178 ) ;
#3149 = FACE_OUTER_BOUND ( 'NONE', #3770, .T. ) ;
#3150 = DIRECTION ( 'NONE',  ( 1.000000000000000000, 0.000000000000000000, 0.000000000000000000 ) ) ;
#3151 = AXIS2_PLACEMENT_3D ( 'NONE', #1010, #3673, #673 ) ;
#3152 = ADVANCED_FACE ( 'NONE', ( #1641 ), #16, .F. ) ;
#3153 = VECTOR ( 'NONE', #119, 1000.000000000000000 ) ;
#3154 = DIRECTION ( 'NONE',  ( 0.000000000000000000, 0.000000000000000000, 1.000000000000000000 ) ) ;
#3155 = PLANE ( 'NONE',  #2535 ) ;
#3156 = VERTEX_POINT ( 'NONE', #983 ) ;
#3157 = DIRECTION ( 'NONE',  ( 1.000000000000000000, 0.000000000000000000, -0.000000000000000000 ) ) ;
#3158 = ORIENTED_EDGE ( 'NONE', *, *, #2966, .F. ) ;
#3159 = DIRECTION ( 'NONE',  ( 0.000000000000000000, 0.000000000000000000, 1.000000000000000000 ) ) ;
#3160 = CARTESIAN_POINT ( 'NONE',  ( 2.000000000000000000, -60.00000000000000000, 30.00000000000000000 ) ) ;
#3161 = AXIS2_PLACEMENT_3D ( 'NONE', #515, #1838, #3474 ) ;
#3162 = VERTEX_POINT ( 'NONE', #56 ) ;
#3163 = EDGE_CURVE ( 'NONE', #937, #922, #1959, .T. ) ;
#3164 = ORIENTED_EDGE ( 'NONE', *, *, #2398, .T. ) ;
#3165 = PERSON_AND_ORGANIZATION ( #2158, #1116 ) ;
#3166 = DIRECTION ( 'NONE',  ( 1.000000000000000000, 0.000000000000000000, -0.000000000000000000 ) ) ;
#3167 = ORIENTED_EDGE ( 'NONE', *, *, #4138, .F. ) ;
#3168 = PLANE ( 'NONE',  #3068 ) ;
#3169 = ORIENTED_EDGE ( 'NONE', *, *, #2253, .T. ) ;
#3170 = DIRECTION ( 'NONE',  ( -1.000000000000000000, -0.000000000000000000, 0.000000000000000000 ) ) ;
#3171 = CARTESIAN_POINT ( 'NONE',  ( 2.000000000000000000, 48.46743740532919986, 24.00000000000000000 ) ) ;
#3172 = EDGE_CURVE ( 'NONE', #1345, #1156, #1380, .T. ) ;
#3173 = CARTESIAN_POINT ( 'NONE',  ( -2.000000000000000000, 85.00000000000000000, 100.0000000000000000 ) ) ;
#3174 = LINE ( 'NONE', #1230, #864 ) ;
#3175 = VERTEX_POINT ( 'NONE', #2376 ) ;
#3176 = EDGE_CURVE ( 'NONE', #309, #2950, #1681, .T. ) ;
#3177 = DIRECTION ( 'NONE',  ( 0.000000000000000000, 1.000000000000000000, 0.000000000000000000 ) ) ;
#3178 = DIRECTION ( 'NONE',  ( 0.000000000000000000, 0.000000000000000000, -1.000000000000000000 ) ) ;
#3179 = CARTESIAN_POINT ( 'NONE',  ( -2.000000000000000000, -173.0000000000000284, 49.75000000000000000 ) ) ;
#3180 = ORIENTED_EDGE ( 'NONE', *, *, #2707, .T. ) ;
#3181 = VERTEX_POINT ( 'NONE', #2685 ) ;
#3182 = EDGE_CURVE ( 'NONE', #4007, #4283, #3621, .T. ) ;
#3183 = DIRECTION ( 'NONE',  ( 0.000000000000000000, 0.000000000000000000, -1.000000000000000000 ) ) ;
#3184 = VERTEX_POINT ( 'NONE', #385 ) ;
#3185 = CARTESIAN_POINT ( 'NONE',  ( 2.000000000000000000, -129.0000000000000000, 57.10000000000000142 ) ) ;
#3186 = ORIENTED_EDGE ( 'NONE', *, *, #2486, .F. ) ;
#3187 = CARTESIAN_POINT ( 'NONE',  ( 1.500000000000000000, -190.0000000000000000, 25.60000000000000142 ) ) ;
#3188 = FACE_BOUND ( 'NONE', #435, .T. ) ;
#3189 = LOCAL_TIME ( 20, 14, 37.00000000000000000, #1153 ) ;
#3190 = EDGE_CURVE ( 'NONE', #2389, #2969, #1538, .T. ) ;
#3191 = CARTESIAN_POINT ( 'NONE',  ( 2.000000000000000000, -202.0000000000000000, 24.00000000000000000 ) ) ;
#3192 = FACE_OUTER_BOUND ( 'NONE', #203, .T. ) ;
#3193 = ORIENTED_EDGE ( 'NONE', *, *, #1617, .T. ) ;
#3194 = AXIS2_PLACEMENT_3D ( 'NONE', #3998, #3046, #1658 ) ;
#3195 = CARTESIAN_POINT ( 'NONE',  ( -2.000000000000000000, 133.0000000000000000, 104.0000000000000142 ) ) ;
#3196 = CARTESIAN_POINT ( 'NONE',  ( 0.000000000000000000, -60.00000000000000000, 18.00000000000000355 ) ) ;
#3197 = AXIS2_PLACEMENT_3D ( 'NONE', #882, #4153, #511 ) ;
#3198 = CARTESIAN_POINT ( 'NONE',  ( -1.500000000000000000, -188.4000000000000057, 24.00000000000000000 ) ) ;
#3199 = DIRECTION ( 'NONE',  ( 0.000000000000000000, 0.000000000000000000, 1.000000000000000000 ) ) ;
#3200 = ORIENTED_EDGE ( 'NONE', *, *, #3139, .F. ) ;
#3201 = CIRCLE ( 'NONE', #493, 2.000000000000001776 ) ;
#3202 = AXIS2_PLACEMENT_3D ( 'NONE', #688, #1984, #332 ) ;
#3203 = AXIS2_PLACEMENT_3D ( 'NONE', #4040, #380, #1161 ) ;
#3204 = VECTOR ( 'NONE', #1876, 1000.000000000000000 ) ;
#3205 = EDGE_LOOP ( 'NONE', ( #3312, #2977 ) ) ;
#3206 = AXIS2_PLACEMENT_3D ( 'NONE', #3530, #1884, #3199 ) ;
#3207 = ADVANCED_FACE ( 'NONE', ( #1027 ), #1399, .F. ) ;
#3208 = FACE_OUTER_BOUND ( 'NONE', #1082, .T. ) ;
#3209 = ORIENTED_EDGE ( 'NONE', *, *, #3043, .T. ) ;
#3210 = VECTOR ( 'NONE', #3419, 1000.000000000000000 ) ;
#3211 = AXIS2_PLACEMENT_3D ( 'NONE', #2979, #4289, #1640 ) ;
#3212 = ORIENTED_EDGE ( 'NONE', *, *, #3501, .F. ) ;
#3213 = ORIENTED_EDGE ( 'NONE', *, *, #1333, .F. ) ;
#3214 = CARTESIAN_POINT ( 'NONE',  ( -2.000000000000000000, 3.367778697655217560E-16, 32.75000000000000000 ) ) ;
#3215 = ORIENTED_EDGE ( 'NONE', *, *, #366, .T. ) ;
#3216 = DIRECTION ( 'NONE',  ( 0.000000000000000000, 0.000000000000000000, -1.000000000000000000 ) ) ;
#3217 = CARTESIAN_POINT ( 'NONE',  ( -2.000000000000000000, 210.0000000000000000, 0.000000000000000000 ) ) ;
#3218 = ORIENTED_EDGE ( 'NONE', *, *, #3190, .T. ) ;
#3219 = AXIS2_PLACEMENT_3D ( 'NONE', #3914, #3607, #3854 ) ;
#3220 = DIRECTION ( 'NONE',  ( 0.000000000000000000, 0.000000000000000000, 1.000000000000000000 ) ) ;
#3221 = CARTESIAN_POINT ( 'NONE',  ( -2.000000000000000000, 198.0000000000000000, 24.00000000000000000 ) ) ;
#3222 = DIRECTION ( 'NONE',  ( -1.000000000000000000, -0.000000000000000000, 0.000000000000000000 ) ) ;
#3223 = DIRECTION ( 'NONE',  ( 1.000000000000000000, 0.000000000000000000, 0.000000000000000000 ) ) ;
#3224 = AXIS2_PLACEMENT_3D ( 'NONE', #4299, #2957, #2656 ) ;
#3225 = ORIENTED_EDGE ( 'NONE', *, *, #3472, .F. ) ;
#3226 = EDGE_CURVE ( 'NONE', #3793, #2094, #737, .T. ) ;
#3227 = EDGE_LOOP ( 'NONE', ( #2924, #2445 ) ) ;
#3228 = CARTESIAN_POINT ( 'NONE',  ( -2.000000000000000000, 48.46743740532919986, 24.00000000000000000 ) ) ;
#3229 = VERTEX_POINT ( 'NONE', #4290 ) ;
#3230 = EDGE_CURVE ( 'NONE', #64, #975, #1310, .T. ) ;
#3231 = VERTEX_POINT ( 'NONE', #3738 ) ;
#3232 = CARTESIAN_POINT ( 'NONE',  ( -1.500000000000000000, 133.0000000000000000, 94.00000000000000000 ) ) ;
#3233 = CARTESIAN_POINT ( 'NONE',  ( 1.500000000000000000, -184.0000000000000000, 0.000000000000000000 ) ) ;
#3234 = CARTESIAN_POINT ( 'NONE',  ( 1.500000000000000000, 188.4000000000000057, 24.00000000000000000 ) ) ;
#3235 = EDGE_CURVE ( 'NONE', #901, #2414, #4090, .T. ) ;
#3236 = VERTEX_POINT ( 'NONE', #4160 ) ;
#3237 = PLANE ( 'NONE',  #3978 ) ;
#3238 = DIRECTION ( 'NONE',  ( 0.000000000000000000, 0.000000000000000000, -1.000000000000000000 ) ) ;
#3239 = CARTESIAN_POINT ( 'NONE',  ( 1.500000000000000000, 85.00000000000000000, 92.00000000000000000 ) ) ;
#3240 = EDGE_LOOP ( 'NONE', ( #2392, #4292, #738, #398, #1327, #2832, #2547, #1470, #2311, #3786, #4190, #514, #1761, #248, #3592, #2634, #3513, #3209, #4130, #2919, #3591 ) ) ;
#3241 = EDGE_CURVE ( 'NONE', #3245, #100, #3827, .T. ) ;
#3242 = CARTESIAN_POINT ( 'NONE',  ( 2.000000000000000000, 133.0000000000000000, 102.0000000000000142 ) ) ;
#3243 = ORIENTED_EDGE ( 'NONE', *, *, #4091, .T. ) ;
#3244 = EDGE_LOOP ( 'NONE', ( #2252, #2782, #1050, #1769 ) ) ;
#3245 = VERTEX_POINT ( 'NONE', #454 ) ;
#3246 = FACE_BOUND ( 'NONE', #3083, .T. ) ;
#3247 = CARTESIAN_POINT ( 'NONE',  ( 2.000000000000000000, 194.5999999999999943, 13.75000000000000000 ) ) ;
#3248 = CARTESIAN_POINT ( 'NONE',  ( -2.000000000000000000, -48.46743740532919986, 24.00000000000000000 ) ) ;
#3249 = CC_DESIGN_PERSON_AND_ORGANIZATION_ASSIGNMENT ( #745, #4150, ( #833 ) ) ;
#3250 = EDGE_LOOP ( 'NONE', ( #2386, #1695, #1519, #1512 ) ) ;
#3251 = CARTESIAN_POINT ( 'NONE',  ( 1.500000000000000000, 191.5999999999999943, 24.00000000000000000 ) ) ;
#3252 = CARTESIAN_POINT ( 'NONE',  ( -2.299999999999999822, 72.09999999999999432, 6.000000000000000000 ) ) ;
#3253 = LINE ( 'NONE', #3339, #3413 ) ;
#3254 = CARTESIAN_POINT ( 'NONE',  ( 2.000000000000000000, -61.25000000000000000, 6.000000000000000000 ) ) ;
#3255 =( GEOMETRIC_REPRESENTATION_CONTEXT ( 3 ) GLOBAL_UNCERTAINTY_ASSIGNED_CONTEXT ( ( #890 ) ) GLOBAL_UNIT_ASSIGNED_CONTEXT ( ( #1690, #508, #483 ) ) REPRESENTATION_CONTEXT ( 'NONE', 'WORKASPACE' ) );
#3256 = VERTEX_POINT ( 'NONE', #1184 ) ;
#3257 = AXIS2_PLACEMENT_3D ( 'NONE', #267, #554, #1606 ) ;
#3258 = ORIENTED_EDGE ( 'NONE', *, *, #3051, .F. ) ;
#3259 = CARTESIAN_POINT ( 'NONE',  ( -2.299999999999999822, -72.09999999999999432, 7.700000000000000178 ) ) ;
#3260 = CARTESIAN_POINT ( 'NONE',  ( 0.000000000000000000, 210.0000000000000000, 0.000000000000000000 ) ) ;
#3261 = VECTOR ( 'NONE', #3373, 1000.000000000000000 ) ;
#3262 = ORIENTED_EDGE ( 'NONE', *, *, #65, .F. ) ;
#3263 = AXIS2_PLACEMENT_3D ( 'NONE', #3358, #2612, #1977 ) ;
#3264 = VECTOR ( 'NONE', #2566, 1000.000000000000000 ) ;
#3265 = ADVANCED_FACE ( 'NONE', ( #1166 ), #2489, .F. ) ;
#3266 = CIRCLE ( 'NONE', #4185, 1.600000000000000755 ) ;
#3267 = AXIS2_PLACEMENT_3D ( 'NONE', #1308, #4304, #1072 ) ;
#3268 = AXIS2_PLACEMENT_3D ( 'NONE', #591, #3656, #674 ) ;
#3269 = EDGE_LOOP ( 'NONE', ( #3361, #2125, #2014, #1261 ) ) ;
#3270 = CARTESIAN_POINT ( 'NONE',  ( 2.000000000000000000, 194.5999999999999943, 4.299999999999999822 ) ) ;
#3271 = EDGE_CURVE ( 'NONE', #2084, #4222, #1748, .T. ) ;
#3272 = VECTOR ( 'NONE', #3836, 1000.000000000000000 ) ;
#3273 = ORIENTED_EDGE ( 'NONE', *, *, #3483, .T. ) ;
#3274 = CARTESIAN_POINT ( 'NONE',  ( 2.000000000000000000, 194.5999999999999943, 18.25000000000000355 ) ) ;
#3275 = FACE_BOUND ( 'NONE', #1253, .T. ) ;
#3276 = AXIS2_PLACEMENT_3D ( 'NONE', #4226, #52, #1251 ) ;
#3277 = ORIENTED_EDGE ( 'NONE', *, *, #3780, .F. ) ;
#3278 = ADVANCED_FACE ( 'NONE', ( #3694, #2047, #3365, #2721, #4042 ), #2282, .T. ) ;
#3279 = LINE ( 'NONE', #299, #1057 ) ;
#3280 = CARTESIAN_POINT ( 'NONE',  ( 2.000000000000000000, 202.0000000000000000, 24.00000000000000000 ) ) ;
#3281 = LINE ( 'NONE', #1597, #1 ) ;
#3282 = ORIENTED_EDGE ( 'NONE', *, *, #2617, .F. ) ;
#3283 = ORIENTED_EDGE ( 'NONE', *, *, #1969, .F. ) ;
#3284 = CIRCLE ( 'NONE', #2542, 2.000000000000001776 ) ;
#3285 = CARTESIAN_POINT ( 'NONE',  ( -2.299999999999999822, 61.25000000000000000, 18.25000000000000355 ) ) ;
#3286 = DIRECTION ( 'NONE',  ( 0.000000000000000000, 0.000000000000000000, 1.000000000000000000 ) ) ;
#3287 = EDGE_CURVE ( 'NONE', #2408, #991, #2306, .T. ) ;
#3288 = EDGE_LOOP ( 'NONE', ( #2147, #3627, #49, #2477 ) ) ;
#3289 = EDGE_LOOP ( 'NONE', ( #3200, #1255, #323, #2172 ) ) ;
#3290 = ORIENTED_EDGE ( 'NONE', *, *, #4214, .T. ) ;
#3291 = CARTESIAN_POINT ( 'NONE',  ( -2.299999999999999822, -129.0000000000000000, 57.10000000000000142 ) ) ;
#3292 = ORIENTED_EDGE ( 'NONE', *, *, #2810, .F. ) ;
#3293 = CARTESIAN_POINT ( 'NONE',  ( 2.000000000000000000, -202.0000000000000000, 25.60000000000000142 ) ) ;
#3294 = EDGE_CURVE ( 'NONE', #2950, #2500, #470, .T. ) ;
#3295 = FACE_BOUND ( 'NONE', #1276, .T. ) ;
#3296 = ORIENTED_EDGE ( 'NONE', *, *, #1919, .F. ) ;
#3297 = FACE_OUTER_BOUND ( 'NONE', #2830, .T. ) ;
#3298 = DIRECTION ( 'NONE',  ( 1.000000000000000000, 0.000000000000000000, -0.000000000000000000 ) ) ;
#3299 = CARTESIAN_POINT ( 'NONE',  ( 2.000000000000000000, -61.25000000000000000, 7.700000000000000178 ) ) ;
#3300 = EDGE_CURVE ( 'NONE', #352, #3470, #2435, .T. ) ;
#3301 = ORIENTED_EDGE ( 'NONE', *, *, #2274, .F. ) ;
#3302 = DIRECTION ( 'NONE',  ( 1.000000000000000000, 0.000000000000000000, -0.000000000000000000 ) ) ;
#3303 = DIRECTION ( 'NONE',  ( 0.000000000000000000, 1.000000000000000000, 0.000000000000000000 ) ) ;
#3304 = CARTESIAN_POINT ( 'NONE',  ( 1.500000000000000000, 0.000000000000000000, 24.00000000000000000 ) ) ;
#3305 = CC_DESIGN_PERSON_AND_ORGANIZATION_ASSIGNMENT ( #2496, #3814, ( #1948 ) ) ;
#3306 = ORIENTED_EDGE ( 'NONE', *, *, #3935, .T. ) ;
#3307 = ADVANCED_FACE ( 'NONE', ( #2814 ), #3087, .F. ) ;
#3308 = ORIENTED_EDGE ( 'NONE', *, *, #48, .T. ) ;
#3309 = ORIENTED_EDGE ( 'NONE', *, *, #4036, .T. ) ;
#3310 = DIRECTION ( 'NONE',  ( -1.000000000000000000, -0.000000000000000000, 0.000000000000000000 ) ) ;
#3311 = EDGE_CURVE ( 'NONE', #3101, #678, #492, .T. ) ;
#3312 = ORIENTED_EDGE ( 'NONE', *, *, #2002, .F. ) ;
#3313 = CARTESIAN_POINT ( 'NONE',  ( 2.000000000000000000, -210.0000000000000000, 108.0000000000000000 ) ) ;
#3314 = CARTESIAN_POINT ( 'NONE',  ( 1.500000000000000000, 0.000000000000000000, 24.00000000000000000 ) ) ;
#3315 = ORIENTED_EDGE ( 'NONE', *, *, #550, .F. ) ;
#3316 = EDGE_CURVE ( 'NONE', #4171, #3486, #2789, .T. ) ;
#3317 = DIRECTION ( 'NONE',  ( -1.000000000000000000, 0.000000000000000000, 0.000000000000000000 ) ) ;
#3318 = DIRECTION ( 'NONE',  ( -0.000000000000000000, 0.000000000000000000, -1.000000000000000000 ) ) ;
#3319 = LINE ( 'NONE', #652, #3000 ) ;
#3320 = ORIENTED_EDGE ( 'NONE', *, *, #734, .T. ) ;
#3321 = LINE ( 'NONE', #1363, #1777 ) ;
#3322 = CARTESIAN_POINT ( 'NONE',  ( 0.000000000000000000, -198.0000000000000000, 24.00000000000000000 ) ) ;
#3323 = CARTESIAN_POINT ( 'NONE',  ( -1.500000000000000000, 190.0000000000000000, 24.00000000000000000 ) ) ;
#3324 = DIRECTION ( 'NONE',  ( 0.000000000000000000, 0.000000000000000000, -1.000000000000000000 ) ) ;
#3325 = VERTEX_POINT ( 'NONE', #4086 ) ;
#3326 = AXIS2_PLACEMENT_3D ( 'NONE', #753, #3150, #1442 ) ;
#3327 = ADVANCED_FACE ( 'NONE', ( #79 ), #1138, .F. ) ;
#3328 = ORIENTED_EDGE ( 'NONE', *, *, #3957, .T. ) ;
#3329 = EDGE_LOOP ( 'NONE', ( #3468, #3090, #2702, #824 ) ) ;
#3330 = AXIS2_PLACEMENT_3D ( 'NONE', #2390, #3396, #2763 ) ;
#3331 = VERTEX_POINT ( 'NONE', #2767 ) ;
#3332 = DIRECTION ( 'NONE',  ( -1.000000000000000000, -0.000000000000000000, -0.000000000000000000 ) ) ;
#3333 = VECTOR ( 'NONE', #2201, 1000.000000000000000 ) ;
#3334 = CIRCLE ( 'NONE', #3899, 2.749999999999999112 ) ;
#3335 = AXIS2_PLACEMENT_3D ( 'NONE', #3861, #1567, #1502 ) ;
#3336 = EDGE_LOOP ( 'NONE', ( #667, #344, #1605, #2941 ) ) ;
#3337 = DIRECTION ( 'NONE',  ( 1.000000000000000000, 0.000000000000000000, -0.000000000000000000 ) ) ;
#3338 = FACE_BOUND ( 'NONE', #317, .T. ) ;
#3339 = CARTESIAN_POINT ( 'NONE',  ( 0.000000000000000000, 145.0000000000000000, 90.00000000000000000 ) ) ;
#3340 = EDGE_CURVE ( 'NONE', #2611, #245, #1487, .T. ) ;
#3341 = ORIENTED_EDGE ( 'NONE', *, *, #3945, .T. ) ;
#3342 = CIRCLE ( 'NONE', #2032, 1.600000000000000755 ) ;
#3343 = FACE_OUTER_BOUND ( 'NONE', #4302, .T. ) ;
#3344 = FACE_OUTER_BOUND ( 'NONE', #3964, .T. ) ;
#3345 = VECTOR ( 'NONE', #4159, 1000.000000000000000 ) ;
#3346 = DIRECTION ( 'NONE',  ( -1.000000000000000000, -0.000000000000000000, 0.000000000000000000 ) ) ;
#3347 = ORIENTED_EDGE ( 'NONE', *, *, #4279, .T. ) ;
#3348 = DIRECTION ( 'NONE',  ( -1.000000000000000000, -0.000000000000000000, 0.000000000000000000 ) ) ;
#3349 = LINE ( 'NONE', #3112, #3557 ) ;
#3350 = ADVANCED_FACE ( 'NONE', ( #1162 ), #1111, .T. ) ;
#3351 = CARTESIAN_POINT ( 'NONE',  ( -2.299999999999999822, -191.5999999999999943, 24.00000000000000000 ) ) ;
#3352 = ORIENTED_EDGE ( 'NONE', *, *, #1148, .F. ) ;
#3353 = AXIS2_PLACEMENT_3D ( 'NONE', #1187, #3442, #1493 ) ;
#3354 = AXIS2_PLACEMENT_3D ( 'NONE', #2245, #1902, #518 ) ;
#3355 = VERTEX_POINT ( 'NONE', #1463 ) ;
#3356 = CIRCLE ( 'NONE', #1700, 1.700000000000000178 ) ;
#3357 = ORIENTED_EDGE ( 'NONE', *, *, #998, .T. ) ;
#3358 = CARTESIAN_POINT ( 'NONE',  ( -2.000000000000000000, 61.25000000000000000, 6.000000000000000000 ) ) ;
#3359 = EDGE_CURVE ( 'NONE', #3954, #1651, #2835, .T. ) ;
#3360 = AXIS2_PLACEMENT_3D ( 'NONE', #2460, #1440, #3779 ) ;
#3361 = ORIENTED_EDGE ( 'NONE', *, *, #2074, .T. ) ;
#3362 = CARTESIAN_POINT ( 'NONE',  ( -2.299999999999999822, -61.25000000000000000, 16.00000000000000000 ) ) ;
#3363 = DIRECTION ( 'NONE',  ( 1.000000000000000000, 0.000000000000000000, -0.000000000000000000 ) ) ;
#3364 = DIRECTION ( 'NONE',  ( 0.000000000000000000, 1.000000000000000000, 0.000000000000000000 ) ) ;
#3365 = FACE_BOUND ( 'NONE', #3414, .T. ) ;
#3366 = EDGE_CURVE ( 'NONE', #4280, #553, #2749, .T. ) ;
#3367 = CARTESIAN_POINT ( 'NONE',  ( -2.000000000000000000, -60.00000000000000000, 30.00000000000000000 ) ) ;
#3368 = CYLINDRICAL_SURFACE ( 'NONE', #3559, 2.000000000000001776 ) ;
#3369 = DIRECTION ( 'NONE',  ( 0.000000000000000000, 0.000000000000000000, 1.000000000000000000 ) ) ;
#3370 = VERTEX_POINT ( 'NONE', #2418 ) ;
#3371 = FACE_OUTER_BOUND ( 'NONE', #1623, .T. ) ;
#3372 = DIRECTION ( 'NONE',  ( 1.000000000000000000, 0.000000000000000000, -0.000000000000000000 ) ) ;
#3373 = DIRECTION ( 'NONE',  ( -1.000000000000000000, -0.000000000000000000, 0.000000000000000000 ) ) ;
#3374 = VERTEX_POINT ( 'NONE', #2397 ) ;
#3375 = EDGE_CURVE ( 'NONE', #17, #4174, #134, .T. ) ;
#3376 = ORIENTED_EDGE ( 'NONE', *, *, #3660, .F. ) ;
#3377 = CARTESIAN_POINT ( 'NONE',  ( 2.000000000000000000, 0.000000000000000000, 24.00000000000000000 ) ) ;
#3378 = ORIENTED_EDGE ( 'NONE', *, *, #2031, .F. ) ;
#3379 = CARTESIAN_POINT ( 'NONE',  ( 1.500000000000000000, 0.000000000000000000, 30.00000000000000000 ) ) ;
#3380 = CARTESIAN_POINT ( 'NONE',  ( 1.500000000000000000, 103.0000000000000142, 92.00000000000000000 ) ) ;
#3381 = DIRECTION ( 'NONE',  ( 1.000000000000000000, 0.000000000000000000, 0.000000000000000000 ) ) ;
#3382 = LINE ( 'NONE', #1042, #2384 ) ;
#3383 = LINE ( 'NONE', #402, #487 ) ;
#3384 = CARTESIAN_POINT ( 'NONE',  ( -2.000000000000000000, -194.5999999999999943, 16.00000000000000000 ) ) ;
#3385 = DIRECTION ( 'NONE',  ( 0.000000000000000000, -0.000000000000000000, 1.000000000000000000 ) ) ;
#3386 = CARTESIAN_POINT ( 'NONE',  ( 1.500000000000000000, 48.46743740532919986, 24.00000000000000000 ) ) ;
#3387 = DIRECTION ( 'NONE',  ( 0.000000000000000000, 1.000000000000000000, 0.000000000000000000 ) ) ;
#3388 = DIRECTION ( 'NONE',  ( 1.000000000000000000, 0.000000000000000000, -0.000000000000000000 ) ) ;
#3389 = LINE ( 'NONE', #3678, #2726 ) ;
#3390 = EDGE_LOOP ( 'NONE', ( #2060, #4118, #3728, #3180, #1810, #4230, #810, #528 ) ) ;
#3391 = CIRCLE ( 'NONE', #1741, 1.600000000000000755 ) ;
#3392 = VERTEX_POINT ( 'NONE', #779 ) ;
#3393 = CALENDAR_DATE ( 2026, 26, 8 ) ;
#3394 = CYLINDRICAL_SURFACE ( 'NONE', #2869, 2.000000000000001776 ) ;
#3395 = ORIENTED_EDGE ( 'NONE', *, *, #4091, .F. ) ;
#3396 = DIRECTION ( 'NONE',  ( -1.000000000000000000, -0.000000000000000000, 0.000000000000000000 ) ) ;
#3397 = VECTOR ( 'NONE', #2963, 1000.000000000000000 ) ;
#3398 = EDGE_CURVE ( 'NONE', #1933, #4071, #3124, .T. ) ;
#3399 = CIRCLE ( 'NONE', #1544, 13.00000000000000178 ) ;
#3400 = ORIENTED_EDGE ( 'NONE', *, *, #3567, .F. ) ;
#3401 = CARTESIAN_POINT ( 'NONE',  ( -2.000000000000000000, -72.09999999999999432, 6.000000000000000000 ) ) ;
#3402 = CARTESIAN_POINT ( 'NONE',  ( 1.500000000000000000, 175.0000000000000284, 92.00000000000000000 ) ) ;
#3403 = DIRECTION ( 'NONE',  ( 0.000000000000000000, -1.000000000000000000, -0.000000000000000000 ) ) ;
#3404 = DIRECTION ( 'NONE',  ( 1.000000000000000000, 0.000000000000000000, -0.000000000000000000 ) ) ;
#3405 = EDGE_CURVE ( 'NONE', #1448, #3512, #2790, .T. ) ;
#3406 = VECTOR ( 'NONE', #1252, 1000.000000000000000 ) ;
#3407 = CIRCLE ( 'NONE', #3553, 2.750000000000002665 ) ;
#3408 = CIRCLE ( 'NONE', #969, 2.000000000000001776 ) ;
#3409 = VECTOR ( 'NONE', #445, 1000.000000000000000 ) ;
#3410 = VECTOR ( 'NONE', #2029, 1000.000000000000000 ) ;
#3411 = LINE ( 'NONE', #143, #2652 ) ;
#3412 = CARTESIAN_POINT ( 'NONE',  ( 0.000000000000000000, 175.0000000000000000, 104.0000000000000142 ) ) ;
#3413 = VECTOR ( 'NONE', #1699, 1000.000000000000000 ) ;
#3414 = EDGE_LOOP ( 'NONE', ( #2597, #2803, #1590, #3699 ) ) ;
#3415 = EDGE_CURVE ( 'NONE', #744, #2648, #2090, .T. ) ;
#3416 = VECTOR ( 'NONE', #3303, 1000.000000000000000 ) ;
#3417 = DIRECTION ( 'NONE',  ( 1.000000000000000000, 0.000000000000000000, 0.000000000000000000 ) ) ;
#3418 = PLANE ( 'NONE',  #1258 ) ;
#3419 = DIRECTION ( 'NONE',  ( 1.000000000000000000, 0.000000000000000000, -0.000000000000000000 ) ) ;
#3420 = CARTESIAN_POINT ( 'NONE',  ( -2.000000000000000000, -170.0000000000000000, 68.00000000000000000 ) ) ;
#3421 = ORIENTED_EDGE ( 'NONE', *, *, #2595, .T. ) ;
#3422 = AXIS2_PLACEMENT_3D ( 'NONE', #3874, #894, #601 ) ;
#3423 = EDGE_LOOP ( 'NONE', ( #2264, #2079, #2686, #3441 ) ) ;
#3424 = EDGE_CURVE ( 'NONE', #2556, #312, #3475, .T. ) ;
#3425 = APPROVAL_STATUS ( 'not_yet_approved' ) ;
#3426 = CARTESIAN_POINT ( 'NONE',  ( -2.000000000000000000, 0.000000000000000000, 100.0000000000000000 ) ) ;
#3427 = VECTOR ( 'NONE', #3387, 1000.000000000000000 ) ;
#3428 = ORIENTED_EDGE ( 'NONE', *, *, #3675, .T. ) ;
#3429 = CARTESIAN_POINT ( 'NONE',  ( 1.500000000000000000, 175.0000000000000000, 90.00000000000000000 ) ) ;
#3430 = CIRCLE ( 'NONE', #3354, 2.749999999999999112 ) ;
#3431 = AXIS2_PLACEMENT_3D ( 'NONE', #1118, #3092, #3807 ) ;
#3432 = ORIENTED_EDGE ( 'NONE', *, *, #872, .F. ) ;
#3433 = DIRECTION ( 'NONE',  ( 1.000000000000000000, 0.000000000000000000, -0.000000000000000000 ) ) ;
#3434 = DIRECTION ( 'NONE',  ( 1.000000000000000000, 0.000000000000000000, 0.000000000000000000 ) ) ;
#3435 = AXIS2_PLACEMENT_3D ( 'NONE', #3401, #1136, #3061 ) ;
#3436 = CARTESIAN_POINT ( 'NONE',  ( 2.000000000000000000, 210.0000000000000000, 0.000000000000000000 ) ) ;
#3437 = EDGE_CURVE ( 'NONE', #1817, #1381, #733, .T. ) ;
#3438 = FACE_OUTER_BOUND ( 'NONE', #3269, .T. ) ;
#3439 = CARTESIAN_POINT ( 'NONE',  ( -2.000000000000000000, 71.53256259467079303, 24.00000000000000000 ) ) ;
#3440 = ORIENTED_EDGE ( 'NONE', *, *, #3027, .F. ) ;
#3441 = ORIENTED_EDGE ( 'NONE', *, *, #3311, .F. ) ;
#3442 = DIRECTION ( 'NONE',  ( 1.000000000000000000, 0.000000000000000000, -0.000000000000000000 ) ) ;
#3443 = EDGE_CURVE ( 'NONE', #2969, #2324, #3383, .T. ) ;
#3444 = ORIENTED_EDGE ( 'NONE', *, *, #428, .F. ) ;
#3445 = CARTESIAN_POINT ( 'NONE',  ( -2.000000000000000000, -184.0000000000000000, 53.92820323027554252 ) ) ;
#3446 = DIRECTION ( 'NONE',  ( 0.000000000000000000, 0.000000000000000000, 1.000000000000000000 ) ) ;
#3447 = DIRECTION ( 'NONE',  ( 1.000000000000000000, 0.000000000000000000, -0.000000000000000000 ) ) ;
#3448 = ORIENTED_EDGE ( 'NONE', *, *, #3437, .T. ) ;
#3449 = EDGE_LOOP ( 'NONE', ( #3164, #12, #437, #1573 ) ) ;
#3450 = CARTESIAN_POINT ( 'NONE',  ( -2.000000000000000000, -190.0000000000000000, 24.00000000000000000 ) ) ;
#3451 = ORIENTED_EDGE ( 'NONE', *, *, #1798, .F. ) ;
#3452 = PLANE ( 'NONE',  #3547 ) ;
#3453 = EDGE_CURVE ( 'NONE', #2134, #3162, #4307, .T. ) ;
#3454 = DIRECTION ( 'NONE',  ( -1.000000000000000000, -0.000000000000000000, 0.000000000000000000 ) ) ;
#3455 = CARTESIAN_POINT ( 'NONE',  ( 2.000000000000000000, 0.000000000000000000, 30.00000000000000000 ) ) ;
#3456 = CARTESIAN_POINT ( 'NONE',  ( -2.000000000000000000, 0.000000000000000000, 30.00000000000000000 ) ) ;
#3457 = CARTESIAN_POINT ( 'NONE',  ( -2.000000000000000000, 190.0000000000000000, 22.39999999999999858 ) ) ;
#3458 = DIRECTION ( 'NONE',  ( -1.000000000000000000, -0.000000000000000000, -0.000000000000000000 ) ) ;
#3459 = DIRECTION ( 'NONE',  ( -0.000000000000000000, 1.000000000000000000, 0.000000000000000000 ) ) ;
#3460 = ORIENTED_EDGE ( 'NONE', *, *, #578, .T. ) ;
#3461 = EDGE_CURVE ( 'NONE', #744, #3098, #1875, .T. ) ;
#3462 = DIRECTION ( 'NONE',  ( 0.000000000000000000, 1.000000000000000000, 0.000000000000000000 ) ) ;
#3463 = ORIENTED_EDGE ( 'NONE', *, *, #159, .F. ) ;
#3464 = DIRECTION ( 'NONE',  ( -0.000000000000000000, 1.000000000000000000, 0.000000000000000000 ) ) ;
#3465 = DIRECTION ( 'NONE',  ( 0.000000000000000000, 0.000000000000000000, 1.000000000000000000 ) ) ;
#3466 = CARTESIAN_POINT ( 'NONE',  ( -2.000000000000000000, -184.0000000000000000, 40.07179676972445748 ) ) ;
#3467 = ORIENTED_EDGE ( 'NONE', *, *, #3461, .T. ) ;
#3468 = ORIENTED_EDGE ( 'NONE', *, *, #2136, .T. ) ;
#3469 = DIRECTION ( 'NONE',  ( 1.000000000000000000, 0.000000000000000000, -0.000000000000000000 ) ) ;
#3470 = VERTEX_POINT ( 'NONE', #1574 ) ;
#3471 = DIRECTION ( 'NONE',  ( 0.000000000000000000, 0.000000000000000000, -1.000000000000000000 ) ) ;
#3472 = EDGE_CURVE ( 'NONE', #1530, #4007, #532, .T. ) ;
#3473 = DIRECTION ( 'NONE',  ( 1.000000000000000000, 0.000000000000000000, 0.000000000000000000 ) ) ;
#3474 = DIRECTION ( 'NONE',  ( 0.000000000000000000, 0.000000000000000000, 1.000000000000000000 ) ) ;
#3475 = LINE ( 'NONE', #3436, #2718 ) ;
#3476 = AXIS2_PLACEMENT_3D ( 'NONE', #845, #3502, #2529 ) ;
#3477 = DIRECTION ( 'NONE',  ( 0.000000000000000000, -1.000000000000000000, -0.000000000000000000 ) ) ;
#3478 = CARTESIAN_POINT ( 'NONE',  ( -2.299999999999999822, -60.00000000000000000, 27.25000000000000000 ) ) ;
#3479 = EDGE_CURVE ( 'NONE', #3392, #2195, #1604, .T. ) ;
#3480 = CIRCLE ( 'NONE', #2023, 2.250000000000001776 ) ;
#3481 = ORIENTED_EDGE ( 'NONE', *, *, #1179, .F. ) ;
#3482 = AXIS2_PLACEMENT_3D ( 'NONE', #3768, #479, #4146 ) ;
#3483 = EDGE_CURVE ( 'NONE', #4222, #1123, #3059, .T. ) ;
#3484 = CIRCLE ( 'NONE', #4111, 2.250000000000001776 ) ;
#3485 = LINE ( 'NONE', #2163, #2673 ) ;
#3486 = VERTEX_POINT ( 'NONE', #3232 ) ;
#3487 = CARTESIAN_POINT ( 'NONE',  ( 1.500000000000000000, 133.0000000000000000, 90.00000000000000000 ) ) ;
#3488 = CARTESIAN_POINT ( 'NONE',  ( -2.000000000000000000, 115.0000000000000000, 100.0000000000000000 ) ) ;
#3489 = CARTESIAN_POINT ( 'NONE',  ( 2.000000000000000000, 0.000000000000000000, 104.0000000000000142 ) ) ;
#3490 = VERTEX_POINT ( 'NONE', #3171 ) ;
#3491 = AXIS2_PLACEMENT_3D ( 'NONE', #4023, #4073, #1730 ) ;
#3492 = ADVANCED_FACE ( 'NONE', ( #4219, #3521, #2181, #4175, #1244, #2915, #2878, #251, #931, #3821, #2202, #4156, #230, #3188, #204, #1204, #2571, #3884, #2240, #906, #3246, #3562, #183, #1262, #576, #1918, #1551 ), #4201, .T. ) ;
#3493 = EDGE_LOOP ( 'NONE', ( #3109, #804, #1434, #2610 ) ) ;
#3494 = DIRECTION ( 'NONE',  ( 1.000000000000000000, 0.000000000000000000, 0.000000000000000000 ) ) ;
#3495 = LINE ( 'NONE', #546, #3264 ) ;
#3496 = VECTOR ( 'NONE', #2208, 1000.000000000000000 ) ;
#3497 = VERTEX_POINT ( 'NONE', #3539 ) ;
#3498 = CARTESIAN_POINT ( 'NONE',  ( -2.000000000000000000, -194.5999999999999943, 6.000000000000000000 ) ) ;
#3499 = VERTEX_POINT ( 'NONE', #4236 ) ;
#3500 = DIRECTION ( 'NONE',  ( 1.000000000000000000, 0.000000000000000000, 0.000000000000000000 ) ) ;
#3501 = EDGE_CURVE ( 'NONE', #88, #1598, #2591, .T. ) ;
#3502 = DIRECTION ( 'NONE',  ( 1.000000000000000000, 0.000000000000000000, -0.000000000000000000 ) ) ;
#3503 = VECTOR ( 'NONE', #2837, 1000.000000000000000 ) ;
#3504 = LINE ( 'NONE', #3233, #1059 ) ;
#3505 = FACE_OUTER_BOUND ( 'NONE', #1367, .T. ) ;
#3506 = ORIENTED_EDGE ( 'NONE', *, *, #1377, .T. ) ;
#3507 = EDGE_CURVE ( 'NONE', #1269, #2030, #838, .T. ) ;
#3508 = DIRECTION ( 'NONE',  ( 1.000000000000000000, 0.000000000000000000, -0.000000000000000000 ) ) ;
#3509 = ORIENTED_EDGE ( 'NONE', *, *, #1869, .F. ) ;
#3510 = CARTESIAN_POINT ( 'NONE',  ( -2.299999999999999822, 202.0000000000000000, 24.00000000000000000 ) ) ;
#3511 = CARTESIAN_POINT ( 'NONE',  ( 1.500000000000000000, 0.000000000000000000, 24.00000000000000000 ) ) ;
#3512 = VERTEX_POINT ( 'NONE', #3214 ) ;
#3513 = ORIENTED_EDGE ( 'NONE', *, *, #2891, .F. ) ;
#3514 = FACE_OUTER_BOUND ( 'NONE', #3007, .T. ) ;
#3515 = VERTEX_POINT ( 'NONE', #1181 ) ;
#3516 = PLANE ( 'NONE',  #1475 ) ;
#3517 = EDGE_CURVE ( 'NONE', #1992, #3579, #1049, .T. ) ;
#3518 = ORIENTED_EDGE ( 'NONE', *, *, #2243, .F. ) ;
#3519 = FACE_OUTER_BOUND ( 'NONE', #3449, .T. ) ;
#3520 = ORIENTED_EDGE ( 'NONE', *, *, #4229, .T. ) ;
#3521 = FACE_BOUND ( 'NONE', #3753, .T. ) ;
#3522 = CARTESIAN_POINT ( 'NONE',  ( -2.000000000000000000, -61.25000000000000000, 7.700000000000000178 ) ) ;
#3523 = CARTESIAN_POINT ( 'NONE',  ( 1.500000000000000000, 115.0000000000000000, 92.00000000000000000 ) ) ;
#3524 = ORIENTED_EDGE ( 'NONE', *, *, #3106, .T. ) ;
#3525 = PRODUCT_RELATED_PRODUCT_CATEGORY ( 'detail', '', ( #704 ) ) ;
#3526 = DIRECTION ( 'NONE',  ( 1.000000000000000000, 0.000000000000000000, -0.000000000000000000 ) ) ;
#3527 = DIRECTION ( 'NONE',  ( -1.000000000000000000, -0.000000000000000000, 0.000000000000000000 ) ) ;
#3528 = EDGE_LOOP ( 'NONE', ( #1851, #2818, #2997, #108 ) ) ;
#3529 = CARTESIAN_POINT ( 'NONE',  ( -2.000000000000000000, -190.0000000000000000, 24.00000000000000000 ) ) ;
#3530 = CARTESIAN_POINT ( 'NONE',  ( -1.500000000000000000, 85.00000000000000000, 92.00000000000000000 ) ) ;
#3531 = VERTEX_POINT ( 'NONE', #377 ) ;
#3532 = ORIENTED_EDGE ( 'NONE', *, *, #2713, .F. ) ;
#3533 = CARTESIAN_POINT ( 'NONE',  ( 0.000000000000000000, -122.0000000000000000, 90.00000000000001421 ) ) ;
#3534 = EDGE_CURVE ( 'NONE', #595, #376, #2935, .T. ) ;
#3535 = VERTEX_POINT ( 'NONE', #3624 ) ;
#3536 = CARTESIAN_POINT ( 'NONE',  ( -2.000000000000000000, 194.5999999999999943, 7.700000000000000178 ) ) ;
#3537 = EDGE_LOOP ( 'NONE', ( #524, #239, #605, #2981 ) ) ;
#3538 = EDGE_LOOP ( 'NONE', ( #3999, #575 ) ) ;
#3539 = CARTESIAN_POINT ( 'NONE',  ( 2.000000000000000000, 72.09999999999999432, 13.75000000000000000 ) ) ;
#3540 = LINE ( 'NONE', #1154, #2375 ) ;
#3541 = CARTESIAN_POINT ( 'NONE',  ( -2.000000000000000000, 103.0000000000000142, 100.0000000000000000 ) ) ;
#3542 = EDGE_CURVE ( 'NONE', #3566, #1847, #552, .T. ) ;
#3543 = ORIENTED_EDGE ( 'NONE', *, *, #927, .T. ) ;
#3544 = AXIS2_PLACEMENT_3D ( 'NONE', #1952, #3310, #2994 ) ;
#3545 = DIRECTION ( 'NONE',  ( 0.000000000000000000, 0.000000000000000000, 1.000000000000000000 ) ) ;
#3546 = DIRECTION ( 'NONE',  ( 0.000000000000000000, -1.000000000000000000, 0.000000000000000000 ) ) ;
#3547 = AXIS2_PLACEMENT_3D ( 'NONE', #424, #1482, #112 ) ;
#3548 = DIRECTION ( 'NONE',  ( 1.000000000000000000, 0.000000000000000000, -0.000000000000000000 ) ) ;
#3549 = FACE_OUTER_BOUND ( 'NONE', #705, .T. ) ;
#3550 = EDGE_CURVE ( 'NONE', #4106, #3793, #63, .T. ) ;
#3551 = ORIENTED_EDGE ( 'NONE', *, *, #223, .T. ) ;
#3552 = VECTOR ( 'NONE', #1517, 1000.000000000000000 ) ;
#3553 = AXIS2_PLACEMENT_3D ( 'NONE', #2373, #1639, #383 ) ;
#3554 = ORIENTED_EDGE ( 'NONE', *, *, #2199, .T. ) ;
#3555 = DIRECTION ( 'NONE',  ( 0.000000000000000000, 0.000000000000000000, 1.000000000000000000 ) ) ;
#3556 = EDGE_LOOP ( 'NONE', ( #180, #2337, #288, #3662 ) ) ;
#3557 = VECTOR ( 'NONE', #2447, 1000.000000000000000 ) ;
#3558 = EDGE_CURVE ( 'NONE', #4283, #2627, #3925, .T. ) ;
#3559 = AXIS2_PLACEMENT_3D ( 'NONE', #736, #3651, #36 ) ;
#3560 = ORIENTED_EDGE ( 'NONE', *, *, #3885, .T. ) ;
#3561 = VERTEX_POINT ( 'NONE', #1370 ) ;
#3562 = FACE_BOUND ( 'NONE', #2111, .T. ) ;
#3563 = CARTESIAN_POINT ( 'NONE',  ( 1.500000000000000000, -198.0000000000000000, 24.00000000000000000 ) ) ;
#3564 = FACE_OUTER_BOUND ( 'NONE', #2945, .T. ) ;
#3565 = AXIS2_PLACEMENT_3D ( 'NONE', #2054, #3956, #718 ) ;
#3566 = VERTEX_POINT ( 'NONE', #1348 ) ;
#3567 = EDGE_CURVE ( 'NONE', #3181, #1202, #3891, .T. ) ;
#3568 = VECTOR ( 'NONE', #82, 1000.000000000000000 ) ;
#3569 = CIRCLE ( 'NONE', #3015, 5.100000000000000533 ) ;
#3570 = FACE_OUTER_BOUND ( 'NONE', #3805, .T. ) ;
#3571 = LINE ( 'NONE', #1559, #637 ) ;
#3572 = DIRECTION ( 'NONE',  ( -1.000000000000000000, -0.000000000000000000, 0.000000000000000000 ) ) ;
#3573 = DIRECTION ( 'NONE',  ( 1.000000000000000000, 0.000000000000000000, -0.000000000000000000 ) ) ;
#3574 = CIRCLE ( 'NONE', #2470, 2.000000000000001776 ) ;
#3575 = VERTEX_POINT ( 'NONE', #1693 ) ;
#3576 = EDGE_LOOP ( 'NONE', ( #1717, #3679, #2356, #836 ) ) ;
#3577 = CARTESIAN_POINT ( 'NONE',  ( 1.500000000000000000, -184.0000000000000000, 40.07179676972445748 ) ) ;
#3578 = VERTEX_POINT ( 'NONE', #2676 ) ;
#3579 = VERTEX_POINT ( 'NONE', #2954 ) ;
#3580 = ORIENTED_EDGE ( 'NONE', *, *, #1773, .F. ) ;
#3581 = CARTESIAN_POINT ( 'NONE',  ( 0.000000000000000000, 198.0000000000000000, 96.00000000000000000 ) ) ;
#3582 = LINE ( 'NONE', #236, #771 ) ;
#3583 = CYLINDRICAL_SURFACE ( 'NONE', #363, 5.100000000000000533 ) ;
#3584 = EDGE_CURVE ( 'NONE', #2247, #2909, #2581, .T. ) ;
#3585 = ORIENTED_EDGE ( 'NONE', *, *, #3957, .F. ) ;
#3586 = LINE ( 'NONE', #2207, #1914 ) ;
#3587 = LINE ( 'NONE', #1026, #1609 ) ;
#3588 = CARTESIAN_POINT ( 'NONE',  ( -2.299999999999999822, 60.00000000000000000, 30.00000000000000000 ) ) ;
#3589 = CARTESIAN_POINT ( 'NONE',  ( 2.000000000000000000, 163.0000000000000000, 102.0000000000000142 ) ) ;
#3590 = EDGE_CURVE ( 'NONE', #3709, #3026, #4261, .T. ) ;
#3591 = ORIENTED_EDGE ( 'NONE', *, *, #138, .F. ) ;
#3592 = ORIENTED_EDGE ( 'NONE', *, *, #3453, .F. ) ;
#3593 = DIRECTION ( 'NONE',  ( 1.000000000000000000, 0.000000000000000000, 0.000000000000000000 ) ) ;
#3594 = EDGE_CURVE ( 'NONE', #583, #4032, #410, .T. ) ;
#3595 = FACE_OUTER_BOUND ( 'NONE', #3493, .T. ) ;
#3596 = ORIENTED_EDGE ( 'NONE', *, *, #1443, .T. ) ;
#3597 = ORIENTED_EDGE ( 'NONE', *, *, #3806, .F. ) ;
#3598 = ORIENTED_EDGE ( 'NONE', *, *, #1443, .F. ) ;
#3599 = DIRECTION ( 'NONE',  ( 1.000000000000000000, 0.000000000000000000, -0.000000000000000000 ) ) ;
#3600 = EDGE_CURVE ( 'NONE', #3535, #3882, #350, .T. ) ;
#3601 = EDGE_LOOP ( 'NONE', ( #2364, #3543, #3448, #3039 ) ) ;
#3602 = CYLINDRICAL_SURFACE ( 'NONE', #4136, 2.250000000000000444 ) ;
#3603 = DIRECTION ( 'NONE',  ( -0.000000000000000000, 0.000000000000000000, -1.000000000000000000 ) ) ;
#3604 = CARTESIAN_POINT ( 'NONE',  ( 1.500000000000000000, 0.000000000000000000, 0.000000000000000000 ) ) ;
#3605 = ORIENTED_EDGE ( 'NONE', *, *, #93, .T. ) ;
#3606 = EDGE_CURVE ( 'NONE', #3994, #1668, #3828, .T. ) ;
#3607 = DIRECTION ( 'NONE',  ( 1.000000000000000000, 0.000000000000000000, -0.000000000000000000 ) ) ;
#3608 = PLANE ( 'NONE',  #3905 ) ;
#3609 = FACE_BOUND ( 'NONE', #547, .T. ) ;
#3610 = AXIS2_PLACEMENT_3D ( 'NONE', #1726, #1986, #3369 ) ;
#3611 = ORIENTED_EDGE ( 'NONE', *, *, #743, .F. ) ;
#3612 = ORIENTED_EDGE ( 'NONE', *, *, #1160, .T. ) ;
#3613 = CYLINDRICAL_SURFACE ( 'NONE', #2016, 1.600000000000000755 ) ;
#3614 = CARTESIAN_POINT ( 'NONE',  ( -2.299999999999999822, 72.09999999999999432, 13.75000000000000000 ) ) ;
#3615 = DIRECTION ( 'NONE',  ( 0.000000000000000000, 0.000000000000000000, -1.000000000000000000 ) ) ;
#3616 = VECTOR ( 'NONE', #4074, 1000.000000000000000 ) ;
#3617 = AXIS2_PLACEMENT_3D ( 'NONE', #4158, #3762, #1093 ) ;
#3618 = ORIENTED_EDGE ( 'NONE', *, *, #3501, .T. ) ;
#3619 = AXIS2_PLACEMENT_3D ( 'NONE', #1390, #1718, #4061 ) ;
#3620 = VECTOR ( 'NONE', #1221, 1000.000000000000000 ) ;
#3621 = CIRCLE ( 'NONE', #3610, 1.600000000000000755 ) ;
#3622 = VECTOR ( 'NONE', #1931, 1000.000000000000000 ) ;
#3623 = ORIENTED_EDGE ( 'NONE', *, *, #2377, .F. ) ;
#3624 = CARTESIAN_POINT ( 'NONE',  ( -2.000000000000000000, -129.0000000000000000, 57.10000000000000142 ) ) ;
#3625 = CIRCLE ( 'NONE', #145, 1.700000000000000178 ) ;
#3626 = EDGE_CURVE ( 'NONE', #1539, #3036, #3942, .T. ) ;
#3627 = ORIENTED_EDGE ( 'NONE', *, *, #4044, .T. ) ;
#3628 = DIRECTION ( 'NONE',  ( -1.000000000000000000, -0.000000000000000000, 0.000000000000000000 ) ) ;
#3629 = FACE_BOUND ( 'NONE', #111, .T. ) ;
#3630 = CARTESIAN_POINT ( 'NONE',  ( -1.500000000000000000, 0.000000000000000000, 90.00000000000001421 ) ) ;
#3631 = VECTOR ( 'NONE', #258, 1000.000000000000000 ) ;
#3632 = VERTEX_POINT ( 'NONE', #3270 ) ;
#3633 = DIRECTION ( 'NONE',  ( -1.000000000000000000, -0.000000000000000000, 0.000000000000000000 ) ) ;
#3634 = DIRECTION ( 'NONE',  ( -1.000000000000000000, -0.000000000000000000, 0.000000000000000000 ) ) ;
#3635 = DIRECTION ( 'NONE',  ( -1.000000000000000000, -0.000000000000000000, 0.000000000000000000 ) ) ;
#3636 = ORIENTED_EDGE ( 'NONE', *, *, #1205, .F. ) ;
#3637 = EDGE_CURVE ( 'NONE', #2563, #1539, #640, .T. ) ;
#3638 = LINE ( 'NONE', #2314, #3013 ) ;
#3639 = DIRECTION ( 'NONE',  ( 1.000000000000000000, 0.000000000000000000, 0.000000000000000000 ) ) ;
#3640 = CARTESIAN_POINT ( 'NONE',  ( 1.500000000000000000, 190.0000000000000000, 24.00000000000000000 ) ) ;
#3641 = LINE ( 'NONE', #3304, #559 ) ;
#3642 = VERTEX_POINT ( 'NONE', #1038 ) ;
#3643 = VERTEX_POINT ( 'NONE', #2361 ) ;
#3644 = ORIENTED_EDGE ( 'NONE', *, *, #636, .T. ) ;
#3645 = DIRECTION ( 'NONE',  ( 0.000000000000000000, 0.000000000000000000, 1.000000000000000000 ) ) ;
#3646 = EDGE_CURVE ( 'NONE', #1817, #3859, #2992, .T. ) ;
#3647 = CARTESIAN_POINT ( 'NONE',  ( 1.500000000000000000, -60.00000000000000000, 30.00000000000000000 ) ) ;
#3648 = FACE_BOUND ( 'NONE', #1296, .T. ) ;
#3649 = ORIENTED_EDGE ( 'NONE', *, *, #2912, .T. ) ;
#3650 = DIRECTION ( 'NONE',  ( 0.000000000000000000, 0.000000000000000000, 1.000000000000000000 ) ) ;
#3651 = DIRECTION ( 'NONE',  ( 1.000000000000000000, 0.000000000000000000, 0.000000000000000000 ) ) ;
#3652 = DIRECTION ( 'NONE',  ( -1.000000000000000000, -0.000000000000000000, 0.000000000000000000 ) ) ;
#3653 = ORIENTED_EDGE ( 'NONE', *, *, #938, .T. ) ;
#3654 = EDGE_CURVE ( 'NONE', #862, #152, #949, .T. ) ;
#3655 = PLANE ( 'NONE',  #3151 ) ;
#3656 = DIRECTION ( 'NONE',  ( 1.000000000000000000, 0.000000000000000000, 0.000000000000000000 ) ) ;
#3657 = CYLINDRICAL_SURFACE ( 'NONE', #4034, 2.750000000000002665 ) ;
#3658 = ORIENTED_EDGE ( 'NONE', *, *, #2982, .F. ) ;
#3659 = ORIENTED_EDGE ( 'NONE', *, *, #3550, .F. ) ;
#3660 = EDGE_CURVE ( 'NONE', #1418, #1460, #1650, .T. ) ;
#3661 = DIRECTION ( 'NONE',  ( 1.000000000000000000, 0.000000000000000000, 0.000000000000000000 ) ) ;
#3662 = ORIENTED_EDGE ( 'NONE', *, *, #2385, .F. ) ;
#3663 = DIRECTION ( 'NONE',  ( 0.000000000000000000, 0.000000000000000000, -1.000000000000000000 ) ) ;
#3664 = ORIENTED_EDGE ( 'NONE', *, *, #1172, .F. ) ;
#3665 = CARTESIAN_POINT ( 'NONE',  ( 0.000000000000000000, 193.0000000000000000, 104.0000000000000142 ) ) ;
#3666 = DIRECTION ( 'NONE',  ( 0.000000000000000000, -1.000000000000000000, 0.000000000000000000 ) ) ;
#3667 = ORIENTED_EDGE ( 'NONE', *, *, #1520, .T. ) ;
#3668 = EDGE_CURVE ( 'NONE', #4209, #476, #907, .T. ) ;
#3669 = CARTESIAN_POINT ( 'NONE',  ( -2.000000000000000000, 0.000000000000000000, 104.0000000000000142 ) ) ;
#3670 = FACE_OUTER_BOUND ( 'NONE', #1727, .T. ) ;
#3671 = DIRECTION ( 'NONE',  ( 1.000000000000000000, 0.000000000000000000, -0.000000000000000000 ) ) ;
#3672 = ORIENTED_EDGE ( 'NONE', *, *, #2194, .F. ) ;
#3673 = DIRECTION ( 'NONE',  ( 0.000000000000000000, 0.000000000000000000, 1.000000000000000000 ) ) ;
#3674 = CIRCLE ( 'NONE', #3886, 12.99999999999999822 ) ;
#3675 = EDGE_CURVE ( 'NONE', #2389, #2232, #2298, .T. ) ;
#3676 = DIRECTION ( 'NONE',  ( 1.000000000000000000, 0.000000000000000000, 0.000000000000000000 ) ) ;
#3677 = DIRECTION ( 'NONE',  ( 1.000000000000000000, 0.000000000000000000, 0.000000000000000000 ) ) ;
#3678 = CARTESIAN_POINT ( 'NONE',  ( -2.000000000000000000, -60.00000000000000000, 43.00000000000000000 ) ) ;
#3679 = ORIENTED_EDGE ( 'NONE', *, *, #2270, .T. ) ;
#3680 = AXIS2_PLACEMENT_3D ( 'NONE', #2899, #868, #2854 ) ;
#3681 = ORIENTED_EDGE ( 'NONE', *, *, #3182, .T. ) ;
#3682 = CARTESIAN_POINT ( 'NONE',  ( -1.500000000000000000, 0.000000000000000000, 90.00000000000000000 ) ) ;
#3683 = ORIENTED_EDGE ( 'NONE', *, *, #3760, .F. ) ;
#3684 = VECTOR ( 'NONE', #3777, 1000.000000000000000 ) ;
#3685 = ORIENTED_EDGE ( 'NONE', *, *, #1603, .T. ) ;
#3686 = CARTESIAN_POINT ( 'NONE',  ( -2.299999999999999822, 191.5999999999999943, 24.00000000000000000 ) ) ;
#3687 = EDGE_CURVE ( 'NONE', #1951, #2846, #1675, .T. ) ;
#3688 = VECTOR ( 'NONE', #3959, 1000.000000000000000 ) ;
#3689 = VECTOR ( 'NONE', #4069, 1000.000000000000000 ) ;
#3690 = AXIS2_PLACEMENT_3D ( 'NONE', #2910, #2215, #1868 ) ;
#3691 = ORIENTED_EDGE ( 'NONE', *, *, #3668, .T. ) ;
#3692 = CARTESIAN_POINT ( 'NONE',  ( -2.000000000000000000, -173.0000000000000284, 47.00000000000000000 ) ) ;
#3693 = CARTESIAN_POINT ( 'NONE',  ( -1.500000000000000000, 0.000000000000000000, 96.00000000000000000 ) ) ;
#3694 = FACE_BOUND ( 'NONE', #1191, .T. ) ;
#3695 = AXIS2_PLACEMENT_3D ( 'NONE', #3510, #2823, #2511 ) ;
#3696 = DIRECTION ( 'NONE',  ( -1.000000000000000000, -0.000000000000000000, 0.000000000000000000 ) ) ;
#3697 = CARTESIAN_POINT ( 'NONE',  ( -2.299999999999999822, -61.25000000000000000, 16.00000000000000000 ) ) ;
#3698 = CARTESIAN_POINT ( 'NONE',  ( 0.000000000000000000, -184.0000000000000000, 24.00000000000000000 ) ) ;
#3699 = ORIENTED_EDGE ( 'NONE', *, *, #2148, .F. ) ;
#3700 = EDGE_CURVE ( 'NONE', #690, #1158, #4103, .T. ) ;
#3701 = PLANE ( 'NONE',  #2660 ) ;
#3702 = DIRECTION ( 'NONE',  ( -1.000000000000000000, 0.000000000000000000, 0.000000000000000000 ) ) ;
#3703 = ORIENTED_EDGE ( 'NONE', *, *, #1245, .T. ) ;
#3704 = CIRCLE ( 'NONE', #3431, 2.000000000000001776 ) ;
#3705 = ORIENTED_EDGE ( 'NONE', *, *, #2725, .F. ) ;
#3706 = CARTESIAN_POINT ( 'NONE',  ( -2.000000000000000000, -60.00000000000000000, 30.00000000000000000 ) ) ;
#3707 = VERTEX_POINT ( 'NONE', #3429 ) ;
#3708 = DIRECTION ( 'NONE',  ( 1.000000000000000000, 0.000000000000000000, 0.000000000000000000 ) ) ;
#3709 = VERTEX_POINT ( 'NONE', #728 ) ;
#3710 = DIRECTION ( 'NONE',  ( -0.000000000000000000, 0.000000000000000000, -1.000000000000000000 ) ) ;
#3711 = AXIS2_PLACEMENT_3D ( 'NONE', #2550, #3170, #3286 ) ;
#3712 = CYLINDRICAL_SURFACE ( 'NONE', #902, 1.600000000000000755 ) ;
#3713 = CARTESIAN_POINT ( 'NONE',  ( -2.299999999999999822, 61.25000000000000000, 6.000000000000000000 ) ) ;
#3714 = DIRECTION ( 'NONE',  ( 0.000000000000000000, 0.000000000000000000, 1.000000000000000000 ) ) ;
#3715 = DESIGN_CONTEXT ( 'detailed design', #1061, 'design' ) ;
#3716 = DIRECTION ( 'NONE',  ( 0.000000000000000000, 0.000000000000000000, 1.000000000000000000 ) ) ;
#3717 = DIRECTION ( 'NONE',  ( 0.000000000000000000, 0.000000000000000000, -1.000000000000000000 ) ) ;
#3718 = ADVANCED_FACE ( 'NONE', ( #1415 ), #447, .T. ) ;
#3719 = DIRECTION ( 'NONE',  ( 0.000000000000000000, 0.000000000000000000, -1.000000000000000000 ) ) ;
#3720 = DIRECTION ( 'NONE',  ( 0.000000000000000000, -1.000000000000000000, -0.000000000000000000 ) ) ;
#3721 = EDGE_CURVE ( 'NONE', #4148, #1158, #4105, .T. ) ;
#3722 = DIRECTION ( 'NONE',  ( 1.000000000000000000, 0.000000000000000000, -0.000000000000000000 ) ) ;
#3723 = ORIENTED_EDGE ( 'NONE', *, *, #3437, .F. ) ;
#3724 = EDGE_CURVE ( 'NONE', #950, #3101, #1106, .T. ) ;
#3725 = EDGE_LOOP ( 'NONE', ( #4240, #2894 ) ) ;
#3726 = APPROVAL_ROLE ( '' ) ;
#3727 = DIRECTION ( 'NONE',  ( 0.000000000000000000, 0.000000000000000000, -1.000000000000000000 ) ) ;
#3728 = ORIENTED_EDGE ( 'NONE', *, *, #1241, .T. ) ;
#3729 = LINE ( 'NONE', #1458, #691 ) ;
#3730 = ORIENTED_EDGE ( 'NONE', *, *, #2584, .F. ) ;
#3731 = CARTESIAN_POINT ( 'NONE',  ( 2.000000000000000000, -194.5999999999999943, 13.75000000000000000 ) ) ;
#3732 = FACE_OUTER_BOUND ( 'NONE', #1167, .T. ) ;
#3733 = EDGE_CURVE ( 'NONE', #3175, #595, #1892, .T. ) ;
#3734 = DIRECTION ( 'NONE',  ( 0.000000000000000000, 0.000000000000000000, -1.000000000000000000 ) ) ;
#3735 = DIRECTION ( 'NONE',  ( 1.000000000000000000, 0.000000000000000000, -0.000000000000000000 ) ) ;
#3736 = LINE ( 'NONE', #1140, #3689 ) ;
#3737 = DIRECTION ( 'NONE',  ( 0.000000000000000000, 0.000000000000000000, 1.000000000000000000 ) ) ;
#3738 = CARTESIAN_POINT ( 'NONE',  ( 2.000000000000000000, -11.53256259467079836, 24.00000000000000000 ) ) ;
#3739 = ORIENTED_EDGE ( 'NONE', *, *, #537, .F. ) ;
#3740 = ADVANCED_FACE ( 'NONE', ( #2083 ), #2135, .F. ) ;
#3741 = DIRECTION ( 'NONE',  ( 0.000000000000000000, 0.000000000000000000, -1.000000000000000000 ) ) ;
#3742 = FACE_OUTER_BOUND ( 'NONE', #1097, .T. ) ;
#3743 = CARTESIAN_POINT ( 'NONE',  ( 1.500000000000000000, -11.53256259467079836, 24.00000000000000000 ) ) ;
#3744 = FACE_OUTER_BOUND ( 'NONE', #2589, .T. ) ;
#3745 = EDGE_LOOP ( 'NONE', ( #659, #3301, #297, #630 ) ) ;
#3746 = VECTOR ( 'NONE', #2139, 1000.000000000000000 ) ;
#3747 = ORIENTED_EDGE ( 'NONE', *, *, #2091, .T. ) ;
#3748 = CARTESIAN_POINT ( 'NONE',  ( 0.000000000000000000, 0.000000000000000000, 0.000000000000000000 ) ) ;
#3749 = DIRECTION ( 'NONE',  ( 0.000000000000000000, 0.000000000000000000, 1.000000000000000000 ) ) ;
#3750 = AXIS2_PLACEMENT_3D ( 'NONE', #4048, #2401, #3719 ) ;
#3751 = ADVANCED_FACE ( 'NONE', ( #3082 ), #3452, .T. ) ;
#3752 = AXIS2_PLACEMENT_3D ( 'NONE', #952, #2281, #3603 ) ;
#3753 = EDGE_LOOP ( 'NONE', ( #3659, #682, #1971, #2292 ) ) ;
#3754 = CARTESIAN_POINT ( 'NONE',  ( -2.299999999999999822, -190.0000000000000000, 24.00000000000000000 ) ) ;
#3755 = FACE_OUTER_BOUND ( 'NONE', #107, .T. ) ;
#3756 = DIRECTION ( 'NONE',  ( 0.000000000000000000, -1.000000000000000000, 0.000000000000000000 ) ) ;
#3757 = AXIS2_PLACEMENT_3D ( 'NONE', #695, #2077, #22 ) ;
#3758 = AXIS2_PLACEMENT_3D ( 'NONE', #3887, #2937, #2572 ) ;
#3759 = CIRCLE ( 'NONE', #422, 1.600000000000000755 ) ;
#3760 = EDGE_CURVE ( 'NONE', #245, #1345, #4309, .T. ) ;
#3761 = VECTOR ( 'NONE', #3346, 1000.000000000000000 ) ;
#3762 = DIRECTION ( 'NONE',  ( -1.000000000000000000, -0.000000000000000000, 0.000000000000000000 ) ) ;
#3763 = FACE_OUTER_BOUND ( 'NONE', #1323, .T. ) ;
#3764 = AXIS2_PLACEMENT_3D ( 'NONE', #3529, #2145, #4122 ) ;
#3765 = LINE ( 'NONE', #3787, #1150 ) ;
#3766 = ORIENTED_EDGE ( 'NONE', *, *, #2838, .T. ) ;
#3767 = FACE_OUTER_BOUND ( 'NONE', #2506, .T. ) ;
#3768 = CARTESIAN_POINT ( 'NONE',  ( 0.000000000000000000, -184.0000000000000000, 18.00000000000000355 ) ) ;
#3769 = ADVANCED_FACE ( 'NONE', ( #3796 ), #71, .F. ) ;
#3770 = EDGE_LOOP ( 'NONE', ( #1674, #386, #1762, #699 ) ) ;
#3771 = EDGE_LOOP ( 'NONE', ( #502, #1337, #3016, #2741 ) ) ;
#3772 = PERSON_AND_ORGANIZATION ( #2158, #1116 ) ;
#3773 = DIRECTION ( 'NONE',  ( 1.000000000000000000, 0.000000000000000000, 0.000000000000000000 ) ) ;
#3774 = EDGE_CURVE ( 'NONE', #763, #2556, #92, .T. ) ;
#3775 = AXIS2_PLACEMENT_3D ( 'NONE', #3133, #148, #2773 ) ;
#3776 = ORIENTED_EDGE ( 'NONE', *, *, #883, .T. ) ;
#3777 = DIRECTION ( 'NONE',  ( 0.000000000000000000, 1.000000000000000000, 0.000000000000000000 ) ) ;
#3778 = VECTOR ( 'NONE', #2537, 1000.000000000000000 ) ;
#3779 = DIRECTION ( 'NONE',  ( 0.000000000000000000, 0.000000000000000000, -1.000000000000000000 ) ) ;
#3780 = EDGE_CURVE ( 'NONE', #3643, #1211, #1754, .T. ) ;
#3781 = CARTESIAN_POINT ( 'NONE',  ( -2.299999999999999822, 202.0000000000000000, 22.39999999999999858 ) ) ;
#3782 = AXIS2_PLACEMENT_3D ( 'NONE', #3362, #3473, #2085 ) ;
#3783 = CARTESIAN_POINT ( 'NONE',  ( 1.500000000000000000, 145.0000000000000000, 92.00000000000000000 ) ) ;
#3784 = DIRECTION ( 'NONE',  ( -1.000000000000000000, -0.000000000000000000, 0.000000000000000000 ) ) ;
#3785 = DIRECTION ( 'NONE',  ( 1.000000000000000000, 0.000000000000000000, 0.000000000000000000 ) ) ;
#3786 = ORIENTED_EDGE ( 'NONE', *, *, #533, .T. ) ;
#3787 = CARTESIAN_POINT ( 'NONE',  ( -1.500000000000000000, -184.0000000000000000, 0.000000000000000000 ) ) ;
#3788 = EDGE_LOOP ( 'NONE', ( #4077, #2212, #1712, #653 ) ) ;
#3789 = LINE ( 'NONE', #808, #635 ) ;
#3790 = DIRECTION ( 'NONE',  ( 0.000000000000000000, 0.000000000000000000, -1.000000000000000000 ) ) ;
#3791 = EDGE_CURVE ( 'NONE', #3936, #3632, #47, .T. ) ;
#3792 = ORIENTED_EDGE ( 'NONE', *, *, #556, .T. ) ;
#3793 = VERTEX_POINT ( 'NONE', #748 ) ;
#3794 = LINE ( 'NONE', #110, #4112 ) ;
#3795 = ORIENTED_EDGE ( 'NONE', *, *, #2988, .F. ) ;
#3796 = FACE_OUTER_BOUND ( 'NONE', #4212, .T. ) ;
#3797 = EDGE_CURVE ( 'NONE', #2648, #1974, #3729, .T. ) ;
#3798 = ORIENTED_EDGE ( 'NONE', *, *, #2280, .T. ) ;
#3799 = DIRECTION ( 'NONE',  ( 0.000000000000000000, 0.000000000000000000, -1.000000000000000000 ) ) ;
#3800 = CYLINDRICAL_SURFACE ( 'NONE', #2653, 2.749999999999999112 ) ;
#3801 = DIRECTION ( 'NONE',  ( -1.000000000000000000, -0.000000000000000000, -0.000000000000000000 ) ) ;
#3802 = DIRECTION ( 'NONE',  ( 0.000000000000000000, 1.000000000000000000, 0.000000000000000000 ) ) ;
#3803 = DIRECTION ( 'NONE',  ( -0.000000000000000000, 1.000000000000000000, 0.000000000000000000 ) ) ;
#3804 = DIRECTION ( 'NONE',  ( 1.000000000000000000, 0.000000000000000000, 0.000000000000000000 ) ) ;
#3805 = EDGE_LOOP ( 'NONE', ( #3212, #2989, #2811, #444 ) ) ;
#3806 = EDGE_CURVE ( 'NONE', #265, #1566, #338, .T. ) ;
#3807 = DIRECTION ( 'NONE',  ( 0.000000000000000000, 0.000000000000000000, 1.000000000000000000 ) ) ;
#3808 = LINE ( 'NONE', #124, #2507 ) ;
#3809 = CARTESIAN_POINT ( 'NONE',  ( 2.000000000000000000, -61.25000000000000000, 16.00000000000000000 ) ) ;
#3810 = DIRECTION ( 'NONE',  ( 0.000000000000000000, 0.000000000000000000, -1.000000000000000000 ) ) ;
#3811 = ORIENTED_EDGE ( 'NONE', *, *, #1513, .F. ) ;
#3812 = EDGE_CURVE ( 'NONE', #1120, #1218, #467, .T. ) ;
#3813 = ORIENTED_EDGE ( 'NONE', *, *, #3114, .F. ) ;
#3814 = PERSON_AND_ORGANIZATION_ROLE ( 'classification_officer' ) ;
#3815 = FACE_OUTER_BOUND ( 'NONE', #3336, .T. ) ;
#3816 = EDGE_LOOP ( 'NONE', ( #4278, #3795, #4234, #3580 ) ) ;
#3817 = DIRECTION ( 'NONE',  ( -0.000000000000000000, 1.000000000000000000, 0.000000000000000000 ) ) ;
#3818 = ORIENTED_EDGE ( 'NONE', *, *, #665, .T. ) ;
#3819 = CC_DESIGN_APPROVAL ( #813, ( #833 ) ) ;
#3820 = DIRECTION ( 'NONE',  ( 1.000000000000000000, 0.000000000000000000, -0.000000000000000000 ) ) ;
#3821 = FACE_BOUND ( 'NONE', #3725, .T. ) ;
#3822 = EDGE_CURVE ( 'NONE', #1401, #2888, #623, .T. ) ;
#3823 = VECTOR ( 'NONE', #3332, 1000.000000000000000 ) ;
#3824 = DIRECTION ( 'NONE',  ( 1.000000000000000000, 0.000000000000000000, -0.000000000000000000 ) ) ;
#3825 = LINE ( 'NONE', #1141, #2117 ) ;
#3826 = CIRCLE ( 'NONE', #4180, 1.700000000000000178 ) ;
#3827 = LINE ( 'NONE', #2121, #335 ) ;
#3828 = CIRCLE ( 'NONE', #2296, 2.750000000000002665 ) ;
#3829 = ORIENTED_EDGE ( 'NONE', *, *, #1780, .F. ) ;
#3830 = AXIS2_PLACEMENT_3D ( 'NONE', #2895, #2828, #1521 ) ;
#3831 = AXIS2_PLACEMENT_3D ( 'NONE', #361, #1706, #4306 ) ;
#3832 = AXIS2_PLACEMENT_3D ( 'NONE', #2791, #3071, #1424 ) ;
#3833 = VECTOR ( 'NONE', #3921, 1000.000000000000000 ) ;
#3834 = CARTESIAN_POINT ( 'NONE',  ( -1.500000000000000000, 0.000000000000000000, 94.00000000000000000 ) ) ;
#3835 = ORIENTED_EDGE ( 'NONE', *, *, #1745, .F. ) ;
#3836 = DIRECTION ( 'NONE',  ( -1.000000000000000000, -0.000000000000000000, 0.000000000000000000 ) ) ;
#3837 = LINE ( 'NONE', #1802, #418 ) ;
#3838 = EDGE_CURVE ( 'NONE', #2655, #2909, #3119, .T. ) ;
#3839 = ORIENTED_EDGE ( 'NONE', *, *, #1155, .T. ) ;
#3840 = AXIS2_PLACEMENT_3D ( 'NONE', #522, #1864, #2021 ) ;
#3841 = ORIENTED_EDGE ( 'NONE', *, *, #4254, .T. ) ;
#3842 = CYLINDRICAL_SURFACE ( 'NONE', #279, 2.000000000000001776 ) ;
#3843 = EDGE_LOOP ( 'NONE', ( #3560, #972, #3618, #1995 ) ) ;
#3844 = DIRECTION ( 'NONE',  ( 1.000000000000000000, 0.000000000000000000, -0.000000000000000000 ) ) ;
#3845 = ORIENTED_EDGE ( 'NONE', *, *, #1978, .T. ) ;
#3846 = CARTESIAN_POINT ( 'NONE',  ( 1.500000000000000000, -184.0000000000000000, 90.00000000000001421 ) ) ;
#3847 = DIRECTION ( 'NONE',  ( 0.000000000000000000, 0.000000000000000000, -1.000000000000000000 ) ) ;
#3848 = CLOSED_SHELL ( 'NONE', ( #1035, #4184, #3769, #3091, #57, #1452, #1586, #911, #3307, #1186, #3207, #593, #2796, #3009, #1905, #1827, #4082, #2413, #2157, #2478, #3327, #3265, #2851, #2108, #471, #269, #3920, #3350, #413, #801, #1009, #1845, #2883, #571, #1217, #1304, #589, #2960, #2609, #516, #3278, #3995, #720, #1020, #3492, #3913, #354, #1713, #2213, #1015, #1297, #3751, #3718, #2008, #4197, #252, #1956, #4157, #2370, #900, #1677, #1655, #2503, #1193, #2697, #1694, #2059, #7, #2328, #2661, #1893, #1636, #1886, #1739, #992, #1076, #2186, #2233, #2335, #2687, #2203, #4050, #2508, #1628, #4142, #2438, #3062, #1527, #2102, #3740, #463, #963, #4056, #337, #1911, #4012, #128, #2514, #2602, #1428, #681, #3152, #792, #2463, #4087, #2678, #480, #214, #953, #3853, #1066, #2055, #1290, #977, #1325, #839, #2870, #4205, #1384, #4191 ) ) ;
#3849 = VECTOR ( 'NONE', #1938, 1000.000000000000000 ) ;
#3850 = DIRECTION ( 'NONE',  ( 0.000000000000000000, 0.000000000000000000, -1.000000000000000000 ) ) ;
#3851 = FACE_OUTER_BOUND ( 'NONE', #1691, .T. ) ;
#3852 = ORIENTED_EDGE ( 'NONE', *, *, #4114, .T. ) ;
#3853 = ADVANCED_FACE ( 'NONE', ( #4131 ), #3516, .F. ) ;
#3854 = DIRECTION ( 'NONE',  ( 0.000000000000000000, 0.000000000000000000, -1.000000000000000000 ) ) ;
#3855 = DIRECTION ( 'NONE',  ( 0.000000000000000000, 0.000000000000000000, 1.000000000000000000 ) ) ;
#3856 = ORIENTED_EDGE ( 'NONE', *, *, #2754, .T. ) ;
#3857 = DIRECTION ( 'NONE',  ( 0.000000000000000000, 0.000000000000000000, 1.000000000000000000 ) ) ;
#3858 = FACE_BOUND ( 'NONE', #1131, .T. ) ;
#3859 = VERTEX_POINT ( 'NONE', #529 ) ;
#3860 = EDGE_LOOP ( 'NONE', ( #3532, #1142, #121, #2570 ) ) ;
#3861 = CARTESIAN_POINT ( 'NONE',  ( 0.000000000000000000, 0.000000000000000000, 24.00000000000000000 ) ) ;
#3862 = ORIENTED_EDGE ( 'NONE', *, *, #556, .F. ) ;
#3863 = DIRECTION ( 'NONE',  ( 1.000000000000000000, 0.000000000000000000, 0.000000000000000000 ) ) ;
#3864 = EDGE_CURVE ( 'NONE', #2324, #2232, #1826, .T. ) ;
#3865 = ORIENTED_EDGE ( 'NONE', *, *, #2486, .T. ) ;
#3866 = CARTESIAN_POINT ( 'NONE',  ( 0.000000000000000000, 163.0000000000000000, 104.0000000000000142 ) ) ;
#3867 = ORIENTED_EDGE ( 'NONE', *, *, #2557, .T. ) ;
#3868 = DIRECTION ( 'NONE',  ( 1.000000000000000000, 0.000000000000000000, 0.000000000000000000 ) ) ;
#3869 = EDGE_CURVE ( 'NONE', #2959, #1318, #179, .T. ) ;
#3870 = CARTESIAN_POINT ( 'NONE',  ( -2.299999999999999822, 163.0000000000000000, 102.0000000000000142 ) ) ;
#3871 = DIRECTION ( 'NONE',  ( 1.000000000000000000, 0.000000000000000000, 0.000000000000000000 ) ) ;
#3872 = VERTEX_POINT ( 'NONE', #3536 ) ;
#3873 = DIRECTION ( 'NONE',  ( 1.000000000000000000, 0.000000000000000000, -0.000000000000000000 ) ) ;
#3874 = CARTESIAN_POINT ( 'NONE',  ( -2.299999999999999822, 61.25000000000000000, 16.00000000000000000 ) ) ;
#3875 = DIRECTION ( 'NONE',  ( 1.000000000000000000, 0.000000000000000000, 0.000000000000000000 ) ) ;
#3876 = FACE_OUTER_BOUND ( 'NONE', #482, .T. ) ;
#3877 = ORIENTED_EDGE ( 'NONE', *, *, #2136, .F. ) ;
#3878 = EDGE_CURVE ( 'NONE', #2805, #1120, #3894, .T. ) ;
#3879 = ORIENTED_EDGE ( 'NONE', *, *, #360, .F. ) ;
#3880 = DIRECTION ( 'NONE',  ( 1.000000000000000000, 0.000000000000000000, 0.000000000000000000 ) ) ;
#3881 = EDGE_LOOP ( 'NONE', ( #485, #129, #336, #3923 ) ) ;
#3882 = VERTEX_POINT ( 'NONE', #3185 ) ;
#3883 = ORIENTED_EDGE ( 'NONE', *, *, #780, .T. ) ;
#3884 = FACE_BOUND ( 'NONE', #3116, .T. ) ;
#3885 = EDGE_CURVE ( 'NONE', #1707, #3355, #2875, .T. ) ;
#3886 = AXIS2_PLACEMENT_3D ( 'NONE', #2822, #2126, #1471 ) ;
#3887 = CARTESIAN_POINT ( 'NONE',  ( 2.000000000000000000, 194.5999999999999943, 16.00000000000000000 ) ) ;
#3888 = DIRECTION ( 'NONE',  ( 0.000000000000000000, 0.000000000000000000, -1.000000000000000000 ) ) ;
#3889 = MANIFOLD_SOLID_BREP ( 'V0.9 secure-lid inner side frame; old non-engaging catch holes removed', #3848 ) ;
#3890 = ORIENTED_EDGE ( 'NONE', *, *, #3878, .F. ) ;
#3891 = CIRCLE ( 'NONE', #3544, 2.750000000000002665 ) ;
#3892 = DIRECTION ( 'NONE',  ( -0.000000000000000000, 1.000000000000000000, 0.000000000000000000 ) ) ;
#3893 = CARTESIAN_POINT ( 'NONE',  ( 2.000000000000000000, -194.5999999999999943, 16.00000000000000000 ) ) ;
#3894 = CIRCLE ( 'NONE', #2369, 12.99999999999999822 ) ;
#3895 = CARTESIAN_POINT ( 'NONE',  ( -2.000000000000000000, -61.25000000000000000, 13.75000000000000000 ) ) ;
#3896 = FACE_OUTER_BOUND ( 'NONE', #599, .T. ) ;
#3897 = ORIENTED_EDGE ( 'NONE', *, *, #3405, .F. ) ;
#3898 = AXIS2_PLACEMENT_3D ( 'NONE', #1299, #2624, #3938 ) ;
#3899 = AXIS2_PLACEMENT_3D ( 'NONE', #3024, #2049, #4016 ) ;
#3900 = EDGE_LOOP ( 'NONE', ( #1872, #3919 ) ) ;
#3901 = EDGE_CURVE ( 'NONE', #815, #1174, #3480, .T. ) ;
#3902 = CARTESIAN_POINT ( 'NONE',  ( -2.000000000000000000, 115.0000000000000000, 102.0000000000000142 ) ) ;
#3903 = ORIENTED_EDGE ( 'NONE', *, *, #2398, .F. ) ;
#3904 = VECTOR ( 'NONE', #40, 1000.000000000000000 ) ;
#3905 = AXIS2_PLACEMENT_3D ( 'NONE', #3196, #1942, #1532 ) ;
#3906 = VERTEX_POINT ( 'NONE', #4196 ) ;
#3907 = VERTEX_POINT ( 'NONE', #1523 ) ;
#3908 = DIRECTION ( 'NONE',  ( -1.000000000000000000, -0.000000000000000000, -0.000000000000000000 ) ) ;
#3909 = EDGE_CURVE ( 'NONE', #922, #937, #2723, .T. ) ;
#3910 = PLANE ( 'NONE',  #142 ) ;
#3911 = LINE ( 'NONE', #4204, #3849 ) ;
#3912 = ORIENTED_EDGE ( 'NONE', *, *, #2225, .T. ) ;
#3913 = ADVANCED_FACE ( 'NONE', ( #2548 ), #2831, .T. ) ;
#3914 = CARTESIAN_POINT ( 'NONE',  ( 2.000000000000000000, -194.5999999999999943, 6.000000000000000000 ) ) ;
#3915 = CARTESIAN_POINT ( 'NONE',  ( 2.000000000000000000, 145.0000000000000000, 100.0000000000000000 ) ) ;
#3916 = CARTESIAN_POINT ( 'NONE',  ( -2.000000000000000000, -202.0000000000000000, 25.60000000000000142 ) ) ;
#3917 = VECTOR ( 'NONE', #1108, 1000.000000000000000 ) ;
#3918 = ORIENTED_EDGE ( 'NONE', *, *, #1232, .T. ) ;
#3919 = ORIENTED_EDGE ( 'NONE', *, *, #177, .F. ) ;
#3920 = ADVANCED_FACE ( 'NONE', ( #1855 ), #3168, .T. ) ;
#3921 = DIRECTION ( 'NONE',  ( 1.000000000000000000, 0.000000000000000000, 0.000000000000000000 ) ) ;
#3922 = ORIENTED_EDGE ( 'NONE', *, *, #186, .F. ) ;
#3923 = ORIENTED_EDGE ( 'NONE', *, *, #3791, .F. ) ;
#3924 = ORIENTED_EDGE ( 'NONE', *, *, #2017, .F. ) ;
#3925 = LINE ( 'NONE', #6, #1469 ) ;
#3926 = EDGE_CURVE ( 'NONE', #371, #1369, #1223, .T. ) ;
#3927 = CARTESIAN_POINT ( 'NONE',  ( 2.000000000000000000, 71.53256259467079303, 24.00000000000000000 ) ) ;
#3928 = PLANE ( 'NONE',  #3752 ) ;
#3929 = ORIENTED_EDGE ( 'NONE', *, *, #3791, .T. ) ;
#3930 = CARTESIAN_POINT ( 'NONE',  ( 1.500000000000000000, 198.0000000000000000, 96.00000000000000000 ) ) ;
#3931 = DIRECTION ( 'NONE',  ( 0.000000000000000000, -1.000000000000000000, 0.000000000000000000 ) ) ;
#3932 = FACE_OUTER_BOUND ( 'NONE', #1366, .T. ) ;
#3933 = LINE ( 'NONE', #2541, #2304 ) ;
#3934 = ORIENTED_EDGE ( 'NONE', *, *, #3453, .T. ) ;
#3935 = EDGE_CURVE ( 'NONE', #23, #1916, #1326, .T. ) ;
#3936 = VERTEX_POINT ( 'NONE', #1982 ) ;
#3937 = CARTESIAN_POINT ( 'NONE',  ( 0.000000000000000000, 133.0000000000000000, 100.0000000000000000 ) ) ;
#3938 = DIRECTION ( 'NONE',  ( 0.000000000000000000, 0.000000000000000000, 1.000000000000000000 ) ) ;
#3939 = ORIENTED_EDGE ( 'NONE', *, *, #1117, .T. ) ;
#3940 = EDGE_CURVE ( 'NONE', #2408, #3578, #2000, .T. ) ;
#3941 = VERTEX_POINT ( 'NONE', #2976 ) ;
#3942 = LINE ( 'NONE', #706, #765 ) ;
#3943 = EDGE_LOOP ( 'NONE', ( #1930, #2273, #3934, #2908 ) ) ;
#3944 = CARTESIAN_POINT ( 'NONE',  ( 0.000000000000000000, 210.0000000000000000, 108.0000000000000000 ) ) ;
#3945 = EDGE_CURVE ( 'NONE', #309, #878, #4285, .T. ) ;
#3946 = CARTESIAN_POINT ( 'NONE',  ( -2.000000000000000000, 194.5999999999999943, 13.75000000000000000 ) ) ;
#3947 = DIRECTION ( 'NONE',  ( -0.000000000000000000, 0.000000000000000000, -1.000000000000000000 ) ) ;
#3948 = EDGE_LOOP ( 'NONE', ( #168, #3672, #3903, #716 ) ) ;
#3949 = LOCAL_TIME ( 20, 14, 37.00000000000000000, #812 ) ;
#3950 = FACE_OUTER_BOUND ( 'NONE', #1833, .T. ) ;
#3951 = DIRECTION ( 'NONE',  ( -1.000000000000000000, -0.000000000000000000, 0.000000000000000000 ) ) ;
#3952 = CARTESIAN_POINT ( 'NONE',  ( 2.000000000000000000, -198.0000000000000000, 24.00000000000000000 ) ) ;
#3953 = AXIS2_PLACEMENT_3D ( 'NONE', #1796, #3804, #2468 ) ;
#3954 = VERTEX_POINT ( 'NONE', #2681 ) ;
#3955 = VECTOR ( 'NONE', #28, 1000.000000000000000 ) ;
#3956 = DIRECTION ( 'NONE',  ( 1.000000000000000000, 0.000000000000000000, 0.000000000000000000 ) ) ;
#3957 = EDGE_CURVE ( 'NONE', #1432, #2693, #330, .T. ) ;
#3958 = DIRECTION ( 'NONE',  ( 0.000000000000000000, 0.000000000000000000, -1.000000000000000000 ) ) ;
#3959 = DIRECTION ( 'NONE',  ( -1.000000000000000000, -0.000000000000000000, 0.000000000000000000 ) ) ;
#3960 = AXIS2_PLACEMENT_3D ( 'NONE', #1203, #741, #3702 ) ;
#3961 = CIRCLE ( 'NONE', #2096, 2.250000000000001776 ) ;
#3962 = ORIENTED_EDGE ( 'NONE', *, *, #1949, .F. ) ;
#3963 = AXIS2_PLACEMENT_3D ( 'NONE', #715, #2637, #689 ) ;
#3964 = EDGE_LOOP ( 'NONE', ( #609, #2063, #948, #1214 ) ) ;
#3965 = AXIS2_PLACEMENT_3D ( 'NONE', #732, #1395, #2944 ) ;
#3966 = DIRECTION ( 'NONE',  ( 1.000000000000000000, 0.000000000000000000, -0.000000000000000000 ) ) ;
#3967 = EDGE_LOOP ( 'NONE', ( #766, #1896, #4267, #544 ) ) ;
#3968 = CARTESIAN_POINT ( 'NONE',  ( 0.000000000000000000, 145.0000000000000000, 100.0000000000000000 ) ) ;
#3969 = DIRECTION ( 'NONE',  ( 0.000000000000000000, 0.000000000000000000, -1.000000000000000000 ) ) ;
#3970 = EDGE_CURVE ( 'NONE', #88, #1347, #1673, .T. ) ;
#3971 = VERTEX_POINT ( 'NONE', #3946 ) ;
#3972 = DIRECTION ( 'NONE',  ( 0.000000000000000000, -1.000000000000000000, -0.000000000000000000 ) ) ;
#3973 = FACE_OUTER_BOUND ( 'NONE', #1557, .T. ) ;
#3974 = VECTOR ( 'NONE', #520, 1000.000000000000000 ) ;
#3975 = DIRECTION ( 'NONE',  ( 0.000000000000000000, 0.000000000000000000, -1.000000000000000000 ) ) ;
#3976 = VECTOR ( 'NONE', #3628, 1000.000000000000000 ) ;
#3977 = EDGE_CURVE ( 'NONE', #1707, #1598, #1352, .T. ) ;
#3978 = AXIS2_PLACEMENT_3D ( 'NONE', #955, #2942, #240 ) ;
#3979 = DIRECTION ( 'NONE',  ( -1.000000000000000000, -0.000000000000000000, 0.000000000000000000 ) ) ;
#3980 = AXIS2_PLACEMENT_3D ( 'NONE', #1652, #1392, #2719 ) ;
#3981 = CARTESIAN_POINT ( 'NONE',  ( -2.000000000000000000, -184.0000000000000000, 40.07179676972445748 ) ) ;
#3982 = LINE ( 'NONE', #3614, #3622 ) ;
#3983 = CARTESIAN_POINT ( 'NONE',  ( -2.000000000000000000, 210.0000000000000000, 108.0000000000000000 ) ) ;
#3984 = EDGE_LOOP ( 'NONE', ( #3277, #1689, #960, #3283 ) ) ;
#3985 = VERTEX_POINT ( 'NONE', #2326 ) ;
#3986 = CARTESIAN_POINT ( 'NONE',  ( 0.000000000000000000, 210.0000000000000000, 0.000000000000000000 ) ) ;
#3987 = ORIENTED_EDGE ( 'NONE', *, *, #648, .T. ) ;
#3988 = ORIENTED_EDGE ( 'NONE', *, *, #3864, .F. ) ;
#3989 = DIRECTION ( 'NONE',  ( 0.000000000000000000, 0.000000000000000000, -1.000000000000000000 ) ) ;
#3990 = EDGE_CURVE ( 'NONE', #690, #2122, #4177, .T. ) ;
#3991 = ORIENTED_EDGE ( 'NONE', *, *, #4273, .T. ) ;
#3992 = CYLINDRICAL_SURFACE ( 'NONE', #3980, 5.100000000000000533 ) ;
#3993 = FACE_BOUND ( 'NONE', #1311, .T. ) ;
#3994 = VERTEX_POINT ( 'NONE', #684 ) ;
#3995 = ADVANCED_FACE ( 'NONE', ( #1288, #3295, #3993, #1023, #3021, #11, #2305, #1001, #1697, #2020, #2044, #4265, #32, #2345, #3648, #3275, #272, #3629, #1653, #3338, #1374, #2700, #4013, #1613, #2939, #2615, #2658 ), #3928, .T. ) ;
#3996 = CARTESIAN_POINT ( 'NONE',  ( 0.000000000000000000, -210.0000000000000000, 0.000000000000000000 ) ) ;
#3997 = CYLINDRICAL_SURFACE ( 'NONE', #2663, 1.700000000000000178 ) ;
#3998 = CARTESIAN_POINT ( 'NONE',  ( -2.000000000000000000, -202.0000000000000000, 24.00000000000000000 ) ) ;
#3999 = ORIENTED_EDGE ( 'NONE', *, *, #1936, .F. ) ;
#4000 = CARTESIAN_POINT ( 'NONE',  ( -1.500000000000000000, 0.000000000000000000, 30.00000000000000000 ) ) ;
#4001 = DIRECTION ( 'NONE',  ( 1.000000000000000000, 0.000000000000000000, 0.000000000000000000 ) ) ;
#4002 = DIRECTION ( 'NONE',  ( 0.000000000000000000, 0.000000000000000000, 1.000000000000000000 ) ) ;
#4003 = DIRECTION ( 'NONE',  ( 1.000000000000000000, 0.000000000000000000, 0.000000000000000000 ) ) ;
#4004 = EDGE_CURVE ( 'NONE', #901, #1043, #3399, .T. ) ;
#4005 = ORIENTED_EDGE ( 'NONE', *, *, #2323, .T. ) ;
#4006 = ORIENTED_EDGE ( 'NONE', *, *, #2017, .T. ) ;
#4007 = VERTEX_POINT ( 'NONE', #1960 ) ;
#4008 = ORIENTED_EDGE ( 'NONE', *, *, #313, .T. ) ;
#4009 = CARTESIAN_POINT ( 'NONE',  ( -2.000000000000000000, 0.000000000000000000, 100.0000000000000000 ) ) ;
#4010 = ORIENTED_EDGE ( 'NONE', *, *, #500, .T. ) ;
#4011 = CARTESIAN_POINT ( 'NONE',  ( 1.500000000000000000, 0.000000000000000000, 90.00000000000001421 ) ) ;
#4012 = ADVANCED_FACE ( 'NONE', ( #296 ), #1637, .F. ) ;
#4013 = FACE_BOUND ( 'NONE', #3205, .T. ) ;
#4014 = DIRECTION ( 'NONE',  ( 1.000000000000000000, 0.000000000000000000, 0.000000000000000000 ) ) ;
#4015 = ORIENTED_EDGE ( 'NONE', *, *, #3287, .T. ) ;
#4016 = DIRECTION ( 'NONE',  ( 0.000000000000000000, 0.000000000000000000, -1.000000000000000000 ) ) ;
#4017 = CARTESIAN_POINT ( 'NONE',  ( 0.000000000000000000, 114.9999999999999858, 104.0000000000000142 ) ) ;
#4018 = CARTESIAN_POINT ( 'NONE',  ( 0.000000000000000000, 184.0000000000000000, 90.00000000000000000 ) ) ;
#4019 = ORIENTED_EDGE ( 'NONE', *, *, #1095, .F. ) ;
#4020 = DIRECTION ( 'NONE',  ( 0.000000000000000000, 0.000000000000000000, 1.000000000000000000 ) ) ;
#4021 = CC_DESIGN_APPROVAL ( #1087, ( #1143 ) ) ;
#4022 = CYLINDRICAL_SURFACE ( 'NONE', #2288, 12.99999999999999822 ) ;
#4023 = CARTESIAN_POINT ( 'NONE',  ( 0.000000000000000000, 0.000000000000000000, 108.0000000000000000 ) ) ;
#4024 = LINE ( 'NONE', #2736, #619 ) ;
#4025 = CC_DESIGN_DATE_AND_TIME_ASSIGNMENT ( #3141, #130, ( #1143 ) ) ;
#4026 = VERTEX_POINT ( 'NONE', #1462 ) ;
#4027 = VECTOR ( 'NONE', #4109, 1000.000000000000000 ) ;
#4028 = ORIENTED_EDGE ( 'NONE', *, *, #743, .T. ) ;
#4029 = CARTESIAN_POINT ( 'NONE',  ( 0.000000000000000000, 124.0000000000000000, 104.0000000000000142 ) ) ;
#4030 = AXIS2_PLACEMENT_3D ( 'NONE', #3379, #3057, #1808 ) ;
#4031 = VECTOR ( 'NONE', #2348, 1000.000000000000000 ) ;
#4032 = VERTEX_POINT ( 'NONE', #2066 ) ;
#4033 = DIRECTION ( 'NONE',  ( 1.000000000000000000, 0.000000000000000000, 0.000000000000000000 ) ) ;
#4034 = AXIS2_PLACEMENT_3D ( 'NONE', #657, #990, #3324 ) ;
#4035 = VECTOR ( 'NONE', #2961, 1000.000000000000000 ) ;
#4036 = EDGE_CURVE ( 'NONE', #999, #4291, #1070, .T. ) ;
#4037 = CIRCLE ( 'NONE', #345, 1.700000000000000178 ) ;
#4038 = ORIENTED_EDGE ( 'NONE', *, *, #927, .F. ) ;
#4039 = FACE_OUTER_BOUND ( 'NONE', #1016, .T. ) ;
#4040 = CARTESIAN_POINT ( 'NONE',  ( 0.000000000000000000, 124.0000000000000000, 94.00000000000000000 ) ) ;
#4041 = CARTESIAN_POINT ( 'NONE',  ( -2.000000000000000000, 175.0000000000000284, 102.0000000000000142 ) ) ;
#4042 = FACE_OUTER_BOUND ( 'NONE', #1386, .T. ) ;
#4043 = VECTOR ( 'NONE', #3875, 1000.000000000000000 ) ;
#4044 = EDGE_CURVE ( 'NONE', #1347, #1530, #2746, .T. ) ;
#4045 = CYLINDRICAL_SURFACE ( 'NONE', #847, 2.000000000000001776 ) ;
#4046 = CARTESIAN_POINT ( 'NONE',  ( 1.500000000000000000, 190.0000000000000000, 25.60000000000000142 ) ) ;
#4047 = CIRCLE ( 'NONE', #2738, 1.700000000000000178 ) ;
#4048 = CARTESIAN_POINT ( 'NONE',  ( -2.299999999999999822, -129.0000000000000000, 52.00000000000000711 ) ) ;
#4049 = EDGE_LOOP ( 'NONE', ( #2552, #817, #663, #1585 ) ) ;
#4050 = ADVANCED_FACE ( 'NONE', ( #3755 ), #3800, .F. ) ;
#4051 = DIRECTION ( 'NONE',  ( 0.000000000000000000, -1.000000000000000000, 0.000000000000000000 ) ) ;
#4052 = FACE_OUTER_BOUND ( 'NONE', #3948, .T. ) ;
#4053 = CARTESIAN_POINT ( 'NONE',  ( 2.000000000000000000, 60.00000000000000000, 30.00000000000000000 ) ) ;
#4054 = ORIENTED_EDGE ( 'NONE', *, *, #2617, .T. ) ;
#4055 = AXIS2_PLACEMENT_3D ( 'NONE', #2403, #2688, #1756 ) ;
#4056 = ADVANCED_FACE ( 'NONE', ( #3732 ), #4108, .F. ) ;
#4057 = ORIENTED_EDGE ( 'NONE', *, *, #4176, .T. ) ;
#4058 = CALENDAR_DATE ( 2026, 26, 8 ) ;
#4059 = CARTESIAN_POINT ( 'NONE',  ( 2.000000000000000000, -173.0000000000000284, 49.75000000000000000 ) ) ;
#4060 = ORIENTED_EDGE ( 'NONE', *, *, #3600, .T. ) ;
#4061 = DIRECTION ( 'NONE',  ( 0.000000000000000000, 0.000000000000000000, -1.000000000000000000 ) ) ;
#4062 = ORIENTED_EDGE ( 'NONE', *, *, #3822, .F. ) ;
#4063 = CARTESIAN_POINT ( 'NONE',  ( -2.299999999999999822, -170.0000000000000000, 70.75000000000001421 ) ) ;
#4064 = VECTOR ( 'NONE', #4155, 1000.000000000000000 ) ;
#4065 = FACE_OUTER_BOUND ( 'NONE', #3250, .T. ) ;
#4066 = CARTESIAN_POINT ( 'NONE',  ( -2.299999999999999822, -194.5999999999999943, 6.000000000000000000 ) ) ;
#4067 = CARTESIAN_POINT ( 'NONE',  ( 0.000000000000000000, 0.000000000000000000, 24.00000000000000000 ) ) ;
#4068 = EDGE_CURVE ( 'NONE', #3392, #3236, #2461, .T. ) ;
#4069 = DIRECTION ( 'NONE',  ( 1.000000000000000000, 0.000000000000000000, 0.000000000000000000 ) ) ;
#4070 = PLANE ( 'NONE',  #2747 ) ;
#4071 = VERTEX_POINT ( 'NONE', #1441 ) ;
#4072 = CARTESIAN_POINT ( 'NONE',  ( -1.500000000000000000, 175.0000000000000284, 90.00000000000000000 ) ) ;
#4073 = DIRECTION ( 'NONE',  ( 0.000000000000000000, 0.000000000000000000, 1.000000000000000000 ) ) ;
#4074 = DIRECTION ( 'NONE',  ( 0.000000000000000000, -1.000000000000000000, 0.000000000000000000 ) ) ;
#4075 = EDGE_CURVE ( 'NONE', #1515, #2247, #1742, .T. ) ;
#4076 = EDGE_LOOP ( 'NONE', ( #218, #3400 ) ) ;
#4077 = ORIENTED_EDGE ( 'NONE', *, *, #2551, .F. ) ;
#4078 = DATE_TIME_ROLE ( 'classification_date' ) ;
#4079 = DIRECTION ( 'NONE',  ( -1.000000000000000000, -0.000000000000000000, 0.000000000000000000 ) ) ;
#4080 = VERTEX_POINT ( 'NONE', #2087 ) ;
#4081 = DIRECTION ( 'NONE',  ( 1.000000000000000000, 0.000000000000000000, 0.000000000000000000 ) ) ;
#4082 = ADVANCED_FACE ( 'NONE', ( #2114 ), #2434, .F. ) ;
#4083 = ORIENTED_EDGE ( 'NONE', *, *, #4312, .T. ) ;
#4084 = DIRECTION ( 'NONE',  ( 0.000000000000000000, 0.000000000000000000, 1.000000000000000000 ) ) ;
#4085 = LINE ( 'NONE', #1486, #4303 ) ;
#4086 = CARTESIAN_POINT ( 'NONE',  ( 2.000000000000000000, 163.0000000000000000, 100.0000000000000000 ) ) ;
#4087 = ADVANCED_FACE ( 'NONE', ( #4065 ), #450, .F. ) ;
#4088 = FACE_OUTER_BOUND ( 'NONE', #1034, .T. ) ;
#4089 = DIRECTION ( 'NONE',  ( 0.000000000000000000, 0.000000000000000000, -1.000000000000000000 ) ) ;
#4090 = LINE ( 'NONE', #1114, #1820 ) ;
#4091 = EDGE_CURVE ( 'NONE', #34, #3707, #3408, .T. ) ;
#4092 = DIRECTION ( 'NONE',  ( -1.000000000000000000, -0.000000000000000000, 0.000000000000000000 ) ) ;
#4093 = ORIENTED_EDGE ( 'NONE', *, *, #387, .T. ) ;
#4094 = DIRECTION ( 'NONE',  ( -1.000000000000000000, -0.000000000000000000, 0.000000000000000000 ) ) ;
#4095 = PLANE ( 'NONE',  #3491 ) ;
#4096 = CARTESIAN_POINT ( 'NONE',  ( -1.500000000000000000, 133.0000000000000000, 90.00000000000000000 ) ) ;
#4097 = ORIENTED_EDGE ( 'NONE', *, *, #3398, .F. ) ;
#4098 = EDGE_CURVE ( 'NONE', #1024, #678, #799, .T. ) ;
#4099 = ORIENTED_EDGE ( 'NONE', *, *, #2633, .F. ) ;
#4100 = COORDINATED_UNIVERSAL_TIME_OFFSET ( 8, 0, .AHEAD. ) ;
#4101 = DIRECTION ( 'NONE',  ( 1.000000000000000000, 0.000000000000000000, 0.000000000000000000 ) ) ;
#4102 = ORIENTED_EDGE ( 'NONE', *, *, #4138, .T. ) ;
#4103 = LINE ( 'NONE', #2783, #1608 ) ;
#4104 = VECTOR ( 'NONE', #164, 1000.000000000000000 ) ;
#4105 = CIRCLE ( 'NONE', #205, 5.100000000000000533 ) ;
#4106 = VERTEX_POINT ( 'NONE', #1721 ) ;
#4107 = DIRECTION ( 'NONE',  ( 0.000000000000000000, 0.000000000000000000, -1.000000000000000000 ) ) ;
#4108 = PLANE ( 'NONE',  #3203 ) ;
#4109 = DIRECTION ( 'NONE',  ( 1.000000000000000000, 0.000000000000000000, -0.000000000000000000 ) ) ;
#4110 = AXIS2_PLACEMENT_3D ( 'NONE', #1507, #2834, #1180 ) ;
#4111 = AXIS2_PLACEMENT_3D ( 'NONE', #314, #3633, #650 ) ;
#4112 = VECTOR ( 'NONE', #1716, 1000.000000000000000 ) ;
#4113 = VECTOR ( 'NONE', #3671, 1000.000000000000000 ) ;
#4114 = EDGE_CURVE ( 'NONE', #303, #2691, #3041, .T. ) ;
#4115 = CARTESIAN_POINT ( 'NONE',  ( 2.000000000000000000, 61.25000000000000000, 7.700000000000000178 ) ) ;
#4116 = CYLINDRICAL_SURFACE ( 'NONE', #2606, 2.000000000000001776 ) ;
#4117 = VECTOR ( 'NONE', #3446, 1000.000000000000000 ) ;
#4118 = ORIENTED_EDGE ( 'NONE', *, *, #1045, .T. ) ;
#4119 = CIRCLE ( 'NONE', #1556, 2.250000000000001776 ) ;
#4120 = FACE_OUTER_BOUND ( 'NONE', #2779, .T. ) ;
#4121 = ORIENTED_EDGE ( 'NONE', *, *, #1393, .F. ) ;
#4122 = DIRECTION ( 'NONE',  ( 0.000000000000000000, 0.000000000000000000, 1.000000000000000000 ) ) ;
#4123 = CARTESIAN_POINT ( 'NONE',  ( -2.000000000000000000, 72.09999999999999432, 13.75000000000000000 ) ) ;
#4124 = ORIENTED_EDGE ( 'NONE', *, *, #628, .T. ) ;
#4125 = EDGE_CURVE ( 'NONE', #3156, #2287, #686, .T. ) ;
#4126 = ORIENTED_EDGE ( 'NONE', *, *, #4264, .T. ) ;
#4127 = PERSON_AND_ORGANIZATION ( #2158, #1116 ) ;
#4128 = FACE_OUTER_BOUND ( 'NONE', #2629, .T. ) ;
#4129 = VECTOR ( 'NONE', #1339, 1000.000000000000000 ) ;
#4130 = ORIENTED_EDGE ( 'NONE', *, *, #4004, .F. ) ;
#4131 = FACE_OUTER_BOUND ( 'NONE', #2276, .T. ) ;
#4132 = VECTOR ( 'NONE', #3177, 1000.000000000000000 ) ;
#4133 = ORIENTED_EDGE ( 'NONE', *, *, #665, .F. ) ;
#4134 = CYLINDRICAL_SURFACE ( 'NONE', #1778, 2.250000000000000444 ) ;
#4135 = CARTESIAN_POINT ( 'NONE',  ( -1.500000000000000000, 0.000000000000000000, 90.00000000000000000 ) ) ;
#4136 = AXIS2_PLACEMENT_3D ( 'NONE', #1672, #2630, #615 ) ;
#4137 = CARTESIAN_POINT ( 'NONE',  ( -1.500000000000000000, 0.000000000000000000, 94.00000000000000000 ) ) ;
#4138 = EDGE_CURVE ( 'NONE', #371, #722, #2086, .T. ) ;
#4139 = LINE ( 'NONE', #432, #913 ) ;
#4140 = DIRECTION ( 'NONE',  ( 1.000000000000000000, 0.000000000000000000, 0.000000000000000000 ) ) ;
#4141 = ORIENTED_EDGE ( 'NONE', *, *, #1809, .T. ) ;
#4142 = ADVANCED_FACE ( 'NONE', ( #137 ), #3712, .F. ) ;
#4143 = CARTESIAN_POINT ( 'NONE',  ( 2.000000000000000000, 84.99999999999998579, 100.0000000000000000 ) ) ;
#4144 = LINE ( 'NONE', #1800, #2855 ) ;
#4145 = CARTESIAN_POINT ( 'NONE',  ( -2.299999999999999822, 0.000000000000000000, 30.00000000000000000 ) ) ;
#4146 = DIRECTION ( 'NONE',  ( 0.000000000000000000, 0.000000000000000000, -1.000000000000000000 ) ) ;
#4147 = ORIENTED_EDGE ( 'NONE', *, *, #598, .T. ) ;
#4148 = VERTEX_POINT ( 'NONE', #2720 ) ;
#4149 = EDGE_CURVE ( 'NONE', #3971, #757, #4085, .T. ) ;
#4150 = PERSON_AND_ORGANIZATION_ROLE ( 'design_supplier' ) ;
#4151 = DIRECTION ( 'NONE',  ( 0.000000000000000000, 0.000000000000000000, -1.000000000000000000 ) ) ;
#4152 = ORIENTED_EDGE ( 'NONE', *, *, #1489, .F. ) ;
#4153 = DIRECTION ( 'NONE',  ( -0.000000000000000000, 0.000000000000000000, -1.000000000000000000 ) ) ;
#4154 = ORIENTED_EDGE ( 'NONE', *, *, #2469, .F. ) ;
#4155 = DIRECTION ( 'NONE',  ( 1.000000000000000000, 0.000000000000000000, -0.000000000000000000 ) ) ;
#4156 = FACE_BOUND ( 'NONE', #3144, .T. ) ;
#4157 = ADVANCED_FACE ( 'NONE', ( #1031 ), #4022, .T. ) ;
#4158 = CARTESIAN_POINT ( 'NONE',  ( -2.000000000000000000, -61.25000000000000000, 16.00000000000000000 ) ) ;
#4159 = DIRECTION ( 'NONE',  ( 0.000000000000000000, -1.000000000000000000, 0.000000000000000000 ) ) ;
#4160 = CARTESIAN_POINT ( 'NONE',  ( 2.000000000000000000, -60.00000000000000000, 90.00000000000001421 ) ) ;
#4161 = ORIENTED_EDGE ( 'NONE', *, *, #1165, .F. ) ;
#4162 = DIRECTION ( 'NONE',  ( 0.000000000000000000, -1.000000000000000000, -0.000000000000000000 ) ) ;
#4163 = LINE ( 'NONE', #1189, #3272 ) ;
#4164 = CARTESIAN_POINT ( 'NONE',  ( -2.000000000000000000, 0.000000000000000000, 30.00000000000000000 ) ) ;
#4165 = VERTEX_POINT ( 'NONE', #3048 ) ;
#4166 = ORIENTED_EDGE ( 'NONE', *, *, #2385, .T. ) ;
#4167 = APPROVAL ( #3425, '未' ) ;
#4168 = LINE ( 'NONE', #1541, #2301 ) ;
#4169 = ORIENTED_EDGE ( 'NONE', *, *, #3146, .T. ) ;
#4170 = DIRECTION ( 'NONE',  ( 0.000000000000000000, 0.000000000000000000, 1.000000000000000000 ) ) ;
#4171 = VERTEX_POINT ( 'NONE', #368 ) ;
#4172 = AXIS2_PLACEMENT_3D ( 'NONE', #4067, #1422, #3404 ) ;
#4173 = PLANE ( 'NONE',  #3960 ) ;
#4174 = VERTEX_POINT ( 'NONE', #1709 ) ;
#4175 = FACE_BOUND ( 'NONE', #466, .T. ) ;
#4176 = EDGE_CURVE ( 'NONE', #1248, #1376, #1989, .T. ) ;
#4177 = CIRCLE ( 'NONE', #415, 5.100000000000000533 ) ;
#4178 = FACE_OUTER_BOUND ( 'NONE', #1767, .T. ) ;
#4179 = DIRECTION ( 'NONE',  ( 0.000000000000000000, -1.000000000000000000, 0.000000000000000000 ) ) ;
#4180 = AXIS2_PLACEMENT_3D ( 'NONE', #829, #2512, #788 ) ;
#4181 = AXIS2_PLACEMENT_3D ( 'NONE', #1618, #3526, #2558 ) ;
#4182 = VECTOR ( 'NONE', #3863, 1000.000000000000000 ) ;
#4183 = VERTEX_POINT ( 'NONE', #1011 ) ;
#4184 = ADVANCED_FACE ( 'NONE', ( #2352 ), #3613, .F. ) ;
#4185 = AXIS2_PLACEMENT_3D ( 'NONE', #2730, #2664, #3975 ) ;
#4186 = DIRECTION ( 'NONE',  ( 1.000000000000000000, 0.000000000000000000, -0.000000000000000000 ) ) ;
#4187 = CYLINDRICAL_SURFACE ( 'NONE', #2530, 1.700000000000000178 ) ;
#4188 = CYLINDRICAL_SURFACE ( 'NONE', #431, 2.000000000000001776 ) ;
#4189 = CARTESIAN_POINT ( 'NONE',  ( -2.000000000000000000, -72.09999999999999432, 13.75000000000000000 ) ) ;
#4190 = ORIENTED_EDGE ( 'NONE', *, *, #3483, .F. ) ;
#4191 = ADVANCED_FACE ( 'NONE', ( #2333 ), #693, .F. ) ;
#4192 = VECTOR ( 'NONE', #2540, 1000.000000000000000 ) ;
#4193 = ORIENTED_EDGE ( 'NONE', *, *, #1570, .T. ) ;
#4194 = PLANE ( 'NONE',  #3335 ) ;
#4195 = EDGE_LOOP ( 'NONE', ( #1579, #614 ) ) ;
#4196 = CARTESIAN_POINT ( 'NONE',  ( -1.500000000000000000, 175.0000000000000000, 94.00000000000000000 ) ) ;
#4197 = ADVANCED_FACE ( 'NONE', ( #320 ), #1661, .T. ) ;
#4198 = EDGE_LOOP ( 'NONE', ( #2871, #1036, #3597, #519 ) ) ;
#4199 = LINE ( 'NONE', #1550, #3333 ) ;
#4200 = VERTEX_POINT ( 'NONE', #1757 ) ;
#4201 = PLANE ( 'NONE',  #1260 ) ;
#4202 = CIRCLE ( 'NONE', #2318, 13.00000000000000178 ) ;
#4203 = LINE ( 'NONE', #534, #2372 ) ;
#4204 = CARTESIAN_POINT ( 'NONE',  ( 1.500000000000000000, 0.000000000000000000, 94.00000000000000000 ) ) ;
#4205 = ADVANCED_FACE ( 'NONE', ( #3742 ), #3418, .F. ) ;
#4206 = ORIENTED_EDGE ( 'NONE', *, *, #372, .F. ) ;
#4207 = CARTESIAN_POINT ( 'NONE',  ( -2.000000000000000000, 0.000000000000000000, 108.0000000000000000 ) ) ;
#4208 = DIRECTION ( 'NONE',  ( 0.000000000000000000, 0.000000000000000000, 1.000000000000000000 ) ) ;
#4209 = VERTEX_POINT ( 'NONE', #3487 ) ;
#4210 = CARTESIAN_POINT ( 'NONE',  ( -2.299999999999999822, 163.0000000000000000, 92.00000000000000000 ) ) ;
#4211 = DIRECTION ( 'NONE',  ( -1.000000000000000000, -0.000000000000000000, 0.000000000000000000 ) ) ;
#4212 = EDGE_LOOP ( 'NONE', ( #3681, #2927, #3596, #3052, #4169, #1629, #94, #1887 ) ) ;
#4213 = ORIENTED_EDGE ( 'NONE', *, *, #1856, .F. ) ;
#4214 = EDGE_CURVE ( 'NONE', #3872, #3936, #268, .T. ) ;
#4215 = DIRECTION ( 'NONE',  ( 0.000000000000000000, 0.000000000000000000, -1.000000000000000000 ) ) ;
#4216 = ORIENTED_EDGE ( 'NONE', *, *, #1285, .T. ) ;
#4217 = EDGE_CURVE ( 'NONE', #2037, #1248, #3674, .T. ) ;
#4218 = ORIENTED_EDGE ( 'NONE', *, *, #2469, .T. ) ;
#4219 = FACE_BOUND ( 'NONE', #3984, .T. ) ;
#4220 = FACE_OUTER_BOUND ( 'NONE', #1649, .T. ) ;
#4221 = CARTESIAN_POINT ( 'NONE',  ( -1.500000000000000000, 163.0000000000000000, 92.00000000000000000 ) ) ;
#4222 = VERTEX_POINT ( 'NONE', #3445 ) ;
#4223 = EDGE_CURVE ( 'NONE', #2134, #3184, #807, .T. ) ;
#4224 = LINE ( 'NONE', #4207, #1408 ) ;
#4225 = LINE ( 'NONE', #585, #3631 ) ;
#4226 = CARTESIAN_POINT ( 'NONE',  ( -2.000000000000000000, 0.000000000000000000, 30.00000000000000000 ) ) ;
#4227 = CARTESIAN_POINT ( 'NONE',  ( 2.000000000000000000, 115.0000000000000000, 102.0000000000000142 ) ) ;
#4228 = ORIENTED_EDGE ( 'NONE', *, *, #2707, .F. ) ;
#4229 = EDGE_CURVE ( 'NONE', #2691, #2970, #4144, .T. ) ;
#4230 = ORIENTED_EDGE ( 'NONE', *, *, #2405, .F. ) ;
#4231 = DIRECTION ( 'NONE',  ( -1.000000000000000000, -0.000000000000000000, 0.000000000000000000 ) ) ;
#4232 = VERTEX_POINT ( 'NONE', #1848 ) ;
#4233 = EDGE_CURVE ( 'NONE', #1401, #4296, #3808, .T. ) ;
#4234 = ORIENTED_EDGE ( 'NONE', *, *, #1133, .T. ) ;
#4235 = EDGE_LOOP ( 'NONE', ( #25, #590, #604, #3012 ) ) ;
#4236 = CARTESIAN_POINT ( 'NONE',  ( -2.000000000000000000, -194.5999999999999943, 13.75000000000000000 ) ) ;
#4237 = VECTOR ( 'NONE', #2694, 1000.000000000000000 ) ;
#4238 = DIRECTION ( 'NONE',  ( 1.000000000000000000, 0.000000000000000000, 0.000000000000000000 ) ) ;
#4239 = DIRECTION ( 'NONE',  ( 0.000000000000000000, 0.000000000000000000, -1.000000000000000000 ) ) ;
#4240 = ORIENTED_EDGE ( 'NONE', *, *, #500, .F. ) ;
#4241 = VECTOR ( 'NONE', #3756, 1000.000000000000000 ) ;
#4242 = EDGE_CURVE ( 'NONE', #3256, #3175, #3391, .T. ) ;
#4243 = DIRECTION ( 'NONE',  ( -1.000000000000000000, -0.000000000000000000, 0.000000000000000000 ) ) ;
#4244 = DIRECTION ( 'NONE',  ( 0.000000000000000000, 0.000000000000000000, -1.000000000000000000 ) ) ;
#4245 = VECTOR ( 'NONE', #3817, 1000.000000000000000 ) ;
#4246 = DIRECTION ( 'NONE',  ( -1.000000000000000000, -0.000000000000000000, 0.000000000000000000 ) ) ;
#4247 = CARTESIAN_POINT ( 'NONE',  ( 2.000000000000000000, 103.0000000000000142, 100.0000000000000000 ) ) ;
#4248 = ORIENTED_EDGE ( 'NONE', *, *, #648, .F. ) ;
#4249 = AXIS2_PLACEMENT_3D ( 'NONE', #3160, #3447, #1171 ) ;
#4250 = VECTOR ( 'NONE', #3802, 1000.000000000000000 ) ;
#4251 = AXIS2_PLACEMENT_3D ( 'NONE', #925, #509, #484 ) ;
#4252 = ORIENTED_EDGE ( 'NONE', *, *, #998, .F. ) ;
#4253 = DIRECTION ( 'NONE',  ( 1.000000000000000000, 0.000000000000000000, -0.000000000000000000 ) ) ;
#4254 = EDGE_CURVE ( 'NONE', #3374, #2605, #827, .T. ) ;
#4255 = ORIENTED_EDGE ( 'NONE', *, *, #313, .F. ) ;
#4256 = VECTOR ( 'NONE', #1849, 1000.000000000000000 ) ;
#4257 = VECTOR ( 'NONE', #4208, 1000.000000000000000 ) ;
#4258 = ORIENTED_EDGE ( 'NONE', *, *, #4233, .T. ) ;
#4259 = DIRECTION ( 'NONE',  ( 0.000000000000000000, 0.000000000000000000, 1.000000000000000000 ) ) ;
#4260 = VERTEX_POINT ( 'NONE', #44 ) ;
#4261 = LINE ( 'NONE', #1019, #1749 ) ;
#4262 = DIRECTION ( 'NONE',  ( 1.000000000000000000, 0.000000000000000000, -0.000000000000000000 ) ) ;
#4263 = DIRECTION ( 'NONE',  ( -1.000000000000000000, -0.000000000000000000, 0.000000000000000000 ) ) ;
#4264 = EDGE_CURVE ( 'NONE', #1454, #246, #393, .T. ) ;
#4265 = FACE_BOUND ( 'NONE', #1857, .T. ) ;
#4266 = AXIS2_PLACEMENT_3D ( 'NONE', #1819, #2124, #2188 ) ;
#4267 = ORIENTED_EDGE ( 'NONE', *, *, #2725, .T. ) ;
#4268 = VECTOR ( 'NONE', #433, 1000.000000000000000 ) ;
#4269 = CARTESIAN_POINT ( 'NONE',  ( -2.000000000000000000, 0.000000000000000000, 30.00000000000000000 ) ) ;
#4270 = DIRECTION ( 'NONE',  ( 0.000000000000000000, 0.000000000000000000, 1.000000000000000000 ) ) ;
#4271 = CYLINDRICAL_SURFACE ( 'NONE', #2880, 1.700000000000000178 ) ;
#4272 = CARTESIAN_POINT ( 'NONE',  ( -2.000000000000000000, -188.4000000000000057, 24.00000000000000000 ) ) ;
#4273 = EDGE_CURVE ( 'NONE', #1174, #3579, #994, .T. ) ;
#4274 = EDGE_LOOP ( 'NONE', ( #1361, #2278, #530, #2898 ) ) ;
#4275 = ORIENTED_EDGE ( 'NONE', *, *, #2451, .F. ) ;
#4276 = CARTESIAN_POINT ( 'NONE',  ( 1.500000000000000000, -48.46743740532919986, 24.00000000000000000 ) ) ;
#4277 = DIRECTION ( 'NONE',  ( 0.000000000000000000, -0.000000000000000000, 1.000000000000000000 ) ) ;
#4278 = ORIENTED_EDGE ( 'NONE', *, *, #2377, .T. ) ;
#4279 = EDGE_CURVE ( 'NONE', #2965, #3096, #2387, .T. ) ;
#4280 = VERTEX_POINT ( 'NONE', #2358 ) ;
#4281 = ORIENTED_EDGE ( 'NONE', *, *, #2533, .F. ) ;
#4282 = DIRECTION ( 'NONE',  ( 1.000000000000000000, 0.000000000000000000, -0.000000000000000000 ) ) ;
#4283 = VERTEX_POINT ( 'NONE', #1346 ) ;
#4284 = CYLINDRICAL_SURFACE ( 'NONE', #235, 12.99999999999999822 ) ;
#4285 = LINE ( 'NONE', #3314, #1328 ) ;
#4286 = ORIENTED_EDGE ( 'NONE', *, *, #2289, .T. ) ;
#4287 = EDGE_CURVE ( 'NONE', #4071, #2842, #2061, .T. ) ;
#4288 = FACE_OUTER_BOUND ( 'NONE', #3054, .T. ) ;
#4289 = DIRECTION ( 'NONE',  ( -1.000000000000000000, -0.000000000000000000, 0.000000000000000000 ) ) ;
#4290 = CARTESIAN_POINT ( 'NONE',  ( 1.500000000000000000, 163.0000000000000000, 94.00000000000000000 ) ) ;
#4291 = VERTEX_POINT ( 'NONE', #2672 ) ;
#4292 = ORIENTED_EDGE ( 'NONE', *, *, #2031, .T. ) ;
#4293 = CARTESIAN_POINT ( 'NONE',  ( 2.000000000000000000, -91.85246629291785325, 34.62644355067057944 ) ) ;
#4294 = LINE ( 'NONE', #1973, #912 ) ;
#4295 = ORIENTED_EDGE ( 'NONE', *, *, #3340, .T. ) ;
#4296 = VERTEX_POINT ( 'NONE', #1715 ) ;
#4297 = CARTESIAN_POINT ( 'NONE',  ( -2.000000000000000000, -60.00000000000000000, 30.00000000000000000 ) ) ;
#4298 = ORIENTED_EDGE ( 'NONE', *, *, #3838, .T. ) ;
#4299 = CARTESIAN_POINT ( 'NONE',  ( -1.500000000000000000, 193.0000000000000000, 92.00000000000000000 ) ) ;
#4300 = DIRECTION ( 'NONE',  ( 1.000000000000000000, 0.000000000000000000, 0.000000000000000000 ) ) ;
#4301 = EDGE_CURVE ( 'NONE', #2556, #2230, #1387, .T. ) ;
#4302 = EDGE_LOOP ( 'NONE', ( #4093, #1259, #3883, #1028 ) ) ;
#4303 = VECTOR ( 'NONE', #2813, 1000.000000000000000 ) ;
#4304 = DIRECTION ( 'NONE',  ( 1.000000000000000000, 0.000000000000000000, 0.000000000000000000 ) ) ;
#4305 = CARTESIAN_POINT ( 'NONE',  ( -2.000000000000000000, -173.0000000000000284, 44.25000000000000000 ) ) ;
#4306 = DIRECTION ( 'NONE',  ( 0.000000000000000000, 0.000000000000000000, -1.000000000000000000 ) ) ;
#4307 = CIRCLE ( 'NONE', #3680, 13.00000000000000178 ) ;
#4308 = ORIENTED_EDGE ( 'NONE', *, *, #3558, .F. ) ;
#4309 = CIRCLE ( 'NONE', #4030, 13.00000000000000178 ) ;
#4310 = CARTESIAN_POINT ( 'NONE',  ( -1.500000000000000000, -60.00000000000000000, 0.000000000000000000 ) ) ;
#4311 = FACE_OUTER_BOUND ( 'NONE', #3129, .T. ) ;
#4312 = EDGE_CURVE ( 'NONE', #722, #4165, #1368, .T. ) ;
#4313 = CARTESIAN_POINT ( 'NONE',  ( -1.500000000000000000, 190.0000000000000000, 25.60000000000000142 ) ) ;
#4314 = AXIS2_PLACEMENT_3D ( 'NONE', #675, #1759, #1033 ) ;
#4315 = AXIS2_PLACEMENT_3D ( 'NONE', #1444, #1182, #2504 ) ;
#4316 = ORIENTED_EDGE ( 'NONE', *, *, #1110, .F. ) ;
#4317 = CIRCLE ( 'NONE', #2171, 2.000000000000001776 ) ;
ENDSEC;
END-ISO-10303-21;
