ISO-10303-21;
HEADER;
FILE_DESCRIPTION (( 'STEP AP203' ),
    '1' );
FILE_NAME ('SideFrame_V07_StableDoubleShearInner.STEP',
    '2026-08-26T08:21:32',
    ( '' ),
    ( '' ),
    'SwSTEP 2.0',
    'SolidWorks 2025',
    '' );
FILE_SCHEMA (( 'CONFIG_CONTROL_DESIGN' ));
ENDSEC;

DATA;
#1 = VECTOR ( 'NONE', #3165, 1000.000000000000000 ) ;
#2 = CYLINDRICAL_SURFACE ( 'NONE', #2065, 2.000000000000001776 ) ;
#3 = VECTOR ( 'NONE', #156, 1000.000000000000000 ) ;
#4 = ORIENTED_EDGE ( 'NONE', *, *, #2146, .T. ) ;
#5 = FACE_OUTER_BOUND ( 'NONE', #3418, .T. ) ;
#6 = DIRECTION ( 'NONE',  ( 0.000000000000000000, 1.000000000000000000, 0.000000000000000000 ) ) ;
#7 = VECTOR ( 'NONE', #2480, 1000.000000000000000 ) ;
#8 = VERTEX_POINT ( 'NONE', #1534 ) ;
#9 = AXIS2_PLACEMENT_3D ( 'NONE', #824, #2708, #436 ) ;
#10 = ORIENTED_EDGE ( 'NONE', *, *, #1358, .T. ) ;
#11 = DIRECTION ( 'NONE',  ( 1.000000000000000000, 0.000000000000000000, 0.000000000000000000 ) ) ;
#12 = EDGE_CURVE ( 'NONE', #3782, #3673, #278, .T. ) ;
#13 = EDGE_CURVE ( 'NONE', #1935, #1515, #1492, .T. ) ;
#14 = CARTESIAN_POINT ( 'NONE',  ( 0.000000000000000000, -198.0000000000000000, 96.00000000000000000 ) ) ;
#15 = ORIENTED_EDGE ( 'NONE', *, *, #91, .F. ) ;
#16 = AXIS2_PLACEMENT_3D ( 'NONE', #2921, #3543, #2561 ) ;
#17 = LINE ( 'NONE', #2622, #475 ) ;
#18 = DIRECTION ( 'NONE',  ( 0.000000000000000000, 0.000000000000000000, -1.000000000000000000 ) ) ;
#19 = CIRCLE ( 'NONE', #1861, 2.749999999999999112 ) ;
#20 = FACE_BOUND ( 'NONE', #818, .T. ) ;
#21 = VERTEX_POINT ( 'NONE', #3693 ) ;
#22 = LINE ( 'NONE', #103, #279 ) ;
#23 = VECTOR ( 'NONE', #1818, 1000.000000000000000 ) ;
#24 = CARTESIAN_POINT ( 'NONE',  ( 2.000000000000000000, 163.0000000000000000, 102.0000000000000142 ) ) ;
#25 = AXIS2_PLACEMENT_3D ( 'NONE', #3811, #1630, #3496 ) ;
#26 = LINE ( 'NONE', #44, #3261 ) ;
#27 = ORIENTED_EDGE ( 'NONE', *, *, #3507, .F. ) ;
#28 = CARTESIAN_POINT ( 'NONE',  ( 2.000000000000000000, 193.0000000000000000, 104.0000000000000142 ) ) ;
#29 = LINE ( 'NONE', #688, #1584 ) ;
#30 = CARTESIAN_POINT ( 'NONE',  ( -2.000000000000000000, 145.0000000000000000, 104.0000000000000142 ) ) ;
#31 = EDGE_LOOP ( 'NONE', ( #4023, #1581, #2625, #1086 ) ) ;
#32 = EDGE_CURVE ( 'NONE', #1834, #2470, #3713, .T. ) ;
#33 = ORIENTED_EDGE ( 'NONE', *, *, #1879, .T. ) ;
#34 = CARTESIAN_POINT ( 'NONE',  ( -2.000000000000000000, 11.53256259467079836, 24.00000000000000000 ) ) ;
#35 = PLANE ( 'NONE',  #3535 ) ;
#36 = ORIENTED_EDGE ( 'NONE', *, *, #1401, .F. ) ;
#37 = CARTESIAN_POINT ( 'NONE',  ( -2.000000000000000000, 0.000000000000000000, 24.00000000000000000 ) ) ;
#38 = EDGE_CURVE ( 'NONE', #1459, #1890, #2095, .T. ) ;
#39 = DIRECTION ( 'NONE',  ( 1.000000000000000000, 0.000000000000000000, -0.000000000000000000 ) ) ;
#40 = FACE_BOUND ( 'NONE', #3283, .T. ) ;
#41 = ORIENTED_EDGE ( 'NONE', *, *, #2122, .F. ) ;
#42 = LINE ( 'NONE', #986, #3186 ) ;
#43 = LINE ( 'NONE', #2901, #3443 ) ;
#44 = CARTESIAN_POINT ( 'NONE',  ( 0.000000000000000000, 175.0000000000000000, 104.0000000000000142 ) ) ;
#45 = CARTESIAN_POINT ( 'NONE',  ( -2.000000000000000000, 84.99999999999998579, 104.0000000000000142 ) ) ;
#46 = DIRECTION ( 'NONE',  ( 0.000000000000000000, 0.000000000000000000, -1.000000000000000000 ) ) ;
#47 = EDGE_CURVE ( 'NONE', #2333, #1244, #289, .T. ) ;
#48 = CARTESIAN_POINT ( 'NONE',  ( 1.500000000000000000, 198.0000000000000000, 96.00000000000000000 ) ) ;
#49 = ORIENTED_EDGE ( 'NONE', *, *, #3437, .T. ) ;
#50 = ORIENTED_EDGE ( 'NONE', *, *, #3252, .F. ) ;
#51 = DIRECTION ( 'NONE',  ( 0.000000000000000000, 0.000000000000000000, 1.000000000000000000 ) ) ;
#52 = DIRECTION ( 'NONE',  ( 1.000000000000000000, 0.000000000000000000, 0.000000000000000000 ) ) ;
#53 = ORIENTED_EDGE ( 'NONE', *, *, #163, .T. ) ;
#54 = CARTESIAN_POINT ( 'NONE',  ( -2.000000000000000000, 0.000000000000000000, 24.00000000000000000 ) ) ;
#55 = CARTESIAN_POINT ( 'NONE',  ( -1.500000000000000000, 145.0000000000000000, 92.00000000000000000 ) ) ;
#56 = DIRECTION ( 'NONE',  ( 1.000000000000000000, 0.000000000000000000, -0.000000000000000000 ) ) ;
#57 = EDGE_LOOP ( 'NONE', ( #3966, #3753 ) ) ;
#58 = CARTESIAN_POINT ( 'NONE',  ( 1.500000000000000000, -184.0000000000000000, 53.92820323027554252 ) ) ;
#59 = DIRECTION ( 'NONE',  ( 1.000000000000000000, 0.000000000000000000, -0.000000000000000000 ) ) ;
#60 = EDGE_CURVE ( 'NONE', #1169, #3765, #2395, .T. ) ;
#61 = DIRECTION ( 'NONE',  ( 0.000000000000000000, 0.000000000000000000, 1.000000000000000000 ) ) ;
#62 = CARTESIAN_POINT ( 'NONE',  ( -2.000000000000000000, 150.0000000000000000, 61.10000000000000142 ) ) ;
#63 = EDGE_CURVE ( 'NONE', #3618, #1935, #602, .T. ) ;
#64 = AXIS2_PLACEMENT_3D ( 'NONE', #256, #600, #3754 ) ;
#65 = DIRECTION ( 'NONE',  ( -1.000000000000000000, -0.000000000000000000, 0.000000000000000000 ) ) ;
#66 = CIRCLE ( 'NONE', #725, 2.750000000000002665 ) ;
#67 = CARTESIAN_POINT ( 'NONE',  ( 2.000000000000000000, -129.0000000000000000, 46.90000000000000568 ) ) ;
#68 = ORIENTED_EDGE ( 'NONE', *, *, #1577, .F. ) ;
#69 = ORIENTED_EDGE ( 'NONE', *, *, #2999, .F. ) ;
#70 = AXIS2_PLACEMENT_3D ( 'NONE', #24, #1276, #3855 ) ;
#71 = APPROVAL_DATE_TIME ( #190, #3623 ) ;
#72 = EDGE_CURVE ( 'NONE', #260, #331, #3646, .T. ) ;
#73 = VECTOR ( 'NONE', #453, 1000.000000000000000 ) ;
#74 = ORIENTED_EDGE ( 'NONE', *, *, #2476, .F. ) ;
#75 = CARTESIAN_POINT ( 'NONE',  ( -2.000000000000000000, 193.0000000000000000, 100.0000000000000000 ) ) ;
#76 = VERTEX_POINT ( 'NONE', #2718 ) ;
#77 = PLANE ( 'NONE',  #3585 ) ;
#78 = AXIS2_PLACEMENT_3D ( 'NONE', #2137, #582, #2764 ) ;
#79 = DIRECTION ( 'NONE',  ( -1.000000000000000000, -0.000000000000000000, 0.000000000000000000 ) ) ;
#80 = ADVANCED_FACE ( 'NONE', ( #2444 ), #3404, .F. ) ;
#81 = LINE ( 'NONE', #699, #2140 ) ;
#82 = VECTOR ( 'NONE', #3020, 1000.000000000000000 ) ;
#83 = ORIENTED_EDGE ( 'NONE', *, *, #1256, .F. ) ;
#84 = DIRECTION ( 'NONE',  ( 0.000000000000000000, -1.000000000000000000, 0.000000000000000000 ) ) ;
#85 = LINE ( 'NONE', #1342, #1990 ) ;
#86 = CIRCLE ( 'NONE', #3388, 2.250000000000000444 ) ;
#87 = CARTESIAN_POINT ( 'NONE',  ( -2.299999999999999822, 150.0000000000000000, 55.00000000000000000 ) ) ;
#88 = DIRECTION ( 'NONE',  ( 1.000000000000000000, 0.000000000000000000, 0.000000000000000000 ) ) ;
#89 = CIRCLE ( 'NONE', #1203, 1.700000000000000178 ) ;
#90 = CARTESIAN_POINT ( 'NONE',  ( -2.299999999999999822, 72.09999999999999432, 16.00000000000000000 ) ) ;
#91 = EDGE_CURVE ( 'NONE', #936, #1702, #1840, .T. ) ;
#92 = AXIS2_PLACEMENT_3D ( 'NONE', #779, #1046, #2644 ) ;
#93 = FACE_OUTER_BOUND ( 'NONE', #3852, .T. ) ;
#94 = ORIENTED_EDGE ( 'NONE', *, *, #3655, .T. ) ;
#95 = AXIS2_PLACEMENT_3D ( 'NONE', #2144, #552, #3367 ) ;
#96 = PERSON_AND_ORGANIZATION ( #3825, #3609 ) ;
#97 = EDGE_LOOP ( 'NONE', ( #3723, #1164, #2619, #2592 ) ) ;
#98 = VERTEX_POINT ( 'NONE', #1340 ) ;
#99 = DIRECTION ( 'NONE',  ( 0.000000000000000000, -1.000000000000000000, 0.000000000000000000 ) ) ;
#100 = CARTESIAN_POINT ( 'NONE',  ( -2.299999999999999822, 60.00000000000000000, 27.25000000000000000 ) ) ;
#101 = DIRECTION ( 'NONE',  ( -0.000000000000000000, 0.000000000000000000, -1.000000000000000000 ) ) ;
#102 = ORIENTED_EDGE ( 'NONE', *, *, #1897, .T. ) ;
#103 = CARTESIAN_POINT ( 'NONE',  ( 0.000000000000000000, 84.99999999999998579, 94.00000000000000000 ) ) ;
#104 = CARTESIAN_POINT ( 'NONE',  ( 2.000000000000000000, -194.5999999999999943, 13.75000000000000000 ) ) ;
#105 = ADVANCED_FACE ( 'NONE', ( #3499 ), #740, .F. ) ;
#106 = CIRCLE ( 'NONE', #3605, 6.100000000000001421 ) ;
#107 = DIRECTION ( 'NONE',  ( 0.000000000000000000, 0.000000000000000000, -1.000000000000000000 ) ) ;
#108 = CARTESIAN_POINT ( 'NONE',  ( -1.500000000000000000, 85.00000000000000000, 92.00000000000000000 ) ) ;
#109 = DIRECTION ( 'NONE',  ( 1.000000000000000000, 0.000000000000000000, 0.000000000000000000 ) ) ;
#110 = EDGE_CURVE ( 'NONE', #3091, #3095, #2583, .T. ) ;
#111 = DIRECTION ( 'NONE',  ( 0.000000000000000000, 0.000000000000000000, 1.000000000000000000 ) ) ;
#112 = EDGE_LOOP ( 'NONE', ( #3656, #2035, #2507, #2685 ) ) ;
#113 = EDGE_CURVE ( 'NONE', #170, #4090, #2606, .T. ) ;
#114 = ORIENTED_EDGE ( 'NONE', *, *, #3954, .F. ) ;
#115 = VERTEX_POINT ( 'NONE', #3272 ) ;
#116 = EDGE_CURVE ( 'NONE', #2272, #754, #3854, .T. ) ;
#117 = ORIENTED_EDGE ( 'NONE', *, *, #307, .T. ) ;
#118 = CARTESIAN_POINT ( 'NONE',  ( -2.299999999999999822, 103.0000000000000142, 92.00000000000000000 ) ) ;
#119 = LINE ( 'NONE', #3016, #3878 ) ;
#120 = DIRECTION ( 'NONE',  ( 0.000000000000000000, -1.000000000000000000, 0.000000000000000000 ) ) ;
#121 = EDGE_LOOP ( 'NONE', ( #2209, #1061, #2873, #1697 ) ) ;
#122 = CARTESIAN_POINT ( 'NONE',  ( 1.500000000000000000, 133.0000000000000000, 94.00000000000000000 ) ) ;
#123 = DIRECTION ( 'NONE',  ( 0.000000000000000000, 0.000000000000000000, -1.000000000000000000 ) ) ;
#124 = EDGE_CURVE ( 'NONE', #3688, #1017, #22, .T. ) ;
#125 = EDGE_CURVE ( 'NONE', #563, #76, #935, .T. ) ;
#126 = DIRECTION ( 'NONE',  ( 1.000000000000000000, 0.000000000000000000, -0.000000000000000000 ) ) ;
#127 = ORIENTED_EDGE ( 'NONE', *, *, #1095, .T. ) ;
#128 = DIRECTION ( 'NONE',  ( -1.000000000000000000, -0.000000000000000000, -0.000000000000000000 ) ) ;
#129 = EDGE_CURVE ( 'NONE', #98, #2771, #42, .T. ) ;
#130 = DIRECTION ( 'NONE',  ( 0.000000000000000000, 0.000000000000000000, -1.000000000000000000 ) ) ;
#131 = CIRCLE ( 'NONE', #2244, 2.000000000000001776 ) ;
#132 = ORIENTED_EDGE ( 'NONE', *, *, #2353, .F. ) ;
#133 = EDGE_CURVE ( 'NONE', #232, #2878, #2297, .T. ) ;
#134 = CARTESIAN_POINT ( 'NONE',  ( 0.000000000000000000, 0.000000000000000000, 24.00000000000000000 ) ) ;
#135 = AXIS2_PLACEMENT_3D ( 'NONE', #108, #3898, #1300 ) ;
#136 = ORIENTED_EDGE ( 'NONE', *, *, #3604, .T. ) ;
#137 = AXIS2_PLACEMENT_3D ( 'NONE', #892, #1215, #3751 ) ;
#138 = EDGE_LOOP ( 'NONE', ( #2581, #3696, #1056, #1126 ) ) ;
#139 = CARTESIAN_POINT ( 'NONE',  ( 2.000000000000000000, -194.5999999999999943, 7.700000000000000178 ) ) ;
#140 = DIRECTION ( 'NONE',  ( 1.000000000000000000, 0.000000000000000000, -0.000000000000000000 ) ) ;
#141 = ADVANCED_FACE ( 'NONE', ( #2278 ), #2256, .F. ) ;
#142 = VECTOR ( 'NONE', #2169, 1000.000000000000000 ) ;
#143 = DIRECTION ( 'NONE',  ( 1.000000000000000000, 0.000000000000000000, 0.000000000000000000 ) ) ;
#144 = ORIENTED_EDGE ( 'NONE', *, *, #4056, .T. ) ;
#145 = AXIS2_PLACEMENT_3D ( 'NONE', #3763, #575, #2188 ) ;
#146 = DIRECTION ( 'NONE',  ( -1.000000000000000000, -0.000000000000000000, 0.000000000000000000 ) ) ;
#147 = DIRECTION ( 'NONE',  ( -1.000000000000000000, -0.000000000000000000, 0.000000000000000000 ) ) ;
#148 = CARTESIAN_POINT ( 'NONE',  ( 2.000000000000000000, 48.46743740532919986, 24.00000000000000000 ) ) ;
#149 = ORIENTED_EDGE ( 'NONE', *, *, #2385, .F. ) ;
#150 = AXIS2_PLACEMENT_3D ( 'NONE', #2378, #3961, #3624 ) ;
#151 = CARTESIAN_POINT ( 'NONE',  ( -2.000000000000000000, 150.0000000000000000, 48.89999999999999858 ) ) ;
#152 = CARTESIAN_POINT ( 'NONE',  ( -2.299999999999999822, -72.09999999999999432, 6.000000000000000000 ) ) ;
#153 = ORIENTED_EDGE ( 'NONE', *, *, #707, .T. ) ;
#154 = CARTESIAN_POINT ( 'NONE',  ( 2.000000000000000000, -72.09999999999999432, 16.00000000000000000 ) ) ;
#155 = ORIENTED_EDGE ( 'NONE', *, *, #769, .F. ) ;
#156 = DIRECTION ( 'NONE',  ( 0.000000000000000000, -1.000000000000000000, 0.000000000000000000 ) ) ;
#157 = VECTOR ( 'NONE', #2897, 1000.000000000000000 ) ;
#158 = EDGE_CURVE ( 'NONE', #1249, #3052, #3249, .T. ) ;
#159 = ORIENTED_EDGE ( 'NONE', *, *, #3445, .T. ) ;
#160 = CIRCLE ( 'NONE', #2534, 12.99999999999999822 ) ;
#161 = EDGE_LOOP ( 'NONE', ( #1175, #366 ) ) ;
#162 = DIRECTION ( 'NONE',  ( -1.000000000000000000, -0.000000000000000000, 0.000000000000000000 ) ) ;
#163 = EDGE_CURVE ( 'NONE', #3958, #3847, #3227, .T. ) ;
#164 = DIRECTION ( 'NONE',  ( 0.000000000000000000, 0.000000000000000000, -1.000000000000000000 ) ) ;
#165 = ORIENTED_EDGE ( 'NONE', *, *, #2228, .F. ) ;
#166 = EDGE_CURVE ( 'NONE', #2141, #3465, #1275, .T. ) ;
#167 = CARTESIAN_POINT ( 'NONE',  ( -2.000000000000000000, -173.0000000000000284, 47.00000000000000000 ) ) ;
#168 = CARTESIAN_POINT ( 'NONE',  ( -2.000000000000000000, 11.53256259467079836, 24.00000000000000000 ) ) ;
#169 = CARTESIAN_POINT ( 'NONE',  ( -2.299999999999999822, 60.00000000000000000, 30.00000000000000000 ) ) ;
#170 = VERTEX_POINT ( 'NONE', #1048 ) ;
#171 = APPROVAL_DATE_TIME ( #2738, #2330 ) ;
#172 = CARTESIAN_POINT ( 'NONE',  ( -2.000000000000000000, 175.0000000000000000, 104.0000000000000142 ) ) ;
#173 = VERTEX_POINT ( 'NONE', #721 ) ;
#174 = CARTESIAN_POINT ( 'NONE',  ( -2.299999999999999822, 0.000000000000000000, 30.00000000000000000 ) ) ;
#175 = ORIENTED_EDGE ( 'NONE', *, *, #1094, .F. ) ;
#176 = VECTOR ( 'NONE', #998, 1000.000000000000000 ) ;
#177 = CARTESIAN_POINT ( 'NONE',  ( -2.000000000000000000, -61.25000000000000000, 7.700000000000000178 ) ) ;
#178 = CC_DESIGN_APPROVAL ( #2330, ( #2756 ) ) ;
#179 = ORIENTED_EDGE ( 'NONE', *, *, #13, .T. ) ;
#180 = ORIENTED_EDGE ( 'NONE', *, *, #116, .T. ) ;
#181 = DIRECTION ( 'NONE',  ( 1.000000000000000000, 0.000000000000000000, 0.000000000000000000 ) ) ;
#182 = DIRECTION ( 'NONE',  ( 1.000000000000000000, 0.000000000000000000, 0.000000000000000000 ) ) ;
#183 = ORIENTED_EDGE ( 'NONE', *, *, #2199, .T. ) ;
#184 = DIRECTION ( 'NONE',  ( 0.000000000000000000, 0.000000000000000000, -1.000000000000000000 ) ) ;
#185 = EDGE_CURVE ( 'NONE', #1062, #1239, #1593, .T. ) ;
#186 = DIRECTION ( 'NONE',  ( 0.000000000000000000, 1.000000000000000000, 0.000000000000000000 ) ) ;
#187 = DIRECTION ( 'NONE',  ( 1.000000000000000000, 0.000000000000000000, -0.000000000000000000 ) ) ;
#188 = ORIENTED_EDGE ( 'NONE', *, *, #1827, .T. ) ;
#189 = DIRECTION ( 'NONE',  ( 0.000000000000000000, 0.000000000000000000, -1.000000000000000000 ) ) ;
#190 = DATE_AND_TIME ( #3689, #2021 ) ;
#191 = EDGE_CURVE ( 'NONE', #2473, #3822, #3523, .T. ) ;
#192 = EDGE_CURVE ( 'NONE', #3822, #2036, #2004, .T. ) ;
#193 = DIRECTION ( 'NONE',  ( 1.000000000000000000, 0.000000000000000000, 0.000000000000000000 ) ) ;
#194 = ORIENTED_EDGE ( 'NONE', *, *, #2176, .F. ) ;
#195 = CARTESIAN_POINT ( 'NONE',  ( -2.000000000000000000, -150.0000000000000000, 55.00000000000000000 ) ) ;
#196 = DIRECTION ( 'NONE',  ( 0.000000000000000000, 0.000000000000000000, -1.000000000000000000 ) ) ;
#197 = DIRECTION ( 'NONE',  ( 1.000000000000000000, 0.000000000000000000, -0.000000000000000000 ) ) ;
#198 = ORIENTED_EDGE ( 'NONE', *, *, #845, .F. ) ;
#199 = ORIENTED_EDGE ( 'NONE', *, *, #3909, .F. ) ;
#200 = AXIS2_PLACEMENT_3D ( 'NONE', #154, #1411, #2051 ) ;
#201 = DIRECTION ( 'NONE',  ( -1.000000000000000000, -0.000000000000000000, 0.000000000000000000 ) ) ;
#202 = AXIS2_PLACEMENT_3D ( 'NONE', #792, #503, #2053 ) ;
#203 = DIRECTION ( 'NONE',  ( -1.000000000000000000, -0.000000000000000000, 0.000000000000000000 ) ) ;
#204 = VERTEX_POINT ( 'NONE', #58 ) ;
#205 = CARTESIAN_POINT ( 'NONE',  ( -2.000000000000000000, 72.09999999999999432, 6.000000000000000000 ) ) ;
#206 = CARTESIAN_POINT ( 'NONE',  ( 2.000000000000000000, -60.00000000000000000, 27.25000000000000000 ) ) ;
#207 = AXIS2_PLACEMENT_3D ( 'NONE', #596, #950, #1650 ) ;
#208 = EDGE_CURVE ( 'NONE', #2036, #2379, #3918, .T. ) ;
#209 = EDGE_CURVE ( 'NONE', #3627, #3138, #681, .T. ) ;
#210 = CARTESIAN_POINT ( 'NONE',  ( -2.000000000000000000, -72.09999999999999432, 7.700000000000000178 ) ) ;
#211 = VECTOR ( 'NONE', #186, 1000.000000000000000 ) ;
#212 = ORIENTED_EDGE ( 'NONE', *, *, #2615, .T. ) ;
#213 = CARTESIAN_POINT ( 'NONE',  ( -2.299999999999999822, 61.25000000000000000, 6.000000000000000000 ) ) ;
#214 = PERSON_AND_ORGANIZATION ( #3825, #3609 ) ;
#215 = CYLINDRICAL_SURFACE ( 'NONE', #150, 2.000000000000001776 ) ;
#216 = VERTEX_POINT ( 'NONE', #1314 ) ;
#217 = DIRECTION ( 'NONE',  ( 0.000000000000000000, 0.000000000000000000, -1.000000000000000000 ) ) ;
#218 = VECTOR ( 'NONE', #2232, 1000.000000000000000 ) ;
#219 = ORIENTED_EDGE ( 'NONE', *, *, #3829, .T. ) ;
#220 = LINE ( 'NONE', #3030, #3305 ) ;
#221 = CIRCLE ( 'NONE', #3525, 12.99999999999999822 ) ;
#222 = ORIENTED_EDGE ( 'NONE', *, *, #820, .F. ) ;
#223 = VERTEX_POINT ( 'NONE', #392 ) ;
#224 = DIRECTION ( 'NONE',  ( 0.000000000000000000, -1.000000000000000000, 0.000000000000000000 ) ) ;
#225 = CARTESIAN_POINT ( 'NONE',  ( 2.000000000000000000, -61.25000000000000000, 7.700000000000000178 ) ) ;
#226 = ORIENTED_EDGE ( 'NONE', *, *, #321, .F. ) ;
#227 = FACE_OUTER_BOUND ( 'NONE', #31, .T. ) ;
#228 = CIRCLE ( 'NONE', #2400, 1.700000000000000178 ) ;
#229 = CARTESIAN_POINT ( 'NONE',  ( -2.000000000000000000, -184.0000000000000000, 53.92820323027554252 ) ) ;
#230 = ORIENTED_EDGE ( 'NONE', *, *, #209, .T. ) ;
#231 = FACE_BOUND ( 'NONE', #1735, .T. ) ;
#232 = VERTEX_POINT ( 'NONE', #1400 ) ;
#233 = EDGE_CURVE ( 'NONE', #2186, #1540, #2587, .T. ) ;
#234 = DIRECTION ( 'NONE',  ( 0.000000000000000000, 0.000000000000000000, -1.000000000000000000 ) ) ;
#235 = LINE ( 'NONE', #848, #810 ) ;
#236 = ORIENTED_EDGE ( 'NONE', *, *, #32, .F. ) ;
#237 = CARTESIAN_POINT ( 'NONE',  ( 0.000000000000000000, -184.0000000000000000, 90.00000000000001421 ) ) ;
#238 = ORIENTED_EDGE ( 'NONE', *, *, #2150, .F. ) ;
#239 = DIRECTION ( 'NONE',  ( 0.000000000000000000, 0.000000000000000000, 1.000000000000000000 ) ) ;
#240 = EDGE_CURVE ( 'NONE', #1286, #1740, #1069, .T. ) ;
#241 = EDGE_LOOP ( 'NONE', ( #1036, #1145 ) ) ;
#242 = CC_DESIGN_APPROVAL ( #3623, ( #2549 ) ) ;
#243 = ORIENTED_EDGE ( 'NONE', *, *, #649, .T. ) ;
#244 = CARTESIAN_POINT ( 'NONE',  ( 0.000000000000000000, -184.0000000000000000, 18.00000000000000355 ) ) ;
#245 = EDGE_CURVE ( 'NONE', #4047, #3657, #3331, .T. ) ;
#246 = CARTESIAN_POINT ( 'NONE',  ( 2.000000000000000000, 60.00000000000000000, 32.75000000000000000 ) ) ;
#247 = VERTEX_POINT ( 'NONE', #3351 ) ;
#248 = DIRECTION ( 'NONE',  ( 1.000000000000000000, 0.000000000000000000, 0.000000000000000000 ) ) ;
#249 = CARTESIAN_POINT ( 'NONE',  ( 0.000000000000000000, 94.00000000000000000, 94.00000000000000000 ) ) ;
#250 = DIRECTION ( 'NONE',  ( 0.000000000000000000, 0.000000000000000000, 1.000000000000000000 ) ) ;
#251 = ORIENTED_EDGE ( 'NONE', *, *, #3589, .T. ) ;
#252 = CARTESIAN_POINT ( 'NONE',  ( 2.000000000000000000, -72.09999999999999432, 7.700000000000000178 ) ) ;
#253 = EDGE_CURVE ( 'NONE', #1360, #546, #1462, .T. ) ;
#254 = LINE ( 'NONE', #1489, #476 ) ;
#255 = EDGE_LOOP ( 'NONE', ( #3944, #3560, #3103, #41 ) ) ;
#256 = CARTESIAN_POINT ( 'NONE',  ( 2.000000000000000000, 194.5999999999999943, 6.000000000000000000 ) ) ;
#257 = CARTESIAN_POINT ( 'NONE',  ( 0.000000000000000000, 124.0000000000000000, 94.00000000000000000 ) ) ;
#258 = EDGE_CURVE ( 'NONE', #3573, #1890, #2522, .T. ) ;
#259 = DIRECTION ( 'NONE',  ( 1.000000000000000000, 0.000000000000000000, 0.000000000000000000 ) ) ;
#260 = VERTEX_POINT ( 'NONE', #1438 ) ;
#261 = ORIENTED_EDGE ( 'NONE', *, *, #2214, .T. ) ;
#262 = CC_DESIGN_DATE_AND_TIME_ASSIGNMENT ( #2071, #1775, ( #2756 ) ) ;
#263 = LINE ( 'NONE', #2120, #3414 ) ;
#264 = DIRECTION ( 'NONE',  ( 0.000000000000000000, 0.000000000000000000, -1.000000000000000000 ) ) ;
#265 = CIRCLE ( 'NONE', #788, 6.100000000000001421 ) ;
#266 = ORIENTED_EDGE ( 'NONE', *, *, #2146, .F. ) ;
#267 = FACE_OUTER_BOUND ( 'NONE', #768, .T. ) ;
#268 = DIRECTION ( 'NONE',  ( 0.000000000000000000, 0.000000000000000000, 1.000000000000000000 ) ) ;
#269 = AXIS2_PLACEMENT_3D ( 'NONE', #3321, #2345, #3986 ) ;
#270 = DIRECTION ( 'NONE',  ( 1.000000000000000000, 0.000000000000000000, -0.000000000000000000 ) ) ;
#271 = EDGE_LOOP ( 'NONE', ( #3734, #2286, #500, #2930 ) ) ;
#272 = AXIS2_PLACEMENT_3D ( 'NONE', #1633, #1613, #3210 ) ;
#273 = CARTESIAN_POINT ( 'NONE',  ( 0.000000000000000000, -184.0000000000000000, 18.00000000000000355 ) ) ;
#274 = CIRCLE ( 'NONE', #2449, 2.250000000000001776 ) ;
#275 = DIRECTION ( 'NONE',  ( -1.000000000000000000, -0.000000000000000000, 0.000000000000000000 ) ) ;
#276 = VERTEX_POINT ( 'NONE', #803 ) ;
#277 = CARTESIAN_POINT ( 'NONE',  ( 2.000000000000000000, 150.0000000000000000, 55.00000000000000000 ) ) ;
#278 = LINE ( 'NONE', #501, #1537 ) ;
#279 = VECTOR ( 'NONE', #1361, 1000.000000000000000 ) ;
#280 = DIRECTION ( 'NONE',  ( -0.000000000000000000, 0.000000000000000000, -1.000000000000000000 ) ) ;
#281 = AXIS2_PLACEMENT_3D ( 'NONE', #1127, #529, #3683 ) ;
#282 = ORIENTED_EDGE ( 'NONE', *, *, #113, .F. ) ;
#283 = ORIENTED_EDGE ( 'NONE', *, *, #1732, .T. ) ;
#284 = AXIS2_PLACEMENT_3D ( 'NONE', #399, #708, #3232 ) ;
#285 = DIRECTION ( 'NONE',  ( 1.000000000000000000, 0.000000000000000000, -0.000000000000000000 ) ) ;
#286 = EDGE_CURVE ( 'NONE', #2429, #1231, #781, .T. ) ;
#287 = DIRECTION ( 'NONE',  ( 1.000000000000000000, 0.000000000000000000, 0.000000000000000000 ) ) ;
#288 = AXIS2_PLACEMENT_3D ( 'NONE', #562, #2778, #2523 ) ;
#289 = CIRCLE ( 'NONE', #1524, 6.100000000000001421 ) ;
#290 = ORIENTED_EDGE ( 'NONE', *, *, #1960, .F. ) ;
#291 = DIRECTION ( 'NONE',  ( 1.000000000000000000, 0.000000000000000000, 0.000000000000000000 ) ) ;
#292 = LINE ( 'NONE', #3101, #732 ) ;
#293 = AXIS2_PLACEMENT_3D ( 'NONE', #2276, #372, #3831 ) ;
#294 = ADVANCED_FACE ( 'NONE', ( #2414 ), #1460, .T. ) ;
#295 = CARTESIAN_POINT ( 'NONE',  ( -2.000000000000000000, 145.0000000000000000, 100.0000000000000000 ) ) ;
#296 = ORIENTED_EDGE ( 'NONE', *, *, #1777, .F. ) ;
#297 = AXIS2_PLACEMENT_3D ( 'NONE', #838, #2431, #264 ) ;
#298 = CARTESIAN_POINT ( 'NONE',  ( -2.000000000000000000, 150.0000000000000000, 41.99999999999999289 ) ) ;
#299 = PRODUCT ( 'SideFrame_V07_StableDoubleShearInner', 'SideFrame_V07_StableDoubleShearInner', '', ( #3980 ) ) ;
#300 = DIRECTION ( 'NONE',  ( -1.000000000000000000, -0.000000000000000000, -0.000000000000000000 ) ) ;
#301 = ORIENTED_EDGE ( 'NONE', *, *, #3668, .T. ) ;
#302 = CARTESIAN_POINT ( 'NONE',  ( 2.000000000000000000, -210.0000000000000000, 0.000000000000000000 ) ) ;
#303 = LINE ( 'NONE', #1219, #2574 ) ;
#304 = ORIENTED_EDGE ( 'NONE', *, *, #1221, .T. ) ;
#305 = ORIENTED_EDGE ( 'NONE', *, *, #3415, .F. ) ;
#306 = DIRECTION ( 'NONE',  ( -1.000000000000000000, -0.000000000000000000, 0.000000000000000000 ) ) ;
#307 = EDGE_CURVE ( 'NONE', #3913, #2867, #1150, .T. ) ;
#308 = CIRCLE ( 'NONE', #3410, 12.99999999999999822 ) ;
#309 = FACE_BOUND ( 'NONE', #2097, .T. ) ;
#310 = ORIENTED_EDGE ( 'NONE', *, *, #1352, .F. ) ;
#311 = CARTESIAN_POINT ( 'NONE',  ( 1.500000000000000000, 0.000000000000000000, 24.00000000000000000 ) ) ;
#312 = EDGE_CURVE ( 'NONE', #771, #3134, #3599, .T. ) ;
#313 = CARTESIAN_POINT ( 'NONE',  ( -2.000000000000000000, -72.09999999999999432, 4.299999999999999822 ) ) ;
#314 = DIRECTION ( 'NONE',  ( 1.000000000000000000, 0.000000000000000000, -0.000000000000000000 ) ) ;
#315 = ORIENTED_EDGE ( 'NONE', *, *, #4051, .T. ) ;
#316 = DIRECTION ( 'NONE',  ( 0.000000000000000000, 0.000000000000000000, -1.000000000000000000 ) ) ;
#317 = CARTESIAN_POINT ( 'NONE',  ( 0.000000000000000000, 198.0000000000000000, 96.00000000000000000 ) ) ;
#318 = ORIENTED_EDGE ( 'NONE', *, *, #3481, .F. ) ;
#319 = CARTESIAN_POINT ( 'NONE',  ( -2.299999999999999822, -170.0000000000000000, 68.00000000000000000 ) ) ;
#320 = DIRECTION ( 'NONE',  ( 1.000000000000000000, 0.000000000000000000, 0.000000000000000000 ) ) ;
#321 = EDGE_CURVE ( 'NONE', #729, #1241, #3385, .T. ) ;
#322 = ADVANCED_FACE ( 'NONE', ( #2689 ), #2958, .F. ) ;
#323 = ORIENTED_EDGE ( 'NONE', *, *, #2313, .T. ) ;
#324 = ORIENTED_EDGE ( 'NONE', *, *, #2923, .F. ) ;
#325 = CARTESIAN_POINT ( 'NONE',  ( -2.000000000000000000, 0.000000000000000000, 30.00000000000000000 ) ) ;
#326 = CYLINDRICAL_SURFACE ( 'NONE', #1870, 13.00000000000000533 ) ;
#327 = ORIENTED_EDGE ( 'NONE', *, *, #632, .T. ) ;
#328 = DIRECTION ( 'NONE',  ( 0.000000000000000000, -1.000000000000000000, -0.000000000000000000 ) ) ;
#329 = DIRECTION ( 'NONE',  ( 1.000000000000000000, 0.000000000000000000, 0.000000000000000000 ) ) ;
#330 = FACE_BOUND ( 'NONE', #2675, .T. ) ;
#331 = VERTEX_POINT ( 'NONE', #122 ) ;
#332 = AXIS2_PLACEMENT_3D ( 'NONE', #1562, #3537, #2185 ) ;
#333 = EDGE_CURVE ( 'NONE', #442, #2541, #2646, .T. ) ;
#334 = FACE_OUTER_BOUND ( 'NONE', #3982, .T. ) ;
#335 = AXIS2_PLACEMENT_3D ( 'NONE', #1657, #1946, #2282 ) ;
#336 = ORIENTED_EDGE ( 'NONE', *, *, #1010, .F. ) ;
#337 = DIRECTION ( 'NONE',  ( 1.000000000000000000, 0.000000000000000000, -0.000000000000000000 ) ) ;
#338 = CARTESIAN_POINT ( 'NONE',  ( -1.500000000000000000, 0.000000000000000000, 24.00000000000000000 ) ) ;
#339 = CIRCLE ( 'NONE', #1917, 12.99999999999999822 ) ;
#340 = DIRECTION ( 'NONE',  ( -1.000000000000000000, -0.000000000000000000, 0.000000000000000000 ) ) ;
#341 = ORIENTED_EDGE ( 'NONE', *, *, #47, .T. ) ;
#342 = CIRCLE ( 'NONE', #666, 5.100000000000000533 ) ;
#343 = ORIENTED_EDGE ( 'NONE', *, *, #3834, .T. ) ;
#344 = VECTOR ( 'NONE', #762, 1000.000000000000000 ) ;
#345 = ORIENTED_EDGE ( 'NONE', *, *, #710, .F. ) ;
#346 = CARTESIAN_POINT ( 'NONE',  ( -2.299999999999999822, -194.5999999999999943, 6.000000000000000000 ) ) ;
#347 = ORIENTED_EDGE ( 'NONE', *, *, #3928, .T. ) ;
#348 = AXIS2_PLACEMENT_3D ( 'NONE', #1999, #3266, #2906 ) ;
#349 = CARTESIAN_POINT ( 'NONE',  ( -2.000000000000000000, 194.5999999999999943, 16.00000000000000000 ) ) ;
#350 = CARTESIAN_POINT ( 'NONE',  ( -2.299999999999999822, -61.25000000000000000, 7.700000000000000178 ) ) ;
#351 = AXIS2_PLACEMENT_3D ( 'NONE', #2902, #3527, #686 ) ;
#352 = DIRECTION ( 'NONE',  ( -1.000000000000000000, -0.000000000000000000, 0.000000000000000000 ) ) ;
#353 = ORIENTED_EDGE ( 'NONE', *, *, #3960, .T. ) ;
#354 = EDGE_CURVE ( 'NONE', #1591, #3978, #1129, .T. ) ;
#355 = DIRECTION ( 'NONE',  ( 1.000000000000000000, 0.000000000000000000, 0.000000000000000000 ) ) ;
#356 = CIRCLE ( 'NONE', #1806, 2.250000000000000444 ) ;
#357 = CARTESIAN_POINT ( 'NONE',  ( 2.000000000000000000, -72.09999999999999432, 4.299999999999999822 ) ) ;
#358 = AXIS2_PLACEMENT_3D ( 'NONE', #169, #513, #3939 ) ;
#359 = DIRECTION ( 'NONE',  ( 0.000000000000000000, 0.000000000000000000, -1.000000000000000000 ) ) ;
#360 = FACE_BOUND ( 'NONE', #3048, .T. ) ;
#361 = CARTESIAN_POINT ( 'NONE',  ( -2.299999999999999822, -72.09999999999999432, 18.25000000000000355 ) ) ;
#362 = CARTESIAN_POINT ( 'NONE',  ( -2.000000000000000000, -60.00000000000000000, 90.00000000000001421 ) ) ;
#363 = EDGE_LOOP ( 'NONE', ( #2743, #2093, #230, #780 ) ) ;
#364 = ORIENTED_EDGE ( 'NONE', *, *, #1628, .T. ) ;
#365 = LINE ( 'NONE', #2828, #396 ) ;
#366 = ORIENTED_EDGE ( 'NONE', *, *, #1588, .F. ) ;
#367 = DIRECTION ( 'NONE',  ( 0.000000000000000000, 0.000000000000000000, -1.000000000000000000 ) ) ;
#368 = CARTESIAN_POINT ( 'NONE',  ( -2.000000000000000000, 60.00000000000000000, 30.00000000000000000 ) ) ;
#369 = ADVANCED_FACE ( 'NONE', ( #3290 ), #3936, .T. ) ;
#370 = AXIS2_PLACEMENT_3D ( 'NONE', #1246, #654, #3472 ) ;
#371 = EDGE_CURVE ( 'NONE', #2397, #3598, #1087, .T. ) ;
#372 = DIRECTION ( 'NONE',  ( 1.000000000000000000, 0.000000000000000000, -0.000000000000000000 ) ) ;
#373 = ORIENTED_EDGE ( 'NONE', *, *, #2007, .F. ) ;
#374 = AXIS2_PLACEMENT_3D ( 'NONE', #1578, #306, #51 ) ;
#375 = CARTESIAN_POINT ( 'NONE',  ( -2.299999999999999822, -61.25000000000000000, 16.00000000000000000 ) ) ;
#376 = FACE_BOUND ( 'NONE', #2454, .T. ) ;
#377 = CYLINDRICAL_SURFACE ( 'NONE', #1931, 1.700000000000000178 ) ;
#378 = EDGE_CURVE ( 'NONE', #2191, #2397, #470, .T. ) ;
#379 = DIRECTION ( 'NONE',  ( 0.000000000000000000, 0.000000000000000000, 1.000000000000000000 ) ) ;
#380 = DIRECTION ( 'NONE',  ( 0.000000000000000000, 0.000000000000000000, 1.000000000000000000 ) ) ;
#381 = VERTEX_POINT ( 'NONE', #1420 ) ;
#382 = ORIENTED_EDGE ( 'NONE', *, *, #2899, .T. ) ;
#383 = LINE ( 'NONE', #34, #1756 ) ;
#384 = ORIENTED_EDGE ( 'NONE', *, *, #2033, .F. ) ;
#385 = DIRECTION ( 'NONE',  ( 0.000000000000000000, 0.000000000000000000, 1.000000000000000000 ) ) ;
#386 = ORIENTED_EDGE ( 'NONE', *, *, #2018, .F. ) ;
#387 = FACE_OUTER_BOUND ( 'NONE', #2116, .T. ) ;
#388 = FACE_BOUND ( 'NONE', #3487, .T. ) ;
#389 = CARTESIAN_POINT ( 'NONE',  ( -2.000000000000000000, -150.0000000000000000, 61.10000000000000142 ) ) ;
#390 = EDGE_LOOP ( 'NONE', ( #1575, #3242, #1473, #3738 ) ) ;
#391 = EDGE_CURVE ( 'NONE', #3177, #1399, #3955, .T. ) ;
#392 = CARTESIAN_POINT ( 'NONE',  ( -2.000000000000000000, -129.0000000000000000, 46.90000000000000568 ) ) ;
#393 = FACE_BOUND ( 'NONE', #1166, .T. ) ;
#394 = DIRECTION ( 'NONE',  ( 1.000000000000000000, 0.000000000000000000, 0.000000000000000000 ) ) ;
#395 = CARTESIAN_POINT ( 'NONE',  ( -2.000000000000000000, -184.0000000000000000, 40.07179676972445748 ) ) ;
#396 = VECTOR ( 'NONE', #52, 1000.000000000000000 ) ;
#397 = DIRECTION ( 'NONE',  ( 0.000000000000000000, 0.000000000000000000, 1.000000000000000000 ) ) ;
#398 = AXIS2_PLACEMENT_3D ( 'NONE', #2926, #2904, #1346 ) ;
#399 = CARTESIAN_POINT ( 'NONE',  ( -2.000000000000000000, -129.0000000000000000, 52.00000000000000711 ) ) ;
#400 = EDGE_LOOP ( 'NONE', ( #2366, #2056, #1956, #222 ) ) ;
#401 = ORIENTED_EDGE ( 'NONE', *, *, #2871, .T. ) ;
#402 = VECTOR ( 'NONE', #2318, 1000.000000000000000 ) ;
#403 = SECURITY_CLASSIFICATION_LEVEL ( 'unclassified' ) ;
#404 = VECTOR ( 'NONE', #2475, 1000.000000000000000 ) ;
#405 = ORIENTED_EDGE ( 'NONE', *, *, #618, .T. ) ;
#406 = ORIENTED_EDGE ( 'NONE', *, *, #778, .T. ) ;
#407 = CARTESIAN_POINT ( 'NONE',  ( -2.299999999999999822, 0.000000000000000000, 30.00000000000000000 ) ) ;
#408 = DIRECTION ( 'NONE',  ( 0.000000000000000000, 0.000000000000000000, 1.000000000000000000 ) ) ;
#409 = FACE_OUTER_BOUND ( 'NONE', #3076, .T. ) ;
#410 = CIRCLE ( 'NONE', #738, 2.000000000000001776 ) ;
#411 = ORIENTED_EDGE ( 'NONE', *, *, #2513, .T. ) ;
#412 = DIRECTION ( 'NONE',  ( 0.000000000000000000, 0.000000000000000000, -1.000000000000000000 ) ) ;
#413 = CARTESIAN_POINT ( 'NONE',  ( 0.000000000000000000, 145.0000000000000000, 104.0000000000000142 ) ) ;
#414 = CIRCLE ( 'NONE', #1533, 2.000000000000001776 ) ;
#415 = ADVANCED_FACE ( 'NONE', ( #2063 ), #3471, .T. ) ;
#416 = CYLINDRICAL_SURFACE ( 'NONE', #2331, 6.100000000000001421 ) ;
#417 = FACE_BOUND ( 'NONE', #1040, .T. ) ;
#418 = CIRCLE ( 'NONE', #942, 1.700000000000000178 ) ;
#419 = CARTESIAN_POINT ( 'NONE',  ( 0.000000000000000000, 210.0000000000000000, 108.0000000000000000 ) ) ;
#420 = EDGE_CURVE ( 'NONE', #260, #115, #2516, .T. ) ;
#421 = CIRCLE ( 'NONE', #3861, 2.250000000000001776 ) ;
#422 = LINE ( 'NONE', #1637, #4049 ) ;
#423 = ORIENTED_EDGE ( 'NONE', *, *, #3396, .F. ) ;
#424 = ORIENTED_EDGE ( 'NONE', *, *, #2245, .F. ) ;
#425 = AXIS2_PLACEMENT_3D ( 'NONE', #2412, #1209, #3681 ) ;
#426 = APPLICATION_PROTOCOL_DEFINITION ( 'international standard', 'config_control_design', 1994, #1365 ) ;
#427 = ORIENTED_EDGE ( 'NONE', *, *, #3989, .F. ) ;
#428 = ORIENTED_EDGE ( 'NONE', *, *, #2615, .F. ) ;
#429 = EDGE_CURVE ( 'NONE', #3095, #2352, #3984, .T. ) ;
#430 = EDGE_CURVE ( 'NONE', #2339, #711, #1851, .T. ) ;
#431 = CARTESIAN_POINT ( 'NONE',  ( 2.000000000000000000, 194.5999999999999943, 7.700000000000000178 ) ) ;
#432 = CARTESIAN_POINT ( 'NONE',  ( 2.000000000000000000, -72.09999999999999432, 13.75000000000000000 ) ) ;
#433 = DIRECTION ( 'NONE',  ( -1.000000000000000000, -0.000000000000000000, 0.000000000000000000 ) ) ;
#434 = VERTEX_POINT ( 'NONE', #4033 ) ;
#435 = CARTESIAN_POINT ( 'NONE',  ( -2.000000000000000000, 0.000000000000000000, 100.0000000000000000 ) ) ;
#436 = DIRECTION ( 'NONE',  ( 0.000000000000000000, 0.000000000000000000, 1.000000000000000000 ) ) ;
#437 = ADVANCED_FACE ( 'NONE', ( #267 ), #2210, .F. ) ;
#438 = AXIS2_PLACEMENT_3D ( 'NONE', #1952, #2533, #608 ) ;
#439 = DIRECTION ( 'NONE',  ( 0.000000000000000000, -1.000000000000000000, 0.000000000000000000 ) ) ;
#440 = ORIENTED_EDGE ( 'NONE', *, *, #1904, .T. ) ;
#441 = DIRECTION ( 'NONE',  ( 0.000000000000000000, 0.000000000000000000, -1.000000000000000000 ) ) ;
#442 = VERTEX_POINT ( 'NONE', #555 ) ;
#443 = EDGE_LOOP ( 'NONE', ( #509, #180, #4010, #114 ) ) ;
#444 = EDGE_CURVE ( 'NONE', #3134, #216, #2493, .T. ) ;
#445 = LINE ( 'NONE', #1703, #1651 ) ;
#446 = ORIENTED_EDGE ( 'NONE', *, *, #1705, .T. ) ;
#447 = ORIENTED_EDGE ( 'NONE', *, *, #1171, .F. ) ;
#448 = CARTESIAN_POINT ( 'NONE',  ( 1.500000000000000000, -184.0000000000000000, 24.00000000000000000 ) ) ;
#449 = DIRECTION ( 'NONE',  ( 0.000000000000000000, 0.000000000000000000, -1.000000000000000000 ) ) ;
#450 = LINE ( 'NONE', #2310, #3268 ) ;
#451 = EDGE_LOOP ( 'NONE', ( #2152, #926, #504, #1224 ) ) ;
#452 = CARTESIAN_POINT ( 'NONE',  ( 0.000000000000000000, 0.000000000000000000, 24.00000000000000000 ) ) ;
#453 = DIRECTION ( 'NONE',  ( 1.000000000000000000, 0.000000000000000000, 0.000000000000000000 ) ) ;
#454 = DIRECTION ( 'NONE',  ( 0.000000000000000000, 0.000000000000000000, -1.000000000000000000 ) ) ;
#455 = EDGE_LOOP ( 'NONE', ( #3701, #589, #826, #1023 ) ) ;
#456 = EDGE_CURVE ( 'NONE', #3761, #2662, #3060, .T. ) ;
#457 = PLANE ( 'NONE',  #2458 ) ;
#458 = CIRCLE ( 'NONE', #3237, 6.100000000000001421 ) ;
#459 = ORIENTED_EDGE ( 'NONE', *, *, #4045, .F. ) ;
#460 = CARTESIAN_POINT ( 'NONE',  ( -2.299999999999999822, -72.09999999999999432, 7.700000000000000178 ) ) ;
#461 = ORIENTED_EDGE ( 'NONE', *, *, #1309, .T. ) ;
#462 = FACE_BOUND ( 'NONE', #1464, .T. ) ;
#463 = ADVANCED_FACE ( 'NONE', ( #227 ), #2474, .T. ) ;
#464 = EDGE_LOOP ( 'NONE', ( #2775, #594, #652, #3215 ) ) ;
#465 = CIRCLE ( 'NONE', #3245, 5.100000000000000533 ) ;
#466 = ORIENTED_EDGE ( 'NONE', *, *, #3557, .F. ) ;
#467 = PLANE ( 'NONE',  #629 ) ;
#468 = DIRECTION ( 'NONE',  ( 1.000000000000000000, 0.000000000000000000, -0.000000000000000000 ) ) ;
#469 = ORIENTED_EDGE ( 'NONE', *, *, #3090, .T. ) ;
#470 = LINE ( 'NONE', #1736, #2325 ) ;
#471 = CARTESIAN_POINT ( 'NONE',  ( -2.299999999999999822, -150.0000000000000000, 55.00000000000000000 ) ) ;
#472 = VECTOR ( 'NONE', #1965, 1000.000000000000000 ) ;
#473 = DIRECTION ( 'NONE',  ( 0.000000000000000000, 0.000000000000000000, -1.000000000000000000 ) ) ;
#474 = ORIENTED_EDGE ( 'NONE', *, *, #47, .F. ) ;
#475 = VECTOR ( 'NONE', #3872, 1000.000000000000000 ) ;
#476 = VECTOR ( 'NONE', #2761, 1000.000000000000000 ) ;
#477 = DIRECTION ( 'NONE',  ( 0.000000000000000000, 0.000000000000000000, -1.000000000000000000 ) ) ;
#478 = ORIENTED_EDGE ( 'NONE', *, *, #640, .F. ) ;
#479 = DIRECTION ( 'NONE',  ( 1.000000000000000000, 0.000000000000000000, 0.000000000000000000 ) ) ;
#480 = VERTEX_POINT ( 'NONE', #3452 ) ;
#481 = DIRECTION ( 'NONE',  ( 1.000000000000000000, 0.000000000000000000, -0.000000000000000000 ) ) ;
#482 = VECTOR ( 'NONE', #2338, 1000.000000000000000 ) ;
#483 = ORIENTED_EDGE ( 'NONE', *, *, #2495, .T. ) ;
#484 = AXIS2_PLACEMENT_3D ( 'NONE', #2453, #2770, #508 ) ;
#485 = ORIENTED_EDGE ( 'NONE', *, *, #2359, .T. ) ;
#486 = DIRECTION ( 'NONE',  ( 0.000000000000000000, 0.000000000000000000, -1.000000000000000000 ) ) ;
#487 = LINE ( 'NONE', #2940, #1206 ) ;
#488 = ORIENTED_EDGE ( 'NONE', *, *, #1132, .F. ) ;
#489 = CARTESIAN_POINT ( 'NONE',  ( -2.000000000000000000, 198.0000000000000000, 24.00000000000000000 ) ) ;
#490 = EDGE_CURVE ( 'NONE', #3688, #3958, #410, .T. ) ;
#491 = DIRECTION ( 'NONE',  ( 0.000000000000000000, 0.000000000000000000, -1.000000000000000000 ) ) ;
#492 = ADVANCED_FACE ( 'NONE', ( #1484 ), #3100, .F. ) ;
#493 = CARTESIAN_POINT ( 'NONE',  ( 2.000000000000000000, 85.00000000000000000, 104.0000000000000142 ) ) ;
#494 = EDGE_LOOP ( 'NONE', ( #3503, #1405, #3625, #1238 ) ) ;
#495 = CARTESIAN_POINT ( 'NONE',  ( -1.500000000000000000, 0.000000000000000000, 94.00000000000000000 ) ) ;
#496 = APPROVAL_DATE_TIME ( #1684, #1947 ) ;
#497 = DIRECTION ( 'NONE',  ( -1.000000000000000000, 0.000000000000000000, 0.000000000000000000 ) ) ;
#498 = EDGE_LOOP ( 'NONE', ( #2991, #3757 ) ) ;
#499 = CARTESIAN_POINT ( 'NONE',  ( 2.000000000000000000, 0.000000000000000000, 104.0000000000000142 ) ) ;
#500 = ORIENTED_EDGE ( 'NONE', *, *, #208, .F. ) ;
#501 = CARTESIAN_POINT ( 'NONE',  ( 0.000000000000000000, 114.9999999999999858, 104.0000000000000142 ) ) ;
#502 = AXIS2_PLACEMENT_3D ( 'NONE', #917, #2553, #1640 ) ;
#503 = DIRECTION ( 'NONE',  ( 1.000000000000000000, 0.000000000000000000, 0.000000000000000000 ) ) ;
#504 = ORIENTED_EDGE ( 'NONE', *, *, #1875, .T. ) ;
#505 = ORIENTED_EDGE ( 'NONE', *, *, #125, .T. ) ;
#506 = DIRECTION ( 'NONE',  ( 0.000000000000000000, 0.000000000000000000, 1.000000000000000000 ) ) ;
#507 = EDGE_CURVE ( 'NONE', #4090, #1479, #1395, .T. ) ;
#508 = DIRECTION ( 'NONE',  ( 0.000000000000000000, 0.000000000000000000, 1.000000000000000000 ) ) ;
#509 = ORIENTED_EDGE ( 'NONE', *, *, #1339, .T. ) ;
#510 = DIRECTION ( 'NONE',  ( -1.000000000000000000, -0.000000000000000000, 0.000000000000000000 ) ) ;
#511 = CARTESIAN_POINT ( 'NONE',  ( -2.000000000000000000, -194.5999999999999943, 16.00000000000000000 ) ) ;
#512 = EDGE_CURVE ( 'NONE', #1740, #4047, #613, .T. ) ;
#513 = DIRECTION ( 'NONE',  ( 1.000000000000000000, 0.000000000000000000, 0.000000000000000000 ) ) ;
#514 = EDGE_LOOP ( 'NONE', ( #3750, #1706, #3890, #3114 ) ) ;
#515 = FACE_OUTER_BOUND ( 'NONE', #2028, .T. ) ;
#516 = DIRECTION ( 'NONE',  ( 1.000000000000000000, 0.000000000000000000, 0.000000000000000000 ) ) ;
#517 = ORIENTED_EDGE ( 'NONE', *, *, #2340, .F. ) ;
#518 = DIRECTION ( 'NONE',  ( 0.000000000000000000, -1.000000000000000000, 0.000000000000000000 ) ) ;
#519 = CARTESIAN_POINT ( 'NONE',  ( 2.000000000000000000, -150.0000000000000000, 55.00000000000000000 ) ) ;
#520 = CARTESIAN_POINT ( 'NONE',  ( -2.000000000000000000, 0.000000000000000000, 30.00000000000000000 ) ) ;
#521 = ORIENTED_EDGE ( 'NONE', *, *, #2862, .T. ) ;
#522 = VERTEX_POINT ( 'NONE', #1228 ) ;
#523 = CIRCLE ( 'NONE', #64, 1.700000000000000178 ) ;
#524 = LINE ( 'NONE', #3078, #898 ) ;
#525 = AXIS2_PLACEMENT_3D ( 'NONE', #134, #2034, #197 ) ;
#526 = EDGE_CURVE ( 'NONE', #2934, #3289, #574, .T. ) ;
#527 = DIRECTION ( 'NONE',  ( 0.000000000000000000, 0.000000000000000000, 1.000000000000000000 ) ) ;
#528 = ORIENTED_EDGE ( 'NONE', *, *, #1480, .T. ) ;
#529 = DIRECTION ( 'NONE',  ( 1.000000000000000000, 0.000000000000000000, -0.000000000000000000 ) ) ;
#530 = DIRECTION ( 'NONE',  ( 0.000000000000000000, 0.000000000000000000, 1.000000000000000000 ) ) ;
#531 = AXIS2_PLACEMENT_3D ( 'NONE', #2029, #1053, #3005 ) ;
#532 = FACE_BOUND ( 'NONE', #4028, .T. ) ;
#533 = CIRCLE ( 'NONE', #1726, 13.00000000000000533 ) ;
#534 = ORIENTED_EDGE ( 'NONE', *, *, #378, .F. ) ;
#535 = DIRECTION ( 'NONE',  ( -0.000000000000000000, 1.000000000000000000, 0.000000000000000000 ) ) ;
#536 = CARTESIAN_POINT ( 'NONE',  ( 0.000000000000000000, 0.000000000000000000, 0.000000000000000000 ) ) ;
#537 = EDGE_CURVE ( 'NONE', #3085, #3398, #2126, .T. ) ;
#538 = DIRECTION ( 'NONE',  ( 1.000000000000000000, 0.000000000000000000, 0.000000000000000000 ) ) ;
#539 = ORIENTED_EDGE ( 'NONE', *, *, #1889, .T. ) ;
#540 = CYLINDRICAL_SURFACE ( 'NONE', #1779, 2.749999999999999112 ) ;
#541 = VECTOR ( 'NONE', #887, 1000.000000000000000 ) ;
#542 = ORIENTED_EDGE ( 'NONE', *, *, #3202, .F. ) ;
#543 = LINE ( 'NONE', #2766, #2375 ) ;
#544 = EDGE_CURVE ( 'NONE', #3177, #2305, #2794, .T. ) ;
#545 = AXIS2_PLACEMENT_3D ( 'NONE', #2874, #1977, #3848 ) ;
#546 = VERTEX_POINT ( 'NONE', #1245 ) ;
#547 = ORIENTED_EDGE ( 'NONE', *, *, #632, .F. ) ;
#548 = AXIS2_PLACEMENT_3D ( 'NONE', #3087, #893, #2157 ) ;
#549 = CYLINDRICAL_SURFACE ( 'NONE', #1689, 2.000000000000001776 ) ;
#550 = VECTOR ( 'NONE', #1750, 1000.000000000000000 ) ;
#551 = ADVANCED_FACE ( 'NONE', ( #3393 ), #1502, .T. ) ;
#552 = DIRECTION ( 'NONE',  ( 1.000000000000000000, 0.000000000000000000, -0.000000000000000000 ) ) ;
#553 = EDGE_CURVE ( 'NONE', #3143, #2569, #905, .T. ) ;
#554 = ORIENTED_EDGE ( 'NONE', *, *, #625, .T. ) ;
#555 = CARTESIAN_POINT ( 'NONE',  ( 2.000000000000000000, 175.0000000000000000, 100.0000000000000000 ) ) ;
#556 = FACE_OUTER_BOUND ( 'NONE', #4060, .T. ) ;
#557 = ADVANCED_FACE ( 'NONE', ( #1308 ), #676, .F. ) ;
#558 = CYLINDRICAL_SURFACE ( 'NONE', #2204, 1.700000000000000178 ) ;
#559 = ORIENTED_EDGE ( 'NONE', *, *, #1752, .F. ) ;
#560 = CARTESIAN_POINT ( 'NONE',  ( 2.000000000000000000, -210.0000000000000000, 108.0000000000000000 ) ) ;
#561 = CC_DESIGN_PERSON_AND_ORGANIZATION_ASSIGNMENT ( #3337, #731, ( #2549 ) ) ;
#562 = CARTESIAN_POINT ( 'NONE',  ( 2.000000000000000000, 150.0000000000000000, 55.00000000000000000 ) ) ;
#563 = VERTEX_POINT ( 'NONE', #1667 ) ;
#564 = DIRECTION ( 'NONE',  ( 0.000000000000000000, 0.000000000000000000, 1.000000000000000000 ) ) ;
#565 = ORIENTED_EDGE ( 'NONE', *, *, #2563, .F. ) ;
#566 = ORIENTED_EDGE ( 'NONE', *, *, #2719, .F. ) ;
#567 = LINE ( 'NONE', #3151, #793 ) ;
#568 = CIRCLE ( 'NONE', #2544, 5.100000000000000533 ) ;
#569 = EDGE_LOOP ( 'NONE', ( #734, #1606, #2369, #2898 ) ) ;
#570 = EDGE_LOOP ( 'NONE', ( #822, #692 ) ) ;
#571 = CARTESIAN_POINT ( 'NONE',  ( -2.000000000000000000, 61.25000000000000000, 16.00000000000000000 ) ) ;
#572 = DIRECTION ( 'NONE',  ( 0.000000000000000000, 0.000000000000000000, 1.000000000000000000 ) ) ;
#573 = VERTEX_POINT ( 'NONE', #2915 ) ;
#574 = LINE ( 'NONE', #3702, #1794 ) ;
#575 = DIRECTION ( 'NONE',  ( 1.000000000000000000, 0.000000000000000000, -0.000000000000000000 ) ) ;
#576 = LINE ( 'NONE', #2774, #3930 ) ;
#577 = VERTEX_POINT ( 'NONE', #3222 ) ;
#578 = CARTESIAN_POINT ( 'NONE',  ( 1.500000000000000000, -173.0000000000000284, 47.00000000000000000 ) ) ;
#579 = CARTESIAN_POINT ( 'NONE',  ( 1.500000000000000000, 0.000000000000000000, 94.00000000000000000 ) ) ;
#580 = ORIENTED_EDGE ( 'NONE', *, *, #1142, .T. ) ;
#581 = CARTESIAN_POINT ( 'NONE',  ( 1.500000000000000000, 11.53256259467079836, 24.00000000000000000 ) ) ;
#582 = DIRECTION ( 'NONE',  ( -1.000000000000000000, -0.000000000000000000, 0.000000000000000000 ) ) ;
#583 = EDGE_CURVE ( 'NONE', #1303, #627, #653, .T. ) ;
#584 = PLANE ( 'NONE',  #592 ) ;
#585 = ORIENTED_EDGE ( 'NONE', *, *, #929, .T. ) ;
#586 = EDGE_LOOP ( 'NONE', ( #2948, #1006, #1742, #3962 ) ) ;
#587 = CARTESIAN_POINT ( 'NONE',  ( -2.000000000000000000, -60.00000000000000000, 18.00000000000000355 ) ) ;
#588 = CIRCLE ( 'NONE', #2178, 1.700000000000000178 ) ;
#589 = ORIENTED_EDGE ( 'NONE', *, *, #2636, .T. ) ;
#590 = CARTESIAN_POINT ( 'NONE',  ( 2.000000000000000000, 0.000000000000000000, 30.00000000000000000 ) ) ;
#591 = CARTESIAN_POINT ( 'NONE',  ( -2.000000000000000000, 72.09999999999999432, 16.00000000000000000 ) ) ;
#592 = AXIS2_PLACEMENT_3D ( 'NONE', #1841, #280, #1535 ) ;
#593 = LINE ( 'NONE', #1193, #2069 ) ;
#594 = ORIENTED_EDGE ( 'NONE', *, *, #3195, .F. ) ;
#595 = CIRCLE ( 'NONE', #3112, 2.000000000000001776 ) ;
#596 = CARTESIAN_POINT ( 'NONE',  ( -2.299999999999999822, -61.25000000000000000, 6.000000000000000000 ) ) ;
#597 = AXIS2_PLACEMENT_3D ( 'NONE', #249, #3830, #39 ) ;
#598 = DIRECTION ( 'NONE',  ( 0.000000000000000000, 0.000000000000000000, -1.000000000000000000 ) ) ;
#599 = VERTEX_POINT ( 'NONE', #2895 ) ;
#600 = DIRECTION ( 'NONE',  ( 1.000000000000000000, 0.000000000000000000, -0.000000000000000000 ) ) ;
#601 = EDGE_CURVE ( 'NONE', #1303, #1412, #3787, .T. ) ;
#602 = CIRCLE ( 'NONE', #3448, 12.99999999999999822 ) ;
#603 = LINE ( 'NONE', #2445, #660 ) ;
#604 = AXIS2_PLACEMENT_3D ( 'NONE', #2879, #1693, #1918 ) ;
#605 = ORIENTED_EDGE ( 'NONE', *, *, #1897, .F. ) ;
#606 = ORIENTED_EDGE ( 'NONE', *, *, #3737, .T. ) ;
#607 = VECTOR ( 'NONE', #3670, 1000.000000000000000 ) ;
#608 = DIRECTION ( 'NONE',  ( 0.000000000000000000, 0.000000000000000000, -1.000000000000000000 ) ) ;
#609 = EDGE_CURVE ( 'NONE', #2305, #751, #2660, .T. ) ;
#610 = CARTESIAN_POINT ( 'NONE',  ( 0.000000000000000000, -210.0000000000000000, 0.000000000000000000 ) ) ;
#611 = CIRCLE ( 'NONE', #1336, 2.250000000000001776 ) ;
#612 = ORIENTED_EDGE ( 'NONE', *, *, #2024, .F. ) ;
#613 = LINE ( 'NONE', #1170, #1529 ) ;
#614 = DIRECTION ( 'NONE',  ( -1.000000000000000000, -0.000000000000000000, 0.000000000000000000 ) ) ;
#615 = AXIS2_PLACEMENT_3D ( 'NONE', #1050, #2356, #3919 ) ;
#616 = CARTESIAN_POINT ( 'NONE',  ( -2.000000000000000000, 61.25000000000000000, 18.25000000000000355 ) ) ;
#617 = ORIENTED_EDGE ( 'NONE', *, *, #124, .T. ) ;
#618 = EDGE_CURVE ( 'NONE', #2949, #2253, #1936, .T. ) ;
#619 = EDGE_CURVE ( 'NONE', #1981, #3426, #2937, .T. ) ;
#620 = DIRECTION ( 'NONE',  ( 1.000000000000000000, 0.000000000000000000, 0.000000000000000000 ) ) ;
#621 = DIRECTION ( 'NONE',  ( 1.000000000000000000, 0.000000000000000000, 0.000000000000000000 ) ) ;
#622 = VERTEX_POINT ( 'NONE', #2849 ) ;
#623 = CARTESIAN_POINT ( 'NONE',  ( 2.000000000000000000, -150.0000000000000000, 61.10000000000000142 ) ) ;
#624 = DIRECTION ( 'NONE',  ( 0.000000000000000000, 0.000000000000000000, -1.000000000000000000 ) ) ;
#625 = EDGE_CURVE ( 'NONE', #3573, #2907, #17, .T. ) ;
#626 = ORIENTED_EDGE ( 'NONE', *, *, #2203, .F. ) ;
#627 = VERTEX_POINT ( 'NONE', #1912 ) ;
#628 = CARTESIAN_POINT ( 'NONE',  ( 2.000000000000000000, 198.0000000000000000, 96.00000000000000000 ) ) ;
#629 = AXIS2_PLACEMENT_3D ( 'NONE', #1731, #2686, #2059 ) ;
#630 = DIRECTION ( 'NONE',  ( 1.000000000000000000, 0.000000000000000000, -0.000000000000000000 ) ) ;
#631 = ORIENTED_EDGE ( 'NONE', *, *, #3615, .F. ) ;
#632 = EDGE_CURVE ( 'NONE', #1639, #2747, #221, .T. ) ;
#633 = PLANE ( 'NONE',  #742 ) ;
#634 = EDGE_CURVE ( 'NONE', #2470, #3782, #3243, .T. ) ;
#635 = LOCAL_TIME ( 16, 21, 32.00000000000000000, #3025 ) ;
#636 = DIRECTION ( 'NONE',  ( -1.000000000000000000, -0.000000000000000000, 0.000000000000000000 ) ) ;
#637 = CARTESIAN_POINT ( 'NONE',  ( -2.000000000000000000, 0.000000000000000000, 30.00000000000000000 ) ) ;
#638 = ORIENTED_EDGE ( 'NONE', *, *, #1118, .F. ) ;
#639 = CARTESIAN_POINT ( 'NONE',  ( -2.299999999999999822, -61.25000000000000000, 4.299999999999999822 ) ) ;
#640 = EDGE_CURVE ( 'NONE', #730, #3612, #1003, .T. ) ;
#641 = DIRECTION ( 'NONE',  ( 1.000000000000000000, 0.000000000000000000, 0.000000000000000000 ) ) ;
#642 = ORIENTED_EDGE ( 'NONE', *, *, #783, .F. ) ;
#643 = CARTESIAN_POINT ( 'NONE',  ( 2.000000000000000000, 0.000000000000000000, 100.0000000000000000 ) ) ;
#644 = CARTESIAN_POINT ( 'NONE',  ( -2.000000000000000000, -194.5999999999999943, 18.25000000000000355 ) ) ;
#645 = ORIENTED_EDGE ( 'NONE', *, *, #2695, .F. ) ;
#646 = VERTEX_POINT ( 'NONE', #981 ) ;
#647 = CARTESIAN_POINT ( 'NONE',  ( -1.500000000000000000, 145.0000000000000000, 94.00000000000000000 ) ) ;
#648 = UNCERTAINTY_MEASURE_WITH_UNIT (LENGTH_MEASURE( 1.000000000000000082E-05 ), #1932, 'distance_accuracy_value', 'NONE');
#649 = EDGE_CURVE ( 'NONE', #627, #713, #86, .T. ) ;
#650 = ORIENTED_EDGE ( 'NONE', *, *, #2999, .T. ) ;
#651 = CYLINDRICAL_SURFACE ( 'NONE', #3303, 1.700000000000000178 ) ;
#652 = ORIENTED_EDGE ( 'NONE', *, *, #2406, .F. ) ;
#653 = LINE ( 'NONE', #3180, #3719 ) ;
#654 = DIRECTION ( 'NONE',  ( 1.000000000000000000, 0.000000000000000000, -0.000000000000000000 ) ) ;
#655 = CIRCLE ( 'NONE', #1052, 2.250000000000001776 ) ;
#656 = CARTESIAN_POINT ( 'NONE',  ( 2.000000000000000000, 194.5999999999999943, 16.00000000000000000 ) ) ;
#657 = ORIENTED_EDGE ( 'NONE', *, *, #38, .F. ) ;
#658 = DIRECTION ( 'NONE',  ( 1.000000000000000000, 0.000000000000000000, 0.000000000000000000 ) ) ;
#659 = DIRECTION ( 'NONE',  ( 1.000000000000000000, 0.000000000000000000, -0.000000000000000000 ) ) ;
#660 = VECTOR ( 'NONE', #3714, 1000.000000000000000 ) ;
#661 = CARTESIAN_POINT ( 'NONE',  ( 1.500000000000000000, -198.0000000000000000, 24.00000000000000000 ) ) ;
#662 = VECTOR ( 'NONE', #1282, 1000.000000000000000 ) ;
#663 = ORIENTED_EDGE ( 'NONE', *, *, #208, .T. ) ;
#664 = FACE_BOUND ( 'NONE', #1324, .T. ) ;
#665 = CARTESIAN_POINT ( 'NONE',  ( -2.000000000000000000, 175.0000000000000284, 102.0000000000000142 ) ) ;
#666 = AXIS2_PLACEMENT_3D ( 'NONE', #2731, #1772, #268 ) ;
#667 = CARTESIAN_POINT ( 'NONE',  ( 0.000000000000000000, 133.0000000000000000, 94.00000000000000000 ) ) ;
#668 = ORIENTED_EDGE ( 'NONE', *, *, #1960, .T. ) ;
#669 = ORIENTED_EDGE ( 'NONE', *, *, #3252, .T. ) ;
#670 = EDGE_CURVE ( 'NONE', #3739, #2191, #2538, .T. ) ;
#671 = CARTESIAN_POINT ( 'NONE',  ( -2.299999999999999822, -173.0000000000000284, 49.75000000000000000 ) ) ;
#672 = AXIS2_PLACEMENT_3D ( 'NONE', #205, #510, #2977 ) ;
#673 = PLANE ( 'NONE',  #1208 ) ;
#674 = ORIENTED_EDGE ( 'NONE', *, *, #2234, .F. ) ;
#675 = AXIS2_PLACEMENT_3D ( 'NONE', #349, #3808, #1645 ) ;
#676 = CYLINDRICAL_SURFACE ( 'NONE', #2263, 2.749999999999999112 ) ;
#677 = CARTESIAN_POINT ( 'NONE',  ( -1.500000000000000000, -60.00000000000000000, 43.00000000000000000 ) ) ;
#678 = VECTOR ( 'NONE', #744, 1000.000000000000000 ) ;
#679 = LINE ( 'NONE', #2212, #1541 ) ;
#680 = ORIENTED_EDGE ( 'NONE', *, *, #3344, .T. ) ;
#681 = LINE ( 'NONE', #1942, #2858 ) ;
#682 = AXIS2_PLACEMENT_3D ( 'NONE', #3541, #352, #2580 ) ;
#683 = DIRECTION ( 'NONE',  ( -0.000000000000000000, 0.000000000000000000, -1.000000000000000000 ) ) ;
#684 = ADVANCED_FACE ( 'NONE', ( #387 ), #633, .T. ) ;
#685 = VECTOR ( 'NONE', #2810, 1000.000000000000000 ) ;
#686 = DIRECTION ( 'NONE',  ( 0.000000000000000000, 0.000000000000000000, 1.000000000000000000 ) ) ;
#687 = CARTESIAN_POINT ( 'NONE',  ( 2.000000000000000000, -72.09999999999999432, 6.000000000000000000 ) ) ;
#688 = CARTESIAN_POINT ( 'NONE',  ( -2.000000000000000000, 0.000000000000000000, 0.000000000000000000 ) ) ;
#689 = ADVANCED_FACE ( 'NONE', ( #2307 ), #77, .T. ) ;
#690 = CARTESIAN_POINT ( 'NONE',  ( 0.000000000000000000, -60.00000000000000000, 18.00000000000000355 ) ) ;
#691 = EDGE_LOOP ( 'NONE', ( #2976, #3164, #3995, #1227 ) ) ;
#692 = ORIENTED_EDGE ( 'NONE', *, *, #3124, .F. ) ;
#693 = CARTESIAN_POINT ( 'NONE',  ( 2.000000000000000000, -194.5999999999999943, 18.25000000000000355 ) ) ;
#694 = EDGE_CURVE ( 'NONE', #4041, #1188, #3555, .T. ) ;
#695 = FACE_BOUND ( 'NONE', #1949, .T. ) ;
#696 = ORIENTED_EDGE ( 'NONE', *, *, #3344, .F. ) ;
#697 = CARTESIAN_POINT ( 'NONE',  ( 2.000000000000000000, -122.0000000000000000, 90.00000000000001421 ) ) ;
#698 = DIRECTION ( 'NONE',  ( 0.000000000000000000, 0.000000000000000000, 1.000000000000000000 ) ) ;
#699 = CARTESIAN_POINT ( 'NONE',  ( 2.000000000000000000, 0.000000000000000000, 24.00000000000000000 ) ) ;
#700 = ORIENTED_EDGE ( 'NONE', *, *, #2609, .T. ) ;
#701 = CIRCLE ( 'NONE', #3017, 5.100000000000000533 ) ;
#702 = CARTESIAN_POINT ( 'NONE',  ( 1.500000000000000000, 0.000000000000000000, 90.00000000000000000 ) ) ;
#703 = DIRECTION ( 'NONE',  ( 0.000000000000000000, 0.000000000000000000, -1.000000000000000000 ) ) ;
#704 = DIRECTION ( 'NONE',  ( -1.000000000000000000, -0.000000000000000000, 0.000000000000000000 ) ) ;
#705 = FACE_BOUND ( 'NONE', #1307, .T. ) ;
#706 = LINE ( 'NONE', #3820, #3169 ) ;
#707 = EDGE_CURVE ( 'NONE', #1057, #711, #3157, .T. ) ;
#708 = DIRECTION ( 'NONE',  ( -1.000000000000000000, -0.000000000000000000, 0.000000000000000000 ) ) ;
#709 = EDGE_LOOP ( 'NONE', ( #2363, #324, #478, #3542 ) ) ;
#710 = EDGE_CURVE ( 'NONE', #1531, #2437, #1582, .T. ) ;
#711 = VERTEX_POINT ( 'NONE', #2665 ) ;
#712 = CALENDAR_DATE ( 2026, 26, 8 ) ;
#713 = VERTEX_POINT ( 'NONE', #1063 ) ;
#714 = CARTESIAN_POINT ( 'NONE',  ( 0.000000000000000000, 198.0000000000000000, 24.00000000000000000 ) ) ;
#715 = EDGE_LOOP ( 'NONE', ( #985, #2970, #2560, #1099 ) ) ;
#716 = DIRECTION ( 'NONE',  ( 0.000000000000000000, 0.000000000000000000, -1.000000000000000000 ) ) ;
#717 = EDGE_CURVE ( 'NONE', #522, #599, #3322, .T. ) ;
#718 = CARTESIAN_POINT ( 'NONE',  ( -2.000000000000000000, 0.000000000000000000, 30.00000000000000000 ) ) ;
#719 = FACE_BOUND ( 'NONE', #3072, .T. ) ;
#720 = VERTEX_POINT ( 'NONE', #3595 ) ;
#721 = CARTESIAN_POINT ( 'NONE',  ( -2.000000000000000000, -91.85246629291785325, 24.42644355067057660 ) ) ;
#722 = CARTESIAN_POINT ( 'NONE',  ( 1.500000000000000000, -198.0000000000000000, 96.00000000000000000 ) ) ;
#723 = DIRECTION ( 'NONE',  ( 1.000000000000000000, 0.000000000000000000, 0.000000000000000000 ) ) ;
#724 = LINE ( 'NONE', #419, #2578 ) ;
#725 = AXIS2_PLACEMENT_3D ( 'NONE', #1512, #4085, #239 ) ;
#726 = EDGE_CURVE ( 'NONE', #1286, #3339, #1082, .T. ) ;
#727 = DIRECTION ( 'NONE',  ( 0.000000000000000000, 0.000000000000000000, -1.000000000000000000 ) ) ;
#728 = ADVANCED_FACE ( 'NONE', ( #2954 ), #2037, .F. ) ;
#729 = VERTEX_POINT ( 'NONE', #431 ) ;
#730 = VERTEX_POINT ( 'NONE', #448 ) ;
#731 = PERSON_AND_ORGANIZATION_ROLE ( 'creator' ) ;
#732 = VECTOR ( 'NONE', #1547, 1000.000000000000000 ) ;
#733 = VERTEX_POINT ( 'NONE', #1373 ) ;
#734 = ORIENTED_EDGE ( 'NONE', *, *, #490, .T. ) ;
#735 = CARTESIAN_POINT ( 'NONE',  ( 1.500000000000000000, -11.53256259467079836, 24.00000000000000000 ) ) ;
#736 = CARTESIAN_POINT ( 'NONE',  ( -2.000000000000000000, -150.0000000000000000, 55.00000000000000000 ) ) ;
#737 = DIRECTION ( 'NONE',  ( 1.000000000000000000, 0.000000000000000000, 0.000000000000000000 ) ) ;
#738 = AXIS2_PLACEMENT_3D ( 'NONE', #2148, #3119, #3082 ) ;
#739 = EDGE_LOOP ( 'NONE', ( #3314, #2552, #3486, #4019, #3296, #1704, #932, #3492, #3510, #3591, #2663, #1149, #1184, #3953, #2045 ) ) ;
#740 = CYLINDRICAL_SURFACE ( 'NONE', #1325, 2.250000000000000444 ) ;
#741 = DIRECTION ( 'NONE',  ( 1.000000000000000000, 0.000000000000000000, -0.000000000000000000 ) ) ;
#742 = AXIS2_PLACEMENT_3D ( 'NONE', #3539, #99, #1042 ) ;
#743 = EDGE_CURVE ( 'NONE', #247, #3822, #2128, .T. ) ;
#744 = DIRECTION ( 'NONE',  ( 0.000000000000000000, 0.000000000000000000, 1.000000000000000000 ) ) ;
#745 = CARTESIAN_POINT ( 'NONE',  ( 2.000000000000000000, 72.09999999999999432, 6.000000000000000000 ) ) ;
#746 = EDGE_CURVE ( 'NONE', #3695, #2180, #3574, .T. ) ;
#747 = VECTOR ( 'NONE', #3731, 1000.000000000000000 ) ;
#748 = CARTESIAN_POINT ( 'NONE',  ( -2.000000000000000000, -48.46743740532919986, 24.00000000000000000 ) ) ;
#749 = CIRCLE ( 'NONE', #1075, 2.000000000000001776 ) ;
#750 = DIRECTION ( 'NONE',  ( 1.000000000000000000, 0.000000000000000000, 0.000000000000000000 ) ) ;
#751 = VERTEX_POINT ( 'NONE', #735 ) ;
#752 = ORIENTED_EDGE ( 'NONE', *, *, #38, .T. ) ;
#753 = VECTOR ( 'NONE', #120, 1000.000000000000000 ) ;
#754 = VERTEX_POINT ( 'NONE', #139 ) ;
#755 = ORIENTED_EDGE ( 'NONE', *, *, #1493, .T. ) ;
#756 = DIRECTION ( 'NONE',  ( -0.000000000000000000, 1.000000000000000000, 0.000000000000000000 ) ) ;
#757 = FACE_OUTER_BOUND ( 'NONE', #691, .T. ) ;
#758 = ADVANCED_FACE ( 'NONE', ( #1394 ), #2019, .F. ) ;
#759 = CARTESIAN_POINT ( 'NONE',  ( -1.500000000000000000, -198.0000000000000000, 24.00000000000000000 ) ) ;
#760 = EDGE_LOOP ( 'NONE', ( #2347, #3630 ) ) ;
#761 = ADVANCED_FACE ( 'NONE', ( #93 ), #2886, .F. ) ;
#762 = DIRECTION ( 'NONE',  ( 0.000000000000000000, 1.000000000000000000, 0.000000000000000000 ) ) ;
#763 = AXIS2_PLACEMENT_3D ( 'NONE', #3679, #201, #2143 ) ;
#764 = CARTESIAN_POINT ( 'NONE',  ( -2.299999999999999822, 61.25000000000000000, 4.299999999999999822 ) ) ;
#765 = CIRCLE ( 'NONE', #2417, 2.000000000000001776 ) ;
#766 = FACE_OUTER_BOUND ( 'NONE', #363, .T. ) ;
#767 = EDGE_LOOP ( 'NONE', ( #132, #3805 ) ) ;
#768 = EDGE_LOOP ( 'NONE', ( #2815, #3567, #585, #3307 ) ) ;
#769 = EDGE_CURVE ( 'NONE', #2466, #1278, #1261, .T. ) ;
#770 = CARTESIAN_POINT ( 'NONE',  ( -1.500000000000000000, 84.99999999999998579, 94.00000000000000000 ) ) ;
#771 = VERTEX_POINT ( 'NONE', #48 ) ;
#772 = ORIENTED_EDGE ( 'NONE', *, *, #2283, .T. ) ;
#773 = CARTESIAN_POINT ( 'NONE',  ( 0.000000000000000000, 94.00000000000000000, 90.00000000000000000 ) ) ;
#774 = EDGE_LOOP ( 'NONE', ( #3587, #3123, #3153, #3568 ) ) ;
#775 = EDGE_LOOP ( 'NONE', ( #668, #2277, #2605, #423 ) ) ;
#776 = CARTESIAN_POINT ( 'NONE',  ( 2.000000000000000000, 61.25000000000000000, 16.00000000000000000 ) ) ;
#777 = CARTESIAN_POINT ( 'NONE',  ( -2.000000000000000000, 194.5999999999999943, 7.700000000000000178 ) ) ;
#778 = EDGE_CURVE ( 'NONE', #3134, #1702, #1323, .T. ) ;
#779 = CARTESIAN_POINT ( 'NONE',  ( 0.000000000000000000, 210.0000000000000000, 0.000000000000000000 ) ) ;
#780 = ORIENTED_EDGE ( 'NONE', *, *, #2353, .T. ) ;
#781 = LINE ( 'NONE', #3036, #82 ) ;
#782 = CARTESIAN_POINT ( 'NONE',  ( 2.000000000000000000, -198.0000000000000000, 96.00000000000000000 ) ) ;
#783 = EDGE_CURVE ( 'NONE', #3622, #862, #422, .T. ) ;
#784 = CARTESIAN_POINT ( 'NONE',  ( 0.000000000000000000, -184.0000000000000000, 18.00000000000000355 ) ) ;
#785 = ORIENTED_EDGE ( 'NONE', *, *, #1367, .T. ) ;
#786 = DIRECTION ( 'NONE',  ( 1.000000000000000000, 0.000000000000000000, 0.000000000000000000 ) ) ;
#787 = FACE_OUTER_BOUND ( 'NONE', #2658, .T. ) ;
#788 = AXIS2_PLACEMENT_3D ( 'NONE', #277, #2196, #4065 ) ;
#789 = VERTEX_POINT ( 'NONE', #2613 ) ;
#790 = CARTESIAN_POINT ( 'NONE',  ( -2.000000000000000000, -184.0000000000000000, 24.00000000000000000 ) ) ;
#791 = VERTEX_POINT ( 'NONE', #1681 ) ;
#792 = CARTESIAN_POINT ( 'NONE',  ( -2.299999999999999822, -61.25000000000000000, 16.00000000000000000 ) ) ;
#793 = VECTOR ( 'NONE', #1823, 1000.000000000000000 ) ;
#794 = ORIENTED_EDGE ( 'NONE', *, *, #3684, .F. ) ;
#795 = ADVANCED_FACE ( 'NONE', ( #3901 ), #1302, .T. ) ;
#796 = VECTOR ( 'NONE', #2607, 1000.000000000000000 ) ;
#797 = EDGE_LOOP ( 'NONE', ( #3902, #3198, #3156, #261 ) ) ;
#798 = ADVANCED_FACE ( 'NONE', ( #1659 ), #1348, .F. ) ;
#799 = FACE_OUTER_BOUND ( 'NONE', #1648, .T. ) ;
#800 = FACE_OUTER_BOUND ( 'NONE', #2304, .T. ) ;
#801 = EDGE_LOOP ( 'NONE', ( #2854, #2074, #3013, #3171 ) ) ;
#802 = CIRCLE ( 'NONE', #1333, 2.000000000000001776 ) ;
#803 = CARTESIAN_POINT ( 'NONE',  ( 1.500000000000000000, 163.0000000000000000, 90.00000000000000000 ) ) ;
#804 = DIRECTION ( 'NONE',  ( 0.000000000000000000, 0.000000000000000000, -1.000000000000000000 ) ) ;
#805 = AXIS2_PLACEMENT_3D ( 'NONE', #3663, #2103, #2392 ) ;
#806 = DIRECTION ( 'NONE',  ( 0.000000000000000000, 0.000000000000000000, -1.000000000000000000 ) ) ;
#807 = EDGE_LOOP ( 'NONE', ( #696, #373, #1992, #2040 ) ) ;
#808 = VECTOR ( 'NONE', #2240, 1000.000000000000000 ) ;
#809 = CALENDAR_DATE ( 2026, 26, 8 ) ;
#810 = VECTOR ( 'NONE', #538, 1000.000000000000000 ) ;
#811 = CARTESIAN_POINT ( 'NONE',  ( 2.000000000000000000, 71.53256259467079303, 24.00000000000000000 ) ) ;
#812 = VERTEX_POINT ( 'NONE', #67 ) ;
#813 = LINE ( 'NONE', #499, #1 ) ;
#814 = EDGE_LOOP ( 'NONE', ( #886, #1751, #3578, #3470 ) ) ;
#815 = LINE ( 'NONE', #934, #988 ) ;
#816 = ORIENTED_EDGE ( 'NONE', *, *, #2589, .F. ) ;
#817 = CIRCLE ( 'NONE', #3132, 1.700000000000000178 ) ;
#818 = EDGE_LOOP ( 'NONE', ( #1097, #2508 ) ) ;
#819 = CARTESIAN_POINT ( 'NONE',  ( 0.000000000000000000, 114.9999999999999858, 94.00000000000000000 ) ) ;
#820 = EDGE_CURVE ( 'NONE', #2186, #1267, #3548, .T. ) ;
#821 = CARTESIAN_POINT ( 'NONE',  ( 1.500000000000000000, 71.53256259467079303, 24.00000000000000000 ) ) ;
#822 = ORIENTED_EDGE ( 'NONE', *, *, #1270, .F. ) ;
#823 = DIRECTION ( 'NONE',  ( 0.000000000000000000, -1.000000000000000000, 0.000000000000000000 ) ) ;
#824 = CARTESIAN_POINT ( 'NONE',  ( -2.000000000000000000, -60.00000000000000000, 30.00000000000000000 ) ) ;
#825 = CARTESIAN_POINT ( 'NONE',  ( 0.000000000000000000, 145.0000000000000000, 90.00000000000000000 ) ) ;
#826 = ORIENTED_EDGE ( 'NONE', *, *, #2790, .T. ) ;
#827 = DIRECTION ( 'NONE',  ( 0.000000000000000000, 0.000000000000000000, 1.000000000000000000 ) ) ;
#828 = LINE ( 'NONE', #2740, #3062 ) ;
#829 = EDGE_LOOP ( 'NONE', ( #638, #606, #1864, #1353 ) ) ;
#830 = FACE_OUTER_BOUND ( 'NONE', #3313, .T. ) ;
#831 = DIRECTION ( 'NONE',  ( 1.000000000000000000, 0.000000000000000000, -0.000000000000000000 ) ) ;
#832 = AXIS2_PLACEMENT_3D ( 'NONE', #325, #4088, #3218 ) ;
#833 = LINE ( 'NONE', #2382, #3634 ) ;
#834 = EDGE_CURVE ( 'NONE', #1834, #2569, #414, .T. ) ;
#835 = ORIENTED_EDGE ( 'NONE', *, *, #2359, .F. ) ;
#836 = EDGE_LOOP ( 'NONE', ( #2860, #3011 ) ) ;
#837 = DIRECTION ( 'NONE',  ( 0.000000000000000000, 0.000000000000000000, -1.000000000000000000 ) ) ;
#838 = CARTESIAN_POINT ( 'NONE',  ( 2.000000000000000000, -150.0000000000000000, 55.00000000000000000 ) ) ;
#839 = ORIENTED_EDGE ( 'NONE', *, *, #3350, .T. ) ;
#840 = EDGE_CURVE ( 'NONE', #223, #2833, #2061, .T. ) ;
#841 = CARTESIAN_POINT ( 'NONE',  ( 1.500000000000000000, 198.0000000000000000, 0.000000000000000000 ) ) ;
#842 = CARTESIAN_POINT ( 'NONE',  ( -2.299999999999999822, 194.5999999999999943, 6.000000000000000000 ) ) ;
#843 = CARTESIAN_POINT ( 'NONE',  ( 1.500000000000000000, 145.0000000000000000, 90.00000000000000000 ) ) ;
#844 = ORIENTED_EDGE ( 'NONE', *, *, #544, .T. ) ;
#845 = EDGE_CURVE ( 'NONE', #1169, #1241, #2320, .T. ) ;
#846 = CYLINDRICAL_SURFACE ( 'NONE', #1058, 13.00000000000000178 ) ;
#847 = CALENDAR_DATE ( 2026, 26, 8 ) ;
#848 = CARTESIAN_POINT ( 'NONE',  ( -2.299999999999999822, -129.0000000000000000, 57.10000000000000142 ) ) ;
#849 = ORIENTED_EDGE ( 'NONE', *, *, #4084, .T. ) ;
#850 = DIRECTION ( 'NONE',  ( 1.000000000000000000, 0.000000000000000000, -0.000000000000000000 ) ) ;
#851 = DIRECTION ( 'NONE',  ( 1.000000000000000000, 0.000000000000000000, -0.000000000000000000 ) ) ;
#852 = FACE_BOUND ( 'NONE', #1916, .T. ) ;
#853 = EDGE_CURVE ( 'NONE', #2908, #720, #1596, .T. ) ;
#854 = VECTOR ( 'NONE', #479, 1000.000000000000000 ) ;
#855 = VERTEX_POINT ( 'NONE', #30 ) ;
#856 = EDGE_LOOP ( 'NONE', ( #1329, #844, #3046, #2807 ) ) ;
#857 = AXIS2_PLACEMENT_3D ( 'NONE', #3028, #1139, #2717 ) ;
#858 = DIRECTION ( 'NONE',  ( 1.000000000000000000, 0.000000000000000000, 0.000000000000000000 ) ) ;
#859 = ADVANCED_FACE ( 'NONE', ( #1991 ), #1618, .F. ) ;
#860 = AXIS2_PLACEMENT_3D ( 'NONE', #2632, #3506, #3212 ) ;
#861 = CARTESIAN_POINT ( 'NONE',  ( 0.000000000000000000, -122.0000000000000000, 90.00000000000001421 ) ) ;
#862 = VERTEX_POINT ( 'NONE', #362 ) ;
#863 = DIRECTION ( 'NONE',  ( 0.000000000000000000, 0.000000000000000000, -1.000000000000000000 ) ) ;
#864 = EDGE_CURVE ( 'NONE', #3346, #2464, #995, .T. ) ;
#865 = FACE_OUTER_BOUND ( 'NONE', #2969, .T. ) ;
#866 = CIRCLE ( 'NONE', #2845, 2.000000000000001776 ) ;
#867 = FACE_OUTER_BOUND ( 'NONE', #1432, .T. ) ;
#868 = CIRCLE ( 'NONE', #3845, 1.700000000000000178 ) ;
#869 = ORIENTED_EDGE ( 'NONE', *, *, #553, .T. ) ;
#870 = CYLINDRICAL_SURFACE ( 'NONE', #1914, 2.250000000000000444 ) ;
#871 = AXIS2_PLACEMENT_3D ( 'NONE', #1831, #1564, #1189 ) ;
#872 = EDGE_CURVE ( 'NONE', #3149, #331, #3509, .T. ) ;
#873 = FACE_OUTER_BOUND ( 'NONE', #3226, .T. ) ;
#874 = VERTEX_POINT ( 'NONE', #3197 ) ;
#875 = CARTESIAN_POINT ( 'NONE',  ( -2.000000000000000000, -198.0000000000000000, 96.00000000000000000 ) ) ;
#876 = VECTOR ( 'NONE', #3493, 1000.000000000000000 ) ;
#877 = ORIENTED_EDGE ( 'NONE', *, *, #1192, .T. ) ;
#878 = CYLINDRICAL_SURFACE ( 'NONE', #2779, 5.100000000000000533 ) ;
#879 = VECTOR ( 'NONE', #1470, 1000.000000000000000 ) ;
#880 = VERTEX_POINT ( 'NONE', #3840 ) ;
#881 = ORIENTED_EDGE ( 'NONE', *, *, #3557, .T. ) ;
#882 = VECTOR ( 'NONE', #4095, 1000.000000000000000 ) ;
#883 = CARTESIAN_POINT ( 'NONE',  ( -2.299999999999999822, -194.5999999999999943, 4.299999999999999822 ) ) ;
#884 = AXIS2_PLACEMENT_3D ( 'NONE', #3577, #182, #164 ) ;
#885 = FACE_OUTER_BOUND ( 'NONE', #915, .T. ) ;
#886 = ORIENTED_EDGE ( 'NONE', *, *, #3055, .T. ) ;
#887 = DIRECTION ( 'NONE',  ( -1.000000000000000000, -0.000000000000000000, 0.000000000000000000 ) ) ;
#888 = CARTESIAN_POINT ( 'NONE',  ( 2.000000000000000000, -184.0000000000000000, 18.00000000000000355 ) ) ;
#889 = ADVANCED_FACE ( 'NONE', ( #2264 ), #3532, .T. ) ;
#890 = DIRECTION ( 'NONE',  ( 1.000000000000000000, 0.000000000000000000, 0.000000000000000000 ) ) ;
#891 = ORIENTED_EDGE ( 'NONE', *, *, #619, .T. ) ;
#892 = CARTESIAN_POINT ( 'NONE',  ( -2.000000000000000000, -72.09999999999999432, 6.000000000000000000 ) ) ;
#893 = DIRECTION ( 'NONE',  ( 1.000000000000000000, 0.000000000000000000, 0.000000000000000000 ) ) ;
#894 = ORIENTED_EDGE ( 'NONE', *, *, #2245, .T. ) ;
#895 = CARTESIAN_POINT ( 'NONE',  ( -1.500000000000000000, 115.0000000000000000, 92.00000000000000000 ) ) ;
#896 = EDGE_LOOP ( 'NONE', ( #952, #427 ) ) ;
#897 = CARTESIAN_POINT ( 'NONE',  ( 2.000000000000000000, 150.0000000000000000, 55.00000000000000000 ) ) ;
#898 = VECTOR ( 'NONE', #1788, 1000.000000000000000 ) ;
#899 = ORIENTED_EDGE ( 'NONE', *, *, #321, .T. ) ;
#900 = AXIS2_PLACEMENT_3D ( 'NONE', #2182, #2844, #3201 ) ;
#901 = EDGE_LOOP ( 'NONE', ( #3671, #2856, #1454, #642 ) ) ;
#902 = DIRECTION ( 'NONE',  ( 1.000000000000000000, 0.000000000000000000, -0.000000000000000000 ) ) ;
#903 = LINE ( 'NONE', #2166, #2939 ) ;
#904 = ORIENTED_EDGE ( 'NONE', *, *, #3445, .F. ) ;
#905 = LINE ( 'NONE', #2168, #2058 ) ;
#906 = CYLINDRICAL_SURFACE ( 'NONE', #3579, 1.700000000000000178 ) ;
#907 = CARTESIAN_POINT ( 'NONE',  ( -2.299999999999999822, -129.0000000000000000, 52.00000000000000711 ) ) ;
#908 = ORIENTED_EDGE ( 'NONE', *, *, #4062, .T. ) ;
#909 = FACE_OUTER_BOUND ( 'NONE', #1487, .T. ) ;
#910 = CARTESIAN_POINT ( 'NONE',  ( -1.500000000000000000, 48.46743740532919986, 24.00000000000000000 ) ) ;
#911 = ORIENTED_EDGE ( 'NONE', *, *, #3705, .T. ) ;
#912 = DIRECTION ( 'NONE',  ( -1.000000000000000000, -0.000000000000000000, 0.000000000000000000 ) ) ;
#913 = CARTESIAN_POINT ( 'NONE',  ( -2.000000000000000000, -198.0000000000000000, 24.00000000000000000 ) ) ;
#914 = ADVANCED_FACE ( 'NONE', ( #3026 ), #3295, .F. ) ;
#915 = EDGE_LOOP ( 'NONE', ( #301, #136, #343, #1804 ) ) ;
#916 = ORIENTED_EDGE ( 'NONE', *, *, #1134, .F. ) ;
#917 = CARTESIAN_POINT ( 'NONE',  ( -2.000000000000000000, -170.0000000000000000, 68.00000000000000000 ) ) ;
#918 = EDGE_CURVE ( 'NONE', #3497, #2464, #19, .T. ) ;
#919 = EDGE_CURVE ( 'NONE', #2878, #3618, #1408, .T. ) ;
#920 = DIRECTION ( 'NONE',  ( -1.000000000000000000, -0.000000000000000000, 0.000000000000000000 ) ) ;
#921 = VECTOR ( 'NONE', #2094, 1000.000000000000000 ) ;
#922 = ORIENTED_EDGE ( 'NONE', *, *, #2197, .T. ) ;
#923 = CARTESIAN_POINT ( 'NONE',  ( -2.299999999999999822, -194.5999999999999943, 16.00000000000000000 ) ) ;
#924 = LINE ( 'NONE', #3725, #1060 ) ;
#925 = LINE ( 'NONE', #2436, #1609 ) ;
#926 = ORIENTED_EDGE ( 'NONE', *, *, #166, .T. ) ;
#927 = VECTOR ( 'NONE', #2817, 1000.000000000000000 ) ;
#928 = CARTESIAN_POINT ( 'NONE',  ( 0.000000000000000000, 103.0000000000000142, 104.0000000000000142 ) ) ;
#929 = EDGE_CURVE ( 'NONE', #1797, #3270, #1113, .T. ) ;
#930 = VECTOR ( 'NONE', #3937, 1000.000000000000000 ) ;
#931 = CYLINDRICAL_SURFACE ( 'NONE', #2595, 13.00000000000000178 ) ;
#932 = ORIENTED_EDGE ( 'NONE', *, *, #133, .F. ) ;
#933 = DIRECTION ( 'NONE',  ( 0.000000000000000000, 1.000000000000000000, 0.000000000000000000 ) ) ;
#934 = CARTESIAN_POINT ( 'NONE',  ( -2.000000000000000000, 0.000000000000000000, 100.0000000000000000 ) ) ;
#935 = CIRCLE ( 'NONE', #16, 2.250000000000000444 ) ;
#936 = VERTEX_POINT ( 'NONE', #811 ) ;
#937 = ADVANCED_FACE ( 'NONE', ( #787 ), #3943, .T. ) ;
#938 = ORIENTED_EDGE ( 'NONE', *, *, #3311, .T. ) ;
#939 = CARTESIAN_POINT ( 'NONE',  ( -2.000000000000000000, -11.53256259467079836, 24.00000000000000000 ) ) ;
#940 = ORIENTED_EDGE ( 'NONE', *, *, #2313, .F. ) ;
#941 = FACE_OUTER_BOUND ( 'NONE', #4048, .T. ) ;
#942 = AXIS2_PLACEMENT_3D ( 'NONE', #2882, #1318, #3817 ) ;
#943 = ORIENTED_EDGE ( 'NONE', *, *, #158, .F. ) ;
#944 = DIRECTION ( 'NONE',  ( 0.000000000000000000, 0.000000000000000000, -1.000000000000000000 ) ) ;
#945 = ADVANCED_FACE ( 'NONE', ( #2030 ), #3357, .T. ) ;
#946 = CARTESIAN_POINT ( 'NONE',  ( -2.000000000000000000, 115.0000000000000000, 102.0000000000000142 ) ) ;
#947 = CYLINDRICAL_SURFACE ( 'NONE', #2005, 13.00000000000000178 ) ;
#948 = EDGE_LOOP ( 'NONE', ( #2174, #1557, #2160, #2515 ) ) ;
#949 = CIRCLE ( 'NONE', #3464, 2.000000000000001776 ) ;
#950 = DIRECTION ( 'NONE',  ( 1.000000000000000000, 0.000000000000000000, 0.000000000000000000 ) ) ;
#951 = FACE_OUTER_BOUND ( 'NONE', #400, .T. ) ;
#952 = ORIENTED_EDGE ( 'NONE', *, *, #918, .F. ) ;
#953 = CARTESIAN_POINT ( 'NONE',  ( -2.299999999999999822, 115.0000000000000000, 102.0000000000000142 ) ) ;
#954 = LINE ( 'NONE', #2486, #2315 ) ;
#955 = ORIENTED_EDGE ( 'NONE', *, *, #3796, .F. ) ;
#956 = ORIENTED_EDGE ( 'NONE', *, *, #185, .F. ) ;
#957 = ADVANCED_FACE ( 'NONE', ( #2654 ), #215, .F. ) ;
#958 = LINE ( 'NONE', #671, #3147 ) ;
#959 = DIRECTION ( 'NONE',  ( 1.000000000000000000, 0.000000000000000000, -0.000000000000000000 ) ) ;
#960 = ORIENTED_EDGE ( 'NONE', *, *, #1457, .F. ) ;
#961 = CARTESIAN_POINT ( 'NONE',  ( -2.000000000000000000, 0.000000000000000000, 100.0000000000000000 ) ) ;
#962 = FACE_OUTER_BOUND ( 'NONE', #97, .T. ) ;
#963 = ADVANCED_FACE ( 'NONE', ( #3279 ), #2049, .F. ) ;
#964 = DIRECTION ( 'NONE',  ( 0.000000000000000000, -1.000000000000000000, -0.000000000000000000 ) ) ;
#965 = ORIENTED_EDGE ( 'NONE', *, *, #1672, .F. ) ;
#966 = CARTESIAN_POINT ( 'NONE',  ( -2.299999999999999822, -194.5999999999999943, 7.700000000000000178 ) ) ;
#967 = FACE_OUTER_BOUND ( 'NONE', #2050, .T. ) ;
#968 = ADVANCED_FACE ( 'NONE', ( #1096 ), #457, .F. ) ;
#969 = CYLINDRICAL_SURFACE ( 'NONE', #3395, 2.250000000000000444 ) ;
#970 = ORIENTED_EDGE ( 'NONE', *, *, #245, .F. ) ;
#971 = FACE_OUTER_BOUND ( 'NONE', #2442, .T. ) ;
#972 = CARTESIAN_POINT ( 'NONE',  ( -1.500000000000000000, 193.0000000000000000, 92.00000000000000000 ) ) ;
#973 = CARTESIAN_POINT ( 'NONE',  ( -2.299999999999999822, -60.00000000000000000, 32.75000000000000000 ) ) ;
#974 = ORIENTED_EDGE ( 'NONE', *, *, #2163, .F. ) ;
#975 = ORIENTED_EDGE ( 'NONE', *, *, #3571, .T. ) ;
#976 = DIRECTION ( 'NONE',  ( -1.000000000000000000, -0.000000000000000000, 0.000000000000000000 ) ) ;
#977 = EDGE_CURVE ( 'NONE', #1415, #2343, #1536, .T. ) ;
#978 = EDGE_CURVE ( 'NONE', #2379, #247, #1158, .T. ) ;
#979 = FACE_OUTER_BOUND ( 'NONE', #3636, .T. ) ;
#980 = ORIENTED_EDGE ( 'NONE', *, *, #1220, .T. ) ;
#981 = CARTESIAN_POINT ( 'NONE',  ( -2.000000000000000000, 60.00000000000000000, 32.75000000000000000 ) ) ;
#982 = CARTESIAN_POINT ( 'NONE',  ( 2.000000000000000000, 72.09999999999999432, 13.75000000000000000 ) ) ;
#983 = VECTOR ( 'NONE', #1723, 1000.000000000000000 ) ;
#984 = FACE_BOUND ( 'NONE', #241, .T. ) ;
#985 = ORIENTED_EDGE ( 'NONE', *, *, #2862, .F. ) ;
#986 = CARTESIAN_POINT ( 'NONE',  ( 0.000000000000000000, 210.0000000000000000, 0.000000000000000000 ) ) ;
#987 = DIRECTION ( 'NONE',  ( 1.000000000000000000, 0.000000000000000000, 0.000000000000000000 ) ) ;
#988 = VECTOR ( 'NONE', #1555, 1000.000000000000000 ) ;
#989 = DIRECTION ( 'NONE',  ( 0.000000000000000000, 0.000000000000000000, -1.000000000000000000 ) ) ;
#990 = VECTOR ( 'NONE', #987, 1000.000000000000000 ) ;
#991 = CYLINDRICAL_SURFACE ( 'NONE', #398, 2.749999999999999112 ) ;
#992 = CARTESIAN_POINT ( 'NONE',  ( -1.500000000000000000, 163.0000000000000000, 92.00000000000000000 ) ) ;
#993 = EDGE_CURVE ( 'NONE', #855, #3573, #3690, .T. ) ;
#994 = CIRCLE ( 'NONE', #2383, 2.250000000000001776 ) ;
#995 = LINE ( 'NONE', #973, #808 ) ;
#996 = EDGE_LOOP ( 'NONE', ( #3794, #2428, #251, #1598 ) ) ;
#997 = ORIENTED_EDGE ( 'NONE', *, *, #1317, .T. ) ;
#998 = DIRECTION ( 'NONE',  ( 1.000000000000000000, 0.000000000000000000, 0.000000000000000000 ) ) ;
#999 = AXIS2_PLACEMENT_3D ( 'NONE', #2334, #1771, #184 ) ;
#1000 = CARTESIAN_POINT ( 'NONE',  ( 2.000000000000000000, -170.0000000000000000, 68.00000000000000000 ) ) ;
#1001 = VERTEX_POINT ( 'NONE', #172 ) ;
#1002 = AXIS2_PLACEMENT_3D ( 'NONE', #118, #2639, #3614 ) ;
#1003 = LINE ( 'NONE', #3205, #3391 ) ;
#1004 = CARTESIAN_POINT ( 'NONE',  ( 2.000000000000000000, -184.0000000000000000, 24.00000000000000000 ) ) ;
#1005 = DIRECTION ( 'NONE',  ( 1.000000000000000000, 0.000000000000000000, 0.000000000000000000 ) ) ;
#1006 = ORIENTED_EDGE ( 'NONE', *, *, #1713, .T. ) ;
#1007 = CARTESIAN_POINT ( 'NONE',  ( -2.299999999999999822, -170.0000000000000000, 70.75000000000001421 ) ) ;
#1008 = CIRCLE ( 'NONE', #3065, 13.00000000000000533 ) ;
#1009 = DIRECTION ( 'NONE',  ( -1.000000000000000000, -0.000000000000000000, 0.000000000000000000 ) ) ;
#1010 = EDGE_CURVE ( 'NONE', #2238, #98, #3647, .T. ) ;
#1011 = CIRCLE ( 'NONE', #884, 13.00000000000000533 ) ;
#1012 = CARTESIAN_POINT ( 'NONE',  ( 2.000000000000000000, -60.00000000000000000, 18.00000000000000355 ) ) ;
#1013 = DIRECTION ( 'NONE',  ( 0.000000000000000000, 0.000000000000000000, -1.000000000000000000 ) ) ;
#1014 = LINE ( 'NONE', #2905, #2974 ) ;
#1015 = ADVANCED_FACE ( 'NONE', ( #2012 ), #2342, .F. ) ;
#1016 = DIRECTION ( 'NONE',  ( 0.000000000000000000, -1.000000000000000000, 0.000000000000000000 ) ) ;
#1017 = VERTEX_POINT ( 'NONE', #770 ) ;
#1018 = EDGE_CURVE ( 'NONE', #577, #1928, #2131, .T. ) ;
#1019 = ORIENTED_EDGE ( 'NONE', *, *, #4062, .F. ) ;
#1020 = PERSON_AND_ORGANIZATION ( #3825, #3609 ) ;
#1021 = ORIENTED_EDGE ( 'NONE', *, *, #1095, .F. ) ;
#1022 = CARTESIAN_POINT ( 'NONE',  ( 1.500000000000000000, 0.000000000000000000, 90.00000000000001421 ) ) ;
#1023 = ORIENTED_EDGE ( 'NONE', *, *, #2228, .T. ) ;
#1024 = CARTESIAN_POINT ( 'NONE',  ( 2.000000000000000000, 0.000000000000000000, 104.0000000000000142 ) ) ;
#1025 = PLANE ( 'NONE',  #2086 ) ;
#1026 = DIRECTION ( 'NONE',  ( 0.000000000000000000, 0.000000000000000000, 1.000000000000000000 ) ) ;
#1027 = EDGE_LOOP ( 'NONE', ( #1446, #3483, #835, #4037 ) ) ;
#1028 = VECTOR ( 'NONE', #3489, 1000.000000000000000 ) ;
#1029 = DIRECTION ( 'NONE',  ( -1.000000000000000000, -0.000000000000000000, -0.000000000000000000 ) ) ;
#1030 = LINE ( 'NONE', #413, #2582 ) ;
#1031 = EDGE_CURVE ( 'NONE', #3931, #2405, #828, .T. ) ;
#1032 = CARTESIAN_POINT ( 'NONE',  ( -2.000000000000000000, 48.46743740532919986, 24.00000000000000000 ) ) ;
#1033 = FACE_BOUND ( 'NONE', #3894, .T. ) ;
#1034 = CARTESIAN_POINT ( 'NONE',  ( -1.500000000000000000, 85.00000000000000000, 90.00000000000000000 ) ) ;
#1035 = CARTESIAN_POINT ( 'NONE',  ( 0.000000000000000000, 175.0000000000000000, 90.00000000000000000 ) ) ;
#1036 = ORIENTED_EDGE ( 'NONE', *, *, #3223, .F. ) ;
#1037 = ORIENTED_EDGE ( 'NONE', *, *, #1285, .T. ) ;
#1038 = EDGE_CURVE ( 'NONE', #2429, #2934, #3193, .T. ) ;
#1039 = COORDINATED_UNIVERSAL_TIME_OFFSET ( 8, 0, .AHEAD. ) ;
#1040 = EDGE_LOOP ( 'NONE', ( #1205, #2497 ) ) ;
#1041 = EDGE_LOOP ( 'NONE', ( #2767, #1710 ) ) ;
#1042 = DIRECTION ( 'NONE',  ( 0.000000000000000000, 0.000000000000000000, -1.000000000000000000 ) ) ;
#1043 = CARTESIAN_POINT ( 'NONE',  ( 1.500000000000000000, 115.0000000000000000, 92.00000000000000000 ) ) ;
#1044 = EDGE_CURVE ( 'NONE', #3756, #3408, #2819, .T. ) ;
#1045 = ADVANCED_FACE ( 'NONE', ( #873 ), #2, .F. ) ;
#1046 = DIRECTION ( 'NONE',  ( -0.000000000000000000, 1.000000000000000000, 0.000000000000000000 ) ) ;
#1047 = ORIENTED_EDGE ( 'NONE', *, *, #444, .T. ) ;
#1048 = CARTESIAN_POINT ( 'NONE',  ( 1.500000000000000000, 163.0000000000000000, 94.00000000000000000 ) ) ;
#1049 = CARTESIAN_POINT ( 'NONE',  ( -2.299999999999999822, -60.00000000000000000, 27.25000000000000000 ) ) ;
#1050 = CARTESIAN_POINT ( 'NONE',  ( -2.000000000000000000, -173.0000000000000284, 47.00000000000000000 ) ) ;
#1051 = DIRECTION ( 'NONE',  ( -1.000000000000000000, -0.000000000000000000, 0.000000000000000000 ) ) ;
#1052 = AXIS2_PLACEMENT_3D ( 'NONE', #1255, #2821, #564 ) ;
#1053 = DIRECTION ( 'NONE',  ( 1.000000000000000000, 0.000000000000000000, 0.000000000000000000 ) ) ;
#1054 = CIRCLE ( 'NONE', #335, 13.00000000000000533 ) ;
#1055 = DIRECTION ( 'NONE',  ( 1.000000000000000000, 0.000000000000000000, 0.000000000000000000 ) ) ;
#1056 = ORIENTED_EDGE ( 'NONE', *, *, #2916, .T. ) ;
#1057 = VERTEX_POINT ( 'NONE', #3148 ) ;
#1058 = AXIS2_PLACEMENT_3D ( 'NONE', #2192, #3104, #1835 ) ;
#1059 = EDGE_CURVE ( 'NONE', #1856, #3657, #4081, .T. ) ;
#1060 = VECTOR ( 'NONE', #1485, 1000.000000000000000 ) ;
#1061 = ORIENTED_EDGE ( 'NONE', *, *, #864, .T. ) ;
#1062 = VERTEX_POINT ( 'NONE', #1197 ) ;
#1063 = CARTESIAN_POINT ( 'NONE',  ( 2.000000000000000000, 194.5999999999999943, 13.75000000000000000 ) ) ;
#1064 = AXIS2_PLACEMENT_3D ( 'NONE', #452, #3637, #1711 ) ;
#1065 = CYLINDRICAL_SURFACE ( 'NONE', #2950, 5.100000000000000533 ) ;
#1066 = CARTESIAN_POINT ( 'NONE',  ( -2.000000000000000000, -194.5999999999999943, 6.000000000000000000 ) ) ;
#1067 = AXIS2_PLACEMENT_3D ( 'NONE', #2812, #2187, #3139 ) ;
#1068 = ORIENTED_EDGE ( 'NONE', *, *, #1601, .F. ) ;
#1069 = LINE ( 'NONE', #2354, #2261 ) ;
#1070 = DIRECTION ( 'NONE',  ( 0.000000000000000000, 0.000000000000000000, -1.000000000000000000 ) ) ;
#1071 = AXIS2_PLACEMENT_3D ( 'NONE', #2633, #1283, #727 ) ;
#1072 = PLANE ( 'NONE',  #2801 ) ;
#1073 = ORIENTED_EDGE ( 'NONE', *, *, #3705, .F. ) ;
#1074 = CARTESIAN_POINT ( 'NONE',  ( 1.500000000000000000, 115.0000000000000000, 94.00000000000000000 ) ) ;
#1075 = AXIS2_PLACEMENT_3D ( 'NONE', #2332, #1690, #2624 ) ;
#1076 = DIRECTION ( 'NONE',  ( -0.000000000000000000, 0.000000000000000000, -1.000000000000000000 ) ) ;
#1077 = ORIENTED_EDGE ( 'NONE', *, *, #3233, .T. ) ;
#1078 = EDGE_LOOP ( 'NONE', ( #3864, #650, #891, #411 ) ) ;
#1079 = EDGE_CURVE ( 'NONE', #1188, #3247, #3438, .T. ) ;
#1080 = CYLINDRICAL_SURFACE ( 'NONE', #269, 2.749999999999999112 ) ;
#1081 = ORIENTED_EDGE ( 'NONE', *, *, #2670, .F. ) ;
#1082 = LINE ( 'NONE', #2348, #2928 ) ;
#1083 = DIRECTION ( 'NONE',  ( -0.000000000000000000, 1.000000000000000000, 0.000000000000000000 ) ) ;
#1084 = EDGE_CURVE ( 'NONE', #3782, #2903, #3529, .T. ) ;
#1085 = PLANE ( 'NONE',  #1866 ) ;
#1086 = ORIENTED_EDGE ( 'NONE', *, *, #512, .F. ) ;
#1087 = LINE ( 'NONE', #3619, #2656 ) ;
#1088 = CIRCLE ( 'NONE', #3144, 2.750000000000002665 ) ;
#1089 = DIRECTION ( 'NONE',  ( 0.000000000000000000, -1.000000000000000000, -0.000000000000000000 ) ) ;
#1090 = CIRCLE ( 'NONE', #1624, 2.750000000000002665 ) ;
#1091 = DIRECTION ( 'NONE',  ( -1.000000000000000000, -0.000000000000000000, -0.000000000000000000 ) ) ;
#1092 = ORIENTED_EDGE ( 'NONE', *, *, #1879, .F. ) ;
#1093 = CYLINDRICAL_SURFACE ( 'NONE', #1390, 2.000000000000001776 ) ;
#1094 = EDGE_CURVE ( 'NONE', #1431, #2352, #2501, .T. ) ;
#1095 = EDGE_CURVE ( 'NONE', #3263, #880, #1605, .T. ) ;
#1096 = FACE_OUTER_BOUND ( 'NONE', #1519, .T. ) ;
#1097 = ORIENTED_EDGE ( 'NONE', *, *, #1443, .F. ) ;
#1098 = DIRECTION ( 'NONE',  ( 0.000000000000000000, -1.000000000000000000, 0.000000000000000000 ) ) ;
#1099 = ORIENTED_EDGE ( 'NONE', *, *, #2340, .T. ) ;
#1100 = FACE_BOUND ( 'NONE', #3789, .T. ) ;
#1101 = EDGE_LOOP ( 'NONE', ( #566, #183, #1370, #3887 ) ) ;
#1102 = VERTEX_POINT ( 'NONE', #3460 ) ;
#1103 = ADVANCED_FACE ( 'NONE', ( #1801 ), #931, .T. ) ;
#1104 = CARTESIAN_POINT ( 'NONE',  ( 0.000000000000000000, 103.0000000000000142, 90.00000000000000000 ) ) ;
#1105 = CARTESIAN_POINT ( 'NONE',  ( 2.000000000000000000, -194.5999999999999943, 4.299999999999999822 ) ) ;
#1106 = ORIENTED_EDGE ( 'NONE', *, *, #1457, .T. ) ;
#1107 = CARTESIAN_POINT ( 'NONE',  ( -2.000000000000000000, 48.46743740532919986, 24.00000000000000000 ) ) ;
#1108 = DIRECTION ( 'NONE',  ( 0.000000000000000000, -1.000000000000000000, 0.000000000000000000 ) ) ;
#1109 = EDGE_CURVE ( 'NONE', #1928, #577, #1738, .T. ) ;
#1110 = CARTESIAN_POINT ( 'NONE',  ( 2.000000000000000000, -91.85246629291785325, 29.52644355067057802 ) ) ;
#1111 = ORIENTED_EDGE ( 'NONE', *, *, #3370, .F. ) ;
#1112 = DIRECTION ( 'NONE',  ( 1.000000000000000000, 0.000000000000000000, -0.000000000000000000 ) ) ;
#1113 = LINE ( 'NONE', #2677, #1595 ) ;
#1114 = AXIS2_PLACEMENT_3D ( 'NONE', #3469, #2554, #2847 ) ;
#1115 = ORIENTED_EDGE ( 'NONE', *, *, #609, .T. ) ;
#1116 = DIRECTION ( 'NONE',  ( 0.000000000000000000, 0.000000000000000000, -1.000000000000000000 ) ) ;
#1117 = EDGE_LOOP ( 'NONE', ( #15, #3009, #2911, #406 ) ) ;
#1118 = EDGE_CURVE ( 'NONE', #2833, #2758, #235, .T. ) ;
#1119 = PLANE ( 'NONE',  #3508 ) ;
#1120 = AXIS2_PLACEMENT_3D ( 'NONE', #1364, #2861, #2260 ) ;
#1121 = ORIENTED_EDGE ( 'NONE', *, *, #3467, .F. ) ;
#1122 = AXIS2_PLACEMENT_3D ( 'NONE', #972, #65, #379 ) ;
#1123 = VERTEX_POINT ( 'NONE', #910 ) ;
#1124 = CARTESIAN_POINT ( 'NONE',  ( -2.299999999999999822, -91.85246629291785325, 29.52644355067057802 ) ) ;
#1125 = DIRECTION ( 'NONE',  ( 1.000000000000000000, 0.000000000000000000, 0.000000000000000000 ) ) ;
#1126 = ORIENTED_EDGE ( 'NONE', *, *, #2936, .F. ) ;
#1127 = CARTESIAN_POINT ( 'NONE',  ( 2.000000000000000000, 194.5999999999999943, 6.000000000000000000 ) ) ;
#1128 = DIRECTION ( 'NONE',  ( 1.000000000000000000, 0.000000000000000000, 0.000000000000000000 ) ) ;
#1129 = CIRCLE ( 'NONE', #3650, 2.250000000000001776 ) ;
#1130 = CARTESIAN_POINT ( 'NONE',  ( 0.000000000000000000, 154.0000000000000000, 94.00000000000000000 ) ) ;
#1131 = ORIENTED_EDGE ( 'NONE', *, *, #4006, .T. ) ;
#1132 = EDGE_CURVE ( 'NONE', #4090, #4070, #254, .T. ) ;
#1133 = CARTESIAN_POINT ( 'NONE',  ( -2.000000000000000000, -48.46743740532919986, 24.00000000000000000 ) ) ;
#1134 = EDGE_CURVE ( 'NONE', #1483, #260, #4022, .T. ) ;
#1135 = APPROVAL_ROLE ( '' ) ;
#1136 = AXIS2_PLACEMENT_3D ( 'NONE', #2482, #4040, #598 ) ;
#1137 = DIRECTION ( 'NONE',  ( 0.000000000000000000, 1.000000000000000000, 0.000000000000000000 ) ) ;
#1138 = ORIENTED_EDGE ( 'NONE', *, *, #2308, .F. ) ;
#1139 = DIRECTION ( 'NONE',  ( 1.000000000000000000, 0.000000000000000000, 0.000000000000000000 ) ) ;
#1140 = ORIENTED_EDGE ( 'NONE', *, *, #2765, .T. ) ;
#1141 = FACE_OUTER_BOUND ( 'NONE', #3110, .T. ) ;
#1142 = EDGE_CURVE ( 'NONE', #2982, #3695, #1177, .T. ) ;
#1143 = ORIENTED_EDGE ( 'NONE', *, *, #3167, .T. ) ;
#1144 = VECTOR ( 'NONE', #2082, 1000.000000000000000 ) ;
#1145 = ORIENTED_EDGE ( 'NONE', *, *, #3834, .F. ) ;
#1146 = DIRECTION ( 'NONE',  ( 0.000000000000000000, 0.000000000000000000, 1.000000000000000000 ) ) ;
#1147 = ADVANCED_FACE ( 'NONE', ( #2440, #3128 ), #3710, .T. ) ;
#1148 = CARTESIAN_POINT ( 'NONE',  ( -2.000000000000000000, 163.0000000000000000, 100.0000000000000000 ) ) ;
#1149 = ORIENTED_EDGE ( 'NONE', *, *, #2500, .F. ) ;
#1150 = LINE ( 'NONE', #3973, #1196 ) ;
#1151 = CARTESIAN_POINT ( 'NONE',  ( 2.000000000000000000, 193.0000000000000000, 102.0000000000000142 ) ) ;
#1152 = FACE_OUTER_BOUND ( 'NONE', #829, .T. ) ;
#1153 = EDGE_LOOP ( 'NONE', ( #2365, #4054, #997, #974 ) ) ;
#1154 = EDGE_CURVE ( 'NONE', #2662, #3688, #3421, .T. ) ;
#1155 = CARTESIAN_POINT ( 'NONE',  ( -2.000000000000000000, 0.000000000000000000, 96.00000000000000000 ) ) ;
#1156 = EDGE_CURVE ( 'NONE', #1825, #2952, #611, .T. ) ;
#1157 = VECTOR ( 'NONE', #1083, 1000.000000000000000 ) ;
#1158 = LINE ( 'NONE', #1741, #879 ) ;
#1159 = ORIENTED_EDGE ( 'NONE', *, *, #3815, .T. ) ;
#1160 = LINE ( 'NONE', #237, #3038 ) ;
#1161 = CARTESIAN_POINT ( 'NONE',  ( -1.500000000000000000, 0.000000000000000000, 24.00000000000000000 ) ) ;
#1162 = VECTOR ( 'NONE', #2081, 1000.000000000000000 ) ;
#1163 = FACE_BOUND ( 'NONE', #1198, .T. ) ;
#1164 = ORIENTED_EDGE ( 'NONE', *, *, #3909, .T. ) ;
#1165 = ADVANCED_FACE ( 'NONE', ( #1216 ), #1614, .F. ) ;
#1166 = EDGE_LOOP ( 'NONE', ( #2842, #50, #3678, #3035 ) ) ;
#1167 = CARTESIAN_POINT ( 'NONE',  ( -2.000000000000000000, 193.0000000000000000, 104.0000000000000142 ) ) ;
#1168 = CARTESIAN_POINT ( 'NONE',  ( -1.500000000000000000, 198.0000000000000000, 96.00000000000000000 ) ) ;
#1169 = VERTEX_POINT ( 'NONE', #2610 ) ;
#1170 = CARTESIAN_POINT ( 'NONE',  ( -2.000000000000000000, 0.000000000000000000, 24.00000000000000000 ) ) ;
#1171 = EDGE_CURVE ( 'NONE', #1249, #3949, #2201, .T. ) ;
#1172 = DIRECTION ( 'NONE',  ( 0.000000000000000000, 0.000000000000000000, -1.000000000000000000 ) ) ;
#1173 = EDGE_CURVE ( 'NONE', #754, #1824, #418, .T. ) ;
#1174 = DIRECTION ( 'NONE',  ( 0.000000000000000000, -1.000000000000000000, 0.000000000000000000 ) ) ;
#1175 = ORIENTED_EDGE ( 'NONE', *, *, #3453, .F. ) ;
#1176 = DIRECTION ( 'NONE',  ( 1.000000000000000000, 0.000000000000000000, -0.000000000000000000 ) ) ;
#1177 = LINE ( 'NONE', #4063, #23 ) ;
#1178 = ORIENTED_EDGE ( 'NONE', *, *, #2719, .T. ) ;
#1179 = CARTESIAN_POINT ( 'NONE',  ( 2.000000000000000000, -184.0000000000000000, 53.92820323027554252 ) ) ;
#1180 = DIRECTION ( 'NONE',  ( 1.000000000000000000, 0.000000000000000000, -0.000000000000000000 ) ) ;
#1181 = DIRECTION ( 'NONE',  ( -1.000000000000000000, -0.000000000000000000, -0.000000000000000000 ) ) ;
#1182 = CIRCLE ( 'NONE', #3505, 2.000000000000001776 ) ;
#1183 = EDGE_LOOP ( 'NONE', ( #2997, #521, #922, #1138 ) ) ;
#1184 = ORIENTED_EDGE ( 'NONE', *, *, #1468, .F. ) ;
#1185 = CARTESIAN_POINT ( 'NONE',  ( 0.000000000000000000, 0.000000000000000000, 24.00000000000000000 ) ) ;
#1186 = ADVANCED_FACE ( 'NONE', ( #2280 ), #416, .F. ) ;
#1187 = DIRECTION ( 'NONE',  ( 0.000000000000000000, 0.000000000000000000, -1.000000000000000000 ) ) ;
#1188 = VERTEX_POINT ( 'NONE', #661 ) ;
#1189 = DIRECTION ( 'NONE',  ( 1.000000000000000000, 0.000000000000000000, -0.000000000000000000 ) ) ;
#1190 = DIRECTION ( 'NONE',  ( -1.000000000000000000, -0.000000000000000000, 0.000000000000000000 ) ) ;
#1191 = CIRCLE ( 'NONE', #4039, 1.700000000000000178 ) ;
#1192 = EDGE_CURVE ( 'NONE', #3691, #3651, #3191, .T. ) ;
#1193 = CARTESIAN_POINT ( 'NONE',  ( -1.500000000000000000, -184.0000000000000000, 0.000000000000000000 ) ) ;
#1194 = ORIENTED_EDGE ( 'NONE', *, *, #2199, .F. ) ;
#1195 = CARTESIAN_POINT ( 'NONE',  ( -2.000000000000000000, 60.00000000000000000, 30.00000000000000000 ) ) ;
#1196 = VECTOR ( 'NONE', #823, 1000.000000000000000 ) ;
#1197 = CARTESIAN_POINT ( 'NONE',  ( 2.000000000000000000, -173.0000000000000284, 49.75000000000000000 ) ) ;
#1198 = EDGE_LOOP ( 'NONE', ( #3113, #1288 ) ) ;
#1199 = DIRECTION ( 'NONE',  ( 1.000000000000000000, 0.000000000000000000, -0.000000000000000000 ) ) ;
#1200 = VECTOR ( 'NONE', #1291, 1000.000000000000000 ) ;
#1201 = ORIENTED_EDGE ( 'NONE', *, *, #72, .T. ) ;
#1202 = CARTESIAN_POINT ( 'NONE',  ( -1.500000000000000000, 0.000000000000000000, 94.00000000000000000 ) ) ;
#1203 = AXIS2_PLACEMENT_3D ( 'NONE', #2960, #2710, #3640 ) ;
#1204 = ORIENTED_EDGE ( 'NONE', *, *, #3238, .T. ) ;
#1205 = ORIENTED_EDGE ( 'NONE', *, *, #4006, .F. ) ;
#1206 = VECTOR ( 'NONE', #3269, 1000.000000000000000 ) ;
#1207 = DIRECTION ( 'NONE',  ( 1.000000000000000000, 0.000000000000000000, 0.000000000000000000 ) ) ;
#1208 = AXIS2_PLACEMENT_3D ( 'NONE', #1933, #1891, #1643 ) ;
#1209 = DIRECTION ( 'NONE',  ( 1.000000000000000000, 0.000000000000000000, -0.000000000000000000 ) ) ;
#1210 = ORIENTED_EDGE ( 'NONE', *, *, #1171, .T. ) ;
#1211 = DIRECTION ( 'NONE',  ( 0.000000000000000000, 0.000000000000000000, 1.000000000000000000 ) ) ;
#1212 = DIRECTION ( 'NONE',  ( 0.000000000000000000, 0.000000000000000000, -1.000000000000000000 ) ) ;
#1213 = DIRECTION ( 'NONE',  ( 0.000000000000000000, 0.000000000000000000, -1.000000000000000000 ) ) ;
#1214 = EDGE_LOOP ( 'NONE', ( #36, #3368 ) ) ;
#1215 = DIRECTION ( 'NONE',  ( -1.000000000000000000, -0.000000000000000000, 0.000000000000000000 ) ) ;
#1216 = FACE_OUTER_BOUND ( 'NONE', #2957, .T. ) ;
#1217 = VERTEX_POINT ( 'NONE', #1032 ) ;
#1218 = CYLINDRICAL_SURFACE ( 'NONE', #3837, 2.000000000000001776 ) ;
#1219 = CARTESIAN_POINT ( 'NONE',  ( 1.500000000000000000, 0.000000000000000000, 96.00000000000000000 ) ) ;
#1220 = EDGE_CURVE ( 'NONE', #2423, #1001, #26, .T. ) ;
#1221 = EDGE_CURVE ( 'NONE', #3289, #1231, #1469, .T. ) ;
#1222 = ORIENTED_EDGE ( 'NONE', *, *, #3867, .F. ) ;
#1223 = VECTOR ( 'NONE', #3536, 1000.000000000000000 ) ;
#1224 = ORIENTED_EDGE ( 'NONE', *, *, #1192, .F. ) ;
#1225 = DIRECTION ( 'NONE',  ( -1.000000000000000000, -0.000000000000000000, 0.000000000000000000 ) ) ;
#1226 = CYLINDRICAL_SURFACE ( 'NONE', #2072, 1.700000000000000178 ) ;
#1227 = ORIENTED_EDGE ( 'NONE', *, *, #3090, .F. ) ;
#1228 = CARTESIAN_POINT ( 'NONE',  ( 2.000000000000000000, 61.25000000000000000, 18.25000000000000355 ) ) ;
#1229 = LINE ( 'NONE', #3416, #404 ) ;
#1230 = CARTESIAN_POINT ( 'NONE',  ( -2.000000000000000000, 72.09999999999999432, 7.700000000000000178 ) ) ;
#1231 = VERTEX_POINT ( 'NONE', #3229 ) ;
#1232 = CARTESIAN_POINT ( 'NONE',  ( 0.000000000000000000, 193.0000000000000000, 100.0000000000000000 ) ) ;
#1233 = ADVANCED_FACE ( 'NONE', ( #1922 ), #969, .F. ) ;
#1234 = DIRECTION ( 'NONE',  ( 1.000000000000000000, 0.000000000000000000, -0.000000000000000000 ) ) ;
#1235 = ORIENTED_EDGE ( 'NONE', *, *, #233, .F. ) ;
#1236 = DIRECTION ( 'NONE',  ( 1.000000000000000000, 0.000000000000000000, -0.000000000000000000 ) ) ;
#1237 = CARTESIAN_POINT ( 'NONE',  ( -2.299999999999999822, -150.0000000000000000, 55.00000000000000000 ) ) ;
#1238 = ORIENTED_EDGE ( 'NONE', *, *, #3815, .F. ) ;
#1239 = VERTEX_POINT ( 'NONE', #3563 ) ;
#1240 = CARTESIAN_POINT ( 'NONE',  ( 2.000000000000000000, -60.00000000000000000, 30.00000000000000000 ) ) ;
#1241 = VERTEX_POINT ( 'NONE', #1298 ) ;
#1242 = DIRECTION ( 'NONE',  ( 0.000000000000000000, 0.000000000000000000, -1.000000000000000000 ) ) ;
#1243 = VECTOR ( 'NONE', #1098, 1000.000000000000000 ) ;
#1244 = VERTEX_POINT ( 'NONE', #1677 ) ;
#1245 = CARTESIAN_POINT ( 'NONE',  ( 2.000000000000000000, 61.25000000000000000, 7.700000000000000178 ) ) ;
#1246 = CARTESIAN_POINT ( 'NONE',  ( 2.000000000000000000, 72.09999999999999432, 16.00000000000000000 ) ) ;
#1247 = VECTOR ( 'NONE', #3231, 1000.000000000000000 ) ;
#1248 = CARTESIAN_POINT ( 'NONE',  ( -2.299999999999999822, 61.25000000000000000, 13.75000000000000000 ) ) ;
#1249 = VERTEX_POINT ( 'NONE', #3793 ) ;
#1250 = AXIS2_PLACEMENT_3D ( 'NONE', #273, #1528, #1506 ) ;
#1251 = CARTESIAN_POINT ( 'NONE',  ( 2.000000000000000000, -61.25000000000000000, 6.000000000000000000 ) ) ;
#1252 = AXIS2_PLACEMENT_3D ( 'NONE', #3037, #3747, #2795 ) ;
#1253 = CARTESIAN_POINT ( 'NONE',  ( 2.000000000000000000, 115.0000000000000000, 102.0000000000000142 ) ) ;
#1254 = VERTEX_POINT ( 'NONE', #1634 ) ;
#1255 = CARTESIAN_POINT ( 'NONE',  ( -2.000000000000000000, 61.25000000000000000, 16.00000000000000000 ) ) ;
#1256 = EDGE_CURVE ( 'NONE', #4041, #3341, #1277, .T. ) ;
#1257 = CARTESIAN_POINT ( 'NONE',  ( -1.500000000000000000, 133.0000000000000000, 92.00000000000000000 ) ) ;
#1258 = VECTOR ( 'NONE', #2312, 1000.000000000000000 ) ;
#1259 = EDGE_LOOP ( 'NONE', ( #2213, #2142 ) ) ;
#1260 = ORIENTED_EDGE ( 'NONE', *, *, #3167, .F. ) ;
#1261 = CIRCLE ( 'NONE', #1734, 1.700000000000000178 ) ;
#1262 = CYLINDRICAL_SURFACE ( 'NONE', #4013, 2.000000000000001776 ) ;
#1263 = ADVANCED_FACE ( 'NONE', ( #951 ), #377, .F. ) ;
#1264 = EDGE_LOOP ( 'NONE', ( #4079, #3990, #1143, #3863 ) ) ;
#1265 = CARTESIAN_POINT ( 'NONE',  ( 2.000000000000000000, -194.5999999999999943, 6.000000000000000000 ) ) ;
#1266 = VECTOR ( 'NONE', #1699, 1000.000000000000000 ) ;
#1267 = VERTEX_POINT ( 'NONE', #2259 ) ;
#1268 = DIRECTION ( 'NONE',  ( 0.000000000000000000, 0.000000000000000000, 1.000000000000000000 ) ) ;
#1269 = DIRECTION ( 'NONE',  ( 0.000000000000000000, 0.000000000000000000, 1.000000000000000000 ) ) ;
#1270 = EDGE_CURVE ( 'NONE', #3627, #1299, #3922, .T. ) ;
#1271 = VECTOR ( 'NONE', #1174, 1000.000000000000000 ) ;
#1272 = DIRECTION ( 'NONE',  ( 1.000000000000000000, 0.000000000000000000, -0.000000000000000000 ) ) ;
#1273 = ORIENTED_EDGE ( 'NONE', *, *, #3277, .F. ) ;
#1274 = AXIS2_PLACEMENT_3D ( 'NONE', #3970, #1125, #2002 ) ;
#1275 = LINE ( 'NONE', #1632, #2853 ) ;
#1276 = DIRECTION ( 'NONE',  ( 1.000000000000000000, 0.000000000000000000, -0.000000000000000000 ) ) ;
#1277 = LINE ( 'NONE', #2564, #2528 ) ;
#1278 = VERTEX_POINT ( 'NONE', #1944 ) ;
#1279 = FACE_OUTER_BOUND ( 'NONE', #2135, .T. ) ;
#1280 = EDGE_CURVE ( 'NONE', #3950, #3149, #2217, .T. ) ;
#1281 = EDGE_CURVE ( 'NONE', #1639, #1057, #3856, .T. ) ;
#1282 = DIRECTION ( 'NONE',  ( 0.000000000000000000, 1.000000000000000000, 0.000000000000000000 ) ) ;
#1283 = DIRECTION ( 'NONE',  ( 1.000000000000000000, 0.000000000000000000, 0.000000000000000000 ) ) ;
#1284 = ORIENTED_EDGE ( 'NONE', *, *, #2629, .F. ) ;
#1285 = EDGE_CURVE ( 'NONE', #2036, #2343, #3879, .T. ) ;
#1286 = VERTEX_POINT ( 'NONE', #3163 ) ;
#1287 = DIRECTION ( 'NONE',  ( -1.000000000000000000, -0.000000000000000000, -0.000000000000000000 ) ) ;
#1288 = ORIENTED_EDGE ( 'NONE', *, *, #1156, .F. ) ;
#1289 = LINE ( 'NONE', #3220, #2910 ) ;
#1290 = ORIENTED_EDGE ( 'NONE', *, *, #4021, .T. ) ;
#1291 = DIRECTION ( 'NONE',  ( -0.000000000000000000, 1.000000000000000000, 0.000000000000000000 ) ) ;
#1292 = DIRECTION ( 'NONE',  ( 1.000000000000000000, 0.000000000000000000, 0.000000000000000000 ) ) ;
#1293 = CARTESIAN_POINT ( 'NONE',  ( -2.299999999999999822, -194.5999999999999943, 18.25000000000000355 ) ) ;
#1294 = VERTEX_POINT ( 'NONE', #2859 ) ;
#1295 = ADVANCED_FACE ( 'NONE', ( #334 ), #1590, .T. ) ;
#1296 = CARTESIAN_POINT ( 'NONE',  ( -1.500000000000000000, 0.000000000000000000, 90.00000000000001421 ) ) ;
#1297 = CYLINDRICAL_SURFACE ( 'NONE', #272, 2.250000000000000444 ) ;
#1298 = CARTESIAN_POINT ( 'NONE',  ( 2.000000000000000000, 194.5999999999999943, 4.299999999999999822 ) ) ;
#1299 = VERTEX_POINT ( 'NONE', #210 ) ;
#1300 = DIRECTION ( 'NONE',  ( 0.000000000000000000, 0.000000000000000000, 1.000000000000000000 ) ) ;
#1301 = DIRECTION ( 'NONE',  ( 0.000000000000000000, 0.000000000000000000, 1.000000000000000000 ) ) ;
#1302 = CYLINDRICAL_SURFACE ( 'NONE', #1071, 13.00000000000000533 ) ;
#1303 = VERTEX_POINT ( 'NONE', #2027 ) ;
#1304 = ORIENTED_EDGE ( 'NONE', *, *, #2155, .T. ) ;
#1305 = CARTESIAN_POINT ( 'NONE',  ( -2.000000000000000000, -91.85246629291785325, 29.52644355067057802 ) ) ;
#1306 = DIRECTION ( 'NONE',  ( -0.000000000000000000, 1.000000000000000000, 0.000000000000000000 ) ) ;
#1307 = EDGE_LOOP ( 'NONE', ( #2744, #1222 ) ) ;
#1308 = FACE_OUTER_BOUND ( 'NONE', #1331, .T. ) ;
#1309 = EDGE_CURVE ( 'NONE', #98, #791, #3602, .T. ) ;
#1310 = CYLINDRICAL_SURFACE ( 'NONE', #2054, 2.000000000000001776 ) ;
#1311 = AXIS2_PLACEMENT_3D ( 'NONE', #953, #2219, #3484 ) ;
#1312 = CARTESIAN_POINT ( 'NONE',  ( -2.000000000000000000, -61.25000000000000000, 13.75000000000000000 ) ) ;
#1313 = ORIENTED_EDGE ( 'NONE', *, *, #3043, .T. ) ;
#1314 = CARTESIAN_POINT ( 'NONE',  ( 2.000000000000000000, 198.0000000000000000, 24.00000000000000000 ) ) ;
#1315 = CARTESIAN_POINT ( 'NONE',  ( 0.000000000000000000, 114.9999999999999858, 100.0000000000000000 ) ) ;
#1316 = AXIS2_PLACEMENT_3D ( 'NONE', #520, #1450, #3342 ) ;
#1317 = EDGE_CURVE ( 'NONE', #2988, #1387, #2993, .T. ) ;
#1318 = DIRECTION ( 'NONE',  ( 1.000000000000000000, 0.000000000000000000, -0.000000000000000000 ) ) ;
#1319 = AXIS2_PLACEMENT_3D ( 'NONE', #213, #1466, #2737 ) ;
#1320 = FACE_BOUND ( 'NONE', #2531, .T. ) ;
#1321 = CARTESIAN_POINT ( 'NONE',  ( -2.000000000000000000, 150.0000000000000000, 68.00000000000000000 ) ) ;
#1322 = CIRCLE ( 'NONE', #1456, 2.250000000000000444 ) ;
#1323 = LINE ( 'NONE', #3862, #2198 ) ;
#1324 = EDGE_LOOP ( 'NONE', ( #2306, #386 ) ) ;
#1325 = AXIS2_PLACEMENT_3D ( 'NONE', #375, #3876, #412 ) ;
#1326 = ORIENTED_EDGE ( 'NONE', *, *, #1352, .T. ) ;
#1327 = APPLICATION_PROTOCOL_DEFINITION ( 'international standard', 'config_control_design', 1994, #3639 ) ;
#1328 = AXIS2_PLACEMENT_3D ( 'NONE', #167, #3369, #3996 ) ;
#1329 = ORIENTED_EDGE ( 'NONE', *, *, #391, .F. ) ;
#1330 = FACE_OUTER_BOUND ( 'NONE', #1101, .T. ) ;
#1331 = EDGE_LOOP ( 'NONE', ( #3920, #1906, #3964, #1304 ) ) ;
#1332 = AXIS2_PLACEMENT_3D ( 'NONE', #690, #1948, #3214 ) ;
#1333 = AXIS2_PLACEMENT_3D ( 'NONE', #55, #3809, #698 ) ;
#1334 = DIRECTION ( 'NONE',  ( -1.000000000000000000, -0.000000000000000000, -0.000000000000000000 ) ) ;
#1335 = DIRECTION ( 'NONE',  ( 1.000000000000000000, 0.000000000000000000, -0.000000000000000000 ) ) ;
#1336 = AXIS2_PLACEMENT_3D ( 'NONE', #3106, #275, #2802 ) ;
#1337 = DIRECTION ( 'NONE',  ( 0.000000000000000000, -1.000000000000000000, 0.000000000000000000 ) ) ;
#1338 = ORIENTED_EDGE ( 'NONE', *, *, #1920, .F. ) ;
#1339 = EDGE_CURVE ( 'NONE', #21, #2272, #89, .T. ) ;
#1340 = CARTESIAN_POINT ( 'NONE',  ( 2.000000000000000000, 210.0000000000000000, 0.000000000000000000 ) ) ;
#1341 = AXIS2_PLACEMENT_3D ( 'NONE', #1359, #1435, #2351 ) ;
#1342 = CARTESIAN_POINT ( 'NONE',  ( 2.000000000000000000, 0.000000000000000000, 100.0000000000000000 ) ) ;
#1343 = ADVANCED_FACE ( 'NONE', ( #3957 ), #3292, .F. ) ;
#1344 = VECTOR ( 'NONE', #1306, 1000.000000000000000 ) ;
#1345 = DIRECTION ( 'NONE',  ( 1.000000000000000000, 0.000000000000000000, 0.000000000000000000 ) ) ;
#1346 = DIRECTION ( 'NONE',  ( 0.000000000000000000, 0.000000000000000000, -1.000000000000000000 ) ) ;
#1347 = DIRECTION ( 'NONE',  ( 1.000000000000000000, 0.000000000000000000, 0.000000000000000000 ) ) ;
#1348 = CYLINDRICAL_SURFACE ( 'NONE', #3257, 1.700000000000000178 ) ;
#1349 = ORIENTED_EDGE ( 'NONE', *, *, #3311, .F. ) ;
#1350 = EDGE_LOOP ( 'NONE', ( #1865, #2492, #3905, #2546 ) ) ;
#1351 = ADVANCED_FACE ( 'NONE', ( #3274 ), #1072, .F. ) ;
#1352 = EDGE_CURVE ( 'NONE', #115, #622, #1739, .T. ) ;
#1353 = ORIENTED_EDGE ( 'NONE', *, *, #3092, .T. ) ;
#1354 = ORIENTED_EDGE ( 'NONE', *, *, #391, .T. ) ;
#1355 = DIRECTION ( 'NONE',  ( -1.000000000000000000, 0.000000000000000000, 0.000000000000000000 ) ) ;
#1356 = CARTESIAN_POINT ( 'NONE',  ( -2.000000000000000000, 72.09999999999999432, 13.75000000000000000 ) ) ;
#1357 = CIRCLE ( 'NONE', #1754, 1.700000000000000178 ) ;
#1358 = EDGE_CURVE ( 'NONE', #733, #1479, #3665, .T. ) ;
#1359 = CARTESIAN_POINT ( 'NONE',  ( -2.299999999999999822, 61.25000000000000000, 16.00000000000000000 ) ) ;
#1360 = VERTEX_POINT ( 'NONE', #2090 ) ;
#1361 = DIRECTION ( 'NONE',  ( -1.000000000000000000, -0.000000000000000000, 0.000000000000000000 ) ) ;
#1362 = CYLINDRICAL_SURFACE ( 'NONE', #1658, 6.100000000000001421 ) ;
#1363 = CARTESIAN_POINT ( 'NONE',  ( -2.299999999999999822, 194.5999999999999943, 16.00000000000000000 ) ) ;
#1364 = CARTESIAN_POINT ( 'NONE',  ( 0.000000000000000000, 0.000000000000000000, 24.00000000000000000 ) ) ;
#1365 = APPLICATION_CONTEXT ( 'configuration controlled 3d designs of mechanical parts and assemblies' ) ;
#1366 = CARTESIAN_POINT ( 'NONE',  ( -1.500000000000000000, -60.00000000000000000, 90.00000000000001421 ) ) ;
#1367 = EDGE_CURVE ( 'NONE', #1387, #2988, #2995, .T. ) ;
#1368 = DIRECTION ( 'NONE',  ( -1.000000000000000000, 0.000000000000000000, 0.000000000000000000 ) ) ;
#1369 = ORIENTED_EDGE ( 'NONE', *, *, #2563, .T. ) ;
#1370 = ORIENTED_EDGE ( 'NONE', *, *, #537, .T. ) ;
#1371 = ORIENTED_EDGE ( 'NONE', *, *, #1134, .T. ) ;
#1372 = EDGE_LOOP ( 'NONE', ( #3074, #3607, #1787, #83 ) ) ;
#1373 = CARTESIAN_POINT ( 'NONE',  ( -1.500000000000000000, 145.0000000000000000, 90.00000000000000000 ) ) ;
#1374 = DIRECTION ( 'NONE',  ( -1.000000000000000000, -0.000000000000000000, 0.000000000000000000 ) ) ;
#1375 = FACE_OUTER_BOUND ( 'NONE', #1350, .T. ) ;
#1376 = ORIENTED_EDGE ( 'NONE', *, *, #834, .T. ) ;
#1377 = DIRECTION ( 'NONE',  ( 0.000000000000000000, 0.000000000000000000, 1.000000000000000000 ) ) ;
#1378 = LINE ( 'NONE', #2314, #3914 ) ;
#1379 = CIRCLE ( 'NONE', #2840, 2.750000000000002665 ) ;
#1380 = DIRECTION ( 'NONE',  ( 1.000000000000000000, 0.000000000000000000, -0.000000000000000000 ) ) ;
#1381 = ADVANCED_FACE ( 'NONE', ( #766 ), #1423, .F. ) ;
#1382 = EDGE_LOOP ( 'NONE', ( #2164, #3402, #49, #1501 ) ) ;
#1383 = AXIS2_PLACEMENT_3D ( 'NONE', #897, #1181, #3425 ) ;
#1384 = CARTESIAN_POINT ( 'NONE',  ( -2.000000000000000000, -210.0000000000000000, 0.000000000000000000 ) ) ;
#1385 = AXIS2_PLACEMENT_3D ( 'NONE', #2177, #320, #2467 ) ;
#1386 = CARTESIAN_POINT ( 'NONE',  ( -2.299999999999999822, 193.0000000000000000, 92.00000000000000000 ) ) ;
#1387 = VERTEX_POINT ( 'NONE', #2691 ) ;
#1388 = ORIENTED_EDGE ( 'NONE', *, *, #420, .F. ) ;
#1389 = FACE_BOUND ( 'NONE', #1911, .T. ) ;
#1390 = AXIS2_PLACEMENT_3D ( 'NONE', #2046, #2010, #189 ) ;
#1391 = CIRCLE ( 'NONE', #3977, 2.000000000000001776 ) ;
#1392 = ORIENTED_EDGE ( 'NONE', *, *, #1617, .T. ) ;
#1393 = ORIENTED_EDGE ( 'NONE', *, *, #993, .T. ) ;
#1394 = FACE_OUTER_BOUND ( 'NONE', #3133, .T. ) ;
#1395 = CIRCLE ( 'NONE', #4046, 2.000000000000001776 ) ;
#1396 = DIRECTION ( 'NONE',  ( -0.000000000000000000, 0.000000000000000000, -1.000000000000000000 ) ) ;
#1397 = DIRECTION ( 'NONE',  ( 0.000000000000000000, 0.000000000000000000, -1.000000000000000000 ) ) ;
#1398 = AXIS2_PLACEMENT_3D ( 'NONE', #1426, #516, #130 ) ;
#1399 = VERTEX_POINT ( 'NONE', #148 ) ;
#1400 = CARTESIAN_POINT ( 'NONE',  ( -1.500000000000000000, -184.0000000000000000, 90.00000000000001421 ) ) ;
#1401 = EDGE_CURVE ( 'NONE', #2551, #1886, #1008, .T. ) ;
#1402 = LINE ( 'NONE', #3273, #930 ) ;
#1403 = VECTOR ( 'NONE', #1653, 1000.000000000000000 ) ;
#1404 = CARTESIAN_POINT ( 'NONE',  ( 1.500000000000000000, 150.0000000000000000, 55.00000000000000000 ) ) ;
#1405 = ORIENTED_EDGE ( 'NONE', *, *, #1836, .T. ) ;
#1406 = VECTOR ( 'NONE', #2757, 1000.000000000000000 ) ;
#1407 = AXIS2_PLACEMENT_3D ( 'NONE', #2727, #1544, #1187 ) ;
#1408 = LINE ( 'NONE', #1778, #607 ) ;
#1409 = ADVANCED_FACE ( 'NONE', ( #2674 ), #2373, .F. ) ;
#1410 = ORIENTED_EDGE ( 'NONE', *, *, #110, .T. ) ;
#1411 = DIRECTION ( 'NONE',  ( 1.000000000000000000, 0.000000000000000000, -0.000000000000000000 ) ) ;
#1412 = VERTEX_POINT ( 'NONE', #1757 ) ;
#1413 = FACE_BOUND ( 'NONE', #570, .T. ) ;
#1414 = EDGE_CURVE ( 'NONE', #2747, #1682, #2067, .T. ) ;
#1415 = VERTEX_POINT ( 'NONE', #493 ) ;
#1416 = ORIENTED_EDGE ( 'NONE', *, *, #1018, .T. ) ;
#1417 = CARTESIAN_POINT ( 'NONE',  ( -2.299999999999999822, -129.0000000000000000, 52.00000000000000711 ) ) ;
#1418 = CARTESIAN_POINT ( 'NONE',  ( 2.000000000000000000, -184.0000000000000000, 40.07179676972445748 ) ) ;
#1419 = ORIENTED_EDGE ( 'NONE', *, *, #3490, .F. ) ;
#1420 = CARTESIAN_POINT ( 'NONE',  ( -2.000000000000000000, 61.25000000000000000, 7.700000000000000178 ) ) ;
#1421 = DIRECTION ( 'NONE',  ( 1.000000000000000000, 0.000000000000000000, -0.000000000000000000 ) ) ;
#1422 = CIRCLE ( 'NONE', #502, 2.750000000000002665 ) ;
#1423 = CYLINDRICAL_SURFACE ( 'NONE', #2672, 1.700000000000000178 ) ;
#1424 = ORIENTED_EDGE ( 'NONE', *, *, #1256, .T. ) ;
#1425 = PERSON_AND_ORGANIZATION ( #3825, #3609 ) ;
#1426 = CARTESIAN_POINT ( 'NONE',  ( -2.000000000000000000, -173.0000000000000284, 47.00000000000000000 ) ) ;
#1427 = ORIENTED_EDGE ( 'NONE', *, *, #1084, .F. ) ;
#1428 = CARTESIAN_POINT ( 'NONE',  ( 0.000000000000000000, 163.0000000000000000, 90.00000000000000000 ) ) ;
#1429 = EDGE_LOOP ( 'NONE', ( #428, #2130, #424, #310 ) ) ;
#1430 = FACE_OUTER_BOUND ( 'NONE', #4068, .T. ) ;
#1431 = VERTEX_POINT ( 'NONE', #3582 ) ;
#1432 = EDGE_LOOP ( 'NONE', ( #347, #1204, #1393, #554 ) ) ;
#1433 = CARTESIAN_POINT ( 'NONE',  ( -2.000000000000000000, -198.0000000000000000, 24.00000000000000000 ) ) ;
#1434 = EDGE_CURVE ( 'NONE', #3408, #2397, #2735, .T. ) ;
#1435 = DIRECTION ( 'NONE',  ( 1.000000000000000000, 0.000000000000000000, 0.000000000000000000 ) ) ;
#1436 = EDGE_LOOP ( 'NONE', ( #3412, #345, #323, #3593 ) ) ;
#1437 = ADVANCED_FACE ( 'NONE', ( #3621 ), #2649, .T. ) ;
#1438 = CARTESIAN_POINT ( 'NONE',  ( 1.500000000000000000, 133.0000000000000000, 90.00000000000000000 ) ) ;
#1439 = CARTESIAN_POINT ( 'NONE',  ( -2.000000000000000000, -60.00000000000000000, 32.75000000000000000 ) ) ;
#1440 = DIRECTION ( 'NONE',  ( 1.000000000000000000, 0.000000000000000000, 0.000000000000000000 ) ) ;
#1441 = DIRECTION ( 'NONE',  ( 0.000000000000000000, 1.000000000000000000, 0.000000000000000000 ) ) ;
#1442 = DIRECTION ( 'NONE',  ( 1.000000000000000000, 0.000000000000000000, 0.000000000000000000 ) ) ;
#1443 = EDGE_CURVE ( 'NONE', #76, #563, #3196, .T. ) ;
#1444 = CARTESIAN_POINT ( 'NONE',  ( 0.000000000000000000, 124.0000000000000000, 90.00000000000000000 ) ) ;
#1445 = AXIS2_PLACEMENT_3D ( 'NONE', #714, #518, #3359 ) ;
#1446 = ORIENTED_EDGE ( 'NONE', *, *, #1628, .F. ) ;
#1447 = LINE ( 'NONE', #3692, #2777 ) ;
#1448 = ORIENTED_EDGE ( 'NONE', *, *, #1538, .T. ) ;
#1449 = DIRECTION ( 'NONE',  ( 0.000000000000000000, 0.000000000000000000, 1.000000000000000000 ) ) ;
#1450 = DIRECTION ( 'NONE',  ( 1.000000000000000000, 0.000000000000000000, 0.000000000000000000 ) ) ;
#1451 = AXIS2_PLACEMENT_3D ( 'NONE', #745, #2565, #1013 ) ;
#1452 = ORIENTED_EDGE ( 'NONE', *, *, #3684, .T. ) ;
#1453 = VECTOR ( 'NONE', #128, 1000.000000000000000 ) ;
#1454 = ORIENTED_EDGE ( 'NONE', *, *, #3300, .F. ) ;
#1455 = CARTESIAN_POINT ( 'NONE',  ( -2.299999999999999822, 163.0000000000000000, 102.0000000000000142 ) ) ;
#1456 = AXIS2_PLACEMENT_3D ( 'NONE', #3849, #1565, #2274 ) ;
#1457 = EDGE_CURVE ( 'NONE', #1254, #3618, #2814, .T. ) ;
#1458 = CARTESIAN_POINT ( 'NONE',  ( -2.299999999999999822, 60.00000000000000000, 32.75000000000000000 ) ) ;
#1459 = VERTEX_POINT ( 'NONE', #3397 ) ;
#1460 = CYLINDRICAL_SURFACE ( 'NONE', #1328, 12.99999999999999822 ) ;
#1461 = CARTESIAN_POINT ( 'NONE',  ( -2.000000000000000000, 175.0000000000000284, 100.0000000000000000 ) ) ;
#1462 = CIRCLE ( 'NONE', #999, 1.700000000000000178 ) ;
#1463 = FACE_BOUND ( 'NONE', #896, .T. ) ;
#1464 = EDGE_LOOP ( 'NONE', ( #3431, #155 ) ) ;
#1465 = VECTOR ( 'NONE', #1927, 1000.000000000000000 ) ;
#1466 = DIRECTION ( 'NONE',  ( 1.000000000000000000, 0.000000000000000000, 0.000000000000000000 ) ) ;
#1467 = COORDINATED_UNIVERSAL_TIME_OFFSET ( 8, 0, .AHEAD. ) ;
#1468 = EDGE_CURVE ( 'NONE', #1856, #2222, #2797, .T. ) ;
#1469 = CIRCLE ( 'NONE', #3790, 6.100000000000001421 ) ;
#1470 = DIRECTION ( 'NONE',  ( 0.000000000000000000, 1.000000000000000000, 0.000000000000000000 ) ) ;
#1471 = EDGE_LOOP ( 'NONE', ( #1644, #144, #3053, #2003 ) ) ;
#1472 = CARTESIAN_POINT ( 'NONE',  ( 2.000000000000000000, -61.25000000000000000, 4.299999999999999822 ) ) ;
#1473 = ORIENTED_EDGE ( 'NONE', *, *, #1538, .F. ) ;
#1474 = CARTESIAN_POINT ( 'NONE',  ( 2.000000000000000000, -60.00000000000000000, 32.75000000000000000 ) ) ;
#1475 = VECTOR ( 'NONE', #3476, 1000.000000000000000 ) ;
#1476 = VERTEX_POINT ( 'NONE', #616 ) ;
#1477 = EDGE_CURVE ( 'NONE', #4047, #3339, #925, .T. ) ;
#1478 = AXIS2_PLACEMENT_3D ( 'NONE', #3617, #468, #2996 ) ;
#1479 = VERTEX_POINT ( 'NONE', #843 ) ;
#1480 = EDGE_CURVE ( 'NONE', #3756, #232, #593, .T. ) ;
#1481 = LINE ( 'NONE', #587, #1162 ) ;
#1482 = FACE_OUTER_BOUND ( 'NONE', #1027, .T. ) ;
#1483 = VERTEX_POINT ( 'NONE', #1486 ) ;
#1484 = FACE_OUTER_BOUND ( 'NONE', #451, .T. ) ;
#1485 = DIRECTION ( 'NONE',  ( 1.000000000000000000, 0.000000000000000000, -0.000000000000000000 ) ) ;
#1486 = CARTESIAN_POINT ( 'NONE',  ( 1.500000000000000000, 114.9999999999999858, 90.00000000000000000 ) ) ;
#1487 = EDGE_LOOP ( 'NONE', ( #2098, #3219, #2825, #1665 ) ) ;
#1488 = DIRECTION ( 'NONE',  ( 0.000000000000000000, -0.000000000000000000, 1.000000000000000000 ) ) ;
#1489 = CARTESIAN_POINT ( 'NONE',  ( 0.000000000000000000, 145.0000000000000000, 94.00000000000000000 ) ) ;
#1490 = EDGE_LOOP ( 'NONE', ( #542, #149 ) ) ;
#1491 = PLANE ( 'NONE',  #4031 ) ;
#1492 = LINE ( 'NONE', #1161, #3779 ) ;
#1493 = EDGE_CURVE ( 'NONE', #3408, #3622, #2459, .T. ) ;
#1494 = LOCAL_TIME ( 16, 21, 32.00000000000000000, #3669 ) ;
#1495 = DIRECTION ( 'NONE',  ( 1.000000000000000000, 0.000000000000000000, -0.000000000000000000 ) ) ;
#1496 = ORIENTED_EDGE ( 'NONE', *, *, #507, .T. ) ;
#1497 = ORIENTED_EDGE ( 'NONE', *, *, #4084, .F. ) ;
#1498 = DIRECTION ( 'NONE',  ( -1.000000000000000000, -0.000000000000000000, 0.000000000000000000 ) ) ;
#1499 = EDGE_CURVE ( 'NONE', #3398, #1511, #1934, .T. ) ;
#1500 = DIRECTION ( 'NONE',  ( 1.000000000000000000, 0.000000000000000000, -0.000000000000000000 ) ) ;
#1501 = ORIENTED_EDGE ( 'NONE', *, *, #1577, .T. ) ;
#1502 = PLANE ( 'NONE',  #1925 ) ;
#1503 = LINE ( 'NONE', #1793, #142 ) ;
#1504 = FACE_BOUND ( 'NONE', #3117, .T. ) ;
#1505 = VERTEX_POINT ( 'NONE', #3999 ) ;
#1506 = DIRECTION ( 'NONE',  ( 0.000000000000000000, 0.000000000000000000, -1.000000000000000000 ) ) ;
#1507 = EDGE_CURVE ( 'NONE', #2551, #3263, #1523, .T. ) ;
#1508 = DIRECTION ( 'NONE',  ( 1.000000000000000000, 0.000000000000000000, 0.000000000000000000 ) ) ;
#1509 = EDGE_LOOP ( 'NONE', ( #3386, #1273 ) ) ;
#1510 = CARTESIAN_POINT ( 'NONE',  ( 2.000000000000000000, 84.99999999999998579, 100.0000000000000000 ) ) ;
#1511 = VERTEX_POINT ( 'NONE', #3687 ) ;
#1512 = CARTESIAN_POINT ( 'NONE',  ( -2.000000000000000000, -173.0000000000000284, 47.00000000000000000 ) ) ;
#1513 = VECTOR ( 'NONE', #3733, 1000.000000000000000 ) ;
#1514 = ORIENTED_EDGE ( 'NONE', *, *, #1477, .T. ) ;
#1515 = VERTEX_POINT ( 'NONE', #2190 ) ;
#1516 = CYLINDRICAL_SURFACE ( 'NONE', #3474, 5.100000000000000533 ) ;
#1517 = CIRCLE ( 'NONE', #2377, 2.000000000000001776 ) ;
#1518 = LINE ( 'NONE', #1790, #685 ) ;
#1519 = EDGE_LOOP ( 'NONE', ( #3317, #2223, #669, #1392 ) ) ;
#1520 = DIRECTION ( 'NONE',  ( 1.000000000000000000, 0.000000000000000000, 0.000000000000000000 ) ) ;
#1521 = DIRECTION ( 'NONE',  ( -1.000000000000000000, -0.000000000000000000, 0.000000000000000000 ) ) ;
#1522 = AXIS2_PLACEMENT_3D ( 'NONE', #2627, #1128, #804 ) ;
#1523 = LINE ( 'NONE', #4078, #1406 ) ;
#1524 = AXIS2_PLACEMENT_3D ( 'NONE', #519, #851, #2782 ) ;
#1525 = ORIENTED_EDGE ( 'NONE', *, *, #3343, .T. ) ;
#1526 = ADVANCED_FACE ( 'NONE', ( #1855 ), #558, .F. ) ;
#1527 = ADVANCED_FACE ( 'NONE', ( #1152 ), #1548, .F. ) ;
#1528 = DIRECTION ( 'NONE',  ( 0.000000000000000000, -1.000000000000000000, 0.000000000000000000 ) ) ;
#1529 = VECTOR ( 'NONE', #2434, 1000.000000000000000 ) ;
#1530 = DIRECTION ( 'NONE',  ( 1.000000000000000000, 0.000000000000000000, 0.000000000000000000 ) ) ;
#1531 = VERTEX_POINT ( 'NONE', #295 ) ;
#1532 = DIRECTION ( 'NONE',  ( 1.000000000000000000, 0.000000000000000000, 0.000000000000000000 ) ) ;
#1533 = AXIS2_PLACEMENT_3D ( 'NONE', #3566, #340, #111 ) ;
#1534 = CARTESIAN_POINT ( 'NONE',  ( 2.000000000000000000, 145.0000000000000000, 104.0000000000000142 ) ) ;
#1535 = DIRECTION ( 'NONE',  ( -1.000000000000000000, 0.000000000000000000, 0.000000000000000000 ) ) ;
#1536 = CIRCLE ( 'NONE', #1863, 2.000000000000001776 ) ;
#1537 = VECTOR ( 'NONE', #3652, 1000.000000000000000 ) ;
#1538 = EDGE_CURVE ( 'NONE', #2191, #1294, #576, .T. ) ;
#1539 = EDGE_LOOP ( 'NONE', ( #3330, #2965, #3435, #2311 ) ) ;
#1540 = VERTEX_POINT ( 'NONE', #1230 ) ;
#1541 = VECTOR ( 'NONE', #1337, 1000.000000000000000 ) ;
#1542 = FACE_OUTER_BOUND ( 'NONE', #2167, .T. ) ;
#1543 = AXIS2_PLACEMENT_3D ( 'NONE', #3994, #203, #3390 ) ;
#1544 = DIRECTION ( 'NONE',  ( 1.000000000000000000, 0.000000000000000000, 0.000000000000000000 ) ) ;
#1545 = EDGE_LOOP ( 'NONE', ( #1496, #2985, #4032, #488 ) ) ;
#1546 = DIRECTION ( 'NONE',  ( 0.000000000000000000, 0.000000000000000000, 1.000000000000000000 ) ) ;
#1547 = DIRECTION ( 'NONE',  ( 0.000000000000000000, 0.000000000000000000, 1.000000000000000000 ) ) ;
#1548 = CYLINDRICAL_SURFACE ( 'NONE', #3264, 5.100000000000000533 ) ;
#1549 = ORIENTED_EDGE ( 'NONE', *, *, #2759, .F. ) ;
#1550 = CARTESIAN_POINT ( 'NONE',  ( 0.000000000000000000, -60.00000000000000000, 18.00000000000000355 ) ) ;
#1551 = ADVANCED_FACE ( 'NONE', ( #867 ), #2496, .F. ) ;
#1552 = CARTESIAN_POINT ( 'NONE',  ( -2.000000000000000000, 150.0000000000000000, 55.00000000000000000 ) ) ;
#1553 = ORIENTED_EDGE ( 'NONE', *, *, #3233, .F. ) ;
#1554 = CARTESIAN_POINT ( 'NONE',  ( -2.000000000000000000, -11.53256259467079836, 24.00000000000000000 ) ) ;
#1555 = DIRECTION ( 'NONE',  ( 0.000000000000000000, -1.000000000000000000, 0.000000000000000000 ) ) ;
#1556 = VECTOR ( 'NONE', #3892, 1000.000000000000000 ) ;
#1557 = ORIENTED_EDGE ( 'NONE', *, *, #2513, .F. ) ;
#1558 =( GEOMETRIC_REPRESENTATION_CONTEXT ( 3 ) GLOBAL_UNCERTAINTY_ASSIGNED_CONTEXT ( ( #648 ) ) GLOBAL_UNIT_ASSIGNED_CONTEXT ( ( #1932, #1994, #2596 ) ) REPRESENTATION_CONTEXT ( 'NONE', 'WORKASPACE' ) );
#1559 = ORIENTED_EDGE ( 'NONE', *, *, #2100, .T. ) ;
#1560 = DIRECTION ( 'NONE',  ( 1.000000000000000000, 0.000000000000000000, 0.000000000000000000 ) ) ;
#1561 = ORIENTED_EDGE ( 'NONE', *, *, #1852, .F. ) ;
#1562 = CARTESIAN_POINT ( 'NONE',  ( -2.000000000000000000, 194.5999999999999943, 6.000000000000000000 ) ) ;
#1563 = ORIENTED_EDGE ( 'NONE', *, *, #253, .F. ) ;
#1564 = DIRECTION ( 'NONE',  ( 0.000000000000000000, 0.000000000000000000, 1.000000000000000000 ) ) ;
#1565 = DIRECTION ( 'NONE',  ( 1.000000000000000000, 0.000000000000000000, -0.000000000000000000 ) ) ;
#1566 = ADVANCED_FACE ( 'NONE', ( #3084, #1504, #2129, #3434, #3142, #3764, #1463, #3456, #2733, #3373, #532, #1796, #3063, #231, #2852, #2540, #1895, #40, #20, #984, #330, #1586, #3160, #719, #1939, #2252 ), #3520, .T. ) ;
#1567 = DIRECTION ( 'NONE',  ( 0.000000000000000000, 0.000000000000000000, -1.000000000000000000 ) ) ;
#1568 = ORIENTED_EDGE ( 'NONE', *, *, #2899, .F. ) ;
#1569 = DIRECTION ( 'NONE',  ( 1.000000000000000000, 0.000000000000000000, 0.000000000000000000 ) ) ;
#1570 = CARTESIAN_POINT ( 'NONE',  ( 1.500000000000000000, -198.0000000000000000, 0.000000000000000000 ) ) ;
#1571 = EDGE_LOOP ( 'NONE', ( #68, #3349 ) ) ;
#1572 = DIRECTION ( 'NONE',  ( 0.000000000000000000, 0.000000000000000000, -1.000000000000000000 ) ) ;
#1573 = EDGE_CURVE ( 'NONE', #1399, #2419, #81, .T. ) ;
#1574 = DIRECTION ( 'NONE',  ( 1.000000000000000000, 0.000000000000000000, 0.000000000000000000 ) ) ;
#1575 = ORIENTED_EDGE ( 'NONE', *, *, #2447, .F. ) ;
#1576 = ORIENTED_EDGE ( 'NONE', *, *, #1867, .T. ) ;
#1577 = EDGE_CURVE ( 'NONE', #713, #627, #356, .T. ) ;
#1578 = CARTESIAN_POINT ( 'NONE',  ( -2.000000000000000000, 194.5999999999999943, 16.00000000000000000 ) ) ;
#1579 = CARTESIAN_POINT ( 'NONE',  ( -2.000000000000000000, -173.0000000000000284, 49.75000000000000000 ) ) ;
#1580 = VECTOR ( 'NONE', #1839, 1000.000000000000000 ) ;
#1581 = ORIENTED_EDGE ( 'NONE', *, *, #726, .T. ) ;
#1582 = LINE ( 'NONE', #2227, #1798 ) ;
#1583 = CARTESIAN_POINT ( 'NONE',  ( 0.000000000000000000, -198.0000000000000000, 96.00000000000000000 ) ) ;
#1584 = VECTOR ( 'NONE', #3530, 1000.000000000000000 ) ;
#1585 = EDGE_CURVE ( 'NONE', #573, #733, #679, .T. ) ;
#1586 = FACE_BOUND ( 'NONE', #767, .T. ) ;
#1587 = ORIENTED_EDGE ( 'NONE', *, *, #3300, .T. ) ;
#1588 = EDGE_CURVE ( 'NONE', #2141, #3691, #421, .T. ) ;
#1589 = VECTOR ( 'NONE', #1421, 1000.000000000000000 ) ;
#1590 = CYLINDRICAL_SURFACE ( 'NONE', #3658, 13.00000000000000533 ) ;
#1591 = VERTEX_POINT ( 'NONE', #1312 ) ;
#1592 = DIRECTION ( 'NONE',  ( 0.000000000000000000, 0.000000000000000000, -1.000000000000000000 ) ) ;
#1593 = CIRCLE ( 'NONE', #2388, 2.750000000000002665 ) ;
#1594 = FACE_OUTER_BOUND ( 'NONE', #3780, .T. ) ;
#1595 = VECTOR ( 'NONE', #2360, 1000.000000000000000 ) ;
#1596 = LINE ( 'NONE', #1035, #2590 ) ;
#1597 = ORIENTED_EDGE ( 'NONE', *, *, #32, .T. ) ;
#1598 = ORIENTED_EDGE ( 'NONE', *, *, #12, .F. ) ;
#1599 = VECTOR ( 'NONE', #750, 1000.000000000000000 ) ;
#1600 = FACE_OUTER_BOUND ( 'NONE', #1372, .T. ) ;
#1601 = EDGE_CURVE ( 'NONE', #8, #2437, #3399, .T. ) ;
#1602 = ORIENTED_EDGE ( 'NONE', *, *, #872, .T. ) ;
#1603 = EDGE_CURVE ( 'NONE', #1626, #2419, #2599, .T. ) ;
#1604 = DIRECTION ( 'NONE',  ( 1.000000000000000000, 0.000000000000000000, 0.000000000000000000 ) ) ;
#1605 = CIRCLE ( 'NONE', #288, 13.00000000000000533 ) ;
#1606 = ORIENTED_EDGE ( 'NONE', *, *, #2283, .F. ) ;
#1607 = DIRECTION ( 'NONE',  ( 1.000000000000000000, 0.000000000000000000, 0.000000000000000000 ) ) ;
#1608 = LINE ( 'NONE', #350, #2657 ) ;
#1609 = VECTOR ( 'NONE', #270, 1000.000000000000000 ) ;
#1610 = LINE ( 'NONE', #3874, #882 ) ;
#1611 = EDGE_LOOP ( 'NONE', ( #2266, #2841 ) ) ;
#1612 = CARTESIAN_POINT ( 'NONE',  ( 2.000000000000000000, -173.0000000000000284, 47.00000000000000000 ) ) ;
#1613 = DIRECTION ( 'NONE',  ( 1.000000000000000000, 0.000000000000000000, 0.000000000000000000 ) ) ;
#1614 = CYLINDRICAL_SURFACE ( 'NONE', #2799, 2.000000000000001776 ) ;
#1615 = DIRECTION ( 'NONE',  ( 0.000000000000000000, 0.000000000000000000, 1.000000000000000000 ) ) ;
#1616 = CARTESIAN_POINT ( 'NONE',  ( -2.000000000000000000, -129.0000000000000000, 57.10000000000000142 ) ) ;
#1617 = EDGE_CURVE ( 'NONE', #3364, #1996, #3185, .T. ) ;
#1618 = PLANE ( 'NONE',  #2728 ) ;
#1619 = ORIENTED_EDGE ( 'NONE', *, *, #783, .T. ) ;
#1620 = EDGE_CURVE ( 'NONE', #3978, #1591, #2667, .T. ) ;
#1621 = EDGE_LOOP ( 'NONE', ( #1338, #474 ) ) ;
#1622 = VECTOR ( 'NONE', #3141, 1000.000000000000000 ) ;
#1623 = CARTESIAN_POINT ( 'NONE',  ( 1.500000000000000000, 145.0000000000000000, 94.00000000000000000 ) ) ;
#1624 = AXIS2_PLACEMENT_3D ( 'NONE', #2471, #2749, #2809 ) ;
#1625 = DIRECTION ( 'NONE',  ( 0.000000000000000000, 0.000000000000000000, -1.000000000000000000 ) ) ;
#1626 = VERTEX_POINT ( 'NONE', #2295 ) ;
#1627 = CARTESIAN_POINT ( 'NONE',  ( 0.000000000000000000, -198.0000000000000000, 24.00000000000000000 ) ) ;
#1628 = EDGE_CURVE ( 'NONE', #434, #1057, #1610, .T. ) ;
#1629 = DIRECTION ( 'NONE',  ( -1.000000000000000000, 0.000000000000000000, -0.000000000000000000 ) ) ;
#1630 = DIRECTION ( 'NONE',  ( -1.000000000000000000, -0.000000000000000000, -0.000000000000000000 ) ) ;
#1631 = VERTEX_POINT ( 'NONE', #389 ) ;
#1632 = CARTESIAN_POINT ( 'NONE',  ( -2.299999999999999822, 72.09999999999999432, 18.25000000000000355 ) ) ;
#1633 = CARTESIAN_POINT ( 'NONE',  ( -2.299999999999999822, -72.09999999999999432, 16.00000000000000000 ) ) ;
#1634 = CARTESIAN_POINT ( 'NONE',  ( -2.000000000000000000, -60.00000000000000000, 43.00000000000000000 ) ) ;
#1635 = FACE_OUTER_BOUND ( 'NONE', #2413, .T. ) ;
#1636 = CARTESIAN_POINT ( 'NONE',  ( 2.000000000000000000, -48.46743740532919986, 24.00000000000000000 ) ) ;
#1637 = CARTESIAN_POINT ( 'NONE',  ( -2.000000000000000000, -122.0000000000000000, 90.00000000000001421 ) ) ;
#1638 = ORIENTED_EDGE ( 'NONE', *, *, #583, .T. ) ;
#1639 = VERTEX_POINT ( 'NONE', #1980 ) ;
#1640 = DIRECTION ( 'NONE',  ( 0.000000000000000000, 0.000000000000000000, 1.000000000000000000 ) ) ;
#1641 = CC_DESIGN_PERSON_AND_ORGANIZATION_ASSIGNMENT ( #2421, #3356, ( #3674 ) ) ;
#1642 = ORIENTED_EDGE ( 'NONE', *, *, #3698, .F. ) ;
#1643 = DIRECTION ( 'NONE',  ( 1.000000000000000000, 0.000000000000000000, -0.000000000000000000 ) ) ;
#1644 = ORIENTED_EDGE ( 'NONE', *, *, #3921, .T. ) ;
#1645 = DIRECTION ( 'NONE',  ( 0.000000000000000000, 0.000000000000000000, 1.000000000000000000 ) ) ;
#1646 = FACE_OUTER_BOUND ( 'NONE', #2432, .T. ) ;
#1647 = CARTESIAN_POINT ( 'NONE',  ( 0.000000000000000000, 163.0000000000000000, 94.00000000000000000 ) ) ;
#1648 = EDGE_LOOP ( 'NONE', ( #3903, #4072, #849, #2729 ) ) ;
#1649 = DIRECTION ( 'NONE',  ( -1.000000000000000000, -0.000000000000000000, 0.000000000000000000 ) ) ;
#1650 = DIRECTION ( 'NONE',  ( 0.000000000000000000, 0.000000000000000000, -1.000000000000000000 ) ) ;
#1651 = VECTOR ( 'NONE', #1745, 1000.000000000000000 ) ;
#1652 = EDGE_CURVE ( 'NONE', #3925, #170, #2877, .T. ) ;
#1653 = DIRECTION ( 'NONE',  ( 0.000000000000000000, 0.000000000000000000, 1.000000000000000000 ) ) ;
#1654 = AXIS2_PLACEMENT_3D ( 'NONE', #90, #109, #2885 ) ;
#1655 = DIRECTION ( 'NONE',  ( 1.000000000000000000, 0.000000000000000000, 0.000000000000000000 ) ) ;
#1656 = EDGE_CURVE ( 'NONE', #2734, #4082, #2918, .T. ) ;
#1657 = CARTESIAN_POINT ( 'NONE',  ( 1.500000000000000000, 150.0000000000000000, 55.00000000000000000 ) ) ;
#1658 = AXIS2_PLACEMENT_3D ( 'NONE', #471, #2087, #491 ) ;
#1659 = FACE_OUTER_BOUND ( 'NONE', #775, .T. ) ;
#1660 = ORIENTED_EDGE ( 'NONE', *, *, #1813, .F. ) ;
#1661 = VECTOR ( 'NONE', #2900, 1000.000000000000000 ) ;
#1662 = ORIENTED_EDGE ( 'NONE', *, *, #3362, .T. ) ;
#1663 = ADVANCED_FACE ( 'NONE', ( #2604 ), #3850, .F. ) ;
#1664 = ORIENTED_EDGE ( 'NONE', *, *, #192, .T. ) ;
#1665 = ORIENTED_EDGE ( 'NONE', *, *, #3223, .T. ) ;
#1666 = AXIS2_PLACEMENT_3D ( 'NONE', #3923, #2964, #3316 ) ;
#1667 = CARTESIAN_POINT ( 'NONE',  ( 2.000000000000000000, -61.25000000000000000, 18.25000000000000355 ) ) ;
#1668 = FACE_OUTER_BOUND ( 'NONE', #1748, .T. ) ;
#1669 = VECTOR ( 'NONE', #1530, 1000.000000000000000 ) ;
#1670 = LINE ( 'NONE', #2390, #550 ) ;
#1671 = EDGE_LOOP ( 'NONE', ( #1747, #2651, #4, #2635 ) ) ;
#1672 = EDGE_CURVE ( 'NONE', #1102, #599, #2832, .T. ) ;
#1673 = DIRECTION ( 'NONE',  ( 1.000000000000000000, 0.000000000000000000, -0.000000000000000000 ) ) ;
#1674 = AXIS2_PLACEMENT_3D ( 'NONE', #3022, #2008, #3976 ) ;
#1675 = LINE ( 'NONE', #2006, #1589 ) ;
#1676 = CIRCLE ( 'NONE', #95, 2.250000000000000444 ) ;
#1677 = CARTESIAN_POINT ( 'NONE',  ( 2.000000000000000000, -150.0000000000000000, 48.89999999999999858 ) ) ;
#1678 = CARTESIAN_POINT ( 'NONE',  ( -2.000000000000000000, -72.09999999999999432, 16.00000000000000000 ) ) ;
#1679 = CARTESIAN_POINT ( 'NONE',  ( 2.000000000000000000, -129.0000000000000000, 57.10000000000000142 ) ) ;
#1680 = ADVANCED_FACE ( 'NONE', ( #3788 ), #947, .T. ) ;
#1681 = CARTESIAN_POINT ( 'NONE',  ( 2.000000000000000000, 210.0000000000000000, 108.0000000000000000 ) ) ;
#1682 = VERTEX_POINT ( 'NONE', #3329 ) ;
#1683 = ORIENTED_EDGE ( 'NONE', *, *, #430, .F. ) ;
#1684 = DATE_AND_TIME ( #847, #3680 ) ;
#1685 = EDGE_LOOP ( 'NONE', ( #3776, #1561, #2202, #282 ) ) ;
#1686 = VERTEX_POINT ( 'NONE', #759 ) ;
#1687 = DIRECTION ( 'NONE',  ( 0.000000000000000000, 1.000000000000000000, 0.000000000000000000 ) ) ;
#1688 = LINE ( 'NONE', #1104, #3810 ) ;
#1689 = AXIS2_PLACEMENT_3D ( 'NONE', #1455, #1809, #1847 ) ;
#1690 = DIRECTION ( 'NONE',  ( -1.000000000000000000, -0.000000000000000000, 0.000000000000000000 ) ) ;
#1691 = ORIENTED_EDGE ( 'NONE', *, *, #1889, .F. ) ;
#1692 = AXIS2_PLACEMENT_3D ( 'NONE', #1240, #3154, #3844 ) ;
#1693 = DIRECTION ( 'NONE',  ( -1.000000000000000000, -0.000000000000000000, 0.000000000000000000 ) ) ;
#1694 = FACE_OUTER_BOUND ( 'NONE', #901, .T. ) ;
#1695 = EDGE_CURVE ( 'NONE', #751, #1682, #487, .T. ) ;
#1696 = CARTESIAN_POINT ( 'NONE',  ( 2.000000000000000000, -61.25000000000000000, 16.00000000000000000 ) ) ;
#1697 = ORIENTED_EDGE ( 'NONE', *, *, #3343, .F. ) ;
#1698 = CARTESIAN_POINT ( 'NONE',  ( 2.000000000000000000, 114.9999999999999858, 100.0000000000000000 ) ) ;
#1699 = DIRECTION ( 'NONE',  ( -0.000000000000000000, 1.000000000000000000, 0.000000000000000000 ) ) ;
#1700 = ORIENTED_EDGE ( 'NONE', *, *, #3055, .F. ) ;
#1701 = ADVANCED_FACE ( 'NONE', ( #800 ), #3635, .F. ) ;
#1702 = VERTEX_POINT ( 'NONE', #821 ) ;
#1703 = CARTESIAN_POINT ( 'NONE',  ( -1.500000000000000000, -198.0000000000000000, 0.000000000000000000 ) ) ;
#1704 = ORIENTED_EDGE ( 'NONE', *, *, #919, .F. ) ;
#1705 = EDGE_CURVE ( 'NONE', #3339, #1856, #1670, .T. ) ;
#1706 = ORIENTED_EDGE ( 'NONE', *, *, #3698, .T. ) ;
#1707 = DIRECTION ( 'NONE',  ( 0.000000000000000000, 0.000000000000000000, 1.000000000000000000 ) ) ;
#1708 = LINE ( 'NONE', #2973, #2015 ) ;
#1709 = CYLINDRICAL_SURFACE ( 'NONE', #3200, 6.100000000000001421 ) ;
#1710 = ORIENTED_EDGE ( 'NONE', *, *, #1109, .F. ) ;
#1711 = DIRECTION ( 'NONE',  ( 1.000000000000000000, 0.000000000000000000, -0.000000000000000000 ) ) ;
#1712 = CARTESIAN_POINT ( 'NONE',  ( -2.000000000000000000, 72.09999999999999432, 6.000000000000000000 ) ) ;
#1713 = EDGE_CURVE ( 'NONE', #2272, #21, #2532, .T. ) ;
#1714 = CIRCLE ( 'NONE', #3372, 13.00000000000000533 ) ;
#1715 = ADVANCED_FACE ( 'NONE', ( #409 ), #1085, .F. ) ;
#1716 = DIRECTION ( 'NONE',  ( 0.000000000000000000, 0.000000000000000000, -1.000000000000000000 ) ) ;
#1717 = EDGE_LOOP ( 'NONE', ( #3152, #3818, #1819, #3841 ) ) ;
#1718 = CIRCLE ( 'NONE', #1316, 13.00000000000000178 ) ;
#1719 = ADVANCED_FACE ( 'NONE', ( #2687 ), #2060, .T. ) ;
#1720 = AXIS2_PLACEMENT_3D ( 'NONE', #1195, #3766, #2132 ) ;
#1721 = DIRECTION ( 'NONE',  ( 0.000000000000000000, 0.000000000000000000, -1.000000000000000000 ) ) ;
#1722 = EDGE_LOOP ( 'NONE', ( #1822, #528, #3666, #2108 ) ) ;
#1723 = DIRECTION ( 'NONE',  ( 1.000000000000000000, 0.000000000000000000, 0.000000000000000000 ) ) ;
#1724 = ORIENTED_EDGE ( 'NONE', *, *, #490, .F. ) ;
#1725 = LINE ( 'NONE', #3927, #2115 ) ;
#1726 = AXIS2_PLACEMENT_3D ( 'NONE', #2064, #147, #2355 ) ;
#1727 = AXIS2_PLACEMENT_3D ( 'NONE', #257, #1449, #3985 ) ;
#1728 = ORIENTED_EDGE ( 'NONE', *, *, #1154, .F. ) ;
#1729 = EDGE_LOOP ( 'NONE', ( #290, #1092 ) ) ;
#1730 = VECTOR ( 'NONE', #2084, 1000.000000000000000 ) ;
#1731 = CARTESIAN_POINT ( 'NONE',  ( 0.000000000000000000, 0.000000000000000000, 96.00000000000000000 ) ) ;
#1732 = EDGE_CURVE ( 'NONE', #3931, #1981, #749, .T. ) ;
#1733 = LINE ( 'NONE', #2705, #753 ) ;
#1734 = AXIS2_PLACEMENT_3D ( 'NONE', #3170, #3258, #380 ) ;
#1735 = EDGE_LOOP ( 'NONE', ( #2919, #226 ) ) ;
#1736 = CARTESIAN_POINT ( 'NONE',  ( -2.000000000000000000, -184.0000000000000000, 18.00000000000000355 ) ) ;
#1737 = LINE ( 'NONE', #168, #2518 ) ;
#1738 = CIRCLE ( 'NONE', #1136, 2.749999999999999112 ) ;
#1739 = LINE ( 'NONE', #2396, #482 ) ;
#1740 = VERTEX_POINT ( 'NONE', #3018 ) ;
#1741 = CARTESIAN_POINT ( 'NONE',  ( -2.000000000000000000, 0.000000000000000000, 104.0000000000000142 ) ) ;
#1742 = ORIENTED_EDGE ( 'NONE', *, *, #3954, .T. ) ;
#1743 = PLANE ( 'NONE',  #1445 ) ;
#1744 = ORIENTED_EDGE ( 'NONE', *, *, #3467, .T. ) ;
#1745 = DIRECTION ( 'NONE',  ( 0.000000000000000000, 0.000000000000000000, -1.000000000000000000 ) ) ;
#1746 = EDGE_CURVE ( 'NONE', #3085, #2711, #1011, .T. ) ;
#1747 = ORIENTED_EDGE ( 'NONE', *, *, #3362, .F. ) ;
#1748 = EDGE_LOOP ( 'NONE', ( #2265, #794, #3642, #2478 ) ) ;
#1749 = DIRECTION ( 'NONE',  ( 0.000000000000000000, 0.000000000000000000, 1.000000000000000000 ) ) ;
#1750 = DIRECTION ( 'NONE',  ( 0.000000000000000000, 0.000000000000000000, 1.000000000000000000 ) ) ;
#1751 = ORIENTED_EDGE ( 'NONE', *, *, #2670, .T. ) ;
#1752 = EDGE_CURVE ( 'NONE', #2569, #3461, #1733, .T. ) ;
#1753 = CARTESIAN_POINT ( 'NONE',  ( -2.000000000000000000, 163.0000000000000000, 102.0000000000000142 ) ) ;
#1754 = AXIS2_PLACEMENT_3D ( 'NONE', #2875, #79, #3785 ) ;
#1755 = CARTESIAN_POINT ( 'NONE',  ( 0.000000000000000000, -122.0000000000000000, 90.00000000000001421 ) ) ;
#1756 = VECTOR ( 'NONE', #1287, 1000.000000000000000 ) ;
#1757 = CARTESIAN_POINT ( 'NONE',  ( -2.000000000000000000, 194.5999999999999943, 13.75000000000000000 ) ) ;
#1758 = ORIENTED_EDGE ( 'NONE', *, *, #993, .F. ) ;
#1759 = PERSON_AND_ORGANIZATION ( #3825, #3609 ) ;
#1760 = CARTESIAN_POINT ( 'NONE',  ( 2.000000000000000000, 60.00000000000000000, 30.00000000000000000 ) ) ;
#1761 = ORIENTED_EDGE ( 'NONE', *, *, #4021, .F. ) ;
#1762 = DIRECTION ( 'NONE',  ( -1.000000000000000000, -0.000000000000000000, 0.000000000000000000 ) ) ;
#1763 = CARTESIAN_POINT ( 'NONE',  ( 0.000000000000000000, 163.0000000000000000, 100.0000000000000000 ) ) ;
#1764 = CYLINDRICAL_SURFACE ( 'NONE', #202, 2.250000000000000444 ) ;
#1765 = ADVANCED_FACE ( 'NONE', ( #2368 ), #3912, .T. ) ;
#1766 = VERTEX_POINT ( 'NONE', #1418 ) ;
#1767 = ORIENTED_EDGE ( 'NONE', *, *, #3494, .F. ) ;
#1768 = CARTESIAN_POINT ( 'NONE',  ( -1.500000000000000000, 163.0000000000000000, 94.00000000000000000 ) ) ;
#1769 = DIRECTION ( 'NONE',  ( -1.000000000000000000, -0.000000000000000000, -0.000000000000000000 ) ) ;
#1770 = ORIENTED_EDGE ( 'NONE', *, *, #3097, .F. ) ;
#1771 = DIRECTION ( 'NONE',  ( 1.000000000000000000, 0.000000000000000000, -0.000000000000000000 ) ) ;
#1772 = DIRECTION ( 'NONE',  ( -1.000000000000000000, -0.000000000000000000, 0.000000000000000000 ) ) ;
#1773 = CARTESIAN_POINT ( 'NONE',  ( 2.000000000000000000, 210.0000000000000000, 0.000000000000000000 ) ) ;
#1774 = ORIENTED_EDGE ( 'NONE', *, *, #3778, .T. ) ;
#1775 = DATE_TIME_ROLE ( 'classification_date' ) ;
#1776 = ADVANCED_FACE ( 'NONE', ( #3952 ), #3288, .T. ) ;
#1777 = EDGE_CURVE ( 'NONE', #1540, #3259, #450, .T. ) ;
#1778 = CARTESIAN_POINT ( 'NONE',  ( -1.500000000000000000, -60.00000000000000000, 0.000000000000000000 ) ) ;
#1779 = AXIS2_PLACEMENT_3D ( 'NONE', #174, #3672, #217 ) ;
#1780 = EDGE_LOOP ( 'NONE', ( #1993, #3588, #2487, #1106 ) ) ;
#1781 = LINE ( 'NONE', #1428, #3570 ) ;
#1782 = ORIENTED_EDGE ( 'NONE', *, *, #3377, .F. ) ;
#1783 = CARTESIAN_POINT ( 'NONE',  ( 2.000000000000000000, 103.0000000000000142, 100.0000000000000000 ) ) ;
#1784 = VECTOR ( 'NONE', #1051, 1000.000000000000000 ) ;
#1785 = ORIENTED_EDGE ( 'NONE', *, *, #2628, .F. ) ;
#1786 = AXIS2_PLACEMENT_3D ( 'NONE', #3276, #3979, #2693 ) ;
#1787 = ORIENTED_EDGE ( 'NONE', *, *, #1998, .T. ) ;
#1788 = DIRECTION ( 'NONE',  ( 1.000000000000000000, 0.000000000000000000, 0.000000000000000000 ) ) ;
#1789 = CIRCLE ( 'NONE', #1921, 2.000000000000001776 ) ;
#1790 = CARTESIAN_POINT ( 'NONE',  ( 1.500000000000000000, 0.000000000000000000, 90.00000000000000000 ) ) ;
#1791 = ORIENTED_EDGE ( 'NONE', *, *, #743, .T. ) ;
#1792 = CARTESIAN_POINT ( 'NONE',  ( 2.000000000000000000, -184.0000000000000000, 18.00000000000000355 ) ) ;
#1793 = CARTESIAN_POINT ( 'NONE',  ( 1.500000000000000000, -60.00000000000000000, 0.000000000000000000 ) ) ;
#1794 = VECTOR ( 'NONE', #1520, 1000.000000000000000 ) ;
#1795 = ADVANCED_FACE ( 'NONE', ( #1375 ), #1709, .F. ) ;
#1796 = FACE_BOUND ( 'NONE', #1621, .T. ) ;
#1797 = VERTEX_POINT ( 'NONE', #2668 ) ;
#1798 = VECTOR ( 'NONE', #3932, 1000.000000000000000 ) ;
#1799 = DIRECTION ( 'NONE',  ( 0.000000000000000000, -1.000000000000000000, -0.000000000000000000 ) ) ;
#1800 = AXIS2_PLACEMENT_3D ( 'NONE', #1552, #300, #2110 ) ;
#1801 = FACE_OUTER_BOUND ( 'NONE', #1780, .T. ) ;
#1802 = VERTEX_POINT ( 'NONE', #3934 ) ;
#1803 = CARTESIAN_POINT ( 'NONE',  ( 1.500000000000000000, -184.0000000000000000, 0.000000000000000000 ) ) ;
#1804 = ORIENTED_EDGE ( 'NONE', *, *, #3140, .F. ) ;
#1805 = CARTESIAN_POINT ( 'NONE',  ( 1.500000000000000000, 0.000000000000000000, 24.00000000000000000 ) ) ;
#1806 = AXIS2_PLACEMENT_3D ( 'NONE', #656, #56, #1963 ) ;
#1807 = ORIENTED_EDGE ( 'NONE', *, *, #2936, .T. ) ;
#1808 = EDGE_LOOP ( 'NONE', ( #2638, #3832, #877, #94 ) ) ;
#1809 = DIRECTION ( 'NONE',  ( 1.000000000000000000, 0.000000000000000000, 0.000000000000000000 ) ) ;
#1810 = CARTESIAN_POINT ( 'NONE',  ( -2.000000000000000000, 61.25000000000000000, 6.000000000000000000 ) ) ;
#1811 = ORIENTED_EDGE ( 'NONE', *, *, #1746, .T. ) ;
#1812 = CARTESIAN_POINT ( 'NONE',  ( 0.000000000000000000, 133.0000000000000000, 90.00000000000000000 ) ) ;
#1813 = EDGE_CURVE ( 'NONE', #1702, #3177, #2806, .T. ) ;
#1814 = PLANE ( 'NONE',  #597 ) ;
#1815 = DIRECTION ( 'NONE',  ( 1.000000000000000000, 0.000000000000000000, 0.000000000000000000 ) ) ;
#1816 = ORIENTED_EDGE ( 'NONE', *, *, #2681, .F. ) ;
#1817 = LINE ( 'NONE', #1155, #3708 ) ;
#1818 = DIRECTION ( 'NONE',  ( 0.000000000000000000, 0.000000000000000000, 1.000000000000000000 ) ) ;
#1819 = ORIENTED_EDGE ( 'NONE', *, *, #3594, .T. ) ;
#1820 = DIRECTION ( 'NONE',  ( 1.000000000000000000, 0.000000000000000000, -0.000000000000000000 ) ) ;
#1821 = EDGE_LOOP ( 'NONE', ( #283, #69, #2634, #2490 ) ) ;
#1822 = ORIENTED_EDGE ( 'NONE', *, *, #1044, .F. ) ;
#1823 = DIRECTION ( 'NONE',  ( 1.000000000000000000, 0.000000000000000000, 0.000000000000000000 ) ) ;
#1824 = VERTEX_POINT ( 'NONE', #1105 ) ;
#1825 = VERTEX_POINT ( 'NONE', #3742 ) ;
#1826 = CARTESIAN_POINT ( 'NONE',  ( 1.500000000000000000, 84.99999999999998579, 90.00000000000000000 ) ) ;
#1827 = EDGE_CURVE ( 'NONE', #646, #3935, #3332, .T. ) ;
#1828 = EDGE_CURVE ( 'NONE', #3598, #3756, #3799, .T. ) ;
#1829 = LINE ( 'NONE', #1458, #2739 ) ;
#1830 = ORIENTED_EDGE ( 'NONE', *, *, #1221, .F. ) ;
#1831 = CARTESIAN_POINT ( 'NONE',  ( 0.000000000000000000, 0.000000000000000000, 24.00000000000000000 ) ) ;
#1832 = DIRECTION ( 'NONE',  ( 0.000000000000000000, 0.000000000000000000, 1.000000000000000000 ) ) ;
#1833 = DIRECTION ( 'NONE',  ( 0.000000000000000000, 0.000000000000000000, 1.000000000000000000 ) ) ;
#1834 = VERTEX_POINT ( 'NONE', #4071 ) ;
#1835 = DIRECTION ( 'NONE',  ( 0.000000000000000000, 0.000000000000000000, -1.000000000000000000 ) ) ;
#1836 = EDGE_CURVE ( 'NONE', #646, #1928, #1829, .T. ) ;
#1837 = DIRECTION ( 'NONE',  ( 0.000000000000000000, -1.000000000000000000, 0.000000000000000000 ) ) ;
#1838 = ORIENTED_EDGE ( 'NONE', *, *, #1285, .F. ) ;
#1839 = DIRECTION ( 'NONE',  ( 1.000000000000000000, 0.000000000000000000, 0.000000000000000000 ) ) ;
#1840 = LINE ( 'NONE', #3561, #2258 ) ;
#1841 = CARTESIAN_POINT ( 'NONE',  ( 0.000000000000000000, 154.0000000000000000, 100.0000000000000000 ) ) ;
#1842 = CIRCLE ( 'NONE', #2372, 2.250000000000001776 ) ;
#1843 = ORIENTED_EDGE ( 'NONE', *, *, #371, .F. ) ;
#1844 = ADVANCED_FACE ( 'NONE', ( #4014 ), #2472, .F. ) ;
#1845 = ORIENTED_EDGE ( 'NONE', *, *, #1652, .T. ) ;
#1846 = CIRCLE ( 'NONE', #2509, 2.000000000000001776 ) ;
#1847 = DIRECTION ( 'NONE',  ( 0.000000000000000000, 0.000000000000000000, -1.000000000000000000 ) ) ;
#1848 = CIRCLE ( 'NONE', #2714, 12.99999999999999822 ) ;
#1849 = DIRECTION ( 'NONE',  ( 0.000000000000000000, 0.000000000000000000, 1.000000000000000000 ) ) ;
#1850 = VERTEX_POINT ( 'NONE', #3721 ) ;
#1851 = LINE ( 'NONE', #1792, #2193 ) ;
#1852 = EDGE_CURVE ( 'NONE', #1479, #276, #1518, .T. ) ;
#1853 = DIRECTION ( 'NONE',  ( -1.000000000000000000, -0.000000000000000000, -0.000000000000000000 ) ) ;
#1854 = AXIS2_PLACEMENT_3D ( 'NONE', #1251, #1984, #703 ) ;
#1855 = FACE_OUTER_BOUND ( 'NONE', #797, .T. ) ;
#1856 = VERTEX_POINT ( 'NONE', #1168 ) ;
#1857 = DIRECTION ( 'NONE',  ( 0.000000000000000000, 0.000000000000000000, -1.000000000000000000 ) ) ;
#1858 = CARTESIAN_POINT ( 'NONE',  ( 1.500000000000000000, 0.000000000000000000, 90.00000000000000000 ) ) ;
#1859 = EDGE_LOOP ( 'NONE', ( #219, #3040, #1047, #2792 ) ) ;
#1860 = CARTESIAN_POINT ( 'NONE',  ( -1.500000000000000000, -198.0000000000000000, 96.00000000000000000 ) ) ;
#1861 = AXIS2_PLACEMENT_3D ( 'NONE', #3338, #2984, #1721 ) ;
#1862 = CARTESIAN_POINT ( 'NONE',  ( -2.299999999999999822, -91.85246629291785325, 29.52644355067057802 ) ) ;
#1863 = AXIS2_PLACEMENT_3D ( 'NONE', #3045, #4002, #477 ) ;
#1864 = ORIENTED_EDGE ( 'NONE', *, *, #4094, .T. ) ;
#1865 = ORIENTED_EDGE ( 'NONE', *, *, #1903, .T. ) ;
#1866 = AXIS2_PLACEMENT_3D ( 'NONE', #3597, #101, #2022 ) ;
#1867 = EDGE_CURVE ( 'NONE', #2982, #2238, #903, .T. ) ;
#1868 = CARTESIAN_POINT ( 'NONE',  ( 0.000000000000000000, -198.0000000000000000, 24.00000000000000000 ) ) ;
#1869 = ADVANCED_FACE ( 'NONE', ( #885 ), #1226, .F. ) ;
#1870 = AXIS2_PLACEMENT_3D ( 'NONE', #3203, #3449, #3137 ) ;
#1871 = DIRECTION ( 'NONE',  ( -1.000000000000000000, -0.000000000000000000, 0.000000000000000000 ) ) ;
#1872 = ORIENTED_EDGE ( 'NONE', *, *, #640, .T. ) ;
#1873 = DIRECTION ( 'NONE',  ( 1.000000000000000000, 0.000000000000000000, 0.000000000000000000 ) ) ;
#1874 = CARTESIAN_POINT ( 'NONE',  ( -1.500000000000000000, -184.0000000000000000, 40.07179676972445748 ) ) ;
#1875 = EDGE_CURVE ( 'NONE', #3465, #3651, #1676, .T. ) ;
#1876 = DIRECTION ( 'NONE',  ( 0.000000000000000000, 0.000000000000000000, -1.000000000000000000 ) ) ;
#1877 = ORIENTED_EDGE ( 'NONE', *, *, #1280, .T. ) ;
#1878 = CARTESIAN_POINT ( 'NONE',  ( -2.299999999999999822, 194.5999999999999943, 16.00000000000000000 ) ) ;
#1879 = EDGE_CURVE ( 'NONE', #381, #2616, #228, .T. ) ;
#1880 = DIRECTION ( 'NONE',  ( 0.000000000000000000, 0.000000000000000000, -1.000000000000000000 ) ) ;
#1881 = ORIENTED_EDGE ( 'NONE', *, *, #191, .T. ) ;
#1882 = LINE ( 'NONE', #3770, #1580 ) ;
#1883 = DIRECTION ( 'NONE',  ( 0.000000000000000000, 1.000000000000000000, 0.000000000000000000 ) ) ;
#1884 = EDGE_LOOP ( 'NONE', ( #2669, #1838, #663, #199 ) ) ;
#1885 = CC_DESIGN_APPROVAL ( #1947, ( #3674 ) ) ;
#1886 = VERTEX_POINT ( 'NONE', #3760 ) ;
#1887 = EDGE_CURVE ( 'NONE', #381, #546, #3056, .T. ) ;
#1888 = CARTESIAN_POINT ( 'NONE',  ( -2.299999999999999822, -194.5999999999999943, 16.00000000000000000 ) ) ;
#1889 = EDGE_CURVE ( 'NONE', #1399, #936, #160, .T. ) ;
#1890 = VERTEX_POINT ( 'NONE', #1148 ) ;
#1891 = DIRECTION ( 'NONE',  ( 0.000000000000000000, 0.000000000000000000, 1.000000000000000000 ) ) ;
#1892 = EDGE_LOOP ( 'NONE', ( #1115, #2702, #2091, #3801 ) ) ;
#1893 = DIRECTION ( 'NONE',  ( -1.000000000000000000, -0.000000000000000000, 0.000000000000000000 ) ) ;
#1894 = DIRECTION ( 'NONE',  ( 0.000000000000000000, 0.000000000000000000, 1.000000000000000000 ) ) ;
#1895 = FACE_BOUND ( 'NONE', #3466, .T. ) ;
#1896 = ORIENTED_EDGE ( 'NONE', *, *, #1573, .T. ) ;
#1897 = EDGE_CURVE ( 'NONE', #3143, #2470, #949, .T. ) ;
#1898 = DIRECTION ( 'NONE',  ( 0.000000000000000000, 1.000000000000000000, 0.000000000000000000 ) ) ;
#1899 = DIRECTION ( 'NONE',  ( 1.000000000000000000, 0.000000000000000000, 0.000000000000000000 ) ) ;
#1900 = ORIENTED_EDGE ( 'NONE', *, *, #2796, .F. ) ;
#1901 = DIRECTION ( 'NONE',  ( 0.000000000000000000, 0.000000000000000000, -1.000000000000000000 ) ) ;
#1902 = CARTESIAN_POINT ( 'NONE',  ( 2.000000000000000000, 0.000000000000000000, 100.0000000000000000 ) ) ;
#1903 = EDGE_CURVE ( 'NONE', #2934, #2429, #3997, .T. ) ;
#1904 = EDGE_CURVE ( 'NONE', #3052, #2575, #3866, .T. ) ;
#1905 = ORIENTED_EDGE ( 'NONE', *, *, #1154, .T. ) ;
#1906 = ORIENTED_EDGE ( 'NONE', *, *, #3743, .T. ) ;
#1907 = CARTESIAN_POINT ( 'NONE',  ( 2.000000000000000000, -198.0000000000000000, 24.00000000000000000 ) ) ;
#1908 = VECTOR ( 'NONE', #4004, 1000.000000000000000 ) ;
#1909 = DIRECTION ( 'NONE',  ( 1.000000000000000000, 0.000000000000000000, -0.000000000000000000 ) ) ;
#1910 = VECTOR ( 'NONE', #2200, 1000.000000000000000 ) ;
#1911 = EDGE_LOOP ( 'NONE', ( #3365, #2535 ) ) ;
#1912 = CARTESIAN_POINT ( 'NONE',  ( 2.000000000000000000, 194.5999999999999943, 18.25000000000000355 ) ) ;
#1913 = FACE_OUTER_BOUND ( 'NONE', #569, .T. ) ;
#1914 = AXIS2_PLACEMENT_3D ( 'NONE', #1878, #1569, #1857 ) ;
#1915 = DIRECTION ( 'NONE',  ( -1.000000000000000000, -0.000000000000000000, 0.000000000000000000 ) ) ;
#1916 = EDGE_LOOP ( 'NONE', ( #2013, #4086, #3711, #2171, #469, #1785, #3354, #3265, #2894, #755, #1619, #2820, #3374, #405, #74 ) ) ;
#1917 = AXIS2_PLACEMENT_3D ( 'NONE', #2588, #1969, #397 ) ;
#1918 = DIRECTION ( 'NONE',  ( 0.000000000000000000, 0.000000000000000000, 1.000000000000000000 ) ) ;
#1919 = CARTESIAN_POINT ( 'NONE',  ( 1.500000000000000000, 48.46743740532919986, 24.00000000000000000 ) ) ;
#1920 = EDGE_CURVE ( 'NONE', #1244, #2333, #2603, .T. ) ;
#1921 = AXIS2_PLACEMENT_3D ( 'NONE', #3061, #3703, #2104 ) ;
#1922 = FACE_OUTER_BOUND ( 'NONE', #1382, .T. ) ;
#1923 = VERTEX_POINT ( 'NONE', #225 ) ;
#1924 = FACE_BOUND ( 'NONE', #161, .T. ) ;
#1925 = AXIS2_PLACEMENT_3D ( 'NONE', #4055, #1211, #3745 ) ;
#1926 = CYLINDRICAL_SURFACE ( 'NONE', #1654, 2.250000000000000444 ) ;
#1927 = DIRECTION ( 'NONE',  ( 1.000000000000000000, 0.000000000000000000, -0.000000000000000000 ) ) ;
#1928 = VERTEX_POINT ( 'NONE', #246 ) ;
#1929 = ADVANCED_FACE ( 'NONE', ( #1482 ), #3699, .T. ) ;
#1930 = ORIENTED_EDGE ( 'NONE', *, *, #3589, .F. ) ;
#1931 = AXIS2_PLACEMENT_3D ( 'NONE', #3835, #723, #989 ) ;
#1932 =( LENGTH_UNIT ( ) NAMED_UNIT ( * ) SI_UNIT ( .MILLI., .METRE. ) );
#1933 = CARTESIAN_POINT ( 'NONE',  ( 0.000000000000000000, 0.000000000000000000, 108.0000000000000000 ) ) ;
#1934 = CIRCLE ( 'NONE', #2933, 13.00000000000000533 ) ;
#1935 = VERTEX_POINT ( 'NONE', #2872 ) ;
#1936 = LINE ( 'NONE', #37, #1200 ) ;
#1937 = CARTESIAN_POINT ( 'NONE',  ( -2.299999999999999822, 193.0000000000000000, 102.0000000000000142 ) ) ;
#1938 = AXIS2_PLACEMENT_3D ( 'NONE', #610, #2514, #3515 ) ;
#1939 = FACE_BOUND ( 'NONE', #2868, .T. ) ;
#1940 = ORIENTED_EDGE ( 'NONE', *, *, #2176, .T. ) ;
#1941 = ADVANCED_FACE ( 'NONE', ( #979 ), #2573, .T. ) ;
#1942 = CARTESIAN_POINT ( 'NONE',  ( -2.299999999999999822, -72.09999999999999432, 4.299999999999999822 ) ) ;
#1943 = LINE ( 'NONE', #1315, #3310 ) ;
#1944 = CARTESIAN_POINT ( 'NONE',  ( -2.000000000000000000, -61.25000000000000000, 4.299999999999999822 ) ) ;
#1945 = PLANE ( 'NONE',  #1120 ) ;
#1946 = DIRECTION ( 'NONE',  ( 1.000000000000000000, 0.000000000000000000, -0.000000000000000000 ) ) ;
#1947 = APPROVAL ( #2617, '未' ) ;
#1948 = DIRECTION ( 'NONE',  ( -0.000000000000000000, 1.000000000000000000, 0.000000000000000000 ) ) ;
#1949 = EDGE_LOOP ( 'NONE', ( #3299, #2600, #3946, #3099 ) ) ;
#1950 = EDGE_LOOP ( 'NONE', ( #1843, #534, #1448, #2703 ) ) ;
#1951 = AXIS2_PLACEMENT_3D ( 'NONE', #718, #1374, #2623 ) ;
#1952 = CARTESIAN_POINT ( 'NONE',  ( 2.000000000000000000, -129.0000000000000000, 52.00000000000000711 ) ) ;
#1953 = AXIS2_PLACEMENT_3D ( 'NONE', #4029, #858, #837 ) ;
#1954 = ORIENTED_EDGE ( 'NONE', *, *, #2746, .T. ) ;
#1955 = CARTESIAN_POINT ( 'NONE',  ( -2.000000000000000000, 61.25000000000000000, 6.000000000000000000 ) ) ;
#1956 = ORIENTED_EDGE ( 'NONE', *, *, #2385, .T. ) ;
#1957 = DIRECTION ( 'NONE',  ( 1.000000000000000000, 0.000000000000000000, -0.000000000000000000 ) ) ;
#1958 = LOCAL_TIME ( 16, 21, 32.00000000000000000, #1467 ) ;
#1959 = DIRECTION ( 'NONE',  ( 0.000000000000000000, 0.000000000000000000, 1.000000000000000000 ) ) ;
#1960 = EDGE_CURVE ( 'NONE', #2616, #381, #817, .T. ) ;
#1961 = EDGE_CURVE ( 'NONE', #1824, #754, #2468, .T. ) ;
#1962 = CC_DESIGN_SECURITY_CLASSIFICATION ( #2756, ( #2549 ) ) ;
#1963 = DIRECTION ( 'NONE',  ( 0.000000000000000000, 0.000000000000000000, -1.000000000000000000 ) ) ;
#1964 = ORIENTED_EDGE ( 'NONE', *, *, #3771, .T. ) ;
#1965 = DIRECTION ( 'NONE',  ( 1.000000000000000000, 0.000000000000000000, 0.000000000000000000 ) ) ;
#1966 = CARTESIAN_POINT ( 'NONE',  ( 1.500000000000000000, 0.000000000000000000, 0.000000000000000000 ) ) ;
#1967 = DIRECTION ( 'NONE',  ( 0.000000000000000000, 0.000000000000000000, 1.000000000000000000 ) ) ;
#1968 = FACE_BOUND ( 'NONE', #3907, .T. ) ;
#1969 = DIRECTION ( 'NONE',  ( -1.000000000000000000, -0.000000000000000000, 0.000000000000000000 ) ) ;
#1970 = DIRECTION ( 'NONE',  ( 1.000000000000000000, 0.000000000000000000, -0.000000000000000000 ) ) ;
#1971 = ORIENTED_EDGE ( 'NONE', *, *, #864, .F. ) ;
#1972 = EDGE_LOOP ( 'NONE', ( #315, #2469, #2752, #3842 ) ) ;
#1973 = PERSON_AND_ORGANIZATION ( #3825, #3609 ) ;
#1974 = ORIENTED_EDGE ( 'NONE', *, *, #1309, .F. ) ;
#1975 = DIRECTION ( 'NONE',  ( 0.000000000000000000, 0.000000000000000000, 1.000000000000000000 ) ) ;
#1976 = ORIENTED_EDGE ( 'NONE', *, *, #1038, .F. ) ;
#1977 = DIRECTION ( 'NONE',  ( 1.000000000000000000, 0.000000000000000000, -0.000000000000000000 ) ) ;
#1978 = DIRECTION ( 'NONE',  ( -1.000000000000000000, -0.000000000000000000, 0.000000000000000000 ) ) ;
#1979 = CIRCLE ( 'NONE', #200, 2.250000000000000444 ) ;
#1980 = CARTESIAN_POINT ( 'NONE',  ( 2.000000000000000000, -60.00000000000000000, 43.00000000000000000 ) ) ;
#1981 = VERTEX_POINT ( 'NONE', #75 ) ;
#1982 = ADVANCED_FACE ( 'NONE', ( #2246 ), #673, .T. ) ;
#1983 = DIRECTION ( 'NONE',  ( 0.000000000000000000, 0.000000000000000000, -1.000000000000000000 ) ) ;
#1984 = DIRECTION ( 'NONE',  ( 1.000000000000000000, 0.000000000000000000, -0.000000000000000000 ) ) ;
#1985 = CIRCLE ( 'NONE', #135, 2.000000000000001776 ) ;
#1986 = DIRECTION ( 'NONE',  ( 0.000000000000000000, 0.000000000000000000, -1.000000000000000000 ) ) ;
#1987 = CIRCLE ( 'NONE', #2512, 2.000000000000001776 ) ;
#1988 = CARTESIAN_POINT ( 'NONE',  ( 2.000000000000000000, 175.0000000000000284, 104.0000000000000142 ) ) ;
#1989 = DIRECTION ( 'NONE',  ( 1.000000000000000000, 0.000000000000000000, 0.000000000000000000 ) ) ;
#1990 = VECTOR ( 'NONE', #3877, 1000.000000000000000 ) ;
#1991 = FACE_OUTER_BOUND ( 'NONE', #1078, .T. ) ;
#1992 = ORIENTED_EDGE ( 'NONE', *, *, #3405, .F. ) ;
#1993 = ORIENTED_EDGE ( 'NONE', *, *, #63, .T. ) ;
#1994 =( NAMED_UNIT ( * ) PLANE_ANGLE_UNIT ( ) SI_UNIT ( $, .RADIAN. ) );
#1995 = VECTOR ( 'NONE', #4091, 1000.000000000000000 ) ;
#1996 = VERTEX_POINT ( 'NONE', #3155 ) ;
#1997 = ORIENTED_EDGE ( 'NONE', *, *, #354, .T. ) ;
#1998 = EDGE_CURVE ( 'NONE', #3247, #3341, #3781, .T. ) ;
#1999 = CARTESIAN_POINT ( 'NONE',  ( 0.000000000000000000, 154.0000000000000000, 90.00000000000000000 ) ) ;
#2000 = LINE ( 'NONE', #3556, #2415 ) ;
#2001 = VECTOR ( 'NONE', #2836, 1000.000000000000000 ) ;
#2002 = DIRECTION ( 'NONE',  ( 0.000000000000000000, 0.000000000000000000, -1.000000000000000000 ) ) ;
#2003 = ORIENTED_EDGE ( 'NONE', *, *, #2790, .F. ) ;
#2004 = LINE ( 'NONE', #435, #2987 ) ;
#2005 = AXIS2_PLACEMENT_3D ( 'NONE', #637, #2956, #3246 ) ;
#2006 = CARTESIAN_POINT ( 'NONE',  ( 0.000000000000000000, -60.00000000000000000, 90.00000000000001421 ) ) ;
#2007 = EDGE_CURVE ( 'NONE', #1802, #1217, #2912, .T. ) ;
#2008 = DIRECTION ( 'NONE',  ( 1.000000000000000000, 0.000000000000000000, 0.000000000000000000 ) ) ;
#2009 = CARTESIAN_POINT ( 'NONE',  ( 2.000000000000000000, 0.000000000000000000, 27.25000000000000000 ) ) ;
#2010 = DIRECTION ( 'NONE',  ( 1.000000000000000000, 0.000000000000000000, 0.000000000000000000 ) ) ;
#2011 = ADVANCED_FACE ( 'NONE', ( #1330 ), #326, .T. ) ;
#2012 = FACE_OUTER_BOUND ( 'NONE', #2614, .T. ) ;
#2013 = ORIENTED_EDGE ( 'NONE', *, *, #2007, .T. ) ;
#2014 = ORIENTED_EDGE ( 'NONE', *, *, #2636, .F. ) ;
#2015 = VECTOR ( 'NONE', #2666, 1000.000000000000000 ) ;
#2016 = ORIENTED_EDGE ( 'NONE', *, *, #1038, .T. ) ;
#2017 = ADVANCED_FACE ( 'NONE', ( #309, #695, #3846, #2271, #2208, #2598 ), #35, .T. ) ;
#2018 = EDGE_CURVE ( 'NONE', #3765, #1169, #3166, .T. ) ;
#2019 = PLANE ( 'NONE',  #348 ) ;
#2020 = PLANE ( 'NONE',  #2287 ) ;
#2021 = LOCAL_TIME ( 16, 21, 32.00000000000000000, #1039 ) ;
#2022 = DIRECTION ( 'NONE',  ( -1.000000000000000000, 0.000000000000000000, 0.000000000000000000 ) ) ;
#2023 = EDGE_LOOP ( 'NONE', ( #2450, #382, #3538, #2285 ) ) ;
#2024 = EDGE_CURVE ( 'NONE', #3949, #2575, #365, .T. ) ;
#2025 = DIRECTION ( 'NONE',  ( -1.000000000000000000, -0.000000000000000000, 0.000000000000000000 ) ) ;
#2026 = CARTESIAN_POINT ( 'NONE',  ( -2.000000000000000000, 0.000000000000000000, 104.0000000000000142 ) ) ;
#2027 = CARTESIAN_POINT ( 'NONE',  ( -2.000000000000000000, 194.5999999999999943, 18.25000000000000355 ) ) ;
#2028 = EDGE_LOOP ( 'NONE', ( #3204, #33, #2068, #2706 ) ) ;
#2029 = CARTESIAN_POINT ( 'NONE',  ( -2.299999999999999822, 133.0000000000000000, 92.00000000000000000 ) ) ;
#2030 = FACE_OUTER_BOUND ( 'NONE', #814, .T. ) ;
#2031 = ORIENTED_EDGE ( 'NONE', *, *, #544, .F. ) ;
#2032 = ORIENTED_EDGE ( 'NONE', *, *, #3437, .F. ) ;
#2033 = EDGE_CURVE ( 'NONE', #2339, #204, #1289, .T. ) ;
#2034 = DIRECTION ( 'NONE',  ( 0.000000000000000000, 0.000000000000000000, 1.000000000000000000 ) ) ;
#2035 = ORIENTED_EDGE ( 'NONE', *, *, #371, .T. ) ;
#2036 = VERTEX_POINT ( 'NONE', #4089 ) ;
#2037 = CYLINDRICAL_SURFACE ( 'NONE', #1002, 2.000000000000001776 ) ;
#2038 = CARTESIAN_POINT ( 'NONE',  ( -1.500000000000000000, 60.00000000000000000, 30.00000000000000000 ) ) ;
#2039 = DIRECTION ( 'NONE',  ( 1.000000000000000000, 0.000000000000000000, 0.000000000000000000 ) ) ;
#2040 = ORIENTED_EDGE ( 'NONE', *, *, #3077, .T. ) ;
#2041 = CARTESIAN_POINT ( 'NONE',  ( -2.000000000000000000, -61.25000000000000000, 16.00000000000000000 ) ) ;
#2042 = DIRECTION ( 'NONE',  ( 1.000000000000000000, 0.000000000000000000, 0.000000000000000000 ) ) ;
#2043 = CIRCLE ( 'NONE', #3904, 2.000000000000001776 ) ;
#2044 = CARTESIAN_POINT ( 'NONE',  ( -2.299999999999999822, -72.09999999999999432, 6.000000000000000000 ) ) ;
#2045 = ORIENTED_EDGE ( 'NONE', *, *, #726, .F. ) ;
#2046 = CARTESIAN_POINT ( 'NONE',  ( -2.299999999999999822, 85.00000000000000000, 102.0000000000000142 ) ) ;
#2047 = EDGE_CURVE ( 'NONE', #2575, #3052, #2640, .T. ) ;
#2048 = AXIS2_PLACEMENT_3D ( 'NONE', #1550, #535, #1488 ) ;
#2049 = CYLINDRICAL_SURFACE ( 'NONE', #3126, 1.700000000000000178 ) ;
#2050 = EDGE_LOOP ( 'NONE', ( #1660, #3889, #4087, #816, #3516, #4000, #3427, #1700, #631, #238, #904, #3972, #2931, #2716, #2031 ) ) ;
#2051 = DIRECTION ( 'NONE',  ( 0.000000000000000000, 0.000000000000000000, -1.000000000000000000 ) ) ;
#2052 = ORIENTED_EDGE ( 'NONE', *, *, #3737, .F. ) ;
#2053 = DIRECTION ( 'NONE',  ( 0.000000000000000000, 0.000000000000000000, -1.000000000000000000 ) ) ;
#2054 = AXIS2_PLACEMENT_3D ( 'NONE', #1937, #329, #2896 ) ;
#2055 = ADVANCED_FACE ( 'NONE', ( #941 ), #3178, .F. ) ;
#2056 = ORIENTED_EDGE ( 'NONE', *, *, #1777, .T. ) ;
#2057 = VERTEX_POINT ( 'NONE', #1579 ) ;
#2058 = VECTOR ( 'NONE', #2556, 1000.000000000000000 ) ;
#2059 = DIRECTION ( 'NONE',  ( -1.000000000000000000, 0.000000000000000000, 0.000000000000000000 ) ) ;
#2060 = PLANE ( 'NONE',  #92 ) ;
#2061 = CIRCLE ( 'NONE', #284, 5.100000000000000533 ) ;
#2062 = EDGE_LOOP ( 'NONE', ( #384, #3886, #485, #3381 ) ) ;
#2063 = FACE_OUTER_BOUND ( 'NONE', #3392, .T. ) ;
#2064 = CARTESIAN_POINT ( 'NONE',  ( -1.500000000000000000, 150.0000000000000000, 55.00000000000000000 ) ) ;
#2065 = AXIS2_PLACEMENT_3D ( 'NONE', #2134, #1508, #1880 ) ;
#2066 = VECTOR ( 'NONE', #3360, 1000.000000000000000 ) ;
#2067 = LINE ( 'NONE', #3039, #3328 ) ;
#2068 = ORIENTED_EDGE ( 'NONE', *, *, #3396, .T. ) ;
#2069 = VECTOR ( 'NONE', #3417, 1000.000000000000000 ) ;
#2070 = CARTESIAN_POINT ( 'NONE',  ( 0.000000000000000000, 193.0000000000000000, 94.00000000000000000 ) ) ;
#2071 = DATE_AND_TIME ( #2288, #1494 ) ;
#2072 = AXIS2_PLACEMENT_3D ( 'NONE', #2101, #2751, #3116 ) ;
#2073 = CARTESIAN_POINT ( 'NONE',  ( 2.000000000000000000, 0.000000000000000000, 0.000000000000000000 ) ) ;
#2074 = ORIENTED_EDGE ( 'NONE', *, *, #3350, .F. ) ;
#2075 = CARTESIAN_POINT ( 'NONE',  ( 0.000000000000000000, 184.0000000000000000, 104.0000000000000142 ) ) ;
#2076 = VERTEX_POINT ( 'NONE', #2225 ) ;
#2077 = LINE ( 'NONE', #3675, #3 ) ;
#2078 = ORIENTED_EDGE ( 'NONE', *, *, #2750, .T. ) ;
#2079 = ADVANCED_FACE ( 'NONE', ( #3491 ), #651, .F. ) ;
#2080 = ORIENTED_EDGE ( 'NONE', *, *, #3429, .F. ) ;
#2081 = DIRECTION ( 'NONE',  ( 0.000000000000000000, 0.000000000000000000, 1.000000000000000000 ) ) ;
#2082 = DIRECTION ( 'NONE',  ( 1.000000000000000000, 0.000000000000000000, 0.000000000000000000 ) ) ;
#2083 = VERTEX_POINT ( 'NONE', #1472 ) ;
#2084 = DIRECTION ( 'NONE',  ( -0.000000000000000000, 0.000000000000000000, -1.000000000000000000 ) ) ;
#2085 = EDGE_CURVE ( 'NONE', #232, #3622, #1160, .T. ) ;
#2086 = AXIS2_PLACEMENT_3D ( 'NONE', #2577, #1894, #2517 ) ;
#2087 = DIRECTION ( 'NONE',  ( 1.000000000000000000, 0.000000000000000000, 0.000000000000000000 ) ) ;
#2088 = ADVANCED_FACE ( 'NONE', ( #2112 ), #1743, .T. ) ;
#2089 = AXIS2_PLACEMENT_3D ( 'NONE', #536, #827, #1442 ) ;
#2090 = CARTESIAN_POINT ( 'NONE',  ( 2.000000000000000000, 61.25000000000000000, 4.299999999999999822 ) ) ;
#2091 = ORIENTED_EDGE ( 'NONE', *, *, #1603, .T. ) ;
#2092 = DIRECTION ( 'NONE',  ( 0.000000000000000000, 0.000000000000000000, -1.000000000000000000 ) ) ;
#2093 = ORIENTED_EDGE ( 'NONE', *, *, #3124, .T. ) ;
#2094 = DIRECTION ( 'NONE',  ( 0.000000000000000000, -1.000000000000000000, 0.000000000000000000 ) ) ;
#2095 = LINE ( 'NONE', #1763, #2066 ) ;
#2096 = PLANE ( 'NONE',  #525 ) ;
#2097 = EDGE_LOOP ( 'NONE', ( #1900, #3940, #1761, #3662 ) ) ;
#2098 = ORIENTED_EDGE ( 'NONE', *, *, #3604, .F. ) ;
#2099 = DIRECTION ( 'NONE',  ( 0.000000000000000000, 0.000000000000000000, -1.000000000000000000 ) ) ;
#2100 = EDGE_CURVE ( 'NONE', #3869, #1631, #458, .T. ) ;
#2101 = CARTESIAN_POINT ( 'NONE',  ( -2.299999999999999822, -61.25000000000000000, 6.000000000000000000 ) ) ;
#2102 = ORIENTED_EDGE ( 'NONE', *, *, #163, .F. ) ;
#2103 = DIRECTION ( 'NONE',  ( 1.000000000000000000, 0.000000000000000000, 0.000000000000000000 ) ) ;
#2104 = DIRECTION ( 'NONE',  ( 0.000000000000000000, 0.000000000000000000, -1.000000000000000000 ) ) ;
#2105 = ADVANCED_FACE ( 'NONE', ( #2742 ), #3382, .F. ) ;
#2106 = DIRECTION ( 'NONE',  ( 0.000000000000000000, 0.000000000000000000, -1.000000000000000000 ) ) ;
#2107 = ORIENTED_EDGE ( 'NONE', *, *, #1746, .F. ) ;
#2108 = ORIENTED_EDGE ( 'NONE', *, *, #1493, .F. ) ;
#2109 = LINE ( 'NONE', #2154, #7 ) ;
#2110 = DIRECTION ( 'NONE',  ( 0.000000000000000000, 0.000000000000000000, 1.000000000000000000 ) ) ;
#2111 = ORIENTED_EDGE ( 'NONE', *, *, #2047, .T. ) ;
#2112 = FACE_OUTER_BOUND ( 'NONE', #1859, .T. ) ;
#2113 = CARTESIAN_POINT ( 'NONE',  ( -1.500000000000000000, -60.00000000000000000, 30.00000000000000000 ) ) ;
#2114 = CARTESIAN_POINT ( 'NONE',  ( 2.000000000000000000, 193.0000000000000000, 100.0000000000000000 ) ) ;
#2115 = VECTOR ( 'NONE', #3610, 1000.000000000000000 ) ;
#2116 = EDGE_LOOP ( 'NONE', ( #1514, #446, #2524, #970 ) ) ;
#2117 = ADVANCED_FACE ( 'NONE', ( #830 ), #1491, .F. ) ;
#2118 = VECTOR ( 'NONE', #1441, 1000.000000000000000 ) ;
#2119 = ORIENTED_EDGE ( 'NONE', *, *, #3928, .F. ) ;
#2120 = CARTESIAN_POINT ( 'NONE',  ( 0.000000000000000000, 84.99999999999998579, 104.0000000000000142 ) ) ;
#2121 = CIRCLE ( 'NONE', #145, 2.000000000000001776 ) ;
#2122 = EDGE_CURVE ( 'NONE', #3450, #1415, #2424, .T. ) ;
#2123 = DIRECTION ( 'NONE',  ( 0.000000000000000000, 0.000000000000000000, 1.000000000000000000 ) ) ;
#2124 = ORIENTED_EDGE ( 'NONE', *, *, #113, .T. ) ;
#2125 = AXIS2_PLACEMENT_3D ( 'NONE', #1753, #146, #2730 ) ;
#2126 = LINE ( 'NONE', #3432, #3851 ) ;
#2127 = CARTESIAN_POINT ( 'NONE',  ( 0.000000000000000000, 0.000000000000000000, 24.00000000000000000 ) ) ;
#2128 = CIRCLE ( 'NONE', #2526, 2.000000000000001776 ) ;
#2129 = FACE_BOUND ( 'NONE', #2555, .T. ) ;
#2130 = ORIENTED_EDGE ( 'NONE', *, *, #1280, .F. ) ;
#2131 = CIRCLE ( 'NONE', #3858, 2.749999999999999112 ) ;
#2132 = DIRECTION ( 'NONE',  ( 0.000000000000000000, 0.000000000000000000, -1.000000000000000000 ) ) ;
#2133 = AXIS2_PLACEMENT_3D ( 'NONE', #3211, #2235, #61 ) ;
#2134 = CARTESIAN_POINT ( 'NONE',  ( -2.299999999999999822, 163.0000000000000000, 92.00000000000000000 ) ) ;
#2135 = EDGE_LOOP ( 'NONE', ( #296, #3284, #2195, #3554 ) ) ;
#2136 = DIRECTION ( 'NONE',  ( 1.000000000000000000, 0.000000000000000000, 0.000000000000000000 ) ) ;
#2137 = CARTESIAN_POINT ( 'NONE',  ( -2.000000000000000000, 194.5999999999999943, 6.000000000000000000 ) ) ;
#2138 = FACE_OUTER_BOUND ( 'NONE', #3208, .T. ) ;
#2139 = ADVANCED_FACE ( 'NONE', ( #3240 ), #540, .F. ) ;
#2140 = VECTOR ( 'NONE', #964, 1000.000000000000000 ) ;
#2141 = VERTEX_POINT ( 'NONE', #3047 ) ;
#2142 = ORIENTED_EDGE ( 'NONE', *, *, #1827, .F. ) ;
#2143 = DIRECTION ( 'NONE',  ( 0.000000000000000000, 0.000000000000000000, 1.000000000000000000 ) ) ;
#2144 = CARTESIAN_POINT ( 'NONE',  ( 2.000000000000000000, 72.09999999999999432, 16.00000000000000000 ) ) ;
#2145 = EDGE_CURVE ( 'NONE', #2076, #730, #3071, .T. ) ;
#2146 = EDGE_CURVE ( 'NONE', #3869, #1244, #1447, .T. ) ;
#2147 = ORIENTED_EDGE ( 'NONE', *, *, #872, .F. ) ;
#2148 = CARTESIAN_POINT ( 'NONE',  ( 1.500000000000000000, 85.00000000000000000, 92.00000000000000000 ) ) ;
#2149 = CARTESIAN_POINT ( 'NONE',  ( 2.000000000000000000, 72.09999999999999432, 18.25000000000000355 ) ) ;
#2150 = EDGE_CURVE ( 'NONE', #434, #3032, #3983, .T. ) ;
#2151 = CARTESIAN_POINT ( 'NONE',  ( -1.500000000000000000, 150.0000000000000000, 55.00000000000000000 ) ) ;
#2152 = ORIENTED_EDGE ( 'NONE', *, *, #3453, .T. ) ;
#2153 = AXIS2_PLACEMENT_3D ( 'NONE', #3659, #285, #2099 ) ;
#2154 = CARTESIAN_POINT ( 'NONE',  ( 2.000000000000000000, 0.000000000000000000, 24.00000000000000000 ) ) ;
#2155 = EDGE_CURVE ( 'NONE', #2352, #3095, #3767, .T. ) ;
#2156 = AXIS2_PLACEMENT_3D ( 'NONE', #1888, #3758, #2870 ) ;
#2157 = DIRECTION ( 'NONE',  ( 0.000000000000000000, 0.000000000000000000, -1.000000000000000000 ) ) ;
#2158 = EDGE_LOOP ( 'NONE', ( #1021, #1816 ) ) ;
#2159 = CARTESIAN_POINT ( 'NONE',  ( 2.000000000000000000, 0.000000000000000000, 24.00000000000000000 ) ) ;
#2160 = ORIENTED_EDGE ( 'NONE', *, *, #2835, .T. ) ;
#2161 = LINE ( 'NONE', #1805, #1910 ) ;
#2162 = EDGE_LOOP ( 'NONE', ( #1877, #1602, #911, #2322 ) ) ;
#2163 = EDGE_CURVE ( 'NONE', #173, #1387, #2291, .T. ) ;
#2164 = ORIENTED_EDGE ( 'NONE', *, *, #583, .F. ) ;
#2165 = CARTESIAN_POINT ( 'NONE',  ( 2.000000000000000000, 0.000000000000000000, 104.0000000000000142 ) ) ;
#2166 = CARTESIAN_POINT ( 'NONE',  ( 0.000000000000000000, -210.0000000000000000, 0.000000000000000000 ) ) ;
#2167 = EDGE_LOOP ( 'NONE', ( #1081, #2621, #1872, #2829 ) ) ;
#2168 = CARTESIAN_POINT ( 'NONE',  ( 0.000000000000000000, 133.0000000000000000, 100.0000000000000000 ) ) ;
#2169 = DIRECTION ( 'NONE',  ( 0.000000000000000000, 0.000000000000000000, 1.000000000000000000 ) ) ;
#2170 = DIRECTION ( 'NONE',  ( 1.000000000000000000, 0.000000000000000000, 0.000000000000000000 ) ) ;
#2171 = ORIENTED_EDGE ( 'NONE', *, *, #245, .T. ) ;
#2172 = CYLINDRICAL_SURFACE ( 'NONE', #207, 1.700000000000000178 ) ;
#2173 = DIRECTION ( 'NONE',  ( 0.000000000000000000, 0.000000000000000000, -1.000000000000000000 ) ) ;
#2174 = ORIENTED_EDGE ( 'NONE', *, *, #3429, .T. ) ;
#2175 = CARTESIAN_POINT ( 'NONE',  ( 2.000000000000000000, -194.5999999999999943, 16.00000000000000000 ) ) ;
#2176 = EDGE_CURVE ( 'NONE', #276, #573, #1781, .T. ) ;
#2177 = CARTESIAN_POINT ( 'NONE',  ( -2.299999999999999822, 115.0000000000000000, 92.00000000000000000 ) ) ;
#2178 = AXIS2_PLACEMENT_3D ( 'NONE', #687, #3857, #2883 ) ;
#2179 = ORIENTED_EDGE ( 'NONE', *, *, #2891, .F. ) ;
#2180 = VERTEX_POINT ( 'NONE', #3963 ) ;
#2181 = CIRCLE ( 'NONE', #1383, 13.00000000000000533 ) ;
#2182 = CARTESIAN_POINT ( 'NONE',  ( -1.500000000000000000, 175.0000000000000284, 92.00000000000000000 ) ) ;
#2183 = EDGE_CURVE ( 'NONE', #1299, #3015, #2380, .T. ) ;
#2184 = CIRCLE ( 'NONE', #1720, 13.00000000000000178 ) ;
#2185 = DIRECTION ( 'NONE',  ( 0.000000000000000000, 0.000000000000000000, 1.000000000000000000 ) ) ;
#2186 = VERTEX_POINT ( 'NONE', #2986 ) ;
#2187 = DIRECTION ( 'NONE',  ( 1.000000000000000000, 0.000000000000000000, 0.000000000000000000 ) ) ;
#2188 = DIRECTION ( 'NONE',  ( 0.000000000000000000, 0.000000000000000000, -1.000000000000000000 ) ) ;
#2189 = VECTOR ( 'NONE', #2978, 1000.000000000000000 ) ;
#2190 = CARTESIAN_POINT ( 'NONE',  ( -1.500000000000000000, -11.53256259467079836, 24.00000000000000000 ) ) ;
#2191 = VERTEX_POINT ( 'NONE', #790 ) ;
#2192 = CARTESIAN_POINT ( 'NONE',  ( -2.000000000000000000, -60.00000000000000000, 30.00000000000000000 ) ) ;
#2193 = VECTOR ( 'NONE', #1546, 1000.000000000000000 ) ;
#2194 = DIRECTION ( 'NONE',  ( 1.000000000000000000, 0.000000000000000000, -0.000000000000000000 ) ) ;
#2195 = ORIENTED_EDGE ( 'NONE', *, *, #820, .T. ) ;
#2196 = DIRECTION ( 'NONE',  ( 1.000000000000000000, 0.000000000000000000, 0.000000000000000000 ) ) ;
#2197 = EDGE_CURVE ( 'NONE', #3511, #3717, #1979, .T. ) ;
#2198 = VECTOR ( 'NONE', #1016, 1000.000000000000000 ) ;
#2199 = EDGE_CURVE ( 'NONE', #2711, #3085, #1714, .T. ) ;
#2200 = DIRECTION ( 'NONE',  ( 0.000000000000000000, -1.000000000000000000, 0.000000000000000000 ) ) ;
#2201 = CIRCLE ( 'NONE', #2133, 2.750000000000002665 ) ;
#2202 = ORIENTED_EDGE ( 'NONE', *, *, #507, .F. ) ;
#2203 = EDGE_CURVE ( 'NONE', #2405, #2423, #813, .T. ) ;
#2204 = AXIS2_PLACEMENT_3D ( 'NONE', #3727, #4018, #1876 ) ;
#2205 = CARTESIAN_POINT ( 'NONE',  ( -2.299999999999999822, 175.0000000000000284, 92.00000000000000000 ) ) ;
#2206 = EDGE_CURVE ( 'NONE', #1626, #2747, #2804, .T. ) ;
#2207 = VECTOR ( 'NONE', #1909, 1000.000000000000000 ) ;
#2208 = FACE_BOUND ( 'NONE', #1509, .T. ) ;
#2209 = ORIENTED_EDGE ( 'NONE', *, *, #3363, .T. ) ;
#2210 = CYLINDRICAL_SURFACE ( 'NONE', #3783, 2.250000000000000444 ) ;
#2211 = DIRECTION ( 'NONE',  ( 0.000000000000000000, 0.000000000000000000, -1.000000000000000000 ) ) ;
#2212 = CARTESIAN_POINT ( 'NONE',  ( -1.500000000000000000, 0.000000000000000000, 90.00000000000000000 ) ) ;
#2213 = ORIENTED_EDGE ( 'NONE', *, *, #3643, .F. ) ;
#2214 = EDGE_CURVE ( 'NONE', #1241, #729, #523, .T. ) ;
#2215 = EDGE_CURVE ( 'NONE', #2903, #3143, #3462, .T. ) ;
#2216 = CARTESIAN_POINT ( 'NONE',  ( -2.299999999999999822, -61.25000000000000000, 13.75000000000000000 ) ) ;
#2217 = LINE ( 'NONE', #2585, #2664 ) ;
#2218 = ORIENTED_EDGE ( 'NONE', *, *, #618, .F. ) ;
#2219 = DIRECTION ( 'NONE',  ( 1.000000000000000000, 0.000000000000000000, 0.000000000000000000 ) ) ;
#2220 = DIRECTION ( 'NONE',  ( -1.000000000000000000, -0.000000000000000000, 0.000000000000000000 ) ) ;
#2221 = CIRCLE ( 'NONE', #438, 5.100000000000000533 ) ;
#2222 = VERTEX_POINT ( 'NONE', #1860 ) ;
#2223 = ORIENTED_EDGE ( 'NONE', *, *, #853, .T. ) ;
#2224 = LINE ( 'NONE', #3513, #1028 ) ;
#2225 = CARTESIAN_POINT ( 'NONE',  ( 1.500000000000000000, -184.0000000000000000, 40.07179676972445748 ) ) ;
#2226 = VERTEX_POINT ( 'NONE', #875 ) ;
#2227 = CARTESIAN_POINT ( 'NONE',  ( 0.000000000000000000, 145.0000000000000000, 100.0000000000000000 ) ) ;
#2228 = EDGE_CURVE ( 'NONE', #1239, #1062, #1379, .T. ) ;
#2229 = DIRECTION ( 'NONE',  ( -0.000000000000000000, 0.000000000000000000, 1.000000000000000000 ) ) ;
#2230 = CARTESIAN_POINT ( 'NONE',  ( 2.000000000000000000, 0.000000000000000000, 0.000000000000000000 ) ) ;
#2231 = EDGE_LOOP ( 'NONE', ( #1997, #2692, #505, #1260 ) ) ;
#2232 = DIRECTION ( 'NONE',  ( 0.000000000000000000, 1.000000000000000000, 0.000000000000000000 ) ) ;
#2233 = FACE_BOUND ( 'NONE', #1685, .T. ) ;
#2234 = EDGE_CURVE ( 'NONE', #3270, #4082, #2506, .T. ) ;
#2235 = DIRECTION ( 'NONE',  ( -1.000000000000000000, -0.000000000000000000, 0.000000000000000000 ) ) ;
#2236 = EDGE_LOOP ( 'NONE', ( #674, #2179 ) ) ;
#2237 = FACE_BOUND ( 'NONE', #774, .T. ) ;
#2238 = VERTEX_POINT ( 'NONE', #302 ) ;
#2239 = DIRECTION ( 'NONE',  ( 0.000000000000000000, 1.000000000000000000, 0.000000000000000000 ) ) ;
#2240 = DIRECTION ( 'NONE',  ( 1.000000000000000000, 0.000000000000000000, 0.000000000000000000 ) ) ;
#2241 = ORIENTED_EDGE ( 'NONE', *, *, #553, .F. ) ;
#2242 = ORIENTED_EDGE ( 'NONE', *, *, #429, .T. ) ;
#2243 = PLANE ( 'NONE',  #2818 ) ;
#2244 = AXIS2_PLACEMENT_3D ( 'NONE', #895, #912, #3150 ) ;
#2245 = EDGE_CURVE ( 'NONE', #622, #3950, #131, .T. ) ;
#2246 = FACE_OUTER_BOUND ( 'NONE', #801, .T. ) ;
#2247 = CIRCLE ( 'NONE', #1122, 2.000000000000001776 ) ;
#2248 = ORIENTED_EDGE ( 'NONE', *, *, #3277, .T. ) ;
#2249 = CARTESIAN_POINT ( 'NONE',  ( 2.000000000000000000, 194.5999999999999943, 16.00000000000000000 ) ) ;
#2250 = FACE_OUTER_BOUND ( 'NONE', #1821, .T. ) ;
#2251 = CIRCLE ( 'NONE', #70, 2.000000000000001776 ) ;
#2252 = FACE_OUTER_BOUND ( 'NONE', #3477, .T. ) ;
#2253 = VERTEX_POINT ( 'NONE', #1554 ) ;
#2254 = ADVANCED_FACE ( 'NONE', ( #5 ), #3423, .F. ) ;
#2255 = AXIS2_PLACEMENT_3D ( 'NONE', #1712, #3974, #2647 ) ;
#2256 = CYLINDRICAL_SURFACE ( 'NONE', #3451, 2.000000000000001776 ) ;
#2257 = LINE ( 'NONE', #2216, #990 ) ;
#2258 = VECTOR ( 'NONE', #1029, 1000.000000000000000 ) ;
#2259 = CARTESIAN_POINT ( 'NONE',  ( 2.000000000000000000, 72.09999999999999432, 4.299999999999999822 ) ) ;
#2260 = DIRECTION ( 'NONE',  ( 1.000000000000000000, 0.000000000000000000, -0.000000000000000000 ) ) ;
#2261 = VECTOR ( 'NONE', #2707, 1000.000000000000000 ) ;
#2262 = LINE ( 'NONE', #3256, #2446 ) ;
#2263 = AXIS2_PLACEMENT_3D ( 'NONE', #407, #1607, #716 ) ;
#2264 = FACE_OUTER_BOUND ( 'NONE', #3019, .T. ) ;
#2265 = ORIENTED_EDGE ( 'NONE', *, *, #3829, .F. ) ;
#2266 = ORIENTED_EDGE ( 'NONE', *, *, #354, .F. ) ;
#2267 = EDGE_CURVE ( 'NONE', #1102, #1476, #655, .T. ) ;
#2268 = EDGE_CURVE ( 'NONE', #2473, #3450, #2043, .T. ) ;
#2269 = VECTOR ( 'NONE', #3380, 1000.000000000000000 ) ;
#2270 = CARTESIAN_POINT ( 'NONE',  ( -2.299999999999999822, -91.85246629291785325, 34.62644355067057944 ) ) ;
#2271 = FACE_BOUND ( 'NONE', #464, .T. ) ;
#2272 = VERTEX_POINT ( 'NONE', #4083 ) ;
#2273 = DIRECTION ( 'NONE',  ( 1.000000000000000000, 0.000000000000000000, 0.000000000000000000 ) ) ;
#2274 = DIRECTION ( 'NONE',  ( 0.000000000000000000, 0.000000000000000000, -1.000000000000000000 ) ) ;
#2275 = AXIS2_PLACEMENT_3D ( 'NONE', #3893, #2039, #3306 ) ;
#2276 = CARTESIAN_POINT ( 'NONE',  ( 2.000000000000000000, 145.0000000000000000, 102.0000000000000142 ) ) ;
#2277 = ORIENTED_EDGE ( 'NONE', *, *, #1887, .T. ) ;
#2278 = FACE_OUTER_BOUND ( 'NONE', #1436, .T. ) ;
#2279 = DIRECTION ( 'NONE',  ( 0.000000000000000000, 0.000000000000000000, 1.000000000000000000 ) ) ;
#2280 = FACE_OUTER_BOUND ( 'NONE', #3522, .T. ) ;
#2281 = CARTESIAN_POINT ( 'NONE',  ( 1.500000000000000000, 193.0000000000000000, 94.00000000000000000 ) ) ;
#2282 = DIRECTION ( 'NONE',  ( 0.000000000000000000, 0.000000000000000000, -1.000000000000000000 ) ) ;
#2283 = EDGE_CURVE ( 'NONE', #2867, #3958, #3712, .T. ) ;
#2284 = DIRECTION ( 'NONE',  ( 1.000000000000000000, 0.000000000000000000, 0.000000000000000000 ) ) ;
#2285 = ORIENTED_EDGE ( 'NONE', *, *, #3405, .T. ) ;
#2286 = ORIENTED_EDGE ( 'NONE', *, *, #978, .F. ) ;
#2287 = AXIS2_PLACEMENT_3D ( 'NONE', #2349, #1396, #3951 ) ;
#2288 = CALENDAR_DATE ( 2026, 26, 8 ) ;
#2289 = ADVANCED_FACE ( 'NONE', ( #3403 ), #1218, .F. ) ;
#2290 = ORIENTED_EDGE ( 'NONE', *, *, #2923, .T. ) ;
#2291 = LINE ( 'NONE', #3553, #854 ) ;
#2292 = ORIENTED_EDGE ( 'NONE', *, *, #3183, .T. ) ;
#2293 = CARTESIAN_POINT ( 'NONE',  ( 0.000000000000000000, 0.000000000000000000, 0.000000000000000000 ) ) ;
#2294 = DIRECTION ( 'NONE',  ( 0.000000000000000000, 0.000000000000000000, 1.000000000000000000 ) ) ;
#2295 = CARTESIAN_POINT ( 'NONE',  ( 2.000000000000000000, -11.53256259467079836, 24.00000000000000000 ) ) ;
#2296 = ORIENTED_EDGE ( 'NONE', *, *, #333, .F. ) ;
#2297 = LINE ( 'NONE', #1296, #218 ) ;
#2298 = PLANE ( 'NONE',  #2784 ) ;
#2299 = DIRECTION ( 'NONE',  ( 0.000000000000000000, 0.000000000000000000, -1.000000000000000000 ) ) ;
#2300 = LINE ( 'NONE', #3583, #1784 ) ;
#2301 = LINE ( 'NONE', #1902, #4035 ) ;
#2302 = DIRECTION ( 'NONE',  ( 0.000000000000000000, 0.000000000000000000, -1.000000000000000000 ) ) ;
#2303 = ORIENTED_EDGE ( 'NONE', *, *, #2024, .T. ) ;
#2304 = EDGE_LOOP ( 'NONE', ( #1284, #353, #3387, #881 ) ) ;
#2305 = VERTEX_POINT ( 'NONE', #581 ) ;
#2306 = ORIENTED_EDGE ( 'NONE', *, *, #60, .F. ) ;
#2307 = FACE_OUTER_BOUND ( 'NONE', #2848, .T. ) ;
#2308 = EDGE_CURVE ( 'NONE', #2952, #3717, #1882, .T. ) ;
#2309 = FACE_OUTER_BOUND ( 'NONE', #1117, .T. ) ;
#2310 = CARTESIAN_POINT ( 'NONE',  ( -2.299999999999999822, 72.09999999999999432, 7.700000000000000178 ) ) ;
#2311 = ORIENTED_EDGE ( 'NONE', *, *, #929, .F. ) ;
#2312 = DIRECTION ( 'NONE',  ( -1.000000000000000000, -0.000000000000000000, 0.000000000000000000 ) ) ;
#2313 = EDGE_CURVE ( 'NONE', #1531, #855, #1182, .T. ) ;
#2314 = CARTESIAN_POINT ( 'NONE',  ( -2.000000000000000000, 48.46743740532919986, 24.00000000000000000 ) ) ;
#2315 = VECTOR ( 'NONE', #259, 1000.000000000000000 ) ;
#2316 = DIRECTION ( 'NONE',  ( 0.000000000000000000, 0.000000000000000000, 1.000000000000000000 ) ) ;
#2317 = FACE_BOUND ( 'NONE', #3235, .T. ) ;
#2318 = DIRECTION ( 'NONE',  ( 0.000000000000000000, -1.000000000000000000, -0.000000000000000000 ) ) ;
#2319 = AXIS2_PLACEMENT_3D ( 'NONE', #2584, #1009, #2279 ) ;
#2320 = LINE ( 'NONE', #3586, #1599 ) ;
#2321 = EDGE_CURVE ( 'NONE', #1231, #3289, #265, .T. ) ;
#2322 = ORIENTED_EDGE ( 'NONE', *, *, #3883, .T. ) ;
#2323 = CLOSED_SHELL ( 'NONE', ( #1409, #2139, #2505, #2254, #1663, #2579, #3797, #1795, #3271, #3051, #3498, #492, #1263, #1844, #798, #2438, #1869, #3173, #963, #3971, #2079, #415, #795, #2485, #3924, #3526, #2404, #3058, #3888, #369, #551, #1982, #1941, #2017, #1719, #689, #3159, #1566, #3813, #463, #2433, #3803, #3686, #3034, #1437, #3327, #3379, #889, #1929, #937, #4093, #684, #2088, #945, #294, #3008, #1103, #3900, #1680, #1776, #1765, #1147, #1295, #2011, #3645, #3488, #437, #1381, #322, #3125, #105, #2963, #1701, #2387, #2855, #1526, #1233, #2661, #1186, #1527, #3881, #1343, #2105, #2411, #557, #2427, #3533, #2530, #3601, #728, #80, #1015, #2642, #2888, #1351, #758, #2289, #1045, #2055, #968, #4076, #914, #3628, #1715, #2935, #1165, #2558, #761, #2337, #957, #1551, #2696, #141, #3938, #2117, #859, #3475, #3558 ) ) ;
#2324 = ORIENTED_EDGE ( 'NONE', *, *, #191, .F. ) ;
#2325 = VECTOR ( 'NONE', #2998, 1000.000000000000000 ) ;
#2326 = ORIENTED_EDGE ( 'NONE', *, *, #1961, .F. ) ;
#2327 = AXIS2_PLACEMENT_3D ( 'NONE', #3885, #2866, #1368 ) ;
#2328 = DIRECTION ( 'NONE',  ( 1.000000000000000000, 0.000000000000000000, -0.000000000000000000 ) ) ;
#2329 = DIRECTION ( 'NONE',  ( 1.000000000000000000, 0.000000000000000000, 0.000000000000000000 ) ) ;
#2330 = APPROVAL ( #3551, '未' ) ;
#2331 = AXIS2_PLACEMENT_3D ( 'NONE', #87, #1899, #1986 ) ;
#2332 = CARTESIAN_POINT ( 'NONE',  ( -2.000000000000000000, 193.0000000000000000, 102.0000000000000142 ) ) ;
#2333 = VERTEX_POINT ( 'NONE', #623 ) ;
#2334 = CARTESIAN_POINT ( 'NONE',  ( 2.000000000000000000, 61.25000000000000000, 6.000000000000000000 ) ) ;
#2335 = VECTOR ( 'NONE', #2519, 1000.000000000000000 ) ;
#2336 = CARTESIAN_POINT ( 'NONE',  ( 2.000000000000000000, 150.0000000000000000, 48.89999999999999858 ) ) ;
#2337 = ADVANCED_FACE ( 'NONE', ( #2484 ), #3795, .F. ) ;
#2338 = DIRECTION ( 'NONE',  ( 0.000000000000000000, -1.000000000000000000, 0.000000000000000000 ) ) ;
#2339 = VERTEX_POINT ( 'NONE', #1179 ) ;
#2340 = EDGE_CURVE ( 'NONE', #3717, #3511, #3105, .T. ) ;
#2341 = LINE ( 'NONE', #1232, #3975 ) ;
#2342 = PLANE ( 'NONE',  #3458 ) ;
#2343 = VERTEX_POINT ( 'NONE', #1510 ) ;
#2344 = ORIENTED_EDGE ( 'NONE', *, *, #286, .F. ) ;
#2345 = DIRECTION ( 'NONE',  ( 1.000000000000000000, 0.000000000000000000, 0.000000000000000000 ) ) ;
#2346 = EDGE_LOOP ( 'NONE', ( #1131, #1638, #243, #2032 ) ) ;
#2347 = ORIENTED_EDGE ( 'NONE', *, *, #3991, .F. ) ;
#2348 = CARTESIAN_POINT ( 'NONE',  ( -1.500000000000000000, 0.000000000000000000, 24.00000000000000000 ) ) ;
#2349 = CARTESIAN_POINT ( 'NONE',  ( 0.000000000000000000, 0.000000000000000000, 96.00000000000000000 ) ) ;
#2350 = EDGE_CURVE ( 'NONE', #2952, #1825, #1842, .T. ) ;
#2351 = DIRECTION ( 'NONE',  ( 0.000000000000000000, 0.000000000000000000, -1.000000000000000000 ) ) ;
#2352 = VERTEX_POINT ( 'NONE', #2009 ) ;
#2353 = EDGE_CURVE ( 'NONE', #3138, #3015, #588, .T. ) ;
#2354 = CARTESIAN_POINT ( 'NONE',  ( -2.000000000000000000, 71.53256259467079303, 24.00000000000000000 ) ) ;
#2355 = DIRECTION ( 'NONE',  ( 0.000000000000000000, 0.000000000000000000, 1.000000000000000000 ) ) ;
#2356 = DIRECTION ( 'NONE',  ( 1.000000000000000000, 0.000000000000000000, 0.000000000000000000 ) ) ;
#2357 = ORIENTED_EDGE ( 'NONE', *, *, #2268, .T. ) ;
#2358 = LINE ( 'NONE', #2983, #402 ) ;
#2359 = EDGE_CURVE ( 'NONE', #711, #3032, #2300, .T. ) ;
#2360 = DIRECTION ( 'NONE',  ( 1.000000000000000000, 0.000000000000000000, 0.000000000000000000 ) ) ;
#2361 = ORIENTED_EDGE ( 'NONE', *, *, #129, .T. ) ;
#2362 = DIRECTION ( 'NONE',  ( 1.000000000000000000, 0.000000000000000000, 0.000000000000000000 ) ) ;
#2363 = ORIENTED_EDGE ( 'NONE', *, *, #694, .F. ) ;
#2364 = FACE_OUTER_BOUND ( 'NONE', #2231, .T. ) ;
#2365 = ORIENTED_EDGE ( 'NONE', *, *, #3481, .T. ) ;
#2366 = ORIENTED_EDGE ( 'NONE', *, *, #233, .T. ) ;
#2367 = LINE ( 'NONE', #3633, #1556 ) ;
#2368 = FACE_OUTER_BOUND ( 'NONE', #2529, .T. ) ;
#2369 = ORIENTED_EDGE ( 'NONE', *, *, #2406, .T. ) ;
#2370 = DIRECTION ( 'NONE',  ( 1.000000000000000000, 0.000000000000000000, 0.000000000000000000 ) ) ;
#2371 = CARTESIAN_POINT ( 'NONE',  ( 2.000000000000000000, 150.0000000000000000, 41.99999999999999289 ) ) ;
#2372 = AXIS2_PLACEMENT_3D ( 'NONE', #1678, #3230, #1615 ) ;
#2373 = CYLINDRICAL_SURFACE ( 'NONE', #358, 2.749999999999999112 ) ;
#2374 = VERTEX_POINT ( 'NONE', #2281 ) ;
#2375 = VECTOR ( 'NONE', #4026, 1000.000000000000000 ) ;
#2376 = APPROVAL_ROLE ( '' ) ;
#2377 = AXIS2_PLACEMENT_3D ( 'NONE', #2880, #3250, #2834 ) ;
#2378 = CARTESIAN_POINT ( 'NONE',  ( -2.299999999999999822, 133.0000000000000000, 102.0000000000000142 ) ) ;
#2379 = VERTEX_POINT ( 'NONE', #45 ) ;
#2380 = LINE ( 'NONE', #460, #983 ) ;
#2381 = EDGE_LOOP ( 'NONE', ( #2700, #908, #3422, #785 ) ) ;
#2382 = CARTESIAN_POINT ( 'NONE',  ( 0.000000000000000000, 175.0000000000000000, 100.0000000000000000 ) ) ;
#2383 = AXIS2_PLACEMENT_3D ( 'NONE', #591, #1521, #1832 ) ;
#2384 = ORIENTED_EDGE ( 'NONE', *, *, #2267, .F. ) ;
#2385 = EDGE_CURVE ( 'NONE', #3259, #1267, #3704, .T. ) ;
#2386 = ORIENTED_EDGE ( 'NONE', *, *, #2495, .F. ) ;
#2387 = ADVANCED_FACE ( 'NONE', ( #1279 ), #2945, .F. ) ;
#2388 = AXIS2_PLACEMENT_3D ( 'NONE', #1612, #1673, #2942 ) ;
#2389 = LINE ( 'NONE', #819, #2479 ) ;
#2390 = CARTESIAN_POINT ( 'NONE',  ( -1.500000000000000000, 198.0000000000000000, 0.000000000000000000 ) ) ;
#2391 = ORIENTED_EDGE ( 'NONE', *, *, #3184, .T. ) ;
#2392 = DIRECTION ( 'NONE',  ( 0.000000000000000000, 0.000000000000000000, -1.000000000000000000 ) ) ;
#2393 = DIRECTION ( 'NONE',  ( 1.000000000000000000, 0.000000000000000000, -0.000000000000000000 ) ) ;
#2394 = VECTOR ( 'NONE', #1837, 1000.000000000000000 ) ;
#2395 = CIRCLE ( 'NONE', #78, 1.700000000000000178 ) ;
#2396 = CARTESIAN_POINT ( 'NONE',  ( -1.500000000000000000, 0.000000000000000000, 90.00000000000000000 ) ) ;
#2397 = VERTEX_POINT ( 'NONE', #395 ) ;
#2398 = AXIS2_PLACEMENT_3D ( 'NONE', #784, #439, #473 ) ;
#2399 = APPROVAL_ROLE ( '' ) ;
#2400 = AXIS2_PLACEMENT_3D ( 'NONE', #1810, #2491, #1849 ) ;
#2401 = DIRECTION ( 'NONE',  ( -0.000000000000000000, 0.000000000000000000, -1.000000000000000000 ) ) ;
#2402 = EDGE_LOOP ( 'NONE', ( #2914, #2052 ) ) ;
#2403 = CARTESIAN_POINT ( 'NONE',  ( 2.000000000000000000, 0.000000000000000000, 30.00000000000000000 ) ) ;
#2404 = ADVANCED_FACE ( 'NONE', ( #1635 ), #1945, .T. ) ;
#2405 = VERTEX_POINT ( 'NONE', #28 ) ;
#2406 = EDGE_CURVE ( 'NONE', #2867, #1017, #1985, .T. ) ;
#2407 = DIRECTION ( 'NONE',  ( -1.000000000000000000, -0.000000000000000000, 0.000000000000000000 ) ) ;
#2408 = ORIENTED_EDGE ( 'NONE', *, *, #3991, .T. ) ;
#2409 = VERTEX_POINT ( 'NONE', #3528 ) ;
#2410 = CARTESIAN_POINT ( 'NONE',  ( -2.000000000000000000, -150.0000000000000000, 48.89999999999999858 ) ) ;
#2411 = ADVANCED_FACE ( 'NONE', ( #2631 ), #2547, .F. ) ;
#2412 = CARTESIAN_POINT ( 'NONE',  ( 2.000000000000000000, -170.0000000000000000, 68.00000000000000000 ) ) ;
#2413 = EDGE_LOOP ( 'NONE', ( #1568, #2218, #3549, #179 ) ) ;
#2414 = FACE_OUTER_BOUND ( 'NONE', #112, .T. ) ;
#2415 = VECTOR ( 'NONE', #3267, 1000.000000000000000 ) ;
#2416 = FACE_OUTER_BOUND ( 'NONE', #4027, .T. ) ;
#2417 = AXIS2_PLACEMENT_3D ( 'NONE', #3777, #976, #3135 ) ;
#2418 = CARTESIAN_POINT ( 'NONE',  ( 0.000000000000000000, 154.0000000000000000, 104.0000000000000142 ) ) ;
#2419 = VERTEX_POINT ( 'NONE', #3819 ) ;
#2420 = CARTESIAN_POINT ( 'NONE',  ( 2.000000000000000000, -170.0000000000000000, 70.75000000000001421 ) ) ;
#2421 = PERSON_AND_ORGANIZATION ( #3825, #3609 ) ;
#2422 = DIRECTION ( 'NONE',  ( 1.000000000000000000, 0.000000000000000000, 0.000000000000000000 ) ) ;
#2423 = VERTEX_POINT ( 'NONE', #1988 ) ;
#2424 = LINE ( 'NONE', #3870, #1243 ) ;
#2425 = DIRECTION ( 'NONE',  ( 0.000000000000000000, 1.000000000000000000, 0.000000000000000000 ) ) ;
#2426 = DIRECTION ( 'NONE',  ( 0.000000000000000000, 0.000000000000000000, 1.000000000000000000 ) ) ;
#2427 = ADVANCED_FACE ( 'NONE', ( #971 ), #991, .F. ) ;
#2428 = ORIENTED_EDGE ( 'NONE', *, *, #3183, .F. ) ;
#2429 = VERTEX_POINT ( 'NONE', #62 ) ;
#2430 = DIRECTION ( 'NONE',  ( 0.000000000000000000, 0.000000000000000000, -1.000000000000000000 ) ) ;
#2431 = DIRECTION ( 'NONE',  ( 1.000000000000000000, 0.000000000000000000, -0.000000000000000000 ) ) ;
#2432 = EDGE_LOOP ( 'NONE', ( #2107, #1194 ) ) ;
#2433 = ADVANCED_FACE ( 'NONE', ( #2237, #1320, #3254, #2586, #2611, #3546, #705, #1033, #2317, #1968, #3504, #3880, #417, #664, #1924, #3192, #360, #3012, #2989, #462, #1163, #1413, #1389, #1100, #852, #1141 ), #3361, .T. ) ;
#2434 = DIRECTION ( 'NONE',  ( -0.000000000000000000, 1.000000000000000000, 0.000000000000000000 ) ) ;
#2435 = CARTESIAN_POINT ( 'NONE',  ( -2.299999999999999822, 175.0000000000000284, 102.0000000000000142 ) ) ;
#2436 = CARTESIAN_POINT ( 'NONE',  ( 0.000000000000000000, 198.0000000000000000, 24.00000000000000000 ) ) ;
#2437 = VERTEX_POINT ( 'NONE', #3948 ) ;
#2438 = ADVANCED_FACE ( 'NONE', ( #2364 ), #1764, .F. ) ;
#2439 = PLANE ( 'NONE',  #2048 ) ;
#2440 = FACE_BOUND ( 'NONE', #2460, .T. ) ;
#2441 = VECTOR ( 'NONE', #1883, 1000.000000000000000 ) ;
#2442 = EDGE_LOOP ( 'NONE', ( #3807, #188, #1159, #1416 ) ) ;
#2443 = CARTESIAN_POINT ( 'NONE',  ( 2.000000000000000000, -72.09999999999999432, 16.00000000000000000 ) ) ;
#2444 = FACE_OUTER_BOUND ( 'NONE', #2162, .T. ) ;
#2445 = CARTESIAN_POINT ( 'NONE',  ( 2.000000000000000000, 198.0000000000000000, 24.00000000000000000 ) ) ;
#2446 = VECTOR ( 'NONE', #3565, 1000.000000000000000 ) ;
#2447 = EDGE_CURVE ( 'NONE', #1686, #3739, #220, .T. ) ;
#2448 = ORIENTED_EDGE ( 'NONE', *, *, #634, .F. ) ;
#2449 = AXIS2_PLACEMENT_3D ( 'NONE', #511, #1190, #2813 ) ;
#2450 = ORIENTED_EDGE ( 'NONE', *, *, #2476, .T. ) ;
#2451 = DIRECTION ( 'NONE',  ( 0.000000000000000000, 0.000000000000000000, -1.000000000000000000 ) ) ;
#2452 = VECTOR ( 'NONE', #1089, 1000.000000000000000 ) ;
#2453 = CARTESIAN_POINT ( 'NONE',  ( -1.500000000000000000, -173.0000000000000284, 47.00000000000000000 ) ) ;
#2454 = EDGE_LOOP ( 'NONE', ( #3676, #916, #3345, #1073 ) ) ;
#2455 = VECTOR ( 'NONE', #2626, 1000.000000000000000 ) ;
#2456 = DIRECTION ( 'NONE',  ( 1.000000000000000000, 0.000000000000000000, -0.000000000000000000 ) ) ;
#2457 = DIRECTION ( 'NONE',  ( 1.000000000000000000, 0.000000000000000000, 0.000000000000000000 ) ) ;
#2458 = AXIS2_PLACEMENT_3D ( 'NONE', #3981, #1076, #2697 ) ;
#2459 = LINE ( 'NONE', #3706, #3792 ) ;
#2460 = EDGE_LOOP ( 'NONE', ( #1830, #2655 ) ) ;
#2461 = CARTESIAN_POINT ( 'NONE',  ( 2.000000000000000000, 3.367778697655217560E-16, 32.75000000000000000 ) ) ;
#2462 = VECTOR ( 'NONE', #314, 1000.000000000000000 ) ;
#2463 = CARTESIAN_POINT ( 'NONE',  ( -2.000000000000000000, -184.0000000000000000, 53.92820323027554252 ) ) ;
#2464 = VERTEX_POINT ( 'NONE', #1474 ) ;
#2465 = CARTESIAN_POINT ( 'NONE',  ( 0.000000000000000000, 84.99999999999998579, 90.00000000000000000 ) ) ;
#2466 = VERTEX_POINT ( 'NONE', #177 ) ;
#2467 = DIRECTION ( 'NONE',  ( 0.000000000000000000, 0.000000000000000000, -1.000000000000000000 ) ) ;
#2468 = CIRCLE ( 'NONE', #3000, 1.700000000000000178 ) ;
#2469 = ORIENTED_EDGE ( 'NONE', *, *, #3736, .F. ) ;
#2470 = VERTEX_POINT ( 'NONE', #2659 ) ;
#2471 = CARTESIAN_POINT ( 'NONE',  ( -2.000000000000000000, -173.0000000000000284, 47.00000000000000000 ) ) ;
#2472 = CYLINDRICAL_SURFACE ( 'NONE', #1407, 2.250000000000000444 ) ;
#2473 = VERTEX_POINT ( 'NONE', #1783 ) ;
#2474 = PLANE ( 'NONE',  #871 ) ;
#2475 = DIRECTION ( 'NONE',  ( 1.000000000000000000, 0.000000000000000000, 0.000000000000000000 ) ) ;
#2476 = EDGE_CURVE ( 'NONE', #1802, #2253, #1718, .T. ) ;
#2477 = CARTESIAN_POINT ( 'NONE',  ( -1.500000000000000000, 0.000000000000000000, 96.00000000000000000 ) ) ;
#2478 = ORIENTED_EDGE ( 'NONE', *, *, #2589, .T. ) ;
#2479 = VECTOR ( 'NONE', #3697, 1000.000000000000000 ) ;
#2480 = DIRECTION ( 'NONE',  ( 0.000000000000000000, -1.000000000000000000, -0.000000000000000000 ) ) ;
#2481 = CIRCLE ( 'NONE', #832, 2.750000000000002665 ) ;
#2482 = CARTESIAN_POINT ( 'NONE',  ( 2.000000000000000000, 60.00000000000000000, 30.00000000000000000 ) ) ;
#2483 = ORIENTED_EDGE ( 'NONE', *, *, #3736, .T. ) ;
#2484 = FACE_OUTER_BOUND ( 'NONE', #996, .T. ) ;
#2485 = ADVANCED_FACE ( 'NONE', ( #3629 ), #2096, .T. ) ;
#2486 = CARTESIAN_POINT ( 'NONE',  ( -2.299999999999999822, 194.5999999999999943, 7.700000000000000178 ) ) ;
#2487 = ORIENTED_EDGE ( 'NONE', *, *, #3287, .T. ) ;
#2488 = ORIENTED_EDGE ( 'NONE', *, *, #3043, .F. ) ;
#2489 = FACE_OUTER_BOUND ( 'NONE', #1539, .T. ) ;
#2490 = ORIENTED_EDGE ( 'NONE', *, *, #1031, .F. ) ;
#2491 = DIRECTION ( 'NONE',  ( -1.000000000000000000, -0.000000000000000000, 0.000000000000000000 ) ) ;
#2492 = ORIENTED_EDGE ( 'NONE', *, *, #286, .T. ) ;
#2493 = LINE ( 'NONE', #3784, #1995 ) ;
#2494 = CYLINDRICAL_SURFACE ( 'NONE', #1252, 1.700000000000000178 ) ;
#2495 = EDGE_CURVE ( 'NONE', #1505, #480, #1725, .T. ) ;
#2496 = PLANE ( 'NONE',  #3660 ) ;
#2497 = ORIENTED_EDGE ( 'NONE', *, *, #601, .F. ) ;
#2498 = PLANE ( 'NONE',  #1250 ) ;
#2499 = PRODUCT_DEFINITION_SHAPE ( 'NONE', 'NONE',  #3674 ) ;
#2500 = EDGE_CURVE ( 'NONE', #2222, #1686, #445, .T. ) ;
#2501 = LINE ( 'NONE', #3768, #1669 ) ;
#2502 = ORIENTED_EDGE ( 'NONE', *, *, #4038, .T. ) ;
#2503 = CARTESIAN_POINT ( 'NONE',  ( -2.299999999999999822, 145.0000000000000000, 92.00000000000000000 ) ) ;
#2504 = DIRECTION ( 'NONE',  ( 0.000000000000000000, 0.000000000000000000, -1.000000000000000000 ) ) ;
#2505 = ADVANCED_FACE ( 'NONE', ( #2967 ), #1080, .F. ) ;
#2506 = CIRCLE ( 'NONE', #3700, 2.250000000000000444 ) ;
#2507 = ORIENTED_EDGE ( 'NONE', *, *, #1828, .T. ) ;
#2508 = ORIENTED_EDGE ( 'NONE', *, *, #125, .F. ) ;
#2509 = AXIS2_PLACEMENT_3D ( 'NONE', #3772, #1495, #624 ) ;
#2510 = LINE ( 'NONE', #939, #176 ) ;
#2511 = EDGE_CURVE ( 'NONE', #1996, #2908, #2077, .T. ) ;
#2512 = AXIS2_PLACEMENT_3D ( 'NONE', #2676, #1112, #3941 ) ;
#2513 = EDGE_CURVE ( 'NONE', #3426, #442, #833, .T. ) ;
#2514 = DIRECTION ( 'NONE',  ( 0.000000000000000000, -1.000000000000000000, 0.000000000000000000 ) ) ;
#2515 = ORIENTED_EDGE ( 'NONE', *, *, #1220, .F. ) ;
#2516 = LINE ( 'NONE', #1812, #541 ) ;
#2517 = DIRECTION ( 'NONE',  ( 1.000000000000000000, 0.000000000000000000, -0.000000000000000000 ) ) ;
#2518 = VECTOR ( 'NONE', #1853, 1000.000000000000000 ) ;
#2519 = DIRECTION ( 'NONE',  ( 1.000000000000000000, 0.000000000000000000, 0.000000000000000000 ) ) ;
#2520 = ORIENTED_EDGE ( 'NONE', *, *, #710, .T. ) ;
#2521 = LINE ( 'NONE', #3791, #3514 ) ;
#2522 = CIRCLE ( 'NONE', #2125, 2.000000000000001776 ) ;
#2523 = DIRECTION ( 'NONE',  ( 0.000000000000000000, 0.000000000000000000, 1.000000000000000000 ) ) ;
#2524 = ORIENTED_EDGE ( 'NONE', *, *, #1059, .T. ) ;
#2525 = DIRECTION ( 'NONE',  ( 0.000000000000000000, 0.000000000000000000, 1.000000000000000000 ) ) ;
#2526 = AXIS2_PLACEMENT_3D ( 'NONE', #3302, #3285, #1707 ) ;
#2527 = LINE ( 'NONE', #1202, #2441 ) ;
#2528 = VECTOR ( 'NONE', #1967, 1000.000000000000000 ) ;
#2529 = EDGE_LOOP ( 'NONE', ( #3179, #1354, #539, #3759 ) ) ;
#2530 = ADVANCED_FACE ( 'NONE', ( #3049 ), #2745, .F. ) ;
#2531 = EDGE_LOOP ( 'NONE', ( #3301, #1758, #940, #565 ) ) ;
#2532 = CIRCLE ( 'NONE', #2869, 1.700000000000000178 ) ;
#2533 = DIRECTION ( 'NONE',  ( 1.000000000000000000, 0.000000000000000000, -0.000000000000000000 ) ) ;
#2534 = AXIS2_PLACEMENT_3D ( 'NONE', #3348, #3411, #572 ) ;
#2535 = ORIENTED_EDGE ( 'NONE', *, *, #3216, .F. ) ;
#2536 = CARTESIAN_POINT ( 'NONE',  ( -1.500000000000000000, 0.000000000000000000, 0.000000000000000000 ) ) ;
#2537 = ORIENTED_EDGE ( 'NONE', *, *, #1281, .T. ) ;
#2538 = LINE ( 'NONE', #54, #3121 ) ;
#2539 = CARTESIAN_POINT ( 'NONE',  ( -2.299999999999999822, 85.00000000000000000, 92.00000000000000000 ) ) ;
#2540 = FACE_BOUND ( 'NONE', #1490, .T. ) ;
#2541 = VERTEX_POINT ( 'NONE', #2114 ) ;
#2542 = CARTESIAN_POINT ( 'NONE',  ( 1.500000000000000000, 0.000000000000000000, 94.00000000000000000 ) ) ;
#2543 = FACE_BOUND ( 'NONE', #3718, .T. ) ;
#2544 = AXIS2_PLACEMENT_3D ( 'NONE', #3326, #1978, #1749 ) ;
#2545 = DIRECTION ( 'NONE',  ( 0.000000000000000000, 1.000000000000000000, 0.000000000000000000 ) ) ;
#2546 = ORIENTED_EDGE ( 'NONE', *, *, #526, .F. ) ;
#2547 = CYLINDRICAL_SURFACE ( 'NONE', #3439, 2.749999999999999112 ) ;
#2548 = LINE ( 'NONE', #2567, #1247 ) ;
#2549 = PRODUCT_DEFINITION_FORMATION_WITH_SPECIFIED_SOURCE ( '�', '', #299, .NOT_KNOWN. ) ;
#2550 = CARTESIAN_POINT ( 'NONE',  ( -2.299999999999999822, 61.25000000000000000, 6.000000000000000000 ) ) ;
#2551 = VERTEX_POINT ( 'NONE', #2682 ) ;
#2552 = ORIENTED_EDGE ( 'NONE', *, *, #3077, .F. ) ;
#2553 = DIRECTION ( 'NONE',  ( -1.000000000000000000, -0.000000000000000000, 0.000000000000000000 ) ) ;
#2554 = DIRECTION ( 'NONE',  ( 0.000000000000000000, 0.000000000000000000, 1.000000000000000000 ) ) ;
#2555 = EDGE_LOOP ( 'NONE', ( #605, #3324, #1427, #2448 ) ) ;
#2556 = DIRECTION ( 'NONE',  ( -1.000000000000000000, -0.000000000000000000, 0.000000000000000000 ) ) ;
#2557 = CARTESIAN_POINT ( 'NONE',  ( 2.000000000000000000, 0.000000000000000000, 96.00000000000000000 ) ) ;
#2558 = ADVANCED_FACE ( 'NONE', ( #1430 ), #1119, .F. ) ;
#2559 = CARTESIAN_POINT ( 'NONE',  ( -2.299999999999999822, -173.0000000000000284, 47.00000000000000000 ) ) ;
#2560 = ORIENTED_EDGE ( 'NONE', *, *, #2308, .T. ) ;
#2561 = DIRECTION ( 'NONE',  ( 0.000000000000000000, 0.000000000000000000, -1.000000000000000000 ) ) ;
#2562 = DIRECTION ( 'NONE',  ( 0.000000000000000000, 1.000000000000000000, 0.000000000000000000 ) ) ;
#2563 = EDGE_CURVE ( 'NONE', #1890, #1531, #815, .T. ) ;
#2564 = CARTESIAN_POINT ( 'NONE',  ( 2.000000000000000000, -198.0000000000000000, 24.00000000000000000 ) ) ;
#2565 = DIRECTION ( 'NONE',  ( 1.000000000000000000, 0.000000000000000000, -0.000000000000000000 ) ) ;
#2566 = MANIFOLD_SOLID_BREP ( 'V0.7 3 mm continuous side core with 4 mm primary load paths and edge bands', #2323 ) ;
#2567 = CARTESIAN_POINT ( 'NONE',  ( -1.500000000000000000, -184.0000000000000000, 0.000000000000000000 ) ) ;
#2568 = DIRECTION ( 'NONE',  ( -1.000000000000000000, 0.000000000000000000, 0.000000000000000000 ) ) ;
#2569 = VERTEX_POINT ( 'NONE', #2839 ) ;
#2570 = FACE_OUTER_BOUND ( 'NONE', #4043, .T. ) ;
#2571 = EDGE_CURVE ( 'NONE', #480, #874, #2527, .T. ) ;
#2572 = VECTOR ( 'NONE', #933, 1000.000000000000000 ) ;
#2573 = PLANE ( 'NONE',  #1938 ) ;
#2574 = VECTOR ( 'NONE', #6, 1000.000000000000000 ) ;
#2575 = VERTEX_POINT ( 'NONE', #3798 ) ;
#2576 = DIRECTION ( 'NONE',  ( 0.000000000000000000, -1.000000000000000000, 0.000000000000000000 ) ) ;
#2577 = CARTESIAN_POINT ( 'NONE',  ( 0.000000000000000000, 94.00000000000000000, 104.0000000000000142 ) ) ;
#2578 = VECTOR ( 'NONE', #2946, 1000.000000000000000 ) ;
#2579 = ADVANCED_FACE ( 'NONE', ( #3406 ), #878, .F. ) ;
#2580 = DIRECTION ( 'NONE',  ( 0.000000000000000000, 0.000000000000000000, 1.000000000000000000 ) ) ;
#2581 = ORIENTED_EDGE ( 'NONE', *, *, #2796, .T. ) ;
#2582 = VECTOR ( 'NONE', #3562, 1000.000000000000000 ) ;
#2583 = LINE ( 'NONE', #3833, #1661 ) ;
#2584 = CARTESIAN_POINT ( 'NONE',  ( -2.000000000000000000, -194.5999999999999943, 16.00000000000000000 ) ) ;
#2585 = CARTESIAN_POINT ( 'NONE',  ( -1.500000000000000000, 0.000000000000000000, 94.00000000000000000 ) ) ;
#2586 = FACE_BOUND ( 'NONE', #271, .T. ) ;
#2587 = CIRCLE ( 'NONE', #672, 1.700000000000000178 ) ;
#2588 = CARTESIAN_POINT ( 'NONE',  ( -1.500000000000000000, 0.000000000000000000, 30.00000000000000000 ) ) ;
#2589 = EDGE_CURVE ( 'NONE', #3247, #771, #303, .T. ) ;
#2590 = VECTOR ( 'NONE', #1970, 1000.000000000000000 ) ;
#2591 = DIRECTION ( 'NONE',  ( -0.000000000000000000, 1.000000000000000000, 0.000000000000000000 ) ) ;
#2592 = ORIENTED_EDGE ( 'NONE', *, *, #3097, .T. ) ;
#2593 = ORIENTED_EDGE ( 'NONE', *, *, #919, .T. ) ;
#2594 = ADVANCED_BREP_SHAPE_REPRESENTATION ( 'SideFrame_V07_StableDoubleShearInner', ( #2566, #2089 ), #1558 ) ;
#2595 = AXIS2_PLACEMENT_3D ( 'NONE', #3069, #621, #2173 ) ;
#2596 =( NAMED_UNIT ( * ) SI_UNIT ( $, .STERADIAN. ) SOLID_ANGLE_UNIT ( ) );
#2597 = ORIENTED_EDGE ( 'NONE', *, *, #3146, .T. ) ;
#2598 = FACE_OUTER_BOUND ( 'NONE', #739, .T. ) ;
#2599 = CIRCLE ( 'NONE', #25, 12.99999999999999822 ) ;
#2600 = ORIENTED_EDGE ( 'NONE', *, *, #2951, .F. ) ;
#2601 = DIRECTION ( 'NONE',  ( -0.000000000000000000, 1.000000000000000000, 0.000000000000000000 ) ) ;
#2602 = CARTESIAN_POINT ( 'NONE',  ( -2.000000000000000000, 163.0000000000000000, 104.0000000000000142 ) ) ;
#2603 = CIRCLE ( 'NONE', #297, 6.100000000000001421 ) ;
#2604 = FACE_OUTER_BOUND ( 'NONE', #1471, .T. ) ;
#2605 = ORIENTED_EDGE ( 'NONE', *, *, #3377, .T. ) ;
#2606 = LINE ( 'NONE', #2542, #2924 ) ;
#2607 = DIRECTION ( 'NONE',  ( 1.000000000000000000, 0.000000000000000000, 0.000000000000000000 ) ) ;
#2608 = EDGE_CURVE ( 'NONE', #730, #1188, #2161, .T. ) ;
#2609 = EDGE_CURVE ( 'NONE', #3765, #729, #954, .T. ) ;
#2610 = CARTESIAN_POINT ( 'NONE',  ( -2.000000000000000000, 194.5999999999999943, 4.299999999999999822 ) ) ;
#2611 = FACE_BOUND ( 'NONE', #1259, .T. ) ;
#2612 = DIRECTION ( 'NONE',  ( 1.000000000000000000, 0.000000000000000000, 0.000000000000000000 ) ) ;
#2613 = CARTESIAN_POINT ( 'NONE',  ( -2.000000000000000000, -173.0000000000000284, 44.25000000000000000 ) ) ;
#2614 = EDGE_LOOP ( 'NONE', ( #1326, #3800, #1371, #2723 ) ) ;
#2615 = EDGE_CURVE ( 'NONE', #3149, #115, #3375, .T. ) ;
#2616 = VERTEX_POINT ( 'NONE', #3755 ) ;
#2617 = APPROVAL_STATUS ( 'not_yet_approved' ) ;
#2618 = VECTOR ( 'NONE', #3428, 1000.000000000000000 ) ;
#2619 = ORIENTED_EDGE ( 'NONE', *, *, #978, .T. ) ;
#2620 = EDGE_CURVE ( 'NONE', #1505, #720, #1846, .T. ) ;
#2621 = ORIENTED_EDGE ( 'NONE', *, *, #2145, .T. ) ;
#2622 = CARTESIAN_POINT ( 'NONE',  ( 0.000000000000000000, 163.0000000000000000, 104.0000000000000142 ) ) ;
#2623 = DIRECTION ( 'NONE',  ( 0.000000000000000000, 0.000000000000000000, 1.000000000000000000 ) ) ;
#2624 = DIRECTION ( 'NONE',  ( 0.000000000000000000, 0.000000000000000000, 1.000000000000000000 ) ) ;
#2625 = ORIENTED_EDGE ( 'NONE', *, *, #1477, .F. ) ;
#2626 = DIRECTION ( 'NONE',  ( 0.000000000000000000, 1.000000000000000000, 0.000000000000000000 ) ) ;
#2627 = CARTESIAN_POINT ( 'NONE',  ( -2.000000000000000000, -60.00000000000000000, 30.00000000000000000 ) ) ;
#2628 = EDGE_CURVE ( 'NONE', #3739, #2226, #3073, .T. ) ;
#2629 = EDGE_CURVE ( 'NONE', #1476, #522, #567, .T. ) ;
#2630 = DIRECTION ( 'NONE',  ( 1.000000000000000000, 0.000000000000000000, -0.000000000000000000 ) ) ;
#2631 = FACE_OUTER_BOUND ( 'NONE', #3358, .T. ) ;
#2632 = CARTESIAN_POINT ( 'NONE',  ( 2.000000000000000000, -173.0000000000000284, 47.00000000000000000 ) ) ;
#2633 = CARTESIAN_POINT ( 'NONE',  ( -2.000000000000000000, 150.0000000000000000, 55.00000000000000000 ) ) ;
#2634 = ORIENTED_EDGE ( 'NONE', *, *, #3494, .T. ) ;
#2635 = ORIENTED_EDGE ( 'NONE', *, *, #1920, .T. ) ;
#2636 = EDGE_CURVE ( 'NONE', #2057, #789, #66, .T. ) ;
#2637 = ORIENTED_EDGE ( 'NONE', *, *, #3883, .F. ) ;
#2638 = ORIENTED_EDGE ( 'NONE', *, *, #166, .F. ) ;
#2639 = DIRECTION ( 'NONE',  ( 1.000000000000000000, 0.000000000000000000, 0.000000000000000000 ) ) ;
#2640 = CIRCLE ( 'NONE', #2709, 2.750000000000002665 ) ;
#2641 = DIRECTION ( 'NONE',  ( -1.000000000000000000, -0.000000000000000000, 0.000000000000000000 ) ) ;
#2642 = ADVANCED_FACE ( 'NONE', ( #2783 ), #3442, .F. ) ;
#2643 = AXIS2_PLACEMENT_3D ( 'NONE', #2403, #850, #3626 ) ;
#2644 = DIRECTION ( 'NONE',  ( 0.000000000000000000, -0.000000000000000000, 1.000000000000000000 ) ) ;
#2645 = EDGE_LOOP ( 'NONE', ( #960, #3608, #1587, #2593 ) ) ;
#2646 = LINE ( 'NONE', #3915, #344 ) ;
#2647 = DIRECTION ( 'NONE',  ( 0.000000000000000000, 0.000000000000000000, 1.000000000000000000 ) ) ;
#2648 = CIRCLE ( 'NONE', #860, 12.99999999999999822 ) ;
#2649 = PLANE ( 'NONE',  #2398 ) ;
#2650 = CIRCLE ( 'NONE', #1786, 2.250000000000000444 ) ;
#2651 = ORIENTED_EDGE ( 'NONE', *, *, #3796, .T. ) ;
#2652 = CARTESIAN_POINT ( 'NONE',  ( 2.000000000000000000, -91.85246629291785325, 34.62644355067057944 ) ) ;
#2653 = CIRCLE ( 'NONE', #1522, 13.00000000000000178 ) ;
#2654 = FACE_OUTER_BOUND ( 'NONE', #3827, .T. ) ;
#2655 = ORIENTED_EDGE ( 'NONE', *, *, #2321, .F. ) ;
#2656 = VECTOR ( 'NONE', #3308, 1000.000000000000000 ) ;
#2657 = VECTOR ( 'NONE', #3873, 1000.000000000000000 ) ;
#2658 = EDGE_LOOP ( 'NONE', ( #975, #2762, #4096, #2826 ) ) ;
#2659 = CARTESIAN_POINT ( 'NONE',  ( 2.000000000000000000, 133.0000000000000000, 104.0000000000000142 ) ) ;
#2660 = CIRCLE ( 'NONE', #545, 13.00000000000000178 ) ;
#2661 = ADVANCED_FACE ( 'NONE', ( #3111 ), #3384, .F. ) ;
#2662 = VERTEX_POINT ( 'NONE', #3735 ) ;
#2663 = ORIENTED_EDGE ( 'NONE', *, *, #2884, .F. ) ;
#2664 = VECTOR ( 'NONE', #2545, 1000.000000000000000 ) ;
#2665 = CARTESIAN_POINT ( 'NONE',  ( 2.000000000000000000, -184.0000000000000000, 90.00000000000001421 ) ) ;
#2666 = DIRECTION ( 'NONE',  ( -1.000000000000000000, -0.000000000000000000, 0.000000000000000000 ) ) ;
#2667 = CIRCLE ( 'NONE', #682, 2.250000000000001776 ) ;
#2668 = CARTESIAN_POINT ( 'NONE',  ( -2.000000000000000000, -194.5999999999999943, 13.75000000000000000 ) ) ;
#2669 = ORIENTED_EDGE ( 'NONE', *, *, #977, .T. ) ;
#2670 = EDGE_CURVE ( 'NONE', #2076, #1766, #543, .T. ) ;
#2671 = DIRECTION ( 'NONE',  ( 0.000000000000000000, 0.000000000000000000, 1.000000000000000000 ) ) ;
#2672 = AXIS2_PLACEMENT_3D ( 'NONE', #2044, #2980, #3003 ) ;
#2673 = CARTESIAN_POINT ( 'NONE',  ( -1.500000000000000000, 150.0000000000000000, 41.99999999999999289 ) ) ;
#2674 = FACE_OUTER_BOUND ( 'NONE', #494, .T. ) ;
#2675 = EDGE_LOOP ( 'NONE', ( #517, #2683 ) ) ;
#2676 = CARTESIAN_POINT ( 'NONE',  ( 1.500000000000000000, 193.0000000000000000, 92.00000000000000000 ) ) ;
#2677 = CARTESIAN_POINT ( 'NONE',  ( -2.299999999999999822, -194.5999999999999943, 13.75000000000000000 ) ) ;
#2678 = ORIENTED_EDGE ( 'NONE', *, *, #12, .T. ) ;
#2679 = CARTESIAN_POINT ( 'NONE',  ( -2.000000000000000000, 150.0000000000000000, 55.00000000000000000 ) ) ;
#2680 = EDGE_LOOP ( 'NONE', ( #943, #1210, #2303, #2111 ) ) ;
#2681 = EDGE_CURVE ( 'NONE', #880, #3263, #2181, .T. ) ;
#2682 = CARTESIAN_POINT ( 'NONE',  ( 1.500000000000000000, 150.0000000000000000, 41.99999999999999289 ) ) ;
#2683 = ORIENTED_EDGE ( 'NONE', *, *, #2197, .F. ) ;
#2684 = AXIS2_PLACEMENT_3D ( 'NONE', #1043, #140, #449 ) ;
#2685 = ORIENTED_EDGE ( 'NONE', *, *, #1044, .T. ) ;
#2686 = DIRECTION ( 'NONE',  ( -0.000000000000000000, 0.000000000000000000, -1.000000000000000000 ) ) ;
#2687 = FACE_OUTER_BOUND ( 'NONE', #3550, .T. ) ;
#2688 = ORIENTED_EDGE ( 'NONE', *, *, #918, .T. ) ;
#2689 = FACE_OUTER_BOUND ( 'NONE', #715, .T. ) ;
#2690 = LINE ( 'NONE', #2026, #211 ) ;
#2691 = CARTESIAN_POINT ( 'NONE',  ( 2.000000000000000000, -91.85246629291785325, 24.42644355067057660 ) ) ;
#2692 = ORIENTED_EDGE ( 'NONE', *, *, #3865, .T. ) ;
#2693 = DIRECTION ( 'NONE',  ( 0.000000000000000000, 0.000000000000000000, -1.000000000000000000 ) ) ;
#2694 = PERSON_AND_ORGANIZATION_ROLE ( 'design_supplier' ) ;
#2695 = EDGE_CURVE ( 'NONE', #216, #4003, #603, .T. ) ;
#2696 = ADVANCED_FACE ( 'NONE', ( #2138 ), #584, .F. ) ;
#2697 = DIRECTION ( 'NONE',  ( -1.000000000000000000, 0.000000000000000000, 0.000000000000000000 ) ) ;
#2698 = ORIENTED_EDGE ( 'NONE', *, *, #2100, .F. ) ;
#2699 = DIRECTION ( 'NONE',  ( -1.000000000000000000, -0.000000000000000000, 0.000000000000000000 ) ) ;
#2700 = ORIENTED_EDGE ( 'NONE', *, *, #4077, .F. ) ;
#2701 = CARTESIAN_POINT ( 'NONE',  ( 0.000000000000000000, 124.0000000000000000, 104.0000000000000142 ) ) ;
#2702 = ORIENTED_EDGE ( 'NONE', *, *, #4045, .T. ) ;
#2703 = ORIENTED_EDGE ( 'NONE', *, *, #2760, .T. ) ;
#2704 = PLANE ( 'NONE',  #2881 ) ;
#2705 = CARTESIAN_POINT ( 'NONE',  ( -2.000000000000000000, 0.000000000000000000, 100.0000000000000000 ) ) ;
#2706 = ORIENTED_EDGE ( 'NONE', *, *, #253, .T. ) ;
#2707 = DIRECTION ( 'NONE',  ( -1.000000000000000000, -0.000000000000000000, -0.000000000000000000 ) ) ;
#2708 = DIRECTION ( 'NONE',  ( -1.000000000000000000, -0.000000000000000000, 0.000000000000000000 ) ) ;
#2709 = AXIS2_PLACEMENT_3D ( 'NONE', #1000, #959, #1242 ) ;
#2710 = DIRECTION ( 'NONE',  ( -1.000000000000000000, -0.000000000000000000, 0.000000000000000000 ) ) ;
#2711 = VERTEX_POINT ( 'NONE', #2805 ) ;
#2712 = VECTOR ( 'NONE', #2612, 1000.000000000000000 ) ;
#2713 = APPROVAL_STATUS ( 'not_yet_approved' ) ;
#2714 = AXIS2_PLACEMENT_3D ( 'NONE', #578, #1176, #316 ) ;
#2715 = DIRECTION ( 'NONE',  ( 0.000000000000000000, 0.000000000000000000, -1.000000000000000000 ) ) ;
#2716 = ORIENTED_EDGE ( 'NONE', *, *, #609, .F. ) ;
#2717 = DIRECTION ( 'NONE',  ( 0.000000000000000000, 0.000000000000000000, -1.000000000000000000 ) ) ;
#2718 = CARTESIAN_POINT ( 'NONE',  ( 2.000000000000000000, -61.25000000000000000, 13.75000000000000000 ) ) ;
#2719 = EDGE_CURVE ( 'NONE', #2711, #1511, #4066, .T. ) ;
#2720 = CARTESIAN_POINT ( 'NONE',  ( -2.000000000000000000, 0.000000000000000000, 0.000000000000000000 ) ) ;
#2721 = CIRCLE ( 'NONE', #1854, 1.700000000000000178 ) ;
#2722 = VECTOR ( 'NONE', #658, 1000.000000000000000 ) ;
#2723 = ORIENTED_EDGE ( 'NONE', *, *, #420, .T. ) ;
#2724 = ORIENTED_EDGE ( 'NONE', *, *, #2203, .T. ) ;
#2725 = VECTOR ( 'NONE', #2370, 1000.000000000000000 ) ;
#2726 = CARTESIAN_POINT ( 'NONE',  ( -2.000000000000000000, -170.0000000000000000, 65.25000000000000000 ) ) ;
#2727 = CARTESIAN_POINT ( 'NONE',  ( -2.299999999999999822, 61.25000000000000000, 16.00000000000000000 ) ) ;
#2728 = AXIS2_PLACEMENT_3D ( 'NONE', #2929, #3821, #2568 ) ;
#2729 = ORIENTED_EDGE ( 'NONE', *, *, #4094, .F. ) ;
#2730 = DIRECTION ( 'NONE',  ( 0.000000000000000000, 0.000000000000000000, 1.000000000000000000 ) ) ;
#2731 = CARTESIAN_POINT ( 'NONE',  ( -2.000000000000000000, -91.85246629291785325, 29.52644355067057802 ) ) ;
#2732 = VECTOR ( 'NONE', #641, 1000.000000000000000 ) ;
#2733 = FACE_BOUND ( 'NONE', #3004, .T. ) ;
#2734 = VERTEX_POINT ( 'NONE', #644 ) ;
#2735 = CIRCLE ( 'NONE', #615, 12.99999999999999822 ) ;
#2736 = EDGE_CURVE ( 'NONE', #2343, #2473, #2301, .T. ) ;
#2737 = DIRECTION ( 'NONE',  ( 0.000000000000000000, 0.000000000000000000, -1.000000000000000000 ) ) ;
#2738 = DATE_AND_TIME ( #809, #1958 ) ;
#2739 = VECTOR ( 'NONE', #287, 1000.000000000000000 ) ;
#2740 = CARTESIAN_POINT ( 'NONE',  ( 0.000000000000000000, 193.0000000000000000, 104.0000000000000142 ) ) ;
#2741 = ORIENTED_EDGE ( 'NONE', *, *, #2824, .T. ) ;
#2742 = FACE_OUTER_BOUND ( 'NONE', #2680, .T. ) ;
#2743 = ORIENTED_EDGE ( 'NONE', *, *, #2183, .F. ) ;
#2744 = ORIENTED_EDGE ( 'NONE', *, *, #3363, .F. ) ;
#2745 = PLANE ( 'NONE',  #3906 ) ;
#2746 = EDGE_CURVE ( 'NONE', #1682, #3217, #3241, .T. ) ;
#2747 = VERTEX_POINT ( 'NONE', #1636 ) ;
#2748 = ORIENTED_EDGE ( 'NONE', *, *, #2951, .T. ) ;
#2749 = DIRECTION ( 'NONE',  ( -1.000000000000000000, -0.000000000000000000, 0.000000000000000000 ) ) ;
#2750 = EDGE_CURVE ( 'NONE', #2771, #2982, #29, .T. ) ;
#2751 = DIRECTION ( 'NONE',  ( 1.000000000000000000, 0.000000000000000000, 0.000000000000000000 ) ) ;
#2752 = ORIENTED_EDGE ( 'NONE', *, *, #3507, .T. ) ;
#2753 = DIRECTION ( 'NONE',  ( 1.000000000000000000, 0.000000000000000000, -0.000000000000000000 ) ) ;
#2754 = APPROVAL_PERSON_ORGANIZATION ( #96, #3623, #2399 ) ;
#2755 = DIRECTION ( 'NONE',  ( 0.000000000000000000, 0.000000000000000000, -1.000000000000000000 ) ) ;
#2756 = SECURITY_CLASSIFICATION ( '', '', #403 ) ;
#2757 = DIRECTION ( 'NONE',  ( 1.000000000000000000, 0.000000000000000000, 0.000000000000000000 ) ) ;
#2758 = VERTEX_POINT ( 'NONE', #1679 ) ;
#2759 = EDGE_CURVE ( 'NONE', #2238, #3070, #1014, .T. ) ;
#2760 = EDGE_CURVE ( 'NONE', #1294, #3598, #2548, .T. ) ;
#2761 = DIRECTION ( 'NONE',  ( -1.000000000000000000, -0.000000000000000000, 0.000000000000000000 ) ) ;
#2762 = ORIENTED_EDGE ( 'NONE', *, *, #2500, .T. ) ;
#2763 = DIRECTION ( 'NONE',  ( 0.000000000000000000, 0.000000000000000000, -1.000000000000000000 ) ) ;
#2764 = DIRECTION ( 'NONE',  ( 0.000000000000000000, 0.000000000000000000, 1.000000000000000000 ) ) ;
#2765 = EDGE_CURVE ( 'NONE', #1886, #2551, #1054, .T. ) ;
#2766 = CARTESIAN_POINT ( 'NONE',  ( -2.000000000000000000, -184.0000000000000000, 40.07179676972445748 ) ) ;
#2767 = ORIENTED_EDGE ( 'NONE', *, *, #1018, .F. ) ;
#2768 = ORIENTED_EDGE ( 'NONE', *, *, #2215, .T. ) ;
#2769 = LINE ( 'NONE', #883, #3947 ) ;
#2770 = DIRECTION ( 'NONE',  ( -1.000000000000000000, -0.000000000000000000, 0.000000000000000000 ) ) ;
#2771 = VERTEX_POINT ( 'NONE', #3838 ) ;
#2772 = DIRECTION ( 'NONE',  ( 0.000000000000000000, 0.000000000000000000, -1.000000000000000000 ) ) ;
#2773 = LINE ( 'NONE', #888, #3050 ) ;
#2774 = CARTESIAN_POINT ( 'NONE',  ( 0.000000000000000000, -184.0000000000000000, 24.00000000000000000 ) ) ;
#2775 = ORIENTED_EDGE ( 'NONE', *, *, #4051, .F. ) ;
#2776 = DIRECTION ( 'NONE',  ( 1.000000000000000000, 0.000000000000000000, -0.000000000000000000 ) ) ;
#2777 = VECTOR ( 'NONE', #2362, 1000.000000000000000 ) ;
#2778 = DIRECTION ( 'NONE',  ( -1.000000000000000000, -0.000000000000000000, -0.000000000000000000 ) ) ;
#2779 = AXIS2_PLACEMENT_3D ( 'NONE', #1862, #3131, #3093 ) ;
#2780 = EDGE_LOOP ( 'NONE', ( #2698, #955 ) ) ;
#2781 = CARTESIAN_POINT ( 'NONE',  ( 2.000000000000000000, 103.0000000000000142, 102.0000000000000142 ) ) ;
#2782 = DIRECTION ( 'NONE',  ( 0.000000000000000000, 0.000000000000000000, -1.000000000000000000 ) ) ;
#2783 = FACE_OUTER_BOUND ( 'NONE', #3728, .T. ) ;
#2784 = AXIS2_PLACEMENT_3D ( 'NONE', #1966, #659, #683 ) ;
#2785 = ORIENTED_EDGE ( 'NONE', *, *, #456, .T. ) ;
#2786 = AXIS2_PLACEMENT_3D ( 'NONE', #3291, #1108, #1070 ) ;
#2787 = ORIENTED_EDGE ( 'NONE', *, *, #1414, .F. ) ;
#2788 = EDGE_CURVE ( 'NONE', #1766, #2339, #2648, .T. ) ;
#2789 = FACE_OUTER_BOUND ( 'NONE', #2023, .T. ) ;
#2790 = EDGE_CURVE ( 'NONE', #789, #1239, #706, .T. ) ;
#2791 = DIRECTION ( 'NONE',  ( 1.000000000000000000, 0.000000000000000000, -0.000000000000000000 ) ) ;
#2792 = ORIENTED_EDGE ( 'NONE', *, *, #2695, .T. ) ;
#2793 = VECTOR ( 'NONE', #1377, 1000.000000000000000 ) ;
#2794 = LINE ( 'NONE', #311, #3716 ) ;
#2795 = DIRECTION ( 'NONE',  ( 0.000000000000000000, 0.000000000000000000, -1.000000000000000000 ) ) ;
#2796 = EDGE_CURVE ( 'NONE', #874, #1996, #2247, .T. ) ;
#2797 = LINE ( 'NONE', #2477, #1271 ) ;
#2798 = ORIENTED_EDGE ( 'NONE', *, *, #2759, .T. ) ;
#2799 = AXIS2_PLACEMENT_3D ( 'NONE', #2925, #3502, #107 ) ;
#2800 = DIRECTION ( 'NONE',  ( -1.000000000000000000, -0.000000000000000000, 0.000000000000000000 ) ) ;
#2801 = AXIS2_PLACEMENT_3D ( 'NONE', #1130, #2316, #126 ) ;
#2802 = DIRECTION ( 'NONE',  ( 0.000000000000000000, 0.000000000000000000, 1.000000000000000000 ) ) ;
#2803 = ORIENTED_EDGE ( 'NONE', *, *, #2629, .T. ) ;
#2804 = LINE ( 'NONE', #2159, #1513 ) ;
#2805 = CARTESIAN_POINT ( 'NONE',  ( -2.000000000000000000, 150.0000000000000000, 68.00000000000000000 ) ) ;
#2806 = CIRCLE ( 'NONE', #1478, 13.00000000000000178 ) ;
#2807 = ORIENTED_EDGE ( 'NONE', *, *, #1573, .F. ) ;
#2808 = ORIENTED_EDGE ( 'NONE', *, *, #240, .T. ) ;
#2809 = DIRECTION ( 'NONE',  ( 0.000000000000000000, 0.000000000000000000, 1.000000000000000000 ) ) ;
#2810 = DIRECTION ( 'NONE',  ( 0.000000000000000000, 1.000000000000000000, 0.000000000000000000 ) ) ;
#2811 = ORIENTED_EDGE ( 'NONE', *, *, #1414, .T. ) ;
#2812 = CARTESIAN_POINT ( 'NONE',  ( -2.299999999999999822, 72.09999999999999432, 16.00000000000000000 ) ) ;
#2813 = DIRECTION ( 'NONE',  ( 0.000000000000000000, 0.000000000000000000, 1.000000000000000000 ) ) ;
#2814 = LINE ( 'NONE', #4036, #4058 ) ;
#2815 = ORIENTED_EDGE ( 'NONE', *, *, #1656, .F. ) ;
#2816 = CIRCLE ( 'NONE', #1951, 2.750000000000002665 ) ;
#2817 = DIRECTION ( 'NONE',  ( 0.000000000000000000, 1.000000000000000000, 0.000000000000000000 ) ) ;
#2818 = AXIS2_PLACEMENT_3D ( 'NONE', #1868, #2890, #3802 ) ;
#2819 = LINE ( 'NONE', #2463, #4053 ) ;
#2820 = ORIENTED_EDGE ( 'NONE', *, *, #3916, .F. ) ;
#2821 = DIRECTION ( 'NONE',  ( -1.000000000000000000, -0.000000000000000000, 0.000000000000000000 ) ) ;
#2822 = DIRECTION ( 'NONE',  ( 0.000000000000000000, 0.000000000000000000, 1.000000000000000000 ) ) ;
#2823 = EDGE_CURVE ( 'NONE', #1515, #2409, #339, .T. ) ;
#2824 = EDGE_CURVE ( 'NONE', #3925, #573, #866, .T. ) ;
#2825 = ORIENTED_EDGE ( 'NONE', *, *, #3140, .T. ) ;
#2826 = ORIENTED_EDGE ( 'NONE', *, *, #2628, .T. ) ;
#2827 = CARTESIAN_POINT ( 'NONE',  ( -2.000000000000000000, -61.25000000000000000, 18.25000000000000355 ) ) ;
#2828 = CARTESIAN_POINT ( 'NONE',  ( -2.299999999999999822, -170.0000000000000000, 65.25000000000000000 ) ) ;
#2829 = ORIENTED_EDGE ( 'NONE', *, *, #3490, .T. ) ;
#2830 = DIRECTION ( 'NONE',  ( 0.000000000000000000, -1.000000000000000000, 0.000000000000000000 ) ) ;
#2831 = PLANE ( 'NONE',  #3014 ) ;
#2832 = LINE ( 'NONE', #1248, #2335 ) ;
#2833 = VERTEX_POINT ( 'NONE', #1616 ) ;
#2834 = DIRECTION ( 'NONE',  ( 0.000000000000000000, 0.000000000000000000, -1.000000000000000000 ) ) ;
#2835 = EDGE_CURVE ( 'NONE', #3426, #1001, #595, .T. ) ;
#2836 = DIRECTION ( 'NONE',  ( 0.000000000000000000, 0.000000000000000000, 1.000000000000000000 ) ) ;
#2837 = ORIENTED_EDGE ( 'NONE', *, *, #834, .F. ) ;
#2838 = DIRECTION ( 'NONE',  ( 1.000000000000000000, 0.000000000000000000, -0.000000000000000000 ) ) ;
#2839 = CARTESIAN_POINT ( 'NONE',  ( -2.000000000000000000, 133.0000000000000000, 100.0000000000000000 ) ) ;
#2840 = AXIS2_PLACEMENT_3D ( 'NONE', #3441, #2838, #1901 ) ;
#2841 = ORIENTED_EDGE ( 'NONE', *, *, #1620, .F. ) ;
#2842 = ORIENTED_EDGE ( 'NONE', *, *, #2916, .F. ) ;
#2843 = AXIS2_PLACEMENT_3D ( 'NONE', #1257, #4044, #3463 ) ;
#2844 = DIRECTION ( 'NONE',  ( -1.000000000000000000, -0.000000000000000000, 0.000000000000000000 ) ) ;
#2845 = AXIS2_PLACEMENT_3D ( 'NONE', #992, #2927, #3882 ) ;
#2846 = ORIENTED_EDGE ( 'NONE', *, *, #3867, .T. ) ;
#2847 = DIRECTION ( 'NONE',  ( 1.000000000000000000, 0.000000000000000000, -0.000000000000000000 ) ) ;
#2848 = EDGE_LOOP ( 'NONE', ( #3440, #336, #3323, #3744 ) ) ;
#2849 = CARTESIAN_POINT ( 'NONE',  ( -1.500000000000000000, 115.0000000000000000, 90.00000000000000000 ) ) ;
#2850 = CARTESIAN_POINT ( 'NONE',  ( -2.000000000000000000, -184.0000000000000000, 90.00000000000001421 ) ) ;
#2851 = AXIS2_PLACEMENT_3D ( 'NONE', #2127, #530, #3394 ) ;
#2852 = FACE_BOUND ( 'NONE', #57, .T. ) ;
#2853 = VECTOR ( 'NONE', #355, 1000.000000000000000 ) ;
#2854 = ORIENTED_EDGE ( 'NONE', *, *, #2871, .F. ) ;
#2855 = ADVANCED_FACE ( 'NONE', ( #3485 ), #1926, .F. ) ;
#2856 = ORIENTED_EDGE ( 'NONE', *, *, #133, .T. ) ;
#2857 = CARTESIAN_POINT ( 'NONE',  ( 2.000000000000000000, 133.0000000000000000, 100.0000000000000000 ) ) ;
#2858 = VECTOR ( 'NONE', #3188, 1000.000000000000000 ) ;
#2859 = CARTESIAN_POINT ( 'NONE',  ( -1.500000000000000000, -184.0000000000000000, 24.00000000000000000 ) ) ;
#2860 = ORIENTED_EDGE ( 'NONE', *, *, #2047, .F. ) ;
#2861 = DIRECTION ( 'NONE',  ( 0.000000000000000000, 0.000000000000000000, 1.000000000000000000 ) ) ;
#2862 = EDGE_CURVE ( 'NONE', #1825, #3511, #3194, .T. ) ;
#2863 = VECTOR ( 'NONE', #1055, 1000.000000000000000 ) ;
#2864 = CYLINDRICAL_SURFACE ( 'NONE', #531, 2.000000000000001776 ) ;
#2865 = VECTOR ( 'NONE', #1137, 1000.000000000000000 ) ;
#2866 = DIRECTION ( 'NONE',  ( -0.000000000000000000, 0.000000000000000000, -1.000000000000000000 ) ) ;
#2867 = VERTEX_POINT ( 'NONE', #1034 ) ;
#2868 = EDGE_LOOP ( 'NONE', ( #3444, #1691, #1896, #3129, #3707, #547, #2537, #153, #1683, #2941, #1419, #2290, #1424, #1452, #645 ) ) ;
#2869 = AXIS2_PLACEMENT_3D ( 'NONE', #1066, #433, #3661 ) ;
#2870 = DIRECTION ( 'NONE',  ( 0.000000000000000000, 0.000000000000000000, -1.000000000000000000 ) ) ;
#2871 = EDGE_CURVE ( 'NONE', #3070, #3695, #2262, .T. ) ;
#2872 = CARTESIAN_POINT ( 'NONE',  ( -1.500000000000000000, -48.46743740532919986, 24.00000000000000000 ) ) ;
#2873 = ORIENTED_EDGE ( 'NONE', *, *, #3989, .T. ) ;
#2874 = CARTESIAN_POINT ( 'NONE',  ( 1.500000000000000000, 0.000000000000000000, 30.00000000000000000 ) ) ;
#2875 = CARTESIAN_POINT ( 'NONE',  ( -2.000000000000000000, -61.25000000000000000, 6.000000000000000000 ) ) ;
#2876 = EDGE_CURVE ( 'NONE', #2180, #791, #724, .T. ) ;
#2877 = LINE ( 'NONE', #1647, #2462 ) ;
#2878 = VERTEX_POINT ( 'NONE', #1366 ) ;
#2879 = CARTESIAN_POINT ( 'NONE',  ( -2.000000000000000000, 85.00000000000000000, 102.0000000000000142 ) ) ;
#2880 = CARTESIAN_POINT ( 'NONE',  ( 1.500000000000000000, 163.0000000000000000, 92.00000000000000000 ) ) ;
#2881 = AXIS2_PLACEMENT_3D ( 'NONE', #3969, #2294, #2938 ) ;
#2882 = CARTESIAN_POINT ( 'NONE',  ( 2.000000000000000000, -194.5999999999999943, 6.000000000000000000 ) ) ;
#2883 = DIRECTION ( 'NONE',  ( 0.000000000000000000, 0.000000000000000000, -1.000000000000000000 ) ) ;
#2884 = EDGE_CURVE ( 'NONE', #1686, #1294, #3899, .T. ) ;
#2885 = DIRECTION ( 'NONE',  ( 0.000000000000000000, 0.000000000000000000, -1.000000000000000000 ) ) ;
#2886 = PLANE ( 'NONE',  #2327 ) ;
#2887 = ORIENTED_EDGE ( 'NONE', *, *, #258, .T. ) ;
#2888 = ADVANCED_FACE ( 'NONE', ( #1594 ), #2864, .F. ) ;
#2889 = EDGE_LOOP ( 'NONE', ( #1767, #2296, #2080, #626 ) ) ;
#2890 = DIRECTION ( 'NONE',  ( -0.000000000000000000, 1.000000000000000000, 0.000000000000000000 ) ) ;
#2891 = EDGE_CURVE ( 'NONE', #4082, #3270, #2650, .T. ) ;
#2892 = PRODUCT_RELATED_PRODUCT_CATEGORY ( 'detail', '', ( #299 ) ) ;
#2893 = CARTESIAN_POINT ( 'NONE',  ( -2.000000000000000000, 0.000000000000000000, 24.00000000000000000 ) ) ;
#2894 = ORIENTED_EDGE ( 'NONE', *, *, #1434, .F. ) ;
#2895 = CARTESIAN_POINT ( 'NONE',  ( 2.000000000000000000, 61.25000000000000000, 13.75000000000000000 ) ) ;
#2896 = DIRECTION ( 'NONE',  ( 0.000000000000000000, 0.000000000000000000, -1.000000000000000000 ) ) ;
#2897 = DIRECTION ( 'NONE',  ( -1.000000000000000000, -0.000000000000000000, 0.000000000000000000 ) ) ;
#2898 = ORIENTED_EDGE ( 'NONE', *, *, #124, .F. ) ;
#2899 = EDGE_CURVE ( 'NONE', #2253, #1515, #3644, .T. ) ;
#2900 = DIRECTION ( 'NONE',  ( 1.000000000000000000, 0.000000000000000000, 0.000000000000000000 ) ) ;
#2901 = CARTESIAN_POINT ( 'NONE',  ( -1.500000000000000000, 0.000000000000000000, 94.00000000000000000 ) ) ;
#2902 = CARTESIAN_POINT ( 'NONE',  ( -2.000000000000000000, -72.09999999999999432, 6.000000000000000000 ) ) ;
#2903 = VERTEX_POINT ( 'NONE', #1698 ) ;
#2904 = DIRECTION ( 'NONE',  ( 1.000000000000000000, 0.000000000000000000, 0.000000000000000000 ) ) ;
#2905 = CARTESIAN_POINT ( 'NONE',  ( 2.000000000000000000, -210.0000000000000000, 0.000000000000000000 ) ) ;
#2906 = DIRECTION ( 'NONE',  ( -1.000000000000000000, 0.000000000000000000, 0.000000000000000000 ) ) ;
#2907 = VERTEX_POINT ( 'NONE', #3024 ) ;
#2908 = VERTEX_POINT ( 'NONE', #3294 ) ;
#2909 = PERSON_AND_ORGANIZATION_ROLE ( 'design_owner' ) ;
#2910 = VECTOR ( 'NONE', #3826, 1000.000000000000000 ) ;
#2911 = ORIENTED_EDGE ( 'NONE', *, *, #444, .F. ) ;
#2912 = LINE ( 'NONE', #2893, #1344 ) ;
#2913 = AXIS2_PLACEMENT_3D ( 'NONE', #1237, #1574, #2504 ) ;
#2914 = ORIENTED_EDGE ( 'NONE', *, *, #840, .F. ) ;
#2915 = CARTESIAN_POINT ( 'NONE',  ( -1.500000000000000000, 163.0000000000000000, 90.00000000000000000 ) ) ;
#2916 = EDGE_CURVE ( 'NONE', #3364, #2374, #1987, .T. ) ;
#2917 = CARTESIAN_POINT ( 'NONE',  ( -2.000000000000000000, 198.0000000000000000, 96.00000000000000000 ) ) ;
#2918 = LINE ( 'NONE', #1293, #1475 ) ;
#2919 = ORIENTED_EDGE ( 'NONE', *, *, #2214, .F. ) ;
#2920 = VECTOR ( 'NONE', #3454, 1000.000000000000000 ) ;
#2921 = CARTESIAN_POINT ( 'NONE',  ( 2.000000000000000000, -61.25000000000000000, 16.00000000000000000 ) ) ;
#2922 = DIRECTION ( 'NONE',  ( 0.000000000000000000, 0.000000000000000000, -1.000000000000000000 ) ) ;
#2923 = EDGE_CURVE ( 'NONE', #3612, #4041, #2358, .T. ) ;
#2924 = VECTOR ( 'NONE', #84, 1000.000000000000000 ) ;
#2925 = CARTESIAN_POINT ( 'NONE',  ( -2.299999999999999822, 103.0000000000000142, 102.0000000000000142 ) ) ;
#2926 = CARTESIAN_POINT ( 'NONE',  ( -2.299999999999999822, 60.00000000000000000, 30.00000000000000000 ) ) ;
#2927 = DIRECTION ( 'NONE',  ( -1.000000000000000000, -0.000000000000000000, 0.000000000000000000 ) ) ;
#2928 = VECTOR ( 'NONE', #1687, 1000.000000000000000 ) ;
#2929 = CARTESIAN_POINT ( 'NONE',  ( 0.000000000000000000, 184.0000000000000000, 100.0000000000000000 ) ) ;
#2930 = ORIENTED_EDGE ( 'NONE', *, *, #192, .F. ) ;
#2931 = ORIENTED_EDGE ( 'NONE', *, *, #1695, .F. ) ;
#2932 = ORIENTED_EDGE ( 'NONE', *, *, #1903, .F. ) ;
#2933 = AXIS2_PLACEMENT_3D ( 'NONE', #2151, #3749, #3122 ) ;
#2934 = VERTEX_POINT ( 'NONE', #151 ) ;
#2935 = ADVANCED_FACE ( 'NONE', ( #3355 ), #1093, .F. ) ;
#2936 = EDGE_CURVE ( 'NONE', #874, #2374, #3315, .T. ) ;
#2937 = LINE ( 'NONE', #961, #3987 ) ;
#2938 = DIRECTION ( 'NONE',  ( 1.000000000000000000, 0.000000000000000000, -0.000000000000000000 ) ) ;
#2939 = VECTOR ( 'NONE', #4030, 1000.000000000000000 ) ;
#2940 = CARTESIAN_POINT ( 'NONE',  ( 1.500000000000000000, 0.000000000000000000, 24.00000000000000000 ) ) ;
#2941 = ORIENTED_EDGE ( 'NONE', *, *, #2788, .F. ) ;
#2942 = DIRECTION ( 'NONE',  ( 0.000000000000000000, 0.000000000000000000, -1.000000000000000000 ) ) ;
#2943 = CARTESIAN_POINT ( 'NONE',  ( 1.500000000000000000, 0.000000000000000000, 94.00000000000000000 ) ) ;
#2944 = CARTESIAN_POINT ( 'NONE',  ( -2.299999999999999822, 72.09999999999999432, 13.75000000000000000 ) ) ;
#2945 = CYLINDRICAL_SURFACE ( 'NONE', #3174, 1.700000000000000178 ) ;
#2946 = DIRECTION ( 'NONE',  ( 1.000000000000000000, 0.000000000000000000, -0.000000000000000000 ) ) ;
#2947 = CARTESIAN_POINT ( 'NONE',  ( -2.299999999999999822, 72.09999999999999432, 4.299999999999999822 ) ) ;
#2948 = ORIENTED_EDGE ( 'NONE', *, *, #116, .F. ) ;
#2949 = VERTEX_POINT ( 'NONE', #1133 ) ;
#2950 = AXIS2_PLACEMENT_3D ( 'NONE', #1417, #3244, #486 ) ;
#2951 = EDGE_CURVE ( 'NONE', #4070, #3925, #2962, .T. ) ;
#2952 = VERTEX_POINT ( 'NONE', #3667 ) ;
#2953 = ORIENTED_EDGE ( 'NONE', *, *, #634, .T. ) ;
#2954 = FACE_OUTER_BOUND ( 'NONE', #1972, .T. ) ;
#2955 = CARTESIAN_POINT ( 'NONE',  ( 1.500000000000000000, 85.00000000000000000, 94.00000000000000000 ) ) ;
#2956 = DIRECTION ( 'NONE',  ( 1.000000000000000000, 0.000000000000000000, 0.000000000000000000 ) ) ;
#2957 = EDGE_LOOP ( 'NONE', ( #1791, #2324, #2357, #1770 ) ) ;
#2958 = CYLINDRICAL_SURFACE ( 'NONE', #805, 2.250000000000000444 ) ;
#2959 = CARTESIAN_POINT ( 'NONE',  ( 1.500000000000000000, 193.0000000000000000, 90.00000000000000000 ) ) ;
#2960 = CARTESIAN_POINT ( 'NONE',  ( -2.000000000000000000, -194.5999999999999943, 6.000000000000000000 ) ) ;
#2961 = ORIENTED_EDGE ( 'NONE', *, *, #1752, .T. ) ;
#2962 = LINE ( 'NONE', #495, #2118 ) ;
#2963 = ADVANCED_FACE ( 'NONE', ( #515 ), #3042, .F. ) ;
#2964 = DIRECTION ( 'NONE',  ( -0.000000000000000000, 1.000000000000000000, 0.000000000000000000 ) ) ;
#2965 = ORIENTED_EDGE ( 'NONE', *, *, #1656, .T. ) ;
#2966 = ORIENTED_EDGE ( 'NONE', *, *, #1132, .T. ) ;
#2967 = FACE_OUTER_BOUND ( 'NONE', #121, .T. ) ;
#2968 = EDGE_CURVE ( 'NONE', #1935, #2949, #3584, .T. ) ;
#2969 = EDGE_LOOP ( 'NONE', ( #459, #3136, #2787, #3320 ) ) ;
#2970 = ORIENTED_EDGE ( 'NONE', *, *, #1156, .T. ) ;
#2971 = DIRECTION ( 'NONE',  ( 0.000000000000000000, 0.000000000000000000, -1.000000000000000000 ) ) ;
#2972 = VECTOR ( 'NONE', #1236, 1000.000000000000000 ) ;
#2973 = CARTESIAN_POINT ( 'NONE',  ( 0.000000000000000000, 198.0000000000000000, 96.00000000000000000 ) ) ;
#2974 = VECTOR ( 'NONE', #3547, 1000.000000000000000 ) ;
#2975 = CARTESIAN_POINT ( 'NONE',  ( -2.299999999999999822, 150.0000000000000000, 55.00000000000000000 ) ) ;
#2976 = ORIENTED_EDGE ( 'NONE', *, *, #1059, .F. ) ;
#2977 = DIRECTION ( 'NONE',  ( 0.000000000000000000, 0.000000000000000000, 1.000000000000000000 ) ) ;
#2978 = DIRECTION ( 'NONE',  ( 1.000000000000000000, 0.000000000000000000, 0.000000000000000000 ) ) ;
#2979 = VECTOR ( 'NONE', #620, 1000.000000000000000 ) ;
#2980 = DIRECTION ( 'NONE',  ( 1.000000000000000000, 0.000000000000000000, 0.000000000000000000 ) ) ;
#2981 = AXIS2_PLACEMENT_3D ( 'NONE', #946, #614, #1269 ) ;
#2982 = VERTEX_POINT ( 'NONE', #1384 ) ;
#2983 = CARTESIAN_POINT ( 'NONE',  ( 2.000000000000000000, 0.000000000000000000, 24.00000000000000000 ) ) ;
#2984 = DIRECTION ( 'NONE',  ( 1.000000000000000000, 0.000000000000000000, -0.000000000000000000 ) ) ;
#2985 = ORIENTED_EDGE ( 'NONE', *, *, #1358, .F. ) ;
#2986 = CARTESIAN_POINT ( 'NONE',  ( -2.000000000000000000, 72.09999999999999432, 4.299999999999999822 ) ) ;
#2987 = VECTOR ( 'NONE', #3814, 1000.000000000000000 ) ;
#2988 = VERTEX_POINT ( 'NONE', #2652 ) ;
#2989 = FACE_BOUND ( 'NONE', #1611, .T. ) ;
#2990 = VECTOR ( 'NONE', #1893, 1000.000000000000000 ) ;
#2991 = ORIENTED_EDGE ( 'NONE', *, *, #1367, .F. ) ;
#2992 = VERTEX_POINT ( 'NONE', #1074 ) ;
#2993 = CIRCLE ( 'NONE', #3325, 5.100000000000000533 ) ;
#2994 = CARTESIAN_POINT ( 'NONE',  ( -1.500000000000000000, 103.0000000000000142, 94.00000000000000000 ) ) ;
#2995 = CIRCLE ( 'NONE', #3459, 5.100000000000000533 ) ;
#2996 = DIRECTION ( 'NONE',  ( 0.000000000000000000, 0.000000000000000000, -1.000000000000000000 ) ) ;
#2997 = ORIENTED_EDGE ( 'NONE', *, *, #2350, .T. ) ;
#2998 = DIRECTION ( 'NONE',  ( 0.000000000000000000, 0.000000000000000000, 1.000000000000000000 ) ) ;
#2999 = EDGE_CURVE ( 'NONE', #2541, #1981, #2341, .T. ) ;
#3000 = AXIS2_PLACEMENT_3D ( 'NONE', #1265, #630, #1625 ) ;
#3001 = DIRECTION ( 'NONE',  ( 0.000000000000000000, -1.000000000000000000, 0.000000000000000000 ) ) ;
#3002 = EDGE_CURVE ( 'NONE', #216, #936, #2109, .T. ) ;
#3003 = DIRECTION ( 'NONE',  ( 0.000000000000000000, 0.000000000000000000, -1.000000000000000000 ) ) ;
#3004 = EDGE_LOOP ( 'NONE', ( #165, #956 ) ) ;
#3005 = DIRECTION ( 'NONE',  ( 0.000000000000000000, 0.000000000000000000, -1.000000000000000000 ) ) ;
#3006 = DATE_AND_TIME ( #712, #635 ) ;
#3007 = CARTESIAN_POINT ( 'NONE',  ( -2.000000000000000000, 0.000000000000000000, 104.0000000000000142 ) ) ;
#3008 = ADVANCED_FACE ( 'NONE', ( #4020 ), #846, .T. ) ;
#3009 = ORIENTED_EDGE ( 'NONE', *, *, #3002, .F. ) ;
#3010 = DIRECTION ( 'NONE',  ( 1.000000000000000000, 0.000000000000000000, -0.000000000000000000 ) ) ;
#3011 = ORIENTED_EDGE ( 'NONE', *, *, #1904, .F. ) ;
#3012 = FACE_BOUND ( 'NONE', #1729, .T. ) ;
#3013 = ORIENTED_EDGE ( 'NONE', *, *, #2876, .F. ) ;
#3014 = AXIS2_PLACEMENT_3D ( 'NONE', #4092, #1629, #2229 ) ;
#3015 = VERTEX_POINT ( 'NONE', #252 ) ;
#3016 = CARTESIAN_POINT ( 'NONE',  ( -2.000000000000000000, 150.0000000000000000, 68.00000000000000000 ) ) ;
#3017 = AXIS2_PLACEMENT_3D ( 'NONE', #1305, #1225, #3824 ) ;
#3018 = CARTESIAN_POINT ( 'NONE',  ( -2.000000000000000000, 71.53256259467079303, 24.00000000000000000 ) ) ;
#3019 = EDGE_LOOP ( 'NONE', ( #2488, #159, #364, #3732 ) ) ;
#3020 = DIRECTION ( 'NONE',  ( 1.000000000000000000, 0.000000000000000000, 0.000000000000000000 ) ) ;
#3021 = FACE_OUTER_BOUND ( 'NONE', #4008, .T. ) ;
#3022 = CARTESIAN_POINT ( 'NONE',  ( -2.299999999999999822, -173.0000000000000284, 47.00000000000000000 ) ) ;
#3023 = ORIENTED_EDGE ( 'NONE', *, *, #1142, .F. ) ;
#3024 = CARTESIAN_POINT ( 'NONE',  ( 2.000000000000000000, 163.0000000000000000, 104.0000000000000142 ) ) ;
#3025 = COORDINATED_UNIVERSAL_TIME_OFFSET ( 8, 0, .AHEAD. ) ;
#3026 = FACE_OUTER_BOUND ( 'NONE', #138, .T. ) ;
#3027 = ORIENTED_EDGE ( 'NONE', *, *, #1713, .F. ) ;
#3028 = CARTESIAN_POINT ( 'NONE',  ( -2.299999999999999822, -170.0000000000000000, 68.00000000000000000 ) ) ;
#3029 = DIRECTION ( 'NONE',  ( 0.000000000000000000, 0.000000000000000000, 1.000000000000000000 ) ) ;
#3030 = CARTESIAN_POINT ( 'NONE',  ( 0.000000000000000000, -198.0000000000000000, 24.00000000000000000 ) ) ;
#3031 = EDGE_LOOP ( 'NONE', ( #1235, #1111 ) ) ;
#3032 = VERTEX_POINT ( 'NONE', #3419 ) ;
#3033 = CARTESIAN_POINT ( 'NONE',  ( -2.000000000000000000, 60.00000000000000000, 27.25000000000000000 ) ) ;
#3034 = ADVANCED_FACE ( 'NONE', ( #3376 ), #2439, .T. ) ;
#3035 = ORIENTED_EDGE ( 'NONE', *, *, #3319, .F. ) ;
#3036 = CARTESIAN_POINT ( 'NONE',  ( -2.299999999999999822, 150.0000000000000000, 61.10000000000000142 ) ) ;
#3037 = CARTESIAN_POINT ( 'NONE',  ( -2.299999999999999822, -194.5999999999999943, 6.000000000000000000 ) ) ;
#3038 = VECTOR ( 'NONE', #3945, 1000.000000000000000 ) ;
#3039 = CARTESIAN_POINT ( 'NONE',  ( -2.000000000000000000, -48.46743740532919986, 24.00000000000000000 ) ) ;
#3040 = ORIENTED_EDGE ( 'NONE', *, *, #312, .T. ) ;
#3041 = AXIS2_PLACEMENT_3D ( 'NONE', #3168, #3860, #46 ) ;
#3042 = CYLINDRICAL_SURFACE ( 'NONE', #1319, 1.700000000000000178 ) ;
#3043 = EDGE_CURVE ( 'NONE', #3217, #1639, #3436, .T. ) ;
#3044 = AXIS2_PLACEMENT_3D ( 'NONE', #4097, #59, #2922 ) ;
#3045 = CARTESIAN_POINT ( 'NONE',  ( 2.000000000000000000, 85.00000000000000000, 102.0000000000000142 ) ) ;
#3046 = ORIENTED_EDGE ( 'NONE', *, *, #4012, .F. ) ;
#3047 = CARTESIAN_POINT ( 'NONE',  ( -2.000000000000000000, 72.09999999999999432, 18.25000000000000355 ) ) ;
#3048 = EDGE_LOOP ( 'NONE', ( #2384, #3682 ) ) ;
#3049 = FACE_OUTER_BOUND ( 'NONE', #3280, .T. ) ;
#3050 = VECTOR ( 'NONE', #4057, 1000.000000000000000 ) ;
#3051 = ADVANCED_FACE ( 'NONE', ( #3400 ), #870, .F. ) ;
#3052 = VERTEX_POINT ( 'NONE', #2420 ) ;
#3053 = ORIENTED_EDGE ( 'NONE', *, *, #185, .T. ) ;
#3054 = PLANE ( 'NONE',  #3079 ) ;
#3055 = EDGE_CURVE ( 'NONE', #204, #2076, #1848, .T. ) ;
#3056 = LINE ( 'NONE', #4052, #1144 ) ;
#3057 = VECTOR ( 'NONE', #756, 1000.000000000000000 ) ;
#3058 = ADVANCED_FACE ( 'NONE', ( #3145 ), #2498, .T. ) ;
#3059 = EDGE_LOOP ( 'NONE', ( #327, #2811, #1954, #1313 ) ) ;
#3060 = LINE ( 'NONE', #3724, #3255 ) ;
#3061 = CARTESIAN_POINT ( 'NONE',  ( 1.500000000000000000, 103.0000000000000142, 92.00000000000000000 ) ) ;
#3062 = VECTOR ( 'NONE', #2194, 1000.000000000000000 ) ;
#3063 = FACE_BOUND ( 'NONE', #1571, .T. ) ;
#3064 = VERTEX_POINT ( 'NONE', #4001 ) ;
#3065 = AXIS2_PLACEMENT_3D ( 'NONE', #1404, #2630, #3312 ) ;
#3066 = CARTESIAN_POINT ( 'NONE',  ( 2.000000000000000000, -129.0000000000000000, 52.00000000000000711 ) ) ;
#3067 = AXIS2_PLACEMENT_3D ( 'NONE', #861, #2123, #1500 ) ;
#3068 = CC_DESIGN_PERSON_AND_ORGANIZATION_ASSIGNMENT ( #1973, #2694, ( #2549 ) ) ;
#3069 = CARTESIAN_POINT ( 'NONE',  ( -2.000000000000000000, -60.00000000000000000, 30.00000000000000000 ) ) ;
#3070 = VERTEX_POINT ( 'NONE', #560 ) ;
#3071 = LINE ( 'NONE', #1803, #1908 ) ;
#3072 = EDGE_LOOP ( 'NONE', ( #2326, #3081 ) ) ;
#3073 = LINE ( 'NONE', #913, #3839 ) ;
#3074 = ORIENTED_EDGE ( 'NONE', *, *, #694, .T. ) ;
#3075 = EDGE_CURVE ( 'NONE', #1740, #1217, #2184, .T. ) ;
#3076 = EDGE_LOOP ( 'NONE', ( #3603, #1881, #1664, #1037 ) ) ;
#3077 = EDGE_CURVE ( 'NONE', #2409, #1123, #4061, .T. ) ;
#3078 = CARTESIAN_POINT ( 'NONE',  ( -2.299999999999999822, -61.25000000000000000, 18.25000000000000355 ) ) ;
#3079 = AXIS2_PLACEMENT_3D ( 'NONE', #244, #224, #2451 ) ;
#3080 = DIRECTION ( 'NONE',  ( 0.000000000000000000, 0.000000000000000000, -1.000000000000000000 ) ) ;
#3081 = ORIENTED_EDGE ( 'NONE', *, *, #1173, .F. ) ;
#3082 = DIRECTION ( 'NONE',  ( 0.000000000000000000, 0.000000000000000000, -1.000000000000000000 ) ) ;
#3083 = FACE_OUTER_BOUND ( 'NONE', #948, .T. ) ;
#3084 = FACE_BOUND ( 'NONE', #2889, .T. ) ;
#3085 = VERTEX_POINT ( 'NONE', #298 ) ;
#3086 = CARTESIAN_POINT ( 'NONE',  ( -2.000000000000000000, 3.367778697655217560E-16, 32.75000000000000000 ) ) ;
#3087 = CARTESIAN_POINT ( 'NONE',  ( 2.000000000000000000, 150.0000000000000000, 55.00000000000000000 ) ) ;
#3088 = ORIENTED_EDGE ( 'NONE', *, *, #853, .F. ) ;
#3089 = DIRECTION ( 'NONE',  ( 0.000000000000000000, 0.000000000000000000, -1.000000000000000000 ) ) ;
#3090 = EDGE_CURVE ( 'NONE', #3657, #2226, #1817, .T. ) ;
#3091 = VERTEX_POINT ( 'NONE', #3086 ) ;
#3092 = EDGE_CURVE ( 'NONE', #812, #2758, #465, .T. ) ;
#3093 = DIRECTION ( 'NONE',  ( 0.000000000000000000, 0.000000000000000000, -1.000000000000000000 ) ) ;
#3094 = ORIENTED_EDGE ( 'NONE', *, *, #3319, .T. ) ;
#3095 = VERTEX_POINT ( 'NONE', #2461 ) ;
#3096 = CARTESIAN_POINT ( 'NONE',  ( -1.500000000000000000, 114.9999999999999858, 94.00000000000000000 ) ) ;
#3097 = EDGE_CURVE ( 'NONE', #247, #3450, #4080, .T. ) ;
#3098 = CARTESIAN_POINT ( 'NONE',  ( -2.000000000000000000, 150.0000000000000000, 55.00000000000000000 ) ) ;
#3099 = ORIENTED_EDGE ( 'NONE', *, *, #1585, .F. ) ;
#3100 = CYLINDRICAL_SURFACE ( 'NONE', #1067, 2.250000000000000444 ) ;
#3101 = CARTESIAN_POINT ( 'NONE',  ( -2.000000000000000000, 210.0000000000000000, 0.000000000000000000 ) ) ;
#3102 = DIRECTION ( 'NONE',  ( 1.000000000000000000, 0.000000000000000000, -0.000000000000000000 ) ) ;
#3103 = ORIENTED_EDGE ( 'NONE', *, *, #977, .F. ) ;
#3104 = DIRECTION ( 'NONE',  ( 1.000000000000000000, 0.000000000000000000, 0.000000000000000000 ) ) ;
#3105 = CIRCLE ( 'NONE', #3632, 2.250000000000000444 ) ;
#3106 = CARTESIAN_POINT ( 'NONE',  ( -2.000000000000000000, -72.09999999999999432, 16.00000000000000000 ) ) ;
#3107 = AXIS2_PLACEMENT_3D ( 'NONE', #2720, #4007, #2426 ) ;
#3108 = ORIENTED_EDGE ( 'NONE', *, *, #158, .T. ) ;
#3109 = DIRECTION ( 'NONE',  ( -1.000000000000000000, -0.000000000000000000, 0.000000000000000000 ) ) ;
#3110 = EDGE_LOOP ( 'NONE', ( #580, #3552, #1121, #2078 ) ) ;
#3111 = FACE_OUTER_BOUND ( 'NONE', #1671, .T. ) ;
#3112 = AXIS2_PLACEMENT_3D ( 'NONE', #665, #2220, #1301 ) ;
#3113 = ORIENTED_EDGE ( 'NONE', *, *, #2350, .F. ) ;
#3114 = ORIENTED_EDGE ( 'NONE', *, *, #1507, .F. ) ;
#3115 = CARTESIAN_POINT ( 'NONE',  ( -1.500000000000000000, 103.0000000000000142, 90.00000000000000000 ) ) ;
#3116 = DIRECTION ( 'NONE',  ( 0.000000000000000000, 0.000000000000000000, -1.000000000000000000 ) ) ;
#3117 = EDGE_LOOP ( 'NONE', ( #3648, #1553, #1068, #2119 ) ) ;
#3118 = AXIS2_PLACEMENT_3D ( 'NONE', #3762, #291, #2772 ) ;
#3119 = DIRECTION ( 'NONE',  ( 1.000000000000000000, 0.000000000000000000, -0.000000000000000000 ) ) ;
#3120 = CARTESIAN_POINT ( 'NONE',  ( 2.000000000000000000, 103.0000000000000142, 104.0000000000000142 ) ) ;
#3121 = VECTOR ( 'NONE', #2601, 1000.000000000000000 ) ;
#3122 = DIRECTION ( 'NONE',  ( 0.000000000000000000, 0.000000000000000000, 1.000000000000000000 ) ) ;
#3123 = ORIENTED_EDGE ( 'NONE', *, *, #3778, .F. ) ;
#3124 = EDGE_CURVE ( 'NONE', #1299, #3627, #3843, .T. ) ;
#3125 = ADVANCED_FACE ( 'NONE', ( #909 ), #2172, .F. ) ;
#3126 = AXIS2_PLACEMENT_3D ( 'NONE', #152, #193, #441 ) ;
#3127 = CARTESIAN_POINT ( 'NONE',  ( -1.500000000000000000, 0.000000000000000000, 24.00000000000000000 ) ) ;
#3128 = FACE_OUTER_BOUND ( 'NONE', #2158, .T. ) ;
#3129 = ORIENTED_EDGE ( 'NONE', *, *, #1603, .F. ) ;
#3130 = DIRECTION ( 'NONE',  ( 0.000000000000000000, 0.000000000000000000, -1.000000000000000000 ) ) ;
#3131 = DIRECTION ( 'NONE',  ( 1.000000000000000000, 0.000000000000000000, 0.000000000000000000 ) ) ;
#3132 = AXIS2_PLACEMENT_3D ( 'NONE', #1955, #1871, #385 ) ;
#3133 = EDGE_LOOP ( 'NONE', ( #3572, #10, #3769, #1940 ) ) ;
#3134 = VERTEX_POINT ( 'NONE', #3501 ) ;
#3135 = DIRECTION ( 'NONE',  ( 0.000000000000000000, 0.000000000000000000, 1.000000000000000000 ) ) ;
#3136 = ORIENTED_EDGE ( 'NONE', *, *, #1695, .T. ) ;
#3137 = DIRECTION ( 'NONE',  ( 0.000000000000000000, 0.000000000000000000, -1.000000000000000000 ) ) ;
#3138 = VERTEX_POINT ( 'NONE', #357 ) ;
#3139 = DIRECTION ( 'NONE',  ( 0.000000000000000000, 0.000000000000000000, -1.000000000000000000 ) ) ;
#3140 = EDGE_CURVE ( 'NONE', #1278, #2083, #3524, .T. ) ;
#3141 = DIRECTION ( 'NONE',  ( -0.000000000000000000, 0.000000000000000000, -1.000000000000000000 ) ) ;
#3142 = FACE_BOUND ( 'NONE', #1041, .T. ) ;
#3143 = VERTEX_POINT ( 'NONE', #2857 ) ;
#3144 = AXIS2_PLACEMENT_3D ( 'NONE', #368, #636, #1959 ) ;
#3145 = FACE_OUTER_BOUND ( 'NONE', #1950, .T. ) ;
#3146 = EDGE_CURVE ( 'NONE', #1459, #2907, #2251, .T. ) ;
#3147 = VECTOR ( 'NONE', #11, 1000.000000000000000 ) ;
#3148 = CARTESIAN_POINT ( 'NONE',  ( 2.000000000000000000, -60.00000000000000000, 90.00000000000001421 ) ) ;
#3149 = VERTEX_POINT ( 'NONE', #3228 ) ;
#3150 = DIRECTION ( 'NONE',  ( 0.000000000000000000, 0.000000000000000000, 1.000000000000000000 ) ) ;
#3151 = CARTESIAN_POINT ( 'NONE',  ( -2.299999999999999822, 61.25000000000000000, 18.25000000000000355 ) ) ;
#3152 = ORIENTED_EDGE ( 'NONE', *, *, #1270, .T. ) ;
#3153 = ORIENTED_EDGE ( 'NONE', *, *, #2835, .F. ) ;
#3154 = DIRECTION ( 'NONE',  ( 1.000000000000000000, 0.000000000000000000, -0.000000000000000000 ) ) ;
#3155 = CARTESIAN_POINT ( 'NONE',  ( -1.500000000000000000, 193.0000000000000000, 90.00000000000000000 ) ) ;
#3156 = ORIENTED_EDGE ( 'NONE', *, *, #845, .T. ) ;
#3157 = LINE ( 'NONE', #697, #3455 ) ;
#3158 = LINE ( 'NONE', #3519, #1622 ) ;
#3159 = ADVANCED_FACE ( 'NONE', ( #393, #2233, #376, #2543, #3816, #967 ), #2298, .T. ) ;
#3160 = FACE_BOUND ( 'NONE', #2236, .T. ) ;
#3161 = ORIENTED_EDGE ( 'NONE', *, *, #2620, .T. ) ;
#3162 = CARTESIAN_POINT ( 'NONE',  ( 2.000000000000000000, 72.09999999999999432, 7.700000000000000178 ) ) ;
#3163 = CARTESIAN_POINT ( 'NONE',  ( -1.500000000000000000, 71.53256259467079303, 24.00000000000000000 ) ) ;
#3164 = ORIENTED_EDGE ( 'NONE', *, *, #1468, .T. ) ;
#3165 = DIRECTION ( 'NONE',  ( 0.000000000000000000, -1.000000000000000000, 0.000000000000000000 ) ) ;
#3166 = CIRCLE ( 'NONE', #332, 1.700000000000000178 ) ;
#3167 = EDGE_CURVE ( 'NONE', #1591, #76, #2257, .T. ) ;
#3168 = CARTESIAN_POINT ( 'NONE',  ( 1.500000000000000000, -60.00000000000000000, 30.00000000000000000 ) ) ;
#3169 = VECTOR ( 'NONE', #1989, 1000.000000000000000 ) ;
#3170 = CARTESIAN_POINT ( 'NONE',  ( -2.000000000000000000, -61.25000000000000000, 6.000000000000000000 ) ) ;
#3171 = ORIENTED_EDGE ( 'NONE', *, *, #746, .F. ) ;
#3172 = ORIENTED_EDGE ( 'NONE', *, *, #429, .F. ) ;
#3173 = ADVANCED_FACE ( 'NONE', ( #3479 ), #1297, .F. ) ;
#3174 = AXIS2_PLACEMENT_3D ( 'NONE', #3275, #1655, #1592 ) ;
#3175 = DIRECTION ( 'NONE',  ( 0.000000000000000000, 0.000000000000000000, -1.000000000000000000 ) ) ;
#3176 = VECTOR ( 'NONE', #3336, 1000.000000000000000 ) ;
#3177 = VERTEX_POINT ( 'NONE', #1919 ) ;
#3178 = PLANE ( 'NONE',  #1114 ) ;
#3179 = ORIENTED_EDGE ( 'NONE', *, *, #1813, .T. ) ;
#3180 = CARTESIAN_POINT ( 'NONE',  ( -2.299999999999999822, 194.5999999999999943, 18.25000000000000355 ) ) ;
#3181 = LINE ( 'NONE', #2557, #1157 ) ;
#3182 = CIRCLE ( 'NONE', #9, 2.750000000000002665 ) ;
#3183 = EDGE_CURVE ( 'NONE', #3461, #2903, #1943, .T. ) ;
#3184 = EDGE_CURVE ( 'NONE', #276, #170, #1517, .T. ) ;
#3185 = LINE ( 'NONE', #3225, #157 ) ;
#3186 = VECTOR ( 'NONE', #1649, 1000.000000000000000 ) ;
#3187 = ORIENTED_EDGE ( 'NONE', *, *, #2571, .T. ) ;
#3188 = DIRECTION ( 'NONE',  ( 1.000000000000000000, 0.000000000000000000, 0.000000000000000000 ) ) ;
#3189 = DIRECTION ( 'NONE',  ( 1.000000000000000000, 0.000000000000000000, -0.000000000000000000 ) ) ;
#3190 = AXIS2_PLACEMENT_3D ( 'NONE', #776, #2328, #2971 ) ;
#3191 = LINE ( 'NONE', #2944, #2732 ) ;
#3192 = FACE_BOUND ( 'NONE', #3031, .T. ) ;
#3193 = CIRCLE ( 'NONE', #1800, 6.100000000000001421 ) ;
#3194 = LINE ( 'NONE', #361, #3911 ) ;
#3195 = EDGE_CURVE ( 'NONE', #1017, #3761, #43, .T. ) ;
#3196 = CIRCLE ( 'NONE', #3993, 2.250000000000000444 ) ;
#3197 = CARTESIAN_POINT ( 'NONE',  ( -1.500000000000000000, 193.0000000000000000, 94.00000000000000000 ) ) ;
#3198 = ORIENTED_EDGE ( 'NONE', *, *, #2018, .T. ) ;
#3199 = EDGE_LOOP ( 'NONE', ( #3823, #3172 ) ) ;
#3200 = AXIS2_PLACEMENT_3D ( 'NONE', #2975, #143, #1397 ) ;
#3201 = DIRECTION ( 'NONE',  ( 0.000000000000000000, 0.000000000000000000, 1.000000000000000000 ) ) ;
#3202 = EDGE_CURVE ( 'NONE', #1267, #3259, #3773, .T. ) ;
#3203 = CARTESIAN_POINT ( 'NONE',  ( -2.000000000000000000, 150.0000000000000000, 55.00000000000000000 ) ) ;
#3204 = ORIENTED_EDGE ( 'NONE', *, *, #1887, .F. ) ;
#3205 = CARTESIAN_POINT ( 'NONE',  ( 0.000000000000000000, -184.0000000000000000, 24.00000000000000000 ) ) ;
#3206 = LINE ( 'NONE', #1583, #2920 ) ;
#3207 = CARTESIAN_POINT ( 'NONE',  ( -2.000000000000000000, 72.09999999999999432, 16.00000000000000000 ) ) ;
#3208 = EDGE_LOOP ( 'NONE', ( #1077, #752, #1369, #2520 ) ) ;
#3209 = CARTESIAN_POINT ( 'NONE',  ( 0.000000000000000000, 103.0000000000000142, 100.0000000000000000 ) ) ;
#3210 = DIRECTION ( 'NONE',  ( 0.000000000000000000, 0.000000000000000000, -1.000000000000000000 ) ) ;
#3211 = CARTESIAN_POINT ( 'NONE',  ( -2.000000000000000000, -170.0000000000000000, 68.00000000000000000 ) ) ;
#3212 = DIRECTION ( 'NONE',  ( 0.000000000000000000, 0.000000000000000000, 1.000000000000000000 ) ) ;
#3213 = AXIS2_PLACEMENT_3D ( 'NONE', #1185, #506, #902 ) ;
#3214 = DIRECTION ( 'NONE',  ( 0.000000000000000000, -0.000000000000000000, 1.000000000000000000 ) ) ;
#3215 = ORIENTED_EDGE ( 'NONE', *, *, #307, .F. ) ;
#3216 = EDGE_CURVE ( 'NONE', #2734, #1797, #3576, .T. ) ;
#3217 = VERTEX_POINT ( 'NONE', #3544 ) ;
#3218 = DIRECTION ( 'NONE',  ( 0.000000000000000000, 0.000000000000000000, 1.000000000000000000 ) ) ;
#3219 = ORIENTED_EDGE ( 'NONE', *, *, #769, .T. ) ;
#3220 = CARTESIAN_POINT ( 'NONE',  ( -2.000000000000000000, -184.0000000000000000, 53.92820323027554252 ) ) ;
#3221 = EDGE_LOOP ( 'NONE', ( #2887, #657, #2597, #4015 ) ) ;
#3222 = CARTESIAN_POINT ( 'NONE',  ( 2.000000000000000000, 60.00000000000000000, 27.25000000000000000 ) ) ;
#3223 = EDGE_CURVE ( 'NONE', #2083, #1923, #2721, .T. ) ;
#3224 = CYLINDRICAL_SURFACE ( 'NONE', #3251, 2.000000000000001776 ) ;
#3225 = CARTESIAN_POINT ( 'NONE',  ( 0.000000000000000000, 193.0000000000000000, 90.00000000000000000 ) ) ;
#3226 = EDGE_LOOP ( 'NONE', ( #2741, #194, #2391, #3335 ) ) ;
#3227 = LINE ( 'NONE', #702, #2455 ) ;
#3228 = CARTESIAN_POINT ( 'NONE',  ( -1.500000000000000000, 133.0000000000000000, 94.00000000000000000 ) ) ;
#3229 = CARTESIAN_POINT ( 'NONE',  ( 2.000000000000000000, 150.0000000000000000, 61.10000000000000142 ) ) ;
#3230 = DIRECTION ( 'NONE',  ( -1.000000000000000000, -0.000000000000000000, 0.000000000000000000 ) ) ;
#3231 = DIRECTION ( 'NONE',  ( 0.000000000000000000, 0.000000000000000000, 1.000000000000000000 ) ) ;
#3232 = DIRECTION ( 'NONE',  ( 0.000000000000000000, 0.000000000000000000, 1.000000000000000000 ) ) ;
#3233 = EDGE_CURVE ( 'NONE', #2437, #1459, #85, .T. ) ;
#3234 = EDGE_LOOP ( 'NONE', ( #3967, #680, #1964, #2808 ) ) ;
#3235 = EDGE_LOOP ( 'NONE', ( #4005, #2014 ) ) ;
#3236 = SHAPE_DEFINITION_REPRESENTATION ( #2499, #2594 ) ;
#3237 = AXIS2_PLACEMENT_3D ( 'NONE', #195, #1762, #3318 ) ;
#3238 = EDGE_CURVE ( 'NONE', #8, #855, #1030, .T. ) ;
#3239 = EDGE_LOOP ( 'NONE', ( #2837, #1349, #1930, #559 ) ) ;
#3240 = FACE_OUTER_BOUND ( 'NONE', #3297, .T. ) ;
#3241 = CIRCLE ( 'NONE', #3041, 13.00000000000000178 ) ;
#3242 = ORIENTED_EDGE ( 'NONE', *, *, #2884, .T. ) ;
#3243 = LINE ( 'NONE', #1024, #876 ) ;
#3244 = DIRECTION ( 'NONE',  ( 1.000000000000000000, 0.000000000000000000, 0.000000000000000000 ) ) ;
#3245 = AXIS2_PLACEMENT_3D ( 'NONE', #3066, #2776, #234 ) ;
#3246 = DIRECTION ( 'NONE',  ( 0.000000000000000000, 0.000000000000000000, -1.000000000000000000 ) ) ;
#3247 = VERTEX_POINT ( 'NONE', #722 ) ;
#3248 = CIRCLE ( 'NONE', #2255, 1.700000000000000178 ) ;
#3249 = LINE ( 'NONE', #1007, #472 ) ;
#3250 = DIRECTION ( 'NONE',  ( 1.000000000000000000, 0.000000000000000000, -0.000000000000000000 ) ) ;
#3251 = AXIS2_PLACEMENT_3D ( 'NONE', #2539, #1292, #18 ) ;
#3252 = EDGE_CURVE ( 'NONE', #720, #3364, #2521, .T. ) ;
#3253 = DIRECTION ( 'NONE',  ( 1.000000000000000000, 0.000000000000000000, -0.000000000000000000 ) ) ;
#3254 = FACE_BOUND ( 'NONE', #3239, .T. ) ;
#3255 = VECTOR ( 'NONE', #2456, 1000.000000000000000 ) ;
#3256 = CARTESIAN_POINT ( 'NONE',  ( 0.000000000000000000, -210.0000000000000000, 108.0000000000000000 ) ) ;
#3257 = AXIS2_PLACEMENT_3D ( 'NONE', #2550, #2284, #2302 ) ;
#3258 = DIRECTION ( 'NONE',  ( -1.000000000000000000, -0.000000000000000000, 0.000000000000000000 ) ) ;
#3259 = VERTEX_POINT ( 'NONE', #3162 ) ;
#3260 = ORIENTED_EDGE ( 'NONE', *, *, #1339, .F. ) ;
#3261 = VECTOR ( 'NONE', #704, 1000.000000000000000 ) ;
#3262 = PERSON_AND_ORGANIZATION_ROLE ( 'classification_officer' ) ;
#3263 = VERTEX_POINT ( 'NONE', #2371 ) ;
#3264 = AXIS2_PLACEMENT_3D ( 'NONE', #907, #2170, #2106 ) ;
#3265 = ORIENTED_EDGE ( 'NONE', *, *, #378, .T. ) ;
#3266 = DIRECTION ( 'NONE',  ( -0.000000000000000000, 0.000000000000000000, -1.000000000000000000 ) ) ;
#3267 = DIRECTION ( 'NONE',  ( 0.000000000000000000, -1.000000000000000000, 0.000000000000000000 ) ) ;
#3268 = VECTOR ( 'NONE', #737, 1000.000000000000000 ) ;
#3269 = DIRECTION ( 'NONE',  ( 0.000000000000000000, -1.000000000000000000, 0.000000000000000000 ) ) ;
#3270 = VERTEX_POINT ( 'NONE', #104 ) ;
#3271 = ADVANCED_FACE ( 'NONE', ( #3021 ), #1362, .F. ) ;
#3272 = CARTESIAN_POINT ( 'NONE',  ( -1.500000000000000000, 133.0000000000000000, 90.00000000000000000 ) ) ;
#3273 = CARTESIAN_POINT ( 'NONE',  ( -2.299999999999999822, -150.0000000000000000, 61.10000000000000142 ) ) ;
#3274 = FACE_OUTER_BOUND ( 'NONE', #3988, .T. ) ;
#3275 = CARTESIAN_POINT ( 'NONE',  ( -2.299999999999999822, 72.09999999999999432, 6.000000000000000000 ) ) ;
#3276 = CARTESIAN_POINT ( 'NONE',  ( 2.000000000000000000, -194.5999999999999943, 16.00000000000000000 ) ) ;
#3277 = EDGE_CURVE ( 'NONE', #1511, #3398, #533, .T. ) ;
#3278 = CIRCLE ( 'NONE', #370, 2.250000000000000444 ) ;
#3279 = FACE_OUTER_BOUND ( 'NONE', #1717, .T. ) ;
#3280 = EDGE_LOOP ( 'NONE', ( #117, #772, #53, #2483 ) ) ;
#3281 = ORIENTED_EDGE ( 'NONE', *, *, #537, .F. ) ;
#3282 = CIRCLE ( 'NONE', #3480, 2.250000000000001776 ) ;
#3283 = EDGE_LOOP ( 'NONE', ( #1563, #1782 ) ) ;
#3284 = ORIENTED_EDGE ( 'NONE', *, *, #3370, .T. ) ;
#3285 = DIRECTION ( 'NONE',  ( -1.000000000000000000, -0.000000000000000000, 0.000000000000000000 ) ) ;
#3286 = CARTESIAN_POINT ( 'NONE',  ( -2.000000000000000000, -210.0000000000000000, 108.0000000000000000 ) ) ;
#3287 = EDGE_CURVE ( 'NONE', #2949, #1254, #2653, .T. ) ;
#3288 = CYLINDRICAL_SURFACE ( 'NONE', #2275, 13.00000000000000178 ) ;
#3289 = VERTEX_POINT ( 'NONE', #2336 ) ;
#3290 = FACE_OUTER_BOUND ( 'NONE', #709, .T. ) ;
#3291 = CARTESIAN_POINT ( 'NONE',  ( 0.000000000000000000, -184.0000000000000000, 18.00000000000000355 ) ) ;
#3292 = CYLINDRICAL_SURFACE ( 'NONE', #1674, 2.750000000000002665 ) ;
#3293 = ORIENTED_EDGE ( 'NONE', *, *, #1031, .T. ) ;
#3294 = CARTESIAN_POINT ( 'NONE',  ( -1.500000000000000000, 175.0000000000000284, 90.00000000000000000 ) ) ;
#3295 = CYLINDRICAL_SURFACE ( 'NONE', #3654, 2.000000000000001776 ) ;
#3296 = ORIENTED_EDGE ( 'NONE', *, *, #63, .F. ) ;
#3297 = EDGE_LOOP ( 'NONE', ( #2408, #1410, #2242, #175 ) ) ;
#3298 = DIRECTION ( 'NONE',  ( -1.000000000000000000, 0.000000000000000000, 0.000000000000000000 ) ) ;
#3299 = ORIENTED_EDGE ( 'NONE', *, *, #2824, .F. ) ;
#3300 = EDGE_CURVE ( 'NONE', #862, #2878, #1675, .T. ) ;
#3301 = ORIENTED_EDGE ( 'NONE', *, *, #258, .F. ) ;
#3302 = CARTESIAN_POINT ( 'NONE',  ( -2.000000000000000000, 103.0000000000000142, 102.0000000000000142 ) ) ;
#3303 = AXIS2_PLACEMENT_3D ( 'NONE', #346, #1604, #1116 ) ;
#3304 = CARTESIAN_POINT ( 'NONE',  ( 2.000000000000000000, 115.0000000000000000, 104.0000000000000142 ) ) ;
#3305 = VECTOR ( 'NONE', #2407, 1000.000000000000000 ) ;
#3306 = DIRECTION ( 'NONE',  ( 0.000000000000000000, 0.000000000000000000, -1.000000000000000000 ) ) ;
#3307 = ORIENTED_EDGE ( 'NONE', *, *, #2234, .T. ) ;
#3308 = DIRECTION ( 'NONE',  ( 1.000000000000000000, 0.000000000000000000, 0.000000000000000000 ) ) ;
#3309 = FACE_OUTER_BOUND ( 'NONE', #2062, .T. ) ;
#3310 = VECTOR ( 'NONE', #3189, 1000.000000000000000 ) ;
#3311 = EDGE_CURVE ( 'NONE', #3673, #1834, #2690, .T. ) ;
#3312 = DIRECTION ( 'NONE',  ( 0.000000000000000000, 0.000000000000000000, -1.000000000000000000 ) ) ;
#3313 = EDGE_LOOP ( 'NONE', ( #2724, #980, #1774, #3293 ) ) ;
#3314 = ORIENTED_EDGE ( 'NONE', *, *, #3771, .F. ) ;
#3315 = LINE ( 'NONE', #2070, #3176 ) ;
#3316 = DIRECTION ( 'NONE',  ( 0.000000000000000000, -0.000000000000000000, 1.000000000000000000 ) ) ;
#3317 = ORIENTED_EDGE ( 'NONE', *, *, #2511, .T. ) ;
#3318 = DIRECTION ( 'NONE',  ( 0.000000000000000000, 0.000000000000000000, 1.000000000000000000 ) ) ;
#3319 = EDGE_CURVE ( 'NONE', #2374, #1505, #3620, .T. ) ;
#3320 = ORIENTED_EDGE ( 'NONE', *, *, #2206, .F. ) ;
#3321 = CARTESIAN_POINT ( 'NONE',  ( -2.299999999999999822, -60.00000000000000000, 30.00000000000000000 ) ) ;
#3322 = CIRCLE ( 'NONE', #3190, 2.250000000000000444 ) ;
#3323 = ORIENTED_EDGE ( 'NONE', *, *, #1867, .F. ) ;
#3324 = ORIENTED_EDGE ( 'NONE', *, *, #2215, .F. ) ;
#3325 = AXIS2_PLACEMENT_3D ( 'NONE', #3353, #187, #1716 ) ;
#3326 = CARTESIAN_POINT ( 'NONE',  ( -2.000000000000000000, -129.0000000000000000, 52.00000000000000711 ) ) ;
#3327 = ADVANCED_FACE ( 'NONE', ( #1694 ), #3638, .T. ) ;
#3328 = VECTOR ( 'NONE', #1091, 1000.000000000000000 ) ;
#3329 = CARTESIAN_POINT ( 'NONE',  ( 1.500000000000000000, -48.46743740532919986, 24.00000000000000000 ) ) ;
#3330 = ORIENTED_EDGE ( 'NONE', *, *, #3473, .T. ) ;
#3331 = LINE ( 'NONE', #489, #2793 ) ;
#3332 = CIRCLE ( 'NONE', #1543, 2.750000000000002665 ) ;
#3333 = LINE ( 'NONE', #3664, #2452 ) ;
#3334 = CARTESIAN_POINT ( 'NONE',  ( -2.000000000000000000, 150.0000000000000000, 55.00000000000000000 ) ) ;
#3335 = ORIENTED_EDGE ( 'NONE', *, *, #1652, .F. ) ;
#3336 = DIRECTION ( 'NONE',  ( 1.000000000000000000, 0.000000000000000000, -0.000000000000000000 ) ) ;
#3337 = PERSON_AND_ORGANIZATION ( #3825, #3609 ) ;
#3338 = CARTESIAN_POINT ( 'NONE',  ( 2.000000000000000000, -60.00000000000000000, 30.00000000000000000 ) ) ;
#3339 = VERTEX_POINT ( 'NONE', #3896 ) ;
#3340 = DIRECTION ( 'NONE',  ( 0.000000000000000000, 0.000000000000000000, -1.000000000000000000 ) ) ;
#3341 = VERTEX_POINT ( 'NONE', #782 ) ;
#3342 = DIRECTION ( 'NONE',  ( 0.000000000000000000, 0.000000000000000000, -1.000000000000000000 ) ) ;
#3343 = EDGE_CURVE ( 'NONE', #3064, #3497, #3352, .T. ) ;
#3344 = EDGE_CURVE ( 'NONE', #1217, #1123, #1378, .T. ) ;
#3345 = ORIENTED_EDGE ( 'NONE', *, *, #3786, .F. ) ;
#3346 = VERTEX_POINT ( 'NONE', #1439 ) ;
#3347 = PLANE ( 'NONE',  #3213 ) ;
#3348 = CARTESIAN_POINT ( 'NONE',  ( 2.000000000000000000, 60.00000000000000000, 30.00000000000000000 ) ) ;
#3349 = ORIENTED_EDGE ( 'NONE', *, *, #649, .F. ) ;
#3350 = EDGE_CURVE ( 'NONE', #791, #3070, #3333, .T. ) ;
#3351 = CARTESIAN_POINT ( 'NONE',  ( -2.000000000000000000, 103.0000000000000142, 104.0000000000000142 ) ) ;
#3352 = LINE ( 'NONE', #1049, #2189 ) ;
#3353 = CARTESIAN_POINT ( 'NONE',  ( 2.000000000000000000, -91.85246629291785325, 29.52644355067057802 ) ) ;
#3354 = ORIENTED_EDGE ( 'NONE', *, *, #670, .T. ) ;
#3355 = FACE_OUTER_BOUND ( 'NONE', #1884, .T. ) ;
#3356 = PERSON_AND_ORGANIZATION_ROLE ( 'creator' ) ;
#3357 = CYLINDRICAL_SURFACE ( 'NONE', #1398, 12.99999999999999822 ) ;
#3358 = EDGE_LOOP ( 'NONE', ( #1971, #2846, #1525, #2688 ) ) ;
#3359 = DIRECTION ( 'NONE',  ( 0.000000000000000000, 0.000000000000000000, -1.000000000000000000 ) ) ;
#3360 = DIRECTION ( 'NONE',  ( -1.000000000000000000, -0.000000000000000000, 0.000000000000000000 ) ) ;
#3361 = PLANE ( 'NONE',  #3107 ) ;
#3362 = EDGE_CURVE ( 'NONE', #1631, #2333, #1402, .T. ) ;
#3363 = EDGE_CURVE ( 'NONE', #3064, #3346, #3182, .T. ) ;
#3364 = VERTEX_POINT ( 'NONE', #2959 ) ;
#3365 = ORIENTED_EDGE ( 'NONE', *, *, #3473, .F. ) ;
#3366 = CARTESIAN_POINT ( 'NONE',  ( 1.500000000000000000, 103.0000000000000142, 90.00000000000000000 ) ) ;
#3367 = DIRECTION ( 'NONE',  ( 0.000000000000000000, 0.000000000000000000, -1.000000000000000000 ) ) ;
#3368 = ORIENTED_EDGE ( 'NONE', *, *, #2765, .F. ) ;
#3369 = DIRECTION ( 'NONE',  ( 1.000000000000000000, 0.000000000000000000, 0.000000000000000000 ) ) ;
#3370 = EDGE_CURVE ( 'NONE', #1540, #2186, #3248, .T. ) ;
#3371 = CARTESIAN_POINT ( 'NONE',  ( 2.000000000000000000, -72.09999999999999432, 18.25000000000000355 ) ) ;
#3372 = AXIS2_PLACEMENT_3D ( 'NONE', #2679, #3649, #3340 ) ;
#3373 = FACE_BOUND ( 'NONE', #498, .T. ) ;
#3374 = ORIENTED_EDGE ( 'NONE', *, *, #3287, .F. ) ;
#3375 = CIRCLE ( 'NONE', #2843, 2.000000000000001776 ) ;
#3376 = FACE_OUTER_BOUND ( 'NONE', #2645, .T. ) ;
#3377 = EDGE_CURVE ( 'NONE', #546, #1360, #868, .T. ) ;
#3378 = VECTOR ( 'NONE', #786, 1000.000000000000000 ) ;
#3379 = ADVANCED_FACE ( 'NONE', ( #3309 ), #3917, .T. ) ;
#3380 = DIRECTION ( 'NONE',  ( -1.000000000000000000, 0.000000000000000000, 0.000000000000000000 ) ) ;
#3381 = ORIENTED_EDGE ( 'NONE', *, *, #3615, .T. ) ;
#3382 = CYLINDRICAL_SURFACE ( 'NONE', #857, 2.750000000000002665 ) ;
#3383 = DIRECTION ( 'NONE',  ( -1.000000000000000000, -0.000000000000000000, 0.000000000000000000 ) ) ;
#3384 = CYLINDRICAL_SURFACE ( 'NONE', #2913, 6.100000000000001421 ) ;
#3385 = CIRCLE ( 'NONE', #281, 1.700000000000000178 ) ;
#3386 = ORIENTED_EDGE ( 'NONE', *, *, #1499, .F. ) ;
#3387 = ORIENTED_EDGE ( 'NONE', *, *, #1672, .T. ) ;
#3388 = AXIS2_PLACEMENT_3D ( 'NONE', #2249, #1957, #367 ) ;
#3389 = FACE_OUTER_BOUND ( 'NONE', #3221, .T. ) ;
#3390 = DIRECTION ( 'NONE',  ( 0.000000000000000000, 0.000000000000000000, 1.000000000000000000 ) ) ;
#3391 = VECTOR ( 'NONE', #3891, 1000.000000000000000 ) ;
#3392 = EDGE_LOOP ( 'NONE', ( #1811, #1178, #2248, #3281 ) ) ;
#3393 = FACE_OUTER_BOUND ( 'NONE', #390, .T. ) ;
#3394 = DIRECTION ( 'NONE',  ( 1.000000000000000000, 0.000000000000000000, -0.000000000000000000 ) ) ;
#3395 = AXIS2_PLACEMENT_3D ( 'NONE', #1363, #1345, #359 ) ;
#3396 = EDGE_CURVE ( 'NONE', #2616, #1360, #3600, .T. ) ;
#3397 = CARTESIAN_POINT ( 'NONE',  ( 2.000000000000000000, 163.0000000000000000, 100.0000000000000000 ) ) ;
#3398 = VERTEX_POINT ( 'NONE', #2673 ) ;
#3399 = CIRCLE ( 'NONE', #293, 2.000000000000001776 ) ;
#3400 = FACE_OUTER_BOUND ( 'NONE', #2346, .T. ) ;
#3401 = DIRECTION ( 'NONE',  ( 0.000000000000000000, 0.000000000000000000, -1.000000000000000000 ) ) ;
#3402 = ORIENTED_EDGE ( 'NONE', *, *, #601, .T. ) ;
#3403 = FACE_OUTER_BOUND ( 'NONE', #1545, .T. ) ;
#3404 = PLANE ( 'NONE',  #1727 ) ;
#3405 = EDGE_CURVE ( 'NONE', #2409, #1802, #1737, .T. ) ;
#3406 = FACE_OUTER_BOUND ( 'NONE', #1153, .T. ) ;
#3407 = ORIENTED_EDGE ( 'NONE', *, *, #526, .T. ) ;
#3408 = VERTEX_POINT ( 'NONE', #229 ) ;
#3409 = DIRECTION ( 'NONE',  ( 1.000000000000000000, 0.000000000000000000, 0.000000000000000000 ) ) ;
#3410 = AXIS2_PLACEMENT_3D ( 'NONE', #2038, #2641, #3910 ) ;
#3411 = DIRECTION ( 'NONE',  ( -1.000000000000000000, -0.000000000000000000, -0.000000000000000000 ) ) ;
#3412 = ORIENTED_EDGE ( 'NONE', *, *, #1601, .T. ) ;
#3413 = CARTESIAN_POINT ( 'NONE',  ( 1.500000000000000000, 145.0000000000000000, 92.00000000000000000 ) ) ;
#3414 = VECTOR ( 'NONE', #1498, 1000.000000000000000 ) ;
#3415 = EDGE_CURVE ( 'NONE', #622, #1483, #924, .T. ) ;
#3416 = CARTESIAN_POINT ( 'NONE',  ( -2.299999999999999822, 194.5999999999999943, 13.75000000000000000 ) ) ;
#3417 = DIRECTION ( 'NONE',  ( 0.000000000000000000, 0.000000000000000000, 1.000000000000000000 ) ) ;
#3418 = EDGE_LOOP ( 'NONE', ( #2502, #3108, #440, #612 ) ) ;
#3419 = CARTESIAN_POINT ( 'NONE',  ( 1.500000000000000000, -184.0000000000000000, 90.00000000000001421 ) ) ;
#3420 = CC_DESIGN_PERSON_AND_ORGANIZATION_ASSIGNMENT ( #1759, #2909, ( #299 ) ) ;
#3421 = LINE ( 'NONE', #579, #2394 ) ;
#3422 = ORIENTED_EDGE ( 'NONE', *, *, #2163, .T. ) ;
#3423 = CYLINDRICAL_SURFACE ( 'NONE', #3968, 2.750000000000002665 ) ;
#3424 = CARTESIAN_POINT ( 'NONE',  ( 0.000000000000000000, 133.0000000000000000, 104.0000000000000142 ) ) ;
#3425 = DIRECTION ( 'NONE',  ( 0.000000000000000000, 0.000000000000000000, 1.000000000000000000 ) ) ;
#3426 = VERTEX_POINT ( 'NONE', #1461 ) ;
#3427 = ORIENTED_EDGE ( 'NONE', *, *, #2145, .F. ) ;
#3428 = DIRECTION ( 'NONE',  ( 0.000000000000000000, -1.000000000000000000, 0.000000000000000000 ) ) ;
#3429 = EDGE_CURVE ( 'NONE', #2423, #442, #2121, .T. ) ;
#3430 = CARTESIAN_POINT ( 'NONE',  ( 2.000000000000000000, 133.0000000000000000, 102.0000000000000142 ) ) ;
#3431 = ORIENTED_EDGE ( 'NONE', *, *, #3668, .F. ) ;
#3432 = CARTESIAN_POINT ( 'NONE',  ( -2.000000000000000000, 150.0000000000000000, 41.99999999999999289 ) ) ;
#3433 = DIRECTION ( 'NONE',  ( 1.000000000000000000, 0.000000000000000000, 0.000000000000000000 ) ) ;
#3434 = FACE_BOUND ( 'NONE', #255, .T. ) ;
#3435 = ORIENTED_EDGE ( 'NONE', *, *, #2891, .T. ) ;
#3436 = LINE ( 'NONE', #3709, #2979 ) ;
#3437 = EDGE_CURVE ( 'NONE', #1412, #713, #1229, .T. ) ;
#3438 = LINE ( 'NONE', #1570, #2001 ) ;
#3439 = AXIS2_PLACEMENT_3D ( 'NONE', #3564, #88, #3836 ) ;
#3440 = ORIENTED_EDGE ( 'NONE', *, *, #129, .F. ) ;
#3441 = CARTESIAN_POINT ( 'NONE',  ( 2.000000000000000000, -173.0000000000000284, 47.00000000000000000 ) ) ;
#3442 = CYLINDRICAL_SURFACE ( 'NONE', #1385, 2.000000000000001776 ) ;
#3443 = VECTOR ( 'NONE', #2562, 1000.000000000000000 ) ;
#3444 = ORIENTED_EDGE ( 'NONE', *, *, #3002, .T. ) ;
#3445 = EDGE_CURVE ( 'NONE', #3217, #434, #1503, .T. ) ;
#3446 = AXIS2_PLACEMENT_3D ( 'NONE', #2435, #2457, #1172 ) ;
#3447 = CARTESIAN_POINT ( 'NONE',  ( -2.000000000000000000, 198.0000000000000000, 24.00000000000000000 ) ) ;
#3448 = AXIS2_PLACEMENT_3D ( 'NONE', #2113, #3383, #3029 ) ;
#3449 = DIRECTION ( 'NONE',  ( 1.000000000000000000, 0.000000000000000000, 0.000000000000000000 ) ) ;
#3450 = VERTEX_POINT ( 'NONE', #3120 ) ;
#3451 = AXIS2_PLACEMENT_3D ( 'NONE', #3895, #3580, #1983 ) ;
#3452 = CARTESIAN_POINT ( 'NONE',  ( -1.500000000000000000, 175.0000000000000000, 94.00000000000000000 ) ) ;
#3453 = EDGE_CURVE ( 'NONE', #3691, #2141, #994, .T. ) ;
#3454 = DIRECTION ( 'NONE',  ( 1.000000000000000000, 0.000000000000000000, -0.000000000000000000 ) ) ;
#3455 = VECTOR ( 'NONE', #328, 1000.000000000000000 ) ;
#3456 = FACE_BOUND ( 'NONE', #836, .T. ) ;
#3457 = ORIENTED_EDGE ( 'NONE', *, *, #4038, .F. ) ;
#3458 = AXIS2_PLACEMENT_3D ( 'NONE', #1444, #2401, #497 ) ;
#3459 = AXIS2_PLACEMENT_3D ( 'NONE', #1110, #3897, #454 ) ;
#3460 = CARTESIAN_POINT ( 'NONE',  ( -2.000000000000000000, 61.25000000000000000, 13.75000000000000000 ) ) ;
#3461 = VERTEX_POINT ( 'NONE', #3685 ) ;
#3462 = LINE ( 'NONE', #643, #2572 ) ;
#3463 = DIRECTION ( 'NONE',  ( 0.000000000000000000, 0.000000000000000000, 1.000000000000000000 ) ) ;
#3464 = AXIS2_PLACEMENT_3D ( 'NONE', #3430, #2791, #3080 ) ;
#3465 = VERTEX_POINT ( 'NONE', #2149 ) ;
#3466 = EDGE_LOOP ( 'NONE', ( #466, #4064 ) ) ;
#3467 = EDGE_CURVE ( 'NONE', #2771, #2180, #292, .T. ) ;
#3468 = LINE ( 'NONE', #2270, #1223 ) ;
#3469 = CARTESIAN_POINT ( 'NONE',  ( 0.000000000000000000, 184.0000000000000000, 94.00000000000000000 ) ) ;
#3470 = ORIENTED_EDGE ( 'NONE', *, *, #2033, .T. ) ;
#3471 = CYLINDRICAL_SURFACE ( 'NONE', #3118, 13.00000000000000533 ) ;
#3472 = DIRECTION ( 'NONE',  ( 0.000000000000000000, 0.000000000000000000, -1.000000000000000000 ) ) ;
#3473 = EDGE_CURVE ( 'NONE', #1797, #2734, #274, .T. ) ;
#3474 = AXIS2_PLACEMENT_3D ( 'NONE', #1124, #1207, #2430 ) ;
#3475 = ADVANCED_FACE ( 'NONE', ( #3083 ), #4075, .F. ) ;
#3476 = DIRECTION ( 'NONE',  ( 1.000000000000000000, 0.000000000000000000, 0.000000000000000000 ) ) ;
#3477 = EDGE_LOOP ( 'NONE', ( #461, #839, #1549, #3631 ) ) ;
#3478 = CIRCLE ( 'NONE', #763, 2.750000000000002665 ) ;
#3479 = FACE_OUTER_BOUND ( 'NONE', #1183, .T. ) ;
#3480 = AXIS2_PLACEMENT_3D ( 'NONE', #571, #3992, #1146 ) ;
#3481 = EDGE_CURVE ( 'NONE', #173, #1850, #342, .T. ) ;
#3482 = CARTESIAN_POINT ( 'NONE',  ( 0.000000000000000000, 84.99999999999998579, 100.0000000000000000 ) ) ;
#3483 = ORIENTED_EDGE ( 'NONE', *, *, #2150, .T. ) ;
#3484 = DIRECTION ( 'NONE',  ( 0.000000000000000000, 0.000000000000000000, -1.000000000000000000 ) ) ;
#3485 = FACE_OUTER_BOUND ( 'NONE', #1808, .T. ) ;
#3486 = ORIENTED_EDGE ( 'NONE', *, *, #2823, .F. ) ;
#3487 = EDGE_LOOP ( 'NONE', ( #2932, #1976 ) ) ;
#3488 = ADVANCED_FACE ( 'NONE', ( #3998 ), #2494, .F. ) ;
#3489 = DIRECTION ( 'NONE',  ( 1.000000000000000000, 0.000000000000000000, 0.000000000000000000 ) ) ;
#3490 = EDGE_CURVE ( 'NONE', #3612, #1766, #2773, .T. ) ;
#3491 = FACE_OUTER_BOUND ( 'NONE', #443, .T. ) ;
#3492 = ORIENTED_EDGE ( 'NONE', *, *, #1480, .F. ) ;
#3493 = DIRECTION ( 'NONE',  ( 0.000000000000000000, -1.000000000000000000, 0.000000000000000000 ) ) ;
#3494 = EDGE_CURVE ( 'NONE', #2541, #2405, #1391, .T. ) ;
#3495 = CARTESIAN_POINT ( 'NONE',  ( -2.000000000000000000, 114.9999999999999858, 104.0000000000000142 ) ) ;
#3496 = DIRECTION ( 'NONE',  ( 0.000000000000000000, 0.000000000000000000, 1.000000000000000000 ) ) ;
#3497 = VERTEX_POINT ( 'NONE', #206 ) ;
#3498 = ADVANCED_FACE ( 'NONE', ( #2416 ), #906, .F. ) ;
#3499 = FACE_OUTER_BOUND ( 'NONE', #1264, .T. ) ;
#3500 = CC_DESIGN_PERSON_AND_ORGANIZATION_ASSIGNMENT ( #1020, #3262, ( #2756 ) ) ;
#3501 = CARTESIAN_POINT ( 'NONE',  ( 1.500000000000000000, 198.0000000000000000, 24.00000000000000000 ) ) ;
#3502 = DIRECTION ( 'NONE',  ( 1.000000000000000000, 0.000000000000000000, 0.000000000000000000 ) ) ;
#3503 = ORIENTED_EDGE ( 'NONE', *, *, #3643, .T. ) ;
#3504 = FACE_BOUND ( 'NONE', #2402, .T. ) ;
#3505 = AXIS2_PLACEMENT_3D ( 'NONE', #4024, #3109, #2525 ) ;
#3506 = DIRECTION ( 'NONE',  ( -1.000000000000000000, -0.000000000000000000, -0.000000000000000000 ) ) ;
#3507 = EDGE_CURVE ( 'NONE', #3847, #2662, #1789, .T. ) ;
#3508 = AXIS2_PLACEMENT_3D ( 'NONE', #2701, #3965, #3653 ) ;
#3509 = LINE ( 'NONE', #667, #1465 ) ;
#3510 = ORIENTED_EDGE ( 'NONE', *, *, #1828, .F. ) ;
#3511 = VERTEX_POINT ( 'NONE', #3371 ) ;
#3512 = VECTOR ( 'NONE', #3730, 1000.000000000000000 ) ;
#3513 = CARTESIAN_POINT ( 'NONE',  ( -2.299999999999999822, -129.0000000000000000, 46.90000000000000568 ) ) ;
#3514 = VECTOR ( 'NONE', #1898, 1000.000000000000000 ) ;
#3515 = DIRECTION ( 'NONE',  ( 0.000000000000000000, 0.000000000000000000, -1.000000000000000000 ) ) ;
#3516 = ORIENTED_EDGE ( 'NONE', *, *, #1079, .F. ) ;
#3517 = DIRECTION ( 'NONE',  ( -0.000000000000000000, 0.000000000000000000, -1.000000000000000000 ) ) ;
#3518 = AXIS2_PLACEMENT_3D ( 'NONE', #4025, #1180, #196 ) ;
#3519 = CARTESIAN_POINT ( 'NONE',  ( 1.500000000000000000, -184.0000000000000000, 0.000000000000000000 ) ) ;
#3520 = PLANE ( 'NONE',  #3592 ) ;
#3521 = AXIS2_PLACEMENT_3D ( 'NONE', #590, #4016, #944 ) ;
#3522 = EDGE_LOOP ( 'NONE', ( #2344, #2016, #3407, #304 ) ) ;
#3523 = LINE ( 'NONE', #3209, #1258 ) ;
#3524 = LINE ( 'NONE', #639, #796 ) ;
#3525 = AXIS2_PLACEMENT_3D ( 'NONE', #3828, #1334, #1268 ) ;
#3526 = ADVANCED_FACE ( 'NONE', ( #865 ), #4017, .T. ) ;
#3527 = DIRECTION ( 'NONE',  ( -1.000000000000000000, -0.000000000000000000, 0.000000000000000000 ) ) ;
#3528 = CARTESIAN_POINT ( 'NONE',  ( -1.500000000000000000, 11.53256259467079836, 24.00000000000000000 ) ) ;
#3529 = CIRCLE ( 'NONE', #3590, 2.000000000000001776 ) ;
#3530 = DIRECTION ( 'NONE',  ( 0.000000000000000000, -1.000000000000000000, -0.000000000000000000 ) ) ;
#3531 = AXIS2_PLACEMENT_3D ( 'NONE', #2559, #1005, #1567 ) ;
#3532 = PLANE ( 'NONE',  #1332 ) ;
#3533 = ADVANCED_FACE ( 'NONE', ( #556 ), #1814, .F. ) ;
#3534 = ORIENTED_EDGE ( 'NONE', *, *, #60, .T. ) ;
#3535 = AXIS2_PLACEMENT_3D ( 'NONE', #2536, #920, #3806 ) ;
#3536 = DIRECTION ( 'NONE',  ( 1.000000000000000000, 0.000000000000000000, 0.000000000000000000 ) ) ;
#3537 = DIRECTION ( 'NONE',  ( -1.000000000000000000, -0.000000000000000000, 0.000000000000000000 ) ) ;
#3538 = ORIENTED_EDGE ( 'NONE', *, *, #2823, .T. ) ;
#3539 = CARTESIAN_POINT ( 'NONE',  ( 0.000000000000000000, 198.0000000000000000, 24.00000000000000000 ) ) ;
#3540 = CARTESIAN_POINT ( 'NONE',  ( 2.000000000000000000, -72.09999999999999432, 6.000000000000000000 ) ) ;
#3541 = CARTESIAN_POINT ( 'NONE',  ( -2.000000000000000000, -61.25000000000000000, 16.00000000000000000 ) ) ;
#3542 = ORIENTED_EDGE ( 'NONE', *, *, #2608, .T. ) ;
#3543 = DIRECTION ( 'NONE',  ( 1.000000000000000000, 0.000000000000000000, -0.000000000000000000 ) ) ;
#3544 = CARTESIAN_POINT ( 'NONE',  ( 1.500000000000000000, -60.00000000000000000, 43.00000000000000000 ) ) ;
#3545 = CARTESIAN_POINT ( 'NONE',  ( 2.000000000000000000, 150.0000000000000000, 55.00000000000000000 ) ) ;
#3546 = FACE_BOUND ( 'NONE', #760, .T. ) ;
#3547 = DIRECTION ( 'NONE',  ( 0.000000000000000000, 0.000000000000000000, 1.000000000000000000 ) ) ;
#3548 = LINE ( 'NONE', #2947, #2863 ) ;
#3549 = ORIENTED_EDGE ( 'NONE', *, *, #2968, .F. ) ;
#3550 = EDGE_LOOP ( 'NONE', ( #3871, #1974, #2361, #1744 ) ) ;
#3551 = APPROVAL_STATUS ( 'not_yet_approved' ) ;
#3552 = ORIENTED_EDGE ( 'NONE', *, *, #746, .T. ) ;
#3553 = CARTESIAN_POINT ( 'NONE',  ( -2.299999999999999822, -91.85246629291785325, 24.42644355067057660 ) ) ;
#3554 = ORIENTED_EDGE ( 'NONE', *, *, #3202, .T. ) ;
#3555 = LINE ( 'NONE', #1627, #2990 ) ;
#3556 = CARTESIAN_POINT ( 'NONE',  ( 1.500000000000000000, 0.000000000000000000, 94.00000000000000000 ) ) ;
#3557 = EDGE_CURVE ( 'NONE', #599, #522, #1322, .T. ) ;
#3558 = ADVANCED_FACE ( 'NONE', ( #2250 ), #1310, .F. ) ;
#3559 = DIRECTION ( 'NONE',  ( -0.000000000000000000, 0.000000000000000000, -1.000000000000000000 ) ) ;
#3560 = ORIENTED_EDGE ( 'NONE', *, *, #2736, .F. ) ;
#3561 = CARTESIAN_POINT ( 'NONE',  ( -2.000000000000000000, 71.53256259467079303, 24.00000000000000000 ) ) ;
#3562 = DIRECTION ( 'NONE',  ( -1.000000000000000000, -0.000000000000000000, 0.000000000000000000 ) ) ;
#3563 = CARTESIAN_POINT ( 'NONE',  ( 2.000000000000000000, -173.0000000000000284, 44.25000000000000000 ) ) ;
#3564 = CARTESIAN_POINT ( 'NONE',  ( -2.299999999999999822, -60.00000000000000000, 30.00000000000000000 ) ) ;
#3565 = DIRECTION ( 'NONE',  ( -1.000000000000000000, -0.000000000000000000, 0.000000000000000000 ) ) ;
#3566 = CARTESIAN_POINT ( 'NONE',  ( -2.000000000000000000, 133.0000000000000000, 102.0000000000000142 ) ) ;
#3567 = ORIENTED_EDGE ( 'NONE', *, *, #3216, .T. ) ;
#3568 = ORIENTED_EDGE ( 'NONE', *, *, #619, .F. ) ;
#3569 = DATE_TIME_ROLE ( 'creation_date' ) ;
#3570 = VECTOR ( 'NONE', #2699, 1000.000000000000000 ) ;
#3571 = EDGE_CURVE ( 'NONE', #2226, #2222, #3206, .T. ) ;
#3572 = ORIENTED_EDGE ( 'NONE', *, *, #1585, .T. ) ;
#3573 = VERTEX_POINT ( 'NONE', #2602 ) ;
#3574 = LINE ( 'NONE', #3908, #3057 ) ;
#3575 = CARTESIAN_POINT ( 'NONE',  ( -2.000000000000000000, 103.0000000000000142, 100.0000000000000000 ) ) ;
#3576 = CIRCLE ( 'NONE', #2319, 2.250000000000001776 ) ;
#3577 = CARTESIAN_POINT ( 'NONE',  ( -2.000000000000000000, 150.0000000000000000, 55.00000000000000000 ) ) ;
#3578 = ORIENTED_EDGE ( 'NONE', *, *, #2788, .T. ) ;
#3579 = AXIS2_PLACEMENT_3D ( 'NONE', #842, #3433, #2755 ) ;
#3580 = DIRECTION ( 'NONE',  ( 1.000000000000000000, 0.000000000000000000, 0.000000000000000000 ) ) ;
#3581 = CARTESIAN_POINT ( 'NONE',  ( 2.000000000000000000, 61.25000000000000000, 6.000000000000000000 ) ) ;
#3582 = CARTESIAN_POINT ( 'NONE',  ( -2.000000000000000000, 0.000000000000000000, 27.25000000000000000 ) ) ;
#3583 = CARTESIAN_POINT ( 'NONE',  ( 0.000000000000000000, -184.0000000000000000, 90.00000000000001421 ) ) ;
#3584 = LINE ( 'NONE', #748, #1453 ) ;
#3585 = AXIS2_PLACEMENT_3D ( 'NONE', #2293, #3517, #1355 ) ;
#3586 = CARTESIAN_POINT ( 'NONE',  ( -2.299999999999999822, 194.5999999999999943, 4.299999999999999822 ) ) ;
#3587 = ORIENTED_EDGE ( 'NONE', *, *, #1732, .F. ) ;
#3588 = ORIENTED_EDGE ( 'NONE', *, *, #2968, .T. ) ;
#3589 = EDGE_CURVE ( 'NONE', #3461, #3673, #3775, .T. ) ;
#3590 = AXIS2_PLACEMENT_3D ( 'NONE', #1253, #1234, #3401 ) ;
#3591 = ORIENTED_EDGE ( 'NONE', *, *, #2760, .F. ) ;
#3592 = AXIS2_PLACEMENT_3D ( 'NONE', #2230, #1272, #3559 ) ;
#3593 = ORIENTED_EDGE ( 'NONE', *, *, #3238, .F. ) ;
#3594 = EDGE_CURVE ( 'NONE', #3015, #3138, #1191, .T. ) ;
#3595 = CARTESIAN_POINT ( 'NONE',  ( 1.500000000000000000, 175.0000000000000000, 90.00000000000000000 ) ) ;
#3596 = LINE ( 'NONE', #100, #3942 ) ;
#3597 = CARTESIAN_POINT ( 'NONE',  ( 0.000000000000000000, 94.00000000000000000, 100.0000000000000000 ) ) ;
#3598 = VERTEX_POINT ( 'NONE', #1874 ) ;
#3599 = LINE ( 'NONE', #841, #1730 ) ;
#3600 = LINE ( 'NONE', #764, #73 ) ;
#3601 = ADVANCED_FACE ( 'NONE', ( #1913 ), #3224, .F. ) ;
#3602 = LINE ( 'NONE', #1773, #678 ) ;
#3603 = ORIENTED_EDGE ( 'NONE', *, *, #2736, .T. ) ;
#3604 = EDGE_CURVE ( 'NONE', #2466, #1923, #1608, .T. ) ;
#3605 = AXIS2_PLACEMENT_3D ( 'NONE', #736, #162, #408 ) ;
#3606 = DIRECTION ( 'NONE',  ( 1.000000000000000000, 0.000000000000000000, -0.000000000000000000 ) ) ;
#3607 = ORIENTED_EDGE ( 'NONE', *, *, #1079, .T. ) ;
#3608 = ORIENTED_EDGE ( 'NONE', *, *, #3916, .T. ) ;
#3609 = ORGANIZATION ( '未', '未', '' ) ;
#3610 = DIRECTION ( 'NONE',  ( -1.000000000000000000, -0.000000000000000000, 0.000000000000000000 ) ) ;
#3611 = ORIENTED_EDGE ( 'NONE', *, *, #3092, .F. ) ;
#3612 = VERTEX_POINT ( 'NONE', #1004 ) ;
#3613 = EDGE_CURVE ( 'NONE', #733, #4070, #802, .T. ) ;
#3614 = DIRECTION ( 'NONE',  ( 0.000000000000000000, 0.000000000000000000, -1.000000000000000000 ) ) ;
#3615 = EDGE_CURVE ( 'NONE', #3032, #204, #3158, .T. ) ;
#3616 = CARTESIAN_POINT ( 'NONE',  ( -1.500000000000000000, -184.0000000000000000, 53.92820323027554252 ) ) ;
#3617 = CARTESIAN_POINT ( 'NONE',  ( 1.500000000000000000, 60.00000000000000000, 30.00000000000000000 ) ) ;
#3618 = VERTEX_POINT ( 'NONE', #677 ) ;
#3619 = CARTESIAN_POINT ( 'NONE',  ( -2.000000000000000000, -184.0000000000000000, 40.07179676972445748 ) ) ;
#3620 = LINE ( 'NONE', #2943, #3641 ) ;
#3621 = FACE_OUTER_BOUND ( 'NONE', #1722, .T. ) ;
#3622 = VERTEX_POINT ( 'NONE', #2850 ) ;
#3623 = APPROVAL ( #2713, '未' ) ;
#3624 = DIRECTION ( 'NONE',  ( 0.000000000000000000, 0.000000000000000000, -1.000000000000000000 ) ) ;
#3625 = ORIENTED_EDGE ( 'NONE', *, *, #1109, .T. ) ;
#3626 = DIRECTION ( 'NONE',  ( 0.000000000000000000, 0.000000000000000000, -1.000000000000000000 ) ) ;
#3627 = VERTEX_POINT ( 'NONE', #313 ) ;
#3628 = ADVANCED_FACE ( 'NONE', ( #962 ), #1025, .F. ) ;
#3629 = FACE_OUTER_BOUND ( 'NONE', #856, .T. ) ;
#3630 = ORIENTED_EDGE ( 'NONE', *, *, #3743, .F. ) ;
#3631 = ORIENTED_EDGE ( 'NONE', *, *, #1010, .T. ) ;
#3632 = AXIS2_PLACEMENT_3D ( 'NONE', #2443, #1820, #3089 ) ;
#3633 = CARTESIAN_POINT ( 'NONE',  ( -2.000000000000000000, 0.000000000000000000, 104.0000000000000142 ) ) ;
#3634 = VECTOR ( 'NONE', #481, 1000.000000000000000 ) ;
#3635 = CYLINDRICAL_SURFACE ( 'NONE', #1341, 2.250000000000000444 ) ;
#3636 = EDGE_LOOP ( 'NONE', ( #401, #3023, #1576, #2798 ) ) ;
#3637 = DIRECTION ( 'NONE',  ( 0.000000000000000000, 0.000000000000000000, 1.000000000000000000 ) ) ;
#3638 = PLANE ( 'NONE',  #3715 ) ;
#3639 = APPLICATION_CONTEXT ( 'configuration controlled 3d designs of mechanical parts and assemblies' ) ;
#3640 = DIRECTION ( 'NONE',  ( 0.000000000000000000, 0.000000000000000000, 1.000000000000000000 ) ) ;
#3641 = VECTOR ( 'NONE', #3001, 1000.000000000000000 ) ;
#3642 = ORIENTED_EDGE ( 'NONE', *, *, #1998, .F. ) ;
#3643 = EDGE_CURVE ( 'NONE', #3935, #646, #1088, .T. ) ;
#3644 = LINE ( 'NONE', #3959, #3378 ) ;
#3645 = ADVANCED_FACE ( 'NONE', ( #388, #1646 ), #2831, .T. ) ;
#3646 = CIRCLE ( 'NONE', #3518, 2.000000000000001776 ) ;
#3647 = LINE ( 'NONE', #2073, #1266 ) ;
#3648 = ORIENTED_EDGE ( 'NONE', *, *, #3146, .F. ) ;
#3649 = DIRECTION ( 'NONE',  ( 1.000000000000000000, 0.000000000000000000, 0.000000000000000000 ) ) ;
#3650 = AXIS2_PLACEMENT_3D ( 'NONE', #2041, #2025, #2671 ) ;
#3651 = VERTEX_POINT ( 'NONE', #982 ) ;
#3652 = DIRECTION ( 'NONE',  ( -1.000000000000000000, -0.000000000000000000, 0.000000000000000000 ) ) ;
#3653 = DIRECTION ( 'NONE',  ( 1.000000000000000000, 0.000000000000000000, -0.000000000000000000 ) ) ;
#3654 = AXIS2_PLACEMENT_3D ( 'NONE', #1386, #2422, #2715 ) ;
#3655 = EDGE_CURVE ( 'NONE', #3651, #3465, #3278, .T. ) ;
#3656 = ORIENTED_EDGE ( 'NONE', *, *, #1434, .T. ) ;
#3657 = VERTEX_POINT ( 'NONE', #2917 ) ;
#3658 = AXIS2_PLACEMENT_3D ( 'NONE', #3334, #1440, #806 ) ;
#3659 = CARTESIAN_POINT ( 'NONE',  ( 2.000000000000000000, -61.25000000000000000, 6.000000000000000000 ) ) ;
#3660 = AXIS2_PLACEMENT_3D ( 'NONE', #2418, #1833, #3102 ) ;
#3661 = DIRECTION ( 'NONE',  ( 0.000000000000000000, 0.000000000000000000, 1.000000000000000000 ) ) ;
#3662 = ORIENTED_EDGE ( 'NONE', *, *, #2511, .F. ) ;
#3663 = CARTESIAN_POINT ( 'NONE',  ( -2.299999999999999822, -72.09999999999999432, 16.00000000000000000 ) ) ;
#3664 = CARTESIAN_POINT ( 'NONE',  ( 2.000000000000000000, 0.000000000000000000, 108.0000000000000000 ) ) ;
#3665 = LINE ( 'NONE', #825, #3726 ) ;
#3666 = ORIENTED_EDGE ( 'NONE', *, *, #2085, .T. ) ;
#3667 = CARTESIAN_POINT ( 'NONE',  ( -2.000000000000000000, -72.09999999999999432, 13.75000000000000000 ) ) ;
#3668 = EDGE_CURVE ( 'NONE', #1278, #2466, #1357, .T. ) ;
#3669 = COORDINATED_UNIVERSAL_TIME_OFFSET ( 8, 0, .AHEAD. ) ;
#3670 = DIRECTION ( 'NONE',  ( 0.000000000000000000, 0.000000000000000000, -1.000000000000000000 ) ) ;
#3671 = ORIENTED_EDGE ( 'NONE', *, *, #2085, .F. ) ;
#3672 = DIRECTION ( 'NONE',  ( 1.000000000000000000, 0.000000000000000000, 0.000000000000000000 ) ) ;
#3673 = VERTEX_POINT ( 'NONE', #3495 ) ;
#3674 = PRODUCT_DEFINITION ( '�', '', #2549, #3804 ) ;
#3675 = CARTESIAN_POINT ( 'NONE',  ( -1.500000000000000000, 0.000000000000000000, 90.00000000000000000 ) ) ;
#3676 = ORIENTED_EDGE ( 'NONE', *, *, #72, .F. ) ;
#3677 = CIRCLE ( 'NONE', #2684, 2.000000000000001776 ) ;
#3678 = ORIENTED_EDGE ( 'NONE', *, *, #2620, .F. ) ;
#3679 = CARTESIAN_POINT ( 'NONE',  ( -2.000000000000000000, -60.00000000000000000, 30.00000000000000000 ) ) ;
#3680 = LOCAL_TIME ( 16, 21, 32.00000000000000000, #3868 ) ;
#3681 = DIRECTION ( 'NONE',  ( 0.000000000000000000, 0.000000000000000000, -1.000000000000000000 ) ) ;
#3682 = ORIENTED_EDGE ( 'NONE', *, *, #3960, .F. ) ;
#3683 = DIRECTION ( 'NONE',  ( 0.000000000000000000, 0.000000000000000000, -1.000000000000000000 ) ) ;
#3684 = EDGE_CURVE ( 'NONE', #3341, #4003, #3181, .T. ) ;
#3685 = CARTESIAN_POINT ( 'NONE',  ( -2.000000000000000000, 115.0000000000000000, 100.0000000000000000 ) ) ;
#3686 = ADVANCED_FACE ( 'NONE', ( #757 ), #2020, .T. ) ;
#3687 = CARTESIAN_POINT ( 'NONE',  ( -1.500000000000000000, 150.0000000000000000, 68.00000000000000000 ) ) ;
#3688 = VERTEX_POINT ( 'NONE', #2955 ) ;
#3689 = CALENDAR_DATE ( 2026, 26, 8 ) ;
#3690 = LINE ( 'NONE', #3007, #2865 ) ;
#3691 = VERTEX_POINT ( 'NONE', #1356 ) ;
#3692 = CARTESIAN_POINT ( 'NONE',  ( -2.299999999999999822, -150.0000000000000000, 48.89999999999999858 ) ) ;
#3693 = CARTESIAN_POINT ( 'NONE',  ( -2.000000000000000000, -194.5999999999999943, 4.299999999999999822 ) ) ;
#3694 = DIRECTION ( 'NONE',  ( -0.000000000000000000, 0.000000000000000000, -1.000000000000000000 ) ) ;
#3695 = VERTEX_POINT ( 'NONE', #3286 ) ;
#3696 = ORIENTED_EDGE ( 'NONE', *, *, #1617, .F. ) ;
#3697 = DIRECTION ( 'NONE',  ( -1.000000000000000000, -0.000000000000000000, 0.000000000000000000 ) ) ;
#3698 = EDGE_CURVE ( 'NONE', #1886, #880, #119, .T. ) ;
#3699 = PLANE ( 'NONE',  #3067 ) ;
#3700 = AXIS2_PLACEMENT_3D ( 'NONE', #2175, #1199, #3130 ) ;
#3701 = ORIENTED_EDGE ( 'NONE', *, *, #4056, .F. ) ;
#3702 = CARTESIAN_POINT ( 'NONE',  ( -2.299999999999999822, 150.0000000000000000, 48.89999999999999858 ) ) ;
#3703 = DIRECTION ( 'NONE',  ( 1.000000000000000000, 0.000000000000000000, -0.000000000000000000 ) ) ;
#3704 = CIRCLE ( 'NONE', #1451, 1.700000000000000178 ) ;
#3705 = EDGE_CURVE ( 'NONE', #331, #2992, #2000, .T. ) ;
#3706 = CARTESIAN_POINT ( 'NONE',  ( -2.000000000000000000, -184.0000000000000000, 18.00000000000000355 ) ) ;
#3707 = ORIENTED_EDGE ( 'NONE', *, *, #2206, .T. ) ;
#3708 = VECTOR ( 'NONE', #1799, 1000.000000000000000 ) ;
#3709 = CARTESIAN_POINT ( 'NONE',  ( -2.000000000000000000, -60.00000000000000000, 43.00000000000000000 ) ) ;
#3710 = PLANE ( 'NONE',  #548 ) ;
#3711 = ORIENTED_EDGE ( 'NONE', *, *, #512, .T. ) ;
#3712 = LINE ( 'NONE', #2465, #2972 ) ;
#3713 = LINE ( 'NONE', #3424, #3859 ) ;
#3714 = DIRECTION ( 'NONE',  ( 0.000000000000000000, 0.000000000000000000, 1.000000000000000000 ) ) ;
#3715 = AXIS2_PLACEMENT_3D ( 'NONE', #1755, #3956, #2393 ) ;
#3716 = VECTOR ( 'NONE', #2830, 1000.000000000000000 ) ;
#3717 = VERTEX_POINT ( 'NONE', #432 ) ;
#3718 = EDGE_LOOP ( 'NONE', ( #27, #2102, #1724, #1728 ) ) ;
#3719 = VECTOR ( 'NONE', #2273, 1000.000000000000000 ) ;
#3720 = CYLINDRICAL_SURFACE ( 'NONE', #1953, 13.00000000000000178 ) ;
#3721 = CARTESIAN_POINT ( 'NONE',  ( -2.000000000000000000, -91.85246629291785325, 34.62644355067057944 ) ) ;
#3722 = VECTOR ( 'NONE', #3253, 1000.000000000000000 ) ;
#3723 = ORIENTED_EDGE ( 'NONE', *, *, #2122, .T. ) ;
#3724 = CARTESIAN_POINT ( 'NONE',  ( 0.000000000000000000, 103.0000000000000142, 94.00000000000000000 ) ) ;
#3725 = CARTESIAN_POINT ( 'NONE',  ( 0.000000000000000000, 114.9999999999999858, 90.00000000000000000 ) ) ;
#3726 = VECTOR ( 'NONE', #1380, 1000.000000000000000 ) ;
#3727 = CARTESIAN_POINT ( 'NONE',  ( -2.299999999999999822, 194.5999999999999943, 6.000000000000000000 ) ) ;
#3728 = EDGE_LOOP ( 'NONE', ( #4067, #305, #894, #2637 ) ) ;
#3729 = AXIS2_PLACEMENT_3D ( 'NONE', #3098, #1769, #527 ) ;
#3730 = DIRECTION ( 'NONE',  ( 1.000000000000000000, 0.000000000000000000, -0.000000000000000000 ) ) ;
#3731 = DIRECTION ( 'NONE',  ( 0.000000000000000000, 1.000000000000000000, 0.000000000000000000 ) ) ;
#3732 = ORIENTED_EDGE ( 'NONE', *, *, #1281, .F. ) ;
#3733 = DIRECTION ( 'NONE',  ( 0.000000000000000000, -1.000000000000000000, -0.000000000000000000 ) ) ;
#3734 = ORIENTED_EDGE ( 'NONE', *, *, #743, .F. ) ;
#3735 = CARTESIAN_POINT ( 'NONE',  ( 1.500000000000000000, 103.0000000000000142, 94.00000000000000000 ) ) ;
#3736 = EDGE_CURVE ( 'NONE', #3847, #3913, #1688, .T. ) ;
#3737 = EDGE_CURVE ( 'NONE', #2833, #223, #568, .T. ) ;
#3738 = ORIENTED_EDGE ( 'NONE', *, *, #670, .F. ) ;
#3739 = VERTEX_POINT ( 'NONE', #1433 ) ;
#3740 = FACE_OUTER_BOUND ( 'NONE', #807, .T. ) ;
#3741 = CIRCLE ( 'NONE', #2153, 1.700000000000000178 ) ;
#3742 = CARTESIAN_POINT ( 'NONE',  ( -2.000000000000000000, -72.09999999999999432, 18.25000000000000355 ) ) ;
#3743 = EDGE_CURVE ( 'NONE', #3091, #1431, #2816, .T. ) ;
#3744 = ORIENTED_EDGE ( 'NONE', *, *, #2750, .F. ) ;
#3745 = DIRECTION ( 'NONE',  ( 1.000000000000000000, 0.000000000000000000, -0.000000000000000000 ) ) ;
#3746 = CIRCLE ( 'NONE', #900, 2.000000000000001776 ) ;
#3747 = DIRECTION ( 'NONE',  ( 1.000000000000000000, 0.000000000000000000, 0.000000000000000000 ) ) ;
#3748 = APPROVAL_PERSON_ORGANIZATION ( #214, #2330, #2376 ) ;
#3749 = DIRECTION ( 'NONE',  ( -1.000000000000000000, -0.000000000000000000, 0.000000000000000000 ) ) ;
#3750 = ORIENTED_EDGE ( 'NONE', *, *, #1401, .T. ) ;
#3751 = DIRECTION ( 'NONE',  ( 0.000000000000000000, 0.000000000000000000, 1.000000000000000000 ) ) ;
#3752 = DIRECTION ( 'NONE',  ( -1.000000000000000000, -0.000000000000000000, -0.000000000000000000 ) ) ;
#3753 = ORIENTED_EDGE ( 'NONE', *, *, #1875, .F. ) ;
#3754 = DIRECTION ( 'NONE',  ( 0.000000000000000000, 0.000000000000000000, -1.000000000000000000 ) ) ;
#3755 = CARTESIAN_POINT ( 'NONE',  ( -2.000000000000000000, 61.25000000000000000, 4.299999999999999822 ) ) ;
#3756 = VERTEX_POINT ( 'NONE', #3616 ) ;
#3757 = ORIENTED_EDGE ( 'NONE', *, *, #1317, .F. ) ;
#3758 = DIRECTION ( 'NONE',  ( 1.000000000000000000, 0.000000000000000000, 0.000000000000000000 ) ) ;
#3759 = ORIENTED_EDGE ( 'NONE', *, *, #91, .T. ) ;
#3760 = CARTESIAN_POINT ( 'NONE',  ( 1.500000000000000000, 150.0000000000000000, 68.00000000000000000 ) ) ;
#3761 = VERTEX_POINT ( 'NONE', #2994 ) ;
#3762 = CARTESIAN_POINT ( 'NONE',  ( -2.000000000000000000, 150.0000000000000000, 55.00000000000000000 ) ) ;
#3763 = CARTESIAN_POINT ( 'NONE',  ( 2.000000000000000000, 175.0000000000000284, 102.0000000000000142 ) ) ;
#3764 = FACE_BOUND ( 'NONE', #3199, .T. ) ;
#3765 = VERTEX_POINT ( 'NONE', #777 ) ;
#3766 = DIRECTION ( 'NONE',  ( 1.000000000000000000, 0.000000000000000000, 0.000000000000000000 ) ) ;
#3767 = CIRCLE ( 'NONE', #2643, 2.749999999999999112 ) ;
#3768 = CARTESIAN_POINT ( 'NONE',  ( -2.299999999999999822, 0.000000000000000000, 27.25000000000000000 ) ) ;
#3769 = ORIENTED_EDGE ( 'NONE', *, *, #1852, .T. ) ;
#3770 = CARTESIAN_POINT ( 'NONE',  ( -2.299999999999999822, -72.09999999999999432, 13.75000000000000000 ) ) ;
#3771 = EDGE_CURVE ( 'NONE', #1123, #1286, #308, .T. ) ;
#3772 = CARTESIAN_POINT ( 'NONE',  ( 1.500000000000000000, 175.0000000000000284, 92.00000000000000000 ) ) ;
#3773 = CIRCLE ( 'NONE', #3044, 1.700000000000000178 ) ;
#3774 = ORIENTED_EDGE ( 'NONE', *, *, #1507, .T. ) ;
#3775 = CIRCLE ( 'NONE', #2981, 2.000000000000001776 ) ;
#3776 = ORIENTED_EDGE ( 'NONE', *, *, #3184, .F. ) ;
#3777 = CARTESIAN_POINT ( 'NONE',  ( -1.500000000000000000, 103.0000000000000142, 92.00000000000000000 ) ) ;
#3778 = EDGE_CURVE ( 'NONE', #1001, #3931, #2367, .T. ) ;
#3779 = VECTOR ( 'NONE', #2425, 1000.000000000000000 ) ;
#3780 = EDGE_LOOP ( 'NONE', ( #212, #1388, #1201, #2147 ) ) ;
#3781 = LINE ( 'NONE', #14, #2207 ) ;
#3782 = VERTEX_POINT ( 'NONE', #3304 ) ;
#3783 = AXIS2_PLACEMENT_3D ( 'NONE', #923, #248, #863 ) ;
#3784 = CARTESIAN_POINT ( 'NONE',  ( 0.000000000000000000, 198.0000000000000000, 24.00000000000000000 ) ) ;
#3785 = DIRECTION ( 'NONE',  ( 0.000000000000000000, 0.000000000000000000, 1.000000000000000000 ) ) ;
#3786 = EDGE_CURVE ( 'NONE', #2992, #1483, #3677, .T. ) ;
#3787 = CIRCLE ( 'NONE', #675, 2.250000000000001776 ) ;
#3788 = FACE_OUTER_BOUND ( 'NONE', #1892, .T. ) ;
#3789 = EDGE_LOOP ( 'NONE', ( #3260, #3027 ) ) ;
#3790 = AXIS2_PLACEMENT_3D ( 'NONE', #3545, #394, #2299 ) ;
#3791 = CARTESIAN_POINT ( 'NONE',  ( 1.500000000000000000, 0.000000000000000000, 90.00000000000000000 ) ) ;
#3792 = VECTOR ( 'NONE', #250, 1000.000000000000000 ) ;
#3793 = CARTESIAN_POINT ( 'NONE',  ( -2.000000000000000000, -170.0000000000000000, 70.75000000000001421 ) ) ;
#3794 = ORIENTED_EDGE ( 'NONE', *, *, #1084, .T. ) ;
#3795 = CYLINDRICAL_SURFACE ( 'NONE', #1311, 2.000000000000001776 ) ;
#3796 = EDGE_CURVE ( 'NONE', #1631, #3869, #106, .T. ) ;
#3797 = ADVANCED_FACE ( 'NONE', ( #799 ), #1065, .F. ) ;
#3798 = CARTESIAN_POINT ( 'NONE',  ( 2.000000000000000000, -170.0000000000000000, 65.25000000000000000 ) ) ;
#3799 = CIRCLE ( 'NONE', #484, 12.99999999999999822 ) ;
#3800 = ORIENTED_EDGE ( 'NONE', *, *, #3415, .T. ) ;
#3801 = ORIENTED_EDGE ( 'NONE', *, *, #4012, .T. ) ;
#3802 = DIRECTION ( 'NONE',  ( 0.000000000000000000, -0.000000000000000000, 1.000000000000000000 ) ) ;
#3803 = ADVANCED_FACE ( 'NONE', ( #1668 ), #467, .T. ) ;
#3804 = DESIGN_CONTEXT ( 'detailed design', #1365, 'design' ) ;
#3805 = ORIENTED_EDGE ( 'NONE', *, *, #3594, .F. ) ;
#3806 = DIRECTION ( 'NONE',  ( 0.000000000000000000, 0.000000000000000000, 1.000000000000000000 ) ) ;
#3807 = ORIENTED_EDGE ( 'NONE', *, *, #1836, .F. ) ;
#3808 = DIRECTION ( 'NONE',  ( -1.000000000000000000, -0.000000000000000000, 0.000000000000000000 ) ) ;
#3809 = DIRECTION ( 'NONE',  ( -1.000000000000000000, -0.000000000000000000, 0.000000000000000000 ) ) ;
#3810 = VECTOR ( 'NONE', #3933, 1000.000000000000000 ) ;
#3811 = CARTESIAN_POINT ( 'NONE',  ( 2.000000000000000000, 0.000000000000000000, 30.00000000000000000 ) ) ;
#3812 = ORIENTED_EDGE ( 'NONE', *, *, #3195, .T. ) ;
#3813 = ADVANCED_FACE ( 'NONE', ( #2309 ), #2704, .T. ) ;
#3814 = DIRECTION ( 'NONE',  ( 0.000000000000000000, -1.000000000000000000, 0.000000000000000000 ) ) ;
#3815 = EDGE_CURVE ( 'NONE', #3935, #577, #3596, .T. ) ;
#3816 = FACE_BOUND ( 'NONE', #1214, .T. ) ;
#3817 = DIRECTION ( 'NONE',  ( 0.000000000000000000, 0.000000000000000000, -1.000000000000000000 ) ) ;
#3818 = ORIENTED_EDGE ( 'NONE', *, *, #2183, .T. ) ;
#3819 = CARTESIAN_POINT ( 'NONE',  ( 2.000000000000000000, 11.53256259467079836, 24.00000000000000000 ) ) ;
#3820 = CARTESIAN_POINT ( 'NONE',  ( -2.299999999999999822, -173.0000000000000284, 44.25000000000000000 ) ) ;
#3821 = DIRECTION ( 'NONE',  ( -0.000000000000000000, 0.000000000000000000, -1.000000000000000000 ) ) ;
#3822 = VERTEX_POINT ( 'NONE', #3575 ) ;
#3823 = ORIENTED_EDGE ( 'NONE', *, *, #2155, .F. ) ;
#3824 = DIRECTION ( 'NONE',  ( 0.000000000000000000, 0.000000000000000000, 1.000000000000000000 ) ) ;
#3825 = PERSON ( '未', '未', '未', ('未'), ('未'), ('未') ) ;
#3826 = DIRECTION ( 'NONE',  ( -1.000000000000000000, -0.000000000000000000, -0.000000000000000000 ) ) ;
#3827 = EDGE_LOOP ( 'NONE', ( #1376, #2241, #102, #236 ) ) ;
#3828 = CARTESIAN_POINT ( 'NONE',  ( 2.000000000000000000, -60.00000000000000000, 30.00000000000000000 ) ) ;
#3829 = EDGE_CURVE ( 'NONE', #4003, #771, #1708, .T. ) ;
#3830 = DIRECTION ( 'NONE',  ( 0.000000000000000000, 0.000000000000000000, 1.000000000000000000 ) ) ;
#3831 = DIRECTION ( 'NONE',  ( 0.000000000000000000, 0.000000000000000000, -1.000000000000000000 ) ) ;
#3832 = ORIENTED_EDGE ( 'NONE', *, *, #1588, .T. ) ;
#3833 = CARTESIAN_POINT ( 'NONE',  ( -2.299999999999999822, 3.367778697655221012E-16, 32.75000000000000000 ) ) ;
#3834 = EDGE_CURVE ( 'NONE', #1923, #2083, #3741, .T. ) ;
#3835 = CARTESIAN_POINT ( 'NONE',  ( -2.299999999999999822, 72.09999999999999432, 6.000000000000000000 ) ) ;
#3836 = DIRECTION ( 'NONE',  ( 0.000000000000000000, 0.000000000000000000, -1.000000000000000000 ) ) ;
#3837 = AXIS2_PLACEMENT_3D ( 'NONE', #2503, #1532, #2763 ) ;
#3838 = CARTESIAN_POINT ( 'NONE',  ( -2.000000000000000000, 210.0000000000000000, 0.000000000000000000 ) ) ;
#3839 = VECTOR ( 'NONE', #2822, 1000.000000000000000 ) ;
#3840 = CARTESIAN_POINT ( 'NONE',  ( 2.000000000000000000, 150.0000000000000000, 68.00000000000000000 ) ) ;
#3841 = ORIENTED_EDGE ( 'NONE', *, *, #209, .F. ) ;
#3842 = ORIENTED_EDGE ( 'NONE', *, *, #456, .F. ) ;
#3843 = CIRCLE ( 'NONE', #137, 1.700000000000000178 ) ;
#3844 = DIRECTION ( 'NONE',  ( 0.000000000000000000, 0.000000000000000000, -1.000000000000000000 ) ) ;
#3845 = AXIS2_PLACEMENT_3D ( 'NONE', #3581, #741, #123 ) ;
#3846 = FACE_BOUND ( 'NONE', #1429, .T. ) ;
#3847 = VERTEX_POINT ( 'NONE', #3366 ) ;
#3848 = DIRECTION ( 'NONE',  ( 0.000000000000000000, 0.000000000000000000, -1.000000000000000000 ) ) ;
#3849 = CARTESIAN_POINT ( 'NONE',  ( 2.000000000000000000, 61.25000000000000000, 16.00000000000000000 ) ) ;
#3850 = CYLINDRICAL_SURFACE ( 'NONE', #3531, 2.750000000000002665 ) ;
#3851 = VECTOR ( 'NONE', #1873, 1000.000000000000000 ) ;
#3852 = EDGE_LOOP ( 'NONE', ( #2768, #869, #2961, #2292 ) ) ;
#3853 = CC_DESIGN_DATE_AND_TIME_ASSIGNMENT ( #3006, #3569, ( #3674 ) ) ;
#3854 = LINE ( 'NONE', #966, #2722 ) ;
#3855 = DIRECTION ( 'NONE',  ( 0.000000000000000000, 0.000000000000000000, -1.000000000000000000 ) ) ;
#3856 = LINE ( 'NONE', #1012, #1403 ) ;
#3857 = DIRECTION ( 'NONE',  ( 1.000000000000000000, 0.000000000000000000, -0.000000000000000000 ) ) ;
#3858 = AXIS2_PLACEMENT_3D ( 'NONE', #1760, #3606, #2092 ) ;
#3859 = VECTOR ( 'NONE', #831, 1000.000000000000000 ) ;
#3860 = DIRECTION ( 'NONE',  ( 1.000000000000000000, 0.000000000000000000, -0.000000000000000000 ) ) ;
#3861 = AXIS2_PLACEMENT_3D ( 'NONE', #3207, #1915, #1026 ) ;
#3862 = CARTESIAN_POINT ( 'NONE',  ( 1.500000000000000000, 0.000000000000000000, 24.00000000000000000 ) ) ;
#3863 = ORIENTED_EDGE ( 'NONE', *, *, #1443, .T. ) ;
#3864 = ORIENTED_EDGE ( 'NONE', *, *, #333, .T. ) ;
#3865 = EDGE_CURVE ( 'NONE', #3978, #563, #524, .T. ) ;
#3866 = CIRCLE ( 'NONE', #425, 2.750000000000002665 ) ;
#3867 = EDGE_CURVE ( 'NONE', #3346, #3064, #3478, .T. ) ;
#3868 = COORDINATED_UNIVERSAL_TIME_OFFSET ( 8, 0, .AHEAD. ) ;
#3869 = VERTEX_POINT ( 'NONE', #2410 ) ;
#3870 = CARTESIAN_POINT ( 'NONE',  ( 2.000000000000000000, 0.000000000000000000, 104.0000000000000142 ) ) ;
#3871 = ORIENTED_EDGE ( 'NONE', *, *, #2876, .T. ) ;
#3872 = DIRECTION ( 'NONE',  ( 1.000000000000000000, 0.000000000000000000, -0.000000000000000000 ) ) ;
#3873 = DIRECTION ( 'NONE',  ( 1.000000000000000000, 0.000000000000000000, 0.000000000000000000 ) ) ;
#3874 = CARTESIAN_POINT ( 'NONE',  ( 0.000000000000000000, -60.00000000000000000, 90.00000000000001421 ) ) ;
#3875 = EDGE_LOOP ( 'NONE', ( #3929, #2803, #3926, #965 ) ) ;
#3876 = DIRECTION ( 'NONE',  ( 1.000000000000000000, 0.000000000000000000, 0.000000000000000000 ) ) ;
#3877 = DIRECTION ( 'NONE',  ( 0.000000000000000000, 1.000000000000000000, 0.000000000000000000 ) ) ;
#3878 = VECTOR ( 'NONE', #181, 1000.000000000000000 ) ;
#3879 = LINE ( 'NONE', #3482, #3722 ) ;
#3880 = FACE_BOUND ( 'NONE', #2780, .T. ) ;
#3881 = ADVANCED_FACE ( 'NONE', ( #4050 ), #1516, .F. ) ;
#3882 = DIRECTION ( 'NONE',  ( 0.000000000000000000, 0.000000000000000000, 1.000000000000000000 ) ) ;
#3883 = EDGE_CURVE ( 'NONE', #2992, #3950, #2389, .T. ) ;
#3884 = APPROVAL_PERSON_ORGANIZATION ( #1425, #1947, #1135 ) ;
#3885 = CARTESIAN_POINT ( 'NONE',  ( 0.000000000000000000, 124.0000000000000000, 100.0000000000000000 ) ) ;
#3886 = ORIENTED_EDGE ( 'NONE', *, *, #430, .T. ) ;
#3887 = ORIENTED_EDGE ( 'NONE', *, *, #1499, .T. ) ;
#3888 = ADVANCED_FACE ( 'NONE', ( #1542 ), #3054, .T. ) ;
#3889 = ORIENTED_EDGE ( 'NONE', *, *, #778, .F. ) ;
#3890 = ORIENTED_EDGE ( 'NONE', *, *, #2681, .T. ) ;
#3891 = DIRECTION ( 'NONE',  ( 1.000000000000000000, 0.000000000000000000, 0.000000000000000000 ) ) ;
#3892 = DIRECTION ( 'NONE',  ( 0.000000000000000000, 1.000000000000000000, 0.000000000000000000 ) ) ;
#3893 = CARTESIAN_POINT ( 'NONE',  ( -2.000000000000000000, 60.00000000000000000, 30.00000000000000000 ) ) ;
#3894 = EDGE_LOOP ( 'NONE', ( #3457, #447 ) ) ;
#3895 = CARTESIAN_POINT ( 'NONE',  ( -2.299999999999999822, 145.0000000000000000, 102.0000000000000142 ) ) ;
#3896 = CARTESIAN_POINT ( 'NONE',  ( -1.500000000000000000, 198.0000000000000000, 24.00000000000000000 ) ) ;
#3897 = DIRECTION ( 'NONE',  ( 1.000000000000000000, 0.000000000000000000, -0.000000000000000000 ) ) ;
#3898 = DIRECTION ( 'NONE',  ( -1.000000000000000000, -0.000000000000000000, 0.000000000000000000 ) ) ;
#3899 = LINE ( 'NONE', #338, #662 ) ;
#3900 = ADVANCED_FACE ( 'NONE', ( #2789 ), #3720, .T. ) ;
#3901 = FACE_OUTER_BOUND ( 'NONE', #514, .T. ) ;
#3902 = ORIENTED_EDGE ( 'NONE', *, *, #2609, .F. ) ;
#3903 = ORIENTED_EDGE ( 'NONE', *, *, #840, .T. ) ;
#3904 = AXIS2_PLACEMENT_3D ( 'NONE', #2781, #337, #4042 ) ;
#3905 = ORIENTED_EDGE ( 'NONE', *, *, #2321, .T. ) ;
#3906 = AXIS2_PLACEMENT_3D ( 'NONE', #773, #3694, #3298 ) ;
#3907 = EDGE_LOOP ( 'NONE', ( #318, #1019 ) ) ;
#3908 = CARTESIAN_POINT ( 'NONE',  ( -2.000000000000000000, 0.000000000000000000, 108.0000000000000000 ) ) ;
#3909 = EDGE_CURVE ( 'NONE', #1415, #2379, #263, .T. ) ;
#3910 = DIRECTION ( 'NONE',  ( 0.000000000000000000, 0.000000000000000000, 1.000000000000000000 ) ) ;
#3911 = VECTOR ( 'NONE', #1347, 1000.000000000000000 ) ;
#3912 = CYLINDRICAL_SURFACE ( 'NONE', #1274, 13.00000000000000178 ) ;
#3913 = VERTEX_POINT ( 'NONE', #3115 ) ;
#3914 = VECTOR ( 'NONE', #2042, 1000.000000000000000 ) ;
#3915 = CARTESIAN_POINT ( 'NONE',  ( 2.000000000000000000, 0.000000000000000000, 100.0000000000000000 ) ) ;
#3916 = EDGE_CURVE ( 'NONE', #1254, #862, #1481, .T. ) ;
#3917 = PLANE ( 'NONE',  #2786 ) ;
#3918 = CIRCLE ( 'NONE', #604, 2.000000000000001776 ) ;
#3919 = DIRECTION ( 'NONE',  ( 0.000000000000000000, 0.000000000000000000, -1.000000000000000000 ) ) ;
#3920 = ORIENTED_EDGE ( 'NONE', *, *, #110, .F. ) ;
#3921 = EDGE_CURVE ( 'NONE', #789, #2057, #1090, .T. ) ;
#3922 = CIRCLE ( 'NONE', #351, 1.700000000000000178 ) ;
#3923 = CARTESIAN_POINT ( 'NONE',  ( 0.000000000000000000, -198.0000000000000000, 24.00000000000000000 ) ) ;
#3924 = ADVANCED_FACE ( 'NONE', ( #3740 ), #3347, .T. ) ;
#3925 = VERTEX_POINT ( 'NONE', #1768 ) ;
#3926 = ORIENTED_EDGE ( 'NONE', *, *, #717, .T. ) ;
#3927 = CARTESIAN_POINT ( 'NONE',  ( 0.000000000000000000, 175.0000000000000000, 94.00000000000000000 ) ) ;
#3928 = EDGE_CURVE ( 'NONE', #2907, #8, #4011, .T. ) ;
#3929 = ORIENTED_EDGE ( 'NONE', *, *, #2267, .T. ) ;
#3930 = VECTOR ( 'NONE', #1815, 1000.000000000000000 ) ;
#3931 = VERTEX_POINT ( 'NONE', #1167 ) ;
#3932 = DIRECTION ( 'NONE',  ( 1.000000000000000000, 0.000000000000000000, -0.000000000000000000 ) ) ;
#3933 = DIRECTION ( 'NONE',  ( -1.000000000000000000, -0.000000000000000000, 0.000000000000000000 ) ) ;
#3934 = CARTESIAN_POINT ( 'NONE',  ( -2.000000000000000000, 11.53256259467079836, 24.00000000000000000 ) ) ;
#3935 = VERTEX_POINT ( 'NONE', #3033 ) ;
#3936 = PLANE ( 'NONE',  #1064 ) ;
#3937 = DIRECTION ( 'NONE',  ( 1.000000000000000000, 0.000000000000000000, 0.000000000000000000 ) ) ;
#3938 = ADVANCED_FACE ( 'NONE', ( #3389 ), #549, .F. ) ;
#3939 = DIRECTION ( 'NONE',  ( 0.000000000000000000, 0.000000000000000000, -1.000000000000000000 ) ) ;
#3940 = ORIENTED_EDGE ( 'NONE', *, *, #2571, .F. ) ;
#3941 = DIRECTION ( 'NONE',  ( 0.000000000000000000, 0.000000000000000000, -1.000000000000000000 ) ) ;
#3942 = VECTOR ( 'NONE', #2329, 1000.000000000000000 ) ;
#3943 = PLANE ( 'NONE',  #1666 ) ;
#3944 = ORIENTED_EDGE ( 'NONE', *, *, #2268, .F. ) ;
#3945 = DIRECTION ( 'NONE',  ( -1.000000000000000000, -0.000000000000000000, 0.000000000000000000 ) ) ;
#3946 = ORIENTED_EDGE ( 'NONE', *, *, #3613, .F. ) ;
#3947 = VECTOR ( 'NONE', #3409, 1000.000000000000000 ) ;
#3948 = CARTESIAN_POINT ( 'NONE',  ( 2.000000000000000000, 145.0000000000000000, 100.0000000000000000 ) ) ;
#3949 = VERTEX_POINT ( 'NONE', #2726 ) ;
#3950 = VERTEX_POINT ( 'NONE', #3096 ) ;
#3951 = DIRECTION ( 'NONE',  ( -1.000000000000000000, 0.000000000000000000, 0.000000000000000000 ) ) ;
#3952 = FACE_OUTER_BOUND ( 'NONE', #3234, .T. ) ;
#3953 = ORIENTED_EDGE ( 'NONE', *, *, #1705, .F. ) ;
#3954 = EDGE_CURVE ( 'NONE', #21, #1824, #2769, .T. ) ;
#3955 = LINE ( 'NONE', #1107, #2725 ) ;
#3956 = DIRECTION ( 'NONE',  ( 0.000000000000000000, 0.000000000000000000, 1.000000000000000000 ) ) ;
#3957 = FACE_OUTER_BOUND ( 'NONE', #455, .T. ) ;
#3958 = VERTEX_POINT ( 'NONE', #1826 ) ;
#3959 = CARTESIAN_POINT ( 'NONE',  ( -2.000000000000000000, -11.53256259467079836, 24.00000000000000000 ) ) ;
#3960 = EDGE_CURVE ( 'NONE', #1476, #1102, #3282, .T. ) ;
#3961 = DIRECTION ( 'NONE',  ( 1.000000000000000000, 0.000000000000000000, 0.000000000000000000 ) ) ;
#3962 = ORIENTED_EDGE ( 'NONE', *, *, #1961, .T. ) ;
#3963 = CARTESIAN_POINT ( 'NONE',  ( -2.000000000000000000, 210.0000000000000000, 108.0000000000000000 ) ) ;
#3964 = ORIENTED_EDGE ( 'NONE', *, *, #1094, .T. ) ;
#3965 = DIRECTION ( 'NONE',  ( 0.000000000000000000, 0.000000000000000000, 1.000000000000000000 ) ) ;
#3966 = ORIENTED_EDGE ( 'NONE', *, *, #3655, .F. ) ;
#3967 = ORIENTED_EDGE ( 'NONE', *, *, #3075, .T. ) ;
#3968 = AXIS2_PLACEMENT_3D ( 'NONE', #319, #2136, #1572 ) ;
#3969 = CARTESIAN_POINT ( 'NONE',  ( 0.000000000000000000, 0.000000000000000000, 24.00000000000000000 ) ) ;
#3970 = CARTESIAN_POINT ( 'NONE',  ( -2.000000000000000000, 60.00000000000000000, 30.00000000000000000 ) ) ;
#3971 = ADVANCED_FACE ( 'NONE', ( #2489 ), #4069, .F. ) ;
#3972 = ORIENTED_EDGE ( 'NONE', *, *, #2746, .F. ) ;
#3973 = CARTESIAN_POINT ( 'NONE',  ( -1.500000000000000000, 0.000000000000000000, 90.00000000000000000 ) ) ;
#3974 = DIRECTION ( 'NONE',  ( -1.000000000000000000, -0.000000000000000000, 0.000000000000000000 ) ) ;
#3975 = VECTOR ( 'NONE', #2800, 1000.000000000000000 ) ;
#3976 = DIRECTION ( 'NONE',  ( 0.000000000000000000, 0.000000000000000000, -1.000000000000000000 ) ) ;
#3977 = AXIS2_PLACEMENT_3D ( 'NONE', #1151, #4034, #1212 ) ;
#3978 = VERTEX_POINT ( 'NONE', #2827 ) ;
#3979 = DIRECTION ( 'NONE',  ( 1.000000000000000000, 0.000000000000000000, -0.000000000000000000 ) ) ;
#3980 = MECHANICAL_CONTEXT ( 'NONE', #3639, 'mechanical' ) ;
#3981 = CARTESIAN_POINT ( 'NONE',  ( 0.000000000000000000, 184.0000000000000000, 90.00000000000000000 ) ) ;
#3982 = EDGE_LOOP ( 'NONE', ( #1642, #1140, #3774, #127 ) ) ;
#3983 = LINE ( 'NONE', #1022, #921 ) ;
#3984 = CIRCLE ( 'NONE', #3521, 2.749999999999999112 ) ;
#3985 = DIRECTION ( 'NONE',  ( 1.000000000000000000, 0.000000000000000000, -0.000000000000000000 ) ) ;
#3986 = DIRECTION ( 'NONE',  ( 0.000000000000000000, 0.000000000000000000, -1.000000000000000000 ) ) ;
#3987 = VECTOR ( 'NONE', #2576, 1000.000000000000000 ) ;
#3988 = EDGE_LOOP ( 'NONE', ( #2748, #1845, #2124, #2966 ) ) ;
#3989 = EDGE_CURVE ( 'NONE', #2464, #3497, #4074, .T. ) ;
#3990 = ORIENTED_EDGE ( 'NONE', *, *, #1620, .T. ) ;
#3991 = EDGE_CURVE ( 'NONE', #1431, #3091, #2481, .T. ) ;
#3992 = DIRECTION ( 'NONE',  ( -1.000000000000000000, -0.000000000000000000, 0.000000000000000000 ) ) ;
#3993 = AXIS2_PLACEMENT_3D ( 'NONE', #1696, #4059, #1213 ) ;
#3994 = CARTESIAN_POINT ( 'NONE',  ( -2.000000000000000000, 60.00000000000000000, 30.00000000000000000 ) ) ;
#3995 = ORIENTED_EDGE ( 'NONE', *, *, #3571, .F. ) ;
#3996 = DIRECTION ( 'NONE',  ( 0.000000000000000000, 0.000000000000000000, -1.000000000000000000 ) ) ;
#3997 = CIRCLE ( 'NONE', #3729, 6.100000000000001421 ) ;
#3998 = FACE_OUTER_BOUND ( 'NONE', #586, .T. ) ;
#3999 = CARTESIAN_POINT ( 'NONE',  ( 1.500000000000000000, 175.0000000000000284, 94.00000000000000000 ) ) ;
#4000 = ORIENTED_EDGE ( 'NONE', *, *, #2608, .F. ) ;
#4001 = CARTESIAN_POINT ( 'NONE',  ( -2.000000000000000000, -60.00000000000000000, 27.25000000000000000 ) ) ;
#4002 = DIRECTION ( 'NONE',  ( 1.000000000000000000, 0.000000000000000000, -0.000000000000000000 ) ) ;
#4003 = VERTEX_POINT ( 'NONE', #628 ) ;
#4004 = DIRECTION ( 'NONE',  ( -0.000000000000000000, 0.000000000000000000, -1.000000000000000000 ) ) ;
#4005 = ORIENTED_EDGE ( 'NONE', *, *, #3921, .F. ) ;
#4006 = EDGE_CURVE ( 'NONE', #1412, #1303, #4009, .T. ) ;
#4007 = DIRECTION ( 'NONE',  ( -1.000000000000000000, -0.000000000000000000, 0.000000000000000000 ) ) ;
#4008 = EDGE_LOOP ( 'NONE', ( #1559, #1662, #341, #266 ) ) ;
#4009 = CIRCLE ( 'NONE', #374, 2.250000000000001776 ) ;
#4010 = ORIENTED_EDGE ( 'NONE', *, *, #1173, .T. ) ;
#4011 = LINE ( 'NONE', #2165, #2618 ) ;
#4012 = EDGE_CURVE ( 'NONE', #2419, #2305, #383, .T. ) ;
#4013 = AXIS2_PLACEMENT_3D ( 'NONE', #2205, #1560, #3175 ) ;
#4014 = FACE_OUTER_BOUND ( 'NONE', #3875, .T. ) ;
#4015 = ORIENTED_EDGE ( 'NONE', *, *, #625, .F. ) ;
#4016 = DIRECTION ( 'NONE',  ( 1.000000000000000000, 0.000000000000000000, -0.000000000000000000 ) ) ;
#4017 = PLANE ( 'NONE',  #2851 ) ;
#4018 = DIRECTION ( 'NONE',  ( 1.000000000000000000, 0.000000000000000000, 0.000000000000000000 ) ) ;
#4019 = ORIENTED_EDGE ( 'NONE', *, *, #13, .F. ) ;
#4020 = FACE_OUTER_BOUND ( 'NONE', #3059, .T. ) ;
#4021 = EDGE_CURVE ( 'NONE', #2908, #480, #3746, .T. ) ;
#4022 = LINE ( 'NONE', #1858, #747 ) ;
#4023 = ORIENTED_EDGE ( 'NONE', *, *, #240, .F. ) ;
#4024 = CARTESIAN_POINT ( 'NONE',  ( -2.000000000000000000, 145.0000000000000000, 102.0000000000000142 ) ) ;
#4025 = CARTESIAN_POINT ( 'NONE',  ( 1.500000000000000000, 133.0000000000000000, 92.00000000000000000 ) ) ;
#4026 = DIRECTION ( 'NONE',  ( 1.000000000000000000, 0.000000000000000000, 0.000000000000000000 ) ) ;
#4027 = EDGE_LOOP ( 'NONE', ( #3534, #700, #899, #198 ) ) ;
#4028 = EDGE_LOOP ( 'NONE', ( #3611, #1497 ) ) ;
#4029 = CARTESIAN_POINT ( 'NONE',  ( -2.000000000000000000, 0.000000000000000000, 30.00000000000000000 ) ) ;
#4030 = DIRECTION ( 'NONE',  ( 1.000000000000000000, 0.000000000000000000, -0.000000000000000000 ) ) ;
#4031 = AXIS2_PLACEMENT_3D ( 'NONE', #2075, #1975, #3010 ) ;
#4032 = ORIENTED_EDGE ( 'NONE', *, *, #3613, .T. ) ;
#4033 = CARTESIAN_POINT ( 'NONE',  ( 1.500000000000000000, -60.00000000000000000, 90.00000000000001421 ) ) ;
#4034 = DIRECTION ( 'NONE',  ( 1.000000000000000000, 0.000000000000000000, -0.000000000000000000 ) ) ;
#4035 = VECTOR ( 'NONE', #2239, 1000.000000000000000 ) ;
#4036 = CARTESIAN_POINT ( 'NONE',  ( -2.000000000000000000, -60.00000000000000000, 43.00000000000000000 ) ) ;
#4037 = ORIENTED_EDGE ( 'NONE', *, *, #707, .F. ) ;
#4038 = EDGE_CURVE ( 'NONE', #3949, #1249, #1422, .T. ) ;
#4039 = AXIS2_PLACEMENT_3D ( 'NONE', #3540, #1335, #2211 ) ;
#4040 = DIRECTION ( 'NONE',  ( 1.000000000000000000, 0.000000000000000000, -0.000000000000000000 ) ) ;
#4041 = VERTEX_POINT ( 'NONE', #1907 ) ;
#4042 = DIRECTION ( 'NONE',  ( 0.000000000000000000, 0.000000000000000000, -1.000000000000000000 ) ) ;
#4043 = EDGE_LOOP ( 'NONE', ( #3161, #3088, #1290, #2386 ) ) ;
#4044 = DIRECTION ( 'NONE',  ( -1.000000000000000000, -0.000000000000000000, 0.000000000000000000 ) ) ;
#4045 = EDGE_CURVE ( 'NONE', #751, #1626, #2510, .T. ) ;
#4046 = AXIS2_PLACEMENT_3D ( 'NONE', #3413, #2753, #4073 ) ;
#4047 = VERTEX_POINT ( 'NONE', #3447 ) ;
#4048 = EDGE_LOOP ( 'NONE', ( #3187, #1807, #3094, #483 ) ) ;
#4049 = VECTOR ( 'NONE', #2591, 1000.000000000000000 ) ;
#4050 = FACE_OUTER_BOUND ( 'NONE', #2381, .T. ) ;
#4051 = EDGE_CURVE ( 'NONE', #3761, #3913, #765, .T. ) ;
#4052 = CARTESIAN_POINT ( 'NONE',  ( -2.299999999999999822, 61.25000000000000000, 7.700000000000000178 ) ) ;
#4053 = VECTOR ( 'NONE', #3752, 1000.000000000000000 ) ;
#4054 = ORIENTED_EDGE ( 'NONE', *, *, #4077, .T. ) ;
#4055 = CARTESIAN_POINT ( 'NONE',  ( 0.000000000000000000, 0.000000000000000000, 24.00000000000000000 ) ) ;
#4056 = EDGE_CURVE ( 'NONE', #2057, #1062, #958, .T. ) ;
#4057 = DIRECTION ( 'NONE',  ( 0.000000000000000000, 0.000000000000000000, 1.000000000000000000 ) ) ;
#4058 = VECTOR ( 'NONE', #890, 1000.000000000000000 ) ;
#4059 = DIRECTION ( 'NONE',  ( 1.000000000000000000, 0.000000000000000000, -0.000000000000000000 ) ) ;
#4060 = EDGE_LOOP ( 'NONE', ( #3812, #2785, #1905, #617 ) ) ;
#4061 = LINE ( 'NONE', #3127, #927 ) ;
#4062 = EDGE_CURVE ( 'NONE', #1850, #173, #701, .T. ) ;
#4063 = CARTESIAN_POINT ( 'NONE',  ( -2.000000000000000000, -210.0000000000000000, 0.000000000000000000 ) ) ;
#4064 = ORIENTED_EDGE ( 'NONE', *, *, #717, .F. ) ;
#4065 = DIRECTION ( 'NONE',  ( 0.000000000000000000, 0.000000000000000000, -1.000000000000000000 ) ) ;
#4066 = LINE ( 'NONE', #1321, #2712 ) ;
#4067 = ORIENTED_EDGE ( 'NONE', *, *, #3786, .T. ) ;
#4068 = EDGE_LOOP ( 'NONE', ( #2953, #2678, #938, #1597 ) ) ;
#4069 = CYLINDRICAL_SURFACE ( 'NONE', #2156, 2.250000000000000444 ) ;
#4070 = VERTEX_POINT ( 'NONE', #647 ) ;
#4071 = CARTESIAN_POINT ( 'NONE',  ( -2.000000000000000000, 133.0000000000000000, 104.0000000000000142 ) ) ;
#4072 = ORIENTED_EDGE ( 'NONE', *, *, #1118, .T. ) ;
#4073 = DIRECTION ( 'NONE',  ( 0.000000000000000000, 0.000000000000000000, -1.000000000000000000 ) ) ;
#4074 = CIRCLE ( 'NONE', #1692, 2.749999999999999112 ) ;
#4075 = CYLINDRICAL_SURFACE ( 'NONE', #3446, 2.000000000000001776 ) ;
#4076 = ADVANCED_FACE ( 'NONE', ( #2570 ), #1262, .F. ) ;
#4077 = EDGE_CURVE ( 'NONE', #1850, #2988, #3468, .T. ) ;
#4078 = CARTESIAN_POINT ( 'NONE',  ( -2.000000000000000000, 150.0000000000000000, 41.99999999999999289 ) ) ;
#4079 = ORIENTED_EDGE ( 'NONE', *, *, #3865, .F. ) ;
#4080 = LINE ( 'NONE', #928, #3512 ) ;
#4081 = LINE ( 'NONE', #317, #2269 ) ;
#4082 = VERTEX_POINT ( 'NONE', #693 ) ;
#4083 = CARTESIAN_POINT ( 'NONE',  ( -2.000000000000000000, -194.5999999999999943, 7.700000000000000178 ) ) ;
#4084 = EDGE_CURVE ( 'NONE', #2758, #812, #2221, .T. ) ;
#4085 = DIRECTION ( 'NONE',  ( -1.000000000000000000, -0.000000000000000000, 0.000000000000000000 ) ) ;
#4086 = ORIENTED_EDGE ( 'NONE', *, *, #3075, .F. ) ;
#4087 = ORIENTED_EDGE ( 'NONE', *, *, #312, .F. ) ;
#4088 = DIRECTION ( 'NONE',  ( -1.000000000000000000, -0.000000000000000000, 0.000000000000000000 ) ) ;
#4089 = CARTESIAN_POINT ( 'NONE',  ( -2.000000000000000000, 85.00000000000000000, 100.0000000000000000 ) ) ;
#4090 = VERTEX_POINT ( 'NONE', #1623 ) ;
#4091 = DIRECTION ( 'NONE',  ( 1.000000000000000000, 0.000000000000000000, -0.000000000000000000 ) ) ;
#4092 = CARTESIAN_POINT ( 'NONE',  ( -2.000000000000000000, 150.0000000000000000, 55.00000000000000000 ) ) ;
#4093 = ADVANCED_FACE ( 'NONE', ( #1600 ), #2243, .T. ) ;
#4094 = EDGE_CURVE ( 'NONE', #223, #812, #2224, .T. ) ;
#4095 = DIRECTION ( 'NONE',  ( 1.000000000000000000, 0.000000000000000000, -0.000000000000000000 ) ) ;
#4096 = ORIENTED_EDGE ( 'NONE', *, *, #2447, .T. ) ;
#4097 = CARTESIAN_POINT ( 'NONE',  ( 2.000000000000000000, 72.09999999999999432, 6.000000000000000000 ) ) ;
ENDSEC;
END-ISO-10303-21;
