ISO-10303-21;
HEADER;
FILE_DESCRIPTION (( 'STEP AP203' ),
    '1' );
FILE_NAME ('UpperEdge_V11_P9_Handle_ShellJoints.STEP',
    '2026-08-29T08:01:03',
    ( '' ),
    ( '' ),
    'SwSTEP 2.0',
    'SolidWorks 2025',
    '' );
FILE_SCHEMA (( 'CONFIG_CONTROL_DESIGN' ));
ENDSEC;

DATA;
#1 = DATE_AND_TIME ( #1065, #1185 ) ;
#2 = CIRCLE ( 'NONE', #3664, 2.099999999999990763 ) ;
#3 = CYLINDRICAL_SURFACE ( 'NONE', #774, 2.100000000000004530 ) ;
#4 = CARTESIAN_POINT ( 'NONE',  ( 0.000000000000000000, 1.000000000000000000, 25.00000000000000000 ) ) ;
#5 = CLOSED_SHELL ( 'NONE', ( #2302, #3134, #426, #2040, #3625, #2928, #1915, #3864, #2980, #1779, #4093, #4197, #642, #2763, #501, #628, #3270, #334, #3287, #2336, #1867, #3908, #1284, #1801, #483, #3299, #2238, #883, #2462, #2960, #1340, #3116, #2119, #103, #3552, #1999, #1446, #187, #1019, #550, #3152, #3663, #2202, #423, #356, #145, #750, #987, #3547, #121, #320, #4327, #1335, #2115, #158, #4124, #3000, #2068, #546, #478, #1085, #3603, #350, #2965, #816, #2620, #1394, #2379, #1415, #1862, #2707, #245, #4341, #3276, #619, #3036, #3673, #2313, #3166, #3735, #2419, #1307, #474, #1023, #3667, #964, #3566, #2816, #913, #2944, #2633, #3021, #261, #2028, #1156, #3471, #2629, #3122, #562, #224, #700, #165, #2408, #1686, #1906, #3755, #1137, #1563, #2880, #176, #4308, #2436, #3803, #2103, #1658, #2492, #4166, #2598, #2784, #896 ) ) ;
#6 = DIRECTION ( 'NONE',  ( 0.000000000000000000, 1.000000000000000000, 0.000000000000000000 ) ) ;
#7 = DIRECTION ( 'NONE',  ( 1.000000000000000000, 0.000000000000000000, -0.000000000000000000 ) ) ;
#8 = LINE ( 'NONE', #2301, #1061 ) ;
#9 = EDGE_CURVE ( 'NONE', #4195, #1849, #4236, .T. ) ;
#10 = VECTOR ( 'NONE', #2308, 1000.000000000000000 ) ;
#11 = DIRECTION ( 'NONE',  ( -0.000000000000000000, -0.000000000000000000, -1.000000000000000000 ) ) ;
#12 = ORIENTED_EDGE ( 'NONE', *, *, #2514, .F. ) ;
#13 = VECTOR ( 'NONE', #1342, 1000.000000000000000 ) ;
#14 = DIRECTION ( 'NONE',  ( 0.000000000000000000, 0.000000000000000000, -1.000000000000000000 ) ) ;
#15 = EDGE_CURVE ( 'NONE', #1916, #2878, #221, .T. ) ;
#16 = DIRECTION ( 'NONE',  ( -0.000000000000000000, 0.000000000000000000, -1.000000000000000000 ) ) ;
#17 = VECTOR ( 'NONE', #4141, 1000.000000000000000 ) ;
#18 = PLANE ( 'NONE',  #4152 ) ;
#19 = ORIENTED_EDGE ( 'NONE', *, *, #4231, .T. ) ;
#20 = ORIENTED_EDGE ( 'NONE', *, *, #314, .T. ) ;
#21 = AXIS2_PLACEMENT_3D ( 'NONE', #678, #1371, #3091 ) ;
#22 = EDGE_CURVE ( 'NONE', #4100, #1679, #2326, .T. ) ;
#23 = DIRECTION ( 'NONE',  ( -1.000000000000000000, 0.000000000000000000, 0.000000000000000000 ) ) ;
#24 = ORIENTED_EDGE ( 'NONE', *, *, #2559, .F. ) ;
#25 = PLANE ( 'NONE',  #4062 ) ;
#26 = CARTESIAN_POINT ( 'NONE',  ( -177.5000000000000000, 1.000000000000000222, 21.60000000000000142 ) ) ;
#27 = EDGE_CURVE ( 'NONE', #3740, #2840, #1256, .T. ) ;
#28 = CARTESIAN_POINT ( 'NONE',  ( 259.0000000000000000, -1.399999999999999911, 90.00000000000000000 ) ) ;
#29 = FACE_OUTER_BOUND ( 'NONE', #2995, .T. ) ;
#30 = EDGE_CURVE ( 'NONE', #822, #1437, #4002, .T. ) ;
#31 = DIRECTION ( 'NONE',  ( -1.000000000000000000, 0.000000000000000000, 0.000000000000000000 ) ) ;
#32 = CARTESIAN_POINT ( 'NONE',  ( 245.0000000000000000, -3.000000000000000000, 96.00000000000000000 ) ) ;
#33 = CARTESIAN_POINT ( 'NONE',  ( 135.0000000000000000, -3.000000000000000000, 96.00000000000000000 ) ) ;
#34 = ORIENTED_EDGE ( 'NONE', *, *, #3112, .T. ) ;
#35 = FACE_BOUND ( 'NONE', #3806, .T. ) ;
#36 = EDGE_CURVE ( 'NONE', #3481, #2976, #1216, .T. ) ;
#37 = CARTESIAN_POINT ( 'NONE',  ( 258.9000000000000341, 1.000000000000000444, 28.15338146873806124 ) ) ;
#38 = CARTESIAN_POINT ( 'NONE',  ( 0.000000000000000000, 1.000000000000000000, 0.000000000000000000 ) ) ;
#39 = ORIENTED_EDGE ( 'NONE', *, *, #891, .F. ) ;
#40 = EDGE_CURVE ( 'NONE', #2155, #3511, #359, .T. ) ;
#41 = ORIENTED_EDGE ( 'NONE', *, *, #3857, .T. ) ;
#42 = DIRECTION ( 'NONE',  ( 0.000000000000000000, 0.000000000000000000, 1.000000000000000000 ) ) ;
#43 = ORIENTED_EDGE ( 'NONE', *, *, #2946, .T. ) ;
#44 = EDGE_LOOP ( 'NONE', ( #3713, #866, #2655, #3266, #3997, #3904, #2919, #1499, #2699, #3066, #3658, #3196, #2706, #3536, #268, #1173, #979, #2133, #2743, #1980, #3993, #915, #110, #1022, #3149, #4340, #541, #4079 ) ) ;
#45 = APPROVAL_DATE_TIME ( #3414, #2715 ) ;
#46 = EDGE_CURVE ( 'NONE', #215, #94, #2188, .T. ) ;
#47 = DIRECTION ( 'NONE',  ( -0.000000000000000000, 0.000000000000000000, -1.000000000000000000 ) ) ;
#48 = FACE_OUTER_BOUND ( 'NONE', #2010, .T. ) ;
#49 = VECTOR ( 'NONE', #880, 1000.000000000000000 ) ;
#50 = DIRECTION ( 'NONE',  ( 0.000000000000000000, 0.000000000000000000, -1.000000000000000000 ) ) ;
#51 = CARTESIAN_POINT ( 'NONE',  ( 150.0000000000000000, -3.000000000000000000, 108.5000000000000000 ) ) ;
#52 = EDGE_CURVE ( 'NONE', #604, #2799, #579, .T. ) ;
#53 = LINE ( 'NONE', #1461, #1470 ) ;
#54 = LINE ( 'NONE', #104, #1336 ) ;
#55 = CARTESIAN_POINT ( 'NONE',  ( -177.5000000000000000, -1.399999999999999911, 90.00000000000000000 ) ) ;
#56 = ORIENTED_EDGE ( 'NONE', *, *, #652, .F. ) ;
#57 = CARTESIAN_POINT ( 'NONE',  ( -259.5000000000000000, 1.000000000000000222, 88.39999999999999147 ) ) ;
#58 = LINE ( 'NONE', #1449, #1711 ) ;
#59 = DIRECTION ( 'NONE',  ( 0.000000000000000000, 0.000000000000000000, 1.000000000000000000 ) ) ;
#60 = ORIENTED_EDGE ( 'NONE', *, *, #1467, .T. ) ;
#61 = ORIENTED_EDGE ( 'NONE', *, *, #2443, .F. ) ;
#62 = ORIENTED_EDGE ( 'NONE', *, *, #1467, .F. ) ;
#63 = CIRCLE ( 'NONE', #3855, 2.099999999999990763 ) ;
#64 = EDGE_CURVE ( 'NONE', #1769, #4082, #2120, .T. ) ;
#65 = FACE_OUTER_BOUND ( 'NONE', #2046, .T. ) ;
#66 = ORIENTED_EDGE ( 'NONE', *, *, #2498, .F. ) ;
#67 = VERTEX_POINT ( 'NONE', #1942 ) ;
#68 = PERSON_AND_ORGANIZATION ( #983, #691 ) ;
#69 = AXIS2_PLACEMENT_3D ( 'NONE', #223, #910, #620 ) ;
#70 = CARTESIAN_POINT ( 'NONE',  ( 50.00000000000000000, -3.000000000000000000, 108.5000000000000000 ) ) ;
#71 = DIRECTION ( 'NONE',  ( 0.000000000000000000, 0.000000000000000000, -1.000000000000000000 ) ) ;
#72 = DIRECTION ( 'NONE',  ( 0.000000000000000000, 0.000000000000000000, -1.000000000000000000 ) ) ;
#73 = PLANE ( 'NONE',  #721 ) ;
#74 = AXIS2_PLACEMENT_3D ( 'NONE', #3948, #2285, #3235 ) ;
#75 = DIRECTION ( 'NONE',  ( 0.000000000000000000, 1.000000000000000000, 0.000000000000000000 ) ) ;
#76 = AXIS2_PLACEMENT_3D ( 'NONE', #3628, #1609, #600 ) ;
#77 = AXIS2_PLACEMENT_3D ( 'NONE', #1665, #3965, #2668 ) ;
#78 = CARTESIAN_POINT ( 'NONE',  ( -65.00000000000000000, 0.000000000000000000, 108.5000000000000000 ) ) ;
#79 = EDGE_CURVE ( 'NONE', #1086, #871, #4140, .T. ) ;
#80 = CARTESIAN_POINT ( 'NONE',  ( 244.3596875762567038, -1.000000000000000000, 95.70000000000000284 ) ) ;
#81 = CIRCLE ( 'NONE', #3318, 2.099999999999990763 ) ;
#82 = ORIENTED_EDGE ( 'NONE', *, *, #240, .F. ) ;
#83 = DIRECTION ( 'NONE',  ( 0.000000000000000000, 1.000000000000000000, 0.000000000000000000 ) ) ;
#84 = VECTOR ( 'NONE', #1879, 1000.000000000000000 ) ;
#85 = EDGE_CURVE ( 'NONE', #539, #3457, #4253, .T. ) ;
#86 = DIRECTION ( 'NONE',  ( -1.000000000000000000, 0.000000000000000000, 0.000000000000000000 ) ) ;
#87 = DIRECTION ( 'NONE',  ( -1.000000000000000000, 0.000000000000000000, 0.000000000000000000 ) ) ;
#88 = ORIENTED_EDGE ( 'NONE', *, *, #2818, .F. ) ;
#89 = AXIS2_PLACEMENT_3D ( 'NONE', #2124, #1524, #3505 ) ;
#90 = ORIENTED_EDGE ( 'NONE', *, *, #3354, .T. ) ;
#91 = ORIENTED_EDGE ( 'NONE', *, *, #1957, .T. ) ;
#92 = VECTOR ( 'NONE', #3540, 1000.000000000000000 ) ;
#93 = PLANE ( 'NONE',  #1704 ) ;
#94 = VERTEX_POINT ( 'NONE', #4271 ) ;
#95 = VERTEX_POINT ( 'NONE', #3278 ) ;
#96 = APPLICATION_PROTOCOL_DEFINITION ( 'international standard', 'config_control_design', 1994, #2835 ) ;
#97 = AXIS2_PLACEMENT_3D ( 'NONE', #3104, #4120, #2069 ) ;
#98 = FACE_OUTER_BOUND ( 'NONE', #2232, .T. ) ;
#99 = PLANE ( 'NONE',  #2552 ) ;
#100 = CARTESIAN_POINT ( 'NONE',  ( 271.0000000000000000, -1.000000000000000000, 108.0000000000000000 ) ) ;
#101 = EDGE_CURVE ( 'NONE', #3846, #95, #3564, .T. ) ;
#102 = DIRECTION ( 'NONE',  ( 0.000000000000000000, 0.000000000000000000, 1.000000000000000000 ) ) ;
#103 = ADVANCED_FACE ( 'NONE', ( #2948 ), #3907, .T. ) ;
#104 = CARTESIAN_POINT ( 'NONE',  ( 245.0000000000000000, -6.000000000000000000, 96.00000000000000000 ) ) ;
#105 = DIRECTION ( 'NONE',  ( 0.000000000000000000, -1.000000000000000000, 0.000000000000000000 ) ) ;
#106 = EDGE_CURVE ( 'NONE', #584, #2071, #1636, .T. ) ;
#107 = VERTEX_POINT ( 'NONE', #3950 ) ;
#108 = LINE ( 'NONE', #2790, #499 ) ;
#109 = DIRECTION ( 'NONE',  ( -1.000000000000000000, -0.000000000000000000, 0.000000000000000000 ) ) ;
#110 = ORIENTED_EDGE ( 'NONE', *, *, #206, .F. ) ;
#111 = ORIENTED_EDGE ( 'NONE', *, *, #3174, .F. ) ;
#112 = CARTESIAN_POINT ( 'NONE',  ( 0.000000000000000000, -1.000000000000000000, 95.70000000000000284 ) ) ;
#113 = ORIENTED_EDGE ( 'NONE', *, *, #2651, .F. ) ;
#114 = EDGE_LOOP ( 'NONE', ( #1297, #3572, #324, #1474, #24, #227, #3176, #1768, #1652, #2354, #2018, #1973, #2400, #2571, #1585, #2006, #3146, #1903, #1367, #2863 ) ) ;
#115 = CARTESIAN_POINT ( 'NONE',  ( -50.00000000000000000, 0.000000000000000000, 96.00000000000000000 ) ) ;
#116 = DIRECTION ( 'NONE',  ( 0.000000000000000000, 0.000000000000000000, 1.000000000000000000 ) ) ;
#117 = CARTESIAN_POINT ( 'NONE',  ( -77.00000000000000000, -1.000000000000000000, 88.39999999999999147 ) ) ;
#118 = DIRECTION ( 'NONE',  ( 0.000000000000000000, -1.000000000000000000, -0.000000000000000000 ) ) ;
#119 = VECTOR ( 'NONE', #900, 1000.000000000000000 ) ;
#120 = LINE ( 'NONE', #1821, #787 ) ;
#121 = ADVANCED_FACE ( 'NONE', ( #3863 ), #617, .F. ) ;
#122 = DIRECTION ( 'NONE',  ( 0.000000000000000000, 0.000000000000000000, -1.000000000000000000 ) ) ;
#123 = EDGE_LOOP ( 'NONE', ( #2254, #641 ) ) ;
#124 = CARTESIAN_POINT ( 'NONE',  ( 50.00000000000000000, -3.000000000000000000, 95.70000000000000284 ) ) ;
#125 = LINE ( 'NONE', #394, #3887 ) ;
#126 = ORIENTED_EDGE ( 'NONE', *, *, #3940, .T. ) ;
#127 = ORIENTED_EDGE ( 'NONE', *, *, #3138, .T. ) ;
#128 = VERTEX_POINT ( 'NONE', #4188 ) ;
#129 = LINE ( 'NONE', #1473, #3804 ) ;
#130 = VERTEX_POINT ( 'NONE', #863 ) ;
#131 = ORIENTED_EDGE ( 'NONE', *, *, #2823, .F. ) ;
#132 = ORIENTED_EDGE ( 'NONE', *, *, #3027, .F. ) ;
#133 = VECTOR ( 'NONE', #1528, 1000.000000000000000 ) ;
#134 = CARTESIAN_POINT ( 'NONE',  ( 0.000000000000000000, 1.000000000000000000, 25.00000000000000000 ) ) ;
#135 = CYLINDRICAL_SURFACE ( 'NONE', #2617, 1.600000000000004086 ) ;
#136 = LINE ( 'NONE', #2852, #3527 ) ;
#137 = CYLINDRICAL_SURFACE ( 'NONE', #4113, 2.250000000000001776 ) ;
#138 = VECTOR ( 'NONE', #4274, 1000.000000000000000 ) ;
#139 = CARTESIAN_POINT ( 'NONE',  ( -271.3000000000000682, 0.000000000000000000, 80.00000000000000000 ) ) ;
#140 = DIRECTION ( 'NONE',  ( -0.000000000000000000, 1.000000000000000000, 0.000000000000000000 ) ) ;
#141 = AXIS2_PLACEMENT_3D ( 'NONE', #219, #3191, #1562 ) ;
#142 = EDGE_CURVE ( 'NONE', #777, #3758, #4213, .T. ) ;
#143 = VECTOR ( 'NONE', #1869, 1000.000000000000000 ) ;
#144 = EDGE_LOOP ( 'NONE', ( #2858, #351, #3924, #530, #173, #605 ) ) ;
#145 = ADVANCED_FACE ( 'NONE', ( #2969 ), #4293, .F. ) ;
#146 = DIRECTION ( 'NONE',  ( -0.000000000000000000, 1.000000000000000000, 0.000000000000000000 ) ) ;
#147 = LINE ( 'NONE', #2245, #730 ) ;
#148 = ORIENTED_EDGE ( 'NONE', *, *, #218, .F. ) ;
#149 = ORIENTED_EDGE ( 'NONE', *, *, #339, .F. ) ;
#150 = AXIS2_PLACEMENT_3D ( 'NONE', #4092, #1096, #3769 ) ;
#151 = ORIENTED_EDGE ( 'NONE', *, *, #1932, .F. ) ;
#152 = CARTESIAN_POINT ( 'NONE',  ( -164.9999999999999716, -3.000000000000000000, 96.00000000000000000 ) ) ;
#153 = VECTOR ( 'NONE', #225, 1000.000000000000000 ) ;
#154 = FACE_BOUND ( 'NONE', #2879, .T. ) ;
#155 = ORIENTED_EDGE ( 'NONE', *, *, #4037, .F. ) ;
#156 = VERTEX_POINT ( 'NONE', #1684 ) ;
#157 = EDGE_LOOP ( 'NONE', ( #2512, #2420, #288, #3560, #518, #4194, #2418, #4017 ) ) ;
#158 = ADVANCED_FACE ( 'NONE', ( #2760 ), #1775, .F. ) ;
#159 = AXIS2_PLACEMENT_3D ( 'NONE', #2070, #59, #3429 ) ;
#160 = CARTESIAN_POINT ( 'NONE',  ( -245.0000000000000000, -3.000000000000000000, 96.00000000000000000 ) ) ;
#161 = CARTESIAN_POINT ( 'NONE',  ( 245.0000000000000000, -3.000000000000000000, 95.70000000000000284 ) ) ;
#162 = CARTESIAN_POINT ( 'NONE',  ( -256.0000000000000000, -1.000000000000000000, 25.00000000000000000 ) ) ;
#163 = VECTOR ( 'NONE', #532, 1000.000000000000000 ) ;
#164 = DIRECTION ( 'NONE',  ( 0.000000000000000000, 0.000000000000000000, 1.000000000000000000 ) ) ;
#165 = ADVANCED_FACE ( 'NONE', ( #29 ), #338, .T. ) ;
#166 = CARTESIAN_POINT ( 'NONE',  ( -160.0000000000000000, 1.000000000000000000, 0.000000000000000000 ) ) ;
#167 = CARTESIAN_POINT ( 'NONE',  ( -218.5000000000000000, 0.000000000000000000, 84.99999999999998579 ) ) ;
#168 = VECTOR ( 'NONE', #4069, 1000.000000000000000 ) ;
#169 = ORIENTED_EDGE ( 'NONE', *, *, #1654, .F. ) ;
#170 = VERTEX_POINT ( 'NONE', #2406 ) ;
#171 = FACE_OUTER_BOUND ( 'NONE', #3886, .T. ) ;
#172 = DIRECTION ( 'NONE',  ( 0.000000000000000000, 0.000000000000000000, 1.000000000000000000 ) ) ;
#173 = ORIENTED_EDGE ( 'NONE', *, *, #2773, .F. ) ;
#174 = ORIENTED_EDGE ( 'NONE', *, *, #3989, .T. ) ;
#175 = VERTEX_POINT ( 'NONE', #2125 ) ;
#176 = ADVANCED_FACE ( 'NONE', ( #3702 ), #1071, .F. ) ;
#177 = CARTESIAN_POINT ( 'NONE',  ( -260.0000000000000000, -6.000000000000000000, 108.5000000000000000 ) ) ;
#178 = CARTESIAN_POINT ( 'NONE',  ( -35.00000000000000000, -1.000000000000000000, 108.0000000000000000 ) ) ;
#179 = ORIENTED_EDGE ( 'NONE', *, *, #3057, .F. ) ;
#180 = EDGE_CURVE ( 'NONE', #1764, #1745, #2102, .T. ) ;
#181 = ORIENTED_EDGE ( 'NONE', *, *, #1536, .T. ) ;
#182 = EDGE_CURVE ( 'NONE', #1278, #539, #1048, .T. ) ;
#183 = ORIENTED_EDGE ( 'NONE', *, *, #2306, .T. ) ;
#184 = CARTESIAN_POINT ( 'NONE',  ( 271.0000000000000000, 1.000000000000000000, 0.000000000000000000 ) ) ;
#185 = LINE ( 'NONE', #2515, #370 ) ;
#186 = CARTESIAN_POINT ( 'NONE',  ( 90.00000000000001421, 0.000000000000000000, 25.00000000000000000 ) ) ;
#187 = ADVANCED_FACE ( 'NONE', ( #2451 ), #3025, .F. ) ;
#188 = CARTESIAN_POINT ( 'NONE',  ( 271.0000000000000000, 1.000000000000000000, 81.84661853126195297 ) ) ;
#189 = CARTESIAN_POINT ( 'NONE',  ( -35.00000000000000000, -6.000000000000000000, 96.00000000000000000 ) ) ;
#190 = DIRECTION ( 'NONE',  ( 0.000000000000000000, 0.000000000000000000, 1.000000000000000000 ) ) ;
#191 = CC_DESIGN_PERSON_AND_ORGANIZATION_ASSIGNMENT ( #4039, #1438, ( #2131 ) ) ;
#192 = ORIENTED_EDGE ( 'NONE', *, *, #2035, .T. ) ;
#193 = ORIENTED_EDGE ( 'NONE', *, *, #1943, .F. ) ;
#194 = FACE_BOUND ( 'NONE', #3310, .T. ) ;
#195 = AXIS2_PLACEMENT_3D ( 'NONE', #2804, #1910, #4132 ) ;
#196 = DIRECTION ( 'NONE',  ( -1.000000000000000000, 0.000000000000000000, 0.000000000000000000 ) ) ;
#197 = DIRECTION ( 'NONE',  ( 0.000000000000000000, 0.000000000000000000, -1.000000000000000000 ) ) ;
#198 = ORIENTED_EDGE ( 'NONE', *, *, #3497, .T. ) ;
#199 = LOCAL_TIME ( 16, 1, 3.000000000000000000, #2357 ) ;
#200 = ORIENTED_EDGE ( 'NONE', *, *, #3354, .F. ) ;
#201 = CARTESIAN_POINT ( 'NONE',  ( -247.0999999999999943, -2.999999999999999556, 108.5000000000000000 ) ) ;
#202 = CARTESIAN_POINT ( 'NONE',  ( -258.9000000000000341, 0.000000000000000000, 30.00000000000000000 ) ) ;
#203 = ORIENTED_EDGE ( 'NONE', *, *, #3438, .F. ) ;
#204 = ORIENTED_EDGE ( 'NONE', *, *, #3889, .F. ) ;
#205 = EDGE_LOOP ( 'NONE', ( #479, #1859, #1590, #781 ) ) ;
#206 = EDGE_CURVE ( 'NONE', #2211, #3523, #407, .T. ) ;
#207 = CARTESIAN_POINT ( 'NONE',  ( 242.9000000000000057, -2.999999999999999556, 95.70000000000000284 ) ) ;
#208 = DIRECTION ( 'NONE',  ( 0.000000000000000000, 0.000000000000000000, 1.000000000000000000 ) ) ;
#209 = DIRECTION ( 'NONE',  ( 0.000000000000000000, -1.000000000000000000, -0.000000000000000000 ) ) ;
#210 = CARTESIAN_POINT ( 'NONE',  ( 247.0999999999999943, -3.000000000000000000, 95.70000000000000284 ) ) ;
#211 = AXIS2_PLACEMENT_3D ( 'NONE', #139, #2830, #1162 ) ;
#212 = LINE ( 'NONE', #4179, #1827 ) ;
#213 = CARTESIAN_POINT ( 'NONE',  ( -271.0000000000000000, 0.000000000000000000, 80.00000000000000000 ) ) ;
#214 = AXIS2_PLACEMENT_3D ( 'NONE', #3281, #265, #867 ) ;
#215 = VERTEX_POINT ( 'NONE', #3375 ) ;
#216 = VERTEX_POINT ( 'NONE', #100 ) ;
#217 = VECTOR ( 'NONE', #4312, 1000.000000000000000 ) ;
#218 = EDGE_CURVE ( 'NONE', #2376, #424, #4145, .T. ) ;
#219 = CARTESIAN_POINT ( 'NONE',  ( -163.0000000000000000, -1.000000000000000000, 20.00000000000000000 ) ) ;
#220 = CARTESIAN_POINT ( 'NONE',  ( 259.0000000000000000, -1.000000000000000000, 20.00000000000000000 ) ) ;
#221 = LINE ( 'NONE', #2246, #582 ) ;
#222 = ORIENTED_EDGE ( 'NONE', *, *, #1267, .T. ) ;
#224 = ADVANCED_FACE ( 'NONE', ( #1027 ), #1752, .F. ) ;
#223 = CARTESIAN_POINT ( 'NONE',  ( 50.00000000000000000, 0.000000000000000000, 96.00000000000000000 ) ) ;
#225 = DIRECTION ( 'NONE',  ( 0.000000000000000000, 0.000000000000000000, 1.000000000000000000 ) ) ;
#226 = ORIENTED_EDGE ( 'NONE', *, *, #3405, .T. ) ;
#227 = ORIENTED_EDGE ( 'NONE', *, *, #3610, .F. ) ;
#228 = ORIENTED_EDGE ( 'NONE', *, *, #4185, .F. ) ;
#229 = DIRECTION ( 'NONE',  ( 0.000000000000000000, 0.000000000000000000, 1.000000000000000000 ) ) ;
#230 = VECTOR ( 'NONE', #2290, 1000.000000000000000 ) ;
#231 = CARTESIAN_POINT ( 'NONE',  ( -271.0000000000000000, 0.000000000000000000, 0.000000000000000000 ) ) ;
#232 = DIRECTION ( 'NONE',  ( -0.000000000000000000, -0.000000000000000000, -1.000000000000000000 ) ) ;
#233 = DIRECTION ( 'NONE',  ( -1.000000000000000000, -0.000000000000000000, 0.000000000000000000 ) ) ;
#234 = CIRCLE ( 'NONE', #1926, 2.099999999999990763 ) ;
#235 = DIRECTION ( 'NONE',  ( 0.000000000000000000, 0.000000000000000000, 1.000000000000000000 ) ) ;
#236 = EDGE_CURVE ( 'NONE', #630, #4195, #361, .T. ) ;
#237 = CARTESIAN_POINT ( 'NONE',  ( -245.0000000000000000, -6.000000000000000000, 96.00000000000000000 ) ) ;
#238 = VECTOR ( 'NONE', #3495, 1000.000000000000000 ) ;
#239 = ORIENTED_EDGE ( 'NONE', *, *, #4245, .T. ) ;
#240 = EDGE_CURVE ( 'NONE', #3636, #4144, #3748, .T. ) ;
#241 = VECTOR ( 'NONE', #72, 1000.000000000000000 ) ;
#242 = CARTESIAN_POINT ( 'NONE',  ( 229.9999999999999716, -3.000000000000000000, 96.00000000000000000 ) ) ;
#243 = LINE ( 'NONE', #3168, #3538 ) ;
#244 = DIRECTION ( 'NONE',  ( -0.000000000000000000, 1.000000000000000000, 0.000000000000000000 ) ) ;
#245 = ADVANCED_FACE ( 'NONE', ( #1115 ), #2782, .T. ) ;
#246 = VERTEX_POINT ( 'NONE', #3071 ) ;
#247 = CYLINDRICAL_SURFACE ( 'NONE', #3585, 1.600000000000000755 ) ;
#248 = CARTESIAN_POINT ( 'NONE',  ( 50.00000000000000000, -3.000000000000000000, 96.00000000000000000 ) ) ;
#249 = ORIENTED_EDGE ( 'NONE', *, *, #4071, .T. ) ;
#250 = APPROVAL ( #3765, '未' ) ;
#251 = ORIENTED_EDGE ( 'NONE', *, *, #2306, .F. ) ;
#252 = ORIENTED_EDGE ( 'NONE', *, *, #4311, .F. ) ;
#253 = LINE ( 'NONE', #1597, #1182 ) ;
#254 = ADVANCED_BREP_SHAPE_REPRESENTATION ( 'UpperEdge_V11_P9_Handle_ShellJoints', ( #2317, #3914 ), #3291 ) ;
#255 = DIRECTION ( 'NONE',  ( 0.000000000000000000, 0.000000000000000000, 1.000000000000000000 ) ) ;
#256 = CYLINDRICAL_SURFACE ( 'NONE', #330, 1.600000000000004086 ) ;
#257 = LINE ( 'NONE', #274, #1969 ) ;
#258 = CARTESIAN_POINT ( 'NONE',  ( -135.0000000000000000, -6.000000000000000000, 96.00000000000000000 ) ) ;
#259 = ORIENTED_EDGE ( 'NONE', *, *, #3783, .T. ) ;
#260 = DIRECTION ( 'NONE',  ( 0.000000000000000000, 0.000000000000000000, 1.000000000000000000 ) ) ;
#261 = ADVANCED_FACE ( 'NONE', ( #3721, #719 ), #73, .T. ) ;
#262 = DIRECTION ( 'NONE',  ( 0.000000000000000000, 0.000000000000000000, 1.000000000000000000 ) ) ;
#263 = CARTESIAN_POINT ( 'NONE',  ( 256.0000000000000000, 0.000000000000000000, 25.00000000000000000 ) ) ;
#264 = EDGE_LOOP ( 'NONE', ( #1939, #1610, #251, #1320, #909, #1858, #4345, #2504 ) ) ;
#265 = DIRECTION ( 'NONE',  ( -1.000000000000000000, 0.000000000000000000, 0.000000000000000000 ) ) ;
#266 = AXIS2_PLACEMENT_3D ( 'NONE', #1247, #3248, #1863 ) ;
#267 = CARTESIAN_POINT ( 'NONE',  ( 260.0000000000000000, -3.000000000000000000, 96.00000000000000000 ) ) ;
#268 = ORIENTED_EDGE ( 'NONE', *, *, #2701, .F. ) ;
#269 = VERTEX_POINT ( 'NONE', #3787 ) ;
#270 = ORIENTED_EDGE ( 'NONE', *, *, #2523, .T. ) ;
#271 = DIRECTION ( 'NONE',  ( 1.000000000000000000, -0.000000000000000000, -0.000000000000000000 ) ) ;
#272 = ORIENTED_EDGE ( 'NONE', *, *, #2225, .F. ) ;
#273 = CARTESIAN_POINT ( 'NONE',  ( 150.0000000000000000, -3.000000000000000000, 95.70000000000000284 ) ) ;
#274 = CARTESIAN_POINT ( 'NONE',  ( -35.00000000000000000, 0.000000000000000000, 96.00000000000000000 ) ) ;
#275 = DIRECTION ( 'NONE',  ( 0.000000000000000000, 0.000000000000000000, 1.000000000000000000 ) ) ;
#276 = ORIENTED_EDGE ( 'NONE', *, *, #2514, .T. ) ;
#277 = DIRECTION ( 'NONE',  ( 1.000000000000000000, 0.000000000000000000, -0.000000000000000000 ) ) ;
#278 = AXIS2_PLACEMENT_3D ( 'NONE', #788, #3816, #3095 ) ;
#279 = CARTESIAN_POINT ( 'NONE',  ( -259.5000000000000000, -1.399999999999999911, 20.00000000000000000 ) ) ;
#280 = CARTESIAN_POINT ( 'NONE',  ( -177.5000000000000000, -1.399999999999999911, 90.00000000000000000 ) ) ;
#281 = CIRCLE ( 'NONE', #3651, 1.600000000000004086 ) ;
#282 = ORIENTED_EDGE ( 'NONE', *, *, #1321, .F. ) ;
#283 = DIRECTION ( 'NONE',  ( -1.000000000000000000, -0.000000000000000000, -0.000000000000000000 ) ) ;
#284 = AXIS2_PLACEMENT_3D ( 'NONE', #4005, #3626, #3644 ) ;
#285 = DIRECTION ( 'NONE',  ( 0.000000000000000000, 0.000000000000000000, 1.000000000000000000 ) ) ;
#286 = ORIENTED_EDGE ( 'NONE', *, *, #2297, .T. ) ;
#287 = VERTEX_POINT ( 'NONE', #1419 ) ;
#288 = ORIENTED_EDGE ( 'NONE', *, *, #1635, .T. ) ;
#289 = AXIS2_PLACEMENT_3D ( 'NONE', #659, #1705, #3982 ) ;
#290 = EDGE_CURVE ( 'NONE', #4034, #1989, #81, .T. ) ;
#291 = VECTOR ( 'NONE', #1189, 1000.000000000000000 ) ;
#292 = FACE_OUTER_BOUND ( 'NONE', #4097, .T. ) ;
#293 = ORIENTED_EDGE ( 'NONE', *, *, #1740, .T. ) ;
#294 = CARTESIAN_POINT ( 'NONE',  ( 260.0000000000000000, 0.000000000000000000, 108.5000000000000000 ) ) ;
#295 = EDGE_CURVE ( 'NONE', #4303, #3480, #2541, .T. ) ;
#296 = CARTESIAN_POINT ( 'NONE',  ( 52.10000000000000142, -3.000000000000000000, 95.70000000000000284 ) ) ;
#297 = AXIS2_PLACEMENT_3D ( 'NONE', #1551, #2567, #2165 ) ;
#298 = CARTESIAN_POINT ( 'NONE',  ( 68.00000000000000000, 1.000000000000000222, 47.25000000000000000 ) ) ;
#299 = ORIENTED_EDGE ( 'NONE', *, *, #2034, .T. ) ;
#300 = VECTOR ( 'NONE', #3933, 1000.000000000000000 ) ;
#301 = EDGE_CURVE ( 'NONE', #733, #3635, #3456, .T. ) ;
#302 = DIRECTION ( 'NONE',  ( 1.000000000000000000, 0.000000000000000000, -0.000000000000000000 ) ) ;
#303 = VECTOR ( 'NONE', #3060, 1000.000000000000000 ) ;
#304 = CARTESIAN_POINT ( 'NONE',  ( -177.5000000000000000, -1.000000000000000000, 88.39999999999999147 ) ) ;
#305 = AXIS2_PLACEMENT_3D ( 'NONE', #795, #1468, #1806 ) ;
#306 = ORIENTED_EDGE ( 'NONE', *, *, #3427, .F. ) ;
#307 = DIRECTION ( 'NONE',  ( 1.000000000000000000, 0.000000000000000000, -0.000000000000000000 ) ) ;
#308 = DIRECTION ( 'NONE',  ( -0.000000000000000000, 0.000000000000000000, -1.000000000000000000 ) ) ;
#309 = LINE ( 'NONE', #2891, #591 ) ;
#310 = ORIENTED_EDGE ( 'NONE', *, *, #3783, .F. ) ;
#311 = EDGE_LOOP ( 'NONE', ( #1898, #1476, #416, #1376 ) ) ;
#312 = EDGE_CURVE ( 'NONE', #1697, #2107, #1886, .T. ) ;
#313 = ORIENTED_EDGE ( 'NONE', *, *, #4101, .F. ) ;
#314 = EDGE_CURVE ( 'NONE', #485, #1516, #827, .T. ) ;
#315 = CARTESIAN_POINT ( 'NONE',  ( -271.0000000000000000, 0.000000000000000000, 27.89999999999999858 ) ) ;
#316 = VERTEX_POINT ( 'NONE', #1818 ) ;
#317 = DIRECTION ( 'NONE',  ( 0.000000000000000000, 1.000000000000000000, 0.000000000000000000 ) ) ;
#318 = CARTESIAN_POINT ( 'NONE',  ( 47.90000000000000568, -2.999999999999999556, 108.5000000000000000 ) ) ;
#319 = LINE ( 'NONE', #697, #3868 ) ;
#320 = ADVANCED_FACE ( 'NONE', ( #1230 ), #3555, .F. ) ;
#321 = LINE ( 'NONE', #1730, #1580 ) ;
#322 = DIRECTION ( 'NONE',  ( 0.000000000000000000, 0.000000000000000000, -1.000000000000000000 ) ) ;
#323 = DIRECTION ( 'NONE',  ( 0.000000000000000000, 0.000000000000000000, 1.000000000000000000 ) ) ;
#324 = ORIENTED_EDGE ( 'NONE', *, *, #3621, .F. ) ;
#325 = FACE_BOUND ( 'NONE', #2113, .T. ) ;
#326 = LINE ( 'NONE', #1655, #2973 ) ;
#327 = LINE ( 'NONE', #1319, #2337 ) ;
#328 = ORIENTED_EDGE ( 'NONE', *, *, #301, .T. ) ;
#329 = ORIENTED_EDGE ( 'NONE', *, *, #2710, .F. ) ;
#330 = AXIS2_PLACEMENT_3D ( 'NONE', #3979, #1968, #1600 ) ;
#331 = CYLINDRICAL_SURFACE ( 'NONE', #2334, 2.250000000000001776 ) ;
#332 = EDGE_LOOP ( 'NONE', ( #4250, #2861, #585, #4267, #2622, #2800, #2614, #846 ) ) ;
#333 = MECHANICAL_CONTEXT ( 'NONE', #1033, 'mechanical' ) ;
#334 = ADVANCED_FACE ( 'NONE', ( #1865 ), #2148, .F. ) ;
#335 = FACE_OUTER_BOUND ( 'NONE', #44, .T. ) ;
#336 = DIRECTION ( 'NONE',  ( 1.000000000000000000, -0.000000000000000000, -0.000000000000000000 ) ) ;
#337 = DIRECTION ( 'NONE',  ( 1.000000000000000000, 0.000000000000000000, 0.000000000000000000 ) ) ;
#338 = PLANE ( 'NONE',  #1485 ) ;
#339 = EDGE_CURVE ( 'NONE', #799, #2935, #3137, .T. ) ;
#340 = FACE_OUTER_BOUND ( 'NONE', #4283, .T. ) ;
#341 = DIRECTION ( 'NONE',  ( 0.000000000000000000, 0.000000000000000000, 1.000000000000000000 ) ) ;
#342 = EDGE_CURVE ( 'NONE', #1246, #1244, #2967, .T. ) ;
#343 = VERTEX_POINT ( 'NONE', #494 ) ;
#344 = VECTOR ( 'NONE', #3942, 1000.000000000000000 ) ;
#345 = CARTESIAN_POINT ( 'NONE',  ( 271.0000000000000000, 0.000000000000000000, 82.10000000000000853 ) ) ;
#346 = DIRECTION ( 'NONE',  ( 0.000000000000000000, 0.000000000000000000, -1.000000000000000000 ) ) ;
#347 = CARTESIAN_POINT ( 'NONE',  ( 0.000000000000000000, -1.000000000000000000, 96.00000000000000000 ) ) ;
#348 = VECTOR ( 'NONE', #2368, 1000.000000000000000 ) ;
#349 = VERTEX_POINT ( 'NONE', #899 ) ;
#350 = ADVANCED_FACE ( 'NONE', ( #3466 ), #472, .T. ) ;
#351 = ORIENTED_EDGE ( 'NONE', *, *, #2896, .T. ) ;
#352 = VECTOR ( 'NONE', #504, 1000.000000000000000 ) ;
#353 = CARTESIAN_POINT ( 'NONE',  ( 50.00000000000000000, -3.000000000000000000, 96.00000000000000000 ) ) ;
#354 = ORIENTED_EDGE ( 'NONE', *, *, #3921, .T. ) ;
#355 = AXIS2_PLACEMENT_3D ( 'NONE', #213, #4180, #3854 ) ;
#356 = ADVANCED_FACE ( 'NONE', ( #3878 ), #878, .F. ) ;
#357 = LINE ( 'NONE', #2426, #1127 ) ;
#358 = LINE ( 'NONE', #633, #4212 ) ;
#359 = CIRCLE ( 'NONE', #2468, 1.600000000000000755 ) ;
#360 = CARTESIAN_POINT ( 'NONE',  ( -271.3000000000000682, 0.000000000000000000, 80.00000000000000000 ) ) ;
#361 = LINE ( 'NONE', #2032, #791 ) ;
#362 = AXIS2_PLACEMENT_3D ( 'NONE', #2636, #3969, #968 ) ;
#363 = EDGE_CURVE ( 'NONE', #2943, #3670, #1072, .T. ) ;
#364 = LINE ( 'NONE', #2762, #4128 ) ;
#365 = CARTESIAN_POINT ( 'NONE',  ( 271.0000000000000000, 0.000000000000000000, 0.000000000000000000 ) ) ;
#366 = AXIS2_PLACEMENT_3D ( 'NONE', #3589, #3955, #3302 ) ;
#367 = CYLINDRICAL_SURFACE ( 'NONE', #3746, 2.099999999999997868 ) ;
#368 = EDGE_CURVE ( 'NONE', #2072, #216, #136, .T. ) ;
#369 = ORIENTED_EDGE ( 'NONE', *, *, #1561, .F. ) ;
#370 = VECTOR ( 'NONE', #3850, 1000.000000000000000 ) ;
#371 = FACE_BOUND ( 'NONE', #419, .T. ) ;
#372 = EDGE_CURVE ( 'NONE', #1129, #2729, #456, .T. ) ;
#373 = CARTESIAN_POINT ( 'NONE',  ( 152.0999999999999943, -3.000000000000000000, 96.00000000000000000 ) ) ;
#374 = VECTOR ( 'NONE', #3342, 1000.000000000000000 ) ;
#375 = CARTESIAN_POINT ( 'NONE',  ( -271.0000000000000000, -1.000000000000000000, 108.0000000000000000 ) ) ;
#376 = ORIENTED_EDGE ( 'NONE', *, *, #453, .T. ) ;
#377 = ORIENTED_EDGE ( 'NONE', *, *, #3789, .F. ) ;
#378 = EDGE_LOOP ( 'NONE', ( #2085, #737 ) ) ;
#379 = AXIS2_PLACEMENT_3D ( 'NONE', #742, #337, #2405 ) ;
#380 = DIRECTION ( 'NONE',  ( -0.000000000000000000, 1.000000000000000000, 0.000000000000000000 ) ) ;
#381 = VERTEX_POINT ( 'NONE', #162 ) ;
#382 = ORIENTED_EDGE ( 'NONE', *, *, #3112, .F. ) ;
#383 = DATE_AND_TIME ( #3045, #3841 ) ;
#384 = DIRECTION ( 'NONE',  ( 0.000000000000000000, 0.000000000000000000, 1.000000000000000000 ) ) ;
#385 = CARTESIAN_POINT ( 'NONE',  ( 260.0000000000000000, -3.000000000000000000, 96.00000000000000000 ) ) ;
#386 = DIRECTION ( 'NONE',  ( -1.000000000000000000, 0.000000000000000000, 0.000000000000000000 ) ) ;
#387 = DIRECTION ( 'NONE',  ( -0.000000000000000000, 1.000000000000000000, 0.000000000000000000 ) ) ;
#388 = DIRECTION ( 'NONE',  ( 1.000000000000000000, 0.000000000000000000, -0.000000000000000000 ) ) ;
#389 = CARTESIAN_POINT ( 'NONE',  ( 150.0000000000000000, 0.000000000000000000, 96.00000000000000000 ) ) ;
#390 = CARTESIAN_POINT ( 'NONE',  ( -35.00000000000000000, 0.000000000000000000, 108.5000000000000000 ) ) ;
#391 = VERTEX_POINT ( 'NONE', #117 ) ;
#392 = EDGE_CURVE ( 'NONE', #3511, #2155, #2123, .T. ) ;
#393 = CARTESIAN_POINT ( 'NONE',  ( -65.00000000000000000, -1.000000000000000000, 96.00000000000000000 ) ) ;
#394 = CARTESIAN_POINT ( 'NONE',  ( -65.00000000000000000, 0.000000000000000000, 96.00000000000000000 ) ) ;
#395 = CARTESIAN_POINT ( 'NONE',  ( 50.00000000000000000, -6.000000000000000000, 96.00000000000000000 ) ) ;
#396 = VERTEX_POINT ( 'NONE', #1179 ) ;
#397 = ORIENTED_EDGE ( 'NONE', *, *, #2126, .F. ) ;
#398 = ORIENTED_EDGE ( 'NONE', *, *, #3535, .T. ) ;
#399 = CARTESIAN_POINT ( 'NONE',  ( -258.9000000000000341, 0.000000000000000000, 77.89999999999999147 ) ) ;
#400 = ORIENTED_EDGE ( 'NONE', *, *, #3174, .T. ) ;
#401 = ORIENTED_EDGE ( 'NONE', *, *, #3827, .T. ) ;
#402 = COORDINATED_UNIVERSAL_TIME_OFFSET ( 8, 0, .AHEAD. ) ;
#403 = CARTESIAN_POINT ( 'NONE',  ( 68.00000000000000000, 1.000000000000000222, 45.00000000000000000 ) ) ;
#404 = CARTESIAN_POINT ( 'NONE',  ( -229.9999999999999716, -6.000000000000000000, 108.5000000000000000 ) ) ;
#405 = VECTOR ( 'NONE', #229, 1000.000000000000000 ) ;
#406 = DIRECTION ( 'NONE',  ( -0.000000000000000000, 1.000000000000000000, 0.000000000000000000 ) ) ;
#407 = LINE ( 'NONE', #3119, #3943 ) ;
#408 = CARTESIAN_POINT ( 'NONE',  ( -256.0000000000000000, 0.000000000000000000, 25.00000000000000000 ) ) ;
#409 = CARTESIAN_POINT ( 'NONE',  ( -271.3000000000000682, 1.000000000000000000, 81.84661853126195297 ) ) ;
#410 = DIRECTION ( 'NONE',  ( -0.000000000000000000, 1.000000000000000000, 0.000000000000000000 ) ) ;
#411 = ORIENTED_EDGE ( 'NONE', *, *, #4033, .T. ) ;
#412 = EDGE_CURVE ( 'NONE', #841, #1493, #4004, .T. ) ;
#413 = DIRECTION ( 'NONE',  ( -0.000000000000000000, -0.000000000000000000, -1.000000000000000000 ) ) ;
#414 = CARTESIAN_POINT ( 'NONE',  ( 0.000000000000000000, -1.000000000000000000, 25.00000000000000000 ) ) ;
#415 = CARTESIAN_POINT ( 'NONE',  ( 271.3000000000000682, 0.000000000000000000, 32.09999999999999432 ) ) ;
#416 = ORIENTED_EDGE ( 'NONE', *, *, #2710, .T. ) ;
#417 = AXIS2_PLACEMENT_3D ( 'NONE', #1507, #1483, #2876 ) ;
#418 = VERTEX_POINT ( 'NONE', #3851 ) ;
#419 = EDGE_LOOP ( 'NONE', ( #2461, #1660, #2311, #1426 ) ) ;
#420 = AXIS2_PLACEMENT_3D ( 'NONE', #2480, #748, #3797 ) ;
#421 = FACE_OUTER_BOUND ( 'NONE', #2580, .T. ) ;
#422 = ORIENTED_EDGE ( 'NONE', *, *, #4231, .F. ) ;
#423 = ADVANCED_FACE ( 'NONE', ( #851 ), #2190, .F. ) ;
#424 = VERTEX_POINT ( 'NONE', #3919 ) ;
#425 = SHAPE_DEFINITION_REPRESENTATION ( #3049, #254 ) ;
#426 = ADVANCED_FACE ( 'NONE', ( #292 ), #938, .F. ) ;
#427 = AXIS2_PLACEMENT_3D ( 'NONE', #1355, #2323, #2036 ) ;
#428 = CARTESIAN_POINT ( 'NONE',  ( 150.0000000000000000, -3.000000000000000000, 96.00000000000000000 ) ) ;
#429 = CARTESIAN_POINT ( 'NONE',  ( 0.000000000000000000, -1.000000000000000000, 95.70000000000000284 ) ) ;
#430 = DIRECTION ( 'NONE',  ( -1.000000000000000000, 0.000000000000000000, 0.000000000000000000 ) ) ;
#431 = CARTESIAN_POINT ( 'NONE',  ( -65.00000000000000000, -6.000000000000000000, 96.00000000000000000 ) ) ;
#432 = AXIS2_PLACEMENT_3D ( 'NONE', #115, #1772, #3396 ) ;
#433 = EDGE_CURVE ( 'NONE', #1989, #3740, #2750, .T. ) ;
#434 = CARTESIAN_POINT ( 'NONE',  ( -271.0000000000000000, -1.000000000000000000, 31.84661853126193876 ) ) ;
#435 = VECTOR ( 'NONE', #4108, 1000.000000000000000 ) ;
#436 = LINE ( 'NONE', #3791, #3376 ) ;
#437 = EDGE_CURVE ( 'NONE', #2650, #1603, #1564, .T. ) ;
#438 = DIRECTION ( 'NONE',  ( -0.000000000000000000, -0.000000000000000000, -1.000000000000000000 ) ) ;
#439 = VECTOR ( 'NONE', #3812, 1000.000000000000000 ) ;
#440 = VERTEX_POINT ( 'NONE', #2957 ) ;
#441 = CYLINDRICAL_SURFACE ( 'NONE', #1974, 2.099999999999997868 ) ;
#442 = AXIS2_PLACEMENT_3D ( 'NONE', #3479, #2117, #844 ) ;
#443 = CARTESIAN_POINT ( 'NONE',  ( -258.9000000000000341, 0.000000000000000000, 27.89999999999999858 ) ) ;
#444 = EDGE_LOOP ( 'NONE', ( #2869, #3200 ) ) ;
#445 = VECTOR ( 'NONE', #2350, 1000.000000000000000 ) ;
#446 = ORIENTED_EDGE ( 'NONE', *, *, #3610, .T. ) ;
#447 = ORIENTED_EDGE ( 'NONE', *, *, #1314, .F. ) ;
#448 = AXIS2_PLACEMENT_3D ( 'NONE', #3008, #262, #3949 ) ;
#449 = LINE ( 'NONE', #1193, #2201 ) ;
#450 = ORIENTED_EDGE ( 'NONE', *, *, #679, .F. ) ;
#451 = EDGE_CURVE ( 'NONE', #2650, #1452, #3575, .T. ) ;
#452 = VERTEX_POINT ( 'NONE', #3596 ) ;
#453 = EDGE_CURVE ( 'NONE', #3503, #3913, #2545, .T. ) ;
#454 = CARTESIAN_POINT ( 'NONE',  ( 68.00000000000000000, 1.000000000000000222, 45.00000000000000000 ) ) ;
#455 = DIRECTION ( 'NONE',  ( -0.000000000000000000, 1.000000000000000000, 0.000000000000000000 ) ) ;
#456 = LINE ( 'NONE', #3206, #2752 ) ;
#457 = DIRECTION ( 'NONE',  ( 0.000000000000000000, 0.000000000000000000, 1.000000000000000000 ) ) ;
#458 = CARTESIAN_POINT ( 'NONE',  ( 229.9999999999999716, -1.000000000000000000, 0.000000000000000000 ) ) ;
#459 = PLANE ( 'NONE',  #1714 ) ;
#460 = ORIENTED_EDGE ( 'NONE', *, *, #1650, .T. ) ;
#461 = CARTESIAN_POINT ( 'NONE',  ( -65.00000000000000000, 0.000000000000000000, 108.0000000000000000 ) ) ;
#462 = CARTESIAN_POINT ( 'NONE',  ( 147.9000000000000057, -2.999999999999999556, 95.70000000000000284 ) ) ;
#463 = ORIENTED_EDGE ( 'NONE', *, *, #693, .F. ) ;
#464 = ORIENTED_EDGE ( 'NONE', *, *, #3093, .T. ) ;
#465 = EDGE_LOOP ( 'NONE', ( #1922, #3203 ) ) ;
#466 = DIRECTION ( 'NONE',  ( 0.000000000000000000, 0.000000000000000000, 1.000000000000000000 ) ) ;
#467 = ORIENTED_EDGE ( 'NONE', *, *, #756, .F. ) ;
#468 = VERTEX_POINT ( 'NONE', #589 ) ;
#469 = EDGE_LOOP ( 'NONE', ( #626, #509, #1625, #2439 ) ) ;
#470 = DIRECTION ( 'NONE',  ( 1.000000000000000000, -0.000000000000000000, -0.000000000000000000 ) ) ;
#471 = CARTESIAN_POINT ( 'NONE',  ( -259.5000000000000000, -1.000000000000000000, 20.00000000000000000 ) ) ;
#472 = PLANE ( 'NONE',  #1773 ) ;
#473 = CARTESIAN_POINT ( 'NONE',  ( 68.00000000000000000, -1.399999999999999911, 45.00000000000000000 ) ) ;
#474 = ADVANCED_FACE ( 'NONE', ( #2314 ), #2294, .F. ) ;
#475 = FACE_OUTER_BOUND ( 'NONE', #2626, .T. ) ;
#476 = VECTOR ( 'NONE', #2404, 1000.000000000000000 ) ;
#477 = DIRECTION ( 'NONE',  ( 1.000000000000000000, 0.000000000000000000, -0.000000000000000000 ) ) ;
#478 = ADVANCED_FACE ( 'NONE', ( #654 ), #1661, .F. ) ;
#479 = ORIENTED_EDGE ( 'NONE', *, *, #1514, .F. ) ;
#480 = DIRECTION ( 'NONE',  ( 0.000000000000000000, 0.000000000000000000, 1.000000000000000000 ) ) ;
#481 = DIRECTION ( 'NONE',  ( 1.000000000000000000, 0.000000000000000000, 0.000000000000000000 ) ) ;
#482 = EDGE_LOOP ( 'NONE', ( #4121, #3845, #3826, #747 ) ) ;
#483 = ADVANCED_FACE ( 'NONE', ( #3333 ), #2981, .T. ) ;
#484 = VERTEX_POINT ( 'NONE', #629 ) ;
#485 = VERTEX_POINT ( 'NONE', #315 ) ;
#486 = DIRECTION ( 'NONE',  ( 0.000000000000000000, 0.000000000000000000, 1.000000000000000000 ) ) ;
#487 = EDGE_LOOP ( 'NONE', ( #2348, #204, #2905, #1965 ) ) ;
#488 = EDGE_CURVE ( 'NONE', #3643, #4086, #2584, .T. ) ;
#489 = ORIENTED_EDGE ( 'NONE', *, *, #4301, .T. ) ;
#490 = VERTEX_POINT ( 'NONE', #1966 ) ;
#491 = AXIS2_PLACEMENT_3D ( 'NONE', #3881, #235, #881 ) ;
#492 = DIRECTION ( 'NONE',  ( 1.000000000000000000, 0.000000000000000000, -0.000000000000000000 ) ) ;
#493 = CARTESIAN_POINT ( 'NONE',  ( -163.0000000000000000, -1.000000000000000000, 91.59999999999999432 ) ) ;
#494 = CARTESIAN_POINT ( 'NONE',  ( 260.0000000000000000, -6.000000000000000000, 96.00000000000000000 ) ) ;
#495 = CARTESIAN_POINT ( 'NONE',  ( 229.9999999999999716, -6.000000000000000000, 108.5000000000000000 ) ) ;
#496 = AXIS2_PLACEMENT_3D ( 'NONE', #1981, #2435, #3102 ) ;
#497 = CARTESIAN_POINT ( 'NONE',  ( 47.90000000000000568, -2.999999999999999556, 96.00000000000000000 ) ) ;
#498 = CARTESIAN_POINT ( 'NONE',  ( -79.99999999999998579, 1.000000000000000000, 84.99999999999998579 ) ) ;
#499 = VECTOR ( 'NONE', #4118, 1000.000000000000000 ) ;
#500 = EDGE_LOOP ( 'NONE', ( #2556, #1347, #3676, #2621 ) ) ;
#501 = ADVANCED_FACE ( 'NONE', ( #3309 ), #957, .F. ) ;
#502 = AXIS2_PLACEMENT_3D ( 'NONE', #2387, #4095, #2151 ) ;
#503 = EDGE_LOOP ( 'NONE', ( #1001, #20, #3909, #1810 ) ) ;
#504 = DIRECTION ( 'NONE',  ( 0.000000000000000000, -1.000000000000000000, -0.000000000000000000 ) ) ;
#505 = EDGE_CURVE ( 'NONE', #2943, #396, #3939, .T. ) ;
#506 = EDGE_CURVE ( 'NONE', #4051, #1452, #3320, .T. ) ;
#507 = CARTESIAN_POINT ( 'NONE',  ( 256.0000000000000000, 1.000000000000000000, 0.000000000000000000 ) ) ;
#508 = VERTEX_POINT ( 'NONE', #1599 ) ;
#509 = ORIENTED_EDGE ( 'NONE', *, *, #1803, .T. ) ;
#510 = AXIS2_PLACEMENT_3D ( 'NONE', #2803, #3485, #4225 ) ;
#511 = ORIENTED_EDGE ( 'NONE', *, *, #1881, .F. ) ;
#512 = DIRECTION ( 'NONE',  ( 1.000000000000000000, 0.000000000000000000, 0.000000000000000000 ) ) ;
#513 = EDGE_CURVE ( 'NONE', #2156, #535, #1323, .T. ) ;
#514 = AXIS2_PLACEMENT_3D ( 'NONE', #4323, #3289, #255 ) ;
#515 = DIRECTION ( 'NONE',  ( 0.000000000000000000, 0.000000000000000000, 1.000000000000000000 ) ) ;
#516 = EDGE_LOOP ( 'NONE', ( #3389, #4055, #2531, #411, #2274, #401 ) ) ;
#517 = VERTEX_POINT ( 'NONE', #1909 ) ;
#518 = ORIENTED_EDGE ( 'NONE', *, *, #4111, .T. ) ;
#519 = CIRCLE ( 'NONE', #1708, 1.600000000000000755 ) ;
#520 = DIRECTION ( 'NONE',  ( 0.000000000000000000, 0.000000000000000000, -1.000000000000000000 ) ) ;
#521 = EDGE_CURVE ( 'NONE', #799, #1405, #1488, .T. ) ;
#522 = CARTESIAN_POINT ( 'NONE',  ( 35.00000000000000000, 0.000000000000000000, 96.00000000000000000 ) ) ;
#523 = DIRECTION ( 'NONE',  ( -1.000000000000000000, 0.000000000000000000, 0.000000000000000000 ) ) ;
#524 = VECTOR ( 'NONE', #3627, 1000.000000000000000 ) ;
#525 = CYLINDRICAL_SURFACE ( 'NONE', #2938, 2.099999999999997868 ) ;
#526 = DIRECTION ( 'NONE',  ( -1.000000000000000000, -0.000000000000000000, 0.000000000000000000 ) ) ;
#527 = FACE_OUTER_BOUND ( 'NONE', #2367, .T. ) ;
#528 = CIRCLE ( 'NONE', #2982, 2.099999999999990763 ) ;
#529 = ORIENTED_EDGE ( 'NONE', *, *, #2870, .T. ) ;
#530 = ORIENTED_EDGE ( 'NONE', *, *, #142, .T. ) ;
#531 = FACE_BOUND ( 'NONE', #580, .T. ) ;
#532 = DIRECTION ( 'NONE',  ( -0.000000000000000000, -0.000000000000000000, -1.000000000000000000 ) ) ;
#533 = DIRECTION ( 'NONE',  ( 1.000000000000000000, 0.000000000000000000, 0.000000000000000000 ) ) ;
#534 = EDGE_CURVE ( 'NONE', #3523, #1130, #2922, .T. ) ;
#535 = VERTEX_POINT ( 'NONE', #1435 ) ;
#536 = ORIENTED_EDGE ( 'NONE', *, *, #3945, .T. ) ;
#537 = DIRECTION ( 'NONE',  ( 0.000000000000000000, 0.000000000000000000, 1.000000000000000000 ) ) ;
#538 = CARTESIAN_POINT ( 'NONE',  ( -49.35968757625671799, -1.000000000000000000, 96.00000000000000000 ) ) ;
#539 = VERTEX_POINT ( 'NONE', #1062 ) ;
#540 = VERTEX_POINT ( 'NONE', #3064 ) ;
#541 = ORIENTED_EDGE ( 'NONE', *, *, #965, .F. ) ;
#542 = DIRECTION ( 'NONE',  ( 0.000000000000000000, 0.000000000000000000, 1.000000000000000000 ) ) ;
#543 = DIRECTION ( 'NONE',  ( 0.000000000000000000, -1.000000000000000000, -0.000000000000000000 ) ) ;
#544 = CARTESIAN_POINT ( 'NONE',  ( 0.000000000000000000, -1.000000000000000000, 84.99999999999998579 ) ) ;
#545 = CYLINDRICAL_SURFACE ( 'NONE', #4042, 2.250000000000001776 ) ;
#546 = ADVANCED_FACE ( 'NONE', ( #65 ), #331, .F. ) ;
#547 = CYLINDRICAL_SURFACE ( 'NONE', #417, 2.099999999999990763 ) ;
#548 = CARTESIAN_POINT ( 'NONE',  ( -177.5000000000000000, 1.000000000000000222, 20.00000000000000000 ) ) ;
#549 = ORIENTED_EDGE ( 'NONE', *, *, #2324, .F. ) ;
#550 = ADVANCED_FACE ( 'NONE', ( #1021 ), #3390, .F. ) ;
#551 = CIRCLE ( 'NONE', #2510, 2.099999999999990763 ) ;
#552 = ORIENTED_EDGE ( 'NONE', *, *, #1526, .T. ) ;
#553 = FACE_OUTER_BOUND ( 'NONE', #818, .T. ) ;
#554 = LINE ( 'NONE', #3213, #2765 ) ;
#555 = DIRECTION ( 'NONE',  ( 0.000000000000000000, 0.000000000000000000, -1.000000000000000000 ) ) ;
#556 = EDGE_CURVE ( 'NONE', #3501, #3451, #2398, .T. ) ;
#557 = ORIENTED_EDGE ( 'NONE', *, *, #46, .T. ) ;
#558 = PLANE ( 'NONE',  #69 ) ;
#559 = DIRECTION ( 'NONE',  ( -1.000000000000000000, -0.000000000000000000, 0.000000000000000000 ) ) ;
#560 = ORIENTED_EDGE ( 'NONE', *, *, #3093, .F. ) ;
#561 = ORIENTED_EDGE ( 'NONE', *, *, #2231, .F. ) ;
#562 = ADVANCED_FACE ( 'NONE', ( #1089 ), #3739, .F. ) ;
#563 = VERTEX_POINT ( 'NONE', #2355 ) ;
#564 = CARTESIAN_POINT ( 'NONE',  ( 256.0000000000000000, -1.000000000000000000, 0.000000000000000000 ) ) ;
#565 = EDGE_CURVE ( 'NONE', #2878, #1129, #1346, .T. ) ;
#566 = DIRECTION ( 'NONE',  ( -1.000000000000000000, -0.000000000000000000, 0.000000000000000000 ) ) ;
#567 = DIRECTION ( 'NONE',  ( 0.000000000000000000, -1.000000000000000000, -0.000000000000000000 ) ) ;
#568 = FACE_OUTER_BOUND ( 'NONE', #4260, .T. ) ;
#569 = AXIS2_PLACEMENT_3D ( 'NONE', #1308, #2648, #3981 ) ;
#570 = DIRECTION ( 'NONE',  ( 0.000000000000000000, -1.000000000000000000, 0.000000000000000000 ) ) ;
#571 = FACE_OUTER_BOUND ( 'NONE', #469, .T. ) ;
#572 = EDGE_CURVE ( 'NONE', #3111, #3501, #1385, .T. ) ;
#573 = AXIS2_PLACEMENT_3D ( 'NONE', #3867, #283, #3241 ) ;
#574 = ORIENTED_EDGE ( 'NONE', *, *, #2842, .F. ) ;
#575 = FACE_BOUND ( 'NONE', #1520, .T. ) ;
#576 = CC_DESIGN_DATE_AND_TIME_ASSIGNMENT ( #383, #3697, ( #2131 ) ) ;
#577 = PLANE ( 'NONE',  #1856 ) ;
#578 = AXIS2_PLACEMENT_3D ( 'NONE', #385, #3464, #1750 ) ;
#579 = LINE ( 'NONE', #263, #650 ) ;
#580 = EDGE_LOOP ( 'NONE', ( #889, #329, #3113, #3778 ) ) ;
#581 = PLANE ( 'NONE',  #214 ) ;
#582 = VECTOR ( 'NONE', #197, 1000.000000000000000 ) ;
#583 = LINE ( 'NONE', #4217, #588 ) ;
#584 = VERTEX_POINT ( 'NONE', #1000 ) ;
#585 = ORIENTED_EDGE ( 'NONE', *, *, #1943, .T. ) ;
#586 = VERTEX_POINT ( 'NONE', #2686 ) ;
#587 = DIRECTION ( 'NONE',  ( -1.000000000000000000, -0.000000000000000000, -0.000000000000000000 ) ) ;
#588 = VECTOR ( 'NONE', #559, 1000.000000000000000 ) ;
#589 = CARTESIAN_POINT ( 'NONE',  ( -160.0000000000000000, -1.000000000000000000, 25.00000000000000000 ) ) ;
#590 = CARTESIAN_POINT ( 'NONE',  ( 0.000000000000000000, -1.000000000000000000, 96.00000000000000000 ) ) ;
#591 = VECTOR ( 'NONE', #2595, 1000.000000000000000 ) ;
#592 = EDGE_CURVE ( 'NONE', #3306, #1252, #3679, .T. ) ;
#593 = CARTESIAN_POINT ( 'NONE',  ( 90.00000000000001421, -1.000000000000000000, 25.00000000000000000 ) ) ;
#594 = PLANE ( 'NONE',  #3521 ) ;
#595 = CIRCLE ( 'NONE', #3190, 2.099999999999990763 ) ;
#596 = EDGE_LOOP ( 'NONE', ( #3834, #3221 ) ) ;
#597 = VECTOR ( 'NONE', #105, 1000.000000000000000 ) ;
#598 = FACE_BOUND ( 'NONE', #2300, .T. ) ;
#599 = CARTESIAN_POINT ( 'NONE',  ( 0.000000000000000000, 0.000000000000000000, 108.0000000000000000 ) ) ;
#600 = DIRECTION ( 'NONE',  ( 1.000000000000000000, 0.000000000000000000, 0.000000000000000000 ) ) ;
#601 = VERTEX_POINT ( 'NONE', #399 ) ;
#602 = DIRECTION ( 'NONE',  ( 0.000000000000000000, -1.000000000000000000, -0.000000000000000000 ) ) ;
#603 = CARTESIAN_POINT ( 'NONE',  ( 65.00000000000000000, -1.000000000000000000, 0.000000000000000000 ) ) ;
#604 = VERTEX_POINT ( 'NONE', #4057 ) ;
#605 = ORIENTED_EDGE ( 'NONE', *, *, #2065, .T. ) ;
#606 = ORIENTED_EDGE ( 'NONE', *, *, #1236, .T. ) ;
#607 = DIRECTION ( 'NONE',  ( 1.000000000000000000, 0.000000000000000000, -0.000000000000000000 ) ) ;
#608 = EDGE_CURVE ( 'NONE', #343, #1789, #1767, .T. ) ;
#609 = FACE_OUTER_BOUND ( 'NONE', #2397, .T. ) ;
#610 = EDGE_CURVE ( 'NONE', #2414, #1359, #3668, .T. ) ;
#611 = LINE ( 'NONE', #1289, #1755 ) ;
#612 = FACE_OUTER_BOUND ( 'NONE', #3580, .T. ) ;
#613 = ORIENTED_EDGE ( 'NONE', *, *, #998, .T. ) ;
#614 = LINE ( 'NONE', #3340, #1408 ) ;
#615 = EDGE_CURVE ( 'NONE', #3670, #269, #3018, .T. ) ;
#616 = CYLINDRICAL_SURFACE ( 'NONE', #4156, 1.600000000000000755 ) ;
#617 = CYLINDRICAL_SURFACE ( 'NONE', #3383, 1.600000000000004086 ) ;
#618 = ORIENTED_EDGE ( 'NONE', *, *, #451, .T. ) ;
#619 = ADVANCED_FACE ( 'NONE', ( #3043 ), #93, .F. ) ;
#620 = DIRECTION ( 'NONE',  ( 0.000000000000000000, -0.000000000000000000, 1.000000000000000000 ) ) ;
#621 = CIRCLE ( 'NONE', #1669, 2.100000000000004530 ) ;
#622 = EDGE_CURVE ( 'NONE', #2414, #2478, #2708, .T. ) ;
#623 = DIRECTION ( 'NONE',  ( -0.000000000000000000, 1.000000000000000000, 0.000000000000000000 ) ) ;
#624 = ORIENTED_EDGE ( 'NONE', *, *, #1324, .T. ) ;
#625 = AXIS2_PLACEMENT_3D ( 'NONE', #4247, #1951, #2316 ) ;
#626 = ORIENTED_EDGE ( 'NONE', *, *, #2773, .T. ) ;
#627 = ORIENTED_EDGE ( 'NONE', *, *, #3475, .F. ) ;
#628 = ADVANCED_FACE ( 'NONE', ( #692 ), #2025, .F. ) ;
#629 = CARTESIAN_POINT ( 'NONE',  ( -181.0000000000000000, -1.000000000000000000, 25.00000000000000000 ) ) ;
#630 = VERTEX_POINT ( 'NONE', #3712 ) ;
#631 = LINE ( 'NONE', #2260, #3772 ) ;
#632 = DIRECTION ( 'NONE',  ( 0.000000000000000000, 0.000000000000000000, 1.000000000000000000 ) ) ;
#633 = CARTESIAN_POINT ( 'NONE',  ( 271.0000000000000000, 1.000000000000000000, 0.000000000000000000 ) ) ;
#634 = ORIENTED_EDGE ( 'NONE', *, *, #2701, .T. ) ;
#635 = VECTOR ( 'NONE', #1181, 1000.000000000000000 ) ;
#636 = CARTESIAN_POINT ( 'NONE',  ( -135.0000000000000000, -3.000000000000000000, 96.00000000000000000 ) ) ;
#637 = VECTOR ( 'NONE', #981, 1000.000000000000000 ) ;
#638 = EDGE_CURVE ( 'NONE', #3916, #452, #711, .T. ) ;
#639 = FACE_OUTER_BOUND ( 'NONE', #4167, .T. ) ;
#640 = VECTOR ( 'NONE', #1945, 1000.000000000000000 ) ;
#641 = ORIENTED_EDGE ( 'NONE', *, *, #3775, .F. ) ;
#642 = ADVANCED_FACE ( 'NONE', ( #421 ), #3522, .F. ) ;
#643 = FACE_BOUND ( 'NONE', #4319, .T. ) ;
#644 = CIRCLE ( 'NONE', #3169, 1.600000000000000755 ) ;
#645 = CARTESIAN_POINT ( 'NONE',  ( 49.35968757625671799, -1.000000000000000000, 96.00000000000000000 ) ) ;
#646 = DIRECTION ( 'NONE',  ( 1.000000000000000000, 0.000000000000000000, 0.000000000000000000 ) ) ;
#647 = ORIENTED_EDGE ( 'NONE', *, *, #4045, .T. ) ;
#648 = ORIENTED_EDGE ( 'NONE', *, *, #1720, .T. ) ;
#649 = EDGE_LOOP ( 'NONE', ( #3408, #1845 ) ) ;
#650 = VECTOR ( 'NONE', #2930, 1000.000000000000000 ) ;
#651 = AXIS2_PLACEMENT_3D ( 'NONE', #237, #2359, #942 ) ;
#652 = EDGE_CURVE ( 'NONE', #2206, #1490, #1350, .T. ) ;
#653 = AXIS2_PLACEMENT_3D ( 'NONE', #2939, #2997, #3618 ) ;
#654 = FACE_OUTER_BOUND ( 'NONE', #1573, .T. ) ;
#655 = ORIENTED_EDGE ( 'NONE', *, *, #565, .F. ) ;
#656 = CARTESIAN_POINT ( 'NONE',  ( -260.0000000000000000, 0.000000000000000000, 96.00000000000000000 ) ) ;
#657 = DIRECTION ( 'NONE',  ( -1.000000000000000000, 0.000000000000000000, 0.000000000000000000 ) ) ;
#658 = AXIS2_PLACEMENT_3D ( 'NONE', #202, #4192, #2798 ) ;
#659 = CARTESIAN_POINT ( 'NONE',  ( -77.00000000000000000, 1.000000000000000222, 90.00000000000000000 ) ) ;
#660 = CIRCLE ( 'NONE', #940, 2.099999999999997868 ) ;
#661 = CARTESIAN_POINT ( 'NONE',  ( -181.0000000000000000, 1.000000000000000000, 84.99999999999998579 ) ) ;
#662 = VECTOR ( 'NONE', #2394, 1000.000000000000000 ) ;
#663 = CARTESIAN_POINT ( 'NONE',  ( -160.0000000000000000, 0.000000000000000000, 84.99999999999998579 ) ) ;
#664 = VECTOR ( 'NONE', #11, 1000.000000000000000 ) ;
#665 = ORIENTED_EDGE ( 'NONE', *, *, #1855, .T. ) ;
#666 = DIRECTION ( 'NONE',  ( 1.000000000000000000, -0.000000000000000000, -0.000000000000000000 ) ) ;
#667 = CARTESIAN_POINT ( 'NONE',  ( 87.00000000000001421, -1.000000000000000000, 90.00000000000000000 ) ) ;
#668 = DIRECTION ( 'NONE',  ( 0.000000000000000000, 1.000000000000000000, 0.000000000000000000 ) ) ;
#669 = VERTEX_POINT ( 'NONE', #538 ) ;
#670 = EDGE_CURVE ( 'NONE', #484, #2931, #129, .T. ) ;
#671 = ORIENTED_EDGE ( 'NONE', *, *, #825, .F. ) ;
#672 = DIRECTION ( 'NONE',  ( -1.000000000000000000, -0.000000000000000000, 0.000000000000000000 ) ) ;
#673 = ORIENTED_EDGE ( 'NONE', *, *, #3295, .T. ) ;
#674 = CARTESIAN_POINT ( 'NONE',  ( 0.000000000000000000, -1.000000000000000000, 0.000000000000000000 ) ) ;
#675 = EDGE_CURVE ( 'NONE', #1272, #4034, #3460, .T. ) ;
#676 = LINE ( 'NONE', #1327, #1124 ) ;
#677 = LINE ( 'NONE', #2013, #1770 ) ;
#678 = CARTESIAN_POINT ( 'NONE',  ( -259.5000000000000000, 1.000000000000000222, 20.00000000000000000 ) ) ;
#679 = EDGE_CURVE ( 'NONE', #2535, #3010, #1518, .T. ) ;
#680 = DIRECTION ( 'NONE',  ( 0.000000000000000000, 0.000000000000000000, 1.000000000000000000 ) ) ;
#681 = EDGE_CURVE ( 'NONE', #1365, #2563, #4103, .T. ) ;
#682 = CARTESIAN_POINT ( 'NONE',  ( 149.3596875762567038, -1.000000000000000000, 96.00000000000000000 ) ) ;
#683 = ORIENTED_EDGE ( 'NONE', *, *, #2783, .T. ) ;
#684 = FACE_BOUND ( 'NONE', #4149, .T. ) ;
#685 = LINE ( 'NONE', #3345, #4227 ) ;
#686 = LINE ( 'NONE', #347, #2908 ) ;
#687 = ORIENTED_EDGE ( 'NONE', *, *, #3358, .T. ) ;
#688 = EDGE_CURVE ( 'NONE', #3480, #2659, #2549, .T. ) ;
#689 = VERTEX_POINT ( 'NONE', #1497 ) ;
#690 = CIRCLE ( 'NONE', #3288, 2.100000000000000977 ) ;
#691 = ORGANIZATION ( '未', '未', '' ) ;
#692 = FACE_OUTER_BOUND ( 'NONE', #2548, .T. ) ;
#693 = EDGE_CURVE ( 'NONE', #3480, #2206, #449, .T. ) ;
#694 = ORIENTED_EDGE ( 'NONE', *, *, #4071, .F. ) ;
#695 = PERSON_AND_ORGANIZATION ( #983, #691 ) ;
#696 = CARTESIAN_POINT ( 'NONE',  ( 0.000000000000000000, -1.000000000000000000, 96.00000000000000000 ) ) ;
#697 = CARTESIAN_POINT ( 'NONE',  ( 271.3000000000000682, 1.000000000000000000, 31.84661853126193876 ) ) ;
#698 = CARTESIAN_POINT ( 'NONE',  ( 150.0000000000000000, -6.000000000000000000, 96.00000000000000000 ) ) ;
#699 = DIRECTION ( 'NONE',  ( -0.000000000000000000, 0.000000000000000000, -1.000000000000000000 ) ) ;
#700 = ADVANCED_FACE ( 'NONE', ( #154, #2181 ), #2210, .T. ) ;
#701 = CARTESIAN_POINT ( 'NONE',  ( -60.00000000000000000, -1.000000000000000000, 47.25000000000000000 ) ) ;
#702 = FACE_OUTER_BOUND ( 'NONE', #2023, .T. ) ;
#703 = ORIENTED_EDGE ( 'NONE', *, *, #3282, .T. ) ;
#704 = FACE_BOUND ( 'NONE', #487, .T. ) ;
#705 = DIRECTION ( 'NONE',  ( -0.000000000000000000, 0.000000000000000000, -1.000000000000000000 ) ) ;
#706 = LINE ( 'NONE', #3346, #3187 ) ;
#707 = CIRCLE ( 'NONE', #1905, 2.099999999999997868 ) ;
#708 = ORIENTED_EDGE ( 'NONE', *, *, #3339, .T. ) ;
#709 = ORIENTED_EDGE ( 'NONE', *, *, #40, .T. ) ;
#710 = VECTOR ( 'NONE', #3212, 1000.000000000000000 ) ;
#711 = LINE ( 'NONE', #2074, #3734 ) ;
#712 = ORIENTED_EDGE ( 'NONE', *, *, #4333, .F. ) ;
#713 = ORIENTED_EDGE ( 'NONE', *, *, #36, .F. ) ;
#714 = PERSON_AND_ORGANIZATION_ROLE ( 'classification_officer' ) ;
#715 = CIRCLE ( 'NONE', #3173, 1.600000000000004086 ) ;
#716 = CARTESIAN_POINT ( 'NONE',  ( -229.9999999999999716, -3.000000000000000000, 96.00000000000000000 ) ) ;
#717 = CARTESIAN_POINT ( 'NONE',  ( -177.5000000000000000, -1.000000000000000000, 20.00000000000000000 ) ) ;
#718 = FACE_OUTER_BOUND ( 'NONE', #3518, .T. ) ;
#719 = FACE_OUTER_BOUND ( 'NONE', #3975, .T. ) ;
#720 = EDGE_CURVE ( 'NONE', #1174, #2975, #3199, .T. ) ;
#721 = AXIS2_PLACEMENT_3D ( 'NONE', #51, #2057, #1393 ) ;
#722 = CARTESIAN_POINT ( 'NONE',  ( 164.9999999999999716, -3.000000000000000000, 96.00000000000000000 ) ) ;
#723 = DIRECTION ( 'NONE',  ( -0.000000000000000000, 1.000000000000000000, 0.000000000000000000 ) ) ;
#724 = AXIS2_PLACEMENT_3D ( 'NONE', #353, #3762, #2009 ) ;
#725 = DIRECTION ( 'NONE',  ( 1.000000000000000000, 0.000000000000000000, 0.000000000000000000 ) ) ;
#726 = VERTEX_POINT ( 'NONE', #2844 ) ;
#727 = AXIS2_PLACEMENT_3D ( 'NONE', #667, #1318, #2331 ) ;
#728 = CARTESIAN_POINT ( 'NONE',  ( -271.3000000000000682, 0.000000000000000000, 30.00000000000000000 ) ) ;
#729 = DIRECTION ( 'NONE',  ( 0.000000000000000000, 0.000000000000000000, 1.000000000000000000 ) ) ;
#730 = VECTOR ( 'NONE', #3563, 1000.000000000000000 ) ;
#731 = DIRECTION ( 'NONE',  ( 0.000000000000000000, 0.000000000000000000, 1.000000000000000000 ) ) ;
#732 = ORIENTED_EDGE ( 'NONE', *, *, #437, .F. ) ;
#733 = VERTEX_POINT ( 'NONE', #3150 ) ;
#734 = VERTEX_POINT ( 'NONE', #3548 ) ;
#735 = AXIS2_PLACEMENT_3D ( 'NONE', #3770, #1073, #1732 ) ;
#736 = DIRECTION ( 'NONE',  ( -1.000000000000000000, 0.000000000000000000, 0.000000000000000000 ) ) ;
#737 = ORIENTED_EDGE ( 'NONE', *, *, #4330, .F. ) ;
#738 = ORIENTED_EDGE ( 'NONE', *, *, #3557, .T. ) ;
#739 = DIRECTION ( 'NONE',  ( 1.000000000000000000, 0.000000000000000000, 0.000000000000000000 ) ) ;
#740 = CARTESIAN_POINT ( 'NONE',  ( -271.3000000000000682, 1.000000000000000000, 78.15338146873806124 ) ) ;
#741 = CYLINDRICAL_SURFACE ( 'NONE', #1317, 2.099999999999997868 ) ;
#742 = CARTESIAN_POINT ( 'NONE',  ( -271.3000000000000682, 0.000000000000000000, 30.00000000000000000 ) ) ;
#743 = CARTESIAN_POINT ( 'NONE',  ( 229.9999999999999716, -6.000000000000000000, 96.00000000000000000 ) ) ;
#744 = DIRECTION ( 'NONE',  ( 0.000000000000000000, 0.000000000000000000, -1.000000000000000000 ) ) ;
#745 = CARTESIAN_POINT ( 'NONE',  ( 258.9000000000000341, 0.000000000000000000, 80.00000000000000000 ) ) ;
#746 = DIRECTION ( 'NONE',  ( 0.000000000000000000, 1.000000000000000000, 0.000000000000000000 ) ) ;
#747 = ORIENTED_EDGE ( 'NONE', *, *, #2520, .T. ) ;
#748 = DIRECTION ( 'NONE',  ( 0.000000000000000000, -1.000000000000000000, -0.000000000000000000 ) ) ;
#749 = EDGE_CURVE ( 'NONE', #4081, #517, #4170, .T. ) ;
#750 = ADVANCED_FACE ( 'NONE', ( #1453 ), #3844, .F. ) ;
#751 = DIRECTION ( 'NONE',  ( 0.000000000000000000, 0.000000000000000000, 1.000000000000000000 ) ) ;
#752 = DIRECTION ( 'NONE',  ( 0.000000000000000000, 0.000000000000000000, -1.000000000000000000 ) ) ;
#753 = ORIENTED_EDGE ( 'NONE', *, *, #240, .T. ) ;
#754 = ORIENTED_EDGE ( 'NONE', *, *, #3645, .T. ) ;
#755 = ORIENTED_EDGE ( 'NONE', *, *, #3717, .T. ) ;
#756 = EDGE_CURVE ( 'NONE', #418, #4127, #1569, .T. ) ;
#757 = DIRECTION ( 'NONE',  ( -0.000000000000000000, 0.000000000000000000, -1.000000000000000000 ) ) ;
#758 = VERTEX_POINT ( 'NONE', #178 ) ;
#759 = ORIENTED_EDGE ( 'NONE', *, *, #946, .F. ) ;
#760 = APPROVAL_ROLE ( '' ) ;
#761 = DIRECTION ( 'NONE',  ( -0.000000000000000000, 1.000000000000000000, 0.000000000000000000 ) ) ;
#762 = LINE ( 'NONE', #2427, #4216 ) ;
#763 = EDGE_CURVE ( 'NONE', #734, #2532, #1542, .T. ) ;
#764 = VECTOR ( 'NONE', #3269, 1000.000000000000000 ) ;
#765 = DIRECTION ( 'NONE',  ( 0.000000000000000000, -1.000000000000000000, -0.000000000000000000 ) ) ;
#766 = DIRECTION ( 'NONE',  ( 0.000000000000000000, 0.000000000000000000, -1.000000000000000000 ) ) ;
#767 = DIRECTION ( 'NONE',  ( 0.000000000000000000, -1.000000000000000000, -0.000000000000000000 ) ) ;
#768 = DIRECTION ( 'NONE',  ( 0.000000000000000000, 0.000000000000000000, -1.000000000000000000 ) ) ;
#769 = CARTESIAN_POINT ( 'NONE',  ( 229.9999999999999716, 0.000000000000000000, 108.0000000000000000 ) ) ;
#770 = ORIENTED_EDGE ( 'NONE', *, *, #4257, .F. ) ;
#771 = CARTESIAN_POINT ( 'NONE',  ( -77.00000000000000000, -1.399999999999999911, 91.59999999999999432 ) ) ;
#772 = CARTESIAN_POINT ( 'NONE',  ( -259.5000000000000000, -1.399999999999999911, 91.59999999999999432 ) ) ;
#773 = EDGE_LOOP ( 'NONE', ( #1475, #4342 ) ) ;
#774 = AXIS2_PLACEMENT_3D ( 'NONE', #1644, #2606, #2985 ) ;
#775 = EDGE_CURVE ( 'NONE', #2918, #1278, #779, .T. ) ;
#776 = ORIENTED_EDGE ( 'NONE', *, *, #1853, .T. ) ;
#777 = VERTEX_POINT ( 'NONE', #870 ) ;
#778 = CIRCLE ( 'NONE', #3859, 2.099999999999990763 ) ;
#779 = LINE ( 'NONE', #4125, #4007 ) ;
#780 = ORIENTED_EDGE ( 'NONE', *, *, #368, .T. ) ;
#781 = ORIENTED_EDGE ( 'NONE', *, *, #4064, .F. ) ;
#782 = EDGE_CURVE ( 'NONE', #3194, #1457, #3175, .T. ) ;
#783 = VECTOR ( 'NONE', #3776, 1000.000000000000000 ) ;
#784 = CARTESIAN_POINT ( 'NONE',  ( -35.00000000000000000, -3.000000000000000000, 108.5000000000000000 ) ) ;
#785 = PLANE ( 'NONE',  #1990 ) ;
#786 = DIRECTION ( 'NONE',  ( -0.000000000000000000, -0.000000000000000000, -1.000000000000000000 ) ) ;
#787 = VECTOR ( 'NONE', #1140, 1000.000000000000000 ) ;
#788 = CARTESIAN_POINT ( 'NONE',  ( 68.00000000000000000, -1.000000000000000000, 45.00000000000000000 ) ) ;
#789 = DIRECTION ( 'NONE',  ( -1.000000000000000000, -0.000000000000000000, 0.000000000000000000 ) ) ;
#790 = DIRECTION ( 'NONE',  ( -0.000000000000000000, 0.000000000000000000, -1.000000000000000000 ) ) ;
#791 = VECTOR ( 'NONE', #3092, 1000.000000000000000 ) ;
#792 = ORIENTED_EDGE ( 'NONE', *, *, #3925, .T. ) ;
#793 = DIRECTION ( 'NONE',  ( 0.000000000000000000, 0.000000000000000000, 1.000000000000000000 ) ) ;
#794 = VECTOR ( 'NONE', #3977, 1000.000000000000000 ) ;
#795 = CARTESIAN_POINT ( 'NONE',  ( 245.0000000000000000, -3.000000000000000000, 95.70000000000000284 ) ) ;
#796 = ORIENTED_EDGE ( 'NONE', *, *, #3458, .T. ) ;
#797 = VECTOR ( 'NONE', #1459, 1000.000000000000000 ) ;
#798 = VERTEX_POINT ( 'NONE', #3805 ) ;
#799 = VERTEX_POINT ( 'NONE', #802 ) ;
#800 = CIRCLE ( 'NONE', #943, 2.100000000000004530 ) ;
#801 = EDGE_CURVE ( 'NONE', #1603, #4051, #1811, .T. ) ;
#802 = CARTESIAN_POINT ( 'NONE',  ( -47.90000000000000568, -3.000000000000000000, 96.00000000000000000 ) ) ;
#803 = ORIENTED_EDGE ( 'NONE', *, *, #1331, .T. ) ;
#804 = ORIENTED_EDGE ( 'NONE', *, *, #3629, .T. ) ;
#805 = AXIS2_PLACEMENT_3D ( 'NONE', #1734, #3075, #1802 ) ;
#806 = CARTESIAN_POINT ( 'NONE',  ( -163.0000000000000000, 1.000000000000000222, 20.00000000000000000 ) ) ;
#807 = CARTESIAN_POINT ( 'NONE',  ( 271.3000000000000682, -1.000000000000000000, 28.15338146873806124 ) ) ;
#808 = CARTESIAN_POINT ( 'NONE',  ( -258.9000000000000341, -1.000000000000000000, 0.000000000000000000 ) ) ;
#809 = DIRECTION ( 'NONE',  ( 0.000000000000000000, 1.000000000000000000, 0.000000000000000000 ) ) ;
#810 = CYLINDRICAL_SURFACE ( 'NONE', #1901, 2.100000000000004530 ) ;
#811 = DIRECTION ( 'NONE',  ( 1.000000000000000000, 0.000000000000000000, 0.000000000000000000 ) ) ;
#812 = EDGE_CURVE ( 'NONE', #3381, #4254, #3912, .T. ) ;
#813 = EDGE_CURVE ( 'NONE', #343, #586, #1900, .T. ) ;
#814 = EDGE_LOOP ( 'NONE', ( #1063, #2026, #997, #2445 ) ) ;
#815 = CARTESIAN_POINT ( 'NONE',  ( -177.5000000000000000, 1.000000000000000222, 91.59999999999999432 ) ) ;
#816 = ADVANCED_FACE ( 'NONE', ( #1927 ), #2273, .T. ) ;
#817 = CARTESIAN_POINT ( 'NONE',  ( -35.00000000000000000, -1.000000000000000000, 0.000000000000000000 ) ) ;
#818 = EDGE_LOOP ( 'NONE', ( #62, #3129, #2467, #1498, #4295, #1726 ) ) ;
#819 = ORIENTED_EDGE ( 'NONE', *, *, #27, .F. ) ;
#820 = CARTESIAN_POINT ( 'NONE',  ( -259.5000000000000000, -1.399999999999999911, 20.00000000000000000 ) ) ;
#821 = EDGE_LOOP ( 'NONE', ( #3795, #912, #859, #2066 ) ) ;
#822 = VERTEX_POINT ( 'NONE', #1300 ) ;
#823 = ORIENTED_EDGE ( 'NONE', *, *, #206, .T. ) ;
#824 = LINE ( 'NONE', #3504, #1253 ) ;
#825 = EDGE_CURVE ( 'NONE', #3974, #4122, #3387, .T. ) ;
#826 = DIRECTION ( 'NONE',  ( 0.000000000000000000, 0.000000000000000000, 1.000000000000000000 ) ) ;
#827 = LINE ( 'NONE', #3529, #3254 ) ;
#828 = FACE_OUTER_BOUND ( 'NONE', #3688, .T. ) ;
#829 = EDGE_CURVE ( 'NONE', #1829, #2211, #1613, .T. ) ;
#830 = FACE_OUTER_BOUND ( 'NONE', #1637, .T. ) ;
#831 = VECTOR ( 'NONE', #3918, 1000.000000000000000 ) ;
#832 = EDGE_CURVE ( 'NONE', #4144, #3680, #1572, .T. ) ;
#833 = CARTESIAN_POINT ( 'NONE',  ( 258.9000000000000341, 1.000000000000000000, 0.000000000000000000 ) ) ;
#834 = ORIENTED_EDGE ( 'NONE', *, *, #2329, .F. ) ;
#835 = CIRCLE ( 'NONE', #906, 1.600000000000004086 ) ;
#836 = EDGE_CURVE ( 'NONE', #1510, #2328, #2974, .T. ) ;
#837 = ORIENTED_EDGE ( 'NONE', *, *, #3301, .T. ) ;
#838 = LINE ( 'NONE', #2172, #2186 ) ;
#839 = LINE ( 'NONE', #1825, #163 ) ;
#840 = VERTEX_POINT ( 'NONE', #1946 ) ;
#841 = VERTEX_POINT ( 'NONE', #1962 ) ;
#842 = ORIENTED_EDGE ( 'NONE', *, *, #1103, .T. ) ;
#843 = DIRECTION ( 'NONE',  ( -1.000000000000000000, 0.000000000000000000, 0.000000000000000000 ) ) ;
#844 = DIRECTION ( 'NONE',  ( 0.000000000000000000, 0.000000000000000000, 1.000000000000000000 ) ) ;
#845 = ORIENTED_EDGE ( 'NONE', *, *, #27, .T. ) ;
#846 = ORIENTED_EDGE ( 'NONE', *, *, #3963, .T. ) ;
#847 = ORIENTED_EDGE ( 'NONE', *, *, #2243, .F. ) ;
#848 = AXIS2_PLACEMENT_3D ( 'NONE', #2239, #1250, #3558 ) ;
#849 = CYLINDRICAL_SURFACE ( 'NONE', #1955, 1.600000000000000755 ) ;
#850 = CARTESIAN_POINT ( 'NONE',  ( -60.00000000000000000, 1.000000000000000222, 45.00000000000000000 ) ) ;
#851 = FACE_OUTER_BOUND ( 'NONE', #311, .T. ) ;
#852 = FACE_OUTER_BOUND ( 'NONE', #4138, .T. ) ;
#853 = AXIS2_PLACEMENT_3D ( 'NONE', #403, #1749, #1703 ) ;
#854 = PLANE ( 'NONE',  #3161 ) ;
#855 = FACE_OUTER_BOUND ( 'NONE', #1834, .T. ) ;
#856 = EDGE_CURVE ( 'NONE', #3106, #539, #583, .T. ) ;
#857 = ORIENTED_EDGE ( 'NONE', *, *, #1712, .T. ) ;
#858 = VECTOR ( 'NONE', #723, 1000.000000000000000 ) ;
#859 = ORIENTED_EDGE ( 'NONE', *, *, #2381, .T. ) ;
#860 = FACE_BOUND ( 'NONE', #3956, .T. ) ;
#861 = AXIS2_PLACEMENT_3D ( 'NONE', #1640, #4263, #917 ) ;
#862 = CARTESIAN_POINT ( 'NONE',  ( 245.0000000000000000, -3.000000000000000000, 108.5000000000000000 ) ) ;
#863 = CARTESIAN_POINT ( 'NONE',  ( -259.5000000000000000, 1.000000000000000222, 18.39999999999999858 ) ) ;
#864 = ORIENTED_EDGE ( 'NONE', *, *, #2559, .T. ) ;
#865 = AXIS2_PLACEMENT_3D ( 'NONE', #186, #2236, #4246 ) ;
#866 = ORIENTED_EDGE ( 'NONE', *, *, #2364, .F. ) ;
#867 = DIRECTION ( 'NONE',  ( 0.000000000000000000, 0.000000000000000000, 1.000000000000000000 ) ) ;
#868 = EDGE_CURVE ( 'NONE', #3142, #1677, #892, .T. ) ;
#869 = VECTOR ( 'NONE', #3996, 1000.000000000000000 ) ;
#870 = CARTESIAN_POINT ( 'NONE',  ( -229.9999999999999716, 0.000000000000000000, 108.5000000000000000 ) ) ;
#871 = VERTEX_POINT ( 'NONE', #3614 ) ;
#872 = EDGE_LOOP ( 'NONE', ( #151, #1735, #1060, #286 ) ) ;
#873 = ORIENTED_EDGE ( 'NONE', *, *, #4330, .T. ) ;
#874 = CIRCLE ( 'NONE', #3605, 2.100000000000004530 ) ;
#875 = CARTESIAN_POINT ( 'NONE',  ( -177.5000000000000000, -1.399999999999999911, 20.00000000000000000 ) ) ;
#876 = EDGE_CURVE ( 'NONE', #1662, #1916, #1222, .T. ) ;
#877 = CARTESIAN_POINT ( 'NONE',  ( -229.9999999999999716, -1.000000000000000000, 0.000000000000000000 ) ) ;
#878 = PLANE ( 'NONE',  #1919 ) ;
#879 = VECTOR ( 'NONE', #3453, 1000.000000000000000 ) ;
#880 = DIRECTION ( 'NONE',  ( -1.000000000000000000, -0.000000000000000000, 0.000000000000000000 ) ) ;
#881 = DIRECTION ( 'NONE',  ( 1.000000000000000000, 0.000000000000000000, 0.000000000000000000 ) ) ;
#882 = DIRECTION ( 'NONE',  ( 0.000000000000000000, -1.000000000000000000, 0.000000000000000000 ) ) ;
#883 = ADVANCED_FACE ( 'NONE', ( #911 ), #4276, .T. ) ;
#884 = ORIENTED_EDGE ( 'NONE', *, *, #2520, .F. ) ;
#885 = ORIENTED_EDGE ( 'NONE', *, *, #1209, .F. ) ;
#886 = FACE_BOUND ( 'NONE', #1399, .T. ) ;
#887 = CARTESIAN_POINT ( 'NONE',  ( 0.000000000000000000, -1.000000000000000000, 95.70000000000000284 ) ) ;
#888 = CARTESIAN_POINT ( 'NONE',  ( -229.9999999999999716, -3.000000000000000000, 108.5000000000000000 ) ) ;
#889 = ORIENTED_EDGE ( 'NONE', *, *, #4008, .F. ) ;
#890 = CARTESIAN_POINT ( 'NONE',  ( 150.0000000000000000, -6.000000000000000000, 108.5000000000000000 ) ) ;
#891 = EDGE_CURVE ( 'NONE', #1500, #1157, #2271, .T. ) ;
#892 = LINE ( 'NONE', #2951, #153 ) ;
#893 = EDGE_LOOP ( 'NONE', ( #3234, #3569, #398, #713 ) ) ;
#894 = ORIENTED_EDGE ( 'NONE', *, *, #1199, .F. ) ;
#895 = ORIENTED_EDGE ( 'NONE', *, *, #670, .T. ) ;
#896 = ADVANCED_FACE ( 'NONE', ( #2560 ), #1984, .F. ) ;
#897 = CARTESIAN_POINT ( 'NONE',  ( 87.00000000000001421, 1.000000000000000222, 90.00000000000000000 ) ) ;
#898 = CARTESIAN_POINT ( 'NONE',  ( 65.00000000000000000, 0.000000000000000000, 108.5000000000000000 ) ) ;
#899 = CARTESIAN_POINT ( 'NONE',  ( 87.00000000000001421, 1.000000000000000222, 21.60000000000000142 ) ) ;
#900 = DIRECTION ( 'NONE',  ( -0.000000000000000000, 1.000000000000000000, 0.000000000000000000 ) ) ;
#901 = CARTESIAN_POINT ( 'NONE',  ( -50.00000000000000000, -3.000000000000000000, 96.00000000000000000 ) ) ;
#902 = CARTESIAN_POINT ( 'NONE',  ( -177.5000000000000000, 1.000000000000000222, 90.00000000000000000 ) ) ;
#903 = ORIENTED_EDGE ( 'NONE', *, *, #3358, .F. ) ;
#904 = VECTOR ( 'NONE', #1158, 1000.000000000000000 ) ;
#905 = CARTESIAN_POINT ( 'NONE',  ( 259.0000000000000000, -1.000000000000000000, 18.39999999999999858 ) ) ;
#906 = AXIS2_PLACEMENT_3D ( 'NONE', #939, #2011, #2280 ) ;
#907 = CARTESIAN_POINT ( 'NONE',  ( -135.0000000000000000, -6.000000000000000000, 96.00000000000000000 ) ) ;
#908 = DIRECTION ( 'NONE',  ( 0.000000000000000000, -1.000000000000000000, -0.000000000000000000 ) ) ;
#909 = ORIENTED_EDGE ( 'NONE', *, *, #1917, .F. ) ;
#910 = DIRECTION ( 'NONE',  ( -0.000000000000000000, 1.000000000000000000, 0.000000000000000000 ) ) ;
#911 = FACE_OUTER_BOUND ( 'NONE', #2579, .T. ) ;
#912 = ORIENTED_EDGE ( 'NONE', *, *, #3682, .F. ) ;
#913 = ADVANCED_FACE ( 'NONE', ( #2933 ), #2578, .T. ) ;
#914 = ORIENTED_EDGE ( 'NONE', *, *, #775, .F. ) ;
#915 = ORIENTED_EDGE ( 'NONE', *, *, #534, .F. ) ;
#916 = DIRECTION ( 'NONE',  ( 0.000000000000000000, 0.000000000000000000, -1.000000000000000000 ) ) ;
#917 = DIRECTION ( 'NONE',  ( 0.000000000000000000, 0.000000000000000000, -1.000000000000000000 ) ) ;
#918 = LINE ( 'NONE', #1993, #2652 ) ;
#919 = AXIS2_PLACEMENT_3D ( 'NONE', #2902, #570, #1557 ) ;
#920 = DIRECTION ( 'NONE',  ( 0.000000000000000000, 1.000000000000000000, 0.000000000000000000 ) ) ;
#921 = CARTESIAN_POINT ( 'NONE',  ( 135.0000000000000000, -6.000000000000000000, 96.00000000000000000 ) ) ;
#922 = VECTOR ( 'NONE', #3698, 1000.000000000000000 ) ;
#923 = VERTEX_POINT ( 'NONE', #4258 ) ;
#924 = CIRCLE ( 'NONE', #2321, 2.099999999999997868 ) ;
#925 = FACE_BOUND ( 'NONE', #649, .T. ) ;
#926 = CARTESIAN_POINT ( 'NONE',  ( -79.99999999999998579, 0.000000000000000000, 84.99999999999998579 ) ) ;
#927 = VECTOR ( 'NONE', #3533, 1000.000000000000000 ) ;
#928 = CARTESIAN_POINT ( 'NONE',  ( 259.0000000000000000, 1.000000000000000222, 20.00000000000000000 ) ) ;
#929 = ORIENTED_EDGE ( 'NONE', *, *, #1561, .T. ) ;
#930 = DIRECTION ( 'NONE',  ( 0.000000000000000000, 1.000000000000000000, 0.000000000000000000 ) ) ;
#931 = LINE ( 'NONE', #38, #3042 ) ;
#932 = ORIENTED_EDGE ( 'NONE', *, *, #372, .T. ) ;
#933 = ORIENTED_EDGE ( 'NONE', *, *, #2502, .F. ) ;
#934 = ORIENTED_EDGE ( 'NONE', *, *, #3032, .T. ) ;
#935 = EDGE_CURVE ( 'NONE', #468, #1963, #973, .T. ) ;
#936 = DIRECTION ( 'NONE',  ( -0.000000000000000000, -0.000000000000000000, -1.000000000000000000 ) ) ;
#937 = VECTOR ( 'NONE', #1409, 1000.000000000000000 ) ;
#938 = CYLINDRICAL_SURFACE ( 'NONE', #861, 2.100000000000004530 ) ;
#939 = CARTESIAN_POINT ( 'NONE',  ( -177.5000000000000000, -1.000000000000000000, 90.00000000000000000 ) ) ;
#940 = AXIS2_PLACEMENT_3D ( 'NONE', #1656, #1738, #1056 ) ;
#941 = DIRECTION ( 'NONE',  ( -0.000000000000000000, -0.000000000000000000, -1.000000000000000000 ) ) ;
#942 = DIRECTION ( 'NONE',  ( 0.000000000000000000, 0.000000000000000000, -1.000000000000000000 ) ) ;
#943 = AXIS2_PLACEMENT_3D ( 'NONE', #1334, #3669, #948 ) ;
#944 = EDGE_LOOP ( 'NONE', ( #803, #3821, #4102, #179 ) ) ;
#945 = CIRCLE ( 'NONE', #3397, 2.250000000000001776 ) ;
#946 = EDGE_CURVE ( 'NONE', #3670, #216, #309, .T. ) ;
#947 = FACE_BOUND ( 'NONE', #1388, .T. ) ;
#948 = DIRECTION ( 'NONE',  ( 0.000000000000000000, 0.000000000000000000, -1.000000000000000000 ) ) ;
#949 = DIRECTION ( 'NONE',  ( 0.000000000000000000, 1.000000000000000000, 0.000000000000000000 ) ) ;
#950 = ORIENTED_EDGE ( 'NONE', *, *, #412, .T. ) ;
#952 = EDGE_CURVE ( 'NONE', #1410, #1631, #931, .T. ) ;
#951 = CARTESIAN_POINT ( 'NONE',  ( -135.0000000000000000, -3.000000000000000000, 108.5000000000000000 ) ) ;
#953 = DIRECTION ( 'NONE',  ( 0.000000000000000000, -1.000000000000000000, -0.000000000000000000 ) ) ;
#954 = ORIENTED_EDGE ( 'NONE', *, *, #763, .T. ) ;
#955 = ORIENTED_EDGE ( 'NONE', *, *, #52, .T. ) ;
#956 = ORIENTED_EDGE ( 'NONE', *, *, #2684, .F. ) ;
#957 = CYLINDRICAL_SURFACE ( 'NONE', #1219, 1.600000000000004086 ) ;
#958 = ORIENTED_EDGE ( 'NONE', *, *, #2547, .T. ) ;
#959 =( LENGTH_UNIT ( ) NAMED_UNIT ( * ) SI_UNIT ( .MILLI., .METRE. ) );
#960 = CARTESIAN_POINT ( 'NONE',  ( 260.0000000000000000, -1.000000000000000000, 0.000000000000000000 ) ) ;
#961 = EDGE_CURVE ( 'NONE', #3076, #67, #660, .T. ) ;
#962 = PLANE ( 'NONE',  #1979 ) ;
#963 = ORIENTED_EDGE ( 'NONE', *, *, #2586, .T. ) ;
#964 = ADVANCED_FACE ( 'NONE', ( #2658 ), #18, .T. ) ;
#965 = EDGE_CURVE ( 'NONE', #3086, #246, #2332, .T. ) ;
#966 = CYLINDRICAL_SURFACE ( 'NONE', #284, 1.600000000000004086 ) ;
#967 = DIRECTION ( 'NONE',  ( -0.000000000000000000, 1.000000000000000000, 0.000000000000000000 ) ) ;
#968 = DIRECTION ( 'NONE',  ( -0.000000000000000000, 0.000000000000000000, -1.000000000000000000 ) ) ;
#969 = ORIENTED_EDGE ( 'NONE', *, *, #4278, .T. ) ;
#970 = DIRECTION ( 'NONE',  ( 0.000000000000000000, 0.000000000000000000, -1.000000000000000000 ) ) ;
#971 = AXIS2_PLACEMENT_3D ( 'NONE', #2602, #936, #1264 ) ;
#972 = CARTESIAN_POINT ( 'NONE',  ( 245.0000000000000000, -3.000000000000000000, 95.70000000000000284 ) ) ;
#973 = LINE ( 'NONE', #3568, #2832 ) ;
#974 = ORIENTED_EDGE ( 'NONE', *, *, #1743, .T. ) ;
#975 = APPROVAL_PERSON_ORGANIZATION ( #3742, #2715, #2688 ) ;
#976 = VERTEX_POINT ( 'NONE', #3038 ) ;
#977 = ORIENTED_EDGE ( 'NONE', *, *, #2787, .T. ) ;
#978 = CARTESIAN_POINT ( 'NONE',  ( -163.0000000000000000, -1.399999999999999911, 21.60000000000000142 ) ) ;
#979 = ORIENTED_EDGE ( 'NONE', *, *, #3015, .F. ) ;
#980 = LINE ( 'NONE', #656, #1038 ) ;
#981 = DIRECTION ( 'NONE',  ( 0.000000000000000000, 0.000000000000000000, 1.000000000000000000 ) ) ;
#982 = CARTESIAN_POINT ( 'NONE',  ( 259.0000000000000000, -1.399999999999999911, 21.60000000000000142 ) ) ;
#983 = PERSON ( '未', '未', '未', ('未'), ('未'), ('未') ) ;
#984 = VECTOR ( 'NONE', #2342, 1000.000000000000000 ) ;
#985 = CARTESIAN_POINT ( 'NONE',  ( 271.0000000000000000, 1.000000000000000000, 78.15338146873806124 ) ) ;
#986 = VECTOR ( 'NONE', #992, 1000.000000000000000 ) ;
#987 = ADVANCED_FACE ( 'NONE', ( #4054 ), #1696, .F. ) ;
#988 = CARTESIAN_POINT ( 'NONE',  ( -163.0000000000000000, 1.000000000000000222, 90.00000000000000000 ) ) ;
#989 = VECTOR ( 'NONE', #1068, 1000.000000000000000 ) ;
#990 = CIRCLE ( 'NONE', #2670, 2.099999999999990763 ) ;
#991 = VERTEX_POINT ( 'NONE', #1675 ) ;
#992 = DIRECTION ( 'NONE',  ( 0.000000000000000000, 0.000000000000000000, -1.000000000000000000 ) ) ;
#993 = AXIS2_PLACEMENT_3D ( 'NONE', #2801, #3719, #2100 ) ;
#994 = CARTESIAN_POINT ( 'NONE',  ( -177.5000000000000000, 1.000000000000000222, 18.39999999999999858 ) ) ;
#995 = CARTESIAN_POINT ( 'NONE',  ( -259.5000000000000000, -1.399999999999999911, 90.00000000000000000 ) ) ;
#996 = ORIENTED_EDGE ( 'NONE', *, *, #3273, .T. ) ;
#997 = ORIENTED_EDGE ( 'NONE', *, *, #592, .T. ) ;
#998 = EDGE_CURVE ( 'NONE', #535, #3086, #1379, .T. ) ;
#999 = AXIS2_PLACEMENT_3D ( 'NONE', #3657, #567, #2259 ) ;
#1000 = CARTESIAN_POINT ( 'NONE',  ( -177.5000000000000000, -1.000000000000000000, 21.60000000000000142 ) ) ;
#1001 = ORIENTED_EDGE ( 'NONE', *, *, #1199, .T. ) ;
#1002 = DIRECTION ( 'NONE',  ( 0.000000000000000000, 0.000000000000000000, 1.000000000000000000 ) ) ;
#1003 = LINE ( 'NONE', #2628, #2882 ) ;
#1004 = AXIS2_PLACEMENT_3D ( 'NONE', #820, #2158, #3500 ) ;
#1005 = DIRECTION ( 'NONE',  ( 0.000000000000000000, -1.000000000000000000, -0.000000000000000000 ) ) ;
#1006 = EDGE_CURVE ( 'NONE', #2159, #3194, #874, .T. ) ;
#1007 = CARTESIAN_POINT ( 'NONE',  ( 0.000000000000000000, -1.000000000000000000, 108.0000000000000000 ) ) ;
#1008 = AXIS2_PLACEMENT_3D ( 'NONE', #3363, #2640, #3972 ) ;
#1009 = DIRECTION ( 'NONE',  ( -0.000000000000000000, 0.000000000000000000, -1.000000000000000000 ) ) ;
#1010 = CIRCLE ( 'NONE', #2411, 1.600000000000000755 ) ;
#1011 = EDGE_CURVE ( 'NONE', #1631, #2978, #706, .T. ) ;
#1012 = CARTESIAN_POINT ( 'NONE',  ( -245.0000000000000000, -6.000000000000000000, 108.5000000000000000 ) ) ;
#1013 = VECTOR ( 'NONE', #2080, 1000.000000000000000 ) ;
#1014 = ORIENTED_EDGE ( 'NONE', *, *, #101, .F. ) ;
#1015 = FACE_BOUND ( 'NONE', #378, .T. ) ;
#1016 = DIRECTION ( 'NONE',  ( 0.000000000000000000, 0.000000000000000000, 1.000000000000000000 ) ) ;
#1017 = CARTESIAN_POINT ( 'NONE',  ( 0.000000000000000000, -1.000000000000000000, 84.99999999999998579 ) ) ;
#1018 = ORIENTED_EDGE ( 'NONE', *, *, #3405, .F. ) ;
#1019 = ADVANCED_FACE ( 'NONE', ( #2005 ), #2994, .F. ) ;
#1020 = ORIENTED_EDGE ( 'NONE', *, *, #52, .F. ) ;
#1021 = FACE_OUTER_BOUND ( 'NONE', #821, .T. ) ;
#1022 = ORIENTED_EDGE ( 'NONE', *, *, #3350, .F. ) ;
#1023 = ADVANCED_FACE ( 'NONE', ( #4318 ), #3013, .F. ) ;
#1024 = DIRECTION ( 'NONE',  ( 0.000000000000000000, 0.000000000000000000, -1.000000000000000000 ) ) ;
#1025 = PLANE ( 'NONE',  #1413 ) ;
#1026 = CARTESIAN_POINT ( 'NONE',  ( -242.9000000000000057, -3.000000000000000000, 95.70000000000000284 ) ) ;
#1027 = FACE_OUTER_BOUND ( 'NONE', #3602, .T. ) ;
#1028 = CC_DESIGN_PERSON_AND_ORGANIZATION_ASSIGNMENT ( #3437, #714, ( #4046 ) ) ;
#1029 = FACE_OUTER_BOUND ( 'NONE', #1574, .T. ) ;
#1030 = DIRECTION ( 'NONE',  ( 0.000000000000000000, 1.000000000000000000, 0.000000000000000000 ) ) ;
#1031 = ORIENTED_EDGE ( 'NONE', *, *, #1006, .F. ) ;
#1032 = FACE_BOUND ( 'NONE', #2434, .T. ) ;
#1033 = APPLICATION_CONTEXT ( 'configuration controlled 3d designs of mechanical parts and assemblies' ) ;
#1034 = CARTESIAN_POINT ( 'NONE',  ( -218.5000000000000000, 0.000000000000000000, 25.00000000000000000 ) ) ;
#1035 = FACE_OUTER_BOUND ( 'NONE', #4104, .T. ) ;
#1036 = ORIENTED_EDGE ( 'NONE', *, *, #2008, .F. ) ;
#1037 = ORIENTED_EDGE ( 'NONE', *, *, #106, .T. ) ;
#1038 = VECTOR ( 'NONE', #4325, 1000.000000000000000 ) ;
#1039 = EDGE_CURVE ( 'NONE', #2931, #170, #3407, .T. ) ;
#1040 = AXIS2_PLACEMENT_3D ( 'NONE', #1326, #4264, #2984 ) ;
#1041 = DIRECTION ( 'NONE',  ( 0.000000000000000000, 0.000000000000000000, 1.000000000000000000 ) ) ;
#1042 = ORIENTED_EDGE ( 'NONE', *, *, #3350, .T. ) ;
#1043 = EDGE_LOOP ( 'NONE', ( #4036, #1101 ) ) ;
#1044 = APPROVAL_DATE_TIME ( #3087, #1808 ) ;
#1045 = LINE ( 'NONE', #3114, #2666 ) ;
#1046 = DIRECTION ( 'NONE',  ( -0.000000000000000000, 1.000000000000000000, 0.000000000000000000 ) ) ;
#1047 = CARTESIAN_POINT ( 'NONE',  ( -160.0000000000000000, -1.000000000000000000, 84.99999999999998579 ) ) ;
#1048 = LINE ( 'NONE', #431, #2677 ) ;
#1049 = LINE ( 'NONE', #1373, #3927 ) ;
#1050 = DIRECTION ( 'NONE',  ( -1.000000000000000000, 0.000000000000000000, 0.000000000000000000 ) ) ;
#1051 = CARTESIAN_POINT ( 'NONE',  ( 87.00000000000001421, -1.399999999999999911, 18.39999999999999858 ) ) ;
#1052 = EDGE_LOOP ( 'NONE', ( #1545, #776, #2866, #1494 ) ) ;
#1053 = VECTOR ( 'NONE', #3532, 1000.000000000000000 ) ;
#1054 = DIRECTION ( 'NONE',  ( 0.000000000000000000, 0.000000000000000000, 1.000000000000000000 ) ) ;
#1055 = DIRECTION ( 'NONE',  ( 0.000000000000000000, 0.000000000000000000, -1.000000000000000000 ) ) ;
#1056 = DIRECTION ( 'NONE',  ( 1.000000000000000000, 0.000000000000000000, 0.000000000000000000 ) ) ;
#1057 = VECTOR ( 'NONE', #2099, 1000.000000000000000 ) ;
#1058 = EDGE_LOOP ( 'NONE', ( #2988, #4193, #1126, #549, #655, #2144, #2808, #3201 ) ) ;
#1059 = VERTEX_POINT ( 'NONE', #4078 ) ;
#1060 = ORIENTED_EDGE ( 'NONE', *, *, #3027, .T. ) ;
#1061 = VECTOR ( 'NONE', #4331, 1000.000000000000000 ) ;
#1062 = CARTESIAN_POINT ( 'NONE',  ( -65.00000000000000000, -6.000000000000000000, 108.5000000000000000 ) ) ;
#1063 = ORIENTED_EDGE ( 'NONE', *, *, #935, .T. ) ;
#1064 = ORIENTED_EDGE ( 'NONE', *, *, #891, .T. ) ;
#1065 = CALENDAR_DATE ( 2026, 29, 8 ) ;
#1066 = AXIS2_PLACEMENT_3D ( 'NONE', #167, #1508, #2497 ) ;
#1067 = FACE_OUTER_BOUND ( 'NONE', #264, .T. ) ;
#1068 = DIRECTION ( 'NONE',  ( -0.000000000000000000, 1.000000000000000000, 0.000000000000000000 ) ) ;
#1069 = VECTOR ( 'NONE', #1240, 1000.000000000000000 ) ;
#1070 = CARTESIAN_POINT ( 'NONE',  ( -181.0000000000000000, 1.000000000000000000, 0.000000000000000000 ) ) ;
#1071 = PLANE ( 'NONE',  #1214 ) ;
#1072 = CIRCLE ( 'NONE', #1345, 2.100000000000004530 ) ;
#1073 = DIRECTION ( 'NONE',  ( 0.000000000000000000, 0.000000000000000000, 1.000000000000000000 ) ) ;
#1074 = LINE ( 'NONE', #409, #2043 ) ;
#1075 = AXIS2_PLACEMENT_3D ( 'NONE', #3220, #515, #2819 ) ;
#1076 = LINE ( 'NONE', #1375, #1088 ) ;
#1077 = EDGE_CURVE ( 'NONE', #1876, #1967, #1288, .T. ) ;
#1078 = ORIENTED_EDGE ( 'NONE', *, *, #1932, .T. ) ;
#1079 = AXIS2_PLACEMENT_3D ( 'NONE', #2228, #2915, #285 ) ;
#1080 = CARTESIAN_POINT ( 'NONE',  ( -271.0000000000000000, -1.000000000000000000, 28.15338146873806124 ) ) ;
#1081 = CARTESIAN_POINT ( 'NONE',  ( 271.0000000000000000, -1.000000000000000000, 28.15338146873806124 ) ) ;
#1082 = AXIS2_PLACEMENT_3D ( 'NONE', #988, #2929, #323 ) ;
#1083 = CARTESIAN_POINT ( 'NONE',  ( 87.00000000000001421, 1.000000000000000222, 90.00000000000000000 ) ) ;
#1084 = ORIENTED_EDGE ( 'NONE', *, *, #312, .T. ) ;
#1085 = ADVANCED_FACE ( 'NONE', ( #2089, #1035 ), #1718, .T. ) ;
#1086 = VERTEX_POINT ( 'NONE', #2022 ) ;
#1087 = ORIENTED_EDGE ( 'NONE', *, *, #2848, .F. ) ;
#1088 = VECTOR ( 'NONE', #410, 1000.000000000000000 ) ;
#1089 = FACE_OUTER_BOUND ( 'NONE', #3616, .T. ) ;
#1090 = ORIENTED_EDGE ( 'NONE', *, *, #1680, .F. ) ;
#1091 = ORIENTED_EDGE ( 'NONE', *, *, #2767, .T. ) ;
#1092 = COORDINATED_UNIVERSAL_TIME_OFFSET ( 8, 0, .AHEAD. ) ;
#1093 = LINE ( 'NONE', #2864, #3582 ) ;
#1094 = CARTESIAN_POINT ( 'NONE',  ( 260.0000000000000000, 0.000000000000000000, 108.0000000000000000 ) ) ;
#1095 = DIRECTION ( 'NONE',  ( 0.000000000000000000, -1.000000000000000000, -0.000000000000000000 ) ) ;
#1096 = DIRECTION ( 'NONE',  ( 0.000000000000000000, 1.000000000000000000, 0.000000000000000000 ) ) ;
#1097 = LINE ( 'NONE', #2150, #2176 ) ;
#1098 = DIRECTION ( 'NONE',  ( 0.000000000000000000, -0.000000000000000000, 1.000000000000000000 ) ) ;
#1099 = EDGE_CURVE ( 'NONE', #4195, #1381, #327, .T. ) ;
#1100 = CARTESIAN_POINT ( 'NONE',  ( 50.00000000000000000, -3.000000000000000000, 95.70000000000000284 ) ) ;
#1101 = ORIENTED_EDGE ( 'NONE', *, *, #2329, .T. ) ;
#1102 = DIRECTION ( 'NONE',  ( 0.000000000000000000, 1.000000000000000000, 0.000000000000000000 ) ) ;
#1103 = EDGE_CURVE ( 'NONE', #4100, #733, #3364, .T. ) ;
#1104 = DIRECTION ( 'NONE',  ( 0.000000000000000000, 1.000000000000000000, 0.000000000000000000 ) ) ;
#1105 = ORIENTED_EDGE ( 'NONE', *, *, #829, .T. ) ;
#1106 = ORIENTED_EDGE ( 'NONE', *, *, #2145, .T. ) ;
#1107 = ORIENTED_EDGE ( 'NONE', *, *, #3984, .F. ) ;
#1108 = DIRECTION ( 'NONE',  ( 0.000000000000000000, 0.000000000000000000, 1.000000000000000000 ) ) ;
#1109 = VERTEX_POINT ( 'NONE', #3691 ) ;
#1110 = CIRCLE ( 'NONE', #195, 2.100000000000000977 ) ;
#1111 = ORIENTED_EDGE ( 'NONE', *, *, #1740, .F. ) ;
#1112 = DATE_AND_TIME ( #1389, #2441 ) ;
#1113 = LINE ( 'NONE', #429, #1481 ) ;
#1114 = LINE ( 'NONE', #807, #4011 ) ;
#1115 = FACE_OUTER_BOUND ( 'NONE', #2140, .T. ) ;
#1116 = CARTESIAN_POINT ( 'NONE',  ( 65.00000000000000000, -1.000000000000000000, 108.0000000000000000 ) ) ;
#1117 = CARTESIAN_POINT ( 'NONE',  ( -60.00000000000000000, -1.000000000000000000, 42.74999999999999289 ) ) ;
#1118 = PLANE ( 'NONE',  #3124 ) ;
#1119 = ORIENTED_EDGE ( 'NONE', *, *, #4181, .F. ) ;
#1120 = EDGE_CURVE ( 'NONE', #1944, #1764, #686, .T. ) ;
#1121 = CARTESIAN_POINT ( 'NONE',  ( -35.00000000000000000, -6.000000000000000000, 108.5000000000000000 ) ) ;
#1122 = CARTESIAN_POINT ( 'NONE',  ( 152.0999999999999943, -3.000000000000000000, 95.70000000000000284 ) ) ;
#1123 = VERTEX_POINT ( 'NONE', #375 ) ;
#1124 = VECTOR ( 'NONE', #2667, 1000.000000000000000 ) ;
#1125 = ORIENTED_EDGE ( 'NONE', *, *, #3813, .T. ) ;
#1126 = ORIENTED_EDGE ( 'NONE', *, *, #2065, .F. ) ;
#1127 = VECTOR ( 'NONE', #761, 1000.000000000000000 ) ;
#1128 = CARTESIAN_POINT ( 'NONE',  ( 271.3000000000000682, 1.000000000000000000, 78.15338146873806124 ) ) ;
#1129 = VERTEX_POINT ( 'NONE', #3105 ) ;
#1130 = VERTEX_POINT ( 'NONE', #1431 ) ;
#1131 = EDGE_CURVE ( 'NONE', #1493, #3503, #2771, .T. ) ;
#1132 = DIRECTION ( 'NONE',  ( 1.000000000000000000, 0.000000000000000000, 0.000000000000000000 ) ) ;
#1133 = CARTESIAN_POINT ( 'NONE',  ( 271.0000000000000000, 1.000000000000000000, 28.15338146873806124 ) ) ;
#1134 = CARTESIAN_POINT ( 'NONE',  ( -47.90000000000000568, -3.000000000000000000, 95.70000000000000284 ) ) ;
#1135 = VECTOR ( 'NONE', #477, 1000.000000000000000 ) ;
#1136 = CARTESIAN_POINT ( 'NONE',  ( 87.00000000000001421, -1.399999999999999911, 90.00000000000000000 ) ) ;
#1137 = ADVANCED_FACE ( 'NONE', ( #1760 ), #785, .F. ) ;
#1138 = PLANE ( 'NONE',  #1194 ) ;
#1139 = AXIS2_PLACEMENT_3D ( 'NONE', #2528, #3238, #2224 ) ;
#1140 = DIRECTION ( 'NONE',  ( 0.000000000000000000, 1.000000000000000000, 0.000000000000000000 ) ) ;
#1141 = AXIS2_PLACEMENT_3D ( 'NONE', #1304, #607, #2278 ) ;
#1142 = ORIENTED_EDGE ( 'NONE', *, *, #2639, .F. ) ;
#1143 = LINE ( 'NONE', #771, #2605 ) ;
#1144 = AXIS2_PLACEMENT_3D ( 'NONE', #3650, #2618, #2641 ) ;
#1145 = DIRECTION ( 'NONE',  ( 0.000000000000000000, 0.000000000000000000, 1.000000000000000000 ) ) ;
#1146 = ORIENTED_EDGE ( 'NONE', *, *, #3959, .T. ) ;
#1147 = AXIS2_PLACEMENT_3D ( 'NONE', #4016, #1363, #1403 ) ;
#1148 = ORIENTED_EDGE ( 'NONE', *, *, #1103, .F. ) ;
#1149 = ORIENTED_EDGE ( 'NONE', *, *, #3656, .T. ) ;
#1150 = EDGE_CURVE ( 'NONE', #1059, #3280, #2540, .T. ) ;
#1151 = AXIS2_PLACEMENT_3D ( 'NONE', #3237, #2838, #1215 ) ;
#1152 = CARTESIAN_POINT ( 'NONE',  ( 245.6403124237432962, -1.000000000000000000, 95.70000000000000284 ) ) ;
#1153 = ORIENTED_EDGE ( 'NONE', *, *, #3642, .F. ) ;
#1154 = EDGE_CURVE ( 'NONE', #3537, #1516, #1221, .T. ) ;
#1155 = ORIENTED_EDGE ( 'NONE', *, *, #1217, .F. ) ;
#1156 = ADVANCED_FACE ( 'NONE', ( #2450 ), #99, .T. ) ;
#1157 = VERTEX_POINT ( 'NONE', #1133 ) ;
#1158 = DIRECTION ( 'NONE',  ( 0.000000000000000000, 0.000000000000000000, 1.000000000000000000 ) ) ;
#1159 = CARTESIAN_POINT ( 'NONE',  ( 0.000000000000000000, -1.000000000000000000, 25.00000000000000000 ) ) ;
#1160 = CARTESIAN_POINT ( 'NONE',  ( 271.0000000000000000, 0.000000000000000000, 80.00000000000000000 ) ) ;
#1161 = CARTESIAN_POINT ( 'NONE',  ( 258.9000000000000341, -0.9999999999999974465, 78.15338146873806124 ) ) ;
#1162 = DIRECTION ( 'NONE',  ( 0.000000000000000000, 0.000000000000000000, -1.000000000000000000 ) ) ;
#1163 = CARTESIAN_POINT ( 'NONE',  ( -177.5000000000000000, -1.399999999999999911, 20.00000000000000000 ) ) ;
#1164 = VERTEX_POINT ( 'NONE', #4198 ) ;
#1165 = VERTEX_POINT ( 'NONE', #3181 ) ;
#1166 = CARTESIAN_POINT ( 'NONE',  ( -49.35968757625671799, -1.000000000000000444, 95.70000000000000284 ) ) ;
#1167 = CARTESIAN_POINT ( 'NONE',  ( -50.00000000000000000, -3.000000000000000000, 108.5000000000000000 ) ) ;
#1168 = ORIENTED_EDGE ( 'NONE', *, *, #812, .T. ) ;
#1169 = EDGE_LOOP ( 'NONE', ( #3274, #4172 ) ) ;
#1170 = VERTEX_POINT ( 'NONE', #1178 ) ;
#1171 = DIRECTION ( 'NONE',  ( -1.000000000000000000, 0.000000000000000000, 0.000000000000000000 ) ) ;
#1172 = DIRECTION ( 'NONE',  ( -1.000000000000000000, -0.000000000000000000, -0.000000000000000000 ) ) ;
#1173 = ORIENTED_EDGE ( 'NONE', *, *, #3570, .F. ) ;
#1174 = VERTEX_POINT ( 'NONE', #2164 ) ;
#1175 = ORIENTED_EDGE ( 'NONE', *, *, #3963, .F. ) ;
#1176 = EDGE_CURVE ( 'NONE', #4127, #418, #1995, .T. ) ;
#1177 = LINE ( 'NONE', #207, #1382 ) ;
#1178 = CARTESIAN_POINT ( 'NONE',  ( -177.5000000000000000, 1.000000000000000222, 88.39999999999999147 ) ) ;
#1179 = CARTESIAN_POINT ( 'NONE',  ( 258.9000000000000341, 0.000000000000000000, 82.10000000000000853 ) ) ;
#1180 = CARTESIAN_POINT ( 'NONE',  ( -260.0000000000000000, 0.000000000000000000, 108.5000000000000000 ) ) ;
#1181 = DIRECTION ( 'NONE',  ( 0.000000000000000000, 0.000000000000000000, 1.000000000000000000 ) ) ;
#1182 = VECTOR ( 'NONE', #587, 1000.000000000000000 ) ;
#1183 = CARTESIAN_POINT ( 'NONE',  ( -245.6403124237432962, -1.000000000000002665, 95.70000000000000284 ) ) ;
#1184 = ORIENTED_EDGE ( 'NONE', *, *, #2265, .F. ) ;
#1185 = LOCAL_TIME ( 16, 1, 3.000000000000000000, #2447 ) ;
#1186 = ORIENTED_EDGE ( 'NONE', *, *, #3796, .F. ) ;
#1187 = CARTESIAN_POINT ( 'NONE',  ( -164.9999999999999716, -6.000000000000000000, 96.00000000000000000 ) ) ;
#1188 = CARTESIAN_POINT ( 'NONE',  ( -150.6403124237432962, -1.000000000000002665, 95.70000000000000284 ) ) ;
#1189 = DIRECTION ( 'NONE',  ( 0.000000000000000000, 1.000000000000000000, 0.000000000000000000 ) ) ;
#1190 = ORIENTED_EDGE ( 'NONE', *, *, #3341, .F. ) ;
#1191 = VERTEX_POINT ( 'NONE', #3877 ) ;
#1192 = LINE ( 'NONE', #3611, #640 ) ;
#1193 = CARTESIAN_POINT ( 'NONE',  ( -271.3000000000000682, -1.000000000000000000, 31.84661853126193876 ) ) ;
#1194 = AXIS2_PLACEMENT_3D ( 'NONE', #1395, #2082, #3420 ) ;
#1195 = ORIENTED_EDGE ( 'NONE', *, *, #3491, .T. ) ;
#1196 = ORIENTED_EDGE ( 'NONE', *, *, #3827, .F. ) ;
#1197 = ORIENTED_EDGE ( 'NONE', *, *, #2660, .T. ) ;
#1198 = VECTOR ( 'NONE', #1242, 1000.000000000000000 ) ;
#1199 = EDGE_CURVE ( 'NONE', #2978, #485, #4083, .T. ) ;
#1200 = DIRECTION ( 'NONE',  ( -0.000000000000000000, -0.000000000000000000, -1.000000000000000000 ) ) ;
#1201 = CARTESIAN_POINT ( 'NONE',  ( 135.0000000000000000, -3.000000000000000000, 96.00000000000000000 ) ) ;
#1202 = CARTESIAN_POINT ( 'NONE',  ( -150.0000000000000000, -3.000000000000000000, 96.00000000000000000 ) ) ;
#1203 = LINE ( 'NONE', #2568, #2092 ) ;
#1204 = AXIS2_PLACEMENT_3D ( 'NONE', #728, #2972, #14 ) ;
#1205 = DIRECTION ( 'NONE',  ( -1.000000000000000000, 0.000000000000000000, 0.000000000000000000 ) ) ;
#1206 = CARTESIAN_POINT ( 'NONE',  ( 259.0000000000000000, 1.000000000000000222, 18.39999999999999858 ) ) ;
#1207 = AXIS2_PLACEMENT_3D ( 'NONE', #2129, #1444, #2786 ) ;
#1208 = ORIENTED_EDGE ( 'NONE', *, *, #1238, .T. ) ;
#1209 = EDGE_CURVE ( 'NONE', #1794, #1170, #4130, .T. ) ;
#1210 = AXIS2_PLACEMENT_3D ( 'NONE', #3469, #789, #1800 ) ;
#1211 = EDGE_CURVE ( 'NONE', #1677, #540, #2147, .T. ) ;
#1212 = ORIENTED_EDGE ( 'NONE', *, *, #3601, .T. ) ;
#1213 = DIRECTION ( 'NONE',  ( 0.000000000000000000, 0.000000000000000000, 1.000000000000000000 ) ) ;
#1214 = AXIS2_PLACEMENT_3D ( 'NONE', #2383, #3052, #766 ) ;
#1215 = DIRECTION ( 'NONE',  ( 0.000000000000000000, 0.000000000000000000, 1.000000000000000000 ) ) ;
#1216 = LINE ( 'NONE', #2204, #291 ) ;
#1217 = EDGE_CURVE ( 'NONE', #3800, #3142, #3118, .T. ) ;
#1218 = ORIENTED_EDGE ( 'NONE', *, *, #295, .T. ) ;
#1219 = AXIS2_PLACEMENT_3D ( 'NONE', #2645, #1934, #1579 ) ;
#1220 = CARTESIAN_POINT ( 'NONE',  ( -229.9999999999999716, -6.000000000000000000, 96.00000000000000000 ) ) ;
#1221 = CIRCLE ( 'NONE', #89, 2.099999999999997868 ) ;
#1222 = LINE ( 'NONE', #1280, #3040 ) ;
#1223 = EDGE_LOOP ( 'NONE', ( #1281, #2887, #1880, #3016 ) ) ;
#1224 = EDGE_CURVE ( 'NONE', #287, #3210, #185, .T. ) ;
#1225 = ORIENTED_EDGE ( 'NONE', *, *, #2486, .T. ) ;
#1226 = ORIENTED_EDGE ( 'NONE', *, *, #4208, .T. ) ;
#1227 = CIRCLE ( 'NONE', #1496, 1.600000000000000755 ) ;
#1228 = DIRECTION ( 'NONE',  ( 0.000000000000000000, -1.000000000000000000, -0.000000000000000000 ) ) ;
#1229 = PLANE ( 'NONE',  #2130 ) ;
#1230 = FACE_OUTER_BOUND ( 'NONE', #3728, .T. ) ;
#1231 = CIRCLE ( 'NONE', #2693, 1.600000000000004086 ) ;
#1232 = DIRECTION ( 'NONE',  ( -1.000000000000000000, 0.000000000000000000, 0.000000000000000000 ) ) ;
#1233 = LINE ( 'NONE', #3922, #4201 ) ;
#1234 = CARTESIAN_POINT ( 'NONE',  ( -259.5000000000000000, 1.000000000000000222, 90.00000000000000000 ) ) ;
#1235 = ORIENTED_EDGE ( 'NONE', *, *, #610, .F. ) ;
#1236 = EDGE_CURVE ( 'NONE', #246, #3846, #3136, .T. ) ;
#1237 = FACE_BOUND ( 'NONE', #123, .T. ) ;
#1238 = EDGE_CURVE ( 'NONE', #1130, #2161, #1440, .T. ) ;
#1239 = CARTESIAN_POINT ( 'NONE',  ( 242.9000000000000057, -2.999999999999999556, 108.5000000000000000 ) ) ;
#1240 = DIRECTION ( 'NONE',  ( 0.000000000000000000, 0.000000000000000000, 1.000000000000000000 ) ) ;
#1241 = ORIENTED_EDGE ( 'NONE', *, *, #1150, .F. ) ;
#1242 = DIRECTION ( 'NONE',  ( -0.000000000000000000, -0.000000000000000000, -1.000000000000000000 ) ) ;
#1243 = DIRECTION ( 'NONE',  ( 0.000000000000000000, 1.000000000000000000, 0.000000000000000000 ) ) ;
#1244 = VERTEX_POINT ( 'NONE', #2781 ) ;
#1245 = EDGE_LOOP ( 'NONE', ( #4241, #2868, #41, #3462 ) ) ;
#1246 = VERTEX_POINT ( 'NONE', #493 ) ;
#1247 = CARTESIAN_POINT ( 'NONE',  ( -77.00000000000000000, 1.000000000000000222, 90.00000000000000000 ) ) ;
#1248 = DIRECTION ( 'NONE',  ( 0.000000000000000000, 1.000000000000000000, 0.000000000000000000 ) ) ;
#1249 = DIRECTION ( 'NONE',  ( 1.000000000000000000, 0.000000000000000000, 0.000000000000000000 ) ) ;
#1250 = DIRECTION ( 'NONE',  ( -0.000000000000000000, 1.000000000000000000, 0.000000000000000000 ) ) ;
#1251 = DIRECTION ( 'NONE',  ( 0.000000000000000000, 0.000000000000000000, 1.000000000000000000 ) ) ;
#1252 = VERTEX_POINT ( 'NONE', #2189 ) ;
#1253 = VECTOR ( 'NONE', #492, 1000.000000000000000 ) ;
#1254 = CARTESIAN_POINT ( 'NONE',  ( 164.9999999999999716, -3.000000000000000000, 96.00000000000000000 ) ) ;
#1255 = LINE ( 'NONE', #1313, #1356 ) ;
#1256 = LINE ( 'NONE', #1874, #2898 ) ;
#1257 = EDGE_CURVE ( 'NONE', #726, #2813, #519, .T. ) ;
#1258 = ORIENTED_EDGE ( 'NONE', *, *, #2063, .T. ) ;
#1259 = LINE ( 'NONE', #890, #3094 ) ;
#1260 = DIRECTION ( 'NONE',  ( -0.000000000000000000, 0.000000000000000000, -1.000000000000000000 ) ) ;
#1261 = ORIENTED_EDGE ( 'NONE', *, *, #4181, .T. ) ;
#1262 = ORIENTED_EDGE ( 'NONE', *, *, #1925, .T. ) ;
#1263 = ORIENTED_EDGE ( 'NONE', *, *, #2430, .T. ) ;
#1264 = DIRECTION ( 'NONE',  ( -1.000000000000000000, 0.000000000000000000, 0.000000000000000000 ) ) ;
#1265 = DIRECTION ( 'NONE',  ( -1.000000000000000000, 0.000000000000000000, 0.000000000000000000 ) ) ;
#1266 = LINE ( 'NONE', #3681, #3222 ) ;
#1267 = EDGE_CURVE ( 'NONE', #381, #484, #4109, .T. ) ;
#1268 = VECTOR ( 'NONE', #3964, 1000.000000000000000 ) ;
#1269 = DIRECTION ( 'NONE',  ( 0.000000000000000000, 0.000000000000000000, -1.000000000000000000 ) ) ;
#1270 = FACE_BOUND ( 'NONE', #465, .T. ) ;
#1271 = VECTOR ( 'NONE', #2676, 1000.000000000000000 ) ;
#1272 = VERTEX_POINT ( 'NONE', #3205 ) ;
#1273 = EDGE_CURVE ( 'NONE', #2841, #1500, #1114, .T. ) ;
#1274 = AXIS2_PLACEMENT_3D ( 'NONE', #4268, #2200, #3562 ) ;
#1275 = DIRECTION ( 'NONE',  ( 0.000000000000000000, -0.000000000000000000, 1.000000000000000000 ) ) ;
#1276 = FACE_OUTER_BOUND ( 'NONE', #1843, .T. ) ;
#1277 = CARTESIAN_POINT ( 'NONE',  ( 271.0000000000000000, 0.000000000000000000, 0.000000000000000000 ) ) ;
#1278 = VERTEX_POINT ( 'NONE', #3156 ) ;
#1279 = DIRECTION ( 'NONE',  ( 1.000000000000000000, 0.000000000000000000, 0.000000000000000000 ) ) ;
#1280 = CARTESIAN_POINT ( 'NONE',  ( -260.0000000000000000, 0.000000000000000000, 108.0000000000000000 ) ) ;
#1281 = ORIENTED_EDGE ( 'NONE', *, *, #1131, .F. ) ;
#1282 = ORIENTED_EDGE ( 'NONE', *, *, #2853, .F. ) ;
#1283 = ORIENTED_EDGE ( 'NONE', *, *, #3226, .T. ) ;
#1284 = ADVANCED_FACE ( 'NONE', ( #2493 ), #135, .F. ) ;
#1285 = DIRECTION ( 'NONE',  ( 0.000000000000000000, 0.000000000000000000, 1.000000000000000000 ) ) ;
#1286 = EDGE_LOOP ( 'NONE', ( #4279, #4032, #4056, #1305, #932, #1383 ) ) ;
#1287 = LINE ( 'NONE', #2585, #1606 ) ;
#1288 = CIRCLE ( 'NONE', #2685, 1.600000000000004086 ) ;
#1289 = CARTESIAN_POINT ( 'NONE',  ( 0.000000000000000000, -1.000000000000000000, 95.70000000000000284 ) ) ;
#1290 = CARTESIAN_POINT ( 'NONE',  ( 271.0000000000000000, -1.000000000000000000, 81.84661853126195297 ) ) ;
#1291 = EDGE_CURVE ( 'NONE', #424, #2376, #2058, .T. ) ;
#1292 = VERTEX_POINT ( 'NONE', #3649 ) ;
#1293 = AXIS2_PLACEMENT_3D ( 'NONE', #55, #746, #341 ) ;
#1294 = FACE_OUTER_BOUND ( 'NONE', #944, .T. ) ;
#1295 = FACE_OUTER_BOUND ( 'NONE', #1698, .T. ) ;
#1296 = DIRECTION ( 'NONE',  ( 0.000000000000000000, -1.000000000000000000, -0.000000000000000000 ) ) ;
#1297 = ORIENTED_EDGE ( 'NONE', *, *, #782, .F. ) ;
#1298 = CARTESIAN_POINT ( 'NONE',  ( 150.0000000000000000, -3.000000000000000000, 95.70000000000000284 ) ) ;
#1299 = FACE_OUTER_BOUND ( 'NONE', #2118, .T. ) ;
#1300 = CARTESIAN_POINT ( 'NONE',  ( 152.0999999999999943, -3.000000000000000000, 108.5000000000000000 ) ) ;
#1301 = ORIENTED_EDGE ( 'NONE', *, *, #15, .F. ) ;
#1302 = ORIENTED_EDGE ( 'NONE', *, *, #3438, .T. ) ;
#1303 = EDGE_LOOP ( 'NONE', ( #2207, #1904, #2152, #3609, #4060, #464, #270, #2537 ) ) ;
#1304 = CARTESIAN_POINT ( 'NONE',  ( 271.0000000000000000, 0.000000000000000000, 0.000000000000000000 ) ) ;
#1305 = ORIENTED_EDGE ( 'NONE', *, *, #565, .T. ) ;
#1306 = DIRECTION ( 'NONE',  ( 1.000000000000000000, 0.000000000000000000, 0.000000000000000000 ) ) ;
#1307 = ADVANCED_FACE ( 'NONE', ( #2993 ), #1341, .T. ) ;
#1308 = CARTESIAN_POINT ( 'NONE',  ( -259.5000000000000000, 1.000000000000000222, 90.00000000000000000 ) ) ;
#1309 = CARTESIAN_POINT ( 'NONE',  ( 258.9000000000000341, 1.000000000000000000, 81.84661853126195297 ) ) ;
#1310 = EDGE_LOOP ( 'NONE', ( #113, #1302, #2456, #3334, #914, #2295, #2075, #2720 ) ) ;
#1311 = CARTESIAN_POINT ( 'NONE',  ( 259.0000000000000000, -1.399999999999999911, 91.59999999999999432 ) ) ;
#1312 = CIRCLE ( 'NONE', #3700, 1.600000000000004086 ) ;
#1313 = CARTESIAN_POINT ( 'NONE',  ( -271.0000000000000000, 0.000000000000000000, 0.000000000000000000 ) ) ;
#1314 = EDGE_CURVE ( 'NONE', #4189, #1762, #4317, .T. ) ;
#1315 = ORIENTED_EDGE ( 'NONE', *, *, #2906, .T. ) ;
#1316 = CYLINDRICAL_SURFACE ( 'NONE', #1204, 2.100000000000000977 ) ;
#1317 = AXIS2_PLACEMENT_3D ( 'NONE', #2079, #3416, #3767 ) ;
#1318 = DIRECTION ( 'NONE',  ( 0.000000000000000000, -1.000000000000000000, -0.000000000000000000 ) ) ;
#1319 = CARTESIAN_POINT ( 'NONE',  ( -164.9999999999999716, 0.000000000000000000, 108.0000000000000000 ) ) ;
#1320 = ORIENTED_EDGE ( 'NONE', *, *, #1523, .F. ) ;
#1321 = EDGE_CURVE ( 'NONE', #3224, #4082, #2899, .T. ) ;
#1322 = ORIENTED_EDGE ( 'NONE', *, *, #2098, .T. ) ;
#1323 = LINE ( 'NONE', #2663, #869 ) ;
#1324 = EDGE_CURVE ( 'NONE', #107, #1500, #326, .T. ) ;
#1325 = ORIENTED_EDGE ( 'NONE', *, *, #1291, .T. ) ;
#1326 = CARTESIAN_POINT ( 'NONE',  ( -271.3000000000000682, 0.000000000000000000, 30.00000000000000000 ) ) ;
#1327 = CARTESIAN_POINT ( 'NONE',  ( 271.3000000000000682, 1.000000000000000000, 28.15338146873806124 ) ) ;
#1328 = DIRECTION ( 'NONE',  ( 0.000000000000000000, 1.000000000000000000, 0.000000000000000000 ) ) ;
#1329 = DIRECTION ( 'NONE',  ( 0.000000000000000000, 0.000000000000000000, 1.000000000000000000 ) ) ;
#1330 = AXIS2_PLACEMENT_3D ( 'NONE', #901, #1868, #1205 ) ;
#1331 = EDGE_CURVE ( 'NONE', #3331, #391, #2205, .T. ) ;
#1332 = DIRECTION ( 'NONE',  ( -0.000000000000000000, 1.000000000000000000, 0.000000000000000000 ) ) ;
#1333 = VECTOR ( 'NONE', #1279, 1000.000000000000000 ) ;
#1334 = CARTESIAN_POINT ( 'NONE',  ( 271.0000000000000000, 0.000000000000000000, 80.00000000000000000 ) ) ;
#1335 = ADVANCED_FACE ( 'NONE', ( #3554 ), #2921, .F. ) ;
#1336 = VECTOR ( 'NONE', #2453, 1000.000000000000000 ) ;
#1337 = ORIENTED_EDGE ( 'NONE', *, *, #2547, .F. ) ;
#1338 = FACE_BOUND ( 'NONE', #4218, .T. ) ;
#1339 = CIRCLE ( 'NONE', #3028, 1.600000000000000755 ) ;
#1340 = ADVANCED_FACE ( 'NONE', ( #3690 ), #4298, .T. ) ;
#1341 = PLANE ( 'NONE',  #3738 ) ;
#1342 = DIRECTION ( 'NONE',  ( 0.000000000000000000, 0.000000000000000000, 1.000000000000000000 ) ) ;
#1343 = ORIENTED_EDGE ( 'NONE', *, *, #3431, .T. ) ;
#1344 = VERTEX_POINT ( 'NONE', #994 ) ;
#1345 = AXIS2_PLACEMENT_3D ( 'NONE', #1160, #3157, #2216 ) ;
#1346 = LINE ( 'NONE', #2422, #4080 ) ;
#1347 = ORIENTED_EDGE ( 'NONE', *, *, #2381, .F. ) ;
#1348 = APPROVAL_STATUS ( 'not_yet_approved' ) ;
#1349 = DIRECTION ( 'NONE',  ( -1.000000000000000000, 0.000000000000000000, 0.000000000000000000 ) ) ;
#1350 = CIRCLE ( 'NONE', #1986, 2.099999999999997868 ) ;
#1351 = DIRECTION ( 'NONE',  ( 1.000000000000000000, 0.000000000000000000, -0.000000000000000000 ) ) ;
#1352 = CARTESIAN_POINT ( 'NONE',  ( -177.5000000000000000, -1.000000000000000000, 18.39999999999999858 ) ) ;
#1353 = DIRECTION ( 'NONE',  ( 0.000000000000000000, -1.000000000000000000, -0.000000000000000000 ) ) ;
#1354 = VECTOR ( 'NONE', #1885, 1000.000000000000000 ) ;
#1355 = CARTESIAN_POINT ( 'NONE',  ( -163.0000000000000000, -1.399999999999999911, 90.00000000000000000 ) ) ;
#1356 = VECTOR ( 'NONE', #2591, 1000.000000000000000 ) ;
#1357 = CARTESIAN_POINT ( 'NONE',  ( 259.0000000000000000, 1.000000000000000222, 90.00000000000000000 ) ) ;
#1358 = VECTOR ( 'NONE', #4024, 1000.000000000000000 ) ;
#1359 = VERTEX_POINT ( 'NONE', #645 ) ;
#1360 = EDGE_CURVE ( 'NONE', #3884, #777, #3325, .T. ) ;
#1361 = CARTESIAN_POINT ( 'NONE',  ( 65.00000000000000000, -3.000000000000000000, 96.00000000000000000 ) ) ;
#1362 = DIRECTION ( 'NONE',  ( 0.000000000000000000, 1.000000000000000000, 0.000000000000000000 ) ) ;
#1363 = DIRECTION ( 'NONE',  ( 0.000000000000000000, 0.000000000000000000, 1.000000000000000000 ) ) ;
#1364 = ORIENTED_EDGE ( 'NONE', *, *, #3535, .F. ) ;
#1365 = VERTEX_POINT ( 'NONE', #898 ) ;
#1366 = DIRECTION ( 'NONE',  ( -0.000000000000000000, 0.000000000000000000, -1.000000000000000000 ) ) ;
#1367 = ORIENTED_EDGE ( 'NONE', *, *, #488, .F. ) ;
#1368 = DIRECTION ( 'NONE',  ( 0.000000000000000000, 0.000000000000000000, 1.000000000000000000 ) ) ;
#1369 = DIRECTION ( 'NONE',  ( -1.000000000000000000, -0.000000000000000000, 0.000000000000000000 ) ) ;
#1370 = CARTESIAN_POINT ( 'NONE',  ( 164.9999999999999716, 0.000000000000000000, 108.5000000000000000 ) ) ;
#1371 = DIRECTION ( 'NONE',  ( -0.000000000000000000, 1.000000000000000000, 0.000000000000000000 ) ) ;
#1372 = DIRECTION ( 'NONE',  ( -0.000000000000000000, 1.000000000000000000, 0.000000000000000000 ) ) ;
#1373 = CARTESIAN_POINT ( 'NONE',  ( 271.0000000000000000, 1.000000000000000000, 0.000000000000000000 ) ) ;
#1374 = DIRECTION ( 'NONE',  ( -0.000000000000000000, -0.000000000000000000, -1.000000000000000000 ) ) ;
#1375 = CARTESIAN_POINT ( 'NONE',  ( -271.0000000000000000, 0.000000000000000000, 108.0000000000000000 ) ) ;
#1376 = ORIENTED_EDGE ( 'NONE', *, *, #4105, .F. ) ;
#1377 = DIRECTION ( 'NONE',  ( 0.000000000000000000, 0.000000000000000000, 1.000000000000000000 ) ) ;
#1378 = CARTESIAN_POINT ( 'NONE',  ( 87.00000000000001421, -1.399999999999999911, 91.59999999999999432 ) ) ;
#1379 = LINE ( 'NONE', #3675, #3463 ) ;
#1380 = ORIENTED_EDGE ( 'NONE', *, *, #3445, .T. ) ;
#1381 = VERTEX_POINT ( 'NONE', #3227 ) ;
#1382 = VECTOR ( 'NONE', #3898, 1000.000000000000000 ) ;
#1383 = ORIENTED_EDGE ( 'NONE', *, *, #3215, .T. ) ;
#1384 = VECTOR ( 'NONE', #3352, 1000.000000000000000 ) ;
#1385 = LINE ( 'NONE', #3368, #3459 ) ;
#1386 = ORIENTED_EDGE ( 'NONE', *, *, #1442, .T. ) ;
#1387 = EDGE_CURVE ( 'NONE', #1457, #3643, #2702, .T. ) ;
#1388 = EDGE_LOOP ( 'NONE', ( #2288, #2076 ) ) ;
#1389 = CALENDAR_DATE ( 2026, 29, 8 ) ;
#1390 = CARTESIAN_POINT ( 'NONE',  ( -163.0000000000000000, -1.000000000000000000, 21.60000000000000142 ) ) ;
#1391 = DIRECTION ( 'NONE',  ( 0.000000000000000000, -1.000000000000000000, -0.000000000000000000 ) ) ;
#1392 = DIRECTION ( 'NONE',  ( 1.000000000000000000, 0.000000000000000000, 0.000000000000000000 ) ) ;
#1393 = DIRECTION ( 'NONE',  ( 1.000000000000000000, 0.000000000000000000, -0.000000000000000000 ) ) ;
#1394 = ADVANCED_FACE ( 'NONE', ( #3674 ), #1229, .F. ) ;
#1395 = CARTESIAN_POINT ( 'NONE',  ( -271.0000000000000000, 0.000000000000000000, 0.000000000000000000 ) ) ;
#1396 = CARTESIAN_POINT ( 'NONE',  ( 0.000000000000000000, -1.000000000000000000, 96.00000000000000000 ) ) ;
#1397 = EDGE_CURVE ( 'NONE', #2206, #3800, #685, .T. ) ;
#1398 = DIRECTION ( 'NONE',  ( -1.000000000000000000, 0.000000000000000000, 0.000000000000000000 ) ) ;
#1399 = EDGE_LOOP ( 'NONE', ( #2114, #2894 ) ) ;
#1400 = VECTOR ( 'NONE', #3661, 1000.000000000000000 ) ;
#1401 = LINE ( 'NONE', #1824, #1761 ) ;
#1402 = DIRECTION ( 'NONE',  ( 0.000000000000000000, 1.000000000000000000, 0.000000000000000000 ) ) ;
#1403 = DIRECTION ( 'NONE',  ( 1.000000000000000000, 0.000000000000000000, 0.000000000000000000 ) ) ;
#1404 = VECTOR ( 'NONE', #2029, 1000.000000000000000 ) ;
#1405 = VERTEX_POINT ( 'NONE', #1983 ) ;
#1406 = ORIENTED_EDGE ( 'NONE', *, *, #3341, .T. ) ;
#1407 = ORIENTED_EDGE ( 'NONE', *, *, #2783, .F. ) ;
#1408 = VECTOR ( 'NONE', #3029, 1000.000000000000000 ) ;
#1409 = DIRECTION ( 'NONE',  ( 0.000000000000000000, 0.000000000000000000, 1.000000000000000000 ) ) ;
#1410 = VERTEX_POINT ( 'NONE', #1578 ) ;
#1411 = ORIENTED_EDGE ( 'NONE', *, *, #1257, .F. ) ;
#1412 = CALENDAR_DATE ( 2026, 29, 8 ) ;
#1413 = AXIS2_PLACEMENT_3D ( 'NONE', #2649, #1351, #3373 ) ;
#1414 = DIRECTION ( 'NONE',  ( 0.000000000000000000, 0.000000000000000000, 1.000000000000000000 ) ) ;
#1415 = ADVANCED_FACE ( 'NONE', ( #2021, #1299 ), #2004, .T. ) ;
#1416 = CARTESIAN_POINT ( 'NONE',  ( 0.000000000000000000, -1.000000000000000000, 95.70000000000000284 ) ) ;
#1417 = AXIS2_PLACEMENT_3D ( 'NONE', #3268, #1618, #2624 ) ;
#1418 = CYLINDRICAL_SURFACE ( 'NONE', #379, 2.100000000000000977 ) ;
#1419 = CARTESIAN_POINT ( 'NONE',  ( -256.0000000000000000, 1.000000000000000000, 84.99999999999998579 ) ) ;
#1420 = AXIS2_PLACEMENT_3D ( 'NONE', #4084, #672, #4035 ) ;
#1421 = DIRECTION ( 'NONE',  ( 1.000000000000000000, -0.000000000000000000, -0.000000000000000000 ) ) ;
#1422 = EDGE_CURVE ( 'NONE', #1174, #4320, #234, .T. ) ;
#1423 = DIRECTION ( 'NONE',  ( -1.000000000000000000, -0.000000000000000000, 0.000000000000000000 ) ) ;
#1424 = AXIS2_PLACEMENT_3D ( 'NONE', #2373, #1366, #23 ) ;
#1425 = CARTESIAN_POINT ( 'NONE',  ( 258.9000000000000341, 1.000000000000000444, 31.84661853126193876 ) ) ;
#1426 = ORIENTED_EDGE ( 'NONE', *, *, #2631, .F. ) ;
#1427 = AXIS2_PLACEMENT_3D ( 'NONE', #231, #566, #1016 ) ;
#1428 = LINE ( 'NONE', #3836, #2885 ) ;
#1429 = DIRECTION ( 'NONE',  ( 1.000000000000000000, 0.000000000000000000, 0.000000000000000000 ) ) ;
#1430 = VECTOR ( 'NONE', #2369, 1000.000000000000000 ) ;
#1431 = CARTESIAN_POINT ( 'NONE',  ( 35.00000000000000000, 0.000000000000000000, 108.0000000000000000 ) ) ;
#1432 = ORIENTED_EDGE ( 'NONE', *, *, #3098, .F. ) ;
#1433 = ORIENTED_EDGE ( 'NONE', *, *, #935, .F. ) ;
#1434 = ORIENTED_EDGE ( 'NONE', *, *, #615, .T. ) ;
#1435 = CARTESIAN_POINT ( 'NONE',  ( 164.9999999999999716, -1.000000000000000000, 96.00000000000000000 ) ) ;
#1436 = EDGE_LOOP ( 'NONE', ( #3970, #1364 ) ) ;
#1437 = VERTEX_POINT ( 'NONE', #4337 ) ;
#1438 = PERSON_AND_ORGANIZATION_ROLE ( 'creator' ) ;
#1439 = PLANE ( 'NONE',  #1688 ) ;
#1440 = LINE ( 'NONE', #522, #3809 ) ;
#1441 = DIRECTION ( 'NONE',  ( 0.000000000000000000, 0.000000000000000000, 1.000000000000000000 ) ) ;
#1442 = EDGE_CURVE ( 'NONE', #508, #1928, #1695, .T. ) ;
#1443 = DIRECTION ( 'NONE',  ( 0.000000000000000000, 0.000000000000000000, 1.000000000000000000 ) ) ;
#1444 = DIRECTION ( 'NONE',  ( 0.000000000000000000, -1.000000000000000000, -0.000000000000000000 ) ) ;
#1445 = CARTESIAN_POINT ( 'NONE',  ( 0.000000000000000000, -1.000000000000000000, 96.00000000000000000 ) ) ;
#1446 = ADVANCED_FACE ( 'NONE', ( #2438 ), #4099, .F. ) ;
#1447 = ORIENTED_EDGE ( 'NONE', *, *, #3417, .F. ) ;
#1448 = CYLINDRICAL_SURFACE ( 'NONE', #2318, 1.600000000000000755 ) ;
#1449 = CARTESIAN_POINT ( 'NONE',  ( -259.5000000000000000, -1.399999999999999911, 88.39999999999999147 ) ) ;
#1450 = ORIENTED_EDGE ( 'NONE', *, *, #4301, .F. ) ;
#1451 = EDGE_CURVE ( 'NONE', #452, #2072, #3777, .T. ) ;
#1452 = VERTEX_POINT ( 'NONE', #4053 ) ;
#1453 = FACE_OUTER_BOUND ( 'NONE', #3737, .T. ) ;
#1454 = EDGE_LOOP ( 'NONE', ( #529, #3432, #2090, #2185, #376 ) ) ;
#1455 = EDGE_CURVE ( 'NONE', #94, #215, #1227, .T. ) ;
#1456 = AXIS2_PLACEMENT_3D ( 'NONE', #160, #1200, #2539 ) ;
#1457 = VERTEX_POINT ( 'NONE', #2792 ) ;
#1458 = PLANE ( 'NONE',  #432 ) ;
#1459 = DIRECTION ( 'NONE',  ( 1.000000000000000000, 0.000000000000000000, 0.000000000000000000 ) ) ;
#1460 = DIRECTION ( 'NONE',  ( -0.000000000000000000, 1.000000000000000000, 0.000000000000000000 ) ) ;
#1461 = CARTESIAN_POINT ( 'NONE',  ( -271.0000000000000000, 1.000000000000000000, 0.000000000000000000 ) ) ;
#1462 = DIRECTION ( 'NONE',  ( 0.000000000000000000, -1.000000000000000000, -0.000000000000000000 ) ) ;
#1463 = LINE ( 'NONE', #3141, #3678 ) ;
#1464 = EDGE_CURVE ( 'NONE', #3633, #1437, #1737, .T. ) ;
#1465 = ORIENTED_EDGE ( 'NONE', *, *, #1635, .F. ) ;
#1466 = DIRECTION ( 'NONE',  ( 0.000000000000000000, 0.000000000000000000, 1.000000000000000000 ) ) ;
#1467 = EDGE_CURVE ( 'NONE', #923, #3457, #125, .T. ) ;
#1468 = DIRECTION ( 'NONE',  ( 0.000000000000000000, 0.000000000000000000, 1.000000000000000000 ) ) ;
#1469 = ORIENTED_EDGE ( 'NONE', *, *, #2848, .T. ) ;
#1470 = VECTOR ( 'NONE', #457, 1000.000000000000000 ) ;
#1471 = ORIENTED_EDGE ( 'NONE', *, *, #2761, .T. ) ;
#1472 = ORIENTED_EDGE ( 'NONE', *, *, #1592, .F. ) ;
#1473 = CARTESIAN_POINT ( 'NONE',  ( -181.0000000000000000, -1.000000000000000000, 0.000000000000000000 ) ) ;
#1474 = ORIENTED_EDGE ( 'NONE', *, *, #3594, .F. ) ;
#1475 = ORIENTED_EDGE ( 'NONE', *, *, #1598, .F. ) ;
#1476 = ORIENTED_EDGE ( 'NONE', *, *, #763, .F. ) ;
#1477 = AXIS2_PLACEMENT_3D ( 'NONE', #3754, #413, #1784 ) ;
#1478 = DIRECTION ( 'NONE',  ( -1.000000000000000000, -0.000000000000000000, 0.000000000000000000 ) ) ;
#1479 = DIRECTION ( 'NONE',  ( 0.000000000000000000, 0.000000000000000000, -1.000000000000000000 ) ) ;
#1480 = DIRECTION ( 'NONE',  ( 0.000000000000000000, 0.000000000000000000, 1.000000000000000000 ) ) ;
#1481 = VECTOR ( 'NONE', #1132, 1000.000000000000000 ) ;
#1482 = LINE ( 'NONE', #590, #2583 ) ;
#1483 = DIRECTION ( 'NONE',  ( 0.000000000000000000, 0.000000000000000000, 1.000000000000000000 ) ) ;
#1484 = LINE ( 'NONE', #2831, #858 ) ;
#1485 = AXIS2_PLACEMENT_3D ( 'NONE', #2361, #1707, #4067 ) ;
#1486 = ORIENTED_EDGE ( 'NONE', *, *, #3329, .T. ) ;
#1487 = CARTESIAN_POINT ( 'NONE',  ( 50.64031242374328912, -1.000000000000000444, 95.70000000000000284 ) ) ;
#1488 = CIRCLE ( 'NONE', #2757, 2.099999999999997868 ) ;
#1489 = CARTESIAN_POINT ( 'NONE',  ( -181.0000000000000000, 1.000000000000000000, 25.00000000000000000 ) ) ;
#1490 = VERTEX_POINT ( 'NONE', #3707 ) ;
#1491 = VECTOR ( 'NONE', #2472, 1000.000000000000000 ) ;
#1492 = EDGE_CURVE ( 'NONE', #2532, #604, #3079, .T. ) ;
#1493 = VERTEX_POINT ( 'NONE', #3128 ) ;
#1494 = ORIENTED_EDGE ( 'NONE', *, *, #3694, .T. ) ;
#1495 = DIRECTION ( 'NONE',  ( -0.000000000000000000, 0.000000000000000000, -1.000000000000000000 ) ) ;
#1496 = AXIS2_PLACEMENT_3D ( 'NONE', #4030, #1717, #1055 ) ;
#1497 = CARTESIAN_POINT ( 'NONE',  ( 247.0999999999999943, -3.000000000000000000, 108.5000000000000000 ) ) ;
#1498 = ORIENTED_EDGE ( 'NONE', *, *, #775, .T. ) ;
#1499 = ORIENTED_EDGE ( 'NONE', *, *, #1536, .F. ) ;
#1500 = VERTEX_POINT ( 'NONE', #1081 ) ;
#1501 = VECTOR ( 'NONE', #2345, 1000.000000000000000 ) ;
#1502 = LINE ( 'NONE', #2187, #2365 ) ;
#1503 = EDGE_CURVE ( 'NONE', #4122, #1883, #2111, .T. ) ;
#1504 = DIRECTION ( 'NONE',  ( 0.000000000000000000, 0.000000000000000000, 1.000000000000000000 ) ) ;
#1505 = CARTESIAN_POINT ( 'NONE',  ( 259.0000000000000000, 1.000000000000000222, 20.00000000000000000 ) ) ;
#1506 = CARTESIAN_POINT ( 'NONE',  ( 50.00000000000000000, -6.000000000000000000, 108.5000000000000000 ) ) ;
#1507 = CARTESIAN_POINT ( 'NONE',  ( -245.0000000000000000, -3.000000000000000000, 95.70000000000000284 ) ) ;
#1508 = DIRECTION ( 'NONE',  ( 0.000000000000000000, 0.000000000000000000, 1.000000000000000000 ) ) ;
#1509 = VERTEX_POINT ( 'NONE', #1759 ) ;
#1510 = VERTEX_POINT ( 'NONE', #3406 ) ;
#1511 = CARTESIAN_POINT ( 'NONE',  ( -65.00000000000000000, -3.000000000000000000, 96.00000000000000000 ) ) ;
#1512 = CARTESIAN_POINT ( 'NONE',  ( 150.6403124237432962, -1.000000000000000000, 95.70000000000000284 ) ) ;
#1513 = ORIENTED_EDGE ( 'NONE', *, *, #3006, .T. ) ;
#1514 = EDGE_CURVE ( 'NONE', #3365, #601, #2044, .T. ) ;
#1515 = EDGE_LOOP ( 'NONE', ( #2177, #2248 ) ) ;
#1516 = VERTEX_POINT ( 'NONE', #443 ) ;
#1517 = DIRECTION ( 'NONE',  ( 1.000000000000000000, 0.000000000000000000, -0.000000000000000000 ) ) ;
#1518 = LINE ( 'NONE', #112, #84 ) ;
#1519 = ORIENTED_EDGE ( 'NONE', *, *, #4033, .F. ) ;
#1520 = EDGE_LOOP ( 'NONE', ( #3774, #1111, #1153, #3615 ) ) ;
#1521 = ORIENTED_EDGE ( 'NONE', *, *, #572, .T. ) ;
#1522 = LINE ( 'NONE', #564, #904 ) ;
#1523 = EDGE_CURVE ( 'NONE', #175, #3261, #2416, .T. ) ;
#1524 = DIRECTION ( 'NONE',  ( -1.000000000000000000, -0.000000000000000000, -0.000000000000000000 ) ) ;
#1525 = DIRECTION ( 'NONE',  ( 0.000000000000000000, 0.000000000000000000, 1.000000000000000000 ) ) ;
#1526 = EDGE_CURVE ( 'NONE', #2376, #1967, #3731, .T. ) ;
#1527 = DIRECTION ( 'NONE',  ( -0.000000000000000000, -0.000000000000000000, -1.000000000000000000 ) ) ;
#1528 = DIRECTION ( 'NONE',  ( 0.000000000000000000, 1.000000000000000000, 0.000000000000000000 ) ) ;
#1529 = VECTOR ( 'NONE', #2901, 1000.000000000000000 ) ;
#1530 = CARTESIAN_POINT ( 'NONE',  ( 35.00000000000000000, -3.000000000000000000, 96.00000000000000000 ) ) ;
#1531 = EDGE_CURVE ( 'NONE', #1546, #822, #3756, .T. ) ;
#1532 = ORIENTED_EDGE ( 'NONE', *, *, #4049, .F. ) ;
#1533 = CC_DESIGN_APPROVAL ( #250, ( #4046 ) ) ;
#1534 = ORIENTED_EDGE ( 'NONE', *, *, #1176, .F. ) ;
#1535 = FACE_BOUND ( 'NONE', #1793, .T. ) ;
#1536 = EDGE_CURVE ( 'NONE', #1916, #1123, #2722, .T. ) ;
#1537 = DIRECTION ( 'NONE',  ( 0.000000000000000000, 0.000000000000000000, 1.000000000000000000 ) ) ;
#1538 = CARTESIAN_POINT ( 'NONE',  ( 150.0000000000000000, -3.000000000000000000, 108.5000000000000000 ) ) ;
#1539 = VERTEX_POINT ( 'NONE', #37 ) ;
#1540 = ORIENTED_EDGE ( 'NONE', *, *, #2818, .T. ) ;
#1541 = CARTESIAN_POINT ( 'NONE',  ( 68.00000000000000000, -1.000000000000000000, 42.74999999999999289 ) ) ;
#1542 = LINE ( 'NONE', #2141, #2971 ) ;
#1543 = AXIS2_PLACEMENT_3D ( 'NONE', #4134, #767, #744 ) ;
#1544 = ORIENTED_EDGE ( 'NONE', *, *, #505, .F. ) ;
#1545 = ORIENTED_EDGE ( 'NONE', *, *, #1236, .F. ) ;
#1546 = VERTEX_POINT ( 'NONE', #373 ) ;
#1547 = AXIS2_PLACEMENT_3D ( 'NONE', #2616, #2289, #3300 ) ;
#1548 = CARTESIAN_POINT ( 'NONE',  ( 258.9000000000000341, -1.000000000000000444, 31.84661853126193876 ) ) ;
#1549 = EDGE_CURVE ( 'NONE', #1677, #3623, #1998, .T. ) ;
#1550 = CARTESIAN_POINT ( 'NONE',  ( -77.00000000000000000, -1.399999999999999911, 20.00000000000000000 ) ) ;
#1551 = CARTESIAN_POINT ( 'NONE',  ( -163.0000000000000000, -1.000000000000000000, 90.00000000000000000 ) ) ;
#1552 = DESIGN_CONTEXT ( 'detailed design', #2835, 'design' ) ;
#1553 = CIRCLE ( 'NONE', #2741, 1.600000000000000755 ) ;
#1554 = LINE ( 'NONE', #2217, #2160 ) ;
#1555 = CIRCLE ( 'NONE', #1477, 2.099999999999997868 ) ;
#1556 = EDGE_CURVE ( 'NONE', #3974, #3083, #58, .T. ) ;
#1557 = DIRECTION ( 'NONE',  ( 0.000000000000000000, 0.000000000000000000, -1.000000000000000000 ) ) ;
#1558 = DIRECTION ( 'NONE',  ( 0.000000000000000000, 1.000000000000000000, 0.000000000000000000 ) ) ;
#1559 = CIRCLE ( 'NONE', #3999, 2.250000000000001776 ) ;
#1560 = ORIENTED_EDGE ( 'NONE', *, *, #3226, .F. ) ;
#1561 = EDGE_CURVE ( 'NONE', #156, #1359, #2088, .T. ) ;
#1562 = DIRECTION ( 'NONE',  ( 0.000000000000000000, 0.000000000000000000, -1.000000000000000000 ) ) ;
#1563 = ADVANCED_FACE ( 'NONE', ( #2770 ), #2459, .F. ) ;
#1564 = CIRCLE ( 'NONE', #999, 1.600000000000000755 ) ;
#1565 = CARTESIAN_POINT ( 'NONE',  ( -260.0000000000000000, 0.000000000000000000, 108.0000000000000000 ) ) ;
#1566 = DIRECTION ( 'NONE',  ( -0.000000000000000000, 1.000000000000000000, 0.000000000000000000 ) ) ;
#1567 = CC_DESIGN_PERSON_AND_ORGANIZATION_ASSIGNMENT ( #2077, #2779, ( #2449 ) ) ;
#1568 = ORIENTED_EDGE ( 'NONE', *, *, #965, .T. ) ;
#1569 = CIRCLE ( 'NONE', #4147, 2.250000000000001776 ) ;
#1570 = DIRECTION ( 'NONE',  ( 0.000000000000000000, 0.000000000000000000, -1.000000000000000000 ) ) ;
#1571 = VECTOR ( 'NONE', #826, 1000.000000000000000 ) ;
#1572 = LINE ( 'NONE', #2250, #2682 ) ;
#1573 = EDGE_LOOP ( 'NONE', ( #3424, #1719, #1875, #2139 ) ) ;
#1574 = EDGE_LOOP ( 'NONE', ( #1031, #3392, #1107, #3994, #2789 ) ) ;
#1575 = VERTEX_POINT ( 'NONE', #3145 ) ;
#1576 = VECTOR ( 'NONE', #1896, 1000.000000000000000 ) ;
#1577 = CARTESIAN_POINT ( 'NONE',  ( 245.0000000000000000, -3.000000000000000000, 108.5000000000000000 ) ) ;
#1578 = CARTESIAN_POINT ( 'NONE',  ( 271.0000000000000000, 1.000000000000000000, 0.000000000000000000 ) ) ;
#1579 = DIRECTION ( 'NONE',  ( 0.000000000000000000, 0.000000000000000000, 1.000000000000000000 ) ) ;
#1580 = VECTOR ( 'NONE', #406, 1000.000000000000000 ) ;
#1581 = CARTESIAN_POINT ( 'NONE',  ( 90.00000000000001421, -1.000000000000000000, 84.99999999999998579 ) ) ;
#1582 = DIRECTION ( 'NONE',  ( 0.000000000000000000, 0.000000000000000000, 1.000000000000000000 ) ) ;
#1583 = DIRECTION ( 'NONE',  ( -0.000000000000000000, -0.000000000000000000, -1.000000000000000000 ) ) ;
#1584 = EDGE_CURVE ( 'NONE', #2892, #3913, #3059, .T. ) ;
#1585 = ORIENTED_EDGE ( 'NONE', *, *, #3445, .F. ) ;
#1586 = CYLINDRICAL_SURFACE ( 'NONE', #3588, 2.099999999999997868 ) ;
#1587 = DIRECTION ( 'NONE',  ( -0.000000000000000000, 1.000000000000000000, 0.000000000000000000 ) ) ;
#1588 = DIRECTION ( 'NONE',  ( 0.000000000000000000, 0.000000000000000000, 1.000000000000000000 ) ) ;
#1589 = EDGE_CURVE ( 'NONE', #2751, #2799, #2860, .T. ) ;
#1590 = ORIENTED_EDGE ( 'NONE', *, *, #1217, .T. ) ;
#1591 = CARTESIAN_POINT ( 'NONE',  ( 0.000000000000000000, -1.000000000000000000, 96.00000000000000000 ) ) ;
#1592 = EDGE_CURVE ( 'NONE', #517, #758, #4164, .T. ) ;
#1593 = DIRECTION ( 'NONE',  ( -0.000000000000000000, 0.000000000000000000, -1.000000000000000000 ) ) ;
#1594 = EDGE_LOOP ( 'NONE', ( #1544, #3347, #1434, #2936 ) ) ;
#1595 = ORIENTED_EDGE ( 'NONE', *, *, #1729, .T. ) ;
#1596 = ORIENTED_EDGE ( 'NONE', *, *, #180, .T. ) ;
#1597 = CARTESIAN_POINT ( 'NONE',  ( -271.3000000000000682, 1.000000000000000000, 28.15338146873806124 ) ) ;
#1598 = EDGE_CURVE ( 'NONE', #2463, #2840, #595, .T. ) ;
#1599 = CARTESIAN_POINT ( 'NONE',  ( -77.00000000000000000, -1.000000000000000000, 21.60000000000000142 ) ) ;
#1600 = DIRECTION ( 'NONE',  ( 0.000000000000000000, 0.000000000000000000, 1.000000000000000000 ) ) ;
#1601 = CARTESIAN_POINT ( 'NONE',  ( 150.0000000000000000, -3.000000000000000000, 96.00000000000000000 ) ) ;
#1602 = CARTESIAN_POINT ( 'NONE',  ( 150.0000000000000000, -3.000000000000000000, 96.00000000000000000 ) ) ;
#1603 = VERTEX_POINT ( 'NONE', #2154 ) ;
#1604 = CIRCLE ( 'NONE', #266, 1.600000000000004086 ) ;
#1605 = CARTESIAN_POINT ( 'NONE',  ( -271.0000000000000000, 0.000000000000000000, 80.00000000000000000 ) ) ;
#1606 = VECTOR ( 'NONE', #2627, 1000.000000000000000 ) ;
#1607 = EDGE_CURVE ( 'NONE', #3457, #1949, #147, .T. ) ;
#1608 = DIRECTION ( 'NONE',  ( -0.000000000000000000, 1.000000000000000000, 0.000000000000000000 ) ) ;
#1609 = DIRECTION ( 'NONE',  ( 0.000000000000000000, 0.000000000000000000, 1.000000000000000000 ) ) ;
#1610 = ORIENTED_EDGE ( 'NONE', *, *, #513, .T. ) ;
#1611 = EDGE_CURVE ( 'NONE', #4320, #1174, #4235, .T. ) ;
#1612 = CARTESIAN_POINT ( 'NONE',  ( -259.5000000000000000, -1.000000000000000000, 18.39999999999999858 ) ) ;
#1613 = LINE ( 'NONE', #603, #230 ) ;
#1614 = VERTEX_POINT ( 'NONE', #4187 ) ;
#1615 = EDGE_LOOP ( 'NONE', ( #837, #3763, #460, #1860 ) ) ;
#1616 = ORIENTED_EDGE ( 'NONE', *, *, #3557, .F. ) ;
#1617 = EDGE_CURVE ( 'NONE', #3501, #2226, #3515, .T. ) ;
#1618 = DIRECTION ( 'NONE',  ( -0.000000000000000000, -0.000000000000000000, -1.000000000000000000 ) ) ;
#1619 = VERTEX_POINT ( 'NONE', #3861 ) ;
#1620 = CIRCLE ( 'NONE', #491, 2.099999999999990763 ) ;
#1621 = EDGE_CURVE ( 'NONE', #2226, #316, #554, .T. ) ;
#1622 = CARTESIAN_POINT ( 'NONE',  ( -164.9999999999999716, -1.000000000000000000, 96.00000000000000000 ) ) ;
#1623 = CARTESIAN_POINT ( 'NONE',  ( -229.9999999999999716, -6.000000000000000000, 96.00000000000000000 ) ) ;
#1624 = CIRCLE ( 'NONE', #853, 2.250000000000001776 ) ;
#1625 = ORIENTED_EDGE ( 'NONE', *, *, #372, .F. ) ;
#1626 = VECTOR ( 'NONE', #2410, 1000.000000000000000 ) ;
#1627 = DIRECTION ( 'NONE',  ( 0.000000000000000000, 1.000000000000000000, 0.000000000000000000 ) ) ;
#1628 = CARTESIAN_POINT ( 'NONE',  ( -229.9999999999999716, -1.000000000000000000, 108.0000000000000000 ) ) ;
#1629 = VECTOR ( 'NONE', #2168, 1000.000000000000000 ) ;
#1630 = DIRECTION ( 'NONE',  ( 0.000000000000000000, 0.000000000000000000, 1.000000000000000000 ) ) ;
#1631 = VERTEX_POINT ( 'NONE', #1920 ) ;
#1632 = CARTESIAN_POINT ( 'NONE',  ( -164.9999999999999716, -1.000000000000000000, 0.000000000000000000 ) ) ;
#1633 = DIRECTION ( 'NONE',  ( -1.000000000000000000, 0.000000000000000000, 0.000000000000000000 ) ) ;
#1634 = ORIENTED_EDGE ( 'NONE', *, *, #3612, .T. ) ;
#1635 = EDGE_CURVE ( 'NONE', #2230, #2535, #839, .T. ) ;
#1636 = CIRCLE ( 'NONE', #4219, 1.600000000000000755 ) ;
#1637 = EDGE_LOOP ( 'NONE', ( #1790, #2958, #3330, #1960 ) ) ;
#1638 = ORIENTED_EDGE ( 'NONE', *, *, #556, .T. ) ;
#1639 = VECTOR ( 'NONE', #1633, 1000.000000000000000 ) ;
#1640 = CARTESIAN_POINT ( 'NONE',  ( -271.3000000000000682, 0.000000000000000000, 80.00000000000000000 ) ) ;
#1641 = VERTEX_POINT ( 'NONE', #1239 ) ;
#1642 = CARTESIAN_POINT ( 'NONE',  ( -77.00000000000000000, -1.000000000000000000, 90.00000000000000000 ) ) ;
#1643 = AXIS2_PLACEMENT_3D ( 'NONE', #850, #455, #116 ) ;
#1644 = CARTESIAN_POINT ( 'NONE',  ( 271.3000000000000682, 0.000000000000000000, 80.00000000000000000 ) ) ;
#1645 = CARTESIAN_POINT ( 'NONE',  ( 245.0000000000000000, -3.000000000000000000, 95.70000000000000284 ) ) ;
#1646 = VECTOR ( 'NONE', #2654, 1000.000000000000000 ) ;
#1647 = EDGE_CURVE ( 'NONE', #2975, #1619, #3743, .T. ) ;
#1648 = ORIENTED_EDGE ( 'NONE', *, *, #488, .T. ) ;
#1649 = LINE ( 'NONE', #2696, #2742 ) ;
#1650 = EDGE_CURVE ( 'NONE', #1641, #689, #2209, .T. ) ;
#1651 = CARTESIAN_POINT ( 'NONE',  ( -150.0000000000000000, -6.000000000000000000, 96.00000000000000000 ) ) ;
#1652 = ORIENTED_EDGE ( 'NONE', *, *, #4059, .F. ) ;
#1653 = CARTESIAN_POINT ( 'NONE',  ( -260.0000000000000000, -1.000000000000000000, 96.00000000000000000 ) ) ;
#1654 = EDGE_CURVE ( 'NONE', #3635, #1769, #243, .T. ) ;
#1655 = CARTESIAN_POINT ( 'NONE',  ( 271.0000000000000000, -1.000000000000000000, 0.000000000000000000 ) ) ;
#1656 = CARTESIAN_POINT ( 'NONE',  ( 50.00000000000000000, -3.000000000000000000, 95.70000000000000284 ) ) ;
#1657 = VERTEX_POINT ( 'NONE', #1489 ) ;
#1658 = ADVANCED_FACE ( 'NONE', ( #3259 ), #4211, .F. ) ;
#1659 = ORIENTED_EDGE ( 'NONE', *, *, #3147, .T. ) ;
#1660 = ORIENTED_EDGE ( 'NONE', *, *, #670, .F. ) ;
#1661 = CYLINDRICAL_SURFACE ( 'NONE', #3599, 2.250000000000001776 ) ;
#1662 = VERTEX_POINT ( 'NONE', #1565 ) ;
#1663 = DIRECTION ( 'NONE',  ( 0.000000000000000000, 1.000000000000000000, 0.000000000000000000 ) ) ;
#1664 = CARTESIAN_POINT ( 'NONE',  ( -242.9000000000000057, -3.000000000000000000, 108.5000000000000000 ) ) ;
#1665 = CARTESIAN_POINT ( 'NONE',  ( -50.00000000000000000, -3.000000000000000000, 108.5000000000000000 ) ) ;
#1666 = DIRECTION ( 'NONE',  ( 0.000000000000000000, 0.000000000000000000, -1.000000000000000000 ) ) ;
#1667 = EDGE_CURVE ( 'NONE', #1902, #2935, #1783, .T. ) ;
#1668 = CARTESIAN_POINT ( 'NONE',  ( -77.00000000000000000, 1.000000000000000222, 20.00000000000000000 ) ) ;
#1669 = AXIS2_PLACEMENT_3D ( 'NONE', #2937, #3879, #3852 ) ;
#1670 = CARTESIAN_POINT ( 'NONE',  ( 149.3596875762567038, -1.000000000000002665, 95.70000000000000284 ) ) ;
#1671 = ORIENTED_EDGE ( 'NONE', *, *, #1611, .F. ) ;
#1673 = CARTESIAN_POINT ( 'NONE',  ( -181.0000000000000000, -1.000000000000000000, 84.99999999999998579 ) ) ;
#1672 = CC_DESIGN_PERSON_AND_ORGANIZATION_ASSIGNMENT ( #68, #3067, ( #4322 ) ) ;
#1674 = DIRECTION ( 'NONE',  ( 0.000000000000000000, 0.000000000000000000, 1.000000000000000000 ) ) ;
#1675 = CARTESIAN_POINT ( 'NONE',  ( 68.00000000000000000, 1.000000000000000222, 42.74999999999999289 ) ) ;
#1676 = ORIENTED_EDGE ( 'NONE', *, *, #2362, .T. ) ;
#1677 = VERTEX_POINT ( 'NONE', #2223 ) ;
#1678 = CARTESIAN_POINT ( 'NONE',  ( 0.000000000000000000, 1.000000000000000000, 25.00000000000000000 ) ) ;
#1679 = VERTEX_POINT ( 'NONE', #1188 ) ;
#1680 = EDGE_CURVE ( 'NONE', #1164, #3132, #1010, .T. ) ;
#1681 = LINE ( 'NONE', #960, #637 ) ;
#1682 = DIRECTION ( 'NONE',  ( 0.000000000000000000, 0.000000000000000000, 1.000000000000000000 ) ) ;
#1683 = LINE ( 'NONE', #3720, #3954 ) ;
#1684 = CARTESIAN_POINT ( 'NONE',  ( 35.00000000000000000, -1.000000000000000000, 96.00000000000000000 ) ) ;
#1685 = AXIS2_PLACEMENT_3D ( 'NONE', #2358, #3439, #1171 ) ;
#1686 = ADVANCED_FACE ( 'NONE', ( #3838 ), #577, .T. ) ;
#1687 = CARTESIAN_POINT ( 'NONE',  ( -152.0999999999999943, -2.999999999999999556, 96.00000000000000000 ) ) ;
#1688 = AXIS2_PLACEMENT_3D ( 'NONE', #2780, #2712, #2448 ) ;
#1689 = CIRCLE ( 'NONE', #2388, 2.099999999999997868 ) ;
#1690 = CARTESIAN_POINT ( 'NONE',  ( -259.5000000000000000, 1.000000000000000222, 91.59999999999999432 ) ) ;
#1691 = CIRCLE ( 'NONE', #141, 1.600000000000000755 ) ;
#1692 = ORIENTED_EDGE ( 'NONE', *, *, #2498, .T. ) ;
#1693 = DIRECTION ( 'NONE',  ( 1.000000000000000000, 0.000000000000000000, 0.000000000000000000 ) ) ;
#1694 = CIRCLE ( 'NONE', #2465, 1.600000000000000755 ) ;
#1695 = LINE ( 'NONE', #3037, #3394 ) ;
#1696 = CYLINDRICAL_SURFACE ( 'NONE', #3258, 1.600000000000004086 ) ;
#1697 = VERTEX_POINT ( 'NONE', #2574 ) ;
#1698 = EDGE_LOOP ( 'NONE', ( #1959, #845, #977, #3343 ) ) ;
#1699 = VECTOR ( 'NONE', #1566, 1000.000000000000000 ) ;
#1700 = VECTOR ( 'NONE', #3960, 1000.000000000000000 ) ;
#1701 = CARTESIAN_POINT ( 'NONE',  ( 87.00000000000001421, -1.399999999999999911, 20.00000000000000000 ) ) ;
#1702 = ORIENTED_EDGE ( 'NONE', *, *, #688, .F. ) ;
#1703 = DIRECTION ( 'NONE',  ( 0.000000000000000000, 0.000000000000000000, 1.000000000000000000 ) ) ;
#1704 = AXIS2_PLACEMENT_3D ( 'NONE', #3084, #757, #2753 ) ;
#1705 = DIRECTION ( 'NONE',  ( -0.000000000000000000, 1.000000000000000000, 0.000000000000000000 ) ) ;
#1706 = CYLINDRICAL_SURFACE ( 'NONE', #2279, 1.600000000000004086 ) ;
#1707 = DIRECTION ( 'NONE',  ( 0.000000000000000000, -1.000000000000000000, 0.000000000000000000 ) ) ;
#1708 = AXIS2_PLACEMENT_3D ( 'NONE', #471, #3528, #1479 ) ;
#1709 = DIRECTION ( 'NONE',  ( 0.000000000000000000, 0.000000000000000000, -1.000000000000000000 ) ) ;
#1710 = LINE ( 'NONE', #2653, #4343 ) ;
#1711 = VECTOR ( 'NONE', #1402, 1000.000000000000000 ) ;
#1712 = EDGE_CURVE ( 'NONE', #440, #2156, #3192, .T. ) ;
#1713 = DIRECTION ( 'NONE',  ( 0.000000000000000000, 0.000000000000000000, -1.000000000000000000 ) ) ;
#1714 = AXIS2_PLACEMENT_3D ( 'NONE', #698, #3004, #4066 ) ;
#1715 = ORIENTED_EDGE ( 'NONE', *, *, #2386, .F. ) ;
#1716 = PLANE ( 'NONE',  #4272 ) ;
#1717 = DIRECTION ( 'NONE',  ( 0.000000000000000000, -1.000000000000000000, -0.000000000000000000 ) ) ;
#1718 = PLANE ( 'NONE',  #3883 ) ;
#1719 = ORIENTED_EDGE ( 'NONE', *, *, #2265, .T. ) ;
#1720 = EDGE_CURVE ( 'NONE', #3519, #1697, #4252, .T. ) ;
#1721 = ORIENTED_EDGE ( 'NONE', *, *, #290, .T. ) ;
#1722 = ORIENTED_EDGE ( 'NONE', *, *, #4105, .T. ) ;
#1723 = EDGE_CURVE ( 'NONE', #2107, #3063, #2268, .T. ) ;
#1724 = DIRECTION ( 'NONE',  ( 0.000000000000000000, 1.000000000000000000, 0.000000000000000000 ) ) ;
#1725 = ORIENTED_EDGE ( 'NONE', *, *, #829, .F. ) ;
#1726 = ORIENTED_EDGE ( 'NONE', *, *, #85, .T. ) ;
#1727 = CARTESIAN_POINT ( 'NONE',  ( -77.00000000000000000, -1.000000000000000000, 18.39999999999999858 ) ) ;
#1728 = DIRECTION ( 'NONE',  ( 0.000000000000000000, 0.000000000000000000, -1.000000000000000000 ) ) ;
#1729 = EDGE_CURVE ( 'NONE', #269, #4106, #3985, .T. ) ;
#1730 = CARTESIAN_POINT ( 'NONE',  ( -229.9999999999999716, -3.000000000000000000, 96.00000000000000000 ) ) ;
#1731 = CARTESIAN_POINT ( 'NONE',  ( -150.0000000000000000, 0.000000000000000000, 96.00000000000000000 ) ) ;
#1732 = DIRECTION ( 'NONE',  ( 1.000000000000000000, 0.000000000000000000, 0.000000000000000000 ) ) ;
#1733 = CARTESIAN_POINT ( 'NONE',  ( -258.9000000000000341, -1.000000000000000444, 31.84661853126193876 ) ) ;
#1734 = CARTESIAN_POINT ( 'NONE',  ( -256.0000000000000000, 0.000000000000000000, 25.00000000000000000 ) ) ;
#1735 = ORIENTED_EDGE ( 'NONE', *, *, #1455, .T. ) ;
#1736 = CARTESIAN_POINT ( 'NONE',  ( -160.0000000000000000, 1.000000000000000000, 84.99999999999998579 ) ) ;
#1737 = LINE ( 'NONE', #462, #1430 ) ;
#1738 = DIRECTION ( 'NONE',  ( 0.000000000000000000, 0.000000000000000000, 1.000000000000000000 ) ) ;
#1739 = ORIENTED_EDGE ( 'NONE', *, *, #946, .T. ) ;
#1740 = EDGE_CURVE ( 'NONE', #798, #287, #4009, .T. ) ;
#1741 = ORIENTED_EDGE ( 'NONE', *, *, #1397, .T. ) ;
#1742 = AXIS2_PLACEMENT_3D ( 'NONE', #2214, #1816, #1836 ) ;
#1743 = EDGE_CURVE ( 'NONE', #3284, #1165, #2979, .T. ) ;
#1744 = CARTESIAN_POINT ( 'NONE',  ( -135.0000000000000000, -3.000000000000000000, 96.00000000000000000 ) ) ;
#1745 = VERTEX_POINT ( 'NONE', #1670 ) ;
#1746 = EDGE_LOOP ( 'NONE', ( #88, #3233, #1208, #3591 ) ) ;
#1747 = APPROVAL_ROLE ( '' ) ;
#1748 = EDGE_CURVE ( 'NONE', #3177, #1829, #1958, .T. ) ;
#1749 = DIRECTION ( 'NONE',  ( -0.000000000000000000, 1.000000000000000000, 0.000000000000000000 ) ) ;
#1750 = DIRECTION ( 'NONE',  ( -0.000000000000000000, 0.000000000000000000, -1.000000000000000000 ) ) ;
#1751 = FACE_OUTER_BOUND ( 'NONE', #2304, .T. ) ;
#1752 = CYLINDRICAL_SURFACE ( 'NONE', #4286, 2.099999999999990763 ) ;
#1753 = CARTESIAN_POINT ( 'NONE',  ( -181.0000000000000000, 0.000000000000000000, 84.99999999999998579 ) ) ;
#1754 = CARTESIAN_POINT ( 'NONE',  ( -135.0000000000000000, -1.000000000000000000, 96.00000000000000000 ) ) ;
#1755 = VECTOR ( 'NONE', #4000, 1000.000000000000000 ) ;
#1756 = CARTESIAN_POINT ( 'NONE',  ( -79.99999999999998579, -1.000000000000000000, 25.00000000000000000 ) ) ;
#1757 = EDGE_LOOP ( 'NONE', ( #61, #1985, #1262, #3630 ) ) ;
#1758 = CARTESIAN_POINT ( 'NONE',  ( 245.6403124237432962, -1.000000000000000000, 96.00000000000000000 ) ) ;
#1759 = CARTESIAN_POINT ( 'NONE',  ( -65.00000000000000000, -1.000000000000000000, 108.0000000000000000 ) ) ;
#1760 = FACE_OUTER_BOUND ( 'NONE', #1814, .T. ) ;
#1761 = VECTOR ( 'NONE', #3452, 1000.000000000000000 ) ;
#1762 = VERTEX_POINT ( 'NONE', #1628 ) ;
#1763 = ORIENTED_EDGE ( 'NONE', *, *, #3489, .F. ) ;
#1764 = VERTEX_POINT ( 'NONE', #682 ) ;
#1765 = AXIS2_PLACEMENT_3D ( 'NONE', #1872, #3275, #1275 ) ;
#1766 = EDGE_CURVE ( 'NONE', #170, #287, #2612, .T. ) ;
#1767 = LINE ( 'NONE', #2050, #937 ) ;
#1768 = ORIENTED_EDGE ( 'NONE', *, *, #1011, .T. ) ;
#1769 = VERTEX_POINT ( 'NONE', #2325 ) ;
#1770 = VECTOR ( 'NONE', #3355, 1000.000000000000000 ) ;
#1771 = CARTESIAN_POINT ( 'NONE',  ( -258.9000000000000341, 0.000000000000000000, 30.00000000000000000 ) ) ;
#1772 = DIRECTION ( 'NONE',  ( -0.000000000000000000, 1.000000000000000000, 0.000000000000000000 ) ) ;
#1773 = AXIS2_PLACEMENT_3D ( 'NONE', #4199, #2494, #1480 ) ;
#1774 = DIRECTION ( 'NONE',  ( 0.000000000000000000, 1.000000000000000000, 0.000000000000000000 ) ) ;
#1775 = CYLINDRICAL_SURFACE ( 'NONE', #150, 1.600000000000000755 ) ;
#1776 = VECTOR ( 'NONE', #736, 1000.000000000000000 ) ;
#1777 = FACE_OUTER_BOUND ( 'NONE', #2646, .T. ) ;
#1778 = CARTESIAN_POINT ( 'NONE',  ( 50.00000000000000000, 0.000000000000000000, 108.5000000000000000 ) ) ;
#1779 = ADVANCED_FACE ( 'NONE', ( #1295 ), #2017, .F. ) ;
#1780 = VECTOR ( 'NONE', #208, 1000.000000000000000 ) ;
#1781 = DIRECTION ( 'NONE',  ( 0.000000000000000000, -1.000000000000000000, -0.000000000000000000 ) ) ;
#1782 = ORIENTED_EDGE ( 'NONE', *, *, #1647, .F. ) ;
#1783 = CIRCLE ( 'NONE', #3120, 2.099999999999997868 ) ;
#1784 = DIRECTION ( 'NONE',  ( -1.000000000000000000, 0.000000000000000000, 0.000000000000000000 ) ) ;
#1785 = EDGE_CURVE ( 'NONE', #4106, #1457, #4088, .T. ) ;
#1786 = CARTESIAN_POINT ( 'NONE',  ( 150.0000000000000000, -6.000000000000000000, 96.00000000000000000 ) ) ;
#1787 = VECTOR ( 'NONE', #2132, 1000.000000000000000 ) ;
#1788 = ORIENTED_EDGE ( 'NONE', *, *, #3624, .T. ) ;
#1789 = VERTEX_POINT ( 'NONE', #2990 ) ;
#1790 = ORIENTED_EDGE ( 'NONE', *, *, #437, .T. ) ;
#1791 = EDGE_CURVE ( 'NONE', #4086, #2943, #800, .T. ) ;
#1792 = CARTESIAN_POINT ( 'NONE',  ( -271.0000000000000000, 0.000000000000000000, 30.00000000000000000 ) ) ;
#1793 = EDGE_LOOP ( 'NONE', ( #467, #1534 ) ) ;
#1794 = VERTEX_POINT ( 'NONE', #304 ) ;
#1795 = DIRECTION ( 'NONE',  ( 1.000000000000000000, 0.000000000000000000, 0.000000000000000000 ) ) ;
#1796 = DIRECTION ( 'NONE',  ( -1.000000000000000000, -0.000000000000000000, 0.000000000000000000 ) ) ;
#1797 = DIRECTION ( 'NONE',  ( 0.000000000000000000, 0.000000000000000000, 1.000000000000000000 ) ) ;
#1798 = EDGE_CURVE ( 'NONE', #1344, #3835, #2911, .T. ) ;
#1799 = DIRECTION ( 'NONE',  ( 0.000000000000000000, 0.000000000000000000, 1.000000000000000000 ) ) ;
#1800 = DIRECTION ( 'NONE',  ( 0.000000000000000000, 0.000000000000000000, 1.000000000000000000 ) ) ;
#1801 = ADVANCED_FACE ( 'NONE', ( #1276 ), #616, .F. ) ;
#1802 = DIRECTION ( 'NONE',  ( 0.000000000000000000, 0.000000000000000000, 1.000000000000000000 ) ) ;
#1803 = EDGE_CURVE ( 'NONE', #3758, #2729, #4292, .T. ) ;
#1804 = EDGE_LOOP ( 'NONE', ( #2469, #2490, #2489, #1702 ) ) ;
#1805 = CYLINDRICAL_SURFACE ( 'NONE', #3513, 2.099999999999990763 ) ;
#1806 = DIRECTION ( 'NONE',  ( 1.000000000000000000, 0.000000000000000000, 0.000000000000000000 ) ) ;
#1807 = ORIENTED_EDGE ( 'NONE', *, *, #1976, .F. ) ;
#1808 = APPROVAL ( #3715, '未' ) ;
#1809 = ORIENTED_EDGE ( 'NONE', *, *, #3624, .F. ) ;
#1810 = ORIENTED_EDGE ( 'NONE', *, *, #4059, .T. ) ;
#1811 = LINE ( 'NONE', #3243, #1923 ) ;
#1812 = ORIENTED_EDGE ( 'NONE', *, *, #675, .T. ) ;
#1813 = CIRCLE ( 'NONE', #4256, 2.099999999999990763 ) ;
#1814 = EDGE_LOOP ( 'NONE', ( #4182, #3652 ) ) ;
#1815 = EDGE_LOOP ( 'NONE', ( #1322, #4162, #708, #169 ) ) ;
#1816 = DIRECTION ( 'NONE',  ( -0.000000000000000000, 1.000000000000000000, 0.000000000000000000 ) ) ;
#1817 = DIRECTION ( 'NONE',  ( 1.000000000000000000, 0.000000000000000000, 0.000000000000000000 ) ) ;
#1818 = CARTESIAN_POINT ( 'NONE',  ( -164.9999999999999716, -6.000000000000000000, 108.5000000000000000 ) ) ;
#1819 = CARTESIAN_POINT ( 'NONE',  ( -50.00000000000000000, -3.000000000000000000, 96.00000000000000000 ) ) ;
#1820 = FACE_OUTER_BOUND ( 'NONE', #2820, .T. ) ;
#1821 = CARTESIAN_POINT ( 'NONE',  ( -163.0000000000000000, -1.399999999999999911, 88.39999999999999147 ) ) ;
#1822 = EDGE_CURVE ( 'NONE', #1631, #1191, #1255, .T. ) ;
#1823 = ORIENTED_EDGE ( 'NONE', *, *, #1887, .T. ) ;
#1824 = CARTESIAN_POINT ( 'NONE',  ( 87.00000000000001421, -1.399999999999999911, 21.60000000000000142 ) ) ;
#1825 = CARTESIAN_POINT ( 'NONE',  ( -50.64031242374328912, -1.000000000000000000, 95.70000000000000284 ) ) ;
#1826 = ORIENTED_EDGE ( 'NONE', *, *, #182, .F. ) ;
#1827 = VECTOR ( 'NONE', #3853, 1000.000000000000000 ) ;
#1828 = EDGE_LOOP ( 'NONE', ( #2371, #634, #3197, #683, #2949, #1638 ) ) ;
#1829 = VERTEX_POINT ( 'NONE', #2635 ) ;
#1830 = CIRCLE ( 'NONE', #3716, 2.100000000000004530 ) ;
#1831 = DIRECTION ( 'NONE',  ( 0.000000000000000000, -1.000000000000000000, -0.000000000000000000 ) ) ;
#1832 = ORIENTED_EDGE ( 'NONE', *, *, #2565, .F. ) ;
#1833 = ORIENTED_EDGE ( 'NONE', *, *, #3057, .T. ) ;
#1834 = EDGE_LOOP ( 'NONE', ( #3246, #4232, #3189, #2755 ) ) ;
#1835 = AXIS2_PLACEMENT_3D ( 'NONE', #3294, #2966, #768 ) ;
#1836 = DIRECTION ( 'NONE',  ( 0.000000000000000000, 0.000000000000000000, 1.000000000000000000 ) ) ;
#1837 = DIRECTION ( 'NONE',  ( 1.000000000000000000, -0.000000000000000000, -0.000000000000000000 ) ) ;
#1838 = CARTESIAN_POINT ( 'NONE',  ( 173.0000000000000284, 0.000000000000000000, 25.00000000000000000 ) ) ;
#1839 = VECTOR ( 'NONE', #1558, 1000.000000000000000 ) ;
#1840 = CARTESIAN_POINT ( 'NONE',  ( 0.000000000000000000, -1.000000000000000000, 108.0000000000000000 ) ) ;
#1841 = FACE_OUTER_BOUND ( 'NONE', #3895, .T. ) ;
#1842 = DIRECTION ( 'NONE',  ( 0.000000000000000000, 0.000000000000000000, 1.000000000000000000 ) ) ;
#1843 = EDGE_LOOP ( 'NONE', ( #3565, #3430, #1659, #2073 ) ) ;
#1844 = AXIS2_PLACEMENT_3D ( 'NONE', #1277, #3542, #3297 ) ;
#1845 = ORIENTED_EDGE ( 'NONE', *, *, #3871, .F. ) ;
#1846 = DIRECTION ( 'NONE',  ( 1.000000000000000000, 0.000000000000000000, -0.000000000000000000 ) ) ;
#1847 = AXIS2_PLACEMENT_3D ( 'NONE', #3283, #1593, #3894 ) ;
#1848 = DIRECTION ( 'NONE',  ( 0.000000000000000000, -0.000000000000000000, 1.000000000000000000 ) ) ;
#1849 = VERTEX_POINT ( 'NONE', #3928 ) ;
#1850 = VECTOR ( 'NONE', #3899, 1000.000000000000000 ) ;
#1851 = ORIENTED_EDGE ( 'NONE', *, *, #2126, .T. ) ;
#1852 = ORIENTED_EDGE ( 'NONE', *, *, #868, .T. ) ;
#1853 = EDGE_CURVE ( 'NONE', #246, #4324, #3606, .T. ) ;
#1854 = DIRECTION ( 'NONE',  ( 0.000000000000000000, 0.000000000000000000, -1.000000000000000000 ) ) ;
#1855 = EDGE_CURVE ( 'NONE', #758, #2287, #3968, .T. ) ;
#1856 = AXIS2_PLACEMENT_3D ( 'NONE', #2173, #2909, #1848 ) ;
#1857 = DIRECTION ( 'NONE',  ( -0.000000000000000000, 1.000000000000000000, 0.000000000000000000 ) ) ;
#1858 = ORIENTED_EDGE ( 'NONE', *, *, #1120, .T. ) ;
#1859 = ORIENTED_EDGE ( 'NONE', *, *, #3545, .T. ) ;
#1860 = ORIENTED_EDGE ( 'NONE', *, *, #4143, .F. ) ;
#1861 = VECTOR ( 'NONE', #4115, 1000.000000000000000 ) ;
#1862 = ADVANCED_FACE ( 'NONE', ( #639 ), #3321, .T. ) ;
#1863 = DIRECTION ( 'NONE',  ( 0.000000000000000000, 0.000000000000000000, 1.000000000000000000 ) ) ;
#1864 = DIRECTION ( 'NONE',  ( -0.000000000000000000, 0.000000000000000000, -1.000000000000000000 ) ) ;
#1865 = FACE_OUTER_BOUND ( 'NONE', #4280, .T. ) ;
#1866 = DIRECTION ( 'NONE',  ( -1.000000000000000000, 0.000000000000000000, 0.000000000000000000 ) ) ;
#1867 = ADVANCED_FACE ( 'NONE', ( #4096 ), #2740, .F. ) ;
#1868 = DIRECTION ( 'NONE',  ( -0.000000000000000000, 0.000000000000000000, -1.000000000000000000 ) ) ;
#1869 = DIRECTION ( 'NONE',  ( 0.000000000000000000, 1.000000000000000000, 0.000000000000000000 ) ) ;
#1870 = EDGE_LOOP ( 'NONE', ( #2242, #671 ) ) ;
#1871 = EDGE_LOOP ( 'NONE', ( #2275, #1146, #780, #759, #3856 ) ) ;
#1872 = CARTESIAN_POINT ( 'NONE',  ( 0.000000000000000000, 1.000000000000000000, 0.000000000000000000 ) ) ;
#1873 = CARTESIAN_POINT ( 'NONE',  ( 245.0000000000000000, -3.000000000000000000, 96.00000000000000000 ) ) ;
#1874 = CARTESIAN_POINT ( 'NONE',  ( -247.0999999999999943, -2.999999999999999556, 95.70000000000000284 ) ) ;
#1875 = ORIENTED_EDGE ( 'NONE', *, *, #3489, .T. ) ;
#1876 = VERTEX_POINT ( 'NONE', #2698 ) ;
#1877 = EDGE_CURVE ( 'NONE', #3063, #3519, #2084, .T. ) ;
#1878 = LINE ( 'NONE', #1591, #1333 ) ;
#1879 = DIRECTION ( 'NONE',  ( 1.000000000000000000, 0.000000000000000000, 0.000000000000000000 ) ) ;
#1880 = ORIENTED_EDGE ( 'NONE', *, *, #1584, .T. ) ;
#1881 = EDGE_CURVE ( 'NONE', #107, #1410, #2766, .T. ) ;
#1882 = EDGE_LOOP ( 'NONE', ( #3170, #2399 ) ) ;
#1883 = VERTEX_POINT ( 'NONE', #1690 ) ;
#1884 = DIRECTION ( 'NONE',  ( 1.000000000000000000, 0.000000000000000000, 0.000000000000000000 ) ) ;
#1885 = DIRECTION ( 'NONE',  ( 0.000000000000000000, 0.000000000000000000, 1.000000000000000000 ) ) ;
#1886 = LINE ( 'NONE', #544, #439 ) ;
#1887 = EDGE_CURVE ( 'NONE', #3224, #2970, #528, .T. ) ;
#1888 = DIRECTION ( 'NONE',  ( 0.000000000000000000, 0.000000000000000000, 1.000000000000000000 ) ) ;
#1889 = LINE ( 'NONE', #166, #635 ) ;
#1890 = CARTESIAN_POINT ( 'NONE',  ( -77.00000000000000000, 1.000000000000000222, 20.00000000000000000 ) ) ;
#1891 = PRODUCT_RELATED_PRODUCT_CATEGORY ( 'detail', '', ( #2449 ) ) ;
#1892 = EDGE_LOOP ( 'NONE', ( #2991, #2777 ) ) ;
#1893 = CC_DESIGN_APPROVAL ( #1808, ( #4322 ) ) ;
#1894 = ORIENTED_EDGE ( 'NONE', *, *, #572, .F. ) ;
#1895 = CARTESIAN_POINT ( 'NONE',  ( -258.9000000000000341, -0.9999999999999974465, 78.15338146873806124 ) ) ;
#1896 = DIRECTION ( 'NONE',  ( 0.000000000000000000, 0.000000000000000000, 1.000000000000000000 ) ) ;
#1897 = ORIENTED_EDGE ( 'NONE', *, *, #1723, .T. ) ;
#1898 = ORIENTED_EDGE ( 'NONE', *, *, #2697, .T. ) ;
#1899 = LINE ( 'NONE', #2272, #1198 ) ;
#1900 = LINE ( 'NONE', #267, #300 ) ;
#1901 = AXIS2_PLACEMENT_3D ( 'NONE', #3053, #31, #2716 ) ;
#1902 = VERTEX_POINT ( 'NONE', #2038 ) ;
#1903 = ORIENTED_EDGE ( 'NONE', *, *, #3959, .F. ) ;
#1904 = ORIENTED_EDGE ( 'NONE', *, *, #610, .T. ) ;
#1905 = AXIS2_PLACEMENT_3D ( 'NONE', #2932, #537, #2249 ) ;
#1906 = ADVANCED_FACE ( 'NONE', ( #2788 ), #1118, .T. ) ;
#1907 = CARTESIAN_POINT ( 'NONE',  ( 260.0000000000000000, 0.000000000000000000, 96.00000000000000000 ) ) ;
#1908 = DIRECTION ( 'NONE',  ( 0.000000000000000000, 0.000000000000000000, 1.000000000000000000 ) ) ;
#1909 = CARTESIAN_POINT ( 'NONE',  ( -35.00000000000000000, -1.000000000000000000, 96.00000000000000000 ) ) ;
#1910 = DIRECTION ( 'NONE',  ( 1.000000000000000000, -0.000000000000000000, -0.000000000000000000 ) ) ;
#1911 = CIRCLE ( 'NONE', #1274, 1.600000000000000755 ) ;
#1912 = LINE ( 'NONE', #3208, #133 ) ;
#1913 = CARTESIAN_POINT ( 'NONE',  ( 65.00000000000000000, 0.000000000000000000, 108.0000000000000000 ) ) ;
#1914 = CIRCLE ( 'NONE', #289, 1.600000000000004086 ) ;
#1915 = ADVANCED_FACE ( 'NONE', ( #3773 ), #367, .F. ) ;
#1916 = VERTEX_POINT ( 'NONE', #2064 ) ;
#1917 = EDGE_CURVE ( 'NONE', #1944, #175, #3423, .T. ) ;
#1918 = PLANE ( 'NONE',  #3660 ) ;
#1919 = AXIS2_PLACEMENT_3D ( 'NONE', #1838, #3182, #3228 ) ;
#1920 = CARTESIAN_POINT ( 'NONE',  ( -271.0000000000000000, 1.000000000000000000, 0.000000000000000000 ) ) ;
#1921 = CARTESIAN_POINT ( 'NONE',  ( -65.00000000000000000, -3.000000000000000000, 108.5000000000000000 ) ) ;
#1922 = ORIENTED_EDGE ( 'NONE', *, *, #3279, .F. ) ;
#1923 = VECTOR ( 'NONE', #1243, 1000.000000000000000 ) ;
#1925 = EDGE_CURVE ( 'NONE', #1123, #452, #1076, .T. ) ;
#1924 = DIRECTION ( 'NONE',  ( 0.000000000000000000, 0.000000000000000000, 1.000000000000000000 ) ) ;
#1926 = AXIS2_PLACEMENT_3D ( 'NONE', #972, #1674, #3012 ) ;
#1927 = FACE_OUTER_BOUND ( 'NONE', #1058, .T. ) ;
#1928 = VERTEX_POINT ( 'NONE', #2412 ) ;
#1929 = ORIENTED_EDGE ( 'NONE', *, *, #1531, .F. ) ;
#1930 = ORIENTED_EDGE ( 'NONE', *, *, #342, .T. ) ;
#1931 = VECTOR ( 'NONE', #2746, 1000.000000000000000 ) ;
#1932 = EDGE_CURVE ( 'NONE', #94, #2499, #3030, .T. ) ;
#1933 = DIRECTION ( 'NONE',  ( 0.000000000000000000, 0.000000000000000000, 1.000000000000000000 ) ) ;
#1934 = DIRECTION ( 'NONE',  ( 0.000000000000000000, 1.000000000000000000, 0.000000000000000000 ) ) ;
#1935 = AXIS2_PLACEMENT_3D ( 'NONE', #28, #2031, #1329 ) ;
#1936 = CARTESIAN_POINT ( 'NONE',  ( -258.9000000000000341, 1.000000000000000000, 78.15338146873806124 ) ) ;
#1937 = DIRECTION ( 'NONE',  ( 0.000000000000000000, 0.000000000000000000, 1.000000000000000000 ) ) ;
#1938 = PLANE ( 'NONE',  #1066 ) ;
#1939 = ORIENTED_EDGE ( 'NONE', *, *, #3487, .F. ) ;
#1940 = CARTESIAN_POINT ( 'NONE',  ( 271.3000000000000682, 0.000000000000000000, 30.00000000000000000 ) ) ;
#1941 = DIRECTION ( 'NONE',  ( -1.000000000000000000, -0.000000000000000000, 0.000000000000000000 ) ) ;
#1942 = CARTESIAN_POINT ( 'NONE',  ( 49.35968757625671799, -1.000000000000000444, 95.70000000000000284 ) ) ;
#1943 = EDGE_CURVE ( 'NONE', #4305, #4320, #2433, .T. ) ;
#1944 = VERTEX_POINT ( 'NONE', #2389 ) ;
#1945 = DIRECTION ( 'NONE',  ( 0.000000000000000000, 0.000000000000000000, 1.000000000000000000 ) ) ;
#1946 = CARTESIAN_POINT ( 'NONE',  ( 259.0000000000000000, -1.000000000000000000, 88.39999999999999147 ) ) ;
#1947 = ORIENTED_EDGE ( 'NONE', *, *, #836, .T. ) ;
#1948 = VERTEX_POINT ( 'NONE', #1425 ) ;
#1949 = VERTEX_POINT ( 'NONE', #390 ) ;
#1950 = CARTESIAN_POINT ( 'NONE',  ( 271.3000000000000682, 0.000000000000000000, 82.10000000000000853 ) ) ;
#1951 = DIRECTION ( 'NONE',  ( -0.000000000000000000, 0.000000000000000000, -1.000000000000000000 ) ) ;
#1952 = PLANE ( 'NONE',  #2454 ) ;
#1953 = PLANE ( 'NONE',  #77 ) ;
#1954 = ORIENTED_EDGE ( 'NONE', *, *, #4208, .F. ) ;
#1955 = AXIS2_PLACEMENT_3D ( 'NONE', #875, #4244, #542 ) ;
#1956 = CARTESIAN_POINT ( 'NONE',  ( -79.99999999999998579, 1.000000000000000000, 25.00000000000000000 ) ) ;
#1957 = EDGE_CURVE ( 'NONE', #1109, #2169, #4050, .T. ) ;
#1958 = LINE ( 'NONE', #3296, #2479 ) ;
#1959 = ORIENTED_EDGE ( 'NONE', *, *, #433, .T. ) ;
#1960 = ORIENTED_EDGE ( 'NONE', *, *, #451, .F. ) ;
#1961 = CARTESIAN_POINT ( 'NONE',  ( 0.000000000000000000, -1.000000000000000000, 96.00000000000000000 ) ) ;
#1962 = CARTESIAN_POINT ( 'NONE',  ( 271.0000000000000000, 1.000000000000000000, 31.84661853126193876 ) ) ;
#1963 = VERTEX_POINT ( 'NONE', #1756 ) ;
#1964 = ORIENTED_EDGE ( 'NONE', *, *, #1492, .T. ) ;
#1965 = ORIENTED_EDGE ( 'NONE', *, *, #2697, .F. ) ;
#1966 = CARTESIAN_POINT ( 'NONE',  ( -271.0000000000000000, 1.000000000000000000, 78.15338146873806124 ) ) ;
#1967 = VERTEX_POINT ( 'NONE', #2719 ) ;
#1968 = DIRECTION ( 'NONE',  ( 0.000000000000000000, 1.000000000000000000, 0.000000000000000000 ) ) ;
#1969 = VECTOR ( 'NONE', #632, 1000.000000000000000 ) ;
#1970 = FACE_OUTER_BOUND ( 'NONE', #2661, .T. ) ;
#1971 = CARTESIAN_POINT ( 'NONE',  ( 229.9999999999999716, 0.000000000000000000, 108.5000000000000000 ) ) ;
#1972 = CIRCLE ( 'NONE', #3239, 2.250000000000001776 ) ;
#1973 = ORIENTED_EDGE ( 'NONE', *, *, #2225, .T. ) ;
#1974 = AXIS2_PLACEMENT_3D ( 'NONE', #124, #1466, #2811 ) ;
#1975 = CARTESIAN_POINT ( 'NONE',  ( -50.00000000000000000, -3.000000000000000000, 108.5000000000000000 ) ) ;
#1976 = EDGE_CURVE ( 'NONE', #4259, #1789, #2106, .T. ) ;
#1977 = CARTESIAN_POINT ( 'NONE',  ( -35.00000000000000000, 0.000000000000000000, 108.0000000000000000 ) ) ;
#1978 = AXIS2_PLACEMENT_3D ( 'NONE', #3607, #2575, #3891 ) ;
#1979 = AXIS2_PLACEMENT_3D ( 'NONE', #4266, #275, #3337 ) ;
#1980 = ORIENTED_EDGE ( 'NONE', *, *, #2145, .F. ) ;
#1981 = CARTESIAN_POINT ( 'NONE',  ( -245.0000000000000000, 0.000000000000000000, 96.00000000000000000 ) ) ;
#1982 = AXIS2_PLACEMENT_3D ( 'NONE', #1202, #4155, #2874 ) ;
#1983 = CARTESIAN_POINT ( 'NONE',  ( -52.10000000000000142, -2.999999999999999556, 96.00000000000000000 ) ) ;
#1984 = CYLINDRICAL_SURFACE ( 'NONE', #1079, 2.100000000000004530 ) ;
#1985 = ORIENTED_EDGE ( 'NONE', *, *, #2846, .T. ) ;
#1986 = AXIS2_PLACEMENT_3D ( 'NONE', #1792, #3131, #3780 ) ;
#1987 = EDGE_LOOP ( 'NONE', ( #1218, #2589, #3322, #2421, #3265 ) ) ;
#1988 = EDGE_CURVE ( 'NONE', #4034, #4189, #3125, .T. ) ;
#1989 = VERTEX_POINT ( 'NONE', #3402 ) ;
#1990 = AXIS2_PLACEMENT_3D ( 'NONE', #161, #1864, #430 ) ;
#1991 = DIRECTION ( 'NONE',  ( 0.000000000000000000, 1.000000000000000000, 0.000000000000000000 ) ) ;
#1992 = ORIENTED_EDGE ( 'NONE', *, *, #1988, .F. ) ;
#1993 = CARTESIAN_POINT ( 'NONE',  ( 0.000000000000000000, -1.000000000000000000, 108.0000000000000000 ) ) ;
#1994 = EDGE_CURVE ( 'NONE', #871, #1086, #1231, .T. ) ;
#1995 = CIRCLE ( 'NONE', #1643, 2.250000000000001776 ) ;
#1996 = LINE ( 'NONE', #2298, #2662 ) ;
#1997 = DIRECTION ( 'NONE',  ( 0.000000000000000000, -1.000000000000000000, -0.000000000000000000 ) ) ;
#1998 = CIRCLE ( 'NONE', #97, 2.100000000000004530 ) ;
#1999 = ADVANCED_FACE ( 'NONE', ( #702 ), #3380, .F. ) ;
#2000 = CARTESIAN_POINT ( 'NONE',  ( 164.9999999999999716, -6.000000000000000000, 96.00000000000000000 ) ) ;
#2001 = DIRECTION ( 'NONE',  ( 0.000000000000000000, 0.000000000000000000, 1.000000000000000000 ) ) ;
#2002 = ORIENTED_EDGE ( 'NONE', *, *, #3202, .F. ) ;
#2003 = LINE ( 'NONE', #2700, #3020 ) ;
#2004 = PLANE ( 'NONE',  #1008 ) ;
#2005 = FACE_OUTER_BOUND ( 'NONE', #3065, .T. ) ;
#2006 = ORIENTED_EDGE ( 'NONE', *, *, #638, .T. ) ;
#2007 = ORIENTED_EDGE ( 'NONE', *, *, #3789, .T. ) ;
#2008 = EDGE_CURVE ( 'NONE', #2107, #468, #1463, .T. ) ;
#2009 = DIRECTION ( 'NONE',  ( -1.000000000000000000, 0.000000000000000000, 0.000000000000000000 ) ) ;
#2010 = EDGE_LOOP ( 'NONE', ( #963, #1125, #536, #3590, #3061, #3842 ) ) ;
#2011 = DIRECTION ( 'NONE',  ( 0.000000000000000000, -1.000000000000000000, -0.000000000000000000 ) ) ;
#2012 = CARTESIAN_POINT ( 'NONE',  ( 229.9999999999999716, 0.000000000000000000, 96.00000000000000000 ) ) ;
#2013 = CARTESIAN_POINT ( 'NONE',  ( 150.0000000000000000, 0.000000000000000000, 108.5000000000000000 ) ) ;
#2014 = CARTESIAN_POINT ( 'NONE',  ( 271.0000000000000000, 1.000000000000000000, 108.0000000000000000 ) ) ;
#2015 = CARTESIAN_POINT ( 'NONE',  ( -163.0000000000000000, 1.000000000000000222, 88.39999999999999147 ) ) ;
#2016 = VECTOR ( 'NONE', #3938, 1000.000000000000000 ) ;
#2017 = CYLINDRICAL_SURFACE ( 'NONE', #448, 2.099999999999990763 ) ;
#2018 = ORIENTED_EDGE ( 'NONE', *, *, #2047, .F. ) ;
#2019 = CARTESIAN_POINT ( 'NONE',  ( 258.9000000000000341, -1.000000000000000000, 0.000000000000000000 ) ) ;
#2020 = CC_DESIGN_SECURITY_CLASSIFICATION ( #4046, ( #4322 ) ) ;
#2021 = FACE_BOUND ( 'NONE', #4183, .T. ) ;
#2022 = CARTESIAN_POINT ( 'NONE',  ( 259.0000000000000000, 1.000000000000000222, 91.59999999999999432 ) ) ;
#2023 = EDGE_LOOP ( 'NONE', ( #3873, #847, #293, #3172 ) ) ;
#2024 = ORIENTED_EDGE ( 'NONE', *, *, #1607, .F. ) ;
#2025 = CYLINDRICAL_SURFACE ( 'NONE', #3184, 1.600000000000000755 ) ;
#2026 = ORIENTED_EDGE ( 'NONE', *, *, #2573, .T. ) ;
#2027 = CARTESIAN_POINT ( 'NONE',  ( 0.000000000000000000, 0.000000000000000000, 0.000000000000000000 ) ) ;
#2028 = ADVANCED_FACE ( 'NONE', ( #3472 ), #459, .T. ) ;
#2029 = DIRECTION ( 'NONE',  ( 1.000000000000000000, 0.000000000000000000, 0.000000000000000000 ) ) ;
#2030 = CARTESIAN_POINT ( 'NONE',  ( -147.9000000000000057, -3.000000000000000000, 96.00000000000000000 ) ) ;
#2031 = DIRECTION ( 'NONE',  ( 0.000000000000000000, 1.000000000000000000, 0.000000000000000000 ) ) ;
#2032 = CARTESIAN_POINT ( 'NONE',  ( 0.000000000000000000, 0.000000000000000000, 108.0000000000000000 ) ) ;
#2033 = AXIS2_PLACEMENT_3D ( 'NONE', #2128, #1421, #1709 ) ;
#2034 = EDGE_CURVE ( 'NONE', #3210, #1657, #2360, .T. ) ;
#2035 = EDGE_CURVE ( 'NONE', #2813, #726, #2413, .T. ) ;
#2036 = DIRECTION ( 'NONE',  ( 0.000000000000000000, 0.000000000000000000, 1.000000000000000000 ) ) ;
#2037 = CIRCLE ( 'NONE', #3788, 2.099999999999997868 ) ;
#2038 = CARTESIAN_POINT ( 'NONE',  ( -52.10000000000000142, -2.999999999999999556, 108.5000000000000000 ) ) ;
#2039 = VECTOR ( 'NONE', #1332, 1000.000000000000000 ) ;
#2040 = ADVANCED_FACE ( 'NONE', ( #2382 ), #1418, .F. ) ;
#2041 = ORIENTED_EDGE ( 'NONE', *, *, #2977, .T. ) ;
#2042 = FACE_BOUND ( 'NONE', #2749, .T. ) ;
#2043 = VECTOR ( 'NONE', #811, 1000.000000000000000 ) ;
#2044 = LINE ( 'NONE', #3798, #662 ) ;
#2045 = DIRECTION ( 'NONE',  ( 1.000000000000000000, 0.000000000000000000, -0.000000000000000000 ) ) ;
#2046 = EDGE_LOOP ( 'NONE', ( #2833, #3477, #4010, #2593 ) ) ;
#2047 = EDGE_CURVE ( 'NONE', #1490, #2659, #3685, .T. ) ;
#2048 = ORIENTED_EDGE ( 'NONE', *, *, #2375, .T. ) ;
#2049 = VECTOR ( 'NONE', #1296, 1000.000000000000000 ) ;
#2050 = CARTESIAN_POINT ( 'NONE',  ( 260.0000000000000000, -6.000000000000000000, 96.00000000000000000 ) ) ;
#2051 = ORIENTED_EDGE ( 'NONE', *, *, #1785, .T. ) ;
#2052 = ORIENTED_EDGE ( 'NONE', *, *, #856, .F. ) ;
#2053 = CARTESIAN_POINT ( 'NONE',  ( 256.0000000000000000, 1.000000000000000000, 84.99999999999998579 ) ) ;
#2054 = VECTOR ( 'NONE', #2776, 1000.000000000000000 ) ;
#2055 = DIRECTION ( 'NONE',  ( 0.000000000000000000, -1.000000000000000000, -0.000000000000000000 ) ) ;
#2056 = PLANE ( 'NONE',  #3613 ) ;
#2057 = DIRECTION ( 'NONE',  ( 0.000000000000000000, 0.000000000000000000, 1.000000000000000000 ) ) ;
#2058 = CIRCLE ( 'NONE', #727, 1.600000000000004086 ) ;
#2059 = EDGE_CURVE ( 'NONE', #3623, #4314, #3747, .T. ) ;
#2060 = CARTESIAN_POINT ( 'NONE',  ( 150.6403124237432962, -1.000000000000000000, 96.00000000000000000 ) ) ;
#2061 = DIRECTION ( 'NONE',  ( 0.000000000000000000, 0.000000000000000000, 1.000000000000000000 ) ) ;
#2062 = VECTOR ( 'NONE', #1104, 1000.000000000000000 ) ;
#2063 = EDGE_CURVE ( 'NONE', #1989, #2463, #4043, .T. ) ;
#2064 = CARTESIAN_POINT ( 'NONE',  ( -260.0000000000000000, -1.000000000000000000, 108.0000000000000000 ) ) ;
#2065 = EDGE_CURVE ( 'NONE', #3693, #4189, #321, .T. ) ;
#2066 = ORIENTED_EDGE ( 'NONE', *, *, #1723, .F. ) ;
#2067 = FACE_OUTER_BOUND ( 'NONE', #3808, .T. ) ;
#2068 = ADVANCED_FACE ( 'NONE', ( #1751 ), #4329, .F. ) ;
#2069 = DIRECTION ( 'NONE',  ( 0.000000000000000000, 0.000000000000000000, 1.000000000000000000 ) ) ;
#2070 = CARTESIAN_POINT ( 'NONE',  ( -120.0000000000000000, 0.000000000000000000, 84.99999999999998579 ) ) ;
#2071 = VERTEX_POINT ( 'NONE', #1352 ) ;
#2072 = VERTEX_POINT ( 'NONE', #2014 ) ;
#2073 = ORIENTED_EDGE ( 'NONE', *, *, #2353, .F. ) ;
#2074 = CARTESIAN_POINT ( 'NONE',  ( -271.0000000000000000, 1.000000000000000000, 0.000000000000000000 ) ) ;
#2075 = ORIENTED_EDGE ( 'NONE', *, *, #4116, .F. ) ;
#2076 = ORIENTED_EDGE ( 'NONE', *, *, #3147, .F. ) ;
#2077 = PERSON_AND_ORGANIZATION ( #983, #691 ) ;
#2078 = PLANE ( 'NONE',  #1685 ) ;
#2079 = CARTESIAN_POINT ( 'NONE',  ( -50.00000000000000000, -3.000000000000000000, 95.70000000000000284 ) ) ;
#2080 = DIRECTION ( 'NONE',  ( 0.000000000000000000, 0.000000000000000000, 1.000000000000000000 ) ) ;
#2081 = CARTESIAN_POINT ( 'NONE',  ( 149.3596875762567038, -1.000000000000000000, 95.70000000000000284 ) ) ;
#2082 = DIRECTION ( 'NONE',  ( -1.000000000000000000, -0.000000000000000000, 0.000000000000000000 ) ) ;
#2083 = LINE ( 'NONE', #1778, #1135 ) ;
#2084 = LINE ( 'NONE', #4073, #3193 ) ;
#2085 = ORIENTED_EDGE ( 'NONE', *, *, #3307, .F. ) ;
#2086 = EDGE_CURVE ( 'NONE', #3781, #130, #2137, .T. ) ;
#2087 = DIRECTION ( 'NONE',  ( 1.000000000000000000, 0.000000000000000000, 0.000000000000000000 ) ) ;
#2088 = LINE ( 'NONE', #3428, #3332 ) ;
#2089 = FACE_BOUND ( 'NONE', #773, .T. ) ;
#2090 = ORIENTED_EDGE ( 'NONE', *, *, #3594, .T. ) ;
#2091 = ORIENTED_EDGE ( 'NONE', *, *, #749, .T. ) ;
#2092 = VECTOR ( 'NONE', #3901, 1000.000000000000000 ) ;
#2093 = ORIENTED_EDGE ( 'NONE', *, *, #36, .T. ) ;
#2094 = DIRECTION ( 'NONE',  ( 0.000000000000000000, 0.000000000000000000, 1.000000000000000000 ) ) ;
#2095 = ORIENTED_EDGE ( 'NONE', *, *, #1549, .T. ) ;
#2096 = ORIENTED_EDGE ( 'NONE', *, *, #1238, .F. ) ;
#2097 = APPROVAL_DATE_TIME ( #1, #250 ) ;
#2098 = EDGE_CURVE ( 'NONE', #3635, #3224, #2482, .T. ) ;
#2099 = DIRECTION ( 'NONE',  ( -1.000000000000000000, -0.000000000000000000, -0.000000000000000000 ) ) ;
#2100 = DIRECTION ( 'NONE',  ( -1.000000000000000000, 0.000000000000000000, 0.000000000000000000 ) ) ;
#2101 = CARTESIAN_POINT ( 'NONE',  ( -177.5000000000000000, -1.399999999999999911, 88.39999999999999147 ) ) ;
#2102 = LINE ( 'NONE', #2081, #2903 ) ;
#2103 = ADVANCED_FACE ( 'NONE', ( #2759 ), #3701, .F. ) ;
#2104 = LINE ( 'NONE', #408, #2251 ) ;
#2105 = CARTESIAN_POINT ( 'NONE',  ( -150.0000000000000000, -3.000000000000000000, 108.5000000000000000 ) ) ;
#2106 = LINE ( 'NONE', #3449, #4019 ) ;
#2107 = VERTEX_POINT ( 'NONE', #1047 ) ;
#2108 = CIRCLE ( 'NONE', #573, 2.100000000000004530 ) ;
#2109 = EDGE_CURVE ( 'NONE', #3111, #316, #1683, .T. ) ;
#2110 = DIRECTION ( 'NONE',  ( 0.000000000000000000, 0.000000000000000000, 1.000000000000000000 ) ) ;
#2111 = LINE ( 'NONE', #772, #879 ) ;
#2112 = ORIENTED_EDGE ( 'NONE', *, *, #3232, .T. ) ;
#2113 = EDGE_LOOP ( 'NONE', ( #2681, #3148 ) ) ;
#2114 = ORIENTED_EDGE ( 'NONE', *, *, #2987, .F. ) ;
#2115 = ADVANCED_FACE ( 'NONE', ( #3024 ), #1706, .F. ) ;
#2116 = CIRCLE ( 'NONE', #2671, 1.600000000000000755 ) ;
#2117 = DIRECTION ( 'NONE',  ( 0.000000000000000000, 1.000000000000000000, 0.000000000000000000 ) ) ;
#2118 = EDGE_LOOP ( 'NONE', ( #2270, #1407, #111, #1196 ) ) ;
#2119 = ADVANCED_FACE ( 'NONE', ( #718 ), #2056, .T. ) ;
#2120 = CIRCLE ( 'NONE', #76, 2.099999999999990763 ) ;
#2121 = EDGE_LOOP ( 'NONE', ( #3085, #249, #3433, #2643 ) ) ;
#2122 = CARTESIAN_POINT ( 'NONE',  ( -247.0999999999999943, -2.999999999999999556, 96.00000000000000000 ) ) ;
#2123 = CIRCLE ( 'NONE', #2471, 1.600000000000000755 ) ;
#2124 = CARTESIAN_POINT ( 'NONE',  ( -258.9000000000000341, 0.000000000000000000, 30.00000000000000000 ) ) ;
#2125 = CARTESIAN_POINT ( 'NONE',  ( 135.0000000000000000, -6.000000000000000000, 96.00000000000000000 ) ) ;
#2126 = EDGE_CURVE ( 'NONE', #2847, #2796, #945, .T. ) ;
#2127 = VECTOR ( 'NONE', #2466, 1000.000000000000000 ) ;
#2128 = CARTESIAN_POINT ( 'NONE',  ( 258.9000000000000341, 0.000000000000000000, 30.00000000000000000 ) ) ;
#2129 = CARTESIAN_POINT ( 'NONE',  ( -259.5000000000000000, -1.000000000000000000, 90.00000000000000000 ) ) ;
#2130 = AXIS2_PLACEMENT_3D ( 'NONE', #2235, #16, #3574 ) ;
#2131 = PRODUCT_DEFINITION ( '�', '', #4322, #1552 ) ;
#2132 = DIRECTION ( 'NONE',  ( -0.000000000000000000, 1.000000000000000000, 0.000000000000000000 ) ) ;
#2133 = ORIENTED_EDGE ( 'NONE', *, *, #2518, .F. ) ;
#2134 = VECTOR ( 'NONE', #2136, 1000.000000000000000 ) ;
#2135 = CARTESIAN_POINT ( 'NONE',  ( -271.0000000000000000, 1.000000000000000000, 28.15338146873806124 ) ) ;
#2136 = DIRECTION ( 'NONE',  ( 1.000000000000000000, 0.000000000000000000, -0.000000000000000000 ) ) ;
#2137 = CIRCLE ( 'NONE', #21, 1.600000000000000755 ) ;
#2138 = ORIENTED_EDGE ( 'NONE', *, *, #1211, .T. ) ;
#2139 = ORIENTED_EDGE ( 'NONE', *, *, #2678, .T. ) ;
#2140 = EDGE_LOOP ( 'NONE', ( #2488, #3978, #2293, #400 ) ) ;
#2141 = CARTESIAN_POINT ( 'NONE',  ( 90.00000000000001421, 0.000000000000000000, 25.00000000000000000 ) ) ;
#2142 = ORIENTED_EDGE ( 'NONE', *, *, #1650, .F. ) ;
#2143 = EDGE_LOOP ( 'NONE', ( #3976, #1261, #1241, #1634 ) ) ;
#2144 = ORIENTED_EDGE ( 'NONE', *, *, #2853, .T. ) ;
#2145 = EDGE_CURVE ( 'NONE', #2996, #758, #2669, .T. ) ;
#2146 = DIRECTION ( 'NONE',  ( 0.000000000000000000, 0.000000000000000000, 1.000000000000000000 ) ) ;
#2147 = LINE ( 'NONE', #2851, #4291 ) ;
#2148 = CYLINDRICAL_SURFACE ( 'NONE', #510, 1.600000000000000755 ) ;
#2149 = DIRECTION ( 'NONE',  ( 0.000000000000000000, 0.000000000000000000, 1.000000000000000000 ) ) ;
#2150 = CARTESIAN_POINT ( 'NONE',  ( 68.00000000000000000, -1.399999999999999911, 42.74999999999999289 ) ) ;
#2151 = DIRECTION ( 'NONE',  ( 1.000000000000000000, 0.000000000000000000, 0.000000000000000000 ) ) ;
#2152 = ORIENTED_EDGE ( 'NONE', *, *, #4049, .T. ) ;
#2153 = DIRECTION ( 'NONE',  ( 0.000000000000000000, 1.000000000000000000, 0.000000000000000000 ) ) ;
#2154 = CARTESIAN_POINT ( 'NONE',  ( -163.0000000000000000, -1.000000000000000000, 18.39999999999999858 ) ) ;
#2155 = VERTEX_POINT ( 'NONE', #3121 ) ;
#2156 = VERTEX_POINT ( 'NONE', #2060 ) ;
#2157 = ORIENTED_EDGE ( 'NONE', *, *, #46, .F. ) ;
#2158 = DIRECTION ( 'NONE',  ( 0.000000000000000000, 1.000000000000000000, 0.000000000000000000 ) ) ;
#2159 = VERTEX_POINT ( 'NONE', #2805 ) ;
#2160 = VECTOR ( 'NONE', #3831, 1000.000000000000000 ) ;
#2161 = VERTEX_POINT ( 'NONE', #2785 ) ;
#2162 = ORIENTED_EDGE ( 'NONE', *, *, #4177, .F. ) ;
#2163 = DIRECTION ( 'NONE',  ( 0.000000000000000000, 0.000000000000000000, 1.000000000000000000 ) ) ;
#2164 = CARTESIAN_POINT ( 'NONE',  ( 245.6403124237432962, -1.000000000000002665, 95.70000000000000284 ) ) ;
#2165 = DIRECTION ( 'NONE',  ( 0.000000000000000000, 0.000000000000000000, -1.000000000000000000 ) ) ;
#2166 = CARTESIAN_POINT ( 'NONE',  ( -49.35968757625671799, -1.000000000000000000, 95.70000000000000284 ) ) ;
#2167 = LINE ( 'NONE', #3253, #4269 ) ;
#2168 = DIRECTION ( 'NONE',  ( 0.000000000000000000, 0.000000000000000000, 1.000000000000000000 ) ) ;
#2169 = VERTEX_POINT ( 'NONE', #2385 ) ;
#2170 = EDGE_CURVE ( 'NONE', #3177, #2563, #2452, .T. ) ;
#2171 = ORIENTED_EDGE ( 'NONE', *, *, #3215, .F. ) ;
#2172 = CARTESIAN_POINT ( 'NONE',  ( 35.00000000000000000, -3.000000000000000000, 108.5000000000000000 ) ) ;
#2173 = CARTESIAN_POINT ( 'NONE',  ( 245.0000000000000000, 0.000000000000000000, 96.00000000000000000 ) ) ;
#2174 = ORIENTED_EDGE ( 'NONE', *, *, #1291, .F. ) ;
#2175 = EDGE_CURVE ( 'NONE', #2478, #3586, #2625, .T. ) ;
#2176 = VECTOR ( 'NONE', #75, 1000.000000000000000 ) ;
#2177 = ORIENTED_EDGE ( 'NONE', *, *, #30, .F. ) ;
#2178 = ORIENTED_EDGE ( 'NONE', *, *, #521, .T. ) ;
#2179 = DIRECTION ( 'NONE',  ( 0.000000000000000000, 0.000000000000000000, -1.000000000000000000 ) ) ;
#2180 = AXIS2_PLACEMENT_3D ( 'NONE', #2507, #3843, #2179 ) ;
#2181 = FACE_OUTER_BOUND ( 'NONE', #2815, .T. ) ;
#2182 = ORIENTED_EDGE ( 'NONE', *, *, #1442, .F. ) ;
#2183 = EDGE_CURVE ( 'NONE', #2796, #991, #1097, .T. ) ;
#2184 = ORIENTED_EDGE ( 'NONE', *, *, #2673, .T. ) ;
#2185 = ORIENTED_EDGE ( 'NONE', *, *, #4185, .T. ) ;
#2186 = VECTOR ( 'NONE', #3474, 1000.000000000000000 ) ;
#2187 = CARTESIAN_POINT ( 'NONE',  ( 0.000000000000000000, 0.000000000000000000, 108.0000000000000000 ) ) ;
#2188 = CIRCLE ( 'NONE', #1978, 1.600000000000000755 ) ;
#2189 = CARTESIAN_POINT ( 'NONE',  ( -160.0000000000000000, 1.000000000000000000, 25.00000000000000000 ) ) ;
#2190 = PLANE ( 'NONE',  #865 ) ;
#2191 = VECTOR ( 'NONE', #2299, 1000.000000000000000 ) ;
#2192 = DIRECTION ( 'NONE',  ( 0.000000000000000000, 1.000000000000000000, 0.000000000000000000 ) ) ;
#2193 = DIRECTION ( 'NONE',  ( -1.000000000000000000, -0.000000000000000000, 0.000000000000000000 ) ) ;
#2194 = AXIS2_PLACEMENT_3D ( 'NONE', #2613, #1588, #3929 ) ;
#2195 = CYLINDRICAL_SURFACE ( 'NONE', #3724, 1.600000000000000755 ) ;
#2196 = ORIENTED_EDGE ( 'NONE', *, *, #3917, .F. ) ;
#2197 = VECTOR ( 'NONE', #1441, 1000.000000000000000 ) ;
#2198 = EDGE_CURVE ( 'NONE', #1278, #4081, #364, .T. ) ;
#2199 = VERTEX_POINT ( 'NONE', #2409 ) ;
#2200 = DIRECTION ( 'NONE',  ( -0.000000000000000000, 1.000000000000000000, 0.000000000000000000 ) ) ;
#2201 = VECTOR ( 'NONE', #1172, 1000.000000000000000 ) ;
#2202 = ADVANCED_FACE ( 'NONE', ( #4112 ), #3072, .F. ) ;
#2203 = CARTESIAN_POINT ( 'NONE',  ( 271.3000000000000682, -1.000000000000000000, 31.84661853126193876 ) ) ;
#2204 = CARTESIAN_POINT ( 'NONE',  ( -177.5000000000000000, -1.399999999999999911, 91.59999999999999432 ) ) ;
#2205 = CIRCLE ( 'NONE', #3115, 1.600000000000004086 ) ;
#2206 = VERTEX_POINT ( 'NONE', #434 ) ;
#2207 = ORIENTED_EDGE ( 'NONE', *, *, #622, .F. ) ;
#2208 = FACE_OUTER_BOUND ( 'NONE', #1746, .T. ) ;
#2209 = CIRCLE ( 'NONE', #2341, 2.099999999999990763 ) ;
#2210 = PLANE ( 'NONE',  #1075 ) ;
#2211 = VERTEX_POINT ( 'NONE', #1116 ) ;
#2212 = ORIENTED_EDGE ( 'NONE', *, *, #1654, .T. ) ;
#2213 = ORIENTED_EDGE ( 'NONE', *, *, #2364, .T. ) ;
#2214 = CARTESIAN_POINT ( 'NONE',  ( 87.00000000000001421, 1.000000000000000222, 20.00000000000000000 ) ) ;
#2215 = CARTESIAN_POINT ( 'NONE',  ( -229.9999999999999716, 0.000000000000000000, 96.00000000000000000 ) ) ;
#2216 = DIRECTION ( 'NONE',  ( 0.000000000000000000, 0.000000000000000000, -1.000000000000000000 ) ) ;
#2217 = CARTESIAN_POINT ( 'NONE',  ( -177.5000000000000000, -1.399999999999999911, 21.60000000000000142 ) ) ;
#2218 = DIRECTION ( 'NONE',  ( 0.000000000000000000, 0.000000000000000000, 1.000000000000000000 ) ) ;
#2219 = DIRECTION ( 'NONE',  ( -1.000000000000000000, -0.000000000000000000, 0.000000000000000000 ) ) ;
#2220 = ORIENTED_EDGE ( 'NONE', *, *, #2692, .F. ) ;
#2221 = ORIENTED_EDGE ( 'NONE', *, *, #1331, .F. ) ;
#2222 = DIRECTION ( 'NONE',  ( -1.000000000000000000, 0.000000000000000000, 0.000000000000000000 ) ) ;
#2223 = CARTESIAN_POINT ( 'NONE',  ( -258.9000000000000341, -0.9999999999999974465, 81.84661853126195297 ) ) ;
#2224 = DIRECTION ( 'NONE',  ( 0.000000000000000000, 0.000000000000000000, 1.000000000000000000 ) ) ;
#2225 = EDGE_CURVE ( 'NONE', #1490, #490, #53, .T. ) ;
#2226 = VERTEX_POINT ( 'NONE', #2431 ) ;
#2227 = DIRECTION ( 'NONE',  ( -1.000000000000000000, -0.000000000000000000, 0.000000000000000000 ) ) ;
#2228 = CARTESIAN_POINT ( 'NONE',  ( 271.3000000000000682, 0.000000000000000000, 80.00000000000000000 ) ) ;
#2229 = ORIENTED_EDGE ( 'NONE', *, *, #4012, .T. ) ;
#2230 = VERTEX_POINT ( 'NONE', #3446 ) ;
#2231 = EDGE_CURVE ( 'NONE', #508, #2632, #3367, .T. ) ;
#2232 = EDGE_LOOP ( 'NONE', ( #1852, #2095, #4209, #1471, #3482 ) ) ;
#2233 = FACE_OUTER_BOUND ( 'NONE', #3822, .T. ) ;
#2234 = VECTOR ( 'NONE', #3507, 1000.000000000000000 ) ;
#2235 = CARTESIAN_POINT ( 'NONE',  ( -245.0000000000000000, -3.000000000000000000, 95.70000000000000284 ) ) ;
#2236 = DIRECTION ( 'NONE',  ( -1.000000000000000000, -0.000000000000000000, 0.000000000000000000 ) ) ;
#2237 = LINE ( 'NONE', #2166, #2867 ) ;
#2238 = ADVANCED_FACE ( 'NONE', ( #1777 ), #1138, .T. ) ;
#2239 = CARTESIAN_POINT ( 'NONE',  ( -177.5000000000000000, 1.000000000000000222, 90.00000000000000000 ) ) ;
#2240 = AXIS2_PLACEMENT_3D ( 'NONE', #1642, #3998, #3941 ) ;
#2241 = DIRECTION ( 'NONE',  ( 0.000000000000000000, 1.000000000000000000, 0.000000000000000000 ) ) ;
#2242 = ORIENTED_EDGE ( 'NONE', *, *, #3329, .F. ) ;
#2243 = EDGE_CURVE ( 'NONE', #798, #381, #2104, .T. ) ;
#2244 = PLANE ( 'NONE',  #74 ) ;
#2245 = CARTESIAN_POINT ( 'NONE',  ( -50.00000000000000000, 0.000000000000000000, 108.5000000000000000 ) ) ;
#2246 = CARTESIAN_POINT ( 'NONE',  ( -260.0000000000000000, -1.000000000000000000, 0.000000000000000000 ) ) ;
#2247 = EDGE_CURVE ( 'NONE', #841, #3194, #1049, .T. ) ;
#2248 = ORIENTED_EDGE ( 'NONE', *, *, #3458, .F. ) ;
#2249 = DIRECTION ( 'NONE',  ( 1.000000000000000000, 0.000000000000000000, 0.000000000000000000 ) ) ;
#2250 = CARTESIAN_POINT ( 'NONE',  ( 229.9999999999999716, -3.000000000000000000, 108.5000000000000000 ) ) ;
#2251 = VECTOR ( 'NONE', #2475, 1000.000000000000000 ) ;
#2252 = ORIENTED_EDGE ( 'NONE', *, *, #506, .F. ) ;
#2253 = ORIENTED_EDGE ( 'NONE', *, *, #2258, .F. ) ;
#2254 = ORIENTED_EDGE ( 'NONE', *, *, #2678, .F. ) ;
#2255 = VECTOR ( 'NONE', #470, 1000.000000000000000 ) ;
#2256 = CIRCLE ( 'NONE', #1547, 1.600000000000000755 ) ;
#2257 = LINE ( 'NONE', #3828, #3356 ) ;
#2258 = EDGE_CURVE ( 'NONE', #3210, #2931, #2737, .T. ) ;
#2259 = DIRECTION ( 'NONE',  ( 0.000000000000000000, 0.000000000000000000, -1.000000000000000000 ) ) ;
#2260 = CARTESIAN_POINT ( 'NONE',  ( 0.000000000000000000, -1.000000000000000000, 96.00000000000000000 ) ) ;
#2261 = CIRCLE ( 'NONE', #1835, 1.600000000000004086 ) ;
#2262 = LINE ( 'NONE', #3290, #2529 ) ;
#2263 = DIRECTION ( 'NONE',  ( -0.000000000000000000, 1.000000000000000000, 0.000000000000000000 ) ) ;
#2264 = AXIS2_PLACEMENT_3D ( 'NONE', #548, #2856, #2521 ) ;
#2265 = EDGE_CURVE ( 'NONE', #2796, #2847, #3987, .T. ) ;
#2266 = ORIENTED_EDGE ( 'NONE', *, *, #2955, .T. ) ;
#2267 = FACE_OUTER_BOUND ( 'NONE', #114, .T. ) ;
#2268 = LINE ( 'NONE', #663, #3608 ) ;
#2269 = CARTESIAN_POINT ( 'NONE',  ( -164.9999999999999716, 0.000000000000000000, 96.00000000000000000 ) ) ;
#2270 = ORIENTED_EDGE ( 'NONE', *, *, #1621, .F. ) ;
#2271 = CIRCLE ( 'NONE', #366, 2.100000000000000977 ) ;
#2272 = CARTESIAN_POINT ( 'NONE',  ( -245.6403124237432962, -1.000000000000000000, 95.70000000000000284 ) ) ;
#2273 = PLANE ( 'NONE',  #1847 ) ;
#2274 = ORIENTED_EDGE ( 'NONE', *, *, #2109, .T. ) ;
#2275 = ORIENTED_EDGE ( 'NONE', *, *, #1791, .F. ) ;
#2276 = ORIENTED_EDGE ( 'NONE', *, *, #1712, .F. ) ;
#2277 = CARTESIAN_POINT ( 'NONE',  ( -163.0000000000000000, 1.000000000000000222, 18.39999999999999858 ) ) ;
#2278 = DIRECTION ( 'NONE',  ( -0.000000000000000000, 0.000000000000000000, -1.000000000000000000 ) ) ;
#2279 = AXIS2_PLACEMENT_3D ( 'NONE', #3051, #6, #4091 ) ;
#2280 = DIRECTION ( 'NONE',  ( 0.000000000000000000, 0.000000000000000000, -1.000000000000000000 ) ) ;
#2281 = EDGE_CURVE ( 'NONE', #2841, #1539, #2526, .T. ) ;
#2282 = CARTESIAN_POINT ( 'NONE',  ( 65.00000000000000000, -6.000000000000000000, 108.5000000000000000 ) ) ;
#2283 = DIRECTION ( 'NONE',  ( 0.000000000000000000, 0.000000000000000000, 1.000000000000000000 ) ) ;
#2284 = ORIENTED_EDGE ( 'NONE', *, *, #832, .T. ) ;
#2285 = DIRECTION ( 'NONE',  ( -0.000000000000000000, 0.000000000000000000, -1.000000000000000000 ) ) ;
#2286 = DIRECTION ( 'NONE',  ( 0.000000000000000000, 0.000000000000000000, 1.000000000000000000 ) ) ;
#2287 = VERTEX_POINT ( 'NONE', #4094 ) ;
#2288 = ORIENTED_EDGE ( 'NONE', *, *, #2086, .F. ) ;
#2289 = DIRECTION ( 'NONE',  ( 0.000000000000000000, -1.000000000000000000, -0.000000000000000000 ) ) ;
#2290 = DIRECTION ( 'NONE',  ( 0.000000000000000000, 0.000000000000000000, 1.000000000000000000 ) ) ;
#2291 = ORIENTED_EDGE ( 'NONE', *, *, #1077, .F. ) ;
#2292 = ORIENTED_EDGE ( 'NONE', *, *, #4119, .T. ) ;
#2293 = ORIENTED_EDGE ( 'NONE', *, *, #9, .T. ) ;
#2294 = PLANE ( 'NONE',  #653 ) ;
#2295 = ORIENTED_EDGE ( 'NONE', *, *, #2823, .T. ) ;
#2296 =( NAMED_UNIT ( * ) PLANE_ANGLE_UNIT ( ) SI_UNIT ( $, .RADIAN. ) );
#2297 = EDGE_CURVE ( 'NONE', #349, #2499, #2384, .T. ) ;
#2298 = CARTESIAN_POINT ( 'NONE',  ( 35.00000000000000000, -1.000000000000000000, 0.000000000000000000 ) ) ;
#2299 = DIRECTION ( 'NONE',  ( 1.000000000000000000, 0.000000000000000000, -0.000000000000000000 ) ) ;
#2300 = EDGE_LOOP ( 'NONE', ( #2956, #3409 ) ) ;
#2301 = CARTESIAN_POINT ( 'NONE',  ( 0.000000000000000000, -1.000000000000000000, 96.00000000000000000 ) ) ;
#2302 = ADVANCED_FACE ( 'NONE', ( #3139 ), #810, .F. ) ;
#2303 = CARTESIAN_POINT ( 'NONE',  ( -256.0000000000000000, 1.000000000000000000, 0.000000000000000000 ) ) ;
#2304 = EDGE_LOOP ( 'NONE', ( #1954, #1513, #1283, #3163 ) ) ;
#2305 = PLANE ( 'NONE',  #496 ) ;
#2306 = EDGE_CURVE ( 'NONE', #3261, #535, #4047, .T. ) ;
#2307 = CARTESIAN_POINT ( 'NONE',  ( -35.00000000000000000, -3.000000000000000000, 96.00000000000000000 ) ) ;
#2308 = DIRECTION ( 'NONE',  ( -0.000000000000000000, 1.000000000000000000, 0.000000000000000000 ) ) ;
#2309 = ORIENTED_EDGE ( 'NONE', *, *, #3751, .T. ) ;
#2310 = EDGE_LOOP ( 'NONE', ( #1186, #2252 ) ) ;
#2311 = ORIENTED_EDGE ( 'NONE', *, *, #1267, .F. ) ;
#2312 = AXIS2_PLACEMENT_3D ( 'NONE', #716, #1517, #1495 ) ;
#2313 = ADVANCED_FACE ( 'NONE', ( #2544 ), #2587, .T. ) ;
#2314 = FACE_OUTER_BOUND ( 'NONE', #1882, .T. ) ;
#2315 = ORIENTED_EDGE ( 'NONE', *, *, #3339, .F. ) ;
#2316 = DIRECTION ( 'NONE',  ( -1.000000000000000000, 0.000000000000000000, 0.000000000000000000 ) ) ;
#2317 = MANIFOLD_SOLID_BREP ( 'V11 upper structural edge retaining the approved I/O order', #5 ) ;
#2318 = AXIS2_PLACEMENT_3D ( 'NONE', #3143, #83, #2458 ) ;
#2319 = FACE_OUTER_BOUND ( 'NONE', #144, .T. ) ;
#2320 = LINE ( 'NONE', #2962, #3103 ) ;
#2321 = AXIS2_PLACEMENT_3D ( 'NONE', #1975, #680, #3319 ) ;
#2322 = VECTOR ( 'NONE', #2986, 1000.000000000000000 ) ;
#2323 = DIRECTION ( 'NONE',  ( 0.000000000000000000, 1.000000000000000000, 0.000000000000000000 ) ) ;
#2324 = EDGE_CURVE ( 'NONE', #1129, #3693, #212, .T. ) ;
#2325 = CARTESIAN_POINT ( 'NONE',  ( -147.9000000000000057, -3.000000000000000000, 108.5000000000000000 ) ) ;
#2326 = CIRCLE ( 'NONE', #2194, 2.099999999999990763 ) ;
#2327 = VECTOR ( 'NONE', #2219, 1000.000000000000000 ) ;
#2328 = VERTEX_POINT ( 'NONE', #4158 ) ;
#2329 = EDGE_CURVE ( 'NONE', #1272, #3551, #1620, .T. ) ;
#2330 = CYLINDRICAL_SURFACE ( 'NONE', #3164, 2.099999999999990763 ) ;
#2331 = DIRECTION ( 'NONE',  ( 0.000000000000000000, 0.000000000000000000, -1.000000000000000000 ) ) ;
#2332 = LINE ( 'NONE', #3080, #303 ) ;
#2333 = ORIENTED_EDGE ( 'NONE', *, *, #2243, .T. ) ;
#2334 = AXIS2_PLACEMENT_3D ( 'NONE', #4344, #1724, #42 ) ;
#2335 = EDGE_LOOP ( 'NONE', ( #2309, #3966, #796, #1929 ) ) ;
#2336 = ADVANCED_FACE ( 'NONE', ( #830 ), #3185, .F. ) ;
#2337 = VECTOR ( 'NONE', #3991, 1000.000000000000000 ) ;
#2338 = DIRECTION ( 'NONE',  ( -1.000000000000000000, -0.000000000000000000, 0.000000000000000000 ) ) ;
#2339 = ORIENTED_EDGE ( 'NONE', *, *, #4278, .F. ) ;
#2340 = CARTESIAN_POINT ( 'NONE',  ( 244.3596875762567038, -1.000000000000002665, 95.70000000000000284 ) ) ;
#2341 = AXIS2_PLACEMENT_3D ( 'NONE', #862, #1537, #2883 ) ;
#2342 = DIRECTION ( 'NONE',  ( 0.000000000000000000, 0.000000000000000000, 1.000000000000000000 ) ) ;
#2343 = FACE_OUTER_BOUND ( 'NONE', #1615, .T. ) ;
#2344 = VECTOR ( 'NONE', #1392, 1000.000000000000000 ) ;
#2345 = DIRECTION ( 'NONE',  ( -1.000000000000000000, -0.000000000000000000, 0.000000000000000000 ) ) ;
#2346 = CARTESIAN_POINT ( 'NONE',  ( 35.00000000000000000, -6.000000000000000000, 108.5000000000000000 ) ) ;
#2347 = CARTESIAN_POINT ( 'NONE',  ( 258.9000000000000341, -1.000000000000000000, 0.000000000000000000 ) ) ;
#2348 = ORIENTED_EDGE ( 'NONE', *, *, #812, .F. ) ;
#2349 = FACE_OUTER_BOUND ( 'NONE', #2775, .T. ) ;
#2350 = DIRECTION ( 'NONE',  ( 0.000000000000000000, 0.000000000000000000, 1.000000000000000000 ) ) ;
#2351 = CARTESIAN_POINT ( 'NONE',  ( -245.0000000000000000, -3.000000000000000000, 108.5000000000000000 ) ) ;
#2352 = ORIENTED_EDGE ( 'NONE', *, *, #1150, .T. ) ;
#2353 = EDGE_CURVE ( 'NONE', #726, #3781, #1912, .T. ) ;
#2354 = ORIENTED_EDGE ( 'NONE', *, *, #3727, .F. ) ;
#2355 = CARTESIAN_POINT ( 'NONE',  ( 259.0000000000000000, -1.000000000000000000, 91.59999999999999432 ) ) ;
#2356 = ORIENTED_EDGE ( 'NONE', *, *, #3889, .T. ) ;
#2357 = COORDINATED_UNIVERSAL_TIME_OFFSET ( 8, 0, .AHEAD. ) ;
#2358 = CARTESIAN_POINT ( 'NONE',  ( 50.00000000000000000, -3.000000000000000000, 95.70000000000000284 ) ) ;
#2359 = DIRECTION ( 'NONE',  ( 0.000000000000000000, -1.000000000000000000, 0.000000000000000000 ) ) ;
#2360 = LINE ( 'NONE', #1070, #241 ) ;
#2361 = CARTESIAN_POINT ( 'NONE',  ( 245.0000000000000000, -6.000000000000000000, 96.00000000000000000 ) ) ;
#2362 = EDGE_CURVE ( 'NONE', #3132, #3511, #1233, .T. ) ;
#2363 = CARTESIAN_POINT ( 'NONE',  ( -79.99999999999998579, -1.000000000000000000, 0.000000000000000000 ) ) ;
#2364 = EDGE_CURVE ( 'NONE', #2748, #1109, #2167, .T. ) ;
#2365 = VECTOR ( 'NONE', #1478, 1000.000000000000000 ) ;
#2366 = DIRECTION ( 'NONE',  ( -0.000000000000000000, 1.000000000000000000, 0.000000000000000000 ) ) ;
#2367 = EDGE_LOOP ( 'NONE', ( #2096, #198, #276, #2506, #2352, #3866 ) ) ;
#2368 = DIRECTION ( 'NONE',  ( 0.000000000000000000, 0.000000000000000000, 1.000000000000000000 ) ) ;
#2369 = DIRECTION ( 'NONE',  ( 0.000000000000000000, 0.000000000000000000, 1.000000000000000000 ) ) ;
#2370 = DIRECTION ( 'NONE',  ( 0.000000000000000000, 0.000000000000000000, 1.000000000000000000 ) ) ;
#2371 = ORIENTED_EDGE ( 'NONE', *, *, #2705, .T. ) ;
#2372 = EDGE_LOOP ( 'NONE', ( #3298, #1676, #4018, #3896 ) ) ;
#2373 = CARTESIAN_POINT ( 'NONE',  ( 150.0000000000000000, -3.000000000000000000, 95.70000000000000284 ) ) ;
#2374 = ORIENTED_EDGE ( 'NONE', *, *, #3545, .F. ) ;
#2375 = EDGE_CURVE ( 'NONE', #4081, #3106, #3508, .T. ) ;
#2376 = VERTEX_POINT ( 'NONE', #2569 ) ;
#2377 = PERSON_AND_ORGANIZATION_ROLE ( 'design_supplier' ) ;
#2378 = CARTESIAN_POINT ( 'NONE',  ( 260.0000000000000000, 0.000000000000000000, 108.0000000000000000 ) ) ;
#2379 = ADVANCED_FACE ( 'NONE', ( #1841 ), #547, .F. ) ;
#2380 = FACE_OUTER_BOUND ( 'NONE', #2822, .T. ) ;
#2381 = EDGE_CURVE ( 'NONE', #1252, #3063, #1889, .T. ) ;
#2382 = FACE_OUTER_BOUND ( 'NONE', #503, .T. ) ;
#2383 = CARTESIAN_POINT ( 'NONE',  ( -258.9000000000000341, 0.000000000000000000, 30.00000000000000000 ) ) ;
#2384 = CIRCLE ( 'NONE', #2736, 1.600000000000000755 ) ;
#2385 = CARTESIAN_POINT ( 'NONE',  ( 229.9999999999999716, -1.000000000000000000, 108.0000000000000000 ) ) ;
#2386 = EDGE_CURVE ( 'NONE', #4324, #2328, #2924, .T. ) ;
#2387 = CARTESIAN_POINT ( 'NONE',  ( 150.0000000000000000, -3.000000000000000000, 108.5000000000000000 ) ) ;
#2388 = AXIS2_PLACEMENT_3D ( 'NONE', #2732, #3744, #843 ) ;
#2389 = CARTESIAN_POINT ( 'NONE',  ( 135.0000000000000000, -1.000000000000000000, 96.00000000000000000 ) ) ;
#2390 = AXIS2_PLACEMENT_3D ( 'NONE', #3401, #1462, #2764 ) ;
#2391 = VERTEX_POINT ( 'NONE', #3488 ) ;
#2392 = CARTESIAN_POINT ( 'NONE',  ( -60.00000000000000000, -1.399999999999999911, 42.74999999999999289 ) ) ;
#2393 = CIRCLE ( 'NONE', #2264, 1.600000000000000755 ) ;
#2394 = DIRECTION ( 'NONE',  ( 1.000000000000000000, 0.000000000000000000, 0.000000000000000000 ) ) ;
#2395 = DIRECTION ( 'NONE',  ( 0.000000000000000000, -1.000000000000000000, 0.000000000000000000 ) ) ;
#2396 = ORIENTED_EDGE ( 'NONE', *, *, #85, .F. ) ;
#2397 = EDGE_LOOP ( 'NONE', ( #3525, #4126, #2926, #1894, #1519, #2184, #2642, #2599 ) ) ;
#2398 = LINE ( 'NONE', #1744, #2615 ) ;
#2399 = ORIENTED_EDGE ( 'NONE', *, *, #2829, .T. ) ;
#2400 = ORIENTED_EDGE ( 'NONE', *, *, #2660, .F. ) ;
#2401 =( NAMED_UNIT ( * ) SI_UNIT ( $, .STERADIAN. ) SOLID_ANGLE_UNIT ( ) );
#2402 = DIRECTION ( 'NONE',  ( -1.000000000000000000, -0.000000000000000000, -0.000000000000000000 ) ) ;
#2403 = VECTOR ( 'NONE', #2865, 1000.000000000000000 ) ;
#2404 = DIRECTION ( 'NONE',  ( 0.000000000000000000, 0.000000000000000000, -1.000000000000000000 ) ) ;
#2405 = DIRECTION ( 'NONE',  ( 0.000000000000000000, 0.000000000000000000, -1.000000000000000000 ) ) ;
#2406 = CARTESIAN_POINT ( 'NONE',  ( -256.0000000000000000, -1.000000000000000000, 84.99999999999998579 ) ) ;
#2407 = VECTOR ( 'NONE', #2747, 1000.000000000000000 ) ;
#2408 = ADVANCED_FACE ( 'NONE', ( #475 ), #854, .T. ) ;
#2409 = CARTESIAN_POINT ( 'NONE',  ( -77.00000000000000000, 1.000000000000000222, 18.39999999999999858 ) ) ;
#2410 = DIRECTION ( 'NONE',  ( 0.000000000000000000, 0.000000000000000000, -1.000000000000000000 ) ) ;
#2411 = AXIS2_PLACEMENT_3D ( 'NONE', #220, #2503, #3906 ) ;
#2412 = CARTESIAN_POINT ( 'NONE',  ( -77.00000000000000000, 1.000000000000000222, 21.60000000000000142 ) ) ;
#2413 = CIRCLE ( 'NONE', #4233, 1.600000000000000755 ) ;
#2414 = VERTEX_POINT ( 'NONE', #497 ) ;
#2415 = CARTESIAN_POINT ( 'NONE',  ( 164.9999999999999716, -1.000000000000000000, 108.0000000000000000 ) ) ;
#2416 = LINE ( 'NONE', #1786, #3951 ) ;
#2417 = CARTESIAN_POINT ( 'NONE',  ( 271.0000000000000000, 0.000000000000000000, 80.00000000000000000 ) ) ;
#2418 = ORIENTED_EDGE ( 'NONE', *, *, #339, .T. ) ;
#2419 = ADVANCED_FACE ( 'NONE', ( #4248 ), #3902, .T. ) ;
#2420 = ORIENTED_EDGE ( 'NONE', *, *, #4116, .T. ) ;
#2421 = ORIENTED_EDGE ( 'NONE', *, *, #1154, .T. ) ;
#2422 = CARTESIAN_POINT ( 'NONE',  ( -260.0000000000000000, -3.000000000000000000, 96.00000000000000000 ) ) ;
#2423 = ORIENTED_EDGE ( 'NONE', *, *, #3009, .F. ) ;
#2424 = ORIENTED_EDGE ( 'NONE', *, *, #1798, .T. ) ;
#2425 = PERSON_AND_ORGANIZATION ( #983, #691 ) ;
#2426 = CARTESIAN_POINT ( 'NONE',  ( -135.0000000000000000, 0.000000000000000000, 108.0000000000000000 ) ) ;
#2427 = CARTESIAN_POINT ( 'NONE',  ( -258.9000000000000341, 1.000000000000000000, 0.000000000000000000 ) ) ;
#2428 = CARTESIAN_POINT ( 'NONE',  ( 0.000000000000000000, 0.000000000000000000, 0.000000000000000000 ) ) ;
#2429 = DIRECTION ( 'NONE',  ( 0.000000000000000000, 0.000000000000000000, 1.000000000000000000 ) ) ;
#2430 = EDGE_CURVE ( 'NONE', #2976, #1170, #4335, .T. ) ;
#2431 = CARTESIAN_POINT ( 'NONE',  ( -135.0000000000000000, -6.000000000000000000, 108.5000000000000000 ) ) ;
#2432 = CARTESIAN_POINT ( 'NONE',  ( -77.00000000000000000, -1.000000000000000000, 91.59999999999999432 ) ) ;
#2433 = LINE ( 'NONE', #80, #664 ) ;
#2434 = EDGE_LOOP ( 'NONE', ( #1411, #4288 ) ) ;
#2435 = DIRECTION ( 'NONE',  ( -0.000000000000000000, 1.000000000000000000, 0.000000000000000000 ) ) ;
#2436 = ADVANCED_FACE ( 'NONE', ( #1820 ), #3159, .F. ) ;
#2437 = VECTOR ( 'NONE', #2564, 1000.000000000000000 ) ;
#2438 = FACE_OUTER_BOUND ( 'NONE', #2814, .T. ) ;
#2439 = ORIENTED_EDGE ( 'NONE', *, *, #2324, .T. ) ;
#2440 = ORIENTED_EDGE ( 'NONE', *, *, #3871, .T. ) ;
#2441 = LOCAL_TIME ( 16, 1, 3.000000000000000000, #1092 ) ;
#2442 = ORIENTED_EDGE ( 'NONE', *, *, #2353, .T. ) ;
#2443 = EDGE_CURVE ( 'NONE', #540, #3916, #3089, .T. ) ;
#2444 = CARTESIAN_POINT ( 'NONE',  ( -244.3596875762567038, -1.000000000000000000, 95.70000000000000284 ) ) ;
#2445 = ORIENTED_EDGE ( 'NONE', *, *, #3682, .T. ) ;
#2446 = VERTEX_POINT ( 'NONE', #1622 ) ;
#2447 = COORDINATED_UNIVERSAL_TIME_OFFSET ( 8, 0, .AHEAD. ) ;
#2448 = DIRECTION ( 'NONE',  ( 0.000000000000000000, 0.000000000000000000, -1.000000000000000000 ) ) ;
#2449 = PRODUCT ( 'UpperEdge_V11_P9_Handle_ShellJoints', 'UpperEdge_V11_P9_Handle_ShellJoints', '', ( #333 ) ) ;
#2450 = FACE_OUTER_BOUND ( 'NONE', #2675, .T. ) ;
#2451 = FACE_OUTER_BOUND ( 'NONE', #3351, .T. ) ;
#2452 = LINE ( 'NONE', #3400, #168 ) ;
#2453 = DIRECTION ( 'NONE',  ( 1.000000000000000000, 0.000000000000000000, -0.000000000000000000 ) ) ;
#2454 = AXIS2_PLACEMENT_3D ( 'NONE', #4307, #3271, #3314 ) ;
#2455 = DIRECTION ( 'NONE',  ( 0.000000000000000000, 0.000000000000000000, 1.000000000000000000 ) ) ;
#2456 = ORIENTED_EDGE ( 'NONE', *, *, #749, .F. ) ;
#2457 = VECTOR ( 'NONE', #1854, 1000.000000000000000 ) ;
#2458 = DIRECTION ( 'NONE',  ( 0.000000000000000000, 0.000000000000000000, 1.000000000000000000 ) ) ;
#2459 = CYLINDRICAL_SURFACE ( 'NONE', #305, 2.099999999999990763 ) ;
#2460 = AXIS2_PLACEMENT_3D ( 'NONE', #365, #277, #3054 ) ;
#2461 = ORIENTED_EDGE ( 'NONE', *, *, #1039, .F. ) ;
#2462 = ADVANCED_FACE ( 'NONE', ( #335 ), #1952, .T. ) ;
#2463 = VERTEX_POINT ( 'NONE', #1664 ) ;
#2464 = EDGE_LOOP ( 'NONE', ( #804, #3935, #1616, #4085 ) ) ;
#2465 = AXIS2_PLACEMENT_3D ( 'NONE', #1890, #3600, #2588 ) ;
#2466 = DIRECTION ( 'NONE',  ( -1.000000000000000000, 0.000000000000000000, 0.000000000000000000 ) ) ;
#2467 = ORIENTED_EDGE ( 'NONE', *, *, #3980, .T. ) ;
#2468 = AXIS2_PLACEMENT_3D ( 'NONE', #928, #244, #2592 ) ;
#2469 = ORIENTED_EDGE ( 'NONE', *, *, #693, .T. ) ;
#2470 = PLANE ( 'NONE',  #578 ) ;
#2471 = AXIS2_PLACEMENT_3D ( 'NONE', #1505, #1460, #4176 ) ;
#2472 = DIRECTION ( 'NONE',  ( 0.000000000000000000, 0.000000000000000000, 1.000000000000000000 ) ) ;
#2473 = DIRECTION ( 'NONE',  ( 1.000000000000000000, 0.000000000000000000, -0.000000000000000000 ) ) ;
#2474 = CARTESIAN_POINT ( 'NONE',  ( -229.9999999999999716, -1.000000000000000000, 96.00000000000000000 ) ) ;
#2475 = DIRECTION ( 'NONE',  ( 0.000000000000000000, -1.000000000000000000, -0.000000000000000000 ) ) ;
#2476 = LINE ( 'NONE', #458, #1626 ) ;
#2477 = AXIS2_PLACEMENT_3D ( 'NONE', #3786, #1796, #1504 ) ;
#2478 = VERTEX_POINT ( 'NONE', #318 ) ;
#2479 = VECTOR ( 'NONE', #3646, 1000.000000000000000 ) ;
#2480 = CARTESIAN_POINT ( 'NONE',  ( 259.0000000000000000, -1.000000000000000000, 90.00000000000000000 ) ) ;
#2481 = DIRECTION ( 'NONE',  ( -1.000000000000000000, -0.000000000000000000, 0.000000000000000000 ) ) ;
#2482 = CIRCLE ( 'NONE', #3050, 2.099999999999990763 ) ;
#2483 = ORIENTED_EDGE ( 'NONE', *, *, #3162, .F. ) ;
#2484 = ORIENTED_EDGE ( 'NONE', *, *, #3925, .F. ) ;
#2485 = EDGE_LOOP ( 'NONE', ( #2178, #1315, #3436, #149 ) ) ;
#2486 = EDGE_CURVE ( 'NONE', #216, #1292, #2690, .T. ) ;
#2487 = CARTESIAN_POINT ( 'NONE',  ( 65.00000000000000000, -3.000000000000000000, 108.5000000000000000 ) ) ;
#2488 = ORIENTED_EDGE ( 'NONE', *, *, #2889, .F. ) ;
#2489 = ORIENTED_EDGE ( 'NONE', *, *, #2047, .T. ) ;
#2490 = ORIENTED_EDGE ( 'NONE', *, *, #652, .T. ) ;
#2491 = CARTESIAN_POINT ( 'NONE',  ( 271.0000000000000000, 0.000000000000000000, 30.00000000000000000 ) ) ;
#2492 = ADVANCED_FACE ( 'NONE', ( #3001 ), #3620, .F. ) ;
#2493 = FACE_OUTER_BOUND ( 'NONE', #3305, .T. ) ;
#2494 = DIRECTION ( 'NONE',  ( -1.000000000000000000, -0.000000000000000000, 0.000000000000000000 ) ) ;
#2495 = CARTESIAN_POINT ( 'NONE',  ( -60.00000000000000000, 1.000000000000000222, 42.74999999999999289 ) ) ;
#2496 = CARTESIAN_POINT ( 'NONE',  ( -271.0000000000000000, 0.000000000000000000, 80.00000000000000000 ) ) ;
#2497 = DIRECTION ( 'NONE',  ( 1.000000000000000000, 0.000000000000000000, -0.000000000000000000 ) ) ;
#2498 = EDGE_CURVE ( 'NONE', #1109, #3680, #3640, .T. ) ;
#2499 = VERTEX_POINT ( 'NONE', #3022 ) ;
#2500 = ORIENTED_EDGE ( 'NONE', *, *, #101, .T. ) ;
#2501 = FACE_OUTER_BOUND ( 'NONE', #1303, .T. ) ;
#2502 = EDGE_CURVE ( 'NONE', #391, #3245, #4022, .T. ) ;
#2503 = DIRECTION ( 'NONE',  ( 0.000000000000000000, -1.000000000000000000, -0.000000000000000000 ) ) ;
#2504 = ORIENTED_EDGE ( 'NONE', *, *, #3751, .F. ) ;
#2505 = ORIENTED_EDGE ( 'NONE', *, *, #2175, .F. ) ;
#2506 = ORIENTED_EDGE ( 'NONE', *, *, #4177, .T. ) ;
#2507 = CARTESIAN_POINT ( 'NONE',  ( -60.00000000000000000, -1.000000000000000000, 45.00000000000000000 ) ) ;
#2508 = DIRECTION ( 'NONE',  ( -0.000000000000000000, 1.000000000000000000, 0.000000000000000000 ) ) ;
#2509 = ORIENTED_EDGE ( 'NONE', *, *, #1011, .F. ) ;
#2510 = AXIS2_PLACEMENT_3D ( 'NONE', #1577, #4153, #2920 ) ;
#2511 = ORIENTED_EDGE ( 'NONE', *, *, #622, .T. ) ;
#2512 = ORIENTED_EDGE ( 'NONE', *, *, #2906, .F. ) ;
#2513 = CARTESIAN_POINT ( 'NONE',  ( -244.3596875762567038, -1.000000000000000000, 96.00000000000000000 ) ) ;
#2514 = EDGE_CURVE ( 'NONE', #2996, #156, #1996, .T. ) ;
#2515 = CARTESIAN_POINT ( 'NONE',  ( 0.000000000000000000, 1.000000000000000000, 84.99999999999998579 ) ) ;
#2516 = DIRECTION ( 'NONE',  ( 0.000000000000000000, 0.000000000000000000, -1.000000000000000000 ) ) ;
#2517 = CARTESIAN_POINT ( 'NONE',  ( 90.00000000000001421, 0.000000000000000000, 84.99999999999998579 ) ) ;
#2518 = EDGE_CURVE ( 'NONE', #2287, #923, #2262, .T. ) ;
#2519 = DIRECTION ( 'NONE',  ( 0.000000000000000000, 0.000000000000000000, 1.000000000000000000 ) ) ;
#2520 = EDGE_CURVE ( 'NONE', #1883, #3083, #2952, .T. ) ;
#2521 = DIRECTION ( 'NONE',  ( 0.000000000000000000, 0.000000000000000000, 1.000000000000000000 ) ) ;
#2522 = ORIENTED_EDGE ( 'NONE', *, *, #142, .F. ) ;
#2523 = EDGE_CURVE ( 'NONE', #2886, #3586, #3598, .T. ) ;
#2524 = ORIENTED_EDGE ( 'NONE', *, *, #2586, .F. ) ;
#2525 = FACE_BOUND ( 'NONE', #500, .T. ) ;
#2526 = CIRCLE ( 'NONE', #2033, 2.100000000000000977 ) ;
#2527 = DIRECTION ( 'NONE',  ( 0.000000000000000000, 0.000000000000000000, 1.000000000000000000 ) ) ;
#2528 = CARTESIAN_POINT ( 'NONE',  ( 259.0000000000000000, 1.000000000000000222, 90.00000000000000000 ) ) ;
#2529 = VECTOR ( 'NONE', #4265, 1000.000000000000000 ) ;
#2530 = EDGE_CURVE ( 'NONE', #3633, #1764, #63, .T. ) ;
#2531 = ORIENTED_EDGE ( 'NONE', *, *, #2842, .T. ) ;
#2532 = VERTEX_POINT ( 'NONE', #593 ) ;
#2533 = CARTESIAN_POINT ( 'NONE',  ( 68.00000000000000000, -1.000000000000000000, 47.25000000000000000 ) ) ;
#2534 = CARTESIAN_POINT ( 'NONE',  ( -60.00000000000000000, 1.000000000000000222, 45.00000000000000000 ) ) ;
#2535 = VERTEX_POINT ( 'NONE', #3683 ) ;
#2536 = ORIENTED_EDGE ( 'NONE', *, *, #1877, .T. ) ;
#2537 = ORIENTED_EDGE ( 'NONE', *, *, #2684, .T. ) ;
#2538 = VECTOR ( 'NONE', #2989, 1000.000000000000000 ) ;
#2539 = DIRECTION ( 'NONE',  ( -1.000000000000000000, 0.000000000000000000, 0.000000000000000000 ) ) ;
#2540 = LINE ( 'NONE', #2873, #1571 ) ;
#2541 = LINE ( 'NONE', #808, #3180 ) ;
#2542 = VECTOR ( 'NONE', #882, 1000.000000000000000 ) ;
#2543 = LINE ( 'NONE', #1506, #3494 ) ;
#2544 = FACE_OUTER_BOUND ( 'NONE', #3710, .T. ) ;
#2545 = CIRCLE ( 'NONE', #3035, 2.100000000000000977 ) ;
#2546 = FACE_OUTER_BOUND ( 'NONE', #4214, .T. ) ;
#2547 = EDGE_CURVE ( 'NONE', #2287, #1949, #257, .T. ) ;
#2548 = EDGE_LOOP ( 'NONE', ( #557, #1078, #2440, #132 ) ) ;
#2549 = CIRCLE ( 'NONE', #658, 2.099999999999997868 ) ;
#2550 = ORIENTED_EDGE ( 'NONE', *, *, #180, .F. ) ;
#2551 = FACE_OUTER_BOUND ( 'NONE', #814, .T. ) ;
#2552 = AXIS2_PLACEMENT_3D ( 'NONE', #1201, #3442, #3465 ) ;
#2553 = DIRECTION ( 'NONE',  ( 0.000000000000000000, 0.000000000000000000, 1.000000000000000000 ) ) ;
#2554 = ORIENTED_EDGE ( 'NONE', *, *, #314, .F. ) ;
#2555 = AXIS2_PLACEMENT_3D ( 'NONE', #1873, #3583, #196 ) ;
#2556 = ORIENTED_EDGE ( 'NONE', *, *, #1877, .F. ) ;
#2557 = DIRECTION ( 'NONE',  ( 0.000000000000000000, 0.000000000000000000, 1.000000000000000000 ) ) ;
#2558 = VECTOR ( 'NONE', #1145, 1000.000000000000000 ) ;
#2559 = EDGE_CURVE ( 'NONE', #1157, #1539, #676, .T. ) ;
#2560 = FACE_OUTER_BOUND ( 'NONE', #1594, .T. ) ;
#2561 = ORIENTED_EDGE ( 'NONE', *, *, #2175, .T. ) ;
#2562 = ORIENTED_EDGE ( 'NONE', *, *, #3717, .F. ) ;
#2563 = VERTEX_POINT ( 'NONE', #2282 ) ;
#2564 = DIRECTION ( 'NONE',  ( 0.000000000000000000, -1.000000000000000000, -0.000000000000000000 ) ) ;
#2565 = EDGE_CURVE ( 'NONE', #67, #3076, #611, .T. ) ;
#2566 = CARTESIAN_POINT ( 'NONE',  ( 258.9000000000000341, 1.000000000000000000, 0.000000000000000000 ) ) ;
#2567 = DIRECTION ( 'NONE',  ( 0.000000000000000000, -1.000000000000000000, -0.000000000000000000 ) ) ;
#2568 = CARTESIAN_POINT ( 'NONE',  ( 35.00000000000000000, -3.000000000000000000, 96.00000000000000000 ) ) ;
#2569 = CARTESIAN_POINT ( 'NONE',  ( 87.00000000000001421, -1.000000000000000000, 91.59999999999999432 ) ) ;
#2570 = DIRECTION ( 'NONE',  ( -0.000000000000000000, 1.000000000000000000, 0.000000000000000000 ) ) ;
#2571 = ORIENTED_EDGE ( 'NONE', *, *, #2059, .F. ) ;
#2572 = FACE_BOUND ( 'NONE', #2310, .T. ) ;
#2573 = EDGE_CURVE ( 'NONE', #1963, #3306, #1003, .T. ) ;
#2574 = CARTESIAN_POINT ( 'NONE',  ( -79.99999999999998579, -1.000000000000000000, 84.99999999999998579 ) ) ;
#2575 = DIRECTION ( 'NONE',  ( 0.000000000000000000, -1.000000000000000000, -0.000000000000000000 ) ) ;
#2576 = EDGE_LOOP ( 'NONE', ( #3592, #1469, #754, #709 ) ) ;
#2577 = LINE ( 'NONE', #1220, #3308 ) ;
#2578 = PLANE ( 'NONE',  #4289 ) ;
#2579 = EDGE_LOOP ( 'NONE', ( #894, #2509, #3936, #34, #1018 ) ) ;
#2580 = EDGE_LOOP ( 'NONE', ( #126, #1226, #3496, #1560 ) ) ;
#2581 = ORIENTED_EDGE ( 'NONE', *, *, #342, .F. ) ;
#2582 = LINE ( 'NONE', #3526, #2791 ) ;
#2583 = VECTOR ( 'NONE', #3962, 1000.000000000000000 ) ;
#2584 = LINE ( 'NONE', #4304, #1700 ) ;
#2585 = CARTESIAN_POINT ( 'NONE',  ( -60.00000000000000000, -1.399999999999999911, 47.25000000000000000 ) ) ;
#2586 = EDGE_CURVE ( 'NONE', #586, #1292, #1681, .T. ) ;
#2587 = PLANE ( 'NONE',  #919 ) ;
#2588 = DIRECTION ( 'NONE',  ( 0.000000000000000000, 0.000000000000000000, 1.000000000000000000 ) ) ;
#2589 = ORIENTED_EDGE ( 'NONE', *, *, #688, .T. ) ;
#2590 = LINE ( 'NONE', #3926, #3995 ) ;
#2591 = DIRECTION ( 'NONE',  ( 0.000000000000000000, -1.000000000000000000, -0.000000000000000000 ) ) ;
#2592 = DIRECTION ( 'NONE',  ( 0.000000000000000000, 0.000000000000000000, 1.000000000000000000 ) ) ;
#2593 = ORIENTED_EDGE ( 'NONE', *, *, #756, .T. ) ;
#2594 = LINE ( 'NONE', #1632, #3444 ) ;
#2595 = DIRECTION ( 'NONE',  ( 0.000000000000000000, 0.000000000000000000, 1.000000000000000000 ) ) ;
#2596 = AXIS2_PLACEMENT_3D ( 'NONE', #3578, #4228, #2855 ) ;
#2597 = ORIENTED_EDGE ( 'NONE', *, *, #3642, .T. ) ;
#2598 = ADVANCED_FACE ( 'NONE', ( #1970 ), #3, .F. ) ;
#2599 = ORIENTED_EDGE ( 'NONE', *, *, #2098, .F. ) ;
#2600 = ORIENTED_EDGE ( 'NONE', *, *, #3431, .F. ) ;
#2601 = VECTOR ( 'NONE', #4169, 1000.000000000000000 ) ;
#2602 = CARTESIAN_POINT ( 'NONE',  ( 50.00000000000000000, -3.000000000000000000, 96.00000000000000000 ) ) ;
#2603 = CARTESIAN_POINT ( 'NONE',  ( 258.9000000000000341, 0.000000000000000000, 30.00000000000000000 ) ) ;
#2604 = CARTESIAN_POINT ( 'NONE',  ( 244.3596875762567038, -1.000000000000000000, 96.00000000000000000 ) ) ;
#2605 = VECTOR ( 'NONE', #1102, 1000.000000000000000 ) ;
#2606 = DIRECTION ( 'NONE',  ( -1.000000000000000000, 0.000000000000000000, 0.000000000000000000 ) ) ;
#2607 = LINE ( 'NONE', #3622, #4137 ) ;
#2608 = VECTOR ( 'NONE', #2806, 1000.000000000000000 ) ;
#2609 = ORIENTED_EDGE ( 'NONE', *, *, #3410, .F. ) ;
#2610 = DIRECTION ( 'NONE',  ( -0.000000000000000000, 0.000000000000000000, -1.000000000000000000 ) ) ;
#2611 = AXIS2_PLACEMENT_3D ( 'NONE', #3399, #1353, #2695 ) ;
#2612 = LINE ( 'NONE', #4270, #1646 ) ;
#2613 = CARTESIAN_POINT ( 'NONE',  ( -150.0000000000000000, -3.000000000000000000, 95.70000000000000284 ) ) ;
#2614 = ORIENTED_EDGE ( 'NONE', *, *, #4143, .T. ) ;
#2615 = VECTOR ( 'NONE', #380, 1000.000000000000000 ) ;
#2616 = CARTESIAN_POINT ( 'NONE',  ( 259.0000000000000000, -1.000000000000000000, 20.00000000000000000 ) ) ;
#2617 = AXIS2_PLACEMENT_3D ( 'NONE', #2826, #3829, #4154 ) ;
#2618 = DIRECTION ( 'NONE',  ( -1.000000000000000000, -0.000000000000000000, 0.000000000000000000 ) ) ;
#2619 = EDGE_LOOP ( 'NONE', ( #282, #1823, #2772, #3653, #842, #328, #2212, #3654 ) ) ;
#2620 = ADVANCED_FACE ( 'NONE', ( #2319 ), #3336, .T. ) ;
#2621 = ORIENTED_EDGE ( 'NONE', *, *, #3857, .F. ) ;
#2622 = ORIENTED_EDGE ( 'NONE', *, *, #720, .T. ) ;
#2623 = VECTOR ( 'NONE', #109, 1000.000000000000000 ) ;
#2624 = DIRECTION ( 'NONE',  ( -1.000000000000000000, 0.000000000000000000, 0.000000000000000000 ) ) ;
#2625 = CIRCLE ( 'NONE', #735, 2.099999999999997868 ) ;
#2626 = EDGE_LOOP ( 'NONE', ( #66, #91, #3617, #3759, #753, #2284 ) ) ;
#2627 = DIRECTION ( 'NONE',  ( 0.000000000000000000, 1.000000000000000000, 0.000000000000000000 ) ) ;
#2628 = CARTESIAN_POINT ( 'NONE',  ( -79.99999999999998579, 0.000000000000000000, 25.00000000000000000 ) ) ;
#2629 = ADVANCED_FACE ( 'NONE', ( #1067 ), #4040, .T. ) ;
#2630 = LINE ( 'NONE', #3699, #2191 ) ;
#2631 = EDGE_CURVE ( 'NONE', #170, #381, #1093, .T. ) ;
#2632 = VERTEX_POINT ( 'NONE', #1727 ) ;
#2633 = ADVANCED_FACE ( 'NONE', ( #3068 ), #2078, .F. ) ;
#2634 = LINE ( 'NONE', #3967, #2039 ) ;
#2635 = CARTESIAN_POINT ( 'NONE',  ( 65.00000000000000000, -1.000000000000000000, 96.00000000000000000 ) ) ;
#2636 = CARTESIAN_POINT ( 'NONE',  ( 256.0000000000000000, 0.000000000000000000, 25.00000000000000000 ) ) ;
#2637 = ORIENTED_EDGE ( 'NONE', *, *, #1273, .T. ) ;
#2639 = EDGE_CURVE ( 'NONE', #1516, #4303, #3992, .T. ) ;
#2638 = DIRECTION ( 'NONE',  ( -0.000000000000000000, 0.000000000000000000, -1.000000000000000000 ) ) ;
#2640 = DIRECTION ( 'NONE',  ( 0.000000000000000000, 0.000000000000000000, 1.000000000000000000 ) ) ;
#2641 = DIRECTION ( 'NONE',  ( 0.000000000000000000, 0.000000000000000000, 1.000000000000000000 ) ) ;
#2642 = ORIENTED_EDGE ( 'NONE', *, *, #1887, .F. ) ;
#2643 = ORIENTED_EDGE ( 'NONE', *, *, #1526, .F. ) ;
#2644 = ORIENTED_EDGE ( 'NONE', *, *, #4111, .F. ) ;
#2645 = CARTESIAN_POINT ( 'NONE',  ( 87.00000000000001421, -1.399999999999999911, 90.00000000000000000 ) ) ;
#2646 = EDGE_LOOP ( 'NONE', ( #3216, #272, #56, #1741, #2374 ) ) ;
#2647 = FACE_OUTER_BOUND ( 'NONE', #2774, .T. ) ;
#2648 = DIRECTION ( 'NONE',  ( -0.000000000000000000, 1.000000000000000000, 0.000000000000000000 ) ) ;
#2649 = CARTESIAN_POINT ( 'NONE',  ( -79.99999999999998579, 0.000000000000000000, 25.00000000000000000 ) ) ;
#2650 = VERTEX_POINT ( 'NONE', #1390 ) ;
#2651 = EDGE_CURVE ( 'NONE', #669, #799, #1689, .T. ) ;
#2652 = VECTOR ( 'NONE', #2999, 1000.000000000000000 ) ;
#2653 = CARTESIAN_POINT ( 'NONE',  ( 135.0000000000000000, -1.000000000000000000, 0.000000000000000000 ) ) ;
#2654 = DIRECTION ( 'NONE',  ( -0.000000000000000000, 1.000000000000000000, 0.000000000000000000 ) ) ;
#2655 = ORIENTED_EDGE ( 'NONE', *, *, #3813, .F. ) ;
#2656 = LINE ( 'NONE', #3324, #1271 ) ;
#2657 = CARTESIAN_POINT ( 'NONE',  ( -152.0999999999999943, -2.999999999999999556, 95.70000000000000284 ) ) ;
#2658 = FACE_OUTER_BOUND ( 'NONE', #2143, .T. ) ;
#2659 = VERTEX_POINT ( 'NONE', #3088 ) ;
#2660 = EDGE_CURVE ( 'NONE', #4314, #490, #4063, .T. ) ;
#2661 = EDGE_LOOP ( 'NONE', ( #3188, #4123, #3870, #3264 ) ) ;
#2662 = VECTOR ( 'NONE', #1269, 1000.000000000000000 ) ;
#2663 = CARTESIAN_POINT ( 'NONE',  ( 0.000000000000000000, -1.000000000000000000, 96.00000000000000000 ) ) ;
#2664 = ORIENTED_EDGE ( 'NONE', *, *, #608, .T. ) ;
#2665 = CYLINDRICAL_SURFACE ( 'NONE', #1040, 2.100000000000000977 ) ;
#2666 = VECTOR ( 'NONE', #3047, 1000.000000000000000 ) ;
#2667 = DIRECTION ( 'NONE',  ( -1.000000000000000000, 0.000000000000000000, 0.000000000000000000 ) ) ;
#2668 = DIRECTION ( 'NONE',  ( 1.000000000000000000, 0.000000000000000000, -0.000000000000000000 ) ) ;
#2669 = LINE ( 'NONE', #1007, #1501 ) ;
#2670 = AXIS2_PLACEMENT_3D ( 'NONE', #2105, #2061, #3447 ) ;
#2671 = AXIS2_PLACEMENT_3D ( 'NONE', #3090, #1391, #3810 ) ;
#2672 = CARTESIAN_POINT ( 'NONE',  ( -77.00000000000000000, -1.399999999999999911, 18.39999999999999858 ) ) ;
#2673 = EDGE_CURVE ( 'NONE', #2446, #2970, #3415, .T. ) ;
#2674 = CARTESIAN_POINT ( 'NONE',  ( -177.5000000000000000, 1.000000000000000222, 20.00000000000000000 ) ) ;
#2675 = EDGE_LOOP ( 'NONE', ( #1715, #934, #996, #3081, #738, #1947 ) ) ;
#2676 = DIRECTION ( 'NONE',  ( -0.000000000000000000, 1.000000000000000000, 0.000000000000000000 ) ) ;
#2677 = VECTOR ( 'NONE', #2429, 1000.000000000000000 ) ;
#2678 = EDGE_CURVE ( 'NONE', #3692, #991, #1624, .T. ) ;
#2679 = DIRECTION ( 'NONE',  ( 1.000000000000000000, 0.000000000000000000, -0.000000000000000000 ) ) ;
#2680 = DIRECTION ( 'NONE',  ( -1.000000000000000000, -0.000000000000000000, 0.000000000000000000 ) ) ;
#2681 = ORIENTED_EDGE ( 'NONE', *, *, #3940, .F. ) ;
#2682 = VECTOR ( 'NONE', #623, 1000.000000000000000 ) ;
#2683 = ORIENTED_EDGE ( 'NONE', *, *, #2375, .F. ) ;
#2684 = EDGE_CURVE ( 'NONE', #3586, #2478, #2037, .T. ) ;
#2685 = AXIS2_PLACEMENT_3D ( 'NONE', #1083, #2703, #4031 ) ;
#2686 = CARTESIAN_POINT ( 'NONE',  ( 260.0000000000000000, -1.000000000000000000, 96.00000000000000000 ) ) ;
#2687 = VERTEX_POINT ( 'NONE', #3766 ) ;
#2688 = APPROVAL_ROLE ( '' ) ;
#2689 = VECTOR ( 'NONE', #3687, 1000.000000000000000 ) ;
#2690 = LINE ( 'NONE', #2941, #1268 ) ;
#2691 = DIRECTION ( 'NONE',  ( 1.000000000000000000, 0.000000000000000000, 0.000000000000000000 ) ) ;
#2692 = EDGE_CURVE ( 'NONE', #3680, #4259, #2756, .T. ) ;
#2693 = AXIS2_PLACEMENT_3D ( 'NONE', #1357, #2366, #3704 ) ;
#2694 = CARTESIAN_POINT ( 'NONE',  ( -150.0000000000000000, -3.000000000000000000, 96.00000000000000000 ) ) ;
#2695 = DIRECTION ( 'NONE',  ( 0.000000000000000000, 0.000000000000000000, -1.000000000000000000 ) ) ;
#2696 = CARTESIAN_POINT ( 'NONE',  ( -245.0000000000000000, 0.000000000000000000, 108.5000000000000000 ) ) ;
#2697 = EDGE_CURVE ( 'NONE', #4254, #2532, #4089, .T. ) ;
#2698 = CARTESIAN_POINT ( 'NONE',  ( 87.00000000000001421, 1.000000000000000222, 88.39999999999999147 ) ) ;
#2699 = ORIENTED_EDGE ( 'NONE', *, *, #876, .F. ) ;
#2700 = CARTESIAN_POINT ( 'NONE',  ( -135.0000000000000000, 0.000000000000000000, 96.00000000000000000 ) ) ;
#2701 = EDGE_CURVE ( 'NONE', #1614, #630, #357, .T. ) ;
#2702 = LINE ( 'NONE', #2566, #1780 ) ;
#2703 = DIRECTION ( 'NONE',  ( -0.000000000000000000, 1.000000000000000000, 0.000000000000000000 ) ) ;
#2704 = EDGE_LOOP ( 'NONE', ( #1782, #3317, #3366, #1190, #3348, #3502, #4117, #3549 ) ) ;
#2705 = EDGE_CURVE ( 'NONE', #3451, #1614, #1045, .T. ) ;
#2706 = ORIENTED_EDGE ( 'NONE', *, *, #1099, .F. ) ;
#2707 = ADVANCED_FACE ( 'NONE', ( #3198 ), #25, .T. ) ;
#2708 = LINE ( 'NONE', #3695, #4223 ) ;
#2709 = EDGE_LOOP ( 'NONE', ( #2356, #4150, #3840, #1020 ) ) ;
#2710 = EDGE_CURVE ( 'NONE', #734, #1575, #3718, .T. ) ;
#2711 = CARTESIAN_POINT ( 'NONE',  ( 245.0000000000000000, 0.000000000000000000, 108.5000000000000000 ) ) ;
#2712 = DIRECTION ( 'NONE',  ( 1.000000000000000000, 0.000000000000000000, 0.000000000000000000 ) ) ;
#2713 = DIRECTION ( 'NONE',  ( -1.000000000000000000, 0.000000000000000000, 0.000000000000000000 ) ) ;
#2714 = DIRECTION ( 'NONE',  ( 0.000000000000000000, 0.000000000000000000, 1.000000000000000000 ) ) ;
#2715 = APPROVAL ( #1348, '未' ) ;
#2716 = DIRECTION ( 'NONE',  ( 0.000000000000000000, 0.000000000000000000, 1.000000000000000000 ) ) ;
#2717 = DIRECTION ( 'NONE',  ( -0.000000000000000000, 1.000000000000000000, 0.000000000000000000 ) ) ;
#2718 = CIRCLE ( 'NONE', #3219, 1.600000000000004086 ) ;
#2719 = CARTESIAN_POINT ( 'NONE',  ( 87.00000000000001421, 1.000000000000000222, 91.59999999999999432 ) ) ;
#2720 = ORIENTED_EDGE ( 'NONE', *, *, #521, .F. ) ;
#2721 = CARTESIAN_POINT ( 'NONE',  ( 0.000000000000000000, -1.000000000000000000, 0.000000000000000000 ) ) ;
#2722 = LINE ( 'NONE', #3476, #2623 ) ;
#2723 = DIRECTION ( 'NONE',  ( 1.000000000000000000, 0.000000000000000000, -0.000000000000000000 ) ) ;
#2724 = ORIENTED_EDGE ( 'NONE', *, *, #3232, .F. ) ;
#2725 = ORIENTED_EDGE ( 'NONE', *, *, #2870, .F. ) ;
#2726 = ORIENTED_EDGE ( 'NONE', *, *, #1397, .F. ) ;
#2727 = EDGE_CURVE ( 'NONE', #3286, #3403, #4133, .T. ) ;
#2728 = DIRECTION ( 'NONE',  ( 1.000000000000000000, 0.000000000000000000, -0.000000000000000000 ) ) ;
#2729 = VERTEX_POINT ( 'NONE', #177 ) ;
#2730 = ORIENTED_EDGE ( 'NONE', *, *, #1584, .F. ) ;
#2731 = DATE_TIME_ROLE ( 'classification_date' ) ;
#2732 = CARTESIAN_POINT ( 'NONE',  ( -50.00000000000000000, -3.000000000000000000, 96.00000000000000000 ) ) ;
#2733 = LINE ( 'NONE', #3483, #2255 ) ;
#2734 = DIRECTION ( 'NONE',  ( 1.000000000000000000, 0.000000000000000000, 0.000000000000000000 ) ) ;
#2735 = CARTESIAN_POINT ( 'NONE',  ( -245.0000000000000000, -3.000000000000000000, 96.00000000000000000 ) ) ;
#2736 = AXIS2_PLACEMENT_3D ( 'NONE', #3723, #3468, #1799 ) ;
#2737 = LINE ( 'NONE', #1753, #3017 ) ;
#2738 = DIRECTION ( 'NONE',  ( -1.000000000000000000, 0.000000000000000000, 0.000000000000000000 ) ) ;
#2739 = AXIS2_PLACEMENT_3D ( 'NONE', #1771, #2402, #384 ) ;
#2740 = CYLINDRICAL_SURFACE ( 'NONE', #1293, 1.600000000000004086 ) ;
#2741 = AXIS2_PLACEMENT_3D ( 'NONE', #717, #2055, #1728 ) ;
#2742 = VECTOR ( 'NONE', #3686, 1000.000000000000000 ) ;
#2743 = ORIENTED_EDGE ( 'NONE', *, *, #1855, .F. ) ;
#2744 = FACE_OUTER_BOUND ( 'NONE', #2619, .T. ) ;
#2745 = AXIS2_PLACEMENT_3D ( 'NONE', #1645, #1682, #2691 ) ;
#2746 = DIRECTION ( 'NONE',  ( 1.000000000000000000, 0.000000000000000000, 0.000000000000000000 ) ) ;
#2747 = DIRECTION ( 'NONE',  ( -1.000000000000000000, 0.000000000000000000, 0.000000000000000000 ) ) ;
#2748 = VERTEX_POINT ( 'NONE', #2378 ) ;
#2749 = EDGE_LOOP ( 'NONE', ( #3217, #2849, #1433, #1036 ) ) ;
#2750 = CIRCLE ( 'NONE', #1417, 2.099999999999990763 ) ;
#2751 = VERTEX_POINT ( 'NONE', #2053 ) ;
#2752 = VECTOR ( 'NONE', #1797, 1000.000000000000000 ) ;
#2753 = DIRECTION ( 'NONE',  ( -1.000000000000000000, 0.000000000000000000, 0.000000000000000000 ) ) ;
#2754 = ORIENTED_EDGE ( 'NONE', *, *, #4316, .F. ) ;
#2755 = ORIENTED_EDGE ( 'NONE', *, *, #2258, .T. ) ;
#2756 = LINE ( 'NONE', #2711, #922 ) ;
#2757 = AXIS2_PLACEMENT_3D ( 'NONE', #3250, #232, #1265 ) ;
#2758 = CARTESIAN_POINT ( 'NONE',  ( -271.0000000000000000, -1.000000000000000000, 78.15338146873806124 ) ) ;
#2759 = FACE_OUTER_BOUND ( 'NONE', #205, .T. ) ;
#2760 = FACE_OUTER_BOUND ( 'NONE', #872, .T. ) ;
#2761 = EDGE_CURVE ( 'NONE', #4314, #601, #2108, .T. ) ;
#2762 = CARTESIAN_POINT ( 'NONE',  ( -50.00000000000000000, -6.000000000000000000, 96.00000000000000000 ) ) ;
#2763 = ADVANCED_FACE ( 'NONE', ( #3262 ), #247, .F. ) ;
#2764 = DIRECTION ( 'NONE',  ( 0.000000000000000000, 0.000000000000000000, -1.000000000000000000 ) ) ;
#2765 = VECTOR ( 'NONE', #2481, 1000.000000000000000 ) ;
#2766 = LINE ( 'NONE', #3793, #1787 ) ;
#2767 = EDGE_CURVE ( 'NONE', #2687, #3551, #1899, .T. ) ;
#2768 = ORIENTED_EDGE ( 'NONE', *, *, #2183, .T. ) ;
#2769 = CARTESIAN_POINT ( 'NONE',  ( -150.0000000000000000, -3.000000000000000000, 95.70000000000000284 ) ) ;
#2770 = FACE_OUTER_BOUND ( 'NONE', #332, .T. ) ;
#2771 = LINE ( 'NONE', #415, #3880 ) ;
#2772 = ORIENTED_EDGE ( 'NONE', *, *, #3252, .T. ) ;
#2773 = EDGE_CURVE ( 'NONE', #3693, #3758, #2577, .T. ) ;
#2774 = EDGE_LOOP ( 'NONE', ( #306, #90, #969, #3824 ) ) ;
#2775 = EDGE_LOOP ( 'NONE', ( #3958, #1739, #1225, #2524, #2609, #2839, #1671, #193, #2002, #3473, #2292, #4302, #3454, #2276, #2484, #2550, #3178, #3455, #1042, #1725, #1450, #770, #1832, #1532, #369, #12, #1106, #1472, #203, #2644, #450, #1465, #131, #4221, #3517, #3543, #4038, #1148, #310, #3957, #3760, #574, #239, #447, #1992, #4300, #3126, #3244, #1282, #1301, #181, #3461, #3714, #3388, #1155, #2726, #463, #2954, #2600, #382, #3705, #624, #2983, #2725, #2730, #174, #2845, #4021 ) ) ;
#2776 = DIRECTION ( 'NONE',  ( -1.000000000000000000, 0.000000000000000000, 0.000000000000000000 ) ) ;
#2777 = ORIENTED_EDGE ( 'NONE', *, *, #961, .T. ) ;
#2778 = EDGE_LOOP ( 'NONE', ( #694, #1325, #552, #3223 ) ) ;
#2779 = PERSON_AND_ORGANIZATION_ROLE ( 'design_owner' ) ;
#2780 = CARTESIAN_POINT ( 'NONE',  ( -258.9000000000000341, 0.000000000000000000, 80.00000000000000000 ) ) ;
#2781 = CARTESIAN_POINT ( 'NONE',  ( -163.0000000000000000, -1.000000000000000000, 88.39999999999999147 ) ) ;
#2782 = PLANE ( 'NONE',  #3801 ) ;
#2783 = EDGE_CURVE ( 'NONE', #976, #2226, #2888, .T. ) ;
#2784 = ADVANCED_FACE ( 'NONE', ( #4215 ), #581, .F. ) ;
#2785 = CARTESIAN_POINT ( 'NONE',  ( 35.00000000000000000, 0.000000000000000000, 108.5000000000000000 ) ) ;
#2786 = DIRECTION ( 'NONE',  ( 0.000000000000000000, 0.000000000000000000, -1.000000000000000000 ) ) ;
#2787 = EDGE_CURVE ( 'NONE', #2840, #2463, #778, .T. ) ;
#2788 = FACE_OUTER_BOUND ( 'NONE', #2704, .T. ) ;
#2789 = ORIENTED_EDGE ( 'NONE', *, *, #2247, .T. ) ;
#2790 = CARTESIAN_POINT ( 'NONE',  ( 245.0000000000000000, -6.000000000000000000, 108.5000000000000000 ) ) ;
#2791 = VECTOR ( 'NONE', #1884, 1000.000000000000000 ) ;
#2792 = CARTESIAN_POINT ( 'NONE',  ( 258.9000000000000341, 0.9999999999999974465, 78.15338146873806124 ) ) ;
#2793 = ORIENTED_EDGE ( 'NONE', *, *, #30, .T. ) ;
#2794 = ORIENTED_EDGE ( 'NONE', *, *, #3621, .T. ) ;
#2795 = LOCAL_TIME ( 16, 1, 3.000000000000000000, #4087 ) ;
#2796 = VERTEX_POINT ( 'NONE', #1541 ) ;
#2797 = EDGE_CURVE ( 'NONE', #95, #1510, #1259, .T. ) ;
#2798 = DIRECTION ( 'NONE',  ( 0.000000000000000000, 0.000000000000000000, 1.000000000000000000 ) ) ;
#2799 = VERTEX_POINT ( 'NONE', #3567 ) ;
#2800 = ORIENTED_EDGE ( 'NONE', *, *, #1647, .T. ) ;
#2801 = CARTESIAN_POINT ( 'NONE',  ( 150.0000000000000000, -3.000000000000000000, 96.00000000000000000 ) ) ;
#2802 = CARTESIAN_POINT ( 'NONE',  ( 164.9999999999999716, 0.000000000000000000, 96.00000000000000000 ) ) ;
#2803 = CARTESIAN_POINT ( 'NONE',  ( -77.00000000000000000, -1.399999999999999911, 20.00000000000000000 ) ) ;
#2804 = CARTESIAN_POINT ( 'NONE',  ( 258.9000000000000341, 0.000000000000000000, 30.00000000000000000 ) ) ;
#2805 = CARTESIAN_POINT ( 'NONE',  ( 271.0000000000000000, -1.000000000000000000, 78.15338146873806124 ) ) ;
#2806 = DIRECTION ( 'NONE',  ( 1.000000000000000000, 0.000000000000000000, 0.000000000000000000 ) ) ;
#2807 = AXIS2_PLACEMENT_3D ( 'NONE', #3790, #102, #3749 ) ;
#2808 = ORIENTED_EDGE ( 'NONE', *, *, #4012, .F. ) ;
#2809 = AXIS2_PLACEMENT_3D ( 'NONE', #1361, #307, #2638 ) ;
#2810 = EDGE_CURVE ( 'NONE', #3403, #3286, #1972, .T. ) ;
#2811 = DIRECTION ( 'NONE',  ( 1.000000000000000000, 0.000000000000000000, 0.000000000000000000 ) ) ;
#2812 = DIRECTION ( 'NONE',  ( 0.000000000000000000, 0.000000000000000000, 1.000000000000000000 ) ) ;
#2813 = VERTEX_POINT ( 'NONE', #1612 ) ;
#2814 = EDGE_LOOP ( 'NONE', ( #222, #3512, #2597, #2333 ) ) ;
#2815 = EDGE_LOOP ( 'NONE', ( #1432, #1807, #2220, #3733 ) ) ;
#2816 = ADVANCED_FACE ( 'NONE', ( #2208 ), #558, .T. ) ;
#2817 = VECTOR ( 'NONE', #1005, 1000.000000000000000 ) ;
#2818 = EDGE_CURVE ( 'NONE', #3523, #1365, #3546, .T. ) ;
#2819 = DIRECTION ( 'NONE',  ( 1.000000000000000000, 0.000000000000000000, -0.000000000000000000 ) ) ;
#2820 = EDGE_LOOP ( 'NONE', ( #2138, #3897, #1380, #4273 ) ) ;
#2821 = ORIENTED_EDGE ( 'NONE', *, *, #1748, .T. ) ;
#2822 = EDGE_LOOP ( 'NONE', ( #1337, #3753, #60, #3779 ) ) ;
#2823 = EDGE_CURVE ( 'NONE', #2918, #2230, #1878, .T. ) ;
#2824 = CARTESIAN_POINT ( 'NONE',  ( 259.0000000000000000, -1.000000000000000000, 90.00000000000000000 ) ) ;
#2825 = VECTOR ( 'NONE', #3260, 1000.000000000000000 ) ;
#2826 = CARTESIAN_POINT ( 'NONE',  ( -259.5000000000000000, -1.399999999999999911, 90.00000000000000000 ) ) ;
#2827 = DIRECTION ( 'NONE',  ( 0.000000000000000000, 0.000000000000000000, 1.000000000000000000 ) ) ;
#2828 = CARTESIAN_POINT ( 'NONE',  ( 87.00000000000001421, -1.399999999999999911, 88.39999999999999147 ) ) ;
#2829 = EDGE_CURVE ( 'NONE', #3010, #2535, #707, .T. ) ;
#2830 = DIRECTION ( 'NONE',  ( 1.000000000000000000, 0.000000000000000000, 0.000000000000000000 ) ) ;
#2831 = CARTESIAN_POINT ( 'NONE',  ( -181.0000000000000000, 0.000000000000000000, 25.00000000000000000 ) ) ;
#2832 = VECTOR ( 'NONE', #646, 1000.000000000000000 ) ;
#2833 = ORIENTED_EDGE ( 'NONE', *, *, #2946, .F. ) ;
#2834 = ORIENTED_EDGE ( 'NONE', *, *, #3427, .T. ) ;
#2835 = APPLICATION_CONTEXT ( 'configuration controlled 3d designs of mechanical parts and assemblies' ) ;
#2836 = VECTOR ( 'NONE', #1941, 1000.000000000000000 ) ;
#2837 = FACE_OUTER_BOUND ( 'NONE', #1815, .T. ) ;
#2838 = DIRECTION ( 'NONE',  ( -1.000000000000000000, 0.000000000000000000, 0.000000000000000000 ) ) ;
#2839 = ORIENTED_EDGE ( 'NONE', *, *, #720, .F. ) ;
#2840 = VERTEX_POINT ( 'NONE', #201 ) ;
#2841 = VERTEX_POINT ( 'NONE', #4255 ) ;
#2842 = EDGE_CURVE ( 'NONE', #1381, #2446, #2594, .T. ) ;
#2843 = DIRECTION ( 'NONE',  ( 0.000000000000000000, 0.000000000000000000, 1.000000000000000000 ) ) ;
#2844 = CARTESIAN_POINT ( 'NONE',  ( -259.5000000000000000, -1.000000000000000000, 21.60000000000000142 ) ) ;
#2845 = ORIENTED_EDGE ( 'NONE', *, *, #3807, .F. ) ;
#2846 = EDGE_CURVE ( 'NONE', #540, #1123, #1192, .T. ) ;
#2847 = VERTEX_POINT ( 'NONE', #2533 ) ;
#2848 = EDGE_CURVE ( 'NONE', #3132, #1164, #2256, .T. ) ;
#2849 = ORIENTED_EDGE ( 'NONE', *, *, #3195, .F. ) ;
#2850 = CARTESIAN_POINT ( 'NONE',  ( 229.9999999999999716, -1.000000000000000000, 96.00000000000000000 ) ) ;
#2851 = CARTESIAN_POINT ( 'NONE',  ( -271.3000000000000682, -1.000000000000000000, 81.84661853126195297 ) ) ;
#2852 = CARTESIAN_POINT ( 'NONE',  ( 271.0000000000000000, 0.000000000000000000, 108.0000000000000000 ) ) ;
#2853 = EDGE_CURVE ( 'NONE', #2878, #2687, #2913, .T. ) ;
#2854 = CARTESIAN_POINT ( 'NONE',  ( -164.9999999999999716, 0.000000000000000000, 108.0000000000000000 ) ) ;
#2855 = DIRECTION ( 'NONE',  ( 0.000000000000000000, 0.000000000000000000, 1.000000000000000000 ) ) ;
#2856 = DIRECTION ( 'NONE',  ( -0.000000000000000000, 1.000000000000000000, 0.000000000000000000 ) ) ;
#2857 = EDGE_LOOP ( 'NONE', ( #3499, #2213, #1692, #4243 ) ) ;
#2858 = ORIENTED_EDGE ( 'NONE', *, *, #1314, .T. ) ;
#2859 = DIRECTION ( 'NONE',  ( 1.000000000000000000, 0.000000000000000000, -0.000000000000000000 ) ) ;
#2860 = LINE ( 'NONE', #507, #238 ) ;
#2861 = ORIENTED_EDGE ( 'NONE', *, *, #3313, .T. ) ;
#2862 = EDGE_LOOP ( 'NONE', ( #647, #2511, #2561, #4173 ) ) ;
#2863 = ORIENTED_EDGE ( 'NONE', *, *, #1387, .F. ) ;
#2864 = CARTESIAN_POINT ( 'NONE',  ( -256.0000000000000000, -1.000000000000000000, 0.000000000000000000 ) ) ;
#2865 = DIRECTION ( 'NONE',  ( 0.000000000000000000, -1.000000000000000000, -0.000000000000000000 ) ) ;
#2866 = ORIENTED_EDGE ( 'NONE', *, *, #2386, .T. ) ;
#2867 = VECTOR ( 'NONE', #1888, 1000.000000000000000 ) ;
#2868 = ORIENTED_EDGE ( 'NONE', *, *, #1720, .F. ) ;
#2869 = ORIENTED_EDGE ( 'NONE', *, *, #106, .F. ) ;
#2870 = EDGE_CURVE ( 'NONE', #3913, #2841, #4238, .T. ) ;
#2871 = LINE ( 'NONE', #1907, #3637 ) ;
#2872 = CC_DESIGN_APPROVAL ( #2715, ( #2131 ) ) ;
#2873 = CARTESIAN_POINT ( 'NONE',  ( 35.00000000000000000, -6.000000000000000000, 96.00000000000000000 ) ) ;
#2874 = DIRECTION ( 'NONE',  ( -1.000000000000000000, 0.000000000000000000, 0.000000000000000000 ) ) ;
#2875 = DIRECTION ( 'NONE',  ( 0.000000000000000000, 0.000000000000000000, 1.000000000000000000 ) ) ;
#2876 = DIRECTION ( 'NONE',  ( 1.000000000000000000, 0.000000000000000000, 0.000000000000000000 ) ) ;
#2877 = DIRECTION ( 'NONE',  ( -1.000000000000000000, 0.000000000000000000, 0.000000000000000000 ) ) ;
#2878 = VERTEX_POINT ( 'NONE', #1653 ) ;
#2879 = EDGE_LOOP ( 'NONE', ( #1175, #2142 ) ) ;
#2880 = ADVANCED_FACE ( 'NONE', ( #3404 ), #1316, .F. ) ;
#2881 = FACE_BOUND ( 'NONE', #596, .T. ) ;
#2882 = VECTOR ( 'NONE', #3353, 1000.000000000000000 ) ;
#2883 = DIRECTION ( 'NONE',  ( 1.000000000000000000, 0.000000000000000000, 0.000000000000000000 ) ) ;
#2884 = CARTESIAN_POINT ( 'NONE',  ( -177.5000000000000000, -1.000000000000000000, 20.00000000000000000 ) ) ;
#2885 = VECTOR ( 'NONE', #2153, 1000.000000000000000 ) ;
#2886 = VERTEX_POINT ( 'NONE', #2992 ) ;
#2887 = ORIENTED_EDGE ( 'NONE', *, *, #3984, .T. ) ;
#2889 = EDGE_CURVE ( 'NONE', #630, #976, #2003, .T. ) ;
#2888 = LINE ( 'NONE', #951, #138 ) ;
#2890 = AXIS2_PLACEMENT_3D ( 'NONE', #3096, #4159, #2738 ) ;
#2891 = CARTESIAN_POINT ( 'NONE',  ( 271.0000000000000000, -1.000000000000000000, 0.000000000000000000 ) ) ;
#2892 = VERTEX_POINT ( 'NONE', #4336 ) ;
#2893 = ORIENTED_EDGE ( 'NONE', *, *, #3162, .T. ) ;
#2894 = ORIENTED_EDGE ( 'NONE', *, *, #1743, .F. ) ;
#2895 = CIRCLE ( 'NONE', #993, 2.099999999999990763 ) ;
#2896 = EDGE_CURVE ( 'NONE', #1762, #3884, #2656, .T. ) ;
#2897 = CARTESIAN_POINT ( 'NONE',  ( -164.9999999999999716, -3.000000000000000000, 96.00000000000000000 ) ) ;
#2898 = VECTOR ( 'NONE', #3584, 1000.000000000000000 ) ;
#2899 = LINE ( 'NONE', #2657, #445 ) ;
#2900 = DIRECTION ( 'NONE',  ( 0.000000000000000000, 0.000000000000000000, 1.000000000000000000 ) ) ;
#2901 = DIRECTION ( 'NONE',  ( 0.000000000000000000, 0.000000000000000000, 1.000000000000000000 ) ) ;
#2902 = CARTESIAN_POINT ( 'NONE',  ( -50.00000000000000000, -6.000000000000000000, 96.00000000000000000 ) ) ;
#2903 = VECTOR ( 'NONE', #3419, 1000.000000000000000 ) ;
#2904 = CARTESIAN_POINT ( 'NONE',  ( 52.10000000000000142, -3.000000000000000000, 108.5000000000000000 ) ) ;
#2905 = ORIENTED_EDGE ( 'NONE', *, *, #1492, .F. ) ;
#2906 = EDGE_CURVE ( 'NONE', #1405, #1902, #3011, .T. ) ;
#2907 = DIRECTION ( 'NONE',  ( 0.000000000000000000, 0.000000000000000000, 1.000000000000000000 ) ) ;
#2908 = VECTOR ( 'NONE', #3385, 1000.000000000000000 ) ;
#2909 = DIRECTION ( 'NONE',  ( -0.000000000000000000, 1.000000000000000000, 0.000000000000000000 ) ) ;
#2910 = DIRECTION ( 'NONE',  ( 0.000000000000000000, 0.000000000000000000, 1.000000000000000000 ) ) ;
#2911 = CIRCLE ( 'NONE', #3467, 1.600000000000000755 ) ;
#2912 = ORIENTED_EDGE ( 'NONE', *, *, #2530, .T. ) ;
#2913 = LINE ( 'NONE', #1961, #4339 ) ;
#2914 = AXIS2_PLACEMENT_3D ( 'NONE', #1651, #4313, #1713 ) ;
#2915 = DIRECTION ( 'NONE',  ( -1.000000000000000000, 0.000000000000000000, 0.000000000000000000 ) ) ;
#2916 = ORIENTED_EDGE ( 'NONE', *, *, #1503, .F. ) ;
#2917 = CC_DESIGN_DATE_AND_TIME_ASSIGNMENT ( #1112, #2731, ( #4046 ) ) ;
#2918 = VERTEX_POINT ( 'NONE', #393 ) ;
#2919 = ORIENTED_EDGE ( 'NONE', *, *, #1925, .F. ) ;
#2920 = DIRECTION ( 'NONE',  ( 1.000000000000000000, 0.000000000000000000, 0.000000000000000000 ) ) ;
#2921 = CYLINDRICAL_SURFACE ( 'NONE', #3671, 1.600000000000000755 ) ;
#2922 = LINE ( 'NONE', #3349, #3323 ) ;
#2923 = PLANE ( 'NONE',  #625 ) ;
#2924 = LINE ( 'NONE', #3230, #3440 ) ;
#2925 = CARTESIAN_POINT ( 'NONE',  ( -258.9000000000000341, 1.000000000000000000, 28.15338146873806124 ) ) ;
#2926 = ORIENTED_EDGE ( 'NONE', *, *, #556, .F. ) ;
#2927 = LINE ( 'NONE', #242, #352 ) ;
#2928 = ADVANCED_FACE ( 'NONE', ( #4296 ), #2330, .F. ) ;
#2929 = DIRECTION ( 'NONE',  ( -0.000000000000000000, 1.000000000000000000, 0.000000000000000000 ) ) ;
#2930 = DIRECTION ( 'NONE',  ( -0.000000000000000000, 1.000000000000000000, 0.000000000000000000 ) ) ;
#2931 = VERTEX_POINT ( 'NONE', #1673 ) ;
#2932 = CARTESIAN_POINT ( 'NONE',  ( -50.00000000000000000, -3.000000000000000000, 95.70000000000000284 ) ) ;
#2933 = FACE_OUTER_BOUND ( 'NONE', #3782, .T. ) ;
#2934 = ORIENTED_EDGE ( 'NONE', *, *, #2109, .F. ) ;
#2935 = VERTEX_POINT ( 'NONE', #3362 ) ;
#2936 = ORIENTED_EDGE ( 'NONE', *, *, #2955, .F. ) ;
#2937 = CARTESIAN_POINT ( 'NONE',  ( -258.9000000000000341, 0.000000000000000000, 80.00000000000000000 ) ) ;
#2938 = AXIS2_PLACEMENT_3D ( 'NONE', #4226, #1232, #164 ) ;
#2939 = CARTESIAN_POINT ( 'NONE',  ( -50.00000000000000000, -3.000000000000000000, 95.70000000000000284 ) ) ;
#2940 = CARTESIAN_POINT ( 'NONE',  ( -258.9000000000000341, -1.000000000000000444, 28.15338146873806124 ) ) ;
#2941 = CARTESIAN_POINT ( 'NONE',  ( 0.000000000000000000, -1.000000000000000000, 108.0000000000000000 ) ) ;
#2942 = CARTESIAN_POINT ( 'NONE',  ( 258.9000000000000341, 0.000000000000000000, 32.09999999999999432 ) ) ;
#2943 = VERTEX_POINT ( 'NONE', #345 ) ;
#2944 = ADVANCED_FACE ( 'NONE', ( #3729 ), #4315, .T. ) ;
#2945 = FACE_BOUND ( 'NONE', #3825, .T. ) ;
#2946 = EDGE_CURVE ( 'NONE', #3403, #4127, #3058, .T. ) ;
#2947 = DIRECTION ( 'NONE',  ( 1.000000000000000000, -0.000000000000000000, -0.000000000000000000 ) ) ;
#2948 = FACE_OUTER_BOUND ( 'NONE', #3153, .T. ) ;
#2949 = ORIENTED_EDGE ( 'NONE', *, *, #1617, .F. ) ;
#2950 = DIRECTION ( 'NONE',  ( 1.000000000000000000, 0.000000000000000000, 0.000000000000000000 ) ) ;
#2951 = CARTESIAN_POINT ( 'NONE',  ( -258.9000000000000341, -1.000000000000000000, 0.000000000000000000 ) ) ;
#2952 = CIRCLE ( 'NONE', #569, 1.600000000000004086 ) ;
#2953 = ORIENTED_EDGE ( 'NONE', *, *, #1803, .F. ) ;
#2954 = ORIENTED_EDGE ( 'NONE', *, *, #295, .F. ) ;
#2955 = EDGE_CURVE ( 'NONE', #396, #269, #1830, .T. ) ;
#2956 = ORIENTED_EDGE ( 'NONE', *, *, #3510, .F. ) ;
#2957 = CARTESIAN_POINT ( 'NONE',  ( 150.6403124237432962, -1.000000000000002665, 95.70000000000000284 ) ) ;
#2958 = ORIENTED_EDGE ( 'NONE', *, *, #801, .T. ) ;
#2959 = CIRCLE ( 'NONE', #3516, 2.100000000000004530 ) ;
#2960 = ADVANCED_FACE ( 'NONE', ( #2349, #3648, #684, #325, #3382, #35, #4013, #3971, #3689, #643, #1338, #1015, #3034, #4029, #1032, #704, #2042, #371 ), #1716, .T. ) ;
#2961 = DIRECTION ( 'NONE',  ( 0.000000000000000000, 0.000000000000000000, 1.000000000000000000 ) ) ;
#2962 = CARTESIAN_POINT ( 'NONE',  ( 256.0000000000000000, 0.000000000000000000, 84.99999999999998579 ) ) ;
#2963 = CIRCLE ( 'NONE', #355, 2.100000000000004530 ) ;
#2964 = EDGE_LOOP ( 'NONE', ( #1595, #2051, #3930, #687, #2266 ) ) ;
#2965 = ADVANCED_FACE ( 'NONE', ( #2067 ), #2305, .T. ) ;
#2966 = DIRECTION ( 'NONE',  ( 0.000000000000000000, -1.000000000000000000, -0.000000000000000000 ) ) ;
#2967 = CIRCLE ( 'NONE', #297, 1.600000000000004086 ) ;
#2968 = CARTESIAN_POINT ( 'NONE',  ( 258.9000000000000341, 0.000000000000000000, 80.00000000000000000 ) ) ;
#2969 = FACE_OUTER_BOUND ( 'NONE', #2709, .T. ) ;
#2970 = VERTEX_POINT ( 'NONE', #3819 ) ;
#2971 = VECTOR ( 'NONE', #3869, 1000.000000000000000 ) ;
#2972 = DIRECTION ( 'NONE',  ( 1.000000000000000000, 0.000000000000000000, 0.000000000000000000 ) ) ;
#2973 = VECTOR ( 'NONE', #3249, 1000.000000000000000 ) ;
#2974 = LINE ( 'NONE', #3263, #10 ) ;
#2975 = VERTEX_POINT ( 'NONE', #1758 ) ;
#2976 = VERTEX_POINT ( 'NONE', #815 ) ;
#2977 = EDGE_CURVE ( 'NONE', #2071, #1344, #1428, .T. ) ;
#2978 = VERTEX_POINT ( 'NONE', #2135 ) ;
#2979 = CIRCLE ( 'NONE', #1082, 1.600000000000004086 ) ;
#2980 = ADVANCED_FACE ( 'NONE', ( #2837 ), #1805, .F. ) ;
#2981 = PLANE ( 'NONE',  #1141 ) ;
#2982 = AXIS2_PLACEMENT_3D ( 'NONE', #3752, #438, #1398 ) ;
#2983 = ORIENTED_EDGE ( 'NONE', *, *, #1273, .F. ) ;
#2984 = DIRECTION ( 'NONE',  ( 0.000000000000000000, 0.000000000000000000, -1.000000000000000000 ) ) ;
#2985 = DIRECTION ( 'NONE',  ( 0.000000000000000000, 0.000000000000000000, 1.000000000000000000 ) ) ;
#2986 = DIRECTION ( 'NONE',  ( -1.000000000000000000, 0.000000000000000000, 0.000000000000000000 ) ) ;
#2987 = EDGE_CURVE ( 'NONE', #1165, #3284, #281, .T. ) ;
#2988 = ORIENTED_EDGE ( 'NONE', *, *, #290, .F. ) ;
#2989 = DIRECTION ( 'NONE',  ( 0.000000000000000000, 1.000000000000000000, 0.000000000000000000 ) ) ;
#2990 = CARTESIAN_POINT ( 'NONE',  ( 260.0000000000000000, -6.000000000000000000, 108.5000000000000000 ) ) ;
#2991 = ORIENTED_EDGE ( 'NONE', *, *, #2565, .T. ) ;
#2992 = CARTESIAN_POINT ( 'NONE',  ( 52.10000000000000142, -3.000000000000000000, 96.00000000000000000 ) ) ;
#2993 = FACE_OUTER_BOUND ( 'NONE', #3171, .T. ) ;
#2994 = PLANE ( 'NONE',  #159 ) ;
#2995 = EDGE_LOOP ( 'NONE', ( #2664, #3961, #82, #1406 ) ) ;
#2996 = VERTEX_POINT ( 'NONE', #3077 ) ;
#2997 = DIRECTION ( 'NONE',  ( -0.000000000000000000, 0.000000000000000000, -1.000000000000000000 ) ) ;
#2998 = EDGE_LOOP ( 'NONE', ( #2724, #2007, #1386, #1195 ) ) ;
#2999 = DIRECTION ( 'NONE',  ( -1.000000000000000000, -0.000000000000000000, 0.000000000000000000 ) ) ;
#3000 = ADVANCED_FACE ( 'NONE', ( #3127 ), #1448, .F. ) ;
#3001 = FACE_OUTER_BOUND ( 'NONE', #1454, .T. ) ;
#3002 = DIRECTION ( 'NONE',  ( 0.000000000000000000, 0.000000000000000000, 1.000000000000000000 ) ) ;
#3003 = CIRCLE ( 'NONE', #1742, 1.600000000000000755 ) ;
#3004 = DIRECTION ( 'NONE',  ( 0.000000000000000000, -1.000000000000000000, 0.000000000000000000 ) ) ;
#3005 = CIRCLE ( 'NONE', #2240, 1.600000000000004086 ) ;
#3006 = EDGE_CURVE ( 'NONE', #840, #563, #4206, .T. ) ;
#3007 = CYLINDRICAL_SURFACE ( 'NONE', #427, 1.600000000000004086 ) ;
#3008 = CARTESIAN_POINT ( 'NONE',  ( -245.0000000000000000, -3.000000000000000000, 95.70000000000000284 ) ) ;
#3009 = EDGE_CURVE ( 'NONE', #3280, #2161, #838, .T. ) ;
#3010 = VERTEX_POINT ( 'NONE', #1166 ) ;
#3011 = LINE ( 'NONE', #3706, #348 ) ;
#3012 = DIRECTION ( 'NONE',  ( 1.000000000000000000, 0.000000000000000000, 0.000000000000000000 ) ) ;
#3013 = CYLINDRICAL_SURFACE ( 'NONE', #1147, 2.099999999999997868 ) ;
#3014 = ORIENTED_EDGE ( 'NONE', *, *, #3848, .T. ) ;
#3015 = EDGE_CURVE ( 'NONE', #923, #1509, #3425, .T. ) ;
#3016 = ORIENTED_EDGE ( 'NONE', *, *, #453, .F. ) ;
#3017 = VECTOR ( 'NONE', #118, 1000.000000000000000 ) ;
#3018 = LINE ( 'NONE', #4020, #1776 ) ;
#3019 = ORIENTED_EDGE ( 'NONE', *, *, #3775, .T. ) ;
#3020 = VECTOR ( 'NONE', #1054, 1000.000000000000000 ) ;
#3021 = ADVANCED_FACE ( 'NONE', ( #2501 ), #441, .F. ) ;
#3022 = CARTESIAN_POINT ( 'NONE',  ( 87.00000000000001421, 1.000000000000000222, 18.39999999999999858 ) ) ;
#3023 = CARTESIAN_POINT ( 'NONE',  ( 147.9000000000000057, -2.999999999999999556, 96.00000000000000000 ) ) ;
#3024 = FACE_OUTER_BOUND ( 'NONE', #3986, .T. ) ;
#3025 = PLANE ( 'NONE',  #3665 ) ;
#3026 = VECTOR ( 'NONE', #4163, 1000.000000000000000 ) ;
#3027 = EDGE_CURVE ( 'NONE', #215, #349, #1401, .T. ) ;
#3028 = AXIS2_PLACEMENT_3D ( 'NONE', #806, #1046, #2146 ) ;
#3029 = DIRECTION ( 'NONE',  ( -0.000000000000000000, -0.000000000000000000, -1.000000000000000000 ) ) ;
#3030 = LINE ( 'NONE', #1051, #3541 ) ;
#3031 = AXIS2_PLACEMENT_3D ( 'NONE', #1538, #2910, #533 ) ;
#3032 = EDGE_CURVE ( 'NONE', #4324, #2391, #3514, .T. ) ;
#3033 = EDGE_LOOP ( 'NONE', ( #259, #3056 ) ) ;
#3034 = FACE_BOUND ( 'NONE', #444, .T. ) ;
#3035 = AXIS2_PLACEMENT_3D ( 'NONE', #2603, #271, #4282 ) ;
#3036 = ADVANCED_FACE ( 'NONE', ( #2744 ), #4075, .F. ) ;
#3037 = CARTESIAN_POINT ( 'NONE',  ( -77.00000000000000000, -1.399999999999999911, 21.60000000000000142 ) ) ;
#3038 = CARTESIAN_POINT ( 'NONE',  ( -135.0000000000000000, 0.000000000000000000, 108.5000000000000000 ) ) ;
#3039 = ORIENTED_EDGE ( 'NONE', *, *, #2727, .T. ) ;
#3040 = VECTOR ( 'NONE', #4299, 1000.000000000000000 ) ;
#3041 = EDGE_LOOP ( 'NONE', ( #1105, #823, #1540, #3361, #4310, #2821 ) ) ;
#3042 = VECTOR ( 'NONE', #2680, 1000.000000000000000 ) ;
#3043 = FACE_OUTER_BOUND ( 'NONE', #3033, .T. ) ;
#3044 = VERTEX_POINT ( 'NONE', #1080 ) ;
#3045 = CALENDAR_DATE ( 2026, 29, 8 ) ;
#3046 = VECTOR ( 'NONE', #751, 1000.000000000000000 ) ;
#3047 = DIRECTION ( 'NONE',  ( 0.000000000000000000, 0.000000000000000000, 1.000000000000000000 ) ) ;
#3048 = LINE ( 'NONE', #3785, #989 ) ;
#3049 = PRODUCT_DEFINITION_SHAPE ( 'NONE', 'NONE',  #2131 ) ;
#3050 = AXIS2_PLACEMENT_3D ( 'NONE', #2694, #3374, #2713 ) ;
#3051 = CARTESIAN_POINT ( 'NONE',  ( -77.00000000000000000, -1.399999999999999911, 90.00000000000000000 ) ) ;
#3052 = DIRECTION ( 'NONE',  ( 1.000000000000000000, 0.000000000000000000, 0.000000000000000000 ) ) ;
#3053 = CARTESIAN_POINT ( 'NONE',  ( 271.3000000000000682, 0.000000000000000000, 80.00000000000000000 ) ) ;
#3054 = DIRECTION ( 'NONE',  ( -0.000000000000000000, 0.000000000000000000, -1.000000000000000000 ) ) ;
#3055 = DIRECTION ( 'NONE',  ( 1.000000000000000000, 0.000000000000000000, 0.000000000000000000 ) ) ;
#3056 = ORIENTED_EDGE ( 'NONE', *, *, #22, .T. ) ;
#3057 = EDGE_CURVE ( 'NONE', #3331, #128, #1143, .T. ) ;
#3058 = LINE ( 'NONE', #2392, #3371 ) ;
#3059 = LINE ( 'NONE', #2203, #17 ) ;
#3060 = DIRECTION ( 'NONE',  ( -0.000000000000000000, 1.000000000000000000, 0.000000000000000000 ) ) ;
#3061 = ORIENTED_EDGE ( 'NONE', *, *, #608, .F. ) ;
#3062 = EDGE_LOOP ( 'NONE', ( #956, #2505 ) ) ;
#3063 = VERTEX_POINT ( 'NONE', #1736 ) ;
#3064 = CARTESIAN_POINT ( 'NONE',  ( -271.0000000000000000, -1.000000000000000000, 81.84661853126195297 ) ) ;
#3065 = EDGE_LOOP ( 'NONE', ( #1084, #1897, #2536, #648 ) ) ;
#3066 = ORIENTED_EDGE ( 'NONE', *, *, #3921, .F. ) ;
#3067 = PERSON_AND_ORGANIZATION_ROLE ( 'creator' ) ;
#3068 = FACE_OUTER_BOUND ( 'NONE', #1892, .T. ) ;
#3069 = LINE ( 'NONE', #4065, #476 ) ;
#3070 = DIRECTION ( 'NONE',  ( 0.000000000000000000, 0.000000000000000000, 1.000000000000000000 ) ) ;
#3071 = CARTESIAN_POINT ( 'NONE',  ( 164.9999999999999716, 0.000000000000000000, 108.0000000000000000 ) ) ;
#3072 = PLANE ( 'NONE',  #2807 ) ;
#3073 = DIRECTION ( 'NONE',  ( 1.000000000000000000, 0.000000000000000000, 0.000000000000000000 ) ) ;
#3074 = AXIS2_PLACEMENT_3D ( 'NONE', #1136, #3183, #4200 ) ;
#3075 = DIRECTION ( 'NONE',  ( -1.000000000000000000, -0.000000000000000000, 0.000000000000000000 ) ) ;
#3076 = VERTEX_POINT ( 'NONE', #1487 ) ;
#3077 = CARTESIAN_POINT ( 'NONE',  ( 35.00000000000000000, -1.000000000000000000, 108.0000000000000000 ) ) ;
#3078 = APPROVAL_PERSON_ORGANIZATION ( #695, #1808, #1747 ) ;
#3079 = LINE ( 'NONE', #414, #1931 ) ;
#3080 = CARTESIAN_POINT ( 'NONE',  ( 164.9999999999999716, 0.000000000000000000, 108.0000000000000000 ) ) ;
#3081 = ORIENTED_EDGE ( 'NONE', *, *, #1917, .T. ) ;
#3082 = EDGE_LOOP ( 'NONE', ( #1090, #1087 ) ) ;
#3083 = VERTEX_POINT ( 'NONE', #57 ) ;
#3084 = CARTESIAN_POINT ( 'NONE',  ( -150.0000000000000000, -3.000000000000000000, 95.70000000000000284 ) ) ;
#3085 = ORIENTED_EDGE ( 'NONE', *, *, #218, .T. ) ;
#3086 = VERTEX_POINT ( 'NONE', #2415 ) ;
#3087 = DATE_AND_TIME ( #3370, #199 ) ;
#3088 = CARTESIAN_POINT ( 'NONE',  ( -258.9000000000000341, 1.000000000000000444, 31.84661853126193876 ) ) ;
#3089 = CIRCLE ( 'NONE', #3303, 2.100000000000004530 ) ;
#3090 = CARTESIAN_POINT ( 'NONE',  ( -77.00000000000000000, -1.000000000000000000, 20.00000000000000000 ) ) ;
#3091 = DIRECTION ( 'NONE',  ( 0.000000000000000000, 0.000000000000000000, 1.000000000000000000 ) ) ;
#3092 = DIRECTION ( 'NONE',  ( -1.000000000000000000, -0.000000000000000000, 0.000000000000000000 ) ) ;
#3093 = EDGE_CURVE ( 'NONE', #4277, #2886, #1555, .T. ) ;
#3094 = VECTOR ( 'NONE', #2227, 1000.000000000000000 ) ;
#3095 = DIRECTION ( 'NONE',  ( 0.000000000000000000, 0.000000000000000000, -1.000000000000000000 ) ) ;
#3096 = CARTESIAN_POINT ( 'NONE',  ( 245.0000000000000000, -3.000000000000000000, 96.00000000000000000 ) ) ;
#3097 = VECTOR ( 'NONE', #1924, 1000.000000000000000 ) ;
#3098 = EDGE_CURVE ( 'NONE', #1789, #4144, #108, .T. ) ;
#3099 = CARTESIAN_POINT ( 'NONE',  ( 245.0000000000000000, -3.000000000000000000, 96.00000000000000000 ) ) ;
#3100 = CIRCLE ( 'NONE', #1207, 1.600000000000004086 ) ;
#3101 = ORIENTED_EDGE ( 'NONE', *, *, #3885, .T. ) ;
#3102 = DIRECTION ( 'NONE',  ( 0.000000000000000000, -0.000000000000000000, 1.000000000000000000 ) ) ;
#3103 = VECTOR ( 'NONE', #1997, 1000.000000000000000 ) ;
#3104 = CARTESIAN_POINT ( 'NONE',  ( -258.9000000000000341, 0.000000000000000000, 80.00000000000000000 ) ) ;
#3105 = CARTESIAN_POINT ( 'NONE',  ( -260.0000000000000000, -6.000000000000000000, 96.00000000000000000 ) ) ;
#3106 = VERTEX_POINT ( 'NONE', #1121 ) ;
#3107 = ORIENTED_EDGE ( 'NONE', *, *, #836, .F. ) ;
#3108 = VECTOR ( 'NONE', #2827, 1000.000000000000000 ) ;
#3109 = VECTOR ( 'NONE', #2508, 1000.000000000000000 ) ;
#3110 = DIRECTION ( 'NONE',  ( 0.000000000000000000, 0.000000000000000000, 1.000000000000000000 ) ) ;
#3111 = VERTEX_POINT ( 'NONE', #1187 ) ;
#3112 = EDGE_CURVE ( 'NONE', #1191, #3044, #3257, .T. ) ;
#3113 = ORIENTED_EDGE ( 'NONE', *, *, #3885, .F. ) ;
#3114 = CARTESIAN_POINT ( 'NONE',  ( -135.0000000000000000, -1.000000000000000000, 0.000000000000000000 ) ) ;
#3115 = AXIS2_PLACEMENT_3D ( 'NONE', #4014, #543, #346 ) ;
#3116 = ADVANCED_FACE ( 'NONE', ( #2267, #1237, #1535, #3905, #3604, #2945, #925, #194, #2881, #886, #2572, #4234, #598, #860, #947, #531, #2525, #575 ), #3581, .T. ) ;
#3117 = LINE ( 'NONE', #1416, #3450 ) ;
#3118 = LINE ( 'NONE', #4175, #797 ) ;
#3119 = CARTESIAN_POINT ( 'NONE',  ( 65.00000000000000000, 0.000000000000000000, 108.0000000000000000 ) ) ;
#3120 = AXIS2_PLACEMENT_3D ( 'NONE', #1167, #2553, #3890 ) ;
#3121 = CARTESIAN_POINT ( 'NONE',  ( 259.0000000000000000, 1.000000000000000222, 21.60000000000000142 ) ) ;
#3122 = ADVANCED_FACE ( 'NONE', ( #3860 ), #4210, .T. ) ;
#3123 = CARTESIAN_POINT ( 'NONE',  ( -271.3000000000000682, -1.000000000000000000, 28.15338146873806124 ) ) ;
#3124 = AXIS2_PLACEMENT_3D ( 'NONE', #3099, #790, #4027 ) ;
#3125 = LINE ( 'NONE', #1445, #3470 ) ;
#3126 = ORIENTED_EDGE ( 'NONE', *, *, #3761, .F. ) ;
#3127 = FACE_OUTER_BOUND ( 'NONE', #2576, .T. ) ;
#3128 = CARTESIAN_POINT ( 'NONE',  ( 271.0000000000000000, 0.000000000000000000, 32.09999999999999432 ) ) ;
#3129 = ORIENTED_EDGE ( 'NONE', *, *, #3015, .T. ) ;
#3130 = EDGE_LOOP ( 'NONE', ( #1119, #3386, #1447, #2423 ) ) ;
#3131 = DIRECTION ( 'NONE',  ( -1.000000000000000000, -0.000000000000000000, 0.000000000000000000 ) ) ;
#3132 = VERTEX_POINT ( 'NONE', #905 ) ;
#3133 = ORIENTED_EDGE ( 'NONE', *, *, #64, .F. ) ;
#3134 = ADVANCED_FACE ( 'NONE', ( #171 ), #1586, .F. ) ;
#3135 = DIRECTION ( 'NONE',  ( 0.000000000000000000, 0.000000000000000000, 1.000000000000000000 ) ) ;
#3136 = LINE ( 'NONE', #2802, #1491 ) ;
#3137 = LINE ( 'NONE', #1134, #3108 ) ;
#3138 = EDGE_CURVE ( 'NONE', #490, #3365, #3448, .T. ) ;
#3139 = FACE_OUTER_BOUND ( 'NONE', #3915, .T. ) ;
#3140 = DIRECTION ( 'NONE',  ( 1.000000000000000000, -0.000000000000000000, -0.000000000000000000 ) ) ;
#3141 = CARTESIAN_POINT ( 'NONE',  ( -160.0000000000000000, -1.000000000000000000, 0.000000000000000000 ) ) ;
#3142 = VERTEX_POINT ( 'NONE', #1895 ) ;
#3143 = CARTESIAN_POINT ( 'NONE',  ( 259.0000000000000000, -1.399999999999999911, 20.00000000000000000 ) ) ;
#3144 = VECTOR ( 'NONE', #1663, 1000.000000000000000 ) ;
#3145 = CARTESIAN_POINT ( 'NONE',  ( 90.00000000000001421, 1.000000000000000000, 84.99999999999998579 ) ) ;
#3146 = ORIENTED_EDGE ( 'NONE', *, *, #1451, .T. ) ;
#3147 = EDGE_CURVE ( 'NONE', #130, #3781, #1911, .T. ) ;
#3148 = ORIENTED_EDGE ( 'NONE', *, *, #3006, .F. ) ;
#3149 = ORIENTED_EDGE ( 'NONE', *, *, #3032, .F. ) ;
#3150 = CARTESIAN_POINT ( 'NONE',  ( -149.3596875762567038, -1.000000000000000000, 96.00000000000000000 ) ) ;
#3151 = ORIENTED_EDGE ( 'NONE', *, *, #801, .F. ) ;
#3152 = ADVANCED_FACE ( 'NONE', ( #2551 ), #2244, .F. ) ;
#3153 = EDGE_LOOP ( 'NONE', ( #39, #3946, #3865, #446 ) ) ;
#3154 = ORIENTED_EDGE ( 'NONE', *, *, #1617, .T. ) ;
#3155 = CARTESIAN_POINT ( 'NONE',  ( -229.9999999999999716, 0.000000000000000000, 108.0000000000000000 ) ) ;
#3156 = CARTESIAN_POINT ( 'NONE',  ( -65.00000000000000000, -6.000000000000000000, 96.00000000000000000 ) ) ;
#3157 = DIRECTION ( 'NONE',  ( 1.000000000000000000, 0.000000000000000000, -0.000000000000000000 ) ) ;
#3158 = LINE ( 'NONE', #1840, #49 ) ;
#3159 = CYLINDRICAL_SURFACE ( 'NONE', #211, 2.100000000000004530 ) ;
#3160 = PLANE ( 'NONE',  #3247 ) ;
#3161 = AXIS2_PLACEMENT_3D ( 'NONE', #4203, #2193, #2218 ) ;
#3162 = EDGE_CURVE ( 'NONE', #1603, #2650, #1691, .T. ) ;
#3163 = ORIENTED_EDGE ( 'NONE', *, *, #79, .T. ) ;
#3164 = AXIS2_PLACEMENT_3D ( 'NONE', #1298, #1377, #1693 ) ;
#3165 = CARTESIAN_POINT ( 'NONE',  ( -150.0000000000000000, -3.000000000000000000, 95.70000000000000284 ) ) ;
#3166 = ADVANCED_FACE ( 'NONE', ( #553 ), #1918, .T. ) ;
#3167 = EDGE_CURVE ( 'NONE', #4028, #3636, #2927, .T. ) ;
#3168 = CARTESIAN_POINT ( 'NONE',  ( -147.9000000000000057, -3.000000000000000000, 95.70000000000000284 ) ) ;
#3169 = AXIS2_PLACEMENT_3D ( 'NONE', #1668, #2717, #4026 ) ;
#3170 = ORIENTED_EDGE ( 'NONE', *, *, #679, .T. ) ;
#3171 = EDGE_LOOP ( 'NONE', ( #3412, #665, #958, #755, #2683, #2091 ) ) ;
#3172 = ORIENTED_EDGE ( 'NONE', *, *, #1766, .F. ) ;
#3173 = AXIS2_PLACEMENT_3D ( 'NONE', #902, #2263, #1251 ) ;
#3174 = EDGE_CURVE ( 'NONE', #1849, #976, #2590, .T. ) ;
#3175 = LINE ( 'NONE', #1128, #2127 ) ;
#3176 = ORIENTED_EDGE ( 'NONE', *, *, #952, .T. ) ;
#3177 = VERTEX_POINT ( 'NONE', #4184 ) ;
#3178 = ORIENTED_EDGE ( 'NONE', *, *, #1120, .F. ) ;
#3179 = LINE ( 'NONE', #3225, #831 ) ;
#3180 = VECTOR ( 'NONE', #1525, 1000.000000000000000 ) ;
#3181 = CARTESIAN_POINT ( 'NONE',  ( -163.0000000000000000, 1.000000000000000222, 91.59999999999999432 ) ) ;
#3182 = DIRECTION ( 'NONE',  ( -0.000000000000000000, 0.000000000000000000, -1.000000000000000000 ) ) ;
#3183 = DIRECTION ( 'NONE',  ( 0.000000000000000000, 1.000000000000000000, 0.000000000000000000 ) ) ;
#3184 = AXIS2_PLACEMENT_3D ( 'NONE', #1701, #3434, #1041 ) ;
#3185 = CYLINDRICAL_SURFACE ( 'NONE', #2596, 1.600000000000000755 ) ;
#3186 = CARTESIAN_POINT ( 'NONE',  ( 242.9000000000000057, -2.999999999999999556, 96.00000000000000000 ) ) ;
#3187 = VECTOR ( 'NONE', #731, 1000.000000000000000 ) ;
#3188 = ORIENTED_EDGE ( 'NONE', *, *, #3807, .T. ) ;
#3189 = ORIENTED_EDGE ( 'NONE', *, *, #1224, .T. ) ;
#3190 = AXIS2_PLACEMENT_3D ( 'NONE', #3820, #2812, #481 ) ;
#3191 = DIRECTION ( 'NONE',  ( 0.000000000000000000, -1.000000000000000000, -0.000000000000000000 ) ) ;
#3192 = LINE ( 'NONE', #1512, #4015 ) ;
#3193 = VECTOR ( 'NONE', #3726, 1000.000000000000000 ) ;
#3194 = VERTEX_POINT ( 'NONE', #985 ) ;
#3195 = EDGE_CURVE ( 'NONE', #1963, #1697, #3666, .T. ) ;
#3196 = ORIENTED_EDGE ( 'NONE', *, *, #4245, .F. ) ;
#3197 = ORIENTED_EDGE ( 'NONE', *, *, #2889, .T. ) ;
#3198 = FACE_OUTER_BOUND ( 'NONE', #516, .T. ) ;
#3199 = LINE ( 'NONE', #1152, #3531 ) ;
#3200 = ORIENTED_EDGE ( 'NONE', *, *, #3848, .F. ) ;
#3201 = ORIENTED_EDGE ( 'NONE', *, *, #433, .F. ) ;
#3202 = EDGE_CURVE ( 'NONE', #4028, #4305, #8, .T. ) ;
#3203 = ORIENTED_EDGE ( 'NONE', *, *, #1667, .F. ) ;
#3204 = LINE ( 'NONE', #184, #405 ) ;
#3205 = CARTESIAN_POINT ( 'NONE',  ( -244.3596875762567038, -1.000000000000002665, 95.70000000000000284 ) ) ;
#3206 = CARTESIAN_POINT ( 'NONE',  ( -260.0000000000000000, -6.000000000000000000, 96.00000000000000000 ) ) ;
#3207 = FACE_OUTER_BOUND ( 'NONE', #2778, .T. ) ;
#3208 = CARTESIAN_POINT ( 'NONE',  ( -259.5000000000000000, -1.399999999999999911, 21.60000000000000142 ) ) ;
#3209 = DIRECTION ( 'NONE',  ( -1.000000000000000000, -0.000000000000000000, 0.000000000000000000 ) ) ;
#3210 = VERTEX_POINT ( 'NONE', #661 ) ;
#3211 = ORIENTED_EDGE ( 'NONE', *, *, #2086, .T. ) ;
#3212 = DIRECTION ( 'NONE',  ( 0.000000000000000000, 0.000000000000000000, 1.000000000000000000 ) ) ;
#3213 = CARTESIAN_POINT ( 'NONE',  ( -150.0000000000000000, -6.000000000000000000, 108.5000000000000000 ) ) ;
#3214 = CARTESIAN_POINT ( 'NONE',  ( 164.9999999999999716, -3.000000000000000000, 108.5000000000000000 ) ) ;
#3215 = EDGE_CURVE ( 'NONE', #2729, #4165, #2634, .T. ) ;
#3216 = ORIENTED_EDGE ( 'NONE', *, *, #3138, .F. ) ;
#3217 = ORIENTED_EDGE ( 'NONE', *, *, #312, .F. ) ;
#3218 = DIRECTION ( 'NONE',  ( 0.000000000000000000, 0.000000000000000000, -1.000000000000000000 ) ) ;
#3219 = AXIS2_PLACEMENT_3D ( 'NONE', #2824, #1228, #520 ) ;
#3220 = CARTESIAN_POINT ( 'NONE',  ( 245.0000000000000000, -3.000000000000000000, 108.5000000000000000 ) ) ;
#3221 = ORIENTED_EDGE ( 'NONE', *, *, #3295, .F. ) ;
#3222 = VECTOR ( 'NONE', #317, 1000.000000000000000 ) ;
#3223 = ORIENTED_EDGE ( 'NONE', *, *, #4037, .T. ) ;
#3224 = VERTEX_POINT ( 'NONE', #1687 ) ;
#3225 = CARTESIAN_POINT ( 'NONE',  ( -65.00000000000000000, -1.000000000000000000, 0.000000000000000000 ) ) ;
#3226 = EDGE_CURVE ( 'NONE', #563, #1086, #4048, .T. ) ;
#3227 = CARTESIAN_POINT ( 'NONE',  ( -164.9999999999999716, -1.000000000000000000, 108.0000000000000000 ) ) ;
#3228 = DIRECTION ( 'NONE',  ( -1.000000000000000000, 0.000000000000000000, 0.000000000000000000 ) ) ;
#3229 = LINE ( 'NONE', #210, #1529 ) ;
#3230 = CARTESIAN_POINT ( 'NONE',  ( 135.0000000000000000, 0.000000000000000000, 96.00000000000000000 ) ) ;
#3231 = LINE ( 'NONE', #3903, #2542 ) ;
#3232 = EDGE_CURVE ( 'NONE', #2632, #2199, #3359, .T. ) ;
#3233 = ORIENTED_EDGE ( 'NONE', *, *, #534, .T. ) ;
#3234 = ORIENTED_EDGE ( 'NONE', *, *, #3307, .T. ) ;
#3235 = DIRECTION ( 'NONE',  ( -1.000000000000000000, 0.000000000000000000, 0.000000000000000000 ) ) ;
#3236 = AXIS2_PLACEMENT_3D ( 'NONE', #428, #47, #3395 ) ;
#3237 = CARTESIAN_POINT ( 'NONE',  ( 271.3000000000000682, 0.000000000000000000, 30.00000000000000000 ) ) ;
#3238 = DIRECTION ( 'NONE',  ( -0.000000000000000000, 1.000000000000000000, 0.000000000000000000 ) ) ;
#3239 = AXIS2_PLACEMENT_3D ( 'NONE', #3931, #602, #3218 ) ;
#3240 = EDGE_LOOP ( 'NONE', ( #2157, #3696 ) ) ;
#3241 = DIRECTION ( 'NONE',  ( 0.000000000000000000, 0.000000000000000000, 1.000000000000000000 ) ) ;
#3242 = AXIS2_PLACEMENT_3D ( 'NONE', #1605, #4251, #260 ) ;
#3243 = CARTESIAN_POINT ( 'NONE',  ( -163.0000000000000000, -1.399999999999999911, 18.39999999999999858 ) ) ;
#3244 = ORIENTED_EDGE ( 'NONE', *, *, #2767, .F. ) ;
#3245 = VERTEX_POINT ( 'NONE', #4290 ) ;
#3246 = ORIENTED_EDGE ( 'NONE', *, *, #1039, .T. ) ;
#3247 = AXIS2_PLACEMENT_3D ( 'NONE', #389, #140, #1098 ) ;
#3248 = DIRECTION ( 'NONE',  ( -0.000000000000000000, 1.000000000000000000, 0.000000000000000000 ) ) ;
#3249 = DIRECTION ( 'NONE',  ( 0.000000000000000000, 0.000000000000000000, 1.000000000000000000 ) ) ;
#3250 = CARTESIAN_POINT ( 'NONE',  ( -50.00000000000000000, -3.000000000000000000, 96.00000000000000000 ) ) ;
#3251 = CARTESIAN_POINT ( 'NONE',  ( -35.00000000000000000, -6.000000000000000000, 96.00000000000000000 ) ) ;
#3252 = EDGE_CURVE ( 'NONE', #2970, #1679, #614, .T. ) ;
#3253 = CARTESIAN_POINT ( 'NONE',  ( 0.000000000000000000, 0.000000000000000000, 108.0000000000000000 ) ) ;
#3254 = VECTOR ( 'NONE', #3506, 1000.000000000000000 ) ;
#3255 = PLANE ( 'NONE',  #651 ) ;
#3256 = EDGE_LOOP ( 'NONE', ( #2554, #226, #1343, #1142 ) ) ;
#3257 = LINE ( 'NONE', #3888, #710 ) ;
#3258 = AXIS2_PLACEMENT_3D ( 'NONE', #995, #668, #2370 ) ;
#3259 = FACE_OUTER_BOUND ( 'NONE', #1223, .T. ) ;
#3260 = DIRECTION ( 'NONE',  ( 0.000000000000000000, -1.000000000000000000, -0.000000000000000000 ) ) ;
#3261 = VERTEX_POINT ( 'NONE', #2000 ) ;
#3262 = FACE_OUTER_BOUND ( 'NONE', #2372, .T. ) ;
#3263 = CARTESIAN_POINT ( 'NONE',  ( 135.0000000000000000, -3.000000000000000000, 108.5000000000000000 ) ) ;
#3264 = ORIENTED_EDGE ( 'NONE', *, *, #1785, .F. ) ;
#3265 = ORIENTED_EDGE ( 'NONE', *, *, #2639, .T. ) ;
#3266 = ORIENTED_EDGE ( 'NONE', *, *, #2486, .F. ) ;
#3267 = LINE ( 'NONE', #4262, #2016 ) ;
#3268 = CARTESIAN_POINT ( 'NONE',  ( -245.0000000000000000, -3.000000000000000000, 96.00000000000000000 ) ) ;
#3269 = DIRECTION ( 'NONE',  ( 0.000000000000000000, 0.000000000000000000, 1.000000000000000000 ) ) ;
#3270 = ADVANCED_FACE ( 'NONE', ( #1294 ), #966, .F. ) ;
#3271 = DIRECTION ( 'NONE',  ( 0.000000000000000000, 0.000000000000000000, 1.000000000000000000 ) ) ;
#3272 = LINE ( 'NONE', #3559, #1839 ) ;
#3273 = EDGE_CURVE ( 'NONE', #2391, #1944, #1710, .T. ) ;
#3274 = ORIENTED_EDGE ( 'NONE', *, *, #40, .F. ) ;
#3275 = DIRECTION ( 'NONE',  ( -0.000000000000000000, 1.000000000000000000, 0.000000000000000000 ) ) ;
#3276 = ADVANCED_FACE ( 'NONE', ( #3983 ), #3703, .T. ) ;
#3277 = DIRECTION ( 'NONE',  ( 0.000000000000000000, 1.000000000000000000, 0.000000000000000000 ) ) ;
#3278 = CARTESIAN_POINT ( 'NONE',  ( 164.9999999999999716, -6.000000000000000000, 108.5000000000000000 ) ) ;
#3279 = EDGE_CURVE ( 'NONE', #2935, #1902, #924, .T. ) ;
#3280 = VERTEX_POINT ( 'NONE', #2346 ) ;
#3281 = CARTESIAN_POINT ( 'NONE',  ( 258.9000000000000341, 0.000000000000000000, 80.00000000000000000 ) ) ;
#3282 = EDGE_CURVE ( 'NONE', #4165, #777, #1649, .T. ) ;
#3283 = CARTESIAN_POINT ( 'NONE',  ( -245.0000000000000000, -3.000000000000000000, 96.00000000000000000 ) ) ;
#3284 = VERTEX_POINT ( 'NONE', #2015 ) ;
#3285 = ORIENTED_EDGE ( 'NONE', *, *, #4316, .T. ) ;
#3286 = VERTEX_POINT ( 'NONE', #701 ) ;
#3287 = ADVANCED_FACE ( 'NONE', ( #340 ), #3007, .F. ) ;
#3288 = AXIS2_PLACEMENT_3D ( 'NONE', #2491, #4196, #916 ) ;
#3289 = DIRECTION ( 'NONE',  ( -0.000000000000000000, 1.000000000000000000, 0.000000000000000000 ) ) ;
#3290 = CARTESIAN_POINT ( 'NONE',  ( 0.000000000000000000, 0.000000000000000000, 108.0000000000000000 ) ) ;
#3291 =( GEOMETRIC_REPRESENTATION_CONTEXT ( 3 ) GLOBAL_UNCERTAINTY_ASSIGNED_CONTEXT ( ( #4205 ) ) GLOBAL_UNIT_ASSIGNED_CONTEXT ( ( #959, #2296, #2401 ) ) REPRESENTATION_CONTEXT ( 'NONE', 'WORKASPACE' ) );
#3292 = LINE ( 'NONE', #4001, #2817 ) ;
#3293 = EDGE_LOOP ( 'NONE', ( #885, #873, #2093, #1263 ) ) ;
#3294 = CARTESIAN_POINT ( 'NONE',  ( -177.5000000000000000, -1.000000000000000000, 90.00000000000000000 ) ) ;
#3295 = EDGE_CURVE ( 'NONE', #2199, #1928, #644, .T. ) ;
#3296 = CARTESIAN_POINT ( 'NONE',  ( 65.00000000000000000, -3.000000000000000000, 96.00000000000000000 ) ) ;
#3297 = DIRECTION ( 'NONE',  ( -0.000000000000000000, 0.000000000000000000, -1.000000000000000000 ) ) ;
#3298 = ORIENTED_EDGE ( 'NONE', *, *, #1680, .T. ) ;
#3299 = ADVANCED_FACE ( 'NONE', ( #1029 ), #3379, .T. ) ;
#3300 = DIRECTION ( 'NONE',  ( 0.000000000000000000, 0.000000000000000000, -1.000000000000000000 ) ) ;
#3301 = EDGE_CURVE ( 'NONE', #1619, #3492, #4136, .T. ) ;
#3302 = DIRECTION ( 'NONE',  ( 0.000000000000000000, 0.000000000000000000, -1.000000000000000000 ) ) ;
#3303 = AXIS2_PLACEMENT_3D ( 'NONE', #2496, #3832, #1937 ) ;
#3304 = EDGE_LOOP ( 'NONE', ( #561, #377 ) ) ;
#3305 = EDGE_LOOP ( 'NONE', ( #1486, #3435, #1212, #2916 ) ) ;
#3306 = VERTEX_POINT ( 'NONE', #1956 ) ;
#3307 = EDGE_CURVE ( 'NONE', #3481, #1794, #2261, .T. ) ;
#3308 = VECTOR ( 'NONE', #3587, 1000.000000000000000 ) ;
#3309 = FACE_OUTER_BOUND ( 'NONE', #2121, .T. ) ;
#3310 = EDGE_LOOP ( 'NONE', ( #1809, #2196 ) ) ;
#3311 = CARTESIAN_POINT ( 'NONE',  ( 50.64031242374328912, -1.000000000000000000, 95.70000000000000284 ) ) ;
#3312 = AXIS2_PLACEMENT_3D ( 'NONE', #1254, #1846, #2610 ) ;
#3313 = EDGE_CURVE ( 'NONE', #3492, #4305, #4275, .T. ) ;
#3314 = DIRECTION ( 'NONE',  ( 1.000000000000000000, 0.000000000000000000, -0.000000000000000000 ) ) ;
#3315 = FACE_BOUND ( 'NONE', #3062, .T. ) ;
#3316 = VECTOR ( 'NONE', #3073, 1000.000000000000000 ) ;
#3317 = ORIENTED_EDGE ( 'NONE', *, *, #3410, .T. ) ;
#3318 = AXIS2_PLACEMENT_3D ( 'NONE', #2735, #786, #523 ) ;
#3319 = DIRECTION ( 'NONE',  ( 1.000000000000000000, 0.000000000000000000, 0.000000000000000000 ) ) ;
#3320 = CIRCLE ( 'NONE', #514, 1.600000000000000755 ) ;
#3321 = PLANE ( 'NONE',  #2914 ) ;
#3322 = ORIENTED_EDGE ( 'NONE', *, *, #3727, .T. ) ;
#3323 = VECTOR ( 'NONE', #2338, 1000.000000000000000 ) ;
#3324 = CARTESIAN_POINT ( 'NONE',  ( -229.9999999999999716, 0.000000000000000000, 108.0000000000000000 ) ) ;
#3325 = LINE ( 'NONE', #2215, #1354 ) ;
#3326 = VECTOR ( 'NONE', #1774, 1000.000000000000000 ) ;
#3327 = DIRECTION ( 'NONE',  ( 0.000000000000000000, 0.000000000000000000, -1.000000000000000000 ) ) ;
#3328 = ORIENTED_EDGE ( 'NONE', *, *, #1598, .T. ) ;
#3329 = EDGE_CURVE ( 'NONE', #4122, #3974, #3100, .T. ) ;
#3330 = ORIENTED_EDGE ( 'NONE', *, *, #506, .T. ) ;
#3331 = VERTEX_POINT ( 'NONE', #2432 ) ;
#3332 = VECTOR ( 'NONE', #1429, 1000.000000000000000 ) ;
#3333 = FACE_OUTER_BOUND ( 'NONE', #1871, .T. ) ;
#3334 = ORIENTED_EDGE ( 'NONE', *, *, #2198, .F. ) ;
#3335 = CARTESIAN_POINT ( 'NONE',  ( 50.64031242374328912, -1.000000000000000000, 96.00000000000000000 ) ) ;
#3336 = PLANE ( 'NONE',  #2312 ) ;
#3337 = DIRECTION ( 'NONE',  ( 1.000000000000000000, 0.000000000000000000, -0.000000000000000000 ) ) ;
#3338 = CARTESIAN_POINT ( 'NONE',  ( -259.5000000000000000, -1.000000000000000000, 20.00000000000000000 ) ) ;
#3339 = EDGE_CURVE ( 'NONE', #4082, #1769, #990, .T. ) ;
#3340 = CARTESIAN_POINT ( 'NONE',  ( -150.6403124237432962, -1.000000000000000000, 95.70000000000000284 ) ) ;
#3341 = EDGE_CURVE ( 'NONE', #3636, #343, #54, .T. ) ;
#3342 = DIRECTION ( 'NONE',  ( -1.000000000000000000, -0.000000000000000000, 0.000000000000000000 ) ) ;
#3343 = ORIENTED_EDGE ( 'NONE', *, *, #2063, .F. ) ;
#3344 = DIRECTION ( 'NONE',  ( 0.000000000000000000, 0.000000000000000000, -1.000000000000000000 ) ) ;
#3345 = CARTESIAN_POINT ( 'NONE',  ( -271.0000000000000000, -1.000000000000000000, 0.000000000000000000 ) ) ;
#3346 = CARTESIAN_POINT ( 'NONE',  ( -271.0000000000000000, 1.000000000000000000, 0.000000000000000000 ) ) ;
#3347 = ORIENTED_EDGE ( 'NONE', *, *, #363, .T. ) ;
#3348 = ORIENTED_EDGE ( 'NONE', *, *, #3167, .F. ) ;
#3349 = CARTESIAN_POINT ( 'NONE',  ( 0.000000000000000000, 0.000000000000000000, 108.0000000000000000 ) ) ;
#3350 = EDGE_CURVE ( 'NONE', #2391, #2211, #436, .T. ) ;
#3351 = EDGE_LOOP ( 'NONE', ( #895, #2253, #299, #627 ) ) ;
#3352 = DIRECTION ( 'NONE',  ( 1.000000000000000000, 0.000000000000000000, -0.000000000000000000 ) ) ;
#3353 = DIRECTION ( 'NONE',  ( -0.000000000000000000, 1.000000000000000000, 0.000000000000000000 ) ) ;
#3354 = EDGE_CURVE ( 'NONE', #1244, #1246, #3862, .T. ) ;
#3355 = DIRECTION ( 'NONE',  ( 1.000000000000000000, 0.000000000000000000, -0.000000000000000000 ) ) ;
#3356 = VECTOR ( 'NONE', #2163, 1000.000000000000000 ) ;
#3357 = CARTESIAN_POINT ( 'NONE',  ( -258.9000000000000341, 1.000000000000000000, 0.000000000000000000 ) ) ;
#3358 = EDGE_CURVE ( 'NONE', #3643, #396, #2959, .T. ) ;
#3359 = LINE ( 'NONE', #2672, #2538 ) ;
#3360 = DIRECTION ( 'NONE',  ( 0.000000000000000000, -1.000000000000000000, -0.000000000000000000 ) ) ;
#3361 = ORIENTED_EDGE ( 'NONE', *, *, #681, .T. ) ;
#3362 = CARTESIAN_POINT ( 'NONE',  ( -47.90000000000000568, -3.000000000000000000, 108.5000000000000000 ) ) ;
#3363 = CARTESIAN_POINT ( 'NONE',  ( -150.0000000000000000, -3.000000000000000000, 108.5000000000000000 ) ) ;
#3364 = LINE ( 'NONE', #4338, #13 ) ;
#3365 = VERTEX_POINT ( 'NONE', #3750 ) ;
#3366 = ORIENTED_EDGE ( 'NONE', *, *, #813, .F. ) ;
#3367 = CIRCLE ( 'NONE', #1543, 1.600000000000000755 ) ;
#3368 = CARTESIAN_POINT ( 'NONE',  ( -150.0000000000000000, -6.000000000000000000, 96.00000000000000000 ) ) ;
#3369 = ORIENTED_EDGE ( 'NONE', *, *, #3796, .T. ) ;
#3370 = CALENDAR_DATE ( 2026, 29, 8 ) ;
#3371 = VECTOR ( 'NONE', #3672, 1000.000000000000000 ) ;
#3372 = CARTESIAN_POINT ( 'NONE',  ( 90.00000000000001421, -1.000000000000000000, 0.000000000000000000 ) ) ;
#3373 = DIRECTION ( 'NONE',  ( -0.000000000000000000, 0.000000000000000000, -1.000000000000000000 ) ) ;
#3374 = DIRECTION ( 'NONE',  ( -0.000000000000000000, -0.000000000000000000, -1.000000000000000000 ) ) ;
#3375 = CARTESIAN_POINT ( 'NONE',  ( 87.00000000000001421, -1.000000000000000000, 21.60000000000000142 ) ) ;
#3376 = VECTOR ( 'NONE', #1423, 1000.000000000000000 ) ;
#3377 = EDGE_CURVE ( 'NONE', #2169, #4028, #2476, .T. ) ;
#3378 = VECTOR ( 'NONE', #4129, 1000.000000000000000 ) ;
#3379 = PLANE ( 'NONE',  #2460 ) ;
#3380 = PLANE ( 'NONE',  #805 ) ;
#3381 = VERTEX_POINT ( 'NONE', #4114 ) ;
#3382 = FACE_BOUND ( 'NONE', #3082, .T. ) ;
#3383 = AXIS2_PLACEMENT_3D ( 'NONE', #280, #949, #1630 ) ;
#3384 = DIRECTION ( 'NONE',  ( 1.000000000000000000, 0.000000000000000000, -0.000000000000000000 ) ) ;
#3385 = DIRECTION ( 'NONE',  ( 1.000000000000000000, 0.000000000000000000, 0.000000000000000000 ) ) ;
#3386 = ORIENTED_EDGE ( 'NONE', *, *, #681, .F. ) ;
#3387 = CIRCLE ( 'NONE', #3947, 1.600000000000004086 ) ;
#3388 = ORIENTED_EDGE ( 'NONE', *, *, #868, .F. ) ;
#3389 = ORIENTED_EDGE ( 'NONE', *, *, #9, .F. ) ;
#3390 = PLANE ( 'NONE',  #1420 ) ;
#3391 = ORIENTED_EDGE ( 'NONE', *, *, #2797, .F. ) ;
#3392 = ORIENTED_EDGE ( 'NONE', *, *, #3989, .F. ) ;
#3393 = PERSON_AND_ORGANIZATION ( #983, #691 ) ;
#3394 = VECTOR ( 'NONE', #1362, 1000.000000000000000 ) ;
#3395 = DIRECTION ( 'NONE',  ( -1.000000000000000000, 0.000000000000000000, 0.000000000000000000 ) ) ;
#3396 = DIRECTION ( 'NONE',  ( 0.000000000000000000, -0.000000000000000000, 1.000000000000000000 ) ) ;
#3397 = AXIS2_PLACEMENT_3D ( 'NONE', #3768, #765, #50 ) ;
#3398 = DIRECTION ( 'NONE',  ( -0.000000000000000000, 0.000000000000000000, -1.000000000000000000 ) ) ;
#3399 = CARTESIAN_POINT ( 'NONE',  ( 87.00000000000001421, -1.000000000000000000, 90.00000000000000000 ) ) ;
#3400 = CARTESIAN_POINT ( 'NONE',  ( 65.00000000000000000, -6.000000000000000000, 96.00000000000000000 ) ) ;
#3401 = CARTESIAN_POINT ( 'NONE',  ( -163.0000000000000000, -1.000000000000000000, 90.00000000000000000 ) ) ;
#3402 = CARTESIAN_POINT ( 'NONE',  ( -242.9000000000000057, -3.000000000000000000, 96.00000000000000000 ) ) ;
#3403 = VERTEX_POINT ( 'NONE', #1117 ) ;
#3404 = FACE_OUTER_BOUND ( 'NONE', #1804, .T. ) ;
#3405 = EDGE_CURVE ( 'NONE', #485, #3044, #4068, .T. ) ;
#3406 = CARTESIAN_POINT ( 'NONE',  ( 135.0000000000000000, -6.000000000000000000, 108.5000000000000000 ) ) ;
#3407 = LINE ( 'NONE', #1017, #2407 ) ;
#3408 = ORIENTED_EDGE ( 'NONE', *, *, #2297, .F. ) ;
#3409 = ORIENTED_EDGE ( 'NONE', *, *, #1798, .F. ) ;
#3410 = EDGE_CURVE ( 'NONE', #2975, #586, #4072, .T. ) ;
#3411 = DIRECTION ( 'NONE',  ( 0.000000000000000000, -1.000000000000000000, -0.000000000000000000 ) ) ;
#3412 = ORIENTED_EDGE ( 'NONE', *, *, #1592, .T. ) ;
#3413 = ORIENTED_EDGE ( 'NONE', *, *, #1621, .T. ) ;
#3414 = DATE_AND_TIME ( #1412, #2795 ) ;
#3415 = LINE ( 'NONE', #696, #1404 ) ;
#3416 = DIRECTION ( 'NONE',  ( 0.000000000000000000, 0.000000000000000000, 1.000000000000000000 ) ) ;
#3417 = EDGE_CURVE ( 'NONE', #2161, #1365, #2083, .T. ) ;
#3418 = CARTESIAN_POINT ( 'NONE',  ( -271.3000000000000682, 1.000000000000000000, 31.84661853126193876 ) ) ;
#3419 = DIRECTION ( 'NONE',  ( -0.000000000000000000, -0.000000000000000000, -1.000000000000000000 ) ) ;
#3420 = DIRECTION ( 'NONE',  ( 0.000000000000000000, 0.000000000000000000, 1.000000000000000000 ) ) ;
#3421 = CARTESIAN_POINT ( 'NONE',  ( 0.000000000000000000, -1.000000000000000000, 96.00000000000000000 ) ) ;
#3422 = AXIS2_PLACEMENT_3D ( 'NONE', #1819, #1527, #1866 ) ;
#3423 = LINE ( 'NONE', #33, #1861 ) ;
#3424 = ORIENTED_EDGE ( 'NONE', *, *, #2183, .F. ) ;
#3425 = LINE ( 'NONE', #461, #3026 ) ;
#3426 = APPROVAL_PERSON_ORGANIZATION ( #2425, #250, #760 ) ;
#3427 = EDGE_CURVE ( 'NONE', #1244, #3284, #120, .T. ) ;
#3428 = CARTESIAN_POINT ( 'NONE',  ( 0.000000000000000000, -1.000000000000000000, 96.00000000000000000 ) ) ;
#3429 = DIRECTION ( 'NONE',  ( 1.000000000000000000, 0.000000000000000000, -0.000000000000000000 ) ) ;
#3430 = ORIENTED_EDGE ( 'NONE', *, *, #3576, .T. ) ;
#3431 = EDGE_CURVE ( 'NONE', #3044, #4303, #4135, .T. ) ;
#3432 = ORIENTED_EDGE ( 'NONE', *, *, #2281, .T. ) ;
#3433 = ORIENTED_EDGE ( 'NONE', *, *, #1077, .T. ) ;
#3434 = DIRECTION ( 'NONE',  ( 0.000000000000000000, 1.000000000000000000, 0.000000000000000000 ) ) ;
#3435 = ORIENTED_EDGE ( 'NONE', *, *, #1556, .T. ) ;
#3436 = ORIENTED_EDGE ( 'NONE', *, *, #1667, .T. ) ;
#3437 = PERSON_AND_ORGANIZATION ( #983, #691 ) ;
#3438 = EDGE_CURVE ( 'NONE', #669, #517, #3817, .T. ) ;
#3439 = DIRECTION ( 'NONE',  ( -0.000000000000000000, 0.000000000000000000, -1.000000000000000000 ) ) ;
#3440 = VECTOR ( 'NONE', #2519, 1000.000000000000000 ) ;
#3441 = CARTESIAN_POINT ( 'NONE',  ( -259.5000000000000000, 1.000000000000000222, 21.60000000000000142 ) ) ;
#3442 = DIRECTION ( 'NONE',  ( -1.000000000000000000, -0.000000000000000000, 0.000000000000000000 ) ) ;
#3443 = CARTESIAN_POINT ( 'NONE',  ( -181.0000000000000000, 0.000000000000000000, 25.00000000000000000 ) ) ;
#3444 = VECTOR ( 'NONE', #1570, 1000.000000000000000 ) ;
#3445 = EDGE_CURVE ( 'NONE', #3916, #3623, #1074, .T. ) ;
#3446 = CARTESIAN_POINT ( 'NONE',  ( -50.64031242374328912, -1.000000000000000000, 96.00000000000000000 ) ) ;
#3447 = DIRECTION ( 'NONE',  ( 1.000000000000000000, 0.000000000000000000, 0.000000000000000000 ) ) ;
#3448 = CIRCLE ( 'NONE', #3242, 2.100000000000004530 ) ;
#3449 = CARTESIAN_POINT ( 'NONE',  ( 260.0000000000000000, -3.000000000000000000, 108.5000000000000000 ) ) ;
#3450 = VECTOR ( 'NONE', #1795, 1000.000000000000000 ) ;
#3451 = VERTEX_POINT ( 'NONE', #1754 ) ;
#3452 = DIRECTION ( 'NONE',  ( 0.000000000000000000, 1.000000000000000000, 0.000000000000000000 ) ) ;
#3453 = DIRECTION ( 'NONE',  ( 0.000000000000000000, 1.000000000000000000, 0.000000000000000000 ) ) ;
#3454 = ORIENTED_EDGE ( 'NONE', *, *, #513, .F. ) ;
#3455 = ORIENTED_EDGE ( 'NONE', *, *, #3273, .F. ) ;
#3456 = CIRCLE ( 'NONE', #1982, 2.099999999999990763 ) ;
#3457 = VERTEX_POINT ( 'NONE', #78 ) ;
#3458 = EDGE_CURVE ( 'NONE', #1437, #822, #3593, .T. ) ;
#3459 = VECTOR ( 'NONE', #2728, 1000.000000000000000 ) ;
#3460 = LINE ( 'NONE', #2444, #3876 ) ;
#3461 = ORIENTED_EDGE ( 'NONE', *, *, #2846, .F. ) ;
#3462 = ORIENTED_EDGE ( 'NONE', *, *, #2573, .F. ) ;
#3463 = VECTOR ( 'NONE', #3708, 1000.000000000000000 ) ;
#3464 = DIRECTION ( 'NONE',  ( 1.000000000000000000, 0.000000000000000000, -0.000000000000000000 ) ) ;
#3465 = DIRECTION ( 'NONE',  ( 0.000000000000000000, 0.000000000000000000, 1.000000000000000000 ) ) ;
#3466 = FACE_OUTER_BOUND ( 'NONE', #1286, .T. ) ;
#3467 = AXIS2_PLACEMENT_3D ( 'NONE', #2674, #1608, #2286 ) ;
#3468 = DIRECTION ( 'NONE',  ( -0.000000000000000000, 1.000000000000000000, 0.000000000000000000 ) ) ;
#3469 = CARTESIAN_POINT ( 'NONE',  ( -271.0000000000000000, 0.000000000000000000, 30.00000000000000000 ) ) ;
#3470 = VECTOR ( 'NONE', #725, 1000.000000000000000 ) ;
#3471 = ADVANCED_FACE ( 'NONE', ( #3490 ), #3160, .T. ) ;
#3472 = FACE_OUTER_BOUND ( 'NONE', #2464, .T. ) ;
#3473 = ORIENTED_EDGE ( 'NONE', *, *, #3377, .F. ) ;
#3474 = DIRECTION ( 'NONE',  ( -0.000000000000000000, 1.000000000000000000, 0.000000000000000000 ) ) ;
#3475 = EDGE_CURVE ( 'NONE', #484, #1657, #1484, .T. ) ;
#3476 = CARTESIAN_POINT ( 'NONE',  ( 0.000000000000000000, -1.000000000000000000, 108.0000000000000000 ) ) ;
#3477 = ORIENTED_EDGE ( 'NONE', *, *, #2810, .T. ) ;
#3478 = ORIENTED_EDGE ( 'NONE', *, *, #505, .T. ) ;
#3479 = CARTESIAN_POINT ( 'NONE',  ( 259.0000000000000000, -1.399999999999999911, 90.00000000000000000 ) ) ;
#3480 = VERTEX_POINT ( 'NONE', #1733 ) ;
#3481 = VERTEX_POINT ( 'NONE', #3509 ) ;
#3482 = ORIENTED_EDGE ( 'NONE', *, *, #4064, .T. ) ;
#3483 = CARTESIAN_POINT ( 'NONE',  ( 271.3000000000000682, -1.000000000000000000, 78.15338146873806124 ) ) ;
#3484 = DIRECTION ( 'NONE',  ( -1.000000000000000000, -0.000000000000000000, -0.000000000000000000 ) ) ;
#3485 = DIRECTION ( 'NONE',  ( 0.000000000000000000, 1.000000000000000000, 0.000000000000000000 ) ) ;
#3486 = CARTESIAN_POINT ( 'NONE',  ( -152.0999999999999943, -2.999999999999999556, 108.5000000000000000 ) ) ;
#3487 = EDGE_CURVE ( 'NONE', #2156, #1546, #2, .T. ) ;
#3488 = CARTESIAN_POINT ( 'NONE',  ( 135.0000000000000000, -1.000000000000000000, 108.0000000000000000 ) ) ;
#3489 = EDGE_CURVE ( 'NONE', #2847, #3692, #4249, .T. ) ;
#3490 = FACE_OUTER_BOUND ( 'NONE', #1052, .T. ) ;
#3491 = EDGE_CURVE ( 'NONE', #1928, #2199, #1694, .T. ) ;
#3492 = VERTEX_POINT ( 'NONE', #3186 ) ;
#3493 = CARTESIAN_POINT ( 'NONE',  ( -163.0000000000000000, 1.000000000000000222, 90.00000000000000000 ) ) ;
#3494 = VECTOR ( 'NONE', #233, 1000.000000000000000 ) ;
#3495 = DIRECTION ( 'NONE',  ( 0.000000000000000000, 0.000000000000000000, -1.000000000000000000 ) ) ;
#3496 = ORIENTED_EDGE ( 'NONE', *, *, #1994, .T. ) ;
#3497 = EDGE_CURVE ( 'NONE', #1130, #2996, #3231, .T. ) ;
#3498 = EDGE_LOOP ( 'NONE', ( #2221, #2754 ) ) ;
#3499 = ORIENTED_EDGE ( 'NONE', *, *, #3945, .F. ) ;
#3500 = DIRECTION ( 'NONE',  ( 0.000000000000000000, 0.000000000000000000, 1.000000000000000000 ) ) ;
#3501 = VERTEX_POINT ( 'NONE', #258 ) ;
#3502 = ORIENTED_EDGE ( 'NONE', *, *, #3202, .T. ) ;
#3503 = VERTEX_POINT ( 'NONE', #2942 ) ;
#3504 = CARTESIAN_POINT ( 'NONE',  ( 0.000000000000000000, 1.000000000000000000, 84.99999999999998579 ) ) ;
#3505 = DIRECTION ( 'NONE',  ( 0.000000000000000000, 0.000000000000000000, 1.000000000000000000 ) ) ;
#3506 = DIRECTION ( 'NONE',  ( 1.000000000000000000, 0.000000000000000000, 0.000000000000000000 ) ) ;
#3507 = DIRECTION ( 'NONE',  ( 0.000000000000000000, 1.000000000000000000, 0.000000000000000000 ) ) ;
#3508 = LINE ( 'NONE', #189, #3784 ) ;
#3509 = CARTESIAN_POINT ( 'NONE',  ( -177.5000000000000000, -1.000000000000000000, 91.59999999999999432 ) ) ;
#3510 = EDGE_CURVE ( 'NONE', #3835, #1344, #2393, .T. ) ;
#3511 = VERTEX_POINT ( 'NONE', #1206 ) ;
#3512 = ORIENTED_EDGE ( 'NONE', *, *, #3475, .T. ) ;
#3513 = AXIS2_PLACEMENT_3D ( 'NONE', #2769, #480, #2087 ) ;
#3514 = LINE ( 'NONE', #4139, #783 ) ;
#3515 = LINE ( 'NONE', #907, #1576 ) ;
#3516 = AXIS2_PLACEMENT_3D ( 'NONE', #745, #3140, #3725 ) ;
#3517 = ORIENTED_EDGE ( 'NONE', *, *, #3570, .T. ) ;
#3518 = EDGE_LOOP ( 'NONE', ( #511, #712, #3741, #4237 ) ) ;
#3519 = VERTEX_POINT ( 'NONE', #498 ) ;
#3520 = CARTESIAN_POINT ( 'NONE',  ( 90.00000000000001421, 1.000000000000000000, 0.000000000000000000 ) ) ;
#3521 = AXIS2_PLACEMENT_3D ( 'NONE', #1530, #3209, #190 ) ;
#3522 = CYLINDRICAL_SURFACE ( 'NONE', #442, 1.600000000000004086 ) ;
#3523 = VERTEX_POINT ( 'NONE', #1913 ) ;
#3524 = ORIENTED_EDGE ( 'NONE', *, *, #1131, .T. ) ;
#3525 = ORIENTED_EDGE ( 'NONE', *, *, #301, .F. ) ;
#3526 = CARTESIAN_POINT ( 'NONE',  ( 0.000000000000000000, -1.000000000000000000, 95.70000000000000284 ) ) ;
#3527 = VECTOR ( 'NONE', #209, 1000.000000000000000 ) ;
#3528 = DIRECTION ( 'NONE',  ( 0.000000000000000000, -1.000000000000000000, -0.000000000000000000 ) ) ;
#3529 = CARTESIAN_POINT ( 'NONE',  ( -271.3000000000000682, 0.000000000000000000, 27.89999999999999858 ) ) ;
#3530 = CARTESIAN_POINT ( 'NONE',  ( -149.3596875762567038, -1.000000000000002665, 95.70000000000000284 ) ) ;
#3531 = VECTOR ( 'NONE', #4148, 1000.000000000000000 ) ;
#3532 = DIRECTION ( 'NONE',  ( -0.000000000000000000, 1.000000000000000000, 0.000000000000000000 ) ) ;
#3533 = DIRECTION ( 'NONE',  ( 0.000000000000000000, 0.000000000000000000, 1.000000000000000000 ) ) ;
#3534 = VECTOR ( 'NONE', #1817, 1000.000000000000000 ) ;
#3535 = EDGE_CURVE ( 'NONE', #1170, #2976, #715, .T. ) ;
#3536 = ORIENTED_EDGE ( 'NONE', *, *, #236, .F. ) ;
#3537 = VERTEX_POINT ( 'NONE', #2925 ) ;
#3538 = VECTOR ( 'NONE', #172, 1000.000000000000000 ) ;
#3539 = DIRECTION ( 'NONE',  ( -1.000000000000000000, -0.000000000000000000, 0.000000000000000000 ) ) ;
#3540 = DIRECTION ( 'NONE',  ( 1.000000000000000000, 0.000000000000000000, 0.000000000000000000 ) ) ;
#3541 = VECTOR ( 'NONE', #1030, 1000.000000000000000 ) ;
#3542 = DIRECTION ( 'NONE',  ( 1.000000000000000000, 0.000000000000000000, -0.000000000000000000 ) ) ;
#3543 = ORIENTED_EDGE ( 'NONE', *, *, #2705, .F. ) ;
#3544 = ORIENTED_EDGE ( 'NONE', *, *, #1176, .T. ) ;
#3545 = EDGE_CURVE ( 'NONE', #3365, #3800, #2963, .T. ) ;
#3546 = LINE ( 'NONE', #3953, #3097 ) ;
#3547 = ADVANCED_FACE ( 'NONE', ( #2546 ), #2195, .F. ) ;
#3548 = CARTESIAN_POINT ( 'NONE',  ( 90.00000000000001421, 1.000000000000000000, 25.00000000000000000 ) ) ;
#3549 = ORIENTED_EDGE ( 'NONE', *, *, #3301, .F. ) ;
#3550 = ORIENTED_EDGE ( 'NONE', *, *, #1464, .F. ) ;
#3551 = VERTEX_POINT ( 'NONE', #1183 ) ;
#3552 = ADVANCED_FACE ( 'NONE', ( #855 ), #1938, .F. ) ;
#3553 = LINE ( 'NONE', #134, #4186 ) ;
#3554 = FACE_OUTER_BOUND ( 'NONE', #2998, .T. ) ;
#3555 = CYLINDRICAL_SURFACE ( 'NONE', #3730, 1.600000000000000755 ) ;
#3556 = LINE ( 'NONE', #2828, #2234 ) ;
#3557 = EDGE_CURVE ( 'NONE', #175, #1510, #3923, .T. ) ;
#3558 = DIRECTION ( 'NONE',  ( 0.000000000000000000, 0.000000000000000000, 1.000000000000000000 ) ) ;
#3559 = CARTESIAN_POINT ( 'NONE',  ( -259.5000000000000000, -1.399999999999999911, 18.39999999999999858 ) ) ;
#3560 = ORIENTED_EDGE ( 'NONE', *, *, #2829, .F. ) ;
#3561 = ORIENTED_EDGE ( 'NONE', *, *, #3629, .F. ) ;
#3562 = DIRECTION ( 'NONE',  ( 0.000000000000000000, 0.000000000000000000, 1.000000000000000000 ) ) ;
#3563 = DIRECTION ( 'NONE',  ( 1.000000000000000000, 0.000000000000000000, -0.000000000000000000 ) ) ;
#3564 = LINE ( 'NONE', #3214, #2825 ) ;
#3565 = ORIENTED_EDGE ( 'NONE', *, *, #1257, .T. ) ;
#3566 = ADVANCED_FACE ( 'NONE', ( #527 ), #594, .T. ) ;
#3567 = CARTESIAN_POINT ( 'NONE',  ( 256.0000000000000000, 1.000000000000000000, 25.00000000000000000 ) ) ;
#3568 = CARTESIAN_POINT ( 'NONE',  ( 0.000000000000000000, -1.000000000000000000, 25.00000000000000000 ) ) ;
#3569 = ORIENTED_EDGE ( 'NONE', *, *, #1209, .T. ) ;
#3570 = EDGE_CURVE ( 'NONE', #1509, #1614, #3833, .T. ) ;
#3571 = ORIENTED_EDGE ( 'NONE', *, *, #2977, .F. ) ;
#3572 = ORIENTED_EDGE ( 'NONE', *, *, #2247, .F. ) ;
#3573 = CARTESIAN_POINT ( 'NONE',  ( -271.0000000000000000, 1.000000000000000000, 81.84661853126195297 ) ) ;
#3574 = DIRECTION ( 'NONE',  ( -1.000000000000000000, 0.000000000000000000, 0.000000000000000000 ) ) ;
#3575 = LINE ( 'NONE', #978, #3872 ) ;
#3576 = EDGE_CURVE ( 'NONE', #2813, #130, #3272, .T. ) ;
#3577 = CYLINDRICAL_SURFACE ( 'NONE', #3074, 1.600000000000004086 ) ;
#3578 = CARTESIAN_POINT ( 'NONE',  ( -163.0000000000000000, -1.399999999999999911, 20.00000000000000000 ) ) ;
#3579 = DIRECTION ( 'NONE',  ( 0.000000000000000000, 0.000000000000000000, 1.000000000000000000 ) ) ;
#3580 = EDGE_LOOP ( 'NONE', ( #2052, #2562, #2024, #2396 ) ) ;
#3581 = PLANE ( 'NONE',  #1765 ) ;
#3582 = VECTOR ( 'NONE', #1024, 1000.000000000000000 ) ;
#3583 = DIRECTION ( 'NONE',  ( -0.000000000000000000, -0.000000000000000000, -1.000000000000000000 ) ) ;
#3584 = DIRECTION ( 'NONE',  ( 0.000000000000000000, 0.000000000000000000, 1.000000000000000000 ) ) ;
#3585 = AXIS2_PLACEMENT_3D ( 'NONE', #4191, #930, #2557 ) ;
#3586 = VERTEX_POINT ( 'NONE', #2904 ) ;
#3587 = DIRECTION ( 'NONE',  ( 0.000000000000000000, 0.000000000000000000, 1.000000000000000000 ) ) ;
#3588 = AXIS2_PLACEMENT_3D ( 'NONE', #1940, #2222, #1213 ) ;
#3589 = CARTESIAN_POINT ( 'NONE',  ( 271.0000000000000000, 0.000000000000000000, 30.00000000000000000 ) ) ;
#3590 = ORIENTED_EDGE ( 'NONE', *, *, #1976, .T. ) ;
#3591 = ORIENTED_EDGE ( 'NONE', *, *, #3417, .T. ) ;
#3592 = ORIENTED_EDGE ( 'NONE', *, *, #2362, .F. ) ;
#3593 = CIRCLE ( 'NONE', #502, 2.099999999999990763 ) ;
#3594 = EDGE_CURVE ( 'NONE', #1539, #1948, #4229, .T. ) ;
#3595 = CARTESIAN_POINT ( 'NONE',  ( -259.5000000000000000, -1.000000000000000000, 88.39999999999999147 ) ) ;
#3596 = CARTESIAN_POINT ( 'NONE',  ( -271.0000000000000000, 1.000000000000000000, 108.0000000000000000 ) ) ;
#3597 = FACE_OUTER_BOUND ( 'NONE', #3256, .T. ) ;
#3598 = LINE ( 'NONE', #296, #344 ) ;
#3599 = AXIS2_PLACEMENT_3D ( 'NONE', #3638, #1991, #1285 ) ;
#3600 = DIRECTION ( 'NONE',  ( -0.000000000000000000, 1.000000000000000000, 0.000000000000000000 ) ) ;
#3601 = EDGE_CURVE ( 'NONE', #3083, #1883, #4070, .T. ) ;
#3602 = EDGE_LOOP ( 'NONE', ( #3550, #2912, #1596, #422, #857, #4220, #4190, #2793 ) ) ;
#3603 = ADVANCED_FACE ( 'NONE', ( #571 ), #3255, .T. ) ;
#3604 = FACE_BOUND ( 'NONE', #1169, .T. ) ;
#3605 = AXIS2_PLACEMENT_3D ( 'NONE', #2417, #2723, #752 ) ;
#3606 = LINE ( 'NONE', #599, #2836 ) ;
#3607 = CARTESIAN_POINT ( 'NONE',  ( 87.00000000000001421, -1.000000000000000000, 20.00000000000000000 ) ) ;
#3608 = VECTOR ( 'NONE', #1587, 1000.000000000000000 ) ;
#3609 = ORIENTED_EDGE ( 'NONE', *, *, #961, .F. ) ;
#3610 = EDGE_CURVE ( 'NONE', #1410, #1157, #358, .T. ) ;
#3612 = EDGE_CURVE ( 'NONE', #1059, #3177, #2630, .T. ) ;
#3611 = CARTESIAN_POINT ( 'NONE',  ( -271.0000000000000000, -1.000000000000000000, 0.000000000000000000 ) ) ;
#3613 = AXIS2_PLACEMENT_3D ( 'NONE', #2428, #3398, #386 ) ;
#3614 = CARTESIAN_POINT ( 'NONE',  ( 259.0000000000000000, 1.000000000000000222, 88.39999999999999147 ) ) ;
#3615 = ORIENTED_EDGE ( 'NONE', *, *, #2034, .F. ) ;
#3616 = EDGE_LOOP ( 'NONE', ( #792, #19 ) ) ;
#3617 = ORIENTED_EDGE ( 'NONE', *, *, #3377, .T. ) ;
#3618 = DIRECTION ( 'NONE',  ( -1.000000000000000000, 0.000000000000000000, 0.000000000000000000 ) ) ;
#3619 = LINE ( 'NONE', #674, #1384 ) ;
#3620 = PLANE ( 'NONE',  #3711 ) ;
#3621 = EDGE_CURVE ( 'NONE', #1948, #841, #319, .T. ) ;
#3622 = CARTESIAN_POINT ( 'NONE',  ( 164.9999999999999716, -6.000000000000000000, 96.00000000000000000 ) ) ;
#3623 = VERTEX_POINT ( 'NONE', #4328 ) ;
#3624 = EDGE_CURVE ( 'NONE', #128, #3245, #1914, .T. ) ;
#3625 = ADVANCED_FACE ( 'NONE', ( #2343 ), #4023, .F. ) ;
#3626 = DIRECTION ( 'NONE',  ( 0.000000000000000000, 1.000000000000000000, 0.000000000000000000 ) ) ;
#3627 = DIRECTION ( 'NONE',  ( 0.000000000000000000, 0.000000000000000000, 1.000000000000000000 ) ) ;
#3628 = CARTESIAN_POINT ( 'NONE',  ( -150.0000000000000000, -3.000000000000000000, 108.5000000000000000 ) ) ;
#3629 = EDGE_CURVE ( 'NONE', #3261, #95, #2607, .T. ) ;
#3630 = ORIENTED_EDGE ( 'NONE', *, *, #638, .F. ) ;
#3631 = DIRECTION ( 'NONE',  ( 1.000000000000000000, 0.000000000000000000, 0.000000000000000000 ) ) ;
#3632 = CARTESIAN_POINT ( 'NONE',  ( -259.5000000000000000, -1.000000000000000000, 90.00000000000000000 ) ) ;
#3633 = VERTEX_POINT ( 'NONE', #3023 ) ;
#3634 = CC_DESIGN_PERSON_AND_ORGANIZATION_ASSIGNMENT ( #3393, #2377, ( #4322 ) ) ;
#3635 = VERTEX_POINT ( 'NONE', #2030 ) ;
#3636 = VERTEX_POINT ( 'NONE', #4309 ) ;
#3637 = VECTOR ( 'NONE', #3875, 1000.000000000000000 ) ;
#3638 = CARTESIAN_POINT ( 'NONE',  ( 68.00000000000000000, -1.399999999999999911, 45.00000000000000000 ) ) ;
#3639 = ORIENTED_EDGE ( 'NONE', *, *, #4101, .T. ) ;
#3640 = LINE ( 'NONE', #2012, #984 ) ;
#3641 = FACE_OUTER_BOUND ( 'NONE', #3130, .T. ) ;
#3642 = EDGE_CURVE ( 'NONE', #1657, #798, #3944, .T. ) ;
#3643 = VERTEX_POINT ( 'NONE', #1309 ) ;
#3644 = DIRECTION ( 'NONE',  ( 0.000000000000000000, 0.000000000000000000, 1.000000000000000000 ) ) ;
#3645 = EDGE_CURVE ( 'NONE', #1164, #2155, #3684, .T. ) ;
#3646 = DIRECTION ( 'NONE',  ( -0.000000000000000000, 1.000000000000000000, 0.000000000000000000 ) ) ;
#3647 = ORIENTED_EDGE ( 'NONE', *, *, #2810, .F. ) ;
#3648 = FACE_BOUND ( 'NONE', #4142, .T. ) ;
#3649 = CARTESIAN_POINT ( 'NONE',  ( 260.0000000000000000, -1.000000000000000000, 108.0000000000000000 ) ) ;
#3650 = CARTESIAN_POINT ( 'NONE',  ( -271.0000000000000000, 0.000000000000000000, 0.000000000000000000 ) ) ;
#3651 = AXIS2_PLACEMENT_3D ( 'NONE', #3493, #146, #793 ) ;
#3652 = ORIENTED_EDGE ( 'NONE', *, *, #1422, .T. ) ;
#3653 = ORIENTED_EDGE ( 'NONE', *, *, #22, .F. ) ;
#3654 = ORIENTED_EDGE ( 'NONE', *, *, #64, .T. ) ;
#3655 = VECTOR ( 'NONE', #1627, 1000.000000000000000 ) ;
#3656 = EDGE_CURVE ( 'NONE', #2751, #3381, #2320, .T. ) ;
#3657 = CARTESIAN_POINT ( 'NONE',  ( -163.0000000000000000, -1.000000000000000000, 20.00000000000000000 ) ) ;
#3658 = ORIENTED_EDGE ( 'NONE', *, *, #2896, .F. ) ;
#3659 = CARTESIAN_POINT ( 'NONE',  ( 259.0000000000000000, -1.399999999999999911, 88.39999999999999147 ) ) ;
#3660 = AXIS2_PLACEMENT_3D ( 'NONE', #1511, #3539, #2907 ) ;
#3661 = DIRECTION ( 'NONE',  ( 0.000000000000000000, 1.000000000000000000, 0.000000000000000000 ) ) ;
#3662 = FACE_OUTER_BOUND ( 'NONE', #1245, .T. ) ;
#3663 = ADVANCED_FACE ( 'NONE', ( #3662 ), #1025, .F. ) ;
#3664 = AXIS2_PLACEMENT_3D ( 'NONE', #1602, #1583, #2877 ) ;
#3665 = AXIS2_PLACEMENT_3D ( 'NONE', #3443, #7, #699 ) ;
#3666 = LINE ( 'NONE', #2363, #217 ) ;
#3667 = ADVANCED_FACE ( 'NONE', ( #3315, #3641 ), #962, .T. ) ;
#3668 = CIRCLE ( 'NONE', #724, 2.099999999999997868 ) ;
#3669 = DIRECTION ( 'NONE',  ( 1.000000000000000000, 0.000000000000000000, -0.000000000000000000 ) ) ;
#3670 = VERTEX_POINT ( 'NONE', #1290 ) ;
#3671 = AXIS2_PLACEMENT_3D ( 'NONE', #1550, #4224, #3990 ) ;
#3672 = DIRECTION ( 'NONE',  ( 0.000000000000000000, 1.000000000000000000, 0.000000000000000000 ) ) ;
#3673 = ADVANCED_FACE ( 'NONE', ( #1270, #612 ), #1953, .T. ) ;
#3674 = FACE_OUTER_BOUND ( 'NONE', #1043, .T. ) ;
#3675 = CARTESIAN_POINT ( 'NONE',  ( 164.9999999999999716, -1.000000000000000000, 0.000000000000000000 ) ) ;
#3676 = ORIENTED_EDGE ( 'NONE', *, *, #592, .F. ) ;
#3677 = ORIENTED_EDGE ( 'NONE', *, *, #2198, .T. ) ;
#3678 = VECTOR ( 'NONE', #122, 1000.000000000000000 ) ;
#3679 = LINE ( 'NONE', #1678, #2054 ) ;
#3680 = VERTEX_POINT ( 'NONE', #1971 ) ;
#3681 = CARTESIAN_POINT ( 'NONE',  ( -163.0000000000000000, -1.399999999999999911, 91.59999999999999432 ) ) ;
#3682 = EDGE_CURVE ( 'NONE', #1252, #468, #3292, .T. ) ;
#3683 = CARTESIAN_POINT ( 'NONE',  ( -50.64031242374328912, -1.000000000000000444, 95.70000000000000284 ) ) ;
#3684 = LINE ( 'NONE', #982, #3937 ) ;
#3685 = LINE ( 'NONE', #3418, #2344 ) ;
#3686 = DIRECTION ( 'NONE',  ( 1.000000000000000000, 0.000000000000000000, -0.000000000000000000 ) ) ;
#3687 = DIRECTION ( 'NONE',  ( 0.000000000000000000, 0.000000000000000000, -1.000000000000000000 ) ) ;
#3688 = EDGE_LOOP ( 'NONE', ( #1851, #2768, #3019, #1763 ) ) ;
#3689 = FACE_BOUND ( 'NONE', #3304, .T. ) ;
#3690 = FACE_OUTER_BOUND ( 'NONE', #1757, .T. ) ;
#3691 = CARTESIAN_POINT ( 'NONE',  ( 229.9999999999999716, 0.000000000000000000, 108.0000000000000000 ) ) ;
#3692 = VERTEX_POINT ( 'NONE', #298 ) ;
#3693 = VERTEX_POINT ( 'NONE', #1623 ) ;
#3694 = EDGE_CURVE ( 'NONE', #2328, #3846, #677, .T. ) ;
#3695 = CARTESIAN_POINT ( 'NONE',  ( 47.90000000000000568, -2.999999999999999556, 95.70000000000000284 ) ) ;
#3696 = ORIENTED_EDGE ( 'NONE', *, *, #1455, .F. ) ;
#3697 = DATE_TIME_ROLE ( 'creation_date' ) ;
#3698 = DIRECTION ( 'NONE',  ( 1.000000000000000000, 0.000000000000000000, -0.000000000000000000 ) ) ;
#3699 = CARTESIAN_POINT ( 'NONE',  ( 50.00000000000000000, -6.000000000000000000, 96.00000000000000000 ) ) ;
#3700 = AXIS2_PLACEMENT_3D ( 'NONE', #897, #3849, #1933 ) ;
#3701 = CYLINDRICAL_SURFACE ( 'NONE', #4160, 2.100000000000004530 ) ;
#3702 = FACE_OUTER_BOUND ( 'NONE', #1987, .T. ) ;
#3703 = PLANE ( 'NONE',  #3792 ) ;
#3704 = DIRECTION ( 'NONE',  ( 0.000000000000000000, 0.000000000000000000, 1.000000000000000000 ) ) ;
#3705 = ORIENTED_EDGE ( 'NONE', *, *, #4333, .T. ) ;
#3706 = CARTESIAN_POINT ( 'NONE',  ( -52.10000000000000142, -2.999999999999999556, 95.70000000000000284 ) ) ;
#3707 = CARTESIAN_POINT ( 'NONE',  ( -271.0000000000000000, 1.000000000000000000, 31.84661853126193876 ) ) ;
#3708 = DIRECTION ( 'NONE',  ( 0.000000000000000000, 0.000000000000000000, 1.000000000000000000 ) ) ;
#3709 = ORIENTED_EDGE ( 'NONE', *, *, #1748, .F. ) ;
#3710 = EDGE_LOOP ( 'NONE', ( #2048, #3839, #1826, #3677 ) ) ;
#3711 = AXIS2_PLACEMENT_3D ( 'NONE', #4326, #657, #2961 ) ;
#3712 = CARTESIAN_POINT ( 'NONE',  ( -135.0000000000000000, 0.000000000000000000, 108.0000000000000000 ) ) ;
#3713 = ORIENTED_EDGE ( 'NONE', *, *, #1957, .F. ) ;
#3714 = ORIENTED_EDGE ( 'NONE', *, *, #1211, .F. ) ;
#3715 = APPROVAL_STATUS ( 'not_yet_approved' ) ;
#3716 = AXIS2_PLACEMENT_3D ( 'NONE', #3988, #666, #3344 ) ;
#3717 = EDGE_CURVE ( 'NONE', #1949, #3106, #4287, .T. ) ;
#3718 = LINE ( 'NONE', #3520, #2601 ) ;
#3719 = DIRECTION ( 'NONE',  ( -0.000000000000000000, -0.000000000000000000, -1.000000000000000000 ) ) ;
#3720 = CARTESIAN_POINT ( 'NONE',  ( -164.9999999999999716, -6.000000000000000000, 96.00000000000000000 ) ) ;
#3721 = FACE_BOUND ( 'NONE', #1515, .T. ) ;
#3722 = AXIS2_PLACEMENT_3D ( 'NONE', #32, #1374, #1050 ) ;
#3723 = CARTESIAN_POINT ( 'NONE',  ( 87.00000000000001421, 1.000000000000000222, 20.00000000000000000 ) ) ;
#3724 = AXIS2_PLACEMENT_3D ( 'NONE', #1163, #2241, #1842 ) ;
#3725 = DIRECTION ( 'NONE',  ( 0.000000000000000000, 0.000000000000000000, -1.000000000000000000 ) ) ;
#3726 = DIRECTION ( 'NONE',  ( 1.000000000000000000, 0.000000000000000000, -0.000000000000000000 ) ) ;
#3727 = EDGE_CURVE ( 'NONE', #2659, #3537, #762, .T. ) ;
#3728 = EDGE_LOOP ( 'NONE', ( #3151, #2893, #618, #3369 ) ) ;
#3729 = FACE_OUTER_BOUND ( 'NONE', #3041, .T. ) ;
#3730 = AXIS2_PLACEMENT_3D ( 'NONE', #3830, #3900, #2900 ) ;
#3731 = LINE ( 'NONE', #1378, #2062 ) ;
#3732 = DIRECTION ( 'NONE',  ( 0.000000000000000000, 0.000000000000000000, -1.000000000000000000 ) ) ;
#3733 = ORIENTED_EDGE ( 'NONE', *, *, #832, .F. ) ;
#3734 = VECTOR ( 'NONE', #3110, 1000.000000000000000 ) ;
#3735 = ADVANCED_FACE ( 'NONE', ( #2380 ), #1458, .T. ) ;
#3736 = ORIENTED_EDGE ( 'NONE', *, *, #4239, .T. ) ;
#3737 = EDGE_LOOP ( 'NONE', ( #4261, #192, #2442, #3211 ) ) ;
#3738 = AXIS2_PLACEMENT_3D ( 'NONE', #2307, #2679, #308 ) ;
#3739 = PLANE ( 'NONE',  #1424 ) ;
#3740 = VERTEX_POINT ( 'NONE', #2122 ) ;
#3741 = ORIENTED_EDGE ( 'NONE', *, *, #1822, .F. ) ;
#3742 = PERSON_AND_ORGANIZATION ( #983, #691 ) ;
#3743 = CIRCLE ( 'NONE', #2555, 2.099999999999990763 ) ;
#3744 = DIRECTION ( 'NONE',  ( -0.000000000000000000, -0.000000000000000000, -1.000000000000000000 ) ) ;
#3745 = FACE_OUTER_BOUND ( 'NONE', #2485, .T. ) ;
#3746 = AXIS2_PLACEMENT_3D ( 'NONE', #1100, #2455, #3055 ) ;
#3747 = LINE ( 'NONE', #3357, #1358 ) ;
#3748 = LINE ( 'NONE', #743, #2197 ) ;
#3749 = DIRECTION ( 'NONE',  ( 1.000000000000000000, 0.000000000000000000, -0.000000000000000000 ) ) ;
#3750 = CARTESIAN_POINT ( 'NONE',  ( -271.0000000000000000, 0.000000000000000000, 77.89999999999999147 ) ) ;
#3751 = EDGE_CURVE ( 'NONE', #1546, #3633, #2895, .T. ) ;
#3752 = CARTESIAN_POINT ( 'NONE',  ( -150.0000000000000000, -3.000000000000000000, 96.00000000000000000 ) ) ;
#3753 = ORIENTED_EDGE ( 'NONE', *, *, #2518, .T. ) ;
#3754 = CARTESIAN_POINT ( 'NONE',  ( 50.00000000000000000, -3.000000000000000000, 96.00000000000000000 ) ) ;
#3755 = ADVANCED_FACE ( 'NONE', ( #48 ), #2470, .T. ) ;
#3756 = LINE ( 'NONE', #1122, #3046 ) ;
#3757 = DIRECTION ( 'NONE',  ( 0.000000000000000000, 0.000000000000000000, 1.000000000000000000 ) ) ;
#3758 = VERTEX_POINT ( 'NONE', #404 ) ;
#3759 = ORIENTED_EDGE ( 'NONE', *, *, #3167, .T. ) ;
#3760 = ORIENTED_EDGE ( 'NONE', *, *, #2673, .F. ) ;
#3761 = EDGE_CURVE ( 'NONE', #3551, #1272, #3117, .T. ) ;
#3762 = DIRECTION ( 'NONE',  ( -0.000000000000000000, -0.000000000000000000, -1.000000000000000000 ) ) ;
#3763 = ORIENTED_EDGE ( 'NONE', *, *, #4006, .T. ) ;
#3764 = ORIENTED_EDGE ( 'NONE', *, *, #1791, .T. ) ;
#3765 = APPROVAL_STATUS ( 'not_yet_approved' ) ;
#3766 = CARTESIAN_POINT ( 'NONE',  ( -245.6403124237432962, -1.000000000000000000, 96.00000000000000000 ) ) ;
#3767 = DIRECTION ( 'NONE',  ( 1.000000000000000000, 0.000000000000000000, 0.000000000000000000 ) ) ;
#3768 = CARTESIAN_POINT ( 'NONE',  ( 68.00000000000000000, -1.000000000000000000, 45.00000000000000000 ) ) ;
#3769 = DIRECTION ( 'NONE',  ( 0.000000000000000000, 0.000000000000000000, 1.000000000000000000 ) ) ;
#3770 = CARTESIAN_POINT ( 'NONE',  ( 50.00000000000000000, -3.000000000000000000, 108.5000000000000000 ) ) ;
#3771 = DIRECTION ( 'NONE',  ( 1.000000000000000000, 0.000000000000000000, 0.000000000000000000 ) ) ;
#3772 = VECTOR ( 'NONE', #1249, 1000.000000000000000 ) ;
#3773 = FACE_OUTER_BOUND ( 'NONE', #2862, .T. ) ;
#3774 = ORIENTED_EDGE ( 'NONE', *, *, #1224, .F. ) ;
#3775 = EDGE_CURVE ( 'NONE', #991, #3692, #1559, .T. ) ;
#3776 = DIRECTION ( 'NONE',  ( 0.000000000000000000, -1.000000000000000000, 0.000000000000000000 ) ) ;
#3777 = LINE ( 'NONE', #4077, #2134 ) ;
#3778 = ORIENTED_EDGE ( 'NONE', *, *, #1589, .F. ) ;
#3779 = ORIENTED_EDGE ( 'NONE', *, *, #1607, .T. ) ;
#3780 = DIRECTION ( 'NONE',  ( 0.000000000000000000, 0.000000000000000000, 1.000000000000000000 ) ) ;
#3781 = VERTEX_POINT ( 'NONE', #3441 ) ;
#3782 = EDGE_LOOP ( 'NONE', ( #560, #489, #3709, #4242, #2162, #929, #1235, #3799 ) ) ;
#3783 = EDGE_CURVE ( 'NONE', #1679, #4100, #1113, .T. ) ;
#3784 = VECTOR ( 'NONE', #1582, 1000.000000000000000 ) ;
#3785 = CARTESIAN_POINT ( 'NONE',  ( -164.9999999999999716, -3.000000000000000000, 108.5000000000000000 ) ) ;
#3786 = CARTESIAN_POINT ( 'NONE',  ( -271.0000000000000000, 0.000000000000000000, 30.00000000000000000 ) ) ;
#3787 = CARTESIAN_POINT ( 'NONE',  ( 258.9000000000000341, -0.9999999999999974465, 81.84661853126195297 ) ) ;
#3788 = AXIS2_PLACEMENT_3D ( 'NONE', #70, #1414, #512 ) ;
#3789 = EDGE_CURVE ( 'NONE', #2632, #508, #2116, .T. ) ;
#3790 = CARTESIAN_POINT ( 'NONE',  ( 173.0000000000000284, 0.000000000000000000, 84.99999999999998579 ) ) ;
#3791 = CARTESIAN_POINT ( 'NONE',  ( 0.000000000000000000, -1.000000000000000000, 108.0000000000000000 ) ) ;
#3792 = AXIS2_PLACEMENT_3D ( 'NONE', #636, #302, #1009 ) ;
#3793 = CARTESIAN_POINT ( 'NONE',  ( 271.0000000000000000, 0.000000000000000000, 0.000000000000000000 ) ) ;
#3794 = AXIS2_PLACEMENT_3D ( 'NONE', #1234, #2570, #3579 ) ;
#3795 = ORIENTED_EDGE ( 'NONE', *, *, #2008, .T. ) ;
#3796 = EDGE_CURVE ( 'NONE', #1452, #4051, #1339, .T. ) ;
#3797 = DIRECTION ( 'NONE',  ( 0.000000000000000000, 0.000000000000000000, -1.000000000000000000 ) ) ;
#3798 = CARTESIAN_POINT ( 'NONE',  ( -271.3000000000000682, 0.000000000000000000, 77.89999999999999147 ) ) ;
#3799 = ORIENTED_EDGE ( 'NONE', *, *, #4045, .F. ) ;
#3800 = VERTEX_POINT ( 'NONE', #2758 ) ;
#3801 = AXIS2_PLACEMENT_3D ( 'NONE', #1731, #387, #4110 ) ;
#3802 = ORIENTED_EDGE ( 'NONE', *, *, #2727, .F. ) ;
#3803 = ADVANCED_FACE ( 'NONE', ( #98 ), #1439, .F. ) ;
#3804 = VECTOR ( 'NONE', #486, 1000.000000000000000 ) ;
#3805 = CARTESIAN_POINT ( 'NONE',  ( -256.0000000000000000, 1.000000000000000000, 25.00000000000000000 ) ) ;
#3806 = EDGE_LOOP ( 'NONE', ( #148, #2174 ) ) ;
#3807 = EDGE_CURVE ( 'NONE', #4106, #2159, #2733, .T. ) ;
#3808 = EDGE_LOOP ( 'NONE', ( #4146, #354, #3736, #703 ) ) ;
#3809 = VECTOR ( 'NONE', #3811, 1000.000000000000000 ) ;
#3810 = DIRECTION ( 'NONE',  ( 0.000000000000000000, 0.000000000000000000, -1.000000000000000000 ) ) ;
#3811 = DIRECTION ( 'NONE',  ( 0.000000000000000000, 0.000000000000000000, 1.000000000000000000 ) ) ;
#3812 = DIRECTION ( 'NONE',  ( -1.000000000000000000, 0.000000000000000000, 0.000000000000000000 ) ) ;
#3813 = EDGE_CURVE ( 'NONE', #1292, #2748, #4090, .T. ) ;
#3814 = AXIS2_PLACEMENT_3D ( 'NONE', #1034, #705, #86 ) ;
#3815 = CARTESIAN_POINT ( 'NONE',  ( -60.00000000000000000, -1.399999999999999911, 45.00000000000000000 ) ) ;
#3816 = DIRECTION ( 'NONE',  ( 0.000000000000000000, -1.000000000000000000, -0.000000000000000000 ) ) ;
#3817 = LINE ( 'NONE', #3421, #3316 ) ;
#3818 = EDGE_LOOP ( 'NONE', ( #613, #1568, #606, #2500, #3561, #183 ) ) ;
#3819 = CARTESIAN_POINT ( 'NONE',  ( -150.6403124237432962, -1.000000000000000000, 96.00000000000000000 ) ) ;
#3820 = CARTESIAN_POINT ( 'NONE',  ( -245.0000000000000000, -3.000000000000000000, 108.5000000000000000 ) ) ;
#3821 = ORIENTED_EDGE ( 'NONE', *, *, #2502, .T. ) ;
#3822 = EDGE_LOOP ( 'NONE', ( #1037, #2041, #2424, #313 ) ) ;
#3823 = CARTESIAN_POINT ( 'NONE',  ( -35.00000000000000000, -3.000000000000000000, 96.00000000000000000 ) ) ;
#3824 = ORIENTED_EDGE ( 'NONE', *, *, #2987, .T. ) ;
#3825 = EDGE_LOOP ( 'NONE', ( #155, #2291 ) ) ;
#3826 = ORIENTED_EDGE ( 'NONE', *, *, #1503, .T. ) ;
#3827 = EDGE_CURVE ( 'NONE', #316, #1849, #3048, .T. ) ;
#3828 = CARTESIAN_POINT ( 'NONE',  ( 271.0000000000000000, -1.000000000000000000, 0.000000000000000000 ) ) ;
#3829 = DIRECTION ( 'NONE',  ( 0.000000000000000000, 1.000000000000000000, 0.000000000000000000 ) ) ;
#3830 = CARTESIAN_POINT ( 'NONE',  ( -163.0000000000000000, -1.399999999999999911, 20.00000000000000000 ) ) ;
#3831 = DIRECTION ( 'NONE',  ( 0.000000000000000000, 1.000000000000000000, 0.000000000000000000 ) ) ;
#3832 = DIRECTION ( 'NONE',  ( -1.000000000000000000, -0.000000000000000000, 0.000000000000000000 ) ) ;
#3833 = LINE ( 'NONE', #3882, #2327 ) ;
#3834 = ORIENTED_EDGE ( 'NONE', *, *, #3491, .F. ) ;
#3835 = VERTEX_POINT ( 'NONE', #26 ) ;
#3836 = CARTESIAN_POINT ( 'NONE',  ( -177.5000000000000000, -1.399999999999999911, 18.39999999999999858 ) ) ;
#3837 = CIRCLE ( 'NONE', #3422, 2.099999999999997868 ) ;
#3838 = FACE_OUTER_BOUND ( 'NONE', #2857, .T. ) ;
#3839 = ORIENTED_EDGE ( 'NONE', *, *, #856, .T. ) ;
#3840 = ORIENTED_EDGE ( 'NONE', *, *, #1589, .T. ) ;
#3841 = LOCAL_TIME ( 16, 1, 3.000000000000000000, #402 ) ;
#3842 = ORIENTED_EDGE ( 'NONE', *, *, #813, .T. ) ;
#3843 = DIRECTION ( 'NONE',  ( 0.000000000000000000, -1.000000000000000000, -0.000000000000000000 ) ) ;
#3844 = CYLINDRICAL_SURFACE ( 'NONE', #1004, 1.600000000000000755 ) ;
#3845 = ORIENTED_EDGE ( 'NONE', *, *, #825, .T. ) ;
#3846 = VERTEX_POINT ( 'NONE', #1370 ) ;
#3847 = ORIENTED_EDGE ( 'NONE', *, *, #3694, .F. ) ;
#3848 = EDGE_CURVE ( 'NONE', #2071, #584, #1553, .T. ) ;
#3849 = DIRECTION ( 'NONE',  ( -0.000000000000000000, 1.000000000000000000, 0.000000000000000000 ) ) ;
#3850 = DIRECTION ( 'NONE',  ( 1.000000000000000000, 0.000000000000000000, -0.000000000000000000 ) ) ;
#3851 = CARTESIAN_POINT ( 'NONE',  ( -60.00000000000000000, 1.000000000000000222, 47.25000000000000000 ) ) ;
#3852 = DIRECTION ( 'NONE',  ( 0.000000000000000000, 0.000000000000000000, 1.000000000000000000 ) ) ;
#3853 = DIRECTION ( 'NONE',  ( 1.000000000000000000, 0.000000000000000000, -0.000000000000000000 ) ) ;
#3854 = DIRECTION ( 'NONE',  ( 0.000000000000000000, 0.000000000000000000, 1.000000000000000000 ) ) ;
#3855 = AXIS2_PLACEMENT_3D ( 'NONE', #1601, #941, #1349 ) ;
#3856 = ORIENTED_EDGE ( 'NONE', *, *, #363, .F. ) ;
#3857 = EDGE_CURVE ( 'NONE', #3519, #3306, #3069, .T. ) ;
#3858 = ORIENTED_EDGE ( 'NONE', *, *, #3282, .F. ) ;
#3859 = AXIS2_PLACEMENT_3D ( 'NONE', #3893, #3910, #3631 ) ;
#3860 = FACE_OUTER_BOUND ( 'NONE', #3818, .T. ) ;
#3861 = CARTESIAN_POINT ( 'NONE',  ( 247.0999999999999943, -3.000000000000000000, 96.00000000000000000 ) ) ;
#3862 = CIRCLE ( 'NONE', #2390, 1.600000000000004086 ) ;
#3863 = FACE_OUTER_BOUND ( 'NONE', #3293, .T. ) ;
#3864 = ADVANCED_FACE ( 'NONE', ( #3745 ), #741, .F. ) ;
#3865 = ORIENTED_EDGE ( 'NONE', *, *, #1881, .T. ) ;
#3866 = ORIENTED_EDGE ( 'NONE', *, *, #3009, .T. ) ;
#3867 = CARTESIAN_POINT ( 'NONE',  ( -258.9000000000000341, 0.000000000000000000, 80.00000000000000000 ) ) ;
#3868 = VECTOR ( 'NONE', #336, 1000.000000000000000 ) ;
#3869 = DIRECTION ( 'NONE',  ( 0.000000000000000000, -1.000000000000000000, -0.000000000000000000 ) ) ;
#3870 = ORIENTED_EDGE ( 'NONE', *, *, #782, .T. ) ;
#3871 = EDGE_CURVE ( 'NONE', #2499, #349, #3003, .T. ) ;
#3872 = VECTOR ( 'NONE', #1248, 1000.000000000000000 ) ;
#3873 = ORIENTED_EDGE ( 'NONE', *, *, #2631, .T. ) ;
#3874 = ORIENTED_EDGE ( 'NONE', *, *, #79, .F. ) ;
#3875 = DIRECTION ( 'NONE',  ( 0.000000000000000000, 0.000000000000000000, 1.000000000000000000 ) ) ;
#3876 = VECTOR ( 'NONE', #1108, 1000.000000000000000 ) ;
#3877 = CARTESIAN_POINT ( 'NONE',  ( -271.0000000000000000, -1.000000000000000000, 0.000000000000000000 ) ) ;
#3878 = FACE_OUTER_BOUND ( 'NONE', #3892, .T. ) ;
#3879 = DIRECTION ( 'NONE',  ( -1.000000000000000000, -0.000000000000000000, -0.000000000000000000 ) ) ;
#3880 = VECTOR ( 'NONE', #87, 1000.000000000000000 ) ;
#3881 = CARTESIAN_POINT ( 'NONE',  ( -245.0000000000000000, -3.000000000000000000, 95.70000000000000284 ) ) ;
#3882 = CARTESIAN_POINT ( 'NONE',  ( 0.000000000000000000, -1.000000000000000000, 108.0000000000000000 ) ) ;
#3883 = AXIS2_PLACEMENT_3D ( 'NONE', #2351, #3757, #2045 ) ;
#3884 = VERTEX_POINT ( 'NONE', #3155 ) ;
#3885 = EDGE_CURVE ( 'NONE', #2799, #734, #3553, .T. ) ;
#3886 = EDGE_LOOP ( 'NONE', ( #950, #3524, #228, #2794 ) ) ;
#3887 = VECTOR ( 'NONE', #729, 1000.000000000000000 ) ;
#3888 = CARTESIAN_POINT ( 'NONE',  ( -271.0000000000000000, -1.000000000000000000, 0.000000000000000000 ) ) ;
#3889 = EDGE_CURVE ( 'NONE', #604, #3381, #1522, .T. ) ;
#3890 = DIRECTION ( 'NONE',  ( 1.000000000000000000, 0.000000000000000000, 0.000000000000000000 ) ) ;
#3891 = DIRECTION ( 'NONE',  ( 0.000000000000000000, 0.000000000000000000, -1.000000000000000000 ) ) ;
#3892 = EDGE_LOOP ( 'NONE', ( #1964, #955, #3101, #954 ) ) ;
#3893 = CARTESIAN_POINT ( 'NONE',  ( -245.0000000000000000, -3.000000000000000000, 108.5000000000000000 ) ) ;
#3894 = DIRECTION ( 'NONE',  ( -1.000000000000000000, 0.000000000000000000, 0.000000000000000000 ) ) ;
#3895 = EDGE_LOOP ( 'NONE', ( #819, #2229, #1091, #834, #1812, #1721, #1258, #3328 ) ) ;
#3896 = ORIENTED_EDGE ( 'NONE', *, *, #3645, .F. ) ;
#3897 = ORIENTED_EDGE ( 'NONE', *, *, #2443, .T. ) ;
#3898 = DIRECTION ( 'NONE',  ( 0.000000000000000000, 0.000000000000000000, 1.000000000000000000 ) ) ;
#3899 = DIRECTION ( 'NONE',  ( 0.000000000000000000, 0.000000000000000000, 1.000000000000000000 ) ) ;
#3900 = DIRECTION ( 'NONE',  ( 0.000000000000000000, 1.000000000000000000, 0.000000000000000000 ) ) ;
#3901 = DIRECTION ( 'NONE',  ( 0.000000000000000000, -1.000000000000000000, -0.000000000000000000 ) ) ;
#3902 = PLANE ( 'NONE',  #1330 ) ;
#3903 = CARTESIAN_POINT ( 'NONE',  ( 35.00000000000000000, 0.000000000000000000, 108.0000000000000000 ) ) ;
#3904 = ORIENTED_EDGE ( 'NONE', *, *, #1451, .F. ) ;
#3905 = FACE_BOUND ( 'NONE', #4151, .T. ) ;
#3906 = DIRECTION ( 'NONE',  ( 0.000000000000000000, 0.000000000000000000, -1.000000000000000000 ) ) ;
#3907 = PLANE ( 'NONE',  #1844 ) ;
#3908 = ADVANCED_FACE ( 'NONE', ( #2233 ), #849, .F. ) ;
#3909 = ORIENTED_EDGE ( 'NONE', *, *, #1154, .F. ) ;
#3910 = DIRECTION ( 'NONE',  ( 0.000000000000000000, 0.000000000000000000, 1.000000000000000000 ) ) ;
#3911 = CIRCLE ( 'NONE', #971, 2.099999999999997868 ) ;
#3912 = LINE ( 'NONE', #4240, #1639 ) ;
#3913 = VERTEX_POINT ( 'NONE', #1548 ) ;
#3914 = AXIS2_PLACEMENT_3D ( 'NONE', #2027, #1368, #739 ) ;
#3915 = EDGE_LOOP ( 'NONE', ( #3764, #3478, #903, #1648 ) ) ;
#3916 = VERTEX_POINT ( 'NONE', #3573 ) ;
#3917 = EDGE_CURVE ( 'NONE', #3245, #128, #1604, .T. ) ;
#3918 = DIRECTION ( 'NONE',  ( 0.000000000000000000, 0.000000000000000000, -1.000000000000000000 ) ) ;
#3919 = CARTESIAN_POINT ( 'NONE',  ( 87.00000000000001421, -1.000000000000000000, 88.39999999999999147 ) ) ;
#3920 = LINE ( 'NONE', #3659, #3144 ) ;
#3921 = EDGE_CURVE ( 'NONE', #3884, #1662, #1502, .T. ) ;
#3922 = CARTESIAN_POINT ( 'NONE',  ( 259.0000000000000000, -1.399999999999999911, 18.39999999999999858 ) ) ;
#3923 = LINE ( 'NONE', #921, #927 ) ;
#3924 = ORIENTED_EDGE ( 'NONE', *, *, #1360, .T. ) ;
#3925 = EDGE_CURVE ( 'NONE', #1745, #440, #2582, .T. ) ;
#3926 = CARTESIAN_POINT ( 'NONE',  ( -150.0000000000000000, 0.000000000000000000, 108.5000000000000000 ) ) ;
#3927 = VECTOR ( 'NONE', #1443, 1000.000000000000000 ) ;
#3928 = CARTESIAN_POINT ( 'NONE',  ( -164.9999999999999716, 0.000000000000000000, 108.5000000000000000 ) ) ;
#3929 = DIRECTION ( 'NONE',  ( 1.000000000000000000, 0.000000000000000000, 0.000000000000000000 ) ) ;
#3930 = ORIENTED_EDGE ( 'NONE', *, *, #1387, .T. ) ;
#3931 = CARTESIAN_POINT ( 'NONE',  ( -60.00000000000000000, -1.000000000000000000, 45.00000000000000000 ) ) ;
#3932 = AXIS2_PLACEMENT_3D ( 'NONE', #3165, #2110, #4098 ) ;
#3933 = DIRECTION ( 'NONE',  ( -0.000000000000000000, 1.000000000000000000, 0.000000000000000000 ) ) ;
#3934 = ORIENTED_EDGE ( 'NONE', *, *, #2761, .F. ) ;
#3935 = ORIENTED_EDGE ( 'NONE', *, *, #2797, .T. ) ;
#3936 = ORIENTED_EDGE ( 'NONE', *, *, #1822, .T. ) ;
#3937 = VECTOR ( 'NONE', #1328, 1000.000000000000000 ) ;
#3938 = DIRECTION ( 'NONE',  ( -0.000000000000000000, -0.000000000000000000, -1.000000000000000000 ) ) ;
#3939 = LINE ( 'NONE', #1950, #794 ) ;
#3940 = EDGE_CURVE ( 'NONE', #563, #840, #2718, .T. ) ;
#3941 = DIRECTION ( 'NONE',  ( 0.000000000000000000, 0.000000000000000000, -1.000000000000000000 ) ) ;
#3942 = DIRECTION ( 'NONE',  ( 0.000000000000000000, 0.000000000000000000, 1.000000000000000000 ) ) ;
#3943 = VECTOR ( 'NONE', #1372, 1000.000000000000000 ) ;
#3944 = LINE ( 'NONE', #4, #2322 ) ;
#3945 = EDGE_CURVE ( 'NONE', #2748, #4259, #2871, .T. ) ;
#3946 = ORIENTED_EDGE ( 'NONE', *, *, #1324, .F. ) ;
#3947 = AXIS2_PLACEMENT_3D ( 'NONE', #3632, #953, #3327 ) ;
#3948 = CARTESIAN_POINT ( 'NONE',  ( -120.0000000000000000, 0.000000000000000000, 25.00000000000000000 ) ) ;
#3949 = DIRECTION ( 'NONE',  ( 1.000000000000000000, 0.000000000000000000, 0.000000000000000000 ) ) ;
#3950 = CARTESIAN_POINT ( 'NONE',  ( 271.0000000000000000, -1.000000000000000000, 0.000000000000000000 ) ) ;
#3951 = VECTOR ( 'NONE', #3384, 1000.000000000000000 ) ;
#3952 = ORIENTED_EDGE ( 'NONE', *, *, #1994, .F. ) ;
#3953 = CARTESIAN_POINT ( 'NONE',  ( 65.00000000000000000, 0.000000000000000000, 96.00000000000000000 ) ) ;
#3954 = VECTOR ( 'NONE', #3070, 1000.000000000000000 ) ;
#3955 = DIRECTION ( 'NONE',  ( 1.000000000000000000, 0.000000000000000000, -0.000000000000000000 ) ) ;
#3956 = EDGE_LOOP ( 'NONE', ( #884, #4168 ) ) ;
#3957 = ORIENTED_EDGE ( 'NONE', *, *, #3252, .F. ) ;
#3958 = ORIENTED_EDGE ( 'NONE', *, *, #615, .F. ) ;
#3959 = EDGE_CURVE ( 'NONE', #4086, #2072, #3204, .T. ) ;
#3960 = DIRECTION ( 'NONE',  ( 1.000000000000000000, -0.000000000000000000, -0.000000000000000000 ) ) ;
#3961 = ORIENTED_EDGE ( 'NONE', *, *, #3098, .T. ) ;
#3962 = DIRECTION ( 'NONE',  ( 1.000000000000000000, 0.000000000000000000, 0.000000000000000000 ) ) ;
#3963 = EDGE_CURVE ( 'NONE', #689, #1641, #551, .T. ) ;
#3964 = DIRECTION ( 'NONE',  ( -1.000000000000000000, -0.000000000000000000, 0.000000000000000000 ) ) ;
#3965 = DIRECTION ( 'NONE',  ( 0.000000000000000000, 0.000000000000000000, 1.000000000000000000 ) ) ;
#3966 = ORIENTED_EDGE ( 'NONE', *, *, #1464, .T. ) ;
#3967 = CARTESIAN_POINT ( 'NONE',  ( -260.0000000000000000, -3.000000000000000000, 108.5000000000000000 ) ) ;
#3968 = LINE ( 'NONE', #1977, #4297 ) ;
#3969 = DIRECTION ( 'NONE',  ( 1.000000000000000000, 0.000000000000000000, -0.000000000000000000 ) ) ;
#3970 = ORIENTED_EDGE ( 'NONE', *, *, #2430, .F. ) ;
#3971 = FACE_BOUND ( 'NONE', #3498, .T. ) ;
#3972 = DIRECTION ( 'NONE',  ( 1.000000000000000000, 0.000000000000000000, -0.000000000000000000 ) ) ;
#3973 = DIRECTION ( 'NONE',  ( -1.000000000000000000, 0.000000000000000000, 0.000000000000000000 ) ) ;
#3974 = VERTEX_POINT ( 'NONE', #3595 ) ;
#3975 = EDGE_LOOP ( 'NONE', ( #3391, #1014, #3847, #3107 ) ) ;
#3976 = ORIENTED_EDGE ( 'NONE', *, *, #2170, .T. ) ;
#3977 = DIRECTION ( 'NONE',  ( -1.000000000000000000, 0.000000000000000000, 0.000000000000000000 ) ) ;
#3978 = ORIENTED_EDGE ( 'NONE', *, *, #236, .T. ) ;
#3979 = CARTESIAN_POINT ( 'NONE',  ( -163.0000000000000000, -1.399999999999999911, 90.00000000000000000 ) ) ;
#3980 = EDGE_CURVE ( 'NONE', #1509, #2918, #3179, .T. ) ;
#3981 = DIRECTION ( 'NONE',  ( 0.000000000000000000, 0.000000000000000000, 1.000000000000000000 ) ) ;
#3982 = DIRECTION ( 'NONE',  ( 0.000000000000000000, 0.000000000000000000, 1.000000000000000000 ) ) ;
#3983 = FACE_OUTER_BOUND ( 'NONE', #1828, .T. ) ;
#3984 = EDGE_CURVE ( 'NONE', #1493, #2892, #690, .T. ) ;
#3985 = LINE ( 'NONE', #2347, #2689 ) ;
#3986 = EDGE_LOOP ( 'NONE', ( #933, #3285, #1833, #1788 ) ) ;
#3987 = CIRCLE ( 'NONE', #278, 2.250000000000001776 ) ;
#3988 = CARTESIAN_POINT ( 'NONE',  ( 258.9000000000000341, 0.000000000000000000, 80.00000000000000000 ) ) ;
#3989 = EDGE_CURVE ( 'NONE', #2892, #2159, #2257, .T. ) ;
#3990 = DIRECTION ( 'NONE',  ( 0.000000000000000000, 0.000000000000000000, 1.000000000000000000 ) ) ;
#3991 = DIRECTION ( 'NONE',  ( 0.000000000000000000, -1.000000000000000000, 0.000000000000000000 ) ) ;
#3992 = CIRCLE ( 'NONE', #2739, 2.099999999999997868 ) ;
#3993 = ORIENTED_EDGE ( 'NONE', *, *, #3497, .F. ) ;
#3994 = ORIENTED_EDGE ( 'NONE', *, *, #412, .F. ) ;
#3995 = VECTOR ( 'NONE', #2859, 1000.000000000000000 ) ;
#3996 = DIRECTION ( 'NONE',  ( 1.000000000000000000, 0.000000000000000000, 0.000000000000000000 ) ) ;
#3997 = ORIENTED_EDGE ( 'NONE', *, *, #368, .F. ) ;
#3998 = DIRECTION ( 'NONE',  ( 0.000000000000000000, -1.000000000000000000, -0.000000000000000000 ) ) ;
#3999 = AXIS2_PLACEMENT_3D ( 'NONE', #454, #4041, #3135 ) ;
#4000 = DIRECTION ( 'NONE',  ( 1.000000000000000000, 0.000000000000000000, 0.000000000000000000 ) ) ;
#4001 = CARTESIAN_POINT ( 'NONE',  ( -160.0000000000000000, 0.000000000000000000, 25.00000000000000000 ) ) ;
#4002 = CIRCLE ( 'NONE', #3031, 2.099999999999990763 ) ;
#4003 = DIRECTION ( 'NONE',  ( 0.000000000000000000, 0.000000000000000000, -1.000000000000000000 ) ) ;
#4004 = CIRCLE ( 'NONE', #4076, 2.100000000000000977 ) ;
#4005 = CARTESIAN_POINT ( 'NONE',  ( -77.00000000000000000, -1.399999999999999911, 90.00000000000000000 ) ) ;
#4006 = EDGE_CURVE ( 'NONE', #3492, #1641, #1177, .T. ) ;
#4007 = VECTOR ( 'NONE', #1831, 1000.000000000000000 ) ;
#4008 = EDGE_CURVE ( 'NONE', #1575, #2751, #824, .T. ) ;
#4009 = LINE ( 'NONE', #2303, #524 ) ;
#4010 = ORIENTED_EDGE ( 'NONE', *, *, #4311, .T. ) ;
#4011 = VECTOR ( 'NONE', #1837, 1000.000000000000000 ) ;
#4012 = EDGE_CURVE ( 'NONE', #3740, #2687, #4321, .T. ) ;
#4013 = FACE_BOUND ( 'NONE', #3240, .T. ) ;
#4014 = CARTESIAN_POINT ( 'NONE',  ( -77.00000000000000000, -1.000000000000000000, 90.00000000000000000 ) ) ;
#4015 = VECTOR ( 'NONE', #2527, 1000.000000000000000 ) ;
#4016 = CARTESIAN_POINT ( 'NONE',  ( -50.00000000000000000, -3.000000000000000000, 95.70000000000000284 ) ) ;
#4017 = ORIENTED_EDGE ( 'NONE', *, *, #3279, .T. ) ;
#4018 = ORIENTED_EDGE ( 'NONE', *, *, #392, .T. ) ;
#4019 = VECTOR ( 'NONE', #1781, 1000.000000000000000 ) ;
#4020 = CARTESIAN_POINT ( 'NONE',  ( 271.3000000000000682, -1.000000000000000000, 81.84661853126195297 ) ) ;
#4021 = ORIENTED_EDGE ( 'NONE', *, *, #1729, .F. ) ;
#4022 = LINE ( 'NONE', #4285, #1400 ) ;
#4023 = CYLINDRICAL_SURFACE ( 'NONE', #2745, 2.099999999999990763 ) ;
#4024 = DIRECTION ( 'NONE',  ( 0.000000000000000000, 0.000000000000000000, -1.000000000000000000 ) ) ;
#4025 = CARTESIAN_POINT ( 'NONE',  ( 150.0000000000000000, -3.000000000000000000, 95.70000000000000284 ) ) ;
#4026 = DIRECTION ( 'NONE',  ( 0.000000000000000000, 0.000000000000000000, 1.000000000000000000 ) ) ;
#4027 = DIRECTION ( 'NONE',  ( -1.000000000000000000, 0.000000000000000000, 0.000000000000000000 ) ) ;
#4028 = VERTEX_POINT ( 'NONE', #2850 ) ;
#4029 = FACE_BOUND ( 'NONE', #1870, .T. ) ;
#4030 = CARTESIAN_POINT ( 'NONE',  ( 87.00000000000001421, -1.000000000000000000, 20.00000000000000000 ) ) ;
#4031 = DIRECTION ( 'NONE',  ( 0.000000000000000000, 0.000000000000000000, 1.000000000000000000 ) ) ;
#4032 = ORIENTED_EDGE ( 'NONE', *, *, #876, .T. ) ;
#4033 = EDGE_CURVE ( 'NONE', #2446, #3111, #4174, .T. ) ;
#4034 = VERTEX_POINT ( 'NONE', #2513 ) ;
#4035 = DIRECTION ( 'NONE',  ( 0.000000000000000000, 0.000000000000000000, 1.000000000000000000 ) ) ;
#4036 = ORIENTED_EDGE ( 'NONE', *, *, #3761, .T. ) ;
#4037 = EDGE_CURVE ( 'NONE', #1967, #1876, #1312, .T. ) ;
#4038 = ORIENTED_EDGE ( 'NONE', *, *, #4202, .F. ) ;
#4039 = PERSON_AND_ORGANIZATION ( #983, #691 ) ;
#4040 = PLANE ( 'NONE',  #3236 ) ;
#4041 = DIRECTION ( 'NONE',  ( -0.000000000000000000, 1.000000000000000000, 0.000000000000000000 ) ) ;
#4042 = AXIS2_PLACEMENT_3D ( 'NONE', #473, #2192, #2875 ) ;
#4043 = LINE ( 'NONE', #1026, #1013 ) ;
#4044 = DIRECTION ( 'NONE',  ( 1.000000000000000000, 0.000000000000000000, 0.000000000000000000 ) ) ;
#4045 = EDGE_CURVE ( 'NONE', #2886, #2414, #3911, .T. ) ;
#4046 = SECURITY_CLASSIFICATION ( '', '', #4107 ) ;
#4047 = LINE ( 'NONE', #722, #1053 ) ;
#4048 = LINE ( 'NONE', #1311, #3655 ) ;
#4049 = EDGE_CURVE ( 'NONE', #1359, #67, #3267, .T. ) ;
#4050 = LINE ( 'NONE', #769, #597 ) ;
#4051 = VERTEX_POINT ( 'NONE', #2277 ) ;
#4052 = DIRECTION ( 'NONE',  ( 0.000000000000000000, -1.000000000000000000, 0.000000000000000000 ) ) ;
#4053 = CARTESIAN_POINT ( 'NONE',  ( -163.0000000000000000, 1.000000000000000222, 21.60000000000000142 ) ) ;
#4054 = FACE_OUTER_BOUND ( 'NONE', #482, .T. ) ;
#4055 = ORIENTED_EDGE ( 'NONE', *, *, #1099, .T. ) ;
#4056 = ORIENTED_EDGE ( 'NONE', *, *, #15, .T. ) ;
#4057 = CARTESIAN_POINT ( 'NONE',  ( 256.0000000000000000, -1.000000000000000000, 25.00000000000000000 ) ) ;
#4058 = ORIENTED_EDGE ( 'NONE', *, *, #3510, .T. ) ;
#4059 = EDGE_CURVE ( 'NONE', #3537, #2978, #253, .T. ) ;
#4060 = ORIENTED_EDGE ( 'NONE', *, *, #4257, .T. ) ;
#4061 = APPLICATION_PROTOCOL_DEFINITION ( 'international standard', 'config_control_design', 1994, #1033 ) ;
#4062 = AXIS2_PLACEMENT_3D ( 'NONE', #152, #1369, #2843 ) ;
#4063 = LINE ( 'NONE', #740, #1057 ) ;
#4064 = EDGE_CURVE ( 'NONE', #601, #3142, #621, .T. ) ;
#4065 = CARTESIAN_POINT ( 'NONE',  ( -79.99999999999998579, 1.000000000000000000, 0.000000000000000000 ) ) ;
#4066 = DIRECTION ( 'NONE',  ( 0.000000000000000000, 0.000000000000000000, -1.000000000000000000 ) ) ;
#4067 = DIRECTION ( 'NONE',  ( 0.000000000000000000, 0.000000000000000000, -1.000000000000000000 ) ) ;
#4068 = CIRCLE ( 'NONE', #1210, 2.099999999999997868 ) ;
#4069 = DIRECTION ( 'NONE',  ( 0.000000000000000000, 0.000000000000000000, 1.000000000000000000 ) ) ;
#4070 = CIRCLE ( 'NONE', #3794, 1.600000000000004086 ) ;
#4071 = EDGE_CURVE ( 'NONE', #424, #1876, #3556, .T. ) ;
#4072 = LINE ( 'NONE', #1396, #2608 ) ;
#4073 = CARTESIAN_POINT ( 'NONE',  ( 0.000000000000000000, 1.000000000000000000, 84.99999999999998579 ) ) ;
#4074 = EDGE_LOOP ( 'NONE', ( #1168, #1722, #4171, #1149 ) ) ;
#4075 = CYLINDRICAL_SURFACE ( 'NONE', #3932, 2.099999999999990763 ) ;
#4076 = AXIS2_PLACEMENT_3D ( 'NONE', #4131, #2473, #2516 ) ;
#4077 = CARTESIAN_POINT ( 'NONE',  ( 0.000000000000000000, 1.000000000000000000, 108.0000000000000000 ) ) ;
#4078 = CARTESIAN_POINT ( 'NONE',  ( 35.00000000000000000, -6.000000000000000000, 96.00000000000000000 ) ) ;
#4079 = ORIENTED_EDGE ( 'NONE', *, *, #4119, .F. ) ;
#4080 = VECTOR ( 'NONE', #3411, 1000.000000000000000 ) ;
#4081 = VERTEX_POINT ( 'NONE', #3251 ) ;
#4082 = VERTEX_POINT ( 'NONE', #3486 ) ;
#4083 = CIRCLE ( 'NONE', #2477, 2.099999999999997868 ) ;
#4084 = CARTESIAN_POINT ( 'NONE',  ( -160.0000000000000000, 0.000000000000000000, 25.00000000000000000 ) ) ;
#4085 = ORIENTED_EDGE ( 'NONE', *, *, #1523, .T. ) ;
#4086 = VERTEX_POINT ( 'NONE', #188 ) ;
#4087 = COORDINATED_UNIVERSAL_TIME_OFFSET ( 8, 0, .AHEAD. ) ;
#4088 = CIRCLE ( 'NONE', #4230, 2.100000000000004530 ) ;
#4089 = LINE ( 'NONE', #3372, #2457 ) ;
#4090 = LINE ( 'NONE', #1094, #435 ) ;
#4091 = DIRECTION ( 'NONE',  ( 0.000000000000000000, 0.000000000000000000, 1.000000000000000000 ) ) ;
#4092 = CARTESIAN_POINT ( 'NONE',  ( 87.00000000000001421, -1.399999999999999911, 20.00000000000000000 ) ) ;
#4093 = ADVANCED_FACE ( 'NONE', ( #828 ), #545, .F. ) ;
#4094 = CARTESIAN_POINT ( 'NONE',  ( -35.00000000000000000, 0.000000000000000000, 108.0000000000000000 ) ) ;
#4095 = DIRECTION ( 'NONE',  ( 0.000000000000000000, 0.000000000000000000, 1.000000000000000000 ) ) ;
#4096 = FACE_OUTER_BOUND ( 'NONE', #893, .T. ) ;
#4097 = EDGE_LOOP ( 'NONE', ( #127, #4207, #3934, #1197 ) ) ;
#4098 = DIRECTION ( 'NONE',  ( 1.000000000000000000, 0.000000000000000000, 0.000000000000000000 ) ) ;
#4099 = PLANE ( 'NONE',  #3814 ) ;
#4100 = VERTEX_POINT ( 'NONE', #3530 ) ;
#4101 = EDGE_CURVE ( 'NONE', #584, #3835, #1554, .T. ) ;
#4102 = ORIENTED_EDGE ( 'NONE', *, *, #3917, .T. ) ;
#4103 = LINE ( 'NONE', #2487, #2403 ) ;
#4104 = EDGE_LOOP ( 'NONE', ( #2953, #2522, #3858, #2171 ) ) ;
#4105 = EDGE_CURVE ( 'NONE', #4254, #1575, #4157, .T. ) ;
#4106 = VERTEX_POINT ( 'NONE', #1161 ) ;
#4107 = SECURITY_CLASSIFICATION_LEVEL ( 'unclassified' ) ;
#4108 = DIRECTION ( 'NONE',  ( -0.000000000000000000, 1.000000000000000000, 0.000000000000000000 ) ) ;
#4109 = LINE ( 'NONE', #1159, #3534 ) ;
#4110 = DIRECTION ( 'NONE',  ( 0.000000000000000000, -0.000000000000000000, 1.000000000000000000 ) ) ;
#4111 = EDGE_CURVE ( 'NONE', #3010, #669, #2237, .T. ) ;
#4112 = FACE_OUTER_BOUND ( 'NONE', #4074, .T. ) ;
#4113 = AXIS2_PLACEMENT_3D ( 'NONE', #3815, #809, #2149 ) ;
#4114 = CARTESIAN_POINT ( 'NONE',  ( 256.0000000000000000, -1.000000000000000000, 84.99999999999998579 ) ) ;
#4115 = DIRECTION ( 'NONE',  ( 0.000000000000000000, -1.000000000000000000, -0.000000000000000000 ) ) ;
#4116 = EDGE_CURVE ( 'NONE', #1405, #2230, #3837, .T. ) ;
#4117 = ORIENTED_EDGE ( 'NONE', *, *, #3313, .F. ) ;
#4118 = DIRECTION ( 'NONE',  ( -1.000000000000000000, -0.000000000000000000, 0.000000000000000000 ) ) ;
#4119 = EDGE_CURVE ( 'NONE', #2169, #3086, #3158, .T. ) ;
#4120 = DIRECTION ( 'NONE',  ( -1.000000000000000000, -0.000000000000000000, -0.000000000000000000 ) ) ;
#4121 = ORIENTED_EDGE ( 'NONE', *, *, #1556, .F. ) ;
#4122 = VERTEX_POINT ( 'NONE', #4178 ) ;
#4123 = ORIENTED_EDGE ( 'NONE', *, *, #1006, .T. ) ;
#4124 = ADVANCED_FACE ( 'NONE', ( #3207 ), #3577, .F. ) ;
#4125 = CARTESIAN_POINT ( 'NONE',  ( -65.00000000000000000, -3.000000000000000000, 96.00000000000000000 ) ) ;
#4126 = ORIENTED_EDGE ( 'NONE', *, *, #4202, .T. ) ;
#4127 = VERTEX_POINT ( 'NONE', #2495 ) ;
#4128 = VECTOR ( 'NONE', #388, 1000.000000000000000 ) ;
#4129 = DIRECTION ( 'NONE',  ( 0.000000000000000000, -1.000000000000000000, -0.000000000000000000 ) ) ;
#4130 = LINE ( 'NONE', #2101, #3326 ) ;
#4131 = CARTESIAN_POINT ( 'NONE',  ( 271.0000000000000000, 0.000000000000000000, 30.00000000000000000 ) ) ;
#4132 = DIRECTION ( 'NONE',  ( 0.000000000000000000, 0.000000000000000000, -1.000000000000000000 ) ) ;
#4133 = CIRCLE ( 'NONE', #2180, 2.250000000000001776 ) ;
#4134 = CARTESIAN_POINT ( 'NONE',  ( -77.00000000000000000, -1.000000000000000000, 20.00000000000000000 ) ) ;
#4135 = LINE ( 'NONE', #3123, #4281 ) ;
#4136 = CIRCLE ( 'NONE', #3722, 2.099999999999990763 ) ;
#4137 = VECTOR ( 'NONE', #3002, 1000.000000000000000 ) ;
#4138 = EDGE_LOOP ( 'NONE', ( #3039, #43, #3544, #252 ) ) ;
#4139 = CARTESIAN_POINT ( 'NONE',  ( 135.0000000000000000, 0.000000000000000000, 108.0000000000000000 ) ) ;
#4140 = CIRCLE ( 'NONE', #1139, 1.600000000000004086 ) ;
#4141 = DIRECTION ( 'NONE',  ( -1.000000000000000000, 0.000000000000000000, 0.000000000000000000 ) ) ;
#4142 = EDGE_LOOP ( 'NONE', ( #397, #1184 ) ) ;
#4143 = EDGE_CURVE ( 'NONE', #1619, #689, #3229, .T. ) ;
#4144 = VERTEX_POINT ( 'NONE', #495 ) ;
#4145 = CIRCLE ( 'NONE', #2611, 1.600000000000004086 ) ;
#4146 = ORIENTED_EDGE ( 'NONE', *, *, #1360, .F. ) ;
#4147 = AXIS2_PLACEMENT_3D ( 'NONE', #2534, #1857, #466 ) ;
#4148 = DIRECTION ( 'NONE',  ( 0.000000000000000000, 0.000000000000000000, 1.000000000000000000 ) ) ;
#4149 = EDGE_LOOP ( 'NONE', ( #3802, #3647 ) ) ;
#4150 = ORIENTED_EDGE ( 'NONE', *, *, #3656, .F. ) ;
#4151 = EDGE_LOOP ( 'NONE', ( #3874, #3952 ) ) ;
#4152 = AXIS2_PLACEMENT_3D ( 'NONE', #395, #2395, #3732 ) ;
#4153 = DIRECTION ( 'NONE',  ( 0.000000000000000000, 0.000000000000000000, 1.000000000000000000 ) ) ;
#4154 = DIRECTION ( 'NONE',  ( 0.000000000000000000, 0.000000000000000000, 1.000000000000000000 ) ) ;
#4155 = DIRECTION ( 'NONE',  ( -0.000000000000000000, -0.000000000000000000, -1.000000000000000000 ) ) ;
#4156 = AXIS2_PLACEMENT_3D ( 'NONE', #279, #3277, #2001 ) ;
#4157 = LINE ( 'NONE', #2517, #119 ) ;
#4158 = CARTESIAN_POINT ( 'NONE',  ( 135.0000000000000000, 0.000000000000000000, 108.5000000000000000 ) ) ;
#4159 = DIRECTION ( 'NONE',  ( -0.000000000000000000, -0.000000000000000000, -1.000000000000000000 ) ) ;
#4160 = AXIS2_PLACEMENT_3D ( 'NONE', #360, #2734, #1666 ) ;
#4161 = ORIENTED_EDGE ( 'NONE', *, *, #2281, .F. ) ;
#4162 = ORIENTED_EDGE ( 'NONE', *, *, #1321, .T. ) ;
#4163 = DIRECTION ( 'NONE',  ( 0.000000000000000000, -1.000000000000000000, 0.000000000000000000 ) ) ;
#4164 = LINE ( 'NONE', #817, #2558 ) ;
#4165 = VERTEX_POINT ( 'NONE', #1180 ) ;
#4166 = ADVANCED_FACE ( 'NONE', ( #568 ), #525, .F. ) ;
#4167 = EDGE_LOOP ( 'NONE', ( #3154, #3413, #2934, #1521 ) ) ;
#4168 = ORIENTED_EDGE ( 'NONE', *, *, #3601, .F. ) ;
#4169 = DIRECTION ( 'NONE',  ( 0.000000000000000000, 0.000000000000000000, 1.000000000000000000 ) ) ;
#4170 = LINE ( 'NONE', #3823, #3109 ) ;
#4171 = ORIENTED_EDGE ( 'NONE', *, *, #4008, .T. ) ;
#4172 = ORIENTED_EDGE ( 'NONE', *, *, #392, .F. ) ;
#4173 = ORIENTED_EDGE ( 'NONE', *, *, #2523, .F. ) ;
#4174 = LINE ( 'NONE', #2897, #2437 ) ;
#4175 = CARTESIAN_POINT ( 'NONE',  ( -271.3000000000000682, -1.000000000000000000, 78.15338146873806124 ) ) ;
#4176 = DIRECTION ( 'NONE',  ( 0.000000000000000000, 0.000000000000000000, 1.000000000000000000 ) ) ;
#4177 = EDGE_CURVE ( 'NONE', #156, #1059, #1203, .T. ) ;
#4178 = CARTESIAN_POINT ( 'NONE',  ( -259.5000000000000000, -1.000000000000000000, 91.59999999999999432 ) ) ;
#4179 = CARTESIAN_POINT ( 'NONE',  ( -245.0000000000000000, -6.000000000000000000, 96.00000000000000000 ) ) ;
#4180 = DIRECTION ( 'NONE',  ( -1.000000000000000000, -0.000000000000000000, 0.000000000000000000 ) ) ;
#4181 = EDGE_CURVE ( 'NONE', #2563, #3280, #2543, .T. ) ;
#4182 = ORIENTED_EDGE ( 'NONE', *, *, #1611, .T. ) ;
#4183 = EDGE_LOOP ( 'NONE', ( #3133, #2315 ) ) ;
#4184 = CARTESIAN_POINT ( 'NONE',  ( 65.00000000000000000, -6.000000000000000000, 96.00000000000000000 ) ) ;
#4185 = EDGE_CURVE ( 'NONE', #1948, #3503, #1110, .T. ) ;
#4186 = VECTOR ( 'NONE', #4222, 1000.000000000000000 ) ;
#4187 = CARTESIAN_POINT ( 'NONE',  ( -135.0000000000000000, -1.000000000000000000, 108.0000000000000000 ) ) ;
#4188 = CARTESIAN_POINT ( 'NONE',  ( -77.00000000000000000, 1.000000000000000222, 91.59999999999999432 ) ) ;
#4189 = VERTEX_POINT ( 'NONE', #2474 ) ;
#4190 = ORIENTED_EDGE ( 'NONE', *, *, #1531, .T. ) ;
#4191 = CARTESIAN_POINT ( 'NONE',  ( 259.0000000000000000, -1.399999999999999911, 20.00000000000000000 ) ) ;
#4192 = DIRECTION ( 'NONE',  ( -1.000000000000000000, -0.000000000000000000, -0.000000000000000000 ) ) ;
#4193 = ORIENTED_EDGE ( 'NONE', *, *, #1988, .T. ) ;
#4194 = ORIENTED_EDGE ( 'NONE', *, *, #2651, .T. ) ;
#4195 = VERTEX_POINT ( 'NONE', #2854 ) ;
#4196 = DIRECTION ( 'NONE',  ( 1.000000000000000000, 0.000000000000000000, -0.000000000000000000 ) ) ;
#4197 = ADVANCED_FACE ( 'NONE', ( #852 ), #137, .F. ) ;
#4198 = CARTESIAN_POINT ( 'NONE',  ( 259.0000000000000000, -1.000000000000000000, 21.60000000000000142 ) ) ;
#4199 = CARTESIAN_POINT ( 'NONE',  ( -260.0000000000000000, -3.000000000000000000, 96.00000000000000000 ) ) ;
#4200 = DIRECTION ( 'NONE',  ( 0.000000000000000000, 0.000000000000000000, 1.000000000000000000 ) ) ;
#4201 = VECTOR ( 'NONE', #920, 1000.000000000000000 ) ;
#4202 = EDGE_CURVE ( 'NONE', #733, #3451, #1482, .T. ) ;
#4203 = CARTESIAN_POINT ( 'NONE',  ( 229.9999999999999716, -3.000000000000000000, 96.00000000000000000 ) ) ;
#4204 = CARTESIAN_POINT ( 'NONE',  ( 68.00000000000000000, -1.399999999999999911, 47.25000000000000000 ) ) ;
#4205 = UNCERTAINTY_MEASURE_WITH_UNIT (LENGTH_MEASURE( 1.000000000000000082E-05 ), #959, 'distance_accuracy_value', 'NONE');
#4206 = CIRCLE ( 'NONE', #420, 1.600000000000004086 ) ;
#4207 = ORIENTED_EDGE ( 'NONE', *, *, #1514, .T. ) ;
#4208 = EDGE_CURVE ( 'NONE', #840, #871, #3920, .T. ) ;
#4209 = ORIENTED_EDGE ( 'NONE', *, *, #2059, .T. ) ;
#4210 = PLANE ( 'NONE',  #3312 ) ;
#4211 = CYLINDRICAL_SURFACE ( 'NONE', #1151, 2.099999999999997868 ) ;
#4212 = VECTOR ( 'NONE', #2283, 1000.000000000000000 ) ;
#4213 = LINE ( 'NONE', #888, #2049 ) ;
#4214 = EDGE_LOOP ( 'NONE', ( #3571, #3014, #3639, #4058 ) ) ;
#4215 = FACE_OUTER_BOUND ( 'NONE', #2964, .T. ) ;
#4216 = VECTOR ( 'NONE', #71, 1000.000000000000000 ) ;
#4217 = CARTESIAN_POINT ( 'NONE',  ( -50.00000000000000000, -6.000000000000000000, 108.5000000000000000 ) ) ;
#4218 = EDGE_LOOP ( 'NONE', ( #732, #2483 ) ) ;
#4219 = AXIS2_PLACEMENT_3D ( 'NONE', #2884, #908, #555 ) ;
#4220 = ORIENTED_EDGE ( 'NONE', *, *, #3487, .T. ) ;
#4221 = ORIENTED_EDGE ( 'NONE', *, *, #3980, .F. ) ;
#4222 = DIRECTION ( 'NONE',  ( -1.000000000000000000, 0.000000000000000000, 0.000000000000000000 ) ) ;
#4223 = VECTOR ( 'NONE', #2094, 1000.000000000000000 ) ;
#4224 = DIRECTION ( 'NONE',  ( 0.000000000000000000, 1.000000000000000000, 0.000000000000000000 ) ) ;
#4225 = DIRECTION ( 'NONE',  ( 0.000000000000000000, 0.000000000000000000, 1.000000000000000000 ) ) ;
#4226 = CARTESIAN_POINT ( 'NONE',  ( 271.3000000000000682, 0.000000000000000000, 30.00000000000000000 ) ) ;
#4227 = VECTOR ( 'NONE', #1908, 1000.000000000000000 ) ;
#4228 = DIRECTION ( 'NONE',  ( 0.000000000000000000, 1.000000000000000000, 0.000000000000000000 ) ) ;
#4229 = LINE ( 'NONE', #833, #1629 ) ;
#4230 = AXIS2_PLACEMENT_3D ( 'NONE', #2968, #2947, #4332 ) ;
#4231 = EDGE_CURVE ( 'NONE', #440, #1745, #1813, .T. ) ;
#4232 = ORIENTED_EDGE ( 'NONE', *, *, #1766, .T. ) ;
#4233 = AXIS2_PLACEMENT_3D ( 'NONE', #3338, #1095, #4003 ) ;
#4234 = FACE_BOUND ( 'NONE', #1436, .T. ) ;
#4235 = LINE ( 'NONE', #887, #92 ) ;
#4236 = LINE ( 'NONE', #2269, #1069 ) ;
#4237 = ORIENTED_EDGE ( 'NONE', *, *, #952, .F. ) ;
#4238 = LINE ( 'NONE', #2019, #986 ) ;
#4239 = EDGE_CURVE ( 'NONE', #1662, #4165, #980, .T. ) ;
#4240 = CARTESIAN_POINT ( 'NONE',  ( 0.000000000000000000, -1.000000000000000000, 84.99999999999998579 ) ) ;
#4241 = ORIENTED_EDGE ( 'NONE', *, *, #3195, .T. ) ;
#4242 = ORIENTED_EDGE ( 'NONE', *, *, #3612, .F. ) ;
#4243 = ORIENTED_EDGE ( 'NONE', *, *, #2692, .T. ) ;
#4244 = DIRECTION ( 'NONE',  ( 0.000000000000000000, 1.000000000000000000, 0.000000000000000000 ) ) ;
#4245 = EDGE_CURVE ( 'NONE', #1381, #1762, #918, .T. ) ;
#4246 = DIRECTION ( 'NONE',  ( 0.000000000000000000, 0.000000000000000000, 1.000000000000000000 ) ) ;
#4247 = CARTESIAN_POINT ( 'NONE',  ( -150.0000000000000000, -3.000000000000000000, 96.00000000000000000 ) ) ;
#4248 = FACE_OUTER_BOUND ( 'NONE', #1310, .T. ) ;
#4249 = LINE ( 'NONE', #4204, #143 ) ;
#4250 = ORIENTED_EDGE ( 'NONE', *, *, #4006, .F. ) ;
#4251 = DIRECTION ( 'NONE',  ( -1.000000000000000000, -0.000000000000000000, 0.000000000000000000 ) ) ;
#4252 = LINE ( 'NONE', #926, #4294 ) ;
#4253 = LINE ( 'NONE', #1921, #1699 ) ;
#4254 = VERTEX_POINT ( 'NONE', #1581 ) ;
#4255 = CARTESIAN_POINT ( 'NONE',  ( 258.9000000000000341, -1.000000000000000444, 28.15338146873806124 ) ) ;
#4256 = AXIS2_PLACEMENT_3D ( 'NONE', #273, #1002, #1306 ) ;
#4257 = EDGE_CURVE ( 'NONE', #3076, #4277, #4284, .T. ) ;
#4258 = CARTESIAN_POINT ( 'NONE',  ( -65.00000000000000000, 0.000000000000000000, 108.0000000000000000 ) ) ;
#4259 = VERTEX_POINT ( 'NONE', #294 ) ;
#4260 = EDGE_LOOP ( 'NONE', ( #2637, #1064, #864, #4161 ) ) ;
#4261 = ORIENTED_EDGE ( 'NONE', *, *, #3576, .F. ) ;
#4262 = CARTESIAN_POINT ( 'NONE',  ( 49.35968757625671799, -1.000000000000000000, 95.70000000000000284 ) ) ;
#4263 = DIRECTION ( 'NONE',  ( 1.000000000000000000, 0.000000000000000000, 0.000000000000000000 ) ) ;
#4264 = DIRECTION ( 'NONE',  ( 1.000000000000000000, 0.000000000000000000, 0.000000000000000000 ) ) ;
#4265 = DIRECTION ( 'NONE',  ( -1.000000000000000000, -0.000000000000000000, 0.000000000000000000 ) ) ;
#4266 = CARTESIAN_POINT ( 'NONE',  ( 50.00000000000000000, -3.000000000000000000, 108.5000000000000000 ) ) ;
#4267 = ORIENTED_EDGE ( 'NONE', *, *, #1422, .F. ) ;
#4268 = CARTESIAN_POINT ( 'NONE',  ( -259.5000000000000000, 1.000000000000000222, 20.00000000000000000 ) ) ;
#4269 = VECTOR ( 'NONE', #526, 1000.000000000000000 ) ;
#4270 = CARTESIAN_POINT ( 'NONE',  ( -256.0000000000000000, 0.000000000000000000, 84.99999999999998579 ) ) ;
#4271 = CARTESIAN_POINT ( 'NONE',  ( 87.00000000000001421, -1.000000000000000000, 18.39999999999999858 ) ) ;
#4272 = AXIS2_PLACEMENT_3D ( 'NONE', #2721, #4052, #970 ) ;
#4273 = ORIENTED_EDGE ( 'NONE', *, *, #1549, .F. ) ;
#4274 = DIRECTION ( 'NONE',  ( 0.000000000000000000, -1.000000000000000000, -0.000000000000000000 ) ) ;
#4275 = CIRCLE ( 'NONE', #2890, 2.099999999999990763 ) ;
#4276 = PLANE ( 'NONE',  #1144 ) ;
#4277 = VERTEX_POINT ( 'NONE', #3335 ) ;
#4278 = EDGE_CURVE ( 'NONE', #1246, #1165, #1266, .T. ) ;
#4279 = ORIENTED_EDGE ( 'NONE', *, *, #4239, .F. ) ;
#4280 = EDGE_LOOP ( 'NONE', ( #4334, #2112, #673, #2182 ) ) ;
#4281 = VECTOR ( 'NONE', #3771, 1000.000000000000000 ) ;
#4282 = DIRECTION ( 'NONE',  ( 0.000000000000000000, 0.000000000000000000, -1.000000000000000000 ) ) ;
#4283 = EDGE_LOOP ( 'NONE', ( #1930, #2834, #974, #2339 ) ) ;
#4284 = LINE ( 'NONE', #3311, #764 ) ;
#4285 = CARTESIAN_POINT ( 'NONE',  ( -77.00000000000000000, -1.399999999999999911, 88.39999999999999147 ) ) ;
#4286 = AXIS2_PLACEMENT_3D ( 'NONE', #4025, #2714, #4044 ) ;
#4287 = LINE ( 'NONE', #784, #3378 ) ;
#4288 = ORIENTED_EDGE ( 'NONE', *, *, #2035, .F. ) ;
#4289 = AXIS2_PLACEMENT_3D ( 'NONE', #248, #1260, #3973 ) ;
#4290 = CARTESIAN_POINT ( 'NONE',  ( -77.00000000000000000, 1.000000000000000222, 88.39999999999999147 ) ) ;
#4291 = VECTOR ( 'NONE', #3484, 1000.000000000000000 ) ;
#4292 = LINE ( 'NONE', #1012, #374 ) ;
#4293 = PLANE ( 'NONE',  #362 ) ;
#4294 = VECTOR ( 'NONE', #3360, 1000.000000000000000 ) ;
#4295 = ORIENTED_EDGE ( 'NONE', *, *, #182, .T. ) ;
#4296 = FACE_OUTER_BOUND ( 'NONE', #2335, .T. ) ;
#4297 = VECTOR ( 'NONE', #967, 1000.000000000000000 ) ;
#4298 = PLANE ( 'NONE',  #1427 ) ;
#4299 = DIRECTION ( 'NONE',  ( 0.000000000000000000, -1.000000000000000000, 0.000000000000000000 ) ) ;
#4300 = ORIENTED_EDGE ( 'NONE', *, *, #675, .F. ) ;
#4301 = EDGE_CURVE ( 'NONE', #4277, #1829, #631, .T. ) ;
#4302 = ORIENTED_EDGE ( 'NONE', *, *, #998, .F. ) ;
#4303 = VERTEX_POINT ( 'NONE', #2940 ) ;
#4304 = CARTESIAN_POINT ( 'NONE',  ( 271.3000000000000682, 1.000000000000000000, 81.84661853126195297 ) ) ;
#4305 = VERTEX_POINT ( 'NONE', #2604 ) ;
#4306 = CARTESIAN_POINT ( 'NONE',  ( 135.0000000000000000, 0.000000000000000000, 108.0000000000000000 ) ) ;
#4307 = CARTESIAN_POINT ( 'NONE',  ( 0.000000000000000000, 0.000000000000000000, 108.0000000000000000 ) ) ;
#4308 = ADVANCED_FACE ( 'NONE', ( #3597 ), #2665, .F. ) ;
#4309 = CARTESIAN_POINT ( 'NONE',  ( 229.9999999999999716, -6.000000000000000000, 96.00000000000000000 ) ) ;
#4310 = ORIENTED_EDGE ( 'NONE', *, *, #2170, .F. ) ;
#4311 = EDGE_CURVE ( 'NONE', #3286, #418, #1287, .T. ) ;
#4312 = DIRECTION ( 'NONE',  ( 0.000000000000000000, 0.000000000000000000, 1.000000000000000000 ) ) ;
#4313 = DIRECTION ( 'NONE',  ( 0.000000000000000000, -1.000000000000000000, 0.000000000000000000 ) ) ;
#4314 = VERTEX_POINT ( 'NONE', #1936 ) ;
#4316 = EDGE_CURVE ( 'NONE', #391, #3331, #3005, .T. ) ;
#4315 = PLANE ( 'NONE',  #2809 ) ;
#4317 = LINE ( 'NONE', #877, #1850 ) ;
#4318 = FACE_OUTER_BOUND ( 'NONE', #157, .T. ) ;
#4319 = EDGE_LOOP ( 'NONE', ( #2581, #200 ) ) ;
#4320 = VERTEX_POINT ( 'NONE', #2340 ) ;
#4321 = CIRCLE ( 'NONE', #1456, 2.099999999999990763 ) ;
#4322 = PRODUCT_DEFINITION_FORMATION_WITH_SPECIFIED_SOURCE ( '�', '', #2449, .NOT_KNOWN. ) ;
#4323 = CARTESIAN_POINT ( 'NONE',  ( -163.0000000000000000, 1.000000000000000222, 20.00000000000000000 ) ) ;
#4324 = VERTEX_POINT ( 'NONE', #4306 ) ;
#4325 = DIRECTION ( 'NONE',  ( 0.000000000000000000, 0.000000000000000000, 1.000000000000000000 ) ) ;
#4326 = CARTESIAN_POINT ( 'NONE',  ( 258.9000000000000341, 0.000000000000000000, 30.00000000000000000 ) ) ;
#4327 = ADVANCED_FACE ( 'NONE', ( #2647 ), #256, .F. ) ;
#4328 = CARTESIAN_POINT ( 'NONE',  ( -258.9000000000000341, 0.9999999999999974465, 81.84661853126195297 ) ) ;
#4329 = CYLINDRICAL_SURFACE ( 'NONE', #1935, 1.600000000000004086 ) ;
#4330 = EDGE_CURVE ( 'NONE', #1794, #3481, #835, .T. ) ;
#4331 = DIRECTION ( 'NONE',  ( 1.000000000000000000, 0.000000000000000000, 0.000000000000000000 ) ) ;
#4332 = DIRECTION ( 'NONE',  ( 0.000000000000000000, 0.000000000000000000, -1.000000000000000000 ) ) ;
#4333 = EDGE_CURVE ( 'NONE', #1191, #107, #3619, .T. ) ;
#4334 = ORIENTED_EDGE ( 'NONE', *, *, #2231, .T. ) ;
#4335 = CIRCLE ( 'NONE', #848, 1.600000000000004086 ) ;
#4336 = CARTESIAN_POINT ( 'NONE',  ( 271.0000000000000000, -1.000000000000000000, 31.84661853126193876 ) ) ;
#4337 = CARTESIAN_POINT ( 'NONE',  ( 147.9000000000000057, -2.999999999999999556, 108.5000000000000000 ) ) ;
#4338 = CARTESIAN_POINT ( 'NONE',  ( -149.3596875762567038, -1.000000000000000000, 95.70000000000000284 ) ) ;
#4339 = VECTOR ( 'NONE', #2950, 1000.000000000000000 ) ;
#4340 = ORIENTED_EDGE ( 'NONE', *, *, #1853, .F. ) ;
#4341 = ADVANCED_FACE ( 'NONE', ( #609 ), #2923, .T. ) ;
#4342 = ORIENTED_EDGE ( 'NONE', *, *, #2787, .F. ) ;
#4343 = VECTOR ( 'NONE', #322, 1000.000000000000000 ) ;
#4344 = CARTESIAN_POINT ( 'NONE',  ( -60.00000000000000000, -1.399999999999999911, 45.00000000000000000 ) ) ;
#4345 = ORIENTED_EDGE ( 'NONE', *, *, #2530, .F. ) ;
ENDSEC;
END-ISO-10303-21;
