ISO-10303-21;
HEADER;
FILE_DESCRIPTION (( 'STEP AP203' ),
    '1' );
FILE_NAME ('UpperMidiUsb_V04_3xDIN_USB_C_Inline.STEP',
    '2026-08-25T13:17:31',
    ( '' ),
    ( '' ),
    'SwSTEP 2.0',
    'SolidWorks 2025',
    '' );
FILE_SCHEMA (( 'CONFIG_CONTROL_DESIGN' ));
ENDSEC;

DATA;
#1 = EDGE_CURVE ( 'NONE', #1152, #433, #1245, .T. ) ;
#2 = EDGE_CURVE ( 'NONE', #1253, #1341, #1020, .T. ) ;
#3 = APPROVAL_STATUS ( 'not_yet_approved' ) ;
#4 = ORIENTED_EDGE ( 'NONE', *, *, #165, .F. ) ;
#5 = FACE_BOUND ( 'NONE', #226, .T. ) ;
#6 = LINE ( 'NONE', #1117, #1450 ) ;
#7 = DIRECTION ( 'NONE',  ( 0.000000000000000000, 0.000000000000000000, -1.000000000000000000 ) ) ;
#8 = ADVANCED_FACE ( 'NONE', ( #559 ), #1230, .F. ) ;
#9 = ORIENTED_EDGE ( 'NONE', *, *, #723, .F. ) ;
#10 = APPROVAL_DATE_TIME ( #697, #86 ) ;
#11 = CARTESIAN_POINT ( 'NONE',  ( -34.00000000000000000, -1.399999999999999911, 52.69999999999999574 ) ) ;
#12 = DIRECTION ( 'NONE',  ( 0.000000000000000000, -1.000000000000000000, -0.000000000000000000 ) ) ;
#13 = AXIS2_PLACEMENT_3D ( 'NONE', #140, #469, #931 ) ;
#14 = ORIENTED_EDGE ( 'NONE', *, *, #1282, .T. ) ;
#15 = AXIS2_PLACEMENT_3D ( 'NONE', #1094, #70, #522 ) ;
#16 = ORIENTED_EDGE ( 'NONE', *, *, #44, .T. ) ;
#17 = ORIENTED_EDGE ( 'NONE', *, *, #160, .T. ) ;
#18 = AXIS2_PLACEMENT_3D ( 'NONE', #434, #1008, #1480 ) ;
#19 = LINE ( 'NONE', #1274, #198 ) ;
#20 = DIRECTION ( 'NONE',  ( 0.000000000000000000, -1.000000000000000000, -0.000000000000000000 ) ) ;
#21 = CARTESIAN_POINT ( 'NONE',  ( 33.00000000000000000, -1.000000000000000000, 43.00000000000000000 ) ) ;
#22 = CALENDAR_DATE ( 2026, 25, 8 ) ;
#23 = ORIENTED_EDGE ( 'NONE', *, *, #1110, .F. ) ;
#24 = CARTESIAN_POINT ( 'NONE',  ( -10.00000000000000000, -1.399999999999999911, 40.00000000000000000 ) ) ;
#25 = ORIENTED_EDGE ( 'NONE', *, *, #340, .F. ) ;
#26 = EDGE_CURVE ( 'NONE', #1315, #1176, #123, .T. ) ;
#27 = DIRECTION ( 'NONE',  ( 0.000000000000000000, 1.000000000000000000, 0.000000000000000000 ) ) ;
#28 = MANIFOLD_SOLID_BREP ( 'Clear one-row MIDI USB cassette directly beside the independent 95 mm adapter reserve', #91 ) ;
#29 = ADVANCED_FACE ( 'NONE', ( #1349 ), #770, .F. ) ;
#30 = CARTESIAN_POINT ( 'NONE',  ( -34.00000000000000000, -1.399999999999999911, 47.50000000000000000 ) ) ;
#31 = ORIENTED_EDGE ( 'NONE', *, *, #223, .F. ) ;
#32 = DIRECTION ( 'NONE',  ( 0.000000000000000000, 0.000000000000000000, 1.000000000000000000 ) ) ;
#33 = CARTESIAN_POINT ( 'NONE',  ( 14.00000000000000000, 1.000000000000000222, 30.50000000000000000 ) ) ;
#34 = AXIS2_PLACEMENT_3D ( 'NONE', #419, #894, #348 ) ;
#35 = AXIS2_PLACEMENT_3D ( 'NONE', #1111, #221, #988 ) ;
#36 = EDGE_CURVE ( 'NONE', #144, #824, #887, .T. ) ;
#37 = ORIENTED_EDGE ( 'NONE', *, *, #881, .F. ) ;
#38 = AXIS2_PLACEMENT_3D ( 'NONE', #600, #27, #942 ) ;
#39 = DIRECTION ( 'NONE',  ( 0.000000000000000000, 1.000000000000000000, 0.000000000000000000 ) ) ;
#40 = VECTOR ( 'NONE', #484, 1000.000000000000000 ) ;
#41 = CIRCLE ( 'NONE', #1174, 1.600000000000000755 ) ;
#42 = CARTESIAN_POINT ( 'NONE',  ( -34.00000000000000000, -1.000000000000000000, 51.10000000000000142 ) ) ;
#43 = LOCAL_TIME ( 21, 17, 31.00000000000000000, #465 ) ;
#44 = EDGE_CURVE ( 'NONE', #1073, #485, #512, .T. ) ;
#45 = EDGE_LOOP ( 'NONE', ( #229, #114, #1391, #272 ) ) ;
#46 = DIRECTION ( 'NONE',  ( -0.000000000000000000, 1.000000000000000000, 0.000000000000000000 ) ) ;
#47 = CARTESIAN_POINT ( 'NONE',  ( -34.00000000000000000, -1.000000000000000000, 28.89999999999999858 ) ) ;
#48 = CARTESIAN_POINT ( 'NONE',  ( 14.00000000000000178, -1.399999999999999911, 32.50000000000000000 ) ) ;
#49 = ORIENTED_EDGE ( 'NONE', *, *, #207, .T. ) ;
#50 = ORIENTED_EDGE ( 'NONE', *, *, #556, .F. ) ;
#51 = DIRECTION ( 'NONE',  ( 0.000000000000000000, 0.000000000000000000, 1.000000000000000000 ) ) ;
#52 = EDGE_CURVE ( 'NONE', #1073, #364, #658, .T. ) ;
#53 = CARTESIAN_POINT ( 'NONE',  ( 33.00000000000000000, 1.000000000000000000, 43.00000000000000000 ) ) ;
#54 = DIRECTION ( 'NONE',  ( 0.000000000000000000, 0.000000000000000000, -1.000000000000000000 ) ) ;
#55 = CARTESIAN_POINT ( 'NONE',  ( 43.00000000000000000, -1.000000000000000000, 75.00000000000000000 ) ) ;
#56 = ORIENTED_EDGE ( 'NONE', *, *, #26, .T. ) ;
#57 = EDGE_LOOP ( 'NONE', ( #127, #1430, #1143, #1362 ) ) ;
#58 = EDGE_LOOP ( 'NONE', ( #458, #133, #56, #1025 ) ) ;
#59 = CARTESIAN_POINT ( 'NONE',  ( 33.00000000000000000, -1.000000000000000000, 0.000000000000000000 ) ) ;
#60 = ORIENTED_EDGE ( 'NONE', *, *, #1376, .T. ) ;
#61 = VECTOR ( 'NONE', #589, 1000.000000000000000 ) ;
#62 = EDGE_CURVE ( 'NONE', #254, #534, #871, .T. ) ;
#63 = DIRECTION ( 'NONE',  ( 0.000000000000000000, 0.000000000000000000, 1.000000000000000000 ) ) ;
#64 = AXIS2_PLACEMENT_3D ( 'NONE', #1100, #1076, #1435 ) ;
#65 = CARTESIAN_POINT ( 'NONE',  ( 39.00000000000000000, -1.000000000000000000, 48.80000000000000426 ) ) ;
#66 = EDGE_LOOP ( 'NONE', ( #628, #1419, #278, #842 ) ) ;
#67 = VECTOR ( 'NONE', #301, 1000.000000000000000 ) ;
#68 = AXIS2_PLACEMENT_3D ( 'NONE', #625, #46, #1080 ) ;
#69 = ORIENTED_EDGE ( 'NONE', *, *, #1296, .T. ) ;
#70 = DIRECTION ( 'NONE',  ( 0.000000000000000000, 1.000000000000000000, 0.000000000000000000 ) ) ;
#71 = FACE_BOUND ( 'NONE', #332, .T. ) ;
#72 = EDGE_LOOP ( 'NONE', ( #119, #527 ) ) ;
#73 = DIRECTION ( 'NONE',  ( 0.000000000000000000, -1.000000000000000000, -0.000000000000000000 ) ) ;
#74 = EDGE_CURVE ( 'NONE', #574, #217, #1464, .T. ) ;
#75 = LINE ( 'NONE', #48, #516 ) ;
#76 = ORIENTED_EDGE ( 'NONE', *, *, #120, .T. ) ;
#77 = ORIENTED_EDGE ( 'NONE', *, *, #1114, .T. ) ;
#78 = CARTESIAN_POINT ( 'NONE',  ( -34.00000000000000000, 1.000000000000000222, 28.89999999999999858 ) ) ;
#79 = ORIENTED_EDGE ( 'NONE', *, *, #52, .T. ) ;
#80 = DIRECTION ( 'NONE',  ( 0.000000000000000000, 1.000000000000000000, 0.000000000000000000 ) ) ;
#81 = EDGE_LOOP ( 'NONE', ( #116, #23, #1197, #935 ) ) ;
#82 = FACE_OUTER_BOUND ( 'NONE', #565, .T. ) ;
#83 = DIRECTION ( 'NONE',  ( -0.000000000000000000, 1.000000000000000000, 0.000000000000000000 ) ) ;
#84 = ORIENTED_EDGE ( 'NONE', *, *, #1044, .F. ) ;
#85 = DIRECTION ( 'NONE',  ( 0.000000000000000000, 1.000000000000000000, 0.000000000000000000 ) ) ;
#86 = APPROVAL ( #3, '未' ) ;
#87 = ORIENTED_EDGE ( 'NONE', *, *, #149, .F. ) ;
#88 = PERSON_AND_ORGANIZATION_ROLE ( 'design_owner' ) ;
#89 = ORIENTED_EDGE ( 'NONE', *, *, #309, .F. ) ;
#90 = VERTEX_POINT ( 'NONE', #1129 ) ;
#91 = CLOSED_SHELL ( 'NONE', ( #1247, #380, #429, #782, #228, #252, #1139, #447, #1060, #29, #1370, #840, #1299, #605, #367, #259, #1031, #1324, #1348, #791, #1169, #827, #386, #8, #1179, #176, #1015, #883, #413, #1122, #1144, #1311, #689, #917, #573, #1267, #601, #638, #403, #553 ) ) ;
#92 = CARTESIAN_POINT ( 'NONE',  ( -34.00000000000000000, -1.399999999999999911, 28.89999999999999858 ) ) ;
#93 = LINE ( 'NONE', #1456, #758 ) ;
#94 = EDGE_LOOP ( 'NONE', ( #406, #1012, #1298, #1251 ) ) ;
#95 = VECTOR ( 'NONE', #978, 1000.000000000000000 ) ;
#96 = DIRECTION ( 'NONE',  ( 0.000000000000000000, 0.000000000000000000, -1.000000000000000000 ) ) ;
#97 = AXIS2_PLACEMENT_3D ( 'NONE', #161, #612, #740 ) ;
#98 = AXIS2_PLACEMENT_3D ( 'NONE', #205, #526, #1441 ) ;
#99 = EDGE_CURVE ( 'NONE', #750, #920, #1190, .T. ) ;
#100 = DIRECTION ( 'NONE',  ( 0.000000000000000000, 0.000000000000000000, -1.000000000000000000 ) ) ;
#101 = DESIGN_CONTEXT ( 'detailed design', #821, 'design' ) ;
#102 = FACE_BOUND ( 'NONE', #1257, .T. ) ;
#103 = ADVANCED_BREP_SHAPE_REPRESENTATION ( 'UpperMidiUsb_V04_3xDIN_USB_C_Inline', ( #28, #496 ), #1357 ) ;
#104 = DIRECTION ( 'NONE',  ( 0.000000000000000000, -1.000000000000000000, -0.000000000000000000 ) ) ;
#105 = LINE ( 'NONE', #1149, #1120 ) ;
#106 = EDGE_LOOP ( 'NONE', ( #1112, #725, #1460, #1344 ) ) ;
#107 = CARTESIAN_POINT ( 'NONE',  ( 39.00000000000000000, -1.000000000000000000, 30.00000000000000000 ) ) ;
#108 = ORIENTED_EDGE ( 'NONE', *, *, #997, .F. ) ;
#109 = EDGE_CURVE ( 'NONE', #547, #90, #1236, .T. ) ;
#110 = CARTESIAN_POINT ( 'NONE',  ( -10.00000000000000000, 1.000000000000000222, 27.29999999999999716 ) ) ;
#111 = LINE ( 'NONE', #1458, #996 ) ;
#112 = FACE_OUTER_BOUND ( 'NONE', #1242, .T. ) ;
#113 = DIRECTION ( 'NONE',  ( 0.000000000000000000, -1.000000000000000000, -0.000000000000000000 ) ) ;
#114 = ORIENTED_EDGE ( 'NONE', *, *, #149, .T. ) ;
#115 = DIRECTION ( 'NONE',  ( 0.000000000000000000, 0.000000000000000000, 1.000000000000000000 ) ) ;
#116 = ORIENTED_EDGE ( 'NONE', *, *, #937, .F. ) ;
#117 = EDGE_CURVE ( 'NONE', #1338, #364, #1045, .T. ) ;
#118 = CARTESIAN_POINT ( 'NONE',  ( 0.000000000000000000, -1.000000000000000000, 43.00000000000000000 ) ) ;
#119 = ORIENTED_EDGE ( 'NONE', *, *, #160, .F. ) ;
#120 = EDGE_CURVE ( 'NONE', #90, #547, #659, .T. ) ;
#121 = FACE_OUTER_BOUND ( 'NONE', #1127, .T. ) ;
#122 = DIRECTION ( 'NONE',  ( 0.000000000000000000, 0.000000000000000000, 1.000000000000000000 ) ) ;
#123 = CIRCLE ( 'NONE', #35, 7.500000000000000000 ) ;
#124 = DIRECTION ( 'NONE',  ( 0.000000000000000000, 1.000000000000000000, 0.000000000000000000 ) ) ;
#125 = VECTOR ( 'NONE', #1128, 1000.000000000000000 ) ;
#126 = VECTOR ( 'NONE', #477, 1000.000000000000000 ) ;
#127 = ORIENTED_EDGE ( 'NONE', *, *, #355, .T. ) ;
#128 = VECTOR ( 'NONE', #1385, 1000.000000000000000 ) ;
#129 = EDGE_LOOP ( 'NONE', ( #1006, #1294, #704, #1329 ) ) ;
#130 = CC_DESIGN_APPROVAL ( #500, ( #1054 ) ) ;
#131 = ORIENTED_EDGE ( 'NONE', *, *, #1084, .F. ) ;
#132 = CARTESIAN_POINT ( 'NONE',  ( 43.00000000000000000, 1.000000000000000222, 6.599999999999999645 ) ) ;
#133 = ORIENTED_EDGE ( 'NONE', *, *, #528, .T. ) ;
#134 = DIRECTION ( 'NONE',  ( -0.000000000000000000, 1.000000000000000000, 0.000000000000000000 ) ) ;
#135 = EDGE_CURVE ( 'NONE', #767, #1058, #397, .T. ) ;
#136 = DIRECTION ( 'NONE',  ( 0.000000000000000000, 1.000000000000000000, 0.000000000000000000 ) ) ;
#137 = ORIENTED_EDGE ( 'NONE', *, *, #347, .F. ) ;
#138 = COORDINATED_UNIVERSAL_TIME_OFFSET ( 8, 0, .AHEAD. ) ;
#139 = CYLINDRICAL_SURFACE ( 'NONE', #1196, 7.500000000000000000 ) ;
#140 = CARTESIAN_POINT ( 'NONE',  ( 39.00000000000000000, -1.000000000000000000, 50.00000000000000000 ) ) ;
#141 = CYLINDRICAL_SURFACE ( 'NONE', #1026, 1.599999999999999867 ) ;
#142 = ORIENTED_EDGE ( 'NONE', *, *, #486, .T. ) ;
#143 = DATE_AND_TIME ( #833, #383 ) ;
#144 = VERTEX_POINT ( 'NONE', #373 ) ;
#145 = EDGE_LOOP ( 'NONE', ( #131, #1340 ) ) ;
#146 = CARTESIAN_POINT ( 'NONE',  ( 50.00000000000000000, 1.000000000000000000, 80.00000000000000000 ) ) ;
#147 = AXIS2_PLACEMENT_3D ( 'NONE', #1059, #682, #1159 ) ;
#148 = AXIS2_PLACEMENT_3D ( 'NONE', #1249, #562, #1445 ) ;
#149 = EDGE_CURVE ( 'NONE', #1233, #734, #692, .T. ) ;
#150 = VECTOR ( 'NONE', #976, 1000.000000000000000 ) ;
#151 = DIRECTION ( 'NONE',  ( 0.000000000000000000, 1.000000000000000000, 0.000000000000000000 ) ) ;
#152 = APPROVAL_PERSON_ORGANIZATION ( #670, #1160, #1007 ) ;
#153 = DIRECTION ( 'NONE',  ( 0.000000000000000000, 0.000000000000000000, -1.000000000000000000 ) ) ;
#154 = ORIENTED_EDGE ( 'NONE', *, *, #273, .F. ) ;
#155 = CARTESIAN_POINT ( 'NONE',  ( 0.000000000000000000, 1.000000000000000000, 80.00000000000000000 ) ) ;
#156 = DIRECTION ( 'NONE',  ( 0.000000000000000000, 0.000000000000000000, 1.000000000000000000 ) ) ;
#157 = DIRECTION ( 'NONE',  ( 0.000000000000000000, -1.000000000000000000, -0.000000000000000000 ) ) ;
#158 = DIRECTION ( 'NONE',  ( 0.000000000000000000, 1.000000000000000000, 0.000000000000000000 ) ) ;
#159 = LINE ( 'NONE', #1407, #283 ) ;
#160 = EDGE_CURVE ( 'NONE', #1176, #1315, #1263, .T. ) ;
#161 = CARTESIAN_POINT ( 'NONE',  ( -34.00000000000000000, -1.399999999999999911, 28.89999999999999858 ) ) ;
#162 = CARTESIAN_POINT ( 'NONE',  ( 43.00000000000000000, -1.399999999999999911, 76.59999999999999432 ) ) ;
#163 = DIRECTION ( 'NONE',  ( 0.000000000000000000, 0.000000000000000000, 1.000000000000000000 ) ) ;
#164 = CARTESIAN_POINT ( 'NONE',  ( 39.00000000000000000, -1.000000000000000000, 30.00000000000000000 ) ) ;
#165 = EDGE_CURVE ( 'NONE', #953, #197, #538, .T. ) ;
#166 = AXIS2_PLACEMENT_3D ( 'NONE', #763, #1004, #436 ) ;
#167 = VECTOR ( 'NONE', #626, 1000.000000000000000 ) ;
#168 = ORIENTED_EDGE ( 'NONE', *, *, #989, .T. ) ;
#169 = AXIS2_PLACEMENT_3D ( 'NONE', #811, #545, #1270 ) ;
#170 = CARTESIAN_POINT ( 'NONE',  ( -34.00000000000000000, -1.000000000000000000, 40.00000000000000000 ) ) ;
#171 = VECTOR ( 'NONE', #656, 1000.000000000000000 ) ;
#172 = AXIS2_PLACEMENT_3D ( 'NONE', #1105, #635, #1097 ) ;
#173 = FACE_OUTER_BOUND ( 'NONE', #561, .T. ) ;
#174 = DIRECTION ( 'NONE',  ( 0.000000000000000000, 1.000000000000000000, 0.000000000000000000 ) ) ;
#175 = VERTEX_POINT ( 'NONE', #378 ) ;
#176 = ADVANCED_FACE ( 'NONE', ( #1148 ), #258, .F. ) ;
#177 = ORIENTED_EDGE ( 'NONE', *, *, #622, .T. ) ;
#178 = DIRECTION ( 'NONE',  ( 0.000000000000000000, 0.000000000000000000, -1.000000000000000000 ) ) ;
#179 = FACE_BOUND ( 'NONE', #1104, .T. ) ;
#180 = DIRECTION ( 'NONE',  ( -0.000000000000000000, 0.000000000000000000, -1.000000000000000000 ) ) ;
#181 = VERTEX_POINT ( 'NONE', #701 ) ;
#182 = ORIENTED_EDGE ( 'NONE', *, *, #1399, .F. ) ;
#183 = DIRECTION ( 'NONE',  ( -0.000000000000000000, 1.000000000000000000, 0.000000000000000000 ) ) ;
#184 = FACE_BOUND ( 'NONE', #1364, .T. ) ;
#185 = DIRECTION ( 'NONE',  ( 0.000000000000000000, 0.000000000000000000, 1.000000000000000000 ) ) ;
#186 = CARTESIAN_POINT ( 'NONE',  ( 43.00000000000000000, -1.000000000000000000, 76.59999999999999432 ) ) ;
#187 = ORIENTED_EDGE ( 'NONE', *, *, #1217, .F. ) ;
#188 = EDGE_CURVE ( 'NONE', #299, #393, #1032, .T. ) ;
#189 = DIRECTION ( 'NONE',  ( 0.000000000000000000, 0.000000000000000000, 1.000000000000000000 ) ) ;
#190 = EDGE_CURVE ( 'NONE', #1381, #922, #1150, .T. ) ;
#191 = FACE_OUTER_BOUND ( 'NONE', #1325, .T. ) ;
#192 = EDGE_LOOP ( 'NONE', ( #1239, #660 ) ) ;
#193 = AXIS2_PLACEMENT_3D ( 'NONE', #47, #1293, #719 ) ;
#194 = CARTESIAN_POINT ( 'NONE',  ( -34.00000000000000000, -1.000000000000000000, 52.69999999999999574 ) ) ;
#195 = VECTOR ( 'NONE', #1016, 1000.000000000000000 ) ;
#196 = DIRECTION ( 'NONE',  ( 1.000000000000000000, 0.000000000000000000, -0.000000000000000000 ) ) ;
#197 = VERTEX_POINT ( 'NONE', #1167 ) ;
#198 = VECTOR ( 'NONE', #1392, 1000.000000000000000 ) ;
#199 = ORIENTED_EDGE ( 'NONE', *, *, #806, .F. ) ;
#200 = EDGE_CURVE ( 'NONE', #824, #759, #872, .T. ) ;
#201 = FACE_OUTER_BOUND ( 'NONE', #94, .T. ) ;
#202 = ORIENTED_EDGE ( 'NONE', *, *, #973, .F. ) ;
#203 = ORIENTED_EDGE ( 'NONE', *, *, #374, .F. ) ;
#204 = CYLINDRICAL_SURFACE ( 'NONE', #379, 1.600000000000000755 ) ;
#205 = CARTESIAN_POINT ( 'NONE',  ( 43.00000000000000000, 1.000000000000000222, 5.000000000000000000 ) ) ;
#206 = ORIENTED_EDGE ( 'NONE', *, *, #483, .F. ) ;
#207 = EDGE_CURVE ( 'NONE', #430, #623, #1378, .T. ) ;
#208 = CARTESIAN_POINT ( 'NONE',  ( -34.00000000000000000, -1.000000000000000000, 32.50000000000000000 ) ) ;
#209 = ORIENTED_EDGE ( 'NONE', *, *, #1427, .T. ) ;
#210 = CARTESIAN_POINT ( 'NONE',  ( -43.00000000000000000, -1.000000000000000000, 3.399999999999999911 ) ) ;
#211 = DIRECTION ( 'NONE',  ( 0.000000000000000000, -1.000000000000000000, -0.000000000000000000 ) ) ;
#212 = EDGE_CURVE ( 'NONE', #299, #595, #610, .T. ) ;
#213 = DIRECTION ( 'NONE',  ( -0.000000000000000000, 1.000000000000000000, 0.000000000000000000 ) ) ;
#214 = VERTEX_POINT ( 'NONE', #813 ) ;
#215 = EDGE_CURVE ( 'NONE', #1152, #974, #995, .T. ) ;
#216 = PLANE ( 'NONE',  #450 ) ;
#217 = VERTEX_POINT ( 'NONE', #1271 ) ;
#218 = CIRCLE ( 'NONE', #1402, 1.599999999999999867 ) ;
#219 = LINE ( 'NONE', #243, #125 ) ;
#220 = CIRCLE ( 'NONE', #148, 1.599999999999999867 ) ;
#221 = DIRECTION ( 'NONE',  ( -0.000000000000000000, 1.000000000000000000, 0.000000000000000000 ) ) ;
#222 = CIRCLE ( 'NONE', #315, 1.600000000000000755 ) ;
#223 = EDGE_CURVE ( 'NONE', #485, #1338, #457, .T. ) ;
#224 = DIRECTION ( 'NONE',  ( 1.000000000000000000, 0.000000000000000000, 0.000000000000000000 ) ) ;
#225 = FACE_OUTER_BOUND ( 'NONE', #106, .T. ) ;
#226 = EDGE_LOOP ( 'NONE', ( #584, #927 ) ) ;
#227 = CARTESIAN_POINT ( 'NONE',  ( -10.00000000000000000, -1.399999999999999911, 30.50000000000000000 ) ) ;
#228 = ADVANCED_FACE ( 'NONE', ( #916 ), #1367, .F. ) ;
#229 = ORIENTED_EDGE ( 'NONE', *, *, #420, .T. ) ;
#230 = ORIENTED_EDGE ( 'NONE', *, *, #120, .F. ) ;
#231 = FACE_BOUND ( 'NONE', #322, .T. ) ;
#232 = ORIENTED_EDGE ( 'NONE', *, *, #489, .F. ) ;
#233 = ORIENTED_EDGE ( 'NONE', *, *, #1290, .T. ) ;
#234 = DIRECTION ( 'NONE',  ( 0.000000000000000000, 1.000000000000000000, 0.000000000000000000 ) ) ;
#235 = DIRECTION ( 'NONE',  ( 0.000000000000000000, 1.000000000000000000, 0.000000000000000000 ) ) ;
#236 = ORIENTED_EDGE ( 'NONE', *, *, #240, .T. ) ;
#237 = CARTESIAN_POINT ( 'NONE',  ( -10.00000000000000000, -1.399999999999999911, 28.89999999999999858 ) ) ;
#238 = ORIENTED_EDGE ( 'NONE', *, *, #1227, .F. ) ;
#239 = VERTEX_POINT ( 'NONE', #804 ) ;
#240 = EDGE_CURVE ( 'NONE', #197, #953, #1068, .T. ) ;
#241 = DIRECTION ( 'NONE',  ( 0.000000000000000000, 0.000000000000000000, 1.000000000000000000 ) ) ;
#242 = AXIS2_PLACEMENT_3D ( 'NONE', #448, #440, #1451 ) ;
#243 = CARTESIAN_POINT ( 'NONE',  ( 50.00000000000000000, -1.000000000000000000, 0.000000000000000000 ) ) ;
#244 = DIRECTION ( 'NONE',  ( -0.000000000000000000, 1.000000000000000000, 0.000000000000000000 ) ) ;
#245 = AXIS2_PLACEMENT_3D ( 'NONE', #354, #829, #1281 ) ;
#246 = ORIENTED_EDGE ( 'NONE', *, *, #431, .F. ) ;
#247 = AXIS2_PLACEMENT_3D ( 'NONE', #1166, #249, #705 ) ;
#248 = ORIENTED_EDGE ( 'NONE', *, *, #44, .F. ) ;
#249 = DIRECTION ( 'NONE',  ( 0.000000000000000000, 1.000000000000000000, 0.000000000000000000 ) ) ;
#250 = CARTESIAN_POINT ( 'NONE',  ( 43.00000000000000000, 1.000000000000000222, 75.00000000000000000 ) ) ;
#251 = CARTESIAN_POINT ( 'NONE',  ( 43.00000000000000000, -1.399999999999999911, 73.39999999999999147 ) ) ;
#252 = ADVANCED_FACE ( 'NONE', ( #712 ), #1387, .F. ) ;
#253 = APPROVAL_ROLE ( '' ) ;
#254 = VERTEX_POINT ( 'NONE', #631 ) ;
#255 = ORIENTED_EDGE ( 'NONE', *, *, #99, .F. ) ;
#256 = CARTESIAN_POINT ( 'NONE',  ( -10.00000000000000000, -1.000000000000000000, 47.50000000000000000 ) ) ;
#257 = LINE ( 'NONE', #599, #1051 ) ;
#258 = CYLINDRICAL_SURFACE ( 'NONE', #147, 1.600000000000000755 ) ;
#259 = ADVANCED_FACE ( 'NONE', ( #1064 ), #1088, .T. ) ;
#260 = COORDINATED_UNIVERSAL_TIME_OFFSET ( 8, 0, .AHEAD. ) ;
#261 = ORIENTED_EDGE ( 'NONE', *, *, #1243, .T. ) ;
#262 = DIRECTION ( 'NONE',  ( 0.000000000000000000, 1.000000000000000000, 0.000000000000000000 ) ) ;
#263 = DIRECTION ( 'NONE',  ( 0.000000000000000000, 0.000000000000000000, -1.000000000000000000 ) ) ;
#264 = DIRECTION ( 'NONE',  ( 0.000000000000000000, 0.000000000000000000, -1.000000000000000000 ) ) ;
#265 = AXIS2_PLACEMENT_3D ( 'NONE', #1081, #410, #1181 ) ;
#266 = AXIS2_PLACEMENT_3D ( 'NONE', #987, #868, #857 ) ;
#267 = CARTESIAN_POINT ( 'NONE',  ( 43.00000000000000000, 1.000000000000000222, 73.39999999999999147 ) ) ;
#268 = VERTEX_POINT ( 'NONE', #271 ) ;
#269 = AXIS2_PLACEMENT_3D ( 'NONE', #672, #1126, #1134 ) ;
#270 = LINE ( 'NONE', #11, #998 ) ;
#271 = CARTESIAN_POINT ( 'NONE',  ( 50.00000000000000000, 1.000000000000000000, 0.000000000000000000 ) ) ;
#272 = ORIENTED_EDGE ( 'NONE', *, *, #717, .F. ) ;
#273 = EDGE_CURVE ( 'NONE', #671, #1322, #836, .T. ) ;
#274 = CARTESIAN_POINT ( 'NONE',  ( 39.00000000000000000, 0.000000000000000000, 43.00000000000000000 ) ) ;
#275 = CARTESIAN_POINT ( 'NONE',  ( 39.00000000000000000, -1.399999999999999911, 51.20000000000000284 ) ) ;
#276 = ORIENTED_EDGE ( 'NONE', *, *, #2, .F. ) ;
#277 = EDGE_CURVE ( 'NONE', #549, #1000, #1434, .T. ) ;
#278 = ORIENTED_EDGE ( 'NONE', *, *, #979, .T. ) ;
#279 = DIRECTION ( 'NONE',  ( 0.000000000000000000, 0.000000000000000000, -1.000000000000000000 ) ) ;
#280 = CARTESIAN_POINT ( 'NONE',  ( 0.000000000000000000, -1.000000000000000000, 80.00000000000000000 ) ) ;
#281 = EDGE_CURVE ( 'NONE', #920, #750, #898, .T. ) ;
#282 = DIRECTION ( 'NONE',  ( 0.000000000000000000, 1.000000000000000000, 0.000000000000000000 ) ) ;
#283 = VECTOR ( 'NONE', #185, 1000.000000000000000 ) ;
#284 = EDGE_LOOP ( 'NONE', ( #941, #774, #794, #1413 ) ) ;
#285 = CARTESIAN_POINT ( 'NONE',  ( -34.00000000000000000, -1.000000000000000000, 51.10000000000000142 ) ) ;
#286 = AXIS2_PLACEMENT_3D ( 'NONE', #330, #970, #652 ) ;
#287 = FACE_BOUND ( 'NONE', #1090, .T. ) ;
#288 = AXIS2_PLACEMENT_3D ( 'NONE', #632, #1336, #752 ) ;
#289 = VECTOR ( 'NONE', #1466, 1000.000000000000000 ) ;
#290 = DIRECTION ( 'NONE',  ( 0.000000000000000000, 1.000000000000000000, 0.000000000000000000 ) ) ;
#291 = CARTESIAN_POINT ( 'NONE',  ( -10.00000000000000000, 1.000000000000000222, 51.10000000000000142 ) ) ;
#292 = ORIENTED_EDGE ( 'NONE', *, *, #956, .T. ) ;
#293 = CARTESIAN_POINT ( 'NONE',  ( -34.00000000000000000, 1.000000000000000222, 40.00000000000000000 ) ) ;
#294 = PLANE ( 'NONE',  #172 ) ;
#295 = ORIENTED_EDGE ( 'NONE', *, *, #1254, .F. ) ;
#296 = DIRECTION ( 'NONE',  ( 0.000000000000000000, 1.000000000000000000, 0.000000000000000000 ) ) ;
#297 = LINE ( 'NONE', #762, #571 ) ;
#298 = ORIENTED_EDGE ( 'NONE', *, *, #1171, .F. ) ;
#299 = VERTEX_POINT ( 'NONE', #519 ) ;
#300 = EDGE_CURVE ( 'NONE', #485, #1073, #807, .T. ) ;
#301 = DIRECTION ( 'NONE',  ( -1.000000000000000000, -0.000000000000000000, 0.000000000000000000 ) ) ;
#302 = ORIENTED_EDGE ( 'NONE', *, *, #747, .F. ) ;
#303 = FACE_OUTER_BOUND ( 'NONE', #786, .T. ) ;
#304 = DIRECTION ( 'NONE',  ( 0.000000000000000000, 1.000000000000000000, 0.000000000000000000 ) ) ;
#305 = VERTEX_POINT ( 'NONE', #503 ) ;
#306 = FACE_BOUND ( 'NONE', #145, .T. ) ;
#307 = ORIENTED_EDGE ( 'NONE', *, *, #801, .F. ) ;
#308 = CIRCLE ( 'NONE', #662, 7.500000000000000000 ) ;
#309 = EDGE_CURVE ( 'NONE', #405, #144, #513, .T. ) ;
#310 = CYLINDRICAL_SURFACE ( 'NONE', #1422, 1.600000000000000755 ) ;
#311 = VECTOR ( 'NONE', #441, 1000.000000000000000 ) ;
#312 = DIRECTION ( 'NONE',  ( 0.000000000000000000, -1.000000000000000000, -0.000000000000000000 ) ) ;
#313 = EDGE_LOOP ( 'NONE', ( #89, #918 ) ) ;
#314 = AXIS2_PLACEMENT_3D ( 'NONE', #913, #333, #921 ) ;
#315 = AXIS2_PLACEMENT_3D ( 'NONE', #1312, #846, #408 ) ;
#316 = LINE ( 'NONE', #876, #518 ) ;
#317 = ORIENTED_EDGE ( 'NONE', *, *, #1399, .T. ) ;
#318 = EDGE_CURVE ( 'NONE', #1135, #1176, #946, .T. ) ;
#319 = CARTESIAN_POINT ( 'NONE',  ( 45.00000000000000000, -1.000000000000000000, 43.00000000000000000 ) ) ;
#320 = CARTESIAN_POINT ( 'NONE',  ( 14.00000000000000000, 1.000000000000000222, 27.29999999999999716 ) ) ;
#321 = VERTEX_POINT ( 'NONE', #498 ) ;
#322 = EDGE_LOOP ( 'NONE', ( #1142, #1300 ) ) ;
#323 = CARTESIAN_POINT ( 'NONE',  ( -34.00000000000000000, 1.000000000000000222, 49.50000000000000000 ) ) ;
#324 = VERTEX_POINT ( 'NONE', #33 ) ;
#325 = ORIENTED_EDGE ( 'NONE', *, *, #420, .F. ) ;
#326 = FACE_BOUND ( 'NONE', #665, .T. ) ;
#327 = ORIENTED_EDGE ( 'NONE', *, *, #611, .F. ) ;
#328 = DIRECTION ( 'NONE',  ( 0.000000000000000000, 1.000000000000000000, 0.000000000000000000 ) ) ;
#329 = CARTESIAN_POINT ( 'NONE',  ( 43.00000000000000000, -1.000000000000000000, 5.000000000000000000 ) ) ;
#330 = CARTESIAN_POINT ( 'NONE',  ( 39.00000000000000000, 1.000000000000000222, 30.00000000000000000 ) ) ;
#331 = DIRECTION ( 'NONE',  ( 0.000000000000000000, -1.000000000000000000, -0.000000000000000000 ) ) ;
#332 = EDGE_LOOP ( 'NONE', ( #1091, #1224 ) ) ;
#333 = DIRECTION ( 'NONE',  ( -0.000000000000000000, 1.000000000000000000, 0.000000000000000000 ) ) ;
#334 = EDGE_LOOP ( 'NONE', ( #1382, #838, #142, #703 ) ) ;
#335 = AXIS2_PLACEMENT_3D ( 'NONE', #1313, #296, #1411 ) ;
#336 = DIRECTION ( 'NONE',  ( -0.000000000000000000, 1.000000000000000000, 0.000000000000000000 ) ) ;
#337 = CIRCLE ( 'NONE', #1306, 1.600000000000000755 ) ;
#338 = DIRECTION ( 'NONE',  ( 0.000000000000000000, 1.000000000000000000, 0.000000000000000000 ) ) ;
#339 = VECTOR ( 'NONE', #1087, 1000.000000000000000 ) ;
#340 = EDGE_CURVE ( 'NONE', #1106, #391, #159, .T. ) ;
#341 = AXIS2_PLACEMENT_3D ( 'NONE', #645, #1209, #523 ) ;
#342 = ORIENTED_EDGE ( 'NONE', *, *, #99, .T. ) ;
#343 = CYLINDRICAL_SURFACE ( 'NONE', #1175, 1.600000000000000755 ) ;
#344 = EDGE_LOOP ( 'NONE', ( #817, #206 ) ) ;
#345 = CYLINDRICAL_SURFACE ( 'NONE', #1052, 1.599999999999997202 ) ;
#346 = ORIENTED_EDGE ( 'NONE', *, *, #997, .T. ) ;
#347 = EDGE_CURVE ( 'NONE', #197, #1381, #737, .T. ) ;
#348 = DIRECTION ( 'NONE',  ( 0.000000000000000000, 0.000000000000000000, -1.000000000000000000 ) ) ;
#349 = DIRECTION ( 'NONE',  ( -0.000000000000000000, 0.000000000000000000, -1.000000000000000000 ) ) ;
#350 = EDGE_CURVE ( 'NONE', #511, #687, #590, .T. ) ;
#351 = DIRECTION ( 'NONE',  ( 0.000000000000000000, 0.000000000000000000, -1.000000000000000000 ) ) ;
#352 = ORIENTED_EDGE ( 'NONE', *, *, #483, .T. ) ;
#353 = CARTESIAN_POINT ( 'NONE',  ( 39.00000000000000000, 1.000000000000000222, 28.80000000000000071 ) ) ;
#354 = CARTESIAN_POINT ( 'NONE',  ( 39.00000000000000000, -1.399999999999999911, 50.00000000000000000 ) ) ;
#355 = EDGE_CURVE ( 'NONE', #1412, #214, #969, .T. ) ;
#356 = CARTESIAN_POINT ( 'NONE',  ( 33.00000000000000000, 0.000000000000000000, 37.00000000000000000 ) ) ;
#357 = ORIENTED_EDGE ( 'NONE', *, *, #350, .F. ) ;
#358 = CYLINDRICAL_SURFACE ( 'NONE', #169, 1.600000000000004086 ) ;
#359 = CARTESIAN_POINT ( 'NONE',  ( -34.00000000000000000, 1.000000000000000222, 51.10000000000000142 ) ) ;
#360 = AXIS2_PLACEMENT_3D ( 'NONE', #479, #1482, #264 ) ;
#361 = AXIS2_PLACEMENT_3D ( 'NONE', #501, #1394, #279 ) ;
#362 = ORIENTED_EDGE ( 'NONE', *, *, #387, .F. ) ;
#363 = DATE_TIME_ROLE ( 'classification_date' ) ;
#364 = VERTEX_POINT ( 'NONE', #1069 ) ;
#365 = ORIENTED_EDGE ( 'NONE', *, *, #340, .T. ) ;
#366 = DIRECTION ( 'NONE',  ( 0.000000000000000000, 1.000000000000000000, 0.000000000000000000 ) ) ;
#367 = ADVANCED_FACE ( 'NONE', ( #1206 ), #385, .F. ) ;
#368 = CARTESIAN_POINT ( 'NONE',  ( 0.000000000000000000, 1.000000000000000000, 43.00000000000000000 ) ) ;
#369 = DATE_AND_TIME ( #1380, #716 ) ;
#370 = ORIENTED_EDGE ( 'NONE', *, *, #717, .T. ) ;
#371 = EDGE_LOOP ( 'NONE', ( #505, #4 ) ) ;
#372 = CARTESIAN_POINT ( 'NONE',  ( -34.00000000000000000, 1.000000000000000222, 51.10000000000000142 ) ) ;
#373 = CARTESIAN_POINT ( 'NONE',  ( -34.00000000000000000, -1.000000000000000000, 49.50000000000000000 ) ) ;
#374 = EDGE_CURVE ( 'NONE', #1078, #920, #1305, .T. ) ;
#375 = PERSON_AND_ORGANIZATION ( #964, #788 ) ;
#376 = CARTESIAN_POINT ( 'NONE',  ( 43.00000000000000000, -1.399999999999999911, 75.00000000000000000 ) ) ;
#377 = VERTEX_POINT ( 'NONE', #955 ) ;
#378 = CARTESIAN_POINT ( 'NONE',  ( 43.00000000000000000, 1.000000000000000222, 76.59999999999999432 ) ) ;
#379 = AXIS2_PLACEMENT_3D ( 'NONE', #92, #647, #751 ) ;
#380 = ADVANCED_FACE ( 'NONE', ( #390 ), #843, .F. ) ;
#381 = PERSON_AND_ORGANIZATION_ROLE ( 'classification_officer' ) ;
#382 = AXIS2_PLACEMENT_3D ( 'NONE', #497, #157, #606 ) ;
#383 = LOCAL_TIME ( 21, 17, 31.00000000000000000, #702 ) ;
#384 = CARTESIAN_POINT ( 'NONE',  ( 14.00000000000000000, -1.399999999999999911, 49.50000000000000000 ) ) ;
#385 = CYLINDRICAL_SURFACE ( 'NONE', #335, 7.500000000000000000 ) ;
#386 = ADVANCED_FACE ( 'NONE', ( #173 ), #204, .F. ) ;
#387 = EDGE_CURVE ( 'NONE', #534, #254, #218, .T. ) ;
#388 = ORIENTED_EDGE ( 'NONE', *, *, #1427, .F. ) ;
#389 = FACE_BOUND ( 'NONE', #564, .T. ) ;
#390 = FACE_OUTER_BOUND ( 'NONE', #1337, .T. ) ;
#391 = VERTEX_POINT ( 'NONE', #319 ) ;
#392 = CARTESIAN_POINT ( 'NONE',  ( -43.00000000000000000, 1.000000000000000222, 76.59999999999999432 ) ) ;
#393 = VERTEX_POINT ( 'NONE', #1210 ) ;
#394 = DIRECTION ( 'NONE',  ( 0.000000000000000000, 0.000000000000000000, 1.000000000000000000 ) ) ;
#395 = CARTESIAN_POINT ( 'NONE',  ( 0.000000000000000000, 0.000000000000000000, 80.00000000000000000 ) ) ;
#396 = CARTESIAN_POINT ( 'NONE',  ( 14.00000000000000000, -1.000000000000000000, 27.29999999999999716 ) ) ;
#397 = CIRCLE ( 'NONE', #588, 1.599999999999999867 ) ;
#398 = AXIS2_PLACEMENT_3D ( 'NONE', #761, #986, #1218 ) ;
#399 = ORIENTED_EDGE ( 'NONE', *, *, #1290, .F. ) ;
#400 = CARTESIAN_POINT ( 'NONE',  ( -34.00000000000000000, 1.000000000000000222, 52.69999999999999574 ) ) ;
#401 = FACE_BOUND ( 'NONE', #1109, .T. ) ;
#402 = VECTOR ( 'NONE', #153, 1000.000000000000000 ) ;
#403 = ADVANCED_FACE ( 'NONE', ( #303 ), #1440, .F. ) ;
#404 = CARTESIAN_POINT ( 'NONE',  ( 45.00000000000000000, 1.000000000000000000, 43.00000000000000000 ) ) ;
#405 = VERTEX_POINT ( 'NONE', #194 ) ;
#406 = ORIENTED_EDGE ( 'NONE', *, *, #309, .T. ) ;
#407 = FACE_OUTER_BOUND ( 'NONE', #748, .T. ) ;
#408 = DIRECTION ( 'NONE',  ( 0.000000000000000000, 0.000000000000000000, 1.000000000000000000 ) ) ;
#409 = VERTEX_POINT ( 'NONE', #640 ) ;
#410 = DIRECTION ( 'NONE',  ( -0.000000000000000000, 1.000000000000000000, 0.000000000000000000 ) ) ;
#411 = DIRECTION ( 'NONE',  ( 0.000000000000000000, 1.000000000000000000, 0.000000000000000000 ) ) ;
#412 = ORIENTED_EDGE ( 'NONE', *, *, #536, .F. ) ;
#413 = ADVANCED_FACE ( 'NONE', ( #1099 ), #310, .F. ) ;
#414 = CARTESIAN_POINT ( 'NONE',  ( 43.00000000000000000, 1.000000000000000222, 3.399999999999999911 ) ) ;
#415 = CARTESIAN_POINT ( 'NONE',  ( -43.00000000000000000, 1.000000000000000222, 6.599999999999999645 ) ) ;
#416 = DIRECTION ( 'NONE',  ( 0.000000000000000000, 1.000000000000000000, 0.000000000000000000 ) ) ;
#417 = CARTESIAN_POINT ( 'NONE',  ( 14.00000000000000000, -1.000000000000000000, 49.50000000000000000 ) ) ;
#418 = VERTEX_POINT ( 'NONE', #1107 ) ;
#419 = CARTESIAN_POINT ( 'NONE',  ( -34.00000000000000000, -1.000000000000000000, 28.89999999999999858 ) ) ;
#420 = EDGE_CURVE ( 'NONE', #963, #1233, #688, .T. ) ;
#421 = VECTOR ( 'NONE', #826, 1000.000000000000000 ) ;
#422 = ORIENTED_EDGE ( 'NONE', *, *, #135, .T. ) ;
#423 = CIRCLE ( 'NONE', #1424, 7.500000000000000000 ) ;
#424 = DIRECTION ( 'NONE',  ( 0.000000000000000000, 0.000000000000000000, 1.000000000000000000 ) ) ;
#425 = CIRCLE ( 'NONE', #1404, 1.599999999999997202 ) ;
#426 = PLANE ( 'NONE',  #1354 ) ;
#427 = EDGE_LOOP ( 'NONE', ( #76, #1390, #1432, #443 ) ) ;
#428 = AXIS2_PLACEMENT_3D ( 'NONE', #466, #1162, #944 ) ;
#429 = ADVANCED_FACE ( 'NONE', ( #82 ), #532, .F. ) ;
#430 = VERTEX_POINT ( 'NONE', #210 ) ;
#431 = EDGE_CURVE ( 'NONE', #925, #1467, #1170, .T. ) ;
#432 = CARTESIAN_POINT ( 'NONE',  ( -34.00000000000000000, 1.000000000000000222, 32.50000000000000000 ) ) ;
#433 = VERTEX_POINT ( 'NONE', #674 ) ;
#434 = CARTESIAN_POINT ( 'NONE',  ( -43.00000000000000000, -1.000000000000000000, 75.00000000000000000 ) ) ;
#435 = CARTESIAN_POINT ( 'NONE',  ( 39.00000000000000000, 1.000000000000000222, 31.19999999999999929 ) ) ;
#436 = DIRECTION ( 'NONE',  ( 0.000000000000000000, 0.000000000000000000, 1.000000000000000000 ) ) ;
#437 = COORDINATED_UNIVERSAL_TIME_OFFSET ( 8, 0, .AHEAD. ) ;
#438 = EDGE_LOOP ( 'NONE', ( #1284, #362 ) ) ;
#439 = FACE_BOUND ( 'NONE', #797, .T. ) ;
#440 = DIRECTION ( 'NONE',  ( -0.000000000000000000, 1.000000000000000000, 0.000000000000000000 ) ) ;
#441 = DIRECTION ( 'NONE',  ( 0.000000000000000000, 1.000000000000000000, 0.000000000000000000 ) ) ;
#442 = LINE ( 'NONE', #1454, #289 ) ;
#443 = ORIENTED_EDGE ( 'NONE', *, *, #1119, .F. ) ;
#444 = ORIENTED_EDGE ( 'NONE', *, *, #1269, .T. ) ;
#445 = DIRECTION ( 'NONE',  ( -0.000000000000000000, 1.000000000000000000, 0.000000000000000000 ) ) ;
#446 = DIRECTION ( 'NONE',  ( 0.000000000000000000, 0.000000000000000000, 1.000000000000000000 ) ) ;
#447 = ADVANCED_FACE ( 'NONE', ( #121 ), #906, .F. ) ;
#448 = CARTESIAN_POINT ( 'NONE',  ( -43.00000000000000000, 1.000000000000000222, 75.00000000000000000 ) ) ;
#449 = CARTESIAN_POINT ( 'NONE',  ( -50.00000000000000000, -1.000000000000000000, 0.000000000000000000 ) ) ;
#450 = AXIS2_PLACEMENT_3D ( 'NONE', #1145, #548, #351 ) ;
#451 = AXIS2_PLACEMENT_3D ( 'NONE', #1204, #1415, #855 ) ;
#452 = ORIENTED_EDGE ( 'NONE', *, *, #769, .F. ) ;
#453 = EDGE_LOOP ( 'NONE', ( #1024, #685, #1187, #939 ) ) ;
#454 = CARTESIAN_POINT ( 'NONE',  ( -43.00000000000000000, -1.000000000000000000, 73.39999999999999147 ) ) ;
#455 = EDGE_LOOP ( 'NONE', ( #60, #695, #1346, #994 ) ) ;
#456 = CARTESIAN_POINT ( 'NONE',  ( 14.00000000000000000, 1.000000000000000222, 47.50000000000000000 ) ) ;
#457 = LINE ( 'NONE', #1393, #421 ) ;
#458 = ORIENTED_EDGE ( 'NONE', *, *, #1254, .T. ) ;
#459 = PERSON_AND_ORGANIZATION ( #964, #788 ) ;
#460 = FACE_BOUND ( 'NONE', #1433, .T. ) ;
#461 = ORIENTED_EDGE ( 'NONE', *, *, #482, .F. ) ;
#462 = DIRECTION ( 'NONE',  ( -0.000000000000000000, 1.000000000000000000, 0.000000000000000000 ) ) ;
#463 = EDGE_LOOP ( 'NONE', ( #182, #50 ) ) ;
#464 = EDGE_CURVE ( 'NONE', #418, #1146, #219, .T. ) ;
#465 = COORDINATED_UNIVERSAL_TIME_OFFSET ( 8, 0, .AHEAD. ) ;
#466 = CARTESIAN_POINT ( 'NONE',  ( 50.00000000000000000, 0.000000000000000000, 0.000000000000000000 ) ) ;
#467 = VERTEX_POINT ( 'NONE', #353 ) ;
#468 = CARTESIAN_POINT ( 'NONE',  ( 39.00000000000000000, -1.399999999999999911, 30.00000000000000000 ) ) ;
#469 = DIRECTION ( 'NONE',  ( 0.000000000000000000, -1.000000000000000000, -0.000000000000000000 ) ) ;
#470 = AXIS2_PLACEMENT_3D ( 'NONE', #509, #724, #965 ) ;
#471 = AXIS2_PLACEMENT_3D ( 'NONE', #1438, #591, #1055 ) ;
#472 = CIRCLE ( 'NONE', #593, 1.599999999999997202 ) ;
#473 = AXIS2_PLACEMENT_3D ( 'NONE', #107, #990, #1363 ) ;
#474 = ORIENTED_EDGE ( 'NONE', *, *, #1185, .T. ) ;
#475 = DIRECTION ( 'NONE',  ( 0.000000000000000000, 0.000000000000000000, 1.000000000000000000 ) ) ;
#476 = ORIENTED_EDGE ( 'NONE', *, *, #806, .T. ) ;
#477 = DIRECTION ( 'NONE',  ( 1.000000000000000000, 0.000000000000000000, -0.000000000000000000 ) ) ;
#478 = CC_DESIGN_PERSON_AND_ORGANIZATION_ASSIGNMENT ( #459, #1046, ( #639 ) ) ;
#479 = CARTESIAN_POINT ( 'NONE',  ( 14.00000000000000000, -1.000000000000000000, 51.10000000000000142 ) ) ;
#480 = LINE ( 'NONE', #162, #1331 ) ;
#481 = FACE_OUTER_BOUND ( 'NONE', #45, .T. ) ;
#482 = EDGE_CURVE ( 'NONE', #181, #1135, #308, .T. ) ;
#483 = EDGE_CURVE ( 'NONE', #1078, #239, #755, .T. ) ;
#484 = DIRECTION ( 'NONE',  ( -0.000000000000000000, 1.000000000000000000, 0.000000000000000000 ) ) ;
#485 = VERTEX_POINT ( 'NONE', #1481 ) ;
#486 = EDGE_CURVE ( 'NONE', #305, #671, #111, .T. ) ;
#487 = LINE ( 'NONE', #1279, #402 ) ;
#488 = LINE ( 'NONE', #368, #126 ) ;
#489 = EDGE_CURVE ( 'NONE', #217, #1077, #337, .T. ) ;
#490 = VECTOR ( 'NONE', #136, 1000.000000000000000 ) ;
#491 = VECTOR ( 'NONE', #1074, 1000.000000000000000 ) ;
#492 = ORIENTED_EDGE ( 'NONE', *, *, #585, .T. ) ;
#493 = LINE ( 'NONE', #30, #491 ) ;
#494 = EDGE_LOOP ( 'NONE', ( #1264, #49, #476, #961 ) ) ;
#495 = CIRCLE ( 'NONE', #1154, 1.599999999999999867 ) ;
#496 = AXIS2_PLACEMENT_3D ( 'NONE', #889, #1339, #653 ) ;
#497 = CARTESIAN_POINT ( 'NONE',  ( -10.00000000000000000, -1.000000000000000000, 40.00000000000000000 ) ) ;
#498 = CARTESIAN_POINT ( 'NONE',  ( -34.00000000000000000, 1.000000000000000222, 47.50000000000000000 ) ) ;
#499 = EDGE_LOOP ( 'NONE', ( #187, #809, #1457, #882 ) ) ;
#500 = APPROVAL ( #1273, '未' ) ;
#501 = CARTESIAN_POINT ( 'NONE',  ( -10.00000000000000000, -1.000000000000000000, 28.89999999999999858 ) ) ;
#502 = LINE ( 'NONE', #59, #150 ) ;
#503 = CARTESIAN_POINT ( 'NONE',  ( 45.00000000000000000, 1.000000000000000000, 37.00000000000000000 ) ) ;
#504 = CARTESIAN_POINT ( 'NONE',  ( 45.00000000000000000, 0.000000000000000000, 37.00000000000000000 ) ) ;
#505 = ORIENTED_EDGE ( 'NONE', *, *, #240, .F. ) ;
#506 = ORIENTED_EDGE ( 'NONE', *, *, #585, .F. ) ;
#507 = EDGE_CURVE ( 'NONE', #1412, #521, #6, .T. ) ;
#508 = DIRECTION ( 'NONE',  ( 0.000000000000000000, 0.000000000000000000, 1.000000000000000000 ) ) ;
#509 = CARTESIAN_POINT ( 'NONE',  ( 14.00000000000000000, 1.000000000000000222, 40.00000000000000000 ) ) ;
#510 = CYLINDRICAL_SURFACE ( 'NONE', #288, 7.500000000000000000 ) ;
#511 = VERTEX_POINT ( 'NONE', #456 ) ;
#512 = CIRCLE ( 'NONE', #34, 1.600000000000000755 ) ;
#513 = CIRCLE ( 'NONE', #1237, 1.599999999999997202 ) ;
#514 = ORIENTED_EDGE ( 'NONE', *, *, #273, .T. ) ;
#515 = FACE_BOUND ( 'NONE', #669, .T. ) ;
#516 = VECTOR ( 'NONE', #174, 1000.000000000000000 ) ;
#517 = ORIENTED_EDGE ( 'NONE', *, *, #861, .T. ) ;
#518 = VECTOR ( 'NONE', #1151, 1000.000000000000000 ) ;
#519 = CARTESIAN_POINT ( 'NONE',  ( -10.00000000000000000, -1.000000000000000000, 49.50000000000000000 ) ) ;
#520 = CARTESIAN_POINT ( 'NONE',  ( 14.00000000000000000, 1.000000000000000222, 49.50000000000000000 ) ) ;
#521 = VERTEX_POINT ( 'NONE', #435 ) ;
#522 = DIRECTION ( 'NONE',  ( 0.000000000000000000, 0.000000000000000000, 1.000000000000000000 ) ) ;
#523 = DIRECTION ( 'NONE',  ( 0.000000000000000000, 0.000000000000000000, 1.000000000000000000 ) ) ;
#524 = ORIENTED_EDGE ( 'NONE', *, *, #1114, .F. ) ;
#525 = DIRECTION ( 'NONE',  ( 0.000000000000000000, 0.000000000000000000, 1.000000000000000000 ) ) ;
#526 = DIRECTION ( 'NONE',  ( -0.000000000000000000, 1.000000000000000000, 0.000000000000000000 ) ) ;
#527 = ORIENTED_EDGE ( 'NONE', *, *, #26, .F. ) ;
#528 = EDGE_CURVE ( 'NONE', #181, #1315, #690, .T. ) ;
#529 = CARTESIAN_POINT ( 'NONE',  ( -34.00000000000000000, -1.399999999999999911, 49.50000000000000000 ) ) ;
#530 = CARTESIAN_POINT ( 'NONE',  ( -50.00000000000000000, -1.000000000000000000, 0.000000000000000000 ) ) ;
#531 = EDGE_LOOP ( 'NONE', ( #544, #609 ) ) ;
#532 = CYLINDRICAL_SURFACE ( 'NONE', #1285, 1.600000000000004086 ) ;
#533 = DIRECTION ( 'NONE',  ( 0.000000000000000000, -1.000000000000000000, -0.000000000000000000 ) ) ;
#534 = VERTEX_POINT ( 'NONE', #915 ) ;
#535 = EDGE_CURVE ( 'NONE', #433, #967, #810, .T. ) ;
#536 = EDGE_CURVE ( 'NONE', #1077, #217, #1288, .T. ) ;
#537 = DIRECTION ( 'NONE',  ( -0.000000000000000000, 1.000000000000000000, 0.000000000000000000 ) ) ;
#538 = CIRCLE ( 'NONE', #713, 1.199999999999999734 ) ;
#539 =( NAMED_UNIT ( * ) PLANE_ANGLE_UNIT ( ) SI_UNIT ( $, .RADIAN. ) );
#540 = ORIENTED_EDGE ( 'NONE', *, *, #535, .T. ) ;
#541 = AXIS2_PLACEMENT_3D ( 'NONE', #1130, #1465, #1138 ) ;
#542 = CIRCLE ( 'NONE', #1383, 1.599999999999997202 ) ;
#543 = FACE_OUTER_BOUND ( 'NONE', #1395, .T. ) ;
#544 = ORIENTED_EDGE ( 'NONE', *, *, #535, .F. ) ;
#545 = DIRECTION ( 'NONE',  ( 0.000000000000000000, 1.000000000000000000, 0.000000000000000000 ) ) ;
#546 = DIRECTION ( 'NONE',  ( -0.000000000000000000, 1.000000000000000000, 0.000000000000000000 ) ) ;
#547 = VERTEX_POINT ( 'NONE', #1036 ) ;
#548 = DIRECTION ( 'NONE',  ( 0.000000000000000000, -1.000000000000000000, 0.000000000000000000 ) ) ;
#549 = VERTEX_POINT ( 'NONE', #923 ) ;
#550 = LINE ( 'NONE', #1009, #731 ) ;
#551 = DIRECTION ( 'NONE',  ( 0.000000000000000000, -1.000000000000000000, -0.000000000000000000 ) ) ;
#552 = FACE_OUTER_BOUND ( 'NONE', #771, .T. ) ;
#553 = ADVANCED_FACE ( 'NONE', ( #1374 ), #358, .F. ) ;
#554 = APPLICATION_PROTOCOL_DEFINITION ( 'international standard', 'config_control_design', 1994, #821 ) ;
#555 = ORIENTED_EDGE ( 'NONE', *, *, #696, .T. ) ;
#556 = EDGE_CURVE ( 'NONE', #734, #175, #902, .T. ) ;
#557 = CARTESIAN_POINT ( 'NONE',  ( 14.00000000000000000, -1.399999999999999911, 47.50000000000000000 ) ) ;
#558 = DIRECTION ( 'NONE',  ( 0.000000000000000000, 0.000000000000000000, 1.000000000000000000 ) ) ;
#559 = FACE_OUTER_BOUND ( 'NONE', #453, .T. ) ;
#560 = CARTESIAN_POINT ( 'NONE',  ( 39.00000000000000000, -1.399999999999999911, 28.80000000000000071 ) ) ;
#561 = EDGE_LOOP ( 'NONE', ( #869, #16, #934, #1043 ) ) ;
#562 = DIRECTION ( 'NONE',  ( 0.000000000000000000, -1.000000000000000000, -0.000000000000000000 ) ) ;
#563 = DIRECTION ( 'NONE',  ( 0.000000000000000000, 0.000000000000000000, 1.000000000000000000 ) ) ;
#564 = EDGE_LOOP ( 'NONE', ( #255, #615 ) ) ;
#565 = EDGE_LOOP ( 'NONE', ( #850, #732, #985, #388 ) ) ;
#566 = FACE_BOUND ( 'NONE', #1229, .T. ) ;
#567 = AXIS2_PLACEMENT_3D ( 'NONE', #1297, #282, #618 ) ;
#568 = CIRCLE ( 'NONE', #361, 1.600000000000000755 ) ;
#569 = DIRECTION ( 'NONE',  ( 0.000000000000000000, 0.000000000000000000, 1.000000000000000000 ) ) ;
#570 = FACE_OUTER_BOUND ( 'NONE', #334, .T. ) ;
#571 = VECTOR ( 'NONE', #1308, 1000.000000000000000 ) ;
#572 = EDGE_CURVE ( 'NONE', #549, #679, #550, .T. ) ;
#573 = ADVANCED_FACE ( 'NONE', ( #787 ), #1244, .F. ) ;
#574 = VERTEX_POINT ( 'NONE', #1386 ) ;
#575 = ORIENTED_EDGE ( 'NONE', *, *, #1437, .F. ) ;
#576 = CARTESIAN_POINT ( 'NONE',  ( -43.00000000000000000, 1.000000000000000222, 5.000000000000000000 ) ) ;
#577 = DIRECTION ( 'NONE',  ( 0.000000000000000000, 0.000000000000000000, -1.000000000000000000 ) ) ;
#578 = DIRECTION ( 'NONE',  ( -0.000000000000000000, 1.000000000000000000, 0.000000000000000000 ) ) ;
#579 = EDGE_CURVE ( 'NONE', #1322, #844, #488, .T. ) ;
#580 = APPROVAL_DATE_TIME ( #369, #1160 ) ;
#581 = ORIENTED_EDGE ( 'NONE', *, *, #215, .T. ) ;
#582 = DIRECTION ( 'NONE',  ( 1.000000000000000000, 0.000000000000000000, -0.000000000000000000 ) ) ;
#583 = DIRECTION ( 'NONE',  ( -0.000000000000000000, 1.000000000000000000, 0.000000000000000000 ) ) ;
#584 = ORIENTED_EDGE ( 'NONE', *, *, #355, .F. ) ;
#585 = EDGE_CURVE ( 'NONE', #1000, #1182, #1280, .T. ) ;
#586 = ORIENTED_EDGE ( 'NONE', *, *, #776, .F. ) ;
#587 = LINE ( 'NONE', #835, #831 ) ;
#588 = AXIS2_PLACEMENT_3D ( 'NONE', #907, #244, #569 ) ;
#589 = DIRECTION ( 'NONE',  ( 0.000000000000000000, 1.000000000000000000, 0.000000000000000000 ) ) ;
#590 = CIRCLE ( 'NONE', #470, 7.500000000000000000 ) ;
#591 = DIRECTION ( 'NONE',  ( -0.000000000000000000, 0.000000000000000000, -1.000000000000000000 ) ) ;
#592 = VECTOR ( 'NONE', #820, 1000.000000000000000 ) ;
#593 = AXIS2_PLACEMENT_3D ( 'NONE', #291, #83, #1447 ) ;
#594 = CIRCLE ( 'NONE', #1124, 1.600000000000000755 ) ;
#595 = VERTEX_POINT ( 'NONE', #1275 ) ;
#596 = ORIENTED_EDGE ( 'NONE', *, *, #1414, .F. ) ;
#597 = EDGE_CURVE ( 'NONE', #792, #1322, #257, .T. ) ;
#598 = DIRECTION ( 'NONE',  ( 0.000000000000000000, 1.000000000000000000, 0.000000000000000000 ) ) ;
#599 = CARTESIAN_POINT ( 'NONE',  ( 33.00000000000000000, 0.000000000000000000, 43.00000000000000000 ) ) ;
#600 = CARTESIAN_POINT ( 'NONE',  ( 39.00000000000000000, -1.399999999999999911, 30.00000000000000000 ) ) ;
#601 = ADVANCED_FACE ( 'NONE', ( #1398 ), #141, .F. ) ;
#602 = PRODUCT_DEFINITION_SHAPE ( 'NONE', 'NONE',  #896 ) ;
#603 = LINE ( 'NONE', #1177, #40 ) ;
#604 = CARTESIAN_POINT ( 'NONE',  ( -43.00000000000000000, 1.000000000000000222, 3.399999999999999911 ) ) ;
#605 = ADVANCED_FACE ( 'NONE', ( #1034 ), #1262, .F. ) ;
#606 = DIRECTION ( 'NONE',  ( 0.000000000000000000, 0.000000000000000000, -1.000000000000000000 ) ) ;
#607 = DIRECTION ( 'NONE',  ( 0.000000000000000000, 0.000000000000000000, -1.000000000000000000 ) ) ;
#608 = AXIS2_PLACEMENT_3D ( 'NONE', #329, #1235, #667 ) ;
#609 = ORIENTED_EDGE ( 'NONE', *, *, #1296, .F. ) ;
#610 = CIRCLE ( 'NONE', #1473, 1.599999999999997202 ) ;
#611 = EDGE_CURVE ( 'NONE', #268, #1182, #981, .T. ) ;
#612 = DIRECTION ( 'NONE',  ( 0.000000000000000000, 1.000000000000000000, 0.000000000000000000 ) ) ;
#613 = CIRCLE ( 'NONE', #1071, 7.500000000000000000 ) ;
#614 = AXIS2_PLACEMENT_3D ( 'NONE', #274, #475, #582 ) ;
#615 = ORIENTED_EDGE ( 'NONE', *, *, #281, .F. ) ;
#616 = VECTOR ( 'NONE', #1067, 1000.000000000000000 ) ;
#617 = PLANE ( 'NONE',  #68 ) ;
#618 = DIRECTION ( 'NONE',  ( 0.000000000000000000, 0.000000000000000000, 1.000000000000000000 ) ) ;
#619 = DIRECTION ( 'NONE',  ( 0.000000000000000000, 0.000000000000000000, 1.000000000000000000 ) ) ;
#620 = VERTEX_POINT ( 'NONE', #208 ) ;
#621 = ORIENTED_EDGE ( 'NONE', *, *, #117, .F. ) ;
#622 = EDGE_CURVE ( 'NONE', #521, #467, #948, .T. ) ;
#623 = VERTEX_POINT ( 'NONE', #676 ) ;
#624 = CARTESIAN_POINT ( 'NONE',  ( 14.00000000000000000, 1.000000000000000222, 40.00000000000000000 ) ) ;
#625 = CARTESIAN_POINT ( 'NONE',  ( 0.000000000000000000, 1.000000000000000000, 0.000000000000000000 ) ) ;
#626 = DIRECTION ( 'NONE',  ( 0.000000000000000000, 0.000000000000000000, 1.000000000000000000 ) ) ;
#627 = LINE ( 'NONE', #1082, #1406 ) ;
#628 = ORIENTED_EDGE ( 'NONE', *, *, #1461, .T. ) ;
#629 = CC_DESIGN_PERSON_AND_ORGANIZATION_ASSIGNMENT ( #816, #708, ( #896 ) ) ;
#630 = FACE_OUTER_BOUND ( 'NONE', #1232, .T. ) ;
#631 = CARTESIAN_POINT ( 'NONE',  ( 43.00000000000000000, -1.000000000000000000, 6.599999999999999645 ) ) ;
#632 = CARTESIAN_POINT ( 'NONE',  ( 14.00000000000000000, -1.399999999999999911, 40.00000000000000000 ) ) ;
#633 = ORIENTED_EDGE ( 'NONE', *, *, #881, .T. ) ;
#634 = CYLINDRICAL_SURFACE ( 'NONE', #15, 1.599999999999999867 ) ;
#635 = DIRECTION ( 'NONE',  ( -1.000000000000000000, -0.000000000000000000, 0.000000000000000000 ) ) ;
#636 = CIRCLE ( 'NONE', #1452, 1.600000000000000755 ) ;
#637 = ORIENTED_EDGE ( 'NONE', *, *, #1, .F. ) ;
#638 = ADVANCED_FACE ( 'NONE', ( #552 ), #790, .F. ) ;
#639 = PRODUCT_DEFINITION_FORMATION_WITH_SPECIFIED_SOURCE ( '�', '', #1061, .NOT_KNOWN. ) ;
#640 = CARTESIAN_POINT ( 'NONE',  ( -50.00000000000000000, -1.000000000000000000, 80.00000000000000000 ) ) ;
#641 = CYLINDRICAL_SURFACE ( 'NONE', #64, 7.500000000000000000 ) ;
#642 = ORIENTED_EDGE ( 'NONE', *, *, #109, .F. ) ;
#643 = VERTEX_POINT ( 'NONE', #1011 ) ;
#644 = EDGE_CURVE ( 'NONE', #1467, #324, #895, .T. ) ;
#645 = CARTESIAN_POINT ( 'NONE',  ( -34.00000000000000000, -1.399999999999999911, 51.10000000000000142 ) ) ;
#646 = ORIENTED_EDGE ( 'NONE', *, *, #215, .F. ) ;
#647 = DIRECTION ( 'NONE',  ( 0.000000000000000000, 1.000000000000000000, 0.000000000000000000 ) ) ;
#648 = EDGE_CURVE ( 'NONE', #620, #1478, #105, .T. ) ;
#649 = CARTESIAN_POINT ( 'NONE',  ( 14.00000000000000000, -1.000000000000000000, 51.10000000000000142 ) ) ;
#650 = ORIENTED_EDGE ( 'NONE', *, *, #756, .F. ) ;
#651 = DIRECTION ( 'NONE',  ( 0.000000000000000000, 1.000000000000000000, 0.000000000000000000 ) ) ;
#652 = DIRECTION ( 'NONE',  ( 0.000000000000000000, 0.000000000000000000, 1.000000000000000000 ) ) ;
#653 = DIRECTION ( 'NONE',  ( 1.000000000000000000, 0.000000000000000000, 0.000000000000000000 ) ) ;
#654 = ORIENTED_EDGE ( 'NONE', *, *, #1217, .T. ) ;
#655 = CARTESIAN_POINT ( 'NONE',  ( 14.00000000000000000, -1.000000000000000000, 28.89999999999999858 ) ) ;
#656 = DIRECTION ( 'NONE',  ( -1.000000000000000000, 0.000000000000000000, 0.000000000000000000 ) ) ;
#657 = ORIENTED_EDGE ( 'NONE', *, *, #648, .T. ) ;
#658 = LINE ( 'NONE', #1220, #730 ) ;
#659 = CIRCLE ( 'NONE', #849, 7.500000000000000000 ) ;
#660 = ORIENTED_EDGE ( 'NONE', *, *, #861, .F. ) ;
#661 = MECHANICAL_CONTEXT ( 'NONE', #951, 'mechanical' ) ;
#662 = AXIS2_PLACEMENT_3D ( 'NONE', #1470, #104, #577 ) ;
#663 = CIRCLE ( 'NONE', #314, 1.599999999999997202 ) ;
#664 = FACE_OUTER_BOUND ( 'NONE', #427, .T. ) ;
#665 = EDGE_LOOP ( 'NONE', ( #230, #642 ) ) ;
#666 = DIRECTION ( 'NONE',  ( 0.000000000000000000, 0.000000000000000000, 1.000000000000000000 ) ) ;
#667 = DIRECTION ( 'NONE',  ( 0.000000000000000000, 0.000000000000000000, -1.000000000000000000 ) ) ;
#668 = EDGE_CURVE ( 'NONE', #214, #467, #1246, .T. ) ;
#669 = EDGE_LOOP ( 'NONE', ( #1198, #991 ) ) ;
#670 = PERSON_AND_ORGANIZATION ( #964, #788 ) ;
#671 = VERTEX_POINT ( 'NONE', #1472 ) ;
#672 = CARTESIAN_POINT ( 'NONE',  ( 39.00000000000000000, 1.000000000000000222, 50.00000000000000000 ) ) ;
#673 = EDGE_LOOP ( 'NONE', ( #742, #1083, #1287, #17 ) ) ;
#674 = CARTESIAN_POINT ( 'NONE',  ( 14.00000000000000000, 1.000000000000000222, 52.69999999999999574 ) ) ;
#675 = CARTESIAN_POINT ( 'NONE',  ( 14.00000000000000000, -1.000000000000000000, 40.00000000000000000 ) ) ;
#676 = CARTESIAN_POINT ( 'NONE',  ( -43.00000000000000000, -1.000000000000000000, 6.599999999999999645 ) ) ;
#677 = CARTESIAN_POINT ( 'NONE',  ( 43.00000000000000000, 1.000000000000000222, 75.00000000000000000 ) ) ;
#678 = ORIENTED_EDGE ( 'NONE', *, *, #579, .T. ) ;
#679 = VERTEX_POINT ( 'NONE', #449 ) ;
#680 = FACE_BOUND ( 'NONE', #371, .T. ) ;
#681 = DIRECTION ( 'NONE',  ( 0.000000000000000000, 1.000000000000000000, 0.000000000000000000 ) ) ;
#682 = DIRECTION ( 'NONE',  ( 0.000000000000000000, 1.000000000000000000, 0.000000000000000000 ) ) ;
#683 = DIRECTION ( 'NONE',  ( 0.000000000000000000, 0.000000000000000000, 1.000000000000000000 ) ) ;
#684 = DIRECTION ( 'NONE',  ( 0.000000000000000000, -1.000000000000000000, -0.000000000000000000 ) ) ;
#685 = ORIENTED_EDGE ( 'NONE', *, *, #753, .T. ) ;
#686 = FACE_BOUND ( 'NONE', #1039, .T. ) ;
#687 = VERTEX_POINT ( 'NONE', #908 ) ;
#688 = CIRCLE ( 'NONE', #398, 1.600000000000004086 ) ;
#689 = ADVANCED_FACE ( 'NONE', ( #570 ), #1361, .F. ) ;
#690 = LINE ( 'NONE', #886, #195 ) ;
#691 = AXIS2_PLACEMENT_3D ( 'NONE', #1033, #349, #800 ) ;
#692 = LINE ( 'NONE', #251, #61 ) ;
#693 = CIRCLE ( 'NONE', #1266, 1.199999999999999734 ) ;
#694 = LOCAL_TIME ( 21, 17, 31.00000000000000000, #138 ) ;
#695 = ORIENTED_EDGE ( 'NONE', *, *, #801, .T. ) ;
#696 = EDGE_CURVE ( 'NONE', #430, #1253, #1483, .T. ) ;
#697 = DATE_AND_TIME ( #943, #694 ) ;
#698 = EDGE_LOOP ( 'NONE', ( #892, #972, #845, #177 ) ) ;
#699 = CARTESIAN_POINT ( 'NONE',  ( 50.00000000000000000, -1.000000000000000000, 80.00000000000000000 ) ) ;
#700 = EDGE_CURVE ( 'NONE', #1401, #321, #493, .T. ) ;
#701 = CARTESIAN_POINT ( 'NONE',  ( -9.999999999999998224, -1.000000000000000000, 32.50000000000000000 ) ) ;
#702 = COORDINATED_UNIVERSAL_TIME_OFFSET ( 8, 0, .AHEAD. ) ;
#703 = ORIENTED_EDGE ( 'NONE', *, *, #1202, .T. ) ;
#704 = ORIENTED_EDGE ( 'NONE', *, *, #1119, .T. ) ;
#705 = DIRECTION ( 'NONE',  ( 0.000000000000000000, 0.000000000000000000, 1.000000000000000000 ) ) ;
#706 = DIRECTION ( 'NONE',  ( -0.000000000000000000, 1.000000000000000000, 0.000000000000000000 ) ) ;
#707 = DIRECTION ( 'NONE',  ( 0.000000000000000000, -1.000000000000000000, -0.000000000000000000 ) ) ;
#708 = PERSON_AND_ORGANIZATION_ROLE ( 'creator' ) ;
#709 = EDGE_LOOP ( 'NONE', ( #236, #654, #1098, #137 ) ) ;
#710 = LINE ( 'NONE', #1188, #874 ) ;
#711 = CARTESIAN_POINT ( 'NONE',  ( 43.00000000000000000, -1.000000000000000000, 73.39999999999999147 ) ) ;
#712 = FACE_OUTER_BOUND ( 'NONE', #57, .T. ) ;
#713 = AXIS2_PLACEMENT_3D ( 'NONE', #1042, #707, #1261 ) ;
#714 = CIRCLE ( 'NONE', #266, 7.500000000000000000 ) ;
#715 = AXIS2_PLACEMENT_3D ( 'NONE', #55, #312, #1219 ) ;
#716 = LOCAL_TIME ( 21, 17, 31.00000000000000000, #437 ) ;
#717 = EDGE_CURVE ( 'NONE', #963, #175, #480, .T. ) ;
#718 = CYLINDRICAL_SURFACE ( 'NONE', #247, 1.599999999999997202 ) ;
#719 = DIRECTION ( 'NONE',  ( 0.000000000000000000, 0.000000000000000000, -1.000000000000000000 ) ) ;
#720 = ORIENTED_EDGE ( 'NONE', *, *, #597, .T. ) ;
#721 = ORIENTED_EDGE ( 'NONE', *, *, #200, .F. ) ;
#722 = FACE_OUTER_BOUND ( 'NONE', #1358, .T. ) ;
#723 = EDGE_CURVE ( 'NONE', #643, #574, #568, .T. ) ;
#724 = DIRECTION ( 'NONE',  ( -0.000000000000000000, 1.000000000000000000, 0.000000000000000000 ) ) ;
#725 = ORIENTED_EDGE ( 'NONE', *, *, #212, .T. ) ;
#726 = CARTESIAN_POINT ( 'NONE',  ( -34.00000000000000000, 1.000000000000000222, 30.50000000000000000 ) ) ;
#727 = EDGE_LOOP ( 'NONE', ( #1372, #276 ) ) ;
#728 = EDGE_CURVE ( 'NONE', #409, #1000, #603, .T. ) ;
#729 = FACE_OUTER_BOUND ( 'NONE', #129, .T. ) ;
#730 = VECTOR ( 'NONE', #1330, 1000.000000000000000 ) ;
#731 = VECTOR ( 'NONE', #1463, 1000.000000000000000 ) ;
#732 = ORIENTED_EDGE ( 'NONE', *, *, #374, .T. ) ;
#733 = DIRECTION ( 'NONE',  ( 0.000000000000000000, -1.000000000000000000, -0.000000000000000000 ) ) ;
#734 = VERTEX_POINT ( 'NONE', #267 ) ;
#735 = CIRCLE ( 'NONE', #1158, 1.599999999999997202 ) ;
#736 = DIRECTION ( 'NONE',  ( 0.000000000000000000, 1.000000000000000000, 0.000000000000000000 ) ) ;
#737 = LINE ( 'NONE', #275, #1118 ) ;
#738 = DIRECTION ( 'NONE',  ( 0.000000000000000000, 0.000000000000000000, -1.000000000000000000 ) ) ;
#739 = ORIENTED_EDGE ( 'NONE', *, *, #1185, .F. ) ;
#740 = DIRECTION ( 'NONE',  ( 0.000000000000000000, 0.000000000000000000, 1.000000000000000000 ) ) ;
#741 = CC_DESIGN_PERSON_AND_ORGANIZATION_ASSIGNMENT ( #1231, #88, ( #1061 ) ) ;
#742 = ORIENTED_EDGE ( 'NONE', *, *, #528, .F. ) ;
#743 = DIRECTION ( 'NONE',  ( -0.000000000000000000, 1.000000000000000000, 0.000000000000000000 ) ) ;
#744 = DIRECTION ( 'NONE',  ( 0.000000000000000000, 1.000000000000000000, 0.000000000000000000 ) ) ;
#745 = CARTESIAN_POINT ( 'NONE',  ( 39.00000000000000000, 1.000000000000000222, 30.00000000000000000 ) ) ;
#746 = ORIENTED_EDGE ( 'NONE', *, *, #769, .T. ) ;
#747 = EDGE_CURVE ( 'NONE', #1106, #305, #710, .T. ) ;
#748 = EDGE_LOOP ( 'NONE', ( #860, #555, #897, #199 ) ) ;
#749 = CYLINDRICAL_SURFACE ( 'NONE', #341, 1.599999999999997202 ) ;
#750 = VERTEX_POINT ( 'NONE', #392 ) ;
#751 = DIRECTION ( 'NONE',  ( 0.000000000000000000, 0.000000000000000000, 1.000000000000000000 ) ) ;
#752 = DIRECTION ( 'NONE',  ( 0.000000000000000000, 0.000000000000000000, 1.000000000000000000 ) ) ;
#753 = EDGE_CURVE ( 'NONE', #144, #405, #425, .T. ) ;
#754 = AXIS2_PLACEMENT_3D ( 'NONE', #1010, #546, #870 ) ;
#755 = CIRCLE ( 'NONE', #1474, 1.600000000000004086 ) ;
#756 = EDGE_CURVE ( 'NONE', #687, #511, #613, .T. ) ;
#757 = FACE_BOUND ( 'NONE', #1277, .T. ) ;
#758 = VECTOR ( 'NONE', #1228, 1000.000000000000000 ) ;
#759 = VERTEX_POINT ( 'NONE', #400 ) ;
#760 = VECTOR ( 'NONE', #224, 1000.000000000000000 ) ;
#761 = CARTESIAN_POINT ( 'NONE',  ( 43.00000000000000000, -1.000000000000000000, 75.00000000000000000 ) ) ;
#762 = CARTESIAN_POINT ( 'NONE',  ( 50.00000000000000000, 0.000000000000000000, 0.000000000000000000 ) ) ;
#763 = CARTESIAN_POINT ( 'NONE',  ( -34.00000000000000000, -1.399999999999999911, 51.10000000000000142 ) ) ;
#764 = ORIENTED_EDGE ( 'NONE', *, *, #300, .T. ) ;
#765 = DIRECTION ( 'NONE',  ( 0.000000000000000000, 0.000000000000000000, 1.000000000000000000 ) ) ;
#766 = CARTESIAN_POINT ( 'NONE',  ( 45.00000000000000000, -1.000000000000000000, 37.00000000000000000 ) ) ;
#767 = VERTEX_POINT ( 'NONE', #414 ) ;
#768 = CC_DESIGN_DATE_AND_TIME_ASSIGNMENT ( #926, #363, ( #1054 ) ) ;
#769 = EDGE_CURVE ( 'NONE', #321, #1478, #1070, .T. ) ;
#770 = CYLINDRICAL_SURFACE ( 'NONE', #1420, 1.599999999999997202 ) ;
#771 = EDGE_LOOP ( 'NONE', ( #203, #352, #209, #342 ) ) ;
#772 = ORIENTED_EDGE ( 'NONE', *, *, #464, .T. ) ;
#773 = FACE_BOUND ( 'NONE', #1056, .T. ) ;
#774 = ORIENTED_EDGE ( 'NONE', *, *, #728, .T. ) ;
#775 = DIRECTION ( 'NONE',  ( 0.000000000000000000, 0.000000000000000000, 1.000000000000000000 ) ) ;
#776 = EDGE_CURVE ( 'NONE', #1478, #321, #423, .T. ) ;
#777 = DIRECTION ( 'NONE',  ( 0.000000000000000000, 0.000000000000000000, 1.000000000000000000 ) ) ;
#778 = VECTOR ( 'NONE', #651, 1000.000000000000000 ) ;
#779 = AXIS2_PLACEMENT_3D ( 'NONE', #924, #583, #122 ) ;
#780 = LINE ( 'NONE', #999, #760 ) ;
#781 = ORIENTED_EDGE ( 'NONE', *, *, #277, .T. ) ;
#782 = ADVANCED_FACE ( 'NONE', ( #407 ), #634, .F. ) ;
#783 = UNCERTAINTY_MEASURE_WITH_UNIT (LENGTH_MEASURE( 1.000000000000000082E-05 ), #1240, 'distance_accuracy_value', 'NONE');
#784 = AXIS2_PLACEMENT_3D ( 'NONE', #376, #39, #163 ) ;
#785 = LINE ( 'NONE', #1014, #1332 ) ;
#786 = EDGE_LOOP ( 'NONE', ( #1212, #1189, #1426, #1455 ) ) ;
#787 = FACE_OUTER_BOUND ( 'NONE', #698, .T. ) ;
#788 = ORGANIZATION ( '未', '未', '' ) ;
#789 = DIRECTION ( 'NONE',  ( -0.000000000000000000, 1.000000000000000000, 0.000000000000000000 ) ) ;
#790 = CYLINDRICAL_SURFACE ( 'NONE', #541, 1.600000000000004086 ) ;
#791 = ADVANCED_FACE ( 'NONE', ( #866 ), #983, .T. ) ;
#792 = VERTEX_POINT ( 'NONE', #21 ) ;
#793 = DIRECTION ( 'NONE',  ( 0.000000000000000000, 1.000000000000000000, 0.000000000000000000 ) ) ;
#794 = ORIENTED_EDGE ( 'NONE', *, *, #277, .F. ) ;
#795 = ORIENTED_EDGE ( 'NONE', *, *, #865, .T. ) ;
#796 = CARTESIAN_POINT ( 'NONE',  ( 14.00000000000000000, -1.399999999999999911, 51.10000000000000142 ) ) ;
#797 = EDGE_LOOP ( 'NONE', ( #295, #461 ) ) ;
#798 = DIRECTION ( 'NONE',  ( 0.000000000000000000, -1.000000000000000000, -0.000000000000000000 ) ) ;
#799 = DIRECTION ( 'NONE',  ( 0.000000000000000000, 0.000000000000000000, -1.000000000000000000 ) ) ;
#800 = DIRECTION ( 'NONE',  ( -1.000000000000000000, 0.000000000000000000, 0.000000000000000000 ) ) ;
#801 = EDGE_CURVE ( 'NONE', #643, #1077, #814, .T. ) ;
#802 = CARTESIAN_POINT ( 'NONE',  ( 14.00000000000000000, -1.399999999999999911, 40.00000000000000000 ) ) ;
#803 = CARTESIAN_POINT ( 'NONE',  ( -10.00000000000000000, 1.000000000000000222, 28.89999999999999858 ) ) ;
#804 = CARTESIAN_POINT ( 'NONE',  ( -43.00000000000000000, -1.000000000000000000, 76.59999999999999432 ) ) ;
#805 = PERSON_AND_ORGANIZATION_ROLE ( 'design_supplier' ) ;
#806 = EDGE_CURVE ( 'NONE', #623, #1341, #1396, .T. ) ;
#807 = CIRCLE ( 'NONE', #193, 1.600000000000000755 ) ;
#808 = CYLINDRICAL_SURFACE ( 'NONE', #971, 1.199999999999999734 ) ;
#809 = ORIENTED_EDGE ( 'NONE', *, *, #165, .T. ) ;
#810 = CIRCLE ( 'NONE', #830, 1.599999999999997202 ) ;
#811 = CARTESIAN_POINT ( 'NONE',  ( 43.00000000000000000, -1.399999999999999911, 75.00000000000000000 ) ) ;
#812 = CIRCLE ( 'NONE', #269, 1.199999999999999734 ) ;
#813 = CARTESIAN_POINT ( 'NONE',  ( 39.00000000000000000, -1.000000000000000000, 28.80000000000000071 ) ) ;
#814 = LINE ( 'NONE', #1272, #1265 ) ;
#815 = CIRCLE ( 'NONE', #1030, 7.500000000000000000 ) ;
#816 = PERSON_AND_ORGANIZATION ( #964, #788 ) ;
#817 = ORIENTED_EDGE ( 'NONE', *, *, #1072, .F. ) ;
#818 = ORIENTED_EDGE ( 'NONE', *, *, #62, .T. ) ;
#819 = DIRECTION ( 'NONE',  ( 0.000000000000000000, 1.000000000000000000, 0.000000000000000000 ) ) ;
#820 = DIRECTION ( 'NONE',  ( 1.000000000000000000, 0.000000000000000000, -0.000000000000000000 ) ) ;
#821 = APPLICATION_CONTEXT ( 'configuration controlled 3d designs of mechanical parts and assemblies' ) ;
#822 = EDGE_CURVE ( 'NONE', #623, #430, #220, .T. ) ;
#823 = PLANE ( 'NONE',  #614 ) ;
#824 = VERTEX_POINT ( 'NONE', #323 ) ;
#825 = DIRECTION ( 'NONE',  ( 0.000000000000000000, 0.000000000000000000, 1.000000000000000000 ) ) ;
#826 = DIRECTION ( 'NONE',  ( 0.000000000000000000, 1.000000000000000000, 0.000000000000000000 ) ) ;
#827 = ADVANCED_FACE ( 'NONE', ( #112 ), #980, .F. ) ;
#828 = CARTESIAN_POINT ( 'NONE',  ( 14.00000000000000000, -1.000000000000000000, 52.69999999999999574 ) ) ;
#829 = DIRECTION ( 'NONE',  ( 0.000000000000000000, 1.000000000000000000, 0.000000000000000000 ) ) ;
#830 = AXIS2_PLACEMENT_3D ( 'NONE', #1157, #1360, #1366 ) ;
#831 = VECTOR ( 'NONE', #819, 1000.000000000000000 ) ;
#832 = VECTOR ( 'NONE', #80, 1000.000000000000000 ) ;
#833 = CALENDAR_DATE ( 2026, 25, 8 ) ;
#834 = CC_DESIGN_DATE_AND_TIME_ASSIGNMENT ( #1161, #1040, ( #896 ) ) ;
#835 = CARTESIAN_POINT ( 'NONE',  ( 39.00000000000000000, -1.399999999999999911, 48.80000000000000426 ) ) ;
#836 = LINE ( 'NONE', #1200, #95 ) ;
#837 = ORIENTED_EDGE ( 'NONE', *, *, #1376, .F. ) ;
#838 = ORIENTED_EDGE ( 'NONE', *, *, #747, .T. ) ;
#839 = DIRECTION ( 'NONE',  ( 0.000000000000000000, 1.000000000000000000, 0.000000000000000000 ) ) ;
#840 = ADVANCED_FACE ( 'NONE', ( #960 ), #641, .F. ) ;
#841 = PLANE ( 'NONE',  #451 ) ;
#842 = ORIENTED_EDGE ( 'NONE', *, *, #1221, .F. ) ;
#843 = CYLINDRICAL_SURFACE ( 'NONE', #567, 1.599999999999999867 ) ;
#844 = VERTEX_POINT ( 'NONE', #404 ) ;
#845 = ORIENTED_EDGE ( 'NONE', *, *, #507, .T. ) ;
#846 = DIRECTION ( 'NONE',  ( -0.000000000000000000, 1.000000000000000000, 0.000000000000000000 ) ) ;
#847 = DIRECTION ( 'NONE',  ( 0.000000000000000000, -1.000000000000000000, -0.000000000000000000 ) ) ;
#848 = DIRECTION ( 'NONE',  ( -0.000000000000000000, 1.000000000000000000, 0.000000000000000000 ) ) ;
#849 = AXIS2_PLACEMENT_3D ( 'NONE', #675, #113, #1017 ) ;
#850 = ORIENTED_EDGE ( 'NONE', *, *, #1072, .T. ) ;
#851 = AXIS2_PLACEMENT_3D ( 'NONE', #359, #578, #156 ) ;
#852 = VECTOR ( 'NONE', #262, 1000.000000000000000 ) ;
#853 = VECTOR ( 'NONE', #904, 1000.000000000000000 ) ;
#854 = CC_DESIGN_APPROVAL ( #1160, ( #896 ) ) ;
#855 = DIRECTION ( 'NONE',  ( 0.000000000000000000, 0.000000000000000000, 1.000000000000000000 ) ) ;
#856 = CARTESIAN_POINT ( 'NONE',  ( -10.00000000000000000, -1.399999999999999911, 47.50000000000000000 ) ) ;
#857 = DIRECTION ( 'NONE',  ( 0.000000000000000000, 0.000000000000000000, -1.000000000000000000 ) ) ;
#858 = EDGE_LOOP ( 'NONE', ( #1479, #657, #1416, #1283 ) ) ;
#859 = LINE ( 'NONE', #1303, #832 ) ;
#860 = ORIENTED_EDGE ( 'NONE', *, *, #822, .T. ) ;
#861 = EDGE_CURVE ( 'NONE', #620, #1401, #714, .T. ) ;
#862 = CARTESIAN_POINT ( 'NONE',  ( -50.00000000000000000, 1.000000000000000000, 0.000000000000000000 ) ) ;
#863 = DIRECTION ( 'NONE',  ( 0.000000000000000000, 0.000000000000000000, 1.000000000000000000 ) ) ;
#864 = ORIENTED_EDGE ( 'NONE', *, *, #1065, .F. ) ;
#865 = EDGE_CURVE ( 'NONE', #324, #1102, #1092, .T. ) ;
#866 = FACE_OUTER_BOUND ( 'NONE', #81, .T. ) ;
#867 = FACE_BOUND ( 'NONE', #1475, .T. ) ;
#868 = DIRECTION ( 'NONE',  ( 0.000000000000000000, -1.000000000000000000, -0.000000000000000000 ) ) ;
#869 = ORIENTED_EDGE ( 'NONE', *, *, #52, .F. ) ;
#870 = DIRECTION ( 'NONE',  ( 0.000000000000000000, 0.000000000000000000, 1.000000000000000000 ) ) ;
#871 = CIRCLE ( 'NONE', #608, 1.599999999999999867 ) ;
#872 = CIRCLE ( 'NONE', #851, 1.599999999999997202 ) ;
#873 = AXIS2_PLACEMENT_3D ( 'NONE', #655, #1115, #96 ) ;
#874 = VECTOR ( 'NONE', #957, 1000.000000000000000 ) ;
#875 = EDGE_CURVE ( 'NONE', #547, #687, #75, .T. ) ;
#876 = CARTESIAN_POINT ( 'NONE',  ( -43.00000000000000000, -1.399999999999999911, 76.59999999999999432 ) ) ;
#877 = EDGE_LOOP ( 'NONE', ( #739, #168, #1317, #540 ) ) ;
#878 = CIRCLE ( 'NONE', #98, 1.599999999999999867 ) ;
#879 = CARTESIAN_POINT ( 'NONE',  ( 43.00000000000000000, -1.399999999999999911, 5.000000000000000000 ) ) ;
#880 = CARTESIAN_POINT ( 'NONE',  ( -50.00000000000000000, 1.000000000000000000, 80.00000000000000000 ) ) ;
#881 = EDGE_CURVE ( 'NONE', #925, #1102, #1321, .T. ) ;
#882 = ORIENTED_EDGE ( 'NONE', *, *, #190, .T. ) ;
#883 = ADVANCED_FACE ( 'NONE', ( #729 ), #510, .F. ) ;
#884 = CYLINDRICAL_SURFACE ( 'NONE', #1476, 1.599999999999997202 ) ;
#885 = ORIENTED_EDGE ( 'NONE', *, *, #611, .T. ) ;
#886 = CARTESIAN_POINT ( 'NONE',  ( -9.999999999999998224, -1.399999999999999911, 32.50000000000000000 ) ) ;
#887 = LINE ( 'NONE', #529, #1168 ) ;
#888 = ORIENTED_EDGE ( 'NONE', *, *, #1110, .T. ) ;
#889 = CARTESIAN_POINT ( 'NONE',  ( 0.000000000000000000, 0.000000000000000000, 0.000000000000000000 ) ) ;
#890 = EDGE_LOOP ( 'NONE', ( #37, #1356, #1131, #795 ) ) ;
#891 = FACE_BOUND ( 'NONE', #192, .T. ) ;
#892 = ORIENTED_EDGE ( 'NONE', *, *, #668, .F. ) ;
#893 = DIRECTION ( 'NONE',  ( 0.000000000000000000, 0.000000000000000000, -1.000000000000000000 ) ) ;
#894 = DIRECTION ( 'NONE',  ( 0.000000000000000000, -1.000000000000000000, -0.000000000000000000 ) ) ;
#895 = LINE ( 'NONE', #1368, #311 ) ;
#896 = PRODUCT_DEFINITION ( '�', '', #639, #101 ) ;
#897 = ORIENTED_EDGE ( 'NONE', *, *, #2, .T. ) ;
#898 = CIRCLE ( 'NONE', #265, 1.600000000000004086 ) ;
#899 = CARTESIAN_POINT ( 'NONE',  ( 14.00000000000000000, -1.000000000000000000, 30.50000000000000000 ) ) ;
#900 = EDGE_LOOP ( 'NONE', ( #581, #474, #69, #637 ) ) ;
#901 = ORIENTED_EDGE ( 'NONE', *, *, #1316, .T. ) ;
#902 = CIRCLE ( 'NONE', #1379, 1.600000000000004086 ) ;
#903 = CIRCLE ( 'NONE', #18, 1.600000000000004086 ) ;
#904 = DIRECTION ( 'NONE',  ( 0.000000000000000000, 1.000000000000000000, 0.000000000000000000 ) ) ;
#905 = ORIENTED_EDGE ( 'NONE', *, *, #1333, .T. ) ;
#906 = CYLINDRICAL_SURFACE ( 'NONE', #947, 1.600000000000000755 ) ;
#907 = CARTESIAN_POINT ( 'NONE',  ( 43.00000000000000000, 1.000000000000000222, 5.000000000000000000 ) ) ;
#908 = CARTESIAN_POINT ( 'NONE',  ( 14.00000000000000178, 1.000000000000000222, 32.50000000000000000 ) ) ;
#909 = EDGE_CURVE ( 'NONE', #364, #1338, #41, .T. ) ;
#910 = ORIENTED_EDGE ( 'NONE', *, *, #700, .T. ) ;
#911 = DIRECTION ( 'NONE',  ( 0.000000000000000000, 0.000000000000000000, -1.000000000000000000 ) ) ;
#912 = ORIENTED_EDGE ( 'NONE', *, *, #486, .F. ) ;
#913 = CARTESIAN_POINT ( 'NONE',  ( -10.00000000000000000, 1.000000000000000222, 51.10000000000000142 ) ) ;
#914 = ORIENTED_EDGE ( 'NONE', *, *, #489, .T. ) ;
#915 = CARTESIAN_POINT ( 'NONE',  ( 43.00000000000000000, -1.000000000000000000, 3.399999999999999911 ) ) ;
#916 = FACE_OUTER_BOUND ( 'NONE', #709, .T. ) ;
#917 = ADVANCED_FACE ( 'NONE', ( #1211 ), #426, .F. ) ;
#918 = ORIENTED_EDGE ( 'NONE', *, *, #753, .F. ) ;
#919 = PERSON_AND_ORGANIZATION ( #964, #788 ) ;
#920 = VERTEX_POINT ( 'NONE', #1314 ) ;
#921 = DIRECTION ( 'NONE',  ( 0.000000000000000000, 0.000000000000000000, 1.000000000000000000 ) ) ;
#922 = VERTEX_POINT ( 'NONE', #1418 ) ;
#923 = CARTESIAN_POINT ( 'NONE',  ( -50.00000000000000000, 1.000000000000000000, 0.000000000000000000 ) ) ;
#924 = CARTESIAN_POINT ( 'NONE',  ( 39.00000000000000000, 1.000000000000000222, 50.00000000000000000 ) ) ;
#925 = VERTEX_POINT ( 'NONE', #396 ) ;
#926 = DATE_AND_TIME ( #22, #43 ) ;
#927 = ORIENTED_EDGE ( 'NONE', *, *, #1443, .F. ) ;
#928 = VECTOR ( 'NONE', #1417, 1000.000000000000000 ) ;
#929 = DIRECTION ( 'NONE',  ( 0.000000000000000000, 0.000000000000000000, 1.000000000000000000 ) ) ;
#930 = VECTOR ( 'NONE', #1442, 1000.000000000000000 ) ;
#931 = DIRECTION ( 'NONE',  ( 0.000000000000000000, 0.000000000000000000, -1.000000000000000000 ) ) ;
#932 = CC_DESIGN_SECURITY_CLASSIFICATION ( #1054, ( #639 ) ) ;
#933 = APPROVAL_ROLE ( '' ) ;
#934 = ORIENTED_EDGE ( 'NONE', *, *, #223, .T. ) ;
#935 = ORIENTED_EDGE ( 'NONE', *, *, #1282, .F. ) ;
#936 = LINE ( 'NONE', #384, #128 ) ;
#937 = EDGE_CURVE ( 'NONE', #418, #268, #297, .T. ) ;
#938 = DIRECTION ( 'NONE',  ( 0.000000000000000000, 0.000000000000000000, -1.000000000000000000 ) ) ;
#939 = ORIENTED_EDGE ( 'NONE', *, *, #1227, .T. ) ;
#940 = CYLINDRICAL_SURFACE ( 'NONE', #784, 1.600000000000004086 ) ;
#941 = ORIENTED_EDGE ( 'NONE', *, *, #1437, .T. ) ;
#942 = DIRECTION ( 'NONE',  ( 0.000000000000000000, 0.000000000000000000, 1.000000000000000000 ) ) ;
#943 = CALENDAR_DATE ( 2026, 25, 8 ) ;
#944 = DIRECTION ( 'NONE',  ( -0.000000000000000000, 0.000000000000000000, -1.000000000000000000 ) ) ;
#945 = EDGE_LOOP ( 'NONE', ( #307, #1448, #1388, #914 ) ) ;
#946 = LINE ( 'NONE', #856, #928 ) ;
#947 = AXIS2_PLACEMENT_3D ( 'NONE', #1136, #681, #446 ) ;
#948 = CIRCLE ( 'NONE', #286, 1.199999999999999734 ) ;
#949 = CIRCLE ( 'NONE', #1309, 1.599999999999997202 ) ;
#950 = EDGE_CURVE ( 'NONE', #467, #521, #693, .T. ) ;
#951 = APPLICATION_CONTEXT ( 'configuration controlled 3d designs of mechanical parts and assemblies' ) ;
#952 = AXIS2_PLACEMENT_3D ( 'NONE', #984, #743, #508 ) ;
#953 = VERTEX_POINT ( 'NONE', #65 ) ;
#954 = CARTESIAN_POINT ( 'NONE',  ( 39.00000000000000000, -1.399999999999999911, 50.00000000000000000 ) ) ;
#955 = CARTESIAN_POINT ( 'NONE',  ( 33.00000000000000000, -1.000000000000000000, 37.00000000000000000 ) ) ;
#956 = EDGE_CURVE ( 'NONE', #1233, #963, #1121, .T. ) ;
#957 = DIRECTION ( 'NONE',  ( -0.000000000000000000, 1.000000000000000000, 0.000000000000000000 ) ) ;
#958 = FACE_OUTER_BOUND ( 'NONE', #284, .T. ) ;
#959 = EDGE_LOOP ( 'NONE', ( #325, #1216 ) ) ;
#960 = FACE_OUTER_BOUND ( 'NONE', #58, .T. ) ;
#961 = ORIENTED_EDGE ( 'NONE', *, *, #1086, .T. ) ;
#962 = LINE ( 'NONE', #280, #67 ) ;
#963 = VERTEX_POINT ( 'NONE', #186 ) ;
#964 = PERSON ( '未', '未', '未', ('未'), ('未'), ('未') ) ;
#965 = DIRECTION ( 'NONE',  ( 0.000000000000000000, 0.000000000000000000, 1.000000000000000000 ) ) ;
#966 = CARTESIAN_POINT ( 'NONE',  ( -34.00000000000000000, 1.000000000000000222, 28.89999999999999858 ) ) ;
#967 = VERTEX_POINT ( 'NONE', #520 ) ;
#968 = EDGE_LOOP ( 'NONE', ( #238, #721 ) ) ;
#969 = CIRCLE ( 'NONE', #1304, 1.199999999999999734 ) ;
#970 = DIRECTION ( 'NONE',  ( -0.000000000000000000, 1.000000000000000000, 0.000000000000000000 ) ) ;
#971 = AXIS2_PLACEMENT_3D ( 'NONE', #954, #736, #394 ) ;
#972 = ORIENTED_EDGE ( 'NONE', *, *, #1443, .T. ) ;
#973 = EDGE_CURVE ( 'NONE', #1058, #767, #878, .T. ) ;
#974 = VERTEX_POINT ( 'NONE', #417 ) ;
#975 = APPROVAL_PERSON_ORGANIZATION ( #375, #500, #253 ) ;
#976 = DIRECTION ( 'NONE',  ( 0.000000000000000000, 0.000000000000000000, -1.000000000000000000 ) ) ;
#977 = EDGE_LOOP ( 'NONE', ( #399, #524, #506, #1050 ) ) ;
#978 = DIRECTION ( 'NONE',  ( 0.000000000000000000, 0.000000000000000000, 1.000000000000000000 ) ) ;
#979 = EDGE_CURVE ( 'NONE', #393, #1248, #472, .T. ) ;
#980 = CYLINDRICAL_SURFACE ( 'NONE', #1352, 7.500000000000000000 ) ;
#981 = LINE ( 'NONE', #1005, #930 ) ;
#982 = ORIENTED_EDGE ( 'NONE', *, *, #1243, .F. ) ;
#983 = PLANE ( 'NONE',  #471 ) ;
#984 = CARTESIAN_POINT ( 'NONE',  ( 14.00000000000000000, 1.000000000000000222, 51.10000000000000142 ) ) ;
#985 = ORIENTED_EDGE ( 'NONE', *, *, #281, .T. ) ;
#986 = DIRECTION ( 'NONE',  ( 0.000000000000000000, -1.000000000000000000, -0.000000000000000000 ) ) ;
#987 = CARTESIAN_POINT ( 'NONE',  ( -34.00000000000000000, -1.000000000000000000, 40.00000000000000000 ) ) ;
#988 = DIRECTION ( 'NONE',  ( 0.000000000000000000, 0.000000000000000000, 1.000000000000000000 ) ) ;
#989 = EDGE_CURVE ( 'NONE', #974, #1152, #949, .T. ) ;
#990 = DIRECTION ( 'NONE',  ( 0.000000000000000000, -1.000000000000000000, -0.000000000000000000 ) ) ;
#991 = ORIENTED_EDGE ( 'NONE', *, *, #1316, .F. ) ;
#992 = CARTESIAN_POINT ( 'NONE',  ( -43.00000000000000000, -1.399999999999999911, 75.00000000000000000 ) ) ;
#993 = DIRECTION ( 'NONE',  ( 0.000000000000000000, -1.000000000000000000, -0.000000000000000000 ) ) ;
#994 = ORIENTED_EDGE ( 'NONE', *, *, #74, .F. ) ;
#995 = CIRCLE ( 'NONE', #360, 1.599999999999997202 ) ;
#996 = VECTOR ( 'NONE', #1260, 1000.000000000000000 ) ;
#997 = EDGE_CURVE ( 'NONE', #844, #391, #627, .T. ) ;
#998 = VECTOR ( 'NONE', #598, 1000.000000000000000 ) ;
#999 = CARTESIAN_POINT ( 'NONE',  ( 0.000000000000000000, -1.000000000000000000, 37.00000000000000000 ) ) ;
#1000 = VERTEX_POINT ( 'NONE', #880 ) ;
#1001 = CC_DESIGN_APPROVAL ( #86, ( #639 ) ) ;
#1002 = LINE ( 'NONE', #118, #171 ) ;
#1003 = ORIENTED_EDGE ( 'NONE', *, *, #190, .F. ) ;
#1004 = DIRECTION ( 'NONE',  ( 0.000000000000000000, 1.000000000000000000, 0.000000000000000000 ) ) ;
#1005 = CARTESIAN_POINT ( 'NONE',  ( 50.00000000000000000, 1.000000000000000000, 0.000000000000000000 ) ) ;
#1006 = ORIENTED_EDGE ( 'NONE', *, *, #875, .F. ) ;
#1007 = APPROVAL_ROLE ( '' ) ;
#1008 = DIRECTION ( 'NONE',  ( 0.000000000000000000, -1.000000000000000000, -0.000000000000000000 ) ) ;
#1009 = CARTESIAN_POINT ( 'NONE',  ( -50.00000000000000000, 0.000000000000000000, 0.000000000000000000 ) ) ;
#1010 = CARTESIAN_POINT ( 'NONE',  ( -43.00000000000000000, 1.000000000000000222, 5.000000000000000000 ) ) ;
#1011 = CARTESIAN_POINT ( 'NONE',  ( -10.00000000000000000, -1.000000000000000000, 27.29999999999999716 ) ) ;
#1012 = ORIENTED_EDGE ( 'NONE', *, *, #36, .T. ) ;
#1013 = ORIENTED_EDGE ( 'NONE', *, *, #1269, .F. ) ;
#1014 = CARTESIAN_POINT ( 'NONE',  ( 50.00000000000000000, 0.000000000000000000, 80.00000000000000000 ) ) ;
#1015 = ADVANCED_FACE ( 'NONE', ( #225 ), #884, .F. ) ;
#1016 = DIRECTION ( 'NONE',  ( 0.000000000000000000, 1.000000000000000000, 0.000000000000000000 ) ) ;
#1017 = DIRECTION ( 'NONE',  ( 0.000000000000000000, 0.000000000000000000, -1.000000000000000000 ) ) ;
#1018 = DIRECTION ( 'NONE',  ( 0.000000000000000000, 1.000000000000000000, 0.000000000000000000 ) ) ;
#1019 = CARTESIAN_POINT ( 'NONE',  ( -43.00000000000000000, -1.399999999999999911, 5.000000000000000000 ) ) ;
#1020 = CIRCLE ( 'NONE', #754, 1.599999999999999867 ) ;
#1021 = ORIENTED_EDGE ( 'NONE', *, *, #1171, .T. ) ;
#1022 = VECTOR ( 'NONE', #290, 1000.000000000000000 ) ;
#1023 = DIRECTION ( 'NONE',  ( 0.000000000000000000, 0.000000000000000000, 1.000000000000000000 ) ) ;
#1024 = ORIENTED_EDGE ( 'NONE', *, *, #36, .F. ) ;
#1025 = ORIENTED_EDGE ( 'NONE', *, *, #318, .F. ) ;
#1026 = AXIS2_PLACEMENT_3D ( 'NONE', #1019, #235, #683 ) ;
#1027 = AXIS2_PLACEMENT_3D ( 'NONE', #802, #1345, #1469 ) ;
#1028 = FACE_BOUND ( 'NONE', #438, .T. ) ;
#1029 = DIRECTION ( 'NONE',  ( -0.000000000000000000, 1.000000000000000000, 0.000000000000000000 ) ) ;
#1030 = AXIS2_PLACEMENT_3D ( 'NONE', #170, #1075, #1295 ) ;
#1031 = ADVANCED_FACE ( 'NONE', ( #1342, #1028, #1259, #102, #680, #5, #1252, #460, #773, #326, #231, #566, #439, #1234, #686, #891, #543 ), #216, .T. ) ;
#1032 = LINE ( 'NONE', #1276, #490 ) ;
#1033 = CARTESIAN_POINT ( 'NONE',  ( 39.00000000000000000, 0.000000000000000000, 37.00000000000000000 ) ) ;
#1034 = FACE_OUTER_BOUND ( 'NONE', #1113, .T. ) ;
#1035 = DIRECTION ( 'NONE',  ( 0.000000000000000000, 1.000000000000000000, 0.000000000000000000 ) ) ;
#1036 = CARTESIAN_POINT ( 'NONE',  ( 14.00000000000000178, -1.000000000000000000, 32.50000000000000000 ) ) ;
#1037 = CARTESIAN_POINT ( 'NONE',  ( -10.00000000000000000, 1.000000000000000222, 40.00000000000000000 ) ) ;
#1038 = CC_DESIGN_PERSON_AND_ORGANIZATION_ASSIGNMENT ( #1165, #381, ( #1054 ) ) ;
#1039 = EDGE_LOOP ( 'NONE', ( #1125, #248 ) ) ;
#1040 = DATE_TIME_ROLE ( 'creation_date' ) ;
#1041 = LINE ( 'NONE', #356, #616 ) ;
#1042 = CARTESIAN_POINT ( 'NONE',  ( 39.00000000000000000, -1.000000000000000000, 50.00000000000000000 ) ) ;
#1043 = ORIENTED_EDGE ( 'NONE', *, *, #117, .T. ) ;
#1044 = EDGE_CURVE ( 'NONE', #391, #792, #1002, .T. ) ;
#1045 = CIRCLE ( 'NONE', #1302, 1.600000000000000755 ) ;
#1046 = PERSON_AND_ORGANIZATION_ROLE ( 'creator' ) ;
#1047 = ORIENTED_EDGE ( 'NONE', *, *, #1405, .F. ) ;
#1048 = AXIS2_PLACEMENT_3D ( 'NONE', #879, #1335, #765 ) ;
#1049 = DIRECTION ( 'NONE',  ( -0.000000000000000000, 1.000000000000000000, 0.000000000000000000 ) ) ;
#1050 = ORIENTED_EDGE ( 'NONE', *, *, #728, .F. ) ;
#1051 = VECTOR ( 'NONE', #706, 1000.000000000000000 ) ;
#1052 = AXIS2_PLACEMENT_3D ( 'NONE', #796, #366, #1057 ) ;
#1053 = CARTESIAN_POINT ( 'NONE',  ( -43.00000000000000000, -1.000000000000000000, 5.000000000000000000 ) ) ;
#1054 = SECURITY_CLASSIFICATION ( '', '', #1389 ) ;
#1055 = DIRECTION ( 'NONE',  ( -1.000000000000000000, 0.000000000000000000, 0.000000000000000000 ) ) ;
#1056 = EDGE_LOOP ( 'NONE', ( #298, #246 ) ) ;
#1057 = DIRECTION ( 'NONE',  ( 0.000000000000000000, 0.000000000000000000, 1.000000000000000000 ) ) ;
#1058 = VERTEX_POINT ( 'NONE', #132 ) ;
#1059 = CARTESIAN_POINT ( 'NONE',  ( -10.00000000000000000, -1.399999999999999911, 28.89999999999999858 ) ) ;
#1060 = ADVANCED_FACE ( 'NONE', ( #664 ), #1116, .F. ) ;
#1061 = PRODUCT ( 'UpperMidiUsb_V04_3xDIN_USB_C_Inline', 'UpperMidiUsb_V04_3xDIN_USB_C_Inline', '', ( #661 ) ) ;
#1062 = PERSON_AND_ORGANIZATION ( #964, #788 ) ;
#1063 = FACE_OUTER_BOUND ( 'NONE', #900, .T. ) ;
#1064 = FACE_OUTER_BOUND ( 'NONE', #977, .T. ) ;
#1065 = EDGE_CURVE ( 'NONE', #922, #1381, #812, .T. ) ;
#1066 = ORIENTED_EDGE ( 'NONE', *, *, #909, .T. ) ;
#1067 = DIRECTION ( 'NONE',  ( 0.000000000000000000, -1.000000000000000000, -0.000000000000000000 ) ) ;
#1068 = CIRCLE ( 'NONE', #13, 1.199999999999999734 ) ;
#1069 = CARTESIAN_POINT ( 'NONE',  ( -34.00000000000000000, 1.000000000000000222, 27.29999999999999716 ) ) ;
#1070 = CIRCLE ( 'NONE', #1194, 7.500000000000000000 ) ;
#1071 = AXIS2_PLACEMENT_3D ( 'NONE', #624, #1079, #51 ) ;
#1072 = EDGE_CURVE ( 'NONE', #239, #1078, #903, .T. ) ;
#1073 = VERTEX_POINT ( 'NONE', #1462 ) ;
#1074 = DIRECTION ( 'NONE',  ( 0.000000000000000000, 1.000000000000000000, 0.000000000000000000 ) ) ;
#1075 = DIRECTION ( 'NONE',  ( 0.000000000000000000, -1.000000000000000000, -0.000000000000000000 ) ) ;
#1076 = DIRECTION ( 'NONE',  ( 0.000000000000000000, 1.000000000000000000, 0.000000000000000000 ) ) ;
#1077 = VERTEX_POINT ( 'NONE', #110 ) ;
#1078 = VERTEX_POINT ( 'NONE', #454 ) ;
#1079 = DIRECTION ( 'NONE',  ( -0.000000000000000000, 1.000000000000000000, 0.000000000000000000 ) ) ;
#1080 = DIRECTION ( 'NONE',  ( 0.000000000000000000, -0.000000000000000000, 1.000000000000000000 ) ) ;
#1081 = CARTESIAN_POINT ( 'NONE',  ( -43.00000000000000000, 1.000000000000000222, 75.00000000000000000 ) ) ;
#1082 = CARTESIAN_POINT ( 'NONE',  ( 45.00000000000000000, 0.000000000000000000, 43.00000000000000000 ) ) ;
#1083 = ORIENTED_EDGE ( 'NONE', *, *, #482, .T. ) ;
#1084 = EDGE_CURVE ( 'NONE', #1248, #393, #663, .T. ) ;
#1085 = DIRECTION ( 'NONE',  ( 0.000000000000000000, 0.000000000000000000, 1.000000000000000000 ) ) ;
#1086 = EDGE_CURVE ( 'NONE', #1341, #1253, #495, .T. ) ;
#1087 = DIRECTION ( 'NONE',  ( -1.000000000000000000, -0.000000000000000000, 0.000000000000000000 ) ) ;
#1088 = PLANE ( 'NONE',  #1449 ) ;
#1089 = DIRECTION ( 'NONE',  ( -0.000000000000000000, 1.000000000000000000, 0.000000000000000000 ) ) ;
#1090 = EDGE_LOOP ( 'NONE', ( #1301, #154, #912, #982 ) ) ;
#1091 = ORIENTED_EDGE ( 'NONE', *, *, #622, .F. ) ;
#1092 = CIRCLE ( 'NONE', #1093, 1.600000000000000755 ) ;
#1093 = AXIS2_PLACEMENT_3D ( 'NONE', #1195, #1108, #863 ) ;
#1094 = CARTESIAN_POINT ( 'NONE',  ( -43.00000000000000000, -1.399999999999999911, 5.000000000000000000 ) ) ;
#1095 = ORIENTED_EDGE ( 'NONE', *, *, #644, .F. ) ;
#1096 = VECTOR ( 'NONE', #1023, 1000.000000000000000 ) ;
#1097 = DIRECTION ( 'NONE',  ( 0.000000000000000000, 0.000000000000000000, 1.000000000000000000 ) ) ;
#1098 = ORIENTED_EDGE ( 'NONE', *, *, #1065, .T. ) ;
#1099 = FACE_OUTER_BOUND ( 'NONE', #890, .T. ) ;
#1100 = CARTESIAN_POINT ( 'NONE',  ( -10.00000000000000000, -1.399999999999999911, 40.00000000000000000 ) ) ;
#1101 = ORIENTED_EDGE ( 'NONE', *, *, #822, .F. ) ;
#1102 = VERTEX_POINT ( 'NONE', #320 ) ;
#1103 = CARTESIAN_POINT ( 'NONE',  ( 14.00000000000000000, -1.000000000000000000, 40.00000000000000000 ) ) ;
#1104 = EDGE_LOOP ( 'NONE', ( #621, #1225 ) ) ;
#1105 = CARTESIAN_POINT ( 'NONE',  ( 33.00000000000000000, 0.000000000000000000, 37.00000000000000000 ) ) ;
#1106 = VERTEX_POINT ( 'NONE', #766 ) ;
#1107 = CARTESIAN_POINT ( 'NONE',  ( 50.00000000000000000, -1.000000000000000000, 0.000000000000000000 ) ) ;
#1108 = DIRECTION ( 'NONE',  ( -0.000000000000000000, 1.000000000000000000, 0.000000000000000000 ) ) ;
#1109 = EDGE_LOOP ( 'NONE', ( #452, #586 ) ) ;
#1110 = EDGE_CURVE ( 'NONE', #679, #418, #93, .T. ) ;
#1111 = CARTESIAN_POINT ( 'NONE',  ( -10.00000000000000000, 1.000000000000000222, 40.00000000000000000 ) ) ;
#1112 = ORIENTED_EDGE ( 'NONE', *, *, #188, .F. ) ;
#1113 = EDGE_LOOP ( 'NONE', ( #764, #79, #1066, #31 ) ) ;
#1114 = EDGE_CURVE ( 'NONE', #1182, #1146, #785, .T. ) ;
#1115 = DIRECTION ( 'NONE',  ( 0.000000000000000000, -1.000000000000000000, -0.000000000000000000 ) ) ;
#1116 = CYLINDRICAL_SURFACE ( 'NONE', #1027, 7.500000000000000000 ) ;
#1117 = CARTESIAN_POINT ( 'NONE',  ( 39.00000000000000000, -1.399999999999999911, 31.19999999999999929 ) ) ;
#1118 = VECTOR ( 'NONE', #744, 1000.000000000000000 ) ;
#1119 = EDGE_CURVE ( 'NONE', #90, #511, #1241, .T. ) ;
#1120 = VECTOR ( 'NONE', #124, 1000.000000000000000 ) ;
#1121 = CIRCLE ( 'NONE', #715, 1.600000000000004086 ) ;
#1122 = ADVANCED_FACE ( 'NONE', ( #1359 ), #345, .F. ) ;
#1123 = APPROVAL_STATUS ( 'not_yet_approved' ) ;
#1124 = AXIS2_PLACEMENT_3D ( 'NONE', #1132, #684, #911 ) ;
#1125 = ORIENTED_EDGE ( 'NONE', *, *, #300, .F. ) ;
#1126 = DIRECTION ( 'NONE',  ( -0.000000000000000000, 1.000000000000000000, 0.000000000000000000 ) ) ;
#1127 = EDGE_LOOP ( 'NONE', ( #1021, #633, #901, #1095 ) ) ;
#1128 = DIRECTION ( 'NONE',  ( 0.000000000000000000, 0.000000000000000000, 1.000000000000000000 ) ) ;
#1129 = CARTESIAN_POINT ( 'NONE',  ( 14.00000000000000000, -1.000000000000000000, 47.50000000000000000 ) ) ;
#1130 = CARTESIAN_POINT ( 'NONE',  ( -43.00000000000000000, -1.399999999999999911, 75.00000000000000000 ) ) ;
#1131 = ORIENTED_EDGE ( 'NONE', *, *, #644, .T. ) ;
#1132 = CARTESIAN_POINT ( 'NONE',  ( -10.00000000000000000, -1.000000000000000000, 28.89999999999999858 ) ) ;
#1133 = ORIENTED_EDGE ( 'NONE', *, *, #207, .F. ) ;
#1134 = DIRECTION ( 'NONE',  ( 0.000000000000000000, 0.000000000000000000, 1.000000000000000000 ) ) ;
#1135 = VERTEX_POINT ( 'NONE', #256 ) ;
#1136 = CARTESIAN_POINT ( 'NONE',  ( 14.00000000000000000, -1.399999999999999911, 28.89999999999999858 ) ) ;
#1137 = CARTESIAN_POINT ( 'NONE',  ( 14.00000000000000000, -1.399999999999999911, 52.69999999999999574 ) ) ;
#1138 = DIRECTION ( 'NONE',  ( 0.000000000000000000, 0.000000000000000000, 1.000000000000000000 ) ) ;
#1139 = ADVANCED_FACE ( 'NONE', ( #1063 ), #718, .F. ) ;
#1140 = EDGE_LOOP ( 'NONE', ( #1323, #720, #678, #346 ) ) ;
#1141 = CARTESIAN_POINT ( 'NONE',  ( 39.00000000000000000, 1.000000000000000222, 51.20000000000000284 ) ) ;
#1142 = ORIENTED_EDGE ( 'NONE', *, *, #1461, .F. ) ;
#1143 = ORIENTED_EDGE ( 'NONE', *, *, #950, .T. ) ;
#1144 = ADVANCED_FACE ( 'NONE', ( #1183 ), #823, .F. ) ;
#1145 = CARTESIAN_POINT ( 'NONE',  ( 0.000000000000000000, -1.000000000000000000, 0.000000000000000000 ) ) ;
#1146 = VERTEX_POINT ( 'NONE', #699 ) ;
#1147 = CARTESIAN_POINT ( 'NONE',  ( -43.00000000000000000, -1.000000000000000000, 75.00000000000000000 ) ) ;
#1148 = FACE_OUTER_BOUND ( 'NONE', #945, .T. ) ;
#1149 = CARTESIAN_POINT ( 'NONE',  ( -34.00000000000000000, -1.399999999999999911, 32.50000000000000000 ) ) ;
#1150 = CIRCLE ( 'NONE', #779, 1.199999999999999734 ) ;
#1151 = DIRECTION ( 'NONE',  ( 0.000000000000000000, 1.000000000000000000, 0.000000000000000000 ) ) ;
#1152 = VERTEX_POINT ( 'NONE', #828 ) ;
#1153 = VECTOR ( 'NONE', #1018, 1000.000000000000000 ) ;
#1154 = AXIS2_PLACEMENT_3D ( 'NONE', #576, #445, #241 ) ;
#1155 = CARTESIAN_POINT ( 'NONE',  ( -10.00000000000000000, -1.399999999999999911, 51.10000000000000142 ) ) ;
#1156 = ORIENTED_EDGE ( 'NONE', *, *, #464, .F. ) ;
#1157 = CARTESIAN_POINT ( 'NONE',  ( 14.00000000000000000, 1.000000000000000222, 51.10000000000000142 ) ) ;
#1158 = AXIS2_PLACEMENT_3D ( 'NONE', #1477, #331, #100 ) ;
#1159 = DIRECTION ( 'NONE',  ( 0.000000000000000000, 0.000000000000000000, 1.000000000000000000 ) ) ;
#1160 = APPROVAL ( #1123, '未' ) ;
#1161 = DATE_AND_TIME ( #1400, #1289 ) ;
#1162 = DIRECTION ( 'NONE',  ( 1.000000000000000000, 0.000000000000000000, -0.000000000000000000 ) ) ;
#1163 = CARTESIAN_POINT ( 'NONE',  ( -10.00000000000000000, -1.000000000000000000, 51.10000000000000142 ) ) ;
#1164 = EDGE_CURVE ( 'NONE', #405, #759, #270, .T. ) ;
#1165 = PERSON_AND_ORGANIZATION ( #964, #788 ) ;
#1166 = CARTESIAN_POINT ( 'NONE',  ( 14.00000000000000000, -1.399999999999999911, 51.10000000000000142 ) ) ;
#1167 = CARTESIAN_POINT ( 'NONE',  ( 39.00000000000000000, -1.000000000000000000, 51.20000000000000284 ) ) ;
#1168 = VECTOR ( 'NONE', #338, 1000.000000000000000 ) ;
#1169 = ADVANCED_FACE ( 'NONE', ( #722 ), #1397, .T. ) ;
#1170 = CIRCLE ( 'NONE', #873, 1.600000000000000755 ) ;
#1171 = EDGE_CURVE ( 'NONE', #1467, #925, #636, .T. ) ;
#1172 = FACE_OUTER_BOUND ( 'NONE', #673, .T. ) ;
#1173 = AXIS2_PLACEMENT_3D ( 'NONE', #1347, #134, #666 ) ;
#1174 = AXIS2_PLACEMENT_3D ( 'NONE', #966, #1089, #619 ) ;
#1175 = AXIS2_PLACEMENT_3D ( 'NONE', #237, #793, #115 ) ;
#1176 = VERTEX_POINT ( 'NONE', #1403 ) ;
#1177 = CARTESIAN_POINT ( 'NONE',  ( -50.00000000000000000, 0.000000000000000000, 80.00000000000000000 ) ) ;
#1178 = EDGE_LOOP ( 'NONE', ( #84, #25, #1047, #1013 ) ) ;
#1179 = ADVANCED_FACE ( 'NONE', ( #1172 ), #139, .F. ) ;
#1180 = CARTESIAN_POINT ( 'NONE',  ( 14.00000000000000000, -1.000000000000000000, 28.89999999999999858 ) ) ;
#1181 = DIRECTION ( 'NONE',  ( 0.000000000000000000, 0.000000000000000000, 1.000000000000000000 ) ) ;
#1182 = VERTEX_POINT ( 'NONE', #146 ) ;
#1183 = FACE_OUTER_BOUND ( 'NONE', #1140, .T. ) ;
#1184 = ORIENTED_EDGE ( 'NONE', *, *, #989, .F. ) ;
#1185 = EDGE_CURVE ( 'NONE', #974, #967, #936, .T. ) ;
#1186 = DIRECTION ( 'NONE',  ( 1.000000000000000000, 0.000000000000000000, -0.000000000000000000 ) ) ;
#1187 = ORIENTED_EDGE ( 'NONE', *, *, #1164, .T. ) ;
#1188 = CARTESIAN_POINT ( 'NONE',  ( 45.00000000000000000, 0.000000000000000000, 37.00000000000000000 ) ) ;
#1189 = ORIENTED_EDGE ( 'NONE', *, *, #387, .T. ) ;
#1190 = CIRCLE ( 'NONE', #242, 1.600000000000004086 ) ;
#1191 = FACE_BOUND ( 'NONE', #463, .T. ) ;
#1192 = AXIS2_PLACEMENT_3D ( 'NONE', #1053, #20, #938 ) ;
#1193 = CARTESIAN_POINT ( 'NONE',  ( -43.00000000000000000, -1.399999999999999911, 73.39999999999999147 ) ) ;
#1194 = AXIS2_PLACEMENT_3D ( 'NONE', #1222, #537, #189 ) ;
#1195 = CARTESIAN_POINT ( 'NONE',  ( 14.00000000000000000, 1.000000000000000222, 28.89999999999999858 ) ) ;
#1196 = AXIS2_PLACEMENT_3D ( 'NONE', #24, #1292, #929 ) ;
#1197 = ORIENTED_EDGE ( 'NONE', *, *, #572, .F. ) ;
#1198 = ORIENTED_EDGE ( 'NONE', *, *, #865, .F. ) ;
#1199 = FACE_BOUND ( 'NONE', #968, .T. ) ;
#1200 = CARTESIAN_POINT ( 'NONE',  ( 33.00000000000000000, 1.000000000000000000, 0.000000000000000000 ) ) ;
#1201 = CARTESIAN_POINT ( 'NONE',  ( -34.00000000000000000, -1.399999999999999911, 40.00000000000000000 ) ) ;
#1202 = EDGE_CURVE ( 'NONE', #671, #377, #1041, .T. ) ;
#1203 = EDGE_LOOP ( 'NONE', ( #365, #108, #261, #302 ) ) ;
#1204 = CARTESIAN_POINT ( 'NONE',  ( -50.00000000000000000, 0.000000000000000000, 0.000000000000000000 ) ) ;
#1205 = ORIENTED_EDGE ( 'NONE', *, *, #1202, .F. ) ;
#1206 = FACE_OUTER_BOUND ( 'NONE', #858, .T. ) ;
#1207 = CARTESIAN_POINT ( 'NONE',  ( 14.00000000000000000, -1.399999999999999911, 27.29999999999999716 ) ) ;
#1208 = CC_DESIGN_PERSON_AND_ORGANIZATION_ASSIGNMENT ( #919, #805, ( #639 ) ) ;
#1209 = DIRECTION ( 'NONE',  ( 0.000000000000000000, 1.000000000000000000, 0.000000000000000000 ) ) ;
#1210 = CARTESIAN_POINT ( 'NONE',  ( -10.00000000000000000, 1.000000000000000222, 49.50000000000000000 ) ) ;
#1211 = FACE_OUTER_BOUND ( 'NONE', #1203, .T. ) ;
#1212 = ORIENTED_EDGE ( 'NONE', *, *, #1333, .F. ) ;
#1213 = VECTOR ( 'NONE', #234, 1000.000000000000000 ) ;
#1214 = VECTOR ( 'NONE', #304, 1000.000000000000000 ) ;
#1215 = FACE_BOUND ( 'NONE', #72, .T. ) ;
#1216 = ORIENTED_EDGE ( 'NONE', *, *, #956, .F. ) ;
#1217 = EDGE_CURVE ( 'NONE', #953, #922, #587, .T. ) ;
#1218 = DIRECTION ( 'NONE',  ( 0.000000000000000000, 0.000000000000000000, -1.000000000000000000 ) ) ;
#1219 = DIRECTION ( 'NONE',  ( 0.000000000000000000, 0.000000000000000000, -1.000000000000000000 ) ) ;
#1220 = CARTESIAN_POINT ( 'NONE',  ( -34.00000000000000000, -1.399999999999999911, 27.29999999999999716 ) ) ;
#1221 = EDGE_CURVE ( 'NONE', #595, #1248, #19, .T. ) ;
#1222 = CARTESIAN_POINT ( 'NONE',  ( -34.00000000000000000, 1.000000000000000222, 40.00000000000000000 ) ) ;
#1223 = APPLICATION_PROTOCOL_DEFINITION ( 'international standard', 'config_control_design', 1994, #951 ) ;
#1224 = ORIENTED_EDGE ( 'NONE', *, *, #950, .F. ) ;
#1225 = ORIENTED_EDGE ( 'NONE', *, *, #909, .F. ) ;
#1226 = CARTESIAN_POINT ( 'NONE',  ( 14.00000000000000000, -1.399999999999999911, 28.89999999999999858 ) ) ;
#1227 = EDGE_CURVE ( 'NONE', #759, #824, #542, .T. ) ;
#1228 = DIRECTION ( 'NONE',  ( 1.000000000000000000, 0.000000000000000000, -0.000000000000000000 ) ) ;
#1229 = EDGE_LOOP ( 'NONE', ( #837, #9 ) ) ;
#1230 = CYLINDRICAL_SURFACE ( 'NONE', #166, 1.599999999999997202 ) ;
#1231 = PERSON_AND_ORGANIZATION ( #964, #788 ) ;
#1232 = EDGE_LOOP ( 'NONE', ( #781, #492, #327, #14 ) ) ;
#1233 = VERTEX_POINT ( 'NONE', #711 ) ;
#1234 = FACE_BOUND ( 'NONE', #313, .T. ) ;
#1235 = DIRECTION ( 'NONE',  ( 0.000000000000000000, -1.000000000000000000, -0.000000000000000000 ) ) ;
#1236 = CIRCLE ( 'NONE', #1377, 7.500000000000000000 ) ;
#1237 = AXIS2_PLACEMENT_3D ( 'NONE', #42, #847, #54 ) ;
#1238 = AXIS2_PLACEMENT_3D ( 'NONE', #468, #158, #825 ) ;
#1239 = ORIENTED_EDGE ( 'NONE', *, *, #1307, .F. ) ;
#1240 =( LENGTH_UNIT ( ) NAMED_UNIT ( * ) SI_UNIT ( .MILLI., .METRE. ) );
#1241 = LINE ( 'NONE', #557, #853 ) ;
#1242 = EDGE_LOOP ( 'NONE', ( #1353, #517, #910, #746 ) ) ;
#1243 = EDGE_CURVE ( 'NONE', #844, #305, #487, .T. ) ;
#1244 = CYLINDRICAL_SURFACE ( 'NONE', #1238, 1.199999999999999734 ) ;
#1245 = LINE ( 'NONE', #1137, #778 ) ;
#1246 = LINE ( 'NONE', #560, #1153 ) ;
#1247 = ADVANCED_FACE ( 'NONE', ( #481 ), #940, .F. ) ;
#1248 = VERTEX_POINT ( 'NONE', #1286 ) ;
#1249 = CARTESIAN_POINT ( 'NONE',  ( -43.00000000000000000, -1.000000000000000000, 5.000000000000000000 ) ) ;
#1250 = LINE ( 'NONE', #530, #1096 ) ;
#1251 = ORIENTED_EDGE ( 'NONE', *, *, #1164, .F. ) ;
#1252 = FACE_BOUND ( 'NONE', #1178, .T. ) ;
#1253 = VERTEX_POINT ( 'NONE', #604 ) ;
#1254 = EDGE_CURVE ( 'NONE', #1135, #181, #1428, .T. ) ;
#1255 = DIRECTION ( 'NONE',  ( 0.000000000000000000, 1.000000000000000000, 0.000000000000000000 ) ) ;
#1256 = CARTESIAN_POINT ( 'NONE',  ( -43.00000000000000000, -1.399999999999999911, 3.400000000000000355 ) ) ;
#1257 = EDGE_LOOP ( 'NONE', ( #1101, #1133 ) ) ;
#1258 = FACE_OUTER_BOUND ( 'NONE', #455, .T. ) ;
#1259 = FACE_BOUND ( 'NONE', #344, .T. ) ;
#1260 = DIRECTION ( 'NONE',  ( -1.000000000000000000, 0.000000000000000000, 0.000000000000000000 ) ) ;
#1261 = DIRECTION ( 'NONE',  ( 0.000000000000000000, 0.000000000000000000, -1.000000000000000000 ) ) ;
#1262 = CYLINDRICAL_SURFACE ( 'NONE', #97, 1.600000000000000755 ) ;
#1263 = CIRCLE ( 'NONE', #1351, 7.500000000000000000 ) ;
#1264 = ORIENTED_EDGE ( 'NONE', *, *, #696, .F. ) ;
#1265 = VECTOR ( 'NONE', #151, 1000.000000000000000 ) ;
#1266 = AXIS2_PLACEMENT_3D ( 'NONE', #745, #848, #1328 ) ;
#1267 = ADVANCED_FACE ( 'NONE', ( #1373 ), #808, .F. ) ;
#1268 = DIRECTION ( 'NONE',  ( 0.000000000000000000, -1.000000000000000000, -0.000000000000000000 ) ) ;
#1269 = EDGE_CURVE ( 'NONE', #792, #377, #502, .T. ) ;
#1270 = DIRECTION ( 'NONE',  ( 0.000000000000000000, 0.000000000000000000, 1.000000000000000000 ) ) ;
#1271 = CARTESIAN_POINT ( 'NONE',  ( -10.00000000000000000, 1.000000000000000222, 30.50000000000000000 ) ) ;
#1272 = CARTESIAN_POINT ( 'NONE',  ( -10.00000000000000000, -1.399999999999999911, 27.29999999999999716 ) ) ;
#1273 = APPROVAL_STATUS ( 'not_yet_approved' ) ;
#1274 = CARTESIAN_POINT ( 'NONE',  ( -10.00000000000000000, -1.399999999999999911, 52.69999999999999574 ) ) ;
#1275 = CARTESIAN_POINT ( 'NONE',  ( -10.00000000000000000, -1.000000000000000000, 52.69999999999999574 ) ) ;
#1276 = CARTESIAN_POINT ( 'NONE',  ( -10.00000000000000000, -1.399999999999999911, 49.50000000000000000 ) ) ;
#1277 = EDGE_LOOP ( 'NONE', ( #232, #412 ) ) ;
#1278 = CARTESIAN_POINT ( 'NONE',  ( -43.00000000000000000, -1.399999999999999911, 6.599999999999999645 ) ) ;
#1279 = CARTESIAN_POINT ( 'NONE',  ( 45.00000000000000000, 1.000000000000000000, 0.000000000000000000 ) ) ;
#1280 = LINE ( 'NONE', #155, #592 ) ;
#1281 = DIRECTION ( 'NONE',  ( 0.000000000000000000, 0.000000000000000000, 1.000000000000000000 ) ) ;
#1282 = EDGE_CURVE ( 'NONE', #268, #549, #1410, .T. ) ;
#1283 = ORIENTED_EDGE ( 'NONE', *, *, #700, .F. ) ;
#1284 = ORIENTED_EDGE ( 'NONE', *, *, #62, .F. ) ;
#1285 = AXIS2_PLACEMENT_3D ( 'NONE', #992, #1446, #424 ) ;
#1286 = CARTESIAN_POINT ( 'NONE',  ( -10.00000000000000000, 1.000000000000000222, 52.69999999999999574 ) ) ;
#1287 = ORIENTED_EDGE ( 'NONE', *, *, #318, .T. ) ;
#1288 = CIRCLE ( 'NONE', #1173, 1.600000000000000755 ) ;
#1289 = LOCAL_TIME ( 21, 17, 31.00000000000000000, #260 ) ;
#1290 = EDGE_CURVE ( 'NONE', #1146, #409, #962, .T. ) ;
#1291 = APPROVAL_DATE_TIME ( #143, #500 ) ;
#1292 = DIRECTION ( 'NONE',  ( 0.000000000000000000, 1.000000000000000000, 0.000000000000000000 ) ) ;
#1293 = DIRECTION ( 'NONE',  ( 0.000000000000000000, -1.000000000000000000, -0.000000000000000000 ) ) ;
#1294 = ORIENTED_EDGE ( 'NONE', *, *, #109, .T. ) ;
#1295 = DIRECTION ( 'NONE',  ( 0.000000000000000000, 0.000000000000000000, -1.000000000000000000 ) ) ;
#1296 = EDGE_CURVE ( 'NONE', #967, #433, #1384, .T. ) ;
#1297 = CARTESIAN_POINT ( 'NONE',  ( 43.00000000000000000, -1.399999999999999911, 5.000000000000000000 ) ) ;
#1298 = ORIENTED_EDGE ( 'NONE', *, *, #200, .T. ) ;
#1299 = ADVANCED_FACE ( 'NONE', ( #201 ), #749, .F. ) ;
#1300 = ORIENTED_EDGE ( 'NONE', *, *, #212, .F. ) ;
#1301 = ORIENTED_EDGE ( 'NONE', *, *, #579, .F. ) ;
#1302 = AXIS2_PLACEMENT_3D ( 'NONE', #78, #789, #1471 ) ;
#1303 = CARTESIAN_POINT ( 'NONE',  ( 43.00000000000000000, -1.399999999999999911, 3.400000000000000355 ) ) ;
#1304 = AXIS2_PLACEMENT_3D ( 'NONE', #164, #1423, #607 ) ;
#1305 = LINE ( 'NONE', #1193, #1022 ) ;
#1306 = AXIS2_PLACEMENT_3D ( 'NONE', #803, #1029, #558 ) ;
#1307 = EDGE_CURVE ( 'NONE', #1401, #620, #815, .T. ) ;
#1308 = DIRECTION ( 'NONE',  ( -0.000000000000000000, 1.000000000000000000, 0.000000000000000000 ) ) ;
#1309 = AXIS2_PLACEMENT_3D ( 'NONE', #649, #533, #738 ) ;
#1310 = AXIS2_PLACEMENT_3D ( 'NONE', #677, #213, #563 ) ;
#1311 = ADVANCED_FACE ( 'NONE', ( #191 ), #294, .F. ) ;
#1312 = CARTESIAN_POINT ( 'NONE',  ( 14.00000000000000000, 1.000000000000000222, 28.89999999999999858 ) ) ;
#1313 = CARTESIAN_POINT ( 'NONE',  ( -34.00000000000000000, -1.399999999999999911, 40.00000000000000000 ) ) ;
#1314 = CARTESIAN_POINT ( 'NONE',  ( -43.00000000000000000, 1.000000000000000222, 73.39999999999999147 ) ) ;
#1315 = VERTEX_POINT ( 'NONE', #1439 ) ;
#1316 = EDGE_CURVE ( 'NONE', #1102, #324, #222, .T. ) ;
#1317 = ORIENTED_EDGE ( 'NONE', *, *, #1, .T. ) ;
#1318 = CARTESIAN_POINT ( 'NONE',  ( 0.000000000000000000, 1.000000000000000000, 0.000000000000000000 ) ) ;
#1319 = ORIENTED_EDGE ( 'NONE', *, *, #597, .F. ) ;
#1320 = CARTESIAN_POINT ( 'NONE',  ( 43.00000000000000000, -1.000000000000000000, 5.000000000000000000 ) ) ;
#1321 = LINE ( 'NONE', #1207, #1214 ) ;
#1322 = VERTEX_POINT ( 'NONE', #53 ) ;
#1323 = ORIENTED_EDGE ( 'NONE', *, *, #1044, .T. ) ;
#1324 = ADVANCED_FACE ( 'NONE', ( #958 ), #841, .T. ) ;
#1325 = EDGE_LOOP ( 'NONE', ( #444, #1205, #514, #1319 ) ) ;
#1326 = FACE_BOUND ( 'NONE', #1369, .T. ) ;
#1327 = DIRECTION ( 'NONE',  ( 0.000000000000000000, 0.000000000000000000, -1.000000000000000000 ) ) ;
#1328 = DIRECTION ( 'NONE',  ( 0.000000000000000000, 0.000000000000000000, 1.000000000000000000 ) ) ;
#1329 = ORIENTED_EDGE ( 'NONE', *, *, #350, .T. ) ;
#1330 = DIRECTION ( 'NONE',  ( 0.000000000000000000, 1.000000000000000000, 0.000000000000000000 ) ) ;
#1331 = VECTOR ( 'NONE', #839, 1000.000000000000000 ) ;
#1332 = VECTOR ( 'NONE', #211, 1000.000000000000000 ) ;
#1333 = EDGE_CURVE ( 'NONE', #534, #767, #859, .T. ) ;
#1334 = CARTESIAN_POINT ( 'NONE',  ( -34.00000000000000000, -1.000000000000000000, 47.50000000000000000 ) ) ;
#1335 = DIRECTION ( 'NONE',  ( 0.000000000000000000, 1.000000000000000000, 0.000000000000000000 ) ) ;
#1336 = DIRECTION ( 'NONE',  ( 0.000000000000000000, 1.000000000000000000, 0.000000000000000000 ) ) ;
#1337 = EDGE_LOOP ( 'NONE', ( #818, #905, #422, #596 ) ) ;
#1338 = VERTEX_POINT ( 'NONE', #726 ) ;
#1339 = DIRECTION ( 'NONE',  ( 0.000000000000000000, 0.000000000000000000, 1.000000000000000000 ) ) ;
#1340 = ORIENTED_EDGE ( 'NONE', *, *, #979, .F. ) ;
#1341 = VERTEX_POINT ( 'NONE', #415 ) ;
#1342 = FACE_BOUND ( 'NONE', #959, .T. ) ;
#1343 = CARTESIAN_POINT ( 'NONE',  ( -10.00000000000000000, -1.399999999999999911, 51.10000000000000142 ) ) ;
#1344 = ORIENTED_EDGE ( 'NONE', *, *, #1084, .T. ) ;
#1345 = DIRECTION ( 'NONE',  ( 0.000000000000000000, 1.000000000000000000, 0.000000000000000000 ) ) ;
#1346 = ORIENTED_EDGE ( 'NONE', *, *, #536, .T. ) ;
#1347 = CARTESIAN_POINT ( 'NONE',  ( -10.00000000000000000, 1.000000000000000222, 28.89999999999999858 ) ) ;
#1348 = ADVANCED_FACE ( 'NONE', ( #1191, #867, #389, #1421, #1326, #71, #287, #1431, #515, #184, #306, #757, #1215, #1199, #179, #401, #630 ), #617, .T. ) ;
#1349 = FACE_OUTER_BOUND ( 'NONE', #66, .T. ) ;
#1350 = VECTOR ( 'NONE', #85, 1000.000000000000000 ) ;
#1351 = AXIS2_PLACEMENT_3D ( 'NONE', #1037, #462, #1375 ) ;
#1352 = AXIS2_PLACEMENT_3D ( 'NONE', #1201, #411, #1425 ) ;
#1353 = ORIENTED_EDGE ( 'NONE', *, *, #648, .F. ) ;
#1354 = AXIS2_PLACEMENT_3D ( 'NONE', #504, #196, #180 ) ;
#1355 =( NAMED_UNIT ( * ) SI_UNIT ( $, .STERADIAN. ) SOLID_ANGLE_UNIT ( ) );
#1356 = ORIENTED_EDGE ( 'NONE', *, *, #431, .T. ) ;
#1357 =( GEOMETRIC_REPRESENTATION_CONTEXT ( 3 ) GLOBAL_UNCERTAINTY_ASSIGNED_CONTEXT ( ( #783 ) ) GLOBAL_UNIT_ASSIGNED_CONTEXT ( ( #1240, #539, #1355 ) ) REPRESENTATION_CONTEXT ( 'NONE', 'WORKASPACE' ) );
#1358 = EDGE_LOOP ( 'NONE', ( #1444, #885, #77, #1156 ) ) ;
#1359 = FACE_OUTER_BOUND ( 'NONE', #877, .T. ) ;
#1360 = DIRECTION ( 'NONE',  ( -0.000000000000000000, 1.000000000000000000, 0.000000000000000000 ) ) ;
#1361 = PLANE ( 'NONE',  #691 ) ;
#1362 = ORIENTED_EDGE ( 'NONE', *, *, #507, .F. ) ;
#1363 = DIRECTION ( 'NONE',  ( 0.000000000000000000, 0.000000000000000000, -1.000000000000000000 ) ) ;
#1364 = EDGE_LOOP ( 'NONE', ( #357, #650 ) ) ;
#1365 = DIRECTION ( 'NONE',  ( 0.000000000000000000, 0.000000000000000000, 1.000000000000000000 ) ) ;
#1366 = DIRECTION ( 'NONE',  ( 0.000000000000000000, 0.000000000000000000, 1.000000000000000000 ) ) ;
#1367 = CYLINDRICAL_SURFACE ( 'NONE', #245, 1.199999999999999734 ) ;
#1368 = CARTESIAN_POINT ( 'NONE',  ( 14.00000000000000000, -1.399999999999999911, 30.50000000000000000 ) ) ;
#1369 = EDGE_LOOP ( 'NONE', ( #1003, #864 ) ) ;
#1370 = ADVANCED_FACE ( 'NONE', ( #1258 ), #343, .F. ) ;
#1371 = SHAPE_DEFINITION_REPRESENTATION ( #602, #103 ) ;
#1372 = ORIENTED_EDGE ( 'NONE', *, *, #1086, .F. ) ;
#1373 = FACE_OUTER_BOUND ( 'NONE', #499, .T. ) ;
#1374 = FACE_OUTER_BOUND ( 'NONE', #1436, .T. ) ;
#1375 = DIRECTION ( 'NONE',  ( 0.000000000000000000, 0.000000000000000000, 1.000000000000000000 ) ) ;
#1376 = EDGE_CURVE ( 'NONE', #574, #643, #594, .T. ) ;
#1377 = AXIS2_PLACEMENT_3D ( 'NONE', #1103, #551, #799 ) ;
#1378 = CIRCLE ( 'NONE', #1192, 1.599999999999999867 ) ;
#1379 = AXIS2_PLACEMENT_3D ( 'NONE', #250, #336, #775 ) ;
#1380 = CALENDAR_DATE ( 2026, 25, 8 ) ;
#1381 = VERTEX_POINT ( 'NONE', #1141 ) ;
#1382 = ORIENTED_EDGE ( 'NONE', *, *, #1405, .T. ) ;
#1383 = AXIS2_PLACEMENT_3D ( 'NONE', #372, #1049, #32 ) ;
#1384 = CIRCLE ( 'NONE', #952, 1.599999999999997202 ) ;
#1385 = DIRECTION ( 'NONE',  ( 0.000000000000000000, 1.000000000000000000, 0.000000000000000000 ) ) ;
#1386 = CARTESIAN_POINT ( 'NONE',  ( -10.00000000000000000, -1.000000000000000000, 30.50000000000000000 ) ) ;
#1387 = CYLINDRICAL_SURFACE ( 'NONE', #38, 1.199999999999999734 ) ;
#1388 = ORIENTED_EDGE ( 'NONE', *, *, #74, .T. ) ;
#1389 = SECURITY_CLASSIFICATION_LEVEL ( 'unclassified' ) ;
#1390 = ORIENTED_EDGE ( 'NONE', *, *, #875, .T. ) ;
#1391 = ORIENTED_EDGE ( 'NONE', *, *, #556, .T. ) ;
#1392 = DIRECTION ( 'NONE',  ( 0.000000000000000000, 1.000000000000000000, 0.000000000000000000 ) ) ;
#1393 = CARTESIAN_POINT ( 'NONE',  ( -34.00000000000000000, -1.399999999999999911, 30.50000000000000000 ) ) ;
#1394 = DIRECTION ( 'NONE',  ( 0.000000000000000000, -1.000000000000000000, -0.000000000000000000 ) ) ;
#1395 = EDGE_LOOP ( 'NONE', ( #772, #233, #575, #888 ) ) ;
#1396 = LINE ( 'NONE', #1278, #852 ) ;
#1397 = PLANE ( 'NONE',  #428 ) ;
#1398 = FACE_OUTER_BOUND ( 'NONE', #494, .T. ) ;
#1399 = EDGE_CURVE ( 'NONE', #175, #734, #1408, .T. ) ;
#1400 = CALENDAR_DATE ( 2026, 25, 8 ) ;
#1401 = VERTEX_POINT ( 'NONE', #1334 ) ;
#1402 = AXIS2_PLACEMENT_3D ( 'NONE', #1320, #73, #1327 ) ;
#1403 = CARTESIAN_POINT ( 'NONE',  ( -10.00000000000000000, 1.000000000000000222, 47.50000000000000000 ) ) ;
#1404 = AXIS2_PLACEMENT_3D ( 'NONE', #285, #733, #178 ) ;
#1405 = EDGE_CURVE ( 'NONE', #377, #1106, #780, .T. ) ;
#1406 = VECTOR ( 'NONE', #993, 1000.000000000000000 ) ;
#1407 = CARTESIAN_POINT ( 'NONE',  ( 45.00000000000000000, -1.000000000000000000, 0.000000000000000000 ) ) ;
#1408 = CIRCLE ( 'NONE', #1310, 1.600000000000004086 ) ;
#1409 = PRODUCT_RELATED_PRODUCT_CATEGORY ( 'detail', '', ( #1061 ) ) ;
#1410 = LINE ( 'NONE', #1318, #339 ) ;
#1411 = DIRECTION ( 'NONE',  ( 0.000000000000000000, 0.000000000000000000, 1.000000000000000000 ) ) ;
#1412 = VERTEX_POINT ( 'NONE', #1459 ) ;
#1413 = ORIENTED_EDGE ( 'NONE', *, *, #572, .T. ) ;
#1414 = EDGE_CURVE ( 'NONE', #254, #1058, #442, .T. ) ;
#1415 = DIRECTION ( 'NONE',  ( -1.000000000000000000, -0.000000000000000000, 0.000000000000000000 ) ) ;
#1416 = ORIENTED_EDGE ( 'NONE', *, *, #776, .T. ) ;
#1417 = DIRECTION ( 'NONE',  ( 0.000000000000000000, 1.000000000000000000, 0.000000000000000000 ) ) ;
#1418 = CARTESIAN_POINT ( 'NONE',  ( 39.00000000000000000, 1.000000000000000222, 48.80000000000000426 ) ) ;
#1419 = ORIENTED_EDGE ( 'NONE', *, *, #188, .T. ) ;
#1420 = AXIS2_PLACEMENT_3D ( 'NONE', #1343, #1255, #777 ) ;
#1421 = FACE_BOUND ( 'NONE', #727, .T. ) ;
#1422 = AXIS2_PLACEMENT_3D ( 'NONE', #1226, #416, #525 ) ;
#1423 = DIRECTION ( 'NONE',  ( 0.000000000000000000, -1.000000000000000000, -0.000000000000000000 ) ) ;
#1424 = AXIS2_PLACEMENT_3D ( 'NONE', #293, #183, #1085 ) ;
#1425 = DIRECTION ( 'NONE',  ( 0.000000000000000000, 0.000000000000000000, 1.000000000000000000 ) ) ;
#1426 = ORIENTED_EDGE ( 'NONE', *, *, #1414, .T. ) ;
#1427 = EDGE_CURVE ( 'NONE', #239, #750, #316, .T. ) ;
#1428 = CIRCLE ( 'NONE', #382, 7.500000000000000000 ) ;
#1429 = CIRCLE ( 'NONE', #473, 1.199999999999999734 ) ;
#1430 = ORIENTED_EDGE ( 'NONE', *, *, #668, .T. ) ;
#1431 = FACE_BOUND ( 'NONE', #531, .T. ) ;
#1432 = ORIENTED_EDGE ( 'NONE', *, *, #756, .T. ) ;
#1433 = EDGE_LOOP ( 'NONE', ( #646, #1184 ) ) ;
#1434 = LINE ( 'NONE', #862, #167 ) ;
#1435 = DIRECTION ( 'NONE',  ( 0.000000000000000000, 0.000000000000000000, 1.000000000000000000 ) ) ;
#1436 = EDGE_LOOP ( 'NONE', ( #87, #292, #370, #317 ) ) ;
#1437 = EDGE_CURVE ( 'NONE', #679, #409, #1250, .T. ) ;
#1438 = CARTESIAN_POINT ( 'NONE',  ( 0.000000000000000000, 0.000000000000000000, 0.000000000000000000 ) ) ;
#1439 = CARTESIAN_POINT ( 'NONE',  ( -9.999999999999998224, 1.000000000000000222, 32.50000000000000000 ) ) ;
#1440 = CYLINDRICAL_SURFACE ( 'NONE', #1048, 1.599999999999999867 ) ;
#1441 = DIRECTION ( 'NONE',  ( 0.000000000000000000, 0.000000000000000000, 1.000000000000000000 ) ) ;
#1442 = DIRECTION ( 'NONE',  ( 0.000000000000000000, 0.000000000000000000, 1.000000000000000000 ) ) ;
#1443 = EDGE_CURVE ( 'NONE', #214, #1412, #1429, .T. ) ;
#1444 = ORIENTED_EDGE ( 'NONE', *, *, #937, .T. ) ;
#1445 = DIRECTION ( 'NONE',  ( 0.000000000000000000, 0.000000000000000000, -1.000000000000000000 ) ) ;
#1446 = DIRECTION ( 'NONE',  ( 0.000000000000000000, 1.000000000000000000, 0.000000000000000000 ) ) ;
#1447 = DIRECTION ( 'NONE',  ( 0.000000000000000000, 0.000000000000000000, 1.000000000000000000 ) ) ;
#1448 = ORIENTED_EDGE ( 'NONE', *, *, #723, .T. ) ;
#1449 = AXIS2_PLACEMENT_3D ( 'NONE', #395, #63, #1186 ) ;
#1450 = VECTOR ( 'NONE', #328, 1000.000000000000000 ) ;
#1451 = DIRECTION ( 'NONE',  ( 0.000000000000000000, 0.000000000000000000, 1.000000000000000000 ) ) ;
#1452 = AXIS2_PLACEMENT_3D ( 'NONE', #1180, #1268, #263 ) ;
#1453 = APPROVAL_PERSON_ORGANIZATION ( #1062, #86, #933 ) ;
#1454 = CARTESIAN_POINT ( 'NONE',  ( 43.00000000000000000, -1.399999999999999911, 6.599999999999999645 ) ) ;
#1455 = ORIENTED_EDGE ( 'NONE', *, *, #973, .T. ) ;
#1456 = CARTESIAN_POINT ( 'NONE',  ( 0.000000000000000000, -1.000000000000000000, 0.000000000000000000 ) ) ;
#1457 = ORIENTED_EDGE ( 'NONE', *, *, #347, .T. ) ;
#1458 = CARTESIAN_POINT ( 'NONE',  ( 0.000000000000000000, 1.000000000000000000, 37.00000000000000000 ) ) ;
#1459 = CARTESIAN_POINT ( 'NONE',  ( 39.00000000000000000, -1.000000000000000000, 31.19999999999999929 ) ) ;
#1460 = ORIENTED_EDGE ( 'NONE', *, *, #1221, .T. ) ;
#1461 = EDGE_CURVE ( 'NONE', #595, #299, #735, .T. ) ;
#1462 = CARTESIAN_POINT ( 'NONE',  ( -34.00000000000000000, -1.000000000000000000, 27.29999999999999716 ) ) ;
#1463 = DIRECTION ( 'NONE',  ( 0.000000000000000000, -1.000000000000000000, -0.000000000000000000 ) ) ;
#1464 = LINE ( 'NONE', #227, #1350 ) ;
#1465 = DIRECTION ( 'NONE',  ( 0.000000000000000000, 1.000000000000000000, 0.000000000000000000 ) ) ;
#1466 = DIRECTION ( 'NONE',  ( 0.000000000000000000, 1.000000000000000000, 0.000000000000000000 ) ) ;
#1467 = VERTEX_POINT ( 'NONE', #899 ) ;
#1468 = ORIENTED_EDGE ( 'NONE', *, *, #135, .F. ) ;
#1469 = DIRECTION ( 'NONE',  ( 0.000000000000000000, 0.000000000000000000, 1.000000000000000000 ) ) ;
#1470 = CARTESIAN_POINT ( 'NONE',  ( -10.00000000000000000, -1.000000000000000000, 40.00000000000000000 ) ) ;
#1471 = DIRECTION ( 'NONE',  ( 0.000000000000000000, 0.000000000000000000, 1.000000000000000000 ) ) ;
#1472 = CARTESIAN_POINT ( 'NONE',  ( 33.00000000000000000, 1.000000000000000000, 37.00000000000000000 ) ) ;
#1473 = AXIS2_PLACEMENT_3D ( 'NONE', #1163, #12, #7 ) ;
#1474 = AXIS2_PLACEMENT_3D ( 'NONE', #1147, #798, #893 ) ;
#1475 = EDGE_LOOP ( 'NONE', ( #202, #1468 ) ) ;
#1476 = AXIS2_PLACEMENT_3D ( 'NONE', #1155, #1035, #1365 ) ;
#1477 = CARTESIAN_POINT ( 'NONE',  ( -10.00000000000000000, -1.000000000000000000, 51.10000000000000142 ) ) ;
#1478 = VERTEX_POINT ( 'NONE', #432 ) ;
#1479 = ORIENTED_EDGE ( 'NONE', *, *, #1307, .T. ) ;
#1480 = DIRECTION ( 'NONE',  ( 0.000000000000000000, 0.000000000000000000, -1.000000000000000000 ) ) ;
#1481 = CARTESIAN_POINT ( 'NONE',  ( -34.00000000000000000, -1.000000000000000000, 30.50000000000000000 ) ) ;
#1482 = DIRECTION ( 'NONE',  ( 0.000000000000000000, -1.000000000000000000, -0.000000000000000000 ) ) ;
#1483 = LINE ( 'NONE', #1256, #1213 ) ;
ENDSEC;
END-ISO-10303-21;
