ISO-10303-21;
HEADER;
FILE_DESCRIPTION (( 'STEP AP203' ),
    '1' );
FILE_NAME ('VentCassette_8Slots_Passive.STEP',
    '2026-08-25T11:06:31',
    ( '' ),
    ( '' ),
    'SwSTEP 2.0',
    'SolidWorks 2025',
    '' );
FILE_SCHEMA (( 'CONFIG_CONTROL_DESIGN' ));
ENDSEC;

DATA;
#1 = FACE_OUTER_BOUND ( 'NONE', #960, .T. ) ;
#2 = ADVANCED_FACE ( 'NONE', ( #827, #1071, #696, #1203, #1332, #104, #588, #837, #1569, #1221, #845, #1087, #1580 ), #452, .T. ) ;
#3 = DIRECTION ( 'NONE',  ( -0.000000000000000000, 1.000000000000000000, 0.000000000000000000 ) ) ;
#4 = ORIENTED_EDGE ( 'NONE', *, *, #843, .F. ) ;
#5 = VECTOR ( 'NONE', #1504, 1000.000000000000000 ) ;
#6 = CARTESIAN_POINT ( 'NONE',  ( -57.50000000000000000, 0.000000000000000000, 0.000000000000000000 ) ) ;
#7 = VECTOR ( 'NONE', #283, 1000.000000000000000 ) ;
#8 = VECTOR ( 'NONE', #978, 1000.000000000000000 ) ;
#9 = ORIENTED_EDGE ( 'NONE', *, *, #171, .F. ) ;
#10 = LINE ( 'NONE', #253, #445 ) ;
#11 = DIRECTION ( 'NONE',  ( 0.000000000000000000, 0.000000000000000000, 1.000000000000000000 ) ) ;
#12 = ADVANCED_FACE ( 'NONE', ( #950 ), #720, .F. ) ;
#13 = DIRECTION ( 'NONE',  ( -1.000000000000000000, 0.000000000000000000, 0.000000000000000000 ) ) ;
#14 = ORIENTED_EDGE ( 'NONE', *, *, #358, .F. ) ;
#15 = CARTESIAN_POINT ( 'NONE',  ( -44.50000000000000711, 0.000000000000000000, 0.000000000000000000 ) ) ;
#16 = ORIENTED_EDGE ( 'NONE', *, *, #1067, .F. ) ;
#17 = CARTESIAN_POINT ( 'NONE',  ( 27.50000000000000355, 11.00000000000000000, -0.2999999999999999889 ) ) ;
#18 = CARTESIAN_POINT ( 'NONE',  ( 73.00000000000000000, -9.000000000000001776, -0.2999999999999999889 ) ) ;
#19 = CARTESIAN_POINT ( 'NONE',  ( -57.50000000000000000, 11.00000000000000000, 0.000000000000000000 ) ) ;
#20 = ORIENTED_EDGE ( 'NONE', *, *, #23, .T. ) ;
#21 = EDGE_CURVE ( 'NONE', #1554, #1527, #955, .T. ) ;
#22 = PLANE ( 'NONE',  #593 ) ;
#23 = EDGE_CURVE ( 'NONE', #607, #868, #986, .T. ) ;
#24 = DIRECTION ( 'NONE',  ( 1.000000000000000000, 0.000000000000000000, 0.000000000000000000 ) ) ;
#25 = ORIENTED_EDGE ( 'NONE', *, *, #251, .T. ) ;
#26 = DIRECTION ( 'NONE',  ( 0.000000000000000000, 1.000000000000000000, 0.000000000000000000 ) ) ;
#27 = CYLINDRICAL_SURFACE ( 'NONE', #78, 1.699999999999993072 ) ;
#28 = DIRECTION ( 'NONE',  ( 0.000000000000000000, 0.000000000000000000, 1.000000000000000000 ) ) ;
#29 = ORIENTED_EDGE ( 'NONE', *, *, #542, .T. ) ;
#30 = VECTOR ( 'NONE', #172, 1000.000000000000000 ) ;
#31 = LINE ( 'NONE', #1026, #943 ) ;
#32 = VECTOR ( 'NONE', #860, 1000.000000000000000 ) ;
#33 = AXIS2_PLACEMENT_3D ( 'NONE', #1274, #1555, #926 ) ;
#34 = EDGE_CURVE ( 'NONE', #1600, #122, #1374, .T. ) ;
#35 = ORIENTED_EDGE ( 'NONE', *, *, #505, .F. ) ;
#36 = DIRECTION ( 'NONE',  ( 0.000000000000000000, 0.000000000000000000, 1.000000000000000000 ) ) ;
#37 = LOCAL_TIME ( 19, 6, 31.00000000000000000, #1162 ) ;
#38 = CARTESIAN_POINT ( 'NONE',  ( -6.500000000000000888, 0.000000000000000000, 0.000000000000000000 ) ) ;
#39 = PLANE ( 'NONE',  #1261 ) ;
#40 = ORIENTED_EDGE ( 'NONE', *, *, #1292, .F. ) ;
#41 = CARTESIAN_POINT ( 'NONE',  ( -40.50000000000000000, 0.000000000000000000, -0.2999999999999999889 ) ) ;
#42 = DATE_TIME_ROLE ( 'creation_date' ) ;
#43 = EDGE_LOOP ( 'NONE', ( #305, #318, #952, #556 ) ) ;
#44 = CARTESIAN_POINT ( 'NONE',  ( -23.50000000000000000, 0.000000000000000000, -0.2999999999999999889 ) ) ;
#45 = ADVANCED_FACE ( 'NONE', ( #1111 ), #1382, .F. ) ;
#46 = CARTESIAN_POINT ( 'NONE',  ( 71.29999999999999716, 9.000000000000001776, 0.000000000000000000 ) ) ;
#47 = CARTESIAN_POINT ( 'NONE',  ( 10.50000000000000000, 0.000000000000000000, 0.000000000000000000 ) ) ;
#48 = VERTEX_POINT ( 'NONE', #509 ) ;
#49 = DIRECTION ( 'NONE',  ( 0.000000000000000000, 0.000000000000000000, 1.000000000000000000 ) ) ;
#50 = VERTEX_POINT ( 'NONE', #357 ) ;
#51 = DIRECTION ( 'NONE',  ( -1.000000000000000000, -0.000000000000000000, 0.000000000000000000 ) ) ;
#52 = DIRECTION ( 'NONE',  ( 0.000000000000000000, 0.000000000000000000, 1.000000000000000000 ) ) ;
#53 = CARTESIAN_POINT ( 'NONE',  ( 71.29999999999999716, 9.000000000000001776, -0.2999999999999999889 ) ) ;
#54 = ADVANCED_FACE ( 'NONE', ( #1 ), #364, .F. ) ;
#55 = VERTEX_POINT ( 'NONE', #763 ) ;
#56 = FACE_OUTER_BOUND ( 'NONE', #591, .T. ) ;
#57 = VECTOR ( 'NONE', #66, 1000.000000000000000 ) ;
#58 = ORIENTED_EDGE ( 'NONE', *, *, #959, .T. ) ;
#59 = VECTOR ( 'NONE', #676, 1000.000000000000000 ) ;
#60 = DIRECTION ( 'NONE',  ( 0.000000000000000000, -1.000000000000000000, 0.000000000000000000 ) ) ;
#61 = DIRECTION ( 'NONE',  ( -0.000000000000000000, -0.000000000000000000, -1.000000000000000000 ) ) ;
#62 = VERTEX_POINT ( 'NONE', #113 ) ;
#63 = EDGE_CURVE ( 'NONE', #293, #1600, #1462, .T. ) ;
#64 = PERSON_AND_ORGANIZATION_ROLE ( 'creator' ) ;
#65 = VERTEX_POINT ( 'NONE', #1367 ) ;
#66 = DIRECTION ( 'NONE',  ( 0.000000000000000000, 0.000000000000000000, 1.000000000000000000 ) ) ;
#67 = CARTESIAN_POINT ( 'NONE',  ( -73.00000000000000000, 9.000000000000001776, -0.2999999999999999889 ) ) ;
#68 = ORIENTED_EDGE ( 'NONE', *, *, #935, .T. ) ;
#69 = DIRECTION ( 'NONE',  ( -1.000000000000000000, 0.000000000000000000, 0.000000000000000000 ) ) ;
#70 = CC_DESIGN_PERSON_AND_ORGANIZATION_ASSIGNMENT ( #844, #1349, ( #637 ) ) ;
#71 = EDGE_CURVE ( 'NONE', #1090, #1054, #1011, .T. ) ;
#72 = ORIENTED_EDGE ( 'NONE', *, *, #664, .F. ) ;
#73 = DIRECTION ( 'NONE',  ( 0.000000000000000000, -1.000000000000000000, 0.000000000000000000 ) ) ;
#74 = CARTESIAN_POINT ( 'NONE',  ( -27.50000000000000355, -11.00000000000000000, 0.000000000000000000 ) ) ;
#75 = ORIENTED_EDGE ( 'NONE', *, *, #1282, .F. ) ;
#76 = CARTESIAN_POINT ( 'NONE',  ( 57.50000000000000000, 11.00000000000000000, 2.000000000000000000 ) ) ;
#77 = EDGE_CURVE ( 'NONE', #226, #218, #1269, .T. ) ;
#78 = AXIS2_PLACEMENT_3D ( 'NONE', #1155, #1286, #1525 ) ;
#79 = ORIENTED_EDGE ( 'NONE', *, *, #1392, .T. ) ;
#80 = CARTESIAN_POINT ( 'NONE',  ( -6.500000000000000888, 0.000000000000000000, -0.2999999999999999889 ) ) ;
#81 = AXIS2_PLACEMENT_3D ( 'NONE', #813, #210, #1448 ) ;
#82 = CARTESIAN_POINT ( 'NONE',  ( -61.50000000000000711, 11.00000000000000000, 2.000000000000000000 ) ) ;
#83 = CIRCLE ( 'NONE', #569, 1.699999999999993072 ) ;
#84 = ORIENTED_EDGE ( 'NONE', *, *, #702, .T. ) ;
#85 = VECTOR ( 'NONE', #202, 1000.000000000000000 ) ;
#86 = DIRECTION ( 'NONE',  ( 0.000000000000000000, 0.000000000000000000, 1.000000000000000000 ) ) ;
#87 = ORIENTED_EDGE ( 'NONE', *, *, #1152, .F. ) ;
#88 = EDGE_LOOP ( 'NONE', ( #1100, #241, #1474, #338 ) ) ;
#89 = CARTESIAN_POINT ( 'NONE',  ( 8.500000000000000000, -11.00000000000000000, -0.2999999999999999889 ) ) ;
#90 = CARTESIAN_POINT ( 'NONE',  ( -25.50000000000000355, 11.00000000000000000, -0.2999999999999999889 ) ) ;
#91 = ORIENTED_EDGE ( 'NONE', *, *, #1108, .T. ) ;
#92 = PLANE ( 'NONE',  #967 ) ;
#93 = ORIENTED_EDGE ( 'NONE', *, *, #1140, .F. ) ;
#94 = ORIENTED_EDGE ( 'NONE', *, *, #1519, .T. ) ;
#95 = FACE_OUTER_BOUND ( 'NONE', #88, .T. ) ;
#96 =( NAMED_UNIT ( * ) PLANE_ANGLE_UNIT ( ) SI_UNIT ( $, .RADIAN. ) );
#97 = EDGE_LOOP ( 'NONE', ( #1131, #1411 ) ) ;
#98 = ADVANCED_FACE ( 'NONE', ( #1252 ), #254, .F. ) ;
#99 = DIRECTION ( 'NONE',  ( -1.000000000000000000, -0.000000000000000000, 0.000000000000000000 ) ) ;
#100 = ORIENTED_EDGE ( 'NONE', *, *, #762, .F. ) ;
#101 = ORIENTED_EDGE ( 'NONE', *, *, #866, .F. ) ;
#102 = LINE ( 'NONE', #1116, #5 ) ;
#103 = FACE_OUTER_BOUND ( 'NONE', #1535, .T. ) ;
#104 = FACE_BOUND ( 'NONE', #1325, .T. ) ;
#105 = AXIS2_PLACEMENT_3D ( 'NONE', #734, #1502, #1362 ) ;
#106 = VECTOR ( 'NONE', #304, 1000.000000000000000 ) ;
#107 = LINE ( 'NONE', #846, #523 ) ;
#108 = ORIENTED_EDGE ( 'NONE', *, *, #476, .F. ) ;
#109 = EDGE_CURVE ( 'NONE', #559, #260, #1505, .T. ) ;
#110 = CARTESIAN_POINT ( 'NONE',  ( -44.50000000000000711, -11.00000000000000000, 0.000000000000000000 ) ) ;
#111 = ORIENTED_EDGE ( 'NONE', *, *, #1292, .T. ) ;
#112 = DIRECTION ( 'NONE',  ( 0.000000000000000000, -1.000000000000000000, 0.000000000000000000 ) ) ;
#113 = CARTESIAN_POINT ( 'NONE',  ( 71.29999999999999716, 9.000000000000001776, 2.000000000000000000 ) ) ;
#114 = DIRECTION ( 'NONE',  ( -1.000000000000000000, 0.000000000000000000, 0.000000000000000000 ) ) ;
#115 = ORIENTED_EDGE ( 'NONE', *, *, #171, .T. ) ;
#116 = LINE ( 'NONE', #371, #1232 ) ;
#117 = EDGE_CURVE ( 'NONE', #438, #610, #1136, .T. ) ;
#118 = VERTEX_POINT ( 'NONE', #127 ) ;
#119 = CARTESIAN_POINT ( 'NONE',  ( -6.500000000000000888, 0.000000000000000000, 2.000000000000000000 ) ) ;
#120 = CARTESIAN_POINT ( 'NONE',  ( -73.00000000000000000, 9.000000000000001776, 2.000000000000000000 ) ) ;
#121 = FACE_BOUND ( 'NONE', #910, .T. ) ;
#122 = VERTEX_POINT ( 'NONE', #619 ) ;
#123 = LINE ( 'NONE', #6, #546 ) ;
#124 = EDGE_LOOP ( 'NONE', ( #91, #710, #84, #1290 ) ) ;
#125 = DIRECTION ( 'NONE',  ( 0.000000000000000000, -0.000000000000000000, 1.000000000000000000 ) ) ;
#126 = EDGE_CURVE ( 'NONE', #1033, #343, #1546, .T. ) ;
#127 = CARTESIAN_POINT ( 'NONE',  ( -10.50000000000000000, -11.00000000000000000, 2.000000000000000000 ) ) ;
#128 = VECTOR ( 'NONE', #1056, 1000.000000000000000 ) ;
#129 = FACE_OUTER_BOUND ( 'NONE', #1058, .T. ) ;
#130 = VECTOR ( 'NONE', #1517, 1000.000000000000000 ) ;
#131 = ORIENTED_EDGE ( 'NONE', *, *, #898, .T. ) ;
#132 = VECTOR ( 'NONE', #922, 1000.000000000000000 ) ;
#133 = DIRECTION ( 'NONE',  ( 0.000000000000000000, -1.000000000000000000, 0.000000000000000000 ) ) ;
#134 = VECTOR ( 'NONE', #791, 1000.000000000000000 ) ;
#135 = AXIS2_PLACEMENT_3D ( 'NONE', #1443, #587, #1093 ) ;
#136 = CARTESIAN_POINT ( 'NONE',  ( -6.500000000000000888, -11.00000000000000000, -0.2999999999999999889 ) ) ;
#137 = VERTEX_POINT ( 'NONE', #487 ) ;
#138 = LINE ( 'NONE', #1251, #753 ) ;
#139 = PRODUCT_RELATED_PRODUCT_CATEGORY ( 'detail', '', ( #637 ) ) ;
#140 = CARTESIAN_POINT ( 'NONE',  ( 74.69999999999998863, 9.000000000000001776, -0.2999999999999999889 ) ) ;
#141 = DIRECTION ( 'NONE',  ( 0.000000000000000000, 0.000000000000000000, -1.000000000000000000 ) ) ;
#142 = ORIENTED_EDGE ( 'NONE', *, *, #408, .F. ) ;
#143 = DIRECTION ( 'NONE',  ( 1.000000000000000000, 0.000000000000000000, 0.000000000000000000 ) ) ;
#144 = CARTESIAN_POINT ( 'NONE',  ( 74.69999999999998863, 9.000000000000001776, 0.000000000000000000 ) ) ;
#145 = ORIENTED_EDGE ( 'NONE', *, *, #1220, .F. ) ;
#146 = DIRECTION ( 'NONE',  ( 1.000000000000000000, 0.000000000000000000, 0.000000000000000000 ) ) ;
#147 = CARTESIAN_POINT ( 'NONE',  ( 40.50000000000000000, 11.00000000000000000, 0.000000000000000000 ) ) ;
#148 = DIRECTION ( 'NONE',  ( -1.000000000000000000, 0.000000000000000000, 0.000000000000000000 ) ) ;
#149 = ORIENTED_EDGE ( 'NONE', *, *, #367, .F. ) ;
#150 = EDGE_CURVE ( 'NONE', #963, #1175, #851, .T. ) ;
#151 = LINE ( 'NONE', #419, #59 ) ;
#152 = CARTESIAN_POINT ( 'NONE',  ( -61.50000000000000711, 0.000000000000000000, 0.000000000000000000 ) ) ;
#153 = VERTEX_POINT ( 'NONE', #1129 ) ;
#154 = DIRECTION ( 'NONE',  ( -0.000000000000000000, 1.000000000000000000, 0.000000000000000000 ) ) ;
#155 = LINE ( 'NONE', #38, #913 ) ;
#156 = CARTESIAN_POINT ( 'NONE',  ( -71.29999999999999716, 9.000000000000001776, 0.000000000000000000 ) ) ;
#157 = VERTEX_POINT ( 'NONE', #754 ) ;
#158 = EDGE_CURVE ( 'NONE', #423, #153, #1393, .T. ) ;
#159 = VECTOR ( 'NONE', #680, 1000.000000000000000 ) ;
#160 = AXIS2_PLACEMENT_3D ( 'NONE', #497, #606, #738 ) ;
#161 = SHAPE_DEFINITION_REPRESENTATION ( #857, #347 ) ;
#162 = VERTEX_POINT ( 'NONE', #147 ) ;
#163 = CARTESIAN_POINT ( 'NONE',  ( 27.50000000000000355, 11.00000000000000000, 0.000000000000000000 ) ) ;
#164 = AXIS2_PLACEMENT_3D ( 'NONE', #67, #558, #1064 ) ;
#165 = PLANE ( 'NONE',  #1204 ) ;
#166 = DIRECTION ( 'NONE',  ( 0.000000000000000000, 0.000000000000000000, 1.000000000000000000 ) ) ;
#167 = ORIENTED_EDGE ( 'NONE', *, *, #397, .F. ) ;
#168 = CARTESIAN_POINT ( 'NONE',  ( 0.000000000000000000, 11.00000000000000000, 2.000000000000000000 ) ) ;
#169 = ORIENTED_EDGE ( 'NONE', *, *, #1016, .F. ) ;
#170 = DIRECTION ( 'NONE',  ( 0.000000000000000000, 1.000000000000000000, 0.000000000000000000 ) ) ;
#171 = EDGE_CURVE ( 'NONE', #324, #981, #863, .T. ) ;
#172 = DIRECTION ( 'NONE',  ( 0.000000000000000000, 0.000000000000000000, 1.000000000000000000 ) ) ;
#173 = DIRECTION ( 'NONE',  ( 1.000000000000000000, 0.000000000000000000, 0.000000000000000000 ) ) ;
#174 = ORIENTED_EDGE ( 'NONE', *, *, #1412, .T. ) ;
#175 = CARTESIAN_POINT ( 'NONE',  ( 74.69999999999998863, -9.000000000000001776, -0.2999999999999999889 ) ) ;
#176 = DATE_AND_TIME ( #1305, #37 ) ;
#177 = ORIENTED_EDGE ( 'NONE', *, *, #1392, .F. ) ;
#178 = CARTESIAN_POINT ( 'NONE',  ( -73.00000000000000000, -9.000000000000001776, 0.000000000000000000 ) ) ;
#179 = ADVANCED_FACE ( 'NONE', ( #1118 ), #494, .F. ) ;
#180 = DIRECTION ( 'NONE',  ( -0.000000000000000000, 0.000000000000000000, -1.000000000000000000 ) ) ;
#181 = VERTEX_POINT ( 'NONE', #287 ) ;
#182 = DIRECTION ( 'NONE',  ( 1.000000000000000000, 0.000000000000000000, -0.000000000000000000 ) ) ;
#183 = DATE_TIME_ROLE ( 'classification_date' ) ;
#184 = AXIS2_PLACEMENT_3D ( 'NONE', #270, #1391, #146 ) ;
#185 = VECTOR ( 'NONE', #1024, 1000.000000000000000 ) ;
#186 = ORIENTED_EDGE ( 'NONE', *, *, #238, .T. ) ;
#187 = CARTESIAN_POINT ( 'NONE',  ( -59.50000000000000711, 11.00000000000000000, -0.2999999999999999889 ) ) ;
#188 = VECTOR ( 'NONE', #434, 1000.000000000000000 ) ;
#189 = EDGE_CURVE ( 'NONE', #1346, #806, #1409, .T. ) ;
#190 = DIRECTION ( 'NONE',  ( -1.000000000000000000, 0.000000000000000000, 0.000000000000000000 ) ) ;
#191 = ORIENTED_EDGE ( 'NONE', *, *, #1370, .T. ) ;
#192 = FACE_OUTER_BOUND ( 'NONE', #679, .T. ) ;
#193 = PERSON_AND_ORGANIZATION ( #1304, #969 ) ;
#194 = ORIENTED_EDGE ( 'NONE', *, *, #1273, .T. ) ;
#195 = LINE ( 'NONE', #1195, #1205 ) ;
#196 = DIRECTION ( 'NONE',  ( -0.000000000000000000, 1.000000000000000000, 0.000000000000000000 ) ) ;
#197 = ORIENTED_EDGE ( 'NONE', *, *, #1401, .F. ) ;
#198 = CARTESIAN_POINT ( 'NONE',  ( -74.69999999999998863, 9.000000000000001776, 2.000000000000000000 ) ) ;
#199 = EDGE_CURVE ( 'NONE', #504, #205, #807, .T. ) ;
#200 = ORIENTED_EDGE ( 'NONE', *, *, #1586, .F. ) ;
#201 = FACE_OUTER_BOUND ( 'NONE', #570, .T. ) ;
#202 = DIRECTION ( 'NONE',  ( -1.000000000000000000, 0.000000000000000000, 0.000000000000000000 ) ) ;
#203 = ORIENTED_EDGE ( 'NONE', *, *, #1107, .T. ) ;
#204 = CARTESIAN_POINT ( 'NONE',  ( 0.000000000000000000, 11.00000000000000000, 2.000000000000000000 ) ) ;
#205 = VERTEX_POINT ( 'NONE', #905 ) ;
#206 = ADVANCED_FACE ( 'NONE', ( #296 ), #425, .F. ) ;
#207 = VECTOR ( 'NONE', #398, 1000.000000000000000 ) ;
#208 = ADVANCED_FACE ( 'NONE', ( #1426 ), #310, .F. ) ;
#209 = EDGE_LOOP ( 'NONE', ( #376, #233 ) ) ;
#210 = DIRECTION ( 'NONE',  ( 0.000000000000000000, 0.000000000000000000, 1.000000000000000000 ) ) ;
#211 = VECTOR ( 'NONE', #485, 1000.000000000000000 ) ;
#212 = DIRECTION ( 'NONE',  ( 0.000000000000000000, 0.000000000000000000, 1.000000000000000000 ) ) ;
#213 = AXIS2_PLACEMENT_3D ( 'NONE', #708, #1344, #964 ) ;
#214 = ORIENTED_EDGE ( 'NONE', *, *, #1220, .T. ) ;
#215 = VECTOR ( 'NONE', #931, 1000.000000000000000 ) ;
#216 = LINE ( 'NONE', #576, #1444 ) ;
#217 = VERTEX_POINT ( 'NONE', #1145 ) ;
#218 = VERTEX_POINT ( 'NONE', #1301 ) ;
#219 = DIRECTION ( 'NONE',  ( -0.000000000000000000, 0.000000000000000000, -1.000000000000000000 ) ) ;
#220 = ADVANCED_FACE ( 'NONE', ( #1295 ), #27, .F. ) ;
#221 = DIRECTION ( 'NONE',  ( 0.000000000000000000, -0.000000000000000000, 1.000000000000000000 ) ) ;
#222 = ORIENTED_EDGE ( 'NONE', *, *, #1441, .T. ) ;
#223 = CARTESIAN_POINT ( 'NONE',  ( 57.50000000000000000, -11.00000000000000000, 2.000000000000000000 ) ) ;
#224 = DESIGN_CONTEXT ( 'detailed design', #875, 'design' ) ;
#225 = ORIENTED_EDGE ( 'NONE', *, *, #71, .T. ) ;
#226 = VERTEX_POINT ( 'NONE', #1559 ) ;
#227 = CARTESIAN_POINT ( 'NONE',  ( -80.00000000000000000, 15.00000000000000000, 0.000000000000000000 ) ) ;
#228 = DIRECTION ( 'NONE',  ( 1.000000000000000000, 0.000000000000000000, 0.000000000000000000 ) ) ;
#229 = ADVANCED_FACE ( 'NONE', ( #663 ), #165, .F. ) ;
#230 = DIRECTION ( 'NONE',  ( -1.000000000000000000, 0.000000000000000000, 0.000000000000000000 ) ) ;
#231 = FACE_BOUND ( 'NONE', #892, .T. ) ;
#232 = EDGE_CURVE ( 'NONE', #349, #438, #1414, .T. ) ;
#233 = ORIENTED_EDGE ( 'NONE', *, *, #63, .F. ) ;
#234 = EDGE_LOOP ( 'NONE', ( #298, #386, #616, #20 ) ) ;
#235 = PLANE ( 'NONE',  #237 ) ;
#236 = DIRECTION ( 'NONE',  ( -1.000000000000000000, 0.000000000000000000, 0.000000000000000000 ) ) ;
#237 = AXIS2_PLACEMENT_3D ( 'NONE', #993, #387, #125 ) ;
#238 = EDGE_CURVE ( 'NONE', #324, #577, #552, .T. ) ;
#239 = CIRCLE ( 'NONE', #1363, 1.699999999999993072 ) ;
#240 = CARTESIAN_POINT ( 'NONE',  ( -80.00000000000000000, -15.00000000000000000, 0.000000000000000000 ) ) ;
#241 = ORIENTED_EDGE ( 'NONE', *, *, #631, .F. ) ;
#242 = CIRCLE ( 'NONE', #1127, 1.699999999999993072 ) ;
#243 = EDGE_CURVE ( 'NONE', #1028, #1240, #155, .T. ) ;
#244 = DIRECTION ( 'NONE',  ( 0.000000000000000000, -1.000000000000000000, 0.000000000000000000 ) ) ;
#245 = ORIENTED_EDGE ( 'NONE', *, *, #824, .T. ) ;
#246 = LINE ( 'NONE', #119, #337 ) ;
#247 = DIRECTION ( 'NONE',  ( 1.000000000000000000, 0.000000000000000000, 0.000000000000000000 ) ) ;
#248 = DIRECTION ( 'NONE',  ( -1.000000000000000000, 0.000000000000000000, 0.000000000000000000 ) ) ;
#249 = ORIENTED_EDGE ( 'NONE', *, *, #631, .T. ) ;
#250 = DIRECTION ( 'NONE',  ( 1.000000000000000000, 0.000000000000000000, 0.000000000000000000 ) ) ;
#251 = EDGE_CURVE ( 'NONE', #464, #265, #414, .T. ) ;
#252 = ORIENTED_EDGE ( 'NONE', *, *, #397, .T. ) ;
#253 = CARTESIAN_POINT ( 'NONE',  ( 0.000000000000000000, 11.00000000000000000, 2.000000000000000000 ) ) ;
#254 = PLANE ( 'NONE',  #1359 ) ;
#255 = PLANE ( 'NONE',  #1551 ) ;
#256 = ORIENTED_EDGE ( 'NONE', *, *, #525, .T. ) ;
#257 = DIRECTION ( 'NONE',  ( -1.000000000000000000, -0.000000000000000000, 0.000000000000000000 ) ) ;
#258 = EDGE_CURVE ( 'NONE', #1447, #865, #638, .T. ) ;
#259 = CARTESIAN_POINT ( 'NONE',  ( 61.50000000000000711, -11.00000000000000000, 0.000000000000000000 ) ) ;
#260 = VERTEX_POINT ( 'NONE', #433 ) ;
#261 = CARTESIAN_POINT ( 'NONE',  ( 61.50000000000000711, 0.000000000000000000, 0.000000000000000000 ) ) ;
#262 = CARTESIAN_POINT ( 'NONE',  ( 10.50000000000000000, 0.000000000000000000, -0.2999999999999999889 ) ) ;
#263 = DIRECTION ( 'NONE',  ( -0.000000000000000000, -0.000000000000000000, -1.000000000000000000 ) ) ;
#264 = VECTOR ( 'NONE', #26, 1000.000000000000000 ) ;
#265 = VERTEX_POINT ( 'NONE', #518 ) ;
#266 = VECTOR ( 'NONE', #69, 1000.000000000000000 ) ;
#267 = CARTESIAN_POINT ( 'NONE',  ( 73.00000000000000000, 9.000000000000001776, 2.000000000000000000 ) ) ;
#268 = FACE_OUTER_BOUND ( 'NONE', #431, .T. ) ;
#269 = EDGE_LOOP ( 'NONE', ( #566, #101, #391, #1319 ) ) ;
#270 = CARTESIAN_POINT ( 'NONE',  ( -73.00000000000000000, -9.000000000000001776, 2.000000000000000000 ) ) ;
#271 = CARTESIAN_POINT ( 'NONE',  ( 23.50000000000000000, -11.00000000000000000, -0.2999999999999999889 ) ) ;
#272 = EDGE_CURVE ( 'NONE', #260, #1028, #930, .T. ) ;
#273 = PLANE ( 'NONE',  #1234 ) ;
#274 = ORIENTED_EDGE ( 'NONE', *, *, #1320, .T. ) ;
#275 = CARTESIAN_POINT ( 'NONE',  ( 0.000000000000000000, -15.00000000000000000, 0.000000000000000000 ) ) ;
#276 = PLANE ( 'NONE',  #370 ) ;
#277 = ORIENTED_EDGE ( 'NONE', *, *, #850, .F. ) ;
#278 = LINE ( 'NONE', #294, #264 ) ;
#279 = CARTESIAN_POINT ( 'NONE',  ( 59.50000000000000711, -11.00000000000000000, -0.2999999999999999889 ) ) ;
#280 = ADVANCED_FACE ( 'NONE', ( #897 ), #1402, .F. ) ;
#281 = CARTESIAN_POINT ( 'NONE',  ( -73.00000000000000000, 9.000000000000001776, 2.000000000000000000 ) ) ;
#282 = ORIENTED_EDGE ( 'NONE', *, *, #450, .F. ) ;
#283 = DIRECTION ( 'NONE',  ( 0.000000000000000000, 0.000000000000000000, 1.000000000000000000 ) ) ;
#284 = CARTESIAN_POINT ( 'NONE',  ( -27.50000000000000355, 0.000000000000000000, 2.000000000000000000 ) ) ;
#285 = ORIENTED_EDGE ( 'NONE', *, *, #1357, .F. ) ;
#286 = CARTESIAN_POINT ( 'NONE',  ( 44.50000000000000711, 0.000000000000000000, 2.000000000000000000 ) ) ;
#287 = CARTESIAN_POINT ( 'NONE',  ( 57.50000000000000000, 11.00000000000000000, 0.000000000000000000 ) ) ;
#288 = LINE ( 'NONE', #1012, #1235 ) ;
#289 = ORIENTED_EDGE ( 'NONE', *, *, #1088, .T. ) ;
#290 = DIRECTION ( 'NONE',  ( 1.000000000000000000, 0.000000000000000000, 0.000000000000000000 ) ) ;
#291 = AXIS2_PLACEMENT_3D ( 'NONE', #789, #154, #517 ) ;
#292 = ADVANCED_FACE ( 'NONE', ( #1031 ), #1532, .F. ) ;
#293 = VERTEX_POINT ( 'NONE', #46 ) ;
#294 = CARTESIAN_POINT ( 'NONE',  ( 6.500000000000000888, 0.000000000000000000, 0.000000000000000000 ) ) ;
#295 = CC_DESIGN_APPROVAL ( #1281, ( #835 ) ) ;
#296 = FACE_OUTER_BOUND ( 'NONE', #1267, .T. ) ;
#297 = LINE ( 'NONE', #764, #134 ) ;
#298 = ORIENTED_EDGE ( 'NONE', *, *, #1140, .T. ) ;
#299 = PLANE ( 'NONE',  #366 ) ;
#300 = DATE_AND_TIME ( #920, #1364 ) ;
#301 = ADVANCED_FACE ( 'NONE', ( #201 ), #1211, .F. ) ;
#302 = EDGE_LOOP ( 'NONE', ( #484, #799, #285, #131 ) ) ;
#303 = DIRECTION ( 'NONE',  ( -1.000000000000000000, -0.000000000000000000, 0.000000000000000000 ) ) ;
#304 = DIRECTION ( 'NONE',  ( 0.000000000000000000, 0.000000000000000000, 1.000000000000000000 ) ) ;
#305 = ORIENTED_EDGE ( 'NONE', *, *, #804, .T. ) ;
#306 = DIRECTION ( 'NONE',  ( 0.000000000000000000, -1.000000000000000000, -0.000000000000000000 ) ) ;
#307 = ORIENTED_EDGE ( 'NONE', *, *, #1270, .T. ) ;
#308 = EDGE_CURVE ( 'NONE', #1120, #1365, #618, .T. ) ;
#309 = ORIENTED_EDGE ( 'NONE', *, *, #968, .F. ) ;
#310 = PLANE ( 'NONE',  #780 ) ;
#311 = EDGE_CURVE ( 'NONE', #981, #218, #1454, .T. ) ;
#312 = PLANE ( 'NONE',  #1076 ) ;
#313 = ORIENTED_EDGE ( 'NONE', *, *, #1572, .F. ) ;
#314 = CARTESIAN_POINT ( 'NONE',  ( 80.00000000000000000, 15.00000000000000000, 2.000000000000000000 ) ) ;
#315 = PERSON_AND_ORGANIZATION ( #1304, #969 ) ;
#316 = AXIS2_PLACEMENT_3D ( 'NONE', #89, #1323, #462 ) ;
#317 = VECTOR ( 'NONE', #1421, 1000.000000000000000 ) ;
#318 = ORIENTED_EDGE ( 'NONE', *, *, #765, .F. ) ;
#319 = LINE ( 'NONE', #470, #57 ) ;
#320 = DIRECTION ( 'NONE',  ( 0.000000000000000000, 0.000000000000000000, 1.000000000000000000 ) ) ;
#321 = EDGE_CURVE ( 'NONE', #610, #55, #749, .T. ) ;
#322 = DIRECTION ( 'NONE',  ( 0.000000000000000000, 0.000000000000000000, 1.000000000000000000 ) ) ;
#323 = CARTESIAN_POINT ( 'NONE',  ( 0.000000000000000000, -15.00000000000000000, 2.000000000000000000 ) ) ;
#324 = VERTEX_POINT ( 'NONE', #564 ) ;
#325 = PLANE ( 'NONE',  #316 ) ;
#326 = LINE ( 'NONE', #456, #85 ) ;
#327 = VERTEX_POINT ( 'NONE', #1472 ) ;
#328 = EDGE_CURVE ( 'NONE', #1450, #868, #350, .T. ) ;
#329 = FACE_BOUND ( 'NONE', #334, .T. ) ;
#330 = FACE_OUTER_BOUND ( 'NONE', #1399, .T. ) ;
#331 = DIRECTION ( 'NONE',  ( 1.000000000000000000, 0.000000000000000000, 0.000000000000000000 ) ) ;
#332 = EDGE_LOOP ( 'NONE', ( #970, #703, #1407, #669 ) ) ;
#333 = DIRECTION ( 'NONE',  ( -1.000000000000000000, -0.000000000000000000, 0.000000000000000000 ) ) ;
#334 = EDGE_LOOP ( 'NONE', ( #1589, #537 ) ) ;
#335 = ADVANCED_FACE ( 'NONE', ( #971 ), #842, .F. ) ;
#336 = VECTOR ( 'NONE', #579, 1000.000000000000000 ) ;
#337 = VECTOR ( 'NONE', #611, 1000.000000000000000 ) ;
#338 = ORIENTED_EDGE ( 'NONE', *, *, #850, .T. ) ;
#339 = DIRECTION ( 'NONE',  ( -0.000000000000000000, -0.000000000000000000, -1.000000000000000000 ) ) ;
#340 = VECTOR ( 'NONE', #166, 1000.000000000000000 ) ;
#341 = FACE_OUTER_BOUND ( 'NONE', #974, .T. ) ;
#342 = CIRCLE ( 'NONE', #1260, 1.699999999999993072 ) ;
#343 = VERTEX_POINT ( 'NONE', #1218 ) ;
#344 = APPROVAL_PERSON_ORGANIZATION ( #1536, #429, #1177 ) ;
#345 = FACE_OUTER_BOUND ( 'NONE', #1405, .T. ) ;
#346 = VERTEX_POINT ( 'NONE', #1598 ) ;
#347 = ADVANCED_BREP_SHAPE_REPRESENTATION ( 'VentCassette_8Slots_Passive', ( #1139, #1552 ), #1338 ) ;
#348 = ADVANCED_FACE ( 'NONE', ( #95 ), #820, .F. ) ;
#349 = VERTEX_POINT ( 'NONE', #586 ) ;
#350 = LINE ( 'NONE', #1341, #159 ) ;
#351 = ORIENTED_EDGE ( 'NONE', *, *, #938, .F. ) ;
#352 = PLANE ( 'NONE',  #1183 ) ;
#353 = ORIENTED_EDGE ( 'NONE', *, *, #752, .T. ) ;
#354 = ORIENTED_EDGE ( 'NONE', *, *, #1565, .T. ) ;
#355 = LINE ( 'NONE', #1110, #211 ) ;
#356 = EDGE_CURVE ( 'NONE', #877, #48, #319, .T. ) ;
#357 = CARTESIAN_POINT ( 'NONE',  ( -27.50000000000000355, -11.00000000000000000, 2.000000000000000000 ) ) ;
#358 = EDGE_CURVE ( 'NONE', #226, #324, #1092, .T. ) ;
#359 = LINE ( 'NONE', #382, #622 ) ;
#360 = ORIENTED_EDGE ( 'NONE', *, *, #126, .T. ) ;
#361 = LINE ( 'NONE', #15, #858 ) ;
#362 = ORIENTED_EDGE ( 'NONE', *, *, #938, .T. ) ;
#363 = LINE ( 'NONE', #1347, #32 ) ;
#364 = PLANE ( 'NONE',  #1516 ) ;
#365 = VECTOR ( 'NONE', #527, 1000.000000000000000 ) ;
#366 = AXIS2_PLACEMENT_3D ( 'NONE', #538, #1528, #1543 ) ;
#367 = EDGE_CURVE ( 'NONE', #1464, #50, #1078, .T. ) ;
#368 = CARTESIAN_POINT ( 'NONE',  ( -61.50000000000000711, 11.00000000000000000, 0.000000000000000000 ) ) ;
#369 = ORIENTED_EDGE ( 'NONE', *, *, #358, .T. ) ;
#370 = AXIS2_PLACEMENT_3D ( 'NONE', #768, #1102, #759 ) ;
#371 = CARTESIAN_POINT ( 'NONE',  ( -80.00000000000000000, 0.000000000000000000, 2.000000000000000000 ) ) ;
#372 = ORIENTED_EDGE ( 'NONE', *, *, #528, .F. ) ;
#373 = DIRECTION ( 'NONE',  ( 0.000000000000000000, 0.000000000000000000, 1.000000000000000000 ) ) ;
#374 = CARTESIAN_POINT ( 'NONE',  ( -73.00000000000000000, -9.000000000000001776, -0.2999999999999999889 ) ) ;
#375 = DIRECTION ( 'NONE',  ( 1.000000000000000000, 0.000000000000000000, 0.000000000000000000 ) ) ;
#376 = ORIENTED_EDGE ( 'NONE', *, *, #1509, .F. ) ;
#377 = CARTESIAN_POINT ( 'NONE',  ( 57.50000000000000000, 11.00000000000000000, -0.2999999999999999889 ) ) ;
#378 = EDGE_CURVE ( 'NONE', #65, #1554, #557, .T. ) ;
#379 = EDGE_LOOP ( 'NONE', ( #274, #1587, #1184, #1390 ) ) ;
#380 = CARTESIAN_POINT ( 'NONE',  ( 44.50000000000000711, 0.000000000000000000, 0.000000000000000000 ) ) ;
#381 = DIRECTION ( 'NONE',  ( 0.000000000000000000, 0.000000000000000000, 1.000000000000000000 ) ) ;
#382 = CARTESIAN_POINT ( 'NONE',  ( -57.50000000000000000, 0.000000000000000000, 2.000000000000000000 ) ) ;
#383 = ORIENTED_EDGE ( 'NONE', *, *, #199, .F. ) ;
#384 = DIRECTION ( 'NONE',  ( 1.000000000000000000, 0.000000000000000000, 0.000000000000000000 ) ) ;
#385 = ADVANCED_FACE ( 'NONE', ( #330 ), #1440, .F. ) ;
#386 = ORIENTED_EDGE ( 'NONE', *, *, #356, .F. ) ;
#387 = DIRECTION ( 'NONE',  ( -0.000000000000000000, 1.000000000000000000, 0.000000000000000000 ) ) ;
#388 = DIRECTION ( 'NONE',  ( 0.000000000000000000, 0.000000000000000000, 1.000000000000000000 ) ) ;
#389 = CARTESIAN_POINT ( 'NONE',  ( -80.00000000000000000, -15.00000000000000000, 0.000000000000000000 ) ) ;
#390 = VECTOR ( 'NONE', #1386, 1000.000000000000000 ) ;
#391 = ORIENTED_EDGE ( 'NONE', *, *, #1263, .F. ) ;
#392 = AXIS2_PLACEMENT_3D ( 'NONE', #907, #924, #399 ) ;
#393 = LINE ( 'NONE', #1233, #390 ) ;
#394 = CARTESIAN_POINT ( 'NONE',  ( 80.00000000000000000, 0.000000000000000000, 0.000000000000000000 ) ) ;
#395 = ORIENTED_EDGE ( 'NONE', *, *, #158, .F. ) ;
#396 = CARTESIAN_POINT ( 'NONE',  ( 23.50000000000000000, 0.000000000000000000, -0.2999999999999999889 ) ) ;
#397 = EDGE_CURVE ( 'NONE', #217, #118, #825, .T. ) ;
#398 = DIRECTION ( 'NONE',  ( 1.000000000000000000, 0.000000000000000000, 0.000000000000000000 ) ) ;
#399 = DIRECTION ( 'NONE',  ( -0.000000000000000000, 0.000000000000000000, -1.000000000000000000 ) ) ;
#400 = ORIENTED_EDGE ( 'NONE', *, *, #1328, .F. ) ;
#401 = DIRECTION ( 'NONE',  ( 1.000000000000000000, 0.000000000000000000, -0.000000000000000000 ) ) ;
#402 = CARTESIAN_POINT ( 'NONE',  ( 10.50000000000000000, 11.00000000000000000, 0.000000000000000000 ) ) ;
#403 = ORIENTED_EDGE ( 'NONE', *, *, #199, .T. ) ;
#404 = PLANE ( 'NONE',  #291 ) ;
#405 = CC_DESIGN_DATE_AND_TIME_ASSIGNMENT ( #176, #183, ( #705 ) ) ;
#406 = CARTESIAN_POINT ( 'NONE',  ( -8.500000000000000000, 11.00000000000000000, -0.2999999999999999889 ) ) ;
#407 = LINE ( 'NONE', #536, #1022 ) ;
#408 = EDGE_CURVE ( 'NONE', #1001, #766, #195, .T. ) ;
#409 = ORIENTED_EDGE ( 'NONE', *, *, #975, .T. ) ;
#410 = FACE_OUTER_BOUND ( 'NONE', #302, .T. ) ;
#411 = CALENDAR_DATE ( 2026, 25, 8 ) ;
#412 = VERTEX_POINT ( 'NONE', #1330 ) ;
#413 = DIRECTION ( 'NONE',  ( -1.000000000000000000, 0.000000000000000000, 0.000000000000000000 ) ) ;
#414 = LINE ( 'NONE', #1308, #128 ) ;
#415 = CYLINDRICAL_SURFACE ( 'NONE', #548, 1.699999999999993072 ) ;
#416 = VERTEX_POINT ( 'NONE', #1575 ) ;
#417 = ADVANCED_FACE ( 'NONE', ( #448 ), #325, .F. ) ;
#418 = AXIS2_PLACEMENT_3D ( 'NONE', #406, #656, #1166 ) ;
#419 = CARTESIAN_POINT ( 'NONE',  ( 40.50000000000000000, -11.00000000000000000, -0.2999999999999999889 ) ) ;
#420 = VECTOR ( 'NONE', #740, 1000.000000000000000 ) ;
#421 = VECTOR ( 'NONE', #613, 1000.000000000000000 ) ;
#422 = COORDINATED_UNIVERSAL_TIME_OFFSET ( 8, 0, .AHEAD. ) ;
#423 = VERTEX_POINT ( 'NONE', #961 ) ;
#424 = CARTESIAN_POINT ( 'NONE',  ( 0.000000000000000000, -11.00000000000000000, 0.000000000000000000 ) ) ;
#425 = PLANE ( 'NONE',  #674 ) ;
#426 = PLANE ( 'NONE',  #392 ) ;
#427 = ORIENTED_EDGE ( 'NONE', *, *, #1586, .T. ) ;
#428 = DIRECTION ( 'NONE',  ( 0.000000000000000000, -1.000000000000000000, 0.000000000000000000 ) ) ;
#429 = APPROVAL ( #549, '未' ) ;
#430 = COORDINATED_UNIVERSAL_TIME_OFFSET ( 8, 0, .AHEAD. ) ;
#431 = EDGE_LOOP ( 'NONE', ( #1190, #1055, #1503, #972 ) ) ;
#432 = ORIENTED_EDGE ( 'NONE', *, *, #21, .T. ) ;
#433 = CARTESIAN_POINT ( 'NONE',  ( -10.50000000000000000, 11.00000000000000000, 0.000000000000000000 ) ) ;
#434 = DIRECTION ( 'NONE',  ( 0.000000000000000000, 0.000000000000000000, 1.000000000000000000 ) ) ;
#435 = EDGE_LOOP ( 'NONE', ( #72, #760, #1460, #1380 ) ) ;
#436 = LINE ( 'NONE', #275, #810 ) ;
#437 = EDGE_CURVE ( 'NONE', #1527, #1561, #1461, .T. ) ;
#438 = VERTEX_POINT ( 'NONE', #1125 ) ;
#439 = CARTESIAN_POINT ( 'NONE',  ( 44.50000000000000711, 11.00000000000000000, -0.2999999999999999889 ) ) ;
#440 = CARTESIAN_POINT ( 'NONE',  ( 40.50000000000000000, 11.00000000000000000, 2.000000000000000000 ) ) ;
#441 = DIRECTION ( 'NONE',  ( -1.000000000000000000, -0.000000000000000000, 0.000000000000000000 ) ) ;
#442 = FACE_OUTER_BOUND ( 'NONE', #1611, .T. ) ;
#443 = AXIS2_PLACEMENT_3D ( 'NONE', #502, #737, #236 ) ;
#444 = DATE_AND_TIME ( #1424, #551 ) ;
#445 = VECTOR ( 'NONE', #1366, 1000.000000000000000 ) ;
#446 = VECTOR ( 'NONE', #49, 1000.000000000000000 ) ;
#447 = ORIENTED_EDGE ( 'NONE', *, *, #1249, .F. ) ;
#448 = FACE_OUTER_BOUND ( 'NONE', #43, .T. ) ;
#449 = AXIS2_PLACEMENT_3D ( 'NONE', #706, #320, #463 ) ;
#450 = EDGE_CURVE ( 'NONE', #65, #1346, #849, .T. ) ;
#451 = CARTESIAN_POINT ( 'NONE',  ( 27.50000000000000355, -11.00000000000000000, -0.2999999999999999889 ) ) ;
#452 = PLANE ( 'NONE',  #1599 ) ;
#453 = DIRECTION ( 'NONE',  ( -1.000000000000000000, 0.000000000000000000, 0.000000000000000000 ) ) ;
#454 = ORIENTED_EDGE ( 'NONE', *, *, #1273, .F. ) ;
#455 = DIRECTION ( 'NONE',  ( 0.000000000000000000, 0.000000000000000000, 1.000000000000000000 ) ) ;
#456 = CARTESIAN_POINT ( 'NONE',  ( 0.000000000000000000, -11.00000000000000000, 0.000000000000000000 ) ) ;
#457 = EDGE_LOOP ( 'NONE', ( #354, #149, #714, #409 ) ) ;
#458 = EDGE_CURVE ( 'NONE', #1464, #716, #984, .T. ) ;
#459 = FACE_BOUND ( 'NONE', #1327, .T. ) ;
#460 = ORIENTED_EDGE ( 'NONE', *, *, #505, .T. ) ;
#461 = VERTEX_POINT ( 'NONE', #878 ) ;
#462 = DIRECTION ( 'NONE',  ( 0.000000000000000000, 0.000000000000000000, -1.000000000000000000 ) ) ;
#463 = DIRECTION ( 'NONE',  ( 1.000000000000000000, 0.000000000000000000, 0.000000000000000000 ) ) ;
#464 = VERTEX_POINT ( 'NONE', #1381 ) ;
#465 = CARTESIAN_POINT ( 'NONE',  ( 73.00000000000000000, -9.000000000000001776, 2.000000000000000000 ) ) ;
#466 = ORIENTED_EDGE ( 'NONE', *, *, #1401, .T. ) ;
#467 = EDGE_CURVE ( 'NONE', #577, #594, #977, .T. ) ;
#468 = VECTOR ( 'NONE', #873, 1000.000000000000000 ) ;
#469 = ORIENTED_EDGE ( 'NONE', *, *, #641, .F. ) ;
#470 = CARTESIAN_POINT ( 'NONE',  ( -57.50000000000000000, -11.00000000000000000, -0.2999999999999999889 ) ) ;
#471 = VECTOR ( 'NONE', #1436, 1000.000000000000000 ) ;
#472 = VECTOR ( 'NONE', #228, 1000.000000000000000 ) ;
#473 = ORIENTED_EDGE ( 'NONE', *, *, #956, .T. ) ;
#474 = CARTESIAN_POINT ( 'NONE',  ( -6.500000000000000888, 11.00000000000000000, 0.000000000000000000 ) ) ;
#475 = ORIENTED_EDGE ( 'NONE', *, *, #741, .T. ) ;
#476 = EDGE_CURVE ( 'NONE', #416, #865, #10, .T. ) ;
#477 = ORIENTED_EDGE ( 'NONE', *, *, #535, .F. ) ;
#478 = CARTESIAN_POINT ( 'NONE',  ( 40.50000000000000000, 0.000000000000000000, 2.000000000000000000 ) ) ;
#479 = APPLICATION_CONTEXT ( 'configuration controlled 3d designs of mechanical parts and assemblies' ) ;
#480 = CARTESIAN_POINT ( 'NONE',  ( -61.50000000000000711, -11.00000000000000000, -0.2999999999999999889 ) ) ;
#481 = FACE_BOUND ( 'NONE', #1336, .T. ) ;
#482 = ORIENTED_EDGE ( 'NONE', *, *, #437, .T. ) ;
#483 = DIRECTION ( 'NONE',  ( 0.000000000000000000, 0.000000000000000000, -1.000000000000000000 ) ) ;
#484 = ORIENTED_EDGE ( 'NONE', *, *, #77, .T. ) ;
#485 = DIRECTION ( 'NONE',  ( -0.000000000000000000, 1.000000000000000000, 0.000000000000000000 ) ) ;
#486 = ADVANCED_FACE ( 'NONE', ( #1512 ), #235, .F. ) ;
#487 = CARTESIAN_POINT ( 'NONE',  ( 10.50000000000000000, -11.00000000000000000, 2.000000000000000000 ) ) ;
#488 = CARTESIAN_POINT ( 'NONE',  ( 0.000000000000000000, 11.00000000000000000, 0.000000000000000000 ) ) ;
#489 = VERTEX_POINT ( 'NONE', #617 ) ;
#490 = CARTESIAN_POINT ( 'NONE',  ( -40.50000000000000000, -11.00000000000000000, 0.000000000000000000 ) ) ;
#491 = ORIENTED_EDGE ( 'NONE', *, *, #1606, .T. ) ;
#492 = LINE ( 'NONE', #869, #808 ) ;
#493 = EDGE_CURVE ( 'NONE', #1476, #1604, #1244, .T. ) ;
#494 = CYLINDRICAL_SURFACE ( 'NONE', #1230, 1.699999999999993072 ) ;
#495 = VECTOR ( 'NONE', #501, 1000.000000000000000 ) ;
#496 = VECTOR ( 'NONE', #375, 1000.000000000000000 ) ;
#497 = CARTESIAN_POINT ( 'NONE',  ( 0.000000000000000000, 0.000000000000000000, 2.000000000000000000 ) ) ;
#498 = ORIENTED_EDGE ( 'NONE', *, *, #308, .T. ) ;
#499 = DIRECTION ( 'NONE',  ( 0.000000000000000000, 1.000000000000000000, 0.000000000000000000 ) ) ;
#500 = VERTEX_POINT ( 'NONE', #1497 ) ;
#501 = DIRECTION ( 'NONE',  ( 0.000000000000000000, -1.000000000000000000, 0.000000000000000000 ) ) ;
#502 = CARTESIAN_POINT ( 'NONE',  ( 73.00000000000000000, 9.000000000000001776, 0.000000000000000000 ) ) ;
#503 = CARTESIAN_POINT ( 'NONE',  ( 73.00000000000000000, -9.000000000000001776, 0.000000000000000000 ) ) ;
#504 = VERTEX_POINT ( 'NONE', #1355 ) ;
#505 = EDGE_CURVE ( 'NONE', #582, #327, #363, .T. ) ;
#506 = PLANE ( 'NONE',  #105 ) ;
#507 = ORIENTED_EDGE ( 'NONE', *, *, #258, .T. ) ;
#508 = CARTESIAN_POINT ( 'NONE',  ( -27.50000000000000355, 0.000000000000000000, 0.000000000000000000 ) ) ;
#509 = CARTESIAN_POINT ( 'NONE',  ( -57.50000000000000000, -11.00000000000000000, 2.000000000000000000 ) ) ;
#510 = CARTESIAN_POINT ( 'NONE',  ( 61.50000000000000711, 11.00000000000000000, -0.2999999999999999889 ) ) ;
#511 = ORIENTED_EDGE ( 'NONE', *, *, #683, .T. ) ;
#512 = CARTESIAN_POINT ( 'NONE',  ( -42.50000000000000000, -11.00000000000000000, -0.2999999999999999889 ) ) ;
#513 = EDGE_CURVE ( 'NONE', #349, #55, #728, .T. ) ;
#514 = DIRECTION ( 'NONE',  ( -0.000000000000000000, 0.000000000000000000, -1.000000000000000000 ) ) ;
#515 = ORIENTED_EDGE ( 'NONE', *, *, #853, .F. ) ;
#516 = EDGE_CURVE ( 'NONE', #1365, #343, #743, .T. ) ;
#517 = DIRECTION ( 'NONE',  ( 0.000000000000000000, -0.000000000000000000, 1.000000000000000000 ) ) ;
#518 = CARTESIAN_POINT ( 'NONE',  ( -44.50000000000000711, 11.00000000000000000, 2.000000000000000000 ) ) ;
#519 = CLOSED_SHELL ( 'NONE', ( #220, #1486, #385, #179, #1117, #927, #883, #1148, #2, #1577, #1030, #919, #348, #1348, #817, #98, #643, #906, #987, #1394, #1423, #589, #1242, #12, #292, #335, #417, #301, #206, #54, #1451, #692, #733, #1613, #229, #208, #1501, #1379, #280, #1061, #486, #1479, #1097, #1533, #45, #1312 ) ) ;
#520 = LINE ( 'NONE', #1167, #185 ) ;
#521 = VECTOR ( 'NONE', #250, 1000.000000000000000 ) ;
#522 = VERTEX_POINT ( 'NONE', #1485 ) ;
#523 = VECTOR ( 'NONE', #114, 1000.000000000000000 ) ;
#524 = DIRECTION ( 'NONE',  ( -1.000000000000000000, -0.000000000000000000, 0.000000000000000000 ) ) ;
#525 = EDGE_CURVE ( 'NONE', #958, #1415, #246, .T. ) ;
#526 = ORIENTED_EDGE ( 'NONE', *, *, #1572, .T. ) ;
#527 = DIRECTION ( 'NONE',  ( 0.000000000000000000, -1.000000000000000000, 0.000000000000000000 ) ) ;
#528 = EDGE_CURVE ( 'NONE', #327, #682, #751, .T. ) ;
#529 = CARTESIAN_POINT ( 'NONE',  ( 6.500000000000000888, 11.00000000000000000, -0.2999999999999999889 ) ) ;
#530 = CARTESIAN_POINT ( 'NONE',  ( -27.50000000000000355, 0.000000000000000000, -0.2999999999999999889 ) ) ;
#531 = EDGE_LOOP ( 'NONE', ( #1607, #1124, #598, #353 ) ) ;
#532 = ORIENTED_EDGE ( 'NONE', *, *, #378, .F. ) ;
#533 = CARTESIAN_POINT ( 'NONE',  ( 6.500000000000000888, -11.00000000000000000, -0.2999999999999999889 ) ) ;
#534 = DIRECTION ( 'NONE',  ( 0.000000000000000000, 0.000000000000000000, 1.000000000000000000 ) ) ;
#535 = EDGE_CURVE ( 'NONE', #157, #1054, #138, .T. ) ;
#536 = CARTESIAN_POINT ( 'NONE',  ( 10.50000000000000000, 11.00000000000000000, -0.2999999999999999889 ) ) ;
#537 = ORIENTED_EDGE ( 'NONE', *, *, #702, .F. ) ;
#538 = CARTESIAN_POINT ( 'NONE',  ( 0.000000000000000000, -15.00000000000000000, 0.000000000000000000 ) ) ;
#539 = ORIENTED_EDGE ( 'NONE', *, *, #308, .F. ) ;
#540 = DIRECTION ( 'NONE',  ( 0.000000000000000000, 0.000000000000000000, 1.000000000000000000 ) ) ;
#541 = DIRECTION ( 'NONE',  ( 0.000000000000000000, 0.000000000000000000, 1.000000000000000000 ) ) ;
#542 = EDGE_CURVE ( 'NONE', #658, #464, #102, .T. ) ;
#543 = LINE ( 'NONE', #781, #340 ) ;
#544 = EDGE_LOOP ( 'NONE', ( #245, #177, #640, #614 ) ) ;
#545 = AXIS2_PLACEMENT_3D ( 'NONE', #178, #670, #779 ) ;
#546 = VECTOR ( 'NONE', #428, 1000.000000000000000 ) ;
#547 = CARTESIAN_POINT ( 'NONE',  ( -80.00000000000000000, 0.000000000000000000, 0.000000000000000000 ) ) ;
#548 = AXIS2_PLACEMENT_3D ( 'NONE', #657, #1146, #173 ) ;
#549 = APPROVAL_STATUS ( 'not_yet_approved' ) ;
#550 = ORIENTED_EDGE ( 'NONE', *, *, #158, .T. ) ;
#551 = LOCAL_TIME ( 19, 6, 31.00000000000000000, #422 ) ;
#552 = LINE ( 'NONE', #1539, #699 ) ;
#553 = DIRECTION ( 'NONE',  ( -1.000000000000000000, 0.000000000000000000, 0.000000000000000000 ) ) ;
#554 = ORIENTED_EDGE ( 'NONE', *, *, #1300, .T. ) ;
#555 = EDGE_CURVE ( 'NONE', #157, #181, #1101, .T. ) ;
#556 = ORIENTED_EDGE ( 'NONE', *, *, #621, .T. ) ;
#557 = LINE ( 'NONE', #439, #1465 ) ;
#558 = DIRECTION ( 'NONE',  ( 0.000000000000000000, 0.000000000000000000, 1.000000000000000000 ) ) ;
#559 = VERTEX_POINT ( 'NONE', #604 ) ;
#560 = DIRECTION ( 'NONE',  ( -1.000000000000000000, 0.000000000000000000, 0.000000000000000000 ) ) ;
#561 = COORDINATED_UNIVERSAL_TIME_OFFSET ( 8, 0, .AHEAD. ) ;
#562 = EDGE_CURVE ( 'NONE', #654, #633, #1608, .T. ) ;
#563 = ORIENTED_EDGE ( 'NONE', *, *, #1565, .F. ) ;
#564 = CARTESIAN_POINT ( 'NONE',  ( 80.00000000000000000, 15.00000000000000000, 0.000000000000000000 ) ) ;
#565 = CYLINDRICAL_SURFACE ( 'NONE', #449, 1.699999999999993072 ) ;
#566 = ORIENTED_EDGE ( 'NONE', *, *, #1079, .F. ) ;
#567 = DIRECTION ( 'NONE',  ( 1.000000000000000000, 0.000000000000000000, 0.000000000000000000 ) ) ;
#568 = AXIS2_PLACEMENT_3D ( 'NONE', #396, #51, #540 ) ;
#569 = AXIS2_PLACEMENT_3D ( 'NONE', #1082, #1582, #453 ) ;
#570 = EDGE_LOOP ( 'NONE', ( #1360, #1163, #1105, #507 ) ) ;
#571 = DIRECTION ( 'NONE',  ( -0.000000000000000000, 1.000000000000000000, 0.000000000000000000 ) ) ;
#572 = AXIS2_PLACEMENT_3D ( 'NONE', #1342, #1434, #221 ) ;
#573 = EDGE_CURVE ( 'NONE', #1369, #327, #355, .T. ) ;
#574 = CARTESIAN_POINT ( 'NONE',  ( 0.000000000000000000, 11.00000000000000000, 0.000000000000000000 ) ) ;
#575 = ORIENTED_EDGE ( 'NONE', *, *, #77, .F. ) ;
#576 = CARTESIAN_POINT ( 'NONE',  ( 0.000000000000000000, 11.00000000000000000, 0.000000000000000000 ) ) ;
#577 = VERTEX_POINT ( 'NONE', #1621 ) ;
#578 = ORIENTED_EDGE ( 'NONE', *, *, #311, .T. ) ;
#579 = DIRECTION ( 'NONE',  ( 0.000000000000000000, -1.000000000000000000, -0.000000000000000000 ) ) ;
#580 = CARTESIAN_POINT ( 'NONE',  ( 6.500000000000000888, 11.00000000000000000, 0.000000000000000000 ) ) ;
#581 = EDGE_CURVE ( 'NONE', #500, #633, #492, .T. ) ;
#582 = VERTEX_POINT ( 'NONE', #1408 ) ;
#583 = CARTESIAN_POINT ( 'NONE',  ( -25.50000000000000355, -11.00000000000000000, -0.2999999999999999889 ) ) ;
#584 = ORIENTED_EDGE ( 'NONE', *, *, #272, .F. ) ;
#585 = ORIENTED_EDGE ( 'NONE', *, *, #1328, .T. ) ;
#586 = CARTESIAN_POINT ( 'NONE',  ( -74.69999999999998863, -9.000000000000001776, 0.000000000000000000 ) ) ;
#587 = DIRECTION ( 'NONE',  ( 0.000000000000000000, 0.000000000000000000, 1.000000000000000000 ) ) ;
#588 = FACE_BOUND ( 'NONE', #872, .T. ) ;
#589 = ADVANCED_FACE ( 'NONE', ( #1400 ), #1277, .F. ) ;
#590 = LINE ( 'NONE', #1095, #471 ) ;
#591 = EDGE_LOOP ( 'NONE', ( #1530, #624, #698, #908 ) ) ;
#592 = VECTOR ( 'NONE', #879, 1000.000000000000000 ) ;
#593 = AXIS2_PLACEMENT_3D ( 'NONE', #512, #244, #483 ) ;
#594 = VERTEX_POINT ( 'NONE', #1164 ) ;
#595 = DIRECTION ( 'NONE',  ( 0.000000000000000000, 0.000000000000000000, 1.000000000000000000 ) ) ;
#596 = VECTOR ( 'NONE', #148, 1000.000000000000000 ) ;
#597 = AXIS2_PLACEMENT_3D ( 'NONE', #394, #1389, #514 ) ;
#598 = ORIENTED_EDGE ( 'NONE', *, *, #1165, .T. ) ;
#599 = LINE ( 'NONE', #871, #421 ) ;
#600 = ORIENTED_EDGE ( 'NONE', *, *, #408, .T. ) ;
#601 = CARTESIAN_POINT ( 'NONE',  ( -57.50000000000000000, 11.00000000000000000, 2.000000000000000000 ) ) ;
#602 = EDGE_CURVE ( 'NONE', #806, #1554, #770, .T. ) ;
#603 = ORIENTED_EDGE ( 'NONE', *, *, #1199, .F. ) ;
#604 = CARTESIAN_POINT ( 'NONE',  ( -10.50000000000000000, -11.00000000000000000, 0.000000000000000000 ) ) ;
#605 = CARTESIAN_POINT ( 'NONE',  ( 23.50000000000000000, 11.00000000000000000, -0.2999999999999999889 ) ) ;
#606 = DIRECTION ( 'NONE',  ( 0.000000000000000000, 0.000000000000000000, 1.000000000000000000 ) ) ;
#607 = VERTEX_POINT ( 'NONE', #896 ) ;
#608 = FACE_OUTER_BOUND ( 'NONE', #1329, .T. ) ;
#609 = EDGE_CURVE ( 'NONE', #654, #1313, #761, .T. ) ;
#610 = VERTEX_POINT ( 'NONE', #1548 ) ;
#611 = DIRECTION ( 'NONE',  ( -0.000000000000000000, 1.000000000000000000, 0.000000000000000000 ) ) ;
#612 = DIRECTION ( 'NONE',  ( 0.000000000000000000, 0.000000000000000000, 1.000000000000000000 ) ) ;
#613 = DIRECTION ( 'NONE',  ( 0.000000000000000000, 0.000000000000000000, 1.000000000000000000 ) ) ;
#614 = ORIENTED_EDGE ( 'NONE', *, *, #1212, .T. ) ;
#615 = LINE ( 'NONE', #990, #1257 ) ;
#616 = ORIENTED_EDGE ( 'NONE', *, *, #1079, .T. ) ;
#617 = CARTESIAN_POINT ( 'NONE',  ( 6.500000000000000888, -11.00000000000000000, 0.000000000000000000 ) ) ;
#618 = CIRCLE ( 'NONE', #1544, 1.699999999999993072 ) ;
#619 = CARTESIAN_POINT ( 'NONE',  ( 74.69999999999998863, 9.000000000000001776, 2.000000000000000000 ) ) ;
#620 = VECTOR ( 'NONE', #882, 1000.000000000000000 ) ;
#621 = EDGE_CURVE ( 'NONE', #489, #412, #655, .T. ) ;
#622 = VECTOR ( 'NONE', #3, 1000.000000000000000 ) ;
#623 = CARTESIAN_POINT ( 'NONE',  ( 23.50000000000000000, 11.00000000000000000, 2.000000000000000000 ) ) ;
#624 = ORIENTED_EDGE ( 'NONE', *, *, #843, .T. ) ;
#625 = VECTOR ( 'NONE', #190, 1000.000000000000000 ) ;
#626 = CARTESIAN_POINT ( 'NONE',  ( 10.50000000000000000, -11.00000000000000000, -0.2999999999999999889 ) ) ;
#627 = LINE ( 'NONE', #1015, #8 ) ;
#628 = ORIENTED_EDGE ( 'NONE', *, *, #762, .T. ) ;
#629 = CARTESIAN_POINT ( 'NONE',  ( 57.50000000000000000, 0.000000000000000000, 0.000000000000000000 ) ) ;
#630 = DIRECTION ( 'NONE',  ( 0.000000000000000000, 0.000000000000000000, 1.000000000000000000 ) ) ;
#631 = EDGE_CURVE ( 'NONE', #1247, #1450, #645, .T. ) ;
#632 = DIRECTION ( 'NONE',  ( -0.000000000000000000, -0.000000000000000000, -1.000000000000000000 ) ) ;
#633 = VERTEX_POINT ( 'NONE', #1538 ) ;
#634 = CARTESIAN_POINT ( 'NONE',  ( -80.00000000000000000, -15.00000000000000000, 2.000000000000000000 ) ) ;
#635 = ORIENTED_EDGE ( 'NONE', *, *, #1228, .F. ) ;
#636 = FACE_OUTER_BOUND ( 'NONE', #903, .T. ) ;
#637 = PRODUCT ( 'VentCassette_8Slots_Passive', 'VentCassette_8Slots_Passive', '', ( #748 ) ) ;
#638 = LINE ( 'NONE', #529, #30 ) ;
#639 = DIRECTION ( 'NONE',  ( 0.000000000000000000, 0.000000000000000000, 1.000000000000000000 ) ) ;
#640 = ORIENTED_EDGE ( 'NONE', *, *, #493, .T. ) ;
#641 = EDGE_CURVE ( 'NONE', #489, #1447, #278, .T. ) ;
#642 = LINE ( 'NONE', #175, #701 ) ;
#643 = ADVANCED_FACE ( 'NONE', ( #636 ), #404, .F. ) ;
#644 = ORIENTED_EDGE ( 'NONE', *, *, #796, .T. ) ;
#645 = LINE ( 'NONE', #887, #1154 ) ;
#646 = DIRECTION ( 'NONE',  ( 0.000000000000000000, -0.000000000000000000, 1.000000000000000000 ) ) ;
#647 = DIRECTION ( 'NONE',  ( 0.000000000000000000, 0.000000000000000000, 1.000000000000000000 ) ) ;
#648 = AXIS2_PLACEMENT_3D ( 'NONE', #44, #1036, #1531 ) ;
#649 = ORIENTED_EDGE ( 'NONE', *, *, #525, .F. ) ;
#650 = VECTOR ( 'NONE', #1467, 1000.000000000000000 ) ;
#651 = CARTESIAN_POINT ( 'NONE',  ( -61.50000000000000711, -11.00000000000000000, 2.000000000000000000 ) ) ;
#652 = APPROVAL_PERSON_ORGANIZATION ( #1315, #1281, #668 ) ;
#653 = EDGE_CURVE ( 'NONE', #989, #265, #1144, .T. ) ;
#654 = VERTEX_POINT ( 'NONE', #163 ) ;
#655 = LINE ( 'NONE', #533, #1098 ) ;
#656 = DIRECTION ( 'NONE',  ( -0.000000000000000000, 1.000000000000000000, 0.000000000000000000 ) ) ;
#657 = CARTESIAN_POINT ( 'NONE',  ( 73.00000000000000000, 9.000000000000001776, -0.2999999999999999889 ) ) ;
#658 = VERTEX_POINT ( 'NONE', #1029 ) ;
#659 = LINE ( 'NONE', #1169, #446 ) ;
#660 = DATE_AND_TIME ( #1545, #1420 ) ;
#661 = ORIENTED_EDGE ( 'NONE', *, *, #997, .T. ) ;
#662 = LINE ( 'NONE', #1171, #1492 ) ;
#663 = FACE_OUTER_BOUND ( 'NONE', #847, .T. ) ;
#664 = EDGE_CURVE ( 'NONE', #1604, #157, #904, .T. ) ;
#665 = CARTESIAN_POINT ( 'NONE',  ( 27.50000000000000355, -11.00000000000000000, 0.000000000000000000 ) ) ;
#666 = EDGE_LOOP ( 'NONE', ( #1372, #1077, #1168, #460 ) ) ;
#667 = CARTESIAN_POINT ( 'NONE',  ( 40.50000000000000000, 11.00000000000000000, -0.2999999999999999889 ) ) ;
#668 = APPROVAL_ROLE ( '' ) ;
#669 = ORIENTED_EDGE ( 'NONE', *, *, #581, .F. ) ;
#670 = DIRECTION ( 'NONE',  ( -0.000000000000000000, -0.000000000000000000, -1.000000000000000000 ) ) ;
#671 = LINE ( 'NONE', #510, #1023 ) ;
#672 = EDGE_CURVE ( 'NONE', #181, #1476, #911, .T. ) ;
#673 = ORIENTED_EDGE ( 'NONE', *, *, #787, .T. ) ;
#674 = AXIS2_PLACEMENT_3D ( 'NONE', #923, #1037, #646 ) ;
#675 = VECTOR ( 'NONE', #112, 1000.000000000000000 ) ;
#676 = DIRECTION ( 'NONE',  ( 0.000000000000000000, 0.000000000000000000, 1.000000000000000000 ) ) ;
#677 = CIRCLE ( 'NONE', #1520, 1.699999999999993072 ) ;
#678 = LOCAL_TIME ( 19, 6, 31.00000000000000000, #561 ) ;
#679 = EDGE_LOOP ( 'NONE', ( #225, #477, #1583, #900 ) ) ;
#680 = DIRECTION ( 'NONE',  ( 0.000000000000000000, -1.000000000000000000, 0.000000000000000000 ) ) ;
#681 = FACE_OUTER_BOUND ( 'NONE', #1597, .T. ) ;
#682 = VERTEX_POINT ( 'NONE', #1523 ) ;
#683 = EDGE_CURVE ( 'NONE', #1084, #162, #662, .T. ) ;
#684 = DIRECTION ( 'NONE',  ( 0.000000000000000000, 0.000000000000000000, -1.000000000000000000 ) ) ;
#685 = APPROVAL_STATUS ( 'not_yet_approved' ) ;
#686 = ORIENTED_EDGE ( 'NONE', *, *, #1370, .F. ) ;
#687 = CARTESIAN_POINT ( 'NONE',  ( -27.50000000000000355, -11.00000000000000000, -0.2999999999999999889 ) ) ;
#688 = CARTESIAN_POINT ( 'NONE',  ( -6.500000000000000888, 11.00000000000000000, 2.000000000000000000 ) ) ;
#689 = ORIENTED_EDGE ( 'NONE', *, *, #189, .T. ) ;
#690 = FACE_OUTER_BOUND ( 'NONE', #234, .T. ) ;
#691 = CC_DESIGN_PERSON_AND_ORGANIZATION_ASSIGNMENT ( #193, #934, ( #835 ) ) ;
#692 = ADVANCED_FACE ( 'NONE', ( #1268 ), #1416, .F. ) ;
#693 = ORIENTED_EDGE ( 'NONE', *, *, #1564, .F. ) ;
#694 = DIRECTION ( 'NONE',  ( -1.000000000000000000, -0.000000000000000000, 0.000000000000000000 ) ) ;
#695 = FACE_OUTER_BOUND ( 'NONE', #717, .T. ) ;
#696 = FACE_BOUND ( 'NONE', #1250, .T. ) ;
#697 = CARTESIAN_POINT ( 'NONE',  ( 23.50000000000000000, 0.000000000000000000, 2.000000000000000000 ) ) ;
#698 = ORIENTED_EDGE ( 'NONE', *, *, #467, .F. ) ;
#699 = VECTOR ( 'NONE', #1180, 1000.000000000000000 ) ;
#700 = VECTOR ( 'NONE', #1259, 1000.000000000000000 ) ;
#701 = VECTOR ( 'NONE', #1186, 1000.000000000000000 ) ;
#702 = EDGE_CURVE ( 'NONE', #55, #610, #1181, .T. ) ;
#703 = ORIENTED_EDGE ( 'NONE', *, *, #1088, .F. ) ;
#704 = DIRECTION ( 'NONE',  ( 0.000000000000000000, 0.000000000000000000, 1.000000000000000000 ) ) ;
#705 = SECURITY_CLASSIFICATION ( '', '', #801 ) ;
#706 = CARTESIAN_POINT ( 'NONE',  ( 73.00000000000000000, -9.000000000000001776, -0.2999999999999999889 ) ) ;
#707 = ORIENTED_EDGE ( 'NONE', *, *, #1107, .F. ) ;
#708 = CARTESIAN_POINT ( 'NONE',  ( -59.50000000000000711, -11.00000000000000000, -0.2999999999999999889 ) ) ;
#709 = EDGE_LOOP ( 'NONE', ( #1276, #111, #1468, #1068 ) ) ;
#710 = ORIENTED_EDGE ( 'NONE', *, *, #513, .T. ) ;
#711 = DIRECTION ( 'NONE',  ( -1.000000000000000000, 0.000000000000000000, 0.000000000000000000 ) ) ;
#712 = CC_DESIGN_PERSON_AND_ORGANIZATION_ASSIGNMENT ( #315, #64, ( #1470 ) ) ;
#713 = CARTESIAN_POINT ( 'NONE',  ( 73.00000000000000000, 9.000000000000001776, 0.000000000000000000 ) ) ;
#714 = ORIENTED_EDGE ( 'NONE', *, *, #458, .T. ) ;
#715 = CARTESIAN_POINT ( 'NONE',  ( 0.000000000000000000, -11.00000000000000000, 0.000000000000000000 ) ) ;
#716 = VERTEX_POINT ( 'NONE', #1256 ) ;
#717 = EDGE_LOOP ( 'NONE', ( #214, #757, #403, #812 ) ) ;
#718 = CARTESIAN_POINT ( 'NONE',  ( -71.29999999999999716, 9.000000000000001776, -0.2999999999999999889 ) ) ;
#719 = PLANE ( 'NONE',  #597 ) ;
#720 = PLANE ( 'NONE',  #885 ) ;
#721 = EDGE_CURVE ( 'NONE', #1143, #658, #1397, .T. ) ;
#722 = FACE_OUTER_BOUND ( 'NONE', #1353, .T. ) ;
#723 = ORIENTED_EDGE ( 'NONE', *, *, #458, .F. ) ;
#724 = CARTESIAN_POINT ( 'NONE',  ( 0.000000000000000000, -11.00000000000000000, 2.000000000000000000 ) ) ;
#725 = AXIS2_PLACEMENT_3D ( 'NONE', #120, #889, #247 ) ;
#726 = VECTOR ( 'NONE', #1010, 1000.000000000000000 ) ;
#727 = ORIENTED_EDGE ( 'NONE', *, *, #71, .F. ) ;
#728 = LINE ( 'NONE', #1237, #966 ) ;
#729 = AXIS2_PLACEMENT_3D ( 'NONE', #957, #86, #567 ) ;
#730 = DIRECTION ( 'NONE',  ( 0.000000000000000000, 0.000000000000000000, 1.000000000000000000 ) ) ;
#731 = DIRECTION ( 'NONE',  ( -0.000000000000000000, -0.000000000000000000, -1.000000000000000000 ) ) ;
#732 = ORIENTED_EDGE ( 'NONE', *, *, #653, .T. ) ;
#733 = ADVANCED_FACE ( 'NONE', ( #608 ), #506, .F. ) ;
#734 = CARTESIAN_POINT ( 'NONE',  ( 25.50000000000000355, 11.00000000000000000, -0.2999999999999999889 ) ) ;
#735 = ORIENTED_EDGE ( 'NONE', *, *, #1128, .F. ) ;
#736 = DIRECTION ( 'NONE',  ( 0.000000000000000000, 0.000000000000000000, 1.000000000000000000 ) ) ;
#737 = DIRECTION ( 'NONE',  ( -0.000000000000000000, -0.000000000000000000, -1.000000000000000000 ) ) ;
#738 = DIRECTION ( 'NONE',  ( 1.000000000000000000, 0.000000000000000000, -0.000000000000000000 ) ) ;
#739 = ORIENTED_EDGE ( 'NONE', *, *, #1351, .F. ) ;
#740 = DIRECTION ( 'NONE',  ( 0.000000000000000000, 0.000000000000000000, 1.000000000000000000 ) ) ;
#741 = EDGE_CURVE ( 'NONE', #833, #989, #361, .T. ) ;
#742 = EDGE_LOOP ( 'NONE', ( #427, #693, #769, #1500 ) ) ;
#743 = LINE ( 'NONE', #718, #941 ) ;
#744 = DIRECTION ( 'NONE',  ( -1.000000000000000000, -0.000000000000000000, 0.000000000000000000 ) ) ;
#745 = CARTESIAN_POINT ( 'NONE',  ( 0.000000000000000000, -11.00000000000000000, 2.000000000000000000 ) ) ;
#746 = ORIENTED_EDGE ( 'NONE', *, *, #311, .F. ) ;
#747 = CARTESIAN_POINT ( 'NONE',  ( -23.50000000000000000, 0.000000000000000000, 0.000000000000000000 ) ) ;
#748 = MECHANICAL_CONTEXT ( 'NONE', #479, 'mechanical' ) ;
#749 = CIRCLE ( 'NONE', #1387, 1.699999999999993072 ) ;
#750 = EDGE_LOOP ( 'NONE', ( #29, #1343, #600, #307 ) ) ;
#751 = LINE ( 'NONE', #1225, #700 ) ;
#752 = EDGE_CURVE ( 'NONE', #833, #1143, #393, .T. ) ;
#753 = VECTOR ( 'NONE', #1002, 1000.000000000000000 ) ;
#754 = CARTESIAN_POINT ( 'NONE',  ( 57.50000000000000000, -11.00000000000000000, 0.000000000000000000 ) ) ;
#755 = VECTOR ( 'NONE', #290, 1000.000000000000000 ) ;
#756 = CARTESIAN_POINT ( 'NONE',  ( -8.500000000000000000, -11.00000000000000000, -0.2999999999999999889 ) ) ;
#757 = ORIENTED_EDGE ( 'NONE', *, *, #831, .T. ) ;
#758 = DIRECTION ( 'NONE',  ( 0.000000000000000000, 0.000000000000000000, 1.000000000000000000 ) ) ;
#759 = DIRECTION ( 'NONE',  ( -0.000000000000000000, 0.000000000000000000, -1.000000000000000000 ) ) ;
#760 = ORIENTED_EDGE ( 'NONE', *, *, #493, .F. ) ;
#761 = LINE ( 'NONE', #778, #365 ) ;
#762 = EDGE_CURVE ( 'NONE', #582, #461, #1106, .T. ) ;
#763 = CARTESIAN_POINT ( 'NONE',  ( -74.69999999999998863, -9.000000000000001776, 2.000000000000000000 ) ) ;
#764 = CARTESIAN_POINT ( 'NONE',  ( -40.50000000000000000, -11.00000000000000000, -0.2999999999999999889 ) ) ;
#765 = EDGE_CURVE ( 'NONE', #1293, #137, #1007, .T. ) ;
#766 = VERTEX_POINT ( 'NONE', #490 ) ;
#767 = PLANE ( 'NONE',  #917 ) ;
#768 = CARTESIAN_POINT ( 'NONE',  ( 27.50000000000000355, 0.000000000000000000, -0.2999999999999999889 ) ) ;
#769 = ORIENTED_EDGE ( 'NONE', *, *, #1351, .T. ) ;
#770 = LINE ( 'NONE', #286, #132 ) ;
#771 = DIRECTION ( 'NONE',  ( 0.000000000000000000, 0.000000000000000000, -1.000000000000000000 ) ) ;
#772 = CARTESIAN_POINT ( 'NONE',  ( -23.50000000000000000, -11.00000000000000000, 2.000000000000000000 ) ) ;
#773 = ORIENTED_EDGE ( 'NONE', *, *, #1059, .F. ) ;
#774 = EDGE_CURVE ( 'NONE', #181, #1090, #1000, .T. ) ;
#775 = LINE ( 'NONE', #918, #1287 ) ;
#776 = APPROVAL_STATUS ( 'not_yet_approved' ) ;
#777 = ORIENTED_EDGE ( 'NONE', *, *, #321, .T. ) ;
#778 = CARTESIAN_POINT ( 'NONE',  ( 27.50000000000000355, 0.000000000000000000, 0.000000000000000000 ) ) ;
#779 = DIRECTION ( 'NONE',  ( -1.000000000000000000, 0.000000000000000000, 0.000000000000000000 ) ) ;
#780 = AXIS2_PLACEMENT_3D ( 'NONE', #1433, #303, #52 ) ;
#781 = CARTESIAN_POINT ( 'NONE',  ( -10.50000000000000000, 11.00000000000000000, -0.2999999999999999889 ) ) ;
#782 = VECTOR ( 'NONE', #704, 1000.000000000000000 ) ;
#783 = ORIENTED_EDGE ( 'NONE', *, *, #117, .T. ) ;
#784 = VECTOR ( 'NONE', #1481, 1000.000000000000000 ) ;
#785 = CARTESIAN_POINT ( 'NONE',  ( -6.500000000000000888, -11.00000000000000000, 2.000000000000000000 ) ) ;
#786 = VECTOR ( 'NONE', #331, 1000.000000000000000 ) ;
#787 = EDGE_CURVE ( 'NONE', #594, #981, #1612, .T. ) ;
#788 = ORIENTED_EDGE ( 'NONE', *, *, #824, .F. ) ;
#789 = CARTESIAN_POINT ( 'NONE',  ( -42.50000000000000000, 11.00000000000000000, -0.2999999999999999889 ) ) ;
#790 = CARTESIAN_POINT ( 'NONE',  ( 44.50000000000000711, -11.00000000000000000, -0.2999999999999999889 ) ) ;
#791 = DIRECTION ( 'NONE',  ( 0.000000000000000000, 0.000000000000000000, 1.000000000000000000 ) ) ;
#792 = ORIENTED_EDGE ( 'NONE', *, *, #1173, .F. ) ;
#793 = LINE ( 'NONE', #168, #890 ) ;
#794 = PERSON_AND_ORGANIZATION ( #1304, #969 ) ;
#795 = EDGE_LOOP ( 'NONE', ( #40, #1620, #976, #830 ) ) ;
#796 = EDGE_CURVE ( 'NONE', #633, #1175, #1377, .T. ) ;
#797 = DIRECTION ( 'NONE',  ( 1.000000000000000000, 0.000000000000000000, 0.000000000000000000 ) ) ;
#798 = FACE_OUTER_BOUND ( 'NONE', #1453, .T. ) ;
#799 = ORIENTED_EDGE ( 'NONE', *, *, #1016, .T. ) ;
#800 = PLANE ( 'NONE',  #1126 ) ;
#801 = SECURITY_CLASSIFICATION_LEVEL ( 'unclassified' ) ;
#802 = ORIENTED_EDGE ( 'NONE', *, *, #804, .F. ) ;
#803 = DIRECTION ( 'NONE',  ( 0.000000000000000000, 0.000000000000000000, -1.000000000000000000 ) ) ;
#804 = EDGE_CURVE ( 'NONE', #412, #137, #1508, .T. ) ;
#805 = DIRECTION ( 'NONE',  ( -0.000000000000000000, 1.000000000000000000, 0.000000000000000000 ) ) ;
#806 = VERTEX_POINT ( 'NONE', #1266 ) ;
#807 = CIRCLE ( 'NONE', #1072, 1.699999999999993072 ) ;
#808 = VECTOR ( 'NONE', #1373, 1000.000000000000000 ) ;
#809 = DIRECTION ( 'NONE',  ( 0.000000000000000000, -1.000000000000000000, 0.000000000000000000 ) ) ;
#810 = VECTOR ( 'NONE', #401, 1000.000000000000000 ) ;
#811 = PERSON_AND_ORGANIZATION_ROLE ( 'creator' ) ;
#812 = ORIENTED_EDGE ( 'NONE', *, *, #956, .F. ) ;
#813 = CARTESIAN_POINT ( 'NONE',  ( -73.00000000000000000, 9.000000000000001776, -0.2999999999999999889 ) ) ;
#814 = EDGE_CURVE ( 'NONE', #62, #122, #1309, .T. ) ;
#815 = CARTESIAN_POINT ( 'NONE',  ( 61.50000000000000711, 11.00000000000000000, 2.000000000000000000 ) ) ;
#816 = VERTEX_POINT ( 'NONE', #634 ) ;
#817 = ADVANCED_FACE ( 'NONE', ( #1141 ), #22, .F. ) ;
#818 = CARTESIAN_POINT ( 'NONE',  ( 0.000000000000000000, -11.00000000000000000, 0.000000000000000000 ) ) ;
#819 = ORIENTED_EDGE ( 'NONE', *, *, #1039, .F. ) ;
#820 = PLANE ( 'NONE',  #1020 ) ;
#821 = CARTESIAN_POINT ( 'NONE',  ( 25.50000000000000355, -11.00000000000000000, -0.2999999999999999889 ) ) ;
#822 = EDGE_LOOP ( 'NONE', ( #256, #603, #1217, #1303 ) ) ;
#823 = LINE ( 'NONE', #323, #994 ) ;
#824 = EDGE_CURVE ( 'NONE', #346, #1425, #1241, .T. ) ;
#825 = LINE ( 'NONE', #1317, #1046 ) ;
#826 = PLANE ( 'NONE',  #1157 ) ;
#827 = FACE_BOUND ( 'NONE', #209, .T. ) ;
#828 = CARTESIAN_POINT ( 'NONE',  ( -44.50000000000000711, 0.000000000000000000, 2.000000000000000000 ) ) ;
#829 = VECTOR ( 'NONE', #1245, 1000.000000000000000 ) ;
#830 = ORIENTED_EDGE ( 'NONE', *, *, #1556, .T. ) ;
#831 = EDGE_CURVE ( 'NONE', #522, #504, #1493, .T. ) ;
#832 = VECTOR ( 'NONE', #1182, 1000.000000000000000 ) ;
#833 = VERTEX_POINT ( 'NONE', #110 ) ;
#834 = CARTESIAN_POINT ( 'NONE',  ( 80.00000000000000000, 0.000000000000000000, 2.000000000000000000 ) ) ;
#835 = PRODUCT_DEFINITION_FORMATION_WITH_SPECIFIED_SOURCE ( '�', '', #637, .NOT_KNOWN. ) ;
#836 = PLANE ( 'NONE',  #572 ) ;
#837 = FACE_BOUND ( 'NONE', #1049, .T. ) ;
#838 = CARTESIAN_POINT ( 'NONE',  ( -44.50000000000000711, 11.00000000000000000, 0.000000000000000000 ) ) ;
#839 = UNCERTAINTY_MEASURE_WITH_UNIT (LENGTH_MEASURE( 1.000000000000000082E-05 ), #1275, 'distance_accuracy_value', 'NONE');
#840 = VERTEX_POINT ( 'NONE', #601 ) ;
#841 = ORIENTED_EDGE ( 'NONE', *, *, #602, .F. ) ;
#842 = PLANE ( 'NONE',  #1417 ) ;
#843 = EDGE_CURVE ( 'NONE', #816, #594, #116, .T. ) ;
#844 = PERSON_AND_ORGANIZATION ( #1304, #969 ) ;
#845 = FACE_BOUND ( 'NONE', #1618, .T. ) ;
#846 = CARTESIAN_POINT ( 'NONE',  ( 0.000000000000000000, -11.00000000000000000, 0.000000000000000000 ) ) ;
#847 = EDGE_LOOP ( 'NONE', ( #1430, #928, #1280, #68 ) ) ;
#848 = ORIENTED_EDGE ( 'NONE', *, *, #328, .F. ) ;
#849 = LINE ( 'NONE', #380, #675 ) ;
#850 = EDGE_CURVE ( 'NONE', #1159, #840, #615, .T. ) ;
#851 = LINE ( 'NONE', #605, #1573 ) ;
#852 = DIRECTION ( 'NONE',  ( -0.000000000000000000, 1.000000000000000000, 0.000000000000000000 ) ) ;
#853 = EDGE_CURVE ( 'NONE', #716, #582, #1121, .T. ) ;
#854 = ORIENTED_EDGE ( 'NONE', *, *, #609, .F. ) ;
#855 = DIRECTION ( 'NONE',  ( -0.000000000000000000, 1.000000000000000000, 0.000000000000000000 ) ) ;
#856 = VECTOR ( 'NONE', #612, 1000.000000000000000 ) ;
#857 = PRODUCT_DEFINITION_SHAPE ( 'NONE', 'NONE',  #1470 ) ;
#858 = VECTOR ( 'NONE', #499, 1000.000000000000000 ) ;
#859 = ORIENTED_EDGE ( 'NONE', *, *, #1320, .F. ) ;
#860 = DIRECTION ( 'NONE',  ( 0.000000000000000000, 0.000000000000000000, 1.000000000000000000 ) ) ;
#861 = VECTOR ( 'NONE', #1215, 1000.000000000000000 ) ;
#862 = VECTOR ( 'NONE', #1463, 1000.000000000000000 ) ;
#863 = LINE ( 'NONE', #1609, #856 ) ;
#864 = DIRECTION ( 'NONE',  ( 0.000000000000000000, -0.000000000000000000, 1.000000000000000000 ) ) ;
#865 = VERTEX_POINT ( 'NONE', #1248 ) ;
#866 = EDGE_CURVE ( 'NONE', #1159, #877, #123, .T. ) ;
#867 = DIRECTION ( 'NONE',  ( 0.000000000000000000, 0.000000000000000000, 1.000000000000000000 ) ) ;
#868 = VERTEX_POINT ( 'NONE', #651 ) ;
#869 = CARTESIAN_POINT ( 'NONE',  ( 27.50000000000000355, 0.000000000000000000, 2.000000000000000000 ) ) ;
#870 = DIRECTION ( 'NONE',  ( 0.000000000000000000, -1.000000000000000000, 0.000000000000000000 ) ) ;
#871 = CARTESIAN_POINT ( 'NONE',  ( -6.500000000000000888, 11.00000000000000000, -0.2999999999999999889 ) ) ;
#872 = EDGE_LOOP ( 'NONE', ( #1297, #854, #707, #999 ) ) ;
#873 = DIRECTION ( 'NONE',  ( 0.000000000000000000, 0.000000000000000000, 1.000000000000000000 ) ) ;
#874 = EDGE_CURVE ( 'NONE', #461, #1369, #31, .T. ) ;
#875 = APPLICATION_CONTEXT ( 'configuration controlled 3d designs of mechanical parts and assemblies' ) ;
#876 =( NAMED_UNIT ( * ) SI_UNIT ( $, .STERADIAN. ) SOLID_ANGLE_UNIT ( ) );
#877 = VERTEX_POINT ( 'NONE', #933 ) ;
#878 = CARTESIAN_POINT ( 'NONE',  ( -23.50000000000000000, -11.00000000000000000, 0.000000000000000000 ) ) ;
#879 = DIRECTION ( 'NONE',  ( 0.000000000000000000, 0.000000000000000000, 1.000000000000000000 ) ) ;
#880 = FACE_BOUND ( 'NONE', #1614, .T. ) ;
#881 = ORIENTED_EDGE ( 'NONE', *, *, #1404, .T. ) ;
#882 = DIRECTION ( 'NONE',  ( 1.000000000000000000, 0.000000000000000000, 0.000000000000000000 ) ) ;
#883 = ADVANCED_FACE ( 'NONE', ( #56 ), #767, .T. ) ;
#884 = DIRECTION ( 'NONE',  ( 0.000000000000000000, -1.000000000000000000, 0.000000000000000000 ) ) ;
#885 = AXIS2_PLACEMENT_3D ( 'NONE', #1081, #441, #322 ) ;
#886 = EDGE_LOOP ( 'NONE', ( #1477, #383 ) ) ;
#887 = CARTESIAN_POINT ( 'NONE',  ( -61.50000000000000711, 11.00000000000000000, -0.2999999999999999889 ) ) ;
#888 = VECTOR ( 'NONE', #257, 1000.000000000000000 ) ;
#889 = DIRECTION ( 'NONE',  ( 0.000000000000000000, 0.000000000000000000, 1.000000000000000000 ) ) ;
#890 = VECTOR ( 'NONE', #1176, 1000.000000000000000 ) ;
#891 = CARTESIAN_POINT ( 'NONE',  ( 44.50000000000000711, -11.00000000000000000, 0.000000000000000000 ) ) ;
#892 = EDGE_LOOP ( 'NONE', ( #200, #167, #859, #649 ) ) ;
#893 = CARTESIAN_POINT ( 'NONE',  ( 61.50000000000000711, 0.000000000000000000, 2.000000000000000000 ) ) ;
#894 = LINE ( 'NONE', #152, #1052 ) ;
#895 = EDGE_LOOP ( 'NONE', ( #252, #1322, #1299, #554 ) ) ;
#896 = CARTESIAN_POINT ( 'NONE',  ( -61.50000000000000711, -11.00000000000000000, 0.000000000000000000 ) ) ;
#897 = FACE_OUTER_BOUND ( 'NONE', #946, .T. ) ;
#898 = EDGE_CURVE ( 'NONE', #1187, #226, #436, .T. ) ;
#899 = CARTESIAN_POINT ( 'NONE',  ( 10.50000000000000000, -11.00000000000000000, 0.000000000000000000 ) ) ;
#900 = ORIENTED_EDGE ( 'NONE', *, *, #774, .T. ) ;
#901 = LINE ( 'NONE', #1034, #755 ) ;
#902 = DIRECTION ( 'NONE',  ( 1.000000000000000000, 0.000000000000000000, 0.000000000000000000 ) ) ;
#903 = EDGE_LOOP ( 'NONE', ( #25, #1428, #362, #222 ) ) ;
#904 = LINE ( 'NONE', #424, #1442 ) ;
#905 = CARTESIAN_POINT ( 'NONE',  ( 74.69999999999998863, -9.000000000000001776, 2.000000000000000000 ) ) ;
#906 = ADVANCED_FACE ( 'NONE', ( #909 ), #800, .F. ) ;
#907 = CARTESIAN_POINT ( 'NONE',  ( -57.50000000000000000, 0.000000000000000000, -0.2999999999999999889 ) ) ;
#908 = ORIENTED_EDGE ( 'NONE', *, *, #949, .T. ) ;
#909 = FACE_OUTER_BOUND ( 'NONE', #750, .T. ) ;
#910 = EDGE_LOOP ( 'NONE', ( #1134, #819, #1590, #1170 ) ) ;
#911 = LINE ( 'NONE', #1019, #1361 ) ;
#912 = DIRECTION ( 'NONE',  ( 1.000000000000000000, 0.000000000000000000, 0.000000000000000000 ) ) ;
#913 = VECTOR ( 'NONE', #60, 1000.000000000000000 ) ;
#914 = CARTESIAN_POINT ( 'NONE',  ( 0.000000000000000000, -11.00000000000000000, 2.000000000000000000 ) ) ;
#915 = VECTOR ( 'NONE', #1478, 1000.000000000000000 ) ;
#916 = ORIENTED_EDGE ( 'NONE', *, *, #1228, .T. ) ;
#917 = AXIS2_PLACEMENT_3D ( 'NONE', #547, #524, #1160 ) ;
#918 = CARTESIAN_POINT ( 'NONE',  ( -80.00000000000000000, 0.000000000000000000, 0.000000000000000000 ) ) ;
#919 = ADVANCED_FACE ( 'NONE', ( #1413 ), #1041, .F. ) ;
#920 = CALENDAR_DATE ( 2026, 25, 8 ) ;
#921 = ORIENTED_EDGE ( 'NONE', *, *, #1212, .F. ) ;
#922 = DIRECTION ( 'NONE',  ( -0.000000000000000000, 1.000000000000000000, 0.000000000000000000 ) ) ;
#923 = CARTESIAN_POINT ( 'NONE',  ( 8.500000000000000000, 11.00000000000000000, -0.2999999999999999889 ) ) ;
#924 = DIRECTION ( 'NONE',  ( 1.000000000000000000, 0.000000000000000000, -0.000000000000000000 ) ) ;
#925 = EDGE_LOOP ( 'NONE', ( #75, #1207 ) ) ;
#926 = DIRECTION ( 'NONE',  ( 0.000000000000000000, 0.000000000000000000, 1.000000000000000000 ) ) ;
#927 = ADVANCED_FACE ( 'NONE', ( #410 ), #299, .T. ) ;
#928 = ORIENTED_EDGE ( 'NONE', *, *, #189, .F. ) ;
#929 = ORIENTED_EDGE ( 'NONE', *, *, #109, .F. ) ;
#930 = LINE ( 'NONE', #1021, #207 ) ;
#931 = DIRECTION ( 'NONE',  ( 0.000000000000000000, 1.000000000000000000, 0.000000000000000000 ) ) ;
#932 = ORIENTED_EDGE ( 'NONE', *, *, #959, .F. ) ;
#933 = CARTESIAN_POINT ( 'NONE',  ( -57.50000000000000000, -11.00000000000000000, 0.000000000000000000 ) ) ;
#934 = PERSON_AND_ORGANIZATION_ROLE ( 'design_supplier' ) ;
#935 = EDGE_CURVE ( 'NONE', #1084, #1561, #151, .T. ) ;
#936 = ORIENTED_EDGE ( 'NONE', *, *, #1051, .F. ) ;
#937 = DIRECTION ( 'NONE',  ( 0.000000000000000000, 0.000000000000000000, 1.000000000000000000 ) ) ;
#938 = EDGE_CURVE ( 'NONE', #989, #1001, #901, .T. ) ;
#939 = CARTESIAN_POINT ( 'NONE',  ( 44.50000000000000711, 11.00000000000000000, 2.000000000000000000 ) ) ;
#940 = ORIENTED_EDGE ( 'NONE', *, *, #562, .T. ) ;
#941 = VECTOR ( 'NONE', #736, 1000.000000000000000 ) ;
#942 = DIRECTION ( 'NONE',  ( 0.000000000000000000, -1.000000000000000000, 0.000000000000000000 ) ) ;
#943 = VECTOR ( 'NONE', #1562, 1000.000000000000000 ) ;
#944 = AXIS2_PLACEMENT_3D ( 'NONE', #90, #196, #1324 ) ;
#945 = PERSON_AND_ORGANIZATION ( #1304, #969 ) ;
#946 = EDGE_LOOP ( 'NONE', ( #1115, #921, #1439, #1009 ) ) ;
#947 = DIRECTION ( 'NONE',  ( -0.000000000000000000, 1.000000000000000000, 0.000000000000000000 ) ) ;
#948 = FACE_OUTER_BOUND ( 'NONE', #544, .T. ) ;
#949 = EDGE_CURVE ( 'NONE', #577, #1187, #775, .T. ) ;
#950 = FACE_OUTER_BOUND ( 'NONE', #895, .T. ) ;
#951 = FACE_BOUND ( 'NONE', #97, .T. ) ;
#952 = ORIENTED_EDGE ( 'NONE', *, *, #1059, .T. ) ;
#953 = DIRECTION ( 'NONE',  ( 0.000000000000000000, -0.000000000000000000, 1.000000000000000000 ) ) ;
#954 = LINE ( 'NONE', #1086, #215 ) ;
#955 = LINE ( 'NONE', #1103, #1306 ) ;
#956 = EDGE_CURVE ( 'NONE', #1094, #205, #642, .T. ) ;
#957 = CARTESIAN_POINT ( 'NONE',  ( -73.00000000000000000, -9.000000000000001776, -0.2999999999999999889 ) ) ;
#958 = VERTEX_POINT ( 'NONE', #785 ) ;
#959 = EDGE_CURVE ( 'NONE', #162, #1527, #1406, .T. ) ;
#960 = EDGE_LOOP ( 'NONE', ( #466, #400, #194, #1376 ) ) ;
#961 = CARTESIAN_POINT ( 'NONE',  ( 23.50000000000000000, -11.00000000000000000, 0.000000000000000000 ) ) ;
#962 = CARTESIAN_POINT ( 'NONE',  ( -10.50000000000000000, -11.00000000000000000, -0.2999999999999999889 ) ) ;
#963 = VERTEX_POINT ( 'NONE', #1291 ) ;
#964 = DIRECTION ( 'NONE',  ( 0.000000000000000000, 0.000000000000000000, -1.000000000000000000 ) ) ;
#965 = ORIENTED_EDGE ( 'NONE', *, *, #573, .T. ) ;
#966 = VECTOR ( 'NONE', #373, 1000.000000000000000 ) ;
#967 = AXIS2_PLACEMENT_3D ( 'NONE', #583, #942, #684 ) ;
#968 = EDGE_CURVE ( 'NONE', #1425, #1090, #793, .T. ) ;
#969 = ORGANIZATION ( '未', '未', '' ) ;
#970 = ORIENTED_EDGE ( 'NONE', *, *, #1606, .F. ) ;
#971 = FACE_OUTER_BOUND ( 'NONE', #822, .T. ) ;
#972 = ORIENTED_EDGE ( 'NONE', *, *, #1431, .T. ) ;
#973 = LINE ( 'NONE', #1368, #1388 ) ;
#974 = EDGE_LOOP ( 'NONE', ( #432, #932, #881, #1035 ) ) ;
#975 = EDGE_CURVE ( 'NONE', #716, #682, #659, .T. ) ;
#976 = ORIENTED_EDGE ( 'NONE', *, *, #34, .T. ) ;
#977 = LINE ( 'NONE', #227, #991 ) ;
#978 = DIRECTION ( 'NONE',  ( 1.000000000000000000, 0.000000000000000000, 0.000000000000000000 ) ) ;
#979 = DIRECTION ( 'NONE',  ( 0.000000000000000000, 0.000000000000000000, 1.000000000000000000 ) ) ;
#980 = FACE_BOUND ( 'NONE', #332, .T. ) ;
#981 = VERTEX_POINT ( 'NONE', #314 ) ;
#982 = CARTESIAN_POINT ( 'NONE',  ( 0.000000000000000000, -11.00000000000000000, 2.000000000000000000 ) ) ;
#983 = ORIENTED_EDGE ( 'NONE', *, *, #1152, .T. ) ;
#984 = LINE ( 'NONE', #508, #1601 ) ;
#985 = CC_DESIGN_PERSON_AND_ORGANIZATION_ASSIGNMENT ( #945, #811, ( #835 ) ) ;
#986 = LINE ( 'NONE', #480, #1017 ) ;
#987 = ADVANCED_FACE ( 'NONE', ( #345 ), #92, .F. ) ;
#988 = CARTESIAN_POINT ( 'NONE',  ( 0.000000000000000000, 15.00000000000000000, 0.000000000000000000 ) ) ;
#989 = VERTEX_POINT ( 'NONE', #838 ) ;
#990 = CARTESIAN_POINT ( 'NONE',  ( -57.50000000000000000, 11.00000000000000000, -0.2999999999999999889 ) ) ;
#991 = VECTOR ( 'NONE', #595, 1000.000000000000000 ) ;
#992 = ORIENTED_EDGE ( 'NONE', *, *, #150, .F. ) ;
#993 = CARTESIAN_POINT ( 'NONE',  ( 59.50000000000000711, 11.00000000000000000, -0.2999999999999999889 ) ) ;
#994 = VECTOR ( 'NONE', #333, 1000.000000000000000 ) ;
#995 = VECTOR ( 'NONE', #884, 1000.000000000000000 ) ;
#996 = CARTESIAN_POINT ( 'NONE',  ( -10.50000000000000000, 0.000000000000000000, 0.000000000000000000 ) ) ;
#997 = EDGE_CURVE ( 'NONE', #205, #504, #239, .T. ) ;
#998 = FACE_BOUND ( 'NONE', #1511, .T. ) ;
#999 = ORIENTED_EDGE ( 'NONE', *, *, #1459, .F. ) ;
#1000 = LINE ( 'NONE', #377, #468 ) ;
#1001 = VERTEX_POINT ( 'NONE', #1595 ) ;
#1002 = DIRECTION ( 'NONE',  ( 0.000000000000000000, 0.000000000000000000, 1.000000000000000000 ) ) ;
#1003 = DIRECTION ( 'NONE',  ( 1.000000000000000000, 0.000000000000000000, -0.000000000000000000 ) ) ;
#1004 = CARTESIAN_POINT ( 'NONE',  ( -74.69999999999998863, 9.000000000000001776, 0.000000000000000000 ) ) ;
#1005 = ORIENTED_EDGE ( 'NONE', *, *, #874, .T. ) ;
#1006 = APPROVAL ( #776, '未' ) ;
#1007 = LINE ( 'NONE', #626, #420 ) ;
#1008 = APPLICATION_PROTOCOL_DEFINITION ( 'international standard', 'config_control_design', 1994, #875 ) ;
#1009 = ORIENTED_EDGE ( 'NONE', *, *, #535, .T. ) ;
#1010 = DIRECTION ( 'NONE',  ( 0.000000000000000000, -1.000000000000000000, 0.000000000000000000 ) ) ;
#1011 = LINE ( 'NONE', #1513, #1438 ) ;
#1012 = CARTESIAN_POINT ( 'NONE',  ( 10.50000000000000000, 0.000000000000000000, 2.000000000000000000 ) ) ;
#1013 = ORIENTED_EDGE ( 'NONE', *, *, #831, .F. ) ;
#1014 = CARTESIAN_POINT ( 'NONE',  ( 71.29999999999999716, -9.000000000000001776, -0.2999999999999999889 ) ) ;
#1015 = CARTESIAN_POINT ( 'NONE',  ( 0.000000000000000000, -11.00000000000000000, 2.000000000000000000 ) ) ;
#1016 = EDGE_CURVE ( 'NONE', #218, #816, #823, .T. ) ;
#1017 = VECTOR ( 'NONE', #11, 1000.000000000000000 ) ;
#1018 = EDGE_LOOP ( 'NONE', ( #916, #277, #1254, #1354 ) ) ;
#1019 = CARTESIAN_POINT ( 'NONE',  ( 0.000000000000000000, 11.00000000000000000, 0.000000000000000000 ) ) ;
#1020 = AXIS2_PLACEMENT_3D ( 'NONE', #187, #571, #953 ) ;
#1021 = CARTESIAN_POINT ( 'NONE',  ( 0.000000000000000000, 11.00000000000000000, 0.000000000000000000 ) ) ;
#1022 = VECTOR ( 'NONE', #1271, 1000.000000000000000 ) ;
#1023 = VECTOR ( 'NONE', #647, 1000.000000000000000 ) ;
#1024 = DIRECTION ( 'NONE',  ( -1.000000000000000000, -0.000000000000000000, 0.000000000000000000 ) ) ;
#1025 = ORIENTED_EDGE ( 'NONE', *, *, #516, .F. ) ;
#1026 = CARTESIAN_POINT ( 'NONE',  ( -23.50000000000000000, -11.00000000000000000, -0.2999999999999999889 ) ) ;
#1027 = CARTESIAN_POINT ( 'NONE',  ( 0.000000000000000000, 0.000000000000000000, 0.000000000000000000 ) ) ;
#1028 = VERTEX_POINT ( 'NONE', #474 ) ;
#1029 = CARTESIAN_POINT ( 'NONE',  ( -40.50000000000000000, -11.00000000000000000, 2.000000000000000000 ) ) ;
#1030 = ADVANCED_FACE ( 'NONE', ( #690 ), #1206, .F. ) ;
#1031 = FACE_OUTER_BOUND ( 'NONE', #379, .T. ) ;
#1032 = FACE_OUTER_BOUND ( 'NONE', #1018, .T. ) ;
#1033 = VERTEX_POINT ( 'NONE', #198 ) ;
#1034 = CARTESIAN_POINT ( 'NONE',  ( 0.000000000000000000, 11.00000000000000000, 0.000000000000000000 ) ) ;
#1035 = ORIENTED_EDGE ( 'NONE', *, *, #378, .T. ) ;
#1036 = DIRECTION ( 'NONE',  ( 1.000000000000000000, 0.000000000000000000, -0.000000000000000000 ) ) ;
#1037 = DIRECTION ( 'NONE',  ( -0.000000000000000000, 1.000000000000000000, 0.000000000000000000 ) ) ;
#1038 = LINE ( 'NONE', #1526, #1099 ) ;
#1039 = EDGE_CURVE ( 'NONE', #265, #1143, #1198, .T. ) ;
#1040 = ORIENTED_EDGE ( 'NONE', *, *, #741, .F. ) ;
#1041 = PLANE ( 'NONE',  #33 ) ;
#1042 = APPROVAL_ROLE ( '' ) ;
#1043 = ORIENTED_EDGE ( 'NONE', *, *, #1249, .T. ) ;
#1044 = DIRECTION ( 'NONE',  ( 0.000000000000000000, 0.000000000000000000, 1.000000000000000000 ) ) ;
#1045 = CARTESIAN_POINT ( 'NONE',  ( 73.00000000000000000, -9.000000000000001776, 2.000000000000000000 ) ) ;
#1046 = VECTOR ( 'NONE', #1085, 1000.000000000000000 ) ;
#1047 = LINE ( 'NONE', #47, #1050 ) ;
#1048 = VECTOR ( 'NONE', #855, 1000.000000000000000 ) ;
#1049 = EDGE_LOOP ( 'NONE', ( #773, #454, #313, #469 ) ) ;
#1050 = VECTOR ( 'NONE', #1553, 1000.000000000000000 ) ;
#1051 = EDGE_CURVE ( 'NONE', #840, #1450, #1603, .T. ) ;
#1052 = VECTOR ( 'NONE', #1149, 1000.000000000000000 ) ;
#1053 = APPROVAL_DATE_TIME ( #660, #1006 ) ;
#1054 = VERTEX_POINT ( 'NONE', #223 ) ;
#1055 = ORIENTED_EDGE ( 'NONE', *, *, #562, .F. ) ;
#1056 = DIRECTION ( 'NONE',  ( -1.000000000000000000, -0.000000000000000000, 0.000000000000000000 ) ) ;
#1057 = LINE ( 'NONE', #1560, #625 ) ;
#1058 = EDGE_LOOP ( 'NONE', ( #1596, #673, #9, #186 ) ) ;
#1059 = EDGE_CURVE ( 'NONE', #1293, #489, #1314, .T. ) ;
#1060 = APPROVAL_DATE_TIME ( #300, #1281 ) ;
#1061 = ADVANCED_FACE ( 'NONE', ( #192 ), #1191, .F. ) ;
#1062 = ORIENTED_EDGE ( 'NONE', *, *, #935, .F. ) ;
#1063 = CARTESIAN_POINT ( 'NONE',  ( 6.500000000000000888, 0.000000000000000000, -0.2999999999999999889 ) ) ;
#1064 = DIRECTION ( 'NONE',  ( 1.000000000000000000, 0.000000000000000000, 0.000000000000000000 ) ) ;
#1065 = EDGE_LOOP ( 'NONE', ( #1566, #1283, #1083, #79 ) ) ;
#1066 = LINE ( 'NONE', #697, #861 ) ;
#1067 = EDGE_CURVE ( 'NONE', #1346, #1084, #590, .T. ) ;
#1068 = ORIENTED_EDGE ( 'NONE', *, *, #34, .F. ) ;
#1069 = CARTESIAN_POINT ( 'NONE',  ( 80.00000000000000000, 0.000000000000000000, 0.000000000000000000 ) ) ;
#1070 = FACE_OUTER_BOUND ( 'NONE', #666, .T. ) ;
#1071 = FACE_BOUND ( 'NONE', #1384, .T. ) ;
#1072 = AXIS2_PLACEMENT_3D ( 'NONE', #1045, #541, #912 ) ;
#1073 = VECTOR ( 'NONE', #947, 1000.000000000000000 ) ;
#1074 = DIRECTION ( 'NONE',  ( 1.000000000000000000, 0.000000000000000000, 0.000000000000000000 ) ) ;
#1075 = VECTOR ( 'NONE', #809, 1000.000000000000000 ) ;
#1076 = AXIS2_PLACEMENT_3D ( 'NONE', #1080, #1318, #1310 ) ;
#1077 = ORIENTED_EDGE ( 'NONE', *, *, #975, .F. ) ;
#1078 = LINE ( 'NONE', #687, #782 ) ;
#1079 = EDGE_CURVE ( 'NONE', #877, #607, #1457, .T. ) ;
#1080 = CARTESIAN_POINT ( 'NONE',  ( 61.50000000000000711, 0.000000000000000000, -0.2999999999999999889 ) ) ;
#1081 = CARTESIAN_POINT ( 'NONE',  ( -10.50000000000000000, 0.000000000000000000, -0.2999999999999999889 ) ) ;
#1082 = CARTESIAN_POINT ( 'NONE',  ( -73.00000000000000000, -9.000000000000001776, 0.000000000000000000 ) ) ;
#1083 = ORIENTED_EDGE ( 'NONE', *, *, #672, .T. ) ;
#1084 = VERTEX_POINT ( 'NONE', #1446 ) ;
#1085 = DIRECTION ( 'NONE',  ( 0.000000000000000000, -1.000000000000000000, 0.000000000000000000 ) ) ;
#1086 = CARTESIAN_POINT ( 'NONE',  ( 23.50000000000000000, 0.000000000000000000, 0.000000000000000000 ) ) ;
#1087 = FACE_BOUND ( 'NONE', #269, .T. ) ;
#1088 = EDGE_CURVE ( 'NONE', #1175, #153, #1066, .T. ) ;
#1089 = DIRECTION ( 'NONE',  ( 1.000000000000000000, 0.000000000000000000, 0.000000000000000000 ) ) ;
#1090 = VERTEX_POINT ( 'NONE', #76 ) ;
#1091 = ORIENTED_EDGE ( 'NONE', *, *, #450, .T. ) ;
#1092 = LINE ( 'NONE', #1069, #1073 ) ;
#1093 = DIRECTION ( 'NONE',  ( 1.000000000000000000, 0.000000000000000000, 0.000000000000000000 ) ) ;
#1094 = VERTEX_POINT ( 'NONE', #1570 ) ;
#1095 = CARTESIAN_POINT ( 'NONE',  ( 0.000000000000000000, -11.00000000000000000, 0.000000000000000000 ) ) ;
#1096 = ORIENTED_EDGE ( 'NONE', *, *, #1594, .T. ) ;
#1097 = ADVANCED_FACE ( 'NONE', ( #442 ), #1335, .F. ) ;
#1098 = VECTOR ( 'NONE', #1044, 1000.000000000000000 ) ;
#1099 = VECTOR ( 'NONE', #1174, 1000.000000000000000 ) ;
#1100 = ORIENTED_EDGE ( 'NONE', *, *, #1051, .T. ) ;
#1101 = LINE ( 'NONE', #629, #1518 ) ;
#1102 = DIRECTION ( 'NONE',  ( 1.000000000000000000, 0.000000000000000000, -0.000000000000000000 ) ) ;
#1103 = CARTESIAN_POINT ( 'NONE',  ( 0.000000000000000000, 11.00000000000000000, 2.000000000000000000 ) ) ;
#1104 = LINE ( 'NONE', #1610, #1337 ) ;
#1105 = ORIENTED_EDGE ( 'NONE', *, *, #641, .T. ) ;
#1106 = LINE ( 'NONE', #747, #1123 ) ;
#1107 = EDGE_CURVE ( 'NONE', #963, #654, #216, .T. ) ;
#1108 = EDGE_CURVE ( 'NONE', #438, #349, #83, .T. ) ;
#1109 = ORIENTED_EDGE ( 'NONE', *, *, #328, .T. ) ;
#1110 = CARTESIAN_POINT ( 'NONE',  ( -23.50000000000000000, 0.000000000000000000, 2.000000000000000000 ) ) ;
#1111 = FACE_OUTER_BOUND ( 'NONE', #1197, .T. ) ;
#1112 = LINE ( 'NONE', #488, #832 ) ;
#1113 = ORIENTED_EDGE ( 'NONE', *, *, #367, .T. ) ;
#1114 = CARTESIAN_POINT ( 'NONE',  ( 0.000000000000000000, 15.00000000000000000, 2.000000000000000000 ) ) ;
#1115 = ORIENTED_EDGE ( 'NONE', *, *, #1128, .T. ) ;
#1116 = CARTESIAN_POINT ( 'NONE',  ( -40.50000000000000000, 0.000000000000000000, 2.000000000000000000 ) ) ;
#1117 = ADVANCED_FACE ( 'NONE', ( #951, #1588, #1452, #329, #459, #481, #980, #998, #231, #1239, #121, #880, #722 ), #1499, .T. ) ;
#1118 = FACE_OUTER_BOUND ( 'NONE', #124, .T. ) ;
#1119 = CARTESIAN_POINT ( 'NONE',  ( 73.00000000000000000, -9.000000000000001776, 0.000000000000000000 ) ) ;
#1120 = VERTEX_POINT ( 'NONE', #1004 ) ;
#1121 = LINE ( 'NONE', #1371, #521 ) ;
#1122 = AXIS2_PLACEMENT_3D ( 'NONE', #279, #1278, #771 ) ;
#1123 = VECTOR ( 'NONE', #133, 1000.000000000000000 ) ;
#1124 = ORIENTED_EDGE ( 'NONE', *, *, #1270, .F. ) ;
#1125 = CARTESIAN_POINT ( 'NONE',  ( -71.29999999999999716, -9.000000000000001776, 0.000000000000000000 ) ) ;
#1126 = AXIS2_PLACEMENT_3D ( 'NONE', #41, #182, #1429 ) ;
#1127 = AXIS2_PLACEMENT_3D ( 'NONE', #713, #61, #553 ) ;
#1128 = EDGE_CURVE ( 'NONE', #1054, #346, #1246, .T. ) ;
#1129 = CARTESIAN_POINT ( 'NONE',  ( 23.50000000000000000, -11.00000000000000000, 2.000000000000000000 ) ) ;
#1130 = CARTESIAN_POINT ( 'NONE',  ( 0.000000000000000000, -11.00000000000000000, 2.000000000000000000 ) ) ;
#1131 = ORIENTED_EDGE ( 'NONE', *, *, #1556, .F. ) ;
#1132 = CARTESIAN_POINT ( 'NONE',  ( 0.000000000000000000, 11.00000000000000000, 2.000000000000000000 ) ) ;
#1133 = CARTESIAN_POINT ( 'NONE',  ( 40.50000000000000000, -11.00000000000000000, 2.000000000000000000 ) ) ;
#1134 = ORIENTED_EDGE ( 'NONE', *, *, #721, .F. ) ;
#1135 = DIRECTION ( 'NONE',  ( 0.000000000000000000, 1.000000000000000000, 0.000000000000000000 ) ) ;
#1136 = LINE ( 'NONE', #1262, #1489 ) ;
#1137 = CARTESIAN_POINT ( 'NONE',  ( -73.00000000000000000, 9.000000000000001776, 0.000000000000000000 ) ) ;
#1138 = ORIENTED_EDGE ( 'NONE', *, *, #602, .T. ) ;
#1139 = MANIFOLD_SOLID_BREP ( 'Eight-slot fanless replaceable ventilation cassette', #519 ) ;
#1140 = EDGE_CURVE ( 'NONE', #868, #48, #1506, .T. ) ;
#1141 = FACE_OUTER_BOUND ( 'NONE', #531, .T. ) ;
#1142 = LINE ( 'NONE', #136, #1581 ) ;
#1143 = VERTEX_POINT ( 'NONE', #1383 ) ;
#1144 = LINE ( 'NONE', #1284, #1285 ) ;
#1145 = CARTESIAN_POINT ( 'NONE',  ( -10.50000000000000000, 11.00000000000000000, 2.000000000000000000 ) ) ;
#1146 = DIRECTION ( 'NONE',  ( 0.000000000000000000, 0.000000000000000000, 1.000000000000000000 ) ) ;
#1147 = EDGE_LOOP ( 'NONE', ( #1210, #1345, #475, #732 ) ) ;
#1148 = ADVANCED_FACE ( 'NONE', ( #129 ), #352, .T. ) ;
#1149 = DIRECTION ( 'NONE',  ( 0.000000000000000000, 1.000000000000000000, 0.000000000000000000 ) ) ;
#1150 = VECTOR ( 'NONE', #630, 1000.000000000000000 ) ;
#1151 = ORIENTED_EDGE ( 'NONE', *, *, #874, .F. ) ;
#1152 = EDGE_CURVE ( 'NONE', #1120, #1033, #973, .T. ) ;
#1153 = DIRECTION ( 'NONE',  ( 0.000000000000000000, 0.000000000000000000, 1.000000000000000000 ) ) ;
#1154 = VECTOR ( 'NONE', #36, 1000.000000000000000 ) ;
#1155 = CARTESIAN_POINT ( 'NONE',  ( 73.00000000000000000, 9.000000000000001776, -0.2999999999999999889 ) ) ;
#1156 = AXIS2_PLACEMENT_3D ( 'NONE', #1222, #99, #1326 ) ;
#1157 = AXIS2_PLACEMENT_3D ( 'NONE', #821, #1578, #1196 ) ;
#1158 = FACE_OUTER_BOUND ( 'NONE', #457, .T. ) ;
#1159 = VERTEX_POINT ( 'NONE', #19 ) ;
#1160 = DIRECTION ( 'NONE',  ( 0.000000000000000000, 0.000000000000000000, 1.000000000000000000 ) ) ;
#1161 = CC_DESIGN_DATE_AND_TIME_ASSIGNMENT ( #444, #42, ( #1470 ) ) ;
#1162 = COORDINATED_UNIVERSAL_TIME_OFFSET ( 8, 0, .AHEAD. ) ;
#1163 = ORIENTED_EDGE ( 'NONE', *, *, #621, .F. ) ;
#1164 = CARTESIAN_POINT ( 'NONE',  ( -80.00000000000000000, 15.00000000000000000, 2.000000000000000000 ) ) ;
#1165 = EDGE_CURVE ( 'NONE', #766, #833, #107, .T. ) ;
#1166 = DIRECTION ( 'NONE',  ( 0.000000000000000000, -0.000000000000000000, 1.000000000000000000 ) ) ;
#1167 = CARTESIAN_POINT ( 'NONE',  ( 0.000000000000000000, 11.00000000000000000, 2.000000000000000000 ) ) ;
#1168 = ORIENTED_EDGE ( 'NONE', *, *, #853, .T. ) ;
#1169 = CARTESIAN_POINT ( 'NONE',  ( -27.50000000000000355, 11.00000000000000000, -0.2999999999999999889 ) ) ;
#1170 = ORIENTED_EDGE ( 'NONE', *, *, #542, .F. ) ;
#1171 = CARTESIAN_POINT ( 'NONE',  ( 40.50000000000000000, 0.000000000000000000, 0.000000000000000000 ) ) ;
#1172 = CARTESIAN_POINT ( 'NONE',  ( 42.50000000000000000, -11.00000000000000000, -0.2999999999999999889 ) ) ;
#1173 = EDGE_CURVE ( 'NONE', #1561, #806, #1358, .T. ) ;
#1174 = DIRECTION ( 'NONE',  ( 0.000000000000000000, -1.000000000000000000, 0.000000000000000000 ) ) ;
#1175 = VERTEX_POINT ( 'NONE', #623 ) ;
#1176 = DIRECTION ( 'NONE',  ( -1.000000000000000000, -0.000000000000000000, 0.000000000000000000 ) ) ;
#1177 = APPROVAL_ROLE ( '' ) ;
#1178 = ORIENTED_EDGE ( 'NONE', *, *, #1404, .F. ) ;
#1179 = VECTOR ( 'NONE', #979, 1000.000000000000000 ) ;
#1180 = DIRECTION ( 'NONE',  ( -1.000000000000000000, -0.000000000000000000, 0.000000000000000000 ) ) ;
#1181 = CIRCLE ( 'NONE', #184, 1.699999999999993072 ) ;
#1182 = DIRECTION ( 'NONE',  ( 1.000000000000000000, 0.000000000000000000, 0.000000000000000000 ) ) ;
#1183 = AXIS2_PLACEMENT_3D ( 'NONE', #988, #852, #864 ) ;
#1184 = ORIENTED_EDGE ( 'NONE', *, *, #272, .T. ) ;
#1185 = CIRCLE ( 'NONE', #135, 1.699999999999993072 ) ;
#1186 = DIRECTION ( 'NONE',  ( 0.000000000000000000, 0.000000000000000000, 1.000000000000000000 ) ) ;
#1187 = VERTEX_POINT ( 'NONE', #240 ) ;
#1188 = DIRECTION ( 'NONE',  ( 1.000000000000000000, 0.000000000000000000, -0.000000000000000000 ) ) ;
#1189 = CYLINDRICAL_SURFACE ( 'NONE', #164, 1.699999999999993072 ) ;
#1190 = ORIENTED_EDGE ( 'NONE', *, *, #581, .T. ) ;
#1191 = PLANE ( 'NONE',  #1156 ) ;
#1192 = EDGE_CURVE ( 'NONE', #522, #1094, #1466, .T. ) ;
#1193 = APPROVAL_DATE_TIME ( #1563, #429 ) ;
#1194 = ORIENTED_EDGE ( 'NONE', *, *, #1431, .F. ) ;
#1195 = CARTESIAN_POINT ( 'NONE',  ( -40.50000000000000000, 0.000000000000000000, 0.000000000000000000 ) ) ;
#1196 = DIRECTION ( 'NONE',  ( 0.000000000000000000, 0.000000000000000000, -1.000000000000000000 ) ) ;
#1197 = EDGE_LOOP ( 'NONE', ( #1013, #1236, #473, #661 ) ) ;
#1198 = LINE ( 'NONE', #828, #1075 ) ;
#1199 = EDGE_CURVE ( 'NONE', #1028, #1415, #599, .T. ) ;
#1200 = EDGE_LOOP ( 'NONE', ( #14, #1542, #1243, #1432 ) ) ;
#1201 = CARTESIAN_POINT ( 'NONE',  ( -73.00000000000000000, 9.000000000000001776, 0.000000000000000000 ) ) ;
#1202 = FACE_OUTER_BOUND ( 'NONE', #1515, .T. ) ;
#1203 = FACE_BOUND ( 'NONE', #1522, .T. ) ;
#1204 = AXIS2_PLACEMENT_3D ( 'NONE', #1172, #1418, #803 ) ;
#1205 = VECTOR ( 'NONE', #73, 1000.000000000000000 ) ;
#1206 = PLANE ( 'NONE',  #213 ) ;
#1207 = ORIENTED_EDGE ( 'NONE', *, *, #126, .F. ) ;
#1208 = AXIS2_PLACEMENT_3D ( 'NONE', #503, #263, #248 ) ;
#1209 = VECTOR ( 'NONE', #212, 1000.000000000000000 ) ;
#1210 = ORIENTED_EDGE ( 'NONE', *, *, #1039, .T. ) ;
#1211 = PLANE ( 'NONE',  #1333 ) ;
#1212 = EDGE_CURVE ( 'NONE', #1604, #346, #1104, .T. ) ;
#1213 = LINE ( 'NONE', #1449, #188 ) ;
#1214 = ORIENTED_EDGE ( 'NONE', *, *, #23, .F. ) ;
#1215 = DIRECTION ( 'NONE',  ( 0.000000000000000000, -1.000000000000000000, 0.000000000000000000 ) ) ;
#1216 = ORIENTED_EDGE ( 'NONE', *, *, #516, .T. ) ;
#1217 = ORIENTED_EDGE ( 'NONE', *, *, #243, .T. ) ;
#1218 = CARTESIAN_POINT ( 'NONE',  ( -71.29999999999999716, 9.000000000000001776, 2.000000000000000000 ) ) ;
#1219 = APPLICATION_PROTOCOL_DEFINITION ( 'international standard', 'config_control_design', 1994, #479 ) ;
#1220 = EDGE_CURVE ( 'NONE', #1094, #522, #677, .T. ) ;
#1221 = FACE_BOUND ( 'NONE', #1507, .T. ) ;
#1222 = CARTESIAN_POINT ( 'NONE',  ( 57.50000000000000000, 0.000000000000000000, -0.2999999999999999889 ) ) ;
#1223 = EDGE_LOOP ( 'NONE', ( #965, #35, #628, #1005 ) ) ;
#1224 = EDGE_LOOP ( 'NONE', ( #686, #563, #372, #1491 ) ) ;
#1225 = CARTESIAN_POINT ( 'NONE',  ( 0.000000000000000000, 11.00000000000000000, 2.000000000000000000 ) ) ;
#1226 = LINE ( 'NONE', #1510, #472 ) ;
#1227 = ORIENTED_EDGE ( 'NONE', *, *, #1192, .F. ) ;
#1228 = EDGE_CURVE ( 'NONE', #48, #840, #359, .T. ) ;
#1229 = DIRECTION ( 'NONE',  ( 1.000000000000000000, 0.000000000000000000, 0.000000000000000000 ) ) ;
#1230 = AXIS2_PLACEMENT_3D ( 'NONE', #374, #534, #797 ) ;
#1231 = EDGE_LOOP ( 'NONE', ( #289, #395, #1435, #1496 ) ) ;
#1232 = VECTOR ( 'NONE', #1619, 1000.000000000000000 ) ;
#1233 = CARTESIAN_POINT ( 'NONE',  ( -44.50000000000000711, -11.00000000000000000, -0.2999999999999999889 ) ) ;
#1234 = AXIS2_PLACEMENT_3D ( 'NONE', #1302, #1410, #180 ) ;
#1235 = VECTOR ( 'NONE', #805, 1000.000000000000000 ) ;
#1236 = ORIENTED_EDGE ( 'NONE', *, *, #1192, .T. ) ;
#1237 = CARTESIAN_POINT ( 'NONE',  ( -74.69999999999998863, -9.000000000000001776, -0.2999999999999999889 ) ) ;
#1238 = DIRECTION ( 'NONE',  ( -1.000000000000000000, -0.000000000000000000, 0.000000000000000000 ) ) ;
#1239 = FACE_BOUND ( 'NONE', #1224, .T. ) ;
#1240 = VERTEX_POINT ( 'NONE', #1617 ) ;
#1241 = LINE ( 'NONE', #893, #1048 ) ;
#1242 = ADVANCED_FACE ( 'NONE', ( #1488 ), #255, .F. ) ;
#1243 = ORIENTED_EDGE ( 'NONE', *, *, #949, .F. ) ;
#1244 = LINE ( 'NONE', #261, #495 ) ;
#1245 = DIRECTION ( 'NONE',  ( 0.000000000000000000, 1.000000000000000000, 0.000000000000000000 ) ) ;
#1246 = LINE ( 'NONE', #745, #496 ) ;
#1247 = VERTEX_POINT ( 'NONE', #368 ) ;
#1248 = CARTESIAN_POINT ( 'NONE',  ( 6.500000000000000888, 11.00000000000000000, 2.000000000000000000 ) ) ;
#1249 = EDGE_CURVE ( 'NONE', #1365, #1120, #1311, .T. ) ;
#1250 = EDGE_LOOP ( 'NONE', ( #447, #539 ) ) ;
#1251 = CARTESIAN_POINT ( 'NONE',  ( 57.50000000000000000, -11.00000000000000000, -0.2999999999999999889 ) ) ;
#1252 = FACE_OUTER_BOUND ( 'NONE', #1147, .T. ) ;
#1253 = CARTESIAN_POINT ( 'NONE',  ( 0.000000000000000000, -11.00000000000000000, 2.000000000000000000 ) ) ;
#1254 = ORIENTED_EDGE ( 'NONE', *, *, #866, .T. ) ;
#1255 = AXIS2_PLACEMENT_3D ( 'NONE', #18, #1487, #1480 ) ;
#1256 = CARTESIAN_POINT ( 'NONE',  ( -27.50000000000000355, 11.00000000000000000, 0.000000000000000000 ) ) ;
#1257 = VECTOR ( 'NONE', #867, 1000.000000000000000 ) ;
#1258 = ORIENTED_EDGE ( 'NONE', *, *, #1519, .F. ) ;
#1259 = DIRECTION ( 'NONE',  ( -1.000000000000000000, -0.000000000000000000, 0.000000000000000000 ) ) ;
#1260 = AXIS2_PLACEMENT_3D ( 'NONE', #281, #639, #1289 ) ;
#1261 = AXIS2_PLACEMENT_3D ( 'NONE', #530, #1534, #1514 ) ;
#1262 = CARTESIAN_POINT ( 'NONE',  ( -71.29999999999999716, -9.000000000000001776, -0.2999999999999999889 ) ) ;
#1263 = EDGE_CURVE ( 'NONE', #1247, #1159, #1112, .T. ) ;
#1264 = DIRECTION ( 'NONE',  ( 0.000000000000000000, -1.000000000000000000, 0.000000000000000000 ) ) ;
#1265 = EDGE_LOOP ( 'NONE', ( #739, #1482, #584, #929 ) ) ;
#1266 = CARTESIAN_POINT ( 'NONE',  ( 44.50000000000000711, -11.00000000000000000, 2.000000000000000000 ) ) ;
#1267 = EDGE_LOOP ( 'NONE', ( #1316, #1456, #526, #585 ) ) ;
#1268 = FACE_OUTER_BOUND ( 'NONE', #1231, .T. ) ;
#1269 = LINE ( 'NONE', #1498, #1150 ) ;
#1270 = EDGE_CURVE ( 'NONE', #766, #658, #297, .T. ) ;
#1271 = DIRECTION ( 'NONE',  ( 0.000000000000000000, 0.000000000000000000, 1.000000000000000000 ) ) ;
#1272 = ORIENTED_EDGE ( 'NONE', *, *, #1282, .T. ) ;
#1273 = EDGE_CURVE ( 'NONE', #1574, #1293, #1047, .T. ) ;
#1274 = CARTESIAN_POINT ( 'NONE',  ( -61.50000000000000711, 0.000000000000000000, -0.2999999999999999889 ) ) ;
#1275 =( LENGTH_UNIT ( ) NAMED_UNIT ( * ) SI_UNIT ( .MILLI., .METRE. ) );
#1276 = ORIENTED_EDGE ( 'NONE', *, *, #1509, .T. ) ;
#1277 = PLANE ( 'NONE',  #648 ) ;
#1278 = DIRECTION ( 'NONE',  ( 0.000000000000000000, -1.000000000000000000, 0.000000000000000000 ) ) ;
#1279 = FACE_OUTER_BOUND ( 'NONE', #795, .T. ) ;
#1280 = ORIENTED_EDGE ( 'NONE', *, *, #1067, .T. ) ;
#1281 = APPROVAL ( #685, '未' ) ;
#1282 = EDGE_CURVE ( 'NONE', #343, #1033, #342, .T. ) ;
#1283 = ORIENTED_EDGE ( 'NONE', *, *, #774, .F. ) ;
#1284 = CARTESIAN_POINT ( 'NONE',  ( -44.50000000000000711, 11.00000000000000000, -0.2999999999999999889 ) ) ;
#1285 = VECTOR ( 'NONE', #1153, 1000.000000000000000 ) ;
#1286 = DIRECTION ( 'NONE',  ( 0.000000000000000000, 0.000000000000000000, 1.000000000000000000 ) ) ;
#1287 = VECTOR ( 'NONE', #306, 1000.000000000000000 ) ;
#1288 = CC_DESIGN_APPROVAL ( #1006, ( #1470 ) ) ;
#1289 = DIRECTION ( 'NONE',  ( 1.000000000000000000, 0.000000000000000000, 0.000000000000000000 ) ) ;
#1290 = ORIENTED_EDGE ( 'NONE', *, *, #117, .F. ) ;
#1291 = CARTESIAN_POINT ( 'NONE',  ( 23.50000000000000000, 11.00000000000000000, 0.000000000000000000 ) ) ;
#1292 = EDGE_CURVE ( 'NONE', #293, #62, #1296, .T. ) ;
#1293 = VERTEX_POINT ( 'NONE', #899 ) ;
#1294 = DIRECTION ( 'NONE',  ( 1.000000000000000000, 0.000000000000000000, 0.000000000000000000 ) ) ;
#1295 = FACE_OUTER_BOUND ( 'NONE', #709, .T. ) ;
#1296 = LINE ( 'NONE', #53, #1602 ) ;
#1297 = ORIENTED_EDGE ( 'NONE', *, *, #1412, .F. ) ;
#1298 = PERSON_AND_ORGANIZATION_ROLE ( 'classification_officer' ) ;
#1299 = ORIENTED_EDGE ( 'NONE', *, *, #109, .T. ) ;
#1300 = EDGE_CURVE ( 'NONE', #260, #217, #543, .T. ) ;
#1301 = CARTESIAN_POINT ( 'NONE',  ( 80.00000000000000000, -15.00000000000000000, 2.000000000000000000 ) ) ;
#1302 = CARTESIAN_POINT ( 'NONE',  ( 44.50000000000000711, 0.000000000000000000, -0.2999999999999999889 ) ) ;
#1303 = ORIENTED_EDGE ( 'NONE', *, *, #1564, .T. ) ;
#1304 = PERSON ( '未', '未', '未', ('未'), ('未'), ('未') ) ;
#1305 = CALENDAR_DATE ( 2026, 25, 8 ) ;
#1306 = VECTOR ( 'NONE', #1238, 1000.000000000000000 ) ;
#1307 = ORIENTED_EDGE ( 'NONE', *, *, #513, .F. ) ;
#1308 = CARTESIAN_POINT ( 'NONE',  ( 0.000000000000000000, 11.00000000000000000, 2.000000000000000000 ) ) ;
#1309 = CIRCLE ( 'NONE', #1549, 1.699999999999993072 ) ;
#1310 = DIRECTION ( 'NONE',  ( -0.000000000000000000, 0.000000000000000000, -1.000000000000000000 ) ) ;
#1311 = CIRCLE ( 'NONE', #1419, 1.699999999999993072 ) ;
#1312 = ADVANCED_FACE ( 'NONE', ( #1279 ), #415, .F. ) ;
#1313 = VERTEX_POINT ( 'NONE', #665 ) ;
#1314 = LINE ( 'NONE', #715, #266 ) ;
#1315 = PERSON_AND_ORGANIZATION ( #1304, #969 ) ;
#1316 = ORIENTED_EDGE ( 'NONE', *, *, #476, .T. ) ;
#1317 = CARTESIAN_POINT ( 'NONE',  ( -10.50000000000000000, 0.000000000000000000, 2.000000000000000000 ) ) ;
#1318 = DIRECTION ( 'NONE',  ( 1.000000000000000000, 0.000000000000000000, -0.000000000000000000 ) ) ;
#1319 = ORIENTED_EDGE ( 'NONE', *, *, #1594, .F. ) ;
#1320 = EDGE_CURVE ( 'NONE', #1415, #217, #520, .T. ) ;
#1321 = DIRECTION ( 'NONE',  ( 0.000000000000000000, 0.000000000000000000, 1.000000000000000000 ) ) ;
#1322 = ORIENTED_EDGE ( 'NONE', *, *, #1490, .F. ) ;
#1323 = DIRECTION ( 'NONE',  ( 0.000000000000000000, -1.000000000000000000, 0.000000000000000000 ) ) ;
#1324 = DIRECTION ( 'NONE',  ( 0.000000000000000000, -0.000000000000000000, 1.000000000000000000 ) ) ;
#1325 = EDGE_LOOP ( 'NONE', ( #16, #282, #1178, #1458 ) ) ;
#1326 = DIRECTION ( 'NONE',  ( 0.000000000000000000, 0.000000000000000000, 1.000000000000000000 ) ) ;
#1327 = EDGE_LOOP ( 'NONE', ( #735, #727, #309, #788 ) ) ;
#1328 = EDGE_CURVE ( 'NONE', #1574, #416, #407, .T. ) ;
#1329 = EDGE_LOOP ( 'NONE', ( #644, #992, #203, #940 ) ) ;
#1330 = CARTESIAN_POINT ( 'NONE',  ( 6.500000000000000888, -11.00000000000000000, 2.000000000000000000 ) ) ;
#1331 = CARTESIAN_POINT ( 'NONE',  ( 61.50000000000000711, 11.00000000000000000, 0.000000000000000000 ) ) ;
#1332 = FACE_BOUND ( 'NONE', #435, .T. ) ;
#1333 = AXIS2_PLACEMENT_3D ( 'NONE', #1063, #694, #455 ) ;
#1334 = VECTOR ( 'NONE', #1483, 1000.000000000000000 ) ;
#1335 = CYLINDRICAL_SURFACE ( 'NONE', #729, 1.699999999999993072 ) ;
#1336 = EDGE_LOOP ( 'NONE', ( #792, #1557, #1471, #841 ) ) ;
#1337 = VECTOR ( 'NONE', #1375, 1000.000000000000000 ) ;
#1338 =( GEOMETRIC_REPRESENTATION_CONTEXT ( 3 ) GLOBAL_UNCERTAINTY_ASSIGNED_CONTEXT ( ( #839 ) ) GLOBAL_UNIT_ASSIGNED_CONTEXT ( ( #1275, #96, #876 ) ) REPRESENTATION_CONTEXT ( 'NONE', 'WORKASPACE' ) );
#1339 = EDGE_CURVE ( 'NONE', #865, #412, #1038, .T. ) ;
#1340 = ORIENTED_EDGE ( 'NONE', *, *, #1165, .F. ) ;
#1341 = CARTESIAN_POINT ( 'NONE',  ( -61.50000000000000711, 0.000000000000000000, 2.000000000000000000 ) ) ;
#1342 = CARTESIAN_POINT ( 'NONE',  ( 42.50000000000000000, 11.00000000000000000, -0.2999999999999999889 ) ) ;
#1343 = ORIENTED_EDGE ( 'NONE', *, *, #1441, .F. ) ;
#1344 = DIRECTION ( 'NONE',  ( 0.000000000000000000, -1.000000000000000000, 0.000000000000000000 ) ) ;
#1345 = ORIENTED_EDGE ( 'NONE', *, *, #752, .F. ) ;
#1346 = VERTEX_POINT ( 'NONE', #891 ) ;
#1347 = CARTESIAN_POINT ( 'NONE',  ( -23.50000000000000000, 11.00000000000000000, -0.2999999999999999889 ) ) ;
#1348 = ADVANCED_FACE ( 'NONE', ( #1032 ), #426, .F. ) ;
#1349 = PERSON_AND_ORGANIZATION_ROLE ( 'design_owner' ) ;
#1350 = CARTESIAN_POINT ( 'NONE',  ( 0.000000000000000000, 0.000000000000000000, 0.000000000000000000 ) ) ;
#1351 = EDGE_CURVE ( 'NONE', #1240, #559, #1395, .T. ) ;
#1352 = DIRECTION ( 'NONE',  ( -1.000000000000000000, 0.000000000000000000, 0.000000000000000000 ) ) ;
#1353 = EDGE_LOOP ( 'NONE', ( #169, #746, #1396, #4 ) ) ;
#1354 = ORIENTED_EDGE ( 'NONE', *, *, #356, .T. ) ;
#1355 = CARTESIAN_POINT ( 'NONE',  ( 71.29999999999999716, -9.000000000000001776, 2.000000000000000000 ) ) ;
#1356 = CARTESIAN_POINT ( 'NONE',  ( -44.50000000000000711, 0.000000000000000000, -0.2999999999999999889 ) ) ;
#1357 = EDGE_CURVE ( 'NONE', #1187, #816, #1427, .T. ) ;
#1358 = LINE ( 'NONE', #1130, #784 ) ;
#1359 = AXIS2_PLACEMENT_3D ( 'NONE', #1356, #744, #381 ) ;
#1360 = ORIENTED_EDGE ( 'NONE', *, *, #1339, .T. ) ;
#1361 = VECTOR ( 'NONE', #1294, 1000.000000000000000 ) ;
#1362 = DIRECTION ( 'NONE',  ( 0.000000000000000000, -0.000000000000000000, 1.000000000000000000 ) ) ;
#1363 = AXIS2_PLACEMENT_3D ( 'NONE', #465, #1321, #1089 ) ;
#1364 = LOCAL_TIME ( 19, 6, 31.00000000000000000, #1437 ) ;
#1365 = VERTEX_POINT ( 'NONE', #156 ) ;
#1366 = DIRECTION ( 'NONE',  ( -1.000000000000000000, -0.000000000000000000, 0.000000000000000000 ) ) ;
#1367 = CARTESIAN_POINT ( 'NONE',  ( 44.50000000000000711, 11.00000000000000000, 0.000000000000000000 ) ) ;
#1368 = CARTESIAN_POINT ( 'NONE',  ( -74.69999999999998863, 9.000000000000001776, -0.2999999999999999889 ) ) ;
#1369 = VERTEX_POINT ( 'NONE', #772 ) ;
#1370 = EDGE_CURVE ( 'NONE', #50, #1369, #1541, .T. ) ;
#1371 = CARTESIAN_POINT ( 'NONE',  ( 0.000000000000000000, 11.00000000000000000, 0.000000000000000000 ) ) ;
#1372 = ORIENTED_EDGE ( 'NONE', *, *, #528, .T. ) ;
#1373 = DIRECTION ( 'NONE',  ( -0.000000000000000000, 1.000000000000000000, 0.000000000000000000 ) ) ;
#1374 = LINE ( 'NONE', #140, #592 ) ;
#1375 = DIRECTION ( 'NONE',  ( 0.000000000000000000, 0.000000000000000000, 1.000000000000000000 ) ) ;
#1376 = ORIENTED_EDGE ( 'NONE', *, *, #765, .T. ) ;
#1377 = LINE ( 'NONE', #1132, #888 ) ;
#1378 = DIRECTION ( 'NONE',  ( 0.000000000000000000, 0.000000000000000000, 1.000000000000000000 ) ) ;
#1379 = ADVANCED_FACE ( 'NONE', ( #798 ), #273, .F. ) ;
#1380 = ORIENTED_EDGE ( 'NONE', *, *, #555, .F. ) ;
#1381 = CARTESIAN_POINT ( 'NONE',  ( -40.50000000000000000, 11.00000000000000000, 2.000000000000000000 ) ) ;
#1382 = CYLINDRICAL_SURFACE ( 'NONE', #1255, 1.699999999999993072 ) ;
#1383 = CARTESIAN_POINT ( 'NONE',  ( -44.50000000000000711, -11.00000000000000000, 2.000000000000000000 ) ) ;
#1384 = EDGE_LOOP ( 'NONE', ( #145, #1227 ) ) ;
#1385 = VECTOR ( 'NONE', #1550, 1000.000000000000000 ) ;
#1386 = DIRECTION ( 'NONE',  ( 0.000000000000000000, 0.000000000000000000, 1.000000000000000000 ) ) ;
#1387 = AXIS2_PLACEMENT_3D ( 'NONE', #1567, #1591, #1584 ) ;
#1388 = VECTOR ( 'NONE', #1475, 1000.000000000000000 ) ;
#1389 = DIRECTION ( 'NONE',  ( 1.000000000000000000, 0.000000000000000000, -0.000000000000000000 ) ) ;
#1390 = ORIENTED_EDGE ( 'NONE', *, *, #1199, .T. ) ;
#1391 = DIRECTION ( 'NONE',  ( 0.000000000000000000, 0.000000000000000000, 1.000000000000000000 ) ) ;
#1392 = EDGE_CURVE ( 'NONE', #1476, #1425, #671, .T. ) ;
#1393 = LINE ( 'NONE', #271, #1179 ) ;
#1394 = ADVANCED_FACE ( 'NONE', ( #1158 ), #39, .F. ) ;
#1395 = LINE ( 'NONE', #1403, #596 ) ;
#1396 = ORIENTED_EDGE ( 'NONE', *, *, #787, .F. ) ;
#1397 = LINE ( 'NONE', #724, #1576 ) ;
#1398 = LINE ( 'NONE', #284, #995 ) ;
#1399 = EDGE_LOOP ( 'NONE', ( #1043, #983, #360, #1025 ) ) ;
#1400 = FACE_OUTER_BOUND ( 'NONE', #1223, .T. ) ;
#1401 = EDGE_CURVE ( 'NONE', #137, #416, #288, .T. ) ;
#1402 = PLANE ( 'NONE',  #1122 ) ;
#1403 = CARTESIAN_POINT ( 'NONE',  ( 0.000000000000000000, -11.00000000000000000, 0.000000000000000000 ) ) ;
#1404 = EDGE_CURVE ( 'NONE', #162, #65, #1455, .T. ) ;
#1405 = EDGE_LOOP ( 'NONE', ( #191, #1151, #94, #1113 ) ) ;
#1406 = LINE ( 'NONE', #667, #7 ) ;
#1407 = ORIENTED_EDGE ( 'NONE', *, *, #796, .F. ) ;
#1408 = CARTESIAN_POINT ( 'NONE',  ( -23.50000000000000000, 11.00000000000000000, 0.000000000000000000 ) ) ;
#1409 = LINE ( 'NONE', #790, #1385 ) ;
#1410 = DIRECTION ( 'NONE',  ( 1.000000000000000000, 0.000000000000000000, -0.000000000000000000 ) ) ;
#1411 = ORIENTED_EDGE ( 'NONE', *, *, #814, .F. ) ;
#1412 = EDGE_CURVE ( 'NONE', #1313, #423, #326, .T. ) ;
#1413 = FACE_OUTER_BOUND ( 'NONE', #1484, .T. ) ;
#1414 = CIRCLE ( 'NONE', #545, 1.699999999999993072 ) ;
#1415 = VERTEX_POINT ( 'NONE', #688 ) ;
#1416 = PLANE ( 'NONE',  #568 ) ;
#1417 = AXIS2_PLACEMENT_3D ( 'NONE', #80, #1188, #219 ) ;
#1418 = DIRECTION ( 'NONE',  ( 0.000000000000000000, -1.000000000000000000, 0.000000000000000000 ) ) ;
#1419 = AXIS2_PLACEMENT_3D ( 'NONE', #1137, #731, #1352 ) ;
#1420 = LOCAL_TIME ( 19, 6, 31.00000000000000000, #430 ) ;
#1421 = DIRECTION ( 'NONE',  ( 1.000000000000000000, 0.000000000000000000, 0.000000000000000000 ) ) ;
#1422 = ORIENTED_EDGE ( 'NONE', *, *, #1339, .F. ) ;
#1423 = ADVANCED_FACE ( 'NONE', ( #1070 ), #1585, .F. ) ;
#1424 = CALENDAR_DATE ( 2026, 25, 8 ) ;
#1425 = VERTEX_POINT ( 'NONE', #815 ) ;
#1426 = FACE_OUTER_BOUND ( 'NONE', #1558, .T. ) ;
#1427 = LINE ( 'NONE', #389, #106 ) ;
#1428 = ORIENTED_EDGE ( 'NONE', *, *, #653, .F. ) ;
#1429 = DIRECTION ( 'NONE',  ( -0.000000000000000000, 0.000000000000000000, -1.000000000000000000 ) ) ;
#1430 = ORIENTED_EDGE ( 'NONE', *, *, #1173, .T. ) ;
#1431 = EDGE_CURVE ( 'NONE', #1313, #500, #1592, .T. ) ;
#1432 = ORIENTED_EDGE ( 'NONE', *, *, #238, .F. ) ;
#1433 = CARTESIAN_POINT ( 'NONE',  ( 40.50000000000000000, 0.000000000000000000, -0.2999999999999999889 ) ) ;
#1434 = DIRECTION ( 'NONE',  ( -0.000000000000000000, 1.000000000000000000, 0.000000000000000000 ) ) ;
#1435 = ORIENTED_EDGE ( 'NONE', *, *, #1459, .T. ) ;
#1436 = DIRECTION ( 'NONE',  ( -1.000000000000000000, 0.000000000000000000, 0.000000000000000000 ) ) ;
#1437 = COORDINATED_UNIVERSAL_TIME_OFFSET ( 8, 0, .AHEAD. ) ;
#1438 = VECTOR ( 'NONE', #870, 1000.000000000000000 ) ;
#1439 = ORIENTED_EDGE ( 'NONE', *, *, #664, .T. ) ;
#1440 = CYLINDRICAL_SURFACE ( 'NONE', #81, 1.699999999999993072 ) ;
#1441 = EDGE_CURVE ( 'NONE', #1001, #464, #1213, .T. ) ;
#1442 = VECTOR ( 'NONE', #413, 1000.000000000000000 ) ;
#1443 = CARTESIAN_POINT ( 'NONE',  ( 73.00000000000000000, 9.000000000000001776, 2.000000000000000000 ) ) ;
#1444 = VECTOR ( 'NONE', #1074, 1000.000000000000000 ) ;
#1445 = ORIENTED_EDGE ( 'NONE', *, *, #1108, .F. ) ;
#1446 = CARTESIAN_POINT ( 'NONE',  ( 40.50000000000000000, -11.00000000000000000, 0.000000000000000000 ) ) ;
#1447 = VERTEX_POINT ( 'NONE', #580 ) ;
#1448 = DIRECTION ( 'NONE',  ( 1.000000000000000000, 0.000000000000000000, 0.000000000000000000 ) ) ;
#1449 = CARTESIAN_POINT ( 'NONE',  ( -40.50000000000000000, 11.00000000000000000, -0.2999999999999999889 ) ) ;
#1450 = VERTEX_POINT ( 'NONE', #82 ) ;
#1451 = ADVANCED_FACE ( 'NONE', ( #1202 ), #826, .F. ) ;
#1452 = FACE_BOUND ( 'NONE', #925, .T. ) ;
#1453 = EDGE_LOOP ( 'NONE', ( #1138, #532, #1091, #689 ) ) ;
#1454 = LINE ( 'NONE', #834, #336 ) ;
#1455 = LINE ( 'NONE', #574, #786 ) ;
#1456 = ORIENTED_EDGE ( 'NONE', *, *, #258, .F. ) ;
#1457 = LINE ( 'NONE', #818, #1579 ) ;
#1458 = ORIENTED_EDGE ( 'NONE', *, *, #683, .F. ) ;
#1459 = EDGE_CURVE ( 'NONE', #423, #963, #954, .T. ) ;
#1460 = ORIENTED_EDGE ( 'NONE', *, *, #672, .F. ) ;
#1461 = LINE ( 'NONE', #478, #726 ) ;
#1462 = CIRCLE ( 'NONE', #443, 1.699999999999993072 ) ;
#1463 = DIRECTION ( 'NONE',  ( 0.000000000000000000, 0.000000000000000000, 1.000000000000000000 ) ) ;
#1464 = VERTEX_POINT ( 'NONE', #74 ) ;
#1465 = VECTOR ( 'NONE', #937, 1000.000000000000000 ) ;
#1466 = CIRCLE ( 'NONE', #1208, 1.699999999999993072 ) ;
#1467 = DIRECTION ( 'NONE',  ( -1.000000000000000000, -0.000000000000000000, 0.000000000000000000 ) ) ;
#1468 = ORIENTED_EDGE ( 'NONE', *, *, #814, .T. ) ;
#1469 = CC_DESIGN_APPROVAL ( #429, ( #705 ) ) ;
#1470 = PRODUCT_DEFINITION ( '�', '', #835, #224 ) ;
#1471 = ORIENTED_EDGE ( 'NONE', *, *, #21, .F. ) ;
#1472 = CARTESIAN_POINT ( 'NONE',  ( -23.50000000000000000, 11.00000000000000000, 2.000000000000000000 ) ) ;
#1473 = CARTESIAN_POINT ( 'NONE',  ( 0.000000000000000000, 11.00000000000000000, 0.000000000000000000 ) ) ;
#1474 = ORIENTED_EDGE ( 'NONE', *, *, #1263, .T. ) ;
#1475 = DIRECTION ( 'NONE',  ( 0.000000000000000000, 0.000000000000000000, 1.000000000000000000 ) ) ;
#1476 = VERTEX_POINT ( 'NONE', #1331 ) ;
#1477 = ORIENTED_EDGE ( 'NONE', *, *, #997, .F. ) ;
#1478 = DIRECTION ( 'NONE',  ( 0.000000000000000000, 0.000000000000000000, 1.000000000000000000 ) ) ;
#1479 = ADVANCED_FACE ( 'NONE', ( #948 ), #312, .F. ) ;
#1480 = DIRECTION ( 'NONE',  ( 1.000000000000000000, 0.000000000000000000, 0.000000000000000000 ) ) ;
#1481 = DIRECTION ( 'NONE',  ( 1.000000000000000000, 0.000000000000000000, 0.000000000000000000 ) ) ;
#1482 = ORIENTED_EDGE ( 'NONE', *, *, #243, .F. ) ;
#1483 = DIRECTION ( 'NONE',  ( 1.000000000000000000, 0.000000000000000000, -0.000000000000000000 ) ) ;
#1484 = EDGE_LOOP ( 'NONE', ( #1109, #1214, #1096, #249 ) ) ;
#1485 = CARTESIAN_POINT ( 'NONE',  ( 71.29999999999999716, -9.000000000000001776, 0.000000000000000000 ) ) ;
#1486 = ADVANCED_FACE ( 'NONE', ( #695 ), #565, .F. ) ;
#1487 = DIRECTION ( 'NONE',  ( 0.000000000000000000, 0.000000000000000000, 1.000000000000000000 ) ) ;
#1488 = FACE_OUTER_BOUND ( 'NONE', #742, .T. ) ;
#1489 = VECTOR ( 'NONE', #388, 1000.000000000000000 ) ;
#1490 = EDGE_CURVE ( 'NONE', #559, #118, #1568, .T. ) ;
#1491 = ORIENTED_EDGE ( 'NONE', *, *, #573, .F. ) ;
#1492 = VECTOR ( 'NONE', #170, 1000.000000000000000 ) ;
#1493 = LINE ( 'NONE', #1014, #130 ) ;
#1494 = VECTOR ( 'NONE', #1229, 1000.000000000000000 ) ;
#1495 = VECTOR ( 'NONE', #24, 1000.000000000000000 ) ;
#1496 = ORIENTED_EDGE ( 'NONE', *, *, #150, .T. ) ;
#1497 = CARTESIAN_POINT ( 'NONE',  ( 27.50000000000000355, -11.00000000000000000, 2.000000000000000000 ) ) ;
#1498 = CARTESIAN_POINT ( 'NONE',  ( 80.00000000000000000, -15.00000000000000000, 0.000000000000000000 ) ) ;
#1499 = PLANE ( 'NONE',  #160 ) ;
#1500 = ORIENTED_EDGE ( 'NONE', *, *, #1490, .T. ) ;
#1501 = ADVANCED_FACE ( 'NONE', ( #341 ), #836, .F. ) ;
#1502 = DIRECTION ( 'NONE',  ( -0.000000000000000000, 1.000000000000000000, 0.000000000000000000 ) ) ;
#1503 = ORIENTED_EDGE ( 'NONE', *, *, #609, .T. ) ;
#1504 = DIRECTION ( 'NONE',  ( -0.000000000000000000, 1.000000000000000000, 0.000000000000000000 ) ) ;
#1505 = LINE ( 'NONE', #996, #829 ) ;
#1506 = LINE ( 'NONE', #1253, #1494 ) ;
#1507 = EDGE_LOOP ( 'NONE', ( #1258, #100, #515, #723 ) ) ;
#1508 = LINE ( 'NONE', #982, #620 ) ;
#1509 = EDGE_CURVE ( 'NONE', #1600, #293, #242, .T. ) ;
#1510 = CARTESIAN_POINT ( 'NONE',  ( 0.000000000000000000, -11.00000000000000000, 2.000000000000000000 ) ) ;
#1511 = EDGE_LOOP ( 'NONE', ( #802, #1422, #108, #197 ) ) ;
#1512 = FACE_OUTER_BOUND ( 'NONE', #1065, .T. ) ;
#1513 = CARTESIAN_POINT ( 'NONE',  ( 57.50000000000000000, 0.000000000000000000, 2.000000000000000000 ) ) ;
#1514 = DIRECTION ( 'NONE',  ( 0.000000000000000000, 0.000000000000000000, 1.000000000000000000 ) ) ;
#1515 = EDGE_LOOP ( 'NONE', ( #491, #1194, #174, #550 ) ) ;
#1516 = AXIS2_PLACEMENT_3D ( 'NONE', #262, #1003, #1616 ) ;
#1517 = DIRECTION ( 'NONE',  ( 0.000000000000000000, 0.000000000000000000, 1.000000000000000000 ) ) ;
#1518 = VECTOR ( 'NONE', #1135, 1000.000000000000000 ) ;
#1519 = EDGE_CURVE ( 'NONE', #461, #1464, #1057, .T. ) ;
#1520 = AXIS2_PLACEMENT_3D ( 'NONE', #1119, #632, #13 ) ;
#1521 = LINE ( 'NONE', #1473, #1495 ) ;
#1522 = EDGE_LOOP ( 'NONE', ( #1445, #1547 ) ) ;
#1523 = CARTESIAN_POINT ( 'NONE',  ( -27.50000000000000355, 11.00000000000000000, 2.000000000000000000 ) ) ;
#1524 = CC_DESIGN_SECURITY_CLASSIFICATION ( #705, ( #835 ) ) ;
#1525 = DIRECTION ( 'NONE',  ( 1.000000000000000000, 0.000000000000000000, 0.000000000000000000 ) ) ;
#1526 = CARTESIAN_POINT ( 'NONE',  ( 6.500000000000000888, 0.000000000000000000, 2.000000000000000000 ) ) ;
#1527 = VERTEX_POINT ( 'NONE', #440 ) ;
#1528 = DIRECTION ( 'NONE',  ( 0.000000000000000000, -1.000000000000000000, 0.000000000000000000 ) ) ;
#1529 = DIRECTION ( 'NONE',  ( 0.000000000000000000, 0.000000000000000000, 1.000000000000000000 ) ) ;
#1530 = ORIENTED_EDGE ( 'NONE', *, *, #1357, .T. ) ;
#1531 = DIRECTION ( 'NONE',  ( -0.000000000000000000, 0.000000000000000000, -1.000000000000000000 ) ) ;
#1532 = PLANE ( 'NONE',  #418 ) ;
#1533 = ADVANCED_FACE ( 'NONE', ( #681 ), #1189, .F. ) ;
#1534 = DIRECTION ( 'NONE',  ( -1.000000000000000000, -0.000000000000000000, 0.000000000000000000 ) ) ;
#1535 = EDGE_LOOP ( 'NONE', ( #369, #115, #578, #575 ) ) ;
#1536 = PERSON_AND_ORGANIZATION ( #1304, #969 ) ;
#1537 = ORIENTED_EDGE ( 'NONE', *, *, #232, .T. ) ;
#1538 = CARTESIAN_POINT ( 'NONE',  ( 27.50000000000000355, 11.00000000000000000, 2.000000000000000000 ) ) ;
#1539 = CARTESIAN_POINT ( 'NONE',  ( 0.000000000000000000, 15.00000000000000000, 0.000000000000000000 ) ) ;
#1540 = CC_DESIGN_PERSON_AND_ORGANIZATION_ASSIGNMENT ( #794, #1298, ( #705 ) ) ;
#1541 = LINE ( 'NONE', #914, #317 ) ;
#1542 = ORIENTED_EDGE ( 'NONE', *, *, #898, .F. ) ;
#1543 = DIRECTION ( 'NONE',  ( 0.000000000000000000, 0.000000000000000000, -1.000000000000000000 ) ) ;
#1544 = AXIS2_PLACEMENT_3D ( 'NONE', #1201, #339, #711 ) ;
#1545 = CALENDAR_DATE ( 2026, 25, 8 ) ;
#1546 = CIRCLE ( 'NONE', #725, 1.699999999999993072 ) ;
#1547 = ORIENTED_EDGE ( 'NONE', *, *, #232, .F. ) ;
#1548 = CARTESIAN_POINT ( 'NONE',  ( -71.29999999999999716, -9.000000000000001776, 2.000000000000000000 ) ) ;
#1549 = AXIS2_PLACEMENT_3D ( 'NONE', #267, #758, #143 ) ;
#1550 = DIRECTION ( 'NONE',  ( 0.000000000000000000, 0.000000000000000000, 1.000000000000000000 ) ) ;
#1551 = AXIS2_PLACEMENT_3D ( 'NONE', #756, #1264, #141 ) ;
#1552 = AXIS2_PLACEMENT_3D ( 'NONE', #1027, #1529, #902 ) ;
#1553 = DIRECTION ( 'NONE',  ( 0.000000000000000000, -1.000000000000000000, 0.000000000000000000 ) ) ;
#1554 = VERTEX_POINT ( 'NONE', #939 ) ;
#1555 = DIRECTION ( 'NONE',  ( -1.000000000000000000, -0.000000000000000000, 0.000000000000000000 ) ) ;
#1556 = EDGE_CURVE ( 'NONE', #122, #62, #1185, .T. ) ;
#1557 = ORIENTED_EDGE ( 'NONE', *, *, #437, .F. ) ;
#1558 = EDGE_LOOP ( 'NONE', ( #482, #1062, #511, #58 ) ) ;
#1559 = CARTESIAN_POINT ( 'NONE',  ( 80.00000000000000000, -15.00000000000000000, 0.000000000000000000 ) ) ;
#1560 = CARTESIAN_POINT ( 'NONE',  ( 0.000000000000000000, -11.00000000000000000, 0.000000000000000000 ) ) ;
#1561 = VERTEX_POINT ( 'NONE', #1133 ) ;
#1562 = DIRECTION ( 'NONE',  ( 0.000000000000000000, 0.000000000000000000, 1.000000000000000000 ) ) ;
#1563 = DATE_AND_TIME ( #411, #678 ) ;
#1564 = EDGE_CURVE ( 'NONE', #1240, #958, #1142, .T. ) ;
#1565 = EDGE_CURVE ( 'NONE', #682, #50, #1398, .T. ) ;
#1566 = ORIENTED_EDGE ( 'NONE', *, *, #968, .T. ) ;
#1567 = CARTESIAN_POINT ( 'NONE',  ( -73.00000000000000000, -9.000000000000001776, 2.000000000000000000 ) ) ;
#1568 = LINE ( 'NONE', #962, #862 ) ;
#1569 = FACE_BOUND ( 'NONE', #1265, .T. ) ;
#1570 = CARTESIAN_POINT ( 'NONE',  ( 74.69999999999998863, -9.000000000000001776, 0.000000000000000000 ) ) ;
#1571 = PERSON_AND_ORGANIZATION ( #1304, #969 ) ;
#1572 = EDGE_CURVE ( 'NONE', #1447, #1574, #1521, .T. ) ;
#1573 = VECTOR ( 'NONE', #730, 1000.000000000000000 ) ;
#1574 = VERTEX_POINT ( 'NONE', #402 ) ;
#1575 = CARTESIAN_POINT ( 'NONE',  ( 10.50000000000000000, 11.00000000000000000, 2.000000000000000000 ) ) ;
#1576 = VECTOR ( 'NONE', #384, 1000.000000000000000 ) ;
#1577 = ADVANCED_FACE ( 'NONE', ( #103 ), #719, .T. ) ;
#1578 = DIRECTION ( 'NONE',  ( 0.000000000000000000, -1.000000000000000000, 0.000000000000000000 ) ) ;
#1579 = VECTOR ( 'NONE', #560, 1000.000000000000000 ) ;
#1580 = FACE_OUTER_BOUND ( 'NONE', #1200, .T. ) ;
#1581 = VECTOR ( 'NONE', #1378, 1000.000000000000000 ) ;
#1582 = DIRECTION ( 'NONE',  ( -0.000000000000000000, -0.000000000000000000, -1.000000000000000000 ) ) ;
#1583 = ORIENTED_EDGE ( 'NONE', *, *, #555, .T. ) ;
#1584 = DIRECTION ( 'NONE',  ( 1.000000000000000000, 0.000000000000000000, 0.000000000000000000 ) ) ;
#1585 = PLANE ( 'NONE',  #944 ) ;
#1586 = EDGE_CURVE ( 'NONE', #118, #958, #1226, .T. ) ;
#1587 = ORIENTED_EDGE ( 'NONE', *, *, #1300, .F. ) ;
#1588 = FACE_BOUND ( 'NONE', #886, .T. ) ;
#1589 = ORIENTED_EDGE ( 'NONE', *, *, #321, .F. ) ;
#1590 = ORIENTED_EDGE ( 'NONE', *, *, #251, .F. ) ;
#1591 = DIRECTION ( 'NONE',  ( 0.000000000000000000, 0.000000000000000000, 1.000000000000000000 ) ) ;
#1592 = LINE ( 'NONE', #451, #1209 ) ;
#1593 = DIRECTION ( 'NONE',  ( -0.000000000000000000, 0.000000000000000000, -1.000000000000000000 ) ) ;
#1594 = EDGE_CURVE ( 'NONE', #607, #1247, #894, .T. ) ;
#1595 = CARTESIAN_POINT ( 'NONE',  ( -40.50000000000000000, 11.00000000000000000, 0.000000000000000000 ) ) ;
#1596 = ORIENTED_EDGE ( 'NONE', *, *, #467, .T. ) ;
#1597 = EDGE_LOOP ( 'NONE', ( #87, #498, #1216, #1272 ) ) ;
#1598 = CARTESIAN_POINT ( 'NONE',  ( 61.50000000000000711, -11.00000000000000000, 2.000000000000000000 ) ) ;
#1599 = AXIS2_PLACEMENT_3D ( 'NONE', #1350, #1593, #230 ) ;
#1600 = VERTEX_POINT ( 'NONE', #144 ) ;
#1601 = VECTOR ( 'NONE', #1615, 1000.000000000000000 ) ;
#1602 = VECTOR ( 'NONE', #28, 1000.000000000000000 ) ;
#1603 = LINE ( 'NONE', #204, #650 ) ;
#1604 = VERTEX_POINT ( 'NONE', #259 ) ;
#1605 = APPROVAL_PERSON_ORGANIZATION ( #1571, #1006, #1042 ) ;
#1606 = EDGE_CURVE ( 'NONE', #153, #500, #627, .T. ) ;
#1607 = ORIENTED_EDGE ( 'NONE', *, *, #721, .T. ) ;
#1608 = LINE ( 'NONE', #17, #915 ) ;
#1609 = CARTESIAN_POINT ( 'NONE',  ( 80.00000000000000000, 15.00000000000000000, 0.000000000000000000 ) ) ;
#1610 = CARTESIAN_POINT ( 'NONE',  ( 61.50000000000000711, -11.00000000000000000, -0.2999999999999999889 ) ) ;
#1611 = EDGE_LOOP ( 'NONE', ( #1307, #1537, #783, #777 ) ) ;
#1612 = LINE ( 'NONE', #1114, #1334 ) ;
#1613 = ADVANCED_FACE ( 'NONE', ( #268 ), #276, .F. ) ;
#1614 = EDGE_LOOP ( 'NONE', ( #93, #848, #936, #635 ) ) ;
#1615 = DIRECTION ( 'NONE',  ( 0.000000000000000000, 1.000000000000000000, 0.000000000000000000 ) ) ;
#1616 = DIRECTION ( 'NONE',  ( -0.000000000000000000, 0.000000000000000000, -1.000000000000000000 ) ) ;
#1617 = CARTESIAN_POINT ( 'NONE',  ( -6.500000000000000888, -11.00000000000000000, 0.000000000000000000 ) ) ;
#1618 = EDGE_LOOP ( 'NONE', ( #1340, #142, #351, #1040 ) ) ;
#1619 = DIRECTION ( 'NONE',  ( -0.000000000000000000, 1.000000000000000000, 0.000000000000000000 ) ) ;
#1620 = ORIENTED_EDGE ( 'NONE', *, *, #63, .T. ) ;
#1621 = CARTESIAN_POINT ( 'NONE',  ( -80.00000000000000000, 15.00000000000000000, 0.000000000000000000 ) ) ;
ENDSEC;
END-ISO-10303-21;
